signal_time,entry_time,exit_time,exit_idx,direction,entry_price,gross_profit_bps,net_profit_bps,mfe_bps,mae_bps,exit_bar,exit_reason,is_reentry
2024-01-01 09:30:00,2024-01-01 09:45:00,2024-01-01 11:30:00,46,LONG,42639.02,8.933591813320902,0.933591813320902,28.933591813320902,-7.929356725365094,7,TRAILING_STOP,False
2024-01-01 12:00:00,2024-01-01 12:15:00,2024-01-01 12:45:00,51,LONG,42626.52,16.005754164309735,8.005754164309735,36.005754164309735,0.0,2,TRAILING_STOP,True
2024-01-01 18:00:00,2024-01-01 18:15:00,2024-01-01 20:00:00,80,LONG,43104.15,131.48889376080862,123.48889376080862,151.48889376080862,-19.78695786832611,7,TRAILING_STOP,False
2024-01-01 20:30:00,2024-01-01 20:45:00,2024-01-01 23:15:00,93,LONG,43799.99,43.37900533767245,35.37900533767245,45.664393987305026,-100.08906394727474,10,TIME_EXIT,True
2024-01-02 00:00:00,2024-01-02 00:15:00,2024-01-02 00:45:00,99,LONG,44630.1,107.69408986311961,99.69408986311961,127.69408986311961,-17.069197693933084,2,TRAILING_STOP,False
2024-01-02 01:15:00,2024-01-02 01:30:00,2024-01-02 03:00:00,108,LONG,44930.24,100.00603602384548,92.00603602384548,120.00603602384548,-54.359825364831785,6,TRAILING_STOP,True
2024-01-02 08:15:00,2024-01-02 08:30:00,2024-01-02 09:00:00,132,LONG,45748.53,8.65665847623925,0.6566584762392509,28.65665847623925,-37.68427094815974,2,TRAILING_STOP,False
2024-01-02 09:30:00,2024-01-02 09:45:00,2024-01-02 10:30:00,138,LONG,45660.88,-9.001526032787549,-17.00152603278755,10.998473967212451,-30.32793060492832,3,TRAILING_STOP,True
2024-01-02 14:45:00,2024-01-02 15:00:00,2024-01-02 15:15:00,157,SHORT,45258.73,63.99291584187215,55.99291584187215,93.99291584187215,0.0,1,TRAILING_STOP,False
2024-01-03 07:45:00,2024-01-03 08:00:00,2024-01-03 10:30:00,234,SHORT,45011.77,-12.996600666892238,-20.99660066689224,0.0,-108.46718536062974,10,TIME_EXIT,False
2024-01-03 11:00:00,2024-01-03 11:15:00,2024-01-03 11:30:00,238,SHORT,44736.81,72.39219112851357,64.39219112851357,102.39219112851357,0.0,1,TRAILING_STOP,False
2024-01-03 12:00:00,2024-01-03 12:15:00,2024-01-03 14:45:00,251,SHORT,41883.98,-70.67379938582597,-78.67379938582597,0.0,-223.69889394465258,10,TIME_EXIT,True
2024-01-04 07:00:00,2024-01-04 07:15:00,2024-01-04 07:30:00,318,SHORT,43099.93,35.763447875669954,27.763447875669954,65.76344787566995,-17.36893772217277,1,TRAILING_STOP,False
2024-01-04 08:00:00,2024-01-04 08:15:00,2024-01-04 09:15:00,325,SHORT,42859.3,-11.310940682650948,-19.310940682650948,18.689059317349052,-39.71366774538994,4,TRAILING_STOP,True
2024-01-04 14:45:00,2024-01-04 15:00:00,2024-01-04 15:30:00,350,LONG,43676.07,129.7204304324996,121.7204304324996,149.7204304324996,0.0,2,TRAILING_STOP,False
2024-01-04 16:00:00,2024-01-04 16:15:00,2024-01-04 16:45:00,355,LONG,43928.01,3.203873792598454,-4.796126207401546,23.203873792598454,-34.180924653769075,2,TRAILING_STOP,True
2024-01-04 20:30:00,2024-01-04 20:45:00,2024-01-04 21:00:00,372,LONG,44328.9,38.68406389511118,30.68406389511118,58.68406389511118,-48.55297559831243,1,TRAILING_STOP,False
2024-01-04 21:30:00,2024-01-04 21:45:00,2024-01-04 22:15:00,377,LONG,44257.6,86.64383066411264,78.64383066411264,106.64383066411264,0.0,2,TRAILING_STOP,True
2024-01-05 01:45:00,2024-01-05 02:00:00,2024-01-05 02:30:00,394,SHORT,43376.0,-12.939874585023976,-20.939874585023976,17.060125414976024,-67.91313168572522,2,TRAILING_STOP,False
2024-01-05 03:00:00,2024-01-05 03:15:00,2024-01-05 04:15:00,401,SHORT,43609.26,66.62397389912203,58.623973899122035,96.62397389912203,0.0,4,TRAILING_STOP,True
2024-01-05 09:00:00,2024-01-05 09:15:00,2024-01-05 09:30:00,422,LONG,44049.71,10.713028530721513,2.7130285307215125,30.713028530721513,-19.45075234320505,1,TRAILING_STOP,False
2024-01-05 10:00:00,2024-01-05 10:15:00,2024-01-05 12:15:00,433,LONG,44007.85,3.2276741535887723,-4.772325846411228,23.227674153588772,-130.62442268822463,8,TRAILING_STOP,True
2024-01-05 14:30:00,2024-01-05 14:45:00,2024-01-05 15:00:00,444,SHORT,43617.83,-0.04665293986393948,-8.04665293986394,29.95334706013606,-42.017220939234434,1,TRAILING_STOP,False
2024-01-05 20:45:00,2024-01-05 21:00:00,2024-01-05 22:15:00,473,LONG,43955.07,-11.664215299850639,-19.66421529985064,8.335784700149361,-54.7536382037381,5,TRAILING_STOP,False
2024-01-05 22:45:00,2024-01-05 23:00:00,2024-01-05 23:15:00,477,LONG,43967.44,41.283986513655805,33.283986513655805,61.283986513655805,0.0,1,TRAILING_STOP,True
2024-01-06 05:15:00,2024-01-06 05:30:00,2024-01-06 07:15:00,509,SHORT,43673.99,33.41073943553018,25.410739435530182,63.41073943553018,-16.03013601459405,7,TRAILING_STOP,False
2024-01-06 07:45:00,2024-01-06 08:00:00,2024-01-06 09:00:00,516,SHORT,43653.2,-12.548816581602196,-20.548816581602196,17.451183418397804,-20.885066845043553,4,TRAILING_STOP,True
2024-01-06 18:45:00,2024-01-06 19:00:00,2024-01-06 20:00:00,560,SHORT,43995.89,57.439985871406876,49.439985871406876,87.43998587140688,0.0,4,TRAILING_STOP,False
2024-01-07 00:30:00,2024-01-07 00:45:00,2024-01-07 03:15:00,589,LONG,44160.19,-45.389297464526834,-53.389297464526834,0.0,-74.00104030349526,10,TIME_EXIT,False
2024-01-07 06:00:00,2024-01-07 06:15:00,2024-01-07 08:45:00,611,LONG,44017.7,14.102190709646479,6.102190709646479,34.10219070964648,-13.876236150456402,10,TRAILING_STOP,False
2024-01-07 09:15:00,2024-01-07 09:30:00,2024-01-07 12:00:00,624,LONG,43973.72,15.982273048538726,7.982273048538726,32.85371353617596,-21.164913953151952,10,TIME_EXIT,True
2024-01-07 13:15:00,2024-01-07 13:30:00,2024-01-07 14:00:00,632,LONG,44386.49,1.200144458369774,-6.799855541630226,21.200144458369774,-18.38397224020159,2,TRAILING_STOP,False
2024-01-07 14:30:00,2024-01-07 14:45:00,2024-01-07 15:15:00,637,LONG,44398.45,-12.64613967379459,-20.64613967379459,7.35386032620541,-57.080821515165574,2,TRAILING_STOP,True
2024-01-07 22:15:00,2024-01-07 22:30:00,2024-01-07 23:00:00,668,SHORT,43977.01,4.836383828733325,-3.163616171266675,34.836383828733325,-10.91024605810989,2,TRAILING_STOP,False
2024-01-07 23:30:00,2024-01-07 23:45:00,2024-01-08 01:00:00,676,SHORT,43620.0,-27.764786795048142,-35.76478679504814,2.2352132049518567,-83.90646492434662,5,TRAILING_STOP,True
2024-01-08 02:45:00,2024-01-08 03:00:00,2024-01-08 03:30:00,686,SHORT,43371.09,3.6837280317364645,-4.3162719682635355,33.683728031736464,-28.339154030946307,2,TRAILING_STOP,False
2024-01-08 04:00:00,2024-01-08 04:15:00,2024-01-08 05:45:00,695,SHORT,43505.89,-22.899811956496137,-30.899811956496137,7.100188043503861,-33.12425053251424,6,TRAILING_STOP,True
2024-01-08 06:15:00,2024-01-08 06:30:00,2024-01-08 09:00:00,708,LONG,44146.8,-62.45073255592803,-70.45073255592803,0.0,-81.98555727708516,10,TIME_EXIT,False
2024-01-08 11:45:00,2024-01-08 12:00:00,2024-01-08 12:15:00,721,LONG,44636.0,106.35540819069809,98.35540819069809,126.35540819069809,-64.07384174209159,1,TRAILING_STOP,False
2024-01-08 12:45:00,2024-01-08 13:00:00,2024-01-08 13:30:00,726,LONG,45111.1,-9.075859378290746,-17.075859378290744,10.924140621709254,-39.67981272901791,2,TRAILING_STOP,True
2024-01-08 18:00:00,2024-01-08 18:15:00,2024-01-08 19:00:00,748,LONG,45891.1,275.8939750844934,267.8939750844934,295.8939750844934,0.0,3,TRAILING_STOP,False
2024-01-08 19:30:00,2024-01-08 19:45:00,2024-01-08 20:30:00,754,LONG,46810.01,51.16853852413179,43.16853852413179,71.16853852413179,-2.138431502151364,3,TRAILING_STOP,True
2024-01-09 00:30:00,2024-01-09 00:45:00,2024-01-09 01:00:00,772,SHORT,46670.0,-15.001071352046283,-23.00107135204628,14.998928647953717,-20.469252196271444,1,TRAILING_STOP,False
2024-01-09 10:45:00,2024-01-09 11:00:00,2024-01-09 12:45:00,819,SHORT,46441.88,183.5744720067313,175.5744720067313,213.5744720067313,-120.17601354639447,7,TRAILING_STOP,False
2024-01-09 13:00:00,2024-01-09 13:15:00,2024-01-09 13:30:00,822,LONG,46559.76,23.866205495904182,15.866205495904182,43.86620549590418,0.0,1,TRAILING_STOP,False
2024-01-09 14:00:00,2024-01-09 14:15:00,2024-01-09 15:45:00,831,LONG,46833.0,17.793863301518158,9.793863301518158,37.79386330151816,-86.19776653214664,6,TRAILING_STOP,True
2024-01-09 21:00:00,2024-01-09 21:15:00,2024-01-09 23:45:00,863,LONG,47914.25,-376.5581220618083,-384.5581220618083,0.0,-555.4214038621083,10,TIME_EXIT,False
2024-01-10 08:45:00,2024-01-10 09:00:00,2024-01-10 11:30:00,910,SHORT,45329.94,-34.385662103235816,-42.385662103235816,0.0,-88.49780079126427,10,TIME_EXIT,False
2024-01-10 11:45:00,2024-01-10 12:00:00,2024-01-10 14:30:00,922,LONG,45515.88,-96.92441407262613,-104.92441407262613,0.0,-267.0540479498577,10,TIME_EXIT,False
2024-01-10 17:30:00,2024-01-10 17:45:00,2024-01-10 18:00:00,936,LONG,46280.0,56.4606741573035,48.4606741573035,76.4606741573035,-95.0734658599827,1,TRAILING_STOP,False
2024-01-10 18:30:00,2024-01-10 18:45:00,2024-01-10 19:00:00,940,LONG,46291.2,60.965712705655264,52.965712705655264,80.96571270565526,-53.46804576247641,1,TRAILING_STOP,True
2024-01-10 20:00:00,2024-01-10 20:15:00,2024-01-10 20:30:00,946,SHORT,45548.56,90.43410373456322,82.43410373456322,120.43410373456322,-154.87866136712213,1,TRAILING_STOP,False
2024-01-10 21:00:00,2024-01-10 21:15:00,2024-01-10 21:30:00,950,SHORT,46015.03,173.2009975870925,165.2009975870925,203.2009975870925,0.0,1,TRAILING_STOP,True
2024-01-10 23:00:00,2024-01-10 23:15:00,2024-01-11 01:45:00,967,LONG,47481.99,-205.35154486995927,-213.35154486995927,0.0,-249.67993127499477,10,TIME_EXIT,False
2024-01-11 11:15:00,2024-01-11 11:30:00,2024-01-11 12:00:00,1008,LONG,47073.2,2.0167738755808884,-5.983226124419112,22.01677387558089,-31.463762820458474,2,TRAILING_STOP,False
2024-01-11 12:30:00,2024-01-11 12:45:00,2024-01-11 13:00:00,1012,LONG,47287.43,14.302984958158888,6.302984958158888,34.30298495815889,-27.349762928541846,1,TRAILING_STOP,True
2024-01-11 13:30:00,2024-01-11 13:45:00,2024-01-11 15:30:00,1022,SHORT,47038.12,2.5523213937977545,-5.4476786062022455,32.552321393797754,-410.59464111235746,7,TRAILING_STOP,False
2024-01-11 16:00:00,2024-01-11 16:15:00,2024-01-11 16:30:00,1026,SHORT,46087.99,24.330857127855104,16.330857127855104,54.330857127855104,-76.10876499495944,1,TRAILING_STOP,True
2024-01-12 07:45:00,2024-01-12 08:00:00,2024-01-12 09:45:00,1095,LONG,46008.19,-5.187419891981369,-13.187419891981369,14.812580108018631,-102.33395401992551,7,TRAILING_STOP,False
2024-01-12 14:30:00,2024-01-12 14:45:00,2024-01-12 15:15:00,1117,SHORT,45289.99,111.06649173470768,103.06649173470768,141.06649173470768,-37.37912064012398,2,TRAILING_STOP,False
2024-01-12 15:45:00,2024-01-12 16:00:00,2024-01-12 16:15:00,1121,SHORT,44462.0,115.73793351626179,107.73793351626179,145.7379335162618,0.0,1,TRAILING_STOP,True
2024-01-12 16:30:00,2024-01-12 16:45:00,2024-01-12 17:00:00,1124,SHORT,43571.45,-1.022309333291691,-9.022309333291691,28.97769066670831,-46.486862383510974,1,TRAILING_STOP,False
2024-01-12 17:30:00,2024-01-12 17:45:00,2024-01-12 18:00:00,1128,SHORT,43566.59,42.66806972957869,34.66806972957869,72.66806972957869,-82.3199612363526,1,TRAILING_STOP,True
2024-01-12 22:00:00,2024-01-12 22:15:00,2024-01-12 22:30:00,1146,SHORT,42565.56,126.3517547989494,118.3517547989494,156.3517547989494,0.0,1,TRAILING_STOP,False
2024-01-12 23:00:00,2024-01-12 23:15:00,2024-01-13 00:00:00,1152,SHORT,42822.01,-2.880768558037179,-10.880768558037179,27.11923144196282,-40.93222153747543,3,TRAILING_STOP,True
2024-01-13 06:15:00,2024-01-13 06:30:00,2024-01-13 06:45:00,1179,SHORT,43070.0,-9.361504527513485,-17.361504527513485,20.638495472486515,-18.57441374506617,1,TRAILING_STOP,False
2024-01-13 07:15:00,2024-01-13 07:30:00,2024-01-13 08:15:00,1185,SHORT,43164.41,-7.664469408940494,-15.664469408940494,22.335530591059506,-20.977930660930063,3,TRAILING_STOP,True
2024-01-14 21:15:00,2024-01-14 21:30:00,2024-01-14 22:30:00,1338,SHORT,42254.01,12.63264007368754,4.63264007368754,42.63264007368754,-93.47988510439552,4,TRAILING_STOP,False
2024-01-14 23:00:00,2024-01-14 23:15:00,2024-01-14 23:30:00,1342,SHORT,42035.99,38.03455800612713,30.034558006127128,68.03455800612713,-20.461038267447023,1,TRAILING_STOP,True
2024-01-15 03:15:00,2024-01-15 03:30:00,2024-01-15 05:00:00,1364,SHORT,42617.86,-2.1126307139779996,-10.112630713978,27.887369286022,-48.52895006929013,6,TRAILING_STOP,False
2024-01-15 05:30:00,2024-01-15 05:45:00,2024-01-15 07:45:00,1375,SHORT,42643.78,0.6351829035792385,-7.3648170964207615,30.63518290357924,-35.94428073683872,8,TRAILING_STOP,True
2024-01-15 13:45:00,2024-01-15 14:00:00,2024-01-15 16:30:00,1410,LONG,42852.55,-86.5176051366838,-94.5176051366838,0.0,-160.83756975955998,10,TIME_EXIT,False
2024-01-15 18:15:00,2024-01-15 18:30:00,2024-01-15 18:45:00,1419,LONG,43154.7,36.844329818074264,28.844329818074264,56.844329818074264,-46.034383276907555,1,TRAILING_STOP,False
2024-01-15 19:15:00,2024-01-15 19:30:00,2024-01-15 20:30:00,1426,LONG,43058.0,-6.8897765804270765,-14.889776580427077,13.110223419572923,-53.91797110873786,4,TRAILING_STOP,True
2024-01-16 09:00:00,2024-01-16 09:15:00,2024-01-16 11:45:00,1487,SHORT,42901.43,4.469713480412516,-3.5302865195874844,34.469713480412516,-58.74862446310085,10,TRAILING_STOP,False
2024-01-16 13:45:00,2024-01-16 14:00:00,2024-01-16 14:45:00,1499,SHORT,42805.83,146.57174268084552,138.57174268084552,176.57174268084552,-34.61444387364951,3,TRAILING_STOP,False
2024-01-17 07:45:00,2024-01-17 08:00:00,2024-01-17 09:00:00,1572,SHORT,42655.95,-26.41081724823907,-34.41081724823907,3.589182751760932,-39.39661407142566,4,TRAILING_STOP,False
2024-01-17 09:30:00,2024-01-17 09:45:00,2024-01-17 10:30:00,1578,SHORT,42778.69,6.543896037957623,-1.456103962042377,36.54389603795762,-16.79808334476829,3,TRAILING_STOP,True
2024-01-17 12:30:00,2024-01-17 12:45:00,2024-01-17 13:00:00,1588,LONG,42668.0,6.818693165838635,-1.181306834161365,26.818693165838635,-0.6749789069085452,1,TRAILING_STOP,False
2024-01-17 14:30:00,2024-01-17 14:45:00,2024-01-17 15:15:00,1597,LONG,42733.69,-11.971205856550728,-19.97120585655073,8.028794143449272,-59.531484409607835,2,TRAILING_STOP,False
2024-01-17 20:30:00,2024-01-17 20:45:00,2024-01-17 21:15:00,1621,LONG,42758.0,-4.807521399504392,-12.807521399504392,15.192478600495608,-36.20375134477827,2,TRAILING_STOP,False
2024-01-18 07:15:00,2024-01-18 07:30:00,2024-01-18 10:00:00,1672,SHORT,42880.26,37.24324432734418,29.24324432734418,40.19331972334089,-11.599743098572155,10,TIME_EXIT,False
2024-01-18 10:45:00,2024-01-18 11:00:00,2024-01-18 11:45:00,1679,SHORT,42447.67,-15.867304377366775,-23.867304377366775,14.132695622633225,-24.366472882963965,3,TRAILING_STOP,False
2024-01-18 12:15:00,2024-01-18 12:30:00,2024-01-18 13:30:00,1686,SHORT,42454.66,-8.174362955679428,-16.174362955679428,21.825637044320572,-27.808490281160573,4,TRAILING_STOP,True
2024-01-18 16:30:00,2024-01-18 16:45:00,2024-01-18 17:15:00,1701,SHORT,42132.63,84.83023965036071,76.83023965036071,114.83023965036071,-10.860940795768515,2,TRAILING_STOP,False
2024-01-18 17:45:00,2024-01-18 18:00:00,2024-01-18 19:15:00,1709,SHORT,41816.71,103.29599578733036,95.29599578733036,133.29599578733036,0.0,5,TRAILING_STOP,True
2024-01-18 19:45:00,2024-01-18 20:00:00,2024-01-18 20:30:00,1714,SHORT,41022.33,52.650107880269815,44.650107880269815,82.65010788026981,-40.085485149184606,2,TRAILING_STOP,False
2024-01-18 21:00:00,2024-01-18 21:15:00,2024-01-18 21:30:00,1718,SHORT,40942.0,-5.086708025987981,-13.086708025987981,24.91329197401202,-51.96863856186722,1,TRAILING_STOP,True
2024-01-19 03:30:00,2024-01-19 03:45:00,2024-01-19 04:30:00,1746,LONG,41016.84,30.749887119535174,22.749887119535174,50.749887119535174,0.0,3,TRAILING_STOP,False
2024-01-19 06:45:00,2024-01-19 07:00:00,2024-01-19 07:30:00,1758,LONG,41474.01,-16.84862881597422,-24.84862881597422,3.151371184025781,-34.9495985558195,2,TRAILING_STOP,False
2024-01-19 14:15:00,2024-01-19 14:30:00,2024-01-19 14:45:00,1787,SHORT,41057.59,22.72837494845605,14.72837494845605,52.72837494845605,-17.122290908941054,1,TRAILING_STOP,False
2024-01-19 15:15:00,2024-01-19 15:30:00,2024-01-19 17:00:00,1796,SHORT,40826.01,103.74072068272213,95.74072068272213,133.74072068272213,-62.54836071416251,6,TRAILING_STOP,True
2024-01-20 08:30:00,2024-01-20 08:45:00,2024-01-20 10:15:00,1865,SHORT,41549.99,-8.105891240888102,-16.105891240888102,21.894108759111898,-22.39952404320668,6,TRAILING_STOP,False
2024-01-20 10:45:00,2024-01-20 11:00:00,2024-01-20 13:00:00,1876,SHORT,41543.3,-20.838474555462625,-28.838474555462625,9.161525444537373,-37.719680429815895,8,TRAILING_STOP,True
2024-01-21 10:30:00,2024-01-21 10:45:00,2024-01-21 13:15:00,1973,SHORT,41757.35,-10.613700342574353,-18.613700342574354,17.086812261793085,-15.266773394384462,10,TIME_EXIT,False
2024-01-21 15:30:00,2024-01-21 15:45:00,2024-01-21 17:00:00,1988,SHORT,41626.35,-5.6524413022043625,-13.652441302204362,24.347558697795638,-11.221257688939609,5,TRAILING_STOP,False
2024-01-21 20:45:00,2024-01-21 21:00:00,2024-01-21 23:30:00,2014,SHORT,41643.9,24.683086838648848,16.683086838648848,34.319552203323475,-40.14993792608212,10,TIME_EXIT,False
2024-01-22 00:45:00,2024-01-22 01:00:00,2024-01-22 03:30:00,2030,LONG,41657.43,-124.65483348348634,-132.65483348348636,0.0,-142.2507341427452,10,TIME_EXIT,False
2024-01-22 04:45:00,2024-01-22 05:00:00,2024-01-22 07:30:00,2046,SHORT,40786.41,-62.44481924248666,-70.44481924248666,0.0,-131.11229941541674,10,TIME_EXIT,False
2024-01-22 09:45:00,2024-01-22 10:00:00,2024-01-22 10:30:00,2058,SHORT,40744.86,63.31974634346594,55.31974634346594,93.31974634346594,-19.990251531112655,2,TRAILING_STOP,False
2024-01-22 11:00:00,2024-01-22 11:15:00,2024-01-22 12:30:00,2066,SHORT,40830.13,5.309708786133733,-2.690291213866267,35.30970878613373,-27.17600948123338,5,TRAILING_STOP,True
2024-01-22 15:15:00,2024-01-22 15:30:00,2024-01-22 16:30:00,2082,SHORT,40455.16,-16.365150947369017,-24.365150947369017,13.634849052630983,-103.77662577530144,4,TRAILING_STOP,False
2024-01-22 17:00:00,2024-01-22 17:15:00,2024-01-22 17:30:00,2086,SHORT,40681.09,-12.795446238043777,-20.795446238043777,17.204553761956223,-30.80792574633614,1,TRAILING_STOP,True
2024-01-22 18:45:00,2024-01-22 19:00:00,2024-01-22 19:30:00,2094,SHORT,40316.0,189.37196150411702,181.37196150411702,219.37196150411702,0.0,2,TRAILING_STOP,False
2024-01-22 20:00:00,2024-01-22 20:15:00,2024-01-22 22:00:00,2104,SHORT,39975.66,28.68571025469143,20.68571025469143,58.68571025469143,-89.63954566353539,7,TRAILING_STOP,True
2024-01-23 03:00:00,2024-01-23 03:15:00,2024-01-23 04:15:00,2129,SHORT,40109.63,2.438593923703756,-5.561406076296244,32.438593923703756,-16.73164275013272,4,TRAILING_STOP,False
2024-01-23 04:45:00,2024-01-23 05:00:00,2024-01-23 06:15:00,2137,SHORT,40065.5,-3.8852628820313306,-11.88526288203133,26.11473711796867,-15.888981792315956,5,TRAILING_STOP,True
2024-01-23 07:15:00,2024-01-23 07:30:00,2024-01-23 08:45:00,2147,SHORT,39803.07,89.35511507026963,81.35511507026963,119.35511507026963,-14.30291683530951,5,TRAILING_STOP,False
2024-01-23 09:15:00,2024-01-23 09:30:00,2024-01-23 10:15:00,2153,SHORT,38924.75,-12.111638481943395,-20.111638481943395,17.888361518056605,-88.06992980044771,3,TRAILING_STOP,True
2024-01-23 15:30:00,2024-01-23 15:45:00,2024-01-23 17:00:00,2180,LONG,39290.7,26.14323491309723,18.14323491309723,46.14323491309723,-93.0245579742789,5,TRAILING_STOP,False
2024-01-23 23:15:00,2024-01-23 23:30:00,2024-01-24 00:00:00,2208,LONG,39795.99,19.28536518377952,11.285365183779518,39.28536518377952,-26.63333667537809,2,TRAILING_STOP,False
2024-01-24 07:00:00,2024-01-24 07:15:00,2024-01-24 07:30:00,2238,LONG,39925.98,30.097705804590596,22.097705804590596,50.097705804590596,0.0,1,TRAILING_STOP,False
2024-01-24 08:00:00,2024-01-24 08:15:00,2024-01-24 09:30:00,2246,LONG,40065.9,-10.253557264407979,-18.25355726440798,9.746442735592021,-51.51263293723576,5,TRAILING_STOP,True
2024-01-24 10:45:00,2024-01-24 11:00:00,2024-01-24 13:30:00,2262,LONG,40352.42,-99.23072767382929,-107.23072767382929,0.0,-106.85108848490333,10,TIME_EXIT,False
2024-01-24 14:30:00,2024-01-24 14:45:00,2024-01-24 16:00:00,2272,LONG,40072.46,-8.57070416939641,-16.57070416939641,11.42929583060359,-58.009915038906804,5,TRAILING_STOP,False
2024-01-24 16:30:00,2024-01-24 16:45:00,2024-01-24 17:00:00,2276,LONG,39997.99,32.25512582007297,24.25512582007297,52.25512582007297,0.0,1,TRAILING_STOP,True
2024-01-24 18:15:00,2024-01-24 18:30:00,2024-01-24 19:45:00,2287,SHORT,39766.0,1.539506110747439,-6.460493889252561,31.53950611074744,-23.135341749233014,5,TRAILING_STOP,False
2024-01-24 20:45:00,2024-01-24 21:00:00,2024-01-24 23:30:00,2302,SHORT,39544.4,-154.39860005462154,-162.39860005462154,0.0,-154.39860005462154,10,TIME_EXIT,False
2024-01-25 01:30:00,2024-01-25 01:45:00,2024-01-25 03:15:00,2317,SHORT,40046.87,3.1786229485606725,-4.8213770514393275,33.17862294856067,-13.234492483432538,6,TRAILING_STOP,False
2024-01-25 10:00:00,2024-01-25 10:15:00,2024-01-25 11:00:00,2348,SHORT,40010.39,-29.837542198413598,-37.8375421984136,0.16245780158640172,-63.36354132014311,3,TRAILING_STOP,False
2024-01-25 11:15:00,2024-01-25 11:30:00,2024-01-25 12:00:00,2352,LONG,40275.78,-18.003763055612858,-26.003763055612858,1.996236944387141,-41.93587312275553,2,TRAILING_STOP,False
2024-01-25 12:30:00,2024-01-25 12:45:00,2024-01-25 13:30:00,2358,LONG,39905.75,-5.144997901305242,-13.144997901305242,14.855002098694758,-26.499940484767233,3,TRAILING_STOP,True
2024-01-25 15:45:00,2024-01-25 16:00:00,2024-01-25 16:45:00,2371,LONG,39804.23,-7.948517029473027,-15.948517029473027,12.051482970526973,-28.56982788010248,3,TRAILING_STOP,False
2024-01-26 02:00:00,2024-01-26 02:15:00,2024-01-26 02:30:00,2410,LONG,40062.23,25.62152431354839,17.62152431354839,45.62152431354839,0.0,1,TRAILING_STOP,False
2024-01-26 03:00:00,2024-01-26 03:15:00,2024-01-26 05:00:00,2420,LONG,40168.05,-7.066835457534761,-15.066835457534761,12.933164542465239,-25.027353829724397,7,TRAILING_STOP,True
2024-01-26 07:45:00,2024-01-26 08:00:00,2024-01-26 09:45:00,2439,LONG,39970.0,90.4303227420564,82.4303227420564,110.4303227420564,0.0,7,TRAILING_STOP,False
2024-01-26 10:15:00,2024-01-26 10:30:00,2024-01-26 11:00:00,2444,LONG,40288.51,130.784926024814,122.78492602481401,150.784926024814,0.0,2,TRAILING_STOP,True
2024-01-26 11:30:00,2024-01-26 11:45:00,2024-01-26 12:00:00,2448,LONG,41252.67,33.02444666005988,25.02444666005988,53.02444666005988,-16.64619526445155,1,TRAILING_STOP,False
2024-01-26 12:30:00,2024-01-26 12:45:00,2024-01-26 13:30:00,2454,LONG,41214.95,-16.406643705741498,-24.406643705741498,3.5933562942585033,-33.68195278654947,3,TRAILING_STOP,True
2024-01-27 08:45:00,2024-01-27 09:00:00,2024-01-27 11:30:00,2542,SHORT,41470.01,-71.49021666500711,-79.49021666500711,0.0,-79.57316624712604,10,TIME_EXIT,False
2024-01-27 19:30:00,2024-01-27 19:45:00,2024-01-27 22:15:00,2585,LONG,41930.38,62.10055811561914,54.10055811561914,62.10055811561914,-4.748347141141153,10,TIME_EXIT,False
2024-01-28 00:15:00,2024-01-28 00:30:00,2024-01-28 01:00:00,2596,SHORT,41971.92,-18.821097533780144,-26.821097533780144,11.178902466219856,-29.32913242949061,2,TRAILING_STOP,False
2024-01-28 01:30:00,2024-01-28 01:45:00,2024-01-28 03:45:00,2607,SHORT,42105.88,-28.603520458425905,-36.603520458425905,1.396479541574094,-32.80301943576589,8,TRAILING_STOP,False
2024-01-28 04:00:00,2024-01-28 04:15:00,2024-01-28 05:15:00,2613,LONG,42298.91,108.55414004757966,100.55414004757966,128.55414004757966,0.0,4,TRAILING_STOP,False
2024-01-28 05:45:00,2024-01-28 06:00:00,2024-01-28 08:30:00,2626,LONG,42562.45,8.218511857283405,0.2185118572834046,12.15390561398679,-63.15190972324047,10,TIME_EXIT,True
2024-01-28 18:15:00,2024-01-28 18:30:00,2024-01-28 19:00:00,2668,SHORT,41974.09,-6.39257932691417,-14.39257932691417,23.60742067308583,-27.876721091511943,2,TRAILING_STOP,False
2024-01-28 19:30:00,2024-01-28 19:45:00,2024-01-28 20:30:00,2674,SHORT,41811.09,0.9415516313962051,-7.058448368603795,30.941551631396205,-29.874848993413828,3,TRAILING_STOP,True
2024-01-29 07:45:00,2024-01-29 08:00:00,2024-01-29 08:45:00,2723,SHORT,42053.45,-9.507032122215826,-17.507032122215826,20.492967877784174,-23.258496033025814,3,TRAILING_STOP,False
2024-01-29 12:45:00,2024-01-29 13:00:00,2024-01-29 13:15:00,2741,LONG,42102.67,-15.560851603947604,-23.560851603947604,4.439148396052395,-31.511065687757633,1,TRAILING_STOP,False
2024-01-29 15:45:00,2024-01-29 16:00:00,2024-01-29 16:45:00,2755,LONG,42641.75,137.60375688146075,129.60375688146075,157.60375688146075,-18.702328117396682,3,TRAILING_STOP,False
2024-01-29 17:15:00,2024-01-29 17:30:00,2024-01-29 19:15:00,2765,LONG,43121.81,-14.622210895135819,-22.62221089513582,5.37778910486418,-55.21335955053755,7,TRAILING_STOP,True
2024-01-30 01:15:00,2024-01-30 01:30:00,2024-01-30 02:45:00,2795,LONG,43450.0,57.640966628308064,49.640966628308064,77.64096662830806,-13.80897583429229,5,TRAILING_STOP,False
2024-01-30 03:15:00,2024-01-30 03:30:00,2024-01-30 04:15:00,2801,LONG,43521.65,-8.86990727603502,-16.869907276035022,11.13009272396498,-16.463070678616607,3,TRAILING_STOP,True
2024-01-30 12:15:00,2024-01-30 12:30:00,2024-01-30 12:45:00,2835,SHORT,43416.93,6.7460343234772395,-1.2539656765227605,36.74603432347724,-3.2637038132355864,1,TRAILING_STOP,False
2024-01-30 23:30:00,2024-01-30 23:45:00,2024-01-31 02:15:00,2889,SHORT,42788.0,1.0671216228849865,-6.9328783771150135,31.067121622884986,-74.73357015985715,10,TRAILING_STOP,False
2024-01-31 02:45:00,2024-01-31 03:00:00,2024-01-31 05:30:00,2902,SHORT,42883.01,-27.222676300007045,-35.222676300007045,2.7773236999929556,-34.44720881300104,10,TRAILING_STOP,True
2024-01-31 09:00:00,2024-01-31 09:15:00,2024-01-31 10:15:00,2921,SHORT,42837.32,28.862225741479968,20.862225741479968,58.86222574147997,-14.172221791652495,4,TRAILING_STOP,False
2024-01-31 10:45:00,2024-01-31 11:00:00,2024-01-31 13:30:00,2934,SHORT,42384.72,-72.77858624523205,-80.77858624523205,0.0,-127.5931514942167,10,TIME_EXIT,True
2024-01-31 14:30:00,2024-01-31 14:45:00,2024-01-31 15:45:00,2943,LONG,42852.29,122.98652417408636,114.98652417408636,142.98652417408636,-37.615259301195415,4,TRAILING_STOP,False
2024-01-31 16:15:00,2024-01-31 16:30:00,2024-01-31 18:00:00,2952,LONG,43461.09,45.35040883696293,37.35040883696293,65.35040883696293,-27.34169805681231,6,TRAILING_STOP,True
2024-01-31 20:00:00,2024-01-31 20:15:00,2024-01-31 21:30:00,2966,SHORT,42908.51,117.21322180611853,109.21322180611853,147.21322180611853,-31.753607850750353,5,TRAILING_STOP,False
2024-01-31 22:00:00,2024-01-31 22:15:00,2024-02-01 00:30:00,2978,SHORT,42541.38,45.34546364034239,37.34546364034239,75.34546364034239,-35.034124421916,9,TRAILING_STOP,True
2024-02-01 01:15:00,2024-02-01 01:30:00,2024-02-01 02:00:00,2984,SHORT,42025.01,-9.771569358341132,-17.771569358341132,20.228430641658868,-26.86495493992778,2,TRAILING_STOP,False
2024-02-01 02:30:00,2024-02-01 02:45:00,2024-02-01 03:30:00,2990,SHORT,42149.42,15.246174205955654,7.246174205955654,45.246174205955654,-9.722553714856149,3,TRAILING_STOP,True
2024-02-01 10:15:00,2024-02-01 10:30:00,2024-02-01 11:45:00,3023,LONG,42258.0,-10.527237446164316,-18.527237446164314,9.472762553835684,-54.777793553884045,5,TRAILING_STOP,False
2024-02-01 12:00:00,2024-02-01 12:15:00,2024-02-01 12:45:00,3027,LONG,42167.44,-3.4469438979469373,-11.446943897946937,16.553056102053063,-13.375248770141475,2,TRAILING_STOP,False
2024-02-01 14:30:00,2024-02-01 14:45:00,2024-02-01 15:30:00,3038,LONG,42539.6,75.67555877347225,67.67555877347225,95.67555877347225,0.0,3,TRAILING_STOP,False
2024-02-02 00:15:00,2024-02-02 00:30:00,2024-02-02 01:30:00,3078,LONG,43284.01,-17.149062667715743,-25.149062667715743,2.850937332284256,-41.239247472681015,4,TRAILING_STOP,False
2024-02-02 02:00:00,2024-02-02 02:15:00,2024-02-02 04:45:00,3091,LONG,43168.76,-46.81857899091857,-54.81857899091857,0.0,-52.13260700562233,10,TIME_EXIT,True
2024-02-02 06:45:00,2024-02-02 07:00:00,2024-02-02 09:30:00,3110,SHORT,43165.0,29.48221939071054,21.48221939071054,48.08757094868521,-12.892389667555069,10,TIME_EXIT,False
2024-02-02 13:30:00,2024-02-02 13:45:00,2024-02-02 14:00:00,3128,SHORT,42846.0,25.08098772347477,17.08098772347477,55.08098772347477,0.0,1,TRAILING_STOP,False
2024-02-02 15:00:00,2024-02-02 15:15:00,2024-02-02 16:00:00,3136,LONG,43082.0,74.23889327329279,66.23889327329279,94.23889327329279,-21.56585116754178,3,TRAILING_STOP,False
2024-02-02 16:30:00,2024-02-02 16:45:00,2024-02-02 17:30:00,3142,LONG,43134.69,17.396814489682825,9.396814489682825,37.396814489682825,-31.225447545815754,3,TRAILING_STOP,True
2024-02-03 00:15:00,2024-02-03 00:30:00,2024-02-03 03:00:00,3180,LONG,43355.99,-33.730056677289106,-41.730056677289106,0.0,-46.52413657259335,10,TIME_EXIT,False
2024-02-03 11:15:00,2024-02-03 11:30:00,2024-02-03 14:00:00,3224,SHORT,42995.37,-15.541208274286209,-23.54120827428621,4.740045265340118,-22.828039391216812,10,TIME_EXIT,False
2024-02-03 15:00:00,2024-02-03 15:15:00,2024-02-03 17:45:00,3239,SHORT,42970.31,-60.43707853166626,-68.43707853166626,0.0,-69.74350429401193,10,TIME_EXIT,False
2024-02-04 00:15:00,2024-02-04 00:30:00,2024-02-04 03:00:00,3276,SHORT,42912.54,-29.618381946162714,-37.618381946162714,0.0,-36.41126812815089,10,TIME_EXIT,False
2024-02-04 05:15:00,2024-02-04 05:30:00,2024-02-04 08:00:00,3296,SHORT,42922.49,25.83261129538323,17.83261129538323,47.159426212225405,-2.388025485007976,10,TIME_EXIT,False
2024-02-04 09:15:00,2024-02-04 09:30:00,2024-02-04 12:00:00,3312,LONG,42902.01,40.06339096932693,32.06339096932693,50.58737341210792,-6.925083463455238,10,TIME_EXIT,False
2024-02-04 19:00:00,2024-02-04 19:15:00,2024-02-04 20:30:00,3346,SHORT,42653.98,-3.6062144728342496,-11.60621447283425,26.39378552716575,-9.851366742329038,5,TRAILING_STOP,False
2024-02-04 21:00:00,2024-02-04 21:15:00,2024-02-04 22:30:00,3354,SHORT,42875.54,122.42723473570265,114.42723473570265,152.42723473570265,-6.129368866257739,5,TRAILING_STOP,True
2024-02-05 07:30:00,2024-02-05 07:45:00,2024-02-05 08:00:00,3392,LONG,43065.98,10.04227466784626,2.042274667846261,30.04227466784626,-1.792598241117737,1,TRAILING_STOP,False
2024-02-05 08:30:00,2024-02-05 08:45:00,2024-02-05 09:30:00,3398,LONG,42994.0,-2.9441317393120556,-10.944131739312056,17.055868260687944,-9.17802484067524,3,TRAILING_STOP,True
2024-02-05 10:00:00,2024-02-05 10:15:00,2024-02-05 11:00:00,3404,LONG,43177.43,-11.717895205897609,-19.71789520589761,8.282104794102391,-20.61725304169257,3,TRAILING_STOP,False
2024-02-05 11:30:00,2024-02-05 11:45:00,2024-02-05 13:30:00,3414,LONG,43164.8,73.81718437245142,65.81718437245142,93.81718437245142,-9.862202535399147,7,TRAILING_STOP,True
2024-02-05 15:00:00,2024-02-05 15:15:00,2024-02-05 16:45:00,3427,SHORT,43035.62,94.22732610800136,86.22732610800136,124.22732610800136,0.0,6,TRAILING_STOP,False
2024-02-05 17:15:00,2024-02-05 17:30:00,2024-02-05 18:45:00,3435,SHORT,42668.54,-7.925187972215049,-15.92518797221505,22.07481202778495,-39.3943640912008,5,TRAILING_STOP,True
2024-02-05 20:15:00,2024-02-05 20:30:00,2024-02-05 21:30:00,3446,SHORT,42432.98,-14.182114949267618,-22.182114949267618,15.817885050732382,-29.20134291770133,4,TRAILING_STOP,False
2024-02-05 22:00:00,2024-02-05 22:15:00,2024-02-05 23:15:00,3453,SHORT,42495.66,-4.515044595141504,-12.515044595141504,25.484955404858496,-40.23940327082813,4,TRAILING_STOP,True
2024-02-06 08:00:00,2024-02-06 08:15:00,2024-02-06 09:00:00,3492,LONG,42963.59,16.38196901143619,8.38196901143619,36.38196901143619,-8.323326798341284,3,TRAILING_STOP,False
2024-02-06 09:30:00,2024-02-06 09:45:00,2024-02-06 10:00:00,3496,LONG,42954.42,-8.071076271078683,-16.07107627107868,11.928923728921317,-10.052516132216496,1,TRAILING_STOP,True
2024-02-06 10:30:00,2024-02-06 10:45:00,2024-02-06 12:15:00,3505,SHORT,42849.58,4.665450629854682,-3.334549370145318,34.66545062985468,-10.770233920612863,6,TRAILING_STOP,False
2024-02-06 12:45:00,2024-02-06 13:00:00,2024-02-06 15:30:00,3518,SHORT,42789.36,-93.36199466409359,-101.36199466409359,0.0,-112.5349853328021,10,TIME_EXIT,True
2024-02-07 03:30:00,2024-02-07 03:45:00,2024-02-07 04:30:00,3570,SHORT,42864.1,-13.802296093934014,-21.802296093934014,16.197703906065986,-18.64030739010068,3,TRAILING_STOP,False
2024-02-07 09:30:00,2024-02-07 09:45:00,2024-02-07 12:15:00,3601,LONG,43174.01,-50.69716711512427,-58.69716711512427,0.0,-77.82459864163648,10,TIME_EXIT,False
2024-02-07 14:45:00,2024-02-07 15:00:00,2024-02-07 15:15:00,3613,SHORT,43028.59,-18.507641082360102,-26.507641082360102,11.4923589176399,-37.61220156179968,1,TRAILING_STOP,False
2024-02-07 17:00:00,2024-02-07 17:15:00,2024-02-07 17:30:00,3622,LONG,43268.17,82.11432561164519,74.11432561164519,102.11432561164519,0.0,1,TRAILING_STOP,False
2024-02-07 18:00:00,2024-02-07 18:15:00,2024-02-07 18:30:00,3626,LONG,43498.3,19.47280698326074,11.472806983260739,39.47280698326074,0.0,1,TRAILING_STOP,True
2024-02-07 20:00:00,2024-02-07 20:15:00,2024-02-07 20:30:00,3634,LONG,43837.74,70.03429465113902,62.03429465113902,90.03429465113902,0.0,1,TRAILING_STOP,False
2024-02-07 21:00:00,2024-02-07 21:15:00,2024-02-07 21:30:00,3638,LONG,44154.0,34.92141142365357,26.921411423653574,54.92141142365357,0.0,1,TRAILING_STOP,True
2024-02-08 13:45:00,2024-02-08 14:00:00,2024-02-08 14:15:00,3705,LONG,44984.0,25.785168059754383,17.785168059754383,45.78516805975438,0.0,1,TRAILING_STOP,False
2024-02-08 14:45:00,2024-02-08 15:00:00,2024-02-08 15:30:00,3710,LONG,45077.99,66.328161481912,58.328161481912005,86.328161481912,-16.857450831325437,2,TRAILING_STOP,True
2024-02-09 02:15:00,2024-02-09 02:30:00,2024-02-09 02:45:00,3755,LONG,45789.95,109.79267284633414,101.79267284633414,129.79267284633414,0.0,1,TRAILING_STOP,False
2024-02-09 03:15:00,2024-02-09 03:30:00,2024-02-09 04:00:00,3760,LONG,46061.23,-1.1620314959029976,-9.162031495902998,18.837968504097002,-7.646343790645878,2,TRAILING_STOP,True
2024-02-09 08:45:00,2024-02-09 09:00:00,2024-02-09 09:45:00,3783,LONG,46640.0,-14.283876500856884,-22.283876500856884,5.716123499143116,-33.801457975986594,3,TRAILING_STOP,False
2024-02-09 10:15:00,2024-02-09 10:30:00,2024-02-09 11:00:00,3788,LONG,46589.02,38.97097642320127,30.97097642320127,58.97097642320127,0.0,2,TRAILING_STOP,True
2024-02-09 11:30:00,2024-02-09 11:45:00,2024-02-09 12:00:00,3792,LONG,47014.18,125.662436311768,117.662436311768,145.662436311768,0.0,1,TRAILING_STOP,False
2024-02-09 12:30:00,2024-02-09 12:45:00,2024-02-09 13:45:00,3799,LONG,47461.08,17.87103032632168,9.87103032632168,37.87103032632168,-43.62943278998281,4,TRAILING_STOP,True
2024-02-09 14:15:00,2024-02-09 14:30:00,2024-02-09 15:15:00,3805,SHORT,46930.81,5.2369797154567195,-2.7630202845432805,35.23697971545672,-57.03289587373487,3,TRAILING_STOP,False
2024-02-09 18:15:00,2024-02-09 18:30:00,2024-02-09 21:00:00,3828,LONG,48072.65,-142.9461450533724,-150.9461450533724,0.0,-171.53412595311485,10,TIME_EXIT,False
2024-02-10 08:45:00,2024-02-10 09:00:00,2024-02-10 11:00:00,3884,SHORT,47087.69,31.096647552683585,23.096647552683585,61.096647552683585,-29.812462662746327,8,TRAILING_STOP,False
2024-02-10 13:45:00,2024-02-10 14:00:00,2024-02-10 14:30:00,3898,LONG,47303.58,-5.1131774804363115,-13.113177480436311,14.886822519563689,-14.098298691135495,2,TRAILING_STOP,False
2024-02-10 15:00:00,2024-02-10 15:15:00,2024-02-10 16:15:00,3905,LONG,47304.88,-9.193503926021455,-17.193503926021457,10.806496073978545,-10.808610020783773,4,TRAILING_STOP,True
2024-02-10 19:15:00,2024-02-10 19:30:00,2024-02-10 19:45:00,3919,LONG,47484.37,16.986907481345412,8.986907481345412,36.98690748134541,0.0,1,TRAILING_STOP,False
2024-02-10 20:15:00,2024-02-10 20:30:00,2024-02-10 20:45:00,3923,LONG,47596.17,100.56222170817563,92.56222170817563,120.56222170817563,0.0,1,TRAILING_STOP,True
2024-02-11 03:15:00,2024-02-11 03:30:00,2024-02-11 04:00:00,3952,LONG,48077.43,87.16671003421007,79.16671003421007,107.16671003421007,0.0,2,TRAILING_STOP,False
2024-02-11 04:30:00,2024-02-11 04:45:00,2024-02-11 07:15:00,3965,LONG,48408.23,-35.576595136818916,-43.576595136818916,0.0,-58.50864615376418,10,TIME_EXIT,True
2024-02-11 10:45:00,2024-02-11 11:00:00,2024-02-11 11:30:00,3982,LONG,48142.79,31.621436979451495,23.621436979451495,51.621436979451495,0.0,2,TRAILING_STOP,False
2024-02-11 12:00:00,2024-02-11 12:15:00,2024-02-11 14:45:00,3995,LONG,48420.82,-38.4669239389176,-46.4669239389176,0.0,-100.9896156240229,10,TIME_EXIT,True
2024-02-12 00:15:00,2024-02-12 00:30:00,2024-02-12 03:00:00,4044,LONG,48710.38,-118.24789706013338,-126.24789706013338,0.0,-143.88309021608958,10,TIME_EXIT,False
2024-02-12 03:45:00,2024-02-12 04:00:00,2024-02-12 05:45:00,4055,LONG,48145.0,-12.017862706407666,-20.017862706407666,7.982137293592333,-25.381659570048207,7,TRAILING_STOP,False
2024-02-12 06:15:00,2024-02-12 06:30:00,2024-02-12 07:30:00,4062,LONG,48103.68,37.914488039168006,29.914488039168006,57.914488039168006,-72.31671256752136,4,TRAILING_STOP,True
2024-02-12 10:00:00,2024-02-12 10:15:00,2024-02-12 10:45:00,4075,LONG,47969.53,0.9466300795532483,-7.053369920446752,20.94663007955325,-20.31914842609489,2,TRAILING_STOP,False
2024-02-12 14:30:00,2024-02-12 14:45:00,2024-02-12 15:15:00,4093,LONG,48556.3,100.21097159379875,92.21097159379875,120.21097159379875,0.0,2,TRAILING_STOP,False
2024-02-12 15:45:00,2024-02-12 16:00:00,2024-02-12 17:30:00,4102,LONG,49917.8,63.541341966191766,55.541341966191766,83.54134196619177,-109.29568210137501,6,TRAILING_STOP,True
2024-02-13 07:45:00,2024-02-13 08:00:00,2024-02-13 09:00:00,4164,LONG,49983.09,13.613368041071901,5.613368041071901,33.6133680410719,0.0,4,TRAILING_STOP,False
2024-02-13 09:30:00,2024-02-13 09:45:00,2024-02-13 10:15:00,4169,LONG,50100.6,3.951808960371732,-4.048191039628268,23.951808960371732,-13.514808205889576,2,TRAILING_STOP,True
2024-02-13 10:30:00,2024-02-13 10:45:00,2024-02-13 11:15:00,4173,SHORT,49945.47,29.15851828003644,21.15851828003644,59.15851828003644,0.0,2,TRAILING_STOP,False
2024-02-13 13:30:00,2024-02-13 13:45:00,2024-02-13 14:15:00,4185,SHORT,49540.18,200.15257514203628,192.15257514203628,230.15257514203628,-22.430277806823195,2,TRAILING_STOP,False
2024-02-13 14:45:00,2024-02-13 15:00:00,2024-02-13 15:15:00,4189,SHORT,48692.17,20.967126747482865,12.967126747482865,50.967126747482865,-58.70142981920948,1,TRAILING_STOP,True
2024-02-14 08:00:00,2024-02-14 08:15:00,2024-02-14 10:45:00,4267,SHORT,49761.11,-309.2555612203987,-317.2555612203987,0.0,-386.82617811379197,10,TIME_EXIT,False
2024-02-14 14:30:00,2024-02-14 14:45:00,2024-02-14 15:00:00,4284,LONG,51757.98,21.506643033594905,13.506643033594905,41.506643033594905,-55.42720175710193,1,TRAILING_STOP,False
2024-02-14 15:30:00,2024-02-14 15:45:00,2024-02-14 16:45:00,4291,LONG,51724.85,-15.137733603867105,-23.137733603867105,4.8622663961328945,-101.42320374056196,4,TRAILING_STOP,True
2024-02-15 00:15:00,2024-02-15 00:30:00,2024-02-15 01:00:00,4324,LONG,52269.2,8.46800792818771,0.46800792818770987,28.46800792818771,-51.50260574104771,2,TRAILING_STOP,False
2024-02-15 01:30:00,2024-02-15 01:45:00,2024-02-15 02:15:00,4329,LONG,51834.0,52.749546629624675,44.749546629624675,72.74954662962467,0.0,2,TRAILING_STOP,True
2024-02-15 07:30:00,2024-02-15 07:45:00,2024-02-15 08:15:00,4353,SHORT,51728.0,-14.921125889266934,-22.921125889266932,15.078874110733066,-48.92901330033995,2,TRAILING_STOP,False
2024-02-15 09:15:00,2024-02-15 09:30:00,2024-02-15 10:15:00,4361,LONG,52078.0,24.060831829179143,16.060831829179143,44.06083182917914,0.0,3,TRAILING_STOP,False
2024-02-15 10:45:00,2024-02-15 11:00:00,2024-02-15 11:30:00,4366,LONG,52286.71,20.432836565927275,12.432836565927275,40.432836565927275,-24.02331299865694,2,TRAILING_STOP,True
2024-02-15 14:30:00,2024-02-15 14:45:00,2024-02-15 15:00:00,4380,LONG,52595.01,-7.643314451314307,-15.643314451314307,12.356685548685693,-72.28632526165549,1,TRAILING_STOP,False
2024-02-15 15:30:00,2024-02-15 15:45:00,2024-02-15 16:00:00,4384,LONG,51959.44,-10.490659637594975,-18.490659637594973,9.509340362405025,-41.84802607572413,1,TRAILING_STOP,True
2024-02-16 07:30:00,2024-02-16 07:45:00,2024-02-16 08:30:00,4450,SHORT,51829.9,-2.706873831514411,-10.706873831514411,27.29312616848559,-18.661043143050858,3,TRAILING_STOP,False
2024-02-16 09:00:00,2024-02-16 09:15:00,2024-02-16 11:45:00,4463,SHORT,51737.21,-92.1290498656579,-100.1290498656579,0.0,-135.0382055777653,10,TIME_EXIT,True
2024-02-16 14:45:00,2024-02-16 15:00:00,2024-02-16 15:15:00,4477,SHORT,51920.32,27.089401606152705,19.089401606152705,57.089401606152705,0.0,1,TRAILING_STOP,False
2024-02-16 15:45:00,2024-02-16 16:00:00,2024-02-16 17:45:00,4487,SHORT,51888.01,-13.76118105126752,-21.76118105126752,16.23881894873248,-68.8000946654146,7,TRAILING_STOP,True
2024-02-17 10:15:00,2024-02-17 10:30:00,2024-02-17 13:00:00,4564,SHORT,51580.01,2.977897832900882,-5.022102167099118,4.20511744763181,-42.65024376691628,10,TIME_EXIT,False
2024-02-17 13:15:00,2024-02-17 13:30:00,2024-02-17 14:45:00,4571,SHORT,51381.74,117.27800187381703,109.27800187381703,147.27800187381703,0.0,5,TRAILING_STOP,False
2024-02-17 15:15:00,2024-02-17 15:30:00,2024-02-17 16:30:00,4578,SHORT,50987.99,18.421206641014763,10.421206641014763,48.42120664101476,-10.922179909426188,4,TRAILING_STOP,True
2024-02-17 19:30:00,2024-02-17 19:45:00,2024-02-17 20:45:00,4595,SHORT,51411.1,-8.97341235647583,-16.97341235647583,21.02658764352417,-29.1590726516265,4,TRAILING_STOP,False
2024-02-17 21:15:00,2024-02-17 21:30:00,2024-02-17 22:00:00,4600,LONG,51840.77,-18.989212544488588,-26.989212544488588,1.010787455511413,-28.462154400869363,2,TRAILING_STOP,False
2024-02-18 02:45:00,2024-02-18 03:00:00,2024-02-18 03:30:00,4622,SHORT,51277.99,-25.892974744135316,-33.892974744135316,4.107025255864684,-37.522921627779,2,TRAILING_STOP,False
2024-02-18 04:00:00,2024-02-18 04:15:00,2024-02-18 06:45:00,4635,SHORT,51556.0,9.00380169136439,1.0038016913643908,29.187679416557373,-27.932733338506097,10,TIME_EXIT,True
2024-02-18 09:00:00,2024-02-18 09:15:00,2024-02-18 10:00:00,4648,LONG,51902.01,12.174091138281149,4.174091138281149,32.17409113828115,-16.1862710133966,3,TRAILING_STOP,False
2024-02-18 10:30:00,2024-02-18 10:45:00,2024-02-18 12:30:00,4658,LONG,51827.09,-12.646702718597439,-20.64670271859744,7.35329728140256,-34.1693890202974,7,TRAILING_STOP,True
2024-02-18 22:00:00,2024-02-18 22:15:00,2024-02-18 22:30:00,4698,LONG,52200.0,13.90804597701149,5.90804597701149,33.90804597701149,-25.73754789272003,1,TRAILING_STOP,False
2024-02-18 23:00:00,2024-02-18 23:15:00,2024-02-19 00:30:00,4706,LONG,52274.26,9.55948109069297,1.5594810906929695,29.55948109069297,-57.23849558080767,5,TRAILING_STOP,True
2024-02-19 06:15:00,2024-02-19 06:30:00,2024-02-19 07:30:00,4734,LONG,52414.86,-5.89903702881278,-13.89903702881278,14.10096297118722,-22.409675424106663,4,TRAILING_STOP,False
2024-02-19 08:00:00,2024-02-19 08:15:00,2024-02-19 10:15:00,4745,LONG,52311.74,-4.0838786857401335,-12.083878685740133,15.916121314259867,-47.45015172502409,8,TRAILING_STOP,True
2024-02-19 16:45:00,2024-02-19 17:00:00,2024-02-19 19:30:00,4782,SHORT,51775.76,-15.95534280906752,-23.95534280906752,0.0,-83.86936280606946,10,TIME_EXIT,False
2024-02-20 00:30:00,2024-02-20 00:45:00,2024-02-20 01:30:00,4806,SHORT,51569.34,20.095657613612374,12.095657613612374,50.095657613612374,-27.273957743108884,3,TRAILING_STOP,False
2024-02-20 02:00:00,2024-02-20 02:15:00,2024-02-20 02:45:00,4811,SHORT,51647.11,-11.19739904130152,-19.19739904130152,18.80260095869848,-22.070934849984436,2,TRAILING_STOP,True
2024-02-20 09:15:00,2024-02-20 09:30:00,2024-02-20 09:45:00,4839,SHORT,51615.08,-20.103667377828003,-28.103667377828003,9.896332622171997,-33.957130358026525,1,TRAILING_STOP,False
2024-02-20 11:00:00,2024-02-20 11:15:00,2024-02-20 12:30:00,4850,LONG,52297.88,-1.4294575611855365,-9.429457561185536,18.570542438814464,-21.811591597976765,5,TRAILING_STOP,False
2024-02-20 13:00:00,2024-02-20 13:15:00,2024-02-20 13:30:00,4854,LONG,52352.94,100.73056451079876,92.73056451079876,120.73056451079876,-11.812135096902635,1,TRAILING_STOP,True
2024-02-20 14:00:00,2024-02-20 14:15:00,2024-02-20 14:30:00,4858,SHORT,52242.12,60.51891462291334,52.51891462291334,90.51891462291334,-20.276742214902512,1,TRAILING_STOP,False
2024-02-20 15:00:00,2024-02-20 15:15:00,2024-02-20 15:30:00,4862,SHORT,51884.26,72.08876449235284,64.08876449235284,102.08876449235284,0.0,1,TRAILING_STOP,True
2024-02-20 23:00:00,2024-02-20 23:15:00,2024-02-21 01:45:00,4903,LONG,52397.15,-56.22252355328558,-64.22252355328558,0.0,-66.25169498722725,10,TIME_EXIT,False
2024-02-21 07:00:00,2024-02-21 07:15:00,2024-02-21 08:15:00,4929,SHORT,51621.15,-12.398687359735188,-20.398687359735188,17.601312640264812,-32.13605276131962,4,TRAILING_STOP,False
2024-02-21 08:45:00,2024-02-21 09:00:00,2024-02-21 10:00:00,4936,SHORT,51667.85,120.93525277324267,112.93525277324267,150.93525277324267,0.0,4,TRAILING_STOP,True
2024-02-21 12:00:00,2024-02-21 12:15:00,2024-02-21 13:00:00,4948,LONG,51092.48,48.46017261248599,40.46017261248599,68.46017261248599,0.0,3,TRAILING_STOP,False
2024-02-22 08:00:00,2024-02-22 08:15:00,2024-02-22 08:45:00,5027,SHORT,51782.12,-8.815081344679523,-16.815081344679523,21.184918655320477,-28.449974624445602,2,TRAILING_STOP,False
2024-02-22 13:15:00,2024-02-22 13:30:00,2024-02-22 13:45:00,5047,SHORT,51265.76,33.391238128529295,25.391238128529295,63.391238128529295,0.0,1,TRAILING_STOP,False
2024-02-22 14:15:00,2024-02-22 14:30:00,2024-02-22 17:00:00,5060,SHORT,51118.0,-69.25349192065457,-77.25349192065457,0.0,-123.6374662545487,10,TIME_EXIT,True
2024-02-23 02:45:00,2024-02-23 03:00:00,2024-02-23 04:15:00,5105,SHORT,51096.38,-7.223435397968039,-15.22343539796804,22.77656460203196,-27.450085505079233,5,TRAILING_STOP,False
2024-02-23 04:45:00,2024-02-23 05:00:00,2024-02-23 06:45:00,5115,SHORT,51219.59,-9.775316436543807,-17.775316436543807,20.224683563456193,-18.430448193748028,7,TRAILING_STOP,True
2024-02-23 07:45:00,2024-02-23 08:00:00,2024-02-23 09:30:00,5126,SHORT,50915.95,-13.11923866686233,-21.11923866686233,16.88076133313767,-49.55028826919676,6,TRAILING_STOP,False
2024-02-23 10:00:00,2024-02-23 10:15:00,2024-02-23 12:45:00,5139,SHORT,51008.51,2.8426629203636806,-5.157337079636319,16.13456264454753,-49.93480499626417,10,TIME_EXIT,True
2024-02-23 14:15:00,2024-02-23 14:30:00,2024-02-23 14:45:00,5147,LONG,51187.85,-4.254075918406702,-12.254075918406702,15.745924081593298,-75.7074188503715,1,TRAILING_STOP,False
2024-02-23 16:00:00,2024-02-23 16:15:00,2024-02-23 18:45:00,5163,SHORT,50695.15,-80.60139875313527,-88.60139875313527,0.0,-98.34076829834822,10,TIME_EXIT,False
2024-02-23 23:15:00,2024-02-23 23:30:00,2024-02-23 23:45:00,5183,LONG,50790.66,4.807710709016185,-3.1922892909838154,24.807710709016185,-14.211274277593615,1,TRAILING_STOP,False
2024-02-24 05:15:00,2024-02-24 05:30:00,2024-02-24 08:00:00,5216,SHORT,51032.72,2.8138809767538517,-5.186119023246148,18.407797977454923,-16.728483216257207,10,TIME_EXIT,False
2024-02-24 17:30:00,2024-02-24 17:45:00,2024-02-24 18:30:00,5258,LONG,51558.93,6.2282401904002285,-1.7717598095997715,26.22824019040023,-9.579329904635223,3,TRAILING_STOP,False
2024-02-24 19:00:00,2024-02-24 19:15:00,2024-02-24 20:00:00,5264,LONG,51507.43,5.528355811966925,-2.471644188033075,25.528355811966925,-13.510672149630409,3,TRAILING_STOP,True
2024-02-25 02:00:00,2024-02-25 02:15:00,2024-02-25 02:30:00,5290,LONG,51783.13,-12.667496151738767,-20.667496151738767,7.332503848261232,-19.633807380897654,1,TRAILING_STOP,False
2024-02-25 03:00:00,2024-02-25 03:15:00,2024-02-25 05:45:00,5303,LONG,51546.65,23.79786077271719,15.79786077271719,34.83834545988958,-7.304063406642615,10,TIME_EXIT,True
2024-02-25 14:30:00,2024-02-25 14:45:00,2024-02-25 15:30:00,5342,LONG,51754.0,-18.8928392008341,-26.8928392008341,1.1071607991659005,-44.44100939057851,3,TRAILING_STOP,False
2024-02-25 16:00:00,2024-02-25 16:15:00,2024-02-25 18:45:00,5355,LONG,51590.37,-2.013941749206183,-10.013941749206182,0.0,-60.19921935043297,10,TIME_EXIT,True
2024-02-25 20:00:00,2024-02-25 20:15:00,2024-02-25 20:45:00,5363,LONG,51900.0,-18.709055876686495,-26.709055876686495,1.2909441233135046,-37.24277456647416,2,TRAILING_STOP,False
2024-02-25 21:15:00,2024-02-25 21:30:00,2024-02-25 22:45:00,5371,LONG,51674.64,15.870593389717001,7.870593389717001,35.870593389717,-3.653629710820894,5,TRAILING_STOP,True
2024-02-26 07:45:00,2024-02-26 08:00:00,2024-02-26 10:00:00,5416,SHORT,51293.26,46.38820383028876,38.38820383028876,76.38820383028876,-15.869531396522946,8,TRAILING_STOP,False
2024-02-26 10:30:00,2024-02-26 10:45:00,2024-02-26 12:15:00,5425,SHORT,51185.86,14.71156682724498,6.7115668272449795,44.71156682724498,-6.212653260100136,6,TRAILING_STOP,True
2024-02-26 14:45:00,2024-02-26 15:00:00,2024-02-26 15:30:00,5438,LONG,51687.03,175.98146769121794,167.98146769121794,195.98146769121794,0.0,2,TRAILING_STOP,False
2024-02-26 16:00:00,2024-02-26 16:15:00,2024-02-26 18:30:00,5450,LONG,53509.44,0.6617748195454247,-7.338225180454575,20.661774819545425,-78.36934940825503,9,TRAILING_STOP,True
2024-02-26 19:15:00,2024-02-26 19:30:00,2024-02-26 20:00:00,5456,LONG,54234.09,104.62825503295133,96.62825503295133,124.62825503295133,0.0,2,TRAILING_STOP,False
2024-02-26 20:30:00,2024-02-26 20:45:00,2024-02-26 21:30:00,5462,LONG,54564.01,11.702215434678632,3.7022154346786316,31.70221543467863,-45.883724455002586,3,TRAILING_STOP,True
2024-02-27 01:30:00,2024-02-27 01:45:00,2024-02-27 02:00:00,5480,LONG,55100.01,338.226795240145,330.226795240145,358.226795240145,0.0,1,TRAILING_STOP,False
2024-02-27 02:30:00,2024-02-27 02:45:00,2024-02-27 03:45:00,5487,LONG,56259.99,28.00925133474047,20.00925133474047,48.00925133474047,-131.98544827327478,4,TRAILING_STOP,True
2024-02-27 12:30:00,2024-02-27 12:45:00,2024-02-27 15:15:00,5533,LONG,57383.87,-25.97419797584285,-33.97419797584285,0.0,-135.5677126690832,10,TIME_EXIT,False
2024-02-28 07:15:00,2024-02-28 07:30:00,2024-02-28 07:45:00,5599,LONG,57430.0,145.34389691798705,137.34389691798705,165.34389691798705,0.0,1,TRAILING_STOP,False
2024-02-28 08:15:00,2024-02-28 08:30:00,2024-02-28 09:00:00,5604,LONG,58601.42,131.2693719708497,123.2693719708497,151.2693719708497,0.0,2,TRAILING_STOP,True
2024-02-28 13:15:00,2024-02-28 13:30:00,2024-02-28 14:00:00,5624,LONG,60264.01,48.9549201920011,40.9549201920011,68.9549201920011,-16.648410884042026,2,TRAILING_STOP,False
2024-02-28 14:30:00,2024-02-28 14:45:00,2024-02-28 15:15:00,5629,LONG,60356.22,146.30928842130916,138.30928842130916,166.30928842130916,0.0,2,TRAILING_STOP,True
2024-02-28 17:00:00,2024-02-28 17:15:00,2024-02-28 19:45:00,5647,LONG,63690.12,-430.05257330336354,-438.05257330336354,0.0,-783.4998583767784,10,TIME_EXIT,False
2024-02-29 04:45:00,2024-02-29 05:00:00,2024-02-29 05:45:00,5687,LONG,62443.89,15.675227792503655,7.675227792503655,35.675227792503655,-101.3373766432554,3,TRAILING_STOP,False
2024-02-29 06:15:00,2024-02-29 06:30:00,2024-02-29 06:45:00,5691,LONG,63141.1,64.77045854443462,56.77045854443462,84.77045854443462,-40.79593165149111,1,TRAILING_STOP,True
2024-02-29 13:30:00,2024-02-29 13:45:00,2024-02-29 14:00:00,5720,LONG,62762.55,56.07084160856992,48.07084160856992,76.07084160856992,0.0,1,TRAILING_STOP,False
2024-02-29 14:30:00,2024-02-29 14:45:00,2024-02-29 15:30:00,5726,LONG,62958.32,32.364802618621376,24.364802618621376,52.364802618621376,-62.31265383193161,3,TRAILING_STOP,True
2024-02-29 16:30:00,2024-02-29 16:45:00,2024-02-29 17:30:00,5734,SHORT,61855.88,174.97162112963156,166.97162112963156,204.97162112963156,-89.04893116062688,3,TRAILING_STOP,False
2024-03-01 07:30:00,2024-03-01 07:45:00,2024-03-01 08:00:00,5792,SHORT,61422.4,-12.786410169579309,-20.78641016957931,17.21358983042069,-17.98529526687351,1,TRAILING_STOP,False
2024-03-01 08:30:00,2024-03-01 08:45:00,2024-03-01 09:30:00,5798,LONG,62153.46,-14.442787255930583,-22.442787255930583,5.5572127440694175,-48.12765049604597,3,TRAILING_STOP,False
2024-03-01 10:00:00,2024-03-01 10:15:00,2024-03-01 10:30:00,5802,LONG,62000.0,7.419354838709676,-0.5806451612903238,27.419354838709676,-3.475806451613373,1,TRAILING_STOP,True
2024-03-01 14:30:00,2024-03-01 14:45:00,2024-03-01 16:00:00,5824,SHORT,61889.56,92.56509821688758,84.56509821688758,122.56509821688758,-47.2212114611899,5,TRAILING_STOP,False
2024-03-01 16:30:00,2024-03-01 16:45:00,2024-03-01 19:15:00,5837,SHORT,61421.1,-100.42802880443428,-108.42802880443428,0.0,-174.72985667791673,10,TIME_EXIT,True
2024-03-01 20:45:00,2024-03-01 21:00:00,2024-03-01 21:30:00,5846,LONG,62861.1,-18.68281019581286,-26.68281019581286,1.3171898041871422,-54.7922323980968,2,TRAILING_STOP,False
2024-03-01 22:00:00,2024-03-01 22:15:00,2024-03-01 23:15:00,5853,LONG,62489.99,17.754846816266138,9.754846816266138,37.75484681626614,-27.471599851431925,4,TRAILING_STOP,True
2024-03-02 15:45:00,2024-03-02 16:00:00,2024-03-02 16:45:00,5923,SHORT,61771.21,-6.330397283783313,-14.330397283783313,23.669602716216687,-16.59025296736185,3,TRAILING_STOP,False
2024-03-03 07:15:00,2024-03-03 07:30:00,2024-03-03 08:30:00,5986,SHORT,61592.01,2.1762514326128155,-5.8237485673871845,32.176251432612816,-20.686124710006414,4,TRAILING_STOP,False
2024-03-03 09:00:00,2024-03-03 09:15:00,2024-03-03 11:45:00,5999,SHORT,61826.23,5.51081798130064,-2.48918201869936,35.51081798130064,-10.469666353584218,10,TRAILING_STOP,True
2024-03-03 12:00:00,2024-03-03 12:15:00,2024-03-03 12:30:00,6002,LONG,62242.01,43.97126313883472,35.97126313883472,63.97126313883472,0.0,1,TRAILING_STOP,False
2024-03-03 13:00:00,2024-03-03 13:15:00,2024-03-03 14:00:00,6008,LONG,62321.91,-0.9088007732760559,-8.908800773276056,19.091199226723944,-46.05122018885493,3,TRAILING_STOP,True
2024-03-03 22:15:00,2024-03-03 22:30:00,2024-03-04 00:45:00,6051,LONG,63145.17,157.8552500531711,149.8552500531711,177.8552500531711,-133.84554986549222,9,TRAILING_STOP,False
2024-03-04 01:15:00,2024-03-04 01:30:00,2024-03-04 02:45:00,6059,LONG,63816.78,-9.833394915881895,-17.833394915881897,10.166605084118105,-112.31842158128299,5,TRAILING_STOP,True
2024-03-04 07:30:00,2024-03-04 07:45:00,2024-03-04 08:45:00,6083,LONG,64123.14,194.72123791816816,186.72123791816816,214.72123791816816,-19.186521433603975,4,TRAILING_STOP,False
2024-03-04 09:15:00,2024-03-04 09:30:00,2024-03-04 09:45:00,6087,LONG,65167.04,23.420723114015786,15.420723114015786,43.420723114015786,0.0,1,TRAILING_STOP,True
2024-03-04 14:00:00,2024-03-04 14:15:00,2024-03-04 14:30:00,6106,LONG,65224.9,141.7633756433507,133.7633756433507,161.7633756433507,0.0,1,TRAILING_STOP,False
2024-03-04 15:00:00,2024-03-04 15:15:00,2024-03-04 16:15:00,6113,LONG,66303.17,54.93306881103902,46.93306881103902,74.93306881103902,-39.6542126115536,4,TRAILING_STOP,True
2024-03-04 23:00:00,2024-03-04 23:15:00,2024-03-05 00:15:00,6145,LONG,68368.02,-8.927571692145381,-16.92757169214538,11.072428307854619,-134.43419891346946,4,TRAILING_STOP,False
2024-03-05 00:45:00,2024-03-05 01:00:00,2024-03-05 01:30:00,6150,LONG,68034.0,48.49516418261457,40.49516418261457,68.49516418261457,0.0,2,TRAILING_STOP,True
2024-03-05 04:45:00,2024-03-05 05:00:00,2024-03-05 05:15:00,6165,SHORT,67326.18,95.46085341541628,87.46085341541628,125.46085341541628,0.0,1,TRAILING_STOP,False
2024-03-05 14:45:00,2024-03-05 15:00:00,2024-03-05 17:30:00,6214,LONG,68710.41,-544.1431654970479,-552.1431654970479,0.0,-777.1529816224362,10,TIME_EXIT,False
2024-03-05 19:45:00,2024-03-05 20:00:00,2024-03-05 22:30:00,6234,SHORT,61410.98,-253.45793211572175,-261.45793211572175,0.0,-418.3307284788477,10,TIME_EXIT,False
2024-03-06 04:45:00,2024-03-06 05:00:00,2024-03-06 05:30:00,6262,LONG,64607.97,229.65650522683129,221.65650522683129,249.65650522683129,0.0,2,TRAILING_STOP,False
2024-03-06 06:00:00,2024-03-06 06:15:00,2024-03-06 07:15:00,6269,LONG,66305.14,-16.76495668359993,-24.76495668359993,3.2350433164000694,-121.42950003574374,4,TRAILING_STOP,True
2024-03-06 12:45:00,2024-03-06 13:00:00,2024-03-06 13:45:00,6295,SHORT,65929.5,-11.851826572324349,-19.85182657232435,18.14817342767565,-107.62405296566752,3,TRAILING_STOP,False
2024-03-07 08:00:00,2024-03-07 08:15:00,2024-03-07 08:45:00,6371,LONG,66766.05,-5.359325585383591,-13.35932558538359,14.64067441461641,-30.861493228969348,2,TRAILING_STOP,False
2024-03-07 09:15:00,2024-03-07 09:30:00,2024-03-07 09:45:00,6375,LONG,66681.57,11.810888675835816,3.810888675835816,31.810888675835816,-6.069143243028194,1,TRAILING_STOP,True
2024-03-07 14:30:00,2024-03-07 14:45:00,2024-03-07 15:30:00,6398,SHORT,67196.01,36.37447669883893,28.374476698838933,66.37447669883893,-22.916539240946783,3,TRAILING_STOP,False
2024-03-08 06:45:00,2024-03-08 07:00:00,2024-03-08 07:30:00,6462,LONG,67563.6,-16.28498185413577,-24.28498185413577,3.715018145864233,-37.99235091084583,2,TRAILING_STOP,False
2024-03-08 08:00:00,2024-03-08 08:15:00,2024-03-08 08:45:00,6467,LONG,67180.45,11.192110204680514,3.192110204680514,31.192110204680514,-21.098399906519038,2,TRAILING_STOP,True
2024-03-08 14:30:00,2024-03-08 14:45:00,2024-03-08 15:30:00,6494,LONG,68347.59,220.3025476099455,212.3025476099455,240.3025476099455,-175.22051618791482,3,TRAILING_STOP,False
2024-03-08 16:00:00,2024-03-08 16:15:00,2024-03-08 18:45:00,6507,SHORT,66417.31,-325.32181745993586,-333.32181745993586,0.0,-358.59476994777447,10,TIME_EXIT,False
2024-03-09 06:45:00,2024-03-09 07:00:00,2024-03-09 07:45:00,6559,LONG,68426.01,-3.6421851865967945,-11.642185186596794,16.357814813403206,-21.338377029435847,3,TRAILING_STOP,False
2024-03-09 08:15:00,2024-03-09 08:30:00,2024-03-09 08:45:00,6563,LONG,68381.09,-11.377733230048483,-19.377733230048484,8.622266769951517,-11.858541593881657,1,TRAILING_STOP,True
2024-03-10 00:30:00,2024-03-10 00:45:00,2024-03-10 03:15:00,6637,SHORT,68231.18,-107.55053627974803,-115.55053627974803,0.0,-144.3357714171156,10,TIME_EXIT,False
2024-03-10 04:00:00,2024-03-10 04:15:00,2024-03-10 04:45:00,6643,LONG,69479.08,-2.5962001799680934,-10.596200179968093,17.403799820031907,-26.49430591193806,2,TRAILING_STOP,False
2024-03-10 05:15:00,2024-03-10 05:30:00,2024-03-10 08:00:00,6656,LONG,69411.83,-2.120675971228703,-10.120675971228703,8.819822211862324,-49.00317424277669,10,TIME_EXIT,True
2024-03-10 09:15:00,2024-03-10 09:30:00,2024-03-10 11:30:00,6670,SHORT,69364.09,-29.325299301123533,-37.325299301123536,0.674700698876467,-75.47421151203801,8,TRAILING_STOP,False
2024-03-10 14:30:00,2024-03-10 14:45:00,2024-03-10 17:15:00,6693,SHORT,68888.69,-74.22118202567111,-82.22118202567111,0.0,-127.7263365002295,10,TIME_EXIT,False
2024-03-10 22:00:00,2024-03-10 22:15:00,2024-03-10 22:45:00,6715,SHORT,68913.1,88.75100670264518,80.75100670264518,118.75100670264518,0.0,2,TRAILING_STOP,False
2024-03-11 00:45:00,2024-03-11 01:00:00,2024-03-11 01:30:00,6726,SHORT,68095.99,45.15714214596309,37.15714214596309,75.15714214596309,-39.272503417601094,2,TRAILING_STOP,False
2024-03-11 02:00:00,2024-03-11 02:15:00,2024-03-11 03:00:00,6732,SHORT,68518.3,8.359095307385289,0.3590953073852887,38.35909530738529,-7.752673373390078,3,TRAILING_STOP,True
2024-03-11 06:45:00,2024-03-11 07:00:00,2024-03-11 07:15:00,6749,LONG,69319.79,195.26464520449449,187.26464520449449,215.26464520449449,0.0,1,TRAILING_STOP,False
2024-03-11 07:45:00,2024-03-11 08:00:00,2024-03-11 08:15:00,6753,LONG,71019.99,69.83527032318572,61.835270323185725,89.83527032318572,0.0,1,TRAILING_STOP,True
2024-03-12 03:15:00,2024-03-12 03:30:00,2024-03-12 04:00:00,6832,SHORT,71669.18,21.37215187895174,13.37215187895174,51.37215187895174,-15.461318240282955,2,TRAILING_STOP,False
2024-03-12 12:30:00,2024-03-12 12:45:00,2024-03-12 13:30:00,6870,LONG,72069.99,16.49646683730618,8.49646683730618,36.49646683730618,-37.462194735978905,3,TRAILING_STOP,False
2024-03-12 14:00:00,2024-03-12 14:15:00,2024-03-12 14:30:00,6874,LONG,71765.91,48.46286767631062,40.46286767631062,68.46286767631062,-9.323368156274126,1,TRAILING_STOP,True
2024-03-12 15:00:00,2024-03-12 15:15:00,2024-03-12 15:30:00,6878,LONG,71944.05,-0.6015924874958145,-8.601592487495815,19.398407512504185,-12.463852118416776,1,TRAILING_STOP,False
2024-03-12 16:00:00,2024-03-12 16:15:00,2024-03-12 18:45:00,6891,LONG,71456.51,-6.479465621815054,-14.479465621815054,5.734956828987377,-396.8413794628353,10,TIME_EXIT,True
2024-03-13 01:30:00,2024-03-13 01:45:00,2024-03-13 02:15:00,6921,LONG,71854.52,11.352237827209592,3.352237827209592,31.352237827209592,0.0,2,TRAILING_STOP,False
2024-03-13 02:45:00,2024-03-13 03:00:00,2024-03-13 03:15:00,6925,LONG,71980.0,13.03556543484212,5.03556543484212,33.03556543484212,0.0,1,TRAILING_STOP,True
2024-03-13 06:30:00,2024-03-13 06:45:00,2024-03-13 07:15:00,6941,LONG,72561.1,65.59958435029172,57.59958435029172,85.59958435029172,0.0,2,TRAILING_STOP,False
2024-03-13 07:45:00,2024-03-13 08:00:00,2024-03-13 08:15:00,6945,LONG,72855.15,89.13435769468677,81.13435769468677,109.13435769468677,0.0,1,TRAILING_STOP,True
2024-03-13 12:30:00,2024-03-13 12:45:00,2024-03-13 13:00:00,6964,SHORT,72735.86,-5.973336948240558,-13.973336948240558,24.026663051759442,-40.54121309626429,1,TRAILING_STOP,False
2024-03-13 13:30:00,2024-03-13 13:45:00,2024-03-13 14:00:00,6968,SHORT,72550.0,45.658166781529175,37.658166781529175,75.65816678152918,-49.673328738801466,1,TRAILING_STOP,False
2024-03-14 04:00:00,2024-03-14 04:15:00,2024-03-14 06:45:00,7035,LONG,73553.74,3.209897960321335,-4.790102039678665,6.289279103957836,-118.78933688484163,10,TIME_EXIT,False
2024-03-14 12:15:00,2024-03-14 12:30:00,2024-03-14 12:45:00,7059,SHORT,72761.33,-8.102379382014906,-16.102379382014906,21.897620617985094,-12.190541321880328,1,TRAILING_STOP,False
2024-03-14 13:30:00,2024-03-14 13:45:00,2024-03-14 14:00:00,7064,SHORT,72118.41,28.593915201403775,20.593915201403775,58.593915201403775,-7.15351322914586,1,TRAILING_STOP,False
2024-03-14 14:30:00,2024-03-14 14:45:00,2024-03-14 15:00:00,7068,SHORT,71794.47,0.4396703534420041,-7.560329646557996,30.439670353442004,-38.23274968113912,1,TRAILING_STOP,True
2024-03-14 18:45:00,2024-03-14 19:00:00,2024-03-14 19:30:00,7086,SHORT,70098.49,190.18876583504226,182.18876583504226,220.18876583504226,-15.90761798149928,2,TRAILING_STOP,False
2024-03-14 20:00:00,2024-03-14 20:15:00,2024-03-14 22:45:00,7099,SHORT,70124.2,-201.78483319595804,-209.78483319595804,0.0,-219.92122548278735,10,TIME_EXIT,True
2024-03-14 23:00:00,2024-03-14 23:15:00,2024-03-15 00:15:00,7105,SHORT,71700.0,32.20362622036262,24.203626220362622,62.20362622036262,-57.10320781031981,4,TRAILING_STOP,False
2024-03-15 00:45:00,2024-03-15 01:00:00,2024-03-15 02:30:00,7114,SHORT,71910.01,324.5834578523905,316.5834578523905,354.5834578523905,-22.028921981794124,6,TRAILING_STOP,True
2024-03-15 02:45:00,2024-03-15 03:00:00,2024-03-15 03:15:00,7117,SHORT,69035.39,308.43366424090596,300.43366424090596,338.43366424090596,-46.287853230061124,1,TRAILING_STOP,False
2024-03-15 03:45:00,2024-03-15 04:00:00,2024-03-15 04:15:00,7121,SHORT,68224.01,7.8180643442088495,-0.18193565579115045,37.81806434420885,-38.995069331164814,1,TRAILING_STOP,True
2024-03-15 09:00:00,2024-03-15 09:15:00,2024-03-15 11:45:00,7151,SHORT,66136.0,-245.21591871295433,-253.21591871295433,0.0,-297.48397242046724,10,TIME_EXIT,False
2024-03-15 18:45:00,2024-03-15 19:00:00,2024-03-15 19:15:00,7181,LONG,70234.0,8.70262266138857,0.7026226613885704,28.70262266138857,-87.22556026995406,1,TRAILING_STOP,False
2024-03-15 19:45:00,2024-03-15 20:00:00,2024-03-15 20:15:00,7185,SHORT,68964.0,130.37207818572082,122.37207818572082,160.37207818572082,0.0,1,TRAILING_STOP,False
2024-03-15 20:45:00,2024-03-15 21:00:00,2024-03-15 23:30:00,7198,SHORT,67871.98,-268.50992117807783,-276.50992117807783,0.0,-276.7003408475787,10,TIME_EXIT,True
2024-03-16 00:00:00,2024-03-16 00:15:00,2024-03-16 01:30:00,7206,SHORT,69772.0,72.61996216247205,64.61996216247205,102.61996216247205,-28.234821991629882,5,TRAILING_STOP,False
2024-03-16 02:00:00,2024-03-16 02:15:00,2024-03-16 02:30:00,7210,SHORT,69100.0,-5.688856729376955,-13.688856729376955,24.311143270623045,-20.29088277858269,1,TRAILING_STOP,True
2024-03-16 08:15:00,2024-03-16 08:30:00,2024-03-16 10:15:00,7241,SHORT,69176.2,95.16443516700781,87.16443516700781,125.16443516700781,-14.730499796173934,7,TRAILING_STOP,False
2024-03-16 10:45:00,2024-03-16 11:00:00,2024-03-16 11:30:00,7246,SHORT,68427.54,72.59173426371821,64.59173426371821,102.59173426371821,-5.885057390636004,2,TRAILING_STOP,True
2024-03-16 17:45:00,2024-03-16 18:00:00,2024-03-16 18:15:00,7273,SHORT,67275.85,45.40595919635395,37.40595919635395,75.40595919635395,-7.1571002075773364,1,TRAILING_STOP,False
2024-03-16 18:45:00,2024-03-16 19:00:00,2024-03-16 20:00:00,7280,SHORT,67030.6,9.407375139116866,1.4073751391168656,39.407375139116866,-94.06151817229743,4,TRAILING_STOP,True
2024-03-17 06:30:00,2024-03-17 06:45:00,2024-03-17 07:00:00,7324,SHORT,65667.37,89.90277667584303,81.90277667584303,119.90277667584303,0.0,1,TRAILING_STOP,False
2024-03-17 07:30:00,2024-03-17 07:45:00,2024-03-17 08:15:00,7329,SHORT,65324.5,-24.71867369822961,-32.71867369822961,5.281326301770392,-75.04688133854913,2,TRAILING_STOP,True
2024-03-17 10:15:00,2024-03-17 10:30:00,2024-03-17 10:45:00,7339,SHORT,67060.04,8.36561982366829,0.3656198236682897,38.36561982366829,-17.169688535825422,1,TRAILING_STOP,False
2024-03-17 11:15:00,2024-03-17 11:30:00,2024-03-17 12:00:00,7344,SHORT,67072.0,-6.370169370228229,-14.37016937022823,23.62983062977177,-49.57806536259525,2,TRAILING_STOP,True
2024-03-17 22:45:00,2024-03-17 23:00:00,2024-03-17 23:45:00,7391,SHORT,68228.01,-7.6294222856580305,-15.62942228565803,22.37057771434197,-62.60771785664033,3,TRAILING_STOP,False
2024-03-18 00:30:00,2024-03-18 00:45:00,2024-03-18 01:00:00,7396,SHORT,67485.71,71.60817749416971,63.60817749416971,101.60817749416971,-0.4875106152092935,1,TRAILING_STOP,False
2024-03-18 01:30:00,2024-03-18 01:45:00,2024-03-18 02:30:00,7402,SHORT,67444.04,-23.471624772181674,-31.471624772181674,6.528375227818327,-48.33043809356711,3,TRAILING_STOP,True
2024-03-18 08:15:00,2024-03-18 08:30:00,2024-03-18 11:00:00,7436,SHORT,67521.55,-92.26091521891779,-100.26091521891779,0.0,-104.43776838653629,10,TIME_EXIT,False
2024-03-18 13:30:00,2024-03-18 13:45:00,2024-03-18 14:00:00,7448,SHORT,67633.08,28.44329431692362,20.44329431692362,58.44329431692362,-15.341605025232438,1,TRAILING_STOP,False
2024-03-18 14:30:00,2024-03-18 14:45:00,2024-03-18 15:15:00,7453,SHORT,66923.8,14.097914344375226,6.097914344375226,44.097914344375226,-32.208272692226515,2,TRAILING_STOP,True
2024-03-19 00:45:00,2024-03-19 01:00:00,2024-03-19 01:15:00,7493,SHORT,67086.96,113.39001200829586,105.39001200829586,143.39001200829586,0.0,1,TRAILING_STOP,False
2024-03-19 01:45:00,2024-03-19 02:00:00,2024-03-19 02:45:00,7499,SHORT,65851.6,23.240923531092,15.240923531092001,53.240923531092,-80.94108571393781,3,TRAILING_STOP,True
2024-03-19 03:30:00,2024-03-19 03:45:00,2024-03-19 04:15:00,7505,SHORT,65236.0,1.3017352382115845,-6.6982647617884155,31.301735238211585,-113.44962903918172,2,TRAILING_STOP,False
2024-03-19 04:45:00,2024-03-19 05:00:00,2024-03-19 05:45:00,7511,SHORT,65341.18,79.14709529273887,71.14709529273887,109.14709529273887,0.0,3,TRAILING_STOP,True
2024-03-19 07:00:00,2024-03-19 07:15:00,2024-03-19 08:45:00,7523,SHORT,63956.07,99.31845249403219,91.31845249403219,129.3184524940322,-121.63192641449099,6,TRAILING_STOP,False
2024-03-19 09:15:00,2024-03-19 09:30:00,2024-03-19 09:45:00,7527,SHORT,63606.35,-12.651103231045557,-20.651103231045557,17.348896768954443,-93.33187645573146,1,TRAILING_STOP,True
2024-03-19 23:00:00,2024-03-19 23:15:00,2024-03-19 23:30:00,7582,SHORT,61940.0,18.98127219890207,10.981272198902069,48.98127219890207,-41.97610590894414,1,TRAILING_STOP,False
2024-03-20 00:00:00,2024-03-20 00:15:00,2024-03-20 01:15:00,7589,SHORT,62128.1,9.128832203141343,1.128832203141343,39.12883220314134,-202.49130425685013,4,TRAILING_STOP,True
2024-03-20 04:30:00,2024-03-20 04:45:00,2024-03-20 05:00:00,7604,SHORT,61320.31,16.527814357102514,8.527814357102514,46.527814357102514,-74.02767533301811,1,TRAILING_STOP,False
2024-03-20 05:30:00,2024-03-20 05:45:00,2024-03-20 08:15:00,7617,SHORT,61483.88,-246.76874653974397,-254.76874653974397,0.0,-280.45399867412465,10,TIME_EXIT,True
2024-03-20 08:45:00,2024-03-20 09:00:00,2024-03-20 11:30:00,7630,SHORT,62684.71,-122.38072091264351,-130.3807209126435,0.0,-203.08461186148884,10,TIME_EXIT,False
2024-03-20 17:15:00,2024-03-20 17:30:00,2024-03-20 17:45:00,7655,LONG,64086.21,9.012481780401789,1.0124817804017887,29.01248178040179,-35.68474403463746,1,TRAILING_STOP,False
2024-03-20 18:15:00,2024-03-20 18:30:00,2024-03-20 19:00:00,7660,LONG,64403.89,187.4579656601489,179.4579656601489,207.4579656601489,-0.2530903024642426,2,TRAILING_STOP,True
2024-03-21 03:45:00,2024-03-21 04:00:00,2024-03-21 04:15:00,7697,SHORT,66654.46,-20.57227378332807,-28.57227378332807,9.42772621667193,-44.0390635525355,1,TRAILING_STOP,False
2024-03-21 13:30:00,2024-03-21 13:45:00,2024-03-21 14:00:00,7736,SHORT,67035.99,45.25211457308326,37.25211457308326,75.25211457308326,-23.996065397109906,1,TRAILING_STOP,False
2024-03-21 15:00:00,2024-03-21 15:15:00,2024-03-21 15:30:00,7742,SHORT,66316.0,8.603052053803005,0.6030520538030046,38.603052053803005,-24.181193075577625,1,TRAILING_STOP,False
2024-03-22 09:30:00,2024-03-22 09:45:00,2024-03-22 10:30:00,7818,SHORT,65440.85,95.44152467457275,87.44152467457275,125.44152467457275,-24.319671886902672,3,TRAILING_STOP,False
2024-03-22 11:00:00,2024-03-22 11:15:00,2024-03-22 12:00:00,7824,SHORT,64838.32,110.95059834986492,102.95059834986492,140.95059834986492,-15.682084298297719,3,TRAILING_STOP,True
2024-03-22 13:30:00,2024-03-22 13:45:00,2024-03-22 14:15:00,7833,SHORT,63630.01,116.15587833476769,108.15587833476769,146.1558783347677,0.0,2,TRAILING_STOP,False
2024-03-22 14:45:00,2024-03-22 15:00:00,2024-03-22 17:30:00,7846,SHORT,62739.99,-152.62673774732858,-160.62673774732858,0.0,-255.32359823455528,10,TIME_EXIT,True
2024-03-22 21:30:00,2024-03-22 21:45:00,2024-03-22 22:00:00,7864,SHORT,62684.5,-28.42385278657445,-36.42385278657445,1.5761472134255488,-56.91040049773038,1,TRAILING_STOP,False
2024-03-22 22:30:00,2024-03-22 22:45:00,2024-03-22 23:00:00,7868,SHORT,63092.27,-12.99791717749309,-20.99791717749309,17.00208282250691,-36.8935845865118,1,TRAILING_STOP,True
2024-03-23 01:30:00,2024-03-23 01:45:00,2024-03-23 03:30:00,7886,SHORT,64074.5,137.69541705358608,129.69541705358608,167.69541705358608,-46.88448602798359,7,TRAILING_STOP,False
2024-03-23 04:00:00,2024-03-23 04:15:00,2024-03-23 05:15:00,7893,SHORT,63774.17,-21.625136007258703,-29.625136007258703,8.374863992741297,-49.523184700012834,4,TRAILING_STOP,True
2024-03-23 07:00:00,2024-03-23 07:15:00,2024-03-23 07:45:00,7903,LONG,64503.7,13.387232050254575,5.387232050254575,33.387232050254575,-7.371670152254155,2,TRAILING_STOP,False
2024-03-23 14:30:00,2024-03-23 14:45:00,2024-03-23 15:00:00,7932,LONG,65078.17,21.769767035551517,13.769767035551517,41.76976703555152,-2.1066972227398417,1,TRAILING_STOP,False
2024-03-23 15:30:00,2024-03-23 15:45:00,2024-03-23 16:45:00,7939,LONG,64856.69,127.80587785161336,119.80587785161336,147.80587785161336,0.0,4,TRAILING_STOP,True
2024-03-23 23:15:00,2024-03-23 23:30:00,2024-03-24 00:00:00,7968,SHORT,64413.99,55.74690063447311,47.74690063447311,85.7469006344731,-5.590400470457123,2,TRAILING_STOP,False
2024-03-24 00:30:00,2024-03-24 00:45:00,2024-03-24 01:15:00,7973,SHORT,64506.65,-10.366365328225626,-18.366365328225626,19.633634671774374,-33.56398138796574,2,TRAILING_STOP,True
2024-03-24 07:45:00,2024-03-24 08:00:00,2024-03-24 08:15:00,8001,LONG,64583.44,38.52583882183977,30.52583882183977,58.52583882183977,0.0,1,TRAILING_STOP,False
2024-03-24 08:45:00,2024-03-24 09:00:00,2024-03-24 10:45:00,8011,LONG,65244.0,-0.8932622156821317,-8.893262215682132,19.10673778431787,-68.0522346882472,7,TRAILING_STOP,True
2024-03-24 12:00:00,2024-03-24 12:15:00,2024-03-24 14:45:00,8027,SHORT,65213.99,-66.85682013936079,-74.85682013936079,0.0,-109.05635431906626,10,TIME_EXIT,False
2024-03-24 17:00:00,2024-03-24 17:15:00,2024-03-24 19:45:00,8047,SHORT,64869.86,-150.0172807525719,-158.0172807525719,0.0,-181.30607958765515,10,TIME_EXIT,False
2024-03-24 22:00:00,2024-03-24 22:15:00,2024-03-24 23:15:00,8061,LONG,66841.26,97.80597792441489,89.80597792441489,117.80597792441489,-13.354027138326652,4,TRAILING_STOP,False
2024-03-24 23:45:00,2024-03-25 00:00:00,2024-03-25 02:30:00,8074,LONG,67210.0,-75.88305311709489,-83.88305311709489,0.0,-122.74066359172777,10,TIME_EXIT,True
2024-03-25 13:30:00,2024-03-25 13:45:00,2024-03-25 14:00:00,8120,LONG,67185.01,220.37951322772824,212.37951322772824,240.37951322772824,0.0,1,TRAILING_STOP,False
2024-03-25 14:30:00,2024-03-25 14:45:00,2024-03-25 15:00:00,8124,LONG,69102.81,77.41137878474107,69.41137878474107,97.41137878474107,0.0,1,TRAILING_STOP,True
2024-03-26 07:00:00,2024-03-26 07:15:00,2024-03-26 07:30:00,8190,LONG,70824.01,83.07239028120549,75.07239028120549,103.07239028120549,0.0,1,TRAILING_STOP,False
2024-03-26 08:00:00,2024-03-26 08:15:00,2024-03-26 10:00:00,8200,LONG,70630.01,72.02745405246371,64.02745405246371,92.02745405246371,-21.61404196318094,7,TRAILING_STOP,True
2024-03-26 13:30:00,2024-03-26 13:45:00,2024-03-26 14:00:00,8216,SHORT,70554.0,33.206905349093894,25.206905349093894,63.206905349093894,-17.320066899112323,1,TRAILING_STOP,False
2024-03-26 14:15:00,2024-03-26 14:30:00,2024-03-26 16:45:00,8227,SHORT,69588.87,-4.583579241911046,-12.583579241911046,25.416420758088954,-130.78671919805635,9,TRAILING_STOP,False
2024-03-27 00:30:00,2024-03-27 00:45:00,2024-03-27 01:15:00,8261,LONG,70453.86,20.564136585276316,12.564136585276316,40.564136585276316,-4.805982241427309,2,TRAILING_STOP,False
2024-03-27 01:45:00,2024-03-27 02:00:00,2024-03-27 03:00:00,8268,LONG,70326.74,31.330404338376937,23.330404338376937,51.33040433837694,-20.079133484647006,4,TRAILING_STOP,True
2024-03-27 07:15:00,2024-03-27 07:30:00,2024-03-27 08:00:00,8288,SHORT,69815.99,-4.792307607468544,-12.792307607468544,25.207692392531456,-18.39263469586107,2,TRAILING_STOP,False
2024-03-27 08:30:00,2024-03-27 08:45:00,2024-03-27 09:00:00,8292,SHORT,69684.01,9.752304725287019,1.7523047252870185,39.75230472528702,-15.21008908643536,1,TRAILING_STOP,True
2024-03-27 13:00:00,2024-03-27 13:15:00,2024-03-27 13:30:00,8310,LONG,71238.79,54.50294986762128,46.50294986762128,74.50294986762128,-122.28590631592623,1,TRAILING_STOP,False
2024-03-27 13:45:00,2024-03-27 14:00:00,2024-03-27 14:15:00,8313,SHORT,69891.99,91.67631798722546,83.67631798722546,121.67631798722546,-24.579354515444983,1,TRAILING_STOP,False
2024-03-27 14:45:00,2024-03-27 15:00:00,2024-03-27 16:00:00,8320,SHORT,70050.74,211.47639268336238,203.47639268336238,241.47639268336238,0.0,4,TRAILING_STOP,True
2024-03-28 06:15:00,2024-03-28 06:30:00,2024-03-28 07:00:00,8380,LONG,70077.18,36.02965187811696,28.029651878116958,56.02965187811696,0.0,2,TRAILING_STOP,False
2024-03-28 07:30:00,2024-03-28 07:45:00,2024-03-28 08:00:00,8384,LONG,70350.01,12.733470826798587,4.733470826798587,32.73347082679859,-3.1016342428369854,1,TRAILING_STOP,True
2024-03-28 13:15:00,2024-03-28 13:30:00,2024-03-28 14:00:00,8408,LONG,71020.0,9.687411996620177,1.6874119966201775,29.687411996620177,-47.46550267530355,2,TRAILING_STOP,False
2024-03-28 14:30:00,2024-03-28 14:45:00,2024-03-28 15:00:00,8412,LONG,71270.0,17.60067349515868,9.60067349515868,37.60067349515868,-15.185912726251708,1,TRAILING_STOP,True
2024-03-29 03:15:00,2024-03-29 03:30:00,2024-03-29 04:15:00,8465,SHORT,70304.96,-27.303177471403668,-35.30317747140367,2.696822528596332,-27.457522200424208,3,TRAILING_STOP,False
2024-03-29 07:30:00,2024-03-29 07:45:00,2024-03-29 08:30:00,8482,SHORT,69991.57,9.943381752974965,1.9433817529749646,39.943381752974965,-13.20730482256474,3,TRAILING_STOP,False
2024-03-29 09:00:00,2024-03-29 09:15:00,2024-03-29 10:00:00,8488,SHORT,69953.1,25.337075840814173,17.337075840814173,55.33707584081417,0.0,3,TRAILING_STOP,True
2024-03-29 15:30:00,2024-03-29 15:45:00,2024-03-29 16:00:00,8512,SHORT,69386.0,2.356671374628128,-5.643328625371872,32.35667137462813,-6.527253336406998,1,TRAILING_STOP,False
2024-03-29 16:30:00,2024-03-29 16:45:00,2024-03-29 17:00:00,8516,SHORT,69334.96,3.8876664816719284,-4.112333518328072,33.88766648167193,-2.151872590681274,1,TRAILING_STOP,True
2024-03-29 20:15:00,2024-03-29 20:30:00,2024-03-29 22:00:00,8536,SHORT,69646.95,21.25134697212112,13.25134697212112,51.25134697212112,0.0,6,TRAILING_STOP,False
2024-03-29 22:30:00,2024-03-29 22:45:00,2024-03-30 01:15:00,8549,SHORT,69680.0,-58.711251435132866,-66.71125143513287,0.0,-62.3579219288167,10,TIME_EXIT,True
2024-03-30 14:30:00,2024-03-30 14:45:00,2024-03-30 16:45:00,8611,SHORT,70034.1,-10.852184864229596,-18.852184864229596,19.147815135770404,-35.120034383249276,8,TRAILING_STOP,False
2024-03-30 17:15:00,2024-03-30 17:30:00,2024-03-30 19:15:00,8621,SHORT,70034.06,21.983277850805408,13.983277850805408,51.98327785080541,-3.364077421757024,7,TRAILING_STOP,True
2024-03-31 00:30:00,2024-03-31 00:45:00,2024-03-31 02:30:00,8650,LONG,69909.99,16.599919410658664,8.599919410658664,36.599919410658664,-10.261766594445978,7,TRAILING_STOP,False
2024-03-31 05:00:00,2024-03-31 05:15:00,2024-03-31 06:00:00,8664,LONG,70229.07,12.882394712046306,4.882394712046306,32.882394712046306,-3.9000943626355817,3,TRAILING_STOP,False
2024-03-31 06:30:00,2024-03-31 06:45:00,2024-03-31 08:30:00,8674,LONG,70292.09,5.310102459608686,-2.689897540391314,25.310102459608686,-18.30077893543917,7,TRAILING_STOP,True
2024-03-31 12:00:00,2024-03-31 12:15:00,2024-03-31 13:45:00,8695,LONG,70544.83,10.373593642511306,2.373593642511306,30.373593642511306,-23.722503831961294,6,TRAILING_STOP,False
2024-03-31 14:15:00,2024-03-31 14:30:00,2024-03-31 17:00:00,8708,LONG,70667.15,-23.653140108239004,-31.653140108239004,0.0,-53.40954035927486,10,TIME_EXIT,True
2024-03-31 18:30:00,2024-03-31 18:45:00,2024-03-31 20:15:00,8721,LONG,70947.99,7.904948399524201,-0.09505160047579864,27.9049483995242,-42.41557794660674,6,TRAILING_STOP,False
2024-03-31 20:45:00,2024-03-31 21:00:00,2024-03-31 21:15:00,8725,LONG,70840.0,-5.8356860530778505,-13.83568605307785,14.16431394692215,-14.79249011857617,1,TRAILING_STOP,True
2024-03-31 23:30:00,2024-03-31 23:45:00,2024-04-01 00:00:00,8736,LONG,71281.31,-19.029198537456978,-27.029198537456978,0.970801462543022,-24.354210100795186,1,TRAILING_STOP,False
2024-04-01 00:30:00,2024-04-01 00:45:00,2024-04-01 01:15:00,8741,LONG,70919.75,15.579651648518471,7.579651648518471,35.57965164851847,0.0,2,TRAILING_STOP,True
2024-04-01 04:15:00,2024-04-01 04:30:00,2024-04-01 07:00:00,8764,LONG,70601.54,-127.40373651906046,-135.40373651906046,0.0,-242.70575401046403,10,TIME_EXIT,False
2024-04-01 13:30:00,2024-04-01 13:45:00,2024-04-01 14:45:00,8795,SHORT,69965.32,163.5058683359141,155.5058683359141,193.5058683359141,0.0,4,TRAILING_STOP,False
2024-04-01 15:15:00,2024-04-01 15:30:00,2024-04-01 16:00:00,8800,SHORT,68816.0,79.44257149500108,71.44257149500108,109.44257149500108,0.0,2,TRAILING_STOP,True
2024-04-01 21:30:00,2024-04-01 21:45:00,2024-04-01 22:30:00,8826,SHORT,69699.99,-12.492106526844722,-20.492106526844722,17.507893473155278,-19.226688554760877,3,TRAILING_STOP,False
2024-04-01 23:00:00,2024-04-01 23:15:00,2024-04-02 00:45:00,8835,SHORT,69800.85,79.00297059419846,71.00297059419846,109.00297059419846,-10.7720751251579,6,TRAILING_STOP,True
2024-04-02 02:15:00,2024-04-02 02:30:00,2024-04-02 02:45:00,8843,SHORT,68447.76,243.95929391991615,235.95929391991615,273.95929391991615,0.0,1,TRAILING_STOP,False
2024-04-02 03:15:00,2024-04-02 03:30:00,2024-04-02 04:15:00,8849,SHORT,66952.0,64.06141713466286,56.06141713466286,94.06141713466286,0.0,3,TRAILING_STOP,True
2024-04-02 09:00:00,2024-04-02 09:15:00,2024-04-02 11:45:00,8879,LONG,66324.97,-105.88470677031574,-113.88470677031574,0.0,-188.46144973755756,10,TIME_EXIT,False
2024-04-02 13:30:00,2024-04-02 13:45:00,2024-04-02 14:45:00,8891,LONG,65062.7,162.4593814889337,154.4593814889337,182.4593814889337,0.0,4,TRAILING_STOP,False
2024-04-03 00:30:00,2024-04-03 00:45:00,2024-04-03 01:15:00,8933,LONG,65179.09,39.815195333351525,31.815195333351525,59.815195333351525,-13.668493990940425,2,TRAILING_STOP,False
2024-04-03 03:45:00,2024-04-03 04:00:00,2024-04-03 04:15:00,8945,SHORT,66225.79,-14.025860620161177,-22.025860620161176,15.974139379838823,-18.290457539276566,1,TRAILING_STOP,False
2024-04-03 04:45:00,2024-04-03 05:00:00,2024-04-03 06:00:00,8952,SHORT,66320.41,30.37507910460799,22.37507910460799,60.37507910460799,0.0,4,TRAILING_STOP,True
2024-04-03 08:30:00,2024-04-03 08:45:00,2024-04-03 09:00:00,8964,LONG,66548.39,-6.6202623384286845,-14.620262338428685,13.379737661571315,-22.296557437378222,1,TRAILING_STOP,False
2024-04-03 14:00:00,2024-04-03 14:15:00,2024-04-03 14:30:00,8986,LONG,66628.84,5.088235064576168,-2.9117649354238324,25.088235064576168,-30.056053804928133,1,TRAILING_STOP,False
2024-04-03 15:30:00,2024-04-03 15:45:00,2024-04-03 16:00:00,8992,SHORT,65844.15,-21.80792826697774,-29.80792826697774,8.192071733022262,-37.33816899451293,1,TRAILING_STOP,False
2024-04-03 16:30:00,2024-04-03 16:45:00,2024-04-03 18:30:00,9002,SHORT,66329.35,102.32905192045499,94.32905192045499,132.329051920455,-7.0330856551427345,7,TRAILING_STOP,True
2024-04-04 02:15:00,2024-04-04 02:30:00,2024-04-04 04:15:00,9041,SHORT,65600.06,51.637120453853385,43.637120453853385,81.63712045385338,-37.208807430968285,7,TRAILING_STOP,False
2024-04-04 04:45:00,2024-04-04 05:00:00,2024-04-04 05:45:00,9047,SHORT,65480.41,-15.2765124714394,-23.2765124714394,14.7234875285606,-35.15097110723623,3,TRAILING_STOP,True
2024-04-04 07:15:00,2024-04-04 07:30:00,2024-04-04 08:30:00,9058,LONG,66160.41,21.506695620538103,13.506695620538103,41.5066956205381,-25.738957784573607,4,TRAILING_STOP,False
2024-04-04 09:00:00,2024-04-04 09:15:00,2024-04-04 10:00:00,9064,LONG,66261.16,-5.0817583030554765,-13.081758303055476,14.918241696944524,-18.093555862891538,3,TRAILING_STOP,True
2024-04-04 12:00:00,2024-04-04 12:15:00,2024-04-04 13:15:00,9077,LONG,66573.57,116.15463313744371,108.15463313744371,136.1546331374437,-12.025793419222104,4,TRAILING_STOP,False
2024-04-04 13:45:00,2024-04-04 14:00:00,2024-04-04 14:15:00,9081,LONG,67242.14,42.4876007812969,34.4876007812969,62.4876007812969,0.0,1,TRAILING_STOP,True
2024-04-04 18:00:00,2024-04-04 18:15:00,2024-04-04 18:45:00,9099,LONG,68899.67,0.3672963890831049,-7.632703610916895,20.367296389083105,-56.464711659721104,2,TRAILING_STOP,False
2024-04-04 19:15:00,2024-04-04 19:30:00,2024-04-04 19:45:00,9103,LONG,68701.33,-5.883824956518902,-13.883824956518902,14.116175043481098,-51.13874796892604,1,TRAILING_STOP,True
2024-04-04 20:00:00,2024-04-04 20:15:00,2024-04-04 21:00:00,9108,SHORT,67773.25,-25.287226154861642,-33.28722615486164,4.712773845138359,-55.39648755224257,3,TRAILING_STOP,False
2024-04-05 05:15:00,2024-04-05 05:30:00,2024-04-05 08:00:00,9152,SHORT,66674.0,-95.38950715421304,-103.38950715421304,0.0,-103.16615172331132,10,TIME_EXIT,False
2024-04-05 12:00:00,2024-04-05 12:15:00,2024-04-05 12:30:00,9170,LONG,66595.74,1.565944007829227,-6.434055992170773,21.565944007829227,-96.57975119729994,1,TRAILING_STOP,False
2024-04-05 19:30:00,2024-04-05 19:45:00,2024-04-05 20:15:00,9201,SHORT,67600.01,8.16715411728412,0.16715411728412022,38.16715411728412,-2.9571001542759,2,TRAILING_STOP,False
2024-04-06 02:30:00,2024-04-06 02:45:00,2024-04-06 05:15:00,9237,SHORT,67492.51,-75.19056559016852,-83.19056559016852,0.0,-80.1318546309808,10,TIME_EXIT,False
2024-04-06 05:30:00,2024-04-06 05:45:00,2024-04-06 07:15:00,9245,LONG,68093.6,-9.822832101697024,-17.822832101697024,10.177167898302976,-36.4791992198986,6,TRAILING_STOP,False
2024-04-06 07:45:00,2024-04-06 08:00:00,2024-04-06 09:15:00,9253,LONG,67992.02,-1.1772028541002442,-9.177202854100244,18.822797145899756,-19.486110281766187,5,TRAILING_STOP,True
2024-04-06 09:45:00,2024-04-06 10:00:00,2024-04-06 12:30:00,9266,SHORT,67792.0,18.994866650932863,10.994866650932863,26.07682322397906,-16.572751947133263,10,TIME_EXIT,False
2024-04-06 15:00:00,2024-04-06 15:15:00,2024-04-06 17:45:00,9287,LONG,68242.12,15.457573709609427,7.457573709609427,35.45757370960943,-42.977855904827344,10,TRAILING_STOP,False
2024-04-06 18:15:00,2024-04-06 18:30:00,2024-04-06 19:45:00,9295,LONG,68259.76,2.742535279937293,-5.257464720062707,22.742535279937293,-6.117806449948661,5,TRAILING_STOP,True
2024-04-06 22:45:00,2024-04-06 23:00:00,2024-04-06 23:15:00,9309,LONG,69056.0,60.65772706209529,52.65772706209529,80.65772706209529,0.0,1,TRAILING_STOP,False
2024-04-06 23:45:00,2024-04-07 00:00:00,2024-04-07 00:15:00,9313,LONG,68896.0,16.86716209939619,8.86716209939619,36.86716209939619,-10.450534138411518,1,TRAILING_STOP,True
2024-04-07 15:00:00,2024-04-07 15:15:00,2024-04-07 16:15:00,9377,LONG,69799.99,34.11318826836391,26.113188268363913,54.11318826836391,-62.972788391517376,4,TRAILING_STOP,False
2024-04-07 16:45:00,2024-04-07 17:00:00,2024-04-07 19:30:00,9390,LONG,70074.01,-114.26347657283888,-122.26347657283888,0.0,-119.85470790097433,10,TIME_EXIT,True
2024-04-08 01:15:00,2024-04-08 01:30:00,2024-04-08 04:00:00,9424,LONG,69720.01,-54.505155693465156,-62.505155693465156,0.0,-85.1477215794998,10,TIME_EXIT,False
2024-04-08 07:15:00,2024-04-08 07:30:00,2024-04-08 07:45:00,9439,LONG,70088.43,88.6584476210991,80.6584476210991,108.6584476210991,0.0,1,TRAILING_STOP,False
2024-04-08 08:15:00,2024-04-08 08:30:00,2024-04-08 08:45:00,9443,LONG,71271.99,97.85836202973985,89.85836202973985,117.85836202973985,-24.708163754092713,1,TRAILING_STOP,True
2024-04-08 09:15:00,2024-04-08 09:30:00,2024-04-08 11:30:00,9454,LONG,72368.0,18.671788635861233,10.671788635861233,38.67178863586123,-79.5848994030514,8,TRAILING_STOP,False
2024-04-08 12:00:00,2024-04-08 12:15:00,2024-04-08 14:45:00,9467,LONG,72719.99,-136.68731252575876,-144.68731252575876,0.0,-202.8080586919782,10,TIME_EXIT,True
2024-04-09 01:00:00,2024-04-09 01:15:00,2024-04-09 03:45:00,9519,SHORT,71073.41,-29.770627299294702,-37.7706272992947,0.0,-79.99616171504894,10,TIME_EXIT,False
2024-04-09 06:30:00,2024-04-09 06:45:00,2024-04-09 07:45:00,9535,SHORT,70776.02,64.10249403682265,56.10249403682265,94.10249403682265,-23.296025970376704,4,TRAILING_STOP,False
2024-04-09 08:15:00,2024-04-09 08:30:00,2024-04-09 11:00:00,9548,SHORT,70120.0,-110.95835710210976,-118.95835710210976,0.0,-111.23787792355962,10,TIME_EXIT,True
2024-04-09 13:45:00,2024-04-09 14:00:00,2024-04-09 14:30:00,9562,SHORT,69928.0,118.4383937764558,110.4383937764558,148.4383937764558,-71.65084086488868,2,TRAILING_STOP,False
2024-04-09 15:00:00,2024-04-09 15:15:00,2024-04-09 15:45:00,9567,SHORT,68888.0,-24.598478690046683,-32.59847869004668,5.401521309953315,-54.582801068400116,2,TRAILING_STOP,True
2024-04-10 02:45:00,2024-04-10 03:00:00,2024-04-10 05:30:00,9622,SHORT,68651.98,-106.2023265752868,-114.2023265752868,0.0,-111.02665939132436,10,TIME_EXIT,False
2024-04-10 06:15:00,2024-04-10 06:30:00,2024-04-10 08:00:00,9632,SHORT,69457.42,64.65079468831382,56.65079468831382,94.65079468831382,-8.289971035492211,6,TRAILING_STOP,False
2024-04-10 08:30:00,2024-04-10 08:45:00,2024-04-10 09:45:00,9639,SHORT,68962.98,-21.21992698111321,-29.21992698111321,8.780073018886787,-30.2727637349784,4,TRAILING_STOP,True
2024-04-10 10:15:00,2024-04-10 10:30:00,2024-04-10 10:45:00,9643,SHORT,68848.0,-4.381245642574271,-12.381245642574271,25.61875435742573,-20.783465024401075,1,TRAILING_STOP,False
2024-04-10 11:15:00,2024-04-10 11:30:00,2024-04-10 12:15:00,9649,SHORT,69070.19,20.215585044719944,12.215585044719944,50.215585044719944,-19.413584934397388,3,TRAILING_STOP,True
2024-04-10 12:30:00,2024-04-10 12:45:00,2024-04-10 13:30:00,9654,SHORT,67959.99,24.442327022120693,16.442327022120693,54.44232702212069,-2.355797874601624,3,TRAILING_STOP,False
2024-04-10 14:00:00,2024-04-10 14:15:00,2024-04-10 16:45:00,9667,SHORT,68235.12,-185.37081784277726,-193.37081784277726,0.0,-190.64669337432173,10,TIME_EXIT,True
2024-04-10 19:45:00,2024-04-10 20:00:00,2024-04-10 20:15:00,9681,LONG,70084.0,-12.580332172821185,-20.580332172821187,7.419667827178815,-36.59180412076895,1,TRAILING_STOP,False
2024-04-10 22:00:00,2024-04-10 22:15:00,2024-04-10 22:30:00,9690,LONG,70494.4,65.9075330806427,57.90753308064269,85.9075330806427,0.0,1,TRAILING_STOP,False
2024-04-10 23:00:00,2024-04-10 23:15:00,2024-04-11 00:00:00,9696,LONG,70655.37,-18.656860759485763,-26.656860759485763,1.3431392405142368,-45.34262576220255,3,TRAILING_STOP,True
2024-04-11 07:15:00,2024-04-11 07:30:00,2024-04-11 07:45:00,9727,LONG,70931.26,-2.0953413205968694,-10.09534132059687,17.90465867940313,-28.492374166198555,1,TRAILING_STOP,False
2024-04-11 08:15:00,2024-04-11 08:30:00,2024-04-11 08:45:00,9731,LONG,70828.02,40.463358992669846,32.463358992669846,60.463358992669846,0.0,1,TRAILING_STOP,True
2024-04-11 12:15:00,2024-04-11 12:30:00,2024-04-11 13:15:00,9749,LONG,69992.75,123.07338974393826,115.07338974393826,143.07338974393826,0.0,3,TRAILING_STOP,False
2024-04-11 13:45:00,2024-04-11 14:00:00,2024-04-11 16:30:00,9762,LONG,70284.01,-80.40093329905287,-88.40093329905287,0.0,-101.98621279576797,10,TIME_EXIT,True
2024-04-12 03:15:00,2024-04-12 03:30:00,2024-04-12 04:15:00,9809,LONG,70914.01,-8.156078044380054,-16.156078044380052,11.843921955619946,-14.385027725832282,3,TRAILING_STOP,False
2024-04-12 04:45:00,2024-04-12 05:00:00,2024-04-12 07:30:00,9822,LONG,71116.0,-61.29141121547959,-69.2914112154796,0.0,-77.33562067607795,10,TIME_EXIT,True
2024-04-12 12:30:00,2024-04-12 12:45:00,2024-04-12 13:00:00,9844,SHORT,70396.69,22.515253202956323,14.515253202956323,52.51525320295632,-19.539270951518162,1,TRAILING_STOP,False
2024-04-12 13:30:00,2024-04-12 13:45:00,2024-04-12 15:15:00,9853,SHORT,69808.02,51.80578678495779,43.80578678495779,81.80578678495779,-40.472427093620304,6,TRAILING_STOP,True
2024-04-12 16:15:00,2024-04-12 16:30:00,2024-04-12 17:15:00,9861,SHORT,68970.67,191.35061178903993,183.35061178903993,221.35061178903993,-11.67742752100395,3,TRAILING_STOP,False
2024-04-12 17:45:00,2024-04-12 18:00:00,2024-04-12 18:30:00,9866,SHORT,68140.01,418.07008393453344,410.07008393453344,448.07008393453344,-4.694745421963578,2,TRAILING_STOP,True
2024-04-13 01:45:00,2024-04-13 02:00:00,2024-04-13 04:30:00,9906,SHORT,65886.64,-276.2350607042648,-284.2350607042648,0.0,-282.0450397834831,10,TIME_EXIT,False
2024-04-13 05:15:00,2024-04-13 05:30:00,2024-04-13 06:45:00,9915,SHORT,67669.44,30.708349293269997,22.708349293269997,60.70834929327,0.0,5,TRAILING_STOP,False
2024-04-13 07:15:00,2024-04-13 07:30:00,2024-04-13 08:15:00,9921,SHORT,67351.64,-0.631747051741737,-8.631747051741737,29.368252948258263,-21.89701691005533,3,TRAILING_STOP,True
2024-04-13 17:00:00,2024-04-13 17:15:00,2024-04-13 17:30:00,9958,SHORT,67047.25,51.62154301630568,43.62154301630568,81.62154301630568,0.0,1,TRAILING_STOP,False
2024-04-13 18:00:00,2024-04-13 18:15:00,2024-04-13 18:30:00,9962,SHORT,66738.39,-29.740778883039294,-37.7407788830393,0.25922111696070665,-65.91558471818146,1,TRAILING_STOP,True
2024-04-13 19:45:00,2024-04-13 20:00:00,2024-04-13 20:15:00,9969,SHORT,64788.01,515.6457143844988,507.6457143844988,545.6457143844988,0.0,1,TRAILING_STOP,False
2024-04-13 20:45:00,2024-04-13 21:00:00,2024-04-13 21:30:00,9974,SHORT,61816.01,-10.100624417525164,-18.100624417525164,19.899375582474836,-97.25959342895167,2,TRAILING_STOP,True
2024-04-14 06:30:00,2024-04-14 06:45:00,2024-04-14 07:45:00,10015,SHORT,64833.92,61.043392100924464,53.043392100924464,91.04339210092446,-0.48585678607763577,4,TRAILING_STOP,False
2024-04-14 08:15:00,2024-04-14 08:30:00,2024-04-14 09:45:00,10023,SHORT,64847.33,114.8047282748579,106.8047282748579,144.8047282748579,0.0,5,TRAILING_STOP,True
2024-04-14 14:00:00,2024-04-14 14:15:00,2024-04-14 14:30:00,10042,SHORT,64036.56,63.54187670293264,55.54187670293264,93.54187670293264,-22.399704168993825,1,TRAILING_STOP,False
2024-04-14 15:00:00,2024-04-14 15:15:00,2024-04-14 17:15:00,10053,SHORT,64006.31,193.8294943107944,185.8294943107944,223.8294943107944,-115.7604617419755,8,TRAILING_STOP,True
2024-04-14 17:30:00,2024-04-14 17:45:00,2024-04-14 18:30:00,10058,LONG,63874.3,108.54935396552267,100.54935396552267,128.54935396552267,-18.364193423646586,3,TRAILING_STOP,False
2024-04-14 22:00:00,2024-04-14 22:15:00,2024-04-14 22:30:00,10074,LONG,64933.47,61.63586514011902,53.63586514011902,81.63586514011902,0.0,1,TRAILING_STOP,False
2024-04-15 06:15:00,2024-04-15 06:30:00,2024-04-15 07:00:00,10108,LONG,66339.51,16.679499140105463,8.679499140105463,36.67949914010546,-39.10490143807186,2,TRAILING_STOP,False
2024-04-15 07:30:00,2024-04-15 07:45:00,2024-04-15 08:00:00,10112,LONG,66317.28,0.09280235860095942,-7.907197641399041,20.09280235860096,-38.11977813324113,1,TRAILING_STOP,True
2024-04-15 14:00:00,2024-04-15 14:15:00,2024-04-15 15:00:00,10140,SHORT,65205.43,184.00518331065376,176.00518331065376,214.00518331065376,-38.58114270544642,3,TRAILING_STOP,False
2024-04-15 15:30:00,2024-04-15 15:45:00,2024-04-15 16:30:00,10146,SHORT,64332.79,38.38037025908615,30.38037025908615,68.38037025908615,-83.23749055497173,3,TRAILING_STOP,True
2024-04-16 03:45:00,2024-04-16 04:00:00,2024-04-16 06:15:00,10201,LONG,62956.0,-0.9962513501494037,-8.996251350149404,19.003748649850596,-202.6812376898151,9,TRAILING_STOP,False
2024-04-16 08:00:00,2024-04-16 08:15:00,2024-04-16 08:45:00,10211,SHORT,63369.99,16.23166265293733,8.231662652937331,46.23166265293733,-7.102731119257244,2,TRAILING_STOP,False
2024-04-16 09:15:00,2024-04-16 09:30:00,2024-04-16 10:30:00,10218,SHORT,63493.21,268.17519070149376,260.17519070149376,298.17519070149376,0.0,4,TRAILING_STOP,True
2024-04-16 13:30:00,2024-04-16 13:45:00,2024-04-16 14:00:00,10232,SHORT,62551.31,-15.351226057456287,-23.351226057456287,14.648773942543713,-57.154678295307015,1,TRAILING_STOP,False
2024-04-16 14:30:00,2024-04-16 14:45:00,2024-04-16 15:15:00,10237,SHORT,62501.89,68.21942984444141,60.21942984444141,98.21942984444141,0.0,2,TRAILING_STOP,True
2024-04-17 02:45:00,2024-04-17 03:00:00,2024-04-17 04:30:00,10290,SHORT,63840.09,-3.7108766607323886,-11.710876660732389,26.28912333926761,-57.16000713658197,6,TRAILING_STOP,False
2024-04-17 07:00:00,2024-04-17 07:15:00,2024-04-17 08:00:00,10304,SHORT,63524.92,24.011874395119364,16.011874395119364,54.011874395119364,-17.396322577029935,3,TRAILING_STOP,False
2024-04-17 08:30:00,2024-04-17 08:45:00,2024-04-17 09:15:00,10309,SHORT,63400.0,-8.717665615141911,-16.71766561514191,21.28233438485809,-22.080441640378226,2,TRAILING_STOP,True
2024-04-17 10:00:00,2024-04-17 10:15:00,2024-04-17 11:00:00,10316,SHORT,62898.6,-18.134871046414805,-26.134871046414805,11.865128953585195,-30.848063390917897,3,TRAILING_STOP,False
2024-04-17 11:30:00,2024-04-17 11:45:00,2024-04-17 12:30:00,10322,SHORT,63015.3,121.36958802068713,113.36958802068713,151.36958802068713,0.0,3,TRAILING_STOP,True
2024-04-17 14:00:00,2024-04-17 14:15:00,2024-04-17 14:30:00,10330,SHORT,62115.22,191.2372426596897,183.2372426596897,221.2372426596897,0.0,1,TRAILING_STOP,False
2024-04-17 15:00:00,2024-04-17 15:15:00,2024-04-17 15:30:00,10334,SHORT,60798.37,119.73592219659878,111.73592219659878,149.73592219659878,0.0,1,TRAILING_STOP,True
2024-04-17 16:00:00,2024-04-17 16:15:00,2024-04-17 18:15:00,10345,LONG,60977.05,140.61288632362425,132.61288632362425,160.61288632362425,-176.44999225118337,8,TRAILING_STOP,False
2024-04-18 05:30:00,2024-04-18 05:45:00,2024-04-18 06:00:00,10392,SHORT,61363.26,27.195461909944342,19.195461909944342,57.19546190994434,0.0,1,TRAILING_STOP,False
2024-04-18 06:30:00,2024-04-18 06:45:00,2024-04-18 08:15:00,10401,SHORT,60900.01,-24.087028885545006,-32.08702888554501,5.912971114454995,-75.9129596202033,6,TRAILING_STOP,True
2024-04-18 11:00:00,2024-04-18 11:15:00,2024-04-18 11:30:00,10414,LONG,62405.48,86.80472291856368,78.80472291856368,106.80472291856368,0.0,1,TRAILING_STOP,False
2024-04-18 12:00:00,2024-04-18 12:15:00,2024-04-18 13:30:00,10422,LONG,62439.52,-0.6020289713946205,-8.60202897139462,19.39797102860538,-137.54269731733967,5,TRAILING_STOP,True
2024-04-18 14:00:00,2024-04-18 14:15:00,2024-04-18 14:30:00,10426,LONG,63462.04,60.16918460232239,52.16918460232239,80.16918460232239,0.0,1,TRAILING_STOP,False
2024-04-18 15:00:00,2024-04-18 15:15:00,2024-04-18 17:45:00,10439,LONG,63884.09,-172.39660140732954,-180.39660140732954,0.0,-196.52623994487487,10,TIME_EXIT,True
2024-04-19 01:00:00,2024-04-19 01:15:00,2024-04-19 01:45:00,10471,SHORT,62134.0,213.8326841986672,205.8326841986672,243.8326841986672,-6.629220716516292,2,TRAILING_STOP,False
2024-04-19 02:15:00,2024-04-19 02:30:00,2024-04-19 05:00:00,10484,SHORT,59679.01,-410.86472446510084,-418.86472446510084,0.0,-522.9744930420256,10,TIME_EXIT,True
2024-04-19 06:45:00,2024-04-19 07:00:00,2024-04-19 07:15:00,10493,LONG,64624.37,1.4965345116707915,-6.5034654883292085,21.49653451167079,-68.04863242767428,1,TRAILING_STOP,False
2024-04-19 07:45:00,2024-04-19 08:00:00,2024-04-19 08:15:00,10497,LONG,64547.18,57.30314476945409,49.30314476945409,77.3031447694541,0.0,1,TRAILING_STOP,True
2024-04-19 23:00:00,2024-04-19 23:15:00,2024-04-19 23:30:00,10558,SHORT,63501.36,-19.07739928719628,-27.07739928719628,10.922600712803723,-51.606768736921396,1,TRAILING_STOP,False
2024-04-20 00:15:00,2024-04-20 00:30:00,2024-04-20 00:45:00,10563,LONG,63861.99,-10.2289296027259,-18.2289296027259,9.7710703972741,-65.45207877173856,1,TRAILING_STOP,False
2024-04-20 01:15:00,2024-04-20 01:30:00,2024-04-20 02:00:00,10568,LONG,63522.78,32.36546637285072,24.36546637285072,52.36546637285072,0.0,2,TRAILING_STOP,True
2024-04-20 09:45:00,2024-04-20 10:00:00,2024-04-20 10:45:00,10603,LONG,63615.0,1.8266132201522502,-6.17338677984775,21.82661322015225,-37.37797689224221,3,TRAILING_STOP,False
2024-04-20 11:15:00,2024-04-20 11:30:00,2024-04-20 12:15:00,10609,LONG,63726.72,-2.770178662891226,-10.770178662891226,17.229821337108774,-23.677666134393768,3,TRAILING_STOP,True
2024-04-20 15:30:00,2024-04-20 15:45:00,2024-04-20 16:00:00,10624,LONG,64568.96,42.01586644728369,34.01586644728369,62.01586644728369,-17.410842609203904,1,TRAILING_STOP,False
2024-04-20 16:30:00,2024-04-20 16:45:00,2024-04-20 17:00:00,10628,LONG,64747.68,49.241090954919116,41.241090954919116,69.24109095491912,-1.305066065687155,1,TRAILING_STOP,True
2024-04-20 17:15:00,2024-04-20 17:30:00,2024-04-20 17:45:00,10631,LONG,65254.37,-2.726061105180559,-10.726061105180559,17.27393889481944,-21.51580039773604,1,TRAILING_STOP,False
2024-04-20 18:15:00,2024-04-20 18:30:00,2024-04-20 19:00:00,10636,LONG,64994.99,-14.421108457743891,-22.42110845774389,5.578891542256109,-31.263948190467772,2,TRAILING_STOP,True
2024-04-21 01:15:00,2024-04-21 01:30:00,2024-04-21 02:30:00,10666,LONG,65031.23,33.169838552953216,25.169838552953216,53.169838552953216,-19.853538061636012,4,TRAILING_STOP,False
2024-04-21 03:00:00,2024-04-21 03:15:00,2024-04-21 05:45:00,10679,LONG,65573.99,-83.29217117945812,-91.29217117945812,0.0,-111.32615233570536,10,TIME_EXIT,True
2024-04-21 11:00:00,2024-04-21 11:15:00,2024-04-21 11:45:00,10703,LONG,65183.99,9.366106616057948,1.366106616057948,29.366106616057948,-21.106409718090973,2,TRAILING_STOP,False
2024-04-21 12:15:00,2024-04-21 12:30:00,2024-04-21 12:45:00,10707,LONG,65158.01,-9.259954378595062,-17.25995437859506,10.740045621404938,-34.37950299587143,1,TRAILING_STOP,True
2024-04-21 16:00:00,2024-04-21 16:15:00,2024-04-21 16:30:00,10722,SHORT,64510.0,12.241512943729653,4.241512943729653,42.24151294372965,-26.417609672918655,1,TRAILING_STOP,False
2024-04-21 21:00:00,2024-04-21 21:15:00,2024-04-21 23:00:00,10748,LONG,64974.01,0.9299072044341976,-7.070092795565802,20.929907204434198,-62.32338130277049,7,TRAILING_STOP,False
2024-04-21 23:30:00,2024-04-21 23:45:00,2024-04-22 00:30:00,10754,LONG,65014.79,2.0396005278184965,-5.9603994721815035,22.039600527818497,-39.354122346623065,3,TRAILING_STOP,True
2024-04-22 01:30:00,2024-04-22 01:45:00,2024-04-22 02:00:00,10760,SHORT,64793.0,15.220934360193226,7.220934360193226,45.220934360193226,-9.212414921365323,1,TRAILING_STOP,False
2024-04-22 03:30:00,2024-04-22 03:45:00,2024-04-22 04:00:00,10768,LONG,65688.8,8.828354300884676,0.8283543008846763,28.828354300884676,-16.56142295185909,1,TRAILING_STOP,False
2024-04-22 04:30:00,2024-04-22 04:45:00,2024-04-22 06:00:00,10776,LONG,65684.0,91.26149442786641,83.26149442786641,111.26149442786641,0.0,5,TRAILING_STOP,True
2024-04-22 13:30:00,2024-04-22 13:45:00,2024-04-22 15:30:00,10814,SHORT,65924.27,9.198007046570787,1.1980070465707868,39.19800704657079,-83.92356866446829,7,TRAILING_STOP,False
2024-04-22 22:45:00,2024-04-22 23:00:00,2024-04-22 23:15:00,10845,LONG,67027.98,8.64773785514707,0.6477378551470707,28.64773785514707,-0.7429733075643822,1,TRAILING_STOP,False
2024-04-22 23:45:00,2024-04-23 00:00:00,2024-04-23 01:15:00,10853,LONG,66819.32,34.42886877627425,26.42886877627425,54.42886877627425,-15.917551989454632,5,TRAILING_STOP,True
2024-04-23 07:30:00,2024-04-23 07:45:00,2024-04-23 08:45:00,10883,SHORT,66170.0,1.2226084328254245,-6.7773915671745755,31.222608432825425,-13.672359075109743,4,TRAILING_STOP,False
2024-04-23 13:30:00,2024-04-23 13:45:00,2024-04-23 14:00:00,10904,LONG,66409.36,61.393646919650905,53.393646919650905,81.3936469196509,0.0,1,TRAILING_STOP,False
2024-04-23 14:30:00,2024-04-23 14:45:00,2024-04-23 15:00:00,10908,LONG,66647.92,22.39442131127317,14.39442131127317,42.39442131127317,0.0,1,TRAILING_STOP,True
2024-04-23 20:15:00,2024-04-23 20:30:00,2024-04-23 23:00:00,10940,SHORT,66174.0,-11.48638438057164,-19.48638438057164,8.160304651373652,-43.82385831293257,10,TIME_EXIT,False
2024-04-24 04:45:00,2024-04-24 05:00:00,2024-04-24 07:30:00,10974,LONG,67008.0,-51.38938634193019,-59.38938634193019,0.0,-67.99635864374473,10,TIME_EXIT,False
2024-04-24 13:00:00,2024-04-24 13:15:00,2024-04-24 13:30:00,10998,SHORT,66145.98,17.123045119294794,9.123045119294794,47.123045119294794,-21.6218733171697,1,TRAILING_STOP,False
2024-04-24 14:00:00,2024-04-24 14:15:00,2024-04-24 14:45:00,11003,SHORT,66042.02,168.31010620208278,160.31010620208278,198.31010620208278,0.0,2,TRAILING_STOP,True
2024-04-25 07:30:00,2024-04-25 07:45:00,2024-04-25 08:45:00,11075,SHORT,63921.98,3.4438951984913686,-4.556104801508631,33.44389519849137,-39.87360842076503,4,TRAILING_STOP,False
2024-04-25 09:15:00,2024-04-25 09:30:00,2024-04-25 10:00:00,11080,SHORT,64022.49,42.23867737727757,34.23867737727757,72.23867737727757,0.0,2,TRAILING_STOP,True
2024-04-25 10:15:00,2024-04-25 10:30:00,2024-04-25 11:00:00,11084,SHORT,63447.45,-29.987391140227942,-37.98739114022794,0.012608859772058653,-46.10744797466264,2,TRAILING_STOP,False
2024-04-25 11:30:00,2024-04-25 11:45:00,2024-04-25 12:00:00,11088,SHORT,63926.86,4.226614603001451,-3.773385396998549,34.22661460300145,-37.832297722741046,1,TRAILING_STOP,True
2024-04-25 12:30:00,2024-04-25 12:45:00,2024-04-25 13:00:00,11092,SHORT,63764.79,105.6218690597116,97.6218690597116,135.6218690597116,0.0,1,TRAILING_STOP,False
2024-04-25 13:30:00,2024-04-25 13:45:00,2024-04-25 14:00:00,11096,SHORT,63457.76,-11.291492167388014,-19.291492167388014,18.708507832611986,-59.576638066013935,1,TRAILING_STOP,True
2024-04-25 18:00:00,2024-04-25 18:15:00,2024-04-25 18:45:00,11115,SHORT,64733.85,13.50737674338842,5.50737674338842,43.50737674338842,0.0,2,TRAILING_STOP,False
2024-04-25 19:15:00,2024-04-25 19:30:00,2024-04-25 20:15:00,11121,SHORT,64752.83,10.697835137089577,2.6978351370895766,40.69783513708958,-36.93583739892114,3,TRAILING_STOP,True
2024-04-26 01:00:00,2024-04-26 01:15:00,2024-04-26 03:45:00,11151,SHORT,64100.0,-43.875195007799995,-51.875195007799995,0.0,-87.75819032761292,10,TIME_EXIT,False
2024-04-26 05:45:00,2024-04-26 06:00:00,2024-04-26 07:30:00,11166,LONG,64553.99,-11.196516280403156,-19.196516280403156,8.803483719596844,-46.12263316334094,6,TRAILING_STOP,False
2024-04-26 10:45:00,2024-04-26 11:00:00,2024-04-26 12:00:00,11184,SHORT,64100.01,-25.318253460490563,-33.31825346049057,4.6817465395094375,-57.99375070300269,4,TRAILING_STOP,False
2024-04-26 12:30:00,2024-04-26 12:45:00,2024-04-26 13:30:00,11190,SHORT,64400.0,80.87888198757727,72.87888198757727,110.87888198757727,0.0,3,TRAILING_STOP,True
2024-04-26 13:45:00,2024-04-26 14:00:00,2024-04-26 14:15:00,11193,LONG,64500.0,29.61395348837241,21.61395348837241,49.61395348837241,-19.547286821705697,1,TRAILING_STOP,False
2024-04-26 14:30:00,2024-04-26 14:45:00,2024-04-26 15:30:00,11198,SHORT,64048.0,87.18086435173569,79.18086435173569,117.18086435173569,0.0,3,TRAILING_STOP,False
2024-04-26 16:00:00,2024-04-26 16:15:00,2024-04-26 18:45:00,11211,SHORT,63463.08,-94.05783646176614,-102.05783646176614,0.0,-110.20895928782501,10,TIME_EXIT,True
2024-04-27 00:30:00,2024-04-27 00:45:00,2024-04-27 01:15:00,11237,SHORT,63008.0,67.88598273235176,59.88598273235176,97.88598273235176,-42.01371254443899,2,TRAILING_STOP,False
2024-04-27 01:45:00,2024-04-27 02:00:00,2024-04-27 04:30:00,11250,SHORT,62593.28,-71.80962557002975,-79.80962557002975,0.0,-116.91989938856116,10,TIME_EXIT,True
2024-04-27 10:30:00,2024-04-27 10:45:00,2024-04-27 11:15:00,11277,SHORT,62824.01,-6.02190627436876,-14.02190627436876,23.97809372563124,-12.5668514314825,2,TRAILING_STOP,False
2024-04-27 11:45:00,2024-04-27 12:00:00,2024-04-27 14:30:00,11290,SHORT,62862.13,-37.4120316953944,-45.4120316953944,0.0,-86.920376385592,10,TIME_EXIT,True
2024-04-27 17:30:00,2024-04-27 17:45:00,2024-04-27 18:00:00,11304,LONG,63278.0,34.04089889060955,26.040898890609547,54.04089889060955,-25.01027213249503,1,TRAILING_STOP,False
2024-04-27 18:15:00,2024-04-27 18:30:00,2024-04-27 21:00:00,11316,SHORT,63054.13,-18.143141456396506,-26.143141456396506,0.0,-64.61115235433452,10,TIME_EXIT,False
2024-04-28 00:15:00,2024-04-28 00:30:00,2024-04-28 03:00:00,11340,LONG,63734.01,89.834297261383,81.834297261383,99.46808619134384,-33.0373061415726,10,TIME_EXIT,False
2024-04-28 03:15:00,2024-04-28 03:30:00,2024-04-28 06:00:00,11352,SHORT,64167.5,40.1293489694939,32.1293489694939,55.71356216153037,0.0,10,TIME_EXIT,False
2024-04-28 22:00:00,2024-04-28 22:15:00,2024-04-28 22:30:00,11418,SHORT,63450.6,61.50425685493889,53.50425685493889,91.50425685493889,-4.699719151591902,1,TRAILING_STOP,False
2024-04-28 23:00:00,2024-04-28 23:15:00,2024-04-28 23:45:00,11423,SHORT,62961.39,-8.91723800888164,-16.91723800888164,21.08276199111836,-32.29121847532237,2,TRAILING_STOP,True
2024-04-29 02:30:00,2024-04-29 02:45:00,2024-04-29 03:15:00,11437,SHORT,62744.68,18.16025836772142,10.160258367721418,48.16025836772142,-3.2130214067545197,2,TRAILING_STOP,False
2024-04-29 03:45:00,2024-04-29 04:00:00,2024-04-29 05:30:00,11446,SHORT,62279.68,5.3903552490962525,-2.6096447509037475,35.39035524909625,-57.758806724761776,6,TRAILING_STOP,True
2024-04-29 12:30:00,2024-04-29 12:45:00,2024-04-29 13:00:00,11476,LONG,62454.01,19.155211971177003,11.155211971177003,39.155211971177,0.0,1,TRAILING_STOP,False
2024-04-29 13:30:00,2024-04-29 13:45:00,2024-04-29 14:00:00,11480,SHORT,61977.0,-14.124755957855426,-22.124755957855427,15.875244042144574,-49.94917469383799,1,TRAILING_STOP,False
2024-04-29 14:30:00,2024-04-29 14:45:00,2024-04-29 15:30:00,11486,SHORT,62754.0,-27.059948369825495,-35.05994836982549,2.940051630174505,-48.76023839117793,3,TRAILING_STOP,True
2024-04-29 17:15:00,2024-04-29 17:30:00,2024-04-29 19:30:00,11502,SHORT,63184.22,70.95083867459287,62.95083867459287,100.95083867459287,0.0,8,TRAILING_STOP,False
2024-04-29 20:00:00,2024-04-29 20:15:00,2024-04-29 21:45:00,11511,SHORT,63115.98,16.894621615635714,8.894621615635714,46.894621615635714,-8.967618026369635,6,TRAILING_STOP,True
2024-04-29 22:15:00,2024-04-29 22:30:00,2024-04-29 23:00:00,11516,LONG,63497.54,95.09264768367368,87.09264768367368,115.09264768367368,0.0,2,TRAILING_STOP,False
2024-04-29 23:30:00,2024-04-29 23:45:00,2024-04-30 00:45:00,11523,LONG,63908.01,109.24670945003575,101.24670945003575,129.24670945003575,-34.41978556365644,4,TRAILING_STOP,True
2024-04-30 02:00:00,2024-04-30 02:15:00,2024-04-30 04:45:00,11539,SHORT,63512.0,17.007809547801486,9.007809547801486,26.535142965108772,-60.47990930847755,10,TIME_EXIT,False
2024-04-30 07:30:00,2024-04-30 07:45:00,2024-04-30 09:00:00,11556,SHORT,63287.99,205.11411880832333,197.11411880832333,235.11411880832333,0.0,5,TRAILING_STOP,False
2024-04-30 09:30:00,2024-04-30 09:45:00,2024-04-30 10:00:00,11560,SHORT,61855.68,35.4216395325374,27.421639532537398,65.4216395325374,0.0,1,TRAILING_STOP,True
2024-04-30 11:30:00,2024-04-30 11:45:00,2024-04-30 12:00:00,11568,SHORT,61206.79,46.68103489825292,38.68103489825292,76.68103489825292,-13.38250217010175,1,TRAILING_STOP,False
2024-04-30 12:30:00,2024-04-30 12:45:00,2024-04-30 13:00:00,11572,SHORT,61236.92,3.2234214261587795,-4.7765785738412205,33.22342142615878,-6.042106624565704,1,TRAILING_STOP,True
2024-04-30 19:15:00,2024-04-30 19:30:00,2024-04-30 19:45:00,11599,LONG,60046.04,3.911651792524829,-4.088348207475171,23.91165179252483,-142.29747706926258,1,TRAILING_STOP,False
2024-05-01 02:00:00,2024-05-01 02:15:00,2024-05-01 04:45:00,11635,SHORT,59590.01,-116.4591178957674,-124.4591178957674,0.0,-129.39752820984498,10,TIME_EXIT,False
2024-05-01 07:00:00,2024-05-01 07:15:00,2024-05-01 07:30:00,11646,SHORT,58516.01,211.9867656731896,203.9867656731896,241.9867656731896,0.0,1,TRAILING_STOP,False
2024-05-01 08:00:00,2024-05-01 08:15:00,2024-05-01 08:45:00,11651,SHORT,57347.3,65.24423992062475,57.24423992062475,95.24423992062475,0.0,2,TRAILING_STOP,True
2024-05-01 18:00:00,2024-05-01 18:15:00,2024-05-01 18:45:00,11691,LONG,57861.36,257.6706250941906,249.6706250941906,277.6706250941906,-30.41235117874885,2,TRAILING_STOP,False
2024-05-01 19:30:00,2024-05-01 19:45:00,2024-05-01 20:15:00,11697,SHORT,57516.73,101.56345988376015,93.56345988376015,131.56345988376015,0.0,2,TRAILING_STOP,False
2024-05-01 20:45:00,2024-05-01 21:00:00,2024-05-01 23:30:00,11710,SHORT,57361.71,-175.6276094279617,-183.6276094279617,0.0,-187.8064653232968,10,TIME_EXIT,True
2024-05-02 00:00:00,2024-05-02 00:15:00,2024-05-02 01:00:00,11716,SHORT,58267.69,77.42831919370737,69.42831919370737,107.42831919370737,0.0,3,TRAILING_STOP,False
2024-05-02 01:30:00,2024-05-02 01:45:00,2024-05-02 02:00:00,11720,SHORT,57174.37,-18.56830429438915,-26.56830429438915,11.43169570561085,-43.15395167449959,1,TRAILING_STOP,True
2024-05-02 11:00:00,2024-05-02 11:15:00,2024-05-02 11:45:00,11759,LONG,58135.45,75.31189661385709,67.31189661385709,95.31189661385709,-10.315564771579801,2,TRAILING_STOP,False
2024-05-02 12:15:00,2024-05-02 12:30:00,2024-05-02 13:15:00,11765,SHORT,58716.48,22.0092485108107,14.0092485108107,52.0092485108107,-36.36457771310487,3,TRAILING_STOP,False
2024-05-02 13:45:00,2024-05-02 14:00:00,2024-05-02 14:15:00,11769,SHORT,58450.22,-11.331122449153721,-19.33112244915372,18.66887755084628,-49.267564775633204,1,TRAILING_STOP,True
2024-05-02 20:30:00,2024-05-02 20:45:00,2024-05-02 21:15:00,11797,SHORT,58920.37,7.2146339203239975,-0.7853660796760025,37.214633920324,-13.514850636545116,2,TRAILING_STOP,False
2024-05-02 21:30:00,2024-05-02 21:45:00,2024-05-02 22:00:00,11800,LONG,59278.71,-1.6780763279091957,-9.678076327909196,18.321923672090804,-32.95955664352301,1,TRAILING_STOP,False
2024-05-02 22:30:00,2024-05-02 22:45:00,2024-05-02 23:15:00,11805,LONG,59278.15,-3.2636477352955318,-11.263647735295532,16.73635226470447,-10.911271691171248,2,TRAILING_STOP,True
2024-05-03 12:30:00,2024-05-03 12:45:00,2024-05-03 13:00:00,11860,LONG,60461.94,116.32873837657158,108.32873837657158,136.32873837657158,0.0,1,TRAILING_STOP,False
2024-05-03 13:30:00,2024-05-03 13:45:00,2024-05-03 14:00:00,11864,LONG,61541.95,73.21934062862849,65.21934062862849,93.21934062862849,-5.636805463589479,1,TRAILING_STOP,True
2024-05-03 20:15:00,2024-05-03 20:30:00,2024-05-03 20:45:00,11891,LONG,62764.38,49.878807055849805,41.878807055849805,69.8788070558498,-2.2895151676787604,1,TRAILING_STOP,False
2024-05-03 21:15:00,2024-05-03 21:30:00,2024-05-03 22:00:00,11896,LONG,62515.99,35.025922168072526,27.025922168072526,55.025922168072526,-11.363492764011397,2,TRAILING_STOP,True
2024-05-04 04:45:00,2024-05-04 05:00:00,2024-05-04 06:00:00,11928,LONG,63057.99,42.16658666094528,34.16658666094528,62.16658666094528,-10.704432539001004,4,TRAILING_STOP,False
2024-05-04 06:30:00,2024-05-04 06:45:00,2024-05-04 07:45:00,11935,LONG,63016.12,-1.5206013953259756,-9.520601395325976,18.479398604674024,-26.050477242966323,4,TRAILING_STOP,True
2024-05-04 10:30:00,2024-05-04 10:45:00,2024-05-04 11:00:00,11948,LONG,63823.26,92.30075054141672,84.30075054141672,112.30075054141672,0.0,1,TRAILING_STOP,False
2024-05-04 11:30:00,2024-05-04 11:45:00,2024-05-04 13:00:00,11956,LONG,64135.17,-16.410705701722772,-24.410705701722772,3.5892942982772285,-58.72908733226967,5,TRAILING_STOP,True
2024-05-04 17:45:00,2024-05-04 18:00:00,2024-05-04 18:30:00,11978,SHORT,63463.3,-27.217289362512904,-35.2172893625129,2.782710637487097,-44.33901168076658,2,TRAILING_STOP,False
2024-05-05 00:15:00,2024-05-05 00:30:00,2024-05-05 01:30:00,12006,SHORT,63914.33,140.87873720963725,132.87873720963725,170.87873720963725,0.0,4,TRAILING_STOP,False
2024-05-05 07:15:00,2024-05-05 07:30:00,2024-05-05 07:45:00,12031,LONG,63653.23,28.03683960735328,20.03683960735328,48.03683960735328,0.0,1,TRAILING_STOP,False
2024-05-05 08:15:00,2024-05-05 08:30:00,2024-05-05 08:45:00,12035,LONG,63810.14,-0.8133942348347318,-8.813394234834732,19.186605765165268,-24.055737849815092,1,TRAILING_STOP,True
2024-05-05 13:15:00,2024-05-05 13:30:00,2024-05-05 14:00:00,12056,LONG,63999.67,10.36421906550483,2.3642190655048303,30.36421906550483,-29.453276868458854,2,TRAILING_STOP,False
2024-05-05 14:30:00,2024-05-05 14:45:00,2024-05-05 15:45:00,12063,LONG,64020.01,77.78036585748706,69.78036585748706,97.78036585748706,-4.80787178883584,4,TRAILING_STOP,True
2024-05-05 23:15:00,2024-05-05 23:30:00,2024-05-06 00:15:00,12097,LONG,64188.0,4.652583037327531,-3.347416962672469,24.65258303732753,-33.9798716270955,3,TRAILING_STOP,False
2024-05-06 00:45:00,2024-05-06 01:00:00,2024-05-06 01:15:00,12101,LONG,64218.02,18.459609935031196,10.459609935031196,38.459609935031196,0.0,1,TRAILING_STOP,True
2024-05-06 02:00:00,2024-05-06 02:15:00,2024-05-06 04:45:00,12115,LONG,64202.01,-5.608858663459608,-13.608858663459607,0.0,-76.85584921718187,10,TIME_EXIT,False
2024-05-06 07:30:00,2024-05-06 07:45:00,2024-05-06 08:45:00,12131,LONG,64419.2,147.77606676270474,139.77606676270474,167.77606676270474,0.0,4,TRAILING_STOP,False
2024-05-06 09:15:00,2024-05-06 09:30:00,2024-05-06 10:15:00,12137,LONG,65232.0,-13.40814324258033,-21.40814324258033,6.591856757419671,-71.22271277900394,3,TRAILING_STOP,True
2024-05-06 10:30:00,2024-05-06 10:45:00,2024-05-06 11:00:00,12140,SHORT,64132.92,-9.818477000579374,-17.818477000579374,20.181522999420626,-34.25229975494617,1,TRAILING_STOP,False
2024-05-06 12:30:00,2024-05-06 12:45:00,2024-05-06 13:30:00,12150,SHORT,63785.59,22.612196579195476,14.612196579195476,52.612196579195476,-33.374309150390346,3,TRAILING_STOP,False
2024-05-06 15:00:00,2024-05-06 15:15:00,2024-05-06 17:00:00,12164,SHORT,63174.38,-14.99708267813648,-22.99708267813648,15.00291732186352,-92.69897069033406,7,TRAILING_STOP,False
2024-05-06 17:30:00,2024-05-06 17:45:00,2024-05-06 18:30:00,12170,SHORT,62988.93,-26.26442297083014,-34.26442297083014,3.7355770291698613,-78.18040408052607,3,TRAILING_STOP,True
2024-05-07 01:15:00,2024-05-07 01:30:00,2024-05-07 03:30:00,12206,SHORT,63578.3,87.28844590056738,79.28844590056738,117.28844590056738,-61.16709632059985,8,TRAILING_STOP,False
2024-05-07 04:00:00,2024-05-07 04:15:00,2024-05-07 06:45:00,12219,SHORT,63196.0,-67.69574023672348,-75.69574023672348,0.0,-83.70782960946894,10,TIME_EXIT,True
2024-05-07 08:15:00,2024-05-07 08:30:00,2024-05-07 09:30:00,12230,LONG,64252.13,-2.7912319793912346,-10.791231979391235,17.208768020608765,-18.281106011582672,4,TRAILING_STOP,False
2024-05-07 10:00:00,2024-05-07 10:15:00,2024-05-07 11:30:00,12238,LONG,63890.47,20.622646851713704,12.622646851713704,40.622646851713704,-59.87434432709618,5,TRAILING_STOP,True
2024-05-07 13:45:00,2024-05-07 14:00:00,2024-05-07 14:30:00,12250,SHORT,63213.17,-4.309151083547707,-12.309151083547707,25.690848916452293,-46.9538230719967,2,TRAILING_STOP,False
2024-05-07 14:45:00,2024-05-07 15:00:00,2024-05-07 17:30:00,12262,LONG,64024.47,-84.3380663674375,-92.3380663674375,0.0,-106.14379158468657,10,TIME_EXIT,False
2024-05-07 22:15:00,2024-05-07 22:30:00,2024-05-07 22:45:00,12283,LONG,63010.0,-16.032375813362957,-24.032375813362957,3.9676241866370416,-26.979844469131883,1,TRAILING_STOP,False
2024-05-07 23:00:00,2024-05-07 23:15:00,2024-05-08 00:00:00,12288,SHORT,62425.94,-4.146965187869114,-12.146965187869114,25.853034812130886,-14.445917834797568,3,TRAILING_STOP,False
2024-05-08 00:30:00,2024-05-08 00:45:00,2024-05-08 02:00:00,12296,SHORT,62601.99,-2.526432466444284,-10.526432466444284,27.473567533555716,-24.839465965858274,5,TRAILING_STOP,True
2024-05-08 06:15:00,2024-05-08 06:30:00,2024-05-08 07:45:00,12319,SHORT,62186.0,-3.320361496156128,-11.320361496156128,26.679638503843872,-67.15981088991082,5,TRAILING_STOP,False
2024-05-08 08:15:00,2024-05-08 08:30:00,2024-05-08 08:45:00,12323,SHORT,62289.62,2.528694186929158,-5.471305813070842,32.52869418692916,-19.846003234567068,1,TRAILING_STOP,True
2024-05-08 13:00:00,2024-05-08 13:15:00,2024-05-08 13:45:00,12343,SHORT,61909.69,-5.9827581110481525,-13.982758111048152,24.017241888951848,-89.09590728042679,2,TRAILING_STOP,False
2024-05-08 14:15:00,2024-05-08 14:30:00,2024-05-08 15:15:00,12349,SHORT,62510.76,69.80681725834103,61.80681725834103,99.80681725834103,-50.74966293802826,3,TRAILING_STOP,True
2024-05-08 20:15:00,2024-05-08 20:30:00,2024-05-08 21:15:00,12373,SHORT,61747.6,29.20877896468827,21.20877896468827,59.20877896468827,-2.5539454165026774,3,TRAILING_STOP,False
2024-05-08 21:45:00,2024-05-08 22:00:00,2024-05-08 22:15:00,12377,SHORT,61485.95,32.24023537084408,24.240235370844083,62.24023537084408,0.0,1,TRAILING_STOP,True
2024-05-08 23:00:00,2024-05-08 23:15:00,2024-05-08 23:45:00,12383,SHORT,61191.8,8.523135452789944,0.5231354527899441,38.523135452789944,-14.488869423680331,2,TRAILING_STOP,False
2024-05-09 00:15:00,2024-05-09 00:30:00,2024-05-09 01:45:00,12391,SHORT,61377.11,-28.19476674610425,-36.19476674610425,1.8052332538957512,-31.0050440628441,5,TRAILING_STOP,True
2024-05-09 02:45:00,2024-05-09 03:00:00,2024-05-09 03:30:00,12398,SHORT,61664.64,9.147232514452604,1.1472325144526039,39.147232514452604,-8.979214019574691,2,TRAILING_STOP,False
2024-05-09 04:00:00,2024-05-09 04:15:00,2024-05-09 06:00:00,12408,SHORT,61708.0,16.671420237246387,8.671420237246387,46.67142023724639,-11.765087184805623,7,TRAILING_STOP,True
2024-05-09 09:15:00,2024-05-09 09:30:00,2024-05-09 09:45:00,12423,SHORT,61075.77,-15.288765086383922,-23.288765086383922,14.711234913616078,-36.713413518978676,1,TRAILING_STOP,False
2024-05-09 10:15:00,2024-05-09 10:30:00,2024-05-09 11:00:00,12428,SHORT,61018.57,33.68061395080215,25.680613950802147,63.68061395080215,-27.340857053844715,2,TRAILING_STOP,True
2024-05-09 12:30:00,2024-05-09 12:45:00,2024-05-09 13:15:00,12437,LONG,61480.0,-10.44729993493767,-18.447299934937668,9.55270006506233,-23.293754066362904,2,TRAILING_STOP,False
2024-05-09 15:00:00,2024-05-09 15:15:00,2024-05-09 15:30:00,12446,LONG,61881.58,38.24350315554293,30.243503155542932,58.24350315554293,0.0,1,TRAILING_STOP,False
2024-05-09 16:00:00,2024-05-09 16:15:00,2024-05-09 16:30:00,12450,LONG,62450.89,-5.731188138391531,-13.73118813839153,14.26881186160847,-25.762643254563613,1,TRAILING_STOP,True
2024-05-09 22:45:00,2024-05-09 23:00:00,2024-05-10 01:30:00,12486,LONG,63280.46,-82.89762748248064,-90.89762748248064,0.0,-97.72210884686987,10,TIME_EXIT,False
2024-05-10 06:45:00,2024-05-10 07:00:00,2024-05-10 07:30:00,12510,LONG,63166.0,13.878985530190292,5.878985530190292,33.87898553019029,-14.743691226292212,2,TRAILING_STOP,False
2024-05-10 08:00:00,2024-05-10 08:15:00,2024-05-10 09:00:00,12516,LONG,62916.0,1.298238921736921,-6.701761078263079,21.29823892173692,-10.49017737936296,3,TRAILING_STOP,True
2024-05-10 14:00:00,2024-05-10 14:15:00,2024-05-10 14:45:00,12539,SHORT,62562.87,269.3580697304971,261.3580697304971,299.3580697304971,-52.28820225159066,2,TRAILING_STOP,False
2024-05-10 15:15:00,2024-05-10 15:30:00,2024-05-10 16:00:00,12544,SHORT,61200.0,124.41176470588235,116.41176470588235,154.41176470588235,0.0,2,TRAILING_STOP,True
2024-05-11 01:00:00,2024-05-11 01:15:00,2024-05-11 03:45:00,12591,LONG,61052.0,-52.430714800497704,-60.430714800497704,0.0,-57.6688724366117,10,TIME_EXIT,False
2024-05-11 09:15:00,2024-05-11 09:30:00,2024-05-11 11:30:00,12622,SHORT,60718.67,8.139834090569138,0.13983409056913843,38.13983409056914,-30.593555491252037,8,TRAILING_STOP,False
2024-05-11 12:00:00,2024-05-11 12:15:00,2024-05-11 13:00:00,12628,SHORT,60775.32,-8.382672440063274,-16.382672440063274,21.617327559936726,-25.90031611516048,3,TRAILING_STOP,True
2024-05-11 15:00:00,2024-05-11 15:15:00,2024-05-11 16:30:00,12642,LONG,61150.0,22.533115290269258,14.533115290269258,42.53311529026926,-43.674570727718674,5,TRAILING_STOP,False
2024-05-12 07:15:00,2024-05-12 07:30:00,2024-05-12 08:15:00,12705,SHORT,60820.0,-8.625452153896745,-16.625452153896745,21.374547846103255,-21.374547846103255,3,TRAILING_STOP,False
2024-05-12 08:45:00,2024-05-12 09:00:00,2024-05-12 10:15:00,12713,SHORT,61049.97,-13.624889578160126,-21.624889578160126,16.375110421839874,-40.543836467077185,5,TRAILING_STOP,True
2024-05-12 10:30:00,2024-05-12 10:45:00,2024-05-12 13:15:00,12725,SHORT,61208.56,9.21276370494575,1.2127637049457505,19.369839774044298,-4.523877052491078,10,TIME_EXIT,False
2024-05-12 15:30:00,2024-05-12 15:45:00,2024-05-12 16:15:00,12737,LONG,61432.01,54.22677525934736,46.22677525934736,74.22677525934736,-10.354536665819754,2,TRAILING_STOP,False
2024-05-12 16:45:00,2024-05-12 17:00:00,2024-05-12 17:15:00,12741,LONG,61346.77,19.565245244370843,11.565245244370843,39.56524524437084,0.0,1,TRAILING_STOP,True
2024-05-12 21:15:00,2024-05-12 21:30:00,2024-05-13 00:00:00,12768,SHORT,61070.0,-83.64336007859795,-91.64336007859795,0.0,-94.7961355821186,10,TIME_EXIT,False
2024-05-13 01:30:00,2024-05-13 01:45:00,2024-05-13 03:30:00,12782,SHORT,61242.0,50.46602005159872,42.46602005159872,80.46602005159872,-42.12795140589792,7,TRAILING_STOP,False
2024-05-13 07:45:00,2024-05-13 08:00:00,2024-05-13 08:15:00,12801,LONG,62334.36,79.70103166215164,71.70103166215164,99.70103166215164,0.0,1,TRAILING_STOP,False
2024-05-13 08:45:00,2024-05-13 09:00:00,2024-05-13 09:15:00,12805,LONG,62767.19,64.16658448466481,56.16658448466481,84.16658448466481,0.0,1,TRAILING_STOP,True
2024-05-13 16:15:00,2024-05-13 16:30:00,2024-05-13 17:00:00,12836,LONG,63210.98,-19.34188648870873,-27.34188648870873,0.6581135112912687,-85.25575778132271,2,TRAILING_STOP,False
2024-05-13 17:30:00,2024-05-13 17:45:00,2024-05-13 18:00:00,12840,LONG,62691.72,1.6280555071700888,-6.371944492829911,21.62805550717009,-6.654786309898845,1,TRAILING_STOP,True
2024-05-14 00:45:00,2024-05-14 01:00:00,2024-05-14 03:30:00,12878,SHORT,62815.02,54.61432631876861,46.61432631876861,64.44636967400469,-32.60048313285678,10,TIME_EXIT,False
2024-05-14 06:00:00,2024-05-14 06:15:00,2024-05-14 06:30:00,12890,SHORT,61783.35,-5.600222390012842,-13.600222390012842,24.399777609987158,-53.171283201704355,1,TRAILING_STOP,False
2024-05-14 07:00:00,2024-05-14 07:15:00,2024-05-14 09:00:00,12900,SHORT,61897.42,2.371300774732667,-5.628699225267333,32.37130077473267,-26.561688677816218,7,TRAILING_STOP,True
2024-05-14 12:30:00,2024-05-14 12:45:00,2024-05-14 13:00:00,12916,SHORT,61800.74,26.40385535836537,18.40385535836537,56.40385535836537,0.0,1,TRAILING_STOP,False
2024-05-14 13:30:00,2024-05-14 13:45:00,2024-05-14 14:00:00,12920,SHORT,61896.4,65.0992303268049,57.0992303268049,95.0992303268049,0.0,1,TRAILING_STOP,True
2024-05-14 14:15:00,2024-05-14 14:30:00,2024-05-14 15:15:00,12925,LONG,61988.47,-7.886456949171919,-15.886456949171919,12.113543050828081,-77.2175857865186,3,TRAILING_STOP,False
2024-05-15 00:30:00,2024-05-15 00:45:00,2024-05-15 01:00:00,12964,SHORT,61569.5,-7.66913812845679,-15.66913812845679,22.33086187154321,-12.692972981752566,1,TRAILING_STOP,False
2024-05-15 01:30:00,2024-05-15 01:45:00,2024-05-15 03:00:00,12972,SHORT,61731.78,-23.266029264019323,-31.266029264019323,6.733970735980675,-31.316122749092884,5,TRAILING_STOP,True
2024-05-15 07:30:00,2024-05-15 07:45:00,2024-05-15 08:00:00,12992,LONG,62139.65,0.3300147329445444,-7.669985267055456,20.330014732944544,-4.296773477160616,1,TRAILING_STOP,False
2024-05-15 09:45:00,2024-05-15 10:00:00,2024-05-15 10:30:00,13002,LONG,62649.98,35.77974645801948,27.77974645801948,55.77974645801948,-27.00878755268659,2,TRAILING_STOP,False
2024-05-15 11:00:00,2024-05-15 11:15:00,2024-05-15 12:30:00,13010,LONG,62642.87,228.72104359203172,220.72104359203172,248.72104359203172,-63.92587057393832,5,TRAILING_STOP,True
2024-05-15 13:15:00,2024-05-15 13:30:00,2024-05-15 13:45:00,13015,LONG,64310.02,17.31611341436424,9.316113414364239,37.31611341436424,-59.92689786132852,1,TRAILING_STOP,False
2024-05-15 14:15:00,2024-05-15 14:30:00,2024-05-15 15:15:00,13021,LONG,64187.51,115.23503248529204,107.23503248529204,135.23503248529204,0.0,3,TRAILING_STOP,True
2024-05-16 07:30:00,2024-05-16 07:45:00,2024-05-16 08:00:00,13088,LONG,66160.6,25.36083409158934,17.36083409158934,45.36083409158934,-10.01502404754632,1,TRAILING_STOP,False
2024-05-16 08:30:00,2024-05-16 08:45:00,2024-05-16 10:15:00,13097,LONG,66236.0,3.2532157739000027,-4.746784226099997,23.253215773900003,-20.53264085995531,6,TRAILING_STOP,True
2024-05-16 12:30:00,2024-05-16 12:45:00,2024-05-16 13:30:00,13110,SHORT,66095.56,20.770429965339943,12.770429965339943,50.77042996533994,-21.48858410459021,3,TRAILING_STOP,False
2024-05-16 16:30:00,2024-05-16 16:45:00,2024-05-16 17:45:00,13127,SHORT,65380.13,88.89850937891995,80.89850937891995,118.89850937891995,-1.5019853891388268,4,TRAILING_STOP,False
2024-05-17 03:30:00,2024-05-17 03:45:00,2024-05-17 06:15:00,13177,LONG,65814.71,-17.644991522412642,-25.644991522412642,0.0,-67.94833556206574,10,TIME_EXIT,False
2024-05-17 06:45:00,2024-05-17 07:00:00,2024-05-17 07:15:00,13181,LONG,65955.56,62.54649039444172,54.54649039444172,82.54649039444172,0.0,1,TRAILING_STOP,False
2024-05-17 07:45:00,2024-05-17 08:00:00,2024-05-17 10:30:00,13194,LONG,66386.93,-0.9369314110453086,-8.93693141104531,9.500364002373207,-47.9220834582951,10,TIME_EXIT,True
2024-05-17 12:45:00,2024-05-17 13:00:00,2024-05-17 13:30:00,13206,LONG,66379.97,-17.948176234488304,-25.948176234488304,2.0518237655116964,-83.14857629492786,2,TRAILING_STOP,False
2024-05-17 14:00:00,2024-05-17 14:15:00,2024-05-17 15:30:00,13214,LONG,66139.75,178.2846926394486,170.2846926394486,198.2846926394486,0.0,5,TRAILING_STOP,True
2024-05-17 23:45:00,2024-05-18 00:00:00,2024-05-18 02:30:00,13258,LONG,67024.0,-15.33003103365915,-23.33003103365915,4.66996896634085,-44.53180950107442,10,TRAILING_STOP,False
2024-05-18 03:00:00,2024-05-18 03:15:00,2024-05-18 04:30:00,13266,LONG,66910.0,-5.292183530114558,-13.292183530114558,14.707816469885442,-8.312658795396105,5,TRAILING_STOP,True
2024-05-18 06:45:00,2024-05-18 07:00:00,2024-05-18 07:30:00,13278,LONG,66920.03,27.916894239288816,19.916894239288816,47.916894239288816,-3.771665972057281,2,TRAILING_STOP,False
2024-05-18 08:00:00,2024-05-18 08:15:00,2024-05-18 10:30:00,13290,LONG,66998.67,24.826262969100988,16.826262969100988,44.82626296910099,-11.164400726164104,9,TRAILING_STOP,True
2024-05-18 10:45:00,2024-05-18 11:00:00,2024-05-18 12:00:00,13296,LONG,67222.21,-6.010575968866005,-14.010575968866005,13.989424031133995,-19.10975554061766,4,TRAILING_STOP,False
2024-05-18 12:30:00,2024-05-18 12:45:00,2024-05-18 15:15:00,13309,LONG,67074.81,-39.941969272816955,-47.941969272816955,0.0,-70.78812448369182,10,TIME_EXIT,True
2024-05-18 22:45:00,2024-05-18 23:00:00,2024-05-19 00:30:00,13346,LONG,66932.0,-3.8761728321283897,-11.87617283212839,16.12382716787161,-14.135241737883312,6,TRAILING_STOP,False
2024-05-19 01:00:00,2024-05-19 01:15:00,2024-05-19 03:45:00,13359,LONG,66930.0,35.889735544599795,27.889735544599795,54.43747198565753,-6.64126699536786,10,TIME_EXIT,True
2024-05-19 07:30:00,2024-05-19 07:45:00,2024-05-19 08:30:00,13378,LONG,67250.01,-6.631972248032566,-14.631972248032566,13.368027751967434,-22.306316385677086,3,TRAILING_STOP,False
2024-05-19 09:00:00,2024-05-19 09:15:00,2024-05-19 10:45:00,13387,LONG,67079.99,72.4284574282129,64.4284574282129,92.4284574282129,-13.400419409722543,6,TRAILING_STOP,True
2024-05-19 11:00:00,2024-05-19 11:15:00,2024-05-19 11:30:00,13390,SHORT,67135.74,-11.27078066019601,-19.27078066019601,18.72921933980399,-27.526322045454233,1,TRAILING_STOP,False
2024-05-19 19:00:00,2024-05-19 19:15:00,2024-05-19 20:00:00,13424,SHORT,66252.54,29.664127594201467,21.664127594201467,59.66412759420147,-21.11013404165344,3,TRAILING_STOP,False
2024-05-19 20:30:00,2024-05-19 20:45:00,2024-05-19 21:45:00,13431,SHORT,66150.2,-7.294097372343984,-15.294097372343984,22.705902627656016,-31.715701539829496,4,TRAILING_STOP,True
2024-05-20 01:00:00,2024-05-20 01:15:00,2024-05-20 01:30:00,13446,SHORT,66341.61,12.401744546145764,4.401744546145764,42.401744546145764,-8.377849135708606,1,TRAILING_STOP,False
2024-05-20 02:00:00,2024-05-20 02:15:00,2024-05-20 04:30:00,13458,SHORT,66597.52,-24.959271756664965,-32.95927175666496,5.040728243335034,-75.4502570065666,9,TRAILING_STOP,True
2024-05-20 06:45:00,2024-05-20 07:00:00,2024-05-20 09:30:00,13478,SHORT,66410.01,-77.81507637177049,-85.81507637177049,0.0,-97.5696284340277,10,TIME_EXIT,False
2024-05-20 10:15:00,2024-05-20 10:30:00,2024-05-20 11:30:00,13486,LONG,67139.98,3.8337872605866252,-4.166212739413375,23.833787260586625,-11.912425353715614,4,TRAILING_STOP,False
2024-05-20 12:00:00,2024-05-20 12:15:00,2024-05-20 13:30:00,13494,LONG,67069.2,-6.461743989789214,-14.461743989789214,13.538256010210786,-43.93521914679142,5,TRAILING_STOP,True
2024-05-20 15:15:00,2024-05-20 15:30:00,2024-05-20 16:00:00,13504,LONG,67250.0,84.08921933085502,76.08921933085502,104.08921933085502,0.0,2,TRAILING_STOP,False
2024-05-20 16:30:00,2024-05-20 16:45:00,2024-05-20 17:15:00,13509,LONG,68250.0,38.60512820512761,30.605128205127613,58.60512820512761,-32.121611721611124,2,TRAILING_STOP,True
2024-05-20 19:15:00,2024-05-20 19:30:00,2024-05-20 20:00:00,13520,LONG,69192.01,157.6549055302788,149.6549055302788,177.6549055302788,0.0,2,TRAILING_STOP,False
2024-05-20 20:30:00,2024-05-20 20:45:00,2024-05-20 21:00:00,13524,LONG,69412.29,-1.0725161207036003,-9.0725161207036,18.9274838792964,-55.569409970480244,1,TRAILING_STOP,True
2024-05-20 23:15:00,2024-05-20 23:30:00,2024-05-21 00:00:00,13536,LONG,71432.01,-7.9115819364447635,-15.911581936444763,12.088418063555237,-42.92753346853875,2,TRAILING_STOP,False
2024-05-21 00:30:00,2024-05-21 00:45:00,2024-05-21 01:45:00,13543,LONG,71400.0,-11.249299719888526,-19.249299719888526,8.750700280111474,-97.19887955182072,4,TRAILING_STOP,True
2024-05-21 11:45:00,2024-05-21 12:00:00,2024-05-21 13:30:00,13590,SHORT,71130.0,14.429917053282558,6.4299170532825585,44.42991705328256,-45.70364122030037,6,TRAILING_STOP,False
2024-05-21 17:00:00,2024-05-21 17:15:00,2024-05-21 17:30:00,13606,LONG,69594.66,30.012457852369366,22.012457852369366,50.012457852369366,0.0,1,TRAILING_STOP,False
2024-05-21 18:00:00,2024-05-21 18:15:00,2024-05-21 18:30:00,13610,LONG,69698.58,-4.265102674975839,-12.26510267497584,15.73489732502416,-21.317507472892814,1,TRAILING_STOP,True
2024-05-22 04:30:00,2024-05-22 04:45:00,2024-05-22 07:15:00,13661,SHORT,69315.37,-47.65898241616626,-55.65898241616626,0.0,-107.41052092775443,10,TIME_EXIT,False
2024-05-22 08:30:00,2024-05-22 08:45:00,2024-05-22 09:30:00,13670,LONG,70020.0,-10.417023707511309,-18.41702370751131,9.582976292488691,-26.071122536418585,3,TRAILING_STOP,False
2024-05-22 10:00:00,2024-05-22 10:15:00,2024-05-22 11:15:00,13677,LONG,70037.99,13.860195017017787,5.860195017017787,33.86019501701779,0.0,4,TRAILING_STOP,True
2024-05-22 12:30:00,2024-05-22 12:45:00,2024-05-22 14:15:00,13689,SHORT,69733.99,12.832770647427793,4.832770647427793,42.83277064742779,-52.409162303777705,6,TRAILING_STOP,False
2024-05-22 18:30:00,2024-05-22 18:45:00,2024-05-22 19:00:00,13708,LONG,69491.26,12.09324453175897,4.09324453175897,32.09324453175897,-0.900832709033447,1,TRAILING_STOP,False
2024-05-23 07:30:00,2024-05-23 07:45:00,2024-05-23 08:15:00,13761,LONG,69776.0,-9.403233203393384,-17.403233203393384,10.596766796606616,-21.537491401054638,2,TRAILING_STOP,False
2024-05-23 11:15:00,2024-05-23 11:30:00,2024-05-23 12:30:00,13778,LONG,69928.7,3.941529014553147,-4.058470985446853,23.941529014553147,-14.257379302060112,4,TRAILING_STOP,False
2024-05-23 12:45:00,2024-05-23 13:00:00,2024-05-23 13:30:00,13782,SHORT,69428.53,94.66488920332878,86.66488920332878,124.66488920332878,-1.4806593197348175,2,TRAILING_STOP,False
2024-05-23 14:00:00,2024-05-23 14:15:00,2024-05-23 15:00:00,13788,SHORT,68231.8,60.991297312983946,52.991297312983946,90.99129731298395,0.0,3,TRAILING_STOP,True
2024-05-23 18:00:00,2024-05-23 18:15:00,2024-05-23 18:45:00,13803,SHORT,67152.02,-8.900113503658964,-16.900113503658964,21.099886496341036,-40.027090771058496,2,TRAILING_STOP,False
2024-05-23 19:15:00,2024-05-23 19:30:00,2024-05-23 20:00:00,13808,SHORT,67442.74,137.63553793929512,129.63553793929512,167.63553793929512,-21.66578641377787,2,TRAILING_STOP,True
2024-05-23 20:15:00,2024-05-23 20:30:00,2024-05-23 20:45:00,13811,LONG,67489.99,48.513864055987284,40.513864055987284,68.51386405598728,-0.7364055025050624,1,TRAILING_STOP,False
2024-05-23 21:00:00,2024-05-23 21:15:00,2024-05-23 22:00:00,13816,LONG,67839.99,21.808673615663864,13.808673615663864,41.808673615663864,-62.49116487192913,3,TRAILING_STOP,False
2024-05-24 05:30:00,2024-05-24 05:45:00,2024-05-24 06:00:00,13848,SHORT,67223.25,-29.55372583146456,-37.55372583146456,0.4462741685354398,-55.662289460862574,1,TRAILING_STOP,False
2024-05-24 06:30:00,2024-05-24 06:45:00,2024-05-24 07:00:00,13852,SHORT,67215.99,27.688654143159873,19.688654143159873,57.68865414315987,0.0,1,TRAILING_STOP,True
2024-05-24 13:15:00,2024-05-24 13:30:00,2024-05-24 14:15:00,13881,LONG,67410.01,67.52260977264434,59.522609772644344,87.52260977264434,-72.39874315402024,3,TRAILING_STOP,False
2024-05-24 14:30:00,2024-05-24 14:45:00,2024-05-24 17:15:00,13893,SHORT,67731.98,-121.65597403176461,-129.65597403176463,0.0,-139.48949964256298,10,TIME_EXIT,False
2024-05-25 08:30:00,2024-05-25 08:45:00,2024-05-25 09:15:00,13957,SHORT,68884.77,-24.95244014025102,-32.95244014025102,5.047559859748979,-29.92388593298491,2,TRAILING_STOP,False
2024-05-25 10:45:00,2024-05-25 11:00:00,2024-05-25 11:30:00,13966,LONG,69388.0,11.994004727042142,3.9940047270421424,31.994004727042142,-0.6153801810117131,2,TRAILING_STOP,False
2024-05-25 12:00:00,2024-05-25 12:15:00,2024-05-25 13:30:00,13974,LONG,69158.97,-8.17217781005083,-16.17217781005083,11.82782218994917,-39.98613628861276,5,TRAILING_STOP,True
2024-05-25 23:00:00,2024-05-25 23:15:00,2024-05-26 00:15:00,14017,LONG,69294.99,-11.11046844800883,-19.11046844800883,8.88953155199117,-16.571183573300427,4,TRAILING_STOP,False
2024-05-26 00:45:00,2024-05-26 01:00:00,2024-05-26 02:00:00,14024,LONG,69156.01,-5.528372732897436,-13.528372732897436,14.471627267102564,-6.074670878206358,4,TRAILING_STOP,True
2024-05-26 02:15:00,2024-05-26 02:30:00,2024-05-26 03:30:00,14030,SHORT,68973.99,-5.988049988117279,-13.988049988117279,24.01195001188272,-7.188216891614033,4,TRAILING_STOP,False
2024-05-26 03:45:00,2024-05-26 04:00:00,2024-05-26 06:30:00,14042,LONG,69073.62,1.5027444630822384,-6.497255536917762,15.980051429185941,-21.050004328713943,10,TIME_EXIT,False
2024-05-26 07:30:00,2024-05-26 07:45:00,2024-05-26 08:15:00,14049,LONG,69348.5,10.819700498207737,2.8197004982077374,30.819700498207737,-12.761631470039006,2,TRAILING_STOP,False
2024-05-26 08:45:00,2024-05-26 09:00:00,2024-05-26 09:15:00,14053,LONG,69160.32,-6.45466070718108,-14.45466070718108,13.54533929281892,-11.463220528767561,1,TRAILING_STOP,True
2024-05-26 14:45:00,2024-05-26 15:00:00,2024-05-26 17:30:00,14086,LONG,69287.11,-58.24892970712684,-66.24892970712685,0.0,-89.26768629835978,10,TIME_EXIT,False
2024-05-26 21:30:00,2024-05-26 21:45:00,2024-05-27 00:00:00,14112,SHORT,68386.44,-23.79409134325426,-31.79409134325426,6.205908656745742,-45.94624314410749,9,TRAILING_STOP,False
2024-05-27 00:30:00,2024-05-27 00:45:00,2024-05-27 03:15:00,14125,SHORT,68721.41,-47.35060005317035,-55.35060005317035,0.0,-83.90252761111806,10,TIME_EXIT,True
2024-05-27 03:30:00,2024-05-27 03:45:00,2024-05-27 05:30:00,14134,SHORT,68919.8,56.74575376016844,48.74575376016844,86.74575376016844,0.0,7,TRAILING_STOP,False
2024-05-27 06:00:00,2024-05-27 06:15:00,2024-05-27 07:30:00,14142,SHORT,68591.78,6.438768610466489,-1.5612313895335106,36.43876861046649,-16.90435792743636,5,TRAILING_STOP,True
2024-05-27 13:15:00,2024-05-27 13:30:00,2024-05-27 16:00:00,14176,SHORT,68818.55,-254.21343518571547,-262.21343518571547,0.0,-263.9811504310964,10,TIME_EXIT,False
2024-05-27 19:45:00,2024-05-27 20:00:00,2024-05-27 22:00:00,14200,LONG,69260.02,70.65547483237661,62.65547483237661,90.65547483237661,0.0,8,TRAILING_STOP,False
2024-05-27 22:30:00,2024-05-27 22:45:00,2024-05-28 01:15:00,14213,LONG,69635.86,-39.57012952809126,-47.57012952809126,0.0,-76.95173147858023,10,TIME_EXIT,True
2024-05-28 01:45:00,2024-05-28 02:00:00,2024-05-28 03:45:00,14223,SHORT,68614.11,95.50042549557236,87.50042549557236,125.50042549557236,-33.265752481523116,7,TRAILING_STOP,False
2024-05-28 04:15:00,2024-05-28 04:30:00,2024-05-28 05:00:00,14228,SHORT,67733.83,-15.555224029115658,-23.555224029115656,14.444775970884342,-37.41852483463538,2,TRAILING_STOP,True
2024-05-28 10:00:00,2024-05-28 10:15:00,2024-05-28 12:45:00,14259,LONG,68720.75,-74.5218874939513,-82.5218874939513,0.0,-82.4408930344901,10,TIME_EXIT,False
2024-05-28 13:30:00,2024-05-28 13:45:00,2024-05-28 14:00:00,14264,SHORT,68034.0,44.13646118117481,36.13646118117481,74.13646118117481,-12.135108916129827,1,TRAILING_STOP,False
2024-05-28 14:30:00,2024-05-28 14:45:00,2024-05-28 15:00:00,14268,SHORT,67814.69,-17.33165336300977,-25.33165336300977,12.66834663699023,-49.189932151868824,1,TRAILING_STOP,True
2024-05-28 18:30:00,2024-05-28 18:45:00,2024-05-28 21:15:00,14293,SHORT,67479.9,-136.9430008046857,-144.9430008046857,0.0,-165.7426878225972,10,TIME_EXIT,False
2024-05-28 22:00:00,2024-05-28 22:15:00,2024-05-29 00:30:00,14306,SHORT,68572.52,14.694288615907716,6.694288615907716,44.694288615907716,-8.948190907961466,9,TRAILING_STOP,False
2024-05-29 01:00:00,2024-05-29 01:15:00,2024-05-29 01:30:00,14310,SHORT,68440.01,-26.49181816308987,-34.491818163089874,3.5081818369101296,-35.72033376383217,1,TRAILING_STOP,True
2024-05-29 02:15:00,2024-05-29 02:30:00,2024-05-29 05:00:00,14324,LONG,68913.89,-16.83808300474787,-24.83808300474787,3.1619169952521324,-49.51541699358372,10,TRAILING_STOP,False
2024-05-29 05:30:00,2024-05-29 05:45:00,2024-05-29 08:15:00,14337,LONG,68741.35,-117.44604957569366,-125.44604957569366,0.0,-165.69502926550166,10,TIME_EXIT,True
2024-05-29 13:15:00,2024-05-29 13:30:00,2024-05-29 13:45:00,14359,SHORT,67830.01,8.398932861721804,0.39893286172180353,38.3989328617218,-14.06457112419838,1,TRAILING_STOP,False
2024-05-29 14:15:00,2024-05-29 14:30:00,2024-05-29 15:15:00,14365,SHORT,67666.54,16.039002437541342,8.039002437541342,46.03900243754134,-27.953254296733473,3,TRAILING_STOP,True
2024-05-30 02:15:00,2024-05-30 02:30:00,2024-05-30 04:00:00,14416,LONG,68098.52,-7.679614769896,-15.679614769896,12.320385230104,-25.627576047174603,6,TRAILING_STOP,False
2024-05-30 04:30:00,2024-05-30 04:45:00,2024-05-30 07:15:00,14429,LONG,68220.01,-64.5001371298523,-72.5001371298523,0.0,-74.17325210007955,10,TIME_EXIT,True
2024-05-30 07:45:00,2024-05-30 08:00:00,2024-05-30 08:15:00,14433,SHORT,67584.57,37.5553606392712,29.5553606392712,67.5553606392712,0.0,1,TRAILING_STOP,False
2024-05-30 08:45:00,2024-05-30 09:00:00,2024-05-30 09:45:00,14439,SHORT,67688.96,3.8312185620816166,-4.168781437918383,33.83121856208162,-10.493587137400077,3,TRAILING_STOP,True
2024-05-30 13:45:00,2024-05-30 14:00:00,2024-05-30 14:30:00,14458,LONG,68623.99,3.316918762665175,-4.683081237334825,23.316918762665175,-24.352999585131947,2,TRAILING_STOP,False
2024-05-30 15:00:00,2024-05-30 15:15:00,2024-05-30 15:30:00,14462,LONG,68271.17,29.9229762724151,21.9229762724151,49.9229762724151,0.0,1,TRAILING_STOP,True
2024-05-30 17:30:00,2024-05-30 17:45:00,2024-05-30 18:00:00,14472,LONG,69413.28,-19.03188554121039,-27.03188554121039,0.9681144587896097,-39.60193207985553,1,TRAILING_STOP,False
2024-05-30 18:30:00,2024-05-30 18:45:00,2024-05-30 19:00:00,14476,LONG,69294.67,-9.63989582459832,-17.63989582459832,10.36010417540168,-15.783320708504037,1,TRAILING_STOP,True
2024-05-31 02:00:00,2024-05-31 02:15:00,2024-05-31 04:45:00,14515,LONG,68618.3,-14.749214130924427,-22.74921413092443,5.250785869075573,-19.280570926415095,10,TRAILING_STOP,False
2024-05-31 05:15:00,2024-05-31 05:30:00,2024-05-31 06:00:00,14520,LONG,68379.24,-8.335641051290603,-16.3356410512906,11.664358948709397,-17.98060346970976,2,TRAILING_STOP,True
2024-05-31 09:15:00,2024-05-31 09:30:00,2024-05-31 10:00:00,14536,SHORT,67926.93,-24.41605854997524,-32.41605854997524,5.583941450024758,-51.115220428776404,2,TRAILING_STOP,False
2024-05-31 12:30:00,2024-05-31 12:45:00,2024-05-31 15:15:00,14557,LONG,68855.45,-203.09212996211545,-211.09212996211545,0.0,-233.10427860104073,10,TIME_EXIT,False
2024-05-31 16:00:00,2024-05-31 16:15:00,2024-05-31 18:45:00,14571,SHORT,66825.01,-88.2708435060481,-96.2708435060481,0.0,-94.9719274265741,10,TIME_EXIT,False
2024-05-31 19:30:00,2024-05-31 19:45:00,2024-05-31 22:15:00,14585,SHORT,67854.26,31.256696337119664,23.256696337119664,52.208954898335755,0.0,10,TIME_EXIT,False
2024-06-01 17:45:00,2024-06-01 18:00:00,2024-06-01 20:30:00,14674,LONG,67791.02,-2.805681342455693,-10.805681342455692,0.0,-15.533030776053067,10,TIME_EXIT,False
2024-06-02 01:00:00,2024-06-02 01:15:00,2024-06-02 03:45:00,14703,SHORT,67805.87,2.41866965205139,-5.58133034794861,23.97137592954616,-9.457883218665975,10,TIME_EXIT,False
2024-06-02 08:00:00,2024-06-02 08:15:00,2024-06-02 09:15:00,14725,LONG,67756.55,-11.732164639432781,-19.73216463943278,8.267835360567219,-25.25512293645557,4,TRAILING_STOP,False
2024-06-02 09:30:00,2024-06-02 09:45:00,2024-06-02 11:15:00,14733,SHORT,67415.59,-22.822135058077897,-30.822135058077897,7.177864941922102,-30.320879784631938,6,TRAILING_STOP,False
2024-06-02 11:45:00,2024-06-02 12:00:00,2024-06-02 14:30:00,14746,LONG,68251.53,10.544370214118448,2.544370214118448,30.544370214118448,-66.15675868365132,10,TRAILING_STOP,False
2024-06-02 15:00:00,2024-06-02 15:15:00,2024-06-02 16:15:00,14753,LONG,68132.67,-10.117809855389236,-18.117809855389236,9.882190144610764,-22.40775240424282,4,TRAILING_STOP,True
2024-06-02 17:30:00,2024-06-02 17:45:00,2024-06-02 20:15:00,14769,LONG,68016.02,-47.553502836537966,-55.553502836537966,0.0,-111.52519656398638,10,TIME_EXIT,False
2024-06-03 01:00:00,2024-06-03 01:15:00,2024-06-03 01:30:00,14790,LONG,68140.01,9.67272825466306,1.6727282546630597,29.67272825466306,0.0,1,TRAILING_STOP,False
2024-06-03 02:00:00,2024-06-03 02:15:00,2024-06-03 04:45:00,14803,LONG,68686.45,-25.68920070843625,-33.689200708436246,0.0,-70.67623963678383,10,TIME_EXIT,True
2024-06-03 06:15:00,2024-06-03 06:30:00,2024-06-03 06:45:00,14811,LONG,69099.28,-4.397811380958286,-12.397811380958286,15.602188619041714,-15.814926002123153,1,TRAILING_STOP,False
2024-06-03 07:15:00,2024-06-03 07:30:00,2024-06-03 08:45:00,14819,LONG,68881.4,45.561965929845485,37.561965929845485,65.56196592984548,-5.381714076658203,5,TRAILING_STOP,True
2024-06-03 12:30:00,2024-06-03 12:45:00,2024-06-03 13:00:00,14836,LONG,69650.0,-4.206748025843503,-12.206748025843503,15.793251974156497,-13.526202440776224,1,TRAILING_STOP,False
2024-06-03 13:30:00,2024-06-03 13:45:00,2024-06-03 14:15:00,14841,LONG,69987.99,-6.900609661744392,-14.900609661744392,13.099390338255608,-52.11608448821004,2,TRAILING_STOP,True
2024-06-03 14:30:00,2024-06-03 14:45:00,2024-06-03 15:00:00,14844,SHORT,69198.74,33.40288854970556,25.40288854970556,63.40288854970556,-17.260429886438363,1,TRAILING_STOP,False
2024-06-04 00:15:00,2024-06-04 00:30:00,2024-06-04 03:00:00,14892,SHORT,68784.01,-79.69875556833802,-87.69875556833802,0.0,-85.19421883080095,10,TIME_EXIT,False
2024-06-04 06:00:00,2024-06-04 06:15:00,2024-06-04 08:00:00,14912,SHORT,68882.62,-29.763365563041866,-37.763365563041866,0.23663443695813322,-44.912635436922976,7,TRAILING_STOP,False
2024-06-04 09:00:00,2024-06-04 09:15:00,2024-06-04 10:00:00,14920,SHORT,68780.14,0.9420713595512389,-7.057928640448761,30.94207135955124,-10.16572516426955,3,TRAILING_STOP,False
2024-06-04 13:15:00,2024-06-04 13:30:00,2024-06-04 13:45:00,14935,LONG,69429.78,37.751875348013655,29.751875348013655,57.751875348013655,0.0,1,TRAILING_STOP,False
2024-06-04 14:15:00,2024-06-04 14:30:00,2024-06-04 15:15:00,14941,LONG,69749.39,41.687994690706844,33.687994690706844,61.687994690706844,-45.96455969005691,3,TRAILING_STOP,True
2024-06-04 15:45:00,2024-06-04 16:00:00,2024-06-04 16:45:00,14947,LONG,70445.0,58.64291291078146,50.64291291078146,78.64291291078146,0.0,3,TRAILING_STOP,False
2024-06-04 17:15:00,2024-06-04 17:30:00,2024-06-04 18:30:00,14954,LONG,70486.52,61.8496926788261,53.8496926788261,81.8496926788261,-11.114181832215728,4,TRAILING_STOP,True
2024-06-05 01:15:00,2024-06-05 01:30:00,2024-06-05 01:45:00,14983,LONG,71002.13,-1.2202817014086058,-9.220281701408606,18.779718298591394,-11.81936372894704,1,TRAILING_STOP,False
2024-06-05 02:15:00,2024-06-05 02:30:00,2024-06-05 05:00:00,14996,LONG,70977.15,19.85085340845692,11.85085340845692,39.85085340845692,-29.467229946538318,10,TRAILING_STOP,True
2024-06-05 12:45:00,2024-06-05 13:00:00,2024-06-05 14:15:00,15033,SHORT,70940.01,48.42541888561776,40.42541888561776,78.42541888561776,-32.418941017912246,5,TRAILING_STOP,False
2024-06-05 15:15:00,2024-06-05 15:30:00,2024-06-05 16:30:00,15042,LONG,71543.57,9.971945766753464,1.9719457667534641,29.971945766753464,-25.55785236884402,4,TRAILING_STOP,False
2024-06-05 17:00:00,2024-06-05 17:15:00,2024-06-05 18:00:00,15048,LONG,71539.99,9.106797470896474,1.106797470896474,29.106797470896474,-32.58177698934694,3,TRAILING_STOP,True
2024-06-05 23:15:00,2024-06-05 23:30:00,2024-06-06 02:00:00,15080,SHORT,70850.0,-50.049400141144076,-58.049400141144076,0.0,-52.214537755822484,10,TIME_EXIT,False
2024-06-06 11:45:00,2024-06-06 12:00:00,2024-06-06 12:30:00,15122,LONG,71170.01,18.441753766791813,10.441753766791813,38.44175376679181,-8.288603584570339,2,TRAILING_STOP,False
2024-06-06 13:00:00,2024-06-06 13:15:00,2024-06-06 13:45:00,15127,LONG,71112.31,39.57337063020445,31.57337063020445,59.57337063020445,-4.47883073971177,2,TRAILING_STOP,True
2024-06-06 20:00:00,2024-06-06 20:15:00,2024-06-06 22:45:00,15163,SHORT,70411.98,-69.45266984396673,-77.45266984396673,0.0,-72.25759025665788,10,TIME_EXIT,False
2024-06-07 04:00:00,2024-06-07 04:15:00,2024-06-07 05:45:00,15191,LONG,71181.2,17.759970329244076,9.759970329244076,37.75997032924408,-9.253847926137148,6,TRAILING_STOP,False
2024-06-07 06:15:00,2024-06-07 06:30:00,2024-06-07 07:30:00,15198,LONG,71236.7,-9.178330832282164,-17.178330832282164,10.821669167717836,-19.89985499047468,4,TRAILING_STOP,True
2024-06-07 11:30:00,2024-06-07 11:45:00,2024-06-07 12:30:00,15218,LONG,71526.22,45.82201603831474,37.82201603831474,65.82201603831474,-124.8507190789608,3,TRAILING_STOP,False
2024-06-07 13:00:00,2024-06-07 13:15:00,2024-06-07 14:00:00,15224,LONG,71192.01,45.03960205646658,37.03960205646658,65.03960205646658,0.0,3,TRAILING_STOP,True
2024-06-07 17:45:00,2024-06-07 18:00:00,2024-06-07 18:15:00,15241,SHORT,69803.59,152.7370196862357,144.7370196862357,182.7370196862357,0.0,1,TRAILING_STOP,False
2024-06-07 18:45:00,2024-06-07 19:00:00,2024-06-07 19:15:00,15245,SHORT,69154.44,21.25339746804432,13.25339746804432,51.25339746804432,-6.588152546676349,1,TRAILING_STOP,True
2024-06-08 13:30:00,2024-06-08 13:45:00,2024-06-08 16:15:00,15329,LONG,69341.75,1.5757462135006115,-6.4242537864993885,21.57574621350061,-7.142882895225292,10,TRAILING_STOP,False
2024-06-09 07:45:00,2024-06-09 08:00:00,2024-06-09 10:30:00,15402,SHORT,69295.64,-6.834484824730759,-14.834484824730758,0.0,-14.6546016459337,10,TIME_EXIT,False
2024-06-09 12:30:00,2024-06-09 12:45:00,2024-06-09 13:15:00,15413,LONG,69527.44,15.893742096645248,7.893742096645248,35.89374209664525,-19.87129110463487,2,TRAILING_STOP,False
2024-06-09 13:30:00,2024-06-09 13:45:00,2024-06-09 14:45:00,15419,SHORT,69393.03,-11.407354600310136,-19.407354600310136,18.592645399689864,-23.9173876684735,4,TRAILING_STOP,False
2024-06-09 15:15:00,2024-06-09 15:30:00,2024-06-09 18:00:00,15432,SHORT,69464.4,-44.093089409828366,-52.093089409828366,0.0,-45.85082430712711,10,TIME_EXIT,True
2024-06-10 01:30:00,2024-06-10 01:45:00,2024-06-10 03:45:00,15471,LONG,69675.36,-1.9190026431157428,-9.919002643115743,18.080997356884257,-14.432648787174932,8,TRAILING_STOP,False
2024-06-10 04:15:00,2024-06-10 04:30:00,2024-06-10 06:30:00,15482,LONG,69630.0,-13.63349131121618,-21.63349131121618,6.366508688783821,-23.354875771936715,8,TRAILING_STOP,True
2024-06-10 07:45:00,2024-06-10 08:00:00,2024-06-10 09:45:00,15495,SHORT,69304.0,-10.995324945168186,-18.995324945168186,19.004675054831814,-27.55829389357111,7,TRAILING_STOP,False
2024-06-10 10:15:00,2024-06-10 10:30:00,2024-06-10 13:00:00,15508,SHORT,69361.66,7.447918634012433,-0.5520813659875667,11.26126450837546,-27.153329375334515,10,TIME_EXIT,True
2024-06-10 13:30:00,2024-06-10 13:45:00,2024-06-10 16:00:00,15520,LONG,69471.99,84.20746548357072,76.20746548357072,104.20746548357072,-24.755300661462336,9,TRAILING_STOP,False
2024-06-10 16:30:00,2024-06-10 16:45:00,2024-06-10 18:15:00,15529,LONG,69973.66,3.929004142416204,-4.070995857583796,23.929004142416204,-30.264245145959787,6,TRAILING_STOP,True
2024-06-11 01:45:00,2024-06-11 02:00:00,2024-06-11 02:15:00,15561,SHORT,68724.0,89.89988941272337,81.89988941272337,119.89988941272337,0.0,1,TRAILING_STOP,False
2024-06-11 02:45:00,2024-06-11 03:00:00,2024-06-11 03:15:00,15565,SHORT,68268.62,-15.55412428140552,-23.55412428140552,14.44587571859448,-32.13482270478072,1,TRAILING_STOP,True
2024-06-11 04:15:00,2024-06-11 04:30:00,2024-06-11 05:45:00,15575,SHORT,67941.64,11.890363553190738,3.8903635531907383,41.89036355319074,-25.7220755931112,5,TRAILING_STOP,False
2024-06-11 06:15:00,2024-06-11 06:30:00,2024-06-11 06:45:00,15579,SHORT,67696.28,24.84496341601028,16.84496341601028,54.84496341601028,-7.245597542435553,1,TRAILING_STOP,True
2024-06-11 09:45:00,2024-06-11 10:00:00,2024-06-11 11:00:00,15596,SHORT,67084.33,17.96202034066674,9.96202034066674,47.96202034066674,-32.66485630847094,4,TRAILING_STOP,False
2024-06-11 11:30:00,2024-06-11 11:45:00,2024-06-11 12:00:00,15600,SHORT,66998.66,1.0245010870367501,-6.97549891296325,31.02450108703675,-29.20207657884414,1,TRAILING_STOP,True
2024-06-11 13:45:00,2024-06-11 14:00:00,2024-06-11 15:00:00,15612,SHORT,66812.01,-3.2308607389612582,-11.230860738961258,26.76913926103874,-43.616409684427026,4,TRAILING_STOP,False
2024-06-11 15:30:00,2024-06-11 15:45:00,2024-06-11 18:15:00,15625,SHORT,66125.68,-131.40885658945385,-139.40885658945385,0.0,-140.67757034785961,10,TIME_EXIT,True
2024-06-12 01:15:00,2024-06-12 01:30:00,2024-06-12 01:45:00,15655,SHORT,66980.0,-20.146312332039415,-28.146312332039415,9.853687667960584,-31.010749477456915,1,TRAILING_STOP,False
2024-06-12 02:15:00,2024-06-12 02:30:00,2024-06-12 04:15:00,15665,SHORT,67529.25,1.3167997571416699,-6.68320024285833,31.31679975714167,-7.531551142653085,7,TRAILING_STOP,True
2024-06-12 09:45:00,2024-06-12 10:00:00,2024-06-12 11:00:00,15692,LONG,67753.33,25.116601648951132,17.116601648951132,45.11660164895113,0.0,4,TRAILING_STOP,False
2024-06-12 12:30:00,2024-06-12 12:45:00,2024-06-12 13:00:00,15700,LONG,69417.98,13.394806359967113,5.394806359967113,33.39480635996711,-11.335679891578858,1,TRAILING_STOP,False
2024-06-12 13:30:00,2024-06-12 13:45:00,2024-06-12 14:30:00,15706,LONG,69487.05,50.94127610828163,42.94127610828163,70.94127610828163,-26.917245731400048,3,TRAILING_STOP,True
2024-06-12 18:00:00,2024-06-12 18:15:00,2024-06-12 18:30:00,15722,SHORT,69180.01,16.834338416545478,8.834338416545478,46.83433841654548,-30.354144210156267,1,TRAILING_STOP,False
2024-06-12 18:45:00,2024-06-12 19:00:00,2024-06-12 19:45:00,15727,SHORT,68828.0,199.26715871447666,191.26715871447666,229.26715871447666,-57.845644214563755,3,TRAILING_STOP,False
2024-06-12 20:15:00,2024-06-12 20:30:00,2024-06-12 23:00:00,15740,SHORT,67940.47,-40.2249204340202,-48.2249204340202,0.0,-107.0010260453013,10,TIME_EXIT,True
2024-06-13 02:00:00,2024-06-13 02:15:00,2024-06-13 03:00:00,15756,SHORT,67908.0,11.428108617541639,3.428108617541639,41.42810861754164,-39.61241679919892,3,TRAILING_STOP,False
2024-06-13 03:30:00,2024-06-13 03:45:00,2024-06-13 06:15:00,15769,SHORT,67250.0,-32.85501858736016,-40.85501858736016,0.0,-71.28773234200796,10,TIME_EXIT,True
2024-06-13 09:30:00,2024-06-13 09:45:00,2024-06-13 12:15:00,15793,SHORT,67192.72,-98.4943011683405,-106.4943011683405,0.0,-115.85778935575104,10,TIME_EXIT,False
2024-06-13 12:30:00,2024-06-13 12:45:00,2024-06-13 13:15:00,15797,SHORT,67729.88,-13.4386241345772,-21.4386241345772,16.5613758654228,-54.53132354582593,2,TRAILING_STOP,False
2024-06-13 13:45:00,2024-06-13 14:00:00,2024-06-13 14:30:00,15802,SHORT,67590.0,35.09838733540465,27.098387335404652,65.09838733540465,-22.08610741233893,2,TRAILING_STOP,True
2024-06-13 15:30:00,2024-06-13 15:45:00,2024-06-13 16:00:00,15808,SHORT,66608.02,23.48304903823972,15.48304903823972,53.48304903823972,-32.42552473410798,1,TRAILING_STOP,False
2024-06-13 16:30:00,2024-06-13 16:45:00,2024-06-13 17:30:00,15814,SHORT,66698.09,-21.211142627923024,-29.211142627923024,8.788857372076974,-57.27900154262411,3,TRAILING_STOP,True
2024-06-14 05:30:00,2024-06-14 05:45:00,2024-06-14 06:15:00,15865,LONG,67100.01,-16.38152065849188,-24.38152065849188,3.6184793415081216,-29.807745185134067,2,TRAILING_STOP,False
2024-06-14 07:45:00,2024-06-14 08:00:00,2024-06-14 10:30:00,15882,SHORT,66904.98,2.2599214587606697,-5.74007854123933,10.22943284640431,-52.513280775214504,10,TIME_EXIT,False
2024-06-14 14:15:00,2024-06-14 14:30:00,2024-06-14 16:00:00,15904,SHORT,66697.72,134.58133801275383,126.58133801275383,164.58133801275383,-54.23573699370911,6,TRAILING_STOP,False
2024-06-14 16:30:00,2024-06-14 16:45:00,2024-06-14 17:00:00,15908,SHORT,65288.46,2.187924175267952,-5.812075824732048,32.18792417526795,-23.210840016750414,1,TRAILING_STOP,True
2024-06-15 06:45:00,2024-06-15 07:00:00,2024-06-15 09:00:00,15972,SHORT,66168.57,-14.468456851945861,-22.46845685194586,15.531543148054139,-15.85798212051326,8,TRAILING_STOP,False
2024-06-15 09:30:00,2024-06-15 09:45:00,2024-06-15 12:15:00,15985,SHORT,66164.01,-20.554981477090042,-28.554981477090042,0.0,-29.62184426246312,10,TIME_EXIT,True
2024-06-15 15:15:00,2024-06-15 15:30:00,2024-06-15 18:00:00,16008,SHORT,66323.99,22.574033920456404,14.574033920456404,28.657805418523065,-5.42940797138332,10,TIME_EXIT,False
2024-06-15 20:15:00,2024-06-15 20:30:00,2024-06-15 23:00:00,16028,SHORT,65984.04,-41.594906889606406,-49.594906889606406,0.0,-41.594906889606406,10,TIME_EXIT,False
2024-06-16 06:45:00,2024-06-16 07:00:00,2024-06-16 09:00:00,16068,LONG,66312.01,-14.271022700110397,-22.271022700110397,5.728977299889604,-16.485701458905023,8,TRAILING_STOP,False
2024-06-16 09:30:00,2024-06-16 09:45:00,2024-06-16 11:15:00,16077,LONG,66336.73,45.313740969746945,37.313740969746945,65.31374096974695,0.0,6,TRAILING_STOP,True
2024-06-16 22:00:00,2024-06-16 22:15:00,2024-06-16 23:15:00,16125,LONG,66733.0,-6.044385836092388,-14.044385836092388,13.955614163907612,-15.224851272984253,4,TRAILING_STOP,False
2024-06-16 23:45:00,2024-06-17 00:00:00,2024-06-17 00:45:00,16131,LONG,66676.86,15.51906913432962,7.519069134329619,35.51906913432962,-19.026090910699843,3,TRAILING_STOP,True
2024-06-17 01:15:00,2024-06-17 01:30:00,2024-06-17 04:00:00,16144,SHORT,66414.01,24.693584983048005,16.693584983048005,38.999301502799604,-17.25388965370576,10,TIME_EXIT,False
2024-06-17 07:00:00,2024-06-17 07:15:00,2024-06-17 08:30:00,16162,SHORT,65988.24,-29.35897669039052,-37.35897669039052,0.6410233096094814,-58.76198546892518,5,TRAILING_STOP,False
2024-06-17 09:00:00,2024-06-17 09:15:00,2024-06-17 10:30:00,16170,SHORT,66113.4,54.30968608481703,46.30968608481703,84.30968608481703,-20.662982088351317,5,TRAILING_STOP,True
2024-06-17 13:30:00,2024-06-17 13:45:00,2024-06-17 14:00:00,16184,SHORT,65410.02,12.809954805089014,4.8099548050890135,42.80995480508901,-6.15349146812675,1,TRAILING_STOP,False
2024-06-17 14:30:00,2024-06-17 14:45:00,2024-06-17 15:30:00,16190,SHORT,65730.0,42.72174045336985,34.72174045336985,72.72174045336985,-8.935037273694801,3,TRAILING_STOP,True
2024-06-17 16:15:00,2024-06-17 16:30:00,2024-06-17 16:45:00,16195,LONG,65828.02,14.731410727527596,6.731410727527596,34.731410727527596,-6.383299998998006,1,TRAILING_STOP,False
2024-06-17 17:30:00,2024-06-17 17:45:00,2024-06-17 18:30:00,16202,LONG,66470.01,104.68781033732401,96.68781033732401,124.68781033732401,0.0,3,TRAILING_STOP,False
2024-06-17 19:00:00,2024-06-17 19:15:00,2024-06-17 19:45:00,16207,LONG,66844.0,-8.61079528454242,-16.61079528454242,11.38920471545758,-42.08605110406423,2,TRAILING_STOP,True
2024-06-18 00:45:00,2024-06-18 01:00:00,2024-06-18 01:45:00,16231,SHORT,65749.98,144.90195434279917,136.90195434279917,174.90195434279917,-10.340687556103477,3,TRAILING_STOP,False
2024-06-18 02:15:00,2024-06-18 02:30:00,2024-06-18 02:45:00,16235,SHORT,65304.12,-24.502643937319505,-32.502643937319505,5.4973560626804945,-53.52801630279841,1,TRAILING_STOP,True
2024-06-18 11:15:00,2024-06-18 11:30:00,2024-06-18 12:45:00,16275,SHORT,65190.93,-0.8655790000234269,-8.865579000023427,29.134420999976573,-41.49810410742703,5,TRAILING_STOP,False
2024-06-18 13:15:00,2024-06-18 13:30:00,2024-06-18 14:00:00,16280,SHORT,64898.02,52.91470217427259,44.91470217427259,82.91470217427259,-12.87712629753569,2,TRAILING_STOP,True
2024-06-19 01:00:00,2024-06-19 01:15:00,2024-06-19 02:30:00,16330,LONG,65345.47,2.030601356145901,-5.969398643854099,22.0306013561459,-81.8495911040197,5,TRAILING_STOP,False
2024-06-19 07:15:00,2024-06-19 07:30:00,2024-06-19 09:45:00,16359,SHORT,65238.0,-4.554707379134857,-12.554707379134857,25.445292620865143,-19.125356387381096,9,TRAILING_STOP,False
2024-06-19 10:15:00,2024-06-19 10:30:00,2024-06-19 11:45:00,16367,SHORT,65152.0,-6.6699410609037315,-14.669941060903732,23.33005893909627,-60.16699410609038,5,TRAILING_STOP,True
2024-06-20 07:15:00,2024-06-20 07:30:00,2024-06-20 08:00:00,16448,LONG,65854.02,-8.845024191386974,-16.845024191386976,11.154975808613026,-14.64754923086038,2,TRAILING_STOP,False
2024-06-20 08:30:00,2024-06-20 08:45:00,2024-06-20 11:15:00,16461,LONG,65699.99,109.10503943759997,101.10503943759997,115.98479695354436,-21.391175249799605,10,TIME_EXIT,True
2024-06-20 13:00:00,2024-06-20 13:15:00,2024-06-20 13:30:00,16470,SHORT,65778.01,64.14696492034216,56.14696492034216,94.14696492034216,0.0,1,TRAILING_STOP,False
2024-06-20 14:00:00,2024-06-20 14:15:00,2024-06-20 15:00:00,16476,SHORT,64832.0,-23.274925962487885,-31.274925962487885,6.725074037512115,-48.870927936820785,3,TRAILING_STOP,True
2024-06-20 19:30:00,2024-06-20 19:45:00,2024-06-20 22:15:00,16505,SHORT,65050.01,1.4588775620488357,-6.541122437951165,7.385087258249595,-23.074554485079794,10,TIME_EXIT,False
2024-06-21 01:00:00,2024-06-21 01:15:00,2024-06-21 03:45:00,16527,SHORT,64671.75,25.607780831661522,17.607780831661522,50.52437888258784,-61.06375658614519,10,TIME_EXIT,False
2024-06-21 04:00:00,2024-06-21 04:15:00,2024-06-21 05:00:00,16532,LONG,64541.99,0.60828927028777,-7.39171072971223,20.60828927028777,-3.407084287298542,3,TRAILING_STOP,False
2024-06-21 07:45:00,2024-06-21 08:00:00,2024-06-21 09:15:00,16549,SHORT,64201.63,75.74186356327674,67.74186356327674,105.74186356327674,-26.560073319011384,5,TRAILING_STOP,False
2024-06-21 09:45:00,2024-06-21 10:00:00,2024-06-21 12:15:00,16561,SHORT,64100.0,62.82371294851794,54.82371294851794,92.82371294851794,0.0,9,TRAILING_STOP,True
2024-06-21 13:30:00,2024-06-21 13:45:00,2024-06-21 14:30:00,16570,LONG,63804.01,48.72608790576015,40.72608790576015,68.72608790576015,-55.09685049576051,3,TRAILING_STOP,False
2024-06-22 02:00:00,2024-06-22 02:15:00,2024-06-22 04:45:00,16627,LONG,64302.81,9.533020407662264,1.5330204076622636,10.008893857049262,-12.878130831296124,10,TIME_EXIT,False
2024-06-22 08:00:00,2024-06-22 08:15:00,2024-06-22 10:45:00,16651,SHORT,64399.29,13.599528814681303,5.599528814681303,28.705285415413833,0.0,10,TIME_EXIT,False
2024-06-23 00:00:00,2024-06-23 00:15:00,2024-06-23 01:00:00,16708,LONG,64354.51,5.870758708286019,-2.1292412917139814,25.87075870828602,-3.9080400114928158,3,TRAILING_STOP,False
2024-06-23 01:30:00,2024-06-23 01:45:00,2024-06-23 04:15:00,16721,LONG,64459.06,-10.612646228474004,-18.612646228474006,9.387353771525996,-13.816521680582632,10,TRAILING_STOP,True
2024-06-23 09:00:00,2024-06-23 09:15:00,2024-06-23 11:45:00,16751,LONG,64437.28,-14.871825750559577,-22.871825750559577,0.0,-28.62163021157943,10,TIME_EXIT,False
2024-06-23 14:45:00,2024-06-23 15:00:00,2024-06-23 17:30:00,16774,SHORT,64192.0,12.594092721834222,4.5940927218342225,42.59409272183422,-1.246261216350947,10,TRAILING_STOP,False
2024-06-23 18:00:00,2024-06-23 18:15:00,2024-06-23 20:45:00,16787,SHORT,64092.33,54.97069618158674,46.97069618158674,76.65815862834128,-14.86761364425367,10,TIME_EXIT,True
2024-06-23 21:00:00,2024-06-23 21:15:00,2024-06-23 23:45:00,16799,SHORT,63694.01,75.98830722072609,67.98830722072609,80.96365733606697,-26.06053536274415,10,TIME_EXIT,False
2024-06-24 00:00:00,2024-06-24 00:15:00,2024-06-24 00:30:00,16802,SHORT,63102.59,1.5201008389662292,-6.479899161033771,31.52010083896623,-37.03968410805376,1,TRAILING_STOP,False
2024-06-24 01:00:00,2024-06-24 01:15:00,2024-06-24 03:00:00,16812,SHORT,63047.7,25.93859887037914,17.93859887037914,55.93859887037914,-51.088302983297694,7,TRAILING_STOP,True
2024-06-24 05:15:00,2024-06-24 05:30:00,2024-06-24 06:30:00,16826,SHORT,62626.53,44.379021159243166,36.379021159243166,74.37902115924317,0.0,4,TRAILING_STOP,False
2024-06-24 07:00:00,2024-06-24 07:15:00,2024-06-24 07:30:00,16830,SHORT,62294.07,-29.11548563129652,-37.11548563129652,0.8845143687034798,-43.97368802520052,1,TRAILING_STOP,True
2024-06-24 09:15:00,2024-06-24 09:30:00,2024-06-24 09:45:00,16839,SHORT,62149.5,146.91051416342816,138.91051416342816,176.91051416342816,0.0,1,TRAILING_STOP,False
2024-06-24 10:15:00,2024-06-24 10:30:00,2024-06-24 11:30:00,16846,SHORT,61352.34,54.1451198112411,46.1451198112411,84.1451198112411,0.0,4,TRAILING_STOP,True
2024-06-24 16:00:00,2024-06-24 16:15:00,2024-06-24 16:30:00,16866,LONG,60911.06,-13.278724750480073,-21.278724750480073,6.721275249519928,-90.46961257938996,1,TRAILING_STOP,False
2024-06-24 16:45:00,2024-06-24 17:00:00,2024-06-24 17:30:00,16870,SHORT,60168.01,20.146248812284327,12.146248812284327,50.14624881228433,-63.23127522415933,2,TRAILING_STOP,False
2024-06-24 18:00:00,2024-06-24 18:15:00,2024-06-24 19:45:00,16879,SHORT,59978.27,123.43390197816589,115.43390197816589,153.4339019781659,-84.81905196665446,6,TRAILING_STOP,True
2024-06-24 23:45:00,2024-06-25 00:00:00,2024-06-25 01:00:00,16900,SHORT,60293.3,-24.851832624852037,-32.85183262485204,5.148167375147964,-61.53254175837116,4,TRAILING_STOP,False
2024-06-25 01:30:00,2024-06-25 01:45:00,2024-06-25 04:15:00,16913,SHORT,60382.0,-154.35229041767448,-162.35229041767448,0.0,-201.5286012387802,10,TIME_EXIT,True
2024-06-25 09:45:00,2024-06-25 10:00:00,2024-06-25 11:15:00,16941,LONG,61468.01,-16.632394639098113,-24.632394639098113,3.3676053609018886,-50.69791587526661,5,TRAILING_STOP,False
2024-06-25 12:00:00,2024-06-25 12:15:00,2024-06-25 13:00:00,16948,SHORT,61113.19,-11.478630063329646,-19.478630063329646,18.521369936670354,-25.68021731478835,3,TRAILING_STOP,False
2024-06-25 13:30:00,2024-06-25 13:45:00,2024-06-25 14:15:00,16953,SHORT,61200.0,-22.769607843137255,-30.769607843137255,7.230392156862745,-152.6143790849673,2,TRAILING_STOP,True
2024-06-25 14:30:00,2024-06-25 14:45:00,2024-06-25 15:15:00,16957,SHORT,61916.0,67.12190709994128,59.12190709994128,97.12190709994128,0.0,2,TRAILING_STOP,False
2024-06-25 15:45:00,2024-06-25 16:00:00,2024-06-25 17:00:00,16964,SHORT,61810.0,47.419511405921185,39.419511405921185,77.41951140592118,0.0,4,TRAILING_STOP,True
2024-06-26 01:15:00,2024-06-26 01:30:00,2024-06-26 02:15:00,17001,LONG,62007.99,57.38035049999198,49.38035049999198,77.38035049999198,-8.384403364791854,3,TRAILING_STOP,False
2024-06-26 02:45:00,2024-06-26 03:00:00,2024-06-26 03:15:00,17005,LONG,62028.01,-15.487522491855218,-23.487522491855216,4.512477508144782,-18.057970907014756,1,TRAILING_STOP,True
2024-06-26 12:45:00,2024-06-26 13:00:00,2024-06-26 14:15:00,17049,LONG,61431.47,69.29136808870093,61.291368088700935,89.29136808870093,-2.1373410077936694,5,TRAILING_STOP,False
2024-06-26 14:45:00,2024-06-26 15:00:00,2024-06-26 17:30:00,17062,LONG,61728.13,-115.68793676399972,-123.68793676399972,0.0,-141.4476673762833,10,TIME_EXIT,True
2024-06-27 03:15:00,2024-06-27 03:30:00,2024-06-27 05:00:00,17108,LONG,61134.02,-10.515918959688369,-18.51591895968837,9.484081040311631,-23.405953019283945,6,TRAILING_STOP,False
2024-06-27 12:00:00,2024-06-27 12:15:00,2024-06-27 12:30:00,17138,LONG,61391.66,23.709520153062563,15.709520153062563,43.70952015306256,-35.80127984810981,1,TRAILING_STOP,False
2024-06-27 13:00:00,2024-06-27 13:15:00,2024-06-27 13:30:00,17142,LONG,61620.0,21.587147030185328,13.587147030185328,41.58714703018533,-9.087958455047064,1,TRAILING_STOP,True
2024-06-27 14:00:00,2024-06-27 14:15:00,2024-06-27 16:45:00,17155,LONG,62360.0,-103.50064143681853,-111.50064143681853,0.0,-132.70525978191193,10,TIME_EXIT,False
2024-06-28 01:15:00,2024-06-28 01:30:00,2024-06-28 02:00:00,17192,LONG,61940.01,13.865025207453911,5.865025207453911,33.86502520745391,-18.035192438619095,2,TRAILING_STOP,False
2024-06-28 02:30:00,2024-06-28 02:45:00,2024-06-28 04:00:00,17200,LONG,61768.0,4.49974096619637,-3.50025903380363,24.49974096619637,-19.102124077191743,5,TRAILING_STOP,True
2024-06-28 07:45:00,2024-06-28 08:00:00,2024-06-28 09:45:00,17223,SHORT,61350.01,-25.760391889096343,-33.76039188909634,4.239608110903656,-39.4441663497688,7,TRAILING_STOP,False
2024-06-28 12:30:00,2024-06-28 12:45:00,2024-06-28 13:15:00,17237,SHORT,61510.01,8.499424727780884,0.49942472778088387,38.499424727780884,-1.9492762234956493,2,TRAILING_STOP,False
2024-06-28 13:45:00,2024-06-28 14:00:00,2024-06-28 15:15:00,17245,SHORT,61297.99,59.23457359694795,51.23457359694795,89.23457359694795,-16.64002359620601,5,TRAILING_STOP,True
2024-06-28 19:15:00,2024-06-28 19:30:00,2024-06-28 20:15:00,17265,SHORT,60446.01,33.363983826228065,25.363983826228065,63.363983826228065,-4.625615487275194,3,TRAILING_STOP,False
2024-06-28 20:45:00,2024-06-28 21:00:00,2024-06-28 23:30:00,17278,SHORT,60229.92,-32.21986680374222,-40.21986680374222,0.0,-36.19961640327579,10,TIME_EXIT,True
2024-06-29 00:15:00,2024-06-29 00:30:00,2024-06-29 01:15:00,17285,LONG,60657.95,32.430060692787364,24.430060692787364,52.430060692787364,-16.147924550697326,3,TRAILING_STOP,False
2024-06-29 01:30:00,2024-06-29 01:45:00,2024-06-29 04:15:00,17297,SHORT,60991.56,43.624068641628405,35.624068641628405,47.22456680891567,0.0,10,TIME_EXIT,False
2024-06-29 07:15:00,2024-06-29 07:30:00,2024-06-29 08:00:00,17312,LONG,61115.99,-19.108253012017908,-27.108253012017908,0.8917469879820921,-26.934031503048644,2,TRAILING_STOP,False
2024-06-29 11:30:00,2024-06-29 11:45:00,2024-06-29 14:15:00,17337,LONG,61170.0,-17.9238188654574,-25.9238188654574,2.0761811345426007,-36.01929050188029,10,TRAILING_STOP,False
2024-06-30 02:15:00,2024-06-30 02:30:00,2024-06-30 05:00:00,17396,SHORT,60900.0,26.30049261083715,18.30049261083715,27.126436781608717,-8.10509031198696,10,TIME_EXIT,False
2024-06-30 07:00:00,2024-06-30 07:15:00,2024-06-30 09:45:00,17415,LONG,61727.58,-32.05698328040799,-40.05698328040799,0.0,-54.75996305055278,10,TIME_EXIT,False
2024-06-30 18:45:00,2024-06-30 19:00:00,2024-06-30 20:30:00,17458,LONG,62055.3,37.54867029891006,29.54867029891006,57.54867029891006,-20.836254115281513,6,TRAILING_STOP,False
2024-06-30 21:00:00,2024-06-30 21:15:00,2024-06-30 23:00:00,17468,LONG,61903.99,166.54209526720393,158.54209526720393,186.54209526720393,-11.112369331928504,7,TRAILING_STOP,True
2024-07-01 01:00:00,2024-07-01 01:15:00,2024-07-01 02:00:00,17480,LONG,63644.0,7.391427314436829,-0.6085726855631712,27.39142731443683,-42.21921940795631,3,TRAILING_STOP,False
2024-07-01 02:30:00,2024-07-01 02:45:00,2024-07-01 03:30:00,17486,LONG,63389.99,3.107749346545596,-4.892250653454404,23.107749346545596,-7.886103152879179,3,TRAILING_STOP,True
2024-07-01 08:30:00,2024-07-01 08:45:00,2024-07-01 11:15:00,17517,SHORT,62890.0,21.284782954364857,13.284782954364857,29.89346477977421,-17.169661313404866,10,TIME_EXIT,False
2024-07-01 22:15:00,2024-07-01 22:30:00,2024-07-01 23:15:00,17565,LONG,62881.35,4.781592634382331,-3.2184073656176686,24.78159263438233,-5.033288884542309,3,TRAILING_STOP,False
2024-07-01 23:45:00,2024-07-02 00:00:00,2024-07-02 01:30:00,17574,LONG,62900.0,-6.009538950715422,-14.009538950715422,13.990461049284578,-17.898251192369116,6,TRAILING_STOP,True
2024-07-02 06:45:00,2024-07-02 07:00:00,2024-07-02 08:15:00,17601,SHORT,62866.01,43.93184329656023,35.93184329656023,73.93184329656023,0.0,5,TRAILING_STOP,False
2024-07-02 09:00:00,2024-07-02 09:15:00,2024-07-02 11:45:00,17615,LONG,62741.07,14.494493001155755,6.494493001155755,19.943874084391197,-40.71336367071877,10,TIME_EXIT,False
2024-07-02 13:45:00,2024-07-02 14:00:00,2024-07-02 16:30:00,17634,SHORT,62626.92,107.45538819408637,99.45538819408637,131.0363019608819,0.0,10,TIME_EXIT,False
2024-07-03 01:00:00,2024-07-03 01:15:00,2024-07-03 01:45:00,17671,SHORT,62042.02,101.07568064353705,93.07568064353705,131.07568064353705,-19.833332312520273,2,TRAILING_STOP,False
2024-07-03 02:15:00,2024-07-03 02:30:00,2024-07-03 03:15:00,17677,SHORT,61533.01,121.6275573062332,113.6275573062332,151.6275573062332,0.0,3,TRAILING_STOP,True
2024-07-03 08:15:00,2024-07-03 08:30:00,2024-07-03 11:00:00,17708,LONG,60940.75,-105.13654656367031,-113.13654656367031,0.0,-220.00877901896516,10,TIME_EXIT,False
2024-07-03 19:15:00,2024-07-03 19:30:00,2024-07-03 21:00:00,17748,SHORT,60005.96,70.98330232530222,62.98330232530222,100.98330232530222,0.0,6,TRAILING_STOP,False
2024-07-03 21:30:00,2024-07-03 21:45:00,2024-07-03 22:30:00,17754,SHORT,60146.96,-26.43040978297138,-34.43040978297138,3.5695902170286185,-33.408172250102474,3,TRAILING_STOP,True
2024-07-03 23:15:00,2024-07-03 23:30:00,2024-07-04 00:30:00,17762,SHORT,60353.59,-5.971603346214067,-13.971603346214067,24.028396653785933,-20.26722851118003,4,TRAILING_STOP,False
2024-07-04 01:00:00,2024-07-04 01:15:00,2024-07-04 01:30:00,17766,SHORT,60121.86,117.34407751190676,109.34407751190676,147.34407751190676,-21.313379193524522,1,TRAILING_STOP,True
2024-07-04 01:45:00,2024-07-04 02:00:00,2024-07-04 04:30:00,17778,SHORT,58561.1,-64.69823825030689,-72.69823825030689,0.0,-101.55205417931091,10,TIME_EXIT,False
2024-07-04 07:45:00,2024-07-04 08:00:00,2024-07-04 08:30:00,17794,SHORT,58219.99,138.55207292203207,130.55207292203207,168.55207292203207,-19.922710395519694,2,TRAILING_STOP,False
2024-07-04 09:00:00,2024-07-04 09:15:00,2024-07-04 09:30:00,17798,SHORT,57514.01,-29.494036322627565,-37.494036322627565,0.5059636773724336,-58.65527373243468,1,TRAILING_STOP,True
2024-07-04 13:15:00,2024-07-04 13:30:00,2024-07-04 13:45:00,17815,SHORT,56934.01,-1.3686072700654606,-9.36860727006546,28.63139272993454,-100.18089363457717,1,TRAILING_STOP,False
2024-07-04 14:15:00,2024-07-04 14:30:00,2024-07-04 17:00:00,17828,SHORT,57016.36,-198.8236358827541,-206.8236358827541,0.0,-242.25327607725185,10,TIME_EXIT,True
2024-07-04 23:30:00,2024-07-04 23:45:00,2024-07-05 00:15:00,17857,SHORT,57121.99,39.011951439366726,31.011951439366726,69.01195143936673,-30.11624770075392,2,TRAILING_STOP,False
2024-07-05 00:45:00,2024-07-05 01:00:00,2024-07-05 01:15:00,17861,SHORT,57375.99,66.70944239916338,58.70944239916338,96.70944239916338,0.0,1,TRAILING_STOP,True
2024-07-05 02:45:00,2024-07-05 03:00:00,2024-07-05 03:15:00,17869,SHORT,55766.32,60.59590089502072,52.59590089502072,90.59590089502072,0.0,1,TRAILING_STOP,False
2024-07-05 03:45:00,2024-07-05 04:00:00,2024-07-05 04:15:00,17873,SHORT,55228.0,285.43238936771195,277.43238936771195,315.43238936771195,0.0,1,TRAILING_STOP,True
2024-07-05 11:30:00,2024-07-05 11:45:00,2024-07-05 12:30:00,17906,LONG,55506.41,59.916896084613725,51.916896084613725,79.91689608461373,-93.3982219350892,3,TRAILING_STOP,False
2024-07-06 00:15:00,2024-07-06 00:30:00,2024-07-06 02:30:00,17962,SHORT,56391.1,9.119648313297404,1.1196483132974038,39.119648313297404,-84.57008286768682,8,TRAILING_STOP,False
2024-07-06 03:00:00,2024-07-06 03:15:00,2024-07-06 05:00:00,17972,SHORT,56353.18,29.478453567305394,21.478453567305394,59.478453567305394,-17.18092927497609,7,TRAILING_STOP,True
2024-07-06 12:45:00,2024-07-06 13:00:00,2024-07-06 13:45:00,18007,LONG,56755.48,75.76520188006458,67.76520188006458,95.76520188006458,-14.003934069450773,3,TRAILING_STOP,False
2024-07-06 14:15:00,2024-07-06 14:30:00,2024-07-06 15:00:00,18012,LONG,56841.1,30.410706337491867,22.410706337491867,50.41070633749187,0.0,2,TRAILING_STOP,True
2024-07-06 15:15:00,2024-07-06 15:30:00,2024-07-06 15:45:00,18015,LONG,57239.09,15.292315094457656,7.292315094457656,35.292315094457656,-8.226895291311674,1,TRAILING_STOP,False
2024-07-06 16:15:00,2024-07-06 16:30:00,2024-07-06 16:45:00,18019,LONG,57760.0,41.11495844875346,33.11495844875346,61.11495844875346,0.0,1,TRAILING_STOP,True
2024-07-06 23:15:00,2024-07-06 23:30:00,2024-07-07 02:00:00,18056,LONG,58378.0,-16.884785364349533,-24.884785364349533,0.0,-92.50059954092295,10,TIME_EXIT,False
2024-07-07 03:00:00,2024-07-07 03:15:00,2024-07-07 05:00:00,18068,SHORT,57964.0,64.5414395141812,56.54143951418121,94.5414395141812,-10.37885584155743,7,TRAILING_STOP,False
2024-07-07 13:15:00,2024-07-07 13:30:00,2024-07-07 14:15:00,18105,SHORT,56928.8,34.17489917230009,26.174899172300087,64.17489917230009,-1.8022512331183442,3,TRAILING_STOP,False
2024-07-07 14:45:00,2024-07-07 15:00:00,2024-07-07 16:15:00,18113,SHORT,56771.51,-22.49799767524172,-30.49799767524172,7.502002324758278,-51.00974062518269,5,TRAILING_STOP,True
2024-07-07 21:15:00,2024-07-07 21:30:00,2024-07-07 23:00:00,18140,SHORT,56235.98,-19.641862736276668,-27.641862736276668,10.358137263723332,-99.07002598692107,6,TRAILING_STOP,False
2024-07-07 23:30:00,2024-07-07 23:45:00,2024-07-08 00:15:00,18145,SHORT,56056.0,64.19152276295132,56.19152276295132,94.19152276295132,0.0,2,TRAILING_STOP,True
2024-07-08 00:30:00,2024-07-08 00:45:00,2024-07-08 01:00:00,18148,SHORT,55222.25,144.22144153850968,136.22144153850968,174.22144153850968,0.0,1,TRAILING_STOP,False
2024-07-08 01:30:00,2024-07-08 01:45:00,2024-07-08 02:15:00,18153,SHORT,54611.09,-25.771921051201048,-33.77192105120105,4.228078948798954,-125.34450420235233,2,TRAILING_STOP,True
2024-07-08 08:00:00,2024-07-08 08:15:00,2024-07-08 09:00:00,18180,LONG,56258.01,331.7223591804974,323.7223591804974,351.7223591804974,0.0,3,TRAILING_STOP,False
2024-07-08 09:30:00,2024-07-08 09:45:00,2024-07-08 10:15:00,18185,LONG,57496.97,18.779434811956378,10.779434811956378,38.77943481195638,-25.164804336646316,2,TRAILING_STOP,True
2024-07-08 14:15:00,2024-07-08 14:30:00,2024-07-08 16:30:00,18210,SHORT,55625.86,5.976072999141515,-2.0239270008584853,35.976072999141515,-208.48756315857335,8,TRAILING_STOP,False
2024-07-08 17:00:00,2024-07-08 17:15:00,2024-07-08 19:45:00,18223,SHORT,55933.02,-97.31103380436116,-105.31103380436116,0.0,-114.77477883368378,10,TIME_EXIT,True
2024-07-09 01:00:00,2024-07-09 01:15:00,2024-07-09 03:00:00,18252,LONG,57079.54,29.600960344109744,21.600960344109744,49.600960344109744,-130.43377714676782,7,TRAILING_STOP,False
2024-07-09 03:30:00,2024-07-09 03:45:00,2024-07-09 04:15:00,18257,LONG,57013.06,38.04634938030029,30.046349380300292,58.04634938030029,0.0,2,TRAILING_STOP,True
2024-07-09 08:30:00,2024-07-09 08:45:00,2024-07-09 11:15:00,18285,LONG,57840.01,-51.80497029651264,-59.80497029651264,0.0,-107.1939648696468,10,TIME_EXIT,False
2024-07-09 13:00:00,2024-07-09 13:15:00,2024-07-09 13:45:00,18295,SHORT,57296.01,35.62586120743872,27.625861207438717,65.62586120743872,-20.034553889529285,2,TRAILING_STOP,False
2024-07-09 14:00:00,2024-07-09 14:15:00,2024-07-09 16:15:00,18305,LONG,57851.15,-16.852266549584733,-24.852266549584733,3.1477334504152683,-163.89475403686902,8,TRAILING_STOP,False
2024-07-09 16:45:00,2024-07-09 17:00:00,2024-07-09 18:15:00,18313,LONG,57690.01,26.106769612277397,18.106769612277397,46.1067696122774,-55.32500341047012,5,TRAILING_STOP,True
2024-07-10 01:30:00,2024-07-10 01:45:00,2024-07-10 02:45:00,18347,SHORT,57747.99,-11.795037368400635,-19.795037368400635,18.204962631599365,-28.901438820641456,4,TRAILING_STOP,False
2024-07-10 04:00:00,2024-07-10 04:15:00,2024-07-10 04:30:00,18354,LONG,58727.06,79.26258866015128,71.26258866015128,99.26258866015128,0.0,1,TRAILING_STOP,False
2024-07-10 05:00:00,2024-07-10 05:15:00,2024-07-10 07:00:00,18364,LONG,59181.99,2.1469403107262366,-5.853059689273763,22.146940310726237,-61.09122048785377,7,TRAILING_STOP,True
2024-07-10 12:30:00,2024-07-10 12:45:00,2024-07-10 13:30:00,18390,SHORT,57977.88,51.21028226627061,43.21028226627061,81.21028226627061,-53.54110912644711,3,TRAILING_STOP,False
2024-07-10 22:15:00,2024-07-10 22:30:00,2024-07-10 23:45:00,18431,LONG,57806.0,-7.271217520672293,-15.271217520672293,12.728782479327707,-34.9012213265059,5,TRAILING_STOP,False
2024-07-11 01:30:00,2024-07-11 01:45:00,2024-07-11 02:00:00,18440,LONG,58040.01,39.19537229576627,31.19537229576627,59.19537229576627,-7.417297136923806,1,TRAILING_STOP,False
2024-07-11 02:30:00,2024-07-11 02:45:00,2024-07-11 03:00:00,18444,LONG,57840.01,0.5964694681064842,-7.403530531893516,20.596469468106484,-46.09093255689337,1,TRAILING_STOP,True
2024-07-11 03:15:00,2024-07-11 03:30:00,2024-07-11 03:45:00,18447,SHORT,57379.49,-28.971758027127557,-36.97175802712756,1.028241972872442,-42.30257187716433,1,TRAILING_STOP,False
2024-07-11 04:15:00,2024-07-11 04:30:00,2024-07-11 07:00:00,18460,SHORT,57592.27,-72.87783586234771,-80.87783586234771,0.0,-88.15940055844356,10,TIME_EXIT,True
2024-07-11 11:30:00,2024-07-11 11:45:00,2024-07-11 12:00:00,18480,LONG,58703.52,-3.905564777034968,-11.905564777034968,16.094435222965032,-32.32855542563697,1,TRAILING_STOP,False
2024-07-11 12:30:00,2024-07-11 12:45:00,2024-07-11 13:00:00,18484,LONG,58922.01,-11.689014003425687,-19.689014003425687,8.310985996574313,-84.18076708516936,1,TRAILING_STOP,True
2024-07-11 14:15:00,2024-07-11 14:30:00,2024-07-11 15:00:00,18492,SHORT,57781.7,-4.784404058724977,-12.784404058724977,25.215595941275023,-30.16525993523952,2,TRAILING_STOP,False
2024-07-11 15:30:00,2024-07-11 15:45:00,2024-07-11 16:00:00,18496,SHORT,57560.3,36.41730498277509,28.417304982775093,66.4173049827751,0.0,1,TRAILING_STOP,True
2024-07-12 01:15:00,2024-07-12 01:30:00,2024-07-12 04:00:00,18544,SHORT,56610.0,-60.909733262674024,-68.90973326267402,0.0,-142.94647588765255,10,TIME_EXIT,False
2024-07-12 07:30:00,2024-07-12 07:45:00,2024-07-12 10:15:00,18569,SHORT,56924.78,-2.291504683901117,-10.291504683901117,27.708495316098883,-71.944063727607,10,TRAILING_STOP,False
2024-07-12 10:45:00,2024-07-12 11:00:00,2024-07-12 12:00:00,18576,SHORT,57172.84,-13.41170387897531,-21.41170387897531,16.58829612102469,-50.069228675714214,4,TRAILING_STOP,True
2024-07-12 12:30:00,2024-07-12 12:45:00,2024-07-12 15:15:00,18589,SHORT,57203.99,-169.4741922722522,-177.4741922722522,0.0,-176.21323267835027,10,TIME_EXIT,False
2024-07-13 05:45:00,2024-07-13 06:00:00,2024-07-13 06:30:00,18650,LONG,58076.02,4.116666396906151,-3.883333603093849,24.11666639690615,-12.745363749099335,2,TRAILING_STOP,False
2024-07-13 07:00:00,2024-07-13 07:15:00,2024-07-13 08:30:00,18658,LONG,58085.63,-0.5752300525961829,-8.575230052596183,19.424769947403817,-3.035174104162661,5,TRAILING_STOP,True
2024-07-13 09:15:00,2024-07-13 09:30:00,2024-07-13 09:45:00,18663,LONG,58206.0,91.49709651925974,83.49709651925974,111.49709651925974,0.0,1,TRAILING_STOP,False
2024-07-13 10:15:00,2024-07-13 10:30:00,2024-07-13 12:45:00,18675,LONG,58668.16,19.425132814800328,11.425132814800328,39.42513281480033,-54.813377477664496,9,TRAILING_STOP,True
2024-07-13 22:15:00,2024-07-13 22:30:00,2024-07-14 01:00:00,18724,SHORT,58406.39,-206.44830129032127,-214.44830129032127,0.0,-247.16644873959862,10,TIME_EXIT,False
2024-07-14 04:15:00,2024-07-14 04:30:00,2024-07-14 05:00:00,18740,LONG,59740.0,73.0699698694342,65.0699698694342,93.0699698694342,-3.2256444593232003,2,TRAILING_STOP,False
2024-07-14 05:30:00,2024-07-14 05:45:00,2024-07-14 06:00:00,18744,LONG,60066.66,22.943955931626142,14.943955931626142,42.94395593162614,0.0,1,TRAILING_STOP,True
2024-07-14 14:45:00,2024-07-14 15:00:00,2024-07-14 15:30:00,18782,LONG,60012.0,-11.531693661267795,-19.531693661267795,8.468306338732205,-22.66046790641838,2,TRAILING_STOP,False
2024-07-14 16:00:00,2024-07-14 16:15:00,2024-07-14 17:00:00,18788,LONG,60088.01,-3.8603408566873973,-11.860340856687397,16.139659143312603,-32.26101180584921,3,TRAILING_STOP,True
2024-07-14 20:30:00,2024-07-14 20:45:00,2024-07-14 21:15:00,18805,LONG,60148.0,120.48679922856951,112.48679922856951,140.4867992285695,-20.283301190397022,2,TRAILING_STOP,False
2024-07-14 21:45:00,2024-07-14 22:00:00,2024-07-15 00:30:00,18818,LONG,61276.36,-43.86683543213123,-51.86683543213123,0.0,-105.10741826048375,10,TIME_EXIT,True
2024-07-15 01:15:00,2024-07-15 01:30:00,2024-07-15 01:45:00,18823,SHORT,61410.82,5.752657267888239,-2.247342732111761,35.75265726788824,0.0,1,TRAILING_STOP,False
2024-07-15 02:15:00,2024-07-15 02:30:00,2024-07-15 02:45:00,18827,LONG,62206.94,44.793413725220645,36.793413725220645,64.79341372522065,0.0,1,TRAILING_STOP,False
2024-07-15 03:15:00,2024-07-15 03:30:00,2024-07-15 03:45:00,18831,LONG,62420.57,40.14683941527645,32.14683941527645,60.14683941527645,0.0,1,TRAILING_STOP,True
2024-07-15 13:15:00,2024-07-15 13:30:00,2024-07-15 14:15:00,18873,LONG,62784.28,23.381878393763948,15.381878393763948,43.38187839376395,-8.409748427471914,3,TRAILING_STOP,False
2024-07-15 14:45:00,2024-07-15 15:00:00,2024-07-15 16:45:00,18883,LONG,63218.06,41.51723099380169,33.51723099380169,61.51723099380169,-57.904339361251786,7,TRAILING_STOP,True
2024-07-15 22:00:00,2024-07-15 22:15:00,2024-07-15 22:30:00,18906,LONG,64135.63,80.80044430841409,72.80044430841409,100.80044430841409,-0.7094340540500865,1,TRAILING_STOP,False
2024-07-15 23:00:00,2024-07-15 23:15:00,2024-07-15 23:45:00,18911,LONG,64536.61,36.30757487881675,28.30757487881675,56.30757487881675,-5.362847537235157,2,TRAILING_STOP,True
2024-07-16 05:15:00,2024-07-16 05:30:00,2024-07-16 06:15:00,18937,SHORT,63947.0,45.390557805682604,37.390557805682604,75.3905578056826,0.0,3,TRAILING_STOP,False
2024-07-16 06:30:00,2024-07-16 06:45:00,2024-07-16 09:15:00,18949,LONG,63430.02,-71.57809504080194,-79.57809504080194,0.0,-166.6056545465379,10,TIME_EXIT,False
2024-07-16 14:00:00,2024-07-16 14:15:00,2024-07-16 14:30:00,18970,LONG,63513.9,19.636992847235014,11.636992847235014,39.636992847235014,-6.911872834135749,1,TRAILING_STOP,False
2024-07-16 15:00:00,2024-07-16 15:15:00,2024-07-16 15:30:00,18974,LONG,64202.0,68.62029220273497,60.62029220273497,88.62029220273497,0.0,1,TRAILING_STOP,True
2024-07-16 15:45:00,2024-07-16 16:00:00,2024-07-16 18:15:00,18985,LONG,64878.24,-13.205734310918153,-21.205734310918153,6.794265689081848,-118.1721329061948,9,TRAILING_STOP,False
2024-07-16 18:45:00,2024-07-16 19:00:00,2024-07-16 19:30:00,18990,LONG,64795.43,37.31577057209087,29.31577057209087,57.31577057209087,0.0,2,TRAILING_STOP,True
2024-07-16 23:15:00,2024-07-16 23:30:00,2024-07-17 00:15:00,19009,LONG,65227.9,0.1217577141069981,-7.878242285893002,20.121757714106998,-45.316498001622584,3,TRAILING_STOP,False
2024-07-17 00:45:00,2024-07-17 01:00:00,2024-07-17 01:15:00,19013,LONG,65505.41,75.14023345552698,67.14023345552698,95.14023345552698,0.0,1,TRAILING_STOP,True
2024-07-17 06:15:00,2024-07-17 06:30:00,2024-07-17 08:15:00,19041,SHORT,65560.64,84.87837824646029,76.87837824646029,114.87837824646029,-19.53153599476804,7,TRAILING_STOP,False
2024-07-17 13:45:00,2024-07-17 14:00:00,2024-07-17 14:45:00,19067,LONG,65141.95,-6.056604077710023,-14.056604077710023,13.943395922289977,-56.772939710892054,3,TRAILING_STOP,False
2024-07-17 15:15:00,2024-07-17 15:30:00,2024-07-17 18:00:00,19080,LONG,65159.0,-121.0899492011851,-129.0899492011851,0.0,-200.27931674826195,10,TIME_EXIT,True
2024-07-18 02:00:00,2024-07-18 02:15:00,2024-07-18 04:45:00,19123,SHORT,64523.13,-7.883994468340674,-15.883994468340674,0.0,-67.7059528885224,10,TIME_EXIT,False
2024-07-18 06:00:00,2024-07-18 06:15:00,2024-07-18 07:00:00,19132,LONG,64919.68,1.8454558001517718,-6.154544199848228,21.845455800151772,-12.575539497421955,3,TRAILING_STOP,False
2024-07-18 07:30:00,2024-07-18 07:45:00,2024-07-18 09:00:00,19140,LONG,64762.01,9.027820476850234,1.0278204768502341,29.027820476850234,-18.839748797173225,5,TRAILING_STOP,True
2024-07-18 12:30:00,2024-07-18 12:45:00,2024-07-18 13:15:00,19157,LONG,64832.02,23.07593685959563,15.075936859595629,43.07593685959563,-0.23445205008216596,2,TRAILING_STOP,False
2024-07-18 14:15:00,2024-07-18 14:30:00,2024-07-18 14:45:00,19163,SHORT,64394.77,77.73701031931581,69.73701031931581,107.73701031931581,0.0,1,TRAILING_STOP,False
2024-07-18 15:15:00,2024-07-18 15:30:00,2024-07-18 16:00:00,19168,SHORT,63754.51,36.11453840677342,28.11453840677342,66.11453840677342,-23.278353170622157,2,TRAILING_STOP,True
2024-07-18 22:15:00,2024-07-18 22:30:00,2024-07-18 23:00:00,19196,LONG,64018.0,-3.6874004186322153,-11.687400418632215,16.312599581367785,-7.49789121809491,2,TRAILING_STOP,False
2024-07-19 06:00:00,2024-07-19 06:15:00,2024-07-19 08:45:00,19235,LONG,64408.01,-93.0024076197979,-101.0024076197979,0.0,-155.1049318244734,10,TIME_EXIT,False
2024-07-19 12:45:00,2024-07-19 13:00:00,2024-07-19 13:30:00,19254,LONG,64414.0,55.13894494985563,47.13894494985563,75.13894494985563,-63.4070233179123,2,TRAILING_STOP,False
2024-07-19 14:00:00,2024-07-19 14:15:00,2024-07-19 15:00:00,19260,LONG,65546.7,26.218955340237898,18.218955340237898,46.2189553402379,-14.266164429329741,3,TRAILING_STOP,True
2024-07-19 16:00:00,2024-07-19 16:15:00,2024-07-19 17:15:00,19269,LONG,66158.0,72.62825357477519,64.62825357477519,92.62825357477519,0.0,4,TRAILING_STOP,False
2024-07-19 17:45:00,2024-07-19 18:00:00,2024-07-19 19:15:00,19277,LONG,66755.42,47.35932453125207,39.35932453125207,67.35932453125207,-50.59664069224563,5,TRAILING_STOP,True
2024-07-20 07:15:00,2024-07-20 07:30:00,2024-07-20 09:45:00,19335,LONG,66679.67,-11.988562630859112,-19.988562630859114,8.011437369140888,-33.1195400337159,9,TRAILING_STOP,False
2024-07-20 10:15:00,2024-07-20 10:30:00,2024-07-20 13:00:00,19348,LONG,66546.0,-16.10344723950455,-24.10344723950455,3.896552760495449,-18.874162233643766,10,TRAILING_STOP,True
2024-07-20 13:15:00,2024-07-20 13:30:00,2024-07-20 15:30:00,19358,LONG,66557.76,21.203309726770442,13.203309726770442,41.20330972677044,-22.198763900708197,8,TRAILING_STOP,False
2024-07-20 16:00:00,2024-07-20 16:15:00,2024-07-20 16:30:00,19362,LONG,66783.2,20.54912013799921,12.54912013799921,40.54912013799921,0.0,1,TRAILING_STOP,True
2024-07-20 17:00:00,2024-07-20 17:15:00,2024-07-20 18:15:00,19369,LONG,67078.53,44.919431001246025,36.919431001246025,64.91943100124602,0.0,4,TRAILING_STOP,False
2024-07-20 18:45:00,2024-07-20 19:00:00,2024-07-20 19:30:00,19374,LONG,67467.99,-16.736230025529213,-24.736230025529213,3.2637699744707858,-48.31772815523409,2,TRAILING_STOP,True
2024-07-20 21:00:00,2024-07-20 21:15:00,2024-07-20 22:00:00,19384,SHORT,67081.41,-5.222643650453026,-13.222643650453026,24.777356349546974,-32.58577898109126,3,TRAILING_STOP,False
2024-07-20 22:45:00,2024-07-20 23:00:00,2024-07-21 00:15:00,19393,LONG,67114.0,10.992043388860747,2.992043388860747,30.992043388860747,-7.524510534314748,5,TRAILING_STOP,False
2024-07-21 00:45:00,2024-07-21 01:00:00,2024-07-21 01:45:00,19399,LONG,67066.02,35.19933939720847,27.19933939720847,55.19933939720847,0.0,3,TRAILING_STOP,True
2024-07-21 06:15:00,2024-07-21 06:30:00,2024-07-21 07:15:00,19421,LONG,66800.0,-17.005988023952096,-25.005988023952096,2.9940119760479043,-31.12275449101709,3,TRAILING_STOP,False
2024-07-21 07:45:00,2024-07-21 08:00:00,2024-07-21 10:15:00,19433,LONG,66702.0,34.08683397799228,26.086833977992278,54.08683397799228,0.0,9,TRAILING_STOP,True
2024-07-21 13:30:00,2024-07-21 13:45:00,2024-07-21 14:00:00,19448,SHORT,66723.3,-23.810258185670836,-31.810258185670836,6.189741814329163,-45.36646119121762,1,TRAILING_STOP,False
2024-07-21 14:15:00,2024-07-21 14:30:00,2024-07-21 15:00:00,19452,LONG,67108.01,22.419675385993152,14.419675385993152,42.41967538599315,0.0,2,TRAILING_STOP,False
2024-07-21 15:30:00,2024-07-21 15:45:00,2024-07-21 16:15:00,19457,LONG,67212.0,-15.237457596858484,-23.237457596858484,4.7625424031415164,-38.65232398976278,2,TRAILING_STOP,True
2024-07-21 16:45:00,2024-07-21 17:00:00,2024-07-21 19:30:00,19470,LONG,67553.99,3.536729658751465,-4.463270341248535,23.536729658751465,-263.04737884468483,10,TRAILING_STOP,False
2024-07-21 20:00:00,2024-07-21 20:15:00,2024-07-21 20:30:00,19474,LONG,67450.38,92.49454784391115,84.49454784391115,112.49454784391115,0.0,1,TRAILING_STOP,True
2024-07-22 06:30:00,2024-07-22 06:45:00,2024-07-22 08:00:00,19520,SHORT,67259.87,-14.854267485203978,-22.854267485203977,15.145732514796022,-22.618241753961858,5,TRAILING_STOP,False
2024-07-22 13:30:00,2024-07-22 13:45:00,2024-07-22 14:00:00,19544,SHORT,67424.01,30.51405130012214,22.51405130012214,60.51405130012214,0.0,1,TRAILING_STOP,False
2024-07-22 14:30:00,2024-07-22 14:45:00,2024-07-22 15:00:00,19548,SHORT,66918.18,23.529549070221563,15.529549070221563,53.52954907022156,0.0,1,TRAILING_STOP,True
2024-07-22 19:45:00,2024-07-22 20:00:00,2024-07-22 22:30:00,19578,LONG,68232.08,-89.96208235187932,-97.96208235187932,0.0,-106.9130532148522,10,TIME_EXIT,False
2024-07-23 04:30:00,2024-07-23 04:45:00,2024-07-23 06:00:00,19608,SHORT,67050.0,77.97912005965696,69.97912005965696,107.97912005965696,0.0,5,TRAILING_STOP,False
2024-07-23 06:30:00,2024-07-23 06:45:00,2024-07-23 07:30:00,19614,SHORT,66564.01,16.214162878708088,8.214162878708088,46.21416287870809,-12.018506697538205,3,TRAILING_STOP,True
2024-07-23 13:30:00,2024-07-23 13:45:00,2024-07-23 14:00:00,19640,SHORT,66376.0,28.454863203567555,20.454863203567555,58.454863203567555,-12.992647945041163,1,TRAILING_STOP,False
2024-07-23 14:30:00,2024-07-23 14:45:00,2024-07-23 15:00:00,19644,SHORT,67314.01,55.092241570513124,47.092241570513124,85.09224157051312,0.0,1,TRAILING_STOP,True
2024-07-24 08:00:00,2024-07-24 08:15:00,2024-07-24 09:00:00,19716,LONG,66236.01,15.328214969470537,7.328214969470537,35.32821496947054,-9.315174630838587,3,TRAILING_STOP,False
2024-07-24 13:30:00,2024-07-24 13:45:00,2024-07-24 14:30:00,19738,LONG,66752.03,32.42986617785196,24.429866177851963,52.42986617785196,-70.30347990914937,3,TRAILING_STOP,False
2024-07-24 15:15:00,2024-07-24 15:30:00,2024-07-24 16:00:00,19744,SHORT,66357.33,29.399617193760427,21.399617193760427,59.39961719376043,-0.1039824839248849,2,TRAILING_STOP,False
2024-07-24 16:30:00,2024-07-24 16:45:00,2024-07-24 19:00:00,19756,SHORT,66309.69,64.32708854467514,56.327088544675135,94.32708854467514,-60.30189554498001,9,TRAILING_STOP,True
2024-07-24 21:30:00,2024-07-24 21:45:00,2024-07-24 23:00:00,19772,SHORT,65410.63,15.80753923330159,7.80753923330159,45.80753923330159,-39.654105150798486,5,TRAILING_STOP,False
2024-07-24 23:30:00,2024-07-24 23:45:00,2024-07-25 00:15:00,19777,SHORT,65377.37,-13.485111132491081,-21.48511113249108,16.51488886750892,-36.6319416030345,2,TRAILING_STOP,True
2024-07-25 01:00:00,2024-07-25 01:15:00,2024-07-25 01:45:00,19783,SHORT,64550.0,21.036405886909733,13.036405886909733,51.03640588690973,0.0,2,TRAILING_STOP,False
2024-07-25 02:15:00,2024-07-25 02:30:00,2024-07-25 02:45:00,19787,SHORT,64217.97,11.728195394529159,3.728195394529159,41.72819539452916,-3.5644228554716726,1,TRAILING_STOP,True
2024-07-25 12:30:00,2024-07-25 12:45:00,2024-07-25 13:15:00,19829,SHORT,63958.01,-21.485038386904293,-29.485038386904293,8.514961613095705,-52.22019884608635,2,TRAILING_STOP,False
2024-07-25 13:45:00,2024-07-25 14:00:00,2024-07-25 14:15:00,19833,SHORT,64050.01,40.25916155204379,32.25916155204379,70.25916155204379,-34.346598852989715,1,TRAILING_STOP,True
2024-07-25 14:30:00,2024-07-25 14:45:00,2024-07-25 15:15:00,19837,LONG,64740.0,20.932962619709613,12.932962619709613,40.93296261970961,-21.62496138399753,2,TRAILING_STOP,False
2024-07-26 01:00:00,2024-07-26 01:15:00,2024-07-26 02:45:00,19883,LONG,66420.01,97.2809218185921,89.2809218185921,117.2809218185921,-34.07406894398126,6,TRAILING_STOP,False
2024-07-26 03:15:00,2024-07-26 03:30:00,2024-07-26 04:00:00,19888,LONG,67098.18,-13.765851771240031,-21.76585177124003,6.2341482287599685,-21.620556623144243,2,TRAILING_STOP,True
2024-07-26 07:45:00,2024-07-26 08:00:00,2024-07-26 10:30:00,19914,SHORT,66890.56,-55.323202556533786,-63.323202556533786,0.0,-90.81102026952716,10,TIME_EXIT,False
2024-07-26 13:30:00,2024-07-26 13:45:00,2024-07-26 14:00:00,19928,LONG,67593.91,40.07789755023737,32.07789755023737,60.07789755023737,0.0,1,TRAILING_STOP,False
2024-07-26 14:30:00,2024-07-26 14:45:00,2024-07-26 15:30:00,19934,LONG,67167.65,66.85133393828734,58.85133393828734,86.85133393828734,0.0,3,TRAILING_STOP,True
2024-07-26 19:45:00,2024-07-26 20:00:00,2024-07-26 21:45:00,19959,LONG,67990.0,10.886895131637008,2.886895131637008,30.886895131637008,-84.79188115899396,7,TRAILING_STOP,False
2024-07-26 22:15:00,2024-07-26 22:30:00,2024-07-27 01:00:00,19972,LONG,68001.99,-31.46672619433791,-39.46672619433791,0.0,-39.73413130998249,10,TIME_EXIT,True
2024-07-27 03:00:00,2024-07-27 03:15:00,2024-07-27 05:15:00,19989,SHORT,67879.14,-14.36485789301328,-22.36485789301328,15.63514210698672,-17.51790019732181,8,TRAILING_STOP,False
2024-07-27 06:45:00,2024-07-27 07:00:00,2024-07-27 07:45:00,19999,LONG,68092.89,9.738787706029218,1.7387877060292176,29.738787706029218,-8.256368616459246,3,TRAILING_STOP,False
2024-07-27 08:15:00,2024-07-27 08:30:00,2024-07-27 10:30:00,20010,LONG,68006.75,19.538722259187416,11.538722259187416,39.538722259187416,-15.047035772184636,8,TRAILING_STOP,True
2024-07-27 12:00:00,2024-07-27 12:15:00,2024-07-27 13:45:00,20023,LONG,68363.57,129.42022483612112,121.42022483612112,149.42022483612112,-11.267697108271756,6,TRAILING_STOP,False
2024-07-27 14:15:00,2024-07-27 14:30:00,2024-07-27 15:00:00,20028,LONG,68914.01,4.9571894016913625,-3.0428105983086375,24.957189401691362,-20.606840321727724,2,TRAILING_STOP,True
2024-07-27 19:00:00,2024-07-27 19:15:00,2024-07-27 19:30:00,20046,SHORT,68321.14,66.96266777749996,58.96266777749996,96.96266777749996,-46.89470930959281,1,TRAILING_STOP,False
2024-07-27 19:45:00,2024-07-27 20:00:00,2024-07-27 20:45:00,20051,LONG,68246.0,4.030712422706092,-3.9692875772939082,24.03071242270609,-233.85985991853005,3,TRAILING_STOP,False
2024-07-27 21:15:00,2024-07-27 21:30:00,2024-07-27 22:00:00,20056,LONG,68900.0,-18.548621190130625,-26.548621190130625,1.4513788098693758,-48.245283018868435,2,TRAILING_STOP,True
2024-07-28 05:00:00,2024-07-28 05:15:00,2024-07-28 07:45:00,20095,SHORT,67278.0,-42.043461458426314,-50.043461458426314,0.0,-46.49662594013005,10,TIME_EXIT,False
2024-07-28 10:15:00,2024-07-28 10:30:00,2024-07-28 11:45:00,20111,LONG,67625.57,35.36811002110488,27.368110021104883,55.36811002110488,-9.696036573149325,5,TRAILING_STOP,False
2024-07-28 18:30:00,2024-07-28 18:45:00,2024-07-28 21:15:00,20149,SHORT,68181.64,29.865811382654428,21.865811382654428,55.736412324491475,-16.62617678307541,10,TIME_EXIT,False
2024-07-29 00:00:00,2024-07-29 00:15:00,2024-07-29 00:30:00,20162,LONG,68600.02,20.303195246881252,12.303195246881252,40.30319524688125,0.0,1,TRAILING_STOP,False
2024-07-29 01:00:00,2024-07-29 01:15:00,2024-07-29 01:30:00,20166,LONG,68590.01,15.474553801640646,7.474553801640646,35.474553801640646,0.0,1,TRAILING_STOP,True
2024-07-29 02:15:00,2024-07-29 02:30:00,2024-07-29 03:00:00,20172,LONG,69238.0,61.16930009532338,53.16930009532338,81.16930009532338,0.0,2,TRAILING_STOP,False
2024-07-29 03:30:00,2024-07-29 03:45:00,2024-07-29 04:00:00,20176,LONG,69369.12,-4.643022716736375,-12.643022716736375,15.356977283263625,-9.535943370767018,1,TRAILING_STOP,True
2024-07-29 12:00:00,2024-07-29 12:15:00,2024-07-29 14:30:00,20218,SHORT,69416.0,81.73072490492056,73.73072490492056,111.73072490492056,-95.6537397718113,9,TRAILING_STOP,False
2024-07-29 15:00:00,2024-07-29 15:15:00,2024-07-29 15:30:00,20222,SHORT,68104.01,29.32249804380018,21.32249804380018,59.32249804380018,-11.210793608189272,1,TRAILING_STOP,True
2024-07-29 16:30:00,2024-07-29 16:45:00,2024-07-29 17:00:00,20228,SHORT,66896.0,39.95933987084429,31.95933987084429,69.95933987084429,-42.08323367615464,1,TRAILING_STOP,False
2024-07-29 17:30:00,2024-07-29 17:45:00,2024-07-29 18:00:00,20232,SHORT,66966.01,-26.115940011956102,-34.1159400119561,3.8840599880438993,-63.30226334225431,1,TRAILING_STOP,True
2024-07-29 23:00:00,2024-07-29 23:15:00,2024-07-30 00:15:00,20257,SHORT,66728.0,99.78060184630141,91.78060184630141,129.7806018463014,-49.983515166047056,4,TRAILING_STOP,False
2024-07-30 00:45:00,2024-07-30 01:00:00,2024-07-30 02:00:00,20264,SHORT,66610.01,52.562665881599045,44.562665881599045,82.56266588159905,-41.43371244051837,4,TRAILING_STOP,True
2024-07-30 12:15:00,2024-07-30 12:30:00,2024-07-30 14:00:00,20312,SHORT,66265.86,10.120206694669108,2.1202066946691076,40.12020669466911,-102.93988488189838,6,TRAILING_STOP,False
2024-07-30 14:30:00,2024-07-30 14:45:00,2024-07-30 15:00:00,20316,SHORT,66045.99,44.34062234512727,36.34062234512727,74.34062234512727,-0.260424592015528,1,TRAILING_STOP,True
2024-07-30 20:00:00,2024-07-30 20:15:00,2024-07-30 22:45:00,20347,SHORT,65706.0,-78.53164094603233,-86.53164094603233,0.0,-99.06096855690492,10,TIME_EXIT,False
2024-07-31 04:30:00,2024-07-31 04:45:00,2024-07-31 05:30:00,20374,SHORT,65684.7,-13.83337367758362,-21.83337367758362,16.16662632241638,-31.561383396741967,3,TRAILING_STOP,False
2024-07-31 06:00:00,2024-07-31 06:15:00,2024-07-31 08:15:00,20385,SHORT,66459.15,32.466943979872475,24.466943979872475,62.466943979872475,-10.225830453745859,8,TRAILING_STOP,True
2024-07-31 13:30:00,2024-07-31 13:45:00,2024-07-31 14:00:00,20408,LONG,66702.62,-15.442457882462678,-23.442457882462676,4.557542117537322,-36.80964855653329,1,TRAILING_STOP,False
2024-07-31 14:15:00,2024-07-31 14:30:00,2024-07-31 17:00:00,20420,SHORT,66132.01,-45.36229883229094,-53.36229883229094,0.0,-93.64753921739447,10,TIME_EXIT,False
2024-07-31 19:15:00,2024-07-31 19:30:00,2024-07-31 19:45:00,20431,SHORT,65760.01,92.09091817352147,84.09091817352147,122.09091817352147,0.0,1,TRAILING_STOP,False
2024-07-31 20:15:00,2024-07-31 20:30:00,2024-07-31 21:00:00,20436,SHORT,64882.01,24.25386790575724,16.25386790575724,54.25386790575724,-14.487837229456979,2,TRAILING_STOP,True
2024-08-01 01:30:00,2024-08-01 01:45:00,2024-08-01 02:00:00,20456,SHORT,64425.99,49.77836273839114,41.77836273839114,79.77836273839114,0.0,1,TRAILING_STOP,False
2024-08-01 02:30:00,2024-08-01 02:45:00,2024-08-01 03:15:00,20461,SHORT,64038.0,14.973297104844,6.973297104844001,44.973297104844,-15.899934413941676,2,TRAILING_STOP,True
2024-08-01 14:15:00,2024-08-01 14:30:00,2024-08-01 15:30:00,20510,SHORT,64188.01,207.1065873517503,199.1065873517503,237.1065873517503,-15.267648895798452,4,TRAILING_STOP,False
2024-08-01 16:00:00,2024-08-01 16:15:00,2024-08-01 16:45:00,20515,SHORT,63057.0,34.14038092519421,26.140380925194208,64.14038092519421,0.0,2,TRAILING_STOP,True
2024-08-01 21:00:00,2024-08-01 21:15:00,2024-08-01 23:45:00,20543,SHORT,64719.99,-97.96509548286376,-105.96509548286376,0.0,-145.2086132893409,10,TIME_EXIT,False
2024-08-02 02:15:00,2024-08-02 02:30:00,2024-08-02 05:00:00,20564,SHORT,63970.02,-53.45785416355993,-61.45785416355993,0.0,-107.10485943259069,10,TIME_EXIT,False
2024-08-02 12:30:00,2024-08-02 12:45:00,2024-08-02 15:15:00,20605,SHORT,64356.01,268.82368406618133,260.82368406618133,298.82368406618133,-181.49043111902057,10,TRAILING_STOP,False
2024-08-02 15:45:00,2024-08-02 16:00:00,2024-08-02 16:30:00,20610,SHORT,63416.0,41.210735461081825,33.210735461081825,71.21073546108182,-13.245868550523527,2,TRAILING_STOP,True
2024-08-02 20:15:00,2024-08-02 20:30:00,2024-08-02 20:45:00,20627,SHORT,62542.0,13.808960378625237,5.808960378625237,43.80896037862524,-21.32486968757037,1,TRAILING_STOP,False
2024-08-02 21:15:00,2024-08-02 21:30:00,2024-08-02 23:00:00,20636,SHORT,61660.87,39.87575751039526,31.87575751039526,69.87575751039526,-95.54357569070909,6,TRAILING_STOP,True
2024-08-03 00:45:00,2024-08-03 01:00:00,2024-08-03 01:15:00,20645,SHORT,61132.01,47.86591672676917,39.86591672676917,77.86591672676917,-10.01602924556152,1,TRAILING_STOP,False
2024-08-03 01:45:00,2024-08-03 02:00:00,2024-08-03 02:30:00,20650,SHORT,61342.01,-9.782207984380676,-17.782207984380676,20.217792015619324,-44.33992299893629,2,TRAILING_STOP,True
2024-08-03 12:15:00,2024-08-03 12:30:00,2024-08-03 14:45:00,20699,LONG,62126.0,-12.433119788815949,-20.43311978881595,7.566880211184051,-45.31275150500628,9,TRAILING_STOP,False
2024-08-03 15:15:00,2024-08-03 15:30:00,2024-08-03 16:15:00,20705,SHORT,61567.6,155.17531948622354,147.17531948622354,185.17531948622354,0.0,3,TRAILING_STOP,False
2024-08-03 16:45:00,2024-08-03 17:00:00,2024-08-03 17:30:00,20710,SHORT,60912.01,37.640191154421274,29.640191154421274,67.64019115442127,0.0,2,TRAILING_STOP,True
2024-08-04 02:30:00,2024-08-04 02:45:00,2024-08-04 05:15:00,20757,SHORT,60784.0,18.511450381678863,10.511450381678863,39.73085022374309,-19.47222953408801,10,TIME_EXIT,False
2024-08-04 07:30:00,2024-08-04 07:45:00,2024-08-04 08:15:00,20769,SHORT,60418.01,25.68538255397725,17.68538255397725,55.68538255397725,-13.015986458342374,2,TRAILING_STOP,False
2024-08-04 08:45:00,2024-08-04 09:00:00,2024-08-04 10:45:00,20779,SHORT,60566.0,-23.904170656804435,-31.904170656804435,6.095829343195564,-43.37417032658539,7,TRAILING_STOP,True
2024-08-04 14:00:00,2024-08-04 14:15:00,2024-08-04 14:45:00,20795,SHORT,60495.5,164.80787827193757,156.80787827193757,194.80787827193757,0.0,2,TRAILING_STOP,False
2024-08-04 15:15:00,2024-08-04 15:30:00,2024-08-04 16:00:00,20800,SHORT,59320.0,40.632164531355016,32.632164531355016,70.63216453135502,0.0,2,TRAILING_STOP,True
2024-08-04 17:00:00,2024-08-04 17:15:00,2024-08-04 17:30:00,20806,SHORT,58332.01,177.30298853065497,169.30298853065497,207.30298853065497,0.0,1,TRAILING_STOP,False
2024-08-04 18:00:00,2024-08-04 18:15:00,2024-08-04 20:45:00,20819,SHORT,58214.23,-162.12015515793937,-170.12015515793937,0.0,-235.12635999823354,10,TIME_EXIT,True
2024-08-05 00:15:00,2024-08-05 00:30:00,2024-08-05 00:45:00,20835,SHORT,57409.99,267.6816404252985,259.6816404252985,297.6816404252985,0.0,1,TRAILING_STOP,False
2024-08-05 01:15:00,2024-08-05 01:30:00,2024-08-05 02:00:00,20840,SHORT,54254.81,84.30875898376574,76.30875898376574,114.30875898376574,-170.85858378271072,2,TRAILING_STOP,True
2024-08-05 06:00:00,2024-08-05 06:15:00,2024-08-05 06:30:00,20858,SHORT,51606.13,281.22853040908075,273.22853040908075,311.22853040908075,0.0,1,TRAILING_STOP,False
2024-08-05 07:00:00,2024-08-05 07:15:00,2024-08-05 09:45:00,20871,SHORT,51646.58,-197.73235710864128,-205.73235710864128,0.0,-304.3357372356506,10,TIME_EXIT,True
2024-08-05 12:30:00,2024-08-05 12:45:00,2024-08-05 13:30:00,20886,LONG,50920.01,277.8770035591118,269.8770035591118,297.8770035591118,-259.25171656486333,3,TRAILING_STOP,False
2024-08-05 14:00:00,2024-08-05 14:15:00,2024-08-05 14:30:00,20890,LONG,53001.89,265.6728316669467,257.6728316669467,285.6728316669467,-70.75219393119755,1,TRAILING_STOP,False
2024-08-05 16:15:00,2024-08-05 16:30:00,2024-08-05 17:00:00,20900,SHORT,55461.76,275.48615839093435,267.48615839093435,305.48615839093435,0.0,2,TRAILING_STOP,False
2024-08-05 17:30:00,2024-08-05 17:45:00,2024-08-05 18:15:00,20905,SHORT,54703.44,165.3149564268723,157.3149564268723,195.3149564268723,-2.504412885185482,2,TRAILING_STOP,True
2024-08-06 00:15:00,2024-08-06 00:30:00,2024-08-06 01:00:00,20932,LONG,55625.55,96.9336752625362,88.9336752625362,116.9336752625362,-13.989974031717386,2,TRAILING_STOP,False
2024-08-06 08:30:00,2024-08-06 08:45:00,2024-08-06 09:00:00,20964,SHORT,54936.01,30.76160245347321,22.76160245347321,60.76160245347321,-10.919977624876282,1,TRAILING_STOP,False
2024-08-06 09:30:00,2024-08-06 09:45:00,2024-08-06 10:15:00,20969,SHORT,55138.01,16.42895164334005,8.42895164334005,46.42895164334005,-24.663566929600464,2,TRAILING_STOP,True
2024-08-06 13:30:00,2024-08-06 13:45:00,2024-08-06 16:15:00,20993,SHORT,54728.33,-297.77447987175896,-305.77447987175896,0.0,-372.87269682813235,10,TIME_EXIT,False
2024-08-07 01:45:00,2024-08-07 02:00:00,2024-08-07 02:30:00,21034,LONG,56965.99,36.52495462643588,28.52495462643588,56.52495462643588,-64.5981927111243,2,TRAILING_STOP,False
2024-08-07 03:00:00,2024-08-07 03:15:00,2024-08-07 04:45:00,21043,LONG,56804.0,58.51559749313428,50.51559749313428,78.51559749313428,-28.87120625308077,6,TRAILING_STOP,True
2024-08-07 14:15:00,2024-08-07 14:30:00,2024-08-07 14:45:00,21083,SHORT,56215.89,30.593188153740414,22.593188153740414,60.593188153740414,-39.19354474331043,1,TRAILING_STOP,False
2024-08-08 01:15:00,2024-08-08 01:30:00,2024-08-08 04:00:00,21136,SHORT,55629.02,-280.8623987983257,-288.8623987983257,0.0,-360.84403428282644,10,TIME_EXIT,False
2024-08-08 12:30:00,2024-08-08 12:45:00,2024-08-08 13:15:00,21173,LONG,58049.33,15.430210822415738,7.430210822415738,35.43021082241574,-64.42796152858267,2,TRAILING_STOP,False
2024-08-08 13:45:00,2024-08-08 14:00:00,2024-08-08 14:30:00,21178,LONG,57266.73,197.9729836154421,189.9729836154421,217.9729836154421,0.0,2,TRAILING_STOP,True
2024-08-08 21:30:00,2024-08-08 21:45:00,2024-08-08 22:00:00,21208,LONG,60511.93,103.76071958042016,95.76071958042016,123.76071958042016,0.0,1,TRAILING_STOP,False
2024-08-08 22:30:00,2024-08-08 22:45:00,2024-08-08 23:00:00,21212,LONG,61138.51,242.78527232672133,234.78527232672133,262.7852723267213,0.0,1,TRAILING_STOP,True
2024-08-09 02:15:00,2024-08-09 02:30:00,2024-08-09 02:45:00,21227,LONG,61279.48,7.638942105904835,-0.36105789409516476,27.638942105904835,-7.176953851436598,1,TRAILING_STOP,False
2024-08-09 03:15:00,2024-08-09 03:30:00,2024-08-09 04:00:00,21232,LONG,61382.01,-18.584275751153303,-26.584275751153303,1.4157242488466983,-29.412526569266934,2,TRAILING_STOP,True
2024-08-09 10:15:00,2024-08-09 10:30:00,2024-08-09 10:45:00,21259,SHORT,60654.99,17.663019975767625,9.663019975767625,47.663019975767625,0.0,1,TRAILING_STOP,False
2024-08-09 13:30:00,2024-08-09 13:45:00,2024-08-09 14:30:00,21274,SHORT,59930.02,35.91354382995314,27.91354382995314,65.91354382995314,-197.74563732833792,3,TRAILING_STOP,False
2024-08-09 21:00:00,2024-08-09 21:15:00,2024-08-09 21:45:00,21303,SHORT,60165.02,-19.193056031561728,-27.193056031561728,10.806943968438272,-116.61759607160516,2,TRAILING_STOP,False
2024-08-09 22:00:00,2024-08-09 22:15:00,2024-08-09 23:15:00,21309,SHORT,60382.22,-24.455321450585423,-32.45532145058542,5.544678549414579,-99.8273995225745,4,TRAILING_STOP,False
2024-08-10 00:15:00,2024-08-10 00:30:00,2024-08-10 03:00:00,21324,LONG,60976.0,-92.82176594069765,-100.82176594069765,0.0,-112.91163736552052,10,TIME_EXIT,False
2024-08-10 09:30:00,2024-08-10 09:45:00,2024-08-10 10:15:00,21353,LONG,60962.01,-12.042585210035766,-20.042585210035767,7.9574147899642345,-51.837201562087934,2,TRAILING_STOP,False
2024-08-10 10:45:00,2024-08-10 11:00:00,2024-08-10 11:30:00,21358,LONG,60788.01,16.18970254166865,8.189702541668652,36.18970254166865,0.0,2,TRAILING_STOP,True
2024-08-10 16:00:00,2024-08-10 16:15:00,2024-08-10 18:15:00,21385,LONG,60600.0,78.45379537953752,70.45379537953752,98.45379537953752,-8.36468646864725,8,TRAILING_STOP,False
2024-08-10 18:45:00,2024-08-10 19:00:00,2024-08-10 19:45:00,21391,LONG,60954.0,10.514814450241165,2.5148144502411647,30.514814450241165,-14.256652557666676,3,TRAILING_STOP,True
2024-08-11 00:00:00,2024-08-11 00:15:00,2024-08-11 02:45:00,21419,LONG,61198.84,-28.114911981991433,-36.11491198199143,0.0,-40.78018472245547,10,TIME_EXIT,False
2024-08-11 03:15:00,2024-08-11 03:30:00,2024-08-11 06:00:00,21432,LONG,61323.73,-33.87269495837927,-41.87269495837927,0.0,-72.13683838214058,10,TIME_EXIT,False
2024-08-11 09:15:00,2024-08-11 09:30:00,2024-08-11 12:00:00,21456,LONG,61420.67,-182.41741745897568,-190.41741745897568,0.0,-182.62093200871928,10,TIME_EXIT,False
2024-08-11 15:00:00,2024-08-11 15:15:00,2024-08-11 16:15:00,21473,SHORT,60200.0,5.548172757475079,-2.451827242524921,35.54817275747508,-35.2541528239208,4,TRAILING_STOP,False
2024-08-11 16:45:00,2024-08-11 17:00:00,2024-08-11 17:45:00,21479,SHORT,60182.2,-2.2808405143049413,-10.280840514304941,27.71915948569506,-27.881998331733122,3,TRAILING_STOP,True
2024-08-11 19:15:00,2024-08-11 19:30:00,2024-08-11 20:00:00,21488,SHORT,59660.55,121.67644280852312,113.67644280852312,151.67644280852312,-32.00942666468779,2,TRAILING_STOP,False
2024-08-11 20:30:00,2024-08-11 20:45:00,2024-08-11 21:00:00,21492,SHORT,58719.5,38.54622399713894,30.546223997138938,68.54622399713894,0.0,1,TRAILING_STOP,True
2024-08-12 07:15:00,2024-08-12 07:30:00,2024-08-12 07:45:00,21535,LONG,58340.99,59.95579094561151,51.95579094561151,79.95579094561151,0.0,1,TRAILING_STOP,False
2024-08-12 08:00:00,2024-08-12 08:15:00,2024-08-12 08:30:00,21538,LONG,58812.91,-7.914218153804246,-15.914218153804246,12.085781846195754,-33.93982715699675,1,TRAILING_STOP,False
2024-08-12 11:00:00,2024-08-12 11:15:00,2024-08-12 11:30:00,21550,LONG,59317.82,71.68408414199959,63.68408414199959,91.68408414199959,0.0,1,TRAILING_STOP,False
2024-08-12 13:30:00,2024-08-12 13:45:00,2024-08-12 14:00:00,21560,SHORT,58810.46,141.8163741620112,133.8163741620112,171.8163741620112,-117.24614974955117,1,TRAILING_STOP,False
2024-08-12 14:15:00,2024-08-12 14:30:00,2024-08-12 15:00:00,21564,LONG,59588.95,134.6008110564123,126.60081105641231,154.6008110564123,0.0,2,TRAILING_STOP,False
2024-08-13 02:15:00,2024-08-13 02:30:00,2024-08-13 05:00:00,21620,LONG,59584.21,-67.16376704499436,-75.16376704499436,0.0,-126.54023607932302,10,TIME_EXIT,False
2024-08-13 10:15:00,2024-08-13 10:30:00,2024-08-13 11:30:00,21646,SHORT,58714.01,-4.4490284346097155,-12.449028434609716,25.550971565390284,-32.35854611190719,4,TRAILING_STOP,False
2024-08-13 12:00:00,2024-08-13 12:15:00,2024-08-13 12:45:00,21651,SHORT,58914.66,4.811369530097224,-3.188630469902776,34.811369530097224,-46.73539658889596,2,TRAILING_STOP,True
2024-08-13 16:15:00,2024-08-13 16:30:00,2024-08-13 17:15:00,21669,LONG,59896.45,243.1691861537705,235.1691861537705,263.1691861537705,0.0,3,TRAILING_STOP,False
2024-08-13 17:45:00,2024-08-13 18:00:00,2024-08-13 20:30:00,21682,LONG,61167.58,-75.25718689541122,-83.25718689541122,0.0,-151.02935247724446,10,TIME_EXIT,True
2024-08-14 03:30:00,2024-08-14 03:45:00,2024-08-14 04:45:00,21715,LONG,61112.69,-11.898572947779789,-19.89857294777979,8.101427052220211,-35.61780703811361,4,TRAILING_STOP,False
2024-08-14 05:15:00,2024-08-14 05:30:00,2024-08-14 06:15:00,21721,LONG,60912.67,-19.834188847738567,-27.834188847738567,0.16581115226143217,-45.207343562512584,3,TRAILING_STOP,True
2024-08-14 10:00:00,2024-08-14 10:15:00,2024-08-14 10:45:00,21739,LONG,61022.01,29.705016271997216,21.705016271997216,49.705016271997216,0.0,2,TRAILING_STOP,False
2024-08-14 11:15:00,2024-08-14 11:30:00,2024-08-14 11:45:00,21743,LONG,61084.29,34.9584844155509,26.9584844155509,54.9584844155509,0.0,1,TRAILING_STOP,True
2024-08-14 12:15:00,2024-08-14 12:30:00,2024-08-14 15:00:00,21756,LONG,61699.99,-397.09244685452916,-405.09244685452916,0.0,-466.2026687524587,10,TIME_EXIT,False
2024-08-14 22:00:00,2024-08-14 22:15:00,2024-08-15 00:15:00,21793,SHORT,58755.02,-16.178202305096804,-24.178202305096804,13.821797694903198,-45.52462070475054,8,TRAILING_STOP,False
2024-08-15 00:45:00,2024-08-15 01:00:00,2024-08-15 02:00:00,21800,SHORT,58994.0,136.79662338542903,128.79662338542903,166.79662338542903,-0.9441638132690966,4,TRAILING_STOP,True
2024-08-15 12:30:00,2024-08-15 12:45:00,2024-08-15 13:30:00,21846,LONG,59181.09,30.000768826664654,22.000768826664654,50.000768826664654,-109.6076466317194,3,TRAILING_STOP,False
2024-08-15 14:00:00,2024-08-15 14:15:00,2024-08-15 15:15:00,21853,SHORT,59383.85,-9.415278733191268,-17.41527873319127,20.58472126680873,-67.9511348624254,4,TRAILING_STOP,False
2024-08-15 15:45:00,2024-08-15 16:00:00,2024-08-15 16:15:00,21857,SHORT,59682.85,-15.049306459058855,-23.049306459058855,14.950693540941145,-24.03873139436223,1,TRAILING_STOP,True
2024-08-15 18:00:00,2024-08-15 18:15:00,2024-08-15 18:30:00,21866,SHORT,57907.2,32.73313163129919,24.733131631299187,62.73313163129919,-16.206965627764045,1,TRAILING_STOP,False
2024-08-15 19:00:00,2024-08-15 19:15:00,2024-08-15 19:30:00,21870,SHORT,57214.1,63.351114497999376,55.351114497999376,93.35111449799938,0.0,1,TRAILING_STOP,True
2024-08-16 02:30:00,2024-08-16 02:45:00,2024-08-16 03:00:00,21900,LONG,58135.3,-2.4530018766575985,-10.453001876657599,17.5469981233424,-9.403924981896632,1,TRAILING_STOP,False
2024-08-16 12:15:00,2024-08-16 12:30:00,2024-08-16 13:00:00,21940,SHORT,58122.56,41.085994835739896,33.085994835739896,71.0859948357399,-0.6314243557072383,2,TRAILING_STOP,False
2024-08-16 13:30:00,2024-08-16 13:45:00,2024-08-16 14:00:00,21944,SHORT,58526.99,72.17508195791378,64.17508195791378,102.17508195791378,0.0,1,TRAILING_STOP,True
2024-08-17 13:15:00,2024-08-17 13:30:00,2024-08-17 14:15:00,22041,LONG,59405.64,-15.89937925085891,-23.89937925085891,4.100620749141089,-25.507679068855893,3,TRAILING_STOP,False
2024-08-17 14:45:00,2024-08-17 15:00:00,2024-08-17 15:15:00,22045,LONG,59535.37,-12.685020686023176,-20.685020686023176,7.314979313976823,-19.144921749877962,1,TRAILING_STOP,True
2024-08-18 00:30:00,2024-08-18 00:45:00,2024-08-18 02:45:00,22091,LONG,59694.03,74.64598051094946,66.64598051094946,94.64598051094946,-50.4120763835178,8,TRAILING_STOP,False
2024-08-18 03:15:00,2024-08-18 03:30:00,2024-08-18 05:15:00,22101,LONG,59623.61,-7.5233988683343025,-15.523398868334302,12.476601131665698,-61.56118356469911,7,TRAILING_STOP,True
2024-08-18 09:45:00,2024-08-18 10:00:00,2024-08-18 10:45:00,22123,LONG,59880.01,33.438534829903666,25.438534829903666,53.438534829903666,-8.967934374093185,3,TRAILING_STOP,False
2024-08-18 11:15:00,2024-08-18 11:30:00,2024-08-18 12:45:00,22131,LONG,59887.09,46.44169887032439,38.44169887032439,66.44169887032439,-18.105738649180154,5,TRAILING_STOP,True
2024-08-18 17:15:00,2024-08-18 17:30:00,2024-08-18 18:30:00,22154,SHORT,59433.99,-25.84244638463628,-33.842446384636276,4.157553615363722,-31.964873971948244,4,TRAILING_STOP,False
2024-08-18 21:45:00,2024-08-18 22:00:00,2024-08-19 00:00:00,22176,SHORT,59439.33,170.0729146846038,162.0729146846038,200.0729146846038,-23.309482122358315,8,TRAILING_STOP,False
2024-08-19 00:30:00,2024-08-19 00:45:00,2024-08-19 01:00:00,22180,SHORT,58590.0,33.77709506741735,25.77709506741735,63.77709506741735,0.0,1,TRAILING_STOP,True
2024-08-19 08:00:00,2024-08-19 08:15:00,2024-08-19 09:45:00,22215,LONG,58544.83,1.615913821937074,-6.384086178062926,21.615913821937074,-98.93785668179466,6,TRAILING_STOP,False
2024-08-19 10:00:00,2024-08-19 10:15:00,2024-08-19 10:30:00,22218,LONG,58107.34,-10.593271005004961,-18.59327100500496,9.406728994995039,-12.100020410501957,1,TRAILING_STOP,False
2024-08-19 11:45:00,2024-08-19 12:00:00,2024-08-19 13:15:00,22229,LONG,58396.94,69.59544798066459,61.59544798066459,89.59544798066459,-22.764891448079698,5,TRAILING_STOP,False
2024-08-19 13:45:00,2024-08-19 14:00:00,2024-08-19 14:30:00,22234,SHORT,58200.0,-18.24226804123706,-26.24226804123706,11.757731958762937,-38.79209621993072,2,TRAILING_STOP,False
2024-08-19 15:00:00,2024-08-19 15:15:00,2024-08-19 16:45:00,22243,SHORT,58588.0,5.5021506110466305,-2.4978493889533695,35.50215061104663,-32.25916569946064,6,TRAILING_STOP,True
2024-08-19 17:30:00,2024-08-19 17:45:00,2024-08-19 18:00:00,22248,LONG,59017.63,-15.531843620287257,-23.531843620287255,4.4681563797127435,-47.57561426983748,1,TRAILING_STOP,False
2024-08-19 23:15:00,2024-08-19 23:30:00,2024-08-19 23:45:00,22271,LONG,59346.47,25.69100740111353,17.69100740111353,45.69100740111353,0.0,1,TRAILING_STOP,False
2024-08-20 00:15:00,2024-08-20 00:30:00,2024-08-20 01:00:00,22276,LONG,60293.97,82.26229919841101,74.26229919841101,102.26229919841101,-23.751960602361915,2,TRAILING_STOP,True
2024-08-20 05:15:00,2024-08-20 05:30:00,2024-08-20 06:00:00,22296,LONG,61132.01,-17.634627096344595,-25.634627096344595,2.365372903655405,-30.461946204615415,2,TRAILING_STOP,False
2024-08-20 06:30:00,2024-08-20 06:45:00,2024-08-20 07:00:00,22300,LONG,60985.99,-14.301970009833406,-22.301970009833404,5.698029990166594,-27.296433164404014,1,TRAILING_STOP,True
2024-08-20 11:15:00,2024-08-20 11:30:00,2024-08-20 13:00:00,22324,LONG,60638.13,-1.1801584250697346,-9.180158425069735,18.819841574930265,-35.865222097052786,6,TRAILING_STOP,False
2024-08-20 13:30:00,2024-08-20 13:45:00,2024-08-20 14:00:00,22328,LONG,60774.99,1.2274818967476655,-6.7725181032523345,21.227481896747666,-107.97862739261627,1,TRAILING_STOP,True
2024-08-20 14:15:00,2024-08-20 14:30:00,2024-08-20 15:00:00,22332,SHORT,60016.0,192.60563849640064,184.60563849640064,222.60563849640064,0.0,2,TRAILING_STOP,False
2024-08-20 15:30:00,2024-08-20 15:45:00,2024-08-20 16:00:00,22336,SHORT,58950.0,38.15436810856603,30.154368108566032,68.15436810856603,-1.4113655640372704,1,TRAILING_STOP,True
2024-08-20 21:00:00,2024-08-20 21:15:00,2024-08-20 23:45:00,22367,SHORT,59053.29,6.687180341687645,-1.312819658312355,10.241597038878478,-83.35183357269361,10,TIME_EXIT,False
2024-08-21 06:15:00,2024-08-21 06:30:00,2024-08-21 07:00:00,22396,LONG,59671.99,-10.307010039383002,-18.307010039383,9.692989960616998,-18.097268081724433,2,TRAILING_STOP,False
2024-08-21 07:30:00,2024-08-21 07:45:00,2024-08-21 08:00:00,22400,LONG,59666.93,23.105955007237192,15.105955007237192,43.10595500723719,-48.42548460261024,1,TRAILING_STOP,True
2024-08-21 09:15:00,2024-08-21 09:30:00,2024-08-21 10:00:00,22408,SHORT,59172.53,-28.79335901304213,-36.793359013042135,1.20664098695787,-33.19952687505577,2,TRAILING_STOP,False
2024-08-21 10:30:00,2024-08-21 10:45:00,2024-08-21 12:15:00,22417,SHORT,59299.99,-22.32377610856312,-30.32377610856312,7.676223891436879,-35.30354726872611,6,TRAILING_STOP,True
2024-08-21 13:30:00,2024-08-21 13:45:00,2024-08-21 16:15:00,22433,SHORT,59035.64,-95.01717945295458,-103.01717945295458,0.0,-197.56540286511736,10,TIME_EXIT,False
2024-08-21 19:30:00,2024-08-21 19:45:00,2024-08-21 20:00:00,22448,LONG,61186.14,83.74735193297059,75.74735193297059,103.74735193297059,0.0,1,TRAILING_STOP,False
2024-08-21 20:30:00,2024-08-21 20:45:00,2024-08-21 21:00:00,22452,LONG,61173.14,-4.166253358908733,-12.166253358908733,15.833746641091267,-40.07314321285443,1,TRAILING_STOP,True
2024-08-22 02:45:00,2024-08-22 03:00:00,2024-08-22 05:15:00,22485,LONG,60186.49,90.24234840742534,82.24234840742534,110.24234840742534,0.0,9,TRAILING_STOP,False
2024-08-22 05:45:00,2024-08-22 06:00:00,2024-08-22 06:30:00,22490,LONG,60724.01,0.9077101462830157,-7.092289853716984,20.907710146283016,-2.674395185694298,2,TRAILING_STOP,True
2024-08-22 07:45:00,2024-08-22 08:00:00,2024-08-22 08:30:00,22498,LONG,60984.31,0.9381724578014143,-7.061827542198586,20.938172457801414,-20.031381842312594,2,TRAILING_STOP,False
2024-08-22 09:00:00,2024-08-22 09:15:00,2024-08-22 11:00:00,22508,LONG,60862.5,68.31382214006983,60.31382214006983,88.31382214006983,-5.8131033066333755,7,TRAILING_STOP,True
2024-08-22 12:30:00,2024-08-22 12:45:00,2024-08-22 13:45:00,22519,SHORT,60875.89,49.05428569504281,41.05428569504281,79.05428569504281,-9.550579055189077,4,TRAILING_STOP,False
2024-08-22 14:00:00,2024-08-22 14:15:00,2024-08-22 14:45:00,22523,SHORT,60583.58,16.808062514628837,8.808062514628837,46.80806251462884,-12.12374706149704,2,TRAILING_STOP,False
2024-08-23 00:30:00,2024-08-23 00:45:00,2024-08-23 01:15:00,22565,LONG,60809.21,-12.343265107374743,-20.34326510737474,7.656734892625257,-20.26173337887454,2,TRAILING_STOP,False
2024-08-23 01:45:00,2024-08-23 02:00:00,2024-08-23 02:45:00,22571,LONG,60768.45,-15.673741884151912,-23.673741884151912,4.326258115848088,-24.757913028882108,3,TRAILING_STOP,True
2024-08-23 06:45:00,2024-08-23 07:00:00,2024-08-23 09:30:00,22598,LONG,61189.59,4.183852187929876,-3.816147812070124,24.183852187929876,-41.121373750011294,10,TRAILING_STOP,False
2024-08-23 10:00:00,2024-08-23 10:15:00,2024-08-23 11:00:00,22604,LONG,61049.77,-0.9597972277364448,-8.959797227736445,19.040202772263555,-49.70043294184372,3,TRAILING_STOP,True
2024-08-23 12:45:00,2024-08-23 13:00:00,2024-08-23 13:30:00,22614,LONG,61146.59,-15.255663480170842,-23.255663480170842,4.744336519829158,-43.37936097499468,2,TRAILING_STOP,False
2024-08-23 14:00:00,2024-08-23 14:15:00,2024-08-23 16:45:00,22627,LONG,62088.0,-57.33958252802506,-65.33958252802506,0.0,-207.06738822316703,10,TIME_EXIT,True
2024-08-23 17:45:00,2024-08-23 18:00:00,2024-08-23 18:15:00,22633,LONG,62999.88,36.906457599602106,28.906457599602106,56.906457599602106,-15.527013702248276,1,TRAILING_STOP,False
2024-08-23 18:45:00,2024-08-23 19:00:00,2024-08-23 19:15:00,22637,LONG,63152.59,85.54911524610583,77.54911524610583,105.54911524610583,0.0,1,TRAILING_STOP,True
2024-08-23 21:15:00,2024-08-23 21:30:00,2024-08-23 22:30:00,22650,LONG,64264.01,87.52363570216019,79.52363570216019,107.52363570216019,-9.386280127866236,4,TRAILING_STOP,False
2024-08-23 23:00:00,2024-08-23 23:15:00,2024-08-24 00:00:00,22656,LONG,64174.99,-15.058822759458298,-23.058822759458298,4.941177240541701,-52.71524000237408,3,TRAILING_STOP,True
2024-08-24 06:30:00,2024-08-24 06:45:00,2024-08-24 08:00:00,22688,LONG,64197.39,0.9681421627889506,-7.031857837211049,20.96814216278895,-23.270416445279068,5,TRAILING_STOP,False
2024-08-24 08:30:00,2024-08-24 08:45:00,2024-08-24 09:00:00,22692,LONG,64240.47,19.543608569488804,11.543608569488804,39.5436085694888,-0.0731626029512493,1,TRAILING_STOP,True
2024-08-24 18:15:00,2024-08-24 18:30:00,2024-08-24 21:00:00,22740,LONG,64400.0,-50.931677018633536,-58.931677018633536,0.0,-70.8835403726705,10,TIME_EXIT,False
2024-08-24 21:45:00,2024-08-24 22:00:00,2024-08-24 22:15:00,22745,LONG,63612.36,40.937842897197875,32.937842897197875,60.937842897197875,0.0,1,TRAILING_STOP,False
2024-08-24 22:45:00,2024-08-24 23:00:00,2024-08-25 00:00:00,22752,LONG,63833.98,85.43914072097614,77.43914072097614,105.43914072097614,0.0,4,TRAILING_STOP,True
2024-08-25 03:45:00,2024-08-25 04:00:00,2024-08-25 06:15:00,22777,LONG,64101.01,-5.18120073303089,-13.18120073303089,14.81879926696911,-15.757942035547028,9,TRAILING_STOP,False
2024-08-25 06:45:00,2024-08-25 07:00:00,2024-08-25 07:30:00,22782,LONG,63994.0,-13.12435540831953,-21.12435540831953,6.87564459168047,-29.19179923117756,2,TRAILING_STOP,True
2024-08-25 13:15:00,2024-08-25 13:30:00,2024-08-25 15:45:00,22815,LONG,64069.2,14.150574691115686,6.150574691115686,34.150574691115686,-13.688324499134856,9,TRAILING_STOP,False
2024-08-25 16:15:00,2024-08-25 16:30:00,2024-08-25 19:00:00,22828,LONG,64077.99,19.81803736353235,11.818037363532351,26.634730583778538,-10.14232812233935,10,TIME_EXIT,True
2024-08-25 21:15:00,2024-08-25 21:30:00,2024-08-25 22:15:00,22841,LONG,64466.0,3.2680792976142463,-4.731920702385754,23.268079297614246,-28.988924394253928,3,TRAILING_STOP,False
2024-08-25 22:45:00,2024-08-25 23:00:00,2024-08-25 23:15:00,22845,LONG,64482.0,60.33249589032599,52.33249589032599,80.33249589032599,0.0,1,TRAILING_STOP,True
2024-08-25 23:30:00,2024-08-25 23:45:00,2024-08-26 00:15:00,22849,SHORT,64386.0,19.855558661820893,11.855558661820893,49.85555866182089,-14.754760351629237,2,TRAILING_STOP,False
2024-08-26 06:30:00,2024-08-26 06:45:00,2024-08-26 09:15:00,22885,LONG,63871.2,-41.20793096105867,-49.20793096105867,0.0,-55.82328185473197,10,TIME_EXIT,False
2024-08-26 09:30:00,2024-08-26 09:45:00,2024-08-26 10:45:00,22891,LONG,63643.01,42.251926802329905,34.251926802329905,62.251926802329905,0.0,4,TRAILING_STOP,False
2024-08-26 14:30:00,2024-08-26 14:45:00,2024-08-26 15:15:00,22909,SHORT,63272.13,3.368562114156326,-4.631437885843674,33.368562114156326,-36.11068570000776,2,TRAILING_STOP,False
2024-08-26 15:45:00,2024-08-26 16:00:00,2024-08-26 16:30:00,22914,SHORT,63532.54,-17.088506141892196,-25.088506141892196,12.911493858107804,-42.098112242954414,2,TRAILING_STOP,True
2024-08-26 21:15:00,2024-08-26 21:30:00,2024-08-26 23:15:00,22941,SHORT,62987.0,-14.320574086715983,-22.320574086715983,15.679425913284017,-46.51753536444028,7,TRAILING_STOP,False
2024-08-26 23:45:00,2024-08-27 00:00:00,2024-08-27 00:30:00,22946,SHORT,62834.0,-29.204252474774805,-37.204252474774805,0.7957475252251967,-34.37629308972849,2,TRAILING_STOP,True
2024-08-27 01:00:00,2024-08-27 01:15:00,2024-08-27 01:30:00,22950,LONG,62971.66,18.16637515987295,10.166375159872949,38.16637515987295,0.0,1,TRAILING_STOP,False
2024-08-27 06:30:00,2024-08-27 06:45:00,2024-08-27 09:15:00,22981,SHORT,62753.0,-21.5541886443676,-29.5541886443676,8.445811355632399,-39.36066801587175,10,TRAILING_STOP,False
2024-08-27 09:45:00,2024-08-27 10:00:00,2024-08-27 11:15:00,22989,SHORT,62679.99,41.791651530256786,33.791651530256786,71.79165153025679,0.0,5,TRAILING_STOP,True
2024-08-27 12:30:00,2024-08-27 12:45:00,2024-08-27 13:15:00,22997,SHORT,62268.62,-19.888968151213383,-27.888968151213383,10.111031848786617,-32.13817810640341,2,TRAILING_STOP,False
2024-08-27 13:45:00,2024-08-27 14:00:00,2024-08-27 14:15:00,23001,SHORT,62232.65,37.101433090187186,29.101433090187186,67.10143309018719,0.0,1,TRAILING_STOP,True
2024-08-27 15:30:00,2024-08-27 15:45:00,2024-08-27 16:00:00,23008,SHORT,61677.0,-13.624365646837557,-21.624365646837557,16.375634353162443,-30.805648783176874,1,TRAILING_STOP,False
2024-08-27 16:30:00,2024-08-27 16:45:00,2024-08-27 17:15:00,23013,SHORT,61589.1,-18.575900605788917,-26.575900605788917,11.424099394211085,-40.088262371101614,2,TRAILING_STOP,True
2024-08-27 21:15:00,2024-08-27 21:30:00,2024-08-27 21:45:00,23031,SHORT,61422.44,201.58311522629225,193.58311522629225,231.58311522629225,0.0,1,TRAILING_STOP,False
2024-08-27 22:15:00,2024-08-27 22:30:00,2024-08-28 01:00:00,23044,SHORT,58935.81,-26.828753180791942,-34.82875318079194,3.171246819208059,-143.2388899041181,10,TRAILING_STOP,True
2024-08-28 04:45:00,2024-08-28 05:00:00,2024-08-28 07:30:00,23070,SHORT,59325.33,81.80654030917312,73.80654030917312,92.42763588504299,-27.17389014102393,10,TIME_EXIT,False
2024-08-28 07:45:00,2024-08-28 08:00:00,2024-08-28 10:30:00,23082,SHORT,58600.98,-206.48460145205706,-214.48460145205706,0.0,-278.83492733397975,10,TIME_EXIT,False
2024-08-28 11:15:00,2024-08-28 11:30:00,2024-08-28 12:15:00,23089,SHORT,59990.0,-12.665444240707124,-20.665444240707124,17.334555759292876,-21.17019503250542,3,TRAILING_STOP,False
2024-08-28 12:45:00,2024-08-28 13:00:00,2024-08-28 14:00:00,23096,SHORT,59946.23,99.15240875030858,91.15240875030858,129.15240875030858,-9.797113179593765,4,TRAILING_STOP,True
2024-08-28 15:15:00,2024-08-28 15:30:00,2024-08-28 15:45:00,23103,SHORT,58737.91,-15.220788414159621,-23.22078841415962,14.779211585840379,-51.71617444338704,1,TRAILING_STOP,False
2024-08-28 16:15:00,2024-08-28 16:30:00,2024-08-28 19:00:00,23116,SHORT,58417.0,-166.42244552099598,-174.42244552099598,0.0,-245.30359313213586,10,TIME_EXIT,True
2024-08-29 05:15:00,2024-08-29 05:30:00,2024-08-29 08:00:00,23168,SHORT,59339.99,-22.07954534539087,-30.07954534539087,0.0,-71.45434301556203,10,TIME_EXIT,False
2024-08-29 11:15:00,2024-08-29 11:30:00,2024-08-29 11:45:00,23183,LONG,59961.1,66.03911535979184,58.039115359791836,86.03911535979184,0.0,1,TRAILING_STOP,False
2024-08-29 12:15:00,2024-08-29 12:30:00,2024-08-29 13:15:00,23189,LONG,60244.01,14.192611016431002,6.192611016431002,34.192611016431,-8.88553069425472,3,TRAILING_STOP,True
2024-08-29 22:00:00,2024-08-29 22:15:00,2024-08-29 23:00:00,23228,SHORT,59114.0,-29.661670670230404,-37.66167067023041,0.33832932976959773,-40.09202557769733,3,TRAILING_STOP,False
2024-08-29 23:30:00,2024-08-29 23:45:00,2024-08-30 00:15:00,23233,SHORT,59357.99,8.072380820172306,0.07238082017230596,38.072380820172306,-1.5179085410409006,2,TRAILING_STOP,True
2024-08-30 01:15:00,2024-08-30 01:30:00,2024-08-30 04:00:00,23248,SHORT,59066.01,-1.843366430201577,-9.843366430201577,28.156633569798423,-46.556386659603035,10,TRAILING_STOP,False
2024-08-30 04:30:00,2024-08-30 04:45:00,2024-08-30 06:00:00,23256,SHORT,59059.0,33.3265040044701,25.326504004470102,63.3265040044701,0.0,5,TRAILING_STOP,True
2024-08-30 12:30:00,2024-08-30 12:45:00,2024-08-30 14:00:00,23288,LONG,59688.0,3.790376625117279,-4.209623374882721,23.79037662511728,-131.852298619488,5,TRAILING_STOP,False
2024-08-30 14:45:00,2024-08-30 15:00:00,2024-08-30 15:30:00,23294,SHORT,58462.89,58.411640273000074,50.411640273000074,88.41164027300007,-27.581599199081676,2,TRAILING_STOP,False
2024-08-30 16:00:00,2024-08-30 16:15:00,2024-08-30 16:30:00,23298,SHORT,58341.08,44.0215985031471,36.0215985031471,74.0215985031471,0.0,1,TRAILING_STOP,True
2024-08-30 18:45:00,2024-08-30 19:00:00,2024-08-30 20:45:00,23315,SHORT,59371.0,83.01814016944299,75.01814016944299,113.01814016944299,0.0,7,TRAILING_STOP,False
2024-08-30 21:15:00,2024-08-30 21:30:00,2024-08-30 22:00:00,23320,SHORT,59049.99,-21.844198449483866,-29.844198449483866,8.155801550516134,-35.273503009907515,2,TRAILING_STOP,True
2024-08-31 00:15:00,2024-08-31 00:30:00,2024-08-31 00:45:00,23331,LONG,59374.5,-17.55787417157197,-25.55787417157197,2.4421258284280287,-25.85116506244229,1,TRAILING_STOP,False
2024-08-31 08:45:00,2024-08-31 09:00:00,2024-08-31 10:15:00,23369,SHORT,58985.01,-4.039166900199788,-12.039166900199788,25.96083309980021,-12.67610194522249,5,TRAILING_STOP,False
2024-08-31 10:45:00,2024-08-31 11:00:00,2024-08-31 13:30:00,23382,SHORT,59136.99,-5.245447899868437,-13.245447899868438,11.14192656744948,-18.102037320466078,10,TIME_EXIT,True
2024-08-31 13:45:00,2024-08-31 14:00:00,2024-08-31 16:30:00,23394,SHORT,58955.0,-1.8658298702400136,-9.865829870240013,0.8684589941485232,-36.48715121703004,10,TIME_EXIT,False
2024-08-31 17:45:00,2024-08-31 18:00:00,2024-08-31 18:30:00,23402,LONG,59013.17,-1.7108621685633416,-9.710862168563342,18.28913783143666,-3.9262422269466724,2,TRAILING_STOP,False
2024-09-01 02:00:00,2024-09-01 02:15:00,2024-09-01 02:30:00,23434,SHORT,58620.01,28.683033319168658,20.683033319168658,58.68303331916866,0.0,1,TRAILING_STOP,False
2024-09-01 03:00:00,2024-09-01 03:15:00,2024-09-01 05:15:00,23445,SHORT,58623.0,101.85950906640738,93.85950906640738,131.85950906640738,-7.5055865445303045,8,TRAILING_STOP,True
2024-09-01 05:30:00,2024-09-01 05:45:00,2024-09-01 06:00:00,23448,SHORT,57991.0,-23.274818506319946,-31.274818506319946,6.725181493680053,-38.41285716749186,1,TRAILING_STOP,False
2024-09-01 06:30:00,2024-09-01 06:45:00,2024-09-01 07:45:00,23455,SHORT,58244.95,-10.456674784681852,-18.45667478468185,19.54332521531815,-43.78920404258273,4,TRAILING_STOP,True
2024-09-01 13:45:00,2024-09-01 14:00:00,2024-09-01 15:45:00,23487,LONG,58175.0,11.865921787709045,3.865921787709045,31.865921787709045,-120.99355393210098,7,TRAILING_STOP,False
2024-09-01 22:15:00,2024-09-01 22:30:00,2024-09-02 00:00:00,23520,SHORT,57518.01,24.419476612630035,16.419476612630035,54.419476612630035,-44.001870022971325,6,TRAILING_STOP,False
2024-09-02 00:30:00,2024-09-02 00:45:00,2024-09-02 01:00:00,23524,SHORT,57342.01,-12.559034815835364,-20.559034815835364,17.440965184164636,-27.95855952729939,1,TRAILING_STOP,True
2024-09-02 08:15:00,2024-09-02 08:30:00,2024-09-02 08:45:00,23555,LONG,58161.09,-4.6288988050255835,-12.628898805025583,15.371101194974417,-18.412653545522705,1,TRAILING_STOP,False
2024-09-02 09:45:00,2024-09-02 10:00:00,2024-09-02 10:30:00,23562,LONG,58402.0,11.676997363104,3.6769973631040003,31.676997363104,-12.75641245162837,2,TRAILING_STOP,False
2024-09-02 11:00:00,2024-09-02 11:15:00,2024-09-02 11:30:00,23566,LONG,58406.0,27.043112009040513,19.043112009040513,47.04311200904051,0.0,1,TRAILING_STOP,True
2024-09-02 14:30:00,2024-09-02 14:45:00,2024-09-02 15:15:00,23581,LONG,58590.01,2.8690863852042305,-5.1309136147957695,22.86908638520423,-18.622628669973018,2,TRAILING_STOP,False
2024-09-02 15:45:00,2024-09-02 16:00:00,2024-09-02 16:15:00,23585,LONG,58537.99,-0.6945882494424502,-8.69458824944245,19.30541175055755,-15.714581248860435,1,TRAILING_STOP,True
2024-09-02 20:45:00,2024-09-02 21:00:00,2024-09-02 21:30:00,23606,LONG,58992.01,27.855633330682863,19.855633330682863,47.85563333068286,0.0,2,TRAILING_STOP,False
2024-09-02 22:00:00,2024-09-02 22:15:00,2024-09-02 23:00:00,23612,LONG,59080.99,38.34363980698434,30.343639806984342,58.34363980698434,0.0,3,TRAILING_STOP,True
2024-09-03 02:00:00,2024-09-03 02:15:00,2024-09-03 04:45:00,23635,LONG,59763.99,-111.26767138539377,-119.26767138539377,0.0,-127.16687757962613,10,TIME_EXIT,False
2024-09-03 05:00:00,2024-09-03 05:15:00,2024-09-03 07:45:00,23647,LONG,59247.99,-22.952677381966538,-30.952677381966538,0.0,-63.46038068126834,10,TIME_EXIT,False
2024-09-03 08:30:00,2024-09-03 08:45:00,2024-09-03 10:15:00,23657,SHORT,58788.01,-29.14778540726212,-37.14778540726212,0.8522145927378793,-69.33726792248883,6,TRAILING_STOP,False
2024-09-03 13:30:00,2024-09-03 13:45:00,2024-09-03 14:15:00,23673,SHORT,58628.25,117.90651264535467,109.90651264535467,147.90651264535467,0.0,2,TRAILING_STOP,False
2024-09-03 14:45:00,2024-09-03 15:00:00,2024-09-03 16:00:00,23680,SHORT,57672.84,-22.923878900363206,-30.923878900363206,7.076121099636792,-59.84792841829942,4,TRAILING_STOP,True
2024-09-03 23:45:00,2024-09-04 00:00:00,2024-09-04 01:00:00,23716,SHORT,57487.74,297.3289226537689,289.3289226537689,327.3289226537689,-79.28473097046448,4,TRAILING_STOP,False
2024-09-04 01:30:00,2024-09-04 01:45:00,2024-09-04 02:30:00,23722,SHORT,56805.61,20.21687118578641,12.21687118578641,50.21687118578641,-3.061317359324091,3,TRAILING_STOP,True
2024-09-04 06:15:00,2024-09-04 06:30:00,2024-09-04 06:45:00,23739,LONG,56496.16,-14.364218736282872,-22.364218736282872,5.635781263717128,-44.266725384522374,1,TRAILING_STOP,False
2024-09-04 13:30:00,2024-09-04 13:45:00,2024-09-04 14:00:00,23768,SHORT,56415.0,10.30665603119727,2.306656031197271,40.30665603119727,-57.96330763094921,1,TRAILING_STOP,False
2024-09-04 14:30:00,2024-09-04 14:45:00,2024-09-04 17:15:00,23781,SHORT,57089.88,-152.93778862383363,-160.93778862383363,0.0,-250.32807916219173,10,TIME_EXIT,True
2024-09-05 00:30:00,2024-09-05 00:45:00,2024-09-05 01:30:00,23814,SHORT,58079.99,-8.574376476305343,-16.574376476305343,21.425623523694657,-29.099522916584878,3,TRAILING_STOP,False
2024-09-05 02:00:00,2024-09-05 02:15:00,2024-09-05 03:30:00,23822,SHORT,57783.0,124.35854836197501,116.35854836197501,154.358548361975,-12.633473512970943,5,TRAILING_STOP,True
2024-09-05 06:15:00,2024-09-05 06:30:00,2024-09-05 07:00:00,23836,SHORT,56852.0,-26.323788081333735,-34.32378808133373,3.676211918666266,-62.266938718075004,2,TRAILING_STOP,False
2024-09-05 07:30:00,2024-09-05 07:45:00,2024-09-05 09:30:00,23846,SHORT,57193.93,69.82353022427385,61.82353022427385,99.82353022427385,-6.6563007647839045,7,TRAILING_STOP,True
2024-09-05 12:00:00,2024-09-05 12:15:00,2024-09-05 13:30:00,23862,LONG,56843.0,35.55829213799372,27.558292137993718,55.55829213799372,-69.66381084742149,5,TRAILING_STOP,False
2024-09-05 14:00:00,2024-09-05 14:15:00,2024-09-05 15:00:00,23868,SHORT,56766.01,60.90122768889377,52.90122768889377,90.90122768889377,-74.16233763831525,3,TRAILING_STOP,False
2024-09-05 15:30:00,2024-09-05 15:45:00,2024-09-05 16:15:00,23873,SHORT,55967.0,-28.749262958529133,-36.74926295852913,1.2507370414708667,-59.79237765111573,2,TRAILING_STOP,True
2024-09-05 21:30:00,2024-09-05 21:45:00,2024-09-05 22:15:00,23897,SHORT,56127.0,31.289575427156265,23.289575427156265,61.289575427156265,-17.905820727991873,2,TRAILING_STOP,False
2024-09-05 22:45:00,2024-09-05 23:00:00,2024-09-05 23:30:00,23902,SHORT,56104.99,-10.11941540315739,-18.11941540315739,19.88058459684261,-10.517781038727936,2,TRAILING_STOP,True
2024-09-06 01:30:00,2024-09-06 01:45:00,2024-09-06 02:45:00,23915,LONG,56501.01,43.33869075968648,35.33869075968648,63.33869075968648,-0.2017663047084323,4,TRAILING_STOP,False
2024-09-06 07:15:00,2024-09-06 07:30:00,2024-09-06 10:00:00,23944,SHORT,55567.99,-70.12670424105683,-78.12670424105683,0.0,-76.84280104427027,10,TIME_EXIT,False
2024-09-06 10:45:00,2024-09-06 11:00:00,2024-09-06 11:45:00,23951,SHORT,56178.01,32.61346744037391,24.61346744037391,62.61346744037391,0.0,3,TRAILING_STOP,False
2024-09-06 12:15:00,2024-09-06 12:30:00,2024-09-06 13:30:00,23958,SHORT,55896.4,-21.66314825283944,-29.66314825283944,8.336851747160559,-198.86790562540676,4,TRAILING_STOP,True
2024-09-06 14:00:00,2024-09-06 14:15:00,2024-09-06 14:45:00,23963,SHORT,55104.02,93.3630504634687,85.3630504634687,123.3630504634687,-15.802839792813982,2,TRAILING_STOP,False
2024-09-06 15:15:00,2024-09-06 15:30:00,2024-09-06 16:15:00,23969,SHORT,54205.59,35.39731418844403,27.397314188444028,65.39731418844403,-40.66185793753071,3,TRAILING_STOP,True
2024-09-06 20:30:00,2024-09-06 20:45:00,2024-09-06 21:00:00,23988,SHORT,53404.42,129.99050265876838,121.99050265876838,159.99050265876838,0.0,1,TRAILING_STOP,False
2024-09-06 21:30:00,2024-09-06 21:45:00,2024-09-07 00:15:00,24001,SHORT,53473.01,-87.33377829301173,-95.33377829301173,0.0,-116.44005078449847,10,TIME_EXIT,True
2024-09-07 05:00:00,2024-09-07 05:15:00,2024-09-07 07:15:00,24029,LONG,54290.0,1.2506907349424594,-6.749309265057541,21.25069073494246,-48.2188248296185,8,TRAILING_STOP,False
2024-09-07 16:30:00,2024-09-07 16:45:00,2024-09-07 18:15:00,24073,SHORT,54505.0,62.652050270617366,54.652050270617366,92.65205027061737,-5.636180166957374,6,TRAILING_STOP,False
2024-09-07 18:45:00,2024-09-07 19:00:00,2024-09-07 21:15:00,24085,SHORT,54291.1,38.35374490478155,30.35374490478155,68.35374490478155,-30.708532337713027,9,TRAILING_STOP,True
2024-09-08 02:15:00,2024-09-08 02:30:00,2024-09-08 05:00:00,24116,LONG,54477.0,3.4877104098977547,-4.512289590102245,17.989243166841053,-38.57040585935397,10,TIME_EXIT,False
2024-09-08 06:30:00,2024-09-08 06:45:00,2024-09-08 07:00:00,24124,SHORT,54321.31,-24.604327472957173,-32.60432747295717,5.395672527042826,-37.311324045756685,1,TRAILING_STOP,False
2024-09-08 07:30:00,2024-09-08 07:45:00,2024-09-08 09:00:00,24132,SHORT,54469.99,-9.072880314463436,-17.072880314463436,20.927119685536564,-46.421892128124234,5,TRAILING_STOP,True
2024-09-08 12:45:00,2024-09-08 13:00:00,2024-09-08 13:45:00,24151,SHORT,54194.71,-22.325819254315316,-30.325819254315316,7.674180745684683,-37.69556106121813,3,TRAILING_STOP,False
2024-09-08 14:15:00,2024-09-08 14:30:00,2024-09-08 16:15:00,24161,SHORT,54192.0,73.88802775317353,65.88802775317353,103.88802775317353,-13.262105107765468,7,TRAILING_STOP,True
2024-09-08 21:15:00,2024-09-08 21:30:00,2024-09-09 00:00:00,24192,SHORT,54360.92,-107.25719873762345,-115.25719873762345,0.0,-176.0603021435255,10,TIME_EXIT,False
2024-09-09 01:00:00,2024-09-09 01:15:00,2024-09-09 01:45:00,24199,LONG,55166.0,4.288511039407961,-3.711488960592039,24.28851103940796,-48.01870717470932,2,TRAILING_STOP,False
2024-09-09 02:15:00,2024-09-09 02:30:00,2024-09-09 03:15:00,24205,LONG,54888.07,26.08105185698828,18.08105185698828,46.08105185698828,-22.48029489832662,3,TRAILING_STOP,True
2024-09-09 09:00:00,2024-09-09 09:15:00,2024-09-09 09:30:00,24230,LONG,55342.5,-15.979581695803407,-23.979581695803407,4.0204183041965935,-20.960383069069884,1,TRAILING_STOP,False
2024-09-09 10:00:00,2024-09-09 10:15:00,2024-09-09 11:00:00,24236,LONG,55272.01,13.561290787145246,5.561290787145246,33.561290787145246,-10.495366461252637,3,TRAILING_STOP,True
2024-09-09 13:15:00,2024-09-09 13:30:00,2024-09-09 13:45:00,24247,LONG,55408.0,50.567427086341326,42.567427086341326,70.56742708634133,-1.4438348252959863,1,TRAILING_STOP,False
2024-09-09 14:15:00,2024-09-09 14:30:00,2024-09-09 15:00:00,24252,LONG,55137.05,13.944507368456634,5.944507368456634,33.944507368456634,-56.05123959297838,2,TRAILING_STOP,True
2024-09-09 16:00:00,2024-09-09 16:15:00,2024-09-09 17:00:00,24260,LONG,55921.09,122.8638104157132,114.8638104157132,142.8638104157132,0.0,3,TRAILING_STOP,False
2024-09-09 17:30:00,2024-09-09 17:45:00,2024-09-09 18:00:00,24264,LONG,56410.83,16.370675630902483,8.370675630902483,36.37067563090248,-26.028689881003654,1,TRAILING_STOP,True
2024-09-09 21:15:00,2024-09-09 21:30:00,2024-09-10 00:00:00,24288,LONG,57671.99,-161.9486339902608,-169.9486339902608,0.0,-161.9486339902608,10,TIME_EXIT,False
2024-09-10 07:15:00,2024-09-10 07:30:00,2024-09-10 08:30:00,24322,LONG,57100.0,28.686514886164623,20.686514886164623,48.68651488616462,0.0,4,TRAILING_STOP,False
2024-09-10 09:00:00,2024-09-10 09:15:00,2024-09-10 09:45:00,24327,LONG,57002.01,27.631653690807525,19.631653690807525,47.631653690807525,-3.86126734829211,2,TRAILING_STOP,True
2024-09-10 13:00:00,2024-09-10 13:15:00,2024-09-10 13:30:00,24342,SHORT,56928.0,22.248454187746333,14.248454187746333,52.24845418774633,-12.515809443507589,1,TRAILING_STOP,False
2024-09-10 14:00:00,2024-09-10 14:15:00,2024-09-10 16:15:00,24353,SHORT,56608.0,-22.58055398530243,-30.58055398530243,7.419446014697569,-106.34539287733183,8,TRAILING_STOP,False
2024-09-11 01:30:00,2024-09-11 01:45:00,2024-09-11 02:00:00,24392,SHORT,57108.01,41.98289697014512,33.98289697014512,71.98289697014512,0.0,1,TRAILING_STOP,False
2024-09-11 04:15:00,2024-09-11 04:30:00,2024-09-11 04:45:00,24403,SHORT,56500.0,13.89380530973451,5.8938053097345104,43.89380530973451,-12.576991150442066,1,TRAILING_STOP,False
2024-09-11 05:15:00,2024-09-11 05:30:00,2024-09-11 08:00:00,24416,SHORT,56156.0,-72.3359925920648,-80.3359925920648,0.0,-111.6710591922499,10,TIME_EXIT,True
2024-09-11 10:15:00,2024-09-11 10:30:00,2024-09-11 11:00:00,24428,SHORT,56523.99,-9.64581056645229,-17.64581056645229,20.35418943354771,-37.154135792608066,2,TRAILING_STOP,False
2024-09-11 12:30:00,2024-09-11 12:45:00,2024-09-11 14:15:00,24441,SHORT,56498.0,123.08683493221062,115.08683493221062,153.08683493221062,-118.35109207405634,6,TRAILING_STOP,False
2024-09-11 14:45:00,2024-09-11 15:00:00,2024-09-11 17:30:00,24454,SHORT,55974.0,-311.9323257226573,-319.9323257226573,0.0,-329.4994104405611,10,TIME_EXIT,True
2024-09-12 00:15:00,2024-09-12 00:30:00,2024-09-12 00:45:00,24483,LONG,57621.1,27.706482521159685,19.706482521159685,47.706482521159685,-3.9655612267031604,1,TRAILING_STOP,False
2024-09-12 01:15:00,2024-09-12 01:30:00,2024-09-12 01:45:00,24487,LONG,57774.0,66.71720843285907,58.71720843285907,86.71720843285907,-11.73192093329159,1,TRAILING_STOP,True
2024-09-12 02:00:00,2024-09-12 02:15:00,2024-09-12 03:00:00,24492,SHORT,57955.99,-10.033125135123882,-18.033125135123882,19.966874864876118,-55.90621435333985,3,TRAILING_STOP,False
2024-09-12 05:45:00,2024-09-12 06:00:00,2024-09-12 07:15:00,24509,SHORT,57968.01,-7.275397240649937,-15.275397240649937,22.724602759350063,-21.044365676861766,5,TRAILING_STOP,False
2024-09-12 12:30:00,2024-09-12 12:45:00,2024-09-12 13:45:00,24535,SHORT,57799.97,48.6747813190903,40.6747813190903,78.6747813190903,-13.152255961377973,4,TRAILING_STOP,False
2024-09-12 14:15:00,2024-09-12 14:30:00,2024-09-12 17:00:00,24548,LONG,58252.0,-19.544393325550804,-27.544393325550804,0.0,-144.81734532719847,10,TIME_EXIT,False
2024-09-12 19:15:00,2024-09-12 19:30:00,2024-09-12 22:00:00,24568,SHORT,58258.49,51.94342146526617,43.94342146526617,81.94342146526617,-24.290021935000727,10,TRAILING_STOP,False
2024-09-13 03:30:00,2024-09-13 03:45:00,2024-09-13 05:30:00,24598,SHORT,57903.36,-12.842101045604515,-20.842101045604515,17.157898954395485,-20.988419324888717,7,TRAILING_STOP,False
2024-09-13 09:15:00,2024-09-13 09:30:00,2024-09-13 11:15:00,24621,LONG,58112.01,20.953668613423964,12.953668613423964,40.953668613423964,-13.92139077619264,7,TRAILING_STOP,False
2024-09-13 11:45:00,2024-09-13 12:00:00,2024-09-13 12:15:00,24625,LONG,57871.1,-13.056983537551508,-21.05698353755151,6.943016462448492,-41.20882443914077,1,TRAILING_STOP,True
2024-09-13 13:30:00,2024-09-13 13:45:00,2024-09-13 14:00:00,24632,LONG,58100.0,21.652323580034427,13.652323580034427,41.65232358003443,-40.40619621342548,1,TRAILING_STOP,False
2024-09-13 14:30:00,2024-09-13 14:45:00,2024-09-13 15:30:00,24638,LONG,58306.0,184.7816691249614,176.7816691249614,204.7816691249614,0.0,3,TRAILING_STOP,True
2024-09-13 15:45:00,2024-09-13 16:00:00,2024-09-13 16:30:00,24642,LONG,59666.01,-8.609930511525889,-16.60993051152589,11.390069488474111,-49.44356091516796,2,TRAILING_STOP,False
2024-09-13 17:00:00,2024-09-13 17:15:00,2024-09-13 17:45:00,24647,LONG,59577.99,45.99416999465747,37.99416999465747,65.99416999465747,-11.529425547923832,2,TRAILING_STOP,True
2024-09-13 21:00:00,2024-09-13 21:15:00,2024-09-13 22:15:00,24665,LONG,60084.01,65.8780896947454,57.8780896947454,85.8780896947454,0.0,4,TRAILING_STOP,False
2024-09-13 22:45:00,2024-09-13 23:00:00,2024-09-14 00:15:00,24673,LONG,60608.0,-19.384569693769272,-27.384569693769272,0.6154303062307289,-44.2169350580778,5,TRAILING_STOP,True
2024-09-14 05:15:00,2024-09-14 05:30:00,2024-09-14 07:15:00,24701,SHORT,60102.0,3.6095304648763786,-4.390469535123621,33.60953046487638,-6.9182389937109825,7,TRAILING_STOP,False
2024-09-14 18:00:00,2024-09-14 18:15:00,2024-09-14 20:45:00,24755,SHORT,59629.99,-66.077488860891,-74.077488860891,0.0,-84.54470644720875,10,TIME_EXIT,False
2024-09-15 01:15:00,2024-09-15 01:30:00,2024-09-15 04:00:00,24784,LONG,60189.0,0.8323780092711355,-7.167621990728865,13.102061838542022,-12.128462011330974,10,TIME_EXIT,False
2024-09-15 04:15:00,2024-09-15 04:30:00,2024-09-15 07:00:00,24796,SHORT,60135.78,-0.7034081872727354,-8.703408187272736,7.612772296293294,-13.155229715154702,10,TIME_EXIT,False
2024-09-15 10:30:00,2024-09-15 10:45:00,2024-09-15 13:15:00,24821,LONG,60002.09,38.14630790360914,30.14630790360914,58.14630790360914,-18.014372499357357,10,TRAILING_STOP,False
2024-09-15 13:45:00,2024-09-15 14:00:00,2024-09-15 15:00:00,24828,LONG,60189.99,14.193393286824765,6.193393286824765,34.193393286824765,-52.997184415547835,4,TRAILING_STOP,True
2024-09-15 16:00:00,2024-09-15 16:15:00,2024-09-15 17:15:00,24837,SHORT,60171.54,47.18931574628124,39.18931574628124,77.18931574628124,0.0,4,TRAILING_STOP,False
2024-09-15 17:45:00,2024-09-15 18:00:00,2024-09-15 18:45:00,24843,SHORT,59814.07,-18.619734453783245,-26.619734453783245,11.380265546216753,-61.478846030708695,3,TRAILING_STOP,True
2024-09-15 22:00:00,2024-09-15 22:15:00,2024-09-15 23:15:00,24861,SHORT,59427.99,94.00554015035594,86.00554015035594,124.00554015035594,-9.424851824872764,4,TRAILING_STOP,False
2024-09-15 23:45:00,2024-09-16 00:00:00,2024-09-16 01:15:00,24869,SHORT,59132.0,90.40857742000946,82.40857742000946,120.40857742000946,0.0,5,TRAILING_STOP,True
2024-09-16 08:15:00,2024-09-16 08:30:00,2024-09-16 10:45:00,24907,SHORT,59080.0,67.1563981042654,59.156398104265406,97.1563981042654,0.0,9,TRAILING_STOP,False
2024-09-16 11:15:00,2024-09-16 11:30:00,2024-09-16 12:30:00,24914,SHORT,58729.35,22.68915797637724,14.689157976377238,52.68915797637724,-10.315115014894895,4,TRAILING_STOP,True
2024-09-16 13:30:00,2024-09-16 13:45:00,2024-09-16 14:30:00,24922,SHORT,58094.0,57.5012910111202,49.5012910111202,87.5012910111202,-80.29056356938794,3,TRAILING_STOP,False
2024-09-16 15:00:00,2024-09-16 15:15:00,2024-09-16 16:15:00,24929,SHORT,57840.01,-7.840598575275916,-15.840598575275916,22.159401424724084,-27.660783599449232,4,TRAILING_STOP,True
2024-09-17 00:45:00,2024-09-17 01:00:00,2024-09-17 03:30:00,24974,SHORT,57630.01,-86.94949037836302,-94.94949037836302,0.0,-100.83114682784134,10,TIME_EXIT,False
2024-09-17 05:30:00,2024-09-17 05:45:00,2024-09-17 08:15:00,24993,SHORT,58420.0,-42.73022937350178,-50.73022937350178,0.0,-73.26258130777131,10,TIME_EXIT,False
2024-09-17 09:45:00,2024-09-17 10:00:00,2024-09-17 11:00:00,25004,LONG,58966.47,36.56265331806344,28.56265331806344,56.56265331806344,0.0,4,TRAILING_STOP,False
2024-09-17 11:30:00,2024-09-17 11:45:00,2024-09-17 12:00:00,25008,LONG,59088.0,4.708908746276741,-3.291091253723259,24.70890874627674,-3.063227728134062,1,TRAILING_STOP,True
2024-09-17 13:00:00,2024-09-17 13:15:00,2024-09-17 14:00:00,25016,SHORT,59205.99,26.40814383814901,18.40814383814901,56.40814383814901,-96.9513388763539,3,TRAILING_STOP,False
2024-09-17 14:15:00,2024-09-17 14:30:00,2024-09-17 15:15:00,25021,LONG,60195.01,166.8909067379502,158.8909067379502,186.8909067379502,-16.778799438691014,3,TRAILING_STOP,False
2024-09-17 15:45:00,2024-09-17 16:00:00,2024-09-17 18:30:00,25034,LONG,61135.49,-45.49403300766828,-53.49403300766828,0.0,-73.4646929304071,10,TIME_EXIT,True
2024-09-18 03:00:00,2024-09-18 03:15:00,2024-09-18 03:45:00,25071,LONG,60586.0,10.204997854289768,2.2049978542897684,30.20499785428977,-13.308355065526257,2,TRAILING_STOP,False
2024-09-18 04:15:00,2024-09-18 04:30:00,2024-09-18 07:00:00,25084,LONG,60634.2,-26.8775707439026,-34.877570743902595,0.0,-71.6625270886722,10,TIME_EXIT,True
2024-09-18 09:00:00,2024-09-18 09:15:00,2024-09-18 10:15:00,25097,SHORT,60007.2,79.70683517977838,71.70683517977838,109.70683517977838,0.0,4,TRAILING_STOP,False
2024-09-18 13:30:00,2024-09-18 13:45:00,2024-09-18 14:15:00,25113,SHORT,59640.0,20.301810865191143,12.301810865191143,50.30181086519114,-9.89268947015426,2,TRAILING_STOP,False
2024-09-18 18:00:00,2024-09-18 18:15:00,2024-09-18 18:30:00,25130,LONG,60182.01,168.85876360726343,160.85876360726343,188.85876360726343,0.0,1,TRAILING_STOP,False
2024-09-18 19:00:00,2024-09-18 19:15:00,2024-09-18 21:45:00,25143,LONG,60692.54,-81.24227458597082,-89.24227458597082,0.0,-200.82534031365313,10,TIME_EXIT,True
2024-09-19 00:00:00,2024-09-19 00:15:00,2024-09-19 00:45:00,25155,LONG,62043.99,67.9263245319972,59.926324531997196,87.9263245319972,0.0,2,TRAILING_STOP,False
2024-09-19 01:15:00,2024-09-19 01:30:00,2024-09-19 02:45:00,25163,LONG,61747.81,74.12317619037863,66.12317619037863,94.12317619037863,0.0,5,TRAILING_STOP,True
2024-09-19 07:00:00,2024-09-19 07:15:00,2024-09-19 09:00:00,25188,SHORT,61966.0,-17.44150017751675,-25.44150017751675,12.55849982248325,-37.34144530871759,7,TRAILING_STOP,False
2024-09-19 12:00:00,2024-09-19 12:15:00,2024-09-19 12:30:00,25202,LONG,62970.0,-7.295537557567096,-15.295537557567096,12.704462442432904,-21.696045736065205,1,TRAILING_STOP,False
2024-09-19 13:00:00,2024-09-19 13:15:00,2024-09-19 13:30:00,25206,LONG,63220.0,-10.512496045554698,-18.5124960455547,9.487503954445302,-49.03353369186934,1,TRAILING_STOP,True
2024-09-19 22:00:00,2024-09-19 22:15:00,2024-09-19 22:30:00,25242,LONG,62819.99,22.346393242024412,14.346393242024412,42.34639324202441,-23.876157891779027,1,TRAILING_STOP,False
2024-09-19 23:00:00,2024-09-19 23:15:00,2024-09-20 00:00:00,25248,LONG,63011.05,-14.532704977936872,-22.532704977936874,5.467295022063128,-28.542612763952643,3,TRAILING_STOP,True
2024-09-20 03:45:00,2024-09-20 04:00:00,2024-09-20 04:15:00,25265,LONG,63742.15,33.6301332791565,25.630133279156503,53.6301332791565,-2.1979177043764664,1,TRAILING_STOP,False
2024-09-20 04:45:00,2024-09-20 05:00:00,2024-09-20 05:15:00,25269,LONG,63843.81,9.788322470103257,1.7883224701032567,29.788322470103257,-8.068127513065834,1,TRAILING_STOP,True
2024-09-20 13:00:00,2024-09-20 13:15:00,2024-09-20 14:15:00,25305,SHORT,62901.99,25.33847180351472,17.33847180351472,55.33847180351472,-59.754866260988344,4,TRAILING_STOP,False
2024-09-21 00:30:00,2024-09-21 00:45:00,2024-09-21 03:15:00,25357,LONG,63252.9,-55.79348931037209,-63.79348931037209,0.0,-68.9976269862726,10,TIME_EXIT,False
2024-09-21 13:00:00,2024-09-21 13:15:00,2024-09-21 15:45:00,25407,SHORT,63053.91,-18.0908685916543,-26.0908685916543,0.0,-39.98007419365373,10,TIME_EXIT,False
2024-09-21 16:15:00,2024-09-21 16:30:00,2024-09-21 19:00:00,25420,SHORT,63114.0,-31.1388915296129,-39.1388915296129,0.0,-45.314827138194374,10,TIME_EXIT,False
2024-09-21 23:30:00,2024-09-21 23:45:00,2024-09-22 00:00:00,25440,LONG,63358.0,-5.479339625619495,-13.479339625619495,14.520660374380505,-18.625903595442097,1,TRAILING_STOP,False
2024-09-22 00:15:00,2024-09-22 00:30:00,2024-09-22 03:00:00,25452,SHORT,63154.68,21.408700036164895,13.408700036164895,51.408700036164895,-22.060122860253543,10,TRAILING_STOP,False
2024-09-22 03:30:00,2024-09-22 03:45:00,2024-09-22 06:15:00,25465,SHORT,63086.0,11.730019338680531,3.730019338680531,29.45344450432706,-18.0705703325619,10,TIME_EXIT,True
2024-09-22 09:00:00,2024-09-22 09:15:00,2024-09-22 11:30:00,25486,SHORT,62870.01,21.70509754969018,13.70509754969018,51.70509754969018,0.0,9,TRAILING_STOP,False
2024-09-22 12:00:00,2024-09-22 12:15:00,2024-09-22 14:00:00,25496,SHORT,62891.14,43.457087914131606,35.457087914131606,73.4570879141316,0.0,7,TRAILING_STOP,True
2024-09-22 22:00:00,2024-09-22 22:15:00,2024-09-23 00:15:00,25537,SHORT,62646.12,-12.860869915007886,-20.860869915007886,17.139130084992114,-216.1155391586897,8,TRAILING_STOP,False
2024-09-23 03:00:00,2024-09-23 03:15:00,2024-09-23 03:30:00,25550,LONG,64312.46,45.31238270157927,37.31238270157927,65.31238270157927,0.0,1,TRAILING_STOP,False
2024-09-23 04:00:00,2024-09-23 04:15:00,2024-09-23 06:45:00,25563,LONG,64329.0,-102.22139315083426,-110.22139315083426,0.0,-125.08200034199186,10,TIME_EXIT,True
2024-09-23 13:45:00,2024-09-23 14:00:00,2024-09-23 14:45:00,25595,SHORT,63185.21,-10.172575195999375,-18.172575195999375,19.827424804000625,-98.24925801465263,3,TRAILING_STOP,False
2024-09-24 00:30:00,2024-09-24 00:45:00,2024-09-24 01:30:00,25638,SHORT,63249.99,41.144675279790235,33.144675279790235,71.14467527979023,-3.179447142995688,3,TRAILING_STOP,False
2024-09-24 02:00:00,2024-09-24 02:15:00,2024-09-24 04:45:00,25651,SHORT,62779.88,-49.07941843788211,-57.07941843788211,0.0,-65.38559806103568,10,TIME_EXIT,True
2024-09-24 13:45:00,2024-09-24 14:00:00,2024-09-24 14:30:00,25690,SHORT,63519.86,94.17533665848792,86.17533665848792,124.17533665848792,0.0,2,TRAILING_STOP,False
2024-09-24 15:00:00,2024-09-24 15:15:00,2024-09-24 16:00:00,25696,SHORT,63249.99,9.539927199987943,1.5399271999879431,39.53992719998794,-4.773123284288634,3,TRAILING_STOP,True
2024-09-24 19:45:00,2024-09-24 20:00:00,2024-09-24 20:30:00,25714,LONG,64292.35,-12.338124209178535,-20.338124209178535,7.6618757908214645,-30.98346848419712,2,TRAILING_STOP,False
2024-09-24 21:00:00,2024-09-24 21:15:00,2024-09-24 22:30:00,25722,LONG,64274.39,15.101072137751999,7.1010721377519985,35.101072137752,-47.877545006649754,5,TRAILING_STOP,True
2024-09-25 01:30:00,2024-09-25 01:45:00,2024-09-25 04:15:00,25745,LONG,64613.99,-36.21661500860646,-44.21661500860646,0.0,-60.29963480045039,10,TIME_EXIT,False
2024-09-25 06:15:00,2024-09-25 06:30:00,2024-09-25 07:45:00,25759,SHORT,63943.14,16.549168526913355,8.549168526913355,46.549168526913355,-3.733004040777888,5,TRAILING_STOP,False
2024-09-25 10:00:00,2024-09-25 10:15:00,2024-09-25 11:00:00,25772,LONG,63650.86,-5.995475944865564,-13.995475944865564,14.004524055134436,-14.27317714167547,3,TRAILING_STOP,False
2024-09-25 11:30:00,2024-09-25 11:45:00,2024-09-25 12:45:00,25779,LONG,63780.0,-10.432737535278019,-18.43273753527802,9.567262464721981,-28.222013170272813,4,TRAILING_STOP,True
2024-09-25 13:30:00,2024-09-25 13:45:00,2024-09-25 16:15:00,25793,SHORT,63435.01,-29.467954683068587,-37.467954683068584,0.0,-88.90831734715546,10,TIME_EXIT,False
2024-09-26 00:45:00,2024-09-26 01:00:00,2024-09-26 01:30:00,25830,SHORT,62946.01,13.848688741351836,5.848688741351836,43.848688741351836,-8.574014460964431,2,TRAILING_STOP,False
2024-09-26 02:00:00,2024-09-26 02:15:00,2024-09-26 04:45:00,25843,SHORT,63140.01,-45.53372734657469,-53.53372734657469,0.0,-63.98320177649607,10,TIME_EXIT,True
2024-09-26 10:15:00,2024-09-26 10:30:00,2024-09-26 11:15:00,25869,LONG,64207.37,25.57576490050868,17.57576490050868,45.57576490050868,0.0,3,TRAILING_STOP,False
2024-09-26 11:45:00,2024-09-26 12:00:00,2024-09-26 12:45:00,25875,LONG,64393.98,30.628956309269405,22.628956309269405,50.628956309269405,-2.753362969644554,3,TRAILING_STOP,True
2024-09-26 14:00:00,2024-09-26 14:15:00,2024-09-26 14:30:00,25882,LONG,64797.96,11.179993938080901,3.1799939380809015,31.1799939380809,-38.751219945812885,1,TRAILING_STOP,False
2024-09-26 15:00:00,2024-09-26 15:15:00,2024-09-26 15:30:00,25886,LONG,64709.99,102.08470438644822,94.08470438644822,122.08470438644822,0.0,1,TRAILING_STOP,True
2024-09-27 07:30:00,2024-09-27 07:45:00,2024-09-27 10:15:00,25961,SHORT,65400.01,-24.957182728258587,-32.95718272825859,0.0,-89.60090373074836,10,TIME_EXIT,False
2024-09-27 14:00:00,2024-09-27 14:15:00,2024-09-27 14:30:00,25978,LONG,66072.0,44.47511805303306,36.47511805303306,64.47511805303306,0.0,1,TRAILING_STOP,False
2024-09-27 15:00:00,2024-09-27 15:15:00,2024-09-27 15:30:00,25982,LONG,66304.01,-11.857204413427597,-19.857204413427596,8.142795586572403,-13.789512881648186,1,TRAILING_STOP,True
2024-09-28 01:30:00,2024-09-28 01:45:00,2024-09-28 03:15:00,26029,LONG,65877.6,38.04704482251845,30.04704482251845,58.04704482251845,0.0,6,TRAILING_STOP,False
2024-09-28 03:45:00,2024-09-28 04:00:00,2024-09-28 05:15:00,26037,LONG,66063.76,-16.482186300022093,-24.482186300022093,3.517813699977906,-21.075094726669498,5,TRAILING_STOP,True
2024-09-28 09:00:00,2024-09-28 09:15:00,2024-09-28 11:45:00,26063,SHORT,65515.71,-43.08890188322704,-51.08890188322704,0.0,-43.392645824948076,10,TIME_EXIT,False
2024-09-28 18:00:00,2024-09-28 18:15:00,2024-09-28 20:45:00,26099,LONG,65793.86,-22.474741564029735,-30.474741564029735,0.0,-23.275728160651983,10,TIME_EXIT,False
2024-09-28 23:45:00,2024-09-29 00:00:00,2024-09-29 00:30:00,26114,LONG,65858.0,-0.8679279662303756,-8.867927966230376,19.132072033769624,-15.791551519936833,2,TRAILING_STOP,False
2024-09-29 01:00:00,2024-09-29 01:15:00,2024-09-29 03:00:00,26124,LONG,65690.01,17.447094314646208,9.447094314646208,37.44709431464621,0.0,7,TRAILING_STOP,True
2024-09-29 05:30:00,2024-09-29 05:45:00,2024-09-29 08:15:00,26145,SHORT,65570.01,19.826136979389318,11.826136979389318,21.04773203481207,-7.6239122123063945,10,TIME_EXIT,False
2024-09-29 13:00:00,2024-09-29 13:15:00,2024-09-29 14:30:00,26170,LONG,65759.68,-6.265139976349186,-14.265139976349186,13.734860023650814,-12.116847283927328,5,TRAILING_STOP,False
2024-09-29 15:15:00,2024-09-29 15:30:00,2024-09-29 18:00:00,26184,SHORT,65647.81,-23.182799243417616,-31.182799243417616,0.0,-47.55680349428216,10,TIME_EXIT,False
2024-09-29 20:00:00,2024-09-29 20:15:00,2024-09-29 22:45:00,26203,SHORT,65911.99,36.043518030635546,28.043518030635546,50.57198242686979,-9.280557300727567,10,TIME_EXIT,False
2024-09-30 00:00:00,2024-09-30 00:15:00,2024-09-30 00:30:00,26210,SHORT,65500.0,31.984732824427482,23.984732824427482,61.98473282442748,0.0,1,TRAILING_STOP,False
2024-09-30 01:00:00,2024-09-30 01:15:00,2024-09-30 03:00:00,26220,SHORT,65296.0,139.38250428816468,131.38250428816468,169.38250428816468,-4.5316711590291145,7,TRAILING_STOP,True
2024-09-30 08:30:00,2024-09-30 08:45:00,2024-09-30 09:15:00,26245,SHORT,64204.0,45.92361846613905,37.92361846613905,75.92361846613905,-16.757522895769192,2,TRAILING_STOP,False
2024-09-30 09:45:00,2024-09-30 10:00:00,2024-09-30 10:15:00,26249,SHORT,63541.0,15.167687005240708,7.167687005240708,45.16768700524071,-15.401079617884607,1,TRAILING_STOP,True
2024-09-30 17:30:00,2024-09-30 17:45:00,2024-09-30 18:00:00,26280,LONG,63663.01,-8.181520163750038,-16.181520163750037,11.818479836249962,-57.76981012993241,1,TRAILING_STOP,False
2024-09-30 23:30:00,2024-09-30 23:45:00,2024-10-01 02:15:00,26313,SHORT,62978.51,-56.72728681577173,-64.72728681577172,0.0,-105.01201124002434,10,TIME_EXIT,False
2024-10-01 05:00:00,2024-10-01 05:15:00,2024-10-01 06:00:00,26328,SHORT,63756.69,-17.532288768440576,-25.532288768440576,12.467711231559424,-24.84758854325691,3,TRAILING_STOP,False
2024-10-01 06:30:00,2024-10-01 06:45:00,2024-10-01 09:00:00,26340,SHORT,63919.47,-17.41072164709733,-25.41072164709733,12.58927835290267,-33.035317720875376,9,TRAILING_STOP,True
2024-10-01 13:30:00,2024-10-01 13:45:00,2024-10-01 14:15:00,26361,SHORT,62790.02,7.270254094519608,-0.7297459054803923,37.27025409451961,-46.81954234128341,2,TRAILING_STOP,False
2024-10-01 14:45:00,2024-10-01 15:00:00,2024-10-01 15:15:00,26365,SHORT,62598.0,55.94523786702452,47.94523786702452,85.94523786702452,0.0,1,TRAILING_STOP,True
2024-10-01 17:15:00,2024-10-01 17:30:00,2024-10-01 20:00:00,26384,SHORT,61554.0,38.01540111121942,30.01540111121942,61.3315137927668,-143.9386554894889,10,TIME_EXIT,False
2024-10-01 20:30:00,2024-10-01 20:45:00,2024-10-01 23:15:00,26397,SHORT,60612.0,-11.21890054774632,-19.218900547746323,0.0,-99.44070481092906,10,TIME_EXIT,False
2024-10-02 02:45:00,2024-10-02 03:00:00,2024-10-02 03:30:00,26414,SHORT,61782.89,-10.538301138066224,-18.538301138066224,19.461698861933776,-16.203515245078467,2,TRAILING_STOP,False
2024-10-02 04:00:00,2024-10-02 04:15:00,2024-10-02 06:00:00,26424,SHORT,61684.85,24.283993557575087,16.283993557575087,54.28399355757509,0.0,7,TRAILING_STOP,True
2024-10-02 09:45:00,2024-10-02 10:00:00,2024-10-02 10:15:00,26441,SHORT,61271.24,-15.763304284359851,-23.76330428435985,14.236695715640149,-34.0714501616096,1,TRAILING_STOP,False
2024-10-02 10:45:00,2024-10-02 11:00:00,2024-10-02 11:15:00,26445,SHORT,61188.27,-9.036831732618555,-17.036831732618555,20.963168267381445,-23.0060434785955,1,TRAILING_STOP,True
2024-10-02 13:30:00,2024-10-02 13:45:00,2024-10-02 16:15:00,26465,SHORT,60704.0,-220.45499472851873,-228.45499472851873,0.0,-277.79223774380563,10,TIME_EXIT,False
2024-10-02 19:00:00,2024-10-02 19:15:00,2024-10-02 21:00:00,26484,LONG,60849.7,4.57530604095022,-3.4246939590497796,24.57530604095022,-139.63914366052703,7,TRAILING_STOP,False
2024-10-03 00:30:00,2024-10-03 00:45:00,2024-10-03 01:30:00,26502,LONG,60893.21,27.714679518455824,19.714679518455824,47.714679518455824,0.0,3,TRAILING_STOP,False
2024-10-03 07:30:00,2024-10-03 07:45:00,2024-10-03 08:30:00,26530,SHORT,61095.82,118.66156146197923,110.66156146197923,148.66156146197923,0.0,3,TRAILING_STOP,False
2024-10-03 09:00:00,2024-10-03 09:15:00,2024-10-03 11:45:00,26543,SHORT,60418.01,-57.38851709945361,-65.38851709945361,0.0,-107.9909781868021,10,TIME_EXIT,True
2024-10-03 13:15:00,2024-10-03 13:30:00,2024-10-03 14:00:00,26552,LONG,60494.0,47.11409395973155,39.11409395973155,67.11409395973155,-74.3379508711603,2,TRAILING_STOP,False
2024-10-03 14:15:00,2024-10-03 14:30:00,2024-10-03 15:30:00,26558,SHORT,60281.99,9.47945315010304,1.4794531501030406,39.47945315010304,-31.851967727011342,4,TRAILING_STOP,False
2024-10-03 16:00:00,2024-10-03 16:15:00,2024-10-03 17:00:00,26564,SHORT,60590.0,81.0711338504709,73.0711338504709,111.0711338504709,0.0,3,TRAILING_STOP,True
2024-10-03 19:45:00,2024-10-03 20:00:00,2024-10-03 21:00:00,26580,SHORT,61036.0,42.02306835310284,34.02306835310284,72.02306835310284,0.0,4,TRAILING_STOP,False
2024-10-03 21:30:00,2024-10-03 21:45:00,2024-10-04 00:15:00,26593,SHORT,60731.41,4.328896694478338,-3.6711033055216618,29.61400039946476,-41.59132811176235,10,TIME_EXIT,True
2024-10-04 01:15:00,2024-10-04 01:30:00,2024-10-04 02:00:00,26600,LONG,61076.0,12.210688322745959,4.210688322745959,32.21068832274596,-11.461130394917808,2,TRAILING_STOP,False
2024-10-04 02:30:00,2024-10-04 02:45:00,2024-10-04 04:45:00,26611,LONG,61086.0,-1.3377860720950778,-9.337786072095078,18.662213927904922,-32.08591166552074,8,TRAILING_STOP,True
2024-10-04 07:30:00,2024-10-04 07:45:00,2024-10-04 08:45:00,26627,LONG,61409.12,18.618042401518565,10.618042401518565,38.618042401518565,-11.219831842566943,4,TRAILING_STOP,False
2024-10-04 09:15:00,2024-10-04 09:30:00,2024-10-04 10:45:00,26635,LONG,61406.64,-15.765930199079449,-23.76593019907945,4.234069800920552,-22.83466413404172,5,TRAILING_STOP,True
2024-10-04 12:30:00,2024-10-04 12:45:00,2024-10-04 14:30:00,26650,SHORT,61363.63,69.35201030317083,61.35201030317083,99.35201030317083,-104.43482564509398,7,TRAILING_STOP,False
2024-10-05 02:45:00,2024-10-05 03:00:00,2024-10-05 05:30:00,26710,SHORT,61812.01,-44.74696745826523,-52.74696745826523,0.0,-55.83542745171972,10,TIME_EXIT,False
2024-10-05 16:15:00,2024-10-05 16:30:00,2024-10-05 19:00:00,26764,LONG,62157.5,-48.82757511161164,-56.82757511161164,0.0,-52.687125447451706,10,TIME_EXIT,False
2024-10-06 03:45:00,2024-10-06 04:00:00,2024-10-06 06:15:00,26809,SHORT,61878.66,-17.121569859463293,-25.121569859463293,12.87843014053671,-21.22541115143678,9,TRAILING_STOP,False
2024-10-06 06:45:00,2024-10-06 07:00:00,2024-10-06 09:30:00,26822,SHORT,61962.0,-20.885381362771295,-28.885381362771295,6.455569542622897,-20.885381362771295,10,TIME_EXIT,False
2024-10-06 13:00:00,2024-10-06 13:15:00,2024-10-06 15:00:00,26844,LONG,62299.67,56.61838337185442,48.61838337185442,76.61838337185442,-16.64053758230152,7,TRAILING_STOP,False
2024-10-06 15:30:00,2024-10-06 15:45:00,2024-10-06 16:15:00,26849,LONG,62604.0,31.73311609481864,23.73311609481864,51.73311609481864,0.0,2,TRAILING_STOP,True
2024-10-06 23:00:00,2024-10-06 23:15:00,2024-10-07 00:15:00,26881,LONG,62668.0,28.828748324503728,20.828748324503728,48.82874832450373,-1.6850705304138751,4,TRAILING_STOP,False
2024-10-07 00:45:00,2024-10-07 01:00:00,2024-10-07 02:30:00,26890,LONG,63677.98,22.47622176457166,14.476221764571662,42.47622176457166,-12.682563108943159,6,TRAILING_STOP,True
2024-10-07 07:30:00,2024-10-07 07:45:00,2024-10-07 10:15:00,26921,SHORT,63458.22,74.87446070816348,66.87446070816348,77.8811633859256,-39.04616297147932,10,TIME_EXIT,False
2024-10-07 11:45:00,2024-10-07 12:00:00,2024-10-07 14:15:00,26937,LONG,63135.45,192.6760797618462,184.6760797618462,212.6760797618462,-49.11345369360549,9,TRAILING_STOP,False
2024-10-07 14:45:00,2024-10-07 15:00:00,2024-10-07 17:30:00,26950,LONG,63991.89,-39.364363202899845,-47.364363202899845,0.0,-88.12522961894082,10,TIME_EXIT,True
2024-10-07 22:45:00,2024-10-07 23:00:00,2024-10-08 00:00:00,26976,SHORT,62471.08,20.432936328298624,12.432936328298624,50.432936328298624,-31.17442502994986,4,TRAILING_STOP,False
2024-10-08 00:30:00,2024-10-08 00:45:00,2024-10-08 01:30:00,26982,SHORT,62540.01,6.458260879715567,-1.5417391202844328,36.45826087971557,-17.10744849577062,3,TRAILING_STOP,True
2024-10-08 07:15:00,2024-10-08 07:30:00,2024-10-08 10:00:00,27016,SHORT,62182.0,-56.50027339101376,-64.50027339101376,0.0,-65.6138432343765,10,TIME_EXIT,False
2024-10-08 13:15:00,2024-10-08 13:30:00,2024-10-08 14:00:00,27032,LONG,62610.0,74.23414789969654,66.23414789969654,94.23414789969654,0.0,2,TRAILING_STOP,False
2024-10-08 14:15:00,2024-10-08 14:30:00,2024-10-08 15:30:00,27038,SHORT,62368.0,50.66797075423304,42.66797075423304,80.66797075423304,-77.32170343766,4,TRAILING_STOP,False
2024-10-08 16:00:00,2024-10-08 16:15:00,2024-10-08 17:00:00,27044,SHORT,62247.19,-28.485072177555278,-36.48507217755528,1.5149278224447225,-56.35756409245103,3,TRAILING_STOP,True
2024-10-09 01:30:00,2024-10-09 01:45:00,2024-10-09 04:15:00,27089,LONG,62429.11,-7.406801090068073,-15.406801090068072,4.948012233395513,-44.693893601879644,10,TIME_EXIT,False
2024-10-09 12:30:00,2024-10-09 12:45:00,2024-10-09 14:00:00,27128,SHORT,61878.01,0.06075987253016635,-7.939240127469834,30.060759872530166,-35.03021509579813,5,TRAILING_STOP,False
2024-10-09 14:30:00,2024-10-09 14:45:00,2024-10-09 15:00:00,27132,SHORT,61805.98,-25.796523249044316,-33.79652324904431,4.2034767509556845,-57.20482063386062,1,TRAILING_STOP,True
2024-10-09 15:15:00,2024-10-09 15:30:00,2024-10-09 16:00:00,27136,LONG,62311.51,-3.8585198785915367,-11.858519878591537,16.141480121408463,-40.042361355069396,2,TRAILING_STOP,False
2024-10-09 18:00:00,2024-10-09 18:15:00,2024-10-09 19:30:00,27150,SHORT,61456.0,71.04790419161677,63.047904191616766,101.04790419161677,-1.902173913043857,5,TRAILING_STOP,False
2024-10-09 20:00:00,2024-10-09 20:15:00,2024-10-09 21:00:00,27156,SHORT,60998.01,84.26766217455324,76.26766217455324,114.26766217455324,-20.41378071186204,3,TRAILING_STOP,True
2024-10-10 09:30:00,2024-10-10 09:45:00,2024-10-10 10:45:00,27211,LONG,60920.0,27.930072225869658,19.930072225869658,47.93007222586966,0.0,4,TRAILING_STOP,False
2024-10-10 12:30:00,2024-10-10 12:45:00,2024-10-10 13:15:00,27221,SHORT,60959.99,-21.249998564632882,-29.249998564632882,8.750001435367118,-48.22999478838531,2,TRAILING_STOP,False
2024-10-10 13:45:00,2024-10-10 14:00:00,2024-10-10 15:00:00,27228,SHORT,60940.01,51.2307054101245,43.2307054101245,81.2307054101245,-4.264849972948472,4,TRAILING_STOP,True
2024-10-10 17:45:00,2024-10-10 18:00:00,2024-10-10 18:30:00,27242,SHORT,59611.0,80.12229286541026,72.12229286541026,110.12229286541026,0.0,2,TRAILING_STOP,False
2024-10-10 19:00:00,2024-10-10 19:15:00,2024-10-10 21:45:00,27255,SHORT,59420.26,-131.0176024137213,-139.0176024137213,0.0,-131.01928534139648,10,TIME_EXIT,True
2024-10-11 01:45:00,2024-10-11 02:00:00,2024-10-11 04:30:00,27282,LONG,60578.55,6.375193859872073,-1.6248061401279266,23.354801328192227,-30.015574819800364,10,TIME_EXIT,False
2024-10-11 06:30:00,2024-10-11 06:45:00,2024-10-11 07:30:00,27294,LONG,60872.36,-12.201715195533545,-20.201715195533545,7.798284804466454,-22.400971475395494,3,TRAILING_STOP,False
2024-10-11 07:45:00,2024-10-11 08:00:00,2024-10-11 09:00:00,27300,SHORT,60674.68,-26.00492330573512,-34.00492330573512,3.995076694264883,-39.89637852230942,4,TRAILING_STOP,False
2024-10-11 09:30:00,2024-10-11 09:45:00,2024-10-11 12:15:00,27313,SHORT,60860.92,-67.66903950844052,-75.66903950844052,0.0,-72.62131430152604,10,TIME_EXIT,True
2024-10-11 12:30:00,2024-10-11 12:45:00,2024-10-11 15:15:00,27325,SHORT,61200.07,-157.59622497163775,-165.59622497163775,0.0,-180.38051263666858,10,TIME_EXIT,False
2024-10-11 17:30:00,2024-10-11 17:45:00,2024-10-11 18:00:00,27336,LONG,62736.0,17.85226982912541,9.852269829125412,37.85226982912541,0.0,1,TRAILING_STOP,False
2024-10-11 18:30:00,2024-10-11 18:45:00,2024-10-11 19:00:00,27340,LONG,62882.64,65.0664030645021,57.0664030645021,85.0664030645021,-5.971441402587886,1,TRAILING_STOP,True
2024-10-11 22:30:00,2024-10-11 22:45:00,2024-10-11 23:15:00,27357,LONG,62415.01,20.320429332623064,12.320429332623064,40.320429332623064,-4.244171394029295,2,TRAILING_STOP,False
2024-10-11 23:45:00,2024-10-12 00:00:00,2024-10-12 01:00:00,27364,LONG,62539.99,65.35178851163884,57.351788511638844,85.35178851163884,0.0,4,TRAILING_STOP,True
2024-10-12 10:00:00,2024-10-12 10:15:00,2024-10-12 11:30:00,27406,LONG,62957.99,28.054266027235123,20.054266027235123,48.05426602723512,-6.3518546256000175,5,TRAILING_STOP,False
2024-10-12 12:00:00,2024-10-12 12:15:00,2024-10-12 14:45:00,27419,LONG,62954.32,50.79418854814098,42.79418854814098,70.79418854814098,-16.527857023950528,10,TRAILING_STOP,True
2024-10-12 15:00:00,2024-10-12 15:15:00,2024-10-12 17:45:00,27431,LONG,63433.43,-52.01673628558303,-60.01673628558303,0.0,-60.761336727337664,10,TIME_EXIT,False
2024-10-12 23:00:00,2024-10-12 23:15:00,2024-10-13 01:45:00,27463,LONG,63331.69,-71.43816942197505,-79.43816942197505,0.0,-81.11105198677033,10,TIME_EXIT,False
2024-10-13 07:45:00,2024-10-13 08:00:00,2024-10-13 08:45:00,27491,LONG,62843.48,-1.1404460733242665,-9.140446073324267,18.859553926675733,-7.248166396896369,3,TRAILING_STOP,False
2024-10-13 09:15:00,2024-10-13 09:30:00,2024-10-13 10:45:00,27499,LONG,62800.04,-9.246822135782265,-17.246822135782267,10.753177864217735,-17.839160611999425,5,TRAILING_STOP,True
2024-10-13 11:15:00,2024-10-13 11:30:00,2024-10-13 12:15:00,27505,SHORT,62614.98,-14.859853025585426,-22.859853025585426,15.140146974414574,-16.603055690507148,3,TRAILING_STOP,False
2024-10-13 12:45:00,2024-10-13 13:00:00,2024-10-13 15:30:00,27518,SHORT,62664.01,88.09203241222578,80.09203241222578,97.98447306516165,-24.573914117529018,10,TIME_EXIT,True
2024-10-13 22:00:00,2024-10-13 22:15:00,2024-10-14 00:45:00,27555,LONG,63000.0,-76.16190476190472,-84.16190476190472,0.0,-86.06190476190514,10,TIME_EXIT,False
2024-10-14 03:15:00,2024-10-14 03:30:00,2024-10-14 04:00:00,27568,LONG,63330.0,164.74656560871625,156.74656560871625,184.74656560871625,0.0,2,TRAILING_STOP,False
2024-10-14 04:30:00,2024-10-14 04:45:00,2024-10-14 07:15:00,27581,LONG,64289.99,-32.692492252681994,-40.692492252681994,0.0,-79.54115407390721,10,TIME_EXIT,True
2024-10-14 11:30:00,2024-10-14 11:45:00,2024-10-14 13:30:00,27606,SHORT,64919.69,9.915470945718418,1.9154709457184182,39.91547094571842,-12.370669052793946,7,TRAILING_STOP,False
2024-10-14 13:45:00,2024-10-14 14:00:00,2024-10-14 14:45:00,27611,LONG,65150.01,156.5034264768326,148.5034264768326,176.5034264768326,0.0,3,TRAILING_STOP,False
2024-10-14 15:15:00,2024-10-14 15:30:00,2024-10-14 15:45:00,27615,LONG,66012.0,-15.455371750590801,-23.4553717505908,4.5446282494091985,-32.11537296249167,1,TRAILING_STOP,True
2024-10-14 22:15:00,2024-10-14 22:30:00,2024-10-14 23:00:00,27644,LONG,66104.81,39.782336565221556,31.782336565221556,59.782336565221556,-0.11799443943622799,2,TRAILING_STOP,False
2024-10-14 23:30:00,2024-10-14 23:45:00,2024-10-15 00:00:00,27648,LONG,66056.94,-5.916695505423226,-13.916695505423226,14.083304494576774,-20.659449256959398,1,TRAILING_STOP,True
2024-10-15 03:45:00,2024-10-15 04:00:00,2024-10-15 05:00:00,27668,LONG,65399.99,24.529058796493466,16.529058796493466,44.529058796493466,-3.8211015016971657,4,TRAILING_STOP,False
2024-10-15 05:30:00,2024-10-15 05:45:00,2024-10-15 07:45:00,27679,LONG,65297.57,63.98934294185837,55.98934294185837,83.98934294185837,-1.8882785377774007,8,TRAILING_STOP,True
2024-10-15 13:30:00,2024-10-15 13:45:00,2024-10-15 14:00:00,27704,LONG,66440.0,207.27272727272728,199.27272727272728,227.27272727272728,0.0,1,TRAILING_STOP,False
2024-10-15 14:30:00,2024-10-15 14:45:00,2024-10-15 15:30:00,27710,LONG,65590.63,88.15111853629023,80.15111853629023,108.15111853629023,-120.53855863253678,3,TRAILING_STOP,True
2024-10-15 21:30:00,2024-10-15 21:45:00,2024-10-15 22:30:00,27738,LONG,66239.47,93.60749112273979,85.60749112273979,113.60749112273979,0.0,3,TRAILING_STOP,False
2024-10-15 23:00:00,2024-10-15 23:15:00,2024-10-16 00:00:00,27744,LONG,66691.71,49.687821769751395,41.687821769751395,69.6878217697514,0.0,3,TRAILING_STOP,True
2024-10-16 01:15:00,2024-10-16 01:30:00,2024-10-16 02:15:00,27753,LONG,67482.63,-8.380713674024125,-16.380713674024125,11.619286325975875,-51.880017124407544,3,TRAILING_STOP,False
2024-10-16 02:45:00,2024-10-16 03:00:00,2024-10-16 05:30:00,27766,LONG,67280.01,2.771997209870916,-5.228002790129084,2.971164837818134,-58.70391517480331,10,TIME_EXIT,True
2024-10-16 08:30:00,2024-10-16 08:45:00,2024-10-16 10:15:00,27785,LONG,67214.4,66.62727034683184,58.627270346831835,86.62727034683184,-18.915589516532087,6,TRAILING_STOP,False
2024-10-16 10:45:00,2024-10-16 11:00:00,2024-10-16 11:45:00,27791,LONG,67733.55,81.9361896726212,73.9361896726212,101.9361896726212,-2.0152494590950467,3,TRAILING_STOP,True
2024-10-17 01:30:00,2024-10-17 01:45:00,2024-10-17 03:30:00,27854,SHORT,67594.63,-2.38981854031827,-10.38981854031827,27.61018145968173,-46.43120318877273,7,TRAILING_STOP,False
2024-10-17 06:00:00,2024-10-17 06:15:00,2024-10-17 07:45:00,27871,SHORT,67299.99,1.5958442192932552,-6.404155780706745,31.595844219293255,-30.386334381327543,6,TRAILING_STOP,False
2024-10-17 10:30:00,2024-10-17 10:45:00,2024-10-17 12:15:00,27889,SHORT,67000.0,8.64328358209007,0.6432835820900706,38.64328358209007,-42.53731343283582,6,TRAILING_STOP,False
2024-10-17 12:45:00,2024-10-17 13:00:00,2024-10-17 13:30:00,27894,SHORT,67171.42,44.79669180731899,36.79669180731899,74.796691807319,-6.041259809603809,2,TRAILING_STOP,True
2024-10-18 01:30:00,2024-10-18 01:45:00,2024-10-18 02:00:00,27944,LONG,67789.99,31.92654549735068,23.92654549735068,51.92654549735068,0.0,1,TRAILING_STOP,False
2024-10-18 02:30:00,2024-10-18 02:45:00,2024-10-18 03:00:00,27948,LONG,67948.0,3.63277800671127,-4.36722199328873,23.63277800671127,-3.2377700594572323,1,TRAILING_STOP,True
2024-10-18 06:15:00,2024-10-18 06:30:00,2024-10-18 07:30:00,27966,LONG,68178.1,-17.667872821332043,-25.667872821332043,2.3321271786679563,-36.39145121380628,4,TRAILING_STOP,False
2024-10-18 08:00:00,2024-10-18 08:15:00,2024-10-18 09:30:00,27974,LONG,67858.01,7.637120510903305,-0.3628794890966951,27.637120510903305,-7.075067482821079,5,TRAILING_STOP,True
2024-10-18 13:30:00,2024-10-18 13:45:00,2024-10-18 14:00:00,27992,LONG,68181.08,27.183177503201335,19.183177503201335,47.183177503201335,-23.585722021416743,1,TRAILING_STOP,False
2024-10-18 14:30:00,2024-10-18 14:45:00,2024-10-18 15:00:00,27996,LONG,68483.5,-10.329057364183209,-18.329057364183207,9.670942635816791,-27.811078580972996,1,TRAILING_STOP,True
2024-10-18 15:30:00,2024-10-18 15:45:00,2024-10-18 17:15:00,28005,LONG,68814.62,-6.422943264090163,-14.422943264090163,13.577056735909837,-66.06444967653609,6,TRAILING_STOP,False
2024-10-18 17:45:00,2024-10-18 18:00:00,2024-10-18 19:00:00,28012,LONG,68710.13,22.18737470006174,14.187374700061739,42.18737470006174,-7.295867436141461,4,TRAILING_STOP,True
2024-10-19 03:00:00,2024-10-19 03:15:00,2024-10-19 05:45:00,28055,LONG,68605.99,-31.481216144539342,-39.481216144539346,0.0,-40.81130525191827,10,TIME_EXIT,False
2024-10-19 11:00:00,2024-10-19 11:15:00,2024-10-19 13:45:00,28087,LONG,68297.28,-26.733129049941923,-34.73312904994192,0.0,-30.64250874998226,10,TIME_EXIT,False
2024-10-19 15:15:00,2024-10-19 15:30:00,2024-10-19 18:00:00,28104,SHORT,68212.12,14.972412527273763,6.972412527273763,29.631097816633666,-2.5713905388086675,10,TIME_EXIT,False
2024-10-19 21:15:00,2024-10-19 21:30:00,2024-10-20 00:00:00,28128,LONG,68344.73,13.938163191223277,5.938163191223277,14.52343143355886,-20.711179925650878,10,TIME_EXIT,False
2024-10-20 06:45:00,2024-10-20 07:00:00,2024-10-20 09:30:00,28166,LONG,68400.01,4.676899901038793,-3.3231000989612074,14.618418915436598,-6.58040839467637,10,TIME_EXIT,False
2024-10-20 13:30:00,2024-10-20 13:45:00,2024-10-20 15:00:00,28188,LONG,68407.99,33.313947683595416,25.313947683595416,53.313947683595416,0.0,5,TRAILING_STOP,False
2024-10-20 15:30:00,2024-10-20 15:45:00,2024-10-20 16:45:00,28195,LONG,68555.48,-4.7539540238061075,-12.753954023806108,15.246045976193892,-7.296280326531085,4,TRAILING_STOP,True
2024-10-20 20:45:00,2024-10-20 21:00:00,2024-10-20 22:00:00,28216,LONG,68781.98,25.016151032582172,17.016151032582172,45.01615103258217,-26.457511109740654,4,TRAILING_STOP,False
2024-10-20 22:30:00,2024-10-20 22:45:00,2024-10-20 23:30:00,28222,LONG,69176.0,-17.08569446050603,-25.08569446050603,2.9143055394939705,-33.96553718052596,3,TRAILING_STOP,True
2024-10-21 00:15:00,2024-10-21 00:30:00,2024-10-21 01:30:00,28230,LONG,69393.89,-7.591126538662037,-15.591126538662037,12.408873461337963,-48.12959757696323,4,TRAILING_STOP,False
2024-10-21 02:00:00,2024-10-21 02:15:00,2024-10-21 04:45:00,28243,LONG,69184.42,-21.019183220730657,-29.019183220730657,0.0,-86.13355434648487,10,TIME_EXIT,True
2024-10-21 08:45:00,2024-10-21 09:00:00,2024-10-21 09:45:00,28263,SHORT,68301.47,-3.286080079973914,-11.286080079973914,26.713919920026086,-18.232404075636854,3,TRAILING_STOP,False
2024-10-21 10:15:00,2024-10-21 10:30:00,2024-10-21 11:00:00,28268,SHORT,68394.0,-1.7840746264298133,-9.784074626429813,28.215925373570187,-5.556042927742199,2,TRAILING_STOP,True
2024-10-21 13:15:00,2024-10-21 13:30:00,2024-10-21 14:15:00,28281,SHORT,67916.0,82.49190176099887,74.49190176099887,112.49190176099887,0.0,3,TRAILING_STOP,False
2024-10-21 14:45:00,2024-10-21 15:00:00,2024-10-21 15:45:00,28287,SHORT,67268.0,32.216804424095265,24.216804424095265,62.216804424095265,-11.886781233276803,3,TRAILING_STOP,True
2024-10-22 00:15:00,2024-10-22 00:30:00,2024-10-22 03:00:00,28332,SHORT,66948.01,-81.73954685135683,-89.73954685135683,0.0,-111.56567611195666,10,TIME_EXIT,False
2024-10-22 06:00:00,2024-10-22 06:15:00,2024-10-22 06:45:00,28347,LONG,67712.3,-8.87055970628666,-16.87055970628666,11.12944029371334,-20.720016895010644,2,TRAILING_STOP,False
2024-10-22 08:30:00,2024-10-22 08:45:00,2024-10-22 09:15:00,28357,LONG,67124.94,-19.58733668886645,-27.58733668886645,0.4126633111335481,-46.96317046987382,2,TRAILING_STOP,False
2024-10-22 13:45:00,2024-10-22 14:00:00,2024-10-22 14:15:00,28377,LONG,66998.21,64.21269762281587,56.21269762281587,84.21269762281587,0.0,1,TRAILING_STOP,False
2024-10-23 03:15:00,2024-10-23 03:30:00,2024-10-23 06:00:00,28440,SHORT,66954.62,-35.1760640266503,-43.1760640266503,0.0,-44.09255104427464,10,TIME_EXIT,False
2024-10-23 06:45:00,2024-10-23 07:00:00,2024-10-23 08:00:00,28448,SHORT,66917.55,2.510156154850698,-5.489843845149302,32.5101561548507,-19.49413868260226,4,TRAILING_STOP,False
2024-10-23 08:30:00,2024-10-23 08:45:00,2024-10-23 09:30:00,28454,SHORT,66703.58,45.49519830869674,37.49519830869674,75.49519830869674,0.0,3,TRAILING_STOP,True
2024-10-23 15:30:00,2024-10-23 15:45:00,2024-10-23 17:15:00,28485,SHORT,65988.01,23.192996727738084,15.192996727738084,53.192996727738084,-45.46128910388497,6,TRAILING_STOP,False
2024-10-23 17:45:00,2024-10-23 18:00:00,2024-10-23 18:15:00,28489,SHORT,65723.31,40.49401498494183,32.49401498494183,70.49401498494183,0.0,1,TRAILING_STOP,True
2024-10-24 00:45:00,2024-10-24 01:00:00,2024-10-24 01:15:00,28517,LONG,67432.0,3.9025981729732173,-4.097401827026783,23.902598172973217,-32.45788349744859,1,TRAILING_STOP,False
2024-10-24 01:45:00,2024-10-24 02:00:00,2024-10-24 02:30:00,28522,LONG,67268.17,8.219884679485371,0.2198846794853715,28.21988467948537,-2.7219411498778205,2,TRAILING_STOP,True
2024-10-24 09:00:00,2024-10-24 09:15:00,2024-10-24 09:30:00,28550,LONG,66926.0,-8.10477243522688,-16.10477243522688,11.89522756477312,-10.752174042973794,1,TRAILING_STOP,False
2024-10-24 13:30:00,2024-10-24 13:45:00,2024-10-24 14:00:00,28568,LONG,67843.19,-1.352586751891419,-9.352586751891419,18.64741324810858,-33.802950598284326,1,TRAILING_STOP,False
2024-10-24 14:30:00,2024-10-24 14:45:00,2024-10-24 15:15:00,28573,LONG,67863.16,-7.203661014312257,-15.203661014312257,12.796338985687743,-38.7780350929729,2,TRAILING_STOP,True
2024-10-24 19:45:00,2024-10-24 20:00:00,2024-10-24 21:15:00,28597,LONG,68309.79,59.08236872050206,51.08236872050206,79.08236872050206,-48.56551308384934,5,TRAILING_STOP,False
2024-10-24 21:45:00,2024-10-24 22:00:00,2024-10-24 22:15:00,28601,LONG,68348.0,7.506291332592028,-0.49370866740797226,27.506291332592028,-0.9568677942285945,1,TRAILING_STOP,True
2024-10-25 07:15:00,2024-10-25 07:30:00,2024-10-25 08:15:00,28641,SHORT,67303.03,-27.511256179699487,-35.51125617969949,2.4887438203005128,-48.75857743700447,3,TRAILING_STOP,False
2024-10-25 13:45:00,2024-10-25 14:00:00,2024-10-25 14:30:00,28666,LONG,68334.01,44.020829452275734,36.020829452275734,64.02082945227573,-10.142826390548084,2,TRAILING_STOP,False
2024-10-25 15:00:00,2024-10-25 15:15:00,2024-10-25 17:45:00,28679,LONG,68481.75,-240.3180409379149,-248.3180409379149,0.0,-249.85488834616564,10,TIME_EXIT,True
2024-10-25 18:00:00,2024-10-25 18:15:00,2024-10-25 18:30:00,28682,LONG,66971.99,71.66220086934703,63.66220086934703,91.66220086934703,0.0,1,TRAILING_STOP,False
2024-10-25 23:00:00,2024-10-25 23:15:00,2024-10-25 23:30:00,28702,SHORT,65800.21,-20.8495732764369,-28.8495732764369,9.1504267235631,-97.84011327623325,1,TRAILING_STOP,False
2024-10-26 00:00:00,2024-10-26 00:15:00,2024-10-26 01:15:00,28709,SHORT,66639.9,-16.017385980472206,-24.017385980472206,13.982614019527794,-32.99224638692444,4,TRAILING_STOP,True
2024-10-26 05:30:00,2024-10-26 05:45:00,2024-10-26 08:15:00,28737,SHORT,67202.02,9.52649935225222,1.5264993522522197,30.71485053574334,-5.654591930421139,10,TIME_EXIT,False
2024-10-26 11:30:00,2024-10-26 11:45:00,2024-10-26 12:15:00,28753,LONG,67139.99,-14.040809359668543,-22.040809359668543,5.959190640331457,-16.382188916025342,2,TRAILING_STOP,False
2024-10-26 13:15:00,2024-10-26 13:30:00,2024-10-26 16:00:00,28768,LONG,67068.0,-35.58627065068263,-43.58627065068263,0.0,-48.30917874396135,10,TIME_EXIT,False
2024-10-26 20:30:00,2024-10-26 20:45:00,2024-10-26 23:15:00,28797,SHORT,67265.99,21.887732567380702,13.887732567380702,26.460622968606458,-0.8934678579761869,10,TIME_EXIT,False
2024-10-27 03:15:00,2024-10-27 03:30:00,2024-10-27 04:30:00,28818,LONG,67189.99,0.16222952258232937,-7.837770477417671,20.16222952258233,-5.951779424287046,4,TRAILING_STOP,False
2024-10-27 12:15:00,2024-10-27 12:30:00,2024-10-27 13:45:00,28855,LONG,67369.66,40.461934942227956,32.461934942227956,60.461934942227956,-2.9182275819713936,5,TRAILING_STOP,False
2024-10-27 14:15:00,2024-10-27 14:30:00,2024-10-27 16:15:00,28865,LONG,67682.78,8.960098861186665,0.9600988611866654,28.960098861186665,-4.252189404749456,7,TRAILING_STOP,True
2024-10-27 17:30:00,2024-10-27 17:45:00,2024-10-27 20:15:00,28881,LONG,67850.0,5.597641857036982,-2.402358142963018,5.599115696389865,-45.55932203389762,10,TIME_EXIT,False
2024-10-27 21:45:00,2024-10-27 22:00:00,2024-10-28 00:30:00,28898,SHORT,67930.02,6.4801982981904125,-1.5198017018095875,6.587661831985328,-59.18296505727495,10,TIME_EXIT,False
2024-10-28 07:00:00,2024-10-28 07:15:00,2024-10-28 07:30:00,28926,LONG,68450.0,11.485756026297164,3.485756026297164,31.485756026297164,-3.5909422936452517,1,TRAILING_STOP,False
2024-10-28 08:00:00,2024-10-28 08:15:00,2024-10-28 10:45:00,28939,LONG,68531.98,24.007191970815825,16.007191970815825,44.007191970815825,-42.77856848729575,10,TRAILING_STOP,True
2024-10-28 12:30:00,2024-10-28 12:45:00,2024-10-28 13:30:00,28950,LONG,68959.99,16.979413715111434,8.979413715111434,36.979413715111434,-26.535676701810026,3,TRAILING_STOP,False
2024-10-28 14:00:00,2024-10-28 14:15:00,2024-10-28 16:45:00,28963,LONG,69039.22,-47.791675514294205,-55.791675514294205,0.0,-88.7249305539667,10,TIME_EXIT,True
2024-10-28 19:00:00,2024-10-28 19:15:00,2024-10-28 19:45:00,28975,LONG,69593.92,23.26239993378757,15.26239993378757,43.26239993378757,-19.12379702134849,2,TRAILING_STOP,False
2024-10-28 20:15:00,2024-10-28 20:30:00,2024-10-28 21:15:00,28981,LONG,69442.0,30.113764004492957,22.113764004492957,50.11376400449296,0.0,3,TRAILING_STOP,True
2024-10-28 22:00:00,2024-10-28 22:15:00,2024-10-28 23:00:00,28988,LONG,70028.58,-3.3039596119186996,-11.3039596119187,16.6960403880813,-31.78416583629166,3,TRAILING_STOP,False
2024-10-28 23:30:00,2024-10-28 23:45:00,2024-10-29 00:00:00,28992,LONG,69870.01,0.03577786807318972,-7.96422213192681,20.03577786807319,-15.744952662808375,1,TRAILING_STOP,True
2024-10-29 02:00:00,2024-10-29 02:15:00,2024-10-29 02:45:00,29003,LONG,71004.0,50.98191651174581,42.98191651174581,70.98191651174581,-4.670159427638372,2,TRAILING_STOP,False
2024-10-29 03:15:00,2024-10-29 03:30:00,2024-10-29 06:00:00,29016,LONG,71208.0,-1.1361083024374379,-9.136108302437439,5.898213683855746,-45.357263228850115,10,TIME_EXIT,True
2024-10-29 11:30:00,2024-10-29 11:45:00,2024-10-29 14:00:00,29048,LONG,71539.9,41.937464268192414,33.937464268192414,61.937464268192414,-85.39290661574789,9,TRAILING_STOP,False
2024-10-29 14:30:00,2024-10-29 14:45:00,2024-10-29 15:15:00,29053,LONG,71817.15,18.798532105492825,10.798532105492825,38.798532105492825,-22.71602256564058,2,TRAILING_STOP,True
2024-10-29 15:45:00,2024-10-29 16:00:00,2024-10-29 16:45:00,29059,LONG,72402.0,52.06154526118135,44.06154526118135,72.06154526118135,0.0,3,TRAILING_STOP,False
2024-10-29 17:15:00,2024-10-29 17:30:00,2024-10-29 18:15:00,29065,LONG,72922.0,-9.30363950522476,-17.30363950522476,10.69636049477524,-53.8136639148677,3,TRAILING_STOP,True
2024-10-30 12:00:00,2024-10-30 12:15:00,2024-10-30 12:45:00,29139,LONG,72062.0,-19.836252116234213,-27.836252116234213,0.1637478837657871,-39.13296883239433,2,TRAILING_STOP,False
2024-10-30 13:15:00,2024-10-30 13:30:00,2024-10-30 14:15:00,29145,LONG,71772.03,64.340654709084,56.340654709084006,84.340654709084,-46.81907422710474,3,TRAILING_STOP,True
2024-10-30 20:00:00,2024-10-30 20:15:00,2024-10-30 21:00:00,29172,LONG,71910.49,126.08577969639683,118.08577969639683,146.08577969639683,0.0,3,TRAILING_STOP,False
2024-10-30 21:30:00,2024-10-30 21:45:00,2024-10-30 22:15:00,29177,LONG,72197.46,46.217010958556216,38.217010958556216,66.21701095855622,0.0,2,TRAILING_STOP,True
2024-10-31 06:30:00,2024-10-31 06:45:00,2024-10-31 07:15:00,29213,SHORT,72234.0,-18.371127170030732,-26.371127170030732,11.628872829969268,-22.980867735415455,2,TRAILING_STOP,False
2024-10-31 10:45:00,2024-10-31 11:00:00,2024-10-31 13:30:00,29238,LONG,72639.28,-116.56227870099994,-124.56227870099994,0.0,-123.63008003383206,10,TIME_EXIT,False
2024-10-31 13:45:00,2024-10-31 14:00:00,2024-10-31 15:15:00,29245,SHORT,71308.0,69.28759746452012,61.28759746452012,99.28759746452012,-7.292309418298087,5,TRAILING_STOP,False
2024-10-31 15:45:00,2024-10-31 16:00:00,2024-10-31 17:00:00,29252,SHORT,70620.01,6.959779529908701,-1.040220470091299,36.9597795299087,-46.65816388301276,4,TRAILING_STOP,True
2024-10-31 20:45:00,2024-10-31 21:00:00,2024-10-31 23:30:00,29278,SHORT,70026.74,-64.15549260182534,-72.15549260182534,0.0,-89.68288399545509,10,TIME_EXIT,False
2024-11-01 01:30:00,2024-11-01 01:45:00,2024-11-01 02:00:00,29288,SHORT,69929.78,127.26919203807,119.26919203807,157.26919203807,0.0,1,TRAILING_STOP,False
2024-11-01 02:30:00,2024-11-01 02:45:00,2024-11-01 05:15:00,29301,SHORT,69326.01,-42.0001093384717,-50.0001093384717,0.0,-56.030918265742166,10,TIME_EXIT,True
2024-11-01 07:30:00,2024-11-01 07:45:00,2024-11-01 08:45:00,29315,LONG,69294.61,15.123943983521869,7.123943983521869,35.12394398352187,-8.276256984490686,4,TRAILING_STOP,False
2024-11-01 10:15:00,2024-11-01 10:30:00,2024-11-01 11:45:00,29327,LONG,69994.01,13.430003510301134,5.430003510301134,33.430003510301134,-35.05014214787834,5,TRAILING_STOP,False
2024-11-01 12:30:00,2024-11-01 12:45:00,2024-11-01 13:00:00,29332,LONG,70279.18,-9.231519206682893,-17.231519206682893,10.768480793317107,-19.519294334395056,1,TRAILING_STOP,False
2024-11-01 13:30:00,2024-11-01 13:45:00,2024-11-01 14:30:00,29338,LONG,70636.0,121.13907922305864,113.13907922305864,141.13907922305864,0.0,3,TRAILING_STOP,False
2024-11-01 15:30:00,2024-11-01 15:45:00,2024-11-01 16:00:00,29344,SHORT,69945.71,54.88154598759614,46.88154598759614,84.88154598759614,-12.423921352716867,1,TRAILING_STOP,False
2024-11-01 16:30:00,2024-11-01 16:45:00,2024-11-01 17:00:00,29348,SHORT,69965.94,40.168427666376274,32.168427666376274,70.16842766637627,-7.726616693779526,1,TRAILING_STOP,True
2024-11-02 12:45:00,2024-11-02 13:00:00,2024-11-02 14:45:00,29435,SHORT,69459.05,36.06914433756343,28.06914433756343,66.06914433756343,-36.35811316163892,7,TRAILING_STOP,False
2024-11-02 15:15:00,2024-11-02 15:30:00,2024-11-02 16:30:00,29442,SHORT,69348.0,-20.292438138085167,-28.292438138085167,9.707561861914833,-35.41414316202292,4,TRAILING_STOP,True
2024-11-02 23:00:00,2024-11-02 23:15:00,2024-11-02 23:45:00,29471,SHORT,69277.99,-13.834692663571037,-21.834692663571037,16.165307336428963,-14.166115385275958,2,TRAILING_STOP,False
2024-11-03 00:15:00,2024-11-03 00:30:00,2024-11-03 02:30:00,29482,SHORT,69303.4,177.67235085147203,169.67235085147203,207.67235085147203,0.0,8,TRAILING_STOP,True
2024-11-03 10:15:00,2024-11-03 10:30:00,2024-11-03 11:30:00,29518,LONG,68563.99,-16.27938805778445,-24.27938805778445,3.7206119422155504,-30.33370724195171,4,TRAILING_STOP,False
2024-11-03 13:45:00,2024-11-03 14:00:00,2024-11-03 15:30:00,29534,SHORT,68048.13,53.676068688442825,45.676068688442825,83.67606868844283,-12.619009515764112,6,TRAILING_STOP,False
2024-11-03 16:00:00,2024-11-03 16:15:00,2024-11-03 17:00:00,29540,SHORT,68454.55,22.962147877679847,14.962147877679847,52.96214787767985,-0.21181937504476905,3,TRAILING_STOP,True
2024-11-04 14:00:00,2024-11-04 14:15:00,2024-11-04 15:15:00,29629,SHORT,68587.99,26.132276219203973,18.132276219203973,56.13227621920397,-13.414885025788735,4,TRAILING_STOP,False
2024-11-04 15:45:00,2024-11-04 16:00:00,2024-11-04 17:15:00,29637,SHORT,68646.01,173.14509175405752,165.14509175405752,203.14509175405752,-0.8551116080905352,5,TRAILING_STOP,True
2024-11-04 21:30:00,2024-11-04 21:45:00,2024-11-05 00:15:00,29665,SHORT,67011.99,-147.43779434098207,-155.43779434098207,0.0,-163.26630502989119,10,TIME_EXIT,False
2024-11-05 01:00:00,2024-11-05 01:15:00,2024-11-05 01:30:00,29670,SHORT,67978.02,43.757664609825255,35.757664609825255,73.75766460982526,0.0,1,TRAILING_STOP,False
2024-11-05 02:00:00,2024-11-05 02:15:00,2024-11-05 03:00:00,29676,SHORT,68021.99,-1.77530383924298,-9.77530383924298,28.22469616075702,-9.019142192104534,3,TRAILING_STOP,True
2024-11-05 09:00:00,2024-11-05 09:15:00,2024-11-05 11:00:00,29708,SHORT,68997.49,25.419407285685992,17.419407285685992,55.41940728568599,0.0,7,TRAILING_STOP,False
2024-11-05 14:15:00,2024-11-05 14:30:00,2024-11-05 14:45:00,29723,LONG,69333.34,123.03652470802663,115.03652470802663,143.03652470802663,0.0,1,TRAILING_STOP,False
2024-11-05 15:15:00,2024-11-05 15:30:00,2024-11-05 16:00:00,29728,LONG,69407.99,59.531189420698496,51.531189420698496,79.5311894206985,0.0,2,TRAILING_STOP,True
2024-11-05 19:45:00,2024-11-05 20:00:00,2024-11-05 22:15:00,29753,SHORT,68995.99,-14.47590939705328,-22.47590939705328,15.52409060294672,-96.67518358675474,9,TRAILING_STOP,False
2024-11-06 00:15:00,2024-11-06 00:30:00,2024-11-06 00:45:00,29763,LONG,70319.98,141.40789573603465,133.40789573603465,161.40789573603465,0.0,1,TRAILING_STOP,False
2024-11-06 01:15:00,2024-11-06 01:30:00,2024-11-06 01:45:00,29767,LONG,71048.0,12.836955297827231,4.836955297827231,32.83695529782723,-10.133993919603649,1,TRAILING_STOP,True
2024-11-06 02:15:00,2024-11-06 02:30:00,2024-11-06 02:45:00,29771,LONG,72396.7,103.00422533071388,95.00422533071388,123.00422533071388,0.0,1,TRAILING_STOP,False
2024-11-06 03:15:00,2024-11-06 03:30:00,2024-11-06 04:00:00,29776,LONG,73953.06,79.24132956770121,71.24132956770121,99.24132956770121,-5.552170525465434,2,TRAILING_STOP,True
2024-11-06 14:30:00,2024-11-06 14:45:00,2024-11-06 15:15:00,29821,LONG,74375.55,-3.9866730397299577,-11.986673039729958,16.013326960270042,-115.83779884652992,2,TRAILING_STOP,False
2024-11-06 15:45:00,2024-11-06 16:00:00,2024-11-06 16:15:00,29825,LONG,74297.99,16.205555493493158,8.205555493493158,36.20555549349316,-18.034135243767057,1,TRAILING_STOP,True
2024-11-06 20:00:00,2024-11-06 20:15:00,2024-11-06 20:45:00,29843,LONG,75944.0,40.044243126514274,32.044243126514274,60.044243126514274,-57.529232065731875,2,TRAILING_STOP,False
2024-11-06 21:15:00,2024-11-06 21:30:00,2024-11-06 22:00:00,29848,LONG,75774.15,14.49065413468918,6.49065413468918,34.49065413468918,-12.20468985795234,2,TRAILING_STOP,True
2024-11-07 01:30:00,2024-11-07 01:45:00,2024-11-07 03:15:00,29869,SHORT,75396.0,20.931083877128764,12.931083877128764,50.93108387712876,-8.223247917661414,6,TRAILING_STOP,False
2024-11-07 14:30:00,2024-11-07 14:45:00,2024-11-07 17:15:00,29925,SHORT,74668.22,-209.96750692597112,-217.96750692597112,0.0,-216.29416102325712,10,TIME_EXIT,False
2024-11-07 18:30:00,2024-11-07 18:45:00,2024-11-07 19:15:00,29933,LONG,76494.01,-4.575262821231982,-12.575262821231982,15.424737178768018,-76.79686291776274,2,TRAILING_STOP,False
2024-11-07 19:45:00,2024-11-07 20:00:00,2024-11-07 20:15:00,29937,LONG,76530.4,21.75987581405704,13.75987581405704,41.75987581405704,-18.196690465487542,1,TRAILING_STOP,True
2024-11-08 07:30:00,2024-11-08 07:45:00,2024-11-08 08:00:00,29984,LONG,76100.0,-11.590013140604468,-19.59001314060447,8.409986859395532,-38.44021024967133,1,TRAILING_STOP,False
2024-11-08 08:30:00,2024-11-08 08:45:00,2024-11-08 10:00:00,29992,LONG,75803.0,15.72154136379811,7.72154136379811,35.72154136379811,-3.4088360618968254,5,TRAILING_STOP,True
2024-11-08 14:00:00,2024-11-08 14:15:00,2024-11-08 15:00:00,30012,SHORT,76035.31,23.205543582317603,15.205543582317603,53.2055435823176,-25.965567839469262,3,TRAILING_STOP,False
2024-11-08 15:15:00,2024-11-08 15:30:00,2024-11-08 16:00:00,30016,LONG,76399.21,-4.84539303482342,-12.84539303482342,15.15460696517658,-64.50328478527499,2,TRAILING_STOP,False
2024-11-08 16:30:00,2024-11-08 16:45:00,2024-11-08 17:00:00,30020,LONG,75899.99,5.085642303772918,-2.914357696227082,25.085642303772918,-9.748354380548038,1,TRAILING_STOP,True
2024-11-09 06:00:00,2024-11-09 06:15:00,2024-11-09 08:45:00,30083,LONG,76700.8,-15.46419333305603,-23.46419333305603,4.5358066669439685,-45.214652259168474,10,TRAILING_STOP,False
2024-11-09 09:15:00,2024-11-09 09:30:00,2024-11-09 10:30:00,30090,LONG,76541.99,-9.808208540175825,-17.808208540175826,10.191791459824175,-16.4746173962822,4,TRAILING_STOP,True
2024-11-09 16:15:00,2024-11-09 16:30:00,2024-11-09 17:15:00,30117,SHORT,76104.99,21.288358358630852,13.288358358630852,51.28835835863085,-5.914198267419096,3,TRAILING_STOP,False
2024-11-09 19:00:00,2024-11-09 19:15:00,2024-11-09 21:45:00,30135,LONG,76497.99,-6.064211621769332,-14.064211621769331,0.0,-49.9346453416626,10,TIME_EXIT,False
2024-11-09 23:00:00,2024-11-09 23:15:00,2024-11-09 23:45:00,30143,LONG,76618.86,16.693315457838892,8.693315457838892,36.69331545783889,-4.9256801784841535,2,TRAILING_STOP,False
2024-11-10 00:15:00,2024-11-10 00:30:00,2024-11-10 00:45:00,30147,LONG,76796.01,19.58408776706046,11.58408776706046,39.58408776706046,0.0,1,TRAILING_STOP,True
2024-11-10 02:15:00,2024-11-10 02:30:00,2024-11-10 02:45:00,30155,LONG,77284.0,6.247347445785131,-1.752652554214869,26.24734744578513,-34.229594741472184,1,TRAILING_STOP,False
2024-11-10 03:15:00,2024-11-10 03:30:00,2024-11-10 04:45:00,30163,LONG,77397.99,228.81137094128673,220.81137094128673,248.81137094128673,-33.59131160899724,5,TRAILING_STOP,True
2024-11-10 05:00:00,2024-11-10 05:15:00,2024-11-10 06:00:00,30168,SHORT,79042.03,-12.805350520475816,-20.805350520475816,17.194649479524184,-90.73274054322722,3,TRAILING_STOP,False
2024-11-10 11:00:00,2024-11-10 11:15:00,2024-11-10 11:45:00,30191,LONG,79756.02,15.606089671976598,7.606089671976598,35.6060896719766,-8.070864117844634,2,TRAILING_STOP,False
2024-11-10 12:15:00,2024-11-10 12:30:00,2024-11-10 13:45:00,30199,LONG,79300.01,55.64816196113965,47.64816196113965,75.64816196113965,0.0,5,TRAILING_STOP,True
2024-11-10 17:30:00,2024-11-10 17:45:00,2024-11-10 18:00:00,30216,LONG,80200.01,64.163331151705,56.163331151704995,84.163331151705,0.0,1,TRAILING_STOP,False
2024-11-10 18:30:00,2024-11-10 18:45:00,2024-11-10 19:00:00,30220,LONG,80721.9,-4.726573581641642,-12.726573581641642,15.273426418358358,-29.967084521052428,1,TRAILING_STOP,True
2024-11-10 19:45:00,2024-11-10 20:00:00,2024-11-10 20:15:00,30225,SHORT,79748.99,36.95884173580194,28.95884173580194,66.95884173580194,0.0,1,TRAILING_STOP,False
2024-11-11 10:00:00,2024-11-11 10:15:00,2024-11-11 10:45:00,30283,LONG,82129.99,-14.397905077062013,-22.397905077062013,5.602094922937986,-35.88701277085328,2,TRAILING_STOP,False
2024-11-11 11:15:00,2024-11-11 11:30:00,2024-11-11 12:00:00,30288,LONG,82148.86,19.238523821267457,11.238523821267457,39.23852382126746,-17.732443274319113,2,TRAILING_STOP,True
2024-11-11 14:30:00,2024-11-11 14:45:00,2024-11-11 15:30:00,30302,LONG,81941.98,263.31387647699006,255.31387647699006,283.31387647699006,0.0,3,TRAILING_STOP,False
2024-11-11 16:00:00,2024-11-11 16:15:00,2024-11-11 17:45:00,30311,LONG,84768.0,-6.783927897319879,-14.783927897319879,13.216072102680121,-110.43790109475316,6,TRAILING_STOP,True
2024-11-11 19:00:00,2024-11-11 19:15:00,2024-11-11 21:45:00,30327,SHORT,85742.88,-251.58123916527998,-259.58123916527995,0.0,-307.3281419984954,10,TIME_EXIT,False
2024-11-11 23:00:00,2024-11-11 23:15:00,2024-11-12 01:00:00,30340,LONG,89348.01,-13.28804301293323,-21.28804301293323,6.71195698706677,-311.8883117822086,7,TRAILING_STOP,False
2024-11-12 01:30:00,2024-11-12 01:45:00,2024-11-12 02:00:00,30344,LONG,88752.85,-6.124389244965748,-14.124389244965748,13.875610755034252,-34.1228478860122,1,TRAILING_STOP,True
2024-11-12 10:00:00,2024-11-12 10:15:00,2024-11-12 11:30:00,30382,LONG,87817.37,-15.060202782205314,-23.060202782205316,4.939797217794686,-294.74465017569935,5,TRAILING_STOP,False
2024-11-12 12:00:00,2024-11-12 12:15:00,2024-11-12 14:45:00,30395,LONG,87708.01,-80.55136583306358,-88.55136583306358,0.0,-300.54381578147706,10,TIME_EXIT,True
2024-11-13 13:15:00,2024-11-13 13:30:00,2024-11-13 13:45:00,30487,LONG,88259.18,142.9054337463829,134.9054337463829,162.9054337463829,0.0,1,TRAILING_STOP,False
2024-11-13 14:15:00,2024-11-13 14:30:00,2024-11-13 14:45:00,30491,LONG,89790.04,206.868147068428,198.868147068428,226.868147068428,0.0,1,TRAILING_STOP,True
2024-11-13 15:45:00,2024-11-13 16:00:00,2024-11-13 16:15:00,30497,LONG,92540.0,58.41365895828824,50.41365895828824,78.41365895828824,0.0,1,TRAILING_STOP,False
2024-11-13 16:45:00,2024-11-13 17:00:00,2024-11-13 17:15:00,30501,LONG,92256.01,38.96526416002657,30.96526416002657,58.96526416002657,-11.707638342477066,1,TRAILING_STOP,True
2024-11-14 08:00:00,2024-11-14 08:15:00,2024-11-14 10:15:00,30569,LONG,91387.51,-16.007113007017562,-24.007113007017562,3.9928869929824375,-115.73901072476883,8,TRAILING_STOP,False
2024-11-14 10:45:00,2024-11-14 11:00:00,2024-11-14 12:15:00,30577,LONG,91102.99,40.89591571034044,32.89591571034044,60.89591571034044,-68.82211000978181,5,TRAILING_STOP,True
2024-11-14 14:30:00,2024-11-14 14:45:00,2024-11-14 15:00:00,30588,SHORT,89730.93,136.80313020270611,128.80313020270611,166.80313020270611,0.0,1,TRAILING_STOP,False
2024-11-14 15:30:00,2024-11-14 15:45:00,2024-11-14 16:15:00,30593,SHORT,88728.01,105.3879118893785,97.3879118893785,135.3879118893785,0.0,2,TRAILING_STOP,True
2024-11-14 21:00:00,2024-11-14 21:15:00,2024-11-14 22:00:00,30616,SHORT,87470.4,-28.110217856555035,-36.11021785655504,1.8897821434449638,-101.70297609248453,3,TRAILING_STOP,False
2024-11-14 22:30:00,2024-11-14 22:45:00,2024-11-14 23:15:00,30621,SHORT,87899.99,81.59955763362503,73.59955763362503,111.59955763362503,0.0,2,TRAILING_STOP,True
2024-11-15 04:30:00,2024-11-15 04:45:00,2024-11-15 05:00:00,30644,SHORT,87381.65,-17.910505237655798,-25.910505237655798,12.089494762344202,-42.023697195006775,1,TRAILING_STOP,False
2024-11-15 05:30:00,2024-11-15 05:45:00,2024-11-15 06:45:00,30651,SHORT,87803.99,-4.9681079413352265,-12.968107941335226,25.031892058664774,-43.13015843585207,4,TRAILING_STOP,True
2024-11-15 07:45:00,2024-11-15 08:00:00,2024-11-15 08:30:00,30658,SHORT,87612.01,-11.152127430932115,-19.152127430932115,18.847872569067885,-62.502846356339255,2,TRAILING_STOP,False
2024-11-15 09:00:00,2024-11-15 09:15:00,2024-11-15 11:45:00,30671,SHORT,88805.08,-105.41851885049799,-113.41851885049799,0.0,-108.88003253867947,10,TIME_EXIT,True
2024-11-15 12:00:00,2024-11-15 12:15:00,2024-11-15 14:45:00,30683,LONG,90660.54,-171.24980724800423,-179.24980724800423,0.0,-228.8989233904841,10,TIME_EXIT,False
2024-11-15 15:15:00,2024-11-15 15:30:00,2024-11-15 15:45:00,30687,SHORT,88235.38,-14.770281490258823,-22.770281490258824,15.229718509741177,-68.18240030246378,1,TRAILING_STOP,False
2024-11-15 19:45:00,2024-11-15 20:00:00,2024-11-15 22:30:00,30714,SHORT,90377.89,-118.63742337866054,-126.63742337866054,0.0,-162.883864626625,10,TIME_EXIT,False
2024-11-16 10:30:00,2024-11-16 10:45:00,2024-11-16 13:15:00,30773,LONG,91597.66,-73.10230414183133,-81.10230414183133,0.0,-119.834939014818,10,TIME_EXIT,False
2024-11-16 22:45:00,2024-11-16 23:00:00,2024-11-17 01:30:00,30822,SHORT,90328.39,17.67882722143086,9.678827221430861,17.685469651346605,-61.9528367548675,10,TIME_EXIT,False
2024-11-17 01:45:00,2024-11-17 02:00:00,2024-11-17 04:30:00,30834,LONG,90272.73,39.342999818439466,31.342999818439466,45.26726952868263,-100.6649516415418,10,TIME_EXIT,False
2024-11-17 11:00:00,2024-11-17 11:15:00,2024-11-17 12:00:00,30864,SHORT,90707.25,-8.033729387672977,-16.033729387672977,21.966270612327023,-25.593323576670464,3,TRAILING_STOP,False
2024-11-17 14:30:00,2024-11-17 14:45:00,2024-11-17 15:45:00,30879,LONG,90279.98,14.117198519539919,6.117198519539919,34.11719851953992,-18.329645177147352,4,TRAILING_STOP,False
2024-11-17 21:15:00,2024-11-17 21:30:00,2024-11-17 22:30:00,30906,LONG,89638.97,-19.010475019961145,-27.010475019961145,0.989524980038854,-102.2959099150739,4,TRAILING_STOP,False
2024-11-18 01:15:00,2024-11-18 01:30:00,2024-11-18 03:45:00,30927,SHORT,90572.65,0.10290634093119522,-7.897093659068805,30.102906340931195,-40.055138057681674,9,TRAILING_STOP,False
2024-11-18 04:15:00,2024-11-18 04:30:00,2024-11-18 05:15:00,30933,SHORT,90548.0,-17.945620002651168,-25.945620002651168,12.05437999734883,-28.864248796218643,3,TRAILING_STOP,True
2024-11-18 06:15:00,2024-11-18 06:30:00,2024-11-18 07:00:00,30940,LONG,90947.39,128.72444387903826,120.72444387903826,148.72444387903826,0.0,2,TRAILING_STOP,False
2024-11-18 07:30:00,2024-11-18 07:45:00,2024-11-18 08:15:00,30945,LONG,91807.12,16.381709828171203,8.381709828171203,36.3817098281712,-27.403103375860365,2,TRAILING_STOP,True
2024-11-18 13:00:00,2024-11-18 13:15:00,2024-11-18 13:30:00,30966,SHORT,89784.0,-11.957809854761958,-19.95780985476196,18.04219014523804,-19.709525082420743,1,TRAILING_STOP,False
2024-11-18 14:00:00,2024-11-18 14:15:00,2024-11-18 14:30:00,30970,SHORT,90217.79,-18.99995222671818,-26.99995222671818,11.000047773281821,-92.64137372462883,1,TRAILING_STOP,True
2024-11-18 15:30:00,2024-11-18 15:45:00,2024-11-18 16:00:00,30976,LONG,91887.98,55.849964271714455,47.849964271714455,75.84996427171446,-5.777687136010227,1,TRAILING_STOP,False
2024-11-18 16:30:00,2024-11-18 16:45:00,2024-11-18 17:15:00,30981,LONG,91707.99,28.181189010903033,20.181189010903033,48.18118901090303,-74.34575765972106,2,TRAILING_STOP,True
2024-11-19 09:45:00,2024-11-19 10:00:00,2024-11-19 10:30:00,31050,LONG,91694.37,4.196687321152858,-3.803312678847142,24.196687321152858,-14.416370383481814,2,TRAILING_STOP,False
2024-11-19 11:00:00,2024-11-19 11:15:00,2024-11-19 12:30:00,31058,LONG,91686.69,68.7053507984635,60.7053507984635,88.7053507984635,-17.292586306693252,5,TRAILING_STOP,True
2024-11-19 12:45:00,2024-11-19 13:00:00,2024-11-19 13:15:00,31061,LONG,92467.99,5.088682040129854,-2.9113179598701464,25.088682040129854,-35.47389750766769,1,TRAILING_STOP,False
2024-11-19 13:45:00,2024-11-19 14:00:00,2024-11-19 14:15:00,31065,LONG,91142.27,55.59829264730729,47.59829264730729,75.59829264730729,0.0,1,TRAILING_STOP,True
2024-11-19 22:30:00,2024-11-19 22:45:00,2024-11-20 00:00:00,31104,LONG,91709.8,57.29599235850368,49.29599235850368,77.29599235850368,-13.575430324785357,5,TRAILING_STOP,False
2024-11-20 00:30:00,2024-11-20 00:45:00,2024-11-20 01:00:00,31108,LONG,92233.69,-14.487914340194292,-22.487914340194294,5.512085659805708,-24.252526381629348,1,TRAILING_STOP,True
2024-11-20 09:15:00,2024-11-20 09:30:00,2024-11-20 10:15:00,31145,SHORT,93296.24,4.968183069328973,-3.0318169306710274,34.96818306932897,-16.968529492721,3,TRAILING_STOP,False
2024-11-20 13:15:00,2024-11-20 13:30:00,2024-11-20 13:45:00,31159,LONG,94268.01,13.650864169085693,5.650864169085693,33.65086416908569,-6.7202012644577165,1,TRAILING_STOP,False
2024-11-20 14:15:00,2024-11-20 14:30:00,2024-11-20 15:00:00,31164,LONG,94451.43,11.610956022582933,3.6109560225829327,31.610956022582933,-42.50120935172639,2,TRAILING_STOP,True
2024-11-21 00:15:00,2024-11-21 00:30:00,2024-11-21 00:45:00,31203,LONG,94819.91,-8.847279015556964,-16.847279015556964,11.152720984443036,-23.19238649351212,1,TRAILING_STOP,False
2024-11-21 01:15:00,2024-11-21 01:30:00,2024-11-21 03:30:00,31214,LONG,94900.0,84.94520547945132,76.94520547945132,104.94520547945132,-90.62170706006323,8,TRAILING_STOP,True
2024-11-21 04:00:00,2024-11-21 04:15:00,2024-11-21 05:00:00,31220,LONG,96940.8,54.43305605070286,46.43305605070286,74.43305605070286,-73.19209249356297,3,TRAILING_STOP,False
2024-11-21 05:30:00,2024-11-21 05:45:00,2024-11-21 08:15:00,31233,LONG,97552.0,-68.88223716581992,-76.88223716581992,0.0,-77.08709201246515,10,TIME_EXIT,True
2024-11-21 10:45:00,2024-11-21 11:00:00,2024-11-21 11:15:00,31245,LONG,97756.0,39.67817832153519,31.678178321535192,59.67817832153519,0.0,1,TRAILING_STOP,False
2024-11-21 11:45:00,2024-11-21 12:00:00,2024-11-21 12:15:00,31249,LONG,97975.0,0.38479203878552326,-7.615207961214477,20.384792038785523,-29.592242919111307,1,TRAILING_STOP,True
2024-11-21 15:15:00,2024-11-21 15:30:00,2024-11-21 15:45:00,31263,LONG,96156.0,60.2862015890844,52.2862015890844,80.2862015890844,-12.31956404176613,1,TRAILING_STOP,False
2024-11-21 16:15:00,2024-11-21 16:30:00,2024-11-21 16:45:00,31267,LONG,97147.99,5.940835214397616,-2.059164785602384,25.940835214397616,-13.202537695325379,1,TRAILING_STOP,True
2024-11-22 03:15:00,2024-11-22 03:30:00,2024-11-22 04:30:00,31314,SHORT,98656.01,-29.136393211119167,-37.13639321111917,0.8636067888808318,-45.00384720606532,4,TRAILING_STOP,False
2024-11-22 07:15:00,2024-11-22 07:30:00,2024-11-22 07:45:00,31327,LONG,99232.77,-5.566260016726741,-13.56626001672674,14.43373998327326,-13.379652709483375,1,TRAILING_STOP,False
2024-11-22 08:15:00,2024-11-22 08:30:00,2024-11-22 11:00:00,31340,LONG,99138.75,-57.941017008989746,-65.94101700898975,0.0,-92.68928647980769,10,TIME_EXIT,True
2024-11-22 13:15:00,2024-11-22 13:30:00,2024-11-22 13:45:00,31351,SHORT,97596.29,-12.771886103457476,-20.771886103457476,17.228113896542524,-63.51368479273238,1,TRAILING_STOP,False
2024-11-22 14:45:00,2024-11-22 15:00:00,2024-11-22 17:30:00,31366,SHORT,97296.0,-162.67678013484613,-170.67678013484613,0.0,-203.39993422134518,10,TIME_EXIT,False
2024-11-22 19:30:00,2024-11-22 19:45:00,2024-11-22 20:00:00,31376,SHORT,99197.93,-2.386520565499879,-10.386520565499879,27.61347943450012,-13.395440812122256,1,TRAILING_STOP,False
2024-11-23 16:15:00,2024-11-23 16:30:00,2024-11-23 17:15:00,31461,SHORT,97705.81,7.843194790565676,-0.1568052094343244,37.843194790565676,-25.99333652727521,3,TRAILING_STOP,False
2024-11-23 17:45:00,2024-11-23 18:00:00,2024-11-23 20:30:00,31474,SHORT,97900.79,48.11887932671367,40.11887932671367,78.11887932671367,-1.0245065438198597,10,TRAILING_STOP,True
2024-11-24 01:00:00,2024-11-24 01:15:00,2024-11-24 03:15:00,31501,LONG,98327.13,4.089994287435761,-3.9100057125642387,24.08999428743576,-28.059397238586005,8,TRAILING_STOP,False
2024-11-24 12:30:00,2024-11-24 12:45:00,2024-11-24 14:30:00,31546,SHORT,96622.75,-25.31890781415392,-33.31890781415392,4.6810921858460794,-101.81556620982161,7,TRAILING_STOP,False
2024-11-24 15:00:00,2024-11-24 15:15:00,2024-11-24 16:00:00,31552,SHORT,96940.69,94.3977116317202,86.3977116317202,124.3977116317202,0.0,3,TRAILING_STOP,True
2024-11-24 22:15:00,2024-11-24 22:30:00,2024-11-24 23:15:00,31581,LONG,97560.0,62.9704797047977,54.9704797047977,82.9704797047977,-5.196801968019382,3,TRAILING_STOP,False
2024-11-24 23:45:00,2024-11-25 00:00:00,2024-11-25 00:15:00,31585,LONG,97900.05,-18.627171283364785,-26.627171283364785,1.372828716635214,-28.197125537729846,1,TRAILING_STOP,True
2024-11-25 09:00:00,2024-11-25 09:15:00,2024-11-25 09:45:00,31623,LONG,98536.01,1.9199052204372045,-6.0800947795627955,21.919905220437204,-11.752048819511606,2,TRAILING_STOP,False
2024-11-25 10:15:00,2024-11-25 10:30:00,2024-11-25 11:30:00,31630,LONG,98340.47,1.7031706275140834,-6.296829372485917,21.703170627514083,-26.689927351374383,4,TRAILING_STOP,True
2024-11-25 13:00:00,2024-11-25 13:15:00,2024-11-25 15:00:00,31644,SHORT,97499.99,275.12721078227855,267.12721078227855,305.12721078227855,-33.70154191810651,7,TRAILING_STOP,False
2024-11-25 15:30:00,2024-11-25 15:45:00,2024-11-25 16:00:00,31648,SHORT,96140.0,17.178073642605263,9.178073642605263,47.17807364260526,-13.912003328479303,1,TRAILING_STOP,True
2024-11-25 21:45:00,2024-11-25 22:00:00,2024-11-25 22:30:00,31674,SHORT,93747.81,92.41565962980846,84.41565962980846,122.41565962980846,-40.5481472047192,2,TRAILING_STOP,False
2024-11-25 23:00:00,2024-11-25 23:15:00,2024-11-25 23:30:00,31678,SHORT,94270.51,123.31836011070658,115.31836011070658,153.31836011070658,0.0,1,TRAILING_STOP,True
2024-11-26 08:00:00,2024-11-26 08:15:00,2024-11-26 08:30:00,31714,SHORT,93230.03,66.9344319636067,58.9344319636067,96.9344319636067,0.0,1,TRAILING_STOP,False
2024-11-26 09:00:00,2024-11-26 09:15:00,2024-11-26 09:45:00,31719,SHORT,93568.0,16.748888508891746,8.748888508891746,46.748888508891746,-15.451863885089105,2,TRAILING_STOP,True
2024-11-27 14:00:00,2024-11-27 14:15:00,2024-11-27 15:15:00,31837,LONG,94371.99,34.890227492288204,26.890227492288204,54.890227492288204,-14.396220743040448,4,TRAILING_STOP,False
2024-11-27 15:45:00,2024-11-27 16:00:00,2024-11-27 16:30:00,31842,LONG,95556.0,61.324040353301285,53.324040353301285,81.32404035330129,-10.046464900163256,2,TRAILING_STOP,True
2024-11-28 10:00:00,2024-11-28 10:15:00,2024-11-28 11:30:00,31918,SHORT,94820.02,-21.139002079940074,-29.139002079940074,8.860997920059926,-47.192565451894644,5,TRAILING_STOP,False
2024-11-28 11:45:00,2024-11-28 12:00:00,2024-11-28 12:15:00,31921,LONG,95452.0,-5.915433935380889,-13.91543393538089,14.08456606461911,-13.56074257218312,1,TRAILING_STOP,False
2024-11-28 12:45:00,2024-11-28 13:00:00,2024-11-28 14:00:00,31928,LONG,95484.01,57.268434788192096,49.268434788192096,77.2684347881921,-48.058308401583695,4,TRAILING_STOP,True
2024-11-29 02:00:00,2024-11-29 02:15:00,2024-11-29 03:15:00,31981,LONG,96451.98,22.199237382167176,14.199237382167176,42.199237382167176,-12.16978645746724,4,TRAILING_STOP,False
2024-11-29 03:45:00,2024-11-29 04:00:00,2024-11-29 06:30:00,31994,LONG,96590.35,-41.24946229100604,-49.24946229100604,0.0,-61.341531529806026,10,TIME_EXIT,True
2024-11-29 07:30:00,2024-11-29 07:45:00,2024-11-29 08:30:00,32002,SHORT,95804.93,-10.279720469500575,-18.279720469500575,19.720279530499425,-16.453224275619707,3,TRAILING_STOP,False
2024-11-29 10:00:00,2024-11-29 10:15:00,2024-11-29 11:00:00,32012,LONG,96631.55,2.5030023837967086,-5.496997616203291,22.50300238379671,-10.300983477964301,3,TRAILING_STOP,False
2024-11-29 11:30:00,2024-11-29 11:45:00,2024-11-29 12:15:00,32017,LONG,97112.02,19.951799993450443,11.951799993450443,39.95179999345044,0.0,2,TRAILING_STOP,True
2024-11-29 14:30:00,2024-11-29 14:45:00,2024-11-29 15:15:00,32029,LONG,97549.75,89.71222376274724,81.71222376274724,109.71222376274724,0.0,2,TRAILING_STOP,False
2024-11-29 15:45:00,2024-11-29 16:00:00,2024-11-29 16:30:00,32034,LONG,98019.46,22.903725443906097,14.903725443906097,42.9037254439061,-32.591487445452806,2,TRAILING_STOP,True
2024-11-30 06:00:00,2024-11-30 06:15:00,2024-11-30 07:30:00,32094,SHORT,96865.97,2.5934897467088973,-5.406510253291103,32.5934897467089,-11.75128892014417,5,TRAILING_STOP,False
2024-11-30 22:45:00,2024-11-30 23:00:00,2024-12-01 01:30:00,32166,SHORT,96466.11,2.9823945424983007,-5.017605457501699,32.59590336958776,-21.39404190756781,10,TIME_EXIT,False
2024-12-01 01:45:00,2024-12-01 02:00:00,2024-12-01 03:00:00,32172,SHORT,96106.62,12.946053039841658,4.946053039841658,42.94605303984166,-14.918847421749371,4,TRAILING_STOP,False
2024-12-01 03:30:00,2024-12-01 03:45:00,2024-12-01 04:45:00,32179,SHORT,96306.72,-18.502359959928455,-26.502359959928455,11.497640040071547,-21.68073006743485,4,TRAILING_STOP,True
2024-12-01 08:15:00,2024-12-01 08:30:00,2024-12-01 09:00:00,32196,LONG,96949.99,2.486851210608144,-5.513148789391856,22.486851210608144,-8.990202061908773,2,TRAILING_STOP,False
2024-12-01 09:30:00,2024-12-01 09:45:00,2024-12-01 10:30:00,32202,LONG,96988.6,-15.112827693152166,-23.112827693152166,4.887172306847833,-46.67868182446292,3,TRAILING_STOP,True
2024-12-01 13:00:00,2024-12-01 13:15:00,2024-12-01 13:30:00,32214,LONG,97027.99,14.217961229537451,6.217961229537451,34.21796122953745,0.0,1,TRAILING_STOP,False
2024-12-01 14:00:00,2024-12-01 14:15:00,2024-12-01 15:30:00,32222,LONG,97119.47,1.9739667030723567,-6.026033296927643,21.973966703072357,-15.570513306961123,5,TRAILING_STOP,True
2024-12-01 16:00:00,2024-12-01 16:15:00,2024-12-01 17:00:00,32228,LONG,97239.06,-10.339273127485772,-18.33927312748577,9.660726872514228,-19.187762613090023,3,TRAILING_STOP,False
2024-12-01 17:30:00,2024-12-01 17:45:00,2024-12-01 18:30:00,32234,LONG,97200.64,13.206571479365167,5.2065714793651665,33.20657147936517,0.0,3,TRAILING_STOP,True
2024-12-01 21:45:00,2024-12-01 22:00:00,2024-12-01 23:30:00,32254,LONG,97767.61,-19.64916806292053,-27.64916806292053,0.3508319370794699,-45.711458017640346,6,TRAILING_STOP,False
2024-12-02 00:00:00,2024-12-02 00:15:00,2024-12-02 01:30:00,32262,LONG,97234.14,72.1343059135403,64.1343059135403,92.1343059135403,-1.6763659348458178,5,TRAILING_STOP,True
2024-12-02 03:45:00,2024-12-02 04:00:00,2024-12-02 04:15:00,32273,SHORT,96483.75,6.64347623304473,-1.35652376695527,36.64347623304473,-0.4394522393672757,1,TRAILING_STOP,False
2024-12-02 04:45:00,2024-12-02 05:00:00,2024-12-02 07:30:00,32286,SHORT,96708.0,76.10435537907983,68.10435537907983,99.06419324151041,-22.335277329693508,10,TIME_EXIT,True
2024-12-02 08:15:00,2024-12-02 08:30:00,2024-12-02 09:00:00,32292,SHORT,95212.24,2.7941029430675357,-5.205897056932464,32.794102943067536,-15.411884018272302,2,TRAILING_STOP,False
2024-12-02 09:30:00,2024-12-02 09:45:00,2024-12-02 11:15:00,32301,SHORT,95152.0,4.8484530015130005,-3.1515469984869995,34.848453001513,-36.23150327896418,6,TRAILING_STOP,True
2024-12-02 14:30:00,2024-12-02 14:45:00,2024-12-02 15:15:00,32317,LONG,96718.03,10.80811302711616,2.8081130271161605,30.80811302711616,-105.09932842924945,2,TRAILING_STOP,False
2024-12-02 15:45:00,2024-12-02 16:00:00,2024-12-02 16:15:00,32321,LONG,97048.01,8.381828746411422,0.38182874641142206,28.381828746411422,-46.591372661839124,1,TRAILING_STOP,True
2024-12-03 06:45:00,2024-12-03 07:00:00,2024-12-03 09:30:00,32390,SHORT,95632.22,41.01232827179024,33.01232827179024,48.49829900424803,-8.580790030807364,10,TIME_EXIT,False
2024-12-03 10:45:00,2024-12-03 11:00:00,2024-12-03 11:45:00,32399,SHORT,94697.9,-19.64285374860613,-27.64285374860613,10.357146251393873,-35.490755338820726,3,TRAILING_STOP,False
2024-12-03 12:15:00,2024-12-03 12:30:00,2024-12-03 14:00:00,32408,SHORT,94804.99,90.90924749847015,82.90924749847015,120.90924749847015,-17.923107211972518,6,TRAILING_STOP,True
2024-12-03 14:30:00,2024-12-03 14:45:00,2024-12-03 15:15:00,32413,LONG,94703.03,143.3495781497172,135.3495781497172,163.3495781497172,0.0,2,TRAILING_STOP,False
2024-12-03 22:30:00,2024-12-03 22:45:00,2024-12-04 01:15:00,32453,SHORT,95850.57,14.560163804973952,6.560163804973952,41.793178694713134,-28.555907387926002,10,TIME_EXIT,False
2024-12-04 01:30:00,2024-12-04 01:45:00,2024-12-04 04:15:00,32465,LONG,96513.18,-73.55161232900993,-81.55161232900993,0.0,-133.55792442027035,10,TIME_EXIT,False
2024-12-04 12:15:00,2024-12-04 12:30:00,2024-12-04 13:45:00,32503,SHORT,95904.77,27.594632675726196,19.594632675726196,57.594632675726196,-11.140217530368563,5,TRAILING_STOP,False
2024-12-04 14:30:00,2024-12-04 14:45:00,2024-12-04 15:00:00,32508,LONG,96349.2,-16.15980205336422,-24.15980205336422,3.8401979466357794,-97.32618433780415,1,TRAILING_STOP,False
2024-12-04 15:30:00,2024-12-04 15:45:00,2024-12-04 18:15:00,32521,LONG,95928.03,-18.194890481957525,-26.194890481957525,0.0,-139.70890468614826,10,TIME_EXIT,True
2024-12-04 20:00:00,2024-12-04 20:15:00,2024-12-04 20:45:00,32531,LONG,98031.43,78.80198626093765,70.80198626093765,98.80198626093765,0.0,2,TRAILING_STOP,False
2024-12-04 21:15:00,2024-12-04 21:30:00,2024-12-04 22:30:00,32538,LONG,98511.98,-11.268067091941093,-19.26806709194109,8.731932908058907,-111.19358275003705,4,TRAILING_STOP,True
2024-12-05 02:15:00,2024-12-05 02:30:00,2024-12-05 02:45:00,32555,LONG,99211.99,220.69772212007788,212.69772212007788,240.69772212007788,0.0,1,TRAILING_STOP,False
2024-12-05 03:15:00,2024-12-05 03:30:00,2024-12-05 03:45:00,32559,LONG,102800.0,42.25680933852141,34.25680933852141,62.25680933852141,0.0,1,TRAILING_STOP,True
2024-12-05 14:30:00,2024-12-05 14:45:00,2024-12-05 15:15:00,32605,LONG,103236.02,9.445149086529671,1.4451490865296712,29.44514908652967,-157.91968733393662,2,TRAILING_STOP,False
2024-12-05 15:45:00,2024-12-05 16:00:00,2024-12-05 16:15:00,32609,LONG,101292.0,49.798207163448254,41.798207163448254,69.79820716344825,-1.9744895944398373,1,TRAILING_STOP,True
2024-12-05 18:15:00,2024-12-05 18:30:00,2024-12-05 18:45:00,32619,LONG,101076.0,-11.292690648621358,-19.29269064862136,8.707309351378642,-89.37136412204696,1,TRAILING_STOP,False
2024-12-05 19:15:00,2024-12-05 19:30:00,2024-12-05 22:00:00,32632,LONG,100568.88,-202.20569225788313,-210.20569225788313,0.0,-266.57152789212773,10,TIME_EXIT,True
2024-12-05 22:15:00,2024-12-05 22:30:00,2024-12-06 01:00:00,32644,SHORT,94112.33,-352.9728782615416,-360.9728782615416,0.0,-387.32225628671534,10,TIME_EXIT,False
2024-12-06 13:30:00,2024-12-06 13:45:00,2024-12-06 14:00:00,32696,LONG,98747.99,5.419251571601077,-2.5807484283989233,25.419251571601077,-40.68943580522529,1,TRAILING_STOP,False
2024-12-06 14:45:00,2024-12-06 15:00:00,2024-12-06 16:15:00,32705,LONG,99481.68,-18.15845490345489,-26.15845490345489,1.8415450965451112,-91.76161882268033,5,TRAILING_STOP,False
2024-12-06 17:30:00,2024-12-06 17:45:00,2024-12-06 18:15:00,32713,LONG,100636.01,92.33255372505342,84.33255372505342,112.33255372505342,-4.7478034949913885,2,TRAILING_STOP,False
2024-12-06 18:45:00,2024-12-06 19:00:00,2024-12-06 19:45:00,32719,LONG,101363.95,22.919598141154026,14.919598141154026,42.919598141154026,-14.705425350925816,3,TRAILING_STOP,True
2024-12-06 23:15:00,2024-12-06 23:30:00,2024-12-07 02:00:00,32744,SHORT,99404.25,-68.49103534305644,-76.49103534305644,0.0,-102.98855431231561,10,TIME_EXIT,False
2024-12-07 18:45:00,2024-12-07 19:00:00,2024-12-07 21:15:00,32821,LONG,100123.32,11.547096121062108,3.5470961210621077,31.547096121062108,-20.275995642175,9,TRAILING_STOP,False
2024-12-07 21:45:00,2024-12-07 22:00:00,2024-12-07 22:30:00,32826,LONG,99869.81,-2.26591199082079,-10.26591199082079,17.73408800917921,-15.33896980478909,2,TRAILING_STOP,True
2024-12-08 08:45:00,2024-12-08 09:00:00,2024-12-08 10:00:00,32872,SHORT,98980.02,2.564147794676842,-5.435852205323158,32.56414779467684,-43.196596646474475,4,TRAILING_STOP,False
2024-12-08 10:30:00,2024-12-08 10:45:00,2024-12-08 11:15:00,32877,SHORT,99258.1,-16.4907750601703,-24.4907750601703,13.509224939829702,-29.46762027481794,2,TRAILING_STOP,True
2024-12-08 12:45:00,2024-12-08 13:00:00,2024-12-08 14:00:00,32888,LONG,99922.49,37.795797522659285,29.795797522659285,57.795797522659285,0.0,4,TRAILING_STOP,False
2024-12-08 14:30:00,2024-12-08 14:45:00,2024-12-08 16:15:00,32897,LONG,100024.98,-8.215943657273424,-16.215943657273424,11.784056342726576,-66.76532202255801,6,TRAILING_STOP,True
2024-12-08 23:00:00,2024-12-08 23:15:00,2024-12-08 23:45:00,32927,LONG,100458.01,68.89186636287194,60.89186636287194,88.89186636287194,-11.908458071187168,2,TRAILING_STOP,False
2024-12-09 00:15:00,2024-12-09 00:30:00,2024-12-09 03:00:00,32940,LONG,100044.37,-77.2467256278387,-85.2467256278387,0.0,-103.41811338309188,10,TIME_EXIT,True
2024-12-09 03:45:00,2024-12-09 04:00:00,2024-12-09 06:00:00,32952,LONG,99090.84,26.830766597599023,18.830766597599023,46.83076659759902,-32.62662825342917,8,TRAILING_STOP,False
2024-12-09 14:45:00,2024-12-09 15:00:00,2024-12-09 17:30:00,32998,LONG,100156.26,-252.94574697577457,-260.94574697577457,0.0,-269.2053397361278,10,TIME_EXIT,False
2024-12-09 20:45:00,2024-12-09 21:00:00,2024-12-09 22:15:00,33017,SHORT,96252.0,116.96629680422245,108.96629680422245,146.96629680422245,-137.19403233179614,5,TRAILING_STOP,False
2024-12-09 22:45:00,2024-12-09 23:00:00,2024-12-10 01:30:00,33030,SHORT,96984.0,-81.62583518930951,-89.62583518930951,0.0,-118.98869916687288,10,TIME_EXIT,True
2024-12-10 03:15:00,2024-12-10 03:30:00,2024-12-10 04:15:00,33041,SHORT,95957.5,-24.007763853789438,-32.00776385378944,5.992236146210562,-103.14566344475364,3,TRAILING_STOP,False
2024-12-10 04:45:00,2024-12-10 05:00:00,2024-12-10 05:45:00,33047,SHORT,97031.98,22.71354866714981,14.713548667149809,52.71354866714981,-0.0020611761198807378,3,TRAILING_STOP,True
2024-12-10 14:45:00,2024-12-10 15:00:00,2024-12-10 15:30:00,33086,SHORT,97820.01,134.47963969743898,126.47963969743898,164.47963969743898,0.0,2,TRAILING_STOP,False
2024-12-10 16:00:00,2024-12-10 16:15:00,2024-12-10 16:45:00,33091,SHORT,95810.6,105.88371224060839,97.88371224060839,135.8837122406084,-71.95446015367759,2,TRAILING_STOP,True
2024-12-10 17:00:00,2024-12-10 17:15:00,2024-12-10 17:30:00,33094,SHORT,95271.24,61.26363842855518,53.26363842855518,91.26363842855518,0.0,1,TRAILING_STOP,False
2024-12-10 18:00:00,2024-12-10 18:15:00,2024-12-10 20:45:00,33107,SHORT,94561.46,-198.1039632848296,-206.1039632848296,0.0,-226.15344560035277,10,TIME_EXIT,True
2024-12-10 21:15:00,2024-12-10 21:30:00,2024-12-10 23:15:00,33117,SHORT,96936.4,5.999892713160506,-2.0001072868394942,35.999892713160506,-19.829496453344788,7,TRAILING_STOP,False
2024-12-10 23:45:00,2024-12-11 00:00:00,2024-12-11 00:45:00,33123,SHORT,96593.0,50.40334185707033,42.40334185707033,80.40334185707033,-19.345087118114208,3,TRAILING_STOP,True
2024-12-11 02:30:00,2024-12-11 02:45:00,2024-12-11 03:00:00,33132,LONG,97330.65,10.320356434483958,2.3203564344839585,30.32035643448396,-17.204241418299077,1,TRAILING_STOP,False
2024-12-11 05:15:00,2024-12-11 05:30:00,2024-12-11 08:00:00,33152,SHORT,97384.95,-16.02658829726752,-24.02658829726752,13.97341170273248,-52.83362572964345,10,TRAILING_STOP,False
2024-12-11 08:30:00,2024-12-11 08:45:00,2024-12-11 11:15:00,33165,LONG,98458.41,-0.8541677648464455,-8.854167764846446,0.0,-71.19452771987697,10,TIME_EXIT,False
2024-12-11 13:30:00,2024-12-11 13:45:00,2024-12-11 14:00:00,33176,LONG,98634.24,1.8747566767883797,-6.12524332321162,21.87475667678838,-18.48039788211465,1,TRAILING_STOP,False
2024-12-11 14:30:00,2024-12-11 14:45:00,2024-12-11 15:15:00,33181,LONG,98974.88,164.4023453223682,156.4023453223682,184.4023453223682,0.0,2,TRAILING_STOP,True
2024-12-11 15:30:00,2024-12-11 15:45:00,2024-12-11 18:15:00,33193,SHORT,100229.02,31.937151535554086,23.937151535554086,61.93715153555409,-85.99106326690513,10,TRAILING_STOP,False
2024-12-12 02:45:00,2024-12-12 03:00:00,2024-12-12 05:30:00,33238,LONG,101824.77,-92.78488917775104,-100.78488917775104,0.0,-123.03194988802862,10,TIME_EXIT,False
2024-12-12 13:15:00,2024-12-12 13:30:00,2024-12-12 14:30:00,33274,LONG,101254.06,13.576925211689876,5.5769252116898755,33.576925211689876,-61.691353413383546,4,TRAILING_STOP,False
2024-12-12 15:00:00,2024-12-12 15:15:00,2024-12-12 16:15:00,33281,LONG,100814.6,151.14584593898047,143.14584593898047,171.14584593898047,0.0,4,TRAILING_STOP,True
2024-12-12 19:30:00,2024-12-12 19:45:00,2024-12-12 20:15:00,33297,LONG,99472.0,28.65690847675728,20.65690847675728,48.65690847675728,-0.670540453594806,2,TRAILING_STOP,False
2024-12-12 20:45:00,2024-12-12 21:00:00,2024-12-12 21:30:00,33302,LONG,100028.02,-13.979686891732822,-21.979686891732822,6.020313108267179,-32.20497616567832,2,TRAILING_STOP,True
2024-12-13 01:45:00,2024-12-13 02:00:00,2024-12-13 02:30:00,33322,SHORT,99323.94,-18.025042099618446,-26.025042099618446,11.974957900381552,-35.41140232656912,2,TRAILING_STOP,False
2024-12-13 03:00:00,2024-12-13 03:15:00,2024-12-13 04:30:00,33330,SHORT,99636.37,-24.341423719070647,-32.34142371907065,5.6585762809293545,-36.494705698331835,5,TRAILING_STOP,True
2024-12-13 07:45:00,2024-12-13 08:00:00,2024-12-13 09:00:00,33348,LONG,100130.01,3.161887230411569,-4.838112769588431,23.16188723041157,-15.452909672134851,4,TRAILING_STOP,False
2024-12-13 14:30:00,2024-12-13 14:45:00,2024-12-13 15:15:00,33373,LONG,100884.0,27.821260061060457,19.821260061060457,47.82126006106046,-18.04052178739939,2,TRAILING_STOP,False
2024-12-13 15:45:00,2024-12-13 16:00:00,2024-12-13 18:30:00,33386,SHORT,99873.16,-190.3013782681945,-198.3013782681945,0.0,-202.46680890040838,10,TIME_EXIT,False
2024-12-14 01:00:00,2024-12-14 01:15:00,2024-12-14 01:30:00,33414,LONG,101918.85,51.263559194398056,43.263559194398056,71.26355919439806,0.0,1,TRAILING_STOP,False
2024-12-14 02:00:00,2024-12-14 02:15:00,2024-12-14 02:45:00,33419,LONG,101768.2,30.23474916525948,22.23474916525948,50.23474916525948,0.0,2,TRAILING_STOP,True
2024-12-14 13:15:00,2024-12-14 13:30:00,2024-12-14 16:00:00,33472,SHORT,101060.01,-37.879473789881104,-45.879473789881104,0.0,-67.52621536451444,10,TIME_EXIT,False
2024-12-15 01:15:00,2024-12-15 01:30:00,2024-12-15 02:00:00,33512,LONG,101585.08,40.234239122516755,32.234239122516755,60.234239122516755,0.0,2,TRAILING_STOP,False
2024-12-15 02:30:00,2024-12-15 02:45:00,2024-12-15 04:15:00,33521,LONG,101811.06,82.04588774539843,74.04588774539843,102.04588774539843,-8.717127589085115,6,TRAILING_STOP,True
2024-12-15 04:30:00,2024-12-15 04:45:00,2024-12-15 07:15:00,33533,SHORT,102227.27,36.05300229576684,28.053002295766838,50.013073810931665,-27.83406032460747,10,TIME_EXIT,False
2024-12-15 11:45:00,2024-12-15 12:00:00,2024-12-15 12:45:00,33555,LONG,102671.44,47.06149246567486,39.06149246567486,67.06149246567486,-13.451647313021088,3,TRAILING_STOP,False
2024-12-15 13:15:00,2024-12-15 13:30:00,2024-12-15 14:30:00,33562,LONG,102692.16,16.00274840844726,8.00274840844726,36.00274840844726,-6.735665117960148,4,TRAILING_STOP,True
2024-12-15 23:00:00,2024-12-15 23:15:00,2024-12-15 23:30:00,33598,LONG,103640.02,106.56307862541874,98.56307862541874,126.56307862541874,0.0,1,TRAILING_STOP,False
2024-12-16 00:00:00,2024-12-16 00:15:00,2024-12-16 00:30:00,33602,LONG,104524.16,183.19130046106054,175.19130046106054,203.19130046106054,0.0,1,TRAILING_STOP,True
2024-12-16 11:30:00,2024-12-16 11:45:00,2024-12-16 12:00:00,33648,SHORT,104103.44,18.309642793744203,10.309642793744203,48.3096427937442,0.0,1,TRAILING_STOP,False
2024-12-16 14:30:00,2024-12-16 14:45:00,2024-12-16 16:30:00,33666,LONG,105388.32,151.48579652849526,143.48579652849526,171.48579652849526,-12.796484468108094,7,TRAILING_STOP,False
2024-12-16 17:00:00,2024-12-16 17:15:00,2024-12-16 18:30:00,33674,LONG,106713.88,81.12930014352419,73.12930014352419,101.12930014352419,0.0,5,TRAILING_STOP,True
2024-12-17 07:30:00,2024-12-17 07:45:00,2024-12-17 08:15:00,33729,SHORT,106866.4,-19.438214443455067,-27.438214443455067,10.561785556544933,-43.35226039241597,2,TRAILING_STOP,False
2024-12-17 08:30:00,2024-12-17 08:45:00,2024-12-17 10:00:00,33736,LONG,107400.01,-13.101490400232638,-21.101490400232638,6.898509599767361,-25.392921285575408,5,TRAILING_STOP,False
2024-12-17 10:30:00,2024-12-17 10:45:00,2024-12-17 11:30:00,33742,LONG,107009.11,9.939507019542976,1.939507019542976,29.939507019542976,-6.5517786289410855,3,TRAILING_STOP,True
2024-12-17 14:45:00,2024-12-17 15:00:00,2024-12-17 17:30:00,33766,LONG,108258.38,-81.87172207823558,-89.87172207823558,0.0,-233.92092141042562,10,TIME_EXIT,False
2024-12-18 01:45:00,2024-12-18 02:00:00,2024-12-18 02:15:00,33801,SHORT,105335.23,-24.756739981486163,-32.75673998148616,5.243260018513837,-25.13593979905907,1,TRAILING_STOP,False
2024-12-18 02:45:00,2024-12-18 03:00:00,2024-12-18 04:15:00,33809,SHORT,105312.9,122.82268364084536,114.82268364084536,152.82268364084536,0.0,5,TRAILING_STOP,True
2024-12-18 06:45:00,2024-12-18 07:00:00,2024-12-18 08:15:00,33825,LONG,103794.65,36.29095526599917,28.290955265999173,56.29095526599917,0.0,5,TRAILING_STOP,False
2024-12-18 12:00:00,2024-12-18 12:15:00,2024-12-18 14:45:00,33851,LONG,105310.33,-122.53308863432568,-130.53308863432568,0.0,-138.18777322224653,10,TIME_EXIT,False
2024-12-18 15:00:00,2024-12-18 15:15:00,2024-12-18 16:00:00,33856,LONG,104122.21,22.94953017228476,14.94953017228476,42.94953017228476,-24.814110265236387,3,TRAILING_STOP,False
2024-12-18 16:15:00,2024-12-18 16:30:00,2024-12-18 19:00:00,33868,SHORT,103773.12,2.267508194799511,-5.732491805200489,32.26750819479951,-118.22522055807907,10,TRAILING_STOP,False
2024-12-18 19:30:00,2024-12-18 19:45:00,2024-12-18 20:00:00,33872,SHORT,103636.38,240.72443093824796,232.72443093824796,270.72443093824796,0.0,1,TRAILING_STOP,True
2024-12-18 20:15:00,2024-12-18 20:30:00,2024-12-18 20:45:00,33875,SHORT,101618.44,99.37809318859857,91.37809318859857,129.37809318859857,-26.084832634706103,1,TRAILING_STOP,False
2024-12-18 21:15:00,2024-12-18 21:30:00,2024-12-18 22:15:00,33881,SHORT,101248.07,29.169522935104013,21.169522935104013,59.16952293510401,-22.115977124304514,3,TRAILING_STOP,True
2024-12-19 02:00:00,2024-12-19 02:15:00,2024-12-19 02:30:00,33898,SHORT,99144.0,-7.811062696683081,-15.81106269668308,22.18893730331692,-50.284434761558295,1,TRAILING_STOP,False
2024-12-19 03:00:00,2024-12-19 03:15:00,2024-12-19 03:45:00,33903,SHORT,101090.9,-9.266185185808883,-17.266185185808883,20.733814814191117,-21.69829331819242,2,TRAILING_STOP,True
2024-12-19 10:30:00,2024-12-19 10:45:00,2024-12-19 11:30:00,33934,LONG,102483.39,-17.008295685768836,-25.008295685768836,2.9917043142311637,-29.957049625309505,3,TRAILING_STOP,False
2024-12-19 14:30:00,2024-12-19 14:45:00,2024-12-19 15:00:00,33948,SHORT,101720.34,103.73333199633393,95.73333199633393,133.73333199633393,0.0,1,TRAILING_STOP,False
2024-12-19 15:30:00,2024-12-19 15:45:00,2024-12-19 16:15:00,33953,SHORT,100233.95,10.300716473809238,2.3007164738092385,40.30071647380924,-47.709383896375066,2,TRAILING_STOP,True
2024-12-19 18:15:00,2024-12-19 18:30:00,2024-12-19 19:00:00,33964,LONG,98459.85,41.36613045825195,33.36613045825195,61.36613045825195,-36.547892364248554,2,TRAILING_STOP,False
2024-12-20 07:00:00,2024-12-20 07:15:00,2024-12-20 07:45:00,34015,LONG,98039.83,-0.2967834603550159,-8.296783460355016,19.703216539644984,-38.60777808366199,2,TRAILING_STOP,False
2024-12-20 08:30:00,2024-12-20 08:45:00,2024-12-20 10:15:00,34025,SHORT,96050.45,183.4763553944825,175.4763553944825,213.4763553944825,0.0,6,TRAILING_STOP,False
2024-12-20 10:45:00,2024-12-20 11:00:00,2024-12-20 11:15:00,34029,SHORT,94359.54,90.80601495089932,82.80601495089932,120.80601495089932,0.0,1,TRAILING_STOP,True
2024-12-20 11:30:00,2024-12-20 11:45:00,2024-12-20 12:15:00,34033,SHORT,93150.0,68.49275362318909,60.49275362318909,98.49275362318909,-68.03864734299505,2,TRAILING_STOP,False
2024-12-20 12:45:00,2024-12-20 13:00:00,2024-12-20 13:30:00,34038,SHORT,93941.74,8.366332154375492,0.3663321543754918,38.36633215437549,-179.53041959835886,2,TRAILING_STOP,True
2024-12-20 15:15:00,2024-12-20 15:30:00,2024-12-20 16:00:00,34048,SHORT,97065.34,-4.489349133275031,-12.48934913327503,25.51065086672497,-52.197828802742926,2,TRAILING_STOP,False
2024-12-20 16:30:00,2024-12-20 16:45:00,2024-12-20 17:00:00,34052,SHORT,97450.01,74.9779266313051,66.9779266313051,104.9779266313051,0.0,1,TRAILING_STOP,True
2024-12-21 05:45:00,2024-12-21 06:00:00,2024-12-21 06:15:00,34105,LONG,98691.98,-8.847118073828593,-16.847118073828593,11.152881926171407,-37.83286139359957,1,TRAILING_STOP,False
2024-12-21 06:45:00,2024-12-21 07:00:00,2024-12-21 07:45:00,34111,LONG,98726.76,62.43459017595694,54.43459017595694,82.43459017595694,-7.16725637506941,3,TRAILING_STOP,True
2024-12-21 12:45:00,2024-12-21 13:00:00,2024-12-21 13:30:00,34134,SHORT,97132.0,45.52711773668828,37.52711773668828,75.52711773668828,-30.678869991352514,2,TRAILING_STOP,False
2024-12-22 03:15:00,2024-12-22 03:30:00,2024-12-22 06:00:00,34200,LONG,97160.38,-85.82510690057045,-93.82510690057045,0.0,-130.72200829185783,10,TIME_EXIT,False
2024-12-22 14:15:00,2024-12-22 14:30:00,2024-12-22 15:00:00,34236,SHORT,95848.01,41.13867048465495,33.13867048465495,71.13867048465495,-38.78849440901265,2,TRAILING_STOP,False
2024-12-22 15:30:00,2024-12-22 15:45:00,2024-12-22 16:15:00,34241,SHORT,95444.94,-4.337036620275278,-12.337036620275278,25.662963379724722,-33.35954739978821,2,TRAILING_STOP,True
2024-12-22 19:45:00,2024-12-22 20:00:00,2024-12-22 20:15:00,34257,SHORT,94836.55,8.86159924628246,0.8615992462824593,38.86159924628246,-33.6283848368586,1,TRAILING_STOP,False
2024-12-22 20:45:00,2024-12-22 21:00:00,2024-12-22 22:00:00,34264,SHORT,95592.49,110.40224289585922,102.40224289585922,140.40224289585922,-15.431128533213723,4,TRAILING_STOP,True
2024-12-23 05:15:00,2024-12-23 05:30:00,2024-12-23 06:00:00,34296,LONG,95713.52,-14.254730157245216,-22.254730157245216,5.745269842754784,-65.92590054153268,2,TRAILING_STOP,False
2024-12-23 10:15:00,2024-12-23 10:30:00,2024-12-23 10:45:00,34315,SHORT,96156.33,-17.101213201460702,-25.101213201460702,12.898786798539298,-30.03858404329663,1,TRAILING_STOP,False
2024-12-23 11:15:00,2024-12-23 11:30:00,2024-12-23 12:15:00,34321,SHORT,95967.89,-19.178672157947222,-27.178672157947222,10.821327842052778,-34.34065289963108,3,TRAILING_STOP,True
2024-12-23 13:30:00,2024-12-23 13:45:00,2024-12-23 14:00:00,34328,SHORT,95120.54,-1.248060618664411,-9.248060618664411,28.75193938133559,-29.799031838971022,1,TRAILING_STOP,False
2024-12-23 14:30:00,2024-12-23 14:45:00,2024-12-23 15:00:00,34332,SHORT,94290.41,55.63012929946994,47.63012929946994,85.63012929946994,-14.898651941379397,1,TRAILING_STOP,True
2024-12-24 13:15:00,2024-12-24 13:30:00,2024-12-24 15:15:00,34429,LONG,94767.41,293.8705595098569,285.8705595098569,313.8705595098569,0.0,7,TRAILING_STOP,False
2024-12-24 15:45:00,2024-12-24 16:00:00,2024-12-24 16:30:00,34434,LONG,98299.99,10.51984033772483,2.5198403377248297,30.51984033772483,-34.18006451475786,2,TRAILING_STOP,True
2024-12-25 10:00:00,2024-12-25 10:15:00,2024-12-25 10:30:00,34506,LONG,98625.34,32.038350387436985,24.038350387436985,52.038350387436985,0.0,1,TRAILING_STOP,False
2024-12-25 11:00:00,2024-12-25 11:15:00,2024-12-25 11:30:00,34510,LONG,98724.99,-7.337552528494076,-15.337552528494076,12.662447471505924,-28.70093985322316,1,TRAILING_STOP,True
2024-12-25 11:45:00,2024-12-25 12:00:00,2024-12-25 14:30:00,34522,SHORT,97907.61,-88.24850284875752,-96.24850284875752,0.0,-94.50542199937256,10,TIME_EXIT,False
2024-12-25 19:30:00,2024-12-25 19:45:00,2024-12-25 20:30:00,34546,LONG,99206.66,-0.5113890539207269,-8.511389053920727,19.488610946079273,-25.969022644246326,3,TRAILING_STOP,False
2024-12-25 21:00:00,2024-12-25 21:15:00,2024-12-25 22:30:00,34554,LONG,98941.65,-3.995617619070856,-11.995617619070856,16.004382380929144,-56.29984945672461,5,TRAILING_STOP,True
2024-12-26 00:00:00,2024-12-26 00:15:00,2024-12-26 02:45:00,34571,LONG,99718.03,-97.04263110693246,-105.04263110693246,0.0,-125.33039411227881,10,TIME_EXIT,False
2024-12-26 08:00:00,2024-12-26 08:15:00,2024-12-26 08:30:00,34594,SHORT,96702.37,82.32299684071883,74.32299684071883,112.32299684071883,0.0,1,TRAILING_STOP,False
2024-12-26 09:00:00,2024-12-26 09:15:00,2024-12-26 09:30:00,34598,SHORT,95909.61,21.02199873401694,13.02199873401694,51.02199873401694,0.0,1,TRAILING_STOP,True
2024-12-26 14:45:00,2024-12-26 15:00:00,2024-12-26 15:15:00,34621,SHORT,95449.36,-27.904648077263168,-35.90464807726317,2.0953519227368314,-80.13778196103185,1,TRAILING_STOP,False
2024-12-26 15:45:00,2024-12-26 16:00:00,2024-12-26 16:30:00,34626,SHORT,96042.89,-15.122271934965783,-23.12227193496578,14.877728065034217,-52.11317568640373,2,TRAILING_STOP,True
2024-12-27 02:00:00,2024-12-27 02:15:00,2024-12-27 02:30:00,34666,LONG,96271.96,-2.204579609681531,-10.20457960968153,17.79542039031847,-17.466144867104475,1,TRAILING_STOP,False
2024-12-27 04:00:00,2024-12-27 04:15:00,2024-12-27 04:45:00,34675,LONG,96481.35,-8.118947340601048,-16.118947340601046,11.881052659398952,-26.1148916344979,2,TRAILING_STOP,False
2024-12-27 07:30:00,2024-12-27 07:45:00,2024-12-27 10:15:00,34697,SHORT,94900.01,-177.59007612327983,-185.59007612327983,0.0,-278.6690960306545,10,TIME_EXIT,False
2024-12-27 14:30:00,2024-12-27 14:45:00,2024-12-27 15:45:00,34719,SHORT,95380.86,113.60847658534428,105.60847658534428,143.60847658534428,-35.360343783858106,4,TRAILING_STOP,False
2024-12-27 16:15:00,2024-12-27 16:30:00,2024-12-27 17:30:00,34726,SHORT,94659.98,92.54069776900451,84.54069776900451,122.54069776900451,0.0,4,TRAILING_STOP,True
2024-12-28 22:15:00,2024-12-28 22:30:00,2024-12-28 22:45:00,34843,LONG,95246.51,31.180877913533052,23.180877913533052,51.18087791353305,-10.839242298745717,1,TRAILING_STOP,False
2024-12-28 23:15:00,2024-12-28 23:30:00,2024-12-29 00:00:00,34848,LONG,95325.9,-13.485506037707923,-21.48550603770792,6.514493962292077,-19.081907435439287,2,TRAILING_STOP,True
2024-12-29 13:00:00,2024-12-29 13:15:00,2024-12-29 14:00:00,34904,LONG,94989.68,5.465924298303644,-2.5340757016963558,25.465924298303644,-19.968484997527423,3,TRAILING_STOP,False
2024-12-29 14:15:00,2024-12-29 14:30:00,2024-12-29 14:45:00,34907,SHORT,94657.26,19.047479295300704,11.047479295300704,49.047479295300704,-17.192553429077204,1,TRAILING_STOP,False
2024-12-29 15:15:00,2024-12-29 15:30:00,2024-12-29 16:45:00,34915,SHORT,94650.32,80.96845737024522,72.96845737024522,110.96845737024522,-15.263551142773379,5,TRAILING_STOP,True
2024-12-29 19:30:00,2024-12-29 19:45:00,2024-12-29 20:30:00,34930,SHORT,93459.79,-17.71771261202346,-25.71771261202346,12.282287387976542,-23.534185129242392,3,TRAILING_STOP,False
2024-12-29 21:00:00,2024-12-29 21:15:00,2024-12-29 22:30:00,34938,SHORT,93749.23,40.53497932729631,32.53497932729631,70.53497932729631,-20.875904794098727,5,TRAILING_STOP,True
2024-12-30 07:30:00,2024-12-30 07:45:00,2024-12-30 10:15:00,34985,LONG,93597.07,34.50108000175628,26.50108000175628,50.37444014005894,0.0,10,TIME_EXIT,False
2024-12-30 13:00:00,2024-12-30 13:15:00,2024-12-30 14:00:00,35000,SHORT,93397.77,56.91428071569689,48.91428071569689,86.91428071569689,0.0,3,TRAILING_STOP,False
2024-12-30 14:30:00,2024-12-30 14:45:00,2024-12-30 15:30:00,35006,SHORT,92468.16,71.4089606627845,63.408960662784494,101.4089606627845,0.0,3,TRAILING_STOP,True
2024-12-30 21:30:00,2024-12-30 21:45:00,2024-12-30 22:00:00,35032,SHORT,92666.66,47.55324298944231,39.55324298944231,77.55324298944231,0.0,1,TRAILING_STOP,False
2024-12-30 22:30:00,2024-12-30 22:45:00,2024-12-30 23:15:00,35037,SHORT,92871.23,21.894434907343978,13.894434907343978,51.89443490734398,0.0,2,TRAILING_STOP,True
2024-12-31 06:00:00,2024-12-31 06:15:00,2024-12-31 08:30:00,35074,LONG,92840.26,184.80554449115053,176.80554449115053,204.80554449115053,-24.605704464850465,9,TRAILING_STOP,False
2024-12-31 09:00:00,2024-12-31 09:15:00,2024-12-31 10:00:00,35080,LONG,94026.46,-10.153835420371331,-18.15383542037133,9.846164579628669,-38.09672298627497,3,TRAILING_STOP,True
2024-12-31 13:15:00,2024-12-31 13:30:00,2024-12-31 13:45:00,35095,LONG,95744.0,4.01717078876975,-3.98282921123025,24.01717078876975,-19.315048462566114,1,TRAILING_STOP,False
2024-12-31 14:15:00,2024-12-31 14:30:00,2024-12-31 14:45:00,35099,LONG,95848.3,-11.644087584235036,-19.644087584235038,8.355912415764964,-35.15137983667924,1,TRAILING_STOP,True
2024-12-31 17:30:00,2024-12-31 17:45:00,2024-12-31 18:00:00,35112,LONG,93719.14,54.43303470347698,46.43303470347698,74.43303470347698,0.0,1,TRAILING_STOP,False
2024-12-31 18:30:00,2024-12-31 18:45:00,2024-12-31 19:15:00,35117,LONG,94079.18,2.5055107835772468,-5.494489216422753,22.505510783577247,-23.585452169119613,2,TRAILING_STOP,True
2025-01-01 00:45:00,2025-01-01 01:00:00,2025-01-01 03:30:00,35150,LONG,94401.13,-57.63596262036387,-65.63596262036387,0.0,-87.113364003164,10,TIME_EXIT,False
2025-01-01 06:30:00,2025-01-01 06:45:00,2025-01-01 08:15:00,35169,LONG,93720.01,-11.465003044706755,-19.465003044706755,8.534996955293245,-44.38859961709296,6,TRAILING_STOP,False
2025-01-01 09:15:00,2025-01-01 09:30:00,2025-01-01 09:45:00,35175,SHORT,93141.91,-19.98624786629305,-27.98624786629305,10.01375213370695,-32.69956564128784,1,TRAILING_STOP,False
2025-01-01 10:15:00,2025-01-01 10:30:00,2025-01-01 11:15:00,35181,SHORT,93410.25,-7.491763484200074,-15.491763484200074,22.508236515799926,-8.096541867729147,3,TRAILING_STOP,True
2025-01-01 12:15:00,2025-01-01 12:30:00,2025-01-01 13:00:00,35188,LONG,93888.3,-18.75383833768456,-26.75383833768456,1.246161662315442,-25.61128489918407,2,TRAILING_STOP,False
2025-01-01 13:30:00,2025-01-01 13:45:00,2025-01-01 14:00:00,35192,LONG,93776.51,51.90926597716327,43.90926597716327,71.90926597716327,0.0,1,TRAILING_STOP,True
2025-01-01 19:45:00,2025-01-01 20:00:00,2025-01-01 21:15:00,35221,LONG,94627.08,35.382666357240694,27.382666357240694,55.382666357240694,-4.993285220256189,5,TRAILING_STOP,False
2025-01-01 21:45:00,2025-01-01 22:00:00,2025-01-02 00:15:00,35233,LONG,94978.48,3.3231780504388055,-4.6768219495611945,23.323178050438806,-61.74872455318257,9,TRAILING_STOP,True
2025-01-02 00:30:00,2025-01-02 00:45:00,2025-01-02 01:15:00,35237,LONG,95105.0,23.21539351243363,15.215393512433629,43.21539351243363,-8.937490142474108,2,TRAILING_STOP,False
2025-01-02 01:45:00,2025-01-02 02:00:00,2025-01-02 03:00:00,35244,LONG,94862.73,26.014910175999503,18.014910175999503,46.0149101759995,-3.5556640632201844,4,TRAILING_STOP,True
2025-01-02 04:30:00,2025-01-02 04:45:00,2025-01-02 07:15:00,35261,LONG,95812.79,-4.121579175388869,-12.12157917538887,2.422432328711689,-45.16620380222724,10,TIME_EXIT,False
2025-01-02 09:45:00,2025-01-02 10:00:00,2025-01-02 11:15:00,35277,LONG,96755.51,-7.507688192640408,-15.507688192640408,12.492311807359592,-29.56420776449717,5,TRAILING_STOP,False
2025-01-02 11:45:00,2025-01-02 12:00:00,2025-01-02 12:30:00,35282,LONG,96733.0,-3.2528713055523966,-11.252871305552397,16.747128694447603,-12.77537138308558,2,TRAILING_STOP,True
2025-01-02 14:00:00,2025-01-02 14:15:00,2025-01-02 14:30:00,35290,SHORT,96368.06,-19.559818886049943,-27.559818886049943,10.440181113950057,-111.32837996323738,1,TRAILING_STOP,False
2025-01-02 14:45:00,2025-01-02 15:00:00,2025-01-02 16:45:00,35299,LONG,97256.48,20.462085405517875,12.462085405517875,40.462085405517875,-125.07547054962325,7,TRAILING_STOP,False
2025-01-02 17:15:00,2025-01-02 17:30:00,2025-01-02 18:15:00,35305,LONG,97084.41,-17.00981856922251,-25.00981856922251,2.990181430777489,-78.17630039673736,3,TRAILING_STOP,True
2025-01-03 07:30:00,2025-01-03 07:45:00,2025-01-03 09:15:00,35365,SHORT,96384.83,-0.44970666026936357,-8.449706660269364,29.550293339730636,-19.27585492447241,6,TRAILING_STOP,False
2025-01-03 14:30:00,2025-01-03 14:45:00,2025-01-03 15:00:00,35388,LONG,97251.99,0.3605088183794223,-7.639491181620578,20.360508818379422,-38.189449902259966,1,TRAILING_STOP,False
2025-01-03 15:30:00,2025-01-03 15:45:00,2025-01-03 16:15:00,35393,LONG,97432.8,83.82745851499652,75.82745851499652,103.82745851499652,-2.695190941860371,2,TRAILING_STOP,True
2025-01-04 09:45:00,2025-01-04 10:00:00,2025-01-04 12:15:00,35473,SHORT,97690.37,-20.749344075573127,-28.749344075573127,9.250655924426875,-33.43215917802398,9,TRAILING_STOP,False
2025-01-04 15:30:00,2025-01-04 15:45:00,2025-01-04 17:30:00,35494,SHORT,97637.63,-21.023952547803606,-29.023952547803606,8.976047452196394,-27.803829322772494,7,TRAILING_STOP,False
2025-01-05 08:00:00,2025-01-05 08:15:00,2025-01-05 10:45:00,35563,SHORT,97951.02,21.800691815154977,13.800691815154977,35.836278172499284,0.0,10,TIME_EXIT,False
2025-01-05 14:15:00,2025-01-05 14:30:00,2025-01-05 17:00:00,35588,SHORT,97484.97,-54.300678350724816,-62.300678350724816,0.0,-86.94365910970609,10,TIME_EXIT,False
2025-01-05 20:15:00,2025-01-05 20:30:00,2025-01-05 23:00:00,35612,LONG,98482.49,15.982030917374303,7.982030917374303,35.9820309173743,-32.605796218190726,10,TRAILING_STOP,False
2025-01-05 23:30:00,2025-01-05 23:45:00,2025-01-06 00:15:00,35617,LONG,98424.24,15.483128952785478,7.483128952785478,35.48312895278548,-12.62290671485045,2,TRAILING_STOP,True
2025-01-06 01:45:00,2025-01-06 02:00:00,2025-01-06 02:15:00,35625,LONG,98759.42,7.291573806326408,-0.708426193673592,27.291573806326408,-11.08248711869684,1,TRAILING_STOP,False
2025-01-06 02:45:00,2025-01-06 03:00:00,2025-01-06 03:45:00,35631,LONG,98815.39,22.564220006621014,14.564220006621014,42.564220006621014,0.0,3,TRAILING_STOP,True
2025-01-06 11:15:00,2025-01-06 11:30:00,2025-01-06 12:45:00,35667,LONG,99248.69,26.795579871130016,18.795579871130016,46.795579871130016,-10.70643854342151,5,TRAILING_STOP,False
2025-01-06 13:15:00,2025-01-06 13:30:00,2025-01-06 14:00:00,35672,LONG,99320.03,8.18867453020314,0.18867453020314073,28.18867453020314,-11.851587237739643,2,TRAILING_STOP,True
2025-01-06 14:15:00,2025-01-06 14:30:00,2025-01-06 17:00:00,35684,SHORT,99055.0,-287.21518348392254,-295.21518348392254,0.0,-345.7675029024279,10,TIME_EXIT,False
2025-01-07 00:30:00,2025-01-07 00:45:00,2025-01-07 03:15:00,35725,SHORT,102056.5,39.29098097622446,31.29098097622446,41.104682210344265,-1.5089680716068237,10,TIME_EXIT,False
2025-01-07 10:00:00,2025-01-07 10:15:00,2025-01-07 11:45:00,35759,SHORT,101436.01,64.99190672030552,56.99190672030552,94.99190672030552,-13.597735163282504,6,TRAILING_STOP,False
2025-01-07 12:00:00,2025-01-07 12:15:00,2025-01-07 13:30:00,35766,LONG,100718.09,4.024482592948413,-3.975517407051587,24.024482592948413,-10.172949070022263,5,TRAILING_STOP,False
2025-01-07 14:00:00,2025-01-07 14:15:00,2025-01-07 14:45:00,35771,LONG,100576.01,7.241088605524368,-0.758911394475632,27.241088605524368,-83.91762608200452,2,TRAILING_STOP,True
2025-01-07 15:00:00,2025-01-07 15:15:00,2025-01-07 15:45:00,35775,SHORT,98592.43,115.94731055923799,107.94731055923799,145.947310559238,0.0,2,TRAILING_STOP,False
2025-01-07 16:15:00,2025-01-07 16:30:00,2025-01-07 17:30:00,35782,SHORT,98013.37,93.7953556744351,85.7953556744351,123.7953556744351,-20.27886603633865,4,TRAILING_STOP,True
2025-01-08 03:00:00,2025-01-08 03:15:00,2025-01-08 03:45:00,35823,SHORT,96639.19,13.704836516117382,5.704836516117382,43.70483651611738,-16.640247088163473,2,TRAILING_STOP,False
2025-01-08 04:15:00,2025-01-08 04:30:00,2025-01-08 05:15:00,35829,SHORT,96500.01,15.8580263359557,7.858026335955699,45.8580263359557,-13.662174750034852,3,TRAILING_STOP,True
2025-01-08 06:30:00,2025-01-08 06:45:00,2025-01-08 07:00:00,35836,SHORT,95774.0,24.632781339403728,16.632781339403728,54.63278133940373,0.0,1,TRAILING_STOP,False
2025-01-08 07:30:00,2025-01-08 07:45:00,2025-01-08 08:15:00,35841,SHORT,95582.9,-24.31488268299073,-32.31488268299073,5.685117317009268,-41.207161532032394,2,TRAILING_STOP,True
2025-01-08 11:30:00,2025-01-08 11:45:00,2025-01-08 14:15:00,35865,SHORT,94784.0,-69.11293045239721,-77.11293045239721,0.0,-95.07722822417212,10,TIME_EXIT,False
2025-01-08 14:30:00,2025-01-08 14:45:00,2025-01-08 15:30:00,35870,SHORT,95356.59,46.78126912885659,38.78126912885659,76.7812691288566,-75.79234953766809,3,TRAILING_STOP,False
2025-01-08 16:00:00,2025-01-08 16:15:00,2025-01-08 17:30:00,35878,SHORT,95013.43,234.43945871652028,226.43945871652028,264.4394587165203,-14.332710649432148,5,TRAILING_STOP,True
2025-01-09 02:00:00,2025-01-09 02:15:00,2025-01-09 04:15:00,35921,SHORT,94079.21,-0.001873952810495183,-8.001873952810495,29.998126047189505,-84.96138519870624,8,TRAILING_STOP,False
2025-01-09 04:45:00,2025-01-09 05:00:00,2025-01-09 07:30:00,35934,SHORT,94424.24,89.13254477875688,81.13254477875688,119.13254477875688,-20.58687472623549,10,TRAILING_STOP,True
2025-01-09 07:45:00,2025-01-09 08:00:00,2025-01-09 08:30:00,35938,SHORT,93221.59,20.588066562691814,12.588066562691814,50.588066562691814,-19.24339629907615,2,TRAILING_STOP,False
2025-01-09 09:00:00,2025-01-09 09:15:00,2025-01-09 10:45:00,35947,SHORT,93318.25,2.3302247952567754,-5.669775204743225,32.330224795256775,-50.31170215900963,6,TRAILING_STOP,True
2025-01-09 13:15:00,2025-01-09 13:30:00,2025-01-09 14:00:00,35960,SHORT,92872.02,85.42981406025238,77.42981406025238,115.42981406025238,0.0,2,TRAILING_STOP,False
2025-01-09 14:30:00,2025-01-09 14:45:00,2025-01-09 17:15:00,35973,SHORT,92216.29,-171.98262909947977,-179.98262909947977,0.0,-267.7357764013285,10,TIME_EXIT,True
2025-01-09 19:45:00,2025-01-09 20:00:00,2025-01-09 20:30:00,35986,SHORT,91909.59,46.80591328935297,38.80591328935297,76.80591328935297,-11.267594600302067,2,TRAILING_STOP,False
2025-01-09 21:00:00,2025-01-09 21:15:00,2025-01-09 22:15:00,35993,SHORT,92183.56,30.70062818142386,22.70062818142386,60.70062818142386,-18.05528013888836,4,TRAILING_STOP,True
2025-01-10 02:45:00,2025-01-10 03:00:00,2025-01-10 03:45:00,36015,SHORT,93364.36,-24.453986510484427,-32.45398651048443,5.546013489515575,-38.930272750758554,3,TRAILING_STOP,False
2025-01-10 04:15:00,2025-01-10 04:30:00,2025-01-10 07:00:00,36028,SHORT,93567.7,-72.61693939254748,-80.61693939254748,0.0,-80.29480258679042,10,TIME_EXIT,True
2025-01-10 07:30:00,2025-01-10 07:45:00,2025-01-10 09:45:00,36039,LONG,94811.13,-0.021332938443169525,-8.02133293844317,19.97866706155683,-44.57599018174392,8,TRAILING_STOP,False
2025-01-10 10:15:00,2025-01-10 10:30:00,2025-01-10 11:00:00,36044,LONG,94788.99,33.21398613910634,25.21398613910634,53.21398613910634,0.0,2,TRAILING_STOP,True
2025-01-10 13:30:00,2025-01-10 13:45:00,2025-01-10 14:00:00,36056,SHORT,93548.0,-12.033822208918739,-20.03382220891874,17.96617779108126,-89.54226707144932,1,TRAILING_STOP,False
2025-01-10 14:30:00,2025-01-10 14:45:00,2025-01-10 15:15:00,36061,SHORT,94295.21,191.55844395489464,183.55844395489464,221.55844395489464,0.0,2,TRAILING_STOP,False
2025-01-10 15:45:00,2025-01-10 16:00:00,2025-01-10 16:30:00,36066,SHORT,93730.93,29.055212617649147,21.055212617649147,59.05521261764915,-30.222681029625267,2,TRAILING_STOP,True
2025-01-11 04:30:00,2025-01-11 04:45:00,2025-01-11 07:15:00,36125,SHORT,93974.02,-22.757353574956205,-30.757353574956205,0.0,-49.78503633238115,10,TIME_EXIT,False
2025-01-11 10:45:00,2025-01-11 11:00:00,2025-01-11 12:00:00,36144,LONG,94488.87,12.046102361050878,4.0461023610508775,32.04610236105088,0.0,4,TRAILING_STOP,False
2025-01-11 12:30:00,2025-01-11 12:45:00,2025-01-11 15:15:00,36157,LONG,94611.6,-16.253102156606897,-24.253102156606897,3.746897843393103,-32.168359905128526,10,TRAILING_STOP,True
2025-01-11 17:00:00,2025-01-11 17:15:00,2025-01-11 19:45:00,36175,SHORT,94111.18,-14.672008150360218,-22.67200815036022,6.611329280961796,-22.974953666503932,10,TIME_EXIT,False
2025-01-11 20:45:00,2025-01-11 21:00:00,2025-01-11 22:00:00,36184,LONG,94586.12,29.142516893599932,21.142516893599932,49.14251689359993,0.0,4,TRAILING_STOP,False
2025-01-11 22:30:00,2025-01-11 22:45:00,2025-01-12 00:15:00,36193,LONG,94642.96,-8.334050414316192,-16.33405041431619,11.665949585683808,-15.046021383947492,6,TRAILING_STOP,True
2025-01-12 08:30:00,2025-01-12 08:45:00,2025-01-12 10:45:00,36235,SHORT,94267.03,28.96441205371554,20.96441205371554,58.96441205371554,0.0,8,TRAILING_STOP,False
2025-01-12 11:15:00,2025-01-12 11:30:00,2025-01-12 13:00:00,36244,SHORT,94285.95,-18.071393457879868,-26.071393457879868,11.928606542120132,-33.30825006270849,6,TRAILING_STOP,True
2025-01-12 15:15:00,2025-01-12 15:30:00,2025-01-12 18:00:00,36264,LONG,95267.19,-7.963917063156301,-15.963917063156302,4.92614508730582,-49.93954371909251,10,TIME_EXIT,False
2025-01-12 22:00:00,2025-01-12 22:15:00,2025-01-12 23:00:00,36284,SHORT,94043.21,-4.138483788462093,-12.138483788462093,25.861516211537907,-21.988828326892882,3,TRAILING_STOP,False
2025-01-12 23:30:00,2025-01-12 23:45:00,2025-01-13 02:15:00,36297,SHORT,94444.03,12.440172237462257,4.4401722374622565,38.398403795347804,-158.39751861499357,10,TIME_EXIT,True
2025-01-13 06:45:00,2025-01-13 07:00:00,2025-01-13 07:30:00,36318,SHORT,93637.38,-12.039224079100936,-20.039224079100936,17.960775920899064,-33.09789317044093,2,TRAILING_STOP,False
2025-01-13 08:00:00,2025-01-13 08:15:00,2025-01-13 09:30:00,36326,SHORT,93439.93,55.16915626970102,47.16915626970102,85.16915626970102,0.0,5,TRAILING_STOP,True
2025-01-13 10:00:00,2025-01-13 10:15:00,2025-01-13 12:00:00,36336,SHORT,92652.98,196.43416326166695,188.43416326166695,226.43416326166695,0.0,7,TRAILING_STOP,False
2025-01-13 12:30:00,2025-01-13 12:45:00,2025-01-13 13:00:00,36340,SHORT,90828.21,-3.02930444186876,-11.02930444186876,26.97069555813124,-71.7728555918909,1,TRAILING_STOP,True
2025-01-13 14:30:00,2025-01-13 14:45:00,2025-01-13 15:15:00,36349,LONG,91245.67,183.2238899665049,175.2238899665049,203.2238899665049,0.0,2,TRAILING_STOP,False
2025-01-13 20:45:00,2025-01-13 21:00:00,2025-01-13 21:45:00,36375,LONG,93575.53,75.80175501009732,67.80175501009732,95.80175501009732,-6.135150931018343,3,TRAILING_STOP,False
2025-01-13 22:15:00,2025-01-13 22:30:00,2025-01-14 00:00:00,36384,LONG,94555.61,-13.962283147451906,-21.962283147451906,6.037716852548094,-41.33440628218638,6,TRAILING_STOP,True
2025-01-14 08:00:00,2025-01-14 08:15:00,2025-01-14 08:45:00,36419,LONG,95536.46,9.647319986525634,1.647319986525634,29.647319986525634,-30.213595940231478,2,TRAILING_STOP,False
2025-01-14 09:15:00,2025-01-14 09:30:00,2025-01-14 09:45:00,36423,LONG,96407.72,79.91730952666434,71.91730952666434,99.91730952666434,0.0,1,TRAILING_STOP,True
2025-01-14 13:15:00,2025-01-14 13:30:00,2025-01-14 13:45:00,36439,LONG,95898.66,62.48811818642751,54.48811818642751,82.48811818642751,0.0,1,TRAILING_STOP,False
2025-01-14 14:15:00,2025-01-14 14:30:00,2025-01-14 14:45:00,36443,LONG,96791.75,-9.938192046326321,-17.93819204632632,10.061807953673679,-67.27329550297357,1,TRAILING_STOP,True
2025-01-15 00:15:00,2025-01-15 00:30:00,2025-01-15 01:00:00,36484,LONG,97208.21,-19.409514895913556,-27.409514895913556,0.5904851040864435,-45.48895612829434,2,TRAILING_STOP,False
2025-01-15 01:30:00,2025-01-15 01:45:00,2025-01-15 02:00:00,36488,LONG,97279.31,-0.9322249510193643,-8.932224951019364,19.067775048980636,-17.812626343669464,1,TRAILING_STOP,True
2025-01-15 13:30:00,2025-01-15 13:45:00,2025-01-15 14:00:00,36536,LONG,98512.0,75.31833685236316,67.31833685236316,95.31833685236316,0.0,1,TRAILING_STOP,False
2025-01-15 14:30:00,2025-01-15 14:45:00,2025-01-15 15:00:00,36540,LONG,98993.1,51.004948829766334,43.004948829766334,71.00494882976633,0.0,1,TRAILING_STOP,True
2025-01-15 20:00:00,2025-01-15 20:15:00,2025-01-15 22:45:00,36571,LONG,100245.7,-53.09354914973816,-61.09354914973816,0.0,-78.29762274092498,10,TIME_EXIT,False
2025-01-16 00:30:00,2025-01-16 00:45:00,2025-01-16 03:15:00,36589,SHORT,99848.2,30.866855887236536,22.866855887236536,37.72927303646948,-35.23348442936407,10,TIME_EXIT,False
2025-01-16 06:30:00,2025-01-16 06:45:00,2025-01-16 08:15:00,36609,LONG,99810.42,-16.034482171300176,-24.034482171300176,3.9655178286998236,-40.09501212398488,6,TRAILING_STOP,False
2025-01-16 08:45:00,2025-01-16 09:00:00,2025-01-16 11:00:00,36620,LONG,98955.81,25.46776990658836,17.46776990658836,45.46776990658836,-25.85194340786988,8,TRAILING_STOP,True
2025-01-16 11:15:00,2025-01-16 11:30:00,2025-01-16 12:00:00,36624,SHORT,99064.8,-12.04710452148434,-20.04710452148434,17.95289547851566,-24.106443459230487,2,TRAILING_STOP,False
2025-01-16 13:30:00,2025-01-16 13:45:00,2025-01-16 14:30:00,36634,LONG,99391.59,-16.642573078868153,-24.642573078868153,3.357426921131848,-117.65985431966651,3,TRAILING_STOP,False
2025-01-16 14:45:00,2025-01-16 15:00:00,2025-01-16 17:30:00,36646,SHORT,97618.88,-243.50822299948442,-251.50822299948442,0.0,-280.9558970559782,10,TIME_EXIT,False
2025-01-17 01:30:00,2025-01-17 01:45:00,2025-01-17 02:15:00,36681,LONG,101635.5,30.438085117897252,22.438085117897252,50.43808511789725,-16.543432166910126,2,TRAILING_STOP,False
2025-01-17 02:45:00,2025-01-17 03:00:00,2025-01-17 03:30:00,36686,LONG,101100.0,-4.355093966370102,-12.355093966370102,15.644906033629898,-15.453016815034216,2,TRAILING_STOP,True
2025-01-17 08:30:00,2025-01-17 08:45:00,2025-01-17 09:15:00,36709,LONG,101964.61,11.715906136452581,3.715906136452581,31.71590613645258,0.0,2,TRAILING_STOP,False
2025-01-17 09:45:00,2025-01-17 10:00:00,2025-01-17 10:30:00,36714,LONG,101861.26,50.70303273295484,42.70303273295484,70.70303273295484,0.0,2,TRAILING_STOP,True
2025-01-17 14:30:00,2025-01-17 14:45:00,2025-01-17 17:15:00,36741,SHORT,102546.34,-240.74676872914276,-248.74676872914276,0.0,-265.5287355940747,10,TIME_EXIT,False
2025-01-18 03:30:00,2025-01-18 03:45:00,2025-01-18 04:15:00,36785,SHORT,103291.07,30.462148373523874,22.462148373523874,60.462148373523874,-42.1294890255265,2,TRAILING_STOP,False
2025-01-18 05:45:00,2025-01-18 06:00:00,2025-01-18 08:00:00,36800,SHORT,102829.27,23.653983928895066,15.653983928895066,53.653983928895066,-78.54183930314777,8,TRAILING_STOP,False
2025-01-18 13:45:00,2025-01-18 14:00:00,2025-01-18 14:15:00,36825,LONG,104365.81,-5.993497295713263,-13.993497295713263,14.006502704286737,-18.137165801711653,1,TRAILING_STOP,False
2025-01-18 14:45:00,2025-01-18 15:00:00,2025-01-18 15:45:00,36831,LONG,103993.02,75.76219634740875,67.76219634740875,95.76219634740875,0.0,3,TRAILING_STOP,True
2025-01-19 02:15:00,2025-01-19 02:30:00,2025-01-19 02:45:00,36875,LONG,105190.61,-17.53495107595697,-25.53495107595697,2.4650489240430318,-35.135265400590086,1,TRAILING_STOP,False
2025-01-19 03:15:00,2025-01-19 03:30:00,2025-01-19 04:15:00,36881,LONG,104783.49,26.207661149670905,18.207661149670905,46.207661149670905,-10.212486719044128,3,TRAILING_STOP,True
2025-01-19 09:00:00,2025-01-19 09:15:00,2025-01-19 11:45:00,36911,SHORT,104121.85,-23.18245401901619,-31.18245401901619,0.0,-131.97806224149812,10,TIME_EXIT,False
2025-01-19 19:45:00,2025-01-19 20:00:00,2025-01-19 21:00:00,36948,LONG,106200.0,0.9444444444437892,-7.055555555556211,20.94444444444379,-67.2316384180791,4,TRAILING_STOP,False
2025-01-19 21:30:00,2025-01-19 21:45:00,2025-01-19 22:15:00,36953,LONG,104402.39,-10.6505971750263,-18.6505971750263,9.3494028249737,-161.65817659921387,2,TRAILING_STOP,True
2025-01-19 22:45:00,2025-01-19 23:00:00,2025-01-20 01:30:00,36966,LONG,103414.0,-322.17494729920566,-330.17494729920566,0.0,-373.64380064594735,10,TIME_EXIT,False
2025-01-20 05:00:00,2025-01-20 05:15:00,2025-01-20 06:15:00,36985,SHORT,102485.74,-4.14859862454988,-12.14859862454988,25.85140137545012,-29.27334085698115,4,TRAILING_STOP,False
2025-01-20 06:30:00,2025-01-20 06:45:00,2025-01-20 07:00:00,36988,LONG,104689.92,439.458752093803,431.458752093803,459.458752093803,0.0,1,TRAILING_STOP,False
2025-01-20 07:30:00,2025-01-20 07:45:00,2025-01-20 08:15:00,36993,LONG,107948.97,11.406506240865369,3.406506240865369,31.40650624086537,-79.26337787197038,2,TRAILING_STOP,True
2025-01-20 12:15:00,2025-01-20 12:30:00,2025-01-20 12:45:00,37011,SHORT,106655.98,-12.664825732228099,-20.6648257322281,17.3351742677719,-64.8439965579057,1,TRAILING_STOP,False
2025-01-20 15:45:00,2025-01-20 16:00:00,2025-01-20 16:15:00,37025,SHORT,104957.99,29.641957701362728,21.641957701362728,59.64195770136273,-66.85055611297379,1,TRAILING_STOP,False
2025-01-20 17:00:00,2025-01-20 17:15:00,2025-01-20 17:30:00,37030,SHORT,104231.73,344.04444884489556,336.04444884489556,374.04444884489556,-50.05193715963431,1,TRAILING_STOP,False
2025-01-20 18:00:00,2025-01-20 18:15:00,2025-01-20 18:30:00,37034,SHORT,103923.06,10.708962957787975,2.708962957787975,40.708962957787975,-33.44878412933574,1,TRAILING_STOP,True
2025-01-20 23:45:00,2025-01-21 00:00:00,2025-01-21 00:30:00,37058,SHORT,102260.0,29.44259730099752,21.44259730099752,59.44259730099752,-26.048308233913097,2,TRAILING_STOP,False
2025-01-21 01:00:00,2025-01-21 01:15:00,2025-01-21 01:30:00,37062,SHORT,102149.09,168.73402690126784,160.73402690126784,198.73402690126784,0.0,1,TRAILING_STOP,True
2025-01-21 12:00:00,2025-01-21 12:15:00,2025-01-21 14:30:00,37114,SHORT,103977.99,38.42121106591958,30.42121106591958,68.42121106591958,-129.0667380663922,9,TRAILING_STOP,False
2025-01-21 15:00:00,2025-01-21 15:15:00,2025-01-21 17:45:00,37127,SHORT,103073.71,-300.7119856265956,-308.7119856265956,0.0,-332.5076782430746,10,TIME_EXIT,True
2025-01-22 13:30:00,2025-01-22 13:45:00,2025-01-22 14:00:00,37208,SHORT,104620.0,57.93729688396101,49.93729688396101,87.93729688396101,0.0,1,TRAILING_STOP,False
2025-01-22 14:30:00,2025-01-22 14:45:00,2025-01-22 15:00:00,37212,SHORT,104202.1,-22.230482878943285,-30.230482878943285,7.769517121056715,-71.773985361139,1,TRAILING_STOP,True
2025-01-23 01:45:00,2025-01-23 02:00:00,2025-01-23 02:30:00,37258,SHORT,102931.94,50.824280587736155,42.824280587736155,80.82428058773615,0.0,2,TRAILING_STOP,False
2025-01-23 03:00:00,2025-01-23 03:15:00,2025-01-23 04:45:00,37267,SHORT,102943.35,102.87405160216815,94.87405160216815,132.87405160216815,-6.255867911816954,6,TRAILING_STOP,True
2025-01-23 10:30:00,2025-01-23 10:45:00,2025-01-23 13:15:00,37301,SHORT,101290.18,-23.00420435623763,-31.00420435623763,0.8450967309958055,-89.33245058899153,10,TIME_EXIT,False
2025-01-23 13:30:00,2025-01-23 13:45:00,2025-01-23 14:00:00,37304,LONG,102164.9,16.226727574734625,8.226727574734625,36.226727574734625,0.0,1,TRAILING_STOP,False
2025-01-23 14:30:00,2025-01-23 14:45:00,2025-01-23 15:00:00,37308,LONG,104940.94,61.0989495615341,53.0989495615341,81.0989495615341,-218.92790363798886,1,TRAILING_STOP,True
2025-01-23 15:15:00,2025-01-23 15:30:00,2025-01-23 16:15:00,37313,LONG,104217.41,232.6055867249048,224.6055867249048,252.6055867249048,0.0,3,TRAILING_STOP,False
2025-01-23 16:45:00,2025-01-23 17:00:00,2025-01-23 17:45:00,37319,LONG,105139.18,83.79004287459777,75.79004287459777,103.79004287459777,-44.91665238401137,3,TRAILING_STOP,True
2025-01-23 20:00:00,2025-01-23 20:15:00,2025-01-23 20:30:00,37330,LONG,104846.03,74.2868318428459,66.2868318428459,94.2868318428459,-37.39197373519947,1,TRAILING_STOP,False
2025-01-23 20:45:00,2025-01-23 21:00:00,2025-01-23 21:15:00,37333,SHORT,103284.01,75.37061835612286,67.37061835612286,105.37061835612286,-0.5489717140144205,1,TRAILING_STOP,False
2025-01-23 21:45:00,2025-01-23 22:00:00,2025-01-24 00:30:00,37346,SHORT,103079.08,-52.52472179611986,-60.52472179611986,0.0,-157.2501423179173,10,TIME_EXIT,True
2025-01-24 03:30:00,2025-01-24 03:45:00,2025-01-24 04:45:00,37363,LONG,104110.82,58.14557603138532,50.14557603138532,78.14557603138532,-29.39656031909103,4,TRAILING_STOP,False
2025-01-24 05:15:00,2025-01-24 05:30:00,2025-01-24 06:00:00,37368,LONG,104879.77,25.311884265192027,17.311884265192027,45.31188426519203,-6.826864704223304,2,TRAILING_STOP,True
2025-01-24 14:30:00,2025-01-24 14:45:00,2025-01-24 17:15:00,37413,LONG,106221.99,24.123065289964035,16.123065289964035,26.022860238261234,-90.61212278173285,10,TIME_EXIT,False
2025-01-25 13:00:00,2025-01-25 13:15:00,2025-01-25 15:30:00,37502,LONG,104820.0,7.772371684793036,-0.2276283152069638,27.772371684793036,-33.08910513260795,9,TRAILING_STOP,False
2025-01-25 16:00:00,2025-01-25 16:15:00,2025-01-25 18:00:00,37512,LONG,104915.41,-2.970089903856998,-10.970089903856998,17.029910096143002,-44.38432828885704,7,TRAILING_STOP,True
2025-01-26 03:30:00,2025-01-26 03:45:00,2025-01-26 04:30:00,37554,LONG,105084.13,19.574957702937198,11.574957702937198,39.5749577029372,-10.021494206594056,3,TRAILING_STOP,False
2025-01-26 05:00:00,2025-01-26 05:15:00,2025-01-26 06:30:00,37562,LONG,105138.37,-15.089328472563855,-23.089328472563857,4.910671527436145,-17.041352267492663,5,TRAILING_STOP,True
2025-01-26 09:30:00,2025-01-26 09:45:00,2025-01-26 11:45:00,37583,SHORT,104629.15,-17.656403593071893,-25.656403593071893,12.343596406928107,-20.887104597524512,8,TRAILING_STOP,False
2025-01-26 12:15:00,2025-01-26 12:30:00,2025-01-26 15:00:00,37596,SHORT,104761.5,-22.061539783221445,-30.061539783221445,4.389016957565129,-34.803816287472074,10,TIME_EXIT,True
2025-01-26 18:00:00,2025-01-26 18:15:00,2025-01-26 20:00:00,37616,LONG,105086.18,-3.803769439519865,-11.803769439519865,16.196230560480135,-12.007287732791601,7,TRAILING_STOP,False
2025-01-26 20:30:00,2025-01-26 20:45:00,2025-01-26 23:15:00,37629,LONG,105050.0,-182.1589719181344,-190.1589719181344,0.0,-225.79723940980483,10,TIME_EXIT,True
2025-01-26 23:45:00,2025-01-27 00:00:00,2025-01-27 01:15:00,37637,SHORT,102620.01,111.41588955214405,103.41588955214405,141.41588955214405,-41.39251204516586,5,TRAILING_STOP,False
2025-01-27 01:45:00,2025-01-27 02:00:00,2025-01-27 03:00:00,37644,SHORT,101308.29,28.016969785986397,20.016969785986397,58.0169697859864,-37.480644476380604,4,TRAILING_STOP,True
2025-01-27 05:45:00,2025-01-27 06:00:00,2025-01-27 08:30:00,37666,LONG,100374.07,-154.85573116642632,-162.85573116642632,0.0,-258.66242147997013,10,TIME_EXIT,False
2025-01-27 12:45:00,2025-01-27 13:00:00,2025-01-27 13:15:00,37685,LONG,100619.68,84.05320311096304,76.05320311096304,104.05320311096304,-0.18386065230889911,1,TRAILING_STOP,False
2025-01-27 14:30:00,2025-01-27 14:45:00,2025-01-27 15:00:00,37692,LONG,101224.01,68.36638659148265,60.36638659148265,88.36638659148265,0.0,1,TRAILING_STOP,False
2025-01-27 21:00:00,2025-01-27 21:15:00,2025-01-27 21:45:00,37719,SHORT,102295.12,101.10302817964293,93.10302817964293,131.10302817964293,0.0,2,TRAILING_STOP,False
2025-01-27 22:15:00,2025-01-27 22:30:00,2025-01-28 01:00:00,37732,SHORT,101474.0,-37.358338096457864,-45.358338096457864,0.0,-139.74022902418352,10,TIME_EXIT,True
2025-01-28 14:00:00,2025-01-28 14:15:00,2025-01-28 16:30:00,37794,SHORT,101962.97,-24.436215422128647,-32.43621542212865,5.563784577871351,-180.16638785629712,9,TRAILING_STOP,False
2025-01-29 09:15:00,2025-01-29 09:30:00,2025-01-29 10:15:00,37865,SHORT,102350.0,-13.453834880312083,-21.453834880312083,16.546165119687917,-34.196384953590616,3,TRAILING_STOP,False
2025-01-29 12:00:00,2025-01-29 12:15:00,2025-01-29 14:45:00,37883,LONG,102775.67,-72.55997455428948,-80.55997455428948,0.0,-116.10724600481835,10,TIME_EXIT,False
2025-01-29 19:00:00,2025-01-29 19:15:00,2025-01-29 19:30:00,37902,SHORT,102048.01,26.238235316886062,18.238235316886062,56.23823531688606,-191.18354194266067,1,TRAILING_STOP,False
2025-01-29 19:45:00,2025-01-29 20:00:00,2025-01-29 20:15:00,37905,LONG,103584.0,86.69311862835943,78.69311862835943,106.69311862835943,-54.255483472350946,1,TRAILING_STOP,False
2025-01-29 20:45:00,2025-01-29 21:00:00,2025-01-29 21:15:00,37909,LONG,104193.92,-2.6515789021091862,-10.651578902109186,17.348421097890814,-24.330594337941672,1,TRAILING_STOP,True
2025-01-30 03:45:00,2025-01-30 04:00:00,2025-01-30 05:00:00,37940,LONG,105196.0,18.00619795429462,10.00619795429462,38.00619795429462,-33.61629719761252,4,TRAILING_STOP,False
2025-01-30 05:30:00,2025-01-30 05:45:00,2025-01-30 06:15:00,37945,LONG,105188.02,17.279910773108895,9.279910773108895,37.279910773108895,0.0,2,TRAILING_STOP,True
2025-01-30 13:15:00,2025-01-30 13:30:00,2025-01-30 14:45:00,37979,LONG,105259.14,71.48279189816698,63.48279189816698,91.48279189816698,-56.92047265444117,5,TRAILING_STOP,False
2025-01-30 15:15:00,2025-01-30 15:30:00,2025-01-30 15:45:00,37983,LONG,105498.3,43.20954934818772,35.20954934818772,63.20954934818772,-3.664514025344815,1,TRAILING_STOP,True
2025-01-31 03:00:00,2025-01-31 03:15:00,2025-01-31 03:45:00,38031,SHORT,104218.91,-8.995174676073326,-16.995174676073326,21.004825323926674,-15.241955610550068,2,TRAILING_STOP,False
2025-01-31 07:45:00,2025-01-31 08:00:00,2025-01-31 09:45:00,38055,SHORT,104188.57,-5.810206436270949,-13.81020643627095,24.18979356372905,-13.548511127467144,7,TRAILING_STOP,False
2025-01-31 10:15:00,2025-01-31 10:30:00,2025-01-31 13:00:00,38068,SHORT,104153.96,-71.82540154978231,-79.82540154978231,0.0,-84.68905070916098,10,TIME_EXIT,True
2025-01-31 14:30:00,2025-01-31 14:45:00,2025-01-31 15:00:00,38076,SHORT,104485.12,-26.063554312806446,-34.063554312806446,3.9364456871935554,-47.50915728478933,1,TRAILING_STOP,False
2025-01-31 15:15:00,2025-01-31 15:30:00,2025-01-31 15:45:00,38079,LONG,105166.24,60.421245449109406,52.421245449109406,80.4212454491094,0.0,1,TRAILING_STOP,False
2025-01-31 16:15:00,2025-01-31 16:30:00,2025-01-31 17:00:00,38084,LONG,104804.01,8.34338113589384,0.34338113589383923,28.34338113589384,-24.99999761459459,2,TRAILING_STOP,True
2025-01-31 18:30:00,2025-01-31 18:45:00,2025-01-31 19:15:00,38093,SHORT,103096.27,62.871449180460274,54.871449180460274,92.87144918046027,0.0,2,TRAILING_STOP,False
2025-01-31 19:45:00,2025-01-31 20:00:00,2025-01-31 21:30:00,38102,SHORT,102312.31,43.53074131548762,35.53074131548762,73.53074131548762,-0.8904109388206153,6,TRAILING_STOP,True
2025-02-01 08:15:00,2025-02-01 08:30:00,2025-02-01 10:00:00,38152,SHORT,102009.27,28.550561140179134,20.550561140179134,58.550561140179134,-4.300589544459571,6,TRAILING_STOP,False
2025-02-01 10:30:00,2025-02-01 10:45:00,2025-02-01 11:15:00,38157,SHORT,101776.01,-16.43982997564998,-24.43982997564998,13.560170024350018,-24.640384310605107,2,TRAILING_STOP,True
2025-02-01 19:30:00,2025-02-01 19:45:00,2025-02-01 20:45:00,38195,SHORT,101557.32,24.877383530798852,16.877383530798852,54.87738353079885,-11.055825419575747,4,TRAILING_STOP,False
2025-02-01 21:15:00,2025-02-01 21:30:00,2025-02-01 22:30:00,38202,SHORT,101480.68,61.21736275318544,53.21736275318544,91.21736275318544,0.0,4,TRAILING_STOP,True
2025-02-01 23:00:00,2025-02-01 23:15:00,2025-02-02 01:45:00,38215,SHORT,100389.11,-85.59394539905813,-93.59394539905813,0.0,-106.33523895171551,10,TIME_EXIT,False
2025-02-02 03:00:00,2025-02-02 03:15:00,2025-02-02 04:15:00,38225,SHORT,99976.63,64.56610009759304,56.566100097593036,94.56610009759304,0.0,4,TRAILING_STOP,False
2025-02-02 04:45:00,2025-02-02 05:00:00,2025-02-02 07:30:00,38238,SHORT,99538.6,-22.867510694343235,-30.867510694343235,0.0,-98.19205815633326,10,TIME_EXIT,True
2025-02-02 11:30:00,2025-02-02 11:45:00,2025-02-02 12:00:00,38256,SHORT,98828.0,-22.1074998988141,-30.1074998988141,7.892500101185899,-34.220059092565094,1,TRAILING_STOP,False
2025-02-02 12:30:00,2025-02-02 12:45:00,2025-02-02 13:00:00,38260,SHORT,98692.82,23.987716634300945,15.987716634300945,53.987716634300945,0.0,1,TRAILING_STOP,True
2025-02-02 17:15:00,2025-02-02 17:30:00,2025-02-02 18:00:00,38280,SHORT,97848.0,54.72324421551795,46.72324421551795,84.72324421551795,0.0,2,TRAILING_STOP,False
2025-02-02 18:30:00,2025-02-02 18:45:00,2025-02-02 19:00:00,38284,SHORT,97044.37,-9.18065726017969,-17.18065726017969,20.81934273982031,-54.79658428407584,1,TRAILING_STOP,True
2025-02-02 22:30:00,2025-02-02 22:45:00,2025-02-02 23:15:00,38301,SHORT,97159.99,33.492184385774365,25.492184385774365,63.492184385774365,-85.8872052168795,2,TRAILING_STOP,False
2025-02-02 23:45:00,2025-02-03 00:00:00,2025-02-03 00:15:00,38305,SHORT,97700.59,137.92017325586227,129.92017325586227,167.92017325586227,0.0,1,TRAILING_STOP,True
2025-02-03 00:30:00,2025-02-03 00:45:00,2025-02-03 01:30:00,38310,SHORT,95694.53,166.5065296835662,158.5065296835662,196.5065296835662,-130.67622569440488,3,TRAILING_STOP,False
2025-02-03 02:00:00,2025-02-03 02:15:00,2025-02-03 02:30:00,38314,SHORT,94046.03,55.3337456137169,47.3337456137169,85.3337456137169,-13.868740658165748,1,TRAILING_STOP,True
2025-02-03 08:15:00,2025-02-03 08:30:00,2025-02-03 08:45:00,38339,SHORT,95390.39,14.351427853475855,6.351427853475855,44.351427853475855,-2.241315922914736,1,TRAILING_STOP,False
2025-02-03 09:15:00,2025-02-03 09:30:00,2025-02-03 10:30:00,38346,SHORT,95880.58,82.77466198056042,74.77466198056042,112.77466198056042,0.0,4,TRAILING_STOP,True
2025-02-03 14:30:00,2025-02-03 14:45:00,2025-02-03 15:00:00,38364,LONG,96150.85,64.5806355326032,56.580635532603196,84.5806355326032,0.0,1,TRAILING_STOP,False
2025-02-03 15:30:00,2025-02-03 15:45:00,2025-02-03 16:00:00,38368,LONG,98648.0,19.92883788824907,11.92883788824907,39.92883788824907,-49.06333630686887,1,TRAILING_STOP,True
2025-02-04 04:00:00,2025-02-04 04:15:00,2025-02-04 05:15:00,38421,SHORT,100269.77,156.0062110444655,148.0062110444655,186.0062110444655,-6.724858349629506,4,TRAILING_STOP,False
2025-02-04 05:30:00,2025-02-04 05:45:00,2025-02-04 08:00:00,38432,SHORT,98760.86,36.189176562456254,28.189176562456254,66.18917656245625,-92.41920331597004,9,TRAILING_STOP,False
2025-02-04 08:30:00,2025-02-04 08:45:00,2025-02-04 11:15:00,38445,SHORT,97893.04,-146.68867163590082,-154.68867163590082,0.0,-158.55366224197397,10,TIME_EXIT,True
2025-02-04 14:00:00,2025-02-04 14:15:00,2025-02-04 15:15:00,38461,SHORT,98683.4,11.285565758779924,3.2855657587799243,41.285565758779924,-175.47024119558162,4,TRAILING_STOP,False
2025-02-04 19:45:00,2025-02-04 20:00:00,2025-02-04 20:15:00,38481,SHORT,98859.78,60.44628664963591,52.44628664963591,90.44628664963591,0.0,1,TRAILING_STOP,False
2025-02-05 14:30:00,2025-02-05 14:45:00,2025-02-05 17:15:00,38565,LONG,98789.32,-119.57972784912447,-127.57972784912447,0.0,-148.02511040667164,10,TIME_EXIT,False
2025-02-05 22:15:00,2025-02-05 22:30:00,2025-02-05 23:00:00,38588,SHORT,96530.87,0.04116714166055857,-7.958832858339441,30.04116714166056,-30.449326728331318,2,TRAILING_STOP,False
2025-02-05 23:30:00,2025-02-05 23:45:00,2025-02-06 00:00:00,38592,SHORT,96584.94,-14.038919525134716,-22.038919525134716,15.961080474865284,-23.88467601677884,1,TRAILING_STOP,True
2025-02-06 14:30:00,2025-02-06 14:45:00,2025-02-06 15:00:00,38652,SHORT,98107.84,17.510983831668838,9.510983831668838,47.51098383166884,0.0,1,TRAILING_STOP,False
2025-02-06 15:30:00,2025-02-06 15:45:00,2025-02-06 17:15:00,38661,SHORT,97178.89,56.240952124479065,48.240952124479065,86.24095212447907,-37.95268704962641,6,TRAILING_STOP,True
2025-02-07 01:45:00,2025-02-07 02:00:00,2025-02-07 03:15:00,38701,LONG,97404.01,17.779758759419174,9.779758759419174,37.779758759419174,-36.59192265287623,5,TRAILING_STOP,False
2025-02-07 06:30:00,2025-02-07 06:45:00,2025-02-07 08:30:00,38722,SHORT,96757.93,-15.04618691201974,-23.046186912019742,14.95381308798026,-47.08761338734723,7,TRAILING_STOP,False
2025-02-07 09:00:00,2025-02-07 09:15:00,2025-02-07 11:00:00,38732,SHORT,97230.83,-22.92096961426723,-30.92096961426723,7.0790303857327705,-45.53082597361321,7,TRAILING_STOP,True
2025-02-07 13:30:00,2025-02-07 13:45:00,2025-02-07 14:15:00,38745,LONG,98337.99,147.7896812818723,139.7896812818723,167.7896812818723,0.0,2,TRAILING_STOP,False
2025-02-07 14:45:00,2025-02-07 15:00:00,2025-02-07 17:30:00,38758,LONG,99710.91,-213.79706593792073,-221.79706593792073,0.0,-257.2536947060262,10,TIME_EXIT,True
2025-02-08 01:30:00,2025-02-08 01:45:00,2025-02-08 02:15:00,38793,SHORT,96650.01,-4.041389131775627,-12.041389131775627,25.958610868224373,-9.697877941244961,2,TRAILING_STOP,False
2025-02-08 02:45:00,2025-02-08 03:00:00,2025-02-08 05:30:00,38806,SHORT,96751.02,48.51731795695834,40.51731795695834,70.94602206777805,-11.146135720325894,10,TIME_EXIT,True
2025-02-08 13:00:00,2025-02-08 13:15:00,2025-02-08 13:45:00,38839,LONG,96185.47,14.521846179054165,6.521846179054165,34.521846179054165,-2.579391669032513,2,TRAILING_STOP,False
2025-02-08 14:15:00,2025-02-08 14:30:00,2025-02-08 16:45:00,38851,SHORT,96018.17,4.386200028598573,-3.613799971401427,34.38620002859857,-18.941206648699445,9,TRAILING_STOP,False
2025-02-08 17:15:00,2025-02-08 17:30:00,2025-02-08 20:00:00,38864,SHORT,96190.25,-23.883917548816566,-31.883917548816566,0.0,-58.191968520718056,10,TIME_EXIT,True
2025-02-08 23:45:00,2025-02-09 00:00:00,2025-02-09 01:00:00,38884,SHORT,96444.75,-21.227101527040034,-29.227101527040034,8.772898472959968,-28.7708765899643,4,TRAILING_STOP,False
2025-02-09 01:30:00,2025-02-09 01:45:00,2025-02-09 03:30:00,38894,SHORT,96705.5,-28.17073485996119,-36.170734859961186,1.8292651400388116,-49.273309170626284,7,TRAILING_STOP,True
2025-02-09 03:45:00,2025-02-09 04:00:00,2025-02-09 05:00:00,38900,LONG,97299.99,-18.697841592789654,-26.697841592789654,1.3021584072103451,-34.51696140976025,4,TRAILING_STOP,False
2025-02-09 05:30:00,2025-02-09 05:45:00,2025-02-09 08:15:00,38913,LONG,97073.26,15.777774435514322,7.777774435514322,22.78691371856798,-30.439896630646864,10,TIME_EXIT,True
2025-02-09 09:00:00,2025-02-09 09:15:00,2025-02-09 11:45:00,38927,SHORT,97010.88,47.09471762342635,39.09471762342635,51.63544542632726,-0.9401007392155749,10,TIME_EXIT,False
2025-02-09 12:00:00,2025-02-09 12:15:00,2025-02-09 14:45:00,38939,LONG,96649.99,-54.03621873111516,-62.03621873111516,0.0,-98.29178461373924,10,TIME_EXIT,False
2025-02-09 21:30:00,2025-02-09 21:45:00,2025-02-09 22:00:00,38968,SHORT,95036.26,-2.9503244340641714,-10.950324434064171,27.04967556593583,-51.72025919370132,1,TRAILING_STOP,False
2025-02-09 22:30:00,2025-02-09 22:45:00,2025-02-09 23:00:00,38972,SHORT,96400.01,40.310158681518146,32.310158681518146,70.31015868151815,0.0,1,TRAILING_STOP,True
2025-02-10 03:30:00,2025-02-10 03:45:00,2025-02-10 04:30:00,38994,LONG,96996.98,-2.1623312395907526,-10.162331239590753,17.837668760409247,-37.54446787930905,3,TRAILING_STOP,False
2025-02-10 05:00:00,2025-02-10 05:15:00,2025-02-10 05:45:00,38999,LONG,97136.27,31.860134221748474,23.860134221748474,51.860134221748474,-22.853461431039634,2,TRAILING_STOP,True
2025-02-10 13:45:00,2025-02-10 14:00:00,2025-02-10 16:30:00,39042,LONG,98215.71,-109.76044463762508,-117.76044463762508,0.0,-137.3833167830286,10,TIME_EXIT,False
2025-02-11 00:30:00,2025-02-11 00:45:00,2025-02-11 02:00:00,39080,LONG,98007.46,-10.557861615840917,-18.557861615840917,9.442138384159083,-22.890094284660684,5,TRAILING_STOP,False
2025-02-11 02:30:00,2025-02-11 02:45:00,2025-02-11 03:15:00,39085,LONG,97669.21,-9.999919114734496,-17.999919114734496,10.000080885265504,-14.903366168315706,2,TRAILING_STOP,True
2025-02-11 05:00:00,2025-02-11 05:15:00,2025-02-11 06:00:00,39096,LONG,98163.68,12.062775152684296,4.062775152684296,32.062775152684296,-5.216797088290889,3,TRAILING_STOP,False
2025-02-11 06:30:00,2025-02-11 06:45:00,2025-02-11 08:00:00,39104,LONG,98346.58,-8.057540994308384,-16.057540994308383,11.942459005691616,-19.988493753417938,5,TRAILING_STOP,True
2025-02-11 13:15:00,2025-02-11 13:30:00,2025-02-11 14:00:00,39128,SHORT,97543.3,67.18453240765908,59.18453240765908,97.18453240765908,0.0,2,TRAILING_STOP,False
2025-02-11 14:30:00,2025-02-11 14:45:00,2025-02-11 15:15:00,39133,SHORT,97173.25,25.76328876516895,17.76328876516895,55.76328876516895,-9.190800966315079,2,TRAILING_STOP,True
2025-02-12 02:45:00,2025-02-12 03:00:00,2025-02-12 03:15:00,39181,SHORT,95579.13,-9.46308990257516,-17.46308990257516,20.53691009742484,-19.202936875444838,1,TRAILING_STOP,False
2025-02-12 03:45:00,2025-02-12 04:00:00,2025-02-12 05:00:00,39188,SHORT,95299.28,-29.955928313414514,-37.95592831341452,0.044071686585486665,-52.73806895498019,4,TRAILING_STOP,True
2025-02-12 07:15:00,2025-02-12 07:30:00,2025-02-12 09:00:00,39204,LONG,96079.68,20.601717241356944,12.601717241356944,40.601717241356944,-13.82290199134694,6,TRAILING_STOP,False
2025-02-12 09:15:00,2025-02-12 09:30:00,2025-02-12 11:15:00,39213,SHORT,96139.99,-6.440604996942483,-14.440604996942483,23.559395003057517,-10.402539047486353,7,TRAILING_STOP,False
2025-02-12 11:45:00,2025-02-12 12:00:00,2025-02-12 13:15:00,39221,SHORT,96094.65,0.6624770473688351,-7.337522952631165,30.662477047368835,-55.88344408351655,5,TRAILING_STOP,True
2025-02-12 13:30:00,2025-02-12 13:45:00,2025-02-12 14:30:00,39226,SHORT,94520.36,-27.845966731400452,-35.84596673140045,2.1540332685995462,-122.31227219193894,3,TRAILING_STOP,False
2025-02-12 15:00:00,2025-02-12 15:15:00,2025-02-12 17:45:00,39239,SHORT,94979.99,-250.0421404550573,-258.0421404550573,0.0,-286.37716217910685,10,TIME_EXIT,True
2025-02-12 22:30:00,2025-02-12 22:45:00,2025-02-13 01:00:00,39268,SHORT,97833.26,0.581624286054435,-7.418375713945565,30.581624286054435,-17.044305791302467,9,TRAILING_STOP,False
2025-02-13 04:45:00,2025-02-13 05:00:00,2025-02-13 07:00:00,39292,SHORT,96927.46,86.31997784735165,78.31997784735165,116.31997784735165,0.0,8,TRAILING_STOP,False
2025-02-13 07:30:00,2025-02-13 07:45:00,2025-02-13 08:45:00,39299,SHORT,96085.13,15.301494622528878,7.301494622528878,45.30149462252888,-9.388549508128037,4,TRAILING_STOP,True
2025-02-13 11:45:00,2025-02-13 12:00:00,2025-02-13 13:30:00,39318,SHORT,95925.12,0.057820099677933,-7.942179900322067,30.057820099677933,-39.24623706491075,6,TRAILING_STOP,False
2025-02-13 14:00:00,2025-02-13 14:15:00,2025-02-13 14:30:00,39322,SHORT,95857.87,24.44206093876229,16.44206093876229,54.44206093876229,-17.8576886801269,1,TRAILING_STOP,True
2025-02-14 03:45:00,2025-02-14 04:00:00,2025-02-14 06:30:00,39386,LONG,97129.98,-47.46217388287324,-55.46217388287324,0.0,-58.542172046158704,10,TIME_EXIT,False
2025-02-14 13:30:00,2025-02-14 13:45:00,2025-02-14 14:15:00,39417,LONG,96726.86,-0.10790384387506435,-8.107903843875064,19.892096156124936,-13.540189353815595,2,TRAILING_STOP,False
2025-02-14 14:45:00,2025-02-14 15:00:00,2025-02-14 17:00:00,39428,LONG,97290.95,22.043992786585278,14.043992786585278,42.04399278658528,-106.70365537596149,8,TRAILING_STOP,True
2025-02-14 17:30:00,2025-02-14 17:45:00,2025-02-14 18:00:00,39432,LONG,97965.13,58.95054087102241,50.95054087102241,78.95054087102241,0.0,1,TRAILING_STOP,False
2025-02-14 18:30:00,2025-02-14 18:45:00,2025-02-14 19:15:00,39437,LONG,98309.76,-5.734885325729078,-13.734885325729078,14.265114674270922,-16.851836480935187,2,TRAILING_STOP,True
2025-02-15 04:00:00,2025-02-15 04:15:00,2025-02-15 06:45:00,39483,LONG,97775.03,-29.293777767186395,-37.2937777671864,0.0,-34.36357933104242,10,TIME_EXIT,False
2025-02-15 12:30:00,2025-02-15 12:45:00,2025-02-15 13:30:00,39510,LONG,97729.48,3.8443916820184505,-4.1556083179815495,23.84439168201845,-5.341274710557867,3,TRAILING_STOP,False
2025-02-15 14:00:00,2025-02-15 14:15:00,2025-02-15 16:30:00,39522,LONG,97701.25,-17.853661032995877,-25.853661032995877,2.1463389670041235,-28.114276941184787,9,TRAILING_STOP,True
2025-02-15 23:00:00,2025-02-15 23:15:00,2025-02-16 01:45:00,39559,SHORT,97441.5,-20.679074111133346,-28.679074111133346,0.0,-26.987474536003774,10,TIME_EXIT,False
2025-02-16 08:30:00,2025-02-16 08:45:00,2025-02-16 09:45:00,39591,SHORT,97179.99,-17.815392860196475,-25.815392860196475,12.184607139803523,-19.114017196338462,4,TRAILING_STOP,False
2025-02-16 10:15:00,2025-02-16 10:30:00,2025-02-16 13:00:00,39604,SHORT,97267.9,15.314404855043838,7.314404855043838,26.814601733973127,-7.004366291449148,10,TIME_EXIT,True
2025-02-16 13:45:00,2025-02-16 14:00:00,2025-02-16 15:15:00,39613,SHORT,96842.37,-16.70519938741689,-24.70519938741689,13.294800612583108,-25.813081608805163,5,TRAILING_STOP,False
2025-02-16 15:45:00,2025-02-16 16:00:00,2025-02-16 18:30:00,39626,SHORT,96911.01,6.374920661749253,-1.625079338250747,31.158482405661843,-26.636808346131097,10,TIME_EXIT,True
2025-02-16 23:00:00,2025-02-16 23:15:00,2025-02-17 00:15:00,39649,SHORT,96337.49,2.626965888358413,-5.373034111641587,32.62696588835841,-11.004023459610039,4,TRAILING_STOP,False
2025-02-17 00:45:00,2025-02-17 01:00:00,2025-02-17 01:45:00,39655,SHORT,96319.22,-3.139317365734364,-11.139317365734364,26.860682634265636,-22.24893432484222,3,TRAILING_STOP,True
2025-02-17 05:00:00,2025-02-17 05:15:00,2025-02-17 07:15:00,39677,LONG,96237.37,3.4659363613118046,-4.534063638688195,23.465936361311805,-22.260583388760097,8,TRAILING_STOP,False
2025-02-17 11:00:00,2025-02-17 11:15:00,2025-02-17 13:45:00,39703,LONG,96238.67,18.0052363566536,10.005236356653601,28.262028143157554,-25.838885761825082,10,TIME_EXIT,False
2025-02-17 14:00:00,2025-02-17 14:15:00,2025-02-17 16:45:00,39715,LONG,96925.21,-164.09146805046967,-172.09146805046967,0.0,-167.34552341955202,10,TIME_EXIT,False
2025-02-17 21:45:00,2025-02-17 22:00:00,2025-02-18 00:30:00,39746,SHORT,96409.33,81.20272176977014,73.20272176977014,90.37714503357786,0.0,10,TIME_EXIT,False
2025-02-18 05:15:00,2025-02-18 05:30:00,2025-02-18 07:15:00,39773,SHORT,95869.99,34.24012352562151,26.240123525621513,64.24012352562151,0.0,7,TRAILING_STOP,False
2025-02-18 07:45:00,2025-02-18 08:00:00,2025-02-18 09:00:00,39780,SHORT,95456.92,12.628653847201257,4.628653847201257,42.62865384720126,-13.11481661046704,4,TRAILING_STOP,True
2025-02-18 13:00:00,2025-02-18 13:15:00,2025-02-18 14:15:00,39801,LONG,96350.0,21.921120913337155,13.921120913337155,41.921120913337155,-25.14063310845832,4,TRAILING_STOP,False
2025-02-18 14:30:00,2025-02-18 14:45:00,2025-02-18 15:45:00,39807,SHORT,95941.32,47.26806343710999,39.26806343710999,77.26806343710999,0.0,4,TRAILING_STOP,False
2025-02-18 16:15:00,2025-02-18 16:30:00,2025-02-18 18:00:00,39816,SHORT,95266.78,129.22234382226424,121.22234382226424,159.22234382226424,0.0,6,TRAILING_STOP,True
2025-02-19 05:15:00,2025-02-19 05:30:00,2025-02-19 08:00:00,39872,SHORT,95109.55,-65.97970445659756,-73.97970445659756,0.0,-77.4475328713038,10,TIME_EXIT,False
2025-02-19 10:00:00,2025-02-19 10:15:00,2025-02-19 12:30:00,39890,LONG,96371.29,-7.163189368949363,-15.163189368949363,12.836810631050637,-24.932736710279467,9,TRAILING_STOP,False
2025-02-19 13:00:00,2025-02-19 13:15:00,2025-02-19 13:45:00,39895,LONG,96181.45,11.206641197445943,3.2066411974459434,31.206641197445943,0.0,2,TRAILING_STOP,True
2025-02-19 14:30:00,2025-02-19 14:45:00,2025-02-19 15:15:00,39901,SHORT,96005.47,18.862840836048257,10.862840836048257,48.86284083604826,-17.663576877442686,2,TRAILING_STOP,False
2025-02-20 02:45:00,2025-02-20 03:00:00,2025-02-20 05:00:00,39956,LONG,97134.52,1.0625429558921482,-6.937457044107852,21.062542955892148,-15.980930363377558,8,TRAILING_STOP,False
2025-02-20 05:30:00,2025-02-20 05:45:00,2025-02-20 08:15:00,39969,LONG,97122.37,-14.523945410310485,-22.523945410310485,0.0,-35.08975326693411,10,TIME_EXIT,True
2025-02-20 14:00:00,2025-02-20 14:15:00,2025-02-20 14:30:00,39994,LONG,97732.77,13.702104217448266,5.702104217448266,33.702104217448266,-0.37449056237774625,1,TRAILING_STOP,False
2025-02-20 15:00:00,2025-02-20 15:15:00,2025-02-20 15:45:00,39999,LONG,97061.72,7.23524784024081,-0.7647521597591904,27.23524784024081,-21.81292480701982,2,TRAILING_STOP,True
2025-02-21 09:30:00,2025-02-21 09:45:00,2025-02-21 12:15:00,40081,SHORT,98214.71,-65.98604221302361,-73.98604221302361,0.0,-69.77366221414275,10,TIME_EXIT,False
2025-02-21 13:00:00,2025-02-21 13:15:00,2025-02-21 14:00:00,40088,LONG,99316.82,-4.073191227830996,-12.073191227830996,15.926808772169004,-24.536629344354996,3,TRAILING_STOP,False
2025-02-21 14:30:00,2025-02-21 14:45:00,2025-02-21 15:15:00,40093,LONG,98646.7,49.605977696162114,41.605977696162114,69.60597769616211,-105.2736685565752,2,TRAILING_STOP,True
2025-02-21 15:30:00,2025-02-21 15:45:00,2025-02-21 18:15:00,40105,SHORT,97600.6,64.47995196750887,56.47995196750887,94.47995196750887,-118.48287817902698,10,TRAILING_STOP,False
2025-02-21 18:45:00,2025-02-21 19:00:00,2025-02-21 21:00:00,40116,SHORT,96543.52,143.14160494666106,135.14160494666106,173.14160494666106,-2.8039168242459396,8,TRAILING_STOP,True
2025-02-22 09:00:00,2025-02-22 09:15:00,2025-02-22 11:45:00,40175,LONG,96369.68,21.824291623673236,13.824291623673236,25.09606755983893,-1.1570029079679605,10,TIME_EXIT,False
2025-02-22 12:00:00,2025-02-22 12:15:00,2025-02-22 14:45:00,40187,SHORT,96646.0,11.392090722844795,3.392090722844795,15.285681766446197,-34.55911263787431,10,TIME_EXIT,False
2025-02-23 12:15:00,2025-02-23 12:30:00,2025-02-23 13:45:00,40279,SHORT,95814.65,-13.55157588114226,-21.55157588114226,16.44842411885774,-17.220748601596938,5,TRAILING_STOP,False
2025-02-23 14:15:00,2025-02-23 14:30:00,2025-02-23 17:00:00,40292,SHORT,95986.0,66.8868376638264,58.8868376638264,69.67057695914042,0.0,10,TIME_EXIT,True
2025-02-23 22:15:00,2025-02-23 22:30:00,2025-02-24 01:00:00,40324,SHORT,95615.31,-53.98926176153182,-61.98926176153182,0.0,-92.52597727288676,10,TIME_EXIT,False
2025-02-24 04:30:00,2025-02-24 04:45:00,2025-02-24 05:30:00,40342,SHORT,95256.0,-28.321365583269795,-36.321365583269795,1.6786344167302047,-49.47404887881121,3,TRAILING_STOP,False
2025-02-24 06:00:00,2025-02-24 06:15:00,2025-02-24 08:45:00,40355,SHORT,95664.94,16.2494222021147,8.249422202114701,30.214831055139207,-29.275092839654494,10,TIME_EXIT,True
2025-02-24 14:30:00,2025-02-24 14:45:00,2025-02-24 15:00:00,40380,SHORT,95140.5,70.1150929414918,62.115092941491795,100.1150929414918,0.0,1,TRAILING_STOP,False
2025-02-24 15:30:00,2025-02-24 15:45:00,2025-02-24 18:15:00,40393,SHORT,94100.0,-42.880977683315066,-50.880977683315066,0.0,-116.32199787460112,10,TIME_EXIT,True
2025-02-24 22:00:00,2025-02-24 22:15:00,2025-02-24 23:30:00,40414,SHORT,93166.07,137.34311107037217,129.34311107037217,167.34311107037217,-47.98206042178218,5,TRAILING_STOP,False
2025-02-25 00:00:00,2025-02-25 00:15:00,2025-02-25 02:45:00,40427,SHORT,91006.61,-150.54620757766853,-158.54620757766853,0.0,-168.15481864449103,10,TIME_EXIT,True
2025-02-25 06:15:00,2025-02-25 06:30:00,2025-02-25 07:00:00,40444,SHORT,91560.0,134.91808650065587,126.91808650065587,164.91808650065587,-14.089121887287023,2,TRAILING_STOP,False
2025-02-25 07:30:00,2025-02-25 07:45:00,2025-02-25 08:00:00,40448,SHORT,89094.01,-20.798483534415396,-28.798483534415396,9.201516465584604,-99.31307390923442,1,TRAILING_STOP,True
2025-02-25 14:45:00,2025-02-25 15:00:00,2025-02-25 15:15:00,40477,SHORT,87157.25,74.58338233480337,66.58338233480337,104.58338233480337,-2.084737643741428,1,TRAILING_STOP,False
2025-02-25 15:45:00,2025-02-25 16:00:00,2025-02-25 16:30:00,40482,SHORT,87231.63,93.11359996368316,85.11359996368316,123.11359996368316,-9.270719806565042,2,TRAILING_STOP,True
2025-02-26 12:45:00,2025-02-26 13:00:00,2025-02-26 13:15:00,40565,SHORT,87938.81,17.799145792397745,9.799145792397745,47.799145792397745,0.0,1,TRAILING_STOP,False
2025-02-26 13:45:00,2025-02-26 14:00:00,2025-02-26 14:15:00,40569,SHORT,87191.99,173.3753329864365,165.3753329864365,203.3753329864365,0.0,1,TRAILING_STOP,True
2025-02-26 14:30:00,2025-02-26 14:45:00,2025-02-26 15:00:00,40572,LONG,86716.99,189.0720630409329,181.0720630409329,209.0720630409329,0.0,1,TRAILING_STOP,False
2025-02-26 18:30:00,2025-02-26 18:45:00,2025-02-26 19:00:00,40588,SHORT,84752.01,76.0753603365861,68.0753603365861,106.0753603365861,-10.694731605775418,1,TRAILING_STOP,False
2025-02-26 19:30:00,2025-02-26 19:45:00,2025-02-26 20:15:00,40593,SHORT,84032.64,181.42141910571948,173.42141910571948,211.42141910571948,-30.295370941577193,2,TRAILING_STOP,True
2025-02-27 13:30:00,2025-02-27 13:45:00,2025-02-27 16:15:00,40673,LONG,86609.71,-195.32451961795178,-203.32451961795178,0.0,-227.3370964987651,10,TIME_EXIT,False
2025-02-27 23:45:00,2025-02-28 00:00:00,2025-02-28 01:30:00,40710,SHORT,84708.57,394.69964963403424,386.69964963403424,424.69964963403424,-9.378035776071744,6,TRAILING_STOP,False
2025-02-28 02:00:00,2025-02-28 02:15:00,2025-02-28 02:30:00,40714,SHORT,82448.02,320.8901729841425,312.8901729841425,350.8901729841425,0.0,1,TRAILING_STOP,True
2025-02-28 02:45:00,2025-02-28 03:00:00,2025-02-28 03:15:00,40717,LONG,80805.5,56.795515156765674,48.795515156765674,76.79551515676567,-6.655487559633792,1,TRAILING_STOP,False
2025-02-28 13:30:00,2025-02-28 13:45:00,2025-02-28 14:00:00,40760,LONG,81502.07,87.78131156668631,79.78131156668631,107.78131156668631,0.0,1,TRAILING_STOP,False
2025-02-28 14:30:00,2025-02-28 14:45:00,2025-02-28 15:30:00,40766,LONG,82332.81,234.22185881910283,226.22185881910283,254.22185881910283,-40.63386151887722,3,TRAILING_STOP,False
2025-03-01 01:30:00,2025-03-01 01:45:00,2025-03-01 02:45:00,40811,LONG,84518.85,117.15993532803566,109.15993532803566,137.15993532803566,-18.991029811693995,4,TRAILING_STOP,False
2025-03-01 03:15:00,2025-03-01 03:30:00,2025-03-01 04:45:00,40819,LONG,85018.51,161.07703840022666,153.07703840022666,181.07703840022666,0.0,5,TRAILING_STOP,True
2025-03-01 07:00:00,2025-03-01 07:15:00,2025-03-01 08:00:00,40832,SHORT,85000.01,0.5717611092046475,-7.4282388907953525,30.571761109204648,-4.91999942117736,3,TRAILING_STOP,False
2025-03-01 13:15:00,2025-03-01 13:30:00,2025-03-01 14:00:00,40856,SHORT,84450.82,-21.328681000372704,-29.328681000372704,8.671318999627294,-48.28135475771469,2,TRAILING_STOP,False
2025-03-01 21:45:00,2025-03-01 22:00:00,2025-03-01 23:00:00,40892,LONG,86076.86,1.5946538942062531,-6.405346105793747,21.594653894206253,-47.46455667643983,4,TRAILING_STOP,False
2025-03-01 23:30:00,2025-03-01 23:45:00,2025-03-02 00:00:00,40896,LONG,85812.0,36.86850323964015,28.868503239640148,56.86850323964015,0.0,1,TRAILING_STOP,True
2025-03-02 08:00:00,2025-03-02 08:15:00,2025-03-02 09:30:00,40934,SHORT,85766.01,-14.506682775613543,-22.50668277561354,15.493317224386457,-37.7340627131896,5,TRAILING_STOP,False
2025-03-02 14:15:00,2025-03-02 14:30:00,2025-03-02 15:15:00,40957,SHORT,85421.98,13.475929731433304,5.475929731433304,43.475929731433304,-219.85208022572223,3,TRAILING_STOP,False
2025-03-02 15:30:00,2025-03-02 15:45:00,2025-03-02 16:15:00,40961,LONG,88081.2,144.45734163476402,136.45734163476402,164.45734163476402,-91.13068395980099,2,TRAILING_STOP,False
2025-03-02 16:45:00,2025-03-02 17:00:00,2025-03-02 17:15:00,40965,LONG,91200.0,167.97697368421115,159.97697368421115,187.97697368421115,0.0,1,TRAILING_STOP,True
2025-03-02 17:30:00,2025-03-02 17:45:00,2025-03-02 20:15:00,40977,LONG,94600.0,-59.3794926004224,-67.3794926004224,0.0,-236.3224101479916,10,TIME_EXIT,False
2025-03-03 06:45:00,2025-03-03 07:00:00,2025-03-03 07:15:00,41021,SHORT,91646.0,-29.508980206446545,-37.508980206446545,0.4910197935534557,-48.79645592824533,1,TRAILING_STOP,False
2025-03-03 08:45:00,2025-03-03 09:00:00,2025-03-03 09:15:00,41029,SHORT,91477.54,-7.582475436047748,-15.582475436047748,22.417524563952252,-51.43339009772235,1,TRAILING_STOP,False
2025-03-03 14:30:00,2025-03-03 14:45:00,2025-03-03 15:00:00,41052,SHORT,91363.33,215.86778962631965,207.86778962631965,245.86778962631965,0.0,1,TRAILING_STOP,False
2025-03-03 15:15:00,2025-03-03 15:30:00,2025-03-03 18:00:00,41064,LONG,91083.99,-187.36882299512843,-195.36882299512843,0.0,-200.6378947606495,10,TIME_EXIT,False
2025-03-03 18:15:00,2025-03-03 18:30:00,2025-03-03 18:45:00,41067,SHORT,87766.09,82.12872762133993,74.12872762133993,112.12872762133993,-17.55917348032715,1,TRAILING_STOP,False
2025-03-03 19:15:00,2025-03-03 19:30:00,2025-03-03 20:00:00,41072,SHORT,87032.76,166.90976133584584,158.90976133584584,196.90976133584584,-6.370015152915101,2,TRAILING_STOP,True
2025-03-04 01:30:00,2025-03-04 01:45:00,2025-03-04 02:00:00,41096,SHORT,83571.05,102.36760816096083,94.36760816096083,132.36760816096083,-32.884593408841035,1,TRAILING_STOP,False
2025-03-04 02:30:00,2025-03-04 02:45:00,2025-03-04 04:30:00,41106,SHORT,83483.84,-29.36993794248147,-37.36993794248147,0.6300620575185284,-117.58443310705394,7,TRAILING_STOP,True
2025-03-04 13:15:00,2025-03-04 13:30:00,2025-03-04 14:30:00,41146,SHORT,82568.01,31.276758395896564,23.276758395896564,61.276758395896564,-291.8369959503686,4,TRAILING_STOP,False
2025-03-04 15:00:00,2025-03-04 15:15:00,2025-03-04 15:30:00,41150,SHORT,82769.7,42.42747043906115,34.42747043906115,72.42747043906115,-62.037194770549604,1,TRAILING_STOP,True
2025-03-04 18:45:00,2025-03-04 19:00:00,2025-03-04 21:00:00,41172,SHORT,86764.25,-9.025923695531752,-17.025923695531752,20.974076304468248,-239.24369772112348,8,TRAILING_STOP,False
2025-03-04 21:30:00,2025-03-04 21:45:00,2025-03-04 22:15:00,41177,SHORT,87951.6,30.897129785018784,22.897129785018784,60.897129785018784,0.0,2,TRAILING_STOP,True
2025-03-05 04:00:00,2025-03-05 04:15:00,2025-03-05 05:15:00,41205,LONG,87056.88,-3.8151792253531056,-11.815179225353106,16.184820774646894,-27.570480357210606,4,TRAILING_STOP,False
2025-03-05 09:15:00,2025-03-05 09:30:00,2025-03-05 10:00:00,41224,LONG,88621.21,-9.755274160667229,-17.755274160667227,10.244725839332771,-29.52114962095529,2,TRAILING_STOP,False
2025-03-05 10:30:00,2025-03-05 10:45:00,2025-03-05 11:15:00,41229,LONG,89975.0,-10.775215337593776,-18.775215337593778,9.224784662406224,-38.25395943317614,2,TRAILING_STOP,True
2025-03-05 14:30:00,2025-03-05 14:45:00,2025-03-05 15:30:00,41246,SHORT,89358.49,130.3015001708296,122.3015001708296,160.3015001708296,-21.512225643024617,3,TRAILING_STOP,False
2025-03-06 01:45:00,2025-03-06 02:00:00,2025-03-06 02:15:00,41289,LONG,91057.2,50.11087536186085,42.11087536186085,70.11087536186085,0.0,1,TRAILING_STOP,False
2025-03-06 02:45:00,2025-03-06 03:00:00,2025-03-06 03:15:00,41293,LONG,91811.99,-17.71162786037044,-25.71162786037044,2.2883721396295584,-27.82098503692247,1,TRAILING_STOP,True
2025-03-06 12:45:00,2025-03-06 13:00:00,2025-03-06 14:15:00,41337,SHORT,90102.02,46.21915690680409,38.21915690680409,76.21915690680409,-40.95357684544697,5,TRAILING_STOP,False
2025-03-06 14:30:00,2025-03-06 14:45:00,2025-03-06 17:15:00,41349,SHORT,89292.91,73.66444547501125,65.66444547501125,103.66444547501125,-242.36190756914468,10,TRAILING_STOP,False
2025-03-06 17:45:00,2025-03-06 18:00:00,2025-03-06 18:45:00,41355,SHORT,88628.0,25.05370763189884,17.05370763189884,55.05370763189884,-38.04441034435991,3,TRAILING_STOP,True
2025-03-06 22:00:00,2025-03-06 22:15:00,2025-03-06 22:45:00,41371,LONG,90437.41,9.680195397015268,1.680195397015268,29.680195397015268,-89.07818125264819,2,TRAILING_STOP,False
2025-03-06 23:15:00,2025-03-06 23:30:00,2025-03-07 00:00:00,41376,LONG,90356.3,82.56285394598952,74.56285394598952,102.56285394598952,-54.92367438684453,2,TRAILING_STOP,True
2025-03-07 00:15:00,2025-03-07 00:30:00,2025-03-07 00:45:00,41379,SHORT,87037.48,242.34818838964514,234.34818838964514,272.34818838964514,0.0,1,TRAILING_STOP,False
2025-03-07 01:15:00,2025-03-07 01:30:00,2025-03-07 04:00:00,41392,SHORT,87119.3,9.110736656515364,1.110736656515364,39.110736656515364,-186.70948917174394,10,TRAILING_STOP,True
2025-03-07 09:30:00,2025-03-07 09:45:00,2025-03-07 10:15:00,41417,SHORT,88930.21,-8.693404637185672,-16.693404637185672,21.306595362814328,-24.421397408146568,2,TRAILING_STOP,False
2025-03-07 10:45:00,2025-03-07 11:00:00,2025-03-07 12:00:00,41424,SHORT,89263.41,19.45363391338089,11.45363391338089,49.45363391338089,-11.044839089162794,4,TRAILING_STOP,True
2025-03-07 12:30:00,2025-03-07 12:45:00,2025-03-07 15:15:00,41437,SHORT,88455.99,-85.40744385993484,-93.40744385993484,0.0,-298.90683491304486,10,TIME_EXIT,False
2025-03-07 15:30:00,2025-03-07 15:45:00,2025-03-07 16:00:00,41440,SHORT,88520.39,12.175593668305858,4.175593668305858,42.17559366830586,-52.29755539938339,1,TRAILING_STOP,False
2025-03-07 16:30:00,2025-03-07 16:45:00,2025-03-07 17:15:00,41445,SHORT,87289.64,54.18753932310814,46.18753932310814,84.18753932310814,-34.8265842315308,2,TRAILING_STOP,True
2025-03-07 20:45:00,2025-03-07 21:00:00,2025-03-07 21:15:00,41461,SHORT,86986.73,55.41302794115791,47.41302794115791,85.4130279411579,-27.94449222312435,1,TRAILING_STOP,False
2025-03-07 21:45:00,2025-03-07 22:00:00,2025-03-07 22:15:00,41465,SHORT,86314.64,47.928842662148554,39.928842662148554,77.92884266214855,0.0,1,TRAILING_STOP,True
2025-03-08 13:15:00,2025-03-08 13:30:00,2025-03-08 14:45:00,41531,LONG,86349.99,12.001161783574233,4.001161783574233,32.00116178357423,-16.75275237437821,5,TRAILING_STOP,False
2025-03-09 06:00:00,2025-03-09 06:15:00,2025-03-09 08:45:00,41603,SHORT,85873.84,9.530259739170452,1.530259739170452,11.277008225088865,-32.87730000195656,10,TIME_EXIT,False
2025-03-09 09:45:00,2025-03-09 10:00:00,2025-03-09 11:30:00,41614,SHORT,85564.0,79.74124631854579,71.74124631854579,109.74124631854579,0.0,6,TRAILING_STOP,False
2025-03-09 12:00:00,2025-03-09 12:15:00,2025-03-09 12:30:00,41618,SHORT,84418.51,-28.974158629429855,-36.97415862942985,1.025841370570144,-45.74115321391001,1,TRAILING_STOP,True
2025-03-09 13:45:00,2025-03-09 14:00:00,2025-03-09 14:15:00,41625,SHORT,83489.96,28.684900555708296,20.684900555708296,58.684900555708296,-3.5980374167137694,1,TRAILING_STOP,False
2025-03-09 14:45:00,2025-03-09 15:00:00,2025-03-09 15:45:00,41631,SHORT,83602.58,76.58522739370025,68.58522739370025,106.58522739370025,-17.876242575288597,3,TRAILING_STOP,True
2025-03-09 21:15:00,2025-03-09 21:30:00,2025-03-09 21:45:00,41655,SHORT,82041.61,29.312585406356675,21.312585406356675,59.312585406356675,-36.8239969937207,1,TRAILING_STOP,False
2025-03-09 22:15:00,2025-03-09 22:30:00,2025-03-09 23:00:00,41660,SHORT,81348.31,135.74529944137717,127.74529944137717,165.74529944137717,0.0,2,TRAILING_STOP,True
2025-03-10 02:15:00,2025-03-10 02:30:00,2025-03-10 03:30:00,41678,SHORT,82146.03,13.119551851744,5.119551851743999,43.119551851744,-51.252629007147895,4,TRAILING_STOP,False
2025-03-10 04:00:00,2025-03-10 04:15:00,2025-03-10 04:45:00,41683,SHORT,82303.02,-28.980596337777225,-36.98059633777723,1.0194036622227736,-43.26937213239506,2,TRAILING_STOP,True
2025-03-10 08:30:00,2025-03-10 08:45:00,2025-03-10 09:00:00,41700,SHORT,81466.03,-12.727770090184602,-20.727770090184602,17.272229909815398,-59.53033430007589,1,TRAILING_STOP,False
2025-03-10 09:30:00,2025-03-10 09:45:00,2025-03-10 10:30:00,41706,SHORT,82762.75,106.79584112417766,98.79584112417766,136.79584112417766,0.0,3,TRAILING_STOP,True
2025-03-10 11:45:00,2025-03-10 12:00:00,2025-03-10 14:30:00,41722,LONG,83582.0,-462.4057811490518,-470.4057811490518,0.0,-508.4826876600225,10,TIME_EXIT,False
2025-03-10 14:45:00,2025-03-10 15:00:00,2025-03-10 15:15:00,41725,LONG,79847.09,62.297301003707204,54.297301003707204,82.2973010037072,0.0,1,TRAILING_STOP,False
2025-03-10 17:00:00,2025-03-10 17:15:00,2025-03-10 17:45:00,41735,SHORT,78599.02,20.512080176063776,12.512080176063776,50.512080176063776,-67.81000577360835,2,TRAILING_STOP,False
2025-03-10 18:15:00,2025-03-10 18:30:00,2025-03-10 19:00:00,41740,SHORT,78511.2,103.9031883349119,95.9031883349119,133.9031883349119,-9.626651993601136,2,TRAILING_STOP,True
2025-03-11 00:15:00,2025-03-11 00:30:00,2025-03-11 00:45:00,41763,SHORT,77309.01,60.93506694756469,52.93506694756469,90.93506694756469,-53.584957303166775,1,TRAILING_STOP,False
2025-03-11 01:15:00,2025-03-11 01:30:00,2025-03-11 04:00:00,41776,SHORT,77744.13,-264.6373430379881,-272.6373430379881,0.0,-282.2258092025725,10,TIME_EXIT,True
2025-03-11 04:30:00,2025-03-11 04:45:00,2025-03-11 05:00:00,41780,SHORT,79943.05,-2.082626319610327,-10.082626319610327,27.917373680389673,-45.90142607768869,1,TRAILING_STOP,False
2025-03-11 05:30:00,2025-03-11 05:45:00,2025-03-11 07:00:00,41788,SHORT,80183.24,-18.12220608695717,-26.12220608695717,11.87779391304283,-45.4646133032275,5,TRAILING_STOP,True
2025-03-11 08:45:00,2025-03-11 09:00:00,2025-03-11 09:30:00,41798,LONG,81131.15,74.77247641627277,66.77247641627277,94.77247641627277,0.0,2,TRAILING_STOP,False
2025-03-11 10:00:00,2025-03-11 10:15:00,2025-03-11 11:00:00,41804,LONG,81537.7,28.84856943475262,20.84856943475262,48.84856943475262,-16.887893575609453,3,TRAILING_STOP,True
2025-03-11 13:00:00,2025-03-11 13:15:00,2025-03-11 14:00:00,41816,SHORT,80765.35,57.99194208902861,49.99194208902861,87.99194208902861,-129.87128762519927,3,TRAILING_STOP,False
2025-03-11 14:30:00,2025-03-11 14:45:00,2025-03-11 17:15:00,41829,SHORT,79469.61,-177.8617008438831,-185.8617008438831,0.0,-305.82634040861655,10,TIME_EXIT,True
2025-03-12 01:30:00,2025-03-12 01:45:00,2025-03-12 04:15:00,41873,LONG,83346.4,-175.54087519076919,-183.54087519076919,0.0,-188.62602343952352,10,TIME_EXIT,False
2025-03-12 04:30:00,2025-03-12 04:45:00,2025-03-12 05:00:00,41876,LONG,81651.77,15.187234765394265,7.187234765394265,35.187234765394265,-4.258327774156528,1,TRAILING_STOP,False
2025-03-12 05:30:00,2025-03-12 05:45:00,2025-03-12 06:00:00,41880,LONG,81865.96,-5.161109696875732,-13.161109696875732,14.838890303124268,-44.580189372970935,1,TRAILING_STOP,True
2025-03-12 07:45:00,2025-03-12 08:00:00,2025-03-12 08:15:00,41889,LONG,82447.78,23.244342055056926,15.244342055056926,43.244342055056926,-54.275566910352865,1,TRAILING_STOP,False
2025-03-12 08:45:00,2025-03-12 09:00:00,2025-03-12 10:00:00,41896,LONG,82689.66,-10.157173218513726,-18.157173218513726,9.842826781486274,-55.81955470611525,4,TRAILING_STOP,True
2025-03-12 12:30:00,2025-03-12 12:45:00,2025-03-12 13:00:00,41908,LONG,83631.2,50.059977616009135,42.059977616009135,70.05997761600914,0.0,1,TRAILING_STOP,False
2025-03-12 13:30:00,2025-03-12 13:45:00,2025-03-12 16:15:00,41921,LONG,83495.26,-197.7836825707225,-205.7836825707225,0.0,-345.84118906869696,10,TIME_EXIT,True
2025-03-13 00:15:00,2025-03-13 00:30:00,2025-03-13 00:45:00,41955,LONG,83705.6,-4.088280831869341,-12.08828083186934,15.91171916813066,-31.88914481229542,1,TRAILING_STOP,False
2025-03-13 01:15:00,2025-03-13 01:30:00,2025-03-13 01:45:00,41959,LONG,83634.99,50.187131008205384,42.187131008205384,70.18713100820538,0.0,1,TRAILING_STOP,True
2025-03-13 12:30:00,2025-03-13 12:45:00,2025-03-13 13:15:00,42005,SHORT,83007.22,34.14261313654494,26.142613136544938,64.14261313654494,0.0,2,TRAILING_STOP,False
2025-03-13 13:45:00,2025-03-13 14:00:00,2025-03-13 15:30:00,42014,SHORT,81777.15,70.62223983105312,62.62223983105312,100.62223983105312,-91.38371782337882,6,TRAILING_STOP,True
2025-03-14 02:45:00,2025-03-14 03:00:00,2025-03-14 05:30:00,42070,LONG,82226.98,-16.507963687829797,-24.507963687829797,0.0,-62.99878701613382,10,TIME_EXIT,False
2025-03-14 13:30:00,2025-03-14 13:45:00,2025-03-14 14:30:00,42106,SHORT,83266.56,45.176637536125085,37.176637536125085,75.17663753612509,-40.30309406321055,3,TRAILING_STOP,False
2025-03-14 15:00:00,2025-03-14 15:15:00,2025-03-14 15:30:00,42110,LONG,84258.24,104.7913557178504,96.7913557178504,124.7913557178504,0.0,1,TRAILING_STOP,False
2025-03-14 16:00:00,2025-03-14 16:15:00,2025-03-14 17:00:00,42116,LONG,84512.7,21.62096347649525,13.620963476495248,41.62096347649525,-66.67755260451918,3,TRAILING_STOP,True
2025-03-14 22:15:00,2025-03-14 22:30:00,2025-03-14 23:00:00,42140,LONG,84332.08,1.340633362772646,-6.659366637227354,21.340633362772646,-10.472882917154063,2,TRAILING_STOP,False
2025-03-14 23:30:00,2025-03-14 23:45:00,2025-03-15 01:15:00,42149,LONG,83999.07,49.52100779210848,41.52100779210848,69.52100779210848,-4.107188329585077,6,TRAILING_STOP,True
2025-03-15 07:15:00,2025-03-15 07:30:00,2025-03-15 08:30:00,42178,SHORT,83959.13,10.63048295045514,2.6304829504551392,40.63048295045514,-15.425362316164396,4,TRAILING_STOP,False
2025-03-15 09:00:00,2025-03-15 09:15:00,2025-03-15 11:00:00,42188,SHORT,83813.4,-12.560067960493399,-20.5600679604934,17.4399320395066,-22.263743029158324,7,TRAILING_STOP,False
2025-03-16 01:30:00,2025-03-16 01:45:00,2025-03-16 02:30:00,42250,SHORT,84007.38,2.559044217306152,-5.440955782693848,32.55904421730615,-14.642761147889003,3,TRAILING_STOP,False
2025-03-16 09:15:00,2025-03-16 09:30:00,2025-03-16 12:00:00,42288,SHORT,84016.84,164.64907273351272,156.64907273351272,194.64907273351272,-5.960709781515438,10,TRAILING_STOP,False
2025-03-16 12:30:00,2025-03-16 12:45:00,2025-03-16 14:15:00,42297,SHORT,82637.54,-13.160195717347232,-21.160195717347232,16.839804282652768,-62.23200739034634,6,TRAILING_STOP,True
2025-03-16 16:00:00,2025-03-16 16:15:00,2025-03-16 16:30:00,42306,LONG,84149.15,6.423320972345632,-1.576679027654368,26.423320972345632,-42.66472091518329,1,TRAILING_STOP,False
2025-03-17 12:00:00,2025-03-17 12:15:00,2025-03-17 13:00:00,42388,SHORT,83358.5,30.616493818865933,22.616493818865933,60.61649381886593,-64.34976637055651,3,TRAILING_STOP,False
2025-03-17 13:30:00,2025-03-17 13:45:00,2025-03-17 14:00:00,42392,SHORT,83423.2,85.93897141322763,77.93897141322763,115.93897141322763,0.0,1,TRAILING_STOP,True
2025-03-18 01:15:00,2025-03-18 01:30:00,2025-03-18 02:00:00,42440,SHORT,83351.66,10.343527651399391,2.3435276513993912,40.34352765139939,-2.6298216496226052,2,TRAILING_STOP,False
2025-03-18 02:30:00,2025-03-18 02:45:00,2025-03-18 05:15:00,42453,SHORT,83464.47,54.70711070231448,46.70711070231448,74.96243611203644,0.0,10,TIME_EXIT,True
2025-03-18 06:30:00,2025-03-18 06:45:00,2025-03-18 09:15:00,42469,SHORT,82319.14,-95.75051440041848,-103.75051440041848,0.0,-137.65449930599414,10,TIME_EXIT,False
2025-03-18 13:30:00,2025-03-18 13:45:00,2025-03-18 14:15:00,42489,SHORT,81404.94,1.2831137766336411,-6.716886223366359,31.28311377663364,-27.447965688569063,2,TRAILING_STOP,False
2025-03-18 14:45:00,2025-03-18 15:00:00,2025-03-18 15:30:00,42494,SHORT,81854.72,0.7984683106857879,-7.201531689314212,30.798468310685788,-43.76167922875943,2,TRAILING_STOP,True
2025-03-19 00:45:00,2025-03-19 01:00:00,2025-03-19 03:30:00,42542,LONG,83118.0,-23.674775620202464,-31.674775620202464,0.0,-68.67826463581854,10,TIME_EXIT,False
2025-03-19 09:15:00,2025-03-19 09:30:00,2025-03-19 10:00:00,42568,LONG,83537.87,-5.015179343211939,-13.015179343211939,14.984820656788061,-19.02011626583242,2,TRAILING_STOP,False
2025-03-19 10:30:00,2025-03-19 10:45:00,2025-03-19 11:45:00,42575,LONG,83564.65,46.34862947430551,38.34862947430551,66.34862947430551,-21.86091846253087,4,TRAILING_STOP,True
2025-03-19 13:45:00,2025-03-19 14:00:00,2025-03-19 14:15:00,42585,LONG,84092.17,8.97297096745148,0.9729709674514808,28.97297096745148,-16.79347791833665,1,TRAILING_STOP,False
2025-03-19 14:45:00,2025-03-19 15:00:00,2025-03-19 16:00:00,42592,LONG,84318.59,47.530778206799184,39.530778206799184,67.53077820679918,-24.520096932360943,4,TRAILING_STOP,True
2025-03-19 17:30:00,2025-03-19 17:45:00,2025-03-19 18:00:00,42600,SHORT,83983.5,18.24519101966375,10.24519101966375,48.24519101966375,-116.27283930772116,1,TRAILING_STOP,False
2025-03-19 18:45:00,2025-03-19 19:00:00,2025-03-19 19:15:00,42605,LONG,85612.24,-6.476232837734553,-14.476232837734553,13.523767162265447,-80.07149444986011,1,TRAILING_STOP,False
2025-03-19 19:45:00,2025-03-19 20:00:00,2025-03-19 20:30:00,42610,LONG,85433.38,29.349563367386445,21.349563367386445,49.349563367386445,-10.335538638410759,2,TRAILING_STOP,True
2025-03-20 00:00:00,2025-03-20 00:15:00,2025-03-20 02:45:00,42635,LONG,87271.09,-138.14196660085278,-146.14196660085278,0.0,-189.24136274681555,10,TIME_EXIT,False
2025-03-20 10:00:00,2025-03-20 10:15:00,2025-03-20 11:30:00,42670,SHORT,85545.89,20.557659754314322,12.557659754314322,50.55765975431432,0.0,5,TRAILING_STOP,False
2025-03-20 13:30:00,2025-03-20 13:45:00,2025-03-20 14:15:00,42681,LONG,85622.28,86.25271833452634,78.25271833452634,106.25271833452634,-17.65661928180294,2,TRAILING_STOP,False
2025-03-20 14:45:00,2025-03-20 15:00:00,2025-03-20 17:30:00,42694,LONG,86171.86,-210.13936568155748,-218.13936568155748,0.0,-292.0477752249986,10,TIME_EXIT,True
2025-03-21 07:30:00,2025-03-21 07:45:00,2025-03-21 08:45:00,42755,SHORT,83794.17,-22.591370020133652,-30.591370020133652,7.408629979866349,-43.180808402303136,4,TRAILING_STOP,False
2025-03-21 09:15:00,2025-03-21 09:30:00,2025-03-21 10:45:00,42763,SHORT,84132.27,-1.538863743959709,-9.538863743959709,28.46113625604029,-18.34730003124848,5,TRAILING_STOP,True
2025-03-21 12:30:00,2025-03-21 12:45:00,2025-03-21 13:15:00,42773,SHORT,83792.46,17.875429364408618,9.875429364408618,47.87542936440862,0.0,2,TRAILING_STOP,False
2025-03-21 13:45:00,2025-03-21 14:00:00,2025-03-21 14:15:00,42777,SHORT,83935.71,-0.10450021808267707,-8.104500218082677,29.895499781917323,-42.241853914144244,1,TRAILING_STOP,True
2025-03-21 18:30:00,2025-03-21 18:45:00,2025-03-21 21:15:00,42805,LONG,84295.11,7.708632208914126,-0.2913677910858743,16.97132846733312,-58.73531691221479,10,TIME_EXIT,False
2025-03-22 09:30:00,2025-03-22 09:45:00,2025-03-22 12:15:00,42865,LONG,84474.74,-29.89059214624395,-37.89059214624395,0.0,-32.016671492567646,10,TIME_EXIT,False
2025-03-22 14:45:00,2025-03-22 15:00:00,2025-03-22 17:30:00,42886,SHORT,84007.23,-24.968089056144333,-32.968089056144336,2.958078727270411,-24.969279429878753,10,TIME_EXIT,False
2025-03-22 20:45:00,2025-03-22 21:00:00,2025-03-22 23:30:00,42910,SHORT,83944.7,19.88451921324375,11.884519213243749,38.07268356429784,-18.975587499866954,10,TIME_EXIT,False
2025-03-23 11:00:00,2025-03-23 11:15:00,2025-03-23 11:45:00,42959,LONG,84695.64,5.588094027036238,-2.411905972963762,25.588094027036238,-11.549590982486517,2,TRAILING_STOP,False
2025-03-23 12:15:00,2025-03-23 12:30:00,2025-03-23 13:30:00,42966,LONG,84700.0,21.523022432113002,13.523022432113002,41.523022432113,-6.583234946870692,4,TRAILING_STOP,True
2025-03-23 22:00:00,2025-03-23 22:15:00,2025-03-23 22:30:00,43002,LONG,85386.31,1.9637082337915963,-6.036291766208404,21.963708233791596,-5.517277886818224,1,TRAILING_STOP,False
2025-03-23 23:00:00,2025-03-23 23:15:00,2025-03-23 23:30:00,43006,LONG,85502.47,21.581254904097953,13.581254904097953,41.58125490409795,0.0,1,TRAILING_STOP,True
2025-03-23 23:45:00,2025-03-24 00:00:00,2025-03-24 00:30:00,43010,LONG,86082.5,44.89472308541279,36.89472308541279,64.89472308541279,-13.372055876630043,2,TRAILING_STOP,False
2025-03-24 01:00:00,2025-03-24 01:15:00,2025-03-24 03:30:00,43022,LONG,85793.47,64.82463758605466,56.82463758605466,84.82463758605466,-31.981454998848356,9,TRAILING_STOP,True
2025-03-24 04:00:00,2025-03-24 04:15:00,2025-03-24 06:15:00,43033,LONG,86718.49,47.05721005981478,39.05721005981478,67.05721005981478,-8.487232653613528,8,TRAILING_STOP,False
2025-03-24 06:45:00,2025-03-24 07:00:00,2025-03-24 09:00:00,43044,LONG,87113.37,26.607082242370986,18.607082242370986,46.607082242370986,-41.35645309095372,8,TRAILING_STOP,True
2025-03-24 13:30:00,2025-03-24 13:45:00,2025-03-24 14:15:00,43065,LONG,87408.01,135.29698021954718,127.29698021954718,155.29698021954718,0.0,2,TRAILING_STOP,False
2025-03-24 14:45:00,2025-03-24 15:00:00,2025-03-24 15:15:00,43069,LONG,87961.9,26.580394466241692,18.580394466241692,46.58039446624169,-5.396654687995731,1,TRAILING_STOP,True
2025-03-25 04:15:00,2025-03-25 04:30:00,2025-03-25 06:30:00,43130,LONG,86450.88,29.610831029134623,21.610831029134623,49.61083102913462,-5.885423028661438,8,TRAILING_STOP,False
2025-03-25 07:00:00,2025-03-25 07:15:00,2025-03-25 09:30:00,43142,LONG,86581.99,65.3283690984688,57.3283690984688,85.3283690984688,-28.772727445974606,9,TRAILING_STOP,True
2025-03-25 13:15:00,2025-03-25 13:30:00,2025-03-25 14:45:00,43163,LONG,87689.12,41.453461957424665,33.453461957424665,61.453461957424665,-73.62943088036397,5,TRAILING_STOP,False
2025-03-25 15:15:00,2025-03-25 15:30:00,2025-03-25 15:45:00,43167,LONG,87978.66,-11.66616086219176,-19.66616086219176,8.33383913780824,-30.125487248840585,1,TRAILING_STOP,True
2025-03-25 20:00:00,2025-03-25 20:15:00,2025-03-25 22:45:00,43195,LONG,88380.0,-103.56076035302151,-111.56076035302151,0.0,-137.8909255487659,10,TIME_EXIT,False
2025-03-26 07:30:00,2025-03-26 07:45:00,2025-03-26 10:15:00,43241,LONG,88211.29,-6.215757642812751,-14.21575764281275,1.988407606328867,-42.37552812117229,10,TIME_EXIT,False
2025-03-26 11:30:00,2025-03-26 11:45:00,2025-03-26 13:30:00,43254,SHORT,87987.24,38.47356503056699,30.473565030566988,68.47356503056699,-1.4502102804900756,7,TRAILING_STOP,False
2025-03-26 14:00:00,2025-03-26 14:15:00,2025-03-26 14:45:00,43259,SHORT,86974.31,28.81736802510968,20.81736802510968,58.81736802510968,-0.4553068601528891,2,TRAILING_STOP,True
2025-03-27 10:45:00,2025-03-27 11:00:00,2025-03-27 13:30:00,43350,SHORT,87195.59,134.8233322350352,126.8233322350352,160.05281918500654,-6.269812498544738,10,TIME_EXIT,False
2025-03-27 13:45:00,2025-03-27 14:00:00,2025-03-27 15:15:00,43357,LONG,86383.82,117.89387873793876,109.89387873793876,137.89387873793876,-1.3868337843835197,5,TRAILING_STOP,False
2025-03-28 03:00:00,2025-03-28 03:15:00,2025-03-28 04:45:00,43411,SHORT,86867.93,75.37720882723917,67.37720882723917,105.37720882723917,-2.7018026100082237,6,TRAILING_STOP,False
2025-03-28 05:15:00,2025-03-28 05:30:00,2025-03-28 06:00:00,43416,SHORT,85975.72,-12.81491565293085,-20.81491565293085,17.18508434706915,-31.902030014985492,2,TRAILING_STOP,True
2025-03-28 07:30:00,2025-03-28 07:45:00,2025-03-28 09:15:00,43429,SHORT,85260.43,-0.041201997222739095,-8.041201997222739,29.95879800277726,-21.207962474503944,6,TRAILING_STOP,False
2025-03-28 09:45:00,2025-03-28 10:00:00,2025-03-28 11:15:00,43437,SHORT,85148.0,10.870014562878751,2.870014562878751,40.87001456287875,-10.82937943345779,5,TRAILING_STOP,True
2025-03-28 12:30:00,2025-03-28 12:45:00,2025-03-28 13:00:00,43444,SHORT,85116.95,-13.16316550346345,-21.16316550346345,16.83683449653655,-27.379975433800542,1,TRAILING_STOP,False
2025-03-28 13:30:00,2025-03-28 13:45:00,2025-03-28 15:00:00,43452,SHORT,85304.11,128.2866288623139,120.2866288623139,158.2866288623139,0.0,5,TRAILING_STOP,True
2025-03-29 00:15:00,2025-03-29 00:30:00,2025-03-29 03:00:00,43500,SHORT,84537.74,82.56312506106754,74.56312506106754,97.95270136154657,-4.2324292085403314,10,TIME_EXIT,False
2025-03-29 09:30:00,2025-03-29 09:45:00,2025-03-29 11:00:00,43532,SHORT,83495.73,50.828085460177434,42.828085460177434,80.82808546017743,-7.605179330727452,5,TRAILING_STOP,False
2025-03-29 11:30:00,2025-03-29 11:45:00,2025-03-29 14:15:00,43545,SHORT,82050.38,-59.671874767673295,-67.6718747676733,0.0,-101.35602053274953,10,TIME_EXIT,True
2025-03-29 16:45:00,2025-03-29 17:00:00,2025-03-29 17:15:00,43557,SHORT,82198.44,37.35285973797126,29.352859737971258,67.35285973797126,-2.7883740859313453,1,TRAILING_STOP,False
2025-03-29 17:45:00,2025-03-29 18:00:00,2025-03-29 19:45:00,43567,SHORT,82332.62,-15.056955554189962,-23.056955554189962,14.943044445810038,-51.715832679684944,7,TRAILING_STOP,True
2025-03-30 01:00:00,2025-03-30 01:15:00,2025-03-30 01:30:00,43590,LONG,83042.46,-16.023720877248877,-24.023720877248877,3.976279122751123,-17.36822343654204,1,TRAILING_STOP,False
2025-03-30 13:15:00,2025-03-30 13:30:00,2025-03-30 15:00:00,43644,SHORT,82915.0,6.9981306156912595,-1.0018693843087405,36.99813061569126,-15.508653440269736,6,TRAILING_STOP,False
2025-03-30 15:30:00,2025-03-30 15:45:00,2025-03-30 17:00:00,43652,SHORT,82853.45,66.92414739519029,58.92414739519029,96.92414739519029,0.0,5,TRAILING_STOP,True
2025-03-30 22:00:00,2025-03-30 22:15:00,2025-03-30 23:30:00,43678,SHORT,81906.89,-29.427398598579153,-37.42739859857915,0.5726014014208485,-103.87526617113623,5,TRAILING_STOP,False
2025-03-31 00:00:00,2025-03-31 00:15:00,2025-03-31 00:45:00,43683,SHORT,82280.55,91.78212226340231,83.78212226340231,121.78212226340231,0.0,2,TRAILING_STOP,True
2025-03-31 12:45:00,2025-03-31 13:00:00,2025-03-31 13:45:00,43735,LONG,82768.74,-18.638374826052743,-26.638374826052743,1.3616251739472562,-134.4396447257751,3,TRAILING_STOP,False
2025-03-31 14:15:00,2025-03-31 14:30:00,2025-03-31 14:45:00,43739,LONG,82822.95,91.47634804121307,83.47634804121307,111.47634804121307,0.0,1,TRAILING_STOP,True
2025-04-01 08:00:00,2025-04-01 08:15:00,2025-04-01 08:30:00,43810,LONG,83696.53,37.76464089968857,29.764640899688573,57.76464089968857,0.0,1,TRAILING_STOP,False
2025-04-01 09:00:00,2025-04-01 09:15:00,2025-04-01 10:30:00,43818,LONG,84156.62,21.365729754832117,13.365729754832117,41.36572975483212,0.0,5,TRAILING_STOP,True
2025-04-01 13:30:00,2025-04-01 13:45:00,2025-04-01 15:15:00,43837,LONG,83734.26,158.30336113318603,150.30336113318603,178.30336113318603,-142.147312223216,6,TRAILING_STOP,False
2025-04-01 15:45:00,2025-04-01 16:00:00,2025-04-01 17:30:00,43846,LONG,85280.88,-19.43363623827501,-27.43363623827501,0.5663637617249899,-54.628892197172995,6,TRAILING_STOP,True
2025-04-02 02:00:00,2025-04-02 02:15:00,2025-04-02 04:45:00,43891,SHORT,84750.11,16.88611377613558,8.88611377613558,34.21824467248479,-18.158088526374705,10,TIME_EXIT,False
2025-04-02 09:00:00,2025-04-02 09:15:00,2025-04-02 11:45:00,43919,LONG,85311.84,-87.31847771657405,-95.31847771657405,0.0,-89.6428913032464,10,TIME_EXIT,False
2025-04-02 13:30:00,2025-04-02 13:45:00,2025-04-02 14:00:00,43928,LONG,85472.49,19.16347821386632,11.16347821386632,39.16347821386632,-34.042532281439456,1,TRAILING_STOP,False
2025-04-02 14:30:00,2025-04-02 14:45:00,2025-04-02 15:00:00,43932,LONG,85575.48,84.12094679457294,76.12094679457294,104.12094679457294,0.0,1,TRAILING_STOP,True
2025-04-02 15:30:00,2025-04-02 15:45:00,2025-04-02 17:15:00,43941,LONG,87178.63,-2.292678836545683,-10.292678836545683,17.707321163454317,-67.56816435403984,6,TRAILING_STOP,False
2025-04-02 17:45:00,2025-04-02 18:00:00,2025-04-02 18:45:00,43947,LONG,86615.33,-14.842714332439968,-22.842714332439968,5.157285667560033,-46.51947871121747,3,TRAILING_STOP,True
2025-04-02 20:00:00,2025-04-02 20:15:00,2025-04-02 22:45:00,43963,LONG,87776.2,-564.459386485175,-572.459386485175,0.0,-580.3623305634098,10,TIME_EXIT,False
2025-04-03 10:00:00,2025-04-03 10:15:00,2025-04-03 12:45:00,44019,LONG,83630.0,-200.99724979074523,-208.99724979074523,0.0,-208.14301088126237,10,TIME_EXIT,False
2025-04-03 13:30:00,2025-04-03 13:45:00,2025-04-03 14:00:00,44024,LONG,82371.0,-16.054436634252347,-24.054436634252347,3.945563365747654,-86.47460878221739,1,TRAILING_STOP,False
2025-04-03 23:45:00,2025-04-04 00:00:00,2025-04-04 00:45:00,44067,LONG,83213.09,4.0791442788640495,-3.9208557211359505,24.07914427886405,-25.605346466522565,3,TRAILING_STOP,False
2025-04-04 01:45:00,2025-04-04 02:00:00,2025-04-04 04:30:00,44082,SHORT,82695.9,-7.929050896115405,-15.929050896115406,9.73929783701412,-59.381420360623956,10,TIME_EXIT,False
2025-04-04 07:00:00,2025-04-04 07:15:00,2025-04-04 08:15:00,44097,LONG,83522.84,108.56842511581223,100.56842511581223,128.56842511581223,-5.108782220527733,4,TRAILING_STOP,False
2025-04-04 08:45:00,2025-04-04 09:00:00,2025-04-04 09:15:00,44101,LONG,84416.0,-7.476307808946032,-15.476307808946032,12.523692191053968,-12.144617134193052,1,TRAILING_STOP,True
2025-04-04 10:00:00,2025-04-04 10:15:00,2025-04-04 11:30:00,44110,SHORT,83684.0,211.98174083456814,203.98174083456814,241.98174083456814,0.0,5,TRAILING_STOP,False
2025-04-04 12:00:00,2025-04-04 12:15:00,2025-04-04 12:30:00,44114,SHORT,82432.0,-21.3698563664597,-29.3698563664597,8.630143633540301,-93.16770186335404,1,TRAILING_STOP,True
2025-04-05 00:30:00,2025-04-05 00:45:00,2025-04-05 03:15:00,44173,SHORT,83511.15,-28.59977380266121,-36.59977380266121,0.0,-90.38912767935848,10,TIME_EXIT,False
2025-04-05 06:30:00,2025-04-05 06:45:00,2025-04-05 08:30:00,44194,SHORT,83391.0,-18.806945593649615,-26.806945593649615,11.193054406350386,-30.8942211989309,7,TRAILING_STOP,False
2025-04-05 12:30:00,2025-04-05 12:45:00,2025-04-05 14:15:00,44217,SHORT,83210.01,52.99962949169209,44.99962949169209,82.99962949169209,-15.08832891619685,6,TRAILING_STOP,False
2025-04-05 14:45:00,2025-04-05 15:00:00,2025-04-05 16:00:00,44224,SHORT,82914.67,34.49039717579545,26.49039717579545,64.49039717579545,0.0,4,TRAILING_STOP,True
2025-04-05 23:45:00,2025-04-06 00:00:00,2025-04-06 01:30:00,44262,LONG,83537.99,13.474590422872204,5.474590422872204,33.474590422872204,-13.147311779946076,6,TRAILING_STOP,False
2025-04-06 02:00:00,2025-04-06 02:15:00,2025-04-06 03:30:00,44270,LONG,83386.6,-12.456821599634214,-20.456821599634214,7.543178400365787,-26.76089443627738,5,TRAILING_STOP,True
2025-04-06 05:30:00,2025-04-06 05:45:00,2025-04-06 08:15:00,44289,SHORT,83374.51,71.14884393323536,63.148843933235355,77.63044124637022,-11.213259304313182,10,TIME_EXIT,False
2025-04-06 13:00:00,2025-04-06 13:15:00,2025-04-06 15:00:00,44316,LONG,82805.7,-18.304464547729424,-26.304464547729424,1.6955354522705743,-70.99390500895413,7,TRAILING_STOP,False
2025-04-06 16:45:00,2025-04-06 17:00:00,2025-04-06 17:45:00,44327,SHORT,81969.99,141.76896081114626,133.76896081114626,171.76896081114626,0.0,3,TRAILING_STOP,False
2025-04-06 18:15:00,2025-04-06 18:30:00,2025-04-06 18:45:00,44331,SHORT,79700.0,96.09912170639835,88.09912170639835,126.09912170639835,0.0,1,TRAILING_STOP,True
2025-04-06 20:30:00,2025-04-06 20:45:00,2025-04-06 21:00:00,44340,SHORT,79233.11,34.759543074858556,26.759543074858556,64.75954307485856,-21.063164124189925,1,TRAILING_STOP,False
2025-04-06 21:30:00,2025-04-06 21:45:00,2025-04-06 22:00:00,44344,SHORT,79103.15,84.06119731009383,76.06119731009383,114.06119731009383,-3.4499258246995415,1,TRAILING_STOP,True
2025-04-07 06:15:00,2025-04-07 06:30:00,2025-04-07 06:45:00,44379,SHORT,75817.99,136.5818363161573,128.5818363161573,166.5818363161573,0.0,1,TRAILING_STOP,False
2025-04-07 07:15:00,2025-04-07 07:30:00,2025-04-07 08:00:00,44384,SHORT,75070.73,-23.619350710990265,-31.619350710990265,6.380649289009735,-117.05893894997479,2,TRAILING_STOP,True
2025-04-07 13:30:00,2025-04-07 13:45:00,2025-04-07 16:15:00,44417,SHORT,76059.99,-298.44863245446123,-306.44863245446123,0.0,-681.5133685923436,10,TIME_EXIT,False
2025-04-07 22:30:00,2025-04-07 22:45:00,2025-04-08 00:00:00,44448,SHORT,79948.94,78.27035355315537,70.27035355315537,108.27035355315537,-16.892031339002482,5,TRAILING_STOP,False
2025-04-08 00:30:00,2025-04-08 00:45:00,2025-04-08 01:00:00,44452,SHORT,79347.83,42.552708750825616,34.552708750825616,72.55270875082562,0.0,1,TRAILING_STOP,True
2025-04-08 01:30:00,2025-04-08 01:45:00,2025-04-08 02:00:00,44456,LONG,80419.5,35.76881229055208,27.768812290552077,55.76881229055208,-1.7769322117140243,1,TRAILING_STOP,False
2025-04-08 02:30:00,2025-04-08 02:45:00,2025-04-08 05:00:00,44468,LONG,80236.03,2.1172458308326583,-5.882754169167342,22.11724583083266,-66.80664534374381,9,TRAILING_STOP,True
2025-04-08 13:00:00,2025-04-08 13:15:00,2025-04-08 13:30:00,44502,LONG,80053.43,20.169421847384555,12.169421847384555,40.169421847384555,-83.9951517380316,1,TRAILING_STOP,False
2025-04-08 14:00:00,2025-04-08 14:15:00,2025-04-08 16:45:00,44515,LONG,79972.0,-319.8306907417596,-327.8306907417596,0.0,-326.9131696093632,10,TIME_EXIT,True
2025-04-09 00:00:00,2025-04-09 00:15:00,2025-04-09 00:30:00,44546,LONG,76645.98,9.00347806890889,1.0034780689088905,29.00347806890889,-25.247247148512525,1,TRAILING_STOP,False
2025-04-09 01:00:00,2025-04-09 01:15:00,2025-04-09 01:30:00,44550,SHORT,75316.03,53.652842562200064,45.652842562200064,83.65284256220006,-73.31506984635377,1,TRAILING_STOP,False
2025-04-09 02:00:00,2025-04-09 02:15:00,2025-04-09 03:00:00,44556,SHORT,76215.23,60.573760651250126,52.573760651250126,90.57376065125013,0.0,3,TRAILING_STOP,True
2025-04-09 07:00:00,2025-04-09 07:15:00,2025-04-09 07:45:00,44575,LONG,77638.52,23.893160250865016,15.893160250865016,43.893160250865016,-3.0667766464375767,2,TRAILING_STOP,False
2025-04-09 11:00:00,2025-04-09 11:15:00,2025-04-09 11:45:00,44591,SHORT,76563.99,75.41900964147827,67.41900964147827,105.41900964147827,-9.828380156258836,2,TRAILING_STOP,False
2025-04-09 12:15:00,2025-04-09 12:30:00,2025-04-09 15:00:00,44604,SHORT,76295.93,-143.92248708417435,-151.92248708417435,0.0,-265.0901561852662,10,TIME_EXIT,True
2025-04-09 17:15:00,2025-04-09 17:30:00,2025-04-09 18:00:00,44616,LONG,80820.83,185.90855105051486,177.90855105051486,205.90855105051486,0.0,2,TRAILING_STOP,False
2025-04-09 18:30:00,2025-04-09 18:45:00,2025-04-09 19:15:00,44621,LONG,82112.78,37.03009933411196,29.03009933411196,57.03009933411196,-41.57574496929704,2,TRAILING_STOP,True
2025-04-10 07:30:00,2025-04-10 07:45:00,2025-04-10 08:15:00,44673,SHORT,81573.2,-23.690329667096403,-31.690329667096403,6.309670332903597,-34.324998896696464,2,TRAILING_STOP,False
2025-04-10 12:00:00,2025-04-10 12:15:00,2025-04-10 12:45:00,44691,SHORT,81649.0,-6.7884481132648204,-14.78844811326482,23.21155188673518,-100.1053289078869,2,TRAILING_STOP,False
2025-04-10 13:30:00,2025-04-10 13:45:00,2025-04-10 14:00:00,44696,SHORT,80892.0,1.8622360678441936,-6.137763932155806,31.862236067844194,-35.332294911733875,1,TRAILING_STOP,False
2025-04-10 15:30:00,2025-04-10 15:45:00,2025-04-10 16:00:00,44704,SHORT,79217.39,65.05867335442368,57.058673354423675,95.05867335442368,-7.720527020645782,1,TRAILING_STOP,False
2025-04-10 16:30:00,2025-04-10 16:45:00,2025-04-10 17:15:00,44709,SHORT,79226.01,46.99617840151167,38.99617840151167,76.99617840151167,-56.35144316872851,2,TRAILING_STOP,True
2025-04-11 00:00:00,2025-04-11 00:15:00,2025-04-11 02:00:00,44744,LONG,79694.01,79.81804153160385,71.81804153160385,99.81804153160385,-90.90143663243863,7,TRAILING_STOP,False
2025-04-11 02:30:00,2025-04-11 02:45:00,2025-04-11 04:30:00,44754,LONG,80438.55,62.23047282677237,54.23047282677237,82.23047282677237,-17.7564115713177,7,TRAILING_STOP,True
2025-04-11 08:00:00,2025-04-11 08:15:00,2025-04-11 08:30:00,44770,LONG,81449.99,25.20442543946141,17.20442543946141,45.20442543946141,-25.70166061407878,1,TRAILING_STOP,False
2025-04-11 09:00:00,2025-04-11 09:15:00,2025-04-11 10:30:00,44778,LONG,81499.6,162.34568022419745,154.34568022419745,182.34568022419745,0.0,5,TRAILING_STOP,True
2025-04-11 13:30:00,2025-04-11 13:45:00,2025-04-11 14:00:00,44792,LONG,82924.95,-19.3102196624778,-27.3102196624778,0.6897803375222009,-73.54240189472425,1,TRAILING_STOP,False
2025-04-11 14:30:00,2025-04-11 14:45:00,2025-04-11 15:00:00,44796,LONG,82018.0,6.791679875149995,-1.2083201248500046,26.791679875149995,-36.82118559340633,1,TRAILING_STOP,True
2025-04-11 17:30:00,2025-04-11 17:45:00,2025-04-11 18:00:00,44808,LONG,83944.0,12.87906223196417,4.87906223196417,32.87906223196417,-14.047460211569408,1,TRAILING_STOP,False
2025-04-11 18:30:00,2025-04-11 18:45:00,2025-04-11 19:15:00,44813,LONG,83898.13,-11.673235148387624,-19.673235148387626,8.326764851612376,-39.68145654736264,2,TRAILING_STOP,True
2025-04-12 08:00:00,2025-04-12 08:15:00,2025-04-12 10:45:00,44875,LONG,84019.17,-71.2611181472033,-79.2611181472033,0.0,-84.89253107356271,10,TIME_EXIT,False
2025-04-12 13:00:00,2025-04-12 13:15:00,2025-04-12 13:30:00,44886,LONG,84002.77,39.192095689225,31.192095689225,59.192095689225,-35.090509515341466,1,TRAILING_STOP,False
2025-04-12 14:00:00,2025-04-12 14:15:00,2025-04-12 14:30:00,44890,LONG,84496.87,69.24945977288918,61.24945977288918,89.24945977288918,0.0,1,TRAILING_STOP,True
2025-04-12 20:30:00,2025-04-12 20:45:00,2025-04-12 23:15:00,44925,LONG,85786.2,-66.17031643784131,-74.17031643784131,0.0,-69.15564508044356,10,TIME_EXIT,False
2025-04-13 01:30:00,2025-04-13 01:45:00,2025-04-13 02:30:00,44938,SHORT,85726.99,86.89200798954934,78.89200798954934,116.89200798954934,0.0,3,TRAILING_STOP,False
2025-04-13 02:45:00,2025-04-13 03:00:00,2025-04-13 03:45:00,44943,LONG,85302.21,29.539161998263253,21.539161998263253,49.53916199826325,-6.468765580634729,3,TRAILING_STOP,False
2025-04-13 04:15:00,2025-04-13 04:30:00,2025-04-13 07:00:00,44956,LONG,85034.12,-32.24940764954067,-40.24940764954067,0.0,-74.64062660964765,10,TIME_EXIT,True
2025-04-13 11:15:00,2025-04-13 11:30:00,2025-04-13 11:45:00,44975,SHORT,84489.99,2.410940041537586,-5.589059958462414,32.410940041537586,-4.576873544427956,1,TRAILING_STOP,False
2025-04-13 13:15:00,2025-04-13 13:30:00,2025-04-13 14:00:00,44984,SHORT,84090.2,42.48525987570477,34.48525987570477,72.48525987570477,0.0,2,TRAILING_STOP,False
2025-04-13 14:30:00,2025-04-13 14:45:00,2025-04-13 16:00:00,44992,SHORT,84036.09,14.122709659622863,6.122709659622863,44.12270965962286,-21.575254155684505,5,TRAILING_STOP,True
2025-04-13 17:15:00,2025-04-13 17:30:00,2025-04-13 18:15:00,45001,LONG,84721.98,3.8438714487089776,-4.156128551291022,23.843871448708978,-23.351673320193473,3,TRAILING_STOP,False
2025-04-13 18:45:00,2025-04-13 19:00:00,2025-04-13 21:30:00,45014,LONG,84730.0,-171.61099964593387,-179.61099964593387,0.0,-200.1380856839377,10,TIME_EXIT,True
2025-04-14 00:15:00,2025-04-14 00:30:00,2025-04-14 00:45:00,45027,LONG,84764.46,-12.739881785362215,-20.739881785362215,7.260118214637784,-66.11969214456228,1,TRAILING_STOP,False
2025-04-14 01:15:00,2025-04-14 01:30:00,2025-04-14 02:30:00,45034,LONG,84556.66,96.80215372745322,88.80215372745322,116.80215372745322,-61.475938146091266,4,TRAILING_STOP,True
2025-04-14 02:45:00,2025-04-14 03:00:00,2025-04-14 04:15:00,45041,SHORT,85140.69,55.20485328460484,47.20485328460484,85.20485328460484,0.0,5,TRAILING_STOP,False
2025-04-14 13:30:00,2025-04-14 13:45:00,2025-04-14 14:15:00,45081,SHORT,84417.8,-12.49184413713661,-20.49184413713661,17.50815586286339,-80.8123405253391,2,TRAILING_STOP,False
2025-04-14 14:30:00,2025-04-14 14:45:00,2025-04-14 17:15:00,45093,LONG,85506.95,-114.58366834508823,-122.58366834508823,0.0,-210.2402202394071,10,TIME_EXIT,False
2025-04-15 01:30:00,2025-04-15 01:45:00,2025-04-15 02:15:00,45129,LONG,85009.68,0.6011833005376168,-7.398816699462383,20.601183300537617,-20.66470547824651,2,TRAILING_STOP,False
2025-04-15 02:45:00,2025-04-15 03:00:00,2025-04-15 04:00:00,45136,LONG,85232.83,10.876600014336994,2.8766000143369936,30.876600014336994,-11.326621443874167,4,TRAILING_STOP,True
2025-04-15 08:00:00,2025-04-15 08:15:00,2025-04-15 09:30:00,45158,LONG,85863.86,-7.871497973652778,-15.871497973652778,12.128502026347222,-31.96455412090796,5,TRAILING_STOP,False
2025-04-15 10:00:00,2025-04-15 10:15:00,2025-04-15 12:45:00,45171,LONG,85787.87,3.714977420468639,-4.285022579531361,3.714977420468639,-50.92444887604686,10,TIME_EXIT,True
2025-04-15 13:30:00,2025-04-15 13:45:00,2025-04-15 16:15:00,45185,LONG,86057.36,-121.35626749414583,-129.3562674941458,0.0,-166.59005110080122,10,TIME_EXIT,False
2025-04-15 23:30:00,2025-04-15 23:45:00,2025-04-16 00:15:00,45217,SHORT,83632.77,19.115914730554074,11.115914730554074,49.115914730554074,-8.03871496782851,2,TRAILING_STOP,False
2025-04-16 00:45:00,2025-04-16 01:00:00,2025-04-16 03:30:00,45230,SHORT,83146.01,-69.27452080983865,-77.27452080983865,0.0,-97.89886490043303,10,TIME_EXIT,True
2025-04-16 06:45:00,2025-04-16 07:00:00,2025-04-16 08:30:00,45250,LONG,83644.0,36.03390559992376,28.033905599923763,56.03390559992376,-60.14896465974853,6,TRAILING_STOP,False
2025-04-16 13:30:00,2025-04-16 13:45:00,2025-04-16 14:00:00,45272,LONG,84045.78,-2.9973616759825212,-10.997361675982521,17.00263832401748,-39.439219910863,1,TRAILING_STOP,False
2025-04-16 14:30:00,2025-04-16 14:45:00,2025-04-16 15:30:00,45278,LONG,84680.55,49.64054909893726,41.64054909893726,69.64054909893726,-21.082763397261687,3,TRAILING_STOP,True
2025-04-16 17:30:00,2025-04-16 17:45:00,2025-04-16 18:00:00,45288,SHORT,84346.0,96.85841652241956,88.85841652241956,126.85841652241956,0.0,1,TRAILING_STOP,False
2025-04-16 18:30:00,2025-04-16 18:45:00,2025-04-16 21:15:00,45301,SHORT,83744.79,-99.83546439127821,-107.83546439127821,0.0,-111.61768988852981,10,TIME_EXIT,True
2025-04-17 07:30:00,2025-04-17 07:45:00,2025-04-17 10:15:00,45353,SHORT,84714.01,42.969279815699295,34.969279815699295,61.71824471536603,-5.817219607476831,10,TIME_EXIT,False
2025-04-17 12:00:00,2025-04-17 12:15:00,2025-04-17 13:00:00,45364,LONG,84718.75,-2.981335300627901,-10.9813353006279,17.0186646993721,-15.907930652896091,3,TRAILING_STOP,False
2025-04-17 13:30:00,2025-04-17 13:45:00,2025-04-17 15:15:00,45373,LONG,84554.89,-4.930498993021191,-12.93049899302119,15.06950100697881,-96.8163993826974,6,TRAILING_STOP,True
2025-04-17 16:00:00,2025-04-17 16:15:00,2025-04-17 16:30:00,45378,LONG,84603.97,37.44765878007839,29.44765878007839,57.44765878007839,0.0,1,TRAILING_STOP,False
2025-04-17 17:00:00,2025-04-17 17:15:00,2025-04-17 18:15:00,45385,LONG,84979.99,37.66298631007011,29.66298631007011,57.66298631007011,-1.3909156732081263,4,TRAILING_STOP,True
2025-04-18 07:15:00,2025-04-18 07:30:00,2025-04-18 10:00:00,45448,SHORT,84518.37,-2.917708895711488,-10.917708895711488,3.8606991592466944,-29.062321007847725,10,TIME_EXIT,False
2025-04-19 02:00:00,2025-04-19 02:15:00,2025-04-19 03:30:00,45518,LONG,84664.15,18.104675946076426,10.104675946076426,38.104675946076426,-6.111205274013935,5,TRAILING_STOP,False
2025-04-19 04:00:00,2025-04-19 04:15:00,2025-04-19 04:45:00,45523,LONG,84969.54,18.89158397232778,10.89158397232778,38.89158397232778,0.0,2,TRAILING_STOP,True
2025-04-19 05:15:00,2025-04-19 05:30:00,2025-04-19 08:00:00,45536,LONG,85181.06,-4.651268721003865,-12.651268721003865,8.800078327272097,-34.174263621512964,10,TIME_EXIT,False
2025-04-19 13:00:00,2025-04-19 13:15:00,2025-04-19 15:30:00,45566,LONG,85339.49,19.665106974508518,11.665106974508518,39.66510697450852,-15.173514629628702,9,TRAILING_STOP,False
2025-04-19 16:00:00,2025-04-19 16:15:00,2025-04-19 18:45:00,45579,LONG,85228.88,-9.219616636990876,-17.219616636990878,10.780383363009124,-62.7005775507081,10,TRAILING_STOP,True
2025-04-20 00:00:00,2025-04-20 00:15:00,2025-04-20 02:45:00,45611,LONG,85199.99,3.104460458269665,-4.895539541730335,14.174884292825565,-13.455400640305172,10,TIME_EXIT,False
2025-04-20 06:30:00,2025-04-20 06:45:00,2025-04-20 09:15:00,45637,SHORT,84969.98,45.39720969688244,37.39720969688244,46.13158670862297,0.0,10,TIME_EXIT,False
2025-04-20 10:30:00,2025-04-20 10:45:00,2025-04-20 12:00:00,45648,SHORT,84244.33,4.9946399953560885,-3.0053600046439115,34.99463999535609,-10.629795500777666,5,TRAILING_STOP,False
2025-04-20 12:30:00,2025-04-20 12:45:00,2025-04-20 13:30:00,45654,SHORT,84367.6,-4.330193107305767,-12.330193107305767,25.669806892694233,-11.622945301276518,3,TRAILING_STOP,True
2025-04-20 20:00:00,2025-04-20 20:15:00,2025-04-20 21:00:00,45684,LONG,84943.4,16.09462300779176,8.09462300779176,36.09462300779176,0.0,3,TRAILING_STOP,False
2025-04-20 21:30:00,2025-04-20 21:45:00,2025-04-20 23:15:00,45693,LONG,85080.27,5.591127061537996,-2.408872938462004,25.591127061537996,-48.25325542573009,6,TRAILING_STOP,True
2025-04-21 00:00:00,2025-04-21 00:15:00,2025-04-21 00:45:00,45699,LONG,85330.98,176.76558267583522,168.76558267583522,196.76558267583522,0.0,2,TRAILING_STOP,False
2025-04-21 01:15:00,2025-04-21 01:30:00,2025-04-21 02:00:00,45704,LONG,87102.01,19.95200569998388,11.952005699983879,39.95200569998388,0.0,2,TRAILING_STOP,True
2025-04-21 11:15:00,2025-04-21 11:30:00,2025-04-21 13:15:00,45749,SHORT,86817.69,-25.65526334552311,-33.65526334552311,4.344736654476889,-83.02109858025526,7,TRAILING_STOP,False
2025-04-21 13:30:00,2025-04-21 13:45:00,2025-04-21 14:30:00,45754,LONG,87444.84,96.77647303145719,88.77647303145719,116.77647303145719,-57.344721541030566,3,TRAILING_STOP,False
2025-04-21 15:00:00,2025-04-21 15:15:00,2025-04-21 15:30:00,45758,LONG,87877.75,31.405503668449093,23.405503668449093,51.40550366844909,0.0,1,TRAILING_STOP,True
2025-04-22 00:30:00,2025-04-22 00:45:00,2025-04-22 03:15:00,45805,SHORT,87397.21,-85.0050018759178,-93.0050018759178,0.0,-169.31776197432316,10,TIME_EXIT,False
2025-04-22 07:30:00,2025-04-22 07:45:00,2025-04-22 08:15:00,45825,LONG,88461.68,5.5839590656662885,-2.4160409343337115,25.58395906566629,-8.329030151811837,2,TRAILING_STOP,False
2025-04-22 08:45:00,2025-04-22 09:00:00,2025-04-22 10:15:00,45833,LONG,88414.33,0.9999894813429293,-7.000010518657071,20.99998948134293,-19.566963862079824,5,TRAILING_STOP,True
2025-04-22 12:30:00,2025-04-22 12:45:00,2025-04-22 15:15:00,45853,SHORT,88706.75,-250.45557412485593,-258.45557412485596,0.0,-308.0611114712247,10,TIME_EXIT,False
2025-04-22 21:45:00,2025-04-22 22:00:00,2025-04-22 22:30:00,45882,LONG,93039.99,-14.304599559824684,-22.304599559824684,5.695400440175315,-43.53181895225957,2,TRAILING_STOP,False
2025-04-22 23:00:00,2025-04-22 23:15:00,2025-04-22 23:30:00,45886,LONG,93154.89,55.783461286896085,47.783461286896085,75.78346128689608,0.0,1,TRAILING_STOP,True
2025-04-23 07:45:00,2025-04-23 08:00:00,2025-04-23 08:15:00,45921,LONG,94133.82,21.21473026378687,13.214730263786869,41.21473026378687,-0.03399415852952583,1,TRAILING_STOP,False
2025-04-23 08:45:00,2025-04-23 09:00:00,2025-04-23 09:30:00,45926,LONG,94285.72,-16.726969895335095,-24.726969895335095,3.2730301046649037,-32.297573800147475,2,TRAILING_STOP,True
2025-04-23 10:00:00,2025-04-23 10:15:00,2025-04-23 12:00:00,45936,SHORT,93419.75,-19.798730996389637,-27.798730996389637,10.201269003610363,-45.044008360116884,7,TRAILING_STOP,False
2025-04-23 13:30:00,2025-04-23 13:45:00,2025-04-23 14:00:00,45944,SHORT,93447.58,30.90794432557786,22.90794432557786,60.90794432557786,-23.372461865786516,1,TRAILING_STOP,False
2025-04-23 15:15:00,2025-04-23 15:30:00,2025-04-23 18:00:00,45960,SHORT,92163.99,-205.64647863010188,-213.64647863010188,0.0,-223.07410953019587,10,TIME_EXIT,False
2025-04-24 00:00:00,2025-04-24 00:15:00,2025-04-24 00:30:00,45986,SHORT,93434.79,-8.543324172934309,-16.54332417293431,21.45667582706569,-21.962911245372993,1,TRAILING_STOP,False
2025-04-24 03:45:00,2025-04-24 04:00:00,2025-04-24 04:15:00,46001,SHORT,92673.95,-4.835431100110458,-12.835431100110458,25.16456889988954,-17.688897473346888,1,TRAILING_STOP,False
2025-04-24 08:15:00,2025-04-24 08:30:00,2025-04-24 08:45:00,46019,SHORT,91872.2,-6.9037859112982645,-14.903785911298264,23.096214088701736,-22.482317828462026,1,TRAILING_STOP,False
2025-04-24 13:30:00,2025-04-24 13:45:00,2025-04-24 14:00:00,46040,LONG,92833.42,24.873925790949187,16.873925790949187,44.87392579094919,-18.39962375618583,1,TRAILING_STOP,False
2025-04-24 14:30:00,2025-04-24 14:45:00,2025-04-24 15:15:00,46045,LONG,93138.58,13.436197975103148,5.436197975103148,33.43619797510315,-13.598017062318187,2,TRAILING_STOP,True
2025-04-24 23:15:00,2025-04-24 23:30:00,2025-04-25 00:00:00,46080,LONG,93683.24,14.452267022361177,6.452267022361177,34.45226702236118,-4.346561882360299,2,TRAILING_STOP,False
2025-04-25 00:30:00,2025-04-25 00:45:00,2025-04-25 01:00:00,46084,LONG,93895.38,38.42885986509616,30.428859865096157,58.42885986509616,-2.665732861403707,1,TRAILING_STOP,True
2025-04-25 07:30:00,2025-04-25 07:45:00,2025-04-25 08:00:00,46112,LONG,93662.18,4.110051677209199,-3.8899483227908007,24.1100516772092,-3.9994798327341785,1,TRAILING_STOP,False
2025-04-25 08:30:00,2025-04-25 08:45:00,2025-04-25 10:15:00,46121,LONG,93694.04,10.138523218766604,2.138523218766604,30.138523218766604,-16.459958392229286,6,TRAILING_STOP,True
2025-04-25 11:45:00,2025-04-25 12:00:00,2025-04-25 12:15:00,46129,LONG,94635.67,14.120326933809281,6.120326933809281,34.12032693380928,-27.544582291222564,1,TRAILING_STOP,False
2025-04-25 12:45:00,2025-04-25 13:00:00,2025-04-25 13:15:00,46133,LONG,94417.29,-9.76882306196187,-17.768823061961868,10.23117693803813,-24.17883419445672,1,TRAILING_STOP,True
2025-04-25 14:00:00,2025-04-25 14:15:00,2025-04-25 14:45:00,46139,LONG,95299.5,28.115677416984724,20.115677416984724,48.115677416984724,-78.22286580727143,2,TRAILING_STOP,False
2025-04-25 15:15:00,2025-04-25 15:30:00,2025-04-25 17:30:00,46150,LONG,95304.03,6.332569567100826,-1.6674304328991738,26.332569567100826,-60.56092276475593,8,TRAILING_STOP,True
2025-04-26 00:15:00,2025-04-26 00:30:00,2025-04-26 00:45:00,46179,SHORT,94705.99,-11.18915181605633,-19.18915181605633,18.81084818394367,-24.283574882644267,1,TRAILING_STOP,False
2025-04-26 09:30:00,2025-04-26 09:45:00,2025-04-26 12:15:00,46225,SHORT,94173.91,-10.534948586078919,-18.53494858607892,19.46505141392108,-23.417313776182684,10,TRAILING_STOP,False
2025-04-26 13:45:00,2025-04-26 14:00:00,2025-04-26 16:30:00,46242,LONG,94149.19,6.002347975590407,-1.997652024409593,26.002347975590407,-24.102172307589502,10,TRAILING_STOP,False
2025-04-26 17:00:00,2025-04-26 17:15:00,2025-04-26 18:45:00,46251,LONG,94259.71,-8.087168950552298,-16.087168950552297,11.912831049447702,-14.45050064338267,6,TRAILING_STOP,True
2025-04-26 22:00:00,2025-04-26 22:15:00,2025-04-26 23:00:00,46268,LONG,94583.42,12.20226124198107,4.20226124198107,32.20226124198107,0.0,3,TRAILING_STOP,False
2025-04-26 23:30:00,2025-04-26 23:45:00,2025-04-27 01:15:00,46277,LONG,94623.01,58.83811770519722,50.83811770519722,78.83811770519722,-4.889931106608163,6,TRAILING_STOP,True
2025-04-27 17:00:00,2025-04-27 17:15:00,2025-04-27 19:45:00,46351,LONG,94098.21,35.63192115981734,27.631921159817338,35.769011971639756,-12.091622146692627,10,TIME_EXIT,False
2025-04-27 22:00:00,2025-04-27 22:15:00,2025-04-27 22:30:00,46362,SHORT,93921.53,-0.20597939577839597,-8.205979395778396,29.794020604221604,-5.750545162540981,1,TRAILING_STOP,False
2025-04-27 23:00:00,2025-04-27 23:15:00,2025-04-28 00:15:00,46369,SHORT,93714.29,15.490394261109778,7.490394261109778,45.49039426110978,-18.482773544995798,4,TRAILING_STOP,True
2025-04-28 01:15:00,2025-04-28 01:30:00,2025-04-28 02:15:00,46377,SHORT,93043.47,-3.8337359945833462,-11.833735994583346,26.166264005416654,-41.25383543842427,3,TRAILING_STOP,False
2025-04-28 02:45:00,2025-04-28 03:00:00,2025-04-28 03:30:00,46382,SHORT,93621.64,-26.58305494327965,-34.58305494327965,3.416945056720352,-39.057209422950024,2,TRAILING_STOP,True
2025-04-28 05:00:00,2025-04-28 05:15:00,2025-04-28 06:00:00,46392,SHORT,94130.43,-19.71852141756934,-27.71852141756934,10.281478582430658,-31.497784510280603,3,TRAILING_STOP,False
2025-04-28 10:30:00,2025-04-28 10:45:00,2025-04-28 11:00:00,46412,LONG,95187.68,10.182477396234777,2.182477396234777,30.182477396234777,-19.418479366236948,1,TRAILING_STOP,False
2025-04-28 11:30:00,2025-04-28 11:45:00,2025-04-28 12:45:00,46419,LONG,95402.4,3.8568421758787856,-4.143157824121214,23.856842175878786,-36.30935909369096,4,TRAILING_STOP,True
2025-04-28 13:00:00,2025-04-28 13:15:00,2025-04-28 14:00:00,46424,SHORT,95280.49,120.1346183253261,112.1346183253261,150.1346183253261,0.0,3,TRAILING_STOP,False
2025-04-28 23:00:00,2025-04-28 23:15:00,2025-04-29 00:00:00,46464,LONG,94986.57,0.3639314484134957,-7.636068551586504,20.363931448413496,-15.325324411651772,3,TRAILING_STOP,False
2025-04-29 00:30:00,2025-04-29 00:45:00,2025-04-29 01:00:00,46468,LONG,95179.0,5.768289223462606,-2.231710776537394,25.768289223462606,-20.408913730970067,1,TRAILING_STOP,True
2025-04-29 04:45:00,2025-04-29 05:00:00,2025-04-29 06:15:00,46489,SHORT,94353.32,-13.750439306215512,-21.75043930621551,16.24956069378449,-41.55338678066574,5,TRAILING_STOP,False
2025-04-29 10:45:00,2025-04-29 11:00:00,2025-04-29 13:30:00,46518,SHORT,94817.32,-1.971158855785818,-9.971158855785818,23.92389913572869,-49.39920259294393,10,TIME_EXIT,False
2025-04-29 14:00:00,2025-04-29 14:15:00,2025-04-29 14:45:00,46523,LONG,94890.84,23.11901970727665,15.11901970727665,43.11901970727665,-20.111530259400855,2,TRAILING_STOP,False
2025-04-29 15:15:00,2025-04-29 15:30:00,2025-04-29 16:45:00,46531,LONG,94866.01,42.612520543449705,34.612520543449705,62.612520543449705,-6.957180975567541,5,TRAILING_STOP,True
2025-04-29 22:00:00,2025-04-29 22:15:00,2025-04-29 23:30:00,46558,SHORT,94258.52,24.740940129339016,16.740940129339016,54.740940129339016,-4.400663197342364,5,TRAILING_STOP,False
2025-04-30 00:00:00,2025-04-30 00:15:00,2025-04-30 02:30:00,46570,SHORT,94380.96,-20.11982925369693,-28.11982925369693,9.880170746303069,-36.656757888454045,9,TRAILING_STOP,True
2025-04-30 03:45:00,2025-04-30 04:00:00,2025-04-30 05:45:00,46583,LONG,95032.84,-11.543975745647444,-19.543975745647444,8.456024254352556,-17.181429072307935,7,TRAILING_STOP,False
2025-04-30 06:15:00,2025-04-30 06:30:00,2025-04-30 09:00:00,46596,LONG,94951.5,-25.894272339035755,-33.89427233903575,0.0,-47.550591617825944,10,TIME_EXIT,True
2025-04-30 11:45:00,2025-04-30 12:00:00,2025-04-30 12:15:00,46609,LONG,95176.66,-18.703463643292746,-26.703463643292746,1.2965363567072545,-30.353029828951698,1,TRAILING_STOP,False
2025-04-30 12:30:00,2025-04-30 12:45:00,2025-04-30 13:15:00,46613,SHORT,94493.99,-1.6680394171098953,-9.668039417109895,28.331960582890105,-16.457131294804544,2,TRAILING_STOP,False
2025-04-30 13:45:00,2025-04-30 14:00:00,2025-04-30 16:30:00,46626,SHORT,93032.58,-113.33341502514445,-121.33341502514445,0.0,-143.5110151733936,10,TIME_EXIT,True
2025-04-30 20:00:00,2025-04-30 20:15:00,2025-04-30 21:00:00,46644,LONG,94638.6,-4.625723541979701,-12.625723541979701,15.374276458020299,-16.602105272057056,3,TRAILING_STOP,False
2025-05-01 03:00:00,2025-05-01 03:15:00,2025-05-01 05:30:00,46678,SHORT,94718.22,-29.59458697598028,-37.59458697598028,0.4054130240197195,-45.585738414425315,9,TRAILING_STOP,False
2025-05-01 09:30:00,2025-05-01 09:45:00,2025-05-01 10:30:00,46698,LONG,95426.79,81.59830378869542,73.59830378869542,101.59830378869542,0.0,3,TRAILING_STOP,False
2025-05-01 11:00:00,2025-05-01 11:15:00,2025-05-01 12:15:00,46705,LONG,96162.99,5.407903809979466,-2.592096190020534,25.407903809979466,-25.00858178390722,4,TRAILING_STOP,True
2025-05-01 13:30:00,2025-05-01 13:45:00,2025-05-01 14:00:00,46712,SHORT,96163.08,6.7667092193800045,-1.2332907806199955,36.766709219380004,-8.04778715490388,1,TRAILING_STOP,False
2025-05-01 14:15:00,2025-05-01 14:30:00,2025-05-01 15:15:00,46717,LONG,96404.01,85.80576471870926,77.80576471870926,105.80576471870926,-7.795318887668073,3,TRAILING_STOP,False
2025-05-01 15:45:00,2025-05-01 16:00:00,2025-05-01 16:45:00,46723,LONG,96854.31,32.96098851976718,24.960988519767177,52.96098851976718,0.0,3,TRAILING_STOP,True
2025-05-02 07:30:00,2025-05-02 07:45:00,2025-05-02 08:30:00,46786,SHORT,96509.43,-13.480370778275965,-21.480370778275965,16.519629221724035,-27.597303185814184,3,TRAILING_STOP,False
2025-05-02 12:30:00,2025-05-02 12:45:00,2025-05-02 13:00:00,46804,LONG,96978.02,12.200079976884403,4.200079976884403,32.2000799768844,-21.4667199845911,1,TRAILING_STOP,False
2025-05-02 13:30:00,2025-05-02 13:45:00,2025-05-02 14:00:00,46808,LONG,96933.97,10.309291985049502,2.3092919850495015,30.3092919850495,-23.210645349613273,1,TRAILING_STOP,True
2025-05-02 14:30:00,2025-05-02 14:45:00,2025-05-02 15:00:00,46812,LONG,97375.64,32.94445304801107,24.94445304801107,52.94445304801107,0.0,1,TRAILING_STOP,False
2025-05-02 15:30:00,2025-05-02 15:45:00,2025-05-02 16:45:00,46819,LONG,97429.51,16.283668059093117,8.283668059093117,36.28366805909312,-10.674383972576688,4,TRAILING_STOP,True
2025-05-03 00:00:00,2025-05-03 00:15:00,2025-05-03 02:45:00,46859,SHORT,96806.19,28.167620273043237,20.167620273043237,38.327094579385765,0.0,10,TIME_EXIT,False
2025-05-03 03:15:00,2025-05-03 03:30:00,2025-05-03 06:00:00,46872,SHORT,96404.58,6.926019489945817,-1.0739805100541826,10.030643772318399,-19.544714576838388,10,TIME_EXIT,False
2025-05-03 08:15:00,2025-05-03 08:30:00,2025-05-03 10:00:00,46888,LONG,96353.38,-15.552828556715783,-23.55282855671578,4.447171443284217,-21.62664143178004,6,TRAILING_STOP,False
2025-05-03 10:30:00,2025-05-03 10:45:00,2025-05-03 13:00:00,46900,SHORT,95937.63,-22.429456512527498,-30.429456512527498,7.570543487472502,-29.220025552017674,9,TRAILING_STOP,False
2025-05-03 13:30:00,2025-05-03 13:45:00,2025-05-03 16:15:00,46913,SHORT,96253.19,-2.3303123771786693,-10.33031237717867,5.375406259263223,-26.622494277851985,10,TIME_EXIT,True
2025-05-03 22:00:00,2025-05-03 22:15:00,2025-05-04 00:45:00,46947,SHORT,96209.28,34.12664557930397,26.12664557930397,47.42473906883037,-5.486996680570538,10,TIME_EXIT,False
2025-05-04 01:45:00,2025-05-04 02:00:00,2025-05-04 02:30:00,46954,LONG,96099.94,1.2840923730018545,-6.7159076269981455,21.284092373001855,-29.818957223073983,2,TRAILING_STOP,False
2025-05-04 19:30:00,2025-05-04 19:45:00,2025-05-04 22:00:00,47032,LONG,95599.99,-3.4633873915680837,-11.463387391568084,16.536612608431916,-52.09100963295134,9,TRAILING_STOP,False
2025-05-04 22:30:00,2025-05-04 22:45:00,2025-05-05 00:00:00,47040,SHORT,94881.59,46.96013525911526,38.96013525911526,76.96013525911526,-16.421520760771156,5,TRAILING_STOP,False
2025-05-05 00:30:00,2025-05-05 00:45:00,2025-05-05 02:00:00,47048,SHORT,94673.77,92.49116096253462,84.49116096253462,122.49116096253462,-8.576821225139454,5,TRAILING_STOP,True
2025-05-05 13:00:00,2025-05-05 13:15:00,2025-05-05 13:45:00,47095,SHORT,94199.99,29.894910816870187,21.894910816870187,59.89491081687019,-5.752654538497061,2,TRAILING_STOP,False
2025-05-05 14:15:00,2025-05-05 14:30:00,2025-05-05 16:00:00,47104,SHORT,93928.71,3.54139538379723,-4.45860461620277,33.54139538379723,-31.92527609502945,6,TRAILING_STOP,True
2025-05-05 18:30:00,2025-05-05 18:45:00,2025-05-05 20:45:00,47123,SHORT,94845.48,72.21678460586588,64.21678460586588,102.21678460586588,-5.748297124966216,8,TRAILING_STOP,False
2025-05-05 21:15:00,2025-05-05 21:30:00,2025-05-05 22:00:00,47128,SHORT,94625.98,-21.550946156647775,-29.550946156647775,8.449053843352226,-26.351114144340254,2,TRAILING_STOP,True
2025-05-05 22:30:00,2025-05-05 22:45:00,2025-05-06 01:15:00,47141,LONG,95186.0,-38.31235685920125,-46.31235685920125,0.0,-79.57262622654574,10,TIME_EXIT,False
2025-05-06 08:15:00,2025-05-06 08:30:00,2025-05-06 11:00:00,47180,SHORT,94036.67,3.8984791783889725,-4.101520821611027,18.582112701354188,-36.612313047666206,10,TIME_EXIT,False
2025-05-06 12:30:00,2025-05-06 12:45:00,2025-05-06 13:45:00,47191,LONG,93997.48,-17.61908510738749,-25.61908510738749,2.3809148926125103,-66.01028027559845,4,TRAILING_STOP,False
2025-05-06 14:15:00,2025-05-06 14:30:00,2025-05-06 14:45:00,47195,LONG,94317.71,-15.986967876977584,-23.986967876977584,4.013032123022417,-24.470483857167746,1,TRAILING_STOP,False
2025-05-06 22:00:00,2025-05-06 22:15:00,2025-05-06 23:00:00,47228,LONG,95163.85,112.6984984319148,104.6984984319148,132.6984984319148,0.0,3,TRAILING_STOP,False
2025-05-06 23:30:00,2025-05-06 23:45:00,2025-05-07 00:15:00,47233,LONG,96870.01,44.93340921509241,36.93340921509241,64.93340921509241,-14.487455921600144,2,TRAILING_STOP,True
2025-05-07 13:30:00,2025-05-07 13:45:00,2025-05-07 14:45:00,47291,LONG,97231.83,5.345609560161762,-2.654390439838238,25.345609560161762,-43.7953291632999,4,TRAILING_STOP,False
2025-05-07 15:15:00,2025-05-07 15:30:00,2025-05-07 16:00:00,47296,LONG,97027.07,-12.954543510384678,-20.954543510384678,7.045456489615323,-38.301682200648195,2,TRAILING_STOP,True
2025-05-07 18:00:00,2025-05-07 18:15:00,2025-05-07 18:45:00,47307,SHORT,96229.22,-6.179792374914694,-14.179792374914694,23.820207625085306,-67.67279211033737,2,TRAILING_STOP,False
2025-05-08 00:45:00,2025-05-08 01:00:00,2025-05-08 01:30:00,47334,LONG,97770.0,11.476935665337013,3.476935665337013,31.476935665337013,-17.387746752582594,2,TRAILING_STOP,False
2025-05-08 02:00:00,2025-05-08 02:15:00,2025-05-08 04:30:00,47346,LONG,98058.78,118.71475863762544,110.71475863762544,138.71475863762544,0.0,9,TRAILING_STOP,True
2025-05-08 15:15:00,2025-05-08 15:30:00,2025-05-08 15:45:00,47391,LONG,100634.93,59.606554106015665,51.606554106015665,79.60655410601566,0.0,1,TRAILING_STOP,False
2025-05-08 16:15:00,2025-05-08 16:30:00,2025-05-08 17:30:00,47398,LONG,100864.9,63.48989589044453,55.48989589044453,83.48989589044453,0.0,4,TRAILING_STOP,True
2025-05-08 20:30:00,2025-05-08 20:45:00,2025-05-08 21:15:00,47413,LONG,102114.1,178.9597910572574,170.9597910572574,198.9597910572574,0.0,2,TRAILING_STOP,False
2025-05-08 21:45:00,2025-05-08 22:00:00,2025-05-08 22:15:00,47417,LONG,102828.04,1.5855519564514147,-6.414448043548585,21.585551956451415,-25.483321475347932,1,TRAILING_STOP,True
2025-05-09 07:30:00,2025-05-09 07:45:00,2025-05-09 08:15:00,47457,LONG,103897.5,-16.87191703361486,-24.87191703361486,3.128082966385139,-52.76450347698514,2,TRAILING_STOP,False
2025-05-09 08:45:00,2025-05-09 09:00:00,2025-05-09 09:15:00,47461,LONG,102968.25,-16.916525239576277,-24.916525239576277,3.083474760423723,-50.91375254022478,1,TRAILING_STOP,True
2025-05-10 00:15:00,2025-05-10 00:30:00,2025-05-10 02:30:00,47530,SHORT,102936.51,-18.56091002113827,-26.56091002113827,11.439089978861729,-28.31842657187426,8,TRAILING_STOP,False
2025-05-10 06:15:00,2025-05-10 06:30:00,2025-05-10 07:00:00,47548,LONG,103715.92,17.031923353714816,9.031923353714816,37.03192335371482,-16.10745968410613,2,TRAILING_STOP,False
2025-05-10 07:30:00,2025-05-10 07:45:00,2025-05-10 08:00:00,47552,LONG,103651.52,21.27773524208726,13.27773524208726,41.27773524208726,0.0,1,TRAILING_STOP,True
2025-05-10 17:45:00,2025-05-10 18:00:00,2025-05-10 20:30:00,47602,SHORT,103176.88,-10.79408487637883,-18.794084876378832,16.626786931336063,-13.371212620501012,10,TIME_EXIT,False
2025-05-10 23:00:00,2025-05-10 23:15:00,2025-05-10 23:30:00,47614,LONG,103988.99,61.95867658681931,53.95867658681931,81.95867658681931,0.0,1,TRAILING_STOP,False
2025-05-11 00:00:00,2025-05-11 00:15:00,2025-05-11 02:45:00,47627,LONG,104636.0,-81.70610497343193,-89.70610497343193,0.0,-111.81142245498653,10,TIME_EXIT,True
2025-05-11 07:00:00,2025-05-11 07:15:00,2025-05-11 08:00:00,47648,SHORT,103708.93,5.0856960919368674,-2.9143039080631326,35.08569609193687,-8.781307453466832,3,TRAILING_STOP,False
2025-05-11 12:00:00,2025-05-11 12:15:00,2025-05-11 14:45:00,47675,LONG,104843.33,-65.17629686123111,-73.17629686123111,0.0,-101.81095926655499,10,TIME_EXIT,False
2025-05-11 22:00:00,2025-05-11 22:15:00,2025-05-11 23:00:00,47708,SHORT,104102.31,21.15544506168918,13.155445061689178,51.15544506168918,0.0,3,TRAILING_STOP,False
2025-05-12 00:15:00,2025-05-12 00:30:00,2025-05-12 01:00:00,47716,LONG,104395.98,46.136646257835054,38.136646257835054,66.13664625783505,-8.075981469784342,2,TRAILING_STOP,False
2025-05-12 01:30:00,2025-05-12 01:45:00,2025-05-12 02:15:00,47721,LONG,104021.71,-2.4680828646255364,-10.468082864625536,17.531917135374464,-12.333002408824864,2,TRAILING_STOP,True
2025-05-12 07:00:00,2025-05-12 07:15:00,2025-05-12 07:30:00,47742,LONG,105600.0,-10.53030303030303,-18.53030303030303,9.46969696969697,-88.48579545454578,1,TRAILING_STOP,False
2025-05-12 08:00:00,2025-05-12 08:15:00,2025-05-12 09:00:00,47748,LONG,104296.96,22.13833269924556,14.13833269924556,42.13833269924556,-7.166076556786049,3,TRAILING_STOP,True
2025-05-12 14:15:00,2025-05-12 14:30:00,2025-05-12 15:00:00,47772,SHORT,102953.74,20.540174645428294,12.540174645428294,50.540174645428294,-48.10510040723093,2,TRAILING_STOP,False
2025-05-12 15:30:00,2025-05-12 15:45:00,2025-05-12 16:00:00,47776,SHORT,102611.91,-11.47583453031897,-19.47583453031897,18.52416546968103,-18.330230866962374,1,TRAILING_STOP,True
2025-05-12 18:00:00,2025-05-12 18:15:00,2025-05-12 18:45:00,47787,SHORT,101965.64,92.32257846859041,84.32257846859041,122.32257846859041,0.0,2,TRAILING_STOP,False
2025-05-12 19:15:00,2025-05-12 19:30:00,2025-05-12 20:15:00,47793,SHORT,101670.42,-18.841395560282223,-26.841395560282223,11.158604439717775,-60.19744975972351,3,TRAILING_STOP,True
2025-05-12 23:00:00,2025-05-12 23:15:00,2025-05-13 01:00:00,47812,SHORT,102916.43,42.97571437330207,34.97571437330207,72.97571437330207,-18.105952567535724,7,TRAILING_STOP,False
2025-05-13 01:30:00,2025-05-13 01:45:00,2025-05-13 02:15:00,47817,SHORT,102250.0,24.09877750611281,16.09877750611281,54.09877750611281,-44.18777506112538,2,TRAILING_STOP,True
2025-05-13 03:30:00,2025-05-13 03:45:00,2025-05-13 05:15:00,47829,LONG,101842.29,70.8217990777713,62.8217990777713,90.8217990777713,-22.753808854847623,6,TRAILING_STOP,False
2025-05-13 12:30:00,2025-05-13 12:45:00,2025-05-13 13:00:00,47860,LONG,103734.84,-14.875395768672945,-22.875395768672945,5.124604231327054,-23.528257237394154,1,TRAILING_STOP,False
2025-05-13 13:30:00,2025-05-13 13:45:00,2025-05-13 14:00:00,47864,LONG,103590.8,-5.014113222410611,-13.01411322241061,14.98588677758939,-57.84780115608722,1,TRAILING_STOP,True
2025-05-13 14:15:00,2025-05-13 14:30:00,2025-05-13 15:30:00,47870,LONG,103390.9,26.630796327337315,18.630796327337315,46.630796327337315,-47.01961197745638,4,TRAILING_STOP,False
2025-05-13 16:00:00,2025-05-13 16:15:00,2025-05-13 18:30:00,47882,LONG,104314.43,-9.0571227777395,-17.0571227777395,10.9428772222605,-57.70342607441684,9,TRAILING_STOP,True
2025-05-13 19:30:00,2025-05-13 19:45:00,2025-05-13 20:00:00,47888,LONG,104840.0,-11.606257153758108,-19.606257153758108,8.393742846241892,-41.96871423120946,1,TRAILING_STOP,False
2025-05-13 20:30:00,2025-05-13 20:45:00,2025-05-13 21:00:00,47892,LONG,104512.94,-10.395447683319917,-18.395447683319915,9.604552316680083,-22.25657416201291,1,TRAILING_STOP,True
2025-05-14 00:00:00,2025-05-14 00:15:00,2025-05-14 02:45:00,47915,SHORT,103951.37,22.90494103156036,14.904941031560359,43.7271774292141,-12.634754116276781,10,TIME_EXIT,False
2025-05-14 07:45:00,2025-05-14 08:00:00,2025-05-14 08:45:00,47939,LONG,103716.55,-18.021530797157823,-26.021530797157823,1.9784692028421764,-51.05742526144602,3,TRAILING_STOP,False
2025-05-14 09:00:00,2025-05-14 09:15:00,2025-05-14 11:45:00,47951,SHORT,103129.58,-79.06073116946575,-87.06073116946575,0.0,-98.46059685300747,10,TIME_EXIT,False
2025-05-14 13:30:00,2025-05-14 13:45:00,2025-05-14 14:30:00,47962,SHORT,103712.8,48.177428436991676,40.177428436991676,78.17742843699168,-24.980523136970724,3,TRAILING_STOP,False
2025-05-14 15:00:00,2025-05-14 15:15:00,2025-05-14 16:00:00,47968,SHORT,103290.99,-21.857953922214726,-29.857953922214726,8.142046077785276,-31.33090311168431,3,TRAILING_STOP,True
2025-05-15 01:30:00,2025-05-15 01:45:00,2025-05-15 04:15:00,48017,SHORT,103272.39,41.92989045765321,33.92989045765321,54.360124714843856,0.0,10,TIME_EXIT,False
2025-05-15 06:00:00,2025-05-15 06:15:00,2025-05-15 06:30:00,48026,LONG,102556.99,-10.97087385267535,-18.97087385267535,9.02912614732465,-40.65934462390181,1,TRAILING_STOP,False
2025-05-15 12:30:00,2025-05-15 12:45:00,2025-05-15 15:15:00,48061,LONG,102791.72,-29.076271902056376,-37.07627190205638,0.0,-137.039247908294,10,TIME_EXIT,False
2025-05-16 02:00:00,2025-05-16 02:15:00,2025-05-16 02:30:00,48106,LONG,104262.0,-0.4329477662048724,-8.432947766204872,19.567052233795128,-11.196792695325742,1,TRAILING_STOP,False
2025-05-16 03:00:00,2025-05-16 03:15:00,2025-05-16 03:30:00,48110,LONG,104099.99,1.9337196862364472,-6.066280313763553,21.933719686236447,-10.740635037526152,1,TRAILING_STOP,True
2025-05-16 08:15:00,2025-05-16 08:30:00,2025-05-16 09:00:00,48132,SHORT,103265.55,-26.50319007645816,-34.50319007645816,3.4968099235418375,-38.775758227211135,2,TRAILING_STOP,False
2025-05-16 13:30:00,2025-05-16 13:45:00,2025-05-16 14:00:00,48152,LONG,103740.0,5.832851359167655,-2.1671486408323446,25.832851359167655,-23.13475997686524,1,TRAILING_STOP,False
2025-05-16 14:30:00,2025-05-16 14:45:00,2025-05-16 15:15:00,48157,LONG,103344.64,71.08938789665342,63.08938789665342,91.08938789665342,0.0,2,TRAILING_STOP,True
2025-05-16 16:00:00,2025-05-16 16:15:00,2025-05-16 17:30:00,48166,LONG,104301.99,-10.959904024842327,-18.959904024842327,9.040095975157673,-44.50250661564542,5,TRAILING_STOP,False
2025-05-16 18:00:00,2025-05-16 18:15:00,2025-05-16 18:45:00,48171,LONG,104009.51,-17.709824803519698,-25.709824803519698,2.2901751964803014,-30.694308626201586,2,TRAILING_STOP,True
2025-05-17 00:15:00,2025-05-17 00:30:00,2025-05-17 02:15:00,48201,SHORT,103295.72,36.14214025518203,28.142140255182028,66.14214025518203,-12.862101159660881,7,TRAILING_STOP,False
2025-05-17 02:45:00,2025-05-17 03:00:00,2025-05-17 03:45:00,48207,SHORT,103286.01,-19.140833303562705,-27.140833303562705,10.859166696437295,-30.400051275095752,3,TRAILING_STOP,True
2025-05-17 08:15:00,2025-05-17 08:30:00,2025-05-17 09:00:00,48228,LONG,103455.1,-10.834671272852432,-18.834671272852432,9.165328727147568,-30.987355867424778,2,TRAILING_STOP,False
2025-05-17 18:00:00,2025-05-17 18:15:00,2025-05-17 20:45:00,48275,LONG,103219.38,14.789858261112297,6.789858261112297,20.77129314281816,-28.200130634382973,10,TIME_EXIT,False
2025-05-17 21:15:00,2025-05-17 21:30:00,2025-05-18 00:00:00,48288,SHORT,103199.91,-1.0086956471180706,-9.00869564711807,28.99130435288193,-9.698651868979004,10,TRAILING_STOP,False
2025-05-18 00:30:00,2025-05-18 00:45:00,2025-05-18 03:15:00,48301,SHORT,103273.76,12.92099755058669,4.920997550586691,13.485516553284159,-12.719591113948072,10,TIME_EXIT,True
2025-05-18 05:45:00,2025-05-18 06:00:00,2025-05-18 08:30:00,48322,LONG,103648.2,22.45129196647892,14.45129196647892,42.45129196647892,-26.99902169068025,10,TRAILING_STOP,False
2025-05-18 09:00:00,2025-05-18 09:15:00,2025-05-18 11:45:00,48335,LONG,103999.99,-19.17788645941328,-27.17788645941328,0.0,-19.229809541328343,10,TIME_EXIT,True
2025-05-18 13:30:00,2025-05-18 13:45:00,2025-05-18 14:00:00,48344,LONG,104460.0,17.90158912502377,9.901589125023769,37.90158912502377,0.0,1,TRAILING_STOP,False
2025-05-18 14:30:00,2025-05-18 14:45:00,2025-05-18 16:00:00,48352,LONG,105199.99,25.628331333491076,17.628331333491076,45.628331333491076,-21.85931766723613,5,TRAILING_STOP,True
2025-05-18 16:45:00,2025-05-18 17:00:00,2025-05-18 17:15:00,48357,LONG,105822.22,-15.351637869626783,-23.351637869626785,4.648362130373217,-38.84061400337321,1,TRAILING_STOP,False
2025-05-18 17:45:00,2025-05-18 18:00:00,2025-05-18 20:30:00,48370,LONG,104836.66,-66.19821730299306,-74.19821730299306,0.0,-147.93966156495227,10,TIME_EXIT,True
2025-05-18 23:00:00,2025-05-18 23:15:00,2025-05-18 23:45:00,48383,SHORT,105727.99,-20.248561426354,-28.248561426354,9.751438573645997,-88.15168055308672,2,TRAILING_STOP,False
2025-05-19 00:00:00,2025-05-19 00:15:00,2025-05-19 02:45:00,48395,LONG,106542.32,-178.06726941932675,-186.06726941932675,0.0,-185.2146639945523,10,TIME_EXIT,False
2025-05-19 03:15:00,2025-05-19 03:30:00,2025-05-19 06:00:00,48408,LONG,104217.4,-106.17037078261366,-114.17037078261366,0.0,-163.45926879772466,10,TIME_EXIT,False
2025-05-19 06:30:00,2025-05-19 06:45:00,2025-05-19 07:00:00,48412,SHORT,102406.45,-7.292445934802583,-15.292445934802583,22.707554065197417,-27.486549919462682,1,TRAILING_STOP,False
2025-05-19 07:30:00,2025-05-19 07:45:00,2025-05-19 08:45:00,48419,SHORT,103164.9,-6.316557278688084,-14.316557278688084,23.683442721311916,-18.678833595536044,4,TRAILING_STOP,True
2025-05-19 12:30:00,2025-05-19 12:45:00,2025-05-19 13:30:00,48438,SHORT,102393.55,-22.99565255819325,-30.99565255819325,7.004347441806751,-62.39846162185003,3,TRAILING_STOP,False
2025-05-19 14:00:00,2025-05-19 14:15:00,2025-05-19 14:30:00,48442,SHORT,103478.26,-23.839285662515003,-31.839285662515003,6.160714337484995,-37.86979023420088,1,TRAILING_STOP,True
2025-05-19 22:30:00,2025-05-19 22:45:00,2025-05-19 23:15:00,48477,LONG,105389.99,21.74969558304351,13.749695583043511,41.74969558304351,0.0,2,TRAILING_STOP,False
2025-05-19 23:45:00,2025-05-20 00:00:00,2025-05-20 00:15:00,48481,LONG,105573.73,74.36627842930332,66.36627842930332,94.36627842930332,0.0,1,TRAILING_STOP,True
2025-05-20 03:15:00,2025-05-20 03:30:00,2025-05-20 05:30:00,48502,LONG,106097.61,8.406860437289719,0.4068604372897191,28.40686043728972,-53.21514782472535,8,TRAILING_STOP,False
2025-05-20 06:00:00,2025-05-20 06:15:00,2025-05-20 08:45:00,48515,LONG,105836.87,-58.00058146088415,-66.00058146088415,0.0,-93.51278056503294,10,TIME_EXIT,True
2025-05-20 13:30:00,2025-05-20 13:45:00,2025-05-20 16:15:00,48545,SHORT,104243.61,-96.87692128083482,-104.87692128083482,0.0,-122.80848677439289,10,TIME_EXIT,False
2025-05-20 17:00:00,2025-05-20 17:15:00,2025-05-20 18:15:00,48553,LONG,106103.87,9.718048926962513,1.7180489269625134,29.718048926962513,-33.875295971767386,4,TRAILING_STOP,False
2025-05-20 18:45:00,2025-05-20 19:00:00,2025-05-20 19:45:00,48559,LONG,105285.53,165.48037892766428,157.48037892766428,185.48037892766428,0.0,3,TRAILING_STOP,True
2025-05-21 04:30:00,2025-05-21 04:45:00,2025-05-21 05:30:00,48598,LONG,107521.41,-1.6529563739919766,-9.652956373991977,18.347043626008023,-22.30811519305788,3,TRAILING_STOP,False
2025-05-21 06:00:00,2025-05-21 06:15:00,2025-05-21 06:45:00,48603,LONG,107410.0,33.537845638209,25.537845638209,53.537845638209,0.0,2,TRAILING_STOP,True
2025-05-21 09:45:00,2025-05-21 10:00:00,2025-05-21 12:00:00,48624,LONG,106200.03,31.00563530914328,23.00563530914328,51.00563530914328,-3.90395369944734,8,TRAILING_STOP,False
2025-05-21 12:30:00,2025-05-21 12:45:00,2025-05-21 13:00:00,48628,LONG,106633.57,-17.610508585617463,-25.610508585617463,2.3894914143825368,-28.518223670088677,1,TRAILING_STOP,True
2025-05-21 13:30:00,2025-05-21 13:45:00,2025-05-21 14:15:00,48633,LONG,107140.17,36.480216523830855,28.480216523830855,56.480216523830855,-1.5484388348456521,2,TRAILING_STOP,False
2025-05-21 14:45:00,2025-05-21 15:00:00,2025-05-21 15:15:00,48637,LONG,108999.99,9.358718289790186,1.3587182897901862,29.358718289790186,-15.9633042168169,1,TRAILING_STOP,True
2025-05-21 16:30:00,2025-05-21 16:45:00,2025-05-21 19:15:00,48653,LONG,109514.76,-209.17454414363777,-217.17454414363777,0.0,-310.19471713219264,10,TIME_EXIT,False
2025-05-21 23:15:00,2025-05-21 23:30:00,2025-05-22 00:15:00,48673,LONG,109752.66,18.799059630992247,10.799059630992247,38.79905963099225,-37.903409357003284,3,TRAILING_STOP,False
2025-05-22 00:45:00,2025-05-22 01:00:00,2025-05-22 01:15:00,48677,LONG,109954.54,7.176685928567114,-0.8233140714328862,27.176685928567114,-12.836213948055207,1,TRAILING_STOP,True
2025-05-22 12:15:00,2025-05-22 12:30:00,2025-05-22 13:00:00,48724,LONG,111285.71,10.61668924069286,2.6166892406928604,30.61668924069286,-4.703209423744617,2,TRAILING_STOP,False
2025-05-22 13:30:00,2025-05-22 13:45:00,2025-05-22 14:30:00,48730,LONG,111314.61,-12.514010514881942,-20.514010514881942,7.485989485118059,-62.85877478257404,3,TRAILING_STOP,True
2025-05-23 01:00:00,2025-05-23 01:15:00,2025-05-23 02:15:00,48777,SHORT,111353.0,-18.70888076657154,-26.70888076657154,11.291119233428459,-23.881709518377864,4,TRAILING_STOP,False
2025-05-23 07:30:00,2025-05-23 07:45:00,2025-05-23 09:15:00,48805,SHORT,110764.49,-25.56897702503738,-33.568977025037384,4.43102297496262,-43.648465315914976,6,TRAILING_STOP,False
2025-05-23 11:30:00,2025-05-23 11:45:00,2025-05-23 12:15:00,48817,SHORT,110380.0,247.58651929697407,239.58651929697407,277.5865192969741,0.0,2,TRAILING_STOP,False
2025-05-23 12:45:00,2025-05-23 13:00:00,2025-05-23 13:15:00,48821,SHORT,108412.77,-25.92022231329294,-33.92022231329294,4.079777686707062,-42.02918161762624,1,TRAILING_STOP,True
2025-05-23 22:45:00,2025-05-23 23:00:00,2025-05-23 23:45:00,48863,SHORT,107797.37,62.522665441651824,54.522665441651824,92.52266544165182,0.0,3,TRAILING_STOP,False
2025-05-24 00:15:00,2025-05-24 00:30:00,2025-05-24 03:00:00,48876,SHORT,107238.1,-75.59253660779139,-83.59253660779139,0.0,-82.6105647153385,10,TIME_EXIT,True
2025-05-24 06:30:00,2025-05-24 06:45:00,2025-05-24 08:15:00,48897,SHORT,107945.27,5.101121151488037,-2.8988788485119628,35.10112115148804,-26.12434986729849,6,TRAILING_STOP,False
2025-05-24 08:45:00,2025-05-24 09:00:00,2025-05-24 10:30:00,48906,SHORT,108251.23,-20.834284284806635,-28.834284284806635,9.165715715193366,-73.71001696701259,6,TRAILING_STOP,True
2025-05-24 10:45:00,2025-05-24 11:00:00,2025-05-24 11:30:00,48910,LONG,109094.99,16.159314006994812,8.159314006994812,36.15931400699481,0.0,2,TRAILING_STOP,False
2025-05-24 22:15:00,2025-05-24 22:30:00,2025-05-24 23:00:00,48956,SHORT,108514.81,47.68893480991153,39.68893480991153,77.68893480991153,0.0,2,TRAILING_STOP,False
2025-05-24 23:30:00,2025-05-24 23:45:00,2025-05-25 01:15:00,48965,SHORT,107743.99,19.932251441589017,11.932251441589017,49.93225144158902,-35.86742982137538,6,TRAILING_STOP,True
2025-05-25 06:00:00,2025-05-25 06:15:00,2025-05-25 08:45:00,48995,SHORT,108019.09,84.2147438938796,76.2147438938796,101.1811893619912,0.0,10,TIME_EXIT,False
2025-05-25 09:00:00,2025-05-25 09:15:00,2025-05-25 09:30:00,48998,LONG,107181.81,-16.726123583843517,-24.726123583843517,3.273876416156483,-44.11476163725932,1,TRAILING_STOP,False
2025-05-25 15:00:00,2025-05-25 15:15:00,2025-05-25 15:30:00,49022,SHORT,107287.33,34.0047617924691,26.004761792469097,64.0047617924691,0.0,1,TRAILING_STOP,False
2025-05-25 16:00:00,2025-05-25 16:15:00,2025-05-25 16:30:00,49026,SHORT,106901.74,-10.015292548091413,-18.015292548091413,19.984707451908587,-21.948192798357642,1,TRAILING_STOP,True
2025-05-25 19:45:00,2025-05-25 20:00:00,2025-05-25 21:00:00,49044,SHORT,107717.02,-1.4130598859857493,-9.41305988598575,28.58694011401425,-18.327651470491688,4,TRAILING_STOP,False
2025-05-25 21:30:00,2025-05-25 21:45:00,2025-05-25 22:00:00,49048,SHORT,107446.25,-21.0429633421357,-29.0429633421357,8.957036657864302,-116.32793140756371,1,TRAILING_STOP,True
2025-05-25 22:45:00,2025-05-25 23:00:00,2025-05-26 01:00:00,49060,LONG,109165.99,37.89532069465861,29.895320694658608,57.89532069465861,-54.58018564206689,8,TRAILING_STOP,False
2025-05-26 01:30:00,2025-05-26 01:45:00,2025-05-26 02:00:00,49064,LONG,109635.9,-7.520511073470734,-15.520511073470734,12.479488926529266,-15.981991300294991,1,TRAILING_STOP,True
2025-05-26 07:00:00,2025-05-26 07:15:00,2025-05-26 09:45:00,49095,SHORT,109836.26,11.262218870161556,3.262218870161556,21.510200729703907,-30.74212468632886,10,TIME_EXIT,False
2025-05-26 15:30:00,2025-05-26 15:45:00,2025-05-26 16:00:00,49120,LONG,109963.97,21.672740625861366,13.672740625861366,41.672740625861366,0.0,1,TRAILING_STOP,False
2025-05-26 16:30:00,2025-05-26 16:45:00,2025-05-26 17:00:00,49124,LONG,109585.04,-10.12638951448011,-18.12638951448011,9.87361048551989,-22.46292012121262,1,TRAILING_STOP,True
2025-05-27 01:00:00,2025-05-27 01:15:00,2025-05-27 02:15:00,49161,SHORT,108723.26,19.831103298410923,11.831103298410923,49.83110329841092,0.0,4,TRAILING_STOP,False
2025-05-27 02:45:00,2025-05-27 03:00:00,2025-05-27 05:30:00,49174,SHORT,108272.73,-46.178756183575054,-54.178756183575054,0.0,-99.96792359442722,10,TIME_EXIT,True
2025-05-27 06:45:00,2025-05-27 07:00:00,2025-05-27 09:30:00,49190,SHORT,108828.18,-70.00208953232583,-78.00208953232583,0.0,-88.28779457673619,10,TIME_EXIT,False
2025-05-27 13:00:00,2025-05-27 13:15:00,2025-05-27 13:30:00,49206,LONG,110374.06,8.973293181387742,0.9732931813877421,28.973293181387742,-33.890209348102054,1,TRAILING_STOP,False
2025-05-27 14:00:00,2025-05-27 14:15:00,2025-05-27 16:15:00,49217,LONG,110144.17,-1.040303812720932,-9.040303812720932,18.959696187279068,-133.81370979508083,8,TRAILING_STOP,True
2025-05-28 08:30:00,2025-05-28 08:45:00,2025-05-28 09:00:00,49284,LONG,109073.97,-19.757962417614447,-27.757962417614447,0.24203758238555156,-29.70186195661542,1,TRAILING_STOP,False
2025-05-28 09:30:00,2025-05-28 09:45:00,2025-05-28 12:15:00,49297,LONG,108804.44,19.199584134617503,11.199584134617503,22.568931929615893,-50.22129611622537,10,TIME_EXIT,False
2025-05-28 13:30:00,2025-05-28 13:45:00,2025-05-28 14:15:00,49305,SHORT,108515.83,52.000017877576184,44.000017877576184,82.00001787757618,0.0,2,TRAILING_STOP,False
2025-05-28 14:45:00,2025-05-28 15:00:00,2025-05-28 16:15:00,49313,SHORT,107522.71,14.386902078640802,6.3869020786408015,44.3869020786408,0.0,5,TRAILING_STOP,True
2025-05-28 23:15:00,2025-05-28 23:30:00,2025-05-29 00:15:00,49345,SHORT,107956.55,19.596805381424986,11.596805381424986,49.596805381424986,-5.878290849419683,3,TRAILING_STOP,False
2025-05-29 00:45:00,2025-05-29 01:00:00,2025-05-29 01:45:00,49351,SHORT,108285.31,13.631033609267206,5.631033609267206,43.631033609267206,-5.76901890016302,3,TRAILING_STOP,True
2025-05-29 04:30:00,2025-05-29 04:45:00,2025-05-29 07:15:00,49373,SHORT,107399.99,-54.44972574019733,-62.44972574019733,0.0,-57.05773343181767,10,TIME_EXIT,False
2025-05-29 08:45:00,2025-05-29 09:00:00,2025-05-29 10:45:00,49387,SHORT,108492.5,-16.69493282945772,-24.69493282945772,13.305067170542278,-33.610618245500305,7,TRAILING_STOP,False
2025-05-29 13:30:00,2025-05-29 13:45:00,2025-05-29 14:30:00,49402,SHORT,107592.58,73.96441836416616,65.96441836416616,103.96441836416616,-16.98816033596358,3,TRAILING_STOP,False
2025-05-29 15:00:00,2025-05-29 15:15:00,2025-05-29 17:45:00,49415,SHORT,107484.99,109.9120909812616,101.9120909812616,127.2252060497015,-10.021864448236089,10,TIME_EXIT,True
2025-05-29 23:45:00,2025-05-30 00:00:00,2025-05-30 00:45:00,49443,SHORT,105589.75,63.688071048562946,55.688071048562946,93.68807104856295,-59.2083985424715,3,TRAILING_STOP,False
2025-05-30 01:15:00,2025-05-30 01:30:00,2025-05-30 02:00:00,49448,SHORT,105731.72,-16.40710659015089,-24.40710659015089,13.592893409849111,-29.2589584279912,2,TRAILING_STOP,True
2025-05-30 06:15:00,2025-05-30 06:30:00,2025-05-30 08:15:00,49473,SHORT,105949.49,85.31627004528329,77.31627004528329,115.31627004528329,0.0,7,TRAILING_STOP,False
2025-05-30 08:45:00,2025-05-30 09:00:00,2025-05-30 09:30:00,49478,SHORT,105177.34,24.32063598489958,16.32063598489958,54.32063598489958,-17.530392002688476,2,TRAILING_STOP,True
2025-05-30 16:30:00,2025-05-30 16:45:00,2025-05-30 17:45:00,49511,SHORT,104400.0,24.02011494252885,16.02011494252885,54.02011494252885,0.0,4,TRAILING_STOP,False
2025-05-30 18:15:00,2025-05-30 18:30:00,2025-05-30 20:30:00,49522,SHORT,104723.46,0.989235840757491,-7.010764159242509,30.98923584075749,-25.35344038479962,8,TRAILING_STOP,True
2025-05-31 01:45:00,2025-05-31 02:00:00,2025-05-31 03:15:00,49549,SHORT,103476.6,9.434036294196268,1.434036294196268,39.43403629419627,-36.29612878660365,5,TRAILING_STOP,False
2025-05-31 03:45:00,2025-05-31 04:00:00,2025-05-31 04:45:00,49555,SHORT,103684.0,-11.095443848617457,-19.095443848617457,18.904556151382543,-13.182361791596874,3,TRAILING_STOP,True
2025-05-31 10:00:00,2025-05-31 10:15:00,2025-05-31 12:00:00,49584,SHORT,103476.0,-11.610228458773669,-19.61022845877367,18.38977154122633,-43.68066024972025,7,TRAILING_STOP,False
2025-05-31 12:30:00,2025-05-31 12:45:00,2025-05-31 15:15:00,49597,SHORT,103872.51,-86.73805995445774,-94.73805995445774,0.0,-87.75757897830835,10,TIME_EXIT,True
2025-05-31 21:00:00,2025-05-31 21:15:00,2025-05-31 23:45:00,49631,SHORT,104676.12,8.04768078908453,0.04768078908453077,19.385510276842346,-21.387877196824327,10,TIME_EXIT,False
2025-06-01 01:30:00,2025-06-01 01:45:00,2025-06-01 02:30:00,49642,SHORT,104213.05,-2.3134482677554473,-10.313448267755447,27.686551732244553,-4.296007073970493,3,TRAILING_STOP,False
2025-06-01 03:00:00,2025-06-01 03:15:00,2025-06-01 05:45:00,49655,SHORT,104069.17,-44.91243660346371,-52.91243660346371,0.0,-63.498152238555086,10,TIME_EXIT,True
2025-06-01 09:15:00,2025-06-01 09:30:00,2025-06-01 11:30:00,49678,SHORT,104032.55,-3.079579420095186,-11.079579420095186,26.920420579904814,-11.505052985820528,8,TRAILING_STOP,False
2025-06-01 12:00:00,2025-06-01 12:15:00,2025-06-01 13:00:00,49684,SHORT,104175.18,7.645243329552997,-0.3547566704470029,37.645243329553,-6.033106926237691,3,TRAILING_STOP,True
2025-06-01 14:15:00,2025-06-01 14:30:00,2025-06-01 15:00:00,49692,LONG,104670.18,-10.120395321761796,-18.120395321761798,9.879604678238204,-15.973030714190783,2,TRAILING_STOP,False
2025-06-01 15:30:00,2025-06-01 15:45:00,2025-06-01 16:45:00,49699,LONG,104748.23,32.600411481894305,24.600411481894305,52.600411481894305,-8.473651535686548,4,TRAILING_STOP,True
2025-06-02 08:15:00,2025-06-02 08:30:00,2025-06-02 11:00:00,49772,LONG,105811.14,-138.00909809685385,-146.00909809685385,0.0,-152.26468593004523,10,TIME_EXIT,False
2025-06-02 22:15:00,2025-06-02 22:30:00,2025-06-03 00:15:00,49825,LONG,105750.52,41.41624646384678,33.41624646384678,61.41624646384678,-23.038184587650694,7,TRAILING_STOP,False
2025-06-03 00:45:00,2025-06-03 01:00:00,2025-06-03 02:00:00,49832,LONG,106285.72,0.16075160426055746,-7.8392483957394425,20.160751604260557,-16.48292922134811,4,TRAILING_STOP,True
2025-06-03 13:30:00,2025-06-03 13:45:00,2025-06-03 15:00:00,49884,LONG,105579.95,85.36849089244653,77.36849089244653,105.36849089244653,-40.63366197843386,5,TRAILING_STOP,False
2025-06-03 15:30:00,2025-06-03 15:45:00,2025-06-03 18:15:00,49897,LONG,106678.45,-87.72343430186626,-95.72343430186626,0.0,-101.82750124322195,10,TIME_EXIT,True
2025-06-04 05:00:00,2025-06-04 05:15:00,2025-06-04 07:45:00,49951,LONG,105497.39,-16.74354218620948,-24.74354218620948,0.0,-23.4498692337317,10,TIME_EXIT,False
2025-06-04 09:30:00,2025-06-04 09:45:00,2025-06-04 10:15:00,49961,LONG,105680.54,10.228838724708108,2.2288387247081083,30.22883872470811,0.0,2,TRAILING_STOP,False
2025-06-04 10:45:00,2025-06-04 11:00:00,2025-06-04 13:30:00,49974,LONG,105705.13,-66.44994429314863,-74.44994429314863,0.0,-86.14813680282164,10,TIME_EXIT,True
2025-06-04 14:00:00,2025-06-04 14:15:00,2025-06-04 16:45:00,49987,SHORT,104491.65,-91.32212956729128,-99.32212956729128,0.0,-100.51999370284668,10,TIME_EXIT,False
2025-06-04 20:15:00,2025-06-04 20:30:00,2025-06-04 21:30:00,50006,SHORT,104681.96,-17.377958914792515,-25.377958914792515,12.622041085207485,-31.824967740381833,4,TRAILING_STOP,False
2025-06-04 22:00:00,2025-06-04 22:15:00,2025-06-05 00:45:00,50019,SHORT,104917.98,-2.0896265825932083,-10.089626582593208,27.91037341740679,-5.601518443264355,10,TRAILING_STOP,True
2025-06-05 02:30:00,2025-06-05 02:45:00,2025-06-05 05:15:00,50037,LONG,105170.39,-14.699078324231753,-22.699078324231753,5.3009216757682465,-27.592367015088783,10,TRAILING_STOP,False
2025-06-05 05:30:00,2025-06-05 05:45:00,2025-06-05 08:15:00,50049,SHORT,104740.01,11.125643390715624,3.1256433907156236,34.3717744537159,0.0,10,TIME_EXIT,False
2025-06-05 12:00:00,2025-06-05 12:15:00,2025-06-05 13:15:00,50069,LONG,105104.09,56.6497288545108,48.6497288545108,76.6497288545108,0.0,4,TRAILING_STOP,False
2025-06-05 13:45:00,2025-06-05 14:00:00,2025-06-05 14:15:00,50073,SHORT,104527.0,29.984501612023692,21.984501612023692,59.98450161202369,0.0,1,TRAILING_STOP,False
2025-06-05 14:45:00,2025-06-05 15:00:00,2025-06-05 15:15:00,50077,SHORT,104639.21,-0.46709354934795755,-8.467093549347958,29.532906450652042,-21.520613544386254,1,TRAILING_STOP,True
2025-06-05 19:15:00,2025-06-05 19:30:00,2025-06-05 20:15:00,50097,SHORT,102215.03,93.91426192410222,85.91426192410222,123.91426192410222,0.0,3,TRAILING_STOP,False
2025-06-05 20:45:00,2025-06-05 21:00:00,2025-06-05 21:15:00,50101,SHORT,100483.92,-29.669598877114623,-37.66959887711462,0.33040112288537643,-64.9307869358597,1,TRAILING_STOP,True
2025-06-06 05:30:00,2025-06-06 05:45:00,2025-06-06 08:15:00,50145,SHORT,102883.72,-50.39281239053096,-58.39281239053096,0.0,-58.8314652697238,10,TIME_EXIT,False
2025-06-06 11:15:00,2025-06-06 11:30:00,2025-06-06 13:00:00,50164,SHORT,103852.99,2.670219701908259,-5.329780298091741,32.67021970190826,-43.04257393070674,6,TRAILING_STOP,False
2025-06-06 13:30:00,2025-06-06 13:45:00,2025-06-06 15:15:00,50173,LONG,104370.01,72.26692610262329,64.26692610262329,92.26692610262329,-34.9889781556975,6,TRAILING_STOP,False
2025-06-06 15:45:00,2025-06-06 16:00:00,2025-06-06 16:15:00,50177,LONG,105092.28,-1.7569853846542145,-9.756985384654214,18.243014615345786,-9.053947635353822,1,TRAILING_STOP,True
2025-06-07 00:15:00,2025-06-07 00:30:00,2025-06-07 03:00:00,50220,LONG,104181.41,54.197769064557626,46.197769064557626,58.36741890899746,0.0,10,TIME_EXIT,False
2025-06-07 06:45:00,2025-06-07 07:00:00,2025-06-07 09:30:00,50246,LONG,105316.36,-50.655947471029684,-58.655947471029684,0.0,-59.492181461645934,10,TIME_EXIT,False
2025-06-07 12:00:00,2025-06-07 12:15:00,2025-06-07 12:45:00,50259,LONG,105278.69,20.30255315676923,12.302553156769228,40.30255315676923,-2.4306913393390923,2,TRAILING_STOP,False
2025-06-07 13:15:00,2025-06-07 13:30:00,2025-06-07 14:00:00,50264,LONG,105510.15,7.471290676774306,-0.5287093232256943,27.471290676774306,-0.9619927561466057,2,TRAILING_STOP,True
2025-06-07 18:15:00,2025-06-07 18:30:00,2025-06-07 21:00:00,50292,LONG,105761.3,3.214786505082672,-4.785213494917328,13.114437889851684,-20.685260109322037,10,TIME_EXIT,False
2025-06-08 01:00:00,2025-06-08 01:15:00,2025-06-08 02:00:00,50312,LONG,105536.65,3.6581320328063853,-4.341867967193615,23.658132032806385,-5.97612298665842,3,TRAILING_STOP,False
2025-06-08 02:30:00,2025-06-08 02:45:00,2025-06-08 05:15:00,50325,LONG,105544.81,6.48729198527158,-1.5127080147284202,10.262939504084283,-14.285875354742581,10,TIME_EXIT,True
2025-06-08 09:00:00,2025-06-08 09:15:00,2025-06-08 10:30:00,50346,SHORT,105311.92,3.0238020539364214,-4.976197946063579,33.02380205393642,-14.521623003360643,5,TRAILING_STOP,False
2025-06-08 12:15:00,2025-06-08 12:30:00,2025-06-08 15:00:00,50364,SHORT,105649.6,-21.72074480168395,-29.72074480168395,8.279255198316052,-48.32862594841784,10,TRAILING_STOP,False
2025-06-08 22:00:00,2025-06-08 22:15:00,2025-06-09 00:45:00,50403,SHORT,105960.78,24.012658268465216,16.012658268465216,39.172040824915825,-5.374630122579042,10,TIME_EXIT,False
2025-06-09 09:15:00,2025-06-09 09:30:00,2025-06-09 09:45:00,50439,LONG,106151.87,49.3468706674696,41.3468706674696,69.3468706674696,0.0,1,TRAILING_STOP,False
2025-06-09 10:15:00,2025-06-09 10:30:00,2025-06-09 12:00:00,50448,LONG,107088.43,47.00723878387302,39.00723878387302,67.00723878387302,0.0,6,TRAILING_STOP,True
2025-06-09 21:00:00,2025-06-09 21:15:00,2025-06-09 21:30:00,50486,LONG,109222.69,99.70772739620274,91.70772739620274,119.70772739620274,0.0,1,TRAILING_STOP,False
2025-06-09 22:00:00,2025-06-09 22:15:00,2025-06-09 22:45:00,50491,LONG,109908.89,26.503062673092288,18.503062673092288,46.50306267309229,0.0,2,TRAILING_STOP,True
2025-06-10 07:30:00,2025-06-10 07:45:00,2025-06-10 09:45:00,50535,SHORT,109161.0,-20.46362711957514,-28.46362711957514,9.53637288042486,-33.0557616731247,8,TRAILING_STOP,False
2025-06-10 11:15:00,2025-06-10 11:30:00,2025-06-10 12:00:00,50544,LONG,109745.27,-18.963053259608355,-26.963053259608355,1.0369467403916455,-30.037741034306876,2,TRAILING_STOP,False
2025-06-10 12:30:00,2025-06-10 12:45:00,2025-06-10 13:30:00,50550,LONG,109589.95,8.365739741646074,0.3657397416460739,28.365739741646074,-57.126588706355186,3,TRAILING_STOP,True
2025-06-10 13:45:00,2025-06-10 14:00:00,2025-06-10 16:30:00,50562,LONG,109305.28,-37.05127510766225,-45.05127510766225,0.0,-89.13110144358991,10,TIME_EXIT,False
2025-06-11 09:30:00,2025-06-11 09:45:00,2025-06-11 12:15:00,50641,SHORT,109289.35,1.1986529337035878,-6.801347066296412,25.668557823795165,-16.407820158139142,10,TIME_EXIT,False
2025-06-11 12:30:00,2025-06-11 12:45:00,2025-06-11 14:30:00,50650,LONG,109827.44,31.40518617205249,23.40518617205249,51.40518617205249,-47.89513440357019,7,TRAILING_STOP,False
2025-06-11 15:00:00,2025-06-11 15:15:00,2025-06-11 15:45:00,50655,LONG,109690.94,5.559084460393954,-2.4409155396060456,25.559084460393954,-2.173379132314529,2,TRAILING_STOP,True
2025-06-11 22:15:00,2025-06-11 22:30:00,2025-06-12 01:00:00,50692,SHORT,108286.29,-26.01622052062188,-34.01622052062188,0.0,-48.691297854974,10,TIME_EXIT,False
2025-06-12 01:30:00,2025-06-12 01:45:00,2025-06-12 02:30:00,50698,LONG,108489.18,4.87068295658673,-3.1293170434132698,24.87068295658673,-2.440796400156765,3,TRAILING_STOP,False
2025-06-12 02:45:00,2025-06-12 03:00:00,2025-06-12 04:45:00,50707,SHORT,108400.52,69.67848862717669,61.67848862717669,99.67848862717669,0.0,7,TRAILING_STOP,False
2025-06-12 05:15:00,2025-06-12 05:30:00,2025-06-12 06:30:00,50714,SHORT,107864.0,-9.263702440109927,-17.263702440109927,20.736297559890073,-12.013275977156582,4,TRAILING_STOP,True
2025-06-12 12:30:00,2025-06-12 12:45:00,2025-06-12 15:00:00,50748,LONG,107407.35,18.65191721050693,10.65191721050693,38.65191721050693,-75.16710914104164,9,TRAILING_STOP,False
2025-06-12 19:45:00,2025-06-12 20:00:00,2025-06-12 20:15:00,50769,SHORT,106789.8,5.650408559619585,-2.349591440380415,35.650408559619585,-10.506621418899286,1,TRAILING_STOP,False
2025-06-12 20:45:00,2025-06-12 21:00:00,2025-06-12 23:15:00,50781,SHORT,105973.61,-6.696084997009503,-14.696084997009503,23.303915002990497,-43.10318389644355,9,TRAILING_STOP,True
2025-06-13 00:00:00,2025-06-13 00:15:00,2025-06-13 00:30:00,50786,SHORT,104328.68,76.85556454850169,68.85556454850169,106.85556454850169,0.0,1,TRAILING_STOP,False
2025-06-13 01:00:00,2025-06-13 01:15:00,2025-06-13 03:45:00,50799,SHORT,102906.36,-133.214312507021,-141.214312507021,0.0,-163.6089353466588,10,TIME_EXIT,True
2025-06-13 08:00:00,2025-06-13 08:15:00,2025-06-13 10:45:00,50827,LONG,105396.5,-49.573752449085625,-57.573752449085625,0.0,-92.10078133524419,10,TIME_EXIT,False
2025-06-13 14:00:00,2025-06-13 14:15:00,2025-06-13 14:30:00,50842,SHORT,104548.38,11.165630686960874,3.165630686960874,41.165630686960874,-18.585653837964554,1,TRAILING_STOP,False
2025-06-13 15:00:00,2025-06-13 15:15:00,2025-06-13 16:00:00,50848,SHORT,105477.96,-10.536218182452249,-18.53621818245225,19.46378181754775,-36.08621175456845,3,TRAILING_STOP,True
2025-06-13 23:15:00,2025-06-13 23:30:00,2025-06-14 02:00:00,50888,SHORT,105874.27,38.371929270445904,30.371929270445904,47.25132933620265,-35.6772235596048,10,TIME_EXIT,False
2025-06-14 15:30:00,2025-06-14 15:45:00,2025-06-14 18:00:00,50952,SHORT,104740.26,6.352783542832029,-1.6472164571679713,36.35278354283203,-24.389857348072884,9,TRAILING_STOP,False
2025-06-14 18:30:00,2025-06-14 18:45:00,2025-06-14 20:15:00,50961,SHORT,104420.87,-18.42472773881358,-26.42472773881358,11.575272261186422,-59.845316362524414,6,TRAILING_STOP,True
2025-06-15 05:45:00,2025-06-15 06:00:00,2025-06-15 08:30:00,51010,LONG,106073.95,-78.6196799496952,-86.6196799496952,0.0,-82.39063408122325,10,TIME_EXIT,False
2025-06-15 13:00:00,2025-06-15 13:15:00,2025-06-15 14:00:00,51032,LONG,105404.3,4.28838292175886,-3.71161707824114,24.28838292175886,-10.454032710240694,3,TRAILING_STOP,False
2025-06-15 14:30:00,2025-06-15 14:45:00,2025-06-15 15:45:00,51039,LONG,105528.0,5.217951633689193,-2.782048366310807,25.217951633689193,0.0,4,TRAILING_STOP,True
2025-06-15 19:30:00,2025-06-15 19:45:00,2025-06-15 21:15:00,51061,SHORT,105150.0,32.336661911555034,24.336661911555034,62.336661911555034,-14.265335235378032,6,TRAILING_STOP,False
2025-06-15 21:45:00,2025-06-15 22:00:00,2025-06-16 00:30:00,51074,SHORT,104807.75,-71.0119242136192,-79.0119242136192,0.0,-91.79664671744274,10,TIME_EXIT,True
2025-06-16 04:15:00,2025-06-16 04:30:00,2025-06-16 05:30:00,51094,LONG,106226.1,32.681026602689975,24.681026602689975,52.681026602689975,-6.222576184196334,4,TRAILING_STOP,False
2025-06-16 06:00:00,2025-06-16 06:15:00,2025-06-16 08:15:00,51105,LONG,106600.55,42.07847895719063,34.07847895719063,62.07847895719063,-4.929618092965084,8,TRAILING_STOP,True
2025-06-16 14:00:00,2025-06-16 14:15:00,2025-06-16 16:45:00,51139,SHORT,106969.18,-74.48968011159965,-82.48968011159965,0.0,-87.67011208275159,10,TIME_EXIT,False
2025-06-16 19:00:00,2025-06-16 19:15:00,2025-06-16 19:30:00,51150,LONG,108611.59,-1.3813608658154095,-9.38136086581541,18.61863913418459,-17.6399222219283,1,TRAILING_STOP,False
2025-06-16 20:00:00,2025-06-16 20:15:00,2025-06-16 21:00:00,51156,LONG,108646.3,-1.2722568555025653,-9.272256855502565,18.727743144497435,-8.627077038057985,3,TRAILING_STOP,True
2025-06-16 22:30:00,2025-06-16 22:45:00,2025-06-17 00:15:00,51169,SHORT,107457.42,94.89319025154265,86.89319025154265,124.89319025154265,-48.87610366971461,6,TRAILING_STOP,False
2025-06-17 07:00:00,2025-06-17 07:15:00,2025-06-17 08:30:00,51202,LONG,106718.34,-10.213490951976732,-18.21349095197673,9.786509048023268,-22.18362841850714,5,TRAILING_STOP,False
2025-06-17 09:45:00,2025-06-17 10:00:00,2025-06-17 12:30:00,51218,SHORT,106160.58,37.61094749105542,29.61094749105542,61.44936284259241,-0.7253163085579496,10,TIME_EXIT,False
2025-06-17 14:00:00,2025-06-17 14:15:00,2025-06-17 16:45:00,51235,LONG,105672.55,-193.22709634621336,-201.22709634621336,0.0,-205.591707591045,10,TIME_EXIT,False
2025-06-18 06:45:00,2025-06-18 07:00:00,2025-06-18 08:00:00,51296,SHORT,104966.19,-16.25271623176921,-24.25271623176921,13.74728376823079,-32.813423065083434,4,TRAILING_STOP,False
2025-06-18 08:30:00,2025-06-18 08:45:00,2025-06-18 11:15:00,51309,SHORT,104807.5,36.590892827326286,28.590892827326286,60.26572525821193,-31.91565489110989,10,TIME_EXIT,True
2025-06-18 13:00:00,2025-06-18 13:15:00,2025-06-18 13:30:00,51318,SHORT,104054.84,-6.858356612724318,-14.858356612724318,23.141643387275682,-30.647300980906678,1,TRAILING_STOP,False
2025-06-18 14:00:00,2025-06-18 14:15:00,2025-06-18 15:15:00,51325,SHORT,105039.32,54.65306134883606,46.65306134883606,84.65306134883606,-26.048340754679867,4,TRAILING_STOP,True
2025-06-19 13:45:00,2025-06-19 14:00:00,2025-06-19 16:30:00,51426,SHORT,104283.33,6.677960897489505,-1.3220391025104954,19.689628246432267,-39.041714529062254,10,TIME_EXIT,False
2025-06-19 17:30:00,2025-06-19 17:45:00,2025-06-19 20:15:00,51441,LONG,104714.24,-35.21966066888352,-43.21966066888352,0.0,-56.08215272345092,10,TIME_EXIT,False
2025-06-19 22:00:00,2025-06-19 22:15:00,2025-06-19 23:15:00,51453,LONG,104533.73,14.876780920378692,6.8767809203786925,34.87678092037869,-6.712665854360909,4,TRAILING_STOP,False
2025-06-20 02:30:00,2025-06-20 02:45:00,2025-06-20 05:15:00,51477,SHORT,104575.8,22.904916816318767,14.904916816318767,32.30001587365326,-11.876552701485151,10,TIME_EXIT,False
2025-06-20 07:15:00,2025-06-20 07:30:00,2025-06-20 08:30:00,51490,LONG,105178.85,107.95348114188245,99.95348114188245,127.95348114188245,0.0,4,TRAILING_STOP,False
2025-06-20 09:00:00,2025-06-20 09:15:00,2025-06-20 10:45:00,51499,LONG,106038.41,-7.396076572631165,-15.396076572631165,12.603923427368835,-20.38035085588331,6,TRAILING_STOP,True
2025-06-20 13:45:00,2025-06-20 14:00:00,2025-06-20 15:00:00,51516,SHORT,105673.99,139.0094222807339,131.0094222807339,169.0094222807339,-2.0828209477085857,4,TRAILING_STOP,False
2025-06-20 15:30:00,2025-06-20 15:45:00,2025-06-20 17:30:00,51526,SHORT,104586.03,184.2762279053903,176.2762279053903,214.2762279053903,0.0,7,TRAILING_STOP,True
2025-06-21 07:00:00,2025-06-21 07:15:00,2025-06-21 09:45:00,51591,SHORT,103380.54,-44.76954753767022,-52.76954753767022,0.0,-53.47137865598382,10,TIME_EXIT,False
2025-06-21 13:45:00,2025-06-21 14:00:00,2025-06-21 16:15:00,51617,SHORT,103572.29,-1.954853947905697,-9.954853947905697,28.045146052094303,-19.668388137406872,9,TRAILING_STOP,False
2025-06-21 16:45:00,2025-06-21 17:00:00,2025-06-21 19:30:00,51630,SHORT,103486.01,103.64782640668055,95.64782640668055,118.42373669638917,-9.971396133641864,10,TIME_EXIT,True
2025-06-21 21:15:00,2025-06-21 21:30:00,2025-06-21 22:00:00,51640,SHORT,101848.0,13.832966774015496,5.832966774015496,43.832966774015496,-14.924200769774567,2,TRAILING_STOP,False
2025-06-21 22:30:00,2025-06-21 22:45:00,2025-06-21 23:45:00,51647,SHORT,101682.56,53.06832558110294,45.06832558110294,83.06832558110294,-62.92622845058246,4,TRAILING_STOP,True
2025-06-22 09:00:00,2025-06-22 09:15:00,2025-06-22 10:15:00,51689,SHORT,102596.78,20.370001865555516,12.370001865555516,50.370001865555516,0.0,4,TRAILING_STOP,False
2025-06-22 10:45:00,2025-06-22 11:00:00,2025-06-22 13:30:00,51702,SHORT,102495.68,209.93665293990878,201.93665293990878,217.27062057639824,-32.715525181159535,10,TIME_EXIT,True
2025-06-22 14:00:00,2025-06-22 14:15:00,2025-06-22 14:45:00,51707,SHORT,100451.46,107.887493123545,99.887493123545,137.887493123545,0.0,2,TRAILING_STOP,False
2025-06-22 15:15:00,2025-06-22 15:30:00,2025-06-22 16:30:00,51714,SHORT,99245.81,27.64978894323037,19.64978894323037,57.64978894323037,-18.243591341538515,4,TRAILING_STOP,True
2025-06-22 22:00:00,2025-06-22 22:15:00,2025-06-22 23:00:00,51740,LONG,100334.8,49.75147207150373,41.75147207150373,69.75147207150373,-3.468387837520273,3,TRAILING_STOP,False
2025-06-23 00:45:00,2025-06-23 01:00:00,2025-06-23 01:45:00,51751,SHORT,100904.6,3.735825720532411,-4.264174279467589,33.73582572053241,-20.342977426201532,3,TRAILING_STOP,False
2025-06-23 02:15:00,2025-06-23 02:30:00,2025-06-23 05:00:00,51764,SHORT,101225.98,-5.699914191989457,-13.699914191989457,24.300085808010543,-27.010852352330723,10,TRAILING_STOP,True
2025-06-23 05:45:00,2025-06-23 06:00:00,2025-06-23 06:15:00,51769,LONG,101771.01,8.856940694605232,0.8569406946052318,28.856940694605232,0.0,1,TRAILING_STOP,False
2025-06-23 13:30:00,2025-06-23 13:45:00,2025-06-23 14:00:00,51800,LONG,102000.0,40.10686274509769,32.10686274509769,60.10686274509769,0.0,1,TRAILING_STOP,False
2025-06-23 14:30:00,2025-06-23 14:45:00,2025-06-23 15:15:00,51805,LONG,101788.2,6.727066595145892,-1.2729334048541077,26.727066595145892,-28.313694514688056,2,TRAILING_STOP,True
2025-06-23 16:15:00,2025-06-23 16:30:00,2025-06-23 16:45:00,51811,SHORT,100272.17,-25.02853084759298,-33.028530847592975,4.971469152407021,-64.77569997737199,1,TRAILING_STOP,False
2025-06-23 17:30:00,2025-06-23 17:45:00,2025-06-23 18:15:00,51817,LONG,102374.17,59.290508533548646,51.290508533548646,79.29050853354865,0.0,2,TRAILING_STOP,False
2025-06-23 18:45:00,2025-06-23 19:00:00,2025-06-23 19:30:00,51822,LONG,102933.77,-5.40517849487142,-13.40517849487142,14.59482150512858,-24.9509951884597,2,TRAILING_STOP,True
2025-06-23 22:00:00,2025-06-23 22:15:00,2025-06-23 22:30:00,51834,LONG,105323.84,51.24312976055569,43.24312976055569,71.24312976055569,-43.02349781398014,1,TRAILING_STOP,False
2025-06-23 23:00:00,2025-06-23 23:15:00,2025-06-23 23:30:00,51838,LONG,105261.89,16.272386900900003,8.272386900900003,36.2723869009,0.0,1,TRAILING_STOP,True
2025-06-24 13:15:00,2025-06-24 13:30:00,2025-06-24 14:00:00,51896,SHORT,105105.44,-3.4628388406919512,-11.462838840691951,26.53716115930805,-17.654652318661878,2,TRAILING_STOP,False
2025-06-24 14:15:00,2025-06-24 14:30:00,2025-06-24 15:30:00,51902,LONG,105383.83,13.030684119185693,5.030684119185693,33.03068411918569,-18.32634095762174,4,TRAILING_STOP,False
2025-06-24 16:00:00,2025-06-24 16:15:00,2025-06-24 17:00:00,51908,LONG,105253.93,78.43527932876303,70.43527932876303,98.43527932876303,0.0,3,TRAILING_STOP,True
2025-06-25 00:00:00,2025-06-25 00:15:00,2025-06-25 01:15:00,51941,LONG,106438.2,-3.2945314746023833,-11.294531474602383,16.705468525397617,-59.20524774000296,4,TRAILING_STOP,False
2025-06-25 01:45:00,2025-06-25 02:00:00,2025-06-25 02:15:00,51945,LONG,106387.42,17.951855585932506,9.951855585932506,37.951855585932506,0.0,1,TRAILING_STOP,True
2025-06-25 09:00:00,2025-06-25 09:15:00,2025-06-25 09:30:00,51974,LONG,106824.5,-6.20073110569172,-14.20073110569172,13.79926889430828,-35.094009333064925,1,TRAILING_STOP,False
2025-06-25 10:00:00,2025-06-25 10:15:00,2025-06-25 12:15:00,51985,LONG,106730.75,27.47366621147161,19.47366621147161,47.47366621147161,0.0,8,TRAILING_STOP,True
2025-06-25 13:15:00,2025-06-25 13:30:00,2025-06-25 14:00:00,51992,LONG,107870.17,4.578620762348358,-3.4213792376516423,24.578620762348358,-15.776372652420315,2,TRAILING_STOP,False
2025-06-25 14:30:00,2025-06-25 14:45:00,2025-06-25 17:15:00,52005,LONG,107765.08,-37.97797950876147,-45.97797950876147,0.0,-93.97478292597204,10,TIME_EXIT,True
2025-06-26 01:30:00,2025-06-26 01:45:00,2025-06-26 02:30:00,52042,LONG,107629.87,9.743601845844903,1.7436018458449034,29.743601845844903,0.0,3,TRAILING_STOP,False
2025-06-26 03:00:00,2025-06-26 03:15:00,2025-06-26 05:45:00,52055,LONG,107966.92,-31.012276723277996,-39.01227672327799,0.0,-41.39416035948773,10,TIME_EXIT,True
2025-06-26 07:15:00,2025-06-26 07:30:00,2025-06-26 07:45:00,52063,LONG,107973.58,-9.595602924345336,-17.595602924345336,10.404397075654664,-16.07615492604781,1,TRAILING_STOP,False
2025-06-26 08:15:00,2025-06-26 08:30:00,2025-06-26 11:00:00,52076,LONG,107854.26,-46.717672533286624,-54.717672533286624,0.0,-56.95278053921976,10,TIME_EXIT,True
2025-06-26 13:30:00,2025-06-26 13:45:00,2025-06-26 14:45:00,52091,LONG,107226.69,30.2542790419065,22.2542790419065,50.2542790419065,-31.93048297956457,4,TRAILING_STOP,False
2025-06-26 15:15:00,2025-06-26 15:30:00,2025-06-26 16:30:00,52098,LONG,106925.4,25.409229238329544,17.409229238329544,45.409229238329544,-0.22258509203520443,4,TRAILING_STOP,True
2025-06-26 20:30:00,2025-06-26 20:45:00,2025-06-26 23:15:00,52125,LONG,107953.59,-87.07538118926799,-95.07538118926799,0.0,-102.22818898380281,10,TIME_EXIT,False
2025-06-27 07:30:00,2025-06-27 07:45:00,2025-06-27 09:30:00,52166,SHORT,106964.46,-3.4042503463290075,-11.404250346329007,26.595749653670993,-11.535607247491308,7,TRAILING_STOP,False
2025-06-27 10:00:00,2025-06-27 10:15:00,2025-06-27 12:45:00,52179,SHORT,107010.1,29.642061824071895,21.642061824071895,38.170228791488505,-17.745988462770725,10,TIME_EXIT,True
2025-06-27 14:00:00,2025-06-27 14:15:00,2025-06-27 15:15:00,52189,SHORT,106708.89,1.717132471343021,-6.282867528656979,31.71713247134302,-7.8447072216763205,4,TRAILING_STOP,False
2025-06-27 15:45:00,2025-06-27 16:00:00,2025-06-27 16:30:00,52194,SHORT,107308.25,-10.0369496287563,-18.0369496287563,19.9630503712437,-37.3661857312929,2,TRAILING_STOP,True
2025-06-27 22:00:00,2025-06-27 22:15:00,2025-06-28 00:45:00,52227,SHORT,107166.58,9.554284554009227,1.554284554009227,29.765809452910155,-1.082427002895051,10,TIME_EXIT,False
2025-06-28 13:15:00,2025-06-28 13:30:00,2025-06-28 15:45:00,52287,SHORT,107183.84,-22.270289998940953,-30.270289998940953,7.729710001059047,-36.75087587830437,9,TRAILING_STOP,False
2025-06-28 22:00:00,2025-06-28 22:15:00,2025-06-29 00:45:00,52323,SHORT,107258.37,-20.282799375004757,-28.282799375004757,0.3925101602785733,-22.527845612422105,10,TIME_EXIT,False
2025-06-29 08:30:00,2025-06-29 08:45:00,2025-06-29 10:30:00,52362,LONG,107685.5,36.86838060834555,28.868380608345547,56.86838060834555,-5.386983391449616,7,TRAILING_STOP,False
2025-06-29 11:00:00,2025-06-29 11:15:00,2025-06-29 12:00:00,52368,LONG,108111.83,18.54064814183593,10.54064814183593,38.54064814183593,0.0,3,TRAILING_STOP,True
2025-06-29 22:00:00,2025-06-29 22:15:00,2025-06-29 23:00:00,52412,LONG,107802.09,24.075212270930876,16.075212270930876,44.07521227093088,0.0,3,TRAILING_STOP,False
2025-06-29 23:30:00,2025-06-29 23:45:00,2025-06-30 01:00:00,52420,LONG,108300.0,25.24376731301988,17.24376731301988,45.24376731301988,-4.080332409972514,5,TRAILING_STOP,True
2025-06-30 06:30:00,2025-06-30 06:45:00,2025-06-30 09:15:00,52453,SHORT,107779.82,12.044926406446677,4.0449264064466774,29.766240099492368,0.0,10,TIME_EXIT,False
2025-06-30 13:45:00,2025-06-30 14:00:00,2025-06-30 15:15:00,52477,SHORT,107525.49,43.67183353454176,35.67183353454176,73.67183353454176,-10.771399414221914,5,TRAILING_STOP,False
2025-06-30 15:45:00,2025-06-30 16:00:00,2025-06-30 17:15:00,52485,SHORT,107580.47,-2.2096399095485317,-10.209639909548532,27.79036009045147,-19.75544445938922,5,TRAILING_STOP,True
2025-06-30 21:45:00,2025-06-30 22:00:00,2025-07-01 00:30:00,52514,SHORT,107130.8,-14.26387182770946,-22.26387182770946,9.695624414268343,-29.725345092167434,10,TIME_EXIT,False
2025-07-01 13:15:00,2025-07-01 13:30:00,2025-07-01 14:15:00,52569,LONG,106615.17,32.97745152026742,24.977451520267422,52.97745152026742,-19.653863516795365,3,TRAILING_STOP,False
2025-07-01 14:30:00,2025-07-01 14:45:00,2025-07-01 15:15:00,52573,SHORT,106039.5,9.241037537898663,1.241037537898663,39.24103753789866,-5.706364137891518,2,TRAILING_STOP,False
2025-07-01 15:45:00,2025-07-01 16:00:00,2025-07-01 17:30:00,52582,SHORT,105955.19,-25.680249358242474,-33.68024935824248,4.319750641757527,-31.224520478892682,6,TRAILING_STOP,True
2025-07-02 01:15:00,2025-07-02 01:30:00,2025-07-02 04:00:00,52624,LONG,105618.5,56.91332484365907,48.91332484365907,60.16275557785738,-8.794860748827091,10,TIME_EXIT,False
2025-07-02 04:15:00,2025-07-02 04:30:00,2025-07-02 05:30:00,52630,SHORT,106225.98,-28.302675108292828,-36.30267510829283,1.6973248917071733,-37.184876995251074,4,TRAILING_STOP,False
2025-07-02 06:00:00,2025-07-02 06:15:00,2025-07-02 07:30:00,52638,SHORT,106749.57,-28.7484727104755,-36.7484727104755,1.2515272895244993,-37.81654577156496,5,TRAILING_STOP,True
2025-07-02 08:15:00,2025-07-02 08:30:00,2025-07-02 09:15:00,52645,LONG,107630.88,-4.287966427478752,-12.287966427478752,15.712033572521248,-15.622839839273704,3,TRAILING_STOP,False
2025-07-02 09:45:00,2025-07-02 10:00:00,2025-07-02 11:30:00,52654,LONG,107636.15,0.8182845633183433,-7.181715436681657,20.818284563318343,-11.194194515503453,6,TRAILING_STOP,True
2025-07-02 14:15:00,2025-07-02 14:30:00,2025-07-02 14:45:00,52667,SHORT,107850.6,-24.587883609362407,-32.58788360936241,5.412116390637594,-29.781939089814713,1,TRAILING_STOP,False
2025-07-02 15:00:00,2025-07-02 15:15:00,2025-07-02 16:00:00,52672,LONG,108356.43,99.05338704865085,91.05338704865085,119.05338704865085,-19.5595222175544,3,TRAILING_STOP,False
2025-07-02 16:30:00,2025-07-02 16:45:00,2025-07-02 17:15:00,52677,LONG,109495.54,1.4127442999054054,-6.587255700094595,21.412744299905405,-16.647253394978357,2,TRAILING_STOP,True
2025-07-03 09:15:00,2025-07-03 09:30:00,2025-07-03 09:45:00,52743,LONG,109970.0,6.449031554060248,-1.550968445939752,26.449031554060248,-7.364735837046943,1,TRAILING_STOP,False
2025-07-03 10:15:00,2025-07-03 10:30:00,2025-07-03 11:00:00,52748,LONG,109750.51,-8.451078723916636,-16.451078723916638,11.548921276083364,-9.341186660543949,2,TRAILING_STOP,True
2025-07-03 12:30:00,2025-07-03 12:45:00,2025-07-03 15:15:00,52765,SHORT,108941.87,-56.20153206476115,-64.20153206476115,0.0,-145.7024741726939,10,TIME_EXIT,False
2025-07-03 23:15:00,2025-07-03 23:30:00,2025-07-04 02:00:00,52808,SHORT,109600.0,16.87226277372247,8.872262773722468,19.799270072992698,-15.291058394160265,10,TIME_EXIT,False
2025-07-04 04:45:00,2025-07-04 05:00:00,2025-07-04 07:30:00,52830,SHORT,108982.59,11.67158901251999,3.6715890125199895,21.3419409467142,-20.323429641377146,10,TIME_EXIT,False
2025-07-04 07:45:00,2025-07-04 08:00:00,2025-07-04 08:30:00,52834,SHORT,108700.0,-13.333026678933003,-21.333026678933003,16.666973321066997,-17.66329346826127,2,TRAILING_STOP,False
2025-07-04 09:00:00,2025-07-04 09:15:00,2025-07-04 11:45:00,52847,SHORT,108900.0,1.1019283746556474,-6.898071625344352,4.040404040404041,-19.375573921028465,10,TIME_EXIT,True
2025-07-04 13:30:00,2025-07-04 13:45:00,2025-07-04 14:15:00,52857,SHORT,108366.39,49.48866802705152,41.48866802705152,79.48866802705152,0.0,2,TRAILING_STOP,False
2025-07-04 14:45:00,2025-07-04 15:00:00,2025-07-04 17:00:00,52868,SHORT,107809.99,14.212971358220464,6.212971358220464,44.212971358220464,-11.969206193228809,8,TRAILING_STOP,True
2025-07-04 22:45:00,2025-07-04 23:00:00,2025-07-05 01:30:00,52902,SHORT,108254.95,25.293069739535948,17.293069739535948,33.28623771938341,0.0,10,TIME_EXIT,False
2025-07-06 06:00:00,2025-07-06 06:15:00,2025-07-06 08:15:00,53025,LONG,108080.0,-9.397668393782707,-17.39766839378271,10.602331606217293,-10.241487786824791,8,TRAILING_STOP,False
2025-07-06 09:45:00,2025-07-06 10:00:00,2025-07-06 12:30:00,53042,SHORT,107850.0,-29.52804821511418,-37.52804821511418,0.0,-30.66481223922125,10,TIME_EXIT,False
2025-07-06 13:15:00,2025-07-06 13:30:00,2025-07-06 13:45:00,53047,LONG,108461.53,41.358160815175665,33.358160815175665,61.358160815175665,0.0,1,TRAILING_STOP,False
2025-07-06 14:15:00,2025-07-06 14:30:00,2025-07-06 15:30:00,53054,LONG,108904.39,-11.20972074679488,-19.20972074679488,8.79027925320512,-24.629861110281773,4,TRAILING_STOP,True
2025-07-06 21:15:00,2025-07-06 21:30:00,2025-07-06 21:45:00,53079,LONG,109305.85,-7.216603685896416,-15.216603685896416,12.783396314103584,-24.802881090078944,1,TRAILING_STOP,False
2025-07-06 22:15:00,2025-07-06 22:30:00,2025-07-07 01:00:00,53092,LONG,109445.69,-62.010664832942034,-70.01066483294204,0.0,-69.98356901948375,10,TIME_EXIT,True
2025-07-07 10:15:00,2025-07-07 10:30:00,2025-07-07 13:00:00,53140,SHORT,108725.2,42.51176360218163,34.51176360218163,47.82056045884423,-6.971704811764238,10,TIME_EXIT,False
2025-07-08 02:00:00,2025-07-08 02:15:00,2025-07-08 03:15:00,53197,SHORT,107638.47,-22.61230673382815,-30.61230673382815,7.38769326617185,-28.477736630778832,4,TRAILING_STOP,False
2025-07-08 03:45:00,2025-07-08 04:00:00,2025-07-08 05:15:00,53205,SHORT,107901.52,-15.957565750695258,-23.95756575069526,14.042434249304742,-17.854243387859057,5,TRAILING_STOP,True
2025-07-08 06:00:00,2025-07-08 06:15:00,2025-07-08 08:45:00,53219,SHORT,108237.58,-2.289408170433858,-10.289408170433859,4.722943731742278,-26.554547875146344,10,TIME_EXIT,False
2025-07-08 10:30:00,2025-07-08 10:45:00,2025-07-08 11:45:00,53231,LONG,108879.82,-8.502920008501759,-16.50292000850176,11.497079991498241,-11.339107650986785,4,TRAILING_STOP,False
2025-07-08 12:15:00,2025-07-08 12:30:00,2025-07-08 14:00:00,53240,LONG,108696.15,27.87750072104702,19.87750072104702,47.87750072104702,-15.285729991356106,6,TRAILING_STOP,True
2025-07-08 17:15:00,2025-07-08 17:30:00,2025-07-08 19:30:00,53262,LONG,108887.7,3.864954443890408,-4.135045556109592,23.864954443890408,-11.433798307797852,8,TRAILING_STOP,False
2025-07-08 20:00:00,2025-07-08 20:15:00,2025-07-08 20:45:00,53267,LONG,108718.01,-3.1674623183408137,-11.167462318340814,16.832537681659186,-8.046504898314081,2,TRAILING_STOP,True
2025-07-09 01:00:00,2025-07-09 01:15:00,2025-07-09 03:45:00,53295,LONG,109098.82,-66.2161148947352,-74.2161148947352,0.0,-68.82017605690024,10,TIME_EXIT,False
2025-07-09 05:30:00,2025-07-09 05:45:00,2025-07-09 08:15:00,53313,LONG,108865.39,-5.005263840051024,-13.005263840051024,1.002155046705247,-18.22250395649202,10,TIME_EXIT,False
2025-07-09 09:45:00,2025-07-09 10:00:00,2025-07-09 12:30:00,53330,LONG,108763.37,63.13062936538328,55.13062936538328,67.72776533128797,0.0,10,TIME_EXIT,False
2025-07-09 13:00:00,2025-07-09 13:15:00,2025-07-09 15:45:00,53343,LONG,109707.9,-58.024991819184145,-66.02499181918415,0.0,-109.82800691654788,10,TIME_EXIT,False
2025-07-09 19:15:00,2025-07-09 19:30:00,2025-07-09 19:45:00,53359,LONG,110346.02,129.8712867034071,121.8712867034071,149.8712867034071,0.0,1,TRAILING_STOP,False
2025-07-09 20:15:00,2025-07-09 20:30:00,2025-07-09 21:45:00,53367,LONG,111005.87,4.695090448820828,-3.304909551179172,24.695090448820828,-40.22039555205515,5,TRAILING_STOP,True
2025-07-10 05:00:00,2025-07-10 05:15:00,2025-07-10 06:15:00,53401,SHORT,110986.91,-26.13377829871978,-34.133778298719776,3.8662217012802222,-28.794386653345136,4,TRAILING_STOP,False
2025-07-10 07:00:00,2025-07-10 07:15:00,2025-07-10 09:00:00,53412,LONG,111394.53,-19.60231440448579,-27.60231440448579,0.39768559551421123,-26.190693564576286,7,TRAILING_STOP,False
2025-07-10 09:30:00,2025-07-10 09:45:00,2025-07-10 12:00:00,53424,LONG,111086.27,-12.107035369898277,-20.107035369898277,7.892964630101723,-26.26877290955918,9,TRAILING_STOP,True
2025-07-10 13:30:00,2025-07-10 13:45:00,2025-07-10 14:00:00,53432,SHORT,110798.95,-15.861779376068618,-23.86177937606862,14.138220623931382,-29.852268455613462,1,TRAILING_STOP,False
2025-07-10 14:15:00,2025-07-10 14:30:00,2025-07-10 17:00:00,53444,SHORT,110871.99,-230.99432056734994,-238.99432056734994,0.0,-233.33305373160476,10,TIME_EXIT,False
2025-07-10 21:15:00,2025-07-10 21:30:00,2025-07-10 22:00:00,53464,LONG,115727.51,65.76093964175028,57.760939641750284,85.76093964175028,0.0,2,TRAILING_STOP,False
2025-07-10 22:30:00,2025-07-10 22:45:00,2025-07-10 23:15:00,53469,LONG,115962.95,-8.182432406211799,-16.1824324062118,11.817567593788201,-15.604121833740614,2,TRAILING_STOP,True
2025-07-11 05:00:00,2025-07-11 05:15:00,2025-07-11 05:45:00,53495,LONG,117206.42,82.1957670919394,74.1957670919394,102.1957670919394,0.0,2,TRAILING_STOP,False
2025-07-11 06:15:00,2025-07-11 06:30:00,2025-07-11 09:00:00,53508,LONG,118140.9,-9.119619031173006,-17.119619031173006,0.0,-56.912551030167826,10,TIME_EXIT,True
2025-07-11 15:45:00,2025-07-11 16:00:00,2025-07-11 16:15:00,53537,SHORT,116902.58,-6.768690648230198,-14.768690648230198,23.231309351769802,-30.66570472610658,1,TRAILING_STOP,False
2025-07-12 08:45:00,2025-07-12 09:00:00,2025-07-12 11:00:00,53612,LONG,117929.66,2.923834428081662,-5.076165571918338,22.923834428081662,-5.032660994698519,8,TRAILING_STOP,False
2025-07-12 11:30:00,2025-07-12 11:45:00,2025-07-12 12:30:00,53618,LONG,117676.31,-4.289106278060158,-12.289106278060158,15.710893721939842,-18.806674002609164,3,TRAILING_STOP,True
2025-07-12 13:00:00,2025-07-12 13:15:00,2025-07-12 14:00:00,53624,SHORT,117486.01,-8.965155085274397,-16.965155085274397,21.034844914725603,-20.534359793136222,3,TRAILING_STOP,False
2025-07-12 15:30:00,2025-07-12 15:45:00,2025-07-12 18:15:00,53641,SHORT,116992.6,-36.24502746327491,-44.24502746327491,0.0,-47.532066130678054,10,TIME_EXIT,False
2025-07-13 12:45:00,2025-07-13 13:00:00,2025-07-13 14:30:00,53722,LONG,118432.11,59.69882492172093,51.69882492172093,79.69882492172093,-21.70948402422287,6,TRAILING_STOP,False
2025-07-13 15:00:00,2025-07-13 15:15:00,2025-07-13 17:45:00,53735,LONG,118989.56,-24.368524431890652,-32.36852443189065,0.0,-51.01287877692799,10,TIME_EXIT,True
2025-07-13 22:00:00,2025-07-13 22:15:00,2025-07-13 23:45:00,53759,SHORT,118408.96,-28.10740673678719,-36.10740673678719,1.8925932632128084,-66.63684910331055,6,TRAILING_STOP,False
2025-07-14 02:15:00,2025-07-14 02:30:00,2025-07-14 02:45:00,53771,LONG,119834.52,-6.274405738847545,-14.274405738847545,13.725594261152455,-29.58412984839461,1,TRAILING_STOP,False
2025-07-14 03:15:00,2025-07-14 03:30:00,2025-07-14 03:45:00,53775,LONG,119925.48,87.4909185270729,79.4909185270729,107.4909185270729,0.0,1,TRAILING_STOP,True
2025-07-14 05:15:00,2025-07-14 05:30:00,2025-07-14 06:00:00,53784,LONG,122330.46,-6.141636351240825,-14.141636351240825,13.858363648759175,-35.034610349703726,2,TRAILING_STOP,False
2025-07-14 06:30:00,2025-07-14 06:45:00,2025-07-14 07:30:00,53790,LONG,122140.34,68.23129197118688,60.23129197118688,88.23129197118688,-3.3027581223366913,3,TRAILING_STOP,True
2025-07-14 14:30:00,2025-07-14 14:45:00,2025-07-14 16:15:00,53825,SHORT,120901.86,110.59833322663528,102.59833322663528,140.59833322663528,-22.696094170924596,6,TRAILING_STOP,False
2025-07-15 00:30:00,2025-07-15 00:45:00,2025-07-15 01:30:00,53862,SHORT,119401.88,23.75711002205408,15.757110022054079,53.75711002205408,-11.334829903850467,3,TRAILING_STOP,False
2025-07-15 02:00:00,2025-07-15 02:15:00,2025-07-15 02:30:00,53866,SHORT,118252.37,2.494063332515033,-5.505936667484967,32.49406333251503,-2.654492252459669,1,TRAILING_STOP,True
2025-07-15 03:00:00,2025-07-15 03:15:00,2025-07-15 03:30:00,53870,SHORT,117577.39,32.71443854979301,24.71443854979301,62.71443854979301,0.0,1,TRAILING_STOP,False
2025-07-15 04:00:00,2025-07-15 04:15:00,2025-07-15 04:30:00,53874,SHORT,116984.16,-26.907273600117524,-34.90727360011752,3.092726399882477,-45.06336584371749,1,TRAILING_STOP,True
2025-07-15 12:30:00,2025-07-15 12:45:00,2025-07-15 15:00:00,53916,SHORT,116533.56,38.36142309563009,30.361423095630087,68.36142309563009,-167.9473277912396,9,TRAILING_STOP,False
2025-07-15 15:30:00,2025-07-15 15:45:00,2025-07-15 18:15:00,53929,SHORT,116257.93,-45.42141770458258,-53.42141770458258,0.0,-132.69374398804564,10,TIME_EXIT,True
2025-07-15 23:00:00,2025-07-15 23:15:00,2025-07-16 00:30:00,53954,SHORT,117833.01,4.603206690552227,-3.396793309447773,34.60320669055223,-7.382481360698946,5,TRAILING_STOP,False
2025-07-16 01:00:00,2025-07-16 01:15:00,2025-07-16 03:30:00,53966,SHORT,117913.71,46.02339032501078,38.02339032501078,76.02339032501078,0.0,9,TRAILING_STOP,True
2025-07-16 08:30:00,2025-07-16 08:45:00,2025-07-16 09:30:00,53990,LONG,118782.75,15.127154405837551,7.127154405837551,35.12715440583755,-7.4960379348006,3,TRAILING_STOP,False
2025-07-16 10:00:00,2025-07-16 10:15:00,2025-07-16 12:45:00,54003,LONG,119200.17,-49.22308416170927,-57.22308416170927,0.0,-51.99740906409762,10,TIME_EXIT,True
2025-07-16 13:30:00,2025-07-16 13:45:00,2025-07-16 14:30:00,54010,SHORT,118353.62,-17.020253372901028,-25.020253372901028,12.979746627098972,-36.353767632963766,3,TRAILING_STOP,False
2025-07-16 14:45:00,2025-07-16 15:00:00,2025-07-16 15:30:00,54014,LONG,119056.81,19.159456733302463,11.159456733302463,39.15945673330246,-61.174997045528244,2,TRAILING_STOP,False
2025-07-16 16:00:00,2025-07-16 16:15:00,2025-07-16 16:30:00,54018,LONG,118776.38,27.29391483390811,19.29391483390811,47.29391483390811,0.0,1,TRAILING_STOP,True
2025-07-17 01:45:00,2025-07-17 02:00:00,2025-07-17 03:45:00,54063,SHORT,118149.71,2.8904742973982565,-5.1095257026017435,32.89047429739826,-31.615820301208828,7,TRAILING_STOP,False
2025-07-17 07:00:00,2025-07-17 07:15:00,2025-07-17 07:30:00,54078,SHORT,118066.24,-18.69194106630233,-26.69194106630233,11.30805893369767,-41.51991288957723,1,TRAILING_STOP,False
2025-07-17 09:15:00,2025-07-17 09:30:00,2025-07-17 12:00:00,54096,LONG,119135.92,-110.68953847000903,-118.68953847000903,0.0,-115.76357491510565,10,TIME_EXIT,False
2025-07-17 12:15:00,2025-07-17 12:30:00,2025-07-17 15:00:00,54108,SHORT,117472.17,-82.45272050392842,-90.45272050392842,0.0,-119.75857771249154,10,TIME_EXIT,False
2025-07-17 21:00:00,2025-07-17 21:15:00,2025-07-17 21:30:00,54134,LONG,120066.0,50.7735745340063,42.7735745340063,70.7735745340063,-0.651308447021387,1,TRAILING_STOP,False
2025-07-17 22:00:00,2025-07-17 22:15:00,2025-07-18 00:45:00,54147,LONG,120435.55,-57.83093114948246,-65.83093114948247,0.0,-117.49603833751803,10,TIME_EXIT,True
2025-07-18 06:00:00,2025-07-18 06:15:00,2025-07-18 08:45:00,54179,SHORT,120409.41,146.78254797527939,138.78254797527939,167.29672539712664,-3.853519421778927,10,TIME_EXIT,False
2025-07-18 13:30:00,2025-07-18 13:45:00,2025-07-18 14:30:00,54202,SHORT,118660.01,83.29174841633609,75.29174841633609,113.29174841633609,-49.09994529749407,3,TRAILING_STOP,False
2025-07-18 15:00:00,2025-07-18 15:15:00,2025-07-18 15:45:00,54207,SHORT,117750.26,-7.048033694363411,-15.048033694363411,22.95196630563659,-23.053027653612965,2,TRAILING_STOP,True
2025-07-19 10:30:00,2025-07-19 10:45:00,2025-07-19 12:00:00,54288,LONG,118450.67,-15.843839464986063,-23.84383946498606,4.156160535013937,-23.99986424728529,5,TRAILING_STOP,False
2025-07-19 14:15:00,2025-07-19 14:30:00,2025-07-19 15:15:00,54301,SHORT,117877.58,-8.802584851165477,-16.802584851165477,21.197415148834523,-27.12390261150559,3,TRAILING_STOP,False
2025-07-19 15:45:00,2025-07-19 16:00:00,2025-07-19 18:30:00,54314,SHORT,118058.1,9.613910439012656,1.6139104390126562,26.780881616764358,-8.759246506592003,10,TIME_EXIT,True
2025-07-19 21:15:00,2025-07-19 21:30:00,2025-07-20 00:00:00,54336,LONG,117695.22,0.43753348691591754,-7.5624665130840825,20.437533486915918,-18.226738520052393,10,TRAILING_STOP,False
2025-07-20 02:45:00,2025-07-20 03:00:00,2025-07-20 04:00:00,54352,LONG,117970.5,-3.480615916690642,-11.480615916690642,16.519384083309358,-22.34456919314624,4,TRAILING_STOP,False
2025-07-20 09:00:00,2025-07-20 09:15:00,2025-07-20 11:45:00,54383,SHORT,118006.09,10.815543502881088,2.815543502881088,15.77969408188949,-8.557185480851919,10,TIME_EXIT,False
2025-07-20 14:00:00,2025-07-20 14:15:00,2025-07-20 14:45:00,54395,LONG,118555.21,0.2977161442335081,-7.702283855766492,20.297716144233508,-13.806225808212693,2,TRAILING_STOP,False
2025-07-20 15:15:00,2025-07-20 15:30:00,2025-07-20 16:45:00,54403,LONG,118699.37,-6.73708209234745,-14.73708209234745,13.26291790765255,-19.744839420798556,5,TRAILING_STOP,True
2025-07-20 22:00:00,2025-07-20 22:15:00,2025-07-21 00:15:00,54433,SHORT,116918.3,4.494172426386882,-3.505827573613118,34.49417242638688,-63.27238764162703,8,TRAILING_STOP,False
2025-07-21 00:45:00,2025-07-21 01:00:00,2025-07-21 01:45:00,54439,SHORT,117352.05,19.09160087105473,11.09160087105473,49.09160087105473,0.0,3,TRAILING_STOP,True
2025-07-21 06:15:00,2025-07-21 06:30:00,2025-07-21 07:30:00,54462,LONG,118850.8,49.49301140589655,41.49301140589655,69.49301140589655,0.0,4,TRAILING_STOP,False
2025-07-21 08:00:00,2025-07-21 08:15:00,2025-07-21 10:45:00,54475,LONG,119380.0,-67.16870497570787,-75.16870497570787,0.0,-86.78170547830457,10,TIME_EXIT,True
2025-07-21 13:45:00,2025-07-21 14:00:00,2025-07-21 14:45:00,54491,LONG,118834.0,13.635996431998116,5.635996431998116,33.635996431998116,-16.32529410774694,3,TRAILING_STOP,False
2025-07-21 15:15:00,2025-07-21 15:30:00,2025-07-21 18:00:00,54504,LONG,118697.29,-64.64427283891635,-72.64427283891635,0.0,-115.87880397269367,10,TIME_EXIT,True
2025-07-22 01:00:00,2025-07-22 01:15:00,2025-07-22 03:15:00,54541,SHORT,116869.17,-14.14979758990286,-22.14979758990286,15.85020241009714,-92.48204637715847,8,TRAILING_STOP,False
2025-07-22 03:45:00,2025-07-22 04:00:00,2025-07-22 05:00:00,54548,SHORT,117210.0,26.123197679379487,18.123197679379487,56.12319767937949,-12.55950857435427,4,TRAILING_STOP,True
2025-07-22 07:00:00,2025-07-22 07:15:00,2025-07-22 07:30:00,54558,LONG,118294.95,4.329018271701617,-3.6709817282983828,24.329018271701617,-14.502732365159938,1,TRAILING_STOP,False
2025-07-22 13:30:00,2025-07-22 13:45:00,2025-07-22 16:15:00,54593,LONG,119463.99,-35.97150907147923,-43.97150907147923,0.0,-160.21480615204678,10,TIME_EXIT,False
2025-07-22 18:45:00,2025-07-22 19:00:00,2025-07-22 19:30:00,54606,LONG,119733.7,-11.961327512638464,-19.961327512638462,8.038672487361536,-41.21061990066231,2,TRAILING_STOP,False
2025-07-22 20:00:00,2025-07-22 20:15:00,2025-07-22 21:00:00,54612,LONG,119655.91,0.5564438898171531,-7.443556110182847,20.556443889817153,-8.753433073218467,3,TRAILING_STOP,True
2025-07-23 02:00:00,2025-07-23 02:15:00,2025-07-23 04:45:00,54643,SHORT,119123.51,19.57459698761297,11.57459698761297,49.57459698761297,-20.932056149118328,10,TRAILING_STOP,False
2025-07-23 05:00:00,2025-07-23 05:15:00,2025-07-23 07:45:00,54655,SHORT,118893.43,45.6778814439105,37.6778814439105,50.90525187136042,0.0,10,TIME_EXIT,False
2025-07-23 10:00:00,2025-07-23 10:15:00,2025-07-23 12:45:00,54675,SHORT,117844.25,-11.578842412760665,-19.578842412760665,3.7659877338100634,-68.79843522276225,10,TIME_EXIT,False
2025-07-23 13:30:00,2025-07-23 13:45:00,2025-07-23 14:00:00,54680,SHORT,117610.0,-3.7267239180341782,-11.726723918034178,26.27327608196582,-26.479891165716605,1,TRAILING_STOP,False
2025-07-23 14:30:00,2025-07-23 14:45:00,2025-07-23 15:30:00,54686,SHORT,117912.49,-22.428283042788866,-30.428283042788866,7.571716957211135,-30.621862026659976,3,TRAILING_STOP,True
2025-07-24 04:00:00,2025-07-24 04:15:00,2025-07-24 06:45:00,54747,LONG,118575.0,-93.45899219903035,-101.45899219903035,0.0,-100.7775669407549,10,TIME_EXIT,False
2025-07-24 07:00:00,2025-07-24 07:15:00,2025-07-24 09:30:00,54758,LONG,118008.92,48.261789024084194,40.261789024084194,68.2617890240842,-7.774836003922415,9,TRAILING_STOP,False
2025-07-24 14:00:00,2025-07-24 14:15:00,2025-07-24 16:45:00,54787,SHORT,117993.99,-45.42434746040844,-53.42434746040844,0.0,-123.39696284531057,10,TIME_EXIT,False
2025-07-25 00:15:00,2025-07-25 00:30:00,2025-07-25 03:00:00,54828,SHORT,117964.71,148.27111175876252,140.27111175876252,178.27111175876252,0.0,10,TRAILING_STOP,False
2025-07-25 03:30:00,2025-07-25 03:45:00,2025-07-25 04:30:00,54834,SHORT,115400.0,-5.303292894280766,-13.303292894280766,24.696707105719234,-50.77296360485254,3,TRAILING_STOP,True
2025-07-25 08:45:00,2025-07-25 09:00:00,2025-07-25 09:30:00,54854,LONG,115202.55,39.14018396294159,31.14018396294159,59.14018396294159,-3.2994061329379702,2,TRAILING_STOP,False
2025-07-25 13:30:00,2025-07-25 13:45:00,2025-07-25 15:00:00,54876,SHORT,115672.74,36.11237876789339,28.11237876789339,66.11237876789339,-53.09202496629631,5,TRAILING_STOP,False
2025-07-25 15:30:00,2025-07-25 15:45:00,2025-07-25 18:15:00,54889,SHORT,115325.98,-93.12645771577274,-101.12645771577274,0.0,-99.7173403599085,10,TIME_EXIT,True
2025-07-25 19:00:00,2025-07-25 19:15:00,2025-07-25 19:30:00,54894,SHORT,116655.99,-27.059730923375394,-35.0597309233754,2.9402690766246047,-28.95007791713063,1,TRAILING_STOP,False
2025-07-25 20:00:00,2025-07-25 20:15:00,2025-07-25 22:45:00,54907,SHORT,116604.05,-57.96711177699216,-65.96711177699217,0.0,-66.33903367850375,10,TIME_EXIT,True
2025-07-26 10:30:00,2025-07-26 10:45:00,2025-07-26 13:15:00,54965,LONG,118197.49,-10.093276938453,-18.093276938453002,0.33334041188080865,-35.98722781676672,10,TIME_EXIT,False
2025-07-26 16:30:00,2025-07-26 16:45:00,2025-07-26 19:15:00,54989,SHORT,118062.92,-2.1962865224752672,-10.196286522475267,10.245384410278168,-3.1398511912128706,10,TIME_EXIT,False
2025-07-27 01:00:00,2025-07-27 01:15:00,2025-07-27 03:00:00,55020,LONG,118095.51,2.2421665311406223,-5.757833468859378,22.242166531140622,-6.23732434874018,7,TRAILING_STOP,False
2025-07-27 03:30:00,2025-07-27 03:45:00,2025-07-27 06:15:00,55033,LONG,118237.99,3.5546950688183077,-4.445304931181692,6.089413394121466,-7.510276519416721,10,TIME_EXIT,True
2025-07-27 14:00:00,2025-07-27 14:15:00,2025-07-27 16:45:00,55075,LONG,118295.24,85.22570477053763,77.22570477053763,105.22570477053763,-9.529546581925906,10,TRAILING_STOP,False
2025-07-27 17:15:00,2025-07-27 17:30:00,2025-07-27 18:30:00,55082,LONG,119202.45,-5.703313983898967,-13.703313983898967,14.296686016101033,-16.983711324725046,4,TRAILING_STOP,True
2025-07-27 22:00:00,2025-07-27 22:15:00,2025-07-27 22:45:00,55099,LONG,119701.25,-14.53639790729051,-22.53639790729051,5.46360209270949,-17.64476143732888,2,TRAILING_STOP,False
2025-07-27 23:15:00,2025-07-27 23:30:00,2025-07-28 00:30:00,55106,LONG,119434.67,1.4050074404700688,-6.594992559529931,21.40500744047007,-15.235944470730415,4,TRAILING_STOP,True
2025-07-28 05:15:00,2025-07-28 05:30:00,2025-07-28 06:45:00,55131,LONG,119383.67,6.586550740148024,-1.4134492598519763,26.586550740148024,0.0,5,TRAILING_STOP,False
2025-07-28 07:15:00,2025-07-28 07:30:00,2025-07-28 09:15:00,55141,LONG,119067.88,-17.076457563534543,-25.076457563534543,2.9235424364654574,-24.347456257725316,7,TRAILING_STOP,True
2025-07-28 11:30:00,2025-07-28 11:45:00,2025-07-28 12:45:00,55155,LONG,118716.85,11.741913637363794,3.741913637363794,31.741913637363794,0.0,4,TRAILING_STOP,False
2025-07-28 13:15:00,2025-07-28 13:30:00,2025-07-28 13:45:00,55159,LONG,118609.32,-5.124271853174122,-13.124271853174122,14.875728146825878,-31.61977490470463,1,TRAILING_STOP,True
2025-07-28 14:15:00,2025-07-28 14:30:00,2025-07-28 15:15:00,55165,SHORT,118094.34,-14.13641161803381,-22.13641161803381,15.86358838196619,-28.59239485990637,3,TRAILING_STOP,False
2025-07-28 15:45:00,2025-07-28 16:00:00,2025-07-28 17:15:00,55173,SHORT,118174.89,14.129510084587345,6.129510084587345,44.129510084587345,-17.0696160580307,5,TRAILING_STOP,True
2025-07-29 00:30:00,2025-07-29 00:45:00,2025-07-29 02:15:00,55209,SHORT,117706.53,-8.205966992655476,-16.205966992655476,21.794033007344524,-45.969412232269235,6,TRAILING_STOP,False
2025-07-29 02:45:00,2025-07-29 03:00:00,2025-07-29 05:30:00,55222,SHORT,118095.59,-55.15447274534179,-63.15447274534179,0.0,-59.647443227981974,10,TIME_EXIT,True
2025-07-29 07:45:00,2025-07-29 08:00:00,2025-07-29 10:30:00,55242,SHORT,118882.37,32.24700180522988,24.24700180522988,32.24784297284748,-14.184609543030195,10,TIME_EXIT,False
2025-07-29 14:00:00,2025-07-29 14:15:00,2025-07-29 16:30:00,55266,SHORT,118159.2,72.27303502393356,64.27303502393356,102.27303502393356,-13.367558345012247,9,TRAILING_STOP,False
2025-07-29 17:00:00,2025-07-29 17:15:00,2025-07-29 19:45:00,55279,SHORT,117901.89,31.941811959079352,23.941811959079352,40.872118334998646,-13.160094380166722,10,TIME_EXIT,True
2025-07-30 10:30:00,2025-07-30 10:45:00,2025-07-30 13:15:00,55349,LONG,118393.06,-74.81519609341922,-82.81519609341922,0.0,-87.35478245093093,10,TIME_EXIT,False
2025-07-30 14:45:00,2025-07-30 15:00:00,2025-07-30 17:30:00,55366,LONG,118714.35,-76.41114995786108,-84.41114995786108,0.0,-90.89465595355598,10,TIME_EXIT,False
2025-07-30 18:45:00,2025-07-30 19:00:00,2025-07-30 19:30:00,55374,SHORT,116523.15,0.7544037386562756,-7.245596261343724,30.754403738656276,-21.11855026233,2,TRAILING_STOP,False
2025-07-30 20:00:00,2025-07-30 20:15:00,2025-07-30 21:45:00,55383,SHORT,117291.77,0.4147511798999375,-7.5852488201000625,30.414751179899937,-3.7999256043277745,6,TRAILING_STOP,True
2025-07-31 00:00:00,2025-07-31 00:15:00,2025-07-31 02:45:00,55403,SHORT,117896.23,-46.760613125628204,-54.760613125628204,0.0,-54.80752013868497,10,TIME_EXIT,False
2025-07-31 06:45:00,2025-07-31 07:00:00,2025-07-31 07:30:00,55422,LONG,118691.79,-0.5664738900640458,-8.566473890064046,19.433526109935954,-5.470471041004018,2,TRAILING_STOP,False
2025-07-31 08:00:00,2025-07-31 08:15:00,2025-07-31 09:00:00,55428,LONG,118636.0,-8.699045820829514,-16.699045820829514,11.300954179170486,-11.463636670150713,3,TRAILING_STOP,True
2025-07-31 13:15:00,2025-07-31 13:30:00,2025-07-31 15:30:00,55454,SHORT,118146.82,-8.684995499667131,-16.68499549966713,21.31500450033287,-46.99914902491652,8,TRAILING_STOP,False
2025-07-31 16:30:00,2025-07-31 16:45:00,2025-07-31 19:15:00,55469,LONG,118628.85,-123.86531606771949,-131.8653160677195,0.0,-126.90167695295139,10,TIME_EXIT,False
2025-07-31 23:30:00,2025-07-31 23:45:00,2025-08-01 00:15:00,55489,SHORT,115743.58,7.585669978412525,-0.41433002158747456,37.585669978412525,-16.36548653497656,2,TRAILING_STOP,False
2025-08-01 00:45:00,2025-08-01 01:00:00,2025-08-01 01:15:00,55493,SHORT,115427.27,38.32180991545671,30.32180991545671,68.32180991545671,0.0,1,TRAILING_STOP,True
2025-08-01 07:30:00,2025-08-01 07:45:00,2025-08-01 08:30:00,55522,SHORT,114772.91,27.23563164861843,19.23563164861843,57.23563164861843,-26.909660127985884,3,TRAILING_STOP,False
2025-08-01 09:00:00,2025-08-01 09:15:00,2025-08-01 11:00:00,55532,SHORT,115004.76,4.9863779551386,-3.0136220448613997,34.9863779551386,-29.150097787257263,7,TRAILING_STOP,True
2025-08-01 12:30:00,2025-08-01 12:45:00,2025-08-01 13:00:00,55540,LONG,115882.18,-8.167291985703935,-16.167291985703933,11.832708014296065,-15.72114021327464,1,TRAILING_STOP,False
2025-08-01 13:45:00,2025-08-01 14:00:00,2025-08-01 16:30:00,55554,SHORT,114352.04,-95.01273435961487,-103.01273435961487,0.0,-129.35842683698561,10,TIME_EXIT,False
2025-08-01 22:30:00,2025-08-01 22:45:00,2025-08-01 23:00:00,55580,SHORT,113066.0,-16.073620717102717,-24.073620717102717,13.926379282897283,-25.6646560416034,1,TRAILING_STOP,False
2025-08-01 23:30:00,2025-08-01 23:45:00,2025-08-02 00:15:00,55585,SHORT,113344.67,-17.115406485369483,-25.115406485369483,12.884593514630517,-23.296199106671967,2,TRAILING_STOP,True
2025-08-02 06:00:00,2025-08-02 06:15:00,2025-08-02 07:15:00,55613,SHORT,113834.74,2.0912579059795107,-5.908742094020489,32.09125790597951,-9.062259904137255,4,TRAILING_STOP,False
2025-08-02 07:45:00,2025-08-02 08:00:00,2025-08-02 10:30:00,55626,SHORT,113982.49,47.59415240007524,39.59415240007524,48.85925899671111,-5.0709543193861055,10,TIME_EXIT,True
2025-08-02 14:30:00,2025-08-02 14:45:00,2025-08-02 16:30:00,55650,SHORT,113000.0,-3.4575221238944245,-11.457522123894424,26.542477876105576,-37.16814159292036,7,TRAILING_STOP,False
2025-08-02 17:00:00,2025-08-02 17:15:00,2025-08-02 19:15:00,55661,SHORT,113355.32,89.29920889465151,81.29920889465151,119.29920889465151,-1.2941606975304072,8,TRAILING_STOP,True
2025-08-02 23:15:00,2025-08-02 23:30:00,2025-08-03 00:30:00,55682,SHORT,112308.86,4.624160551536235,-3.375839448463765,34.624160551536235,-42.83455463798604,4,TRAILING_STOP,False
2025-08-03 01:00:00,2025-08-03 01:15:00,2025-08-03 02:00:00,55688,SHORT,113020.0,-26.485577773845232,-34.485577773845236,3.514422226154766,-33.62236772252699,3,TRAILING_STOP,True
2025-08-03 03:45:00,2025-08-03 04:00:00,2025-08-03 06:30:00,55706,SHORT,113604.2,11.109624468108738,3.1096244681087377,23.162876020428772,-4.823765318536015,10,TIME_EXIT,False
2025-08-03 11:00:00,2025-08-03 11:15:00,2025-08-03 13:45:00,55735,LONG,114231.95,-25.64518945881578,-33.64518945881578,0.0,-50.38432767715187,10,TIME_EXIT,False
2025-08-03 18:15:00,2025-08-03 18:30:00,2025-08-03 19:30:00,55758,LONG,114302.3,23.53980628561265,15.539806285612649,43.53980628561265,-0.6963989351051031,4,TRAILING_STOP,False
2025-08-03 20:00:00,2025-08-03 20:15:00,2025-08-03 22:00:00,55768,LONG,114242.81,12.337264813427439,4.3372648134274385,32.33726481342744,-6.128175593719619,7,TRAILING_STOP,True
2025-08-04 00:45:00,2025-08-04 01:00:00,2025-08-04 01:45:00,55783,LONG,114899.86,-16.959961482982397,-24.959961482982397,3.0400385170176025,-24.344677182374387,3,TRAILING_STOP,False
2025-08-04 02:15:00,2025-08-04 02:30:00,2025-08-04 04:30:00,55794,LONG,114712.32,-12.44370613374457,-20.44370613374457,7.55629386625543,-28.19575090103681,8,TRAILING_STOP,True
2025-08-04 13:30:00,2025-08-04 13:45:00,2025-08-04 14:30:00,55834,LONG,114788.1,39.0566443734145,31.0566443734145,59.0566443734145,0.0,3,TRAILING_STOP,False
2025-08-04 15:00:00,2025-08-04 15:15:00,2025-08-04 16:15:00,55841,LONG,114989.65,-1.7070492866092017,-9.707049286609202,18.2929507133908,-37.33553411111282,4,TRAILING_STOP,True
2025-08-05 03:00:00,2025-08-05 03:15:00,2025-08-05 05:45:00,55895,SHORT,114466.9,5.321188920114806,-2.678811079885194,27.689227191441116,-1.777806510004711,10,TIME_EXIT,False
2025-08-05 07:00:00,2025-08-05 07:15:00,2025-08-05 08:30:00,55906,LONG,114283.8,2.417875499414361,-5.582124500585639,22.41787549941436,-48.83281794970081,5,TRAILING_STOP,False
2025-08-05 09:00:00,2025-08-05 09:15:00,2025-08-05 10:45:00,55915,LONG,114467.14,35.00181100008234,27.00181100008234,55.00181100008234,0.0,6,TRAILING_STOP,True
2025-08-05 12:30:00,2025-08-05 12:45:00,2025-08-05 13:30:00,55926,SHORT,113885.49,-28.46424685005919,-36.46424685005919,1.535753149940808,-50.0827629577741,3,TRAILING_STOP,False
2025-08-05 14:00:00,2025-08-05 14:15:00,2025-08-05 14:45:00,55931,SHORT,113864.57,76.66794772070072,68.66794772070072,106.66794772070072,0.0,2,TRAILING_STOP,True
2025-08-06 05:00:00,2025-08-06 05:15:00,2025-08-06 05:45:00,55991,LONG,113927.69,22.95092790874648,14.950927908746479,42.95092790874648,-0.04388748687873861,2,TRAILING_STOP,False
2025-08-06 13:30:00,2025-08-06 13:45:00,2025-08-06 14:00:00,56024,LONG,114171.0,8.8164244860779,0.8164244860778993,28.8164244860779,0.0,1,TRAILING_STOP,False
2025-08-06 14:30:00,2025-08-06 14:45:00,2025-08-06 15:00:00,56028,LONG,114300.95,67.4052227912369,59.405222791236895,87.4052227912369,0.0,1,TRAILING_STOP,True
2025-08-06 15:30:00,2025-08-06 15:45:00,2025-08-06 16:00:00,56032,LONG,115205.18,3.599633280378942,-4.400366719621058,23.599633280378942,-6.630778234103659,1,TRAILING_STOP,False
2025-08-06 16:30:00,2025-08-06 16:45:00,2025-08-06 18:15:00,56041,LONG,114955.1,46.19106068369251,38.19106068369251,66.19106068369251,0.0,6,TRAILING_STOP,True
2025-08-07 01:45:00,2025-08-07 02:00:00,2025-08-07 04:30:00,56082,SHORT,114763.47,28.70774123508172,20.70774123508172,31.67122778703024,-8.324077339243823,10,TIME_EXIT,False
2025-08-07 10:00:00,2025-08-07 10:15:00,2025-08-07 11:45:00,56111,LONG,115500.0,95.05887445887386,87.05887445887386,115.05887445887386,0.0,6,TRAILING_STOP,False
2025-08-07 12:15:00,2025-08-07 12:30:00,2025-08-07 14:00:00,56120,LONG,116392.02,9.987451029718262,1.9874510297182617,29.98745102971826,-30.6017543127104,6,TRAILING_STOP,True
2025-08-07 19:30:00,2025-08-07 19:45:00,2025-08-07 20:45:00,56147,LONG,117139.52,10.436354869816679,2.436354869816679,30.43635486981668,0.0,4,TRAILING_STOP,False
2025-08-07 21:15:00,2025-08-07 21:30:00,2025-08-07 23:00:00,56156,LONG,117314.01,6.168230034929778,-1.8317699650702224,26.168230034929778,-21.993110626769536,6,TRAILING_STOP,True
2025-08-08 00:15:00,2025-08-08 00:30:00,2025-08-08 03:00:00,56172,SHORT,117132.17,27.928279651952547,19.928279651952547,37.3842642887944,-39.854977501057284,10,TIME_EXIT,False
2025-08-08 13:45:00,2025-08-08 14:00:00,2025-08-08 16:30:00,56226,LONG,116917.98,-67.63544837158484,-75.63544837158484,0.0,-88.88880906084673,10,TIME_EXIT,False
2025-08-09 04:00:00,2025-08-09 04:15:00,2025-08-09 04:30:00,56274,LONG,116548.66,-9.074949467458335,-17.074949467458335,10.925050532541665,-11.911762863683009,1,TRAILING_STOP,False
2025-08-09 05:00:00,2025-08-09 05:15:00,2025-08-09 06:00:00,56280,LONG,116552.0,15.57896904385965,7.578969043859651,35.57896904385965,0.0,3,TRAILING_STOP,True
2025-08-09 09:45:00,2025-08-09 10:00:00,2025-08-09 10:30:00,56298,LONG,117510.88,16.86211863956752,8.86211863956752,36.86211863956752,-5.847118156208719,2,TRAILING_STOP,False
2025-08-09 11:00:00,2025-08-09 11:15:00,2025-08-09 12:30:00,56306,LONG,117233.11,-16.00027671363496,-24.00027671363496,3.999723286365039,-19.031312911514554,5,TRAILING_STOP,True
2025-08-09 20:15:00,2025-08-09 20:30:00,2025-08-09 21:15:00,56341,LONG,116737.36,-5.129867593374007,-13.129867593374007,14.870132406625993,-32.33497827944723,3,TRAILING_STOP,False
2025-08-10 02:30:00,2025-08-10 02:45:00,2025-08-10 03:30:00,56366,LONG,117033.41,105.31378860104961,97.31378860104961,125.31378860104961,0.0,3,TRAILING_STOP,False
2025-08-10 04:00:00,2025-08-10 04:15:00,2025-08-10 06:45:00,56379,LONG,118714.43,-53.92688993241916,-61.92688993241916,0.0,-81.79207868832717,10,TIME_EXIT,True
2025-08-10 12:00:00,2025-08-10 12:15:00,2025-08-10 13:45:00,56407,LONG,118510.6,-0.8742846631449908,-8.87428466314499,19.12571533685501,-11.831009209303335,6,TRAILING_STOP,False
2025-08-10 14:15:00,2025-08-10 14:30:00,2025-08-10 15:15:00,56413,LONG,118802.0,6.257133718287765,-1.7428662817122351,26.257133718287765,-17.479503712059014,3,TRAILING_STOP,True
2025-08-10 20:00:00,2025-08-10 20:15:00,2025-08-10 20:30:00,56434,SHORT,118312.44,-27.60802836962851,-35.608028369628514,2.39197163037149,-33.447032281643516,1,TRAILING_STOP,False
2025-08-10 22:00:00,2025-08-10 22:15:00,2025-08-10 23:00:00,56444,LONG,118872.01,10.956824907731033,2.9568249077310327,30.956824907731033,-2.9460257296893966,3,TRAILING_STOP,False
2025-08-10 23:30:00,2025-08-10 23:45:00,2025-08-11 00:30:00,56450,LONG,119256.35,0.43077789987654214,-7.569222100123458,20.430777899876542,-9.634707082684379,3,TRAILING_STOP,True
2025-08-11 01:30:00,2025-08-11 01:45:00,2025-08-11 02:15:00,56457,LONG,119758.91,145.71961117548574,137.71961117548574,165.71961117548574,0.0,2,TRAILING_STOP,False
2025-08-11 02:45:00,2025-08-11 03:00:00,2025-08-11 03:15:00,56461,LONG,121875.99,3.6371413270162343,-4.362858672983766,23.637141327016234,-17.91821342333339,1,TRAILING_STOP,True
2025-08-11 11:30:00,2025-08-11 11:45:00,2025-08-11 14:15:00,56505,LONG,120681.94,-64.3874302981878,-72.3874302981878,0.0,-107.64079530044005,10,TIME_EXIT,False
2025-08-11 19:30:00,2025-08-11 19:45:00,2025-08-11 21:30:00,56534,LONG,119166.01,-19.44447246324603,-27.44447246324603,0.55552753675397,-66.515611288823,7,TRAILING_STOP,False
2025-08-12 05:00:00,2025-08-12 05:15:00,2025-08-12 05:45:00,56567,SHORT,118841.53,5.060975738026784,-2.9390242619732163,35.060975738026784,0.0,2,TRAILING_STOP,False
2025-08-12 06:15:00,2025-08-12 06:30:00,2025-08-12 09:00:00,56580,SHORT,118992.07,30.56422163258462,22.56422163258462,36.21837993069632,-13.272313020522544,10,TIME_EXIT,True
2025-08-12 12:30:00,2025-08-12 12:45:00,2025-08-12 13:00:00,56596,LONG,119112.02,-3.638091269042416,-11.638091269042416,16.361908730957584,-25.633852905861367,1,TRAILING_STOP,False
2025-08-12 13:30:00,2025-08-12 13:45:00,2025-08-12 16:15:00,56609,SHORT,118742.52,-82.23339036429341,-90.23339036429341,0.0,-122.07758433962844,10,TIME_EXIT,False
2025-08-13 08:00:00,2025-08-13 08:15:00,2025-08-13 09:15:00,56677,LONG,119786.75,11.97432103300196,3.97432103300196,31.97432103300196,-1.2413726893830364,4,TRAILING_STOP,False
2025-08-13 09:45:00,2025-08-13 10:00:00,2025-08-13 12:00:00,56688,LONG,120116.02,31.360343108271344,23.360343108271344,51.360343108271344,0.0,8,TRAILING_STOP,True
2025-08-13 13:45:00,2025-08-13 14:00:00,2025-08-13 14:15:00,56697,LONG,121767.97,11.846634217519895,3.8466342175198953,31.846634217519895,-27.807805287383914,1,TRAILING_STOP,False
2025-08-13 14:45:00,2025-08-13 15:00:00,2025-08-13 15:15:00,56701,LONG,120890.74,-12.721526892796696,-20.721526892796696,7.278473107203304,-48.06075304030807,1,TRAILING_STOP,True
2025-08-13 19:15:00,2025-08-13 19:30:00,2025-08-13 21:00:00,56724,LONG,122358.0,32.468984455450396,24.468984455450396,52.468984455450396,0.0,6,TRAILING_STOP,False
2025-08-13 21:30:00,2025-08-13 21:45:00,2025-08-13 22:45:00,56731,LONG,122465.17,75.74232412366673,67.74232412366673,95.74232412366673,0.0,4,TRAILING_STOP,True
2025-08-14 06:00:00,2025-08-14 06:15:00,2025-08-14 07:00:00,56764,LONG,121738.39,-4.291725888604578,-12.291725888604578,15.708274111395422,-12.764256205458231,3,TRAILING_STOP,False
2025-08-14 07:30:00,2025-08-14 07:45:00,2025-08-14 08:30:00,56770,LONG,121911.29,-8.958364725695168,-16.95836472569517,11.041635274304832,-26.593107168335035,3,TRAILING_STOP,True
2025-08-14 12:15:00,2025-08-14 12:30:00,2025-08-14 15:00:00,56796,LONG,121143.68,-215.25596712927887,-223.25596712927887,0.0,-281.9750894144868,10,TIME_EXIT,False
2025-08-14 21:30:00,2025-08-14 21:45:00,2025-08-15 00:15:00,56833,SHORT,117567.58,-56.28422393316262,-64.28422393316262,0.0,-80.73909491034823,10,TIME_EXIT,False
2025-08-15 04:15:00,2025-08-15 04:30:00,2025-08-15 06:15:00,56857,SHORT,119172.77,15.580043159188321,7.580043159188321,45.58004315918832,-0.18124945824360217,7,TRAILING_STOP,False
2025-08-15 06:45:00,2025-08-15 07:00:00,2025-08-15 08:30:00,56866,SHORT,119082.83,-2.789528095696177,-10.789528095696177,27.210471904303823,-5.178748271266164,6,TRAILING_STOP,True
2025-08-15 12:15:00,2025-08-15 12:30:00,2025-08-15 14:00:00,56888,SHORT,118674.13,56.76870013708978,48.76870013708978,86.76870013708978,-8.414639315240867,6,TRAILING_STOP,False
2025-08-15 14:30:00,2025-08-15 14:45:00,2025-08-15 15:00:00,56892,SHORT,117747.9,38.999956687124936,30.999956687124936,68.99995668712494,0.0,1,TRAILING_STOP,True
2025-08-15 15:15:00,2025-08-15 15:30:00,2025-08-15 15:45:00,56895,SHORT,117066.65,-9.986614462787344,-17.986614462787344,20.013385537212656,-27.888386658370298,1,TRAILING_STOP,False
2025-08-15 16:15:00,2025-08-15 16:30:00,2025-08-15 17:15:00,56901,SHORT,117039.49,-26.625925147144333,-34.62592514714433,3.374074852855667,-54.262881699159536,3,TRAILING_STOP,True
2025-08-17 04:15:00,2025-08-17 04:30:00,2025-08-17 07:00:00,57052,SHORT,117771.38,-19.906364347603155,-27.906364347603155,0.0,-39.01117572028131,10,TIME_EXIT,False
2025-08-17 08:45:00,2025-08-17 09:00:00,2025-08-17 10:00:00,57064,LONG,118366.05,-10.035149436853128,-18.03514943685313,9.964850563146872,-12.395446160448977,4,TRAILING_STOP,False
2025-08-17 10:30:00,2025-08-17 10:45:00,2025-08-17 13:00:00,57076,LONG,118291.99,-11.431372487689101,-19.431372487689103,8.568627512310899,-18.45940709933112,9,TRAILING_STOP,True
2025-08-17 13:15:00,2025-08-17 13:30:00,2025-08-17 14:15:00,57081,LONG,118176.02,13.761502545101443,5.761502545101443,33.76150254510144,-1.3488354067096124,3,TRAILING_STOP,False
2025-08-17 14:45:00,2025-08-17 15:00:00,2025-08-17 16:15:00,57089,LONG,118150.01,-5.950064667789702,-13.950064667789702,14.049935332210298,-15.48201307811978,5,TRAILING_STOP,True
2025-08-17 16:45:00,2025-08-17 17:00:00,2025-08-17 19:00:00,57100,SHORT,117834.55,13.537315668452422,5.537315668452422,43.53731566845242,-9.626208951448707,8,TRAILING_STOP,False
2025-08-17 19:30:00,2025-08-17 19:45:00,2025-08-17 22:15:00,57113,SHORT,117508.96,-21.98130253216336,-29.98130253216336,0.03999695001991032,-31.863953182803506,10,TIME_EXIT,True
2025-08-18 00:15:00,2025-08-18 00:30:00,2025-08-18 03:00:00,57132,SHORT,117142.44,141.9152614543463,133.9152614543463,157.90775742762435,-22.829471539093177,10,TIME_EXIT,False
2025-08-18 09:15:00,2025-08-18 09:30:00,2025-08-18 12:00:00,57168,SHORT,114677.79,-40.30597380713399,-48.30597380713399,0.0,-50.916572424356,10,TIME_EXIT,False
2025-08-18 15:30:00,2025-08-18 15:45:00,2025-08-18 16:00:00,57184,LONG,115771.72,29.950022337061142,21.950022337061142,49.95002233706114,0.0,1,TRAILING_STOP,False
2025-08-19 00:15:00,2025-08-19 00:30:00,2025-08-19 03:00:00,57228,SHORT,115913.1,25.6122905866554,17.6122905866554,38.054370041005356,-70.1033791693947,10,TIME_EXIT,False
2025-08-19 03:30:00,2025-08-19 03:45:00,2025-08-19 04:00:00,57232,SHORT,114972.01,22.70935073675713,14.70935073675713,52.70935073675713,-1.2168179020272187,1,TRAILING_STOP,False
2025-08-19 04:30:00,2025-08-19 04:45:00,2025-08-19 07:15:00,57245,SHORT,115237.91,46.79883555680617,38.79883555680617,50.68210626173304,-21.289001162898714,10,TIME_EXIT,True
2025-08-19 13:30:00,2025-08-19 13:45:00,2025-08-19 15:15:00,57277,SHORT,115124.2,103.46629118812587,95.46629118812587,133.46629118812587,-22.116983223337048,6,TRAILING_STOP,False
2025-08-19 15:45:00,2025-08-19 16:00:00,2025-08-19 17:30:00,57286,SHORT,113786.39,29.70134037998678,21.70134037998678,59.70134037998678,-4.71145978003174,6,TRAILING_STOP,True
2025-08-19 22:00:00,2025-08-19 22:15:00,2025-08-20 00:30:00,57314,SHORT,113164.81,8.19473562496998,0.19473562496997943,38.19473562496998,-14.980805428825342,9,TRAILING_STOP,False
2025-08-20 01:00:00,2025-08-20 01:15:00,2025-08-20 01:45:00,57319,SHORT,113238.01,29.344031213547467,21.344031213547467,59.34403121354747,0.0,2,TRAILING_STOP,True
2025-08-20 02:00:00,2025-08-20 02:15:00,2025-08-20 04:45:00,57331,LONG,113272.3,31.885112247212977,23.885112247212977,37.75856939428237,0.0,10,TIME_EXIT,False
2025-08-20 08:15:00,2025-08-20 08:30:00,2025-08-20 09:45:00,57351,LONG,113846.0,-4.999912162043104,-12.999912162043104,15.000087837956896,-19.0915798534868,5,TRAILING_STOP,False
2025-08-20 13:30:00,2025-08-20 13:45:00,2025-08-20 14:15:00,57369,SHORT,113138.0,36.99782566423306,28.997825664233062,66.99782566423306,-8.233307995544749,2,TRAILING_STOP,False
2025-08-20 14:45:00,2025-08-20 15:00:00,2025-08-20 16:00:00,57376,SHORT,113465.84,-9.164654313579884,-17.164654313579884,20.835345686420116,-75.83868413612497,4,TRAILING_STOP,True
2025-08-21 11:45:00,2025-08-21 12:00:00,2025-08-21 13:15:00,57461,SHORT,113148.65,-12.443449391575225,-20.443449391575225,17.556550608424775,-23.68919116578131,5,TRAILING_STOP,False
2025-08-21 13:45:00,2025-08-21 14:00:00,2025-08-21 14:45:00,57467,SHORT,113486.98,20.542361775773443,12.542361775773443,50.54236177577344,-44.77429921917076,3,TRAILING_STOP,True
2025-08-21 15:00:00,2025-08-21 15:15:00,2025-08-21 17:45:00,57479,SHORT,112700.04,25.654826741852986,17.654826741852986,44.280374700842486,-39.73113053021135,10,TIME_EXIT,False
2025-08-22 02:00:00,2025-08-22 02:15:00,2025-08-22 02:45:00,57515,LONG,113182.48,8.553005730215336,0.5530057302153359,28.553005730215336,-3.5014253089338654,2,TRAILING_STOP,False
2025-08-22 07:30:00,2025-08-22 07:45:00,2025-08-22 08:30:00,57538,LONG,113225.98,-11.758075310983664,-19.758075310983664,8.241924689016336,-19.958316986966764,3,TRAILING_STOP,False
2025-08-22 12:30:00,2025-08-22 12:45:00,2025-08-22 13:00:00,57556,LONG,112284.0,2.8411884150904108,-5.158811584909589,22.84118841509041,-9.280930497667201,1,TRAILING_STOP,False
2025-08-22 13:30:00,2025-08-22 13:45:00,2025-08-22 14:15:00,57561,LONG,112493.24,270.7516931684068,262.7516931684068,290.7516931684068,-2.2125773957616848,2,TRAILING_STOP,False
2025-08-22 14:45:00,2025-08-22 15:00:00,2025-08-22 15:15:00,57565,LONG,115808.24,81.8718529873172,73.8718529873172,101.8718529873172,0.0,1,TRAILING_STOP,True
2025-08-23 02:15:00,2025-08-23 02:30:00,2025-08-23 04:30:00,57618,SHORT,115866.32,5.223350495641,-2.776649504359,35.223350495641,-24.89852098521733,8,TRAILING_STOP,False
2025-08-23 13:15:00,2025-08-23 13:30:00,2025-08-23 16:00:00,57664,SHORT,115019.06,25.57228341111505,17.57228341111505,39.91164594807136,-7.950856145059531,10,TIME_EXIT,False
2025-08-23 23:45:00,2025-08-24 00:00:00,2025-08-24 01:15:00,57701,LONG,115438.06,-10.351535706680737,-18.351535706680735,9.648464293319263,-20.96882085509733,5,TRAILING_STOP,False
2025-08-24 01:45:00,2025-08-24 02:00:00,2025-08-24 02:30:00,57706,LONG,115473.99,-6.8541824873299735,-14.854182487329973,13.145817512670027,-24.68001668600914,2,TRAILING_STOP,True
2025-08-24 08:15:00,2025-08-24 08:30:00,2025-08-24 09:30:00,57734,SHORT,114819.28,-16.824512398963062,-24.824512398963062,13.175487601036938,-21.05134259681879,4,TRAILING_STOP,False
2025-08-24 10:00:00,2025-08-24 10:15:00,2025-08-24 12:45:00,57747,SHORT,114829.55,13.562710992075232,5.562710992075232,20.203858675750276,-11.069450328769955,10,TIME_EXIT,True
2025-08-24 14:00:00,2025-08-24 14:15:00,2025-08-24 16:45:00,57763,SHORT,114400.01,10.927446597250713,2.9274465972507127,12.647726167155735,-40.67394749353713,10,TIME_EXIT,False
2025-08-24 19:30:00,2025-08-24 19:45:00,2025-08-24 20:00:00,57776,SHORT,113079.32,97.91640416656212,89.91640416656212,127.91640416656212,0.0,1,TRAILING_STOP,False
2025-08-24 20:30:00,2025-08-24 20:45:00,2025-08-24 21:15:00,57781,SHORT,112987.88,24.759855658854832,16.759855658854832,54.75985565885483,0.0,2,TRAILING_STOP,True
2025-08-25 06:45:00,2025-08-25 07:00:00,2025-08-25 07:30:00,57822,SHORT,111929.87,12.695484234905251,4.695484234905251,42.69548423490525,-21.023878612564012,2,TRAILING_STOP,False
2025-08-25 08:00:00,2025-08-25 08:15:00,2025-08-25 09:30:00,57830,SHORT,111615.08,1.8344080387710129,-6.165591961228987,31.834408038771013,-18.407010952283247,5,TRAILING_STOP,True
2025-08-25 13:30:00,2025-08-25 13:45:00,2025-08-25 16:15:00,57857,SHORT,110832.0,-162.71654395842342,-170.71654395842342,0.0,-189.9505557961595,10,TIME_EXIT,False
2025-08-25 19:30:00,2025-08-25 19:45:00,2025-08-25 20:15:00,57873,SHORT,111164.12,74.7208397817565,66.7208397817565,104.7208397817565,0.0,2,TRAILING_STOP,False
2025-08-25 20:45:00,2025-08-25 21:00:00,2025-08-25 21:30:00,57878,SHORT,109561.96,-3.726282370267878,-11.726282370267878,26.273717629732122,-54.812820070031016,2,TRAILING_STOP,True
2025-08-26 07:30:00,2025-08-26 07:45:00,2025-08-26 08:15:00,57921,LONG,110309.61,-6.808039662183189,-14.80803966218319,13.19196033781681,-28.067364212419985,2,TRAILING_STOP,False
2025-08-26 11:30:00,2025-08-26 11:45:00,2025-08-26 12:30:00,57938,SHORT,109658.37,-25.771412615380353,-33.771412615380356,4.2285873846196464,-105.804053078667,3,TRAILING_STOP,False
2025-08-26 13:00:00,2025-08-26 13:15:00,2025-08-26 13:45:00,57943,SHORT,110153.32,38.939365604233615,30.939365604233615,68.93936560423361,-6.7859961007076315,2,TRAILING_STOP,True
2025-08-27 08:30:00,2025-08-27 08:45:00,2025-08-27 11:15:00,58029,SHORT,110532.99,-58.137394093835745,-66.13739409383575,0.0,-66.68506841260663,10,TIME_EXIT,False
2025-08-27 13:30:00,2025-08-27 13:45:00,2025-08-27 14:30:00,58042,LONG,111569.87,74.57123146240151,66.57123146240151,94.57123146240151,-25.62519791409582,3,TRAILING_STOP,False
2025-08-27 15:00:00,2025-08-27 15:15:00,2025-08-27 16:15:00,58049,LONG,111985.28,-7.167063385472947,-15.167063385472947,12.832936614527053,-42.88777953673901,4,TRAILING_STOP,True
2025-08-27 20:15:00,2025-08-27 20:30:00,2025-08-27 21:00:00,58068,LONG,112083.8,12.854881793800708,4.854881793800708,32.85488179380071,-2.8371629084669605,2,TRAILING_STOP,False
2025-08-27 21:30:00,2025-08-27 21:45:00,2025-08-28 00:15:00,58081,LONG,111662.52,-46.928906852541395,-54.928906852541395,0.0,-63.96685297806319,10,TIME_EXIT,True
2025-08-28 04:30:00,2025-08-28 04:45:00,2025-08-28 05:00:00,58100,LONG,112783.19,13.410120781297074,5.410120781297074,33.410120781297074,0.0,1,TRAILING_STOP,False
2025-08-28 05:30:00,2025-08-28 05:45:00,2025-08-28 07:30:00,58110,LONG,112805.65,29.142042087431427,21.142042087431427,49.14204208743143,-7.947296966064571,7,TRAILING_STOP,True
2025-08-28 12:30:00,2025-08-28 12:45:00,2025-08-28 13:15:00,58133,LONG,113140.0,10.572741735901907,2.572741735901907,30.572741735901907,-9.722467739084319,2,TRAILING_STOP,False
2025-08-28 13:45:00,2025-08-28 14:00:00,2025-08-28 14:15:00,58137,LONG,112832.75,7.230569138836021,-0.7694308611639791,27.23056913883602,-17.753710691267116,1,TRAILING_STOP,True
2025-08-29 01:15:00,2025-08-29 01:30:00,2025-08-29 03:30:00,58190,SHORT,111551.92,-7.620286589420047,-15.620286589420047,22.379713410579953,-22.079404818850534,8,TRAILING_STOP,False
2025-08-29 04:00:00,2025-08-29 04:15:00,2025-08-29 06:45:00,58203,SHORT,111666.92,34.69872725064873,26.69872725064873,63.71716888045222,-0.636714973422799,10,TIME_EXIT,True
2025-08-29 07:00:00,2025-08-29 07:15:00,2025-08-29 09:15:00,58213,SHORT,110545.01,72.29588834448536,64.29588834448536,102.29588834448536,0.0,8,TRAILING_STOP,False
2025-08-29 09:45:00,2025-08-29 10:00:00,2025-08-29 12:30:00,58226,SHORT,109772.71,-70.8090380569081,-78.8090380569081,0.0,-158.90652603912218,10,TIME_EXIT,True
2025-08-29 13:30:00,2025-08-29 13:45:00,2025-08-29 14:15:00,58233,SHORT,109716.58,99.11266464922639,91.11266464922639,129.1126646492264,0.0,2,TRAILING_STOP,False
2025-08-29 14:45:00,2025-08-29 15:00:00,2025-08-29 16:00:00,58240,SHORT,108198.66,-24.57849108297612,-32.57849108297612,5.421508917023879,-48.86566987058815,4,TRAILING_STOP,True
2025-08-29 20:00:00,2025-08-29 20:15:00,2025-08-29 21:00:00,58260,SHORT,107874.0,8.016574892931182,0.01657489293118175,38.01657489293118,-8.71386988523648,3,TRAILING_STOP,False
2025-08-29 21:30:00,2025-08-29 21:45:00,2025-08-29 23:30:00,58270,SHORT,108415.16,-10.872601211859127,-18.872601211859127,19.127398788140873,-12.436452614191756,7,TRAILING_STOP,True
2025-08-30 01:45:00,2025-08-30 02:00:00,2025-08-30 04:30:00,58290,SHORT,107447.97,-98.65426028988766,-106.65426028988766,0.0,-116.27115896186756,10,TIME_EXIT,False
2025-08-30 23:30:00,2025-08-30 23:45:00,2025-08-31 01:00:00,58372,LONG,108784.63,37.51272031719868,29.512720317198678,57.51272031719868,0.0,5,TRAILING_STOP,False
2025-08-31 01:30:00,2025-08-31 01:45:00,2025-08-31 04:00:00,58384,LONG,109334.92,-10.431236424740115,-18.431236424740113,9.568763575259885,-29.256892491438663,9,TRAILING_STOP,True
2025-08-31 09:45:00,2025-08-31 10:00:00,2025-08-31 12:30:00,58418,SHORT,108507.68,11.673828064520249,3.673828064520249,18.843827459953676,-11.146676438019101,10,TIME_EXIT,False
2025-08-31 23:00:00,2025-08-31 23:15:00,2025-09-01 00:30:00,58466,SHORT,108684.74,66.89124710608058,58.891247106080584,96.89124710608058,0.0,5,TRAILING_STOP,False
2025-09-01 01:00:00,2025-09-01 01:15:00,2025-09-01 03:45:00,58479,SHORT,108143.65,44.721997084433475,36.721997084433475,69.41230483713045,-31.37770918588394,10,TIME_EXIT,True
2025-09-01 07:30:00,2025-09-01 07:45:00,2025-09-01 08:00:00,58496,LONG,108823.54,71.56842352307328,63.56842352307328,91.56842352307328,0.0,1,TRAILING_STOP,False
2025-09-01 08:30:00,2025-09-01 08:45:00,2025-09-01 09:45:00,58503,LONG,109586.94,9.69879440013489,1.69879440013489,29.69879440013489,-9.25018984926446,4,TRAILING_STOP,True
2025-09-01 20:30:00,2025-09-01 20:45:00,2025-09-01 21:45:00,58551,SHORT,108473.0,63.43431084232894,55.43431084232894,93.43431084232894,-42.99871857512913,4,TRAILING_STOP,False
2025-09-01 22:15:00,2025-09-01 22:30:00,2025-09-01 22:45:00,58555,SHORT,108044.0,-29.636259301766593,-37.63625930176659,0.3637406982334063,-42.208729776757025,1,TRAILING_STOP,True
2025-09-02 02:45:00,2025-09-02 03:00:00,2025-09-02 03:15:00,58573,LONG,110246.0,14.284237069825771,6.284237069825771,34.28423706982577,-10.703336175462148,1,TRAILING_STOP,False
2025-09-02 03:45:00,2025-09-02 04:00:00,2025-09-02 05:00:00,58580,LONG,110322.19,-11.134149893145008,-19.134149893145008,8.865850106854992,-25.124591888540966,4,TRAILING_STOP,True
2025-09-02 11:15:00,2025-09-02 11:30:00,2025-09-02 12:45:00,58611,SHORT,109886.54,105.88106423225213,97.88106423225213,135.88106423225213,-4.683012132332714,5,TRAILING_STOP,False
2025-09-02 13:30:00,2025-09-02 13:45:00,2025-09-02 14:00:00,58616,LONG,110469.62,73.27270248598707,65.27270248598707,93.27270248598707,0.0,1,TRAILING_STOP,False
2025-09-02 14:30:00,2025-09-02 14:45:00,2025-09-02 15:15:00,58621,LONG,111529.99,-19.07558496149801,-27.07558496149801,0.9244150385019912,-51.823729205033125,2,TRAILING_STOP,True
2025-09-03 00:00:00,2025-09-03 00:15:00,2025-09-03 00:30:00,58658,LONG,111530.11,-6.7399036905819045,-14.739903690581905,13.260096309418095,-10.0779959779466,1,TRAILING_STOP,False
2025-09-03 01:00:00,2025-09-03 01:15:00,2025-09-03 02:00:00,58664,LONG,111220.98,-2.913295674969941,-10.913295674969941,17.08670432503006,-28.764357228285373,3,TRAILING_STOP,True
2025-09-03 11:00:00,2025-09-03 11:15:00,2025-09-03 12:30:00,58706,LONG,111643.16,-0.705490600588206,-8.705490600588206,19.294509399411794,-35.17636011019405,5,TRAILING_STOP,False
2025-09-03 13:00:00,2025-09-03 13:15:00,2025-09-03 13:45:00,58711,LONG,111346.12,31.60305540956449,23.60305540956449,51.60305540956449,-21.743909891067652,2,TRAILING_STOP,True
2025-09-03 14:00:00,2025-09-03 14:15:00,2025-09-03 16:45:00,58723,SHORT,111222.25,-57.21966602905475,-65.21966602905475,0.0,-114.88258869066216,10,TIME_EXIT,False
2025-09-04 02:15:00,2025-09-04 02:30:00,2025-09-04 05:00:00,58772,SHORT,111430.45,58.37273384429455,50.37273384429455,66.75733607824344,-26.753907930912053,10,TIME_EXIT,False
2025-09-04 05:30:00,2025-09-04 05:45:00,2025-09-04 08:00:00,58784,SHORT,110619.0,0.6746580605508079,-7.325341939449192,30.674658060550808,-9.94404216273877,9,TRAILING_STOP,False
2025-09-04 08:30:00,2025-09-04 08:45:00,2025-09-04 10:00:00,58792,SHORT,110720.01,-22.86036914194748,-30.86036914194748,7.13963085805252,-39.28106581637757,5,TRAILING_STOP,True
2025-09-04 12:30:00,2025-09-04 12:45:00,2025-09-04 14:30:00,58810,SHORT,110621.63,52.81834212712367,44.81834212712367,82.81834212712367,-31.492032796840487,7,TRAILING_STOP,False
2025-09-04 15:00:00,2025-09-04 15:15:00,2025-09-04 17:15:00,58821,SHORT,109460.0,-21.162068335464532,-29.162068335464532,8.837931664535468,-39.5121505572812,8,TRAILING_STOP,True
2025-09-04 22:45:00,2025-09-04 23:00:00,2025-09-05 01:30:00,58854,LONG,111490.74,-42.41966642252104,-50.41966642252104,0.0,-94.62579582842531,10,TIME_EXIT,False
2025-09-05 04:30:00,2025-09-05 04:45:00,2025-09-05 07:15:00,58877,LONG,111390.1,118.36330158604733,110.36330158604733,134.47335086331677,0.0,10,TIME_EXIT,False
2025-09-05 12:30:00,2025-09-05 12:45:00,2025-09-05 13:00:00,58900,LONG,112670.01,34.033899526591235,26.033899526591235,54.033899526591235,0.0,1,TRAILING_STOP,False
2025-09-05 13:30:00,2025-09-05 13:45:00,2025-09-05 14:00:00,58904,LONG,113008.21,-13.279249357192977,-21.279249357192977,6.720750642807022,-73.45307035656982,1,TRAILING_STOP,True
2025-09-05 14:15:00,2025-09-05 14:30:00,2025-09-05 15:15:00,58909,SHORT,110996.0,33.884284118346294,25.884284118346294,63.884284118346294,0.0,3,TRAILING_STOP,False
2025-09-05 15:45:00,2025-09-05 16:00:00,2025-09-05 17:45:00,58919,SHORT,110716.82,16.0508168496892,8.050816849689198,46.0508168496892,-19.19130264037532,7,TRAILING_STOP,True
2025-09-05 21:15:00,2025-09-05 21:30:00,2025-09-05 22:30:00,58938,SHORT,110965.16,11.919463730778517,3.919463730778517,41.91946373077852,0.0,4,TRAILING_STOP,False
2025-09-05 23:00:00,2025-09-05 23:15:00,2025-09-06 01:45:00,58951,SHORT,110770.14,-8.807427705697373,-16.80742770569737,19.642477656884946,-13.299613054565697,10,TIME_EXIT,True
2025-09-06 04:00:00,2025-09-06 04:15:00,2025-09-06 06:45:00,58971,SHORT,110887.74,12.166358517181745,4.166358517181745,18.040768077697578,-7.462502166605614,10,TIME_EXIT,False
2025-09-06 09:00:00,2025-09-06 09:15:00,2025-09-06 11:45:00,58991,SHORT,110722.01,-5.3295636522502905,-13.32956365225029,4.193384856361713,-13.257526665204882,10,TIME_EXIT,False
2025-09-06 15:30:00,2025-09-06 15:45:00,2025-09-06 18:15:00,59017,SHORT,110609.07,36.636236069972426,28.636236069972426,57.14449999444051,0.0,10,TIME_EXIT,False
2025-09-07 00:00:00,2025-09-07 00:15:00,2025-09-07 02:45:00,59051,LONG,110254.62,37.333582937387106,29.333582937387106,39.717156523691145,-4.297325590527644,10,TIME_EXIT,False
2025-09-07 03:15:00,2025-09-07 03:30:00,2025-09-07 06:00:00,59064,SHORT,110710.0,11.269984644567254,3.269984644567254,19.87535001354833,0.0,10,TIME_EXIT,False
2025-09-07 07:30:00,2025-09-07 07:45:00,2025-09-07 08:45:00,59075,LONG,110802.45,31.87069419493931,23.87069419493931,51.87069419493931,-7.440268694419873,4,TRAILING_STOP,False
2025-09-07 09:15:00,2025-09-07 09:30:00,2025-09-07 12:00:00,59088,LONG,111172.25,-1.2206283492514531,-9.220628349251452,10.78326650760461,-26.568680583508502,10,TIME_EXIT,True
2025-09-07 14:00:00,2025-09-07 14:15:00,2025-09-07 16:45:00,59107,SHORT,111158.0,-3.9601288256359486,-11.960128825635948,4.670828910199739,-19.380521419960147,10,TIME_EXIT,False
2025-09-07 22:00:00,2025-09-07 22:15:00,2025-09-07 23:45:00,59135,LONG,111190.0,16.873819588092452,8.873819588092452,36.87381958809245,-10.16997931468673,6,TRAILING_STOP,False
2025-09-08 00:15:00,2025-09-08 00:30:00,2025-09-08 03:00:00,59148,LONG,111231.32,0.5987522219451266,-7.4012477780548735,12.647516904410827,-54.799313718474984,10,TIME_EXIT,True
2025-09-08 07:15:00,2025-09-08 07:30:00,2025-09-08 08:45:00,59171,LONG,111502.34,16.60371611932085,8.60371611932085,36.60371611932085,-23.527757354688386,5,TRAILING_STOP,False
2025-09-08 09:15:00,2025-09-08 09:30:00,2025-09-08 11:00:00,59180,LONG,111842.97,10.758303360505781,2.7583033605057814,30.75830336050578,0.0,6,TRAILING_STOP,True
2025-09-08 13:45:00,2025-09-08 14:00:00,2025-09-08 16:30:00,59202,SHORT,111906.56,-51.20343257803654,-59.20343257803654,0.0,-90.95177262172993,10,TIME_EXIT,False
2025-09-09 00:15:00,2025-09-09 00:30:00,2025-09-09 03:00:00,59244,SHORT,111665.21,19.631393699076582,11.631393699076582,49.63139369907658,-13.912121779020632,10,TRAILING_STOP,False
2025-09-09 06:00:00,2025-09-09 06:15:00,2025-09-09 07:30:00,59262,LONG,112686.43,33.85386687642874,25.85386687642874,53.85386687642874,-5.6670532556569615,5,TRAILING_STOP,False
2025-09-09 08:00:00,2025-09-09 08:15:00,2025-09-09 09:00:00,59268,LONG,113029.65,-7.0069490615957335,-15.006949061595733,12.993050938404267,-12.626775363809513,3,TRAILING_STOP,True
2025-09-09 14:00:00,2025-09-09 14:15:00,2025-09-09 16:00:00,59296,SHORT,112433.69,118.26783680229644,110.26783680229644,148.26783680229644,0.0,7,TRAILING_STOP,False
2025-09-09 16:30:00,2025-09-09 16:45:00,2025-09-09 19:00:00,59308,SHORT,110986.69,-22.034179954370792,-30.034179954370792,7.965820045629209,-28.063725479154407,9,TRAILING_STOP,True
2025-09-10 07:15:00,2025-09-10 07:30:00,2025-09-10 08:30:00,59362,LONG,112232.16,35.92336456858706,27.92336456858706,55.92336456858706,0.0,4,TRAILING_STOP,False
2025-09-10 09:00:00,2025-09-10 09:15:00,2025-09-10 11:45:00,59375,LONG,112186.49,10.117082725379856,2.1170827253798556,21.04888030635413,-3.3872171239157227,10,TIME_EXIT,True
2025-09-10 12:30:00,2025-09-10 12:45:00,2025-09-10 13:45:00,59383,LONG,113260.29,72.9575582050877,64.9575582050877,92.9575582050877,0.0,4,TRAILING_STOP,False
2025-09-10 14:15:00,2025-09-10 14:30:00,2025-09-10 15:15:00,59389,LONG,114087.96,-19.32508215590873,-27.32508215590873,0.6749178440912686,-29.166969064922302,3,TRAILING_STOP,True
2025-09-11 03:45:00,2025-09-11 04:00:00,2025-09-11 06:30:00,59450,LONG,114400.01,-1.0489509572595317,-9.048950957259532,1.0209789317332723,-37.89772395998815,10,TIME_EXIT,False
2025-09-11 12:00:00,2025-09-11 12:15:00,2025-09-11 12:30:00,59474,LONG,114261.6,0.8644023889035459,-7.135597611096454,20.864402388903546,-66.6540640075061,1,TRAILING_STOP,False
2025-09-11 13:00:00,2025-09-11 13:15:00,2025-09-11 13:30:00,59478,LONG,113489.09,40.174066071020874,32.174066071020874,60.174066071020874,0.0,1,TRAILING_STOP,True
2025-09-11 22:15:00,2025-09-11 22:30:00,2025-09-12 00:45:00,59523,LONG,115033.65,92.85045723577436,84.85045723577436,112.85045723577436,0.0,9,TRAILING_STOP,False
2025-09-12 01:15:00,2025-09-12 01:30:00,2025-09-12 04:00:00,59536,LONG,115710.16,-36.49722720977982,-44.49722720977982,0.0,-57.446122276557766,10,TIME_EXIT,True
2025-09-12 08:15:00,2025-09-12 08:30:00,2025-09-12 11:00:00,59564,LONG,115185.18,-23.378875650495456,-31.378875650495456,0.0,-25.79932592022674,10,TIME_EXIT,False
2025-09-12 19:45:00,2025-09-12 20:00:00,2025-09-12 22:30:00,59610,LONG,116632.51,-59.0349980464275,-67.0349980464275,0.0,-75.43608553052675,10,TIME_EXIT,False
2025-09-13 13:45:00,2025-09-13 14:00:00,2025-09-13 16:30:00,59682,SHORT,115761.06,28.129493631105714,20.129493631105714,54.74984420495058,-16.321550614688768,10,TIME_EXIT,False
2025-09-14 02:00:00,2025-09-14 02:15:00,2025-09-14 04:45:00,59731,LONG,116109.0,-30.833957746599726,-38.83395774659972,0.0,-56.792324453746346,10,TIME_EXIT,False
2025-09-14 13:15:00,2025-09-14 13:30:00,2025-09-14 14:00:00,59768,SHORT,115531.88,-2.7460507004638117,-10.746050700463812,27.25394929953619,-13.7762840871272,2,TRAILING_STOP,False
2025-09-14 14:30:00,2025-09-14 14:45:00,2025-09-14 17:15:00,59781,SHORT,115306.24,-20.25724887048515,-28.25724887048515,9.74275112951485,-29.812783766081935,10,TRAILING_STOP,True
2025-09-14 21:30:00,2025-09-14 21:45:00,2025-09-14 23:00:00,59804,LONG,116057.21,-18.304284585163384,-26.304284585163384,1.695715414836615,-45.25440513346877,5,TRAILING_STOP,False
2025-09-15 00:00:00,2025-09-15 00:15:00,2025-09-15 01:30:00,59814,SHORT,115110.85,-5.16741471372978,-13.16741471372978,24.83258528627022,-14.99858614544104,5,TRAILING_STOP,False
2025-09-15 02:00:00,2025-09-15 02:15:00,2025-09-15 04:15:00,59825,SHORT,115375.87,-21.993126465699447,-29.993126465699447,8.006873534300553,-68.67900541075005,8,TRAILING_STOP,True
2025-09-15 05:00:00,2025-09-15 05:15:00,2025-09-15 06:15:00,59833,LONG,116171.69,30.46840585688328,22.46840585688328,50.46840585688328,0.0,4,TRAILING_STOP,False
2025-09-15 06:45:00,2025-09-15 07:00:00,2025-09-15 07:15:00,59837,LONG,116130.0,3.2498062516145687,-4.750193748385431,23.24980625161457,-6.423835356928082,1,TRAILING_STOP,True
2025-09-15 08:00:00,2025-09-15 08:15:00,2025-09-15 09:15:00,59845,SHORT,115500.01,45.68311033046659,37.68311033046659,75.68311033046659,-14.58181691932306,4,TRAILING_STOP,False
2025-09-15 09:45:00,2025-09-15 10:00:00,2025-09-15 11:00:00,59852,SHORT,114868.6,-17.123548123681886,-25.123548123681886,12.876451876318114,-17.314566382806042,4,TRAILING_STOP,True
2025-09-16 04:00:00,2025-09-16 04:15:00,2025-09-16 06:45:00,59931,SHORT,115110.21,-57.348518432900036,-65.34851843290004,0.0,-78.13468501186723,10,TIME_EXIT,False
2025-09-16 13:30:00,2025-09-16 13:45:00,2025-09-16 14:45:00,59963,SHORT,115085.35,-6.161170818005434,-14.161170818005434,23.838829181994566,-19.234420367144956,4,TRAILING_STOP,False
2025-09-16 15:15:00,2025-09-16 15:30:00,2025-09-16 18:00:00,59976,SHORT,115117.08,-124.3994375117926,-132.3994375117926,0.0,-152.338818879005,10,TIME_EXIT,True
2025-09-17 02:30:00,2025-09-17 02:45:00,2025-09-17 05:15:00,60021,LONG,116888.2,-28.04132495837938,-36.04132495837938,0.0,-62.280024844252544,10,TIME_EXIT,False
2025-09-17 05:45:00,2025-09-17 06:00:00,2025-09-17 08:00:00,60032,LONG,117108.31,-4.764531227544975,-12.764531227544975,15.235468772455025,-11.775423964362068,8,TRAILING_STOP,False
2025-09-17 08:30:00,2025-09-17 08:45:00,2025-09-17 09:45:00,60039,LONG,116759.21,-11.366848062779086,-19.366848062779084,8.633151937220914,-18.01399649757837,4,TRAILING_STOP,True
2025-09-17 13:30:00,2025-09-17 13:45:00,2025-09-17 15:30:00,60062,SHORT,115982.23,17.440888142950513,9.440888142950513,47.44088814295051,-22.224956357538915,7,TRAILING_STOP,False
2025-09-17 16:00:00,2025-09-17 16:15:00,2025-09-17 17:30:00,60070,SHORT,115570.8,-14.027972463632985,-22.027972463632985,15.972027536367015,-62.08056014148913,5,TRAILING_STOP,True
2025-09-17 18:15:00,2025-09-17 18:30:00,2025-09-17 19:15:00,60077,LONG,115961.73,-17.631115023896147,-25.631115023896147,2.3688849761038546,-107.01116652881933,3,TRAILING_STOP,False
2025-09-18 03:00:00,2025-09-18 03:15:00,2025-09-18 03:45:00,60111,LONG,117440.32,18.800984193502963,10.800984193502963,38.80098419350296,0.0,2,TRAILING_STOP,False
2025-09-18 04:15:00,2025-09-18 04:30:00,2025-09-18 05:15:00,60117,LONG,117372.7,0.753548312341497,-7.246451687658503,20.753548312341497,-12.415152756987032,3,TRAILING_STOP,True
2025-09-18 13:30:00,2025-09-18 13:45:00,2025-09-18 16:15:00,60161,SHORT,117171.07,-45.74508024890444,-53.74508024890444,0.0,-57.41690333629237,10,TIME_EXIT,False
2025-09-18 22:45:00,2025-09-18 23:00:00,2025-09-18 23:45:00,60191,SHORT,117061.02,6.088870573655214,-1.911129426344786,36.088870573655214,-9.498464988601869,3,TRAILING_STOP,False
2025-09-19 09:45:00,2025-09-19 10:00:00,2025-09-19 12:30:00,60242,SHORT,116488.0,22.71049378476778,14.710493784767781,26.381258155346273,-5.670111942861317,10,TIME_EXIT,False
2025-09-19 14:30:00,2025-09-19 14:45:00,2025-09-19 15:30:00,60254,SHORT,116113.2,25.894592518335102,17.894592518335102,55.8945925183351,0.0,3,TRAILING_STOP,False
2025-09-19 16:00:00,2025-09-19 16:15:00,2025-09-19 18:45:00,60267,SHORT,115972.93,48.75620543518111,40.75620543518111,50.869629662715006,-14.061039934061077,10,TIME_EXIT,True
2025-09-20 07:30:00,2025-09-20 07:45:00,2025-09-20 10:15:00,60329,SHORT,115925.67,16.634797107491075,8.634797107491075,22.56273351708881,-3.70064714743583,10,TIME_EXIT,False
2025-09-20 11:15:00,2025-09-20 11:30:00,2025-09-20 14:00:00,60344,SHORT,115787.16,-9.191865488366155,-17.191865488366155,0.0,-14.233011674178977,10,TIME_EXIT,False
2025-09-20 15:00:00,2025-09-20 15:15:00,2025-09-20 17:15:00,60357,LONG,116059.92,-14.883677328055658,-22.883677328055658,5.116322671944341,-19.57006346376981,8,TRAILING_STOP,False
2025-09-21 02:15:00,2025-09-21 02:30:00,2025-09-21 05:00:00,60404,SHORT,115514.55,-0.6761053044830865,-8.676105304483087,2.336502198208385,-18.082570550635406,10,TIME_EXIT,False
2025-09-22 00:15:00,2025-09-22 00:30:00,2025-09-22 01:15:00,60485,SHORT,115169.88,46.51219225026563,38.51219225026563,76.51219225026563,0.0,3,TRAILING_STOP,False
2025-09-22 01:45:00,2025-09-22 02:00:00,2025-09-22 03:30:00,60494,SHORT,114273.44,-19.19783984799947,-27.19783984799947,10.802160152000528,-30.23012171507194,6,TRAILING_STOP,True
2025-09-22 05:45:00,2025-09-22 06:00:00,2025-09-22 07:30:00,60510,SHORT,113691.18,69.11147021255279,61.11147021255279,99.11147021255279,0.0,6,TRAILING_STOP,False
2025-09-22 08:00:00,2025-09-22 08:15:00,2025-09-22 10:00:00,60520,SHORT,112634.98,10.969510537489498,2.969510537489498,40.9695105374895,-12.875218693163001,7,TRAILING_STOP,True
2025-09-22 14:15:00,2025-09-22 14:30:00,2025-09-22 17:00:00,60548,LONG,113382.52,-94.8329601423575,-102.8329601423575,0.0,-99.80638990913279,10,TIME_EXIT,False
2025-09-22 19:30:00,2025-09-22 19:45:00,2025-09-22 20:30:00,60562,SHORT,111992.37,-28.47400318432439,-36.47400318432439,1.5259968156756132,-58.36647621619254,3,TRAILING_STOP,False
2025-09-22 21:00:00,2025-09-22 21:15:00,2025-09-22 23:45:00,60575,SHORT,112739.14,7.818934932446192,-0.18106506755380813,13.033627895334517,-20.4773603914311,10,TIME_EXIT,True
2025-09-23 02:15:00,2025-09-23 02:30:00,2025-09-23 03:15:00,60589,SHORT,112020.12,18.394877634481674,10.394877634481674,48.394877634481674,-34.350971950396314,3,TRAILING_STOP,False
2025-09-23 03:45:00,2025-09-23 04:00:00,2025-09-23 04:30:00,60594,SHORT,112339.99,11.288947951660937,3.288947951660937,41.28894795166094,-0.029375113884356426,2,TRAILING_STOP,True
2025-09-23 07:45:00,2025-09-23 08:00:00,2025-09-23 10:30:00,60618,SHORT,113090.13,22.075312850025792,14.075312850025792,23.12403390110254,-16.92190114203559,10,TIME_EXIT,False
2025-09-23 14:00:00,2025-09-23 14:15:00,2025-09-23 16:00:00,60640,LONG,113053.67,-18.299922505832747,-26.299922505832747,1.7000774941672538,-50.179706682675835,7,TRAILING_STOP,False
2025-09-24 02:45:00,2025-09-24 03:00:00,2025-09-24 04:00:00,60688,SHORT,112111.62,65.3478328116204,57.34783281162041,95.3478328116204,-9.204219865880301,4,TRAILING_STOP,False
2025-09-24 04:30:00,2025-09-24 04:45:00,2025-09-24 05:30:00,60694,SHORT,112239.3,-20.60311316980762,-28.60311316980762,9.396886830192381,-22.96878187943108,3,TRAILING_STOP,True
2025-09-24 14:30:00,2025-09-24 14:45:00,2025-09-24 15:00:00,60732,LONG,113382.5,24.20258858289357,16.20258858289357,44.20258858289357,0.0,1,TRAILING_STOP,False
2025-09-24 15:30:00,2025-09-24 15:45:00,2025-09-24 18:00:00,60744,LONG,113708.14,0.3908005178873388,-7.609199482112661,20.39080051788734,-47.923569939671246,9,TRAILING_STOP,True
2025-09-25 00:45:00,2025-09-25 01:00:00,2025-09-25 02:30:00,60778,SHORT,113062.35,24.500901493734347,16.500901493734347,54.50090149373435,-21.57216792327368,6,TRAILING_STOP,False
2025-09-25 04:15:00,2025-09-25 04:30:00,2025-09-25 05:15:00,60789,SHORT,111942.8,2.0315375352418314,-5.9684624647581686,32.03153753524183,-8.683005963759802,3,TRAILING_STOP,False
2025-09-25 05:45:00,2025-09-25 06:00:00,2025-09-25 07:15:00,60797,SHORT,111749.91,-3.1999784160895324,-11.199978416089532,26.800021583910468,-11.19374503299345,5,TRAILING_STOP,True
2025-09-25 12:15:00,2025-09-25 12:30:00,2025-09-25 13:00:00,60820,SHORT,111125.76,-5.409841966435618,-13.409841966435618,24.590158033564382,-23.416712740592384,2,TRAILING_STOP,False
2025-09-25 13:30:00,2025-09-25 13:45:00,2025-09-25 16:15:00,60833,SHORT,110720.92,-35.68250697338875,-43.68250697338875,0.0,-91.09389625736544,10,TIME_EXIT,True
2025-09-25 17:15:00,2025-09-25 17:30:00,2025-09-25 18:00:00,60840,SHORT,109938.12,88.84958556686259,80.84958556686259,118.84958556686259,0.0,2,TRAILING_STOP,False
2025-09-25 18:30:00,2025-09-25 18:45:00,2025-09-25 21:00:00,60852,SHORT,109488.0,9.359564518486252,1.359564518486252,39.35956451848625,-44.333625602805256,9,TRAILING_STOP,True
2025-09-25 23:30:00,2025-09-25 23:45:00,2025-09-26 00:00:00,60864,SHORT,109083.17,-17.44535935286836,-25.44535935286836,12.554640647131643,-25.377883682698418,1,TRAILING_STOP,False
2025-09-26 00:30:00,2025-09-26 00:45:00,2025-09-26 03:15:00,60877,SHORT,108809.25,-49.14655693334847,-57.14655693334847,0.0,-90.94723104883055,10,TIME_EXIT,True
2025-09-26 07:30:00,2025-09-26 07:45:00,2025-09-26 10:15:00,60905,SHORT,108944.99,-13.493966083249424,-21.493966083249425,0.0,-68.47400692771559,10,TIME_EXIT,False
2025-09-26 12:30:00,2025-09-26 12:45:00,2025-09-26 13:00:00,60916,LONG,109497.7,-17.483052155433615,-25.483052155433615,2.5169478445663853,-31.08375792368247,1,TRAILING_STOP,False
2025-09-26 13:30:00,2025-09-26 13:45:00,2025-09-26 14:00:00,60920,LONG,109600.72,-3.6670780994874157,-11.667078099487416,16.332921900512584,-30.56093062162339,1,TRAILING_STOP,False
2025-09-27 08:00:00,2025-09-27 08:15:00,2025-09-27 10:30:00,61002,SHORT,109287.64,-9.573170396944683,-17.573170396944683,20.426829603055317,-17.38988965266364,9,TRAILING_STOP,False
2025-09-27 11:00:00,2025-09-27 11:15:00,2025-09-27 13:45:00,61015,SHORT,109335.0,2.596606759043254,-5.403393240956746,9.865093519915908,-13.041569488269676,10,TIME_EXIT,True
2025-09-28 00:15:00,2025-09-28 00:30:00,2025-09-28 03:00:00,61068,LONG,109787.73,-27.66520448141117,-35.665204481411166,0.0,-42.14314295413459,10,TIME_EXIT,False
2025-09-28 06:30:00,2025-09-28 06:45:00,2025-09-28 09:00:00,61092,LONG,109437.42,-6.479030664282732,-14.479030664282732,13.520969335717268,-7.988126913079481,9,TRAILING_STOP,False
2025-09-28 09:30:00,2025-09-28 09:45:00,2025-09-28 12:15:00,61105,LONG,109559.89,-11.904904249173034,-19.904904249173036,0.0,-28.28498641245436,10,TIME_EXIT,True
2025-09-28 16:00:00,2025-09-28 16:15:00,2025-09-28 18:00:00,61128,LONG,110195.21,-3.498375292356492,-11.498375292356492,16.501624707643508,-16.93993777043601,7,TRAILING_STOP,False
2025-09-28 18:30:00,2025-09-28 18:45:00,2025-09-28 21:15:00,61141,LONG,110193.17,49.13462422398844,41.13462422398844,68.22836660384684,-6.666474882244684,10,TIME_EXIT,True
2025-09-28 22:00:00,2025-09-28 22:15:00,2025-09-28 23:00:00,61148,LONG,111459.99,59.8501776287612,51.8501776287612,79.8501776287612,0.0,3,TRAILING_STOP,False
2025-09-28 23:30:00,2025-09-28 23:45:00,2025-09-29 00:30:00,61154,LONG,112246.82,-14.373114534559736,-22.373114534559736,5.626885465440263,-23.325382402816132,3,TRAILING_STOP,True
2025-09-29 07:30:00,2025-09-29 07:45:00,2025-09-29 08:45:00,61187,LONG,111732.78,41.683778028256924,33.683778028256924,61.683778028256924,0.0,4,TRAILING_STOP,False
2025-09-29 09:15:00,2025-09-29 09:30:00,2025-09-29 11:00:00,61196,LONG,112171.23,-15.206435732227945,-23.206435732227945,4.793564267772055,-22.117970891465777,6,TRAILING_STOP,True
2025-09-29 12:30:00,2025-09-29 12:45:00,2025-09-29 13:30:00,61206,SHORT,112113.29,-11.08787994714999,-19.08787994714999,18.91212005285001,-105.84918166258491,3,TRAILING_STOP,False
2025-09-29 13:45:00,2025-09-29 14:00:00,2025-09-29 16:30:00,61218,SHORT,113227.29,-47.15470978772103,-55.15470978772103,0.0,-88.69504869365011,10,TIME_EXIT,False
2025-09-29 19:45:00,2025-09-29 20:00:00,2025-09-29 21:15:00,61237,LONG,114265.56,-8.234425140873388,-16.234425140873388,11.765574859126612,-10.988437811007767,5,TRAILING_STOP,False
2025-09-29 21:45:00,2025-09-29 22:00:00,2025-09-30 00:15:00,61249,LONG,114176.72,2.960897808240027,-5.039102191759973,22.960897808240027,-13.72609057257917,9,TRAILING_STOP,True
2025-09-30 00:45:00,2025-09-30 01:00:00,2025-09-30 01:30:00,61254,LONG,114525.97,3.228792561198027,-4.771207438801973,23.228792561198027,-10.987900822843633,2,TRAILING_STOP,False
2025-09-30 02:00:00,2025-09-30 02:15:00,2025-09-30 03:15:00,61261,LONG,114408.59,-4.738908153661727,-12.738908153661727,15.261091846338273,-8.786927624927362,4,TRAILING_STOP,True
2025-09-30 05:45:00,2025-09-30 06:00:00,2025-09-30 08:30:00,61282,SHORT,113904.0,39.34629161399057,31.346291613990573,48.60672144964129,-15.82209579997201,10,TIME_EXIT,False
2025-09-30 09:30:00,2025-09-30 09:45:00,2025-09-30 12:15:00,61297,LONG,112983.66,9.015462943933713,1.0154629439337128,13.433800958474777,-28.976756461952057,10,TIME_EXIT,False
2025-10-01 08:15:00,2025-10-01 08:30:00,2025-10-01 08:45:00,61379,LONG,115089.82,110.50502642197162,102.50502642197162,130.50502642197162,0.0,1,TRAILING_STOP,False
2025-10-01 09:15:00,2025-10-01 09:30:00,2025-10-01 10:00:00,61384,LONG,116239.48,6.799844596689876,-1.2001554033101236,26.799844596689876,0.0,2,TRAILING_STOP,True
2025-10-01 13:30:00,2025-10-01 13:45:00,2025-10-01 16:15:00,61409,SHORT,116513.96,-115.6711178643311,-123.6711178643311,0.0,-116.36202219888492,10,TIME_EXIT,False
2025-10-01 22:00:00,2025-10-01 22:15:00,2025-10-02 00:00:00,61440,LONG,117835.01,117.64245447936088,109.64245447936088,137.64245447936088,-16.488308525623548,7,TRAILING_STOP,False
2025-10-02 00:30:00,2025-10-02 00:45:00,2025-10-02 01:45:00,61447,LONG,118592.32,5.4485282014879495,-2.5514717985120505,25.44852820148795,-18.91100536695834,4,TRAILING_STOP,True
2025-10-02 12:15:00,2025-10-02 12:30:00,2025-10-02 13:00:00,61492,LONG,119080.53,7.499877603836765,-0.5001223961632348,27.499877603836765,0.0,2,TRAILING_STOP,False
2025-10-02 13:30:00,2025-10-02 13:45:00,2025-10-02 14:30:00,61498,LONG,119542.14,0.5668059815560085,-7.4331940184439915,20.56680598155601,-47.86094677575618,3,TRAILING_STOP,True
2025-10-02 16:00:00,2025-10-02 16:15:00,2025-10-02 18:45:00,61515,LONG,120133.44,31.062957990714178,23.062957990714178,44.160893086887725,-64.4125399222729,10,TIME_EXIT,False
2025-10-02 19:00:00,2025-10-02 19:15:00,2025-10-02 21:45:00,61527,LONG,121008.68,-70.95193501821417,-78.95193501821417,0.0,-71.64444732394337,10,TIME_EXIT,False
2025-10-03 00:00:00,2025-10-03 00:15:00,2025-10-03 02:45:00,61547,SHORT,120156.53,-0.1073599578822848,-8.107359957882284,28.007633043330966,-11.414277692605985,10,TIME_EXIT,False
2025-10-03 07:30:00,2025-10-03 07:45:00,2025-10-03 08:15:00,61569,SHORT,119641.3,2.848188710754563,-5.151811289245437,32.84818871075456,-7.586845010878691,2,TRAILING_STOP,False
2025-10-03 08:45:00,2025-10-03 09:00:00,2025-10-03 11:15:00,61581,LONG,120038.6,19.761376757142585,11.761376757142585,39.761376757142585,-2.499196091923764,9,TRAILING_STOP,False
2025-10-03 11:45:00,2025-10-03 12:00:00,2025-10-03 13:30:00,61590,LONG,120334.51,9.661482811539898,1.6614828115398979,29.661482811539898,-19.307013424494915,6,TRAILING_STOP,True
2025-10-03 15:15:00,2025-10-03 15:30:00,2025-10-03 16:45:00,61603,LONG,121293.72,194.46040240170754,186.46040240170754,214.46040240170754,0.0,5,TRAILING_STOP,False
2025-10-03 17:15:00,2025-10-03 17:30:00,2025-10-03 17:45:00,61607,LONG,122509.0,-12.490347647927907,-20.490347647927905,7.509652352072093,-73.91946714118977,1,TRAILING_STOP,True
2025-10-04 01:30:00,2025-10-04 01:45:00,2025-10-04 03:15:00,61645,SHORT,121883.96,-13.673815652198599,-21.6738156521986,16.3261843478014,-14.979001338649681,6,TRAILING_STOP,False
2025-10-04 15:15:00,2025-10-04 15:30:00,2025-10-04 18:00:00,61704,SHORT,121733.94,2.448782977039737,-5.551217022960262,11.358377129665241,-22.849009898142963,10,TIME_EXIT,False
2025-10-05 02:15:00,2025-10-05 02:30:00,2025-10-05 03:00:00,61740,LONG,122853.91,83.8094758237647,75.8094758237647,103.8094758237647,0.0,2,TRAILING_STOP,False
2025-10-05 03:30:00,2025-10-05 03:45:00,2025-10-05 04:45:00,61747,LONG,124010.13,116.94768322555532,108.94768322555532,136.94768322555532,-22.266729338966474,4,TRAILING_STOP,True
2025-10-05 08:45:00,2025-10-05 09:00:00,2025-10-05 11:30:00,61774,LONG,124596.0,-100.00722334585403,-108.00722334585403,0.0,-166.59924877203076,10,TIME_EXIT,False
2025-10-05 16:45:00,2025-10-05 17:00:00,2025-10-05 17:30:00,61798,LONG,123265.55,-11.010464805454754,-19.010464805454752,8.989535194545246,-30.43591660443638,2,TRAILING_STOP,False
2025-10-05 18:00:00,2025-10-05 18:15:00,2025-10-05 19:00:00,61804,LONG,122970.17,0.34070539221053764,-7.659294607789462,20.340705392210538,-28.972880170857604,3,TRAILING_STOP,True
2025-10-06 00:15:00,2025-10-06 00:30:00,2025-10-06 00:45:00,61827,LONG,123660.66,-13.246033136165575,-21.246033136165575,6.7539668638344255,-46.63245368413879,1,TRAILING_STOP,False
2025-10-06 01:15:00,2025-10-06 01:30:00,2025-10-06 02:30:00,61834,LONG,123851.35,0.6788218295562025,-7.3211781704437975,20.678821829556203,-30.303262741989666,4,TRAILING_STOP,True
2025-10-06 07:30:00,2025-10-06 07:45:00,2025-10-06 08:45:00,61859,SHORT,123439.04,-26.06445416296277,-34.064454162962775,3.935545837037229,-35.72289609510949,4,TRAILING_STOP,False
2025-10-06 09:30:00,2025-10-06 09:45:00,2025-10-06 11:15:00,61869,SHORT,123806.0,-24.32418461140784,-32.324184611407844,5.6758153885921585,-47.97828861282975,6,TRAILING_STOP,False
2025-10-06 11:30:00,2025-10-06 11:45:00,2025-10-06 12:45:00,61875,SHORT,124299.97,-20.1874473501481,-28.1874473501481,9.812552649851899,-31.523740512567823,4,TRAILING_STOP,False
2025-10-06 13:30:00,2025-10-06 13:45:00,2025-10-06 15:00:00,61884,SHORT,124565.8,-11.82326128038368,-19.82326128038368,18.17673871961632,-61.349102241546,5,TRAILING_STOP,False
2025-10-06 18:45:00,2025-10-06 19:00:00,2025-10-06 21:30:00,61910,LONG,126011.18,-80.05956296893629,-88.05956296893629,0.0,-119.03943761180548,10,TIME_EXIT,False
2025-10-07 06:15:00,2025-10-07 06:30:00,2025-10-07 08:30:00,61954,SHORT,123891.55,15.899014097410898,7.899014097410898,45.8990140974109,-11.820822324040428,8,TRAILING_STOP,False
2025-10-07 12:45:00,2025-10-07 13:00:00,2025-10-07 15:30:00,61982,LONG,124918.0,-258.94907059030766,-266.94907059030766,0.0,-299.8054723898878,10,TIME_EXIT,False
2025-10-08 08:30:00,2025-10-08 08:45:00,2025-10-08 11:15:00,62061,LONG,122821.24,16.239047904091922,8.239047904091922,30.838314285053197,-35.77557106572191,10,TIME_EXIT,False
2025-10-08 13:30:00,2025-10-08 13:45:00,2025-10-08 16:15:00,62081,SHORT,121898.25,-63.51690856923661,-71.51690856923662,0.0,-119.09522901272167,10,TIME_EXIT,False
2025-10-08 17:00:00,2025-10-08 17:15:00,2025-10-08 17:30:00,62086,LONG,123669.93,9.283593837241497,1.2835938372414972,29.283593837241497,-1.6115477707469403,1,TRAILING_STOP,False
2025-10-08 18:00:00,2025-10-08 18:15:00,2025-10-08 20:45:00,62099,LONG,123870.77,-81.86596402040624,-89.86596402040624,0.0,-85.31229764697548,10,TIME_EXIT,True
2025-10-09 01:45:00,2025-10-09 02:00:00,2025-10-09 04:30:00,62130,LONG,122548.23,-42.370257000039146,-50.370257000039146,0.0,-87.49616375528231,10,TIME_EXIT,False
2025-10-09 08:15:00,2025-10-09 08:30:00,2025-10-09 09:00:00,62148,SHORT,121180.0,-27.152170325136595,-35.152170325136595,2.847829674863407,-40.538042581284465,2,TRAILING_STOP,False
2025-10-09 09:30:00,2025-10-09 09:45:00,2025-10-09 10:30:00,62154,SHORT,121672.1,-28.20172414218176,-36.20172414218176,1.798275857818239,-52.78695773311955,3,TRAILING_STOP,True
2025-10-09 11:15:00,2025-10-09 11:30:00,2025-10-09 13:00:00,62164,LONG,122680.96,68.19461471445902,60.19461471445902,88.19461471445902,0.0,6,TRAILING_STOP,False
2025-10-09 13:30:00,2025-10-09 13:45:00,2025-10-09 16:15:00,62177,LONG,122755.99,-122.68158971305638,-130.68158971305638,0.0,-169.60475818736012,10,TIME_EXIT,True
2025-10-09 16:45:00,2025-10-09 17:00:00,2025-10-09 19:30:00,62190,SHORT,119819.76,-85.64864426368449,-93.64864426368449,0.0,-107.52483563645936,10,TIME_EXIT,False
2025-10-09 23:45:00,2025-10-10 00:00:00,2025-10-10 01:30:00,62214,LONG,121662.41,-2.597747323926825,-10.597747323926825,17.402252676073175,-14.248443705825473,6,TRAILING_STOP,False
2025-10-10 02:00:00,2025-10-10 02:15:00,2025-10-10 03:15:00,62221,SHORT,121272.5,0.7159496175967348,-7.284050382403265,30.715949617596735,-14.966294914345792,4,TRAILING_STOP,False
2025-10-10 03:45:00,2025-10-10 04:00:00,2025-10-10 05:15:00,62229,SHORT,121026.0,-26.701535207310968,-34.70153520731097,3.29846479268903,-39.16513806950572,5,TRAILING_STOP,True
2025-10-10 06:30:00,2025-10-10 06:45:00,2025-10-10 09:15:00,62245,LONG,121662.17,7.575074486999821,-0.4249255130001792,9.444184663154433,-66.31149189596033,10,TIME_EXIT,False
2025-10-10 13:00:00,2025-10-10 13:15:00,2025-10-10 13:30:00,62262,LONG,121813.29,40.47862265275049,32.47862265275049,60.47862265275049,-1.7682799635403983,1,TRAILING_STOP,False
2025-10-10 13:45:00,2025-10-10 14:00:00,2025-10-10 15:00:00,62268,SHORT,121684.18,114.07624721635904,106.07624721635904,144.07624721635904,-1.6830454049170958,4,TRAILING_STOP,False
2025-10-10 15:30:00,2025-10-10 15:45:00,2025-10-10 16:15:00,62273,SHORT,119570.7,53.18927630263913,45.18927630263913,83.18927630263913,0.0,2,TRAILING_STOP,True
2025-10-10 20:45:00,2025-10-10 21:00:00,2025-10-10 21:15:00,62293,SHORT,114266.82,1043.5242303933903,1035.5242303933903,1073.5242303933903,0.0,1,TRAILING_STOP,False
2025-10-10 21:45:00,2025-10-10 22:00:00,2025-10-10 22:15:00,62297,SHORT,113451.87,97.97232870643697,89.97232870643697,127.97232870643697,-30.597115763715898,1,TRAILING_STOP,True
2025-10-11 07:00:00,2025-10-11 07:15:00,2025-10-11 08:15:00,62337,SHORT,111397.9,87.38192551206087,79.38192551206087,117.38192551206087,0.0,4,TRAILING_STOP,False
2025-10-11 08:45:00,2025-10-11 09:00:00,2025-10-11 11:30:00,62350,SHORT,111328.38,-90.61750471892267,-98.61750471892267,0.0,-92.1786520202658,10,TIME_EXIT,True
2025-10-11 19:00:00,2025-10-11 19:15:00,2025-10-11 20:45:00,62387,SHORT,111570.5,141.80616740088158,133.80616740088158,171.80616740088158,0.0,6,TRAILING_STOP,False
2025-10-11 21:15:00,2025-10-11 21:30:00,2025-10-11 22:30:00,62394,SHORT,110802.96,-16.37581523092827,-24.37581523092827,13.624184769071729,-44.10080741525264,4,TRAILING_STOP,True
2025-10-12 03:00:00,2025-10-12 03:15:00,2025-10-12 03:30:00,62414,LONG,110708.29,27.139197976954563,19.139197976954563,47.13919797695456,0.0,1,TRAILING_STOP,False
2025-10-12 06:15:00,2025-10-12 06:30:00,2025-10-12 09:00:00,62436,SHORT,111933.62,65.49417413642044,57.49417413642044,70.91256407145592,-0.020547892582271292,10,TIME_EXIT,False
2025-10-12 11:30:00,2025-10-12 11:45:00,2025-10-12 12:15:00,62449,LONG,111985.01,3.662988466046059,-4.337011533953941,23.66298846604606,-13.373218433430935,2,TRAILING_STOP,False
2025-10-12 13:30:00,2025-10-12 13:45:00,2025-10-12 14:45:00,62459,LONG,111818.3,84.86655583209468,76.86655583209468,104.86655583209468,-57.28489880457876,4,TRAILING_STOP,False
2025-10-12 15:15:00,2025-10-12 15:30:00,2025-10-12 16:00:00,62464,LONG,113169.49,80.982164009045,72.982164009045,100.982164009045,-43.99153870888751,2,TRAILING_STOP,True
2025-10-12 22:00:00,2025-10-12 22:15:00,2025-10-12 22:45:00,62491,LONG,115374.58,-5.937110236934341,-13.937110236934341,14.062889763065659,-23.672458872655948,2,TRAILING_STOP,False
2025-10-12 23:15:00,2025-10-12 23:30:00,2025-10-13 00:15:00,62497,LONG,115245.25,35.772363719979786,27.772363719979786,55.772363719979786,-41.52535570880342,3,TRAILING_STOP,True
2025-10-13 09:00:00,2025-10-13 09:15:00,2025-10-13 11:00:00,62540,SHORT,114801.34,25.971472109994338,17.971472109994338,55.97147210999434,-34.689490558211716,7,TRAILING_STOP,False
2025-10-13 11:15:00,2025-10-13 11:30:00,2025-10-13 12:45:00,62547,LONG,113643.33,77.29035571203337,69.29035571203337,97.29035571203337,0.0,5,TRAILING_STOP,False
2025-10-13 13:15:00,2025-10-13 13:30:00,2025-10-13 14:00:00,62552,LONG,114346.54,78.79092100206964,70.79092100206964,98.79092100206964,0.0,2,TRAILING_STOP,True
2025-10-14 01:00:00,2025-10-14 01:15:00,2025-10-14 03:45:00,62607,SHORT,114675.13,102.4747039746111,94.4747039746111,121.68026319220303,0.0,10,TIME_EXIT,False
2025-10-14 04:45:00,2025-10-14 05:00:00,2025-10-14 06:45:00,62619,SHORT,113062.09,120.98606438285387,112.98606438285387,150.98606438285387,-42.97727027688976,7,TRAILING_STOP,False
2025-10-14 07:15:00,2025-10-14 07:30:00,2025-10-14 08:00:00,62624,SHORT,112079.14,26.515422941325056,18.515422941325056,56.515422941325056,0.0,2,TRAILING_STOP,True
2025-10-14 13:30:00,2025-10-14 13:45:00,2025-10-14 16:15:00,62657,SHORT,110680.0,-185.4716299241058,-193.4716299241058,0.0,-226.56487170220413,10,TIME_EXIT,False
2025-10-15 01:00:00,2025-10-15 01:15:00,2025-10-15 01:45:00,62695,SHORT,112726.97,5.546950299471938,-2.4530497005280623,35.54695029947194,-4.029204368750287,2,TRAILING_STOP,False
2025-10-15 02:15:00,2025-10-15 02:30:00,2025-10-15 04:15:00,62705,SHORT,113568.95,130.44790411463717,122.44790411463717,160.44790411463717,0.0,7,TRAILING_STOP,True
2025-10-15 13:30:00,2025-10-15 13:45:00,2025-10-15 15:15:00,62749,SHORT,111337.32,40.71483308561828,32.71483308561828,70.71483308561828,-80.93332945323243,6,TRAILING_STOP,False
2025-10-15 15:45:00,2025-10-15 16:00:00,2025-10-15 17:30:00,62758,SHORT,110798.01,27.222146859857396,19.222146859857396,57.222146859857396,-24.809109838706007,6,TRAILING_STOP,True
2025-10-16 07:15:00,2025-10-16 07:30:00,2025-10-16 08:45:00,62819,SHORT,110771.28,3.0663327172890718,-4.933667282710928,33.06633271728907,-12.551990010407767,5,TRAILING_STOP,False
2025-10-16 09:15:00,2025-10-16 09:30:00,2025-10-16 12:00:00,62832,SHORT,110680.1,-77.25508018153197,-85.25508018153197,0.0,-117.66794572827375,10,TIME_EXIT,True
2025-10-16 14:15:00,2025-10-16 14:30:00,2025-10-16 14:45:00,62843,LONG,110343.42,76.20600847789629,68.20600847789629,96.20600847789629,0.0,1,TRAILING_STOP,False
2025-10-16 15:30:00,2025-10-16 15:45:00,2025-10-16 16:00:00,62848,SHORT,109240.69,65.63194813214767,57.63194813214767,95.63194813214767,0.0,1,TRAILING_STOP,False
2025-10-16 16:30:00,2025-10-16 16:45:00,2025-10-16 18:30:00,62858,SHORT,108084.0,7.378335368787241,-0.6216646312127594,37.37833536878724,-107.40812701232407,7,TRAILING_STOP,True
2025-10-17 05:45:00,2025-10-17 06:00:00,2025-10-17 08:15:00,62913,SHORT,108381.75,327.69398445771543,319.69398445771543,357.69398445771543,0.0,9,TRAILING_STOP,False
2025-10-17 08:45:00,2025-10-17 09:00:00,2025-10-17 10:00:00,62920,SHORT,104884.38,29.531266714833933,21.531266714833933,59.53126671483393,-70.77221603445561,4,TRAILING_STOP,True
2025-10-18 02:30:00,2025-10-18 02:45:00,2025-10-18 03:15:00,62989,SHORT,106625.04,-25.175617284646478,-33.17561728464648,4.824382715353521,-33.82507523561103,2,TRAILING_STOP,False
2025-10-18 03:45:00,2025-10-18 04:00:00,2025-10-18 05:45:00,62999,SHORT,107070.41,28.935984274273245,20.935984274273245,58.935984274273245,0.0,7,TRAILING_STOP,True
2025-10-18 07:00:00,2025-10-18 07:15:00,2025-10-18 07:45:00,63007,LONG,107295.57,-14.00161628294756,-22.00161628294756,5.998383717052439,-64.15642323350441,2,TRAILING_STOP,False
2025-10-18 08:15:00,2025-10-18 08:30:00,2025-10-18 10:15:00,63017,SHORT,106698.7,-23.529443189092873,-31.529443189092873,6.470556810907125,-25.823182475512713,7,TRAILING_STOP,False
2025-10-18 10:45:00,2025-10-18 11:00:00,2025-10-18 11:45:00,63023,SHORT,106924.47,-24.71870190238014,-32.71870190238014,5.2812980976198585,-27.826184221441437,3,TRAILING_STOP,True
2025-10-19 00:00:00,2025-10-19 00:15:00,2025-10-19 02:45:00,63083,SHORT,107084.09,22.138676249664393,14.138676249664393,32.67712318421889,-0.8227179219618593,10,TIME_EXIT,False
2025-10-19 03:15:00,2025-10-19 03:30:00,2025-10-19 04:00:00,63088,LONG,107137.82,1.4060730375134085,-6.5939269624865915,21.40607303751341,-17.540024615025096,2,TRAILING_STOP,False
2025-10-19 04:30:00,2025-10-19 04:45:00,2025-10-19 05:45:00,63095,LONG,107120.0,-14.398805078416729,-22.39880507841673,5.601194921583271,-30.41168782673675,4,TRAILING_STOP,True
2025-10-19 06:30:00,2025-10-19 06:45:00,2025-10-19 08:15:00,63105,SHORT,106701.06,9.393235643582337,1.3932356435823365,39.39323564358234,-47.06888572615829,6,TRAILING_STOP,False
2025-10-19 08:45:00,2025-10-19 09:00:00,2025-10-19 11:30:00,63118,SHORT,106443.96,-252.40041802277875,-260.40041802277875,0.0,-255.8923963370014,10,TIME_EXIT,True
2025-10-19 11:45:00,2025-10-19 12:00:00,2025-10-19 13:15:00,63125,SHORT,109056.56,-26.469721766393512,-34.46972176639351,3.5302782336064884,-36.08311136900058,5,TRAILING_STOP,False
2025-10-19 14:45:00,2025-10-19 15:00:00,2025-10-19 15:45:00,63135,LONG,108921.18,-14.191212397808757,-22.191212397808755,5.808787602191243,-27.65118776715355,3,TRAILING_STOP,False
2025-10-19 16:15:00,2025-10-19 16:30:00,2025-10-19 17:15:00,63141,LONG,108744.83,37.5806684326973,29.5806684326973,57.5806684326973,0.0,3,TRAILING_STOP,True
2025-10-19 18:30:00,2025-10-19 18:45:00,2025-10-19 19:00:00,63148,SHORT,108066.78,31.467548121633193,23.467548121633193,61.46754812163319,-4.98488064509698,1,TRAILING_STOP,False
2025-10-19 22:15:00,2025-10-19 22:30:00,2025-10-19 22:45:00,63163,LONG,110145.45,9.891384528367286,1.8913845283672863,29.891384528367286,-17.566771936561217,1,TRAILING_STOP,False
2025-10-19 23:15:00,2025-10-19 23:30:00,2025-10-20 00:45:00,63171,LONG,110422.1,59.836373334685035,51.836373334685035,79.83637333468504,0.0,5,TRAILING_STOP,True
2025-10-20 03:45:00,2025-10-20 04:00:00,2025-10-20 06:15:00,63193,SHORT,110800.48,-12.652602226994698,-20.6526022269947,17.3473977730053,-26.85277175694535,9,TRAILING_STOP,False
2025-10-20 09:30:00,2025-10-20 09:45:00,2025-10-20 10:30:00,63210,SHORT,111038.52,12.195267011844066,4.1952670118440665,42.19526701184407,-60.07284679226574,3,TRAILING_STOP,False
2025-10-20 11:00:00,2025-10-20 11:15:00,2025-10-20 12:15:00,63217,SHORT,110469.94,25.59068829040737,17.59068829040737,55.59068829040737,-54.445580399517894,4,TRAILING_STOP,False
2025-10-20 20:15:00,2025-10-20 20:30:00,2025-10-20 23:00:00,63260,SHORT,109863.18,179.869179100768,171.869179100768,187.0999910980179,0.0,10,TIME_EXIT,False
2025-10-20 23:15:00,2025-10-20 23:30:00,2025-10-20 23:45:00,63263,SHORT,107779.71,-9.64273609568967,-17.64273609568967,20.35726390431033,-13.758619317123195,1,TRAILING_STOP,False
2025-10-21 00:15:00,2025-10-21 00:30:00,2025-10-21 03:00:00,63276,SHORT,107537.12,-5.8296149273852915,-13.829614927385292,0.0,-61.64197069811844,10,TIME_EXIT,True
2025-10-21 05:15:00,2025-10-21 05:30:00,2025-10-21 06:45:00,63291,LONG,108499.56,70.89622114596605,62.89622114596605,90.89622114596605,-23.093181207370584,5,TRAILING_STOP,False
2025-10-21 07:00:00,2025-10-21 07:15:00,2025-10-21 07:30:00,63294,SHORT,109339.48,99.63478516634598,91.63478516634598,129.63478516634598,0.0,1,TRAILING_STOP,False
2025-10-21 08:00:00,2025-10-21 08:15:00,2025-10-21 08:30:00,63298,SHORT,108636.25,-8.989517771462104,-16.989517771462104,21.010482228537896,-108.08915072086943,1,TRAILING_STOP,True
2025-10-21 08:45:00,2025-10-21 09:00:00,2025-10-21 11:30:00,63310,SHORT,109679.81,-278.0256457409987,-286.0256457409987,0.0,-393.8910908033121,10,TIME_EXIT,False
2025-10-21 12:00:00,2025-10-21 12:15:00,2025-10-21 14:45:00,63323,LONG,112474.81,-145.80331364862926,-153.80331364862926,0.0,-170.75734557808957,10,TIME_EXIT,False
2025-10-21 17:00:00,2025-10-21 17:15:00,2025-10-21 18:00:00,63336,SHORT,109167.44,72.74400498903378,64.74400498903378,102.74400498903378,-23.427314957646715,3,TRAILING_STOP,False
2025-10-21 18:30:00,2025-10-21 18:45:00,2025-10-21 19:30:00,63342,SHORT,108549.94,35.291606794071484,27.291606794071484,65.29160679407148,0.0,3,TRAILING_STOP,True
2025-10-22 00:00:00,2025-10-22 00:15:00,2025-10-22 01:45:00,63367,SHORT,107945.35,1.0666462242241863,-6.933353775775814,31.066646224224186,-35.795891161591875,6,TRAILING_STOP,False
2025-10-22 02:15:00,2025-10-22 02:30:00,2025-10-22 03:45:00,63375,SHORT,108321.64,12.191015571773477,4.191015571773477,42.19101557177348,-3.4268314253731154,5,TRAILING_STOP,True
2025-10-22 05:30:00,2025-10-22 05:45:00,2025-10-22 06:00:00,63384,LONG,107966.46,-17.97159228893916,-25.97159228893916,2.0284077110608405,-24.865129411486343,1,TRAILING_STOP,False
2025-10-22 08:15:00,2025-10-22 08:30:00,2025-10-22 09:30:00,63398,LONG,108783.35,14.98053700313502,6.980537003135019,34.98053700313502,-117.97301701041619,4,TRAILING_STOP,False
2025-10-22 15:30:00,2025-10-22 15:45:00,2025-10-22 16:15:00,63425,SHORT,107139.29,6.659753858737496,-1.3402461412625044,36.659753858737496,-18.07833522137419,2,TRAILING_STOP,False
2025-10-22 16:45:00,2025-10-22 17:00:00,2025-10-22 17:30:00,63430,SHORT,107055.54,-24.45334636582188,-32.45334636582188,5.54665363417812,-49.049306556204925,2,TRAILING_STOP,True
2025-10-22 21:45:00,2025-10-22 22:00:00,2025-10-22 23:00:00,63452,SHORT,108705.76,5.156370738772104,-2.843629261227896,35.156370738772104,-21.578433378323925,4,TRAILING_STOP,False
2025-10-23 00:45:00,2025-10-23 01:00:00,2025-10-23 06:45:00,63462,LONG,109881.05,17.971970599115195,9.971970599115195,37.971970599115195,-70.79655682212703,2,TRAILING_STOP,False
2025-10-23 07:15:00,2025-10-23 07:30:00,2025-10-23 08:00:00,63467,LONG,109164.95,24.433675827268523,16.433675827268523,44.43367582726852,-21.338350816814586,2,TRAILING_STOP,True
2025-10-23 12:15:00,2025-10-23 12:30:00,2025-10-23 15:00:00,63495,LONG,111241.71,-121.6890678864971,-129.6890678864971,0.0,-136.29420115890014,10,TIME_EXIT,False
2025-10-23 15:45:00,2025-10-23 16:00:00,2025-10-23 18:30:00,63509,LONG,109651.95,51.782024852271476,43.782024852271476,57.90412300009326,-17.269186731289373,10,TIME_EXIT,False
2025-10-24 05:00:00,2025-10-24 05:15:00,2025-10-24 06:00:00,63539,LONG,111179.99,-12.084906645521375,-20.084906645521375,7.915093354478625,-52.166761303001124,3,TRAILING_STOP,False
2025-10-24 06:30:00,2025-10-24 06:45:00,2025-10-24 07:00:00,63543,LONG,111181.31,63.07781226898642,55.07781226898642,83.07781226898642,-25.720150266262547,1,TRAILING_STOP,True
2025-10-24 08:00:00,2025-10-24 08:15:00,2025-10-24 09:00:00,63551,SHORT,110684.47,58.94292035730092,50.94292035730092,88.94292035730092,-22.901135091489884,3,TRAILING_STOP,False
2025-10-24 15:15:00,2025-10-24 15:30:00,2025-10-24 17:30:00,63585,LONG,110893.69,2.08691946313564,-5.91308053686436,22.08691946313564,-21.61439483166286,8,TRAILING_STOP,False
2025-10-24 18:00:00,2025-10-24 18:15:00,2025-10-24 19:00:00,63591,LONG,110962.77,-12.602023183091365,-20.602023183091365,7.397976816908635,-22.68959219385061,3,TRAILING_STOP,True
2025-10-24 22:45:00,2025-10-24 23:00:00,2025-10-25 01:30:00,63617,LONG,111305.83,12.736080401178874,4.736080401178874,17.184185230908756,-19.032246558872657,10,TIME_EXIT,False
2025-10-25 02:00:00,2025-10-25 02:15:00,2025-10-25 04:45:00,63630,SHORT,111537.48,2.0199488100321825,-5.980051189967817,14.494679277315416,-28.030936327412878,10,TIME_EXIT,False
2025-10-25 07:15:00,2025-10-25 07:30:00,2025-10-25 10:00:00,63651,LONG,111899.03,-36.259474277838265,-44.259474277838265,0.0,-45.28368119008728,10,TIME_EXIT,False
2025-10-25 10:30:00,2025-10-25 10:45:00,2025-10-25 12:45:00,63662,SHORT,111244.32,-28.294744396837416,-36.294744396837416,1.7052556031625852,-31.971969445271295,8,TRAILING_STOP,False
2025-10-25 21:15:00,2025-10-25 21:30:00,2025-10-26 00:00:00,63693,SHORT,111448.85,-13.095384115672012,-21.09538411567201,16.90461588432799,-16.69914045770778,10,TRAILING_STOP,False
2025-10-26 03:45:00,2025-10-26 04:00:00,2025-10-26 06:30:00,63719,LONG,112667.24,94.14981675241131,86.14981675241131,102.74947713283774,-42.41783148322472,10,TIME_EXIT,False
2025-10-26 15:45:00,2025-10-26 16:00:00,2025-10-26 18:30:00,63767,SHORT,113065.85,-159.7538071840427,-167.7538071840427,0.0,-212.3497059456942,10,TIME_EXIT,False
2025-10-27 01:30:00,2025-10-27 01:45:00,2025-10-27 03:45:00,63793,SHORT,115867.19,60.83675887885086,52.83675887885086,90.83675887885086,-0.856152634753484,8,TRAILING_STOP,False
2025-10-27 08:00:00,2025-10-27 08:15:00,2025-10-27 08:45:00,63813,SHORT,114882.66,2.9614582392154034,-5.038541760784597,32.9614582392154,-41.37613108888639,2,TRAILING_STOP,False
2025-10-27 15:30:00,2025-10-27 15:45:00,2025-10-27 16:15:00,63843,LONG,114402.28,-0.35790895076510765,-8.357908950765108,19.642091049234892,-21.97508651051309,2,TRAILING_STOP,False
2025-10-27 16:45:00,2025-10-27 17:00:00,2025-10-27 19:30:00,63856,LONG,114425.9,-20.78288219712475,-28.78288219712475,0.0,-55.71990257450343,10,TIME_EXIT,True
2025-10-28 00:15:00,2025-10-28 00:30:00,2025-10-28 03:00:00,63886,SHORT,113605.32,-71.85490961162714,-79.85490961162714,0.0,-77.00959778996224,10,TIME_EXIT,False
2025-10-28 07:45:00,2025-10-28 08:00:00,2025-10-28 09:00:00,63910,LONG,115070.49,68.25112328973265,60.25112328973265,88.25112328973265,-43.783597341073886,4,TRAILING_STOP,False
2025-10-28 09:30:00,2025-10-28 09:45:00,2025-10-28 11:00:00,63918,LONG,115335.17,-17.483855098145337,-25.483855098145337,2.516144901854662,-71.0251695124738,5,TRAILING_STOP,True
2025-10-28 13:45:00,2025-10-28 14:00:00,2025-10-28 15:00:00,63934,SHORT,113717.0,92.42496724324357,84.42496724324357,122.42496724324357,-27.775090795571973,4,TRAILING_STOP,False
2025-10-28 15:30:00,2025-10-28 15:45:00,2025-10-28 16:00:00,63938,SHORT,112692.28,-26.690988947956896,-34.690988947956896,3.3090110520431035,-38.52704018411893,1,TRAILING_STOP,True
2025-10-28 20:00:00,2025-10-28 20:15:00,2025-10-28 21:30:00,63960,LONG,112689.65,-11.98240477275368,-19.982404772753682,8.01759522724632,-31.048104240273183,5,TRAILING_STOP,False
2025-10-29 00:00:00,2025-10-29 00:15:00,2025-10-29 02:30:00,63980,LONG,113200.19,17.449583786033664,9.449583786033664,37.449583786033664,-19.722581737716986,9,TRAILING_STOP,False
2025-10-29 07:45:00,2025-10-29 08:00:00,2025-10-29 10:30:00,64012,LONG,113543.17,-219.38880163377462,-227.38880163377462,0.0,-227.50553820190137,10,TIME_EXIT,False
2025-10-29 12:30:00,2025-10-29 12:45:00,2025-10-29 13:00:00,64022,SHORT,111214.0,151.09230852230834,143.09230852230834,181.09230852230834,-50.177135972089275,1,TRAILING_STOP,False
2025-10-29 13:30:00,2025-10-29 13:45:00,2025-10-29 14:15:00,64027,SHORT,111300.32,72.72117816013538,64.72117816013538,102.72117816013538,0.0,2,TRAILING_STOP,True
2025-10-29 22:30:00,2025-10-29 22:45:00,2025-10-29 23:00:00,64062,SHORT,110011.48,159.6547523949317,151.6547523949317,189.6547523949317,0.0,1,TRAILING_STOP,False
2025-10-29 23:30:00,2025-10-29 23:45:00,2025-10-30 02:15:00,64075,SHORT,109006.88,-216.4854181681006,-224.4854181681006,0.0,-237.152003616652,10,TIME_EXIT,True
2025-10-30 06:45:00,2025-10-30 07:00:00,2025-10-30 08:30:00,64100,SHORT,108784.3,97.25181850689879,89.25181850689879,127.25181850689879,0.0,6,TRAILING_STOP,False
2025-10-30 09:00:00,2025-10-30 09:15:00,2025-10-30 10:15:00,64107,SHORT,108319.22,61.5091523000259,53.5091523000259,91.5091523000259,-2.882221640813252,4,TRAILING_STOP,True
2025-10-30 19:15:00,2025-10-30 19:30:00,2025-10-30 20:00:00,64146,LONG,109317.21,41.2163446176496,33.2163446176496,61.2163446176496,0.0,2,TRAILING_STOP,False
2025-10-31 06:15:00,2025-10-31 06:30:00,2025-10-31 06:45:00,64189,LONG,110415.62,-12.616986618378444,-20.616986618378444,7.383013381621557,-24.15962524142823,1,TRAILING_STOP,False
2025-10-31 08:00:00,2025-10-31 08:15:00,2025-10-31 09:00:00,64198,SHORT,109614.9,-27.77037610762882,-35.77037610762882,2.229623892371181,-87.65596647901071,3,TRAILING_STOP,False
2025-10-31 09:15:00,2025-10-31 09:30:00,2025-10-31 09:45:00,64201,LONG,110790.14,-13.696189931703625,-21.696189931703625,6.303810068296376,-35.493230715296136,1,TRAILING_STOP,False
2025-10-31 10:15:00,2025-10-31 10:30:00,2025-10-31 13:00:00,64214,LONG,110202.9,-41.052458692102384,-49.052458692102384,0.0,-142.27393290013185,10,TIME_EXIT,True
2025-10-31 21:45:00,2025-10-31 22:00:00,2025-10-31 22:30:00,64252,LONG,110034.09,28.203243194905205,20.203243194905205,48.203243194905205,0.0,2,TRAILING_STOP,False
2025-10-31 23:00:00,2025-10-31 23:15:00,2025-10-31 23:30:00,64256,LONG,110280.65,-15.706409057254756,-23.706409057254756,4.293590942745244,-17.803667279798997,1,TRAILING_STOP,True
2025-11-01 08:45:00,2025-11-01 09:00:00,2025-11-01 09:45:00,64297,LONG,109888.83,21.78495666939017,13.78495666939017,41.78495666939017,0.0,3,TRAILING_STOP,False
2025-11-01 10:15:00,2025-11-01 10:30:00,2025-11-01 11:45:00,64305,LONG,110310.65,-0.11615378932033593,-8.116153789320336,19.883846210679664,-9.261118486745291,5,TRAILING_STOP,True
2025-11-01 22:30:00,2025-11-01 22:45:00,2025-11-01 23:30:00,64352,LONG,110116.0,40.67510625158965,32.67510625158965,60.67510625158965,-3.31650259726144,3,TRAILING_STOP,False
2025-11-02 00:00:00,2025-11-02 00:15:00,2025-11-02 01:45:00,64361,LONG,110485.14,1.79116576220067,-6.20883423779933,21.79116576220067,-19.028803330475505,6,TRAILING_STOP,True
2025-11-02 02:15:00,2025-11-02 02:30:00,2025-11-02 04:00:00,64370,LONG,110895.53,-7.158183923192983,-15.158183923192983,12.841816076807017,-27.783806975808723,6,TRAILING_STOP,False
2025-11-02 04:30:00,2025-11-02 04:45:00,2025-11-02 06:45:00,64381,LONG,110868.75,14.38840971869844,6.3884097186984405,34.38840971869844,-47.13681718247981,8,TRAILING_STOP,True
2025-11-02 10:30:00,2025-11-02 10:45:00,2025-11-02 13:15:00,64407,SHORT,109834.98,-45.16047619802035,-53.16047619802035,0.0,-45.16047619802035,10,TIME_EXIT,False
2025-11-02 17:00:00,2025-11-02 17:15:00,2025-11-02 19:45:00,64433,SHORT,109632.89,-1.0006121338223561,-9.000612133822356,13.580778541913784,-101.89551693839326,10,TIME_EXIT,False
2025-11-02 20:00:00,2025-11-02 20:15:00,2025-11-02 20:45:00,64437,LONG,109735.04,-18.25944383854001,-26.25944383854001,1.7405561614599878,-45.754756183621616,2,TRAILING_STOP,False
2025-11-02 21:00:00,2025-11-02 21:15:00,2025-11-02 22:45:00,64445,SHORT,108860.01,96.75729131386173,88.75729131386173,126.75729131386173,-27.166082384156542,6,TRAILING_STOP,False
2025-11-02 23:15:00,2025-11-02 23:30:00,2025-11-03 01:15:00,64455,SHORT,107900.37,52.883867775429536,44.883867775429536,82.88386777542954,-16.184374529948755,7,TRAILING_STOP,True
2025-11-03 03:15:00,2025-11-03 03:30:00,2025-11-03 03:45:00,64465,LONG,107586.98,-1.2244938932201634,-9.224493893220163,18.775506106779837,-27.464289823916978,1,TRAILING_STOP,False
2025-11-03 05:15:00,2025-11-03 05:30:00,2025-11-03 08:00:00,64482,SHORT,106974.99,-82.40337297530895,-90.40337297530895,0.0,-120.630999825286,10,TIME_EXIT,False
2025-11-03 09:45:00,2025-11-03 10:00:00,2025-11-03 10:30:00,64492,SHORT,105992.64,34.72902269440611,26.729022694406112,64.72902269440611,-28.975596796154466,2,TRAILING_STOP,False
2025-11-03 11:00:00,2025-11-03 11:15:00,2025-11-03 13:30:00,64504,SHORT,106498.83,-25.906058310686998,-33.906058310687,4.093941689313002,-120.59944696106007,9,TRAILING_STOP,True
2025-11-03 23:45:00,2025-11-04 00:00:00,2025-11-04 00:30:00,64548,SHORT,105668.08,108.93315748710506,100.93315748710506,138.93315748710506,0.0,2,TRAILING_STOP,False
2025-11-04 01:00:00,2025-11-04 01:15:00,2025-11-04 02:45:00,64557,SHORT,104541.0,44.70848757903548,36.70848757903548,74.70848757903548,-43.68046986349848,6,TRAILING_STOP,True
2025-11-04 09:00:00,2025-11-04 09:15:00,2025-11-04 09:30:00,64584,LONG,103929.42,66.09304275921052,58.09304275921052,86.09304275921052,0.0,1,TRAILING_STOP,False
2025-11-04 11:30:00,2025-11-04 11:45:00,2025-11-04 12:45:00,64597,SHORT,101339.92,73.66990619293922,65.66990619293922,103.66990619293922,-61.977550406592165,4,TRAILING_STOP,False
2025-11-04 13:15:00,2025-11-04 13:30:00,2025-11-04 14:45:00,64605,SHORT,101363.97,144.0233733939191,136.0233733939191,174.0233733939191,-34.3189004929459,5,TRAILING_STOP,True
2025-11-04 21:00:00,2025-11-04 21:15:00,2025-11-04 22:30:00,64636,LONG,101731.25,33.17736683664025,25.177366836640253,53.17736683664025,-26.468759599435188,5,TRAILING_STOP,False
2025-11-04 23:15:00,2025-11-04 23:30:00,2025-11-05 00:45:00,64645,SHORT,101998.3,18.853755405727632,10.853755405727632,48.85375540572763,-32.08190724747333,5,TRAILING_STOP,False
2025-11-05 01:15:00,2025-11-05 01:30:00,2025-11-05 02:00:00,64650,SHORT,102120.0,20.75303564433937,12.75303564433937,50.75303564433937,0.0,2,TRAILING_STOP,True
2025-11-05 06:45:00,2025-11-05 07:00:00,2025-11-05 07:30:00,64672,LONG,102531.0,3.0749724473570446,-4.925027552642955,23.074972447357045,-4.774165862031687,2,TRAILING_STOP,False
2025-11-05 08:15:00,2025-11-05 08:30:00,2025-11-05 09:00:00,64678,LONG,102985.9,16.27681070903938,8.276810709039381,36.27681070903938,-79.31571215088634,2,TRAILING_STOP,False
2025-11-05 18:30:00,2025-11-05 18:45:00,2025-11-05 19:15:00,64719,SHORT,103765.28,10.964569266328041,2.9645692663280414,40.96456926632804,0.0,2,TRAILING_STOP,False
2025-11-05 19:45:00,2025-11-05 20:00:00,2025-11-05 22:30:00,64732,SHORT,102833.83,-94.94638097209794,-102.94638097209794,0.0,-106.92006706353347,10,TIME_EXIT,True
2025-11-06 04:30:00,2025-11-06 04:45:00,2025-11-06 05:30:00,64760,LONG,102867.22,20.96251458919521,12.962514589195209,40.96251458919521,-11.996046942844783,3,TRAILING_STOP,False
2025-11-06 06:00:00,2025-11-06 06:15:00,2025-11-06 06:30:00,64764,LONG,103173.53,-4.526069816551379,-12.526069816551379,15.473930183448621,-18.273097760636748,1,TRAILING_STOP,True
2025-11-06 09:00:00,2025-11-06 09:15:00,2025-11-06 09:30:00,64776,SHORT,102516.9,30.175444243826554,22.175444243826554,60.175444243826554,0.0,1,TRAILING_STOP,False
2025-11-06 10:00:00,2025-11-06 10:15:00,2025-11-06 11:15:00,64783,SHORT,101806.6,117.89316213290775,109.89316213290775,147.89316213290775,-57.649504059657126,4,TRAILING_STOP,True
2025-11-06 17:45:00,2025-11-06 18:00:00,2025-11-06 19:00:00,64814,SHORT,101359.0,30.089385254392575,22.089385254392575,60.089385254392575,-27.723241152734342,4,TRAILING_STOP,False
2025-11-06 19:30:00,2025-11-06 19:45:00,2025-11-06 20:15:00,64819,SHORT,101315.19,10.47665508005231,2.4766550800523106,40.47665508005231,-36.03210930167507,2,TRAILING_STOP,True
2025-11-06 21:30:00,2025-11-06 21:45:00,2025-11-07 00:00:00,64834,LONG,102331.16,-0.8621342707346926,-8.862134270734693,19.137865729265307,-73.11946820499301,9,TRAILING_STOP,False
2025-11-07 03:45:00,2025-11-07 04:00:00,2025-11-07 05:00:00,64854,SHORT,101006.26,8.79858535500665,0.7985853550066508,38.79858535500665,-24.1341477251018,4,TRAILING_STOP,False
2025-11-07 05:30:00,2025-11-07 05:45:00,2025-11-07 06:15:00,64859,SHORT,100103.38,-6.1856193067607315,-14.185619306760731,23.81438069323927,-50.6146745494506,2,TRAILING_STOP,True
2025-11-08 01:45:00,2025-11-08 02:00:00,2025-11-08 04:30:00,64944,SHORT,102083.2,-26.88983103977932,-34.889831039779324,0.0,-59.2183630607195,10,TIME_EXIT,False
2025-11-08 06:00:00,2025-11-08 06:15:00,2025-11-08 07:15:00,64955,SHORT,102029.35,-0.7770362155591997,-8.7770362155592,29.2229637844408,-7.708566211584625,4,TRAILING_STOP,False
2025-11-08 07:45:00,2025-11-08 08:00:00,2025-11-08 10:30:00,64968,LONG,102105.93,-17.682616474869615,-25.682616474869615,0.0,-63.84839744371292,10,TIME_EXIT,False
2025-11-08 18:30:00,2025-11-08 18:45:00,2025-11-08 21:30:00,65011,SHORT,102051.25,33.20194510111359,25.201945101113587,50.771548609155175,-4.777011550568954,10,TIME_EXIT,False
2025-11-08 21:45:00,2025-11-08 22:00:00,2025-11-09 00:30:00,65023,SHORT,101505.4,-36.90345538267039,-44.90345538267039,0.0,-61.59376742518196,10,TIME_EXIT,False
2025-11-09 04:15:00,2025-11-09 04:30:00,2025-11-09 05:15:00,65042,SHORT,101657.46,-14.510728479739077,-22.51072847973908,15.489271520260923,-25.629206159586673,3,TRAILING_STOP,False
2025-11-09 08:30:00,2025-11-09 08:45:00,2025-11-09 09:00:00,65057,LONG,103040.01,77.17002162558072,69.17002162558072,97.17002162558072,0.0,1,TRAILING_STOP,False
2025-11-09 09:30:00,2025-11-09 09:45:00,2025-11-09 10:15:00,65062,LONG,103338.79,60.241891742685056,52.241891742685056,80.24189174268506,0.0,2,TRAILING_STOP,True
2025-11-09 13:15:00,2025-11-09 13:30:00,2025-11-09 14:30:00,65079,LONG,104512.66,32.47402563478895,24.47402563478895,52.47402563478895,-34.33268275824258,4,TRAILING_STOP,False
2025-11-09 15:00:00,2025-11-09 15:15:00,2025-11-09 15:30:00,65083,LONG,104550.0,-10.587278813964275,-18.587278813964275,9.412721186035725,-15.999999999999888,1,TRAILING_STOP,True
2025-11-09 16:30:00,2025-11-09 16:45:00,2025-11-09 17:15:00,65090,SHORT,104469.52,0.8233444549194147,-7.176655545080585,30.823344454919415,-33.54758402259349,2,TRAILING_STOP,False
2025-11-09 17:30:00,2025-11-09 17:45:00,2025-11-09 19:15:00,65098,LONG,104935.21,131.5020554111431,123.50205541114309,151.5020554111431,-63.86702804521021,6,TRAILING_STOP,False
2025-11-09 19:45:00,2025-11-09 20:00:00,2025-11-09 20:15:00,65102,LONG,106071.99,-15.332415277586971,-23.33241527758697,4.66758472241303,-35.16951081996321,1,TRAILING_STOP,True
2025-11-10 07:30:00,2025-11-10 07:45:00,2025-11-10 08:30:00,65151,LONG,106251.26,11.870680874749596,3.8706808747495955,31.870680874749596,-6.796154699717618,3,TRAILING_STOP,False
2025-11-10 09:00:00,2025-11-10 09:15:00,2025-11-10 11:45:00,65164,LONG,105652.98,-27.20036860294808,-35.200368602948075,0.0,-93.32249786044805,10,TIME_EXIT,True
2025-11-10 15:30:00,2025-11-10 15:45:00,2025-11-10 16:15:00,65182,SHORT,105593.99,-0.2644061465993275,-8.264406146599327,29.735593853400673,-6.853609755630537,2,TRAILING_STOP,False
2025-11-10 19:45:00,2025-11-10 20:00:00,2025-11-10 21:00:00,65201,LONG,106792.58,11.595828099667436,3.595828099667436,31.595828099667436,-110.73615788662487,4,TRAILING_STOP,False
2025-11-10 21:30:00,2025-11-10 21:45:00,2025-11-11 00:15:00,65214,LONG,106906.33,-154.9936285344372,-162.9936285344372,0.0,-162.7284371280913,10,TIME_EXIT,True
2025-11-11 00:30:00,2025-11-11 00:45:00,2025-11-11 02:00:00,65221,LONG,105073.09,4.236462447235873,-3.7635375527641273,24.236462447235873,-24.90932740247726,5,TRAILING_STOP,False
2025-11-11 02:30:00,2025-11-11 02:45:00,2025-11-11 04:00:00,65229,LONG,105055.49,20.951691339500783,12.951691339500783,40.95169133950078,-16.21714391128059,5,TRAILING_STOP,True
2025-11-11 07:00:00,2025-11-11 07:15:00,2025-11-11 08:00:00,65245,SHORT,104726.16,37.15036625041968,29.15036625041968,67.15036625041968,0.0,3,TRAILING_STOP,False
2025-11-11 08:30:00,2025-11-11 08:45:00,2025-11-11 09:15:00,65250,SHORT,104384.87,22.111000377735955,14.111000377735955,52.111000377735955,-26.9004502280841,2,TRAILING_STOP,True
2025-11-11 20:15:00,2025-11-11 20:30:00,2025-11-11 21:00:00,65297,LONG,103254.63,-4.653472682049042,-12.653472682049042,15.346527317950958,-30.485800007224746,2,TRAILING_STOP,False
2025-11-12 02:15:00,2025-11-12 02:30:00,2025-11-12 05:00:00,65329,SHORT,103112.65,-166.6012850993559,-174.6012850993559,0.0,-190.72926551688892,10,TIME_EXIT,False
2025-11-12 09:15:00,2025-11-12 09:30:00,2025-11-12 10:45:00,65352,SHORT,103990.39,228.71525243823004,220.71525243823004,258.71525243823004,0.0,5,TRAILING_STOP,False
2025-11-12 11:15:00,2025-11-12 11:30:00,2025-11-12 12:00:00,65357,SHORT,101442.62,-25.57582404713225,-33.57582404713225,4.42417595286775,-71.42461423019269,2,TRAILING_STOP,True
2025-11-12 19:30:00,2025-11-12 19:45:00,2025-11-12 20:15:00,65390,LONG,102398.64,-14.564380933183928,-22.564380933183926,5.435619066816072,-43.59335241171166,2,TRAILING_STOP,False
2025-11-12 21:45:00,2025-11-12 22:00:00,2025-11-12 22:15:00,65398,LONG,102124.06,21.062801459323673,13.062801459323673,41.06280145932367,-0.4210565071544268,1,TRAILING_STOP,False
2025-11-13 00:15:00,2025-11-13 00:30:00,2025-11-13 02:00:00,65413,LONG,103136.0,72.01539714551609,64.01539714551609,92.01539714551609,0.0,6,TRAILING_STOP,False
2025-11-13 02:30:00,2025-11-13 02:45:00,2025-11-13 03:30:00,65419,LONG,103464.51,13.536137173994298,5.536137173994298,33.5361371739943,-88.03791754293238,3,TRAILING_STOP,True
2025-11-13 09:00:00,2025-11-13 09:15:00,2025-11-13 10:45:00,65448,SHORT,101820.49,78.54200367725666,70.54200367725666,108.54200367725666,-115.84014180249876,6,TRAILING_STOP,False
2025-11-13 11:15:00,2025-11-13 11:30:00,2025-11-13 12:45:00,65456,SHORT,100633.13,157.1282350057088,149.1282350057088,187.1282350057088,-15.998707383940058,5,TRAILING_STOP,True
2025-11-13 18:00:00,2025-11-13 18:15:00,2025-11-13 18:45:00,65480,SHORT,100420.39,130.56400497946674,122.56400497946674,160.56400497946674,0.0,2,TRAILING_STOP,False
2025-11-13 19:15:00,2025-11-13 19:30:00,2025-11-13 19:45:00,65484,SHORT,98973.95,-11.64466508611627,-19.64466508611627,18.35533491388373,-44.05704733417257,1,TRAILING_STOP,True
2025-11-13 23:00:00,2025-11-13 23:15:00,2025-11-14 00:15:00,65502,SHORT,97579.56,27.293761111445107,19.293761111445107,57.29376111144511,-46.918637468748756,4,TRAILING_STOP,False
2025-11-14 00:45:00,2025-11-14 01:00:00,2025-11-14 01:15:00,65506,SHORT,96989.22,78.82343419196496,70.82343419196496,108.82343419196496,-64.6752288553304,1,TRAILING_STOP,True
2025-11-14 07:00:00,2025-11-14 07:15:00,2025-11-14 07:45:00,65532,SHORT,94881.12,-10.910849281712174,-18.910849281712174,19.089150718287826,-85.86639786714221,2,TRAILING_STOP,False
2025-11-14 08:15:00,2025-11-14 08:30:00,2025-11-14 09:00:00,65537,SHORT,95243.95,0.7127119360341609,-7.287288063965839,30.71271193603416,-137.44810037802932,2,TRAILING_STOP,True
2025-11-14 15:00:00,2025-11-14 15:15:00,2025-11-14 15:30:00,65563,SHORT,94377.76,-14.532372881069023,-22.532372881069023,15.467627118930977,-65.93078708373724,1,TRAILING_STOP,False
2025-11-14 16:00:00,2025-11-14 16:15:00,2025-11-14 16:45:00,65568,SHORT,95029.62,4.686027367045703,-3.3139726329542967,34.6860273670457,-36.634893415337174,2,TRAILING_STOP,True
2025-11-14 21:45:00,2025-11-14 22:00:00,2025-11-15 00:15:00,65598,SHORT,96656.0,46.021147161065386,38.021147161065386,76.02114716106539,0.0,9,TRAILING_STOP,False
2025-11-15 00:45:00,2025-11-15 01:00:00,2025-11-15 01:45:00,65604,SHORT,96409.73,17.925660615375953,9.925660615375953,47.92566061537595,0.0,3,TRAILING_STOP,True
2025-11-15 03:30:00,2025-11-15 03:45:00,2025-11-15 04:15:00,65614,LONG,96057.93,-18.18963410933236,-26.18963410933236,1.8103658906676388,-36.99434289287579,2,TRAILING_STOP,False
2025-11-15 08:15:00,2025-11-15 08:30:00,2025-11-15 08:45:00,65632,LONG,96370.17,-9.640985379604317,-17.640985379604317,10.359014620395683,-29.833920600118766,1,TRAILING_STOP,False
2025-11-15 10:30:00,2025-11-15 10:45:00,2025-11-15 11:00:00,65641,SHORT,95890.81,-13.669967956262283,-21.669967956262283,16.330032043737717,-21.012441129656246,1,TRAILING_STOP,False
2025-11-15 11:30:00,2025-11-15 11:45:00,2025-11-15 12:15:00,65646,SHORT,95893.03,-29.350317744679053,-37.35031774467905,0.6496822553209473,-42.021823692504704,2,TRAILING_STOP,True
2025-11-15 15:15:00,2025-11-15 15:30:00,2025-11-15 16:30:00,65663,SHORT,95277.51,-14.023511949462032,-22.023511949462033,15.976488050537968,-41.40431461737458,4,TRAILING_STOP,False
2025-11-15 17:00:00,2025-11-15 17:15:00,2025-11-15 19:30:00,65675,SHORT,95488.14,16.85712801610682,8.85712801610682,46.85712801610682,-22.690776048208527,9,TRAILING_STOP,True
2025-11-15 20:00:00,2025-11-15 20:15:00,2025-11-15 22:45:00,65688,SHORT,95003.53,-87.59990286676674,-95.59990286676674,0.0,-102.76039216648,10,TIME_EXIT,False
2025-11-16 04:15:00,2025-11-16 04:30:00,2025-11-16 07:00:00,65721,LONG,96629.74,-83.97828660203479,-91.97828660203479,0.0,-123.48993177462744,10,TIME_EXIT,False
2025-11-16 10:15:00,2025-11-16 10:30:00,2025-11-16 11:00:00,65737,SHORT,94573.46,28.216121097822473,20.216121097822473,58.21612109782247,0.0,2,TRAILING_STOP,False
2025-11-16 11:30:00,2025-11-16 11:45:00,2025-11-16 12:15:00,65742,SHORT,94276.2,23.64238270104238,15.64238270104238,53.64238270104238,-25.401957227804676,2,TRAILING_STOP,True
2025-11-16 12:30:00,2025-11-16 12:45:00,2025-11-16 19:30:00,65750,LONG,95184.0,11.91712892923211,3.91712892923211,31.91712892923211,-148.84119179694022,6,TRAILING_STOP,False
2025-11-16 22:45:00,2025-11-16 23:00:00,2025-11-17 01:30:00,65774,LONG,95411.96,-9.403433280272322,-17.403433280272324,5.379828692334503,-53.65784331440276,10,TIME_EXIT,False
2025-11-17 02:45:00,2025-11-17 03:00:00,2025-11-17 04:15:00,65785,LONG,95846.83,-17.687977787058426,-25.687977787058426,2.312022212941575,-50.6516490947062,5,TRAILING_STOP,False
2025-11-17 06:15:00,2025-11-17 06:30:00,2025-11-17 08:15:00,65801,SHORT,95565.38,178.66133740063626,170.66133740063626,208.66133740063626,0.0,7,TRAILING_STOP,False
2025-11-17 08:45:00,2025-11-17 09:00:00,2025-11-17 09:45:00,65807,SHORT,94155.06,7.033591184584488,-0.9664088154155124,37.03359118458449,-149.58622510569347,3,TRAILING_STOP,True
2025-11-17 10:30:00,2025-11-17 10:45:00,2025-11-17 13:00:00,65820,SHORT,93176.54,51.91224958557122,43.91224958557122,81.91224958557122,-133.43916827132787,9,TRAILING_STOP,False
2025-11-17 13:30:00,2025-11-17 13:45:00,2025-11-17 14:45:00,65827,SHORT,92311.37,80.42735039031437,72.42735039031437,110.42735039031437,-17.245979558099034,4,TRAILING_STOP,True
2025-11-17 20:45:00,2025-11-17 21:00:00,2025-11-17 21:15:00,65853,LONG,91670.9,-18.442253757735678,-26.442253757735678,1.5577462422643211,-107.28377271304153,1,TRAILING_STOP,False
2025-11-17 21:30:00,2025-11-17 21:45:00,2025-11-17 22:00:00,65856,SHORT,90385.58,45.850594751950666,37.850594751950666,75.85059475195067,-59.97748755940943,1,TRAILING_STOP,False
2025-11-17 22:30:00,2025-11-17 22:45:00,2025-11-17 23:15:00,65861,SHORT,90295.93,85.41494727392411,77.41494727392411,115.41494727392411,0.0,2,TRAILING_STOP,True
2025-11-18 05:00:00,2025-11-18 05:45:00,2025-11-18 07:00:00,65887,SHORT,91445.34,6.6710867934874045,-1.3289132065125955,36.671086793487405,-47.325538950372334,4,TRAILING_STOP,False
2025-11-18 07:30:00,2025-11-18 07:45:00,2025-11-18 08:15:00,65892,SHORT,91486.67,33.50324041742924,25.50324041742924,63.50324041742924,-0.5935290900857543,2,TRAILING_STOP,True
2025-11-18 09:00:00,2025-11-18 09:15:00,2025-11-18 09:30:00,65897,SHORT,91471.23,20.423504745699383,12.423504745699383,50.42350474569938,-85.13824510723254,1,TRAILING_STOP,False
2025-11-18 10:00:00,2025-11-18 10:15:00,2025-11-18 10:30:00,65901,SHORT,92744.0,-12.233891141205461,-20.23389114120546,17.76610885879454,-55.80522729233133,1,TRAILING_STOP,True
2025-11-18 18:45:00,2025-11-18 19:00:00,2025-11-18 19:45:00,65938,SHORT,92301.53,9.70681742762011,1.7068174276201091,39.70681742762011,-39.02752207899435,3,TRAILING_STOP,False
2025-11-18 20:15:00,2025-11-18 20:30:00,2025-11-18 20:45:00,65942,SHORT,92440.0,-12.691475551709217,-20.691475551709217,17.308524448290783,-46.0017308524454,1,TRAILING_STOP,True
2025-11-18 23:00:00,2025-11-18 23:15:00,2025-11-19 00:15:00,65956,SHORT,91450.02,125.81844596644225,117.81844596644225,155.81844596644225,0.0,4,TRAILING_STOP,False
2025-11-19 00:45:00,2025-11-19 01:00:00,2025-11-19 01:30:00,65961,SHORT,90816.0,-29.140019379845217,-37.140019379845214,0.8599806201547824,-61.40658033826619,2,TRAILING_STOP,True
2025-11-19 07:15:00,2025-11-19 07:30:00,2025-11-19 08:00:00,65987,LONG,91780.0,-6.9252560470690785,-14.925256047069078,13.074743952930922,-46.81956853345025,2,TRAILING_STOP,False
2025-11-19 09:00:00,2025-11-19 09:15:00,2025-11-19 09:30:00,65993,LONG,91784.03,40.08888474389325,32.08888474389325,60.08888474389325,-9.640021254241715,1,TRAILING_STOP,False
2025-11-19 09:45:00,2025-11-19 10:00:00,2025-11-19 11:15:00,66000,SHORT,91235.14,165.2383697772585,157.2383697772585,195.2383697772585,0.0,5,TRAILING_STOP,False
2025-11-19 11:45:00,2025-11-19 12:00:00,2025-11-19 12:15:00,66004,SHORT,89527.69,20.671473820000124,12.671473820000124,50.671473820000124,-3.596652611052188,1,TRAILING_STOP,True
2025-11-19 17:30:00,2025-11-19 17:45:00,2025-11-19 18:15:00,66028,SHORT,91327.03,-22.878340618325858,-30.878340618325858,7.121659381674144,-29.232309426902546,2,TRAILING_STOP,False
2025-11-20 00:45:00,2025-11-20 01:00:00,2025-11-20 01:15:00,66056,SHORT,92447.19,52.22207727460351,44.22207727460351,82.2220772746035,0.0,1,TRAILING_STOP,False
2025-11-20 04:15:00,2025-11-20 04:30:00,2025-11-20 05:00:00,66071,LONG,91950.01,-7.730289534497386,-15.730289534497386,12.269710465502614,-34.58509683685676,2,TRAILING_STOP,False
2025-11-20 05:30:00,2025-11-20 05:45:00,2025-11-20 06:30:00,66077,LONG,91743.67,11.1705428832312,3.1705428832311995,31.1705428832312,-19.49780295468937,3,TRAILING_STOP,True
2025-11-20 08:00:00,2025-11-20 08:15:00,2025-11-20 08:45:00,66086,SHORT,91627.72,100.54782984887188,92.54782984887188,130.54782984887188,0.0,2,TRAILING_STOP,False
2025-11-20 09:15:00,2025-11-20 09:30:00,2025-11-20 09:45:00,66090,SHORT,91103.19,63.650946799997044,55.650946799997044,93.65094679999704,0.0,1,TRAILING_STOP,True
2025-11-20 10:30:00,2025-11-20 10:45:00,2025-11-20 11:15:00,66096,SHORT,88722.8,109.18068410825694,101.18068410825694,139.18068410825694,-23.58920142285789,2,TRAILING_STOP,False
2025-11-20 11:45:00,2025-11-20 12:00:00,2025-11-20 12:15:00,66100,SHORT,87131.99,27.552914836445396,19.552914836445396,57.552914836445396,-18.52821219852637,1,TRAILING_STOP,True
2025-11-20 20:30:00,2025-11-20 20:45:00,2025-11-20 21:30:00,66137,SHORT,86441.43,95.10551942511746,87.10551942511746,125.10551942511746,-26.173791895853647,3,TRAILING_STOP,False
2025-11-20 22:00:00,2025-11-20 22:15:00,2025-11-20 23:00:00,66143,SHORT,86056.99,45.87297673320927,37.87297673320927,75.87297673320927,0.0,3,TRAILING_STOP,True
2025-11-21 02:00:00,2025-11-21 02:15:00,2025-11-21 02:30:00,66157,SHORT,84373.38,49.53100847684409,41.53100847684409,79.5310084768441,-37.90650558268517,1,TRAILING_STOP,False
2025-11-21 03:00:00,2025-11-21 03:15:00,2025-11-21 04:30:00,66165,SHORT,83791.27,217.5759109511052,209.5759109511052,247.5759109511052,-23.52631724044642,5,TRAILING_STOP,True
2025-11-21 06:45:00,2025-11-21 07:00:00,2025-11-21 09:30:00,66185,SHORT,80945.66,-398.71069060404216,-406.71069060404216,0.0,-562.1474949984961,10,TIME_EXIT,False
2025-11-22 04:00:00,2025-11-22 04:15:00,2025-11-22 04:30:00,66261,SHORT,83940.0,-26.664284012389803,-34.6642840123898,3.3357159876101976,-32.344531808434596,1,TRAILING_STOP,False
2025-11-22 05:00:00,2025-11-22 05:15:00,2025-11-22 05:30:00,66265,SHORT,83670.0,-20.731444962351752,-28.731444962351752,9.26855503764825,-49.00203179156209,1,TRAILING_STOP,True
2025-11-22 08:45:00,2025-11-22 09:00:00,2025-11-22 11:15:00,66288,LONG,84581.7,17.514024901367897,9.514024901367897,37.5140249013679,-67.07242819664273,9,TRAILING_STOP,False
2025-11-22 16:30:00,2025-11-22 16:45:00,2025-11-22 17:15:00,66312,LONG,84595.61,58.537172318989064,50.537172318989064,78.53717231898906,-3.4611725123796417,2,TRAILING_STOP,False
2025-11-22 17:45:00,2025-11-22 18:00:00,2025-11-22 18:45:00,66318,LONG,84859.32,34.9874780990462,26.9874780990462,54.9874780990462,-22.596221605358135,3,TRAILING_STOP,True
2025-11-22 19:45:00,2025-11-22 20:00:00,2025-11-22 20:15:00,66324,LONG,85530.39,56.48860247217468,48.48860247217468,76.48860247217468,0.0,1,TRAILING_STOP,False
2025-11-22 20:45:00,2025-11-22 21:00:00,2025-11-22 21:15:00,66328,LONG,86042.62,9.523740676422783,1.5237406764227828,29.523740676422783,-9.748657118994066,1,TRAILING_STOP,True
2025-11-23 06:45:00,2025-11-23 07:00:00,2025-11-23 08:30:00,66373,LONG,86777.01,28.744477367911763,20.744477367911763,48.74447736791176,-52.782413222119416,6,TRAILING_STOP,False
2025-11-23 09:00:00,2025-11-23 09:15:00,2025-11-23 10:30:00,66381,LONG,86770.33,64.09210844305862,56.09210844305862,84.09210844305862,-36.69802800104685,5,TRAILING_STOP,True
2025-11-23 17:45:00,2025-11-23 18:00:00,2025-11-23 18:45:00,66414,SHORT,87064.03,98.3400274487644,90.3400274487644,128.3400274487644,0.0,3,TRAILING_STOP,False
2025-11-23 20:30:00,2025-11-23 20:45:00,2025-11-23 23:15:00,66432,LONG,87912.9,-133.60155335565076,-141.60155335565076,0.0,-166.40333784916598,10,TIME_EXIT,False
2025-11-24 03:45:00,2025-11-24 04:00:00,2025-11-24 05:15:00,66456,SHORT,85943.64,-1.250926770148233,-9.250926770148233,28.749073229851767,-28.665297397224574,5,TRAILING_STOP,False
2025-11-24 09:00:00,2025-11-24 09:15:00,2025-11-24 11:45:00,66482,SHORT,85573.93,-250.4828281230055,-258.4828281230055,0.0,-253.00579276889667,10,TIME_EXIT,False
2025-11-25 01:45:00,2025-11-25 02:00:00,2025-11-25 04:00:00,66547,SHORT,87699.77,87.87602179572467,79.87602179572467,117.87602179572467,-6.481202858342331,8,TRAILING_STOP,False
2025-11-25 04:30:00,2025-11-25 04:45:00,2025-11-25 07:15:00,66560,SHORT,87050.48,-52.78661300891268,-60.78661300891268,0.0,-85.20573350083781,10,TIME_EXIT,True
2025-11-25 08:30:00,2025-11-25 08:45:00,2025-11-25 09:15:00,66568,SHORT,86992.87,70.79791596713564,62.79791596713564,100.79791596713564,-27.71836358543001,2,TRAILING_STOP,False
2025-11-25 09:45:00,2025-11-25 10:00:00,2025-11-25 10:45:00,66574,SHORT,86760.94,-24.39955353180861,-32.39955353180861,5.6004464681913895,-62.1316458765889,3,TRAILING_STOP,True
2025-11-25 22:00:00,2025-11-25 22:15:00,2025-11-25 22:45:00,66622,SHORT,87375.52,23.27922511934679,15.27922511934679,53.27922511934679,0.0,2,TRAILING_STOP,False
2025-11-25 23:15:00,2025-11-25 23:30:00,2025-11-26 02:00:00,66635,SHORT,87230.23,-64.09475247285326,-72.09475247285326,0.0,-75.52083721434691,10,TIME_EXIT,True
2025-11-26 04:00:00,2025-11-26 04:15:00,2025-11-26 05:15:00,66648,SHORT,86960.92,3.4127099851286857,-4.587290014871314,33.412709985128686,-13.531365583528585,4,TRAILING_STOP,False
2025-11-26 05:45:00,2025-11-26 06:00:00,2025-11-26 07:00:00,66655,SHORT,86896.44,37.858936453553014,29.858936453553014,67.85893645355301,-32.17047786997982,4,TRAILING_STOP,True
2025-11-26 08:00:00,2025-11-26 08:15:00,2025-11-26 09:00:00,66663,LONG,87001.0,46.953253410880336,38.953253410880336,66.95325341088034,-6.626360616543969,3,TRAILING_STOP,False
2025-11-26 09:15:00,2025-11-26 09:30:00,2025-11-26 09:45:00,66666,SHORT,86899.72,-27.215180900468138,-35.21518090046814,2.7848190995318616,-48.94952480859493,1,TRAILING_STOP,False
2025-11-26 10:15:00,2025-11-26 10:30:00,2025-11-26 13:00:00,66679,SHORT,86977.99,-316.4007354044386,-324.4007354044386,0.0,-395.5483450468324,10,TIME_EXIT,True
2025-11-26 20:45:00,2025-11-26 21:00:00,2025-11-26 21:15:00,66712,LONG,91480.0,31.37735024048972,23.37735024048972,51.37735024048972,-15.987101005684302,1,TRAILING_STOP,False
2025-11-26 21:45:00,2025-11-26 22:00:00,2025-11-26 22:45:00,66718,LONG,91334.53,-17.884699247917847,-25.884699247917847,2.1153007520821516,-31.794108974995485,3,TRAILING_STOP,True
2025-11-27 03:45:00,2025-11-27 04:00:00,2025-11-27 04:15:00,66740,LONG,91601.53,2.060766888937529,-5.939233111062471,22.06076688893753,-6.717136711581,1,TRAILING_STOP,False
2025-11-27 04:45:00,2025-11-27 05:00:00,2025-11-27 05:45:00,66746,LONG,91650.57,-17.730510568566203,-25.730510568566203,2.2694894314337986,-31.553540801765042,3,TRAILING_STOP,True
2025-11-27 07:45:00,2025-11-27 08:00:00,2025-11-27 08:45:00,66758,SHORT,90715.05,-19.856148456071615,-27.856148456071615,10.143851543928387,-35.820958043896475,3,TRAILING_STOP,False
2025-11-27 18:30:00,2025-11-27 18:45:00,2025-11-27 21:15:00,66808,SHORT,91157.58,25.401865648473652,17.401865648473652,55.40186564847365,-28.567015491197054,10,TRAILING_STOP,False
2025-11-28 02:00:00,2025-11-28 02:15:00,2025-11-28 03:15:00,66832,SHORT,91066.9,-12.549093029410436,-20.549093029410436,17.450906970589564,-71.3870791692707,4,TRAILING_STOP,False
2025-11-28 05:15:00,2025-11-28 05:30:00,2025-11-28 08:00:00,66851,LONG,91850.49,-1.1420733846934554,-9.142073384693456,9.038601753783732,-85.50417096305098,10,TIME_EXIT,False
2025-11-28 08:15:00,2025-11-28 08:30:00,2025-11-28 09:00:00,66855,LONG,92377.0,57.400218669149254,49.400218669149254,77.40021866914925,-44.3357112701211,2,TRAILING_STOP,False
2025-11-28 09:30:00,2025-11-28 09:45:00,2025-11-28 10:00:00,66859,LONG,92280.01,35.91568531472908,27.91568531472908,55.91568531472908,0.0,1,TRAILING_STOP,True
2025-11-28 11:45:00,2025-11-28 12:00:00,2025-11-28 12:15:00,66868,SHORT,90480.01,-4.787801194982695,-12.787801194982695,25.212198805017305,-37.38394812290582,1,TRAILING_STOP,False
2025-11-28 12:45:00,2025-11-28 13:00:00,2025-11-28 13:30:00,66873,SHORT,90791.92,-18.84041663619489,-26.84041663619489,11.159583363805108,-21.34000470526452,2,TRAILING_STOP,True
2025-11-28 21:00:00,2025-11-28 21:15:00,2025-11-28 23:15:00,66912,SHORT,90672.06,-16.661822837155974,-24.661822837155974,13.338177162844026,-26.391812428216905,8,TRAILING_STOP,False
2025-11-28 23:45:00,2025-11-29 00:00:00,2025-11-29 02:30:00,66925,SHORT,90895.7,34.22526038085397,26.225260380853967,64.22526038085397,0.0,10,TRAILING_STOP,True
2025-11-29 09:45:00,2025-11-29 10:00:00,2025-11-29 10:45:00,66958,LONG,90882.16,11.193140655986902,3.1931406559869018,31.193140655986902,-1.229064097948184,3,TRAILING_STOP,False
2025-11-29 11:30:00,2025-11-29 11:45:00,2025-11-29 13:00:00,66967,SHORT,90699.83,30.01775306524837,22.01775306524837,60.01775306524837,-0.6912912626191333,5,TRAILING_STOP,False
2025-11-29 13:30:00,2025-11-29 13:45:00,2025-11-29 15:00:00,66975,SHORT,90723.84,5.671990956290003,-2.328009043709997,35.67199095629,-10.927667964671626,5,TRAILING_STOP,True
2025-11-29 21:30:00,2025-11-29 21:45:00,2025-11-30 00:15:00,67012,SHORT,90615.48,-18.569674850257822,-26.569674850257822,0.0,-39.163286449512235,10,TIME_EXIT,False
2025-11-30 02:45:00,2025-11-30 03:00:00,2025-11-30 03:45:00,67026,LONG,91161.61,31.599571354652404,23.599571354652404,51.599571354652404,-4.564421361141009,3,TRAILING_STOP,False
2025-11-30 04:15:00,2025-11-30 04:30:00,2025-11-30 07:00:00,67039,LONG,91413.07,3.3354092582155577,-4.664590741784442,6.123850779762229,-45.368785885870636,10,TIME_EXIT,True
2025-11-30 07:45:00,2025-11-30 08:00:00,2025-11-30 10:30:00,67053,LONG,91851.19,-38.236848101805364,-46.236848101805364,0.0,-64.70357106968322,10,TIME_EXIT,False
2025-11-30 15:30:00,2025-11-30 15:45:00,2025-11-30 18:15:00,67084,SHORT,91166.74,88.4906052360768,80.4906052360768,91.02442403885573,-20.278228661022137,10,TIME_EXIT,False
2025-11-30 18:30:00,2025-11-30 18:45:00,2025-11-30 19:30:00,67089,SHORT,88920.0,192.51461988304158,184.51461988304158,222.51461988304158,0.0,3,TRAILING_STOP,False
2025-11-30 20:00:00,2025-11-30 20:15:00,2025-11-30 20:30:00,67093,SHORT,87431.94,11.473402054215036,3.473402054215036,41.473402054215036,-7.784340596811379,1,TRAILING_STOP,True
2025-12-01 07:15:00,2025-12-01 07:30:00,2025-12-01 10:00:00,67147,SHORT,85430.64,174.49711251139,166.49711251139,180.57221624466345,-145.54028858966765,10,TIME_EXIT,False
2025-12-01 17:15:00,2025-12-01 17:30:00,2025-12-01 17:45:00,67178,SHORT,86572.65,-15.825777540598347,-23.825777540598345,14.174222459401653,-19.644772338608902,1,TRAILING_STOP,False
2025-12-01 18:15:00,2025-12-01 18:30:00,2025-12-01 19:15:00,67184,SHORT,86286.01,-18.22288804407628,-26.22288804407628,11.777111955923719,-45.0269980035007,3,TRAILING_STOP,True
2025-12-01 19:30:00,2025-12-01 19:45:00,2025-12-01 20:00:00,67187,LONG,86771.04,-13.188971804417024,-21.188971804417022,6.811028195582976,-28.769967491457916,1,TRAILING_STOP,False
2025-12-02 05:15:00,2025-12-02 05:30:00,2025-12-02 06:15:00,67228,LONG,87272.44,17.816061977870547,9.816061977870547,37.81606197787055,-31.988334461600736,3,TRAILING_STOP,False
2025-12-02 07:30:00,2025-12-02 07:45:00,2025-12-02 10:15:00,67244,SHORT,87162.16,-423.1021810381926,-431.1021810381926,0.0,-463.256073507127,10,TIME_EXIT,False
2025-12-03 08:30:00,2025-12-03 08:45:00,2025-12-03 09:45:00,67338,SHORT,92030.58,-18.224566225705047,-26.224566225705047,11.775433774294951,-181.39840040125776,4,TRAILING_STOP,False
2025-12-03 17:15:00,2025-12-03 17:30:00,2025-12-03 18:00:00,67371,LONG,93781.01,-18.698030656738887,-26.698030656738887,1.3019693432611148,-36.493528913795096,2,TRAILING_STOP,False
2025-12-03 18:30:00,2025-12-03 18:45:00,2025-12-03 19:45:00,67378,LONG,92952.98,65.82296124341576,57.82296124341576,85.82296124341576,-30.462713513863562,4,TRAILING_STOP,True
2025-12-04 06:00:00,2025-12-04 06:15:00,2025-12-04 07:00:00,67423,SHORT,92855.59,-22.126483715196834,-30.126483715196834,7.873516284803165,-35.58213350429508,3,TRAILING_STOP,False
2025-12-04 07:30:00,2025-12-04 07:45:00,2025-12-04 08:45:00,67430,SHORT,92549.49,-16.44076806906173,-24.44076806906173,13.559231930938271,-43.71066766548292,4,TRAILING_STOP,False
2025-12-04 09:15:00,2025-12-04 09:30:00,2025-12-04 12:00:00,67443,SHORT,91894.0,-9.35752062158631,-17.35752062158631,14.955274555465321,-148.32306788256034,10,TIME_EXIT,True
2025-12-04 13:30:00,2025-12-04 13:45:00,2025-12-04 14:00:00,67451,SHORT,91289.33,-29.728336268872177,-37.72833626887218,0.2716637311278246,-73.72712670801756,1,TRAILING_STOP,False
2025-12-04 14:30:00,2025-12-04 14:45:00,2025-12-04 15:00:00,67455,SHORT,92004.7,-24.154646447409878,-32.154646447409874,5.8453535525901215,-36.59595651091706,1,TRAILING_STOP,True
2025-12-04 20:15:00,2025-12-04 20:30:00,2025-12-04 22:30:00,67485,SHORT,92358.03,13.105077057187188,5.105077057187188,43.10507705718719,-36.199342926652044,8,TRAILING_STOP,False
2025-12-04 23:00:00,2025-12-04 23:15:00,2025-12-05 01:45:00,67498,SHORT,91862.96,-63.2061061389694,-71.2061061389694,0.0,-69.07571887515799,10,TIME_EXIT,True
2025-12-05 03:45:00,2025-12-05 04:00:00,2025-12-05 04:45:00,67510,SHORT,91345.56,7.826688018552716,-0.17331198144728432,37.826688018552716,-12.078310100677225,3,TRAILING_STOP,False
2025-12-05 05:15:00,2025-12-05 05:30:00,2025-12-05 08:00:00,67523,SHORT,91272.85,93.38812144027546,85.38812144027546,106.24517586555152,-31.86599300887298,10,TIME_EXIT,True
2025-12-05 09:00:00,2025-12-05 09:15:00,2025-12-05 11:00:00,67535,SHORT,90206.44,208.3909618869786,200.3909618869786,238.3909618869786,-141.03538505676488,7,TRAILING_STOP,False
2025-12-05 11:30:00,2025-12-05 11:45:00,2025-12-05 14:15:00,67548,SHORT,88679.93,-107.05127981043758,-115.05127981043758,0.0,-126.30479072322306,10,TIME_EXIT,True
2025-12-05 21:30:00,2025-12-05 21:45:00,2025-12-06 00:15:00,67586,LONG,89764.19,-17.736471526118198,-25.736471526118198,0.0,-27.078727051400676,10,TIME_EXIT,False
2025-12-06 02:45:00,2025-12-06 03:00:00,2025-12-06 03:45:00,67600,SHORT,89288.37,-26.049877492445038,-34.049877492445034,3.950122507554962,-41.17109540693828,3,TRAILING_STOP,False
2025-12-06 04:15:00,2025-12-06 04:30:00,2025-12-06 07:00:00,67613,SHORT,89574.12,-2.8021486563312954,-10.802148656331296,12.517008260867687,-19.636252078167157,10,TIME_EXIT,True
2025-12-06 08:45:00,2025-12-06 09:00:00,2025-12-06 09:15:00,67622,LONG,89934.05,9.572781388138512,1.5727813881385124,29.572781388138512,0.0,1,TRAILING_STOP,False
2025-12-06 14:00:00,2025-12-06 14:15:00,2025-12-06 16:45:00,67652,SHORT,89432.7,9.246058768213677,1.2460587682136772,15.323254245929466,-20.422060387307933,10,TIME_EXIT,False
2025-12-06 17:30:00,2025-12-06 17:45:00,2025-12-06 18:45:00,67660,SHORT,89171.92,-10.880752595659569,-18.88075259565957,19.11924740434043,-23.722714504746353,4,TRAILING_STOP,False
2025-12-06 19:15:00,2025-12-06 19:30:00,2025-12-06 21:15:00,67670,SHORT,89392.39,-19.664668323556466,-27.664668323556466,10.335331676443534,-33.92458798785834,7,TRAILING_STOP,True
2025-12-07 04:15:00,2025-12-07 04:30:00,2025-12-07 07:00:00,67709,SHORT,89104.23,-24.79792485721569,-32.79792485721569,0.0,-31.846972921488025,10,TIME_EXIT,False
2025-12-07 07:45:00,2025-12-07 08:00:00,2025-12-07 09:00:00,67717,SHORT,88926.38,105.74149762983782,97.74149762983782,135.74149762983782,-21.323256383538308,4,TRAILING_STOP,False
2025-12-07 09:30:00,2025-12-07 09:45:00,2025-12-07 10:15:00,67722,SHORT,88868.79,-14.989105849196982,-22.98910584919698,15.010894150803018,-94.38071565956957,2,TRAILING_STOP,True
2025-12-07 11:45:00,2025-12-07 12:00:00,2025-12-07 12:15:00,67730,LONG,90723.9,24.94185104476444,16.94185104476444,44.94185104476444,-0.16533680761078395,1,TRAILING_STOP,False
2025-12-07 12:45:00,2025-12-07 13:00:00,2025-12-07 15:30:00,67743,LONG,91574.9,-30.02023480233,-38.020234802329995,0.0,-39.47915859039965,10,TIME_EXIT,True
2025-12-07 16:30:00,2025-12-07 16:45:00,2025-12-07 17:15:00,67750,SHORT,89374.2,-23.7118318261873,-31.7118318261873,6.288168173812699,-97.07499479715689,2,TRAILING_STOP,False
2025-12-08 03:30:00,2025-12-08 03:45:00,2025-12-08 06:00:00,67801,LONG,92077.85,-4.344769127429217,-12.344769127429217,15.655230872570783,-29.29694818026369,9,TRAILING_STOP,False
2025-12-08 06:30:00,2025-12-08 06:45:00,2025-12-08 07:30:00,67807,LONG,91781.69,17.08691788089753,9.08691788089753,37.08691788089753,-13.918898202898639,3,TRAILING_STOP,True
2025-12-08 08:45:00,2025-12-08 09:00:00,2025-12-08 10:15:00,67818,SHORT,91369.83,162.38626141692524,154.38626141692524,192.38626141692524,-34.54531982821894,5,TRAILING_STOP,False
2025-12-08 23:00:00,2025-12-08 23:15:00,2025-12-08 23:45:00,67872,SHORT,89921.89,16.917385744449923,8.917385744449923,46.91738574444992,-6.125316093778917,2,TRAILING_STOP,False
2025-12-09 00:15:00,2025-12-09 00:30:00,2025-12-09 01:15:00,67878,SHORT,89899.35,-16.24239218637203,-24.24239218637203,13.757607813627969,-37.08703121880068,3,TRAILING_STOP,True
2025-12-09 05:00:00,2025-12-09 05:15:00,2025-12-09 07:45:00,67904,SHORT,90098.0,-66.24231392483759,-74.24231392483759,0.0,-71.59981353637215,10,TIME_EXIT,False
2025-12-09 08:15:00,2025-12-09 08:30:00,2025-12-09 09:00:00,67909,LONG,90431.02,-4.435650510189978,-12.435650510189978,15.564349489810022,-47.139797826012376,2,TRAILING_STOP,False
2025-12-09 09:30:00,2025-12-09 09:45:00,2025-12-09 10:45:00,67916,LONG,90599.99,324.24617486160815,316.24617486160815,344.24617486160815,0.0,4,TRAILING_STOP,False
2025-12-09 11:15:00,2025-12-09 11:30:00,2025-12-09 11:45:00,67920,LONG,94187.81,-12.507523001117981,-20.50752300111798,7.49247699888202,-61.725609715312906,1,TRAILING_STOP,True
2025-12-09 16:15:00,2025-12-09 16:30:00,2025-12-09 16:45:00,67940,LONG,92640.01,-12.713731356462503,-20.713731356462503,7.286268643537496,-14.393349050803915,1,TRAILING_STOP,False
2025-12-09 17:15:00,2025-12-09 17:30:00,2025-12-09 18:15:00,67946,LONG,92884.0,-9.882003359028904,-17.882003359028904,10.117996640971096,-33.94126006631872,3,TRAILING_STOP,True
2025-12-10 04:15:00,2025-12-10 04:30:00,2025-12-10 04:45:00,67988,LONG,92920.0,-11.458243650452504,-19.458243650452502,8.541756349547496,-52.61300043047834,1,TRAILING_STOP,False
2025-12-10 05:15:00,2025-12-10 05:30:00,2025-12-10 06:00:00,67993,LONG,92272.66,-7.24324193103441,-15.24324193103441,12.75675806896559,-46.73431978659881,2,TRAILING_STOP,True
2025-12-10 09:15:00,2025-12-10 09:30:00,2025-12-10 10:00:00,68009,SHORT,91831.24,-0.8062310821446985,-8.806231082144699,29.1937689178553,-33.078067986449355,2,TRAILING_STOP,False
2025-12-10 13:00:00,2025-12-10 13:15:00,2025-12-10 13:30:00,68023,LONG,92582.12,51.44684092349594,43.44684092349594,71.44684092349594,-96.96580722065946,1,TRAILING_STOP,False
2025-12-10 14:00:00,2025-12-10 14:15:00,2025-12-10 14:45:00,68028,LONG,92581.4,184.64153706900154,176.64153706900154,204.64153706900154,0.0,2,TRAILING_STOP,True
2025-12-10 18:00:00,2025-12-10 18:15:00,2025-12-10 18:45:00,68044,LONG,92000.0,-11.269565217390545,-19.269565217390543,8.730434782609455,-27.17391304347826,2,TRAILING_STOP,False
2025-12-10 20:30:00,2025-12-10 20:45:00,2025-12-10 21:45:00,68056,SHORT,90239.11,64.13656672810667,56.13656672810667,94.13656672810667,0.0,4,TRAILING_STOP,False
2025-12-10 22:15:00,2025-12-10 22:30:00,2025-12-11 01:00:00,68069,SHORT,89880.0,-48.72719181130468,-56.72719181130468,0.0,-66.77125055629722,10,TIME_EXIT,True
2025-12-11 09:00:00,2025-12-11 09:15:00,2025-12-11 09:45:00,68104,LONG,90281.92,21.13891242011728,13.138912420117279,41.13891242011728,-96.93302933743597,2,TRAILING_STOP,False
2025-12-11 15:30:00,2025-12-11 15:45:00,2025-12-11 16:00:00,68129,LONG,92461.4,98.27638344217219,90.27638344217219,118.27638344217219,0.0,1,TRAILING_STOP,False
2025-12-11 16:30:00,2025-12-11 16:45:00,2025-12-11 19:15:00,68142,LONG,92934.37,-146.392556381454,-154.392556381454,0.0,-159.90424210117288,10,TIME_EXIT,True
2025-12-12 03:15:00,2025-12-12 03:30:00,2025-12-12 03:45:00,68176,LONG,92342.38,-15.427884791360029,-23.42788479136003,4.572115208639972,-25.05350197818226,1,TRAILING_STOP,False
2025-12-12 04:15:00,2025-12-12 04:30:00,2025-12-12 05:45:00,68184,LONG,92520.56,-14.279109421732038,-22.279109421732038,5.720890578267962,-26.448175410956992,5,TRAILING_STOP,True
2025-12-12 07:45:00,2025-12-12 08:00:00,2025-12-12 09:00:00,68197,SHORT,92280.32,10.851613865232636,2.851613865232636,40.851613865232636,-34.64227258856417,4,TRAILING_STOP,False
2025-12-12 09:30:00,2025-12-12 09:45:00,2025-12-12 10:00:00,68201,SHORT,91982.53,160.44594663791094,152.44594663791094,190.44594663791094,0.0,1,TRAILING_STOP,False
2025-12-12 10:30:00,2025-12-12 10:45:00,2025-12-12 11:15:00,68206,SHORT,89972.7,24.761055297884475,16.761055297884475,54.761055297884475,-48.51027033755866,2,TRAILING_STOP,True
2025-12-13 02:45:00,2025-12-13 03:00:00,2025-12-13 05:30:00,68279,LONG,90510.3,3.692397439849194,-4.307602560150806,13.727719386633344,-13.513379140274386,10,TIME_EXIT,False
2025-12-13 06:00:00,2025-12-13 06:15:00,2025-12-13 09:15:00,68292,SHORT,90358.78,30.88576450456743,22.88576450456743,47.12215016625873,-12.341910769490699,10,TIME_EXIT,False
2025-12-13 16:00:00,2025-12-13 16:15:00,2025-12-13 16:30:00,68321,LONG,90051.03,2.0952497711576576,-5.904750228842342,22.095249771157658,-5.984384631691544,1,TRAILING_STOP,False
2025-12-14 00:45:00,2025-12-14 01:00:00,2025-12-14 03:30:00,68365,SHORT,90101.36,1.668121324694637,-6.331878675305363,3.1508958355344934,-19.82766963783834,10,TIME_EXIT,False
2025-12-14 04:30:00,2025-12-14 04:45:00,2025-12-14 06:15:00,68376,SHORT,89802.55,94.19246446787967,86.19246446787967,124.19246446787967,-22.26440117791781,6,TRAILING_STOP,False
2025-12-14 06:45:00,2025-12-14 07:00:00,2025-12-14 08:15:00,68384,SHORT,89381.46,2.832312204343765,-5.167687795656235,32.832312204343765,-31.834342379280173,5,TRAILING_STOP,True
2025-12-14 14:30:00,2025-12-14 14:45:00,2025-12-14 17:15:00,68420,LONG,88803.07,-43.66740924610077,-51.66740924610077,0.0,-88.51833613410064,10,TIME_EXIT,False
2025-12-14 17:30:00,2025-12-14 17:45:00,2025-12-14 18:00:00,68423,SHORT,88059.16,24.713217795854845,16.713217795854845,54.713217795854845,-5.773391433667606,1,TRAILING_STOP,False
2025-12-14 18:30:00,2025-12-14 18:45:00,2025-12-14 19:15:00,68428,SHORT,88163.91,-25.812345437039006,-33.812345437039006,4.187654562960995,-59.93268674222813,2,TRAILING_STOP,True
2025-12-15 09:15:00,2025-12-15 09:30:00,2025-12-15 10:00:00,68487,SHORT,88050.0,132.1908006814306,124.1908006814306,162.1908006814306,0.0,2,TRAILING_STOP,False
2025-12-15 10:30:00,2025-12-15 10:45:00,2025-12-15 11:00:00,68491,SHORT,86888.0,64.98780038670492,56.98780038670492,94.98780038670492,-7.826167019611455,1,TRAILING_STOP,True
2025-12-15 12:00:00,2025-12-15 12:15:00,2025-12-15 12:30:00,68497,SHORT,85842.29,-2.104658438167032,-10.104658438167032,27.895341561832968,-15.639144761865046,1,TRAILING_STOP,False
2025-12-15 13:00:00,2025-12-15 15:45:00,2025-12-15 18:15:00,68510,SHORT,85654.62,-90.76684947058389,-98.76684947058389,0.0,-95.50915058639006,10,TIME_EXIT,True
2025-12-16 05:00:00,2025-12-16 05:15:00,2025-12-16 06:00:00,68557,LONG,87143.63,-0.4173867900620891,-8.41738679006209,19.58261320993791,-37.137539485101165,3,TRAILING_STOP,False
2025-12-16 07:45:00,2025-12-16 08:00:00,2025-12-16 09:00:00,68569,LONG,87367.6,-16.29153141439227,-24.29153141439227,3.7084685856077284,-144.237680787845,4,TRAILING_STOP,False
2025-12-16 10:15:00,2025-12-16 10:30:00,2025-12-16 10:45:00,68576,LONG,87977.44,-11.733107942218378,-19.73310794221838,8.266892057781622,-50.81529992234346,1,TRAILING_STOP,False
2025-12-16 23:30:00,2025-12-16 23:45:00,2025-12-17 00:15:00,68627,SHORT,86621.82,15.233406548143059,7.2334065481430585,45.23340654814306,-11.903467278797192,2,TRAILING_STOP,False
2025-12-17 00:45:00,2025-12-17 01:00:00,2025-12-17 02:00:00,68634,SHORT,86872.41,2.0999497999423014,-5.900050200057699,32.0999497999423,-34.18346515308967,4,TRAILING_STOP,True
2025-12-17 06:15:00,2025-12-17 06:30:00,2025-12-17 07:00:00,68654,LONG,86983.26,0.3177025096565096,-7.68229749034349,20.31770250965651,-17.12398454599162,2,TRAILING_STOP,False
2025-12-17 08:15:00,2025-12-17 08:30:00,2025-12-17 08:45:00,68661,LONG,87631.37,10.654547566699538,2.654547566699538,30.654547566699538,-5.418151057092446,1,TRAILING_STOP,False
2025-12-17 09:15:00,2025-12-17 09:30:00,2025-12-17 09:45:00,68665,LONG,89675.85,49.60067844352679,41.60067844352679,69.60067844352679,-5.02030368265303,1,TRAILING_STOP,True
2025-12-17 10:00:00,2025-12-17 10:15:00,2025-12-17 11:00:00,68670,SHORT,88707.76,256.4574643751563,248.4574643751563,286.4574643751563,0.0,3,TRAILING_STOP,False
2025-12-17 11:30:00,2025-12-17 11:45:00,2025-12-17 12:30:00,68676,SHORT,86660.06,15.570012298630239,7.570012298630239,45.57001229863024,-29.57186967098847,3,TRAILING_STOP,True
2025-12-17 21:45:00,2025-12-17 22:00:00,2025-12-18 00:30:00,68723,SHORT,86307.01,-27.690682367516295,-35.690682367516295,0.0,-68.86926102526311,10,TIME_EXIT,False
2025-12-18 02:45:00,2025-12-18 03:00:00,2025-12-18 05:30:00,68738,LONG,86945.13,28.262622644879052,20.262622644879052,48.26262264487905,-9.27711534849663,5,TRAILING_STOP,False
2025-12-18 06:00:00,2025-12-18 06:15:00,2025-12-18 06:30:00,68742,LONG,87143.76,3.6666400439922775,-4.3333599560077225,23.666640043992277,0.0,1,TRAILING_STOP,True
2025-12-18 07:30:00,2025-12-18 07:45:00,2025-12-18 08:15:00,68749,LONG,87899.98,128.26510768261838,120.26510768261838,148.26510768261838,-29.84756082993427,2,TRAILING_STOP,False
2025-12-18 08:45:00,2025-12-18 09:00:00,2025-12-18 09:30:00,68754,LONG,88518.37,-1.0626878917896185,-9.062687891789619,18.93731210821038,-84.96541452356063,2,TRAILING_STOP,True
2025-12-18 11:30:00,2025-12-18 11:45:00,2025-12-18 12:00:00,68764,SHORT,86381.18,58.933723757881836,50.933723757881836,88.93372375788184,-24.933671894735017,1,TRAILING_STOP,False
2025-12-18 12:30:00,2025-12-18 12:45:00,2025-12-18 13:45:00,68771,SHORT,86723.24,141.6195105256689,133.6195105256689,171.6195105256689,0.0,4,TRAILING_STOP,True
2025-12-18 14:00:00,2025-12-18 14:15:00,2025-12-18 14:30:00,68774,SHORT,84692.65,-1.3505245142288693,-9.35052451422887,28.64947548577113,-67.98228653844335,1,TRAILING_STOP,False
2025-12-18 15:00:00,2025-12-18 15:15:00,2025-12-18 15:30:00,68778,SHORT,85013.54,23.442075227074085,15.442075227074085,53.442075227074085,-32.0748906585948,1,TRAILING_STOP,True
2025-12-18 21:30:00,2025-12-18 21:45:00,2025-12-18 22:00:00,68804,LONG,86362.0,119.75938491466215,111.75938491466215,139.75938491466215,0.0,1,TRAILING_STOP,False
2025-12-18 22:30:00,2025-12-18 22:45:00,2025-12-19 01:15:00,68817,LONG,87362.39,13.852642996603466,5.852642996603466,13.920177779019163,-81.82926314172548,10,TIME_EXIT,True
2025-12-19 01:30:00,2025-12-19 01:45:00,2025-12-19 03:00:00,68824,LONG,88150.42,-16.947263552459138,-24.947263552459138,3.0527364475408616,-48.342367512259095,5,TRAILING_STOP,False
2025-12-19 03:30:00,2025-12-19 03:45:00,2025-12-19 04:45:00,68831,LONG,87942.61,20.695858355807204,12.695858355807204,40.695858355807204,-2.4106630449104354,4,TRAILING_STOP,True
2025-12-19 07:15:00,2025-12-19 07:30:00,2025-12-19 08:00:00,68844,SHORT,87855.92,-26.502227738324756,-34.502227738324756,3.497772261675243,-41.487244115138196,2,TRAILING_STOP,False
2025-12-19 09:00:00,2025-12-19 09:15:00,2025-12-19 09:45:00,68851,LONG,88501.79,81.48721285750352,73.48721285750352,101.48721285750352,-60.958089096275984,2,TRAILING_STOP,False
2025-12-19 10:15:00,2025-12-19 10:30:00,2025-12-19 11:00:00,68856,LONG,87951.86,85.8181145913233,77.8181145913233,105.8181145913233,0.0,2,TRAILING_STOP,True
2025-12-19 21:00:00,2025-12-19 21:15:00,2025-12-19 22:30:00,68902,LONG,88311.87,-16.8973593244024,-24.8973593244024,3.1026406755975993,-21.37877954571547,5,TRAILING_STOP,False
2025-12-19 23:00:00,2025-12-19 23:15:00,2025-12-20 00:15:00,68909,LONG,88273.1,13.982039828668206,5.982039828668206,33.982039828668206,0.0,4,TRAILING_STOP,True
2025-12-20 05:45:00,2025-12-20 06:00:00,2025-12-20 07:30:00,68938,LONG,88239.7,-8.210522021267204,-16.210522021267202,11.789477978732796,-14.698599383270466,6,TRAILING_STOP,False
2025-12-20 08:00:00,2025-12-20 08:15:00,2025-12-20 08:30:00,68942,LONG,88190.73,-10.967304613534383,-18.96730461353438,9.032695386465617,-20.26630236533884,1,TRAILING_STOP,True
2025-12-20 09:45:00,2025-12-20 10:00:00,2025-12-20 12:30:00,68958,SHORT,88109.31,-5.510200908394687,-13.510200908394687,0.6548683674862593,-16.900597678043727,10,TIME_EXIT,False
2025-12-20 20:00:00,2025-12-20 20:15:00,2025-12-20 22:45:00,68999,SHORT,88092.15,-3.100162727327262,-11.100162727327263,25.29169738733683,-6.566986956273156,10,TIME_EXIT,False
2025-12-21 03:00:00,2025-12-21 03:15:00,2025-12-21 04:15:00,69021,LONG,88605.97,33.69841332361723,25.69841332361723,53.69841332361723,-11.925832988454193,4,TRAILING_STOP,False
2025-12-21 04:45:00,2025-12-21 05:00:00,2025-12-21 07:00:00,69032,LONG,88756.95,-1.628480924592644,-9.628480924592644,18.371519075407356,-22.325012294811184,8,TRAILING_STOP,True
2025-12-21 08:00:00,2025-12-21 08:15:00,2025-12-21 08:30:00,69038,SHORT,87934.72,6.350829342493405,-1.6491706575065948,36.350829342493405,-24.293021004672028,1,TRAILING_STOP,False
2025-12-21 09:00:00,2025-12-21 09:15:00,2025-12-21 10:45:00,69047,SHORT,88050.57,-3.0189140172508893,-11.01891401725089,26.98108598274911,-34.00659416514771,6,TRAILING_STOP,True
2025-12-21 18:30:00,2025-12-21 18:45:00,2025-12-21 21:15:00,69089,LONG,89480.01,-114.18639760992325,-122.18639760992325,0.0,-176.57686895654066,10,TIME_EXIT,False
2025-12-22 02:45:00,2025-12-22 03:00:00,2025-12-22 04:30:00,69118,LONG,89815.81,-14.1892190250244,-22.1892190250244,5.810780974975601,-66.93810365903195,6,TRAILING_STOP,False
2025-12-22 05:00:00,2025-12-22 05:15:00,2025-12-22 06:00:00,69124,LONG,89822.36,10.376623370840605,2.376623370840605,30.376623370840605,-18.47869505989332,3,TRAILING_STOP,True
2025-12-22 06:45:00,2025-12-22 07:00:00,2025-12-22 07:45:00,69131,LONG,90300.01,-17.78848307990208,-25.78848307990208,2.211516920097923,-34.95126966209645,3,TRAILING_STOP,False
2025-12-22 08:15:00,2025-12-22 08:30:00,2025-12-22 08:45:00,69135,LONG,89912.38,10.047030230985868,2.047030230985868,30.047030230985868,0.0,1,TRAILING_STOP,True
2025-12-22 09:00:00,2025-12-22 09:15:00,2025-12-22 09:45:00,69139,SHORT,89832.25,40.77970328028094,32.77970328028094,70.77970328028094,-69.29471320155125,2,TRAILING_STOP,False
2025-12-22 20:30:00,2025-12-22 20:45:00,2025-12-22 21:00:00,69184,LONG,88571.95,-0.010601550490545009,-8.010601550490545,19.989398449509455,-34.090928335663506,1,TRAILING_STOP,False
2025-12-22 21:15:00,2025-12-22 21:30:00,2025-12-23 00:00:00,69196,SHORT,88206.8,48.38742591274116,40.38742591274116,67.11614070570629,-18.286572010321528,10,TIME_EXIT,False
2025-12-23 00:30:00,2025-12-23 00:45:00,2025-12-23 01:15:00,69201,SHORT,87539.99,20.26045810606221,12.26045810606221,50.26045810606221,0.0,2,TRAILING_STOP,False
2025-12-23 01:45:00,2025-12-23 02:00:00,2025-12-23 04:30:00,69214,SHORT,87595.41,4.974004916468452,-3.025995083531548,33.988082252255126,-11.938981734317101,10,TIME_EXIT,True
2025-12-23 05:45:00,2025-12-23 06:00:00,2025-12-23 06:45:00,69223,LONG,87754.5,1.1385171130825178,-6.861482886917482,21.138517113082518,-15.071591770222012,3,TRAILING_STOP,False
2025-12-23 08:00:00,2025-12-23 08:15:00,2025-12-23 09:15:00,69233,SHORT,87721.77,97.66158275192234,89.66158275192234,127.66158275192234,-12.246674913193498,4,TRAILING_STOP,False
2025-12-23 09:45:00,2025-12-23 10:00:00,2025-12-23 10:30:00,69238,SHORT,87292.5,-25.692642552337738,-33.69264255233774,4.307357447662264,-102.77400693072136,2,TRAILING_STOP,True
2025-12-24 07:15:00,2025-12-24 07:30:00,2025-12-24 08:30:00,69326,SHORT,87428.5,14.61474233230556,6.6147423323055605,44.61474233230556,-2.2864397765036846,4,TRAILING_STOP,False
2025-12-24 09:00:00,2025-12-24 09:15:00,2025-12-24 09:45:00,69331,SHORT,86994.31,17.624953861924723,9.624953861924723,47.62495386192472,-23.644075112499007,2,TRAILING_STOP,True
2025-12-24 11:00:00,2025-12-24 11:15:00,2025-12-24 12:15:00,69341,LONG,87510.98,-12.492370671657763,-20.492370671657763,7.507629328342237,-29.24433025432903,4,TRAILING_STOP,False
2025-12-24 17:00:00,2025-12-24 17:15:00,2025-12-24 17:30:00,69362,LONG,87984.13,-15.517373417228502,-23.5173734172285,4.482626582771498,-21.382265188052052,1,TRAILING_STOP,False
2025-12-24 18:00:00,2025-12-24 18:15:00,2025-12-24 19:00:00,69368,LONG,87649.54,-8.652535997335935,-16.652535997335935,11.347464002664065,-15.789016120335535,3,TRAILING_STOP,True
2025-12-24 23:30:00,2025-12-24 23:45:00,2025-12-25 02:15:00,69397,SHORT,87670.18,-19.09543244920947,-27.09543244920947,0.0,-21.90254428586825,10,TIME_EXIT,False
2025-12-25 02:45:00,2025-12-25 03:00:00,2025-12-25 05:30:00,69410,SHORT,87446.54,-5.105976748766588,-13.105976748766588,22.29247720950283,-21.122619602788905,10,TIME_EXIT,False
2025-12-25 09:45:00,2025-12-25 10:00:00,2025-12-25 10:15:00,69429,LONG,88077.15,38.53845180049662,30.538451800496617,58.53845180049662,0.0,1,TRAILING_STOP,False
2025-12-25 10:45:00,2025-12-25 11:00:00,2025-12-25 13:30:00,69442,LONG,88422.03,-26.941249822018467,-34.94124982201846,0.0,-48.49696393534422,10,TIME_EXIT,True
2025-12-25 17:15:00,2025-12-25 17:30:00,2025-12-25 18:15:00,69461,SHORT,87649.99,51.60525745639035,43.60525745639035,81.60525745639035,-5.212778689420019,3,TRAILING_STOP,False
2025-12-25 18:45:00,2025-12-25 19:00:00,2025-12-25 19:30:00,69466,SHORT,87069.46,-14.193079869795374,-22.193079869795376,15.806920130204626,-30.073690591395792,2,TRAILING_STOP,True
2025-12-25 20:45:00,2025-12-25 21:00:00,2025-12-25 21:30:00,69474,LONG,89020.13,14.598915997988321,6.598915997988321,34.59891599798832,0.0,2,TRAILING_STOP,False
2025-12-25 22:00:00,2025-12-25 22:15:00,2025-12-25 23:15:00,69481,LONG,88742.53,26.273190543474414,18.273190543474414,46.27319054347441,-25.444395150780906,4,TRAILING_STOP,True
2025-12-26 02:00:00,2025-12-26 02:15:00,2025-12-26 02:45:00,69495,SHORT,88772.78,10.324297605640055,2.324297605640055,40.324297605640055,-12.753909475404642,2,TRAILING_STOP,False
2025-12-26 08:00:00,2025-12-26 08:15:00,2025-12-26 09:00:00,69520,LONG,88918.11,-5.180746644299562,-13.180746644299562,14.819253355700438,-72.33734500204811,3,TRAILING_STOP,False
2025-12-26 09:15:00,2025-12-26 09:30:00,2025-12-26 09:45:00,69523,SHORT,87380.44,53.01171291881805,45.01171291881805,83.01171291881805,0.0,1,TRAILING_STOP,False
2025-12-26 10:15:00,2025-12-26 10:30:00,2025-12-26 11:00:00,69528,SHORT,87137.81,-15.63769275358261,-23.63769275358261,14.36230724641739,-27.793904850259874,2,TRAILING_STOP,True
2025-12-26 14:45:00,2025-12-26 15:00:00,2025-12-26 17:30:00,69554,SHORT,87612.72,14.301576300793185,6.301576300793185,33.25087955265023,-20.542679190875017,10,TIME_EXIT,False
2025-12-27 01:45:00,2025-12-27 02:00:00,2025-12-27 04:30:00,69598,LONG,87592.67,-5.663715925088319,-13.663715925088319,9.627517919022418,-8.498428007731963,10,TIME_EXIT,False
2025-12-27 16:30:00,2025-12-27 16:45:00,2025-12-27 18:45:00,69655,LONG,87864.31,-6.37785922406921,-14.37785922406921,13.62214077593079,-41.463934560004226,8,TRAILING_STOP,False
2025-12-27 19:15:00,2025-12-27 19:30:00,2025-12-27 22:00:00,69668,LONG,87854.97,-10.86335810028759,-18.86335810028759,2.0146839729154866,-14.740201948734374,10,TIME_EXIT,True
2025-12-28 03:00:00,2025-12-28 03:15:00,2025-12-28 05:45:00,69699,LONG,87836.6,6.324242969330365,-1.6757570306696348,19.74120127600501,-13.274648608894903,10,TIME_EXIT,False
2025-12-28 17:15:00,2025-12-28 17:30:00,2025-12-28 19:30:00,69754,LONG,87900.09,41.89982285569967,33.89982285569967,61.89982285569967,-30.167204606957544,8,TRAILING_STOP,False
2025-12-28 20:00:00,2025-12-28 20:15:00,2025-12-28 20:45:00,69759,LONG,88304.04,102.27073642383878,94.27073642383878,122.27073642383878,0.0,2,TRAILING_STOP,True
2025-12-28 22:00:00,2025-12-28 22:15:00,2025-12-28 23:00:00,69768,LONG,89993.25,25.8734405080383,17.8734405080383,45.8734405080383,-4.493670358610488,3,TRAILING_STOP,False
2025-12-28 23:30:00,2025-12-28 23:45:00,2025-12-29 02:15:00,69781,LONG,90215.62,-66.27566268457602,-74.27566268457602,0.0,-78.54404813711822,10,TIME_EXIT,True
2025-12-29 03:15:00,2025-12-29 03:30:00,2025-12-29 04:15:00,69789,SHORT,89555.1,169.31863176971495,161.31863176971495,199.31863176971495,0.0,3,TRAILING_STOP,False
2025-12-29 04:45:00,2025-12-29 05:00:00,2025-12-29 06:45:00,69799,SHORT,88020.5,107.92241580086457,99.92241580086457,137.92241580086457,0.0,7,TRAILING_STOP,True
2025-12-29 21:00:00,2025-12-29 21:15:00,2025-12-29 21:45:00,69859,SHORT,87155.98,5.605130020911069,-2.3948699790889307,35.60513002091107,-16.2191968927434,2,TRAILING_STOP,False
2025-12-29 22:15:00,2025-12-29 22:30:00,2025-12-30 01:00:00,69872,SHORT,87378.99,-4.602590393869484,-12.602590393869484,25.397409606130516,-13.957588660614164,10,TRAILING_STOP,True
2025-12-30 02:30:00,2025-12-30 02:45:00,2025-12-30 03:30:00,69882,LONG,87886.52,-8.708165939442058,-16.708165939442058,11.291834060557942,-12.827905803985097,3,TRAILING_STOP,False
2025-12-30 09:15:00,2025-12-30 09:30:00,2025-12-30 10:30:00,69910,LONG,88875.82,11.920943176670221,3.920943176670221,31.92094317667022,-73.4924302245552,4,TRAILING_STOP,False
2025-12-30 11:00:00,2025-12-30 11:15:00,2025-12-30 11:45:00,69915,LONG,88712.17,1.2541300703164957,-6.745869929683504,21.254130070316496,-22.77252376985075,2,TRAILING_STOP,True
