signal_time,entry_time,exit_time,exit_idx,direction,entry_price,gross_profit_bps,net_profit_bps,mfe_bps,mae_bps,exit_bar,exit_reason,is_reentry
2024-01-01 09:30:00,2024-01-01 09:45:00,2024-01-01 11:30:00,46,LONG,42639.02,8.933591813320902,0.933591813320902,28.933591813320902,-7.929356725365094,7,TRAILING_STOP,False
2024-01-01 18:00:00,2024-01-01 18:15:00,2024-01-01 20:00:00,80,LONG,43104.15,131.48889376080862,123.48889376080862,151.48889376080862,-19.78695786832611,7,TRAILING_STOP,False
2024-01-01 23:15:00,2024-01-01 23:30:00,2024-01-02 00:15:00,97,LONG,43989.99,174.13734806486707,166.13734806486707,194.13734806486707,0.0,3,TRAILING_STOP,False
2024-01-02 00:45:00,2024-01-02 01:00:00,2024-01-02 01:15:00,101,LONG,45056.0,-19.11221590909091,-27.11221590909091,0.8877840909090909,-49.713689630681365,1,TRAILING_STOP,False
2024-01-02 08:15:00,2024-01-02 08:30:00,2024-01-02 09:00:00,132,LONG,45748.53,8.65665847623925,0.6566584762392509,28.65665847623925,-37.68427094815974,2,TRAILING_STOP,False
2024-01-02 14:45:00,2024-01-02 15:00:00,2024-01-02 15:15:00,157,SHORT,45258.73,63.99291584187215,55.99291584187215,93.99291584187215,0.0,1,TRAILING_STOP,False
2024-01-03 07:45:00,2024-01-03 08:00:00,2024-01-03 10:30:00,234,SHORT,45011.77,-12.996600666892238,-20.99660066689224,0.0,-108.46718536062974,10,TIME_EXIT,False
2024-01-03 11:00:00,2024-01-03 11:15:00,2024-01-03 11:30:00,238,SHORT,44736.81,72.39219112851357,64.39219112851357,102.39219112851357,0.0,1,TRAILING_STOP,False
2024-01-03 11:45:00,2024-01-03 12:00:00,2024-01-03 12:15:00,241,SHORT,43702.89,389.11415926955897,381.11415926955897,419.11415926955897,0.0,1,TRAILING_STOP,False
2024-01-03 12:30:00,2024-01-03 12:45:00,2024-01-03 14:30:00,250,SHORT,42163.52,-3.0762516981511965,-11.076251698151196,26.923748301848804,-155.91677355211365,7,TRAILING_STOP,False
2024-01-04 07:00:00,2024-01-04 07:15:00,2024-01-04 07:30:00,318,SHORT,43099.93,35.763447875669954,27.763447875669954,65.76344787566995,-17.36893772217277,1,TRAILING_STOP,False
2024-01-04 14:45:00,2024-01-04 15:00:00,2024-01-04 15:30:00,350,LONG,43676.07,129.7204304324996,121.7204304324996,149.7204304324996,0.0,2,TRAILING_STOP,False
2024-01-04 20:30:00,2024-01-04 20:45:00,2024-01-04 21:00:00,372,LONG,44328.9,38.68406389511118,30.68406389511118,58.68406389511118,-48.55297559831243,1,TRAILING_STOP,False
2024-01-05 01:45:00,2024-01-05 02:00:00,2024-01-05 02:30:00,394,SHORT,43376.0,-12.939874585023976,-20.939874585023976,17.060125414976024,-67.91313168572522,2,TRAILING_STOP,False
2024-01-05 09:00:00,2024-01-05 09:15:00,2024-01-05 09:30:00,422,LONG,44049.71,10.713028530721513,2.7130285307215125,30.713028530721513,-19.45075234320505,1,TRAILING_STOP,False
2024-01-05 10:45:00,2024-01-05 11:00:00,2024-01-05 12:00:00,432,SHORT,43628.19,-27.205934970026874,-35.205934970026874,2.794065029973127,-66.15218279740704,4,TRAILING_STOP,False
2024-01-05 14:30:00,2024-01-05 14:45:00,2024-01-05 15:00:00,444,SHORT,43617.83,-0.04665293986393948,-8.04665293986394,29.95334706013606,-42.017220939234434,1,TRAILING_STOP,False
2024-01-05 20:45:00,2024-01-05 21:00:00,2024-01-05 22:15:00,473,LONG,43955.07,-11.664215299850639,-19.66421529985064,8.335784700149361,-54.7536382037381,5,TRAILING_STOP,False
2024-01-05 23:00:00,2024-01-05 23:15:00,2024-01-06 00:00:00,480,LONG,44200.62,-16.877871848857406,-24.877871848857406,3.122128151142593,-50.116944060966574,3,TRAILING_STOP,False
2024-01-06 05:15:00,2024-01-06 05:30:00,2024-01-06 07:15:00,509,SHORT,43673.99,33.41073943553018,25.410739435530182,63.41073943553018,-16.03013601459405,7,TRAILING_STOP,False
2024-01-06 18:45:00,2024-01-06 19:00:00,2024-01-06 20:00:00,560,SHORT,43995.89,57.439985871406876,49.439985871406876,87.43998587140688,0.0,4,TRAILING_STOP,False
2024-01-07 00:30:00,2024-01-07 00:45:00,2024-01-07 03:15:00,589,LONG,44160.19,-45.389297464526834,-53.389297464526834,0.0,-74.00104030349526,10,TIME_EXIT,False
2024-01-07 06:00:00,2024-01-07 06:15:00,2024-01-07 08:45:00,611,LONG,44017.7,14.102190709646479,6.102190709646479,34.10219070964648,-13.876236150456402,10,TRAILING_STOP,False
2024-01-07 13:15:00,2024-01-07 13:30:00,2024-01-07 14:00:00,632,LONG,44386.49,1.200144458369774,-6.799855541630226,21.200144458369774,-18.38397224020159,2,TRAILING_STOP,False
2024-01-07 22:15:00,2024-01-07 22:30:00,2024-01-07 23:00:00,668,SHORT,43977.01,4.836383828733325,-3.163616171266675,34.836383828733325,-10.91024605810989,2,TRAILING_STOP,False
2024-01-07 23:15:00,2024-01-07 23:30:00,2024-01-07 23:45:00,671,SHORT,43756.69,1.2409371001335678,-6.759062899866432,31.240937100133568,-39.38369195658869,1,TRAILING_STOP,False
2024-01-08 02:45:00,2024-01-08 03:00:00,2024-01-08 03:30:00,686,SHORT,43371.09,3.6837280317364645,-4.3162719682635355,33.683728031736464,-28.339154030946307,2,TRAILING_STOP,False
2024-01-08 06:15:00,2024-01-08 06:30:00,2024-01-08 09:00:00,708,LONG,44146.8,-62.45073255592803,-70.45073255592803,0.0,-81.98555727708516,10,TIME_EXIT,False
2024-01-08 11:45:00,2024-01-08 12:00:00,2024-01-08 12:15:00,721,LONG,44636.0,106.35540819069809,98.35540819069809,126.35540819069809,-64.07384174209159,1,TRAILING_STOP,False
2024-01-08 18:00:00,2024-01-08 18:15:00,2024-01-08 19:00:00,748,LONG,45891.1,275.8939750844934,267.8939750844934,295.8939750844934,0.0,3,TRAILING_STOP,False
2024-01-09 00:30:00,2024-01-09 00:45:00,2024-01-09 01:00:00,772,SHORT,46670.0,-15.001071352046283,-23.00107135204628,14.998928647953717,-20.469252196271444,1,TRAILING_STOP,False
2024-01-09 10:45:00,2024-01-09 11:00:00,2024-01-09 12:45:00,819,SHORT,46441.88,183.5744720067313,175.5744720067313,213.5744720067313,-120.17601354639447,7,TRAILING_STOP,False
2024-01-09 13:00:00,2024-01-09 13:15:00,2024-01-09 13:30:00,822,LONG,46559.76,23.866205495904182,15.866205495904182,43.86620549590418,0.0,1,TRAILING_STOP,False
2024-01-09 21:00:00,2024-01-09 21:15:00,2024-01-09 23:45:00,863,LONG,47914.25,-376.5581220618083,-384.5581220618083,0.0,-555.4214038621083,10,TIME_EXIT,False
2024-01-10 08:45:00,2024-01-10 09:00:00,2024-01-10 11:30:00,910,SHORT,45329.94,-34.385662103235816,-42.385662103235816,0.0,-88.49780079126427,10,TIME_EXIT,False
2024-01-10 11:45:00,2024-01-10 12:00:00,2024-01-10 14:30:00,922,LONG,45515.88,-96.92441407262613,-104.92441407262613,0.0,-267.0540479498577,10,TIME_EXIT,False
2024-01-10 17:30:00,2024-01-10 17:45:00,2024-01-10 18:00:00,936,LONG,46280.0,56.4606741573035,48.4606741573035,76.4606741573035,-95.0734658599827,1,TRAILING_STOP,False
2024-01-10 19:00:00,2024-01-10 19:15:00,2024-01-10 19:30:00,942,SHORT,46291.32,16.13823930706701,8.13823930706701,46.13823930706701,-19.150458444477596,1,TRAILING_STOP,False
2024-01-10 20:00:00,2024-01-10 20:15:00,2024-01-10 20:30:00,946,SHORT,45548.56,90.43410373456322,82.43410373456322,120.43410373456322,-154.87866136712213,1,TRAILING_STOP,False
2024-01-10 20:45:00,2024-01-10 21:00:00,2024-01-10 22:15:00,953,LONG,46127.0,101.83753549981573,93.83753549981573,121.83753549981573,-226.98202787954995,5,TRAILING_STOP,False
2024-01-10 23:00:00,2024-01-10 23:15:00,2024-01-11 01:45:00,967,LONG,47481.99,-205.35154486995927,-213.35154486995927,0.0,-249.67993127499477,10,TIME_EXIT,False
2024-01-11 11:15:00,2024-01-11 11:30:00,2024-01-11 12:00:00,1008,LONG,47073.2,2.0167738755808884,-5.983226124419112,22.01677387558089,-31.463762820458474,2,TRAILING_STOP,False
2024-01-11 13:30:00,2024-01-11 13:45:00,2024-01-11 15:30:00,1022,SHORT,47038.12,2.5523213937977545,-5.4476786062022455,32.552321393797754,-410.59464111235746,7,TRAILING_STOP,False
2024-01-12 07:45:00,2024-01-12 08:00:00,2024-01-12 09:45:00,1095,LONG,46008.19,-5.187419891981369,-13.187419891981369,14.812580108018631,-102.33395401992551,7,TRAILING_STOP,False
2024-01-12 14:30:00,2024-01-12 14:45:00,2024-01-12 15:15:00,1117,SHORT,45289.99,111.06649173470768,103.06649173470768,141.06649173470768,-37.37912064012398,2,TRAILING_STOP,False
2024-01-12 15:30:00,2024-01-12 15:45:00,2024-01-12 16:15:00,1121,SHORT,44525.97,129.89544977908494,121.89544977908494,159.89544977908494,-33.667991960645935,2,TRAILING_STOP,False
2024-01-12 16:30:00,2024-01-12 16:45:00,2024-01-12 17:00:00,1124,SHORT,43571.45,-1.022309333291691,-9.022309333291691,28.97769066670831,-46.486862383510974,1,TRAILING_STOP,False
2024-01-12 22:00:00,2024-01-12 22:15:00,2024-01-12 22:30:00,1146,SHORT,42565.56,126.3517547989494,118.3517547989494,156.3517547989494,0.0,1,TRAILING_STOP,False
2024-01-13 06:15:00,2024-01-13 06:30:00,2024-01-13 06:45:00,1179,SHORT,43070.0,-9.361504527513485,-17.361504527513485,20.638495472486515,-18.57441374506617,1,TRAILING_STOP,False
2024-01-14 21:15:00,2024-01-14 21:30:00,2024-01-14 22:30:00,1338,SHORT,42254.01,12.63264007368754,4.63264007368754,42.63264007368754,-93.47988510439552,4,TRAILING_STOP,False
2024-01-14 23:30:00,2024-01-14 23:45:00,2024-01-15 00:00:00,1344,SHORT,41914.0,16.750489096721168,8.750489096721168,46.75048909672117,-35.05272701245365,1,TRAILING_STOP,False
2024-01-15 03:15:00,2024-01-15 03:30:00,2024-01-15 05:00:00,1364,SHORT,42617.86,-2.1126307139779996,-10.112630713978,27.887369286022,-48.52895006929013,6,TRAILING_STOP,False
2024-01-15 13:45:00,2024-01-15 14:00:00,2024-01-15 16:30:00,1410,LONG,42852.55,-86.5176051366838,-94.5176051366838,0.0,-160.83756975955998,10,TIME_EXIT,False
2024-01-15 18:15:00,2024-01-15 18:30:00,2024-01-15 18:45:00,1419,LONG,43154.7,36.844329818074264,28.844329818074264,56.844329818074264,-46.034383276907555,1,TRAILING_STOP,False
2024-01-16 09:00:00,2024-01-16 09:15:00,2024-01-16 11:45:00,1487,SHORT,42901.43,4.469713480412516,-3.5302865195874844,34.469713480412516,-58.74862446310085,10,TRAILING_STOP,False
2024-01-16 13:45:00,2024-01-16 14:00:00,2024-01-16 14:45:00,1499,SHORT,42805.83,146.57174268084552,138.57174268084552,176.57174268084552,-34.61444387364951,3,TRAILING_STOP,False
2024-01-17 07:45:00,2024-01-17 08:00:00,2024-01-17 09:00:00,1572,SHORT,42655.95,-26.41081724823907,-34.41081724823907,3.589182751760932,-39.39661407142566,4,TRAILING_STOP,False
2024-01-17 12:30:00,2024-01-17 12:45:00,2024-01-17 13:00:00,1588,LONG,42668.0,6.818693165838635,-1.181306834161365,26.818693165838635,-0.6749789069085452,1,TRAILING_STOP,False
2024-01-17 14:30:00,2024-01-17 14:45:00,2024-01-17 15:15:00,1597,LONG,42733.69,-11.971205856550728,-19.97120585655073,8.028794143449272,-59.531484409607835,2,TRAILING_STOP,False
2024-01-17 20:30:00,2024-01-17 20:45:00,2024-01-17 21:15:00,1621,LONG,42758.0,-4.807521399504392,-12.807521399504392,15.192478600495608,-36.20375134477827,2,TRAILING_STOP,False
2024-01-18 07:15:00,2024-01-18 07:30:00,2024-01-18 10:00:00,1672,SHORT,42880.26,37.24324432734418,29.24324432734418,40.19331972334089,-11.599743098572155,10,TIME_EXIT,False
2024-01-18 10:45:00,2024-01-18 11:00:00,2024-01-18 11:45:00,1679,SHORT,42447.67,-15.867304377366775,-23.867304377366775,14.132695622633225,-24.366472882963965,3,TRAILING_STOP,False
2024-01-18 16:30:00,2024-01-18 16:45:00,2024-01-18 17:15:00,1701,SHORT,42132.63,84.83023965036071,76.83023965036071,114.83023965036071,-10.860940795768515,2,TRAILING_STOP,False
2024-01-18 17:45:00,2024-01-18 18:00:00,2024-01-18 19:15:00,1709,SHORT,41816.71,103.29599578733036,95.29599578733036,133.29599578733036,0.0,5,TRAILING_STOP,False
2024-01-18 19:45:00,2024-01-18 20:00:00,2024-01-18 20:30:00,1714,SHORT,41022.33,52.650107880269815,44.650107880269815,82.65010788026981,-40.085485149184606,2,TRAILING_STOP,False
2024-01-19 03:30:00,2024-01-19 03:45:00,2024-01-19 04:30:00,1746,LONG,41016.84,30.749887119535174,22.749887119535174,50.749887119535174,0.0,3,TRAILING_STOP,False
2024-01-19 06:45:00,2024-01-19 07:00:00,2024-01-19 07:30:00,1758,LONG,41474.01,-16.84862881597422,-24.84862881597422,3.151371184025781,-34.9495985558195,2,TRAILING_STOP,False
2024-01-19 14:15:00,2024-01-19 14:30:00,2024-01-19 14:45:00,1787,SHORT,41057.59,22.72837494845605,14.72837494845605,52.72837494845605,-17.122290908941054,1,TRAILING_STOP,False
2024-01-19 15:15:00,2024-01-19 15:30:00,2024-01-19 17:00:00,1796,SHORT,40826.01,103.74072068272213,95.74072068272213,133.74072068272213,-62.54836071416251,6,TRAILING_STOP,False
2024-01-20 08:30:00,2024-01-20 08:45:00,2024-01-20 10:15:00,1865,SHORT,41549.99,-8.105891240888102,-16.105891240888102,21.894108759111898,-22.39952404320668,6,TRAILING_STOP,False
2024-01-21 10:30:00,2024-01-21 10:45:00,2024-01-21 13:15:00,1973,SHORT,41757.35,-10.613700342574353,-18.613700342574354,17.086812261793085,-15.266773394384462,10,TIME_EXIT,False
2024-01-21 15:30:00,2024-01-21 15:45:00,2024-01-21 17:00:00,1988,SHORT,41626.35,-5.6524413022043625,-13.652441302204362,24.347558697795638,-11.221257688939609,5,TRAILING_STOP,False
2024-01-21 20:45:00,2024-01-21 21:00:00,2024-01-21 23:30:00,2014,SHORT,41643.9,24.683086838648848,16.683086838648848,34.319552203323475,-40.14993792608212,10,TIME_EXIT,False
2024-01-22 00:45:00,2024-01-22 01:00:00,2024-01-22 03:30:00,2030,LONG,41657.43,-124.65483348348634,-132.65483348348636,0.0,-142.2507341427452,10,TIME_EXIT,False
2024-01-22 04:45:00,2024-01-22 05:00:00,2024-01-22 07:30:00,2046,SHORT,40786.41,-62.44481924248666,-70.44481924248666,0.0,-131.11229941541674,10,TIME_EXIT,False
2024-01-22 09:45:00,2024-01-22 10:00:00,2024-01-22 10:30:00,2058,SHORT,40744.86,63.31974634346594,55.31974634346594,93.31974634346594,-19.990251531112655,2,TRAILING_STOP,False
2024-01-22 15:15:00,2024-01-22 15:30:00,2024-01-22 16:30:00,2082,SHORT,40455.16,-16.365150947369017,-24.365150947369017,13.634849052630983,-103.77662577530144,4,TRAILING_STOP,False
2024-01-22 18:45:00,2024-01-22 19:00:00,2024-01-22 19:30:00,2094,SHORT,40316.0,189.37196150411702,181.37196150411702,219.37196150411702,0.0,2,TRAILING_STOP,False
2024-01-23 03:00:00,2024-01-23 03:15:00,2024-01-23 04:15:00,2129,SHORT,40109.63,2.438593923703756,-5.561406076296244,32.438593923703756,-16.73164275013272,4,TRAILING_STOP,False
2024-01-23 07:15:00,2024-01-23 07:30:00,2024-01-23 08:45:00,2147,SHORT,39803.07,89.35511507026963,81.35511507026963,119.35511507026963,-14.30291683530951,5,TRAILING_STOP,False
2024-01-23 09:00:00,2024-01-23 09:15:00,2024-01-23 09:30:00,2150,SHORT,39125.02,25.552687257411897,17.552687257411897,55.5526872574119,0.0,1,TRAILING_STOP,False
2024-01-23 15:30:00,2024-01-23 15:45:00,2024-01-23 17:00:00,2180,LONG,39290.7,26.14323491309723,18.14323491309723,46.14323491309723,-93.0245579742789,5,TRAILING_STOP,False
2024-01-23 23:15:00,2024-01-23 23:30:00,2024-01-24 00:00:00,2208,LONG,39795.99,19.28536518377952,11.285365183779518,39.28536518377952,-26.63333667537809,2,TRAILING_STOP,False
2024-01-24 07:00:00,2024-01-24 07:15:00,2024-01-24 07:30:00,2238,LONG,39925.98,30.097705804590596,22.097705804590596,50.097705804590596,0.0,1,TRAILING_STOP,False
2024-01-24 10:45:00,2024-01-24 11:00:00,2024-01-24 13:30:00,2262,LONG,40352.42,-99.23072767382929,-107.23072767382929,0.0,-106.85108848490333,10,TIME_EXIT,False
2024-01-24 14:30:00,2024-01-24 14:45:00,2024-01-24 16:00:00,2272,LONG,40072.46,-8.57070416939641,-16.57070416939641,11.42929583060359,-58.009915038906804,5,TRAILING_STOP,False
2024-01-24 18:15:00,2024-01-24 18:30:00,2024-01-24 19:45:00,2287,SHORT,39766.0,1.539506110747439,-6.460493889252561,31.53950611074744,-23.135341749233014,5,TRAILING_STOP,False
2024-01-24 20:45:00,2024-01-24 21:00:00,2024-01-24 23:30:00,2302,SHORT,39544.4,-154.39860005462154,-162.39860005462154,0.0,-154.39860005462154,10,TIME_EXIT,False
2024-01-25 01:30:00,2024-01-25 01:45:00,2024-01-25 03:15:00,2317,SHORT,40046.87,3.1786229485606725,-4.8213770514393275,33.17862294856067,-13.234492483432538,6,TRAILING_STOP,False
2024-01-25 10:00:00,2024-01-25 10:15:00,2024-01-25 11:00:00,2348,SHORT,40010.39,-29.837542198413598,-37.8375421984136,0.16245780158640172,-63.36354132014311,3,TRAILING_STOP,False
2024-01-25 11:15:00,2024-01-25 11:30:00,2024-01-25 12:00:00,2352,LONG,40275.78,-18.003763055612858,-26.003763055612858,1.996236944387141,-41.93587312275553,2,TRAILING_STOP,False
2024-01-25 12:30:00,2024-01-25 12:45:00,2024-01-25 13:45:00,2359,SHORT,39905.75,13.630303903572937,5.630303903572937,43.63030390357294,-14.855002098694758,4,TRAILING_STOP,False
2024-01-25 15:45:00,2024-01-25 16:00:00,2024-01-25 16:45:00,2371,LONG,39804.23,-7.948517029473027,-15.948517029473027,12.051482970526973,-28.56982788010248,3,TRAILING_STOP,False
2024-01-26 02:00:00,2024-01-26 02:15:00,2024-01-26 02:30:00,2410,LONG,40062.23,25.62152431354839,17.62152431354839,45.62152431354839,0.0,1,TRAILING_STOP,False
2024-01-26 07:45:00,2024-01-26 08:00:00,2024-01-26 09:45:00,2439,LONG,39970.0,90.4303227420564,82.4303227420564,110.4303227420564,0.0,7,TRAILING_STOP,False
2024-01-26 10:30:00,2024-01-26 10:45:00,2024-01-26 11:30:00,2446,LONG,40642.0,153.74391024063712,145.74391024063712,173.74391024063712,0.0,3,TRAILING_STOP,False
2024-01-27 08:45:00,2024-01-27 09:00:00,2024-01-27 11:30:00,2542,SHORT,41470.01,-71.49021666500711,-79.49021666500711,0.0,-79.57316624712604,10,TIME_EXIT,False
2024-01-27 19:30:00,2024-01-27 19:45:00,2024-01-27 22:15:00,2585,LONG,41930.38,62.10055811561914,54.10055811561914,62.10055811561914,-4.748347141141153,10,TIME_EXIT,False
2024-01-28 00:15:00,2024-01-28 00:30:00,2024-01-28 01:00:00,2596,SHORT,41971.92,-18.821097533780144,-26.821097533780144,11.178902466219856,-29.32913242949061,2,TRAILING_STOP,False
2024-01-28 01:30:00,2024-01-28 01:45:00,2024-01-28 03:45:00,2607,SHORT,42105.88,-28.603520458425905,-36.603520458425905,1.396479541574094,-32.80301943576589,8,TRAILING_STOP,False
2024-01-28 04:00:00,2024-01-28 04:15:00,2024-01-28 05:15:00,2613,LONG,42298.91,108.55414004757966,100.55414004757966,128.55414004757966,0.0,4,TRAILING_STOP,False
2024-01-28 18:15:00,2024-01-28 18:30:00,2024-01-28 19:00:00,2668,SHORT,41974.09,-6.39257932691417,-14.39257932691417,23.60742067308583,-27.876721091511943,2,TRAILING_STOP,False
2024-01-29 07:45:00,2024-01-29 08:00:00,2024-01-29 08:45:00,2723,SHORT,42053.45,-9.507032122215826,-17.507032122215826,20.492967877784174,-23.258496033025814,3,TRAILING_STOP,False
2024-01-29 12:45:00,2024-01-29 13:00:00,2024-01-29 13:15:00,2741,LONG,42102.67,-15.560851603947604,-23.560851603947604,4.439148396052395,-31.511065687757633,1,TRAILING_STOP,False
2024-01-29 15:45:00,2024-01-29 16:00:00,2024-01-29 16:45:00,2755,LONG,42641.75,137.60375688146075,129.60375688146075,157.60375688146075,-18.702328117396682,3,TRAILING_STOP,False
2024-01-30 01:15:00,2024-01-30 01:30:00,2024-01-30 02:45:00,2795,LONG,43450.0,57.640966628308064,49.640966628308064,77.64096662830806,-13.80897583429229,5,TRAILING_STOP,False
2024-01-30 12:15:00,2024-01-30 12:30:00,2024-01-30 12:45:00,2835,SHORT,43416.93,6.7460343234772395,-1.2539656765227605,36.74603432347724,-3.2637038132355864,1,TRAILING_STOP,False
2024-01-30 23:30:00,2024-01-30 23:45:00,2024-01-31 02:15:00,2889,SHORT,42788.0,1.0671216228849865,-6.9328783771150135,31.067121622884986,-74.73357015985715,10,TRAILING_STOP,False
2024-01-31 09:00:00,2024-01-31 09:15:00,2024-01-31 10:15:00,2921,SHORT,42837.32,28.862225741479968,20.862225741479968,58.86222574147997,-14.172221791652495,4,TRAILING_STOP,False
2024-01-31 10:45:00,2024-01-31 11:00:00,2024-01-31 13:30:00,2934,SHORT,42384.72,-72.77858624523205,-80.77858624523205,0.0,-127.5931514942167,10,TIME_EXIT,False
2024-01-31 14:30:00,2024-01-31 14:45:00,2024-01-31 15:45:00,2943,LONG,42852.29,122.98652417408636,114.98652417408636,142.98652417408636,-37.615259301195415,4,TRAILING_STOP,False
2024-01-31 20:00:00,2024-01-31 20:15:00,2024-01-31 21:30:00,2966,SHORT,42908.51,117.21322180611853,109.21322180611853,147.21322180611853,-31.753607850750353,5,TRAILING_STOP,False
2024-02-01 01:15:00,2024-02-01 01:30:00,2024-02-01 02:00:00,2984,SHORT,42025.01,-9.771569358341132,-17.771569358341132,20.228430641658868,-26.86495493992778,2,TRAILING_STOP,False
2024-02-01 10:15:00,2024-02-01 10:30:00,2024-02-01 11:45:00,3023,LONG,42258.0,-10.527237446164316,-18.527237446164314,9.472762553835684,-54.777793553884045,5,TRAILING_STOP,False
2024-02-01 12:00:00,2024-02-01 12:15:00,2024-02-01 12:45:00,3027,LONG,42167.44,-3.4469438979469373,-11.446943897946937,16.553056102053063,-13.375248770141475,2,TRAILING_STOP,False
2024-02-01 14:30:00,2024-02-01 14:45:00,2024-02-01 15:30:00,3038,LONG,42539.6,75.67555877347225,67.67555877347225,95.67555877347225,0.0,3,TRAILING_STOP,False
2024-02-02 00:15:00,2024-02-02 00:30:00,2024-02-02 01:30:00,3078,LONG,43284.01,-17.149062667715743,-25.149062667715743,2.850937332284256,-41.239247472681015,4,TRAILING_STOP,False
2024-02-02 06:45:00,2024-02-02 07:00:00,2024-02-02 09:30:00,3110,SHORT,43165.0,29.48221939071054,21.48221939071054,48.08757094868521,-12.892389667555069,10,TIME_EXIT,False
2024-02-02 13:30:00,2024-02-02 13:45:00,2024-02-02 14:00:00,3128,SHORT,42846.0,25.08098772347477,17.08098772347477,55.08098772347477,0.0,1,TRAILING_STOP,False
2024-02-02 15:00:00,2024-02-02 15:15:00,2024-02-02 16:00:00,3136,LONG,43082.0,74.23889327329279,66.23889327329279,94.23889327329279,-21.56585116754178,3,TRAILING_STOP,False
2024-02-03 00:15:00,2024-02-03 00:30:00,2024-02-03 03:00:00,3180,LONG,43355.99,-33.730056677289106,-41.730056677289106,0.0,-46.52413657259335,10,TIME_EXIT,False
2024-02-03 11:15:00,2024-02-03 11:30:00,2024-02-03 14:00:00,3224,SHORT,42995.37,-15.541208274286209,-23.54120827428621,4.740045265340118,-22.828039391216812,10,TIME_EXIT,False
2024-02-03 15:00:00,2024-02-03 15:15:00,2024-02-03 17:45:00,3239,SHORT,42970.31,-60.43707853166626,-68.43707853166626,0.0,-69.74350429401193,10,TIME_EXIT,False
2024-02-04 00:15:00,2024-02-04 00:30:00,2024-02-04 03:00:00,3276,SHORT,42912.54,-29.618381946162714,-37.618381946162714,0.0,-36.41126812815089,10,TIME_EXIT,False
2024-02-04 05:15:00,2024-02-04 05:30:00,2024-02-04 08:00:00,3296,SHORT,42922.49,25.83261129538323,17.83261129538323,47.159426212225405,-2.388025485007976,10,TIME_EXIT,False
2024-02-04 09:15:00,2024-02-04 09:30:00,2024-02-04 12:00:00,3312,LONG,42902.01,40.06339096932693,32.06339096932693,50.58737341210792,-6.925083463455238,10,TIME_EXIT,False
2024-02-04 19:00:00,2024-02-04 19:15:00,2024-02-04 20:30:00,3346,SHORT,42653.98,-3.6062144728342496,-11.60621447283425,26.39378552716575,-9.851366742329038,5,TRAILING_STOP,False
2024-02-04 20:45:00,2024-02-04 21:00:00,2024-02-04 21:45:00,3351,LONG,42880.79,-15.095706025938693,-23.095706025938693,4.904293974061307,-25.328357989673364,3,TRAILING_STOP,False
2024-02-04 22:30:00,2024-02-04 22:45:00,2024-02-05 00:15:00,3361,SHORT,42505.65,-15.891287393557993,-23.891287393557995,14.108712606442007,-34.548348278404994,6,TRAILING_STOP,False
2024-02-05 07:30:00,2024-02-05 07:45:00,2024-02-05 08:00:00,3392,LONG,43065.98,10.04227466784626,2.042274667846261,30.04227466784626,-1.792598241117737,1,TRAILING_STOP,False
2024-02-05 10:00:00,2024-02-05 10:15:00,2024-02-05 11:00:00,3404,LONG,43177.43,-11.717895205897609,-19.71789520589761,8.282104794102391,-20.61725304169257,3,TRAILING_STOP,False
2024-02-05 13:15:00,2024-02-05 13:30:00,2024-02-05 14:00:00,3416,LONG,43384.92,12.88469818545206,4.884698185452059,32.88469818545206,-3.853873650107264,2,TRAILING_STOP,False
2024-02-05 15:00:00,2024-02-05 15:15:00,2024-02-05 16:45:00,3427,SHORT,43035.62,94.22732610800136,86.22732610800136,124.22732610800136,0.0,6,TRAILING_STOP,False
2024-02-05 20:15:00,2024-02-05 20:30:00,2024-02-05 21:30:00,3446,SHORT,42432.98,-14.182114949267618,-22.182114949267618,15.817885050732382,-29.20134291770133,4,TRAILING_STOP,False
2024-02-06 08:00:00,2024-02-06 08:15:00,2024-02-06 09:00:00,3492,LONG,42963.59,16.38196901143619,8.38196901143619,36.38196901143619,-8.323326798341284,3,TRAILING_STOP,False
2024-02-06 10:30:00,2024-02-06 10:45:00,2024-02-06 12:15:00,3505,SHORT,42849.58,4.665450629854682,-3.334549370145318,34.66545062985468,-10.770233920612863,6,TRAILING_STOP,False
2024-02-06 15:15:00,2024-02-06 15:30:00,2024-02-06 16:30:00,3522,LONG,43194.01,27.68485259877496,19.68485259877496,47.68485259877496,-10.41579607913348,4,TRAILING_STOP,False
2024-02-07 03:30:00,2024-02-07 03:45:00,2024-02-07 04:30:00,3570,SHORT,42864.1,-13.802296093934014,-21.802296093934014,16.197703906065986,-18.64030739010068,3,TRAILING_STOP,False
2024-02-07 09:30:00,2024-02-07 09:45:00,2024-02-07 12:15:00,3601,LONG,43174.01,-50.69716711512427,-58.69716711512427,0.0,-77.82459864163648,10,TIME_EXIT,False
2024-02-07 14:45:00,2024-02-07 15:00:00,2024-02-07 15:15:00,3613,SHORT,43028.59,-18.507641082360102,-26.507641082360102,11.4923589176399,-37.61220156179968,1,TRAILING_STOP,False
2024-02-07 17:00:00,2024-02-07 17:15:00,2024-02-07 17:30:00,3622,LONG,43268.17,82.11432561164519,74.11432561164519,102.11432561164519,0.0,1,TRAILING_STOP,False
2024-02-07 20:00:00,2024-02-07 20:15:00,2024-02-07 20:30:00,3634,LONG,43837.74,70.03429465113902,62.03429465113902,90.03429465113902,0.0,1,TRAILING_STOP,False
2024-02-08 13:45:00,2024-02-08 14:00:00,2024-02-08 14:15:00,3705,LONG,44984.0,25.785168059754383,17.785168059754383,45.78516805975438,0.0,1,TRAILING_STOP,False
2024-02-08 15:15:00,2024-02-08 15:30:00,2024-02-08 16:00:00,3712,LONG,45373.02,7.545003616687453,-0.45499638331254744,27.545003616687453,-24.827529664103068,2,TRAILING_STOP,False
2024-02-09 02:15:00,2024-02-09 02:30:00,2024-02-09 02:45:00,3755,LONG,45789.95,109.79267284633414,101.79267284633414,129.79267284633414,0.0,1,TRAILING_STOP,False
2024-02-09 08:45:00,2024-02-09 09:00:00,2024-02-09 09:45:00,3783,LONG,46640.0,-14.283876500856884,-22.283876500856884,5.716123499143116,-33.801457975986594,3,TRAILING_STOP,False
2024-02-09 11:30:00,2024-02-09 11:45:00,2024-02-09 12:00:00,3792,LONG,47014.18,125.662436311768,117.662436311768,145.662436311768,0.0,1,TRAILING_STOP,False
2024-02-09 14:15:00,2024-02-09 14:30:00,2024-02-09 15:15:00,3805,SHORT,46930.81,5.2369797154567195,-2.7630202845432805,35.23697971545672,-57.03289587373487,3,TRAILING_STOP,False
2024-02-09 18:15:00,2024-02-09 18:30:00,2024-02-09 21:00:00,3828,LONG,48072.65,-142.9461450533724,-150.9461450533724,0.0,-171.53412595311485,10,TIME_EXIT,False
2024-02-10 08:45:00,2024-02-10 09:00:00,2024-02-10 11:00:00,3884,SHORT,47087.69,31.096647552683585,23.096647552683585,61.096647552683585,-29.812462662746327,8,TRAILING_STOP,False
2024-02-10 13:45:00,2024-02-10 14:00:00,2024-02-10 14:30:00,3898,LONG,47303.58,-5.1131774804363115,-13.113177480436311,14.886822519563689,-14.098298691135495,2,TRAILING_STOP,False
2024-02-10 19:15:00,2024-02-10 19:30:00,2024-02-10 19:45:00,3919,LONG,47484.37,16.986907481345412,8.986907481345412,36.98690748134541,0.0,1,TRAILING_STOP,False
2024-02-10 20:30:00,2024-02-10 20:45:00,2024-02-10 21:00:00,3924,LONG,47903.65,5.724553348230444,-2.275446651769556,25.724553348230444,-26.853903616947647,1,TRAILING_STOP,False
2024-02-11 03:15:00,2024-02-11 03:30:00,2024-02-11 04:00:00,3952,LONG,48077.43,87.16671003421007,79.16671003421007,107.16671003421007,0.0,2,TRAILING_STOP,False
2024-02-11 10:45:00,2024-02-11 11:00:00,2024-02-11 11:30:00,3982,LONG,48142.79,31.621436979451495,23.621436979451495,51.621436979451495,0.0,2,TRAILING_STOP,False
2024-02-11 13:15:00,2024-02-11 13:30:00,2024-02-11 14:15:00,3993,SHORT,48129.2,11.010446880479499,3.010446880479499,41.0104468804795,-7.801916508066395,3,TRAILING_STOP,False
2024-02-12 00:15:00,2024-02-12 00:30:00,2024-02-12 03:00:00,4044,LONG,48710.38,-118.24789706013338,-126.24789706013338,0.0,-143.88309021608958,10,TIME_EXIT,False
2024-02-12 03:45:00,2024-02-12 04:00:00,2024-02-12 05:45:00,4055,LONG,48145.0,-12.017862706407666,-20.017862706407666,7.982137293592333,-25.381659570048207,7,TRAILING_STOP,False
2024-02-12 06:45:00,2024-02-12 07:00:00,2024-02-12 07:30:00,4062,LONG,48149.43,28.357789489926773,20.357789489926773,48.35778948992677,0.0,2,TRAILING_STOP,False
2024-02-12 10:00:00,2024-02-12 10:15:00,2024-02-12 10:45:00,4075,LONG,47969.53,0.9466300795532483,-7.053369920446752,20.94663007955325,-20.31914842609489,2,TRAILING_STOP,False
2024-02-12 14:30:00,2024-02-12 14:45:00,2024-02-12 15:15:00,4093,LONG,48556.3,100.21097159379875,92.21097159379875,120.21097159379875,0.0,2,TRAILING_STOP,False
2024-02-12 15:30:00,2024-02-12 15:45:00,2024-02-12 16:00:00,4096,LONG,49676.01,35.14533071395932,27.145330713959318,55.14533071395932,-8.456798362026667,1,TRAILING_STOP,False
2024-02-12 17:15:00,2024-02-12 17:30:00,2024-02-12 20:00:00,4112,LONG,50046.77,-36.91147300814737,-44.91147300814737,0.0,-109.25180586079718,10,TIME_EXIT,False
2024-02-13 07:45:00,2024-02-13 08:00:00,2024-02-13 09:00:00,4164,LONG,49983.09,13.613368041071901,5.613368041071901,33.6133680410719,0.0,4,TRAILING_STOP,False
2024-02-13 09:45:00,2024-02-13 10:00:00,2024-02-13 12:30:00,4178,LONG,50204.98,-64.73063030799,-72.73063030799,0.0,-110.54281866061956,10,TIME_EXIT,False
2024-02-13 13:30:00,2024-02-13 13:45:00,2024-02-13 14:15:00,4185,SHORT,49540.18,200.15257514203628,192.15257514203628,230.15257514203628,-22.430277806823195,2,TRAILING_STOP,False
2024-02-14 08:00:00,2024-02-14 08:15:00,2024-02-14 10:45:00,4267,SHORT,49761.11,-309.2555612203987,-317.2555612203987,0.0,-386.82617811379197,10,TIME_EXIT,False
2024-02-14 14:30:00,2024-02-14 14:45:00,2024-02-14 15:00:00,4284,LONG,51757.98,21.506643033594905,13.506643033594905,41.506643033594905,-55.42720175710193,1,TRAILING_STOP,False
2024-02-15 00:15:00,2024-02-15 00:30:00,2024-02-15 01:00:00,4324,LONG,52269.2,8.46800792818771,0.46800792818770987,28.46800792818771,-51.50260574104771,2,TRAILING_STOP,False
2024-02-15 07:30:00,2024-02-15 07:45:00,2024-02-15 08:15:00,4353,SHORT,51728.0,-14.921125889266934,-22.921125889266932,15.078874110733066,-48.92901330033995,2,TRAILING_STOP,False
2024-02-15 09:15:00,2024-02-15 09:30:00,2024-02-15 10:15:00,4361,LONG,52078.0,24.060831829179143,16.060831829179143,44.06083182917914,0.0,3,TRAILING_STOP,False
2024-02-15 11:30:00,2024-02-15 11:45:00,2024-02-15 12:15:00,4369,SHORT,52241.09,0.8358803386369829,-7.164119661363017,30.835880338636983,-48.4120832853992,2,TRAILING_STOP,False
2024-02-15 14:30:00,2024-02-15 14:45:00,2024-02-15 15:00:00,4380,LONG,52595.01,-7.643314451314307,-15.643314451314307,12.356685548685693,-72.28632526165549,1,TRAILING_STOP,False
2024-02-15 15:30:00,2024-02-15 15:45:00,2024-02-15 16:15:00,4385,SHORT,51959.44,11.848026075724128,3.8480260757241282,41.84802607572413,-68.36101389853259,2,TRAILING_STOP,False
2024-02-16 07:30:00,2024-02-16 07:45:00,2024-02-16 08:30:00,4450,SHORT,51829.9,-2.706873831514411,-10.706873831514411,27.29312616848559,-18.661043143050858,3,TRAILING_STOP,False
2024-02-16 10:45:00,2024-02-16 11:00:00,2024-02-16 11:45:00,4463,LONG,52299.99,5.978972462519138,-2.0210275374808617,25.97897246251914,-23.6998133269236,3,TRAILING_STOP,False
2024-02-16 14:45:00,2024-02-16 15:00:00,2024-02-16 15:15:00,4477,SHORT,51920.32,27.089401606152705,19.089401606152705,57.089401606152705,0.0,1,TRAILING_STOP,False
2024-02-17 10:15:00,2024-02-17 10:30:00,2024-02-17 13:00:00,4564,SHORT,51580.01,2.977897832900882,-5.022102167099118,4.20511744763181,-42.65024376691628,10,TIME_EXIT,False
2024-02-17 13:15:00,2024-02-17 13:30:00,2024-02-17 14:45:00,4571,SHORT,51381.74,117.27800187381703,109.27800187381703,147.27800187381703,0.0,5,TRAILING_STOP,False
2024-02-17 19:30:00,2024-02-17 19:45:00,2024-02-17 20:45:00,4595,SHORT,51411.1,-8.97341235647583,-16.97341235647583,21.02658764352417,-29.1590726516265,4,TRAILING_STOP,False
2024-02-17 21:15:00,2024-02-17 21:30:00,2024-02-17 22:00:00,4600,LONG,51840.77,-18.989212544488588,-26.989212544488588,1.010787455511413,-28.462154400869363,2,TRAILING_STOP,False
2024-02-18 02:45:00,2024-02-18 03:00:00,2024-02-18 03:30:00,4622,SHORT,51277.99,-25.892974744135316,-33.892974744135316,4.107025255864684,-37.522921627779,2,TRAILING_STOP,False
2024-02-18 09:00:00,2024-02-18 09:15:00,2024-02-18 10:00:00,4648,LONG,51902.01,12.174091138281149,4.174091138281149,32.17409113828115,-16.1862710133966,3,TRAILING_STOP,False
2024-02-18 12:30:00,2024-02-18 12:45:00,2024-02-18 14:30:00,4666,SHORT,51733.08,7.109717805319768,-0.890282194680232,37.10971780531977,-37.43832766191386,7,TRAILING_STOP,False
2024-02-18 22:00:00,2024-02-18 22:15:00,2024-02-18 22:30:00,4698,LONG,52200.0,13.90804597701149,5.90804597701149,33.90804597701149,-25.73754789272003,1,TRAILING_STOP,False
2024-02-18 23:15:00,2024-02-18 23:30:00,2024-02-19 00:00:00,4704,SHORT,52135.09,-17.946697703984686,-25.946697703984686,12.053302296015314,-27.217752956790036,2,TRAILING_STOP,False
2024-02-19 06:15:00,2024-02-19 06:30:00,2024-02-19 07:30:00,4734,LONG,52414.86,-5.89903702881278,-13.89903702881278,14.10096297118722,-22.409675424106663,4,TRAILING_STOP,False
2024-02-19 16:45:00,2024-02-19 17:00:00,2024-02-19 19:30:00,4782,SHORT,51775.76,-15.95534280906752,-23.95534280906752,0.0,-83.86936280606946,10,TIME_EXIT,False
2024-02-20 00:30:00,2024-02-20 00:45:00,2024-02-20 01:30:00,4806,SHORT,51569.34,20.095657613612374,12.095657613612374,50.095657613612374,-27.273957743108884,3,TRAILING_STOP,False
2024-02-20 09:15:00,2024-02-20 09:30:00,2024-02-20 09:45:00,4839,SHORT,51615.08,-20.103667377828003,-28.103667377828003,9.896332622171997,-33.957130358026525,1,TRAILING_STOP,False
2024-02-20 11:00:00,2024-02-20 11:15:00,2024-02-20 12:30:00,4850,LONG,52297.88,-1.4294575611855365,-9.429457561185536,18.570542438814464,-21.811591597976765,5,TRAILING_STOP,False
2024-02-20 13:30:00,2024-02-20 13:45:00,2024-02-20 16:15:00,4865,LONG,52874.68,-213.74313754712153,-221.74313754712153,0.0,-290.248565097699,10,TIME_EXIT,False
2024-02-20 23:00:00,2024-02-20 23:15:00,2024-02-21 01:45:00,4903,LONG,52397.15,-56.22252355328558,-64.22252355328558,0.0,-66.25169498722725,10,TIME_EXIT,False
2024-02-21 07:00:00,2024-02-21 07:15:00,2024-02-21 08:15:00,4929,SHORT,51621.15,-12.398687359735188,-20.398687359735188,17.601312640264812,-32.13605276131962,4,TRAILING_STOP,False
2024-02-21 09:00:00,2024-02-21 09:15:00,2024-02-21 10:00:00,4936,SHORT,51527.52,94.11231900933655,86.11231900933655,124.11231900933655,0.0,3,TRAILING_STOP,False
2024-02-21 12:00:00,2024-02-21 12:15:00,2024-02-21 13:00:00,4948,LONG,51092.48,48.46017261248599,40.46017261248599,68.46017261248599,0.0,3,TRAILING_STOP,False
2024-02-22 08:00:00,2024-02-22 08:15:00,2024-02-22 08:45:00,5027,SHORT,51782.12,-8.815081344679523,-16.815081344679523,21.184918655320477,-28.449974624445602,2,TRAILING_STOP,False
2024-02-22 13:15:00,2024-02-22 13:30:00,2024-02-22 13:45:00,5047,SHORT,51265.76,33.391238128529295,25.391238128529295,63.391238128529295,0.0,1,TRAILING_STOP,False
2024-02-23 02:45:00,2024-02-23 03:00:00,2024-02-23 04:15:00,5105,SHORT,51096.38,-7.223435397968039,-15.22343539796804,22.77656460203196,-27.450085505079233,5,TRAILING_STOP,False
2024-02-23 07:45:00,2024-02-23 08:00:00,2024-02-23 09:30:00,5126,SHORT,50915.95,-13.11923866686233,-21.11923866686233,16.88076133313767,-49.55028826919676,6,TRAILING_STOP,False
2024-02-23 14:15:00,2024-02-23 14:30:00,2024-02-23 14:45:00,5147,LONG,51187.85,-4.254075918406702,-12.254075918406702,15.745924081593298,-75.7074188503715,1,TRAILING_STOP,False
2024-02-23 16:00:00,2024-02-23 16:15:00,2024-02-23 18:45:00,5163,SHORT,50695.15,-80.60139875313527,-88.60139875313527,0.0,-98.34076829834822,10,TIME_EXIT,False
2024-02-23 23:15:00,2024-02-23 23:30:00,2024-02-23 23:45:00,5183,LONG,50790.66,4.807710709016185,-3.1922892909838154,24.807710709016185,-14.211274277593615,1,TRAILING_STOP,False
2024-02-24 05:15:00,2024-02-24 05:30:00,2024-02-24 08:00:00,5216,SHORT,51032.72,2.8138809767538517,-5.186119023246148,18.407797977454923,-16.728483216257207,10,TIME_EXIT,False
2024-02-24 17:30:00,2024-02-24 17:45:00,2024-02-24 18:30:00,5258,LONG,51558.93,6.2282401904002285,-1.7717598095997715,26.22824019040023,-9.579329904635223,3,TRAILING_STOP,False
2024-02-25 02:00:00,2024-02-25 02:15:00,2024-02-25 02:30:00,5290,LONG,51783.13,-12.667496151738767,-20.667496151738767,7.332503848261232,-19.633807380897654,1,TRAILING_STOP,False
2024-02-25 14:30:00,2024-02-25 14:45:00,2024-02-25 15:30:00,5342,LONG,51754.0,-18.8928392008341,-26.8928392008341,1.1071607991659005,-44.44100939057851,3,TRAILING_STOP,False
2024-02-25 15:45:00,2024-02-25 16:00:00,2024-02-25 17:15:00,5349,SHORT,51524.02,17.399251844090173,9.399251844090173,47.39925184409017,-19.792710273771963,5,TRAILING_STOP,False
2024-02-25 20:00:00,2024-02-25 20:15:00,2024-02-25 20:45:00,5363,LONG,51900.0,-18.709055876686495,-26.709055876686495,1.2909441233135046,-37.24277456647416,2,TRAILING_STOP,False
2024-02-26 07:45:00,2024-02-26 08:00:00,2024-02-26 10:00:00,5416,SHORT,51293.26,46.38820383028876,38.38820383028876,76.38820383028876,-15.869531396522946,8,TRAILING_STOP,False
2024-02-26 14:45:00,2024-02-26 15:00:00,2024-02-26 15:30:00,5438,LONG,51687.03,175.98146769121794,167.98146769121794,195.98146769121794,0.0,2,TRAILING_STOP,False
2024-02-26 15:45:00,2024-02-26 16:00:00,2024-02-26 16:15:00,5441,LONG,52842.33,112.23678819612928,104.23678819612928,132.23678819612928,0.0,1,TRAILING_STOP,False
2024-02-26 19:15:00,2024-02-26 19:30:00,2024-02-26 20:00:00,5456,LONG,54234.09,104.62825503295133,96.62825503295133,124.62825503295133,0.0,2,TRAILING_STOP,False
2024-02-27 01:30:00,2024-02-27 01:45:00,2024-02-27 02:00:00,5480,LONG,55100.01,338.226795240145,330.226795240145,358.226795240145,0.0,1,TRAILING_STOP,False
2024-02-27 12:30:00,2024-02-27 12:45:00,2024-02-27 15:15:00,5533,LONG,57383.87,-25.97419797584285,-33.97419797584285,0.0,-135.5677126690832,10,TIME_EXIT,False
2024-02-28 07:15:00,2024-02-28 07:30:00,2024-02-28 07:45:00,5599,LONG,57430.0,145.34389691798705,137.34389691798705,165.34389691798705,0.0,1,TRAILING_STOP,False
2024-02-28 08:00:00,2024-02-28 08:15:00,2024-02-28 08:30:00,5602,LONG,58438.15,68.95729929848883,60.957299298488834,88.95729929848883,0.0,1,TRAILING_STOP,False
2024-02-28 08:45:00,2024-02-28 09:00:00,2024-02-28 11:30:00,5614,LONG,59448.42,-12.322756433224058,-20.322756433224058,7.6772435667759416,-102.2079308415599,10,TRAILING_STOP,False
2024-02-28 13:15:00,2024-02-28 13:30:00,2024-02-28 14:00:00,5624,LONG,60264.01,48.9549201920011,40.9549201920011,68.9549201920011,-16.648410884042026,2,TRAILING_STOP,False
2024-02-28 17:00:00,2024-02-28 17:15:00,2024-02-28 19:45:00,5647,LONG,63690.12,-430.05257330336354,-438.05257330336354,0.0,-783.4998583767784,10,TIME_EXIT,False
2024-02-29 04:45:00,2024-02-29 05:00:00,2024-02-29 05:45:00,5687,LONG,62443.89,15.675227792503655,7.675227792503655,35.675227792503655,-101.3373766432554,3,TRAILING_STOP,False
2024-02-29 06:00:00,2024-02-29 06:15:00,2024-02-29 06:45:00,5691,LONG,63199.99,55.37342964769465,47.37342964769465,75.37342964769465,-50.07595729049893,2,TRAILING_STOP,False
2024-02-29 13:30:00,2024-02-29 13:45:00,2024-02-29 14:00:00,5720,LONG,62762.55,56.07084160856992,48.07084160856992,76.07084160856992,0.0,1,TRAILING_STOP,False
2024-02-29 14:30:00,2024-02-29 14:45:00,2024-02-29 15:15:00,5725,SHORT,62958.32,32.31265383193161,24.312653831931613,62.31265383193161,-51.09412068174632,2,TRAILING_STOP,False
2024-02-29 16:30:00,2024-02-29 16:45:00,2024-02-29 17:30:00,5734,SHORT,61855.88,174.97162112963156,166.97162112963156,204.97162112963156,-89.04893116062688,3,TRAILING_STOP,False
2024-03-01 07:30:00,2024-03-01 07:45:00,2024-03-01 08:00:00,5792,SHORT,61422.4,-12.786410169579309,-20.78641016957931,17.21358983042069,-17.98529526687351,1,TRAILING_STOP,False
2024-03-01 08:30:00,2024-03-01 08:45:00,2024-03-01 09:30:00,5798,LONG,62153.46,-14.442787255930583,-22.442787255930583,5.5572127440694175,-48.12765049604597,3,TRAILING_STOP,False
2024-03-01 14:30:00,2024-03-01 14:45:00,2024-03-01 16:00:00,5824,SHORT,61889.56,92.56509821688758,84.56509821688758,122.56509821688758,-47.2212114611899,5,TRAILING_STOP,False
2024-03-01 20:45:00,2024-03-01 21:00:00,2024-03-01 21:30:00,5846,LONG,62861.1,-18.68281019581286,-26.68281019581286,1.3171898041871422,-54.7922323980968,2,TRAILING_STOP,False
2024-03-02 15:45:00,2024-03-02 16:00:00,2024-03-02 16:45:00,5923,SHORT,61771.21,-6.330397283783313,-14.330397283783313,23.669602716216687,-16.59025296736185,3,TRAILING_STOP,False
2024-03-03 07:15:00,2024-03-03 07:30:00,2024-03-03 08:30:00,5986,SHORT,61592.01,2.1762514326128155,-5.8237485673871845,32.176251432612816,-20.686124710006414,4,TRAILING_STOP,False
2024-03-03 12:00:00,2024-03-03 12:15:00,2024-03-03 12:30:00,6002,LONG,62242.01,43.97126313883472,35.97126313883472,63.97126313883472,0.0,1,TRAILING_STOP,False
2024-03-03 22:15:00,2024-03-03 22:30:00,2024-03-04 00:45:00,6051,LONG,63145.17,157.8552500531711,149.8552500531711,177.8552500531711,-133.84554986549222,9,TRAILING_STOP,False
2024-03-04 07:30:00,2024-03-04 07:45:00,2024-03-04 08:45:00,6083,LONG,64123.14,194.72123791816816,186.72123791816816,214.72123791816816,-19.186521433603975,4,TRAILING_STOP,False
2024-03-04 14:00:00,2024-03-04 14:15:00,2024-03-04 14:30:00,6106,LONG,65224.9,141.7633756433507,133.7633756433507,161.7633756433507,0.0,1,TRAILING_STOP,False
2024-03-04 14:45:00,2024-03-04 15:00:00,2024-03-04 15:15:00,6109,LONG,66169.41,14.092793029285964,6.092793029285964,34.092793029285964,-22.339627933815184,1,TRAILING_STOP,False
2024-03-04 23:00:00,2024-03-04 23:15:00,2024-03-05 00:15:00,6145,LONG,68368.02,-8.927571692145381,-16.92757169214538,11.072428307854619,-134.43419891346946,4,TRAILING_STOP,False
2024-03-05 04:45:00,2024-03-05 05:00:00,2024-03-05 05:15:00,6165,SHORT,67326.18,95.46085341541628,87.46085341541628,125.46085341541628,0.0,1,TRAILING_STOP,False
2024-03-05 14:45:00,2024-03-05 15:00:00,2024-03-05 17:30:00,6214,LONG,68710.41,-544.1431654970479,-552.1431654970479,0.0,-777.1529816224362,10,TIME_EXIT,False
2024-03-05 19:45:00,2024-03-05 20:00:00,2024-03-05 22:30:00,6234,SHORT,61410.98,-253.45793211572175,-261.45793211572175,0.0,-418.3307284788477,10,TIME_EXIT,False
2024-03-06 04:45:00,2024-03-06 05:00:00,2024-03-06 05:30:00,6262,LONG,64607.97,229.65650522683129,221.65650522683129,249.65650522683129,0.0,2,TRAILING_STOP,False
2024-03-06 12:45:00,2024-03-06 13:00:00,2024-03-06 13:45:00,6295,SHORT,65929.5,-11.851826572324349,-19.85182657232435,18.14817342767565,-107.62405296566752,3,TRAILING_STOP,False
2024-03-07 08:00:00,2024-03-07 08:15:00,2024-03-07 08:45:00,6371,LONG,66766.05,-5.359325585383591,-13.35932558538359,14.64067441461641,-30.861493228969348,2,TRAILING_STOP,False
2024-03-07 14:30:00,2024-03-07 14:45:00,2024-03-07 15:30:00,6398,SHORT,67196.01,36.37447669883893,28.374476698838933,66.37447669883893,-22.916539240946783,3,TRAILING_STOP,False
2024-03-08 06:45:00,2024-03-08 07:00:00,2024-03-08 07:30:00,6462,LONG,67563.6,-16.28498185413577,-24.28498185413577,3.715018145864233,-37.99235091084583,2,TRAILING_STOP,False
2024-03-08 14:30:00,2024-03-08 14:45:00,2024-03-08 15:30:00,6494,LONG,68347.59,220.3025476099455,212.3025476099455,240.3025476099455,-175.22051618791482,3,TRAILING_STOP,False
2024-03-08 16:00:00,2024-03-08 16:15:00,2024-03-08 18:45:00,6507,SHORT,66417.31,-325.32181745993586,-333.32181745993586,0.0,-358.59476994777447,10,TIME_EXIT,False
2024-03-09 06:45:00,2024-03-09 07:00:00,2024-03-09 07:45:00,6559,LONG,68426.01,-3.6421851865967945,-11.642185186596794,16.357814813403206,-21.338377029435847,3,TRAILING_STOP,False
2024-03-10 00:30:00,2024-03-10 00:45:00,2024-03-10 03:15:00,6637,SHORT,68231.18,-107.55053627974803,-115.55053627974803,0.0,-144.3357714171156,10,TIME_EXIT,False
2024-03-10 04:00:00,2024-03-10 04:15:00,2024-03-10 04:45:00,6643,LONG,69479.08,-2.5962001799680934,-10.596200179968093,17.403799820031907,-26.49430591193806,2,TRAILING_STOP,False
2024-03-10 09:15:00,2024-03-10 09:30:00,2024-03-10 11:30:00,6670,SHORT,69364.09,-29.325299301123533,-37.325299301123536,0.674700698876467,-75.47421151203801,8,TRAILING_STOP,False
2024-03-10 14:30:00,2024-03-10 14:45:00,2024-03-10 17:15:00,6693,SHORT,68888.69,-74.22118202567111,-82.22118202567111,0.0,-127.7263365002295,10,TIME_EXIT,False
2024-03-10 22:00:00,2024-03-10 22:15:00,2024-03-10 22:45:00,6715,SHORT,68913.1,88.75100670264518,80.75100670264518,118.75100670264518,0.0,2,TRAILING_STOP,False
2024-03-11 00:45:00,2024-03-11 01:00:00,2024-03-11 01:30:00,6726,SHORT,68095.99,45.15714214596309,37.15714214596309,75.15714214596309,-39.272503417601094,2,TRAILING_STOP,False
2024-03-11 06:45:00,2024-03-11 07:00:00,2024-03-11 07:15:00,6749,LONG,69319.79,195.26464520449449,187.26464520449449,215.26464520449449,0.0,1,TRAILING_STOP,False
2024-03-11 07:30:00,2024-03-11 07:45:00,2024-03-11 08:00:00,6752,LONG,70724.01,83.35810992617716,75.35810992617716,103.35810992617716,0.0,1,TRAILING_STOP,False
2024-03-12 03:15:00,2024-03-12 03:30:00,2024-03-12 04:00:00,6832,SHORT,71669.18,21.37215187895174,13.37215187895174,51.37215187895174,-15.461318240282955,2,TRAILING_STOP,False
2024-03-12 12:30:00,2024-03-12 12:45:00,2024-03-12 13:30:00,6870,LONG,72069.99,16.49646683730618,8.49646683730618,36.49646683730618,-37.462194735978905,3,TRAILING_STOP,False
2024-03-12 14:00:00,2024-03-12 14:15:00,2024-03-12 15:00:00,6876,SHORT,71765.91,104.59175812025563,96.59175812025563,134.59175812025563,-68.46286767631062,3,TRAILING_STOP,False
2024-03-12 16:15:00,2024-03-12 16:30:00,2024-03-12 17:00:00,6884,SHORT,70606.96,118.5632577864854,110.5632577864854,148.5632577864854,-29.04246266940223,2,TRAILING_STOP,False
2024-03-12 17:15:00,2024-03-12 17:30:00,2024-03-12 20:00:00,6896,SHORT,69254.25,-278.5273105982663,-286.5273105982663,0.0,-346.6574253565666,10,TIME_EXIT,False
2024-03-13 01:30:00,2024-03-13 01:45:00,2024-03-13 02:15:00,6921,LONG,71854.52,11.352237827209592,3.352237827209592,31.352237827209592,0.0,2,TRAILING_STOP,False
2024-03-13 06:30:00,2024-03-13 06:45:00,2024-03-13 07:15:00,6941,LONG,72561.1,65.59958435029172,57.59958435029172,85.59958435029172,0.0,2,TRAILING_STOP,False
2024-03-13 08:15:00,2024-03-13 08:30:00,2024-03-13 08:45:00,6947,LONG,73487.72,-1.850028821141187,-9.850028821141187,18.149971178858813,-19.754320857960796,1,TRAILING_STOP,False
2024-03-13 12:30:00,2024-03-13 12:45:00,2024-03-13 13:00:00,6964,SHORT,72735.86,-5.973336948240558,-13.973336948240558,24.026663051759442,-40.54121309626429,1,TRAILING_STOP,False
2024-03-13 13:30:00,2024-03-13 13:45:00,2024-03-13 14:00:00,6968,SHORT,72550.0,45.658166781529175,37.658166781529175,75.65816678152918,-49.673328738801466,1,TRAILING_STOP,False
2024-03-14 04:00:00,2024-03-14 04:15:00,2024-03-14 06:45:00,7035,LONG,73553.74,3.209897960321335,-4.790102039678665,6.289279103957836,-118.78933688484163,10,TIME_EXIT,False
2024-03-14 12:15:00,2024-03-14 12:30:00,2024-03-14 12:45:00,7059,SHORT,72761.33,-8.102379382014906,-16.102379382014906,21.897620617985094,-12.190541321880328,1,TRAILING_STOP,False
2024-03-14 13:30:00,2024-03-14 13:45:00,2024-03-14 14:00:00,7064,SHORT,72118.41,28.593915201403775,20.593915201403775,58.593915201403775,-7.15351322914586,1,TRAILING_STOP,False
2024-03-14 18:45:00,2024-03-14 19:00:00,2024-03-14 19:30:00,7086,SHORT,70098.49,190.18876583504226,182.18876583504226,220.18876583504226,-15.90761798149928,2,TRAILING_STOP,False
2024-03-14 23:00:00,2024-03-14 23:15:00,2024-03-15 00:15:00,7105,SHORT,71700.0,32.20362622036262,24.203626220362622,62.20362622036262,-57.10320781031981,4,TRAILING_STOP,False
2024-03-15 02:30:00,2024-03-15 02:45:00,2024-03-15 03:00:00,7116,SHORT,69680.0,112.52726750861146,104.52726750861146,142.52726750861146,0.0,1,TRAILING_STOP,False
2024-03-15 03:15:00,2024-03-15 03:30:00,2024-03-15 04:00:00,7120,SHORT,67439.25,-16.765867058130095,-24.765867058130095,13.234132941869905,-220.5718479965308,2,TRAILING_STOP,False
2024-03-15 09:00:00,2024-03-15 09:15:00,2024-03-15 11:45:00,7151,SHORT,66136.0,-245.21591871295433,-253.21591871295433,0.0,-297.48397242046724,10,TIME_EXIT,False
2024-03-15 18:45:00,2024-03-15 19:00:00,2024-03-15 19:15:00,7181,LONG,70234.0,8.70262266138857,0.7026226613885704,28.70262266138857,-87.22556026995406,1,TRAILING_STOP,False
2024-03-15 19:45:00,2024-03-15 20:00:00,2024-03-15 20:15:00,7185,SHORT,68964.0,130.37207818572082,122.37207818572082,160.37207818572082,0.0,1,TRAILING_STOP,False
2024-03-16 00:00:00,2024-03-16 00:15:00,2024-03-16 01:30:00,7206,SHORT,69772.0,72.61996216247205,64.61996216247205,102.61996216247205,-28.234821991629882,5,TRAILING_STOP,False
2024-03-16 08:15:00,2024-03-16 08:30:00,2024-03-16 10:15:00,7241,SHORT,69176.2,95.16443516700781,87.16443516700781,125.16443516700781,-14.730499796173934,7,TRAILING_STOP,False
2024-03-16 11:15:00,2024-03-16 11:30:00,2024-03-16 13:15:00,7253,SHORT,67919.7,-12.376247244908754,-20.376247244908754,17.623752755091246,-79.29216412911171,7,TRAILING_STOP,False
2024-03-16 17:45:00,2024-03-16 18:00:00,2024-03-16 18:15:00,7273,SHORT,67275.85,45.40595919635395,37.40595919635395,75.40595919635395,-7.1571002075773364,1,TRAILING_STOP,False
2024-03-17 06:30:00,2024-03-17 06:45:00,2024-03-17 07:00:00,7324,SHORT,65667.37,89.90277667584303,81.90277667584303,119.90277667584303,0.0,1,TRAILING_STOP,False
2024-03-17 07:15:00,2024-03-17 07:30:00,2024-03-17 07:45:00,7327,LONG,65288.37,54.821901664874275,46.821901664874275,74.82190166487428,0.0,1,TRAILING_STOP,False
2024-03-17 10:15:00,2024-03-17 10:30:00,2024-03-17 10:45:00,7339,SHORT,67060.04,8.36561982366829,0.3656198236682897,38.36561982366829,-17.169688535825422,1,TRAILING_STOP,False
2024-03-17 22:45:00,2024-03-17 23:00:00,2024-03-17 23:45:00,7391,SHORT,68228.01,-7.6294222856580305,-15.62942228565803,22.37057771434197,-62.60771785664033,3,TRAILING_STOP,False
2024-03-18 00:30:00,2024-03-18 00:45:00,2024-03-18 01:00:00,7396,SHORT,67485.71,71.60817749416971,63.60817749416971,101.60817749416971,-0.4875106152092935,1,TRAILING_STOP,False
2024-03-18 08:15:00,2024-03-18 08:30:00,2024-03-18 11:00:00,7436,SHORT,67521.55,-92.26091521891779,-100.26091521891779,0.0,-104.43776838653629,10,TIME_EXIT,False
2024-03-18 13:30:00,2024-03-18 13:45:00,2024-03-18 14:00:00,7448,SHORT,67633.08,28.44329431692362,20.44329431692362,58.44329431692362,-15.341605025232438,1,TRAILING_STOP,False
2024-03-18 14:30:00,2024-03-18 14:45:00,2024-03-18 15:15:00,7453,SHORT,66923.8,14.097914344375226,6.097914344375226,44.097914344375226,-32.208272692226515,2,TRAILING_STOP,False
2024-03-19 00:45:00,2024-03-19 01:00:00,2024-03-19 01:15:00,7493,SHORT,67086.96,113.39001200829586,105.39001200829586,143.39001200829586,0.0,1,TRAILING_STOP,False
2024-03-19 01:30:00,2024-03-19 01:45:00,2024-03-19 02:00:00,7496,SHORT,66094.72,47.8761147637816,39.8761147637816,77.8761147637816,-0.7988535241542495,1,TRAILING_STOP,False
2024-03-19 03:30:00,2024-03-19 03:45:00,2024-03-19 04:15:00,7505,SHORT,65236.0,1.3017352382115845,-6.6982647617884155,31.301735238211585,-113.44962903918172,2,TRAILING_STOP,False
2024-03-19 07:00:00,2024-03-19 07:15:00,2024-03-19 08:45:00,7523,SHORT,63956.07,99.31845249403219,91.31845249403219,129.3184524940322,-121.63192641449099,6,TRAILING_STOP,False
2024-03-19 23:00:00,2024-03-19 23:15:00,2024-03-19 23:30:00,7582,SHORT,61940.0,18.98127219890207,10.981272198902069,48.98127219890207,-41.97610590894414,1,TRAILING_STOP,False
2024-03-20 04:30:00,2024-03-20 04:45:00,2024-03-20 05:00:00,7604,SHORT,61320.31,16.527814357102514,8.527814357102514,46.527814357102514,-74.02767533301811,1,TRAILING_STOP,False
2024-03-20 08:45:00,2024-03-20 09:00:00,2024-03-20 11:30:00,7630,SHORT,62684.71,-122.38072091264351,-130.3807209126435,0.0,-203.08461186148884,10,TIME_EXIT,False
2024-03-20 17:15:00,2024-03-20 17:30:00,2024-03-20 17:45:00,7655,LONG,64086.21,9.012481780401789,1.0124817804017887,29.01248178040179,-35.68474403463746,1,TRAILING_STOP,False
2024-03-21 03:45:00,2024-03-21 04:00:00,2024-03-21 04:15:00,7697,SHORT,66654.46,-20.57227378332807,-28.57227378332807,9.42772621667193,-44.0390635525355,1,TRAILING_STOP,False
2024-03-21 13:30:00,2024-03-21 13:45:00,2024-03-21 14:00:00,7736,SHORT,67035.99,45.25211457308326,37.25211457308326,75.25211457308326,-23.996065397109906,1,TRAILING_STOP,False
2024-03-21 15:00:00,2024-03-21 15:15:00,2024-03-21 15:30:00,7742,SHORT,66316.0,8.603052053803005,0.6030520538030046,38.603052053803005,-24.181193075577625,1,TRAILING_STOP,False
2024-03-22 09:30:00,2024-03-22 09:45:00,2024-03-22 10:30:00,7818,SHORT,65440.85,95.44152467457275,87.44152467457275,125.44152467457275,-24.319671886902672,3,TRAILING_STOP,False
2024-03-22 11:45:00,2024-03-22 12:00:00,2024-03-22 12:30:00,7826,SHORT,64233.9,-29.13441344834971,-37.13441344834971,0.8655865516502885,-54.81373542630862,2,TRAILING_STOP,False
2024-03-22 13:30:00,2024-03-22 13:45:00,2024-03-22 14:15:00,7833,SHORT,63630.01,116.15587833476769,108.15587833476769,146.1558783347677,0.0,2,TRAILING_STOP,False
2024-03-22 21:30:00,2024-03-22 21:45:00,2024-03-22 22:00:00,7864,SHORT,62684.5,-28.42385278657445,-36.42385278657445,1.5761472134255488,-56.91040049773038,1,TRAILING_STOP,False
2024-03-23 01:30:00,2024-03-23 01:45:00,2024-03-23 03:30:00,7886,SHORT,64074.5,137.69541705358608,129.69541705358608,167.69541705358608,-46.88448602798359,7,TRAILING_STOP,False
2024-03-23 07:00:00,2024-03-23 07:15:00,2024-03-23 07:45:00,7903,LONG,64503.7,13.387232050254575,5.387232050254575,33.387232050254575,-7.371670152254155,2,TRAILING_STOP,False
2024-03-23 14:30:00,2024-03-23 14:45:00,2024-03-23 15:00:00,7932,LONG,65078.17,21.769767035551517,13.769767035551517,41.76976703555152,-2.1066972227398417,1,TRAILING_STOP,False
2024-03-23 16:30:00,2024-03-23 16:45:00,2024-03-23 17:00:00,7940,LONG,65709.99,-14.367675295644581,-22.36767529564458,5.63232470435542,-31.95708902101571,1,TRAILING_STOP,False
2024-03-23 23:15:00,2024-03-23 23:30:00,2024-03-24 00:00:00,7968,SHORT,64413.99,55.74690063447311,47.74690063447311,85.7469006344731,-5.590400470457123,2,TRAILING_STOP,False
2024-03-24 07:45:00,2024-03-24 08:00:00,2024-03-24 08:15:00,8001,LONG,64583.44,38.52583882183977,30.52583882183977,58.52583882183977,0.0,1,TRAILING_STOP,False
2024-03-24 12:00:00,2024-03-24 12:15:00,2024-03-24 14:45:00,8027,SHORT,65213.99,-66.85682013936079,-74.85682013936079,0.0,-109.05635431906626,10,TIME_EXIT,False
2024-03-24 17:00:00,2024-03-24 17:15:00,2024-03-24 19:45:00,8047,SHORT,64869.86,-150.0172807525719,-158.0172807525719,0.0,-181.30607958765515,10,TIME_EXIT,False
2024-03-24 22:00:00,2024-03-24 22:15:00,2024-03-24 23:15:00,8061,LONG,66841.26,97.80597792441489,89.80597792441489,117.80597792441489,-13.354027138326652,4,TRAILING_STOP,False
2024-03-25 13:30:00,2024-03-25 13:45:00,2024-03-25 14:00:00,8120,LONG,67185.01,220.37951322772824,212.37951322772824,240.37951322772824,0.0,1,TRAILING_STOP,False
2024-03-25 14:15:00,2024-03-25 14:30:00,2024-03-25 15:00:00,8124,LONG,69167.64,67.94719611656515,59.94719611656515,87.94719611656515,-32.73496103090958,2,TRAILING_STOP,False
2024-03-26 07:00:00,2024-03-26 07:15:00,2024-03-26 07:30:00,8190,LONG,70824.01,83.07239028120549,75.07239028120549,103.07239028120549,0.0,1,TRAILING_STOP,False
2024-03-26 07:45:00,2024-03-26 08:00:00,2024-03-26 08:30:00,8194,SHORT,70486.38,-28.718901438831328,-36.718901438831324,1.2810985611686734,-47.331129787058906,2,TRAILING_STOP,False
2024-03-26 13:30:00,2024-03-26 13:45:00,2024-03-26 14:00:00,8216,SHORT,70554.0,33.206905349093894,25.206905349093894,63.206905349093894,-17.320066899112323,1,TRAILING_STOP,False
2024-03-26 14:15:00,2024-03-26 14:30:00,2024-03-26 16:45:00,8227,SHORT,69588.87,-4.583579241911046,-12.583579241911046,25.416420758088954,-130.78671919805635,9,TRAILING_STOP,False
2024-03-27 00:30:00,2024-03-27 00:45:00,2024-03-27 01:15:00,8261,LONG,70453.86,20.564136585276316,12.564136585276316,40.564136585276316,-4.805982241427309,2,TRAILING_STOP,False
2024-03-27 07:15:00,2024-03-27 07:30:00,2024-03-27 08:00:00,8288,SHORT,69815.99,-4.792307607468544,-12.792307607468544,25.207692392531456,-18.39263469586107,2,TRAILING_STOP,False
2024-03-27 09:00:00,2024-03-27 09:15:00,2024-03-27 10:30:00,8298,LONG,69676.91,55.13105848120857,47.13105848120857,75.13105848120857,0.0,5,TRAILING_STOP,False
2024-03-27 13:00:00,2024-03-27 13:15:00,2024-03-27 13:30:00,8310,LONG,71238.79,54.50294986762128,46.50294986762128,74.50294986762128,-122.28590631592623,1,TRAILING_STOP,False
2024-03-27 13:45:00,2024-03-27 14:00:00,2024-03-27 14:15:00,8313,SHORT,69891.99,91.67631798722546,83.67631798722546,121.67631798722546,-24.579354515444983,1,TRAILING_STOP,False
2024-03-28 06:15:00,2024-03-28 06:30:00,2024-03-28 07:00:00,8380,LONG,70077.18,36.02965187811696,28.029651878116958,56.02965187811696,0.0,2,TRAILING_STOP,False
2024-03-28 13:15:00,2024-03-28 13:30:00,2024-03-28 14:00:00,8408,LONG,71020.0,9.687411996620177,1.6874119966201775,29.687411996620177,-47.46550267530355,2,TRAILING_STOP,False
2024-03-28 14:30:00,2024-03-28 14:45:00,2024-03-28 15:00:00,8412,LONG,71270.0,17.60067349515868,9.60067349515868,37.60067349515868,-15.185912726251708,1,TRAILING_STOP,False
2024-03-29 03:15:00,2024-03-29 03:30:00,2024-03-29 04:15:00,8465,SHORT,70304.96,-27.303177471403668,-35.30317747140367,2.696822528596332,-27.457522200424208,3,TRAILING_STOP,False
2024-03-29 07:30:00,2024-03-29 07:45:00,2024-03-29 08:30:00,8482,SHORT,69991.57,9.943381752974965,1.9433817529749646,39.943381752974965,-13.20730482256474,3,TRAILING_STOP,False
2024-03-29 15:30:00,2024-03-29 15:45:00,2024-03-29 16:00:00,8512,SHORT,69386.0,2.356671374628128,-5.643328625371872,32.35667137462813,-6.527253336406998,1,TRAILING_STOP,False
2024-03-29 20:15:00,2024-03-29 20:30:00,2024-03-29 22:00:00,8536,SHORT,69646.95,21.25134697212112,13.25134697212112,51.25134697212112,0.0,6,TRAILING_STOP,False
2024-03-30 01:00:00,2024-03-30 01:15:00,2024-03-30 03:45:00,8559,SHORT,69960.61,26.6750104094283,18.6750104094283,30.104082854623563,-31.054617734178528,10,TIME_EXIT,False
2024-03-30 14:30:00,2024-03-30 14:45:00,2024-03-30 16:45:00,8611,SHORT,70034.1,-10.852184864229596,-18.852184864229596,19.147815135770404,-35.120034383249276,8,TRAILING_STOP,False
2024-03-30 19:00:00,2024-03-30 19:15:00,2024-03-30 21:45:00,8631,SHORT,69765.99,6.293897642677111,-1.706102357322889,20.643296253662285,-24.40300782659287,10,TIME_EXIT,False
2024-03-31 00:30:00,2024-03-31 00:45:00,2024-03-31 02:30:00,8650,LONG,69909.99,16.599919410658664,8.599919410658664,36.599919410658664,-10.261766594445978,7,TRAILING_STOP,False
2024-03-31 05:00:00,2024-03-31 05:15:00,2024-03-31 06:00:00,8664,LONG,70229.07,12.882394712046306,4.882394712046306,32.882394712046306,-3.9000943626355817,3,TRAILING_STOP,False
2024-03-31 12:00:00,2024-03-31 12:15:00,2024-03-31 13:45:00,8695,LONG,70544.83,10.373593642511306,2.373593642511306,30.373593642511306,-23.722503831961294,6,TRAILING_STOP,False
2024-03-31 18:30:00,2024-03-31 18:45:00,2024-03-31 20:15:00,8721,LONG,70947.99,7.904948399524201,-0.09505160047579864,27.9049483995242,-42.41557794660674,6,TRAILING_STOP,False
2024-03-31 23:30:00,2024-03-31 23:45:00,2024-04-01 00:00:00,8736,LONG,71281.31,-19.029198537456978,-27.029198537456978,0.970801462543022,-24.354210100795186,1,TRAILING_STOP,False
2024-04-01 04:15:00,2024-04-01 04:30:00,2024-04-01 07:00:00,8764,LONG,70601.54,-127.40373651906046,-135.40373651906046,0.0,-242.70575401046403,10,TIME_EXIT,False
2024-04-01 13:30:00,2024-04-01 13:45:00,2024-04-01 14:45:00,8795,SHORT,69965.32,163.5058683359141,155.5058683359141,193.5058683359141,0.0,4,TRAILING_STOP,False
2024-04-01 15:00:00,2024-04-01 15:15:00,2024-04-01 16:00:00,8800,SHORT,68470.62,29.552549692115356,21.552549692115356,59.552549692115356,-51.86896219137621,3,TRAILING_STOP,False
2024-04-01 21:30:00,2024-04-01 21:45:00,2024-04-01 22:30:00,8826,SHORT,69699.99,-12.492106526844722,-20.492106526844722,17.507893473155278,-19.226688554760877,3,TRAILING_STOP,False
2024-04-02 02:15:00,2024-04-02 02:30:00,2024-04-02 02:45:00,8843,SHORT,68447.76,243.95929391991615,235.95929391991615,273.95929391991615,0.0,1,TRAILING_STOP,False
2024-04-02 09:00:00,2024-04-02 09:15:00,2024-04-02 11:45:00,8879,LONG,66324.97,-105.88470677031574,-113.88470677031574,0.0,-188.46144973755756,10,TIME_EXIT,False
2024-04-02 13:30:00,2024-04-02 13:45:00,2024-04-02 14:45:00,8891,LONG,65062.7,162.4593814889337,154.4593814889337,182.4593814889337,0.0,4,TRAILING_STOP,False
2024-04-03 00:30:00,2024-04-03 00:45:00,2024-04-03 01:15:00,8933,LONG,65179.09,39.815195333351525,31.815195333351525,59.815195333351525,-13.668493990940425,2,TRAILING_STOP,False
2024-04-03 03:45:00,2024-04-03 04:00:00,2024-04-03 04:15:00,8945,SHORT,66225.79,-14.025860620161177,-22.025860620161176,15.974139379838823,-18.290457539276566,1,TRAILING_STOP,False
2024-04-03 08:30:00,2024-04-03 08:45:00,2024-04-03 09:00:00,8964,LONG,66548.39,-6.6202623384286845,-14.620262338428685,13.379737661571315,-22.296557437378222,1,TRAILING_STOP,False
2024-04-03 14:00:00,2024-04-03 14:15:00,2024-04-03 14:30:00,8986,LONG,66628.84,5.088235064576168,-2.9117649354238324,25.088235064576168,-30.056053804928133,1,TRAILING_STOP,False
2024-04-03 15:30:00,2024-04-03 15:45:00,2024-04-03 16:00:00,8992,SHORT,65844.15,-21.80792826697774,-29.80792826697774,8.192071733022262,-37.33816899451293,1,TRAILING_STOP,False
2024-04-04 02:15:00,2024-04-04 02:30:00,2024-04-04 04:15:00,9041,SHORT,65600.06,51.637120453853385,43.637120453853385,81.63712045385338,-37.208807430968285,7,TRAILING_STOP,False
2024-04-04 07:15:00,2024-04-04 07:30:00,2024-04-04 08:30:00,9058,LONG,66160.41,21.506695620538103,13.506695620538103,41.5066956205381,-25.738957784573607,4,TRAILING_STOP,False
2024-04-04 12:00:00,2024-04-04 12:15:00,2024-04-04 13:15:00,9077,LONG,66573.57,116.15463313744371,108.15463313744371,136.1546331374437,-12.025793419222104,4,TRAILING_STOP,False
2024-04-04 13:30:00,2024-04-04 13:45:00,2024-04-04 14:00:00,9080,LONG,67351.99,40.16748725612868,32.16748725612868,60.16748725612868,-41.02180202841937,1,TRAILING_STOP,False
2024-04-04 18:00:00,2024-04-04 18:15:00,2024-04-04 18:45:00,9099,LONG,68899.67,0.3672963890831049,-7.632703610916895,20.367296389083105,-56.464711659721104,2,TRAILING_STOP,False
2024-04-04 20:00:00,2024-04-04 20:15:00,2024-04-04 21:00:00,9108,SHORT,67773.25,-25.287226154861642,-33.28722615486164,4.712773845138359,-55.39648755224257,3,TRAILING_STOP,False
2024-04-05 05:15:00,2024-04-05 05:30:00,2024-04-05 08:00:00,9152,SHORT,66674.0,-95.38950715421304,-103.38950715421304,0.0,-103.16615172331132,10,TIME_EXIT,False
2024-04-05 12:00:00,2024-04-05 12:15:00,2024-04-05 12:30:00,9170,LONG,66595.74,1.565944007829227,-6.434055992170773,21.565944007829227,-96.57975119729994,1,TRAILING_STOP,False
2024-04-05 19:30:00,2024-04-05 19:45:00,2024-04-05 20:15:00,9201,SHORT,67600.01,8.16715411728412,0.16715411728412022,38.16715411728412,-2.9571001542759,2,TRAILING_STOP,False
2024-04-06 02:30:00,2024-04-06 02:45:00,2024-04-06 05:15:00,9237,SHORT,67492.51,-75.19056559016852,-83.19056559016852,0.0,-80.1318546309808,10,TIME_EXIT,False
2024-04-06 05:30:00,2024-04-06 05:45:00,2024-04-06 07:15:00,9245,LONG,68093.6,-9.822832101697024,-17.822832101697024,10.177167898302976,-36.4791992198986,6,TRAILING_STOP,False
2024-04-06 09:45:00,2024-04-06 10:00:00,2024-04-06 12:30:00,9266,SHORT,67792.0,18.994866650932863,10.994866650932863,26.07682322397906,-16.572751947133263,10,TIME_EXIT,False
2024-04-06 15:00:00,2024-04-06 15:15:00,2024-04-06 17:45:00,9287,LONG,68242.12,15.457573709609427,7.457573709609427,35.45757370960943,-42.977855904827344,10,TRAILING_STOP,False
2024-04-06 22:45:00,2024-04-06 23:00:00,2024-04-06 23:15:00,9309,LONG,69056.0,60.65772706209529,52.65772706209529,80.65772706209529,0.0,1,TRAILING_STOP,False
2024-04-07 15:00:00,2024-04-07 15:15:00,2024-04-07 16:15:00,9377,LONG,69799.99,34.11318826836391,26.113188268363913,54.11318826836391,-62.972788391517376,4,TRAILING_STOP,False
2024-04-07 16:30:00,2024-04-07 16:45:00,2024-04-07 19:15:00,9389,LONG,70156.0,-101.24864587490835,-109.24864587490835,0.0,-131.4014482011518,10,TIME_EXIT,False
2024-04-08 01:15:00,2024-04-08 01:30:00,2024-04-08 04:00:00,9424,LONG,69720.01,-54.505155693465156,-62.505155693465156,0.0,-85.1477215794998,10,TIME_EXIT,False
2024-04-08 07:15:00,2024-04-08 07:30:00,2024-04-08 07:45:00,9439,LONG,70088.43,88.6584476210991,80.6584476210991,108.6584476210991,0.0,1,TRAILING_STOP,False
2024-04-08 08:00:00,2024-04-08 08:15:00,2024-04-08 08:45:00,9443,LONG,71333.0,89.20471590988817,81.20471590988817,109.20471590988817,-37.49877335875475,2,TRAILING_STOP,False
2024-04-08 09:15:00,2024-04-08 09:30:00,2024-04-08 11:30:00,9454,LONG,72368.0,18.671788635861233,10.671788635861233,38.67178863586123,-79.5848994030514,8,TRAILING_STOP,False
2024-04-09 01:00:00,2024-04-09 01:15:00,2024-04-09 03:45:00,9519,SHORT,71073.41,-29.770627299294702,-37.7706272992947,0.0,-79.99616171504894,10,TIME_EXIT,False
2024-04-09 06:30:00,2024-04-09 06:45:00,2024-04-09 07:45:00,9535,SHORT,70776.02,64.10249403682265,56.10249403682265,94.10249403682265,-23.296025970376704,4,TRAILING_STOP,False
2024-04-09 08:00:00,2024-04-09 08:15:00,2024-04-09 10:45:00,9547,SHORT,69883.63,-97.73533515645863,-105.73533515645863,0.0,-139.806704374113,10,TIME_EXIT,False
2024-04-09 13:45:00,2024-04-09 14:00:00,2024-04-09 14:30:00,9562,SHORT,69928.0,118.4383937764558,110.4383937764558,148.4383937764558,-71.65084086488868,2,TRAILING_STOP,False
2024-04-09 14:45:00,2024-04-09 15:00:00,2024-04-09 17:30:00,9574,LONG,69358.32,-72.40803987178558,-80.40803987178558,0.0,-165.56341041709297,10,TIME_EXIT,False
2024-04-10 02:45:00,2024-04-10 03:00:00,2024-04-10 05:30:00,9622,SHORT,68651.98,-106.2023265752868,-114.2023265752868,0.0,-111.02665939132436,10,TIME_EXIT,False
2024-04-10 06:15:00,2024-04-10 06:30:00,2024-04-10 08:00:00,9632,SHORT,69457.42,64.65079468831382,56.65079468831382,94.65079468831382,-8.289971035492211,6,TRAILING_STOP,False
2024-04-10 08:30:00,2024-04-10 08:45:00,2024-04-10 09:45:00,9639,SHORT,68962.98,-21.21992698111321,-29.21992698111321,8.780073018886787,-30.2727637349784,4,TRAILING_STOP,False
2024-04-10 10:15:00,2024-04-10 10:30:00,2024-04-10 10:45:00,9643,SHORT,68848.0,-4.381245642574271,-12.381245642574271,25.61875435742573,-20.783465024401075,1,TRAILING_STOP,False
2024-04-10 12:30:00,2024-04-10 12:45:00,2024-04-10 13:30:00,9654,SHORT,67959.99,24.442327022120693,16.442327022120693,54.44232702212069,-2.355797874601624,3,TRAILING_STOP,False
2024-04-10 19:45:00,2024-04-10 20:00:00,2024-04-10 20:15:00,9681,LONG,70084.0,-12.580332172821185,-20.580332172821187,7.419667827178815,-36.59180412076895,1,TRAILING_STOP,False
2024-04-10 22:00:00,2024-04-10 22:15:00,2024-04-10 22:30:00,9690,LONG,70494.4,65.9075330806427,57.90753308064269,85.9075330806427,0.0,1,TRAILING_STOP,False
2024-04-11 07:15:00,2024-04-11 07:30:00,2024-04-11 07:45:00,9727,LONG,70931.26,-2.0953413205968694,-10.09534132059687,17.90465867940313,-28.492374166198555,1,TRAILING_STOP,False
2024-04-11 08:30:00,2024-04-11 08:45:00,2024-04-11 11:15:00,9741,LONG,71123.99,-80.26124518604844,-88.26124518604844,0.0,-112.30528545994245,10,TIME_EXIT,False
2024-04-11 12:15:00,2024-04-11 12:30:00,2024-04-11 13:15:00,9749,LONG,69992.75,123.07338974393826,115.07338974393826,143.07338974393826,0.0,3,TRAILING_STOP,False
2024-04-11 13:30:00,2024-04-11 13:45:00,2024-04-11 14:15:00,9753,SHORT,69820.0,1.619879690633642,-6.380120309366358,31.619879690633642,-75.91091377828627,2,TRAILING_STOP,False
2024-04-12 03:15:00,2024-04-12 03:30:00,2024-04-12 04:15:00,9809,LONG,70914.01,-8.156078044380054,-16.156078044380052,11.843921955619946,-14.385027725832282,3,TRAILING_STOP,False
2024-04-12 12:30:00,2024-04-12 12:45:00,2024-04-12 13:00:00,9844,SHORT,70396.69,22.515253202956323,14.515253202956323,52.51525320295632,-19.539270951518162,1,TRAILING_STOP,False
2024-04-12 13:30:00,2024-04-12 13:45:00,2024-04-12 15:15:00,9853,SHORT,69808.02,51.80578678495779,43.80578678495779,81.80578678495779,-40.472427093620304,6,TRAILING_STOP,False
2024-04-12 16:15:00,2024-04-12 16:30:00,2024-04-12 17:15:00,9861,SHORT,68970.67,191.35061178903993,183.35061178903993,221.35061178903993,-11.67742752100395,3,TRAILING_STOP,False
2024-04-12 17:30:00,2024-04-12 17:45:00,2024-04-12 18:00:00,9864,LONG,68156.55,13.317414100332506,5.317414100332506,33.317414100332506,-27.549809959571615,1,TRAILING_STOP,False
2024-04-12 18:30:00,2024-04-12 18:45:00,2024-04-12 19:00:00,9868,SHORT,66544.0,2.28089685020403,-5.71910314979597,32.28089685020403,-51.57189228179746,1,TRAILING_STOP,False
2024-04-13 01:45:00,2024-04-13 02:00:00,2024-04-13 04:30:00,9906,SHORT,65886.64,-276.2350607042648,-284.2350607042648,0.0,-282.0450397834831,10,TIME_EXIT,False
2024-04-13 05:15:00,2024-04-13 05:30:00,2024-04-13 06:45:00,9915,SHORT,67669.44,30.708349293269997,22.708349293269997,60.70834929327,0.0,5,TRAILING_STOP,False
2024-04-13 17:00:00,2024-04-13 17:15:00,2024-04-13 17:30:00,9958,SHORT,67047.25,51.62154301630568,43.62154301630568,81.62154301630568,0.0,1,TRAILING_STOP,False
2024-04-13 19:45:00,2024-04-13 20:00:00,2024-04-13 20:15:00,9969,SHORT,64788.01,515.6457143844988,507.6457143844988,545.6457143844988,0.0,1,TRAILING_STOP,False
2024-04-13 20:30:00,2024-04-13 20:45:00,2024-04-13 21:00:00,9972,LONG,62507.47,5.468955950384341,-2.5310440496156588,25.46895595038434,-110.62037865234332,1,TRAILING_STOP,False
2024-04-14 06:30:00,2024-04-14 06:45:00,2024-04-14 07:45:00,10015,SHORT,64833.92,61.043392100924464,53.043392100924464,91.04339210092446,-0.48585678607763577,4,TRAILING_STOP,False
2024-04-14 14:00:00,2024-04-14 14:15:00,2024-04-14 14:30:00,10042,SHORT,64036.56,63.54187670293264,55.54187670293264,93.54187670293264,-22.399704168993825,1,TRAILING_STOP,False
2024-04-14 17:15:00,2024-04-14 17:30:00,2024-04-14 20:00:00,10064,SHORT,63113.42,-146.29376763293845,-154.29376763293845,0.0,-250.65667491953425,10,TIME_EXIT,False
2024-04-14 22:00:00,2024-04-14 22:15:00,2024-04-14 22:30:00,10074,LONG,64933.47,61.63586514011902,53.63586514011902,81.63586514011902,0.0,1,TRAILING_STOP,False
2024-04-15 06:15:00,2024-04-15 06:30:00,2024-04-15 07:00:00,10108,LONG,66339.51,16.679499140105463,8.679499140105463,36.67949914010546,-39.10490143807186,2,TRAILING_STOP,False
2024-04-15 14:00:00,2024-04-15 14:15:00,2024-04-15 15:00:00,10140,SHORT,65205.43,184.00518331065376,176.00518331065376,214.00518331065376,-38.58114270544642,3,TRAILING_STOP,False
2024-04-16 03:45:00,2024-04-16 04:00:00,2024-04-16 06:15:00,10201,LONG,62956.0,-0.9962513501494037,-8.996251350149404,19.003748649850596,-202.6812376898151,9,TRAILING_STOP,False
2024-04-16 08:00:00,2024-04-16 08:15:00,2024-04-16 08:45:00,10211,SHORT,63369.99,16.23166265293733,8.231662652937331,46.23166265293733,-7.102731119257244,2,TRAILING_STOP,False
2024-04-16 10:15:00,2024-04-16 10:30:00,2024-04-16 13:00:00,10228,SHORT,61899.99,-174.46044821655116,-182.46044821655116,0.0,-246.03881196103637,10,TIME_EXIT,False
2024-04-16 13:30:00,2024-04-16 13:45:00,2024-04-16 14:00:00,10232,SHORT,62551.31,-15.351226057456287,-23.351226057456287,14.648773942543713,-57.154678295307015,1,TRAILING_STOP,False
2024-04-17 02:45:00,2024-04-17 03:00:00,2024-04-17 04:30:00,10290,SHORT,63840.09,-3.7108766607323886,-11.710876660732389,26.28912333926761,-57.16000713658197,6,TRAILING_STOP,False
2024-04-17 07:00:00,2024-04-17 07:15:00,2024-04-17 08:00:00,10304,SHORT,63524.92,24.011874395119364,16.011874395119364,54.011874395119364,-17.396322577029935,3,TRAILING_STOP,False
2024-04-17 10:00:00,2024-04-17 10:15:00,2024-04-17 11:00:00,10316,SHORT,62898.6,-18.134871046414805,-26.134871046414805,11.865128953585195,-30.848063390917897,3,TRAILING_STOP,False
2024-04-17 12:30:00,2024-04-17 12:45:00,2024-04-17 13:15:00,10325,SHORT,62260.71,-8.843800528455077,-16.843800528455077,21.156199471544923,-31.47089071101218,2,TRAILING_STOP,False
2024-04-17 14:00:00,2024-04-17 14:15:00,2024-04-17 14:30:00,10330,SHORT,62115.22,191.2372426596897,183.2372426596897,221.2372426596897,0.0,1,TRAILING_STOP,False
2024-04-17 15:15:00,2024-04-17 15:30:00,2024-04-17 15:45:00,10335,SHORT,60423.22,25.786500620126134,17.786500620126134,55.786500620126134,-48.297657754750865,1,TRAILING_STOP,False
2024-04-17 16:00:00,2024-04-17 16:15:00,2024-04-17 18:15:00,10345,LONG,60977.05,140.61288632362425,132.61288632362425,160.61288632362425,-176.44999225118337,8,TRAILING_STOP,False
2024-04-18 05:30:00,2024-04-18 05:45:00,2024-04-18 06:00:00,10392,SHORT,61363.26,27.195461909944342,19.195461909944342,57.19546190994434,0.0,1,TRAILING_STOP,False
2024-04-18 11:00:00,2024-04-18 11:15:00,2024-04-18 11:30:00,10414,LONG,62405.48,86.80472291856368,78.80472291856368,106.80472291856368,0.0,1,TRAILING_STOP,False
2024-04-18 14:00:00,2024-04-18 14:15:00,2024-04-18 14:30:00,10426,LONG,63462.04,60.16918460232239,52.16918460232239,80.16918460232239,0.0,1,TRAILING_STOP,False
2024-04-19 01:00:00,2024-04-19 01:15:00,2024-04-19 01:45:00,10471,SHORT,62134.0,213.8326841986672,205.8326841986672,243.8326841986672,-6.629220716516292,2,TRAILING_STOP,False
2024-04-19 02:15:00,2024-04-19 02:30:00,2024-04-19 05:00:00,10484,SHORT,59679.01,-410.86472446510084,-418.86472446510084,0.0,-522.9744930420256,10,TIME_EXIT,False
2024-04-19 06:45:00,2024-04-19 07:00:00,2024-04-19 07:15:00,10493,LONG,64624.37,1.4965345116707915,-6.5034654883292085,21.49653451167079,-68.04863242767428,1,TRAILING_STOP,False
2024-04-19 23:00:00,2024-04-19 23:15:00,2024-04-19 23:30:00,10558,SHORT,63501.36,-19.07739928719628,-27.07739928719628,10.922600712803723,-51.606768736921396,1,TRAILING_STOP,False
2024-04-20 00:15:00,2024-04-20 00:30:00,2024-04-20 00:45:00,10563,LONG,63861.99,-10.2289296027259,-18.2289296027259,9.7710703972741,-65.45207877173856,1,TRAILING_STOP,False
2024-04-20 09:45:00,2024-04-20 10:00:00,2024-04-20 10:45:00,10603,LONG,63615.0,1.8266132201522502,-6.17338677984775,21.82661322015225,-37.37797689224221,3,TRAILING_STOP,False
2024-04-20 15:30:00,2024-04-20 15:45:00,2024-04-20 16:00:00,10624,LONG,64568.96,42.01586644728369,34.01586644728369,62.01586644728369,-17.410842609203904,1,TRAILING_STOP,False
2024-04-20 17:15:00,2024-04-20 17:30:00,2024-04-20 17:45:00,10631,LONG,65254.37,-2.726061105180559,-10.726061105180559,17.27393889481944,-21.51580039773604,1,TRAILING_STOP,False
2024-04-21 01:15:00,2024-04-21 01:30:00,2024-04-21 02:30:00,10666,LONG,65031.23,33.169838552953216,25.169838552953216,53.169838552953216,-19.853538061636012,4,TRAILING_STOP,False
2024-04-21 03:00:00,2024-04-21 03:15:00,2024-04-21 05:45:00,10679,LONG,65573.99,-83.29217117945812,-91.29217117945812,0.0,-111.32615233570536,10,TIME_EXIT,False
2024-04-21 11:00:00,2024-04-21 11:15:00,2024-04-21 11:45:00,10703,LONG,65183.99,9.366106616057948,1.366106616057948,29.366106616057948,-21.106409718090973,2,TRAILING_STOP,False
2024-04-21 16:00:00,2024-04-21 16:15:00,2024-04-21 16:30:00,10722,SHORT,64510.0,12.241512943729653,4.241512943729653,42.24151294372965,-26.417609672918655,1,TRAILING_STOP,False
2024-04-21 21:00:00,2024-04-21 21:15:00,2024-04-21 23:00:00,10748,LONG,64974.01,0.9299072044341976,-7.070092795565802,20.929907204434198,-62.32338130277049,7,TRAILING_STOP,False
2024-04-22 01:30:00,2024-04-22 01:45:00,2024-04-22 02:00:00,10760,SHORT,64793.0,15.220934360193226,7.220934360193226,45.220934360193226,-9.212414921365323,1,TRAILING_STOP,False
2024-04-22 03:30:00,2024-04-22 03:45:00,2024-04-22 04:00:00,10768,LONG,65688.8,8.828354300884676,0.8283543008846763,28.828354300884676,-16.56142295185909,1,TRAILING_STOP,False
2024-04-22 13:30:00,2024-04-22 13:45:00,2024-04-22 15:30:00,10814,SHORT,65924.27,9.198007046570787,1.1980070465707868,39.19800704657079,-83.92356866446829,7,TRAILING_STOP,False
2024-04-22 22:45:00,2024-04-22 23:00:00,2024-04-22 23:15:00,10845,LONG,67027.98,8.64773785514707,0.6477378551470707,28.64773785514707,-0.7429733075643822,1,TRAILING_STOP,False
2024-04-23 07:30:00,2024-04-23 07:45:00,2024-04-23 08:45:00,10883,SHORT,66170.0,1.2226084328254245,-6.7773915671745755,31.222608432825425,-13.672359075109743,4,TRAILING_STOP,False
2024-04-23 13:30:00,2024-04-23 13:45:00,2024-04-23 14:00:00,10904,LONG,66409.36,61.393646919650905,53.393646919650905,81.3936469196509,0.0,1,TRAILING_STOP,False
2024-04-23 14:30:00,2024-04-23 14:45:00,2024-04-23 16:00:00,10912,SHORT,66647.92,17.935479456822648,9.935479456822648,47.93547945682265,-42.39442131127317,5,TRAILING_STOP,False
2024-04-23 20:15:00,2024-04-23 20:30:00,2024-04-23 23:00:00,10940,SHORT,66174.0,-11.48638438057164,-19.48638438057164,8.160304651373652,-43.82385831293257,10,TIME_EXIT,False
2024-04-24 04:45:00,2024-04-24 05:00:00,2024-04-24 07:30:00,10974,LONG,67008.0,-51.38938634193019,-59.38938634193019,0.0,-67.99635864374473,10,TIME_EXIT,False
2024-04-24 13:00:00,2024-04-24 13:15:00,2024-04-24 13:30:00,10998,SHORT,66145.98,17.123045119294794,9.123045119294794,47.123045119294794,-21.6218733171697,1,TRAILING_STOP,False
2024-04-24 14:15:00,2024-04-24 14:30:00,2024-04-24 14:45:00,11003,SHORT,65456.01,71.76300083063397,63.76300083063397,101.76300083063397,0.0,1,TRAILING_STOP,False
2024-04-25 07:30:00,2024-04-25 07:45:00,2024-04-25 08:45:00,11075,SHORT,63921.98,3.4438951984913686,-4.556104801508631,33.44389519849137,-39.87360842076503,4,TRAILING_STOP,False
2024-04-25 10:00:00,2024-04-25 10:15:00,2024-04-25 10:30:00,11082,SHORT,63810.67,44.191353891127974,36.191353891127974,74.19135389112797,0.0,1,TRAILING_STOP,False
2024-04-25 12:30:00,2024-04-25 12:45:00,2024-04-25 13:00:00,11092,SHORT,63764.79,105.6218690597116,97.6218690597116,135.6218690597116,0.0,1,TRAILING_STOP,False
2024-04-25 18:00:00,2024-04-25 18:15:00,2024-04-25 18:45:00,11115,SHORT,64733.85,13.50737674338842,5.50737674338842,43.50737674338842,0.0,2,TRAILING_STOP,False
2024-04-26 01:00:00,2024-04-26 01:15:00,2024-04-26 03:45:00,11151,SHORT,64100.0,-43.875195007799995,-51.875195007799995,0.0,-87.75819032761292,10,TIME_EXIT,False
2024-04-26 05:45:00,2024-04-26 06:00:00,2024-04-26 07:30:00,11166,LONG,64553.99,-11.196516280403156,-19.196516280403156,8.803483719596844,-46.12263316334094,6,TRAILING_STOP,False
2024-04-26 10:45:00,2024-04-26 11:00:00,2024-04-26 12:00:00,11184,SHORT,64100.01,-25.318253460490563,-33.31825346049057,4.6817465395094375,-57.99375070300269,4,TRAILING_STOP,False
2024-04-26 12:45:00,2024-04-26 13:00:00,2024-04-26 13:30:00,11190,SHORT,64142.78,41.22235737209964,33.22235737209964,71.22235737209964,0.0,2,TRAILING_STOP,False
2024-04-26 13:45:00,2024-04-26 14:00:00,2024-04-26 14:15:00,11193,LONG,64500.0,29.61395348837241,21.61395348837241,49.61395348837241,-19.547286821705697,1,TRAILING_STOP,False
2024-04-26 14:30:00,2024-04-26 14:45:00,2024-04-26 15:30:00,11198,SHORT,64048.0,87.18086435173569,79.18086435173569,117.18086435173569,0.0,3,TRAILING_STOP,False
2024-04-27 00:30:00,2024-04-27 00:45:00,2024-04-27 01:15:00,11237,SHORT,63008.0,67.88598273235176,59.88598273235176,97.88598273235176,-42.01371254443899,2,TRAILING_STOP,False
2024-04-27 10:30:00,2024-04-27 10:45:00,2024-04-27 11:15:00,11277,SHORT,62824.01,-6.02190627436876,-14.02190627436876,23.97809372563124,-12.5668514314825,2,TRAILING_STOP,False
2024-04-27 12:00:00,2024-04-27 12:15:00,2024-04-27 13:15:00,11285,LONG,63140.0,-2.5783972125435533,-10.578397212543553,17.421602787456447,-31.672473867596327,4,TRAILING_STOP,False
2024-04-27 17:30:00,2024-04-27 17:45:00,2024-04-27 18:00:00,11304,LONG,63278.0,34.04089889060955,26.040898890609547,54.04089889060955,-25.01027213249503,1,TRAILING_STOP,False
2024-04-27 18:15:00,2024-04-27 18:30:00,2024-04-27 21:00:00,11316,SHORT,63054.13,-18.143141456396506,-26.143141456396506,0.0,-64.61115235433452,10,TIME_EXIT,False
2024-04-28 00:15:00,2024-04-28 00:30:00,2024-04-28 03:00:00,11340,LONG,63734.01,89.834297261383,81.834297261383,99.46808619134384,-33.0373061415726,10,TIME_EXIT,False
2024-04-28 03:15:00,2024-04-28 03:30:00,2024-04-28 06:00:00,11352,SHORT,64167.5,40.1293489694939,32.1293489694939,55.71356216153037,0.0,10,TIME_EXIT,False
2024-04-28 22:00:00,2024-04-28 22:15:00,2024-04-28 22:30:00,11418,SHORT,63450.6,61.50425685493889,53.50425685493889,91.50425685493889,-4.699719151591902,1,TRAILING_STOP,False
2024-04-28 22:45:00,2024-04-28 23:00:00,2024-04-28 23:45:00,11423,SHORT,63151.06,25.246895301519793,17.246895301519793,55.24689530151979,-2.1599004038886154,3,TRAILING_STOP,False
2024-04-29 02:30:00,2024-04-29 02:45:00,2024-04-29 03:15:00,11437,SHORT,62744.68,18.16025836772142,10.160258367721418,48.16025836772142,-3.2130214067545197,2,TRAILING_STOP,False
2024-04-29 03:45:00,2024-04-29 04:00:00,2024-04-29 05:30:00,11446,SHORT,62279.68,5.3903552490962525,-2.6096447509037475,35.39035524909625,-57.758806724761776,6,TRAILING_STOP,False
2024-04-29 12:30:00,2024-04-29 12:45:00,2024-04-29 13:00:00,11476,LONG,62454.01,19.155211971177003,11.155211971177003,39.155211971177,0.0,1,TRAILING_STOP,False
2024-04-29 13:30:00,2024-04-29 13:45:00,2024-04-29 14:00:00,11480,SHORT,61977.0,-14.124755957855426,-22.124755957855427,15.875244042144574,-49.94917469383799,1,TRAILING_STOP,False
2024-04-29 14:15:00,2024-04-29 14:30:00,2024-04-29 15:00:00,11484,LONG,62824.0,0.5415127976574112,-7.458487202342589,20.54151279765741,-23.876225646249843,2,TRAILING_STOP,False
2024-04-29 17:15:00,2024-04-29 17:30:00,2024-04-29 19:30:00,11502,SHORT,63184.22,70.95083867459287,62.95083867459287,100.95083867459287,0.0,8,TRAILING_STOP,False
2024-04-29 22:15:00,2024-04-29 22:30:00,2024-04-29 23:00:00,11516,LONG,63497.54,95.09264768367368,87.09264768367368,115.09264768367368,0.0,2,TRAILING_STOP,False
2024-04-30 00:30:00,2024-04-30 00:45:00,2024-04-30 01:00:00,11524,LONG,64178.0,47.93605285300258,39.93605285300258,67.93605285300258,0.0,1,TRAILING_STOP,False
2024-04-30 02:00:00,2024-04-30 02:15:00,2024-04-30 04:45:00,11539,SHORT,63512.0,17.007809547801486,9.007809547801486,26.535142965108772,-60.47990930847755,10,TIME_EXIT,False
2024-04-30 07:30:00,2024-04-30 07:45:00,2024-04-30 09:00:00,11556,SHORT,63287.99,205.11411880832333,197.11411880832333,235.11411880832333,0.0,5,TRAILING_STOP,False
2024-04-30 11:30:00,2024-04-30 11:45:00,2024-04-30 12:00:00,11568,SHORT,61206.79,46.68103489825292,38.68103489825292,76.68103489825292,-13.38250217010175,1,TRAILING_STOP,False
2024-04-30 19:15:00,2024-04-30 19:30:00,2024-04-30 19:45:00,11599,LONG,60046.04,3.911651792524829,-4.088348207475171,23.91165179252483,-142.29747706926258,1,TRAILING_STOP,False
2024-05-01 02:00:00,2024-05-01 02:15:00,2024-05-01 04:45:00,11635,SHORT,59590.01,-116.4591178957674,-124.4591178957674,0.0,-129.39752820984498,10,TIME_EXIT,False
2024-05-01 07:00:00,2024-05-01 07:15:00,2024-05-01 07:30:00,11646,SHORT,58516.01,211.9867656731896,203.9867656731896,241.9867656731896,0.0,1,TRAILING_STOP,False
2024-05-01 07:45:00,2024-05-01 08:00:00,2024-05-01 08:15:00,11649,SHORT,57500.0,134.72695652173917,126.72695652173917,164.72695652173917,0.0,1,TRAILING_STOP,False
2024-05-01 18:00:00,2024-05-01 18:15:00,2024-05-01 18:45:00,11691,LONG,57861.36,257.6706250941906,249.6706250941906,277.6706250941906,-30.41235117874885,2,TRAILING_STOP,False
2024-05-01 19:30:00,2024-05-01 19:45:00,2024-05-01 20:15:00,11697,SHORT,57516.73,101.56345988376015,93.56345988376015,131.56345988376015,0.0,2,TRAILING_STOP,False
2024-05-02 00:00:00,2024-05-02 00:15:00,2024-05-02 01:00:00,11716,SHORT,58267.69,77.42831919370737,69.42831919370737,107.42831919370737,0.0,3,TRAILING_STOP,False
2024-05-02 01:30:00,2024-05-02 01:45:00,2024-05-02 02:00:00,11720,SHORT,57174.37,-18.56830429438915,-26.56830429438915,11.43169570561085,-43.15395167449959,1,TRAILING_STOP,False
2024-05-02 11:00:00,2024-05-02 11:15:00,2024-05-02 11:45:00,11759,LONG,58135.45,75.31189661385709,67.31189661385709,95.31189661385709,-10.315564771579801,2,TRAILING_STOP,False
2024-05-02 12:15:00,2024-05-02 12:30:00,2024-05-02 13:15:00,11765,SHORT,58716.48,22.0092485108107,14.0092485108107,52.0092485108107,-36.36457771310487,3,TRAILING_STOP,False
2024-05-02 20:30:00,2024-05-02 20:45:00,2024-05-02 21:15:00,11797,SHORT,58920.37,7.2146339203239975,-0.7853660796760025,37.214633920324,-13.514850636545116,2,TRAILING_STOP,False
2024-05-02 21:30:00,2024-05-02 21:45:00,2024-05-02 22:00:00,11800,LONG,59278.71,-1.6780763279091957,-9.678076327909196,18.321923672090804,-32.95955664352301,1,TRAILING_STOP,False
2024-05-03 12:30:00,2024-05-03 12:45:00,2024-05-03 13:00:00,11860,LONG,60461.94,116.32873837657158,108.32873837657158,136.32873837657158,0.0,1,TRAILING_STOP,False
2024-05-03 13:15:00,2024-05-03 13:30:00,2024-05-03 14:00:00,11864,LONG,61239.31,123.09926091590546,115.09926091590546,143.09926091590546,0.0,2,TRAILING_STOP,False
2024-05-03 20:15:00,2024-05-03 20:30:00,2024-05-03 20:45:00,11891,LONG,62764.38,49.878807055849805,41.878807055849805,69.8788070558498,-2.2895151676787604,1,TRAILING_STOP,False
2024-05-04 04:45:00,2024-05-04 05:00:00,2024-05-04 06:00:00,11928,LONG,63057.99,42.16658666094528,34.16658666094528,62.16658666094528,-10.704432539001004,4,TRAILING_STOP,False
2024-05-04 10:30:00,2024-05-04 10:45:00,2024-05-04 11:00:00,11948,LONG,63823.26,92.30075054141672,84.30075054141672,112.30075054141672,0.0,1,TRAILING_STOP,False
2024-05-04 17:45:00,2024-05-04 18:00:00,2024-05-04 18:30:00,11978,SHORT,63463.3,-27.217289362512904,-35.2172893625129,2.782710637487097,-44.33901168076658,2,TRAILING_STOP,False
2024-05-05 00:15:00,2024-05-05 00:30:00,2024-05-05 01:30:00,12006,SHORT,63914.33,140.87873720963725,132.87873720963725,170.87873720963725,0.0,4,TRAILING_STOP,False
2024-05-05 07:15:00,2024-05-05 07:30:00,2024-05-05 07:45:00,12031,LONG,63653.23,28.03683960735328,20.03683960735328,48.03683960735328,0.0,1,TRAILING_STOP,False
2024-05-05 08:45:00,2024-05-05 09:00:00,2024-05-05 11:15:00,12045,SHORT,63668.0,-12.312935854746407,-20.312935854746407,17.687064145253593,-36.10919143054619,9,TRAILING_STOP,False
2024-05-05 13:15:00,2024-05-05 13:30:00,2024-05-05 14:00:00,12056,LONG,63999.67,10.36421906550483,2.3642190655048303,30.36421906550483,-29.453276868458854,2,TRAILING_STOP,False
2024-05-05 15:15:00,2024-05-05 15:30:00,2024-05-05 15:45:00,12063,LONG,64347.99,26.312246893803838,18.312246893803838,46.31224689380384,-5.505999488095944,1,TRAILING_STOP,False
2024-05-05 23:15:00,2024-05-05 23:30:00,2024-05-06 00:15:00,12097,LONG,64188.0,4.652583037327531,-3.347416962672469,24.65258303732753,-33.9798716270955,3,TRAILING_STOP,False
2024-05-06 02:00:00,2024-05-06 02:15:00,2024-05-06 04:45:00,12115,LONG,64202.01,-5.608858663459608,-13.608858663459607,0.0,-76.85584921718187,10,TIME_EXIT,False
2024-05-06 07:30:00,2024-05-06 07:45:00,2024-05-06 08:45:00,12131,LONG,64419.2,147.77606676270474,139.77606676270474,167.77606676270474,0.0,4,TRAILING_STOP,False
2024-05-06 10:30:00,2024-05-06 10:45:00,2024-05-06 11:00:00,12140,SHORT,64132.92,-9.818477000579374,-17.818477000579374,20.181522999420626,-34.25229975494617,1,TRAILING_STOP,False
2024-05-06 12:30:00,2024-05-06 12:45:00,2024-05-06 13:30:00,12150,SHORT,63785.59,22.612196579195476,14.612196579195476,52.612196579195476,-33.374309150390346,3,TRAILING_STOP,False
2024-05-06 15:00:00,2024-05-06 15:15:00,2024-05-06 17:00:00,12164,SHORT,63174.38,-14.99708267813648,-22.99708267813648,15.00291732186352,-92.69897069033406,7,TRAILING_STOP,False
2024-05-07 01:15:00,2024-05-07 01:30:00,2024-05-07 03:30:00,12206,SHORT,63578.3,87.28844590056738,79.28844590056738,117.28844590056738,-61.16709632059985,8,TRAILING_STOP,False
2024-05-07 08:15:00,2024-05-07 08:30:00,2024-05-07 09:30:00,12230,LONG,64252.13,-2.7912319793912346,-10.791231979391235,17.208768020608765,-18.281106011582672,4,TRAILING_STOP,False
2024-05-07 13:45:00,2024-05-07 14:00:00,2024-05-07 14:30:00,12250,SHORT,63213.17,-4.309151083547707,-12.309151083547707,25.690848916452293,-46.9538230719967,2,TRAILING_STOP,False
2024-05-07 14:45:00,2024-05-07 15:00:00,2024-05-07 17:30:00,12262,LONG,64024.47,-84.3380663674375,-92.3380663674375,0.0,-106.14379158468657,10,TIME_EXIT,False
2024-05-07 22:15:00,2024-05-07 22:30:00,2024-05-07 22:45:00,12283,LONG,63010.0,-16.032375813362957,-24.032375813362957,3.9676241866370416,-26.979844469131883,1,TRAILING_STOP,False
2024-05-07 23:00:00,2024-05-07 23:15:00,2024-05-08 00:00:00,12288,SHORT,62425.94,-4.146965187869114,-12.146965187869114,25.853034812130886,-14.445917834797568,3,TRAILING_STOP,False
2024-05-08 00:30:00,2024-05-08 00:45:00,2024-05-08 01:15:00,12293,LONG,62601.99,-1.4079392683843714,-9.407939268384371,18.59206073161563,-17.889207675346736,2,TRAILING_STOP,False
2024-05-08 06:15:00,2024-05-08 06:30:00,2024-05-08 07:45:00,12319,SHORT,62186.0,-3.320361496156128,-11.320361496156128,26.679638503843872,-67.15981088991082,5,TRAILING_STOP,False
2024-05-08 13:00:00,2024-05-08 13:15:00,2024-05-08 13:45:00,12343,SHORT,61909.69,-5.9827581110481525,-13.982758111048152,24.017241888951848,-89.09590728042679,2,TRAILING_STOP,False
2024-05-08 15:15:00,2024-05-08 15:30:00,2024-05-08 16:00:00,12352,SHORT,62119.11,-10.825546277143928,-18.82554627714393,19.17445372285607,-64.53408620954121,2,TRAILING_STOP,False
2024-05-08 20:15:00,2024-05-08 20:30:00,2024-05-08 21:15:00,12373,SHORT,61747.6,29.20877896468827,21.20877896468827,59.20877896468827,-2.5539454165026774,3,TRAILING_STOP,False
2024-05-08 22:00:00,2024-05-08 22:15:00,2024-05-08 23:00:00,12380,SHORT,61220.97,10.237846607135396,2.2378466071353955,40.237846607135396,-35.75572226313981,3,TRAILING_STOP,False
2024-05-09 02:45:00,2024-05-09 03:00:00,2024-05-09 03:30:00,12398,SHORT,61664.64,9.147232514452604,1.1472325144526039,39.147232514452604,-8.979214019574691,2,TRAILING_STOP,False
2024-05-09 09:15:00,2024-05-09 09:30:00,2024-05-09 09:45:00,12423,SHORT,61075.77,-15.288765086383922,-23.288765086383922,14.711234913616078,-36.713413518978676,1,TRAILING_STOP,False
2024-05-09 11:00:00,2024-05-09 11:15:00,2024-05-09 11:45:00,12431,LONG,60956.92,16.25839363274983,8.25839363274983,36.25839363274983,-4.353894520917539,2,TRAILING_STOP,False
2024-05-09 12:30:00,2024-05-09 12:45:00,2024-05-09 13:15:00,12437,LONG,61480.0,-10.44729993493767,-18.447299934937668,9.55270006506233,-23.293754066362904,2,TRAILING_STOP,False
2024-05-09 15:00:00,2024-05-09 15:15:00,2024-05-09 15:30:00,12446,LONG,61881.58,38.24350315554293,30.243503155542932,58.24350315554293,0.0,1,TRAILING_STOP,False
2024-05-09 16:00:00,2024-05-09 16:15:00,2024-05-09 16:30:00,12450,LONG,62450.89,-5.731188138391531,-13.73118813839153,14.26881186160847,-25.762643254563613,1,TRAILING_STOP,False
2024-05-09 22:45:00,2024-05-09 23:00:00,2024-05-10 01:30:00,12486,LONG,63280.46,-82.89762748248064,-90.89762748248064,0.0,-97.72210884686987,10,TIME_EXIT,False
2024-05-10 06:45:00,2024-05-10 07:00:00,2024-05-10 07:30:00,12510,LONG,63166.0,13.878985530190292,5.878985530190292,33.87898553019029,-14.743691226292212,2,TRAILING_STOP,False
2024-05-10 14:00:00,2024-05-10 14:15:00,2024-05-10 14:45:00,12539,SHORT,62562.87,269.3580697304971,261.3580697304971,299.3580697304971,-52.28820225159066,2,TRAILING_STOP,False
2024-05-10 15:00:00,2024-05-10 15:15:00,2024-05-10 16:00:00,12544,SHORT,60888.0,73.96137169885692,65.96137169885692,103.96137169885692,-64.98324793062643,3,TRAILING_STOP,False
2024-05-11 01:00:00,2024-05-11 01:15:00,2024-05-11 03:45:00,12591,LONG,61052.0,-52.430714800497704,-60.430714800497704,0.0,-57.6688724366117,10,TIME_EXIT,False
2024-05-11 09:15:00,2024-05-11 09:30:00,2024-05-11 11:30:00,12622,SHORT,60718.67,8.139834090569138,0.13983409056913843,38.13983409056914,-30.593555491252037,8,TRAILING_STOP,False
2024-05-11 15:00:00,2024-05-11 15:15:00,2024-05-11 16:30:00,12642,LONG,61150.0,22.533115290269258,14.533115290269258,42.53311529026926,-43.674570727718674,5,TRAILING_STOP,False
2024-05-12 07:15:00,2024-05-12 07:30:00,2024-05-12 08:15:00,12705,SHORT,60820.0,-8.625452153896745,-16.625452153896745,21.374547846103255,-21.374547846103255,3,TRAILING_STOP,False
2024-05-12 10:15:00,2024-05-12 10:30:00,2024-05-12 13:00:00,12724,LONG,61280.0,-29.208550913837787,-37.20855091383778,0.0,-31.005221932114882,10,TIME_EXIT,False
2024-05-12 15:30:00,2024-05-12 15:45:00,2024-05-12 16:15:00,12737,LONG,61432.01,54.22677525934736,46.22677525934736,74.22677525934736,-10.354536665819754,2,TRAILING_STOP,False
2024-05-12 17:00:00,2024-05-12 17:15:00,2024-05-12 18:15:00,12745,LONG,61510.0,8.531946025036579,0.5319460250365786,28.53194602503658,-21.13314908144984,4,TRAILING_STOP,False
2024-05-12 21:15:00,2024-05-12 21:30:00,2024-05-13 00:00:00,12768,SHORT,61070.0,-83.64336007859795,-91.64336007859795,0.0,-94.7961355821186,10,TIME_EXIT,False
2024-05-13 01:30:00,2024-05-13 01:45:00,2024-05-13 03:30:00,12782,SHORT,61242.0,50.46602005159872,42.46602005159872,80.46602005159872,-42.12795140589792,7,TRAILING_STOP,False
2024-05-13 07:45:00,2024-05-13 08:00:00,2024-05-13 08:15:00,12801,LONG,62334.36,79.70103166215164,71.70103166215164,99.70103166215164,0.0,1,TRAILING_STOP,False
2024-05-13 16:15:00,2024-05-13 16:30:00,2024-05-13 17:00:00,12836,LONG,63210.98,-19.34188648870873,-27.34188648870873,0.6581135112912687,-85.25575778132271,2,TRAILING_STOP,False
2024-05-14 00:45:00,2024-05-14 01:00:00,2024-05-14 03:30:00,12878,SHORT,62815.02,54.61432631876861,46.61432631876861,64.44636967400469,-32.60048313285678,10,TIME_EXIT,False
2024-05-14 06:00:00,2024-05-14 06:15:00,2024-05-14 06:30:00,12890,SHORT,61783.35,-5.600222390012842,-13.600222390012842,24.399777609987158,-53.171283201704355,1,TRAILING_STOP,False
2024-05-14 12:30:00,2024-05-14 12:45:00,2024-05-14 13:00:00,12916,SHORT,61800.74,26.40385535836537,18.40385535836537,56.40385535836537,0.0,1,TRAILING_STOP,False
2024-05-14 14:15:00,2024-05-14 14:30:00,2024-05-14 15:15:00,12925,LONG,61988.47,-7.886456949171919,-15.886456949171919,12.113543050828081,-77.2175857865186,3,TRAILING_STOP,False
2024-05-15 00:30:00,2024-05-15 00:45:00,2024-05-15 01:00:00,12964,SHORT,61569.5,-7.66913812845679,-15.66913812845679,22.33086187154321,-12.692972981752566,1,TRAILING_STOP,False
2024-05-15 07:30:00,2024-05-15 07:45:00,2024-05-15 08:00:00,12992,LONG,62139.65,0.3300147329445444,-7.669985267055456,20.330014732944544,-4.296773477160616,1,TRAILING_STOP,False
2024-05-15 09:45:00,2024-05-15 10:00:00,2024-05-15 10:30:00,13002,LONG,62649.98,35.77974645801948,27.77974645801948,55.77974645801948,-27.00878755268659,2,TRAILING_STOP,False
2024-05-15 12:30:00,2024-05-15 12:45:00,2024-05-15 13:30:00,13014,LONG,63666.04,136.68007622273927,128.68007622273927,156.68007622273927,-20.442609592178414,3,TRAILING_STOP,False
2024-05-16 07:30:00,2024-05-16 07:45:00,2024-05-16 08:00:00,13088,LONG,66160.6,25.36083409158934,17.36083409158934,45.36083409158934,-10.01502404754632,1,TRAILING_STOP,False
2024-05-16 12:30:00,2024-05-16 12:45:00,2024-05-16 13:30:00,13110,SHORT,66095.56,20.770429965339943,12.770429965339943,50.77042996533994,-21.48858410459021,3,TRAILING_STOP,False
2024-05-16 16:30:00,2024-05-16 16:45:00,2024-05-16 17:45:00,13127,SHORT,65380.13,88.89850937891995,80.89850937891995,118.89850937891995,-1.5019853891388268,4,TRAILING_STOP,False
2024-05-17 03:30:00,2024-05-17 03:45:00,2024-05-17 06:15:00,13177,LONG,65814.71,-17.644991522412642,-25.644991522412642,0.0,-67.94833556206574,10,TIME_EXIT,False
2024-05-17 06:45:00,2024-05-17 07:00:00,2024-05-17 07:15:00,13181,LONG,65955.56,62.54649039444172,54.54649039444172,82.54649039444172,0.0,1,TRAILING_STOP,False
2024-05-17 07:30:00,2024-05-17 07:45:00,2024-05-17 09:45:00,13191,SHORT,66221.99,-6.865690686732364,-14.865690686732364,23.134309313267636,-35.53049372270353,8,TRAILING_STOP,False
2024-05-17 12:45:00,2024-05-17 13:00:00,2024-05-17 13:30:00,13206,LONG,66379.97,-17.948176234488304,-25.948176234488304,2.0518237655116964,-83.14857629492786,2,TRAILING_STOP,False
2024-05-17 14:45:00,2024-05-17 15:00:00,2024-05-17 15:30:00,13214,LONG,66806.67,76.47689369938644,68.47689369938644,96.47689369938644,0.0,2,TRAILING_STOP,False
2024-05-17 23:45:00,2024-05-18 00:00:00,2024-05-18 02:30:00,13258,LONG,67024.0,-15.33003103365915,-23.33003103365915,4.66996896634085,-44.53180950107442,10,TRAILING_STOP,False
2024-05-18 06:45:00,2024-05-18 07:00:00,2024-05-18 07:30:00,13278,LONG,66920.03,27.916894239288816,19.916894239288816,47.916894239288816,-3.771665972057281,2,TRAILING_STOP,False
2024-05-18 10:45:00,2024-05-18 11:00:00,2024-05-18 12:00:00,13296,LONG,67222.21,-6.010575968866005,-14.010575968866005,13.989424031133995,-19.10975554061766,4,TRAILING_STOP,False
2024-05-18 22:45:00,2024-05-18 23:00:00,2024-05-19 00:30:00,13346,LONG,66932.0,-3.8761728321283897,-11.87617283212839,16.12382716787161,-14.135241737883312,6,TRAILING_STOP,False
2024-05-19 02:45:00,2024-05-19 03:00:00,2024-05-19 04:00:00,13360,LONG,67211.6,-7.68813716679859,-15.68813716679859,12.31186283320141,-22.555630278107618,4,TRAILING_STOP,False
2024-05-19 07:30:00,2024-05-19 07:45:00,2024-05-19 08:30:00,13378,LONG,67250.01,-6.631972248032566,-14.631972248032566,13.368027751967434,-22.306316385677086,3,TRAILING_STOP,False
2024-05-19 10:30:00,2024-05-19 10:45:00,2024-05-19 13:15:00,13397,LONG,67576.72,-121.25181571405132,-129.2518157140513,0.0,-122.33798858541833,10,TIME_EXIT,False
2024-05-19 19:00:00,2024-05-19 19:15:00,2024-05-19 20:00:00,13424,SHORT,66252.54,29.664127594201467,21.664127594201467,59.66412759420147,-21.11013404165344,3,TRAILING_STOP,False
2024-05-20 01:00:00,2024-05-20 01:15:00,2024-05-20 01:30:00,13446,SHORT,66341.61,12.401744546145764,4.401744546145764,42.401744546145764,-8.377849135708606,1,TRAILING_STOP,False
2024-05-20 04:30:00,2024-05-20 04:45:00,2024-05-20 05:00:00,13460,LONG,67055.0,15.93915442547241,7.93915442547241,35.93915442547241,0.0,1,TRAILING_STOP,False
2024-05-20 06:45:00,2024-05-20 07:00:00,2024-05-20 09:30:00,13478,SHORT,66410.01,-77.81507637177049,-85.81507637177049,0.0,-97.5696284340277,10,TIME_EXIT,False
2024-05-20 10:15:00,2024-05-20 10:30:00,2024-05-20 11:30:00,13486,LONG,67139.98,3.8337872605866252,-4.166212739413375,23.833787260586625,-11.912425353715614,4,TRAILING_STOP,False
2024-05-20 15:15:00,2024-05-20 15:30:00,2024-05-20 16:00:00,13504,LONG,67250.0,84.08921933085502,76.08921933085502,104.08921933085502,0.0,2,TRAILING_STOP,False
2024-05-20 16:30:00,2024-05-20 16:45:00,2024-05-20 17:15:00,13509,LONG,68250.0,38.60512820512761,30.605128205127613,58.60512820512761,-32.121611721611124,2,TRAILING_STOP,False
2024-05-20 19:15:00,2024-05-20 19:30:00,2024-05-20 20:00:00,13520,LONG,69192.01,157.6549055302788,149.6549055302788,177.6549055302788,0.0,2,TRAILING_STOP,False
2024-05-20 23:15:00,2024-05-20 23:30:00,2024-05-21 00:00:00,13536,LONG,71432.01,-7.9115819364447635,-15.911581936444763,12.088418063555237,-42.92753346853875,2,TRAILING_STOP,False
2024-05-21 11:45:00,2024-05-21 12:00:00,2024-05-21 13:30:00,13590,SHORT,71130.0,14.429917053282558,6.4299170532825585,44.42991705328256,-45.70364122030037,6,TRAILING_STOP,False
2024-05-21 17:00:00,2024-05-21 17:15:00,2024-05-21 17:30:00,13606,LONG,69594.66,30.012457852369366,22.012457852369366,50.012457852369366,0.0,1,TRAILING_STOP,False
2024-05-22 04:30:00,2024-05-22 04:45:00,2024-05-22 07:15:00,13661,SHORT,69315.37,-47.65898241616626,-55.65898241616626,0.0,-107.41052092775443,10,TIME_EXIT,False
2024-05-22 08:30:00,2024-05-22 08:45:00,2024-05-22 09:30:00,13670,LONG,70020.0,-10.417023707511309,-18.41702370751131,9.582976292488691,-26.071122536418585,3,TRAILING_STOP,False
2024-05-22 12:30:00,2024-05-22 12:45:00,2024-05-22 14:15:00,13689,SHORT,69733.99,12.832770647427793,4.832770647427793,42.83277064742779,-52.409162303777705,6,TRAILING_STOP,False
2024-05-22 18:30:00,2024-05-22 18:45:00,2024-05-22 19:00:00,13708,LONG,69491.26,12.09324453175897,4.09324453175897,32.09324453175897,-0.900832709033447,1,TRAILING_STOP,False
2024-05-23 07:30:00,2024-05-23 07:45:00,2024-05-23 08:15:00,13761,LONG,69776.0,-9.403233203393384,-17.403233203393384,10.596766796606616,-21.537491401054638,2,TRAILING_STOP,False
2024-05-23 11:15:00,2024-05-23 11:30:00,2024-05-23 12:30:00,13778,LONG,69928.7,3.941529014553147,-4.058470985446853,23.941529014553147,-14.257379302060112,4,TRAILING_STOP,False
2024-05-23 12:45:00,2024-05-23 13:00:00,2024-05-23 13:30:00,13782,SHORT,69428.53,94.66488920332878,86.66488920332878,124.66488920332878,-1.4806593197348175,2,TRAILING_STOP,False
2024-05-23 13:45:00,2024-05-23 14:00:00,2024-05-23 15:00:00,13788,SHORT,68036.14,32.494727067114965,24.494727067114965,62.494727067114965,-45.453783827242404,4,TRAILING_STOP,False
2024-05-23 18:00:00,2024-05-23 18:15:00,2024-05-23 18:45:00,13803,SHORT,67152.02,-8.900113503658964,-16.900113503658964,21.099886496341036,-40.027090771058496,2,TRAILING_STOP,False
2024-05-23 20:00:00,2024-05-23 20:15:00,2024-05-23 22:45:00,13819,SHORT,66767.87,-137.58114494292028,-145.58114494292028,0.0,-239.3276886023176,10,TIME_EXIT,False
2024-05-24 05:30:00,2024-05-24 05:45:00,2024-05-24 06:00:00,13848,SHORT,67223.25,-29.55372583146456,-37.55372583146456,0.4462741685354398,-55.662289460862574,1,TRAILING_STOP,False
2024-05-24 06:45:00,2024-05-24 07:00:00,2024-05-24 08:30:00,13858,SHORT,66887.01,12.891736377511783,4.8917363775117835,42.89173637751178,-63.46972304487805,6,TRAILING_STOP,False
2024-05-24 13:15:00,2024-05-24 13:30:00,2024-05-24 14:15:00,13881,LONG,67410.01,67.52260977264434,59.522609772644344,87.52260977264434,-72.39874315402024,3,TRAILING_STOP,False
2024-05-24 14:30:00,2024-05-24 14:45:00,2024-05-24 17:15:00,13893,SHORT,67731.98,-121.65597403176461,-129.65597403176463,0.0,-139.48949964256298,10,TIME_EXIT,False
2024-05-25 08:30:00,2024-05-25 08:45:00,2024-05-25 09:15:00,13957,SHORT,68884.77,-24.95244014025102,-32.95244014025102,5.047559859748979,-29.92388593298491,2,TRAILING_STOP,False
2024-05-25 10:45:00,2024-05-25 11:00:00,2024-05-25 11:30:00,13966,LONG,69388.0,11.994004727042142,3.9940047270421424,31.994004727042142,-0.6153801810117131,2,TRAILING_STOP,False
2024-05-25 12:00:00,2024-05-25 12:15:00,2024-05-25 13:30:00,13974,LONG,69158.97,-8.17217781005083,-16.17217781005083,11.82782218994917,-39.98613628861276,5,TRAILING_STOP,False
2024-05-25 23:00:00,2024-05-25 23:15:00,2024-05-26 00:15:00,14017,LONG,69294.99,-11.11046844800883,-19.11046844800883,8.88953155199117,-16.571183573300427,4,TRAILING_STOP,False
2024-05-26 02:15:00,2024-05-26 02:30:00,2024-05-26 03:30:00,14030,SHORT,68973.99,-5.988049988117279,-13.988049988117279,24.01195001188272,-7.188216891614033,4,TRAILING_STOP,False
2024-05-26 03:45:00,2024-05-26 04:00:00,2024-05-26 06:30:00,14042,LONG,69073.62,1.5027444630822384,-6.497255536917762,15.980051429185941,-21.050004328713943,10,TIME_EXIT,False
2024-05-26 07:30:00,2024-05-26 07:45:00,2024-05-26 08:15:00,14049,LONG,69348.5,10.819700498207737,2.8197004982077374,30.819700498207737,-12.761631470039006,2,TRAILING_STOP,False
2024-05-26 14:45:00,2024-05-26 15:00:00,2024-05-26 17:30:00,14086,LONG,69287.11,-58.24892970712684,-66.24892970712685,0.0,-89.26768629835978,10,TIME_EXIT,False
2024-05-26 21:30:00,2024-05-26 21:45:00,2024-05-27 00:00:00,14112,SHORT,68386.44,-23.79409134325426,-31.79409134325426,6.205908656745742,-45.94624314410749,9,TRAILING_STOP,False
2024-05-27 01:30:00,2024-05-27 01:45:00,2024-05-27 02:45:00,14123,LONG,69138.0,1.7593797911426918,-6.240620208857308,21.759379791142692,-16.996441898810318,4,TRAILING_STOP,False
2024-05-27 03:15:00,2024-05-27 03:30:00,2024-05-27 05:30:00,14134,SHORT,69046.8,74.97952113638948,66.97952113638948,104.97952113638948,0.0,8,TRAILING_STOP,False
2024-05-27 13:15:00,2024-05-27 13:30:00,2024-05-27 16:00:00,14176,SHORT,68818.55,-254.21343518571547,-262.21343518571547,0.0,-263.9811504310964,10,TIME_EXIT,False
2024-05-27 19:45:00,2024-05-27 20:00:00,2024-05-27 22:00:00,14200,LONG,69260.02,70.65547483237661,62.65547483237661,90.65547483237661,0.0,8,TRAILING_STOP,False
2024-05-28 01:45:00,2024-05-28 02:00:00,2024-05-28 03:45:00,14223,SHORT,68614.11,95.50042549557236,87.50042549557236,125.50042549557236,-33.265752481523116,7,TRAILING_STOP,False
2024-05-28 10:00:00,2024-05-28 10:15:00,2024-05-28 12:45:00,14259,LONG,68720.75,-74.5218874939513,-82.5218874939513,0.0,-82.4408930344901,10,TIME_EXIT,False
2024-05-28 13:30:00,2024-05-28 13:45:00,2024-05-28 14:00:00,14264,SHORT,68034.0,44.13646118117481,36.13646118117481,74.13646118117481,-12.135108916129827,1,TRAILING_STOP,False
2024-05-28 18:30:00,2024-05-28 18:45:00,2024-05-28 21:15:00,14293,SHORT,67479.9,-136.9430008046857,-144.9430008046857,0.0,-165.7426878225972,10,TIME_EXIT,False
2024-05-28 22:00:00,2024-05-28 22:15:00,2024-05-29 00:30:00,14306,SHORT,68572.52,14.694288615907716,6.694288615907716,44.694288615907716,-8.948190907961466,9,TRAILING_STOP,False
2024-05-29 02:15:00,2024-05-29 02:30:00,2024-05-29 05:00:00,14324,LONG,68913.89,-16.83808300474787,-24.83808300474787,3.1619169952521324,-49.51541699358372,10,TRAILING_STOP,False
2024-05-29 07:15:00,2024-05-29 07:30:00,2024-05-29 08:15:00,14337,SHORT,68150.0,50.36096845194474,42.36096845194474,80.36096845194474,-7.5172413793097475,3,TRAILING_STOP,False
2024-05-29 13:15:00,2024-05-29 13:30:00,2024-05-29 13:45:00,14359,SHORT,67830.01,8.398932861721804,0.39893286172180353,38.3989328617218,-14.06457112419838,1,TRAILING_STOP,False
2024-05-30 02:15:00,2024-05-30 02:30:00,2024-05-30 04:00:00,14416,LONG,68098.52,-7.679614769896,-15.679614769896,12.320385230104,-25.627576047174603,6,TRAILING_STOP,False
2024-05-30 06:30:00,2024-05-30 06:45:00,2024-05-30 07:45:00,14431,LONG,67963.0,-9.079352000352962,-17.079352000352962,10.920647999647038,-66.88639406736044,4,TRAILING_STOP,False
2024-05-30 08:00:00,2024-05-30 08:15:00,2024-05-30 10:45:00,14443,SHORT,67207.65,-109.27773847173762,-117.27773847173762,0.0,-116.55667174793433,10,TIME_EXIT,False
2024-05-30 13:45:00,2024-05-30 14:00:00,2024-05-30 14:30:00,14458,LONG,68623.99,3.316918762665175,-4.683081237334825,23.316918762665175,-24.352999585131947,2,TRAILING_STOP,False
2024-05-30 17:30:00,2024-05-30 17:45:00,2024-05-30 18:00:00,14472,LONG,69413.28,-19.03188554121039,-27.03188554121039,0.9681144587896097,-39.60193207985553,1,TRAILING_STOP,False
2024-05-31 02:00:00,2024-05-31 02:15:00,2024-05-31 04:45:00,14515,LONG,68618.3,-14.749214130924427,-22.74921413092443,5.250785869075573,-19.280570926415095,10,TRAILING_STOP,False
2024-05-31 09:15:00,2024-05-31 09:30:00,2024-05-31 10:00:00,14536,SHORT,67926.93,-24.41605854997524,-32.41605854997524,5.583941450024758,-51.115220428776404,2,TRAILING_STOP,False
2024-05-31 12:30:00,2024-05-31 12:45:00,2024-05-31 15:15:00,14557,LONG,68855.45,-203.09212996211545,-211.09212996211545,0.0,-233.10427860104073,10,TIME_EXIT,False
2024-05-31 16:00:00,2024-05-31 16:15:00,2024-05-31 18:45:00,14571,SHORT,66825.01,-88.2708435060481,-96.2708435060481,0.0,-94.9719274265741,10,TIME_EXIT,False
2024-05-31 19:30:00,2024-05-31 19:45:00,2024-05-31 22:15:00,14585,SHORT,67854.26,31.256696337119664,23.256696337119664,52.208954898335755,0.0,10,TIME_EXIT,False
2024-06-01 17:45:00,2024-06-01 18:00:00,2024-06-01 20:30:00,14674,LONG,67791.02,-2.805681342455693,-10.805681342455692,0.0,-15.533030776053067,10,TIME_EXIT,False
2024-06-02 01:00:00,2024-06-02 01:15:00,2024-06-02 03:45:00,14703,SHORT,67805.87,2.41866965205139,-5.58133034794861,23.97137592954616,-9.457883218665975,10,TIME_EXIT,False
2024-06-02 08:00:00,2024-06-02 08:15:00,2024-06-02 09:15:00,14725,LONG,67756.55,-11.732164639432781,-19.73216463943278,8.267835360567219,-25.25512293645557,4,TRAILING_STOP,False
2024-06-02 09:30:00,2024-06-02 09:45:00,2024-06-02 11:15:00,14733,SHORT,67415.59,-22.822135058077897,-30.822135058077897,7.177864941922102,-30.320879784631938,6,TRAILING_STOP,False
2024-06-02 11:45:00,2024-06-02 12:00:00,2024-06-02 14:30:00,14746,LONG,68251.53,10.544370214118448,2.544370214118448,30.544370214118448,-66.15675868365132,10,TRAILING_STOP,False
2024-06-02 17:30:00,2024-06-02 17:45:00,2024-06-02 20:15:00,14769,LONG,68016.02,-47.553502836537966,-55.553502836537966,0.0,-111.52519656398638,10,TIME_EXIT,False
2024-06-03 01:00:00,2024-06-03 01:15:00,2024-06-03 01:30:00,14790,LONG,68140.01,9.67272825466306,1.6727282546630597,29.67272825466306,0.0,1,TRAILING_STOP,False
2024-06-03 01:45:00,2024-06-03 02:00:00,2024-06-03 02:15:00,14793,LONG,68476.01,26.43378023924093,18.43378023924093,46.43378023924093,0.0,1,TRAILING_STOP,False
2024-06-03 06:15:00,2024-06-03 06:30:00,2024-06-03 06:45:00,14811,LONG,69099.28,-4.397811380958286,-12.397811380958286,15.602188619041714,-15.814926002123153,1,TRAILING_STOP,False
2024-06-03 07:00:00,2024-06-03 07:15:00,2024-06-03 08:45:00,14819,LONG,69083.93,16.05324711550241,8.053247115502408,36.05324711550241,-40.52027729169331,6,TRAILING_STOP,False
2024-06-03 12:30:00,2024-06-03 12:45:00,2024-06-03 13:00:00,14836,LONG,69650.0,-4.206748025843503,-12.206748025843503,15.793251974156497,-13.526202440776224,1,TRAILING_STOP,False
2024-06-03 13:30:00,2024-06-03 13:45:00,2024-06-03 14:15:00,14841,LONG,69987.99,-6.900609661744392,-14.900609661744392,13.099390338255608,-52.11608448821004,2,TRAILING_STOP,False
2024-06-03 14:30:00,2024-06-03 14:45:00,2024-06-03 15:00:00,14844,SHORT,69198.74,33.40288854970556,25.40288854970556,63.40288854970556,-17.260429886438363,1,TRAILING_STOP,False
2024-06-04 00:15:00,2024-06-04 00:30:00,2024-06-04 03:00:00,14892,SHORT,68784.01,-79.69875556833802,-87.69875556833802,0.0,-85.19421883080095,10,TIME_EXIT,False
2024-06-04 06:00:00,2024-06-04 06:15:00,2024-06-04 08:00:00,14912,SHORT,68882.62,-29.763365563041866,-37.763365563041866,0.23663443695813322,-44.912635436922976,7,TRAILING_STOP,False
2024-06-04 09:00:00,2024-06-04 09:15:00,2024-06-04 10:00:00,14920,SHORT,68780.14,0.9420713595512389,-7.057928640448761,30.94207135955124,-10.16572516426955,3,TRAILING_STOP,False
2024-06-04 13:15:00,2024-06-04 13:30:00,2024-06-04 13:45:00,14935,LONG,69429.78,37.751875348013655,29.751875348013655,57.751875348013655,0.0,1,TRAILING_STOP,False
2024-06-04 14:00:00,2024-06-04 14:15:00,2024-06-04 14:30:00,14938,LONG,69827.58,-15.735209497450889,-23.73520949745089,4.264790502549112,-72.72054967392657,1,TRAILING_STOP,False
2024-06-04 15:15:00,2024-06-04 15:30:00,2024-06-04 16:45:00,14947,LONG,69988.73,124.34752566591851,116.34752566591851,144.3475256659185,0.0,5,TRAILING_STOP,False
2024-06-05 01:15:00,2024-06-05 01:30:00,2024-06-05 01:45:00,14983,LONG,71002.13,-1.2202817014086058,-9.220281701408606,18.779718298591394,-11.81936372894704,1,TRAILING_STOP,False
2024-06-05 02:00:00,2024-06-05 02:15:00,2024-06-05 04:15:00,14993,SHORT,70776.02,-28.866847839140423,-36.86684783914042,1.1331521608595785,-51.46941011941598,8,TRAILING_STOP,False
2024-06-05 04:30:00,2024-06-05 04:45:00,2024-06-05 07:15:00,15005,LONG,71208.24,-19.154592221351134,-27.154592221351134,0.8454077786488645,-50.30878448898684,10,TRAILING_STOP,False
2024-06-05 12:45:00,2024-06-05 13:00:00,2024-06-05 14:15:00,15033,SHORT,70940.01,48.42541888561776,40.42541888561776,78.42541888561776,-32.418941017912246,5,TRAILING_STOP,False
2024-06-05 15:15:00,2024-06-05 15:30:00,2024-06-05 16:30:00,15042,LONG,71543.57,9.971945766753464,1.9719457667534641,29.971945766753464,-25.55785236884402,4,TRAILING_STOP,False
2024-06-05 23:15:00,2024-06-05 23:30:00,2024-06-06 02:00:00,15080,SHORT,70850.0,-50.049400141144076,-58.049400141144076,0.0,-52.214537755822484,10,TIME_EXIT,False
2024-06-06 11:45:00,2024-06-06 12:00:00,2024-06-06 12:30:00,15122,LONG,71170.01,18.441753766791813,10.441753766791813,38.44175376679181,-8.288603584570339,2,TRAILING_STOP,False
2024-06-06 13:30:00,2024-06-06 13:45:00,2024-06-06 15:30:00,15134,LONG,71493.21,8.924425130721307,0.9244251307213069,28.924425130721307,-66.10977462055479,7,TRAILING_STOP,False
2024-06-06 20:00:00,2024-06-06 20:15:00,2024-06-06 22:45:00,15163,SHORT,70411.98,-69.45266984396673,-77.45266984396673,0.0,-72.25759025665788,10,TIME_EXIT,False
2024-06-07 04:00:00,2024-06-07 04:15:00,2024-06-07 05:45:00,15191,LONG,71181.2,17.759970329244076,9.759970329244076,37.75997032924408,-9.253847926137148,6,TRAILING_STOP,False
2024-06-07 11:30:00,2024-06-07 11:45:00,2024-06-07 12:30:00,15218,LONG,71526.22,45.82201603831474,37.82201603831474,65.82201603831474,-124.8507190789608,3,TRAILING_STOP,False
2024-06-07 12:45:00,2024-06-07 13:00:00,2024-06-07 14:00:00,15224,LONG,71234.09,39.09389731798316,31.093897317983163,59.09389731798316,-22.239351973191244,4,TRAILING_STOP,False
2024-06-07 17:45:00,2024-06-07 18:00:00,2024-06-07 18:15:00,15241,SHORT,69803.59,152.7370196862357,144.7370196862357,182.7370196862357,0.0,1,TRAILING_STOP,False
2024-06-08 13:30:00,2024-06-08 13:45:00,2024-06-08 16:15:00,15329,LONG,69341.75,1.5757462135006115,-6.4242537864993885,21.57574621350061,-7.142882895225292,10,TRAILING_STOP,False
2024-06-09 07:45:00,2024-06-09 08:00:00,2024-06-09 10:30:00,15402,SHORT,69295.64,-6.834484824730759,-14.834484824730758,0.0,-14.6546016459337,10,TIME_EXIT,False
2024-06-09 12:30:00,2024-06-09 12:45:00,2024-06-09 13:15:00,15413,LONG,69527.44,15.893742096645248,7.893742096645248,35.89374209664525,-19.87129110463487,2,TRAILING_STOP,False
2024-06-09 13:30:00,2024-06-09 13:45:00,2024-06-09 14:45:00,15419,SHORT,69393.03,-11.407354600310136,-19.407354600310136,18.592645399689864,-23.9173876684735,4,TRAILING_STOP,False
2024-06-09 18:00:00,2024-06-09 18:15:00,2024-06-09 19:30:00,15438,LONG,69770.68,-7.6079751551788775,-15.607975155178877,12.392024844821123,-13.869722926591734,5,TRAILING_STOP,False
2024-06-10 01:30:00,2024-06-10 01:45:00,2024-06-10 03:45:00,15471,LONG,69675.36,-1.9190026431157428,-9.919002643115743,18.080997356884257,-14.432648787174932,8,TRAILING_STOP,False
2024-06-10 07:45:00,2024-06-10 08:00:00,2024-06-10 09:45:00,15495,SHORT,69304.0,-10.995324945168186,-18.995324945168186,19.004675054831814,-27.55829389357111,7,TRAILING_STOP,False
2024-06-10 13:30:00,2024-06-10 13:45:00,2024-06-10 16:00:00,15520,LONG,69471.99,84.20746548357072,76.20746548357072,104.20746548357072,-24.755300661462336,9,TRAILING_STOP,False
2024-06-10 18:00:00,2024-06-10 18:15:00,2024-06-10 20:45:00,15539,LONG,70090.0,-65.27179340847557,-73.27179340847557,0.0,-107.79569125410094,10,TIME_EXIT,False
2024-06-11 01:45:00,2024-06-11 02:00:00,2024-06-11 02:15:00,15561,SHORT,68724.0,89.89988941272337,81.89988941272337,119.89988941272337,0.0,1,TRAILING_STOP,False
2024-06-11 02:30:00,2024-06-11 02:45:00,2024-06-11 04:15:00,15569,SHORT,68084.5,38.66467404475321,30.664674044753212,68.66467404475321,-59.264590325257586,6,TRAILING_STOP,False
2024-06-11 09:45:00,2024-06-11 10:00:00,2024-06-11 11:00:00,15596,SHORT,67084.33,17.96202034066674,9.96202034066674,47.96202034066674,-32.66485630847094,4,TRAILING_STOP,False
2024-06-11 13:45:00,2024-06-11 14:00:00,2024-06-11 15:00:00,15612,SHORT,66812.01,-3.2308607389612582,-11.230860738961258,26.76913926103874,-43.616409684427026,4,TRAILING_STOP,False
2024-06-11 15:30:00,2024-06-11 15:45:00,2024-06-11 18:15:00,15625,SHORT,66125.68,-131.40885658945385,-139.40885658945385,0.0,-140.67757034785961,10,TIME_EXIT,False
2024-06-12 01:15:00,2024-06-12 01:30:00,2024-06-12 01:45:00,15655,SHORT,66980.0,-20.146312332039415,-28.146312332039415,9.853687667960584,-31.010749477456915,1,TRAILING_STOP,False
2024-06-12 09:45:00,2024-06-12 10:00:00,2024-06-12 11:00:00,15692,LONG,67753.33,25.116601648951132,17.116601648951132,45.11660164895113,0.0,4,TRAILING_STOP,False
2024-06-12 12:30:00,2024-06-12 12:45:00,2024-06-12 13:00:00,15700,LONG,69417.98,13.394806359967113,5.394806359967113,33.39480635996711,-11.335679891578858,1,TRAILING_STOP,False
2024-06-12 18:00:00,2024-06-12 18:15:00,2024-06-12 18:30:00,15722,SHORT,69180.01,16.834338416545478,8.834338416545478,46.83433841654548,-30.354144210156267,1,TRAILING_STOP,False
2024-06-12 18:45:00,2024-06-12 19:00:00,2024-06-12 19:45:00,15727,SHORT,68828.0,199.26715871447666,191.26715871447666,229.26715871447666,-57.845644214563755,3,TRAILING_STOP,False
2024-06-13 02:00:00,2024-06-13 02:15:00,2024-06-13 03:00:00,15756,SHORT,67908.0,11.428108617541639,3.428108617541639,41.42810861754164,-39.61241679919892,3,TRAILING_STOP,False
2024-06-13 03:15:00,2024-06-13 03:30:00,2024-06-13 03:45:00,15759,SHORT,67434.84,0.38340418691575806,-7.616595813084242,30.383404186915758,-6.483295578368862,1,TRAILING_STOP,False
2024-06-13 09:30:00,2024-06-13 09:45:00,2024-06-13 12:15:00,15793,SHORT,67192.72,-98.4943011683405,-106.4943011683405,0.0,-115.85778935575104,10,TIME_EXIT,False
2024-06-13 12:30:00,2024-06-13 12:45:00,2024-06-13 13:15:00,15797,SHORT,67729.88,-13.4386241345772,-21.4386241345772,16.5613758654228,-54.53132354582593,2,TRAILING_STOP,False
2024-06-13 15:30:00,2024-06-13 15:45:00,2024-06-13 16:00:00,15808,SHORT,66608.02,23.48304903823972,15.48304903823972,53.48304903823972,-32.42552473410798,1,TRAILING_STOP,False
2024-06-14 05:30:00,2024-06-14 05:45:00,2024-06-14 06:15:00,15865,LONG,67100.01,-16.38152065849188,-24.38152065849188,3.6184793415081216,-29.807745185134067,2,TRAILING_STOP,False
2024-06-14 07:45:00,2024-06-14 08:00:00,2024-06-14 10:30:00,15882,SHORT,66904.98,2.2599214587606697,-5.74007854123933,10.22943284640431,-52.513280775214504,10,TIME_EXIT,False
2024-06-14 14:15:00,2024-06-14 14:30:00,2024-06-14 16:00:00,15904,SHORT,66697.72,134.58133801275383,126.58133801275383,164.58133801275383,-54.23573699370911,6,TRAILING_STOP,False
2024-06-14 16:15:00,2024-06-14 16:30:00,2024-06-14 17:00:00,15908,SHORT,65323.86,7.589634170424546,-0.4103658295754542,37.589634170424546,-41.047788664050074,2,TRAILING_STOP,False
2024-06-15 06:45:00,2024-06-15 07:00:00,2024-06-15 09:00:00,15972,SHORT,66168.57,-14.468456851945861,-22.46845685194586,15.531543148054139,-15.85798212051326,8,TRAILING_STOP,False
2024-06-15 15:15:00,2024-06-15 15:30:00,2024-06-15 18:00:00,16008,SHORT,66323.99,22.574033920456404,14.574033920456404,28.657805418523065,-5.42940797138332,10,TIME_EXIT,False
2024-06-15 20:15:00,2024-06-15 20:30:00,2024-06-15 23:00:00,16028,SHORT,65984.04,-41.594906889606406,-49.594906889606406,0.0,-41.594906889606406,10,TIME_EXIT,False
2024-06-16 06:45:00,2024-06-16 07:00:00,2024-06-16 09:00:00,16068,LONG,66312.01,-14.271022700110397,-22.271022700110397,5.728977299889604,-16.485701458905023,8,TRAILING_STOP,False
2024-06-16 09:15:00,2024-06-16 09:30:00,2024-06-16 11:15:00,16077,LONG,66384.5,38.070784595801726,30.070784595801726,58.070784595801726,-7.195956887527069,7,TRAILING_STOP,False
2024-06-16 22:00:00,2024-06-16 22:15:00,2024-06-16 23:15:00,16125,LONG,66733.0,-6.044385836092388,-14.044385836092388,13.955614163907612,-15.224851272984253,4,TRAILING_STOP,False
2024-06-17 01:15:00,2024-06-17 01:30:00,2024-06-17 04:00:00,16144,SHORT,66414.01,24.693584983048005,16.693584983048005,38.999301502799604,-17.25388965370576,10,TIME_EXIT,False
2024-06-17 07:00:00,2024-06-17 07:15:00,2024-06-17 08:30:00,16162,SHORT,65988.24,-29.35897669039052,-37.35897669039052,0.6410233096094814,-58.76198546892518,5,TRAILING_STOP,False
2024-06-17 09:45:00,2024-06-17 10:00:00,2024-06-17 10:30:00,16170,SHORT,65722.07,-4.731471482866109,-12.731471482866109,25.26852851713389,-19.465302903574553,2,TRAILING_STOP,False
2024-06-17 13:30:00,2024-06-17 13:45:00,2024-06-17 14:00:00,16184,SHORT,65410.02,12.809954805089014,4.8099548050890135,42.80995480508901,-6.15349146812675,1,TRAILING_STOP,False
2024-06-17 16:15:00,2024-06-17 16:30:00,2024-06-17 16:45:00,16195,LONG,65828.02,14.731410727527596,6.731410727527596,34.731410727527596,-6.383299998998006,1,TRAILING_STOP,False
2024-06-17 17:30:00,2024-06-17 17:45:00,2024-06-17 18:30:00,16202,LONG,66470.01,104.68781033732401,96.68781033732401,124.68781033732401,0.0,3,TRAILING_STOP,False
2024-06-18 00:45:00,2024-06-18 01:00:00,2024-06-18 01:45:00,16231,SHORT,65749.98,144.90195434279917,136.90195434279917,174.90195434279917,-10.340687556103477,3,TRAILING_STOP,False
2024-06-18 02:00:00,2024-06-18 02:15:00,2024-06-18 04:45:00,16243,SHORT,64858.0,-110.42739523266312,-118.42739523266312,0.0,-140.49924450337662,10,TIME_EXIT,False
2024-06-18 11:15:00,2024-06-18 11:30:00,2024-06-18 12:45:00,16275,SHORT,65190.93,-0.8655790000234269,-8.865579000023427,29.134420999976573,-41.49810410742703,5,TRAILING_STOP,False
2024-06-18 13:00:00,2024-06-18 13:15:00,2024-06-18 13:30:00,16278,SHORT,65001.92,25.976808069669417,17.976808069669417,55.97680806966942,-5.478299717916115,1,TRAILING_STOP,False
2024-06-19 01:00:00,2024-06-19 01:15:00,2024-06-19 02:30:00,16330,LONG,65345.47,2.030601356145901,-5.969398643854099,22.0306013561459,-81.8495911040197,5,TRAILING_STOP,False
2024-06-19 07:15:00,2024-06-19 07:30:00,2024-06-19 09:45:00,16359,SHORT,65238.0,-4.554707379134857,-12.554707379134857,25.445292620865143,-19.125356387381096,9,TRAILING_STOP,False
2024-06-19 11:30:00,2024-06-19 11:45:00,2024-06-19 14:15:00,16377,SHORT,65195.18,45.276353251881545,37.276353251881545,52.33208958085556,-17.61479913085546,10,TIME_EXIT,False
2024-06-20 07:15:00,2024-06-20 07:30:00,2024-06-20 08:00:00,16448,LONG,65854.02,-8.845024191386974,-16.845024191386976,11.154975808613026,-14.64754923086038,2,TRAILING_STOP,False
2024-06-20 10:45:00,2024-06-20 11:00:00,2024-06-20 11:30:00,16462,LONG,66209.49,21.300725923126286,13.300725923126286,41.300725923126286,-9.453327612100782,2,TRAILING_STOP,False
2024-06-20 13:00:00,2024-06-20 13:15:00,2024-06-20 13:30:00,16470,SHORT,65778.01,64.14696492034216,56.14696492034216,94.14696492034216,0.0,1,TRAILING_STOP,False
2024-06-20 19:30:00,2024-06-20 19:45:00,2024-06-20 22:15:00,16505,SHORT,65050.01,1.4588775620488357,-6.541122437951165,7.385087258249595,-23.074554485079794,10,TIME_EXIT,False
2024-06-21 01:00:00,2024-06-21 01:15:00,2024-06-21 03:45:00,16527,SHORT,64671.75,25.607780831661522,17.607780831661522,50.52437888258784,-61.06375658614519,10,TIME_EXIT,False
2024-06-21 04:00:00,2024-06-21 04:15:00,2024-06-21 05:00:00,16532,LONG,64541.99,0.60828927028777,-7.39171072971223,20.60828927028777,-3.407084287298542,3,TRAILING_STOP,False
2024-06-21 07:45:00,2024-06-21 08:00:00,2024-06-21 09:15:00,16549,SHORT,64201.63,75.74186356327674,67.74186356327674,105.74186356327674,-26.560073319011384,5,TRAILING_STOP,False
2024-06-21 13:30:00,2024-06-21 13:45:00,2024-06-21 14:30:00,16570,LONG,63804.01,48.72608790576015,40.72608790576015,68.72608790576015,-55.09685049576051,3,TRAILING_STOP,False
2024-06-22 02:00:00,2024-06-22 02:15:00,2024-06-22 04:45:00,16627,LONG,64302.81,9.533020407662264,1.5330204076622636,10.008893857049262,-12.878130831296124,10,TIME_EXIT,False
2024-06-22 08:00:00,2024-06-22 08:15:00,2024-06-22 10:45:00,16651,SHORT,64399.29,13.599528814681303,5.599528814681303,28.705285415413833,0.0,10,TIME_EXIT,False
2024-06-23 00:00:00,2024-06-23 00:15:00,2024-06-23 01:00:00,16708,LONG,64354.51,5.870758708286019,-2.1292412917139814,25.87075870828602,-3.9080400114928158,3,TRAILING_STOP,False
2024-06-23 09:00:00,2024-06-23 09:15:00,2024-06-23 11:45:00,16751,LONG,64437.28,-14.871825750559577,-22.871825750559577,0.0,-28.62163021157943,10,TIME_EXIT,False
2024-06-23 14:45:00,2024-06-23 15:00:00,2024-06-23 17:30:00,16774,SHORT,64192.0,12.594092721834222,4.5940927218342225,42.59409272183422,-1.246261216350947,10,TRAILING_STOP,False
2024-06-23 20:30:00,2024-06-23 20:45:00,2024-06-23 21:15:00,16789,SHORT,63792.01,10.131985181216585,2.131985181216585,40.131985181216585,-3.7104960323398264,2,TRAILING_STOP,False
2024-06-23 23:30:00,2024-06-23 23:45:00,2024-06-24 00:30:00,16802,SHORT,63378.08,44.85080015046202,36.85080015046202,74.85080015046202,0.0,3,TRAILING_STOP,False
2024-06-24 02:45:00,2024-06-24 03:00:00,2024-06-24 04:30:00,16818,SHORT,62880.95,9.272625493094026,1.2726254930940257,39.272625493094026,-31.247937570918577,6,TRAILING_STOP,False
2024-06-24 05:15:00,2024-06-24 05:30:00,2024-06-24 06:30:00,16826,SHORT,62626.53,44.379021159243166,36.379021159243166,74.37902115924317,0.0,4,TRAILING_STOP,False
2024-06-24 09:15:00,2024-06-24 09:30:00,2024-06-24 09:45:00,16839,SHORT,62149.5,146.91051416342816,138.91051416342816,176.91051416342816,0.0,1,TRAILING_STOP,False
2024-06-24 16:00:00,2024-06-24 16:15:00,2024-06-24 16:30:00,16866,LONG,60911.06,-13.278724750480073,-21.278724750480073,6.721275249519928,-90.46961257938996,1,TRAILING_STOP,False
2024-06-24 16:45:00,2024-06-24 17:00:00,2024-06-24 17:30:00,16870,SHORT,60168.01,20.146248812284327,12.146248812284327,50.14624881228433,-63.23127522415933,2,TRAILING_STOP,False
2024-06-24 19:45:00,2024-06-24 20:00:00,2024-06-24 20:30:00,16882,SHORT,59306.72,122.54932324701167,114.54932324701167,152.54932324701167,-13.527977942465192,2,TRAILING_STOP,False
2024-06-24 23:45:00,2024-06-25 00:00:00,2024-06-25 01:00:00,16900,SHORT,60293.3,-24.851832624852037,-32.85183262485204,5.148167375147964,-61.53254175837116,4,TRAILING_STOP,False
2024-06-25 03:00:00,2024-06-25 03:15:00,2024-06-25 03:45:00,16911,LONG,61183.69,47.85795364745087,39.85795364745087,67.85795364745087,0.0,2,TRAILING_STOP,False
2024-06-25 09:45:00,2024-06-25 10:00:00,2024-06-25 11:15:00,16941,LONG,61468.01,-16.632394639098113,-24.632394639098113,3.3676053609018886,-50.69791587526661,5,TRAILING_STOP,False
2024-06-25 12:00:00,2024-06-25 12:15:00,2024-06-25 13:00:00,16948,SHORT,61113.19,-11.478630063329646,-19.478630063329646,18.521369936670354,-25.68021731478835,3,TRAILING_STOP,False
2024-06-25 14:15:00,2024-06-25 14:30:00,2024-06-25 17:00:00,16964,LONG,62084.02,-61.19126950864236,-69.19126950864236,0.0,-123.92238775775044,10,TIME_EXIT,False
2024-06-26 01:15:00,2024-06-26 01:30:00,2024-06-26 02:15:00,17001,LONG,62007.99,57.38035049999198,49.38035049999198,77.38035049999198,-8.384403364791854,3,TRAILING_STOP,False
2024-06-26 12:45:00,2024-06-26 13:00:00,2024-06-26 14:15:00,17049,LONG,61431.47,69.29136808870093,61.291368088700935,89.29136808870093,-2.1373410077936694,5,TRAILING_STOP,False
2024-06-26 17:00:00,2024-06-26 17:15:00,2024-06-26 19:30:00,17070,SHORT,60921.99,3.9269941773069235,-4.0730058226930765,33.92699417730692,-71.69332452863146,9,TRAILING_STOP,False
2024-06-27 03:15:00,2024-06-27 03:30:00,2024-06-27 05:00:00,17108,LONG,61134.02,-10.515918959688369,-18.51591895968837,9.484081040311631,-23.405953019283945,6,TRAILING_STOP,False
2024-06-27 12:00:00,2024-06-27 12:15:00,2024-06-27 12:30:00,17138,LONG,61391.66,23.709520153062563,15.709520153062563,43.70952015306256,-35.80127984810981,1,TRAILING_STOP,False
2024-06-27 13:00:00,2024-06-27 13:15:00,2024-06-27 13:30:00,17142,LONG,61620.0,21.587147030185328,13.587147030185328,41.58714703018533,-9.087958455047064,1,TRAILING_STOP,False
2024-06-27 14:00:00,2024-06-27 14:15:00,2024-06-27 16:45:00,17155,LONG,62360.0,-103.50064143681853,-111.50064143681853,0.0,-132.70525978191193,10,TIME_EXIT,False
2024-06-28 01:15:00,2024-06-28 01:30:00,2024-06-28 02:00:00,17192,LONG,61940.01,13.865025207453911,5.865025207453911,33.86502520745391,-18.035192438619095,2,TRAILING_STOP,False
2024-06-28 02:15:00,2024-06-28 02:30:00,2024-06-28 03:00:00,17196,SHORT,61764.0,-0.9798588174344331,-8.979858817434433,29.020141182565567,-5.8286380415776184,2,TRAILING_STOP,False
2024-06-28 07:45:00,2024-06-28 08:00:00,2024-06-28 09:45:00,17223,SHORT,61350.01,-25.760391889096343,-33.76039188909634,4.239608110903656,-39.4441663497688,7,TRAILING_STOP,False
2024-06-28 12:30:00,2024-06-28 12:45:00,2024-06-28 13:15:00,17237,SHORT,61510.01,8.499424727780884,0.49942472778088387,38.499424727780884,-1.9492762234956493,2,TRAILING_STOP,False
2024-06-28 13:45:00,2024-06-28 14:00:00,2024-06-28 15:15:00,17245,SHORT,61297.99,59.23457359694795,51.23457359694795,89.23457359694795,-16.64002359620601,5,TRAILING_STOP,False
2024-06-28 19:15:00,2024-06-28 19:30:00,2024-06-28 20:15:00,17265,SHORT,60446.01,33.363983826228065,25.363983826228065,63.363983826228065,-4.625615487275194,3,TRAILING_STOP,False
2024-06-29 00:15:00,2024-06-29 00:30:00,2024-06-29 01:15:00,17285,LONG,60657.95,32.430060692787364,24.430060692787364,52.430060692787364,-16.147924550697326,3,TRAILING_STOP,False
2024-06-29 01:30:00,2024-06-29 01:45:00,2024-06-29 04:15:00,17297,SHORT,60991.56,43.624068641628405,35.624068641628405,47.22456680891567,0.0,10,TIME_EXIT,False
2024-06-29 07:15:00,2024-06-29 07:30:00,2024-06-29 08:00:00,17312,LONG,61115.99,-19.108253012017908,-27.108253012017908,0.8917469879820921,-26.934031503048644,2,TRAILING_STOP,False
2024-06-29 11:30:00,2024-06-29 11:45:00,2024-06-29 14:15:00,17337,LONG,61170.0,-17.9238188654574,-25.9238188654574,2.0761811345426007,-36.01929050188029,10,TRAILING_STOP,False
2024-06-30 02:15:00,2024-06-30 02:30:00,2024-06-30 05:00:00,17396,SHORT,60900.0,26.30049261083715,18.30049261083715,27.126436781608717,-8.10509031198696,10,TIME_EXIT,False
2024-06-30 07:00:00,2024-06-30 07:15:00,2024-06-30 09:45:00,17415,LONG,61727.58,-32.05698328040799,-40.05698328040799,0.0,-54.75996305055278,10,TIME_EXIT,False
2024-06-30 18:45:00,2024-06-30 19:00:00,2024-06-30 20:30:00,17458,LONG,62055.3,37.54867029891006,29.54867029891006,57.54867029891006,-20.836254115281513,6,TRAILING_STOP,False
2024-06-30 22:15:00,2024-06-30 22:30:00,2024-06-30 23:00:00,17468,LONG,62942.56,-1.5387235600197435,-9.538723560019744,18.461276439980256,-33.03488132672079,2,TRAILING_STOP,False
2024-07-01 01:00:00,2024-07-01 01:15:00,2024-07-01 02:00:00,17480,LONG,63644.0,7.391427314436829,-0.6085726855631712,27.39142731443683,-42.21921940795631,3,TRAILING_STOP,False
2024-07-01 08:30:00,2024-07-01 08:45:00,2024-07-01 11:15:00,17517,SHORT,62890.0,21.284782954364857,13.284782954364857,29.89346477977421,-17.169661313404866,10,TIME_EXIT,False
2024-07-01 22:15:00,2024-07-01 22:30:00,2024-07-01 23:15:00,17565,LONG,62881.35,4.781592634382331,-3.2184073656176686,24.78159263438233,-5.033288884542309,3,TRAILING_STOP,False
2024-07-02 06:45:00,2024-07-02 07:00:00,2024-07-02 08:15:00,17601,SHORT,62866.01,43.93184329656023,35.93184329656023,73.93184329656023,0.0,5,TRAILING_STOP,False
2024-07-02 09:00:00,2024-07-02 09:15:00,2024-07-02 11:45:00,17615,LONG,62741.07,14.494493001155755,6.494493001155755,19.943874084391197,-40.71336367071877,10,TIME_EXIT,False
2024-07-02 13:45:00,2024-07-02 14:00:00,2024-07-02 16:30:00,17634,SHORT,62626.92,107.45538819408637,99.45538819408637,131.0363019608819,0.0,10,TIME_EXIT,False
2024-07-03 01:00:00,2024-07-03 01:15:00,2024-07-03 01:45:00,17671,SHORT,62042.02,101.07568064353705,93.07568064353705,131.07568064353705,-19.833332312520273,2,TRAILING_STOP,False
2024-07-03 02:00:00,2024-07-03 02:15:00,2024-07-03 03:15:00,17677,SHORT,61538.01,122.4277434385678,114.4277434385678,152.4277434385678,-9.95482304351323,4,TRAILING_STOP,False
2024-07-03 08:15:00,2024-07-03 08:30:00,2024-07-03 11:00:00,17708,LONG,60940.75,-105.13654656367031,-113.13654656367031,0.0,-220.00877901896516,10,TIME_EXIT,False
2024-07-03 19:15:00,2024-07-03 19:30:00,2024-07-03 21:00:00,17748,SHORT,60005.96,70.98330232530222,62.98330232530222,100.98330232530222,0.0,6,TRAILING_STOP,False
2024-07-03 23:15:00,2024-07-03 23:30:00,2024-07-04 00:30:00,17762,SHORT,60353.59,-5.971603346214067,-13.971603346214067,24.028396653785933,-20.26722851118003,4,TRAILING_STOP,False
2024-07-04 01:30:00,2024-07-04 01:45:00,2024-07-04 02:00:00,17768,SHORT,59609.67,273.5849720355768,265.5849720355768,303.5849720355768,0.0,1,TRAILING_STOP,False
2024-07-04 07:45:00,2024-07-04 08:00:00,2024-07-04 08:30:00,17794,SHORT,58219.99,138.55207292203207,130.55207292203207,168.55207292203207,-19.922710395519694,2,TRAILING_STOP,False
2024-07-04 09:00:00,2024-07-04 09:15:00,2024-07-04 09:30:00,17798,SHORT,57514.01,-29.494036322627565,-37.494036322627565,0.5059636773724336,-58.65527373243468,1,TRAILING_STOP,False
2024-07-04 13:15:00,2024-07-04 13:30:00,2024-07-04 13:45:00,17815,SHORT,56934.01,-1.3686072700654606,-9.36860727006546,28.63139272993454,-100.18089363457717,1,TRAILING_STOP,False
2024-07-04 23:30:00,2024-07-04 23:45:00,2024-07-05 00:15:00,17857,SHORT,57121.99,39.011951439366726,31.011951439366726,69.01195143936673,-30.11624770075392,2,TRAILING_STOP,False
2024-07-05 00:30:00,2024-07-05 00:45:00,2024-07-05 01:15:00,17861,SHORT,56942.01,-8.767872788473493,-16.767872788473493,21.232127211526507,-87.80687580224125,2,TRAILING_STOP,False
2024-07-05 02:45:00,2024-07-05 03:00:00,2024-07-05 03:15:00,17869,SHORT,55766.32,60.59590089502072,52.59590089502072,90.59590089502072,0.0,1,TRAILING_STOP,False
2024-07-05 04:15:00,2024-07-05 04:30:00,2024-07-05 04:45:00,17875,SHORT,54451.65,100.08421232414474,92.08421232414474,130.08421232414474,0.0,1,TRAILING_STOP,False
2024-07-05 11:30:00,2024-07-05 11:45:00,2024-07-05 12:30:00,17906,LONG,55506.41,59.916896084613725,51.916896084613725,79.91689608461373,-93.3982219350892,3,TRAILING_STOP,False
2024-07-06 00:15:00,2024-07-06 00:30:00,2024-07-06 02:30:00,17962,SHORT,56391.1,9.119648313297404,1.1196483132974038,39.119648313297404,-84.57008286768682,8,TRAILING_STOP,False
2024-07-06 05:00:00,2024-07-06 05:15:00,2024-07-06 05:45:00,17975,LONG,56311.11,11.684688865127725,3.6846888651277254,31.684688865127725,0.0,2,TRAILING_STOP,False
2024-07-06 12:45:00,2024-07-06 13:00:00,2024-07-06 13:45:00,18007,LONG,56755.48,75.76520188006458,67.76520188006458,95.76520188006458,-14.003934069450773,3,TRAILING_STOP,False
2024-07-06 14:00:00,2024-07-06 14:15:00,2024-07-06 16:45:00,18019,SHORT,56734.0,-197.1692459548071,-205.1692459548071,0.0,-243.06412380583072,10,TIME_EXIT,False
2024-07-06 23:15:00,2024-07-06 23:30:00,2024-07-07 02:00:00,18056,LONG,58378.0,-16.884785364349533,-24.884785364349533,0.0,-92.50059954092295,10,TIME_EXIT,False
2024-07-07 03:00:00,2024-07-07 03:15:00,2024-07-07 05:00:00,18068,SHORT,57964.0,64.5414395141812,56.54143951418121,94.5414395141812,-10.37885584155743,7,TRAILING_STOP,False
2024-07-07 13:15:00,2024-07-07 13:30:00,2024-07-07 14:15:00,18105,SHORT,56928.8,34.17489917230009,26.174899172300087,64.17489917230009,-1.8022512331183442,3,TRAILING_STOP,False
2024-07-07 21:15:00,2024-07-07 21:30:00,2024-07-07 23:00:00,18140,SHORT,56235.98,-19.641862736276668,-27.641862736276668,10.358137263723332,-99.07002598692107,6,TRAILING_STOP,False
2024-07-07 23:45:00,2024-07-08 00:00:00,2024-07-08 00:15:00,18145,SHORT,55857.81,15.438587728376326,7.438587728376326,45.438587728376326,-29.58583589295786,1,TRAILING_STOP,False
2024-07-08 00:30:00,2024-07-08 00:45:00,2024-07-08 01:00:00,18148,SHORT,55222.25,144.22144153850968,136.22144153850968,174.22144153850968,0.0,1,TRAILING_STOP,False
2024-07-08 01:15:00,2024-07-08 01:30:00,2024-07-08 02:00:00,18152,LONG,54794.0,55.729094426396514,47.729094426396514,75.72909442639651,-38.85461911888189,2,TRAILING_STOP,False
2024-07-08 08:00:00,2024-07-08 08:15:00,2024-07-08 09:00:00,18180,LONG,56258.01,331.7223591804974,323.7223591804974,351.7223591804974,0.0,3,TRAILING_STOP,False
2024-07-08 14:15:00,2024-07-08 14:30:00,2024-07-08 16:30:00,18210,SHORT,55625.86,5.976072999141515,-2.0239270008584853,35.976072999141515,-208.48756315857335,8,TRAILING_STOP,False
2024-07-08 19:45:00,2024-07-08 20:00:00,2024-07-08 20:15:00,18225,SHORT,56477.3,14.672815449747581,6.672815449747581,44.67281544974758,0.0,1,TRAILING_STOP,False
2024-07-09 01:00:00,2024-07-09 01:15:00,2024-07-09 03:00:00,18252,LONG,57079.54,29.600960344109744,21.600960344109744,49.600960344109744,-130.43377714676782,7,TRAILING_STOP,False
2024-07-09 08:30:00,2024-07-09 08:45:00,2024-07-09 11:15:00,18285,LONG,57840.01,-51.80497029651264,-59.80497029651264,0.0,-107.1939648696468,10,TIME_EXIT,False
2024-07-09 13:00:00,2024-07-09 13:15:00,2024-07-09 13:45:00,18295,SHORT,57296.01,35.62586120743872,27.625861207438717,65.62586120743872,-20.034553889529285,2,TRAILING_STOP,False
2024-07-09 14:00:00,2024-07-09 14:15:00,2024-07-09 16:15:00,18305,LONG,57851.15,-16.852266549584733,-24.852266549584733,3.1477334504152683,-163.89475403686902,8,TRAILING_STOP,False
2024-07-10 01:30:00,2024-07-10 01:45:00,2024-07-10 02:45:00,18347,SHORT,57747.99,-11.795037368400635,-19.795037368400635,18.204962631599365,-28.901438820641456,4,TRAILING_STOP,False
2024-07-10 04:00:00,2024-07-10 04:15:00,2024-07-10 04:30:00,18354,LONG,58727.06,79.26258866015128,71.26258866015128,99.26258866015128,0.0,1,TRAILING_STOP,False
2024-07-10 12:30:00,2024-07-10 12:45:00,2024-07-10 13:30:00,18390,SHORT,57977.88,51.21028226627061,43.21028226627061,81.21028226627061,-53.54110912644711,3,TRAILING_STOP,False
2024-07-10 22:15:00,2024-07-10 22:30:00,2024-07-10 23:45:00,18431,LONG,57806.0,-7.271217520672293,-15.271217520672293,12.728782479327707,-34.9012213265059,5,TRAILING_STOP,False
2024-07-11 01:30:00,2024-07-11 01:45:00,2024-07-11 02:00:00,18440,LONG,58040.01,39.19537229576627,31.19537229576627,59.19537229576627,-7.417297136923806,1,TRAILING_STOP,False
2024-07-11 03:00:00,2024-07-11 03:15:00,2024-07-11 03:45:00,18447,SHORT,57630.01,24.726695345011983,16.726695345011983,54.72669534501198,0.0,2,TRAILING_STOP,False
2024-07-11 11:30:00,2024-07-11 11:45:00,2024-07-11 12:00:00,18480,LONG,58703.52,-3.905564777034968,-11.905564777034968,16.094435222965032,-32.32855542563697,1,TRAILING_STOP,False
2024-07-11 12:30:00,2024-07-11 12:45:00,2024-07-11 13:00:00,18484,LONG,58922.01,-11.689014003425687,-19.689014003425687,8.310985996574313,-84.18076708516936,1,TRAILING_STOP,False
2024-07-11 14:15:00,2024-07-11 14:30:00,2024-07-11 15:00:00,18492,SHORT,57781.7,-4.784404058724977,-12.784404058724977,25.215595941275023,-30.16525993523952,2,TRAILING_STOP,False
2024-07-12 01:15:00,2024-07-12 01:30:00,2024-07-12 04:00:00,18544,SHORT,56610.0,-60.909733262674024,-68.90973326267402,0.0,-142.94647588765255,10,TIME_EXIT,False
2024-07-12 07:30:00,2024-07-12 07:45:00,2024-07-12 10:15:00,18569,SHORT,56924.78,-2.291504683901117,-10.291504683901117,27.708495316098883,-71.944063727607,10,TRAILING_STOP,False
2024-07-12 12:30:00,2024-07-12 12:45:00,2024-07-12 15:15:00,18589,SHORT,57203.99,-169.4741922722522,-177.4741922722522,0.0,-176.21323267835027,10,TIME_EXIT,False
2024-07-13 05:45:00,2024-07-13 06:00:00,2024-07-13 06:30:00,18650,LONG,58076.02,4.116666396906151,-3.883333603093849,24.11666639690615,-12.745363749099335,2,TRAILING_STOP,False
2024-07-13 09:15:00,2024-07-13 09:30:00,2024-07-13 09:45:00,18663,LONG,58206.0,91.49709651925974,83.49709651925974,111.49709651925974,0.0,1,TRAILING_STOP,False
2024-07-13 22:15:00,2024-07-13 22:30:00,2024-07-14 01:00:00,18724,SHORT,58406.39,-206.44830129032127,-214.44830129032127,0.0,-247.16644873959862,10,TIME_EXIT,False
2024-07-14 04:15:00,2024-07-14 04:30:00,2024-07-14 05:00:00,18740,LONG,59740.0,73.0699698694342,65.0699698694342,93.0699698694342,-3.2256444593232003,2,TRAILING_STOP,False
2024-07-14 14:45:00,2024-07-14 15:00:00,2024-07-14 15:30:00,18782,LONG,60012.0,-11.531693661267795,-19.531693661267795,8.468306338732205,-22.66046790641838,2,TRAILING_STOP,False
2024-07-14 20:30:00,2024-07-14 20:45:00,2024-07-14 21:15:00,18805,LONG,60148.0,120.48679922856951,112.48679922856951,140.4867992285695,-20.283301190397022,2,TRAILING_STOP,False
2024-07-14 21:45:00,2024-07-14 22:00:00,2024-07-15 00:30:00,18818,LONG,61276.36,-43.86683543213123,-51.86683543213123,0.0,-105.10741826048375,10,TIME_EXIT,False
2024-07-15 01:15:00,2024-07-15 01:30:00,2024-07-15 01:45:00,18823,SHORT,61410.82,5.752657267888239,-2.247342732111761,35.75265726788824,0.0,1,TRAILING_STOP,False
2024-07-15 02:15:00,2024-07-15 02:30:00,2024-07-15 02:45:00,18827,LONG,62206.94,44.793413725220645,36.793413725220645,64.79341372522065,0.0,1,TRAILING_STOP,False
2024-07-15 13:15:00,2024-07-15 13:30:00,2024-07-15 14:15:00,18873,LONG,62784.28,23.381878393763948,15.381878393763948,43.38187839376395,-8.409748427471914,3,TRAILING_STOP,False
2024-07-15 14:45:00,2024-07-15 15:00:00,2024-07-15 16:45:00,18883,LONG,63218.06,41.51723099380169,33.51723099380169,61.51723099380169,-57.904339361251786,7,TRAILING_STOP,False
2024-07-15 22:00:00,2024-07-15 22:15:00,2024-07-15 22:30:00,18906,LONG,64135.63,80.80044430841409,72.80044430841409,100.80044430841409,-0.7094340540500865,1,TRAILING_STOP,False
2024-07-16 05:15:00,2024-07-16 05:30:00,2024-07-16 06:15:00,18937,SHORT,63947.0,45.390557805682604,37.390557805682604,75.3905578056826,0.0,3,TRAILING_STOP,False
2024-07-16 06:30:00,2024-07-16 06:45:00,2024-07-16 09:15:00,18949,LONG,63430.02,-71.57809504080194,-79.57809504080194,0.0,-166.6056545465379,10,TIME_EXIT,False
2024-07-16 14:00:00,2024-07-16 14:15:00,2024-07-16 14:30:00,18970,LONG,63513.9,19.636992847235014,11.636992847235014,39.636992847235014,-6.911872834135749,1,TRAILING_STOP,False
2024-07-16 15:45:00,2024-07-16 16:00:00,2024-07-16 18:15:00,18985,LONG,64878.24,-13.205734310918153,-21.205734310918153,6.794265689081848,-118.1721329061948,9,TRAILING_STOP,False
2024-07-16 23:15:00,2024-07-16 23:30:00,2024-07-17 00:15:00,19009,LONG,65227.9,0.1217577141069981,-7.878242285893002,20.121757714106998,-45.316498001622584,3,TRAILING_STOP,False
2024-07-17 01:15:00,2024-07-17 01:30:00,2024-07-17 01:45:00,19015,LONG,65918.9,-6.786794075749773,-14.786794075749773,13.213205924250227,-44.069303340923476,1,TRAILING_STOP,False
2024-07-17 06:15:00,2024-07-17 06:30:00,2024-07-17 08:15:00,19041,SHORT,65560.64,84.87837824646029,76.87837824646029,114.87837824646029,-19.53153599476804,7,TRAILING_STOP,False
2024-07-17 13:45:00,2024-07-17 14:00:00,2024-07-17 14:45:00,19067,LONG,65141.95,-6.056604077710023,-14.056604077710023,13.943395922289977,-56.772939710892054,3,TRAILING_STOP,False
2024-07-17 16:00:00,2024-07-17 16:15:00,2024-07-17 16:45:00,19075,SHORT,64392.03,53.55537168186791,45.55537168186791,83.55537168186791,0.0,2,TRAILING_STOP,False
2024-07-18 02:00:00,2024-07-18 02:15:00,2024-07-18 04:45:00,19123,SHORT,64523.13,-7.883994468340674,-15.883994468340674,0.0,-67.7059528885224,10,TIME_EXIT,False
2024-07-18 06:00:00,2024-07-18 06:15:00,2024-07-18 07:00:00,19132,LONG,64919.68,1.8454558001517718,-6.154544199848228,21.845455800151772,-12.575539497421955,3,TRAILING_STOP,False
2024-07-18 12:30:00,2024-07-18 12:45:00,2024-07-18 13:15:00,19157,LONG,64832.02,23.07593685959563,15.075936859595629,43.07593685959563,-0.23445205008216596,2,TRAILING_STOP,False
2024-07-18 14:15:00,2024-07-18 14:30:00,2024-07-18 14:45:00,19163,SHORT,64394.77,77.73701031931581,69.73701031931581,107.73701031931581,0.0,1,TRAILING_STOP,False
2024-07-18 15:00:00,2024-07-18 15:15:00,2024-07-18 15:30:00,19166,SHORT,63640.0,-27.424575738529317,-35.42457573852931,2.575424261470682,-48.629792583281464,1,TRAILING_STOP,False
2024-07-18 22:15:00,2024-07-18 22:30:00,2024-07-18 23:00:00,19196,LONG,64018.0,-3.6874004186322153,-11.687400418632215,16.312599581367785,-7.49789121809491,2,TRAILING_STOP,False
2024-07-19 06:00:00,2024-07-19 06:15:00,2024-07-19 08:45:00,19235,LONG,64408.01,-93.0024076197979,-101.0024076197979,0.0,-155.1049318244734,10,TIME_EXIT,False
2024-07-19 12:45:00,2024-07-19 13:00:00,2024-07-19 13:30:00,19254,LONG,64414.0,55.13894494985563,47.13894494985563,75.13894494985563,-63.4070233179123,2,TRAILING_STOP,False
2024-07-19 13:45:00,2024-07-19 14:00:00,2024-07-19 14:15:00,19257,LONG,65135.89,95.46783194334192,87.46783194334192,115.46783194334192,0.0,1,TRAILING_STOP,False
2024-07-19 16:00:00,2024-07-19 16:15:00,2024-07-19 17:15:00,19269,LONG,66158.0,72.62825357477519,64.62825357477519,92.62825357477519,0.0,4,TRAILING_STOP,False
2024-07-20 07:15:00,2024-07-20 07:30:00,2024-07-20 09:45:00,19335,LONG,66679.67,-11.988562630859112,-19.988562630859114,8.011437369140888,-33.1195400337159,9,TRAILING_STOP,False
2024-07-20 13:15:00,2024-07-20 13:30:00,2024-07-20 15:30:00,19358,LONG,66557.76,21.203309726770442,13.203309726770442,41.20330972677044,-22.198763900708197,8,TRAILING_STOP,False
2024-07-20 16:30:00,2024-07-20 16:45:00,2024-07-20 17:00:00,19364,SHORT,66786.5,-26.331593959857155,-34.33159395985716,3.6684060401428433,-63.56074955267906,1,TRAILING_STOP,False
2024-07-20 17:15:00,2024-07-20 17:30:00,2024-07-20 18:15:00,19369,LONG,67195.89,27.340693009646955,19.340693009646955,47.340693009646955,0.0,3,TRAILING_STOP,False
2024-07-20 21:00:00,2024-07-20 21:15:00,2024-07-20 22:00:00,19384,SHORT,67081.41,-5.222643650453026,-13.222643650453026,24.777356349546974,-32.58577898109126,3,TRAILING_STOP,False
2024-07-20 22:45:00,2024-07-20 23:00:00,2024-07-21 00:15:00,19393,LONG,67114.0,10.992043388860747,2.992043388860747,30.992043388860747,-7.524510534314748,5,TRAILING_STOP,False
2024-07-21 06:15:00,2024-07-21 06:30:00,2024-07-21 07:15:00,19421,LONG,66800.0,-17.005988023952096,-25.005988023952096,2.9940119760479043,-31.12275449101709,3,TRAILING_STOP,False
2024-07-21 13:30:00,2024-07-21 13:45:00,2024-07-21 14:00:00,19448,SHORT,66723.3,-23.810258185670836,-31.810258185670836,6.189741814329163,-45.36646119121762,1,TRAILING_STOP,False
2024-07-21 14:15:00,2024-07-21 14:30:00,2024-07-21 15:00:00,19452,LONG,67108.01,22.419675385993152,14.419675385993152,42.41967538599315,0.0,2,TRAILING_STOP,False
2024-07-21 16:45:00,2024-07-21 17:00:00,2024-07-21 19:30:00,19470,LONG,67553.99,3.536729658751465,-4.463270341248535,23.536729658751465,-263.04737884468483,10,TRAILING_STOP,False
2024-07-21 20:15:00,2024-07-21 20:30:00,2024-07-21 21:30:00,19478,LONG,68124.5,5.471012631285966,-2.5289873687140343,25.471012631285966,-82.24647520348816,4,TRAILING_STOP,False
2024-07-22 06:30:00,2024-07-22 06:45:00,2024-07-22 08:00:00,19520,SHORT,67259.87,-14.854267485203978,-22.854267485203977,15.145732514796022,-22.618241753961858,5,TRAILING_STOP,False
2024-07-22 13:30:00,2024-07-22 13:45:00,2024-07-22 14:00:00,19544,SHORT,67424.01,30.51405130012214,22.51405130012214,60.51405130012214,0.0,1,TRAILING_STOP,False
2024-07-22 14:15:00,2024-07-22 14:30:00,2024-07-22 15:00:00,19548,SHORT,67003.54,36.20097982882582,28.200979828825822,66.20097982882582,0.0,2,TRAILING_STOP,False
2024-07-22 19:45:00,2024-07-22 20:00:00,2024-07-22 22:30:00,19578,LONG,68232.08,-89.96208235187932,-97.96208235187932,0.0,-106.9130532148522,10,TIME_EXIT,False
2024-07-23 04:30:00,2024-07-23 04:45:00,2024-07-23 06:00:00,19608,SHORT,67050.0,77.97912005965696,69.97912005965696,107.97912005965696,0.0,5,TRAILING_STOP,False
2024-07-23 13:30:00,2024-07-23 13:45:00,2024-07-23 14:00:00,19640,SHORT,66376.0,28.454863203567555,20.454863203567555,58.454863203567555,-12.992647945041163,1,TRAILING_STOP,False
2024-07-23 14:30:00,2024-07-23 14:45:00,2024-07-23 17:15:00,19653,LONG,67314.01,-195.20602026234877,-203.20602026234877,0.0,-233.0970922694982,10,TIME_EXIT,False
2024-07-24 08:00:00,2024-07-24 08:15:00,2024-07-24 09:00:00,19716,LONG,66236.01,15.328214969470537,7.328214969470537,35.32821496947054,-9.315174630838587,3,TRAILING_STOP,False
2024-07-24 13:30:00,2024-07-24 13:45:00,2024-07-24 14:30:00,19738,LONG,66752.03,32.42986617785196,24.429866177851963,52.42986617785196,-70.30347990914937,3,TRAILING_STOP,False
2024-07-24 15:15:00,2024-07-24 15:30:00,2024-07-24 16:00:00,19744,SHORT,66357.33,29.399617193760427,21.399617193760427,59.39961719376043,-0.1039824839248849,2,TRAILING_STOP,False
2024-07-24 21:30:00,2024-07-24 21:45:00,2024-07-24 23:00:00,19772,SHORT,65410.63,15.80753923330159,7.80753923330159,45.80753923330159,-39.654105150798486,5,TRAILING_STOP,False
2024-07-25 00:00:00,2024-07-25 00:15:00,2024-07-25 01:00:00,19780,LONG,65440.0,7.506112469437653,-0.4938875305623469,27.506112469437653,-179.40097799511,3,TRAILING_STOP,False
2024-07-25 01:15:00,2024-07-25 01:30:00,2024-07-25 01:45:00,19783,SHORT,64418.81,0.7751726553160516,-7.224827344683948,30.77517265531605,-11.051120006718897,1,TRAILING_STOP,False
2024-07-25 12:30:00,2024-07-25 12:45:00,2024-07-25 13:15:00,19829,SHORT,63958.01,-21.485038386904293,-29.485038386904293,8.514961613095705,-52.22019884608635,2,TRAILING_STOP,False
2024-07-25 13:45:00,2024-07-25 14:00:00,2024-07-25 14:15:00,19833,SHORT,64050.01,40.25916155204379,32.25916155204379,70.25916155204379,-34.346598852989715,1,TRAILING_STOP,False
2024-07-25 14:30:00,2024-07-25 14:45:00,2024-07-25 15:15:00,19837,LONG,64740.0,20.932962619709613,12.932962619709613,40.93296261970961,-21.62496138399753,2,TRAILING_STOP,False
2024-07-26 01:00:00,2024-07-26 01:15:00,2024-07-26 02:45:00,19883,LONG,66420.01,97.2809218185921,89.2809218185921,117.2809218185921,-34.07406894398126,6,TRAILING_STOP,False
2024-07-26 03:00:00,2024-07-26 03:15:00,2024-07-26 05:45:00,19895,LONG,67277.98,-52.614540448449254,-60.614540448449254,0.0,-60.519058390277024,10,TIME_EXIT,False
2024-07-26 07:45:00,2024-07-26 08:00:00,2024-07-26 10:30:00,19914,SHORT,66890.56,-55.323202556533786,-63.323202556533786,0.0,-90.81102026952716,10,TIME_EXIT,False
2024-07-26 13:30:00,2024-07-26 13:45:00,2024-07-26 14:00:00,19928,LONG,67593.91,40.07789755023737,32.07789755023737,60.07789755023737,0.0,1,TRAILING_STOP,False
2024-07-26 14:15:00,2024-07-26 14:30:00,2024-07-26 14:45:00,19931,SHORT,67220.26,-13.597207151535152,-21.59720715153515,16.40279284846485,-22.27602213975448,1,TRAILING_STOP,False
2024-07-26 19:45:00,2024-07-26 20:00:00,2024-07-26 21:45:00,19959,LONG,67990.0,10.886895131637008,2.886895131637008,30.886895131637008,-84.79188115899396,7,TRAILING_STOP,False
2024-07-27 03:00:00,2024-07-27 03:15:00,2024-07-27 05:15:00,19989,SHORT,67879.14,-14.36485789301328,-22.36485789301328,15.63514210698672,-17.51790019732181,8,TRAILING_STOP,False
2024-07-27 06:45:00,2024-07-27 07:00:00,2024-07-27 07:45:00,19999,LONG,68092.89,9.738787706029218,1.7387877060292176,29.738787706029218,-8.256368616459246,3,TRAILING_STOP,False
2024-07-27 12:00:00,2024-07-27 12:15:00,2024-07-27 13:45:00,20023,LONG,68363.57,129.42022483612112,121.42022483612112,149.42022483612112,-11.267697108271756,6,TRAILING_STOP,False
2024-07-27 19:00:00,2024-07-27 19:15:00,2024-07-27 19:30:00,20046,SHORT,68321.14,66.96266777749996,58.96266777749996,96.96266777749996,-46.89470930959281,1,TRAILING_STOP,False
2024-07-27 19:45:00,2024-07-27 20:00:00,2024-07-27 20:45:00,20051,LONG,68246.0,4.030712422706092,-3.9692875772939082,24.03071242270609,-233.85985991853005,3,TRAILING_STOP,False
2024-07-28 05:00:00,2024-07-28 05:15:00,2024-07-28 07:45:00,20095,SHORT,67278.0,-42.043461458426314,-50.043461458426314,0.0,-46.49662594013005,10,TIME_EXIT,False
2024-07-28 10:15:00,2024-07-28 10:30:00,2024-07-28 11:45:00,20111,LONG,67625.57,35.36811002110488,27.368110021104883,55.36811002110488,-9.696036573149325,5,TRAILING_STOP,False
2024-07-28 18:30:00,2024-07-28 18:45:00,2024-07-28 21:15:00,20149,SHORT,68181.64,29.865811382654428,21.865811382654428,55.736412324491475,-16.62617678307541,10,TIME_EXIT,False
2024-07-29 00:00:00,2024-07-29 00:15:00,2024-07-29 00:30:00,20162,LONG,68600.02,20.303195246881252,12.303195246881252,40.30319524688125,0.0,1,TRAILING_STOP,False
2024-07-29 02:15:00,2024-07-29 02:30:00,2024-07-29 03:00:00,20172,LONG,69238.0,61.16930009532338,53.16930009532338,81.16930009532338,0.0,2,TRAILING_STOP,False
2024-07-29 12:00:00,2024-07-29 12:15:00,2024-07-29 14:30:00,20218,SHORT,69416.0,81.73072490492056,73.73072490492056,111.73072490492056,-95.6537397718113,9,TRAILING_STOP,False
2024-07-29 14:45:00,2024-07-29 15:00:00,2024-07-29 15:15:00,20221,SHORT,68228.01,52.02936008246441,44.02936008246441,82.02936008246441,0.0,1,TRAILING_STOP,False
2024-07-29 16:30:00,2024-07-29 16:45:00,2024-07-29 17:00:00,20228,SHORT,66896.0,39.95933987084429,31.95933987084429,69.95933987084429,-42.08323367615464,1,TRAILING_STOP,False
2024-07-29 23:00:00,2024-07-29 23:15:00,2024-07-30 00:15:00,20257,SHORT,66728.0,99.78060184630141,91.78060184630141,129.7806018463014,-49.983515166047056,4,TRAILING_STOP,False
2024-07-30 12:15:00,2024-07-30 12:30:00,2024-07-30 14:00:00,20312,SHORT,66265.86,10.120206694669108,2.1202066946691076,40.12020669466911,-102.93988488189838,6,TRAILING_STOP,False
2024-07-30 14:30:00,2024-07-30 14:45:00,2024-07-30 15:00:00,20316,SHORT,66045.99,44.34062234512727,36.34062234512727,74.34062234512727,-0.260424592015528,1,TRAILING_STOP,False
2024-07-30 20:00:00,2024-07-30 20:15:00,2024-07-30 22:45:00,20347,SHORT,65706.0,-78.53164094603233,-86.53164094603233,0.0,-99.06096855690492,10,TIME_EXIT,False
2024-07-31 04:30:00,2024-07-31 04:45:00,2024-07-31 05:30:00,20374,SHORT,65684.7,-13.83337367758362,-21.83337367758362,16.16662632241638,-31.561383396741967,3,TRAILING_STOP,False
2024-07-31 05:45:00,2024-07-31 06:00:00,2024-07-31 07:15:00,20381,LONG,66175.53,33.12839957609735,25.12839957609735,53.12839957609735,0.0,5,TRAILING_STOP,False
2024-07-31 13:30:00,2024-07-31 13:45:00,2024-07-31 14:00:00,20408,LONG,66702.62,-15.442457882462678,-23.442457882462676,4.557542117537322,-36.80964855653329,1,TRAILING_STOP,False
2024-07-31 14:15:00,2024-07-31 14:30:00,2024-07-31 17:00:00,20420,SHORT,66132.01,-45.36229883229094,-53.36229883229094,0.0,-93.64753921739447,10,TIME_EXIT,False
2024-07-31 19:15:00,2024-07-31 19:30:00,2024-07-31 19:45:00,20431,SHORT,65760.01,92.09091817352147,84.09091817352147,122.09091817352147,0.0,1,TRAILING_STOP,False
2024-08-01 01:30:00,2024-08-01 01:45:00,2024-08-01 02:00:00,20456,SHORT,64425.99,49.77836273839114,41.77836273839114,79.77836273839114,0.0,1,TRAILING_STOP,False
2024-08-01 14:15:00,2024-08-01 14:30:00,2024-08-01 15:30:00,20510,SHORT,64188.01,207.1065873517503,199.1065873517503,237.1065873517503,-15.267648895798452,4,TRAILING_STOP,False
2024-08-01 21:00:00,2024-08-01 21:15:00,2024-08-01 23:45:00,20543,SHORT,64719.99,-97.96509548286376,-105.96509548286376,0.0,-145.2086132893409,10,TIME_EXIT,False
2024-08-02 02:15:00,2024-08-02 02:30:00,2024-08-02 05:00:00,20564,SHORT,63970.02,-53.45785416355993,-61.45785416355993,0.0,-107.10485943259069,10,TIME_EXIT,False
2024-08-02 12:30:00,2024-08-02 12:45:00,2024-08-02 15:15:00,20605,SHORT,64356.01,268.82368406618133,260.82368406618133,298.82368406618133,-181.49043111902057,10,TRAILING_STOP,False
2024-08-02 20:15:00,2024-08-02 20:30:00,2024-08-02 20:45:00,20627,SHORT,62542.0,13.808960378625237,5.808960378625237,43.80896037862524,-21.32486968757037,1,TRAILING_STOP,False
2024-08-02 21:15:00,2024-08-02 21:30:00,2024-08-02 23:00:00,20636,SHORT,61660.87,39.87575751039526,31.87575751039526,69.87575751039526,-95.54357569070909,6,TRAILING_STOP,False
2024-08-03 00:45:00,2024-08-03 01:00:00,2024-08-03 01:15:00,20645,SHORT,61132.01,47.86591672676917,39.86591672676917,77.86591672676917,-10.01602924556152,1,TRAILING_STOP,False
2024-08-03 12:15:00,2024-08-03 12:30:00,2024-08-03 14:45:00,20699,LONG,62126.0,-12.433119788815949,-20.43311978881595,7.566880211184051,-45.31275150500628,9,TRAILING_STOP,False
2024-08-03 15:15:00,2024-08-03 15:30:00,2024-08-03 16:15:00,20705,SHORT,61567.6,155.17531948622354,147.17531948622354,185.17531948622354,0.0,3,TRAILING_STOP,False
2024-08-03 16:30:00,2024-08-03 16:45:00,2024-08-03 17:30:00,20710,SHORT,60573.06,-17.93853241028311,-25.93853241028311,12.061467589716893,-73.04237230214262,3,TRAILING_STOP,False
2024-08-04 02:30:00,2024-08-04 02:45:00,2024-08-04 05:15:00,20757,SHORT,60784.0,18.511450381678863,10.511450381678863,39.73085022374309,-19.47222953408801,10,TIME_EXIT,False
2024-08-04 07:30:00,2024-08-04 07:45:00,2024-08-04 08:15:00,20769,SHORT,60418.01,25.68538255397725,17.68538255397725,55.68538255397725,-13.015986458342374,2,TRAILING_STOP,False
2024-08-04 14:00:00,2024-08-04 14:15:00,2024-08-04 14:45:00,20795,SHORT,60495.5,164.80787827193757,156.80787827193757,194.80787827193757,0.0,2,TRAILING_STOP,False
2024-08-04 15:00:00,2024-08-04 15:15:00,2024-08-04 16:00:00,20800,SHORT,59388.0,52.00141442715666,44.00141442715666,82.00141442715666,-9.42277901259499,3,TRAILING_STOP,False
2024-08-04 17:00:00,2024-08-04 17:15:00,2024-08-04 17:30:00,20806,SHORT,58332.01,177.30298853065497,169.30298853065497,207.30298853065497,0.0,1,TRAILING_STOP,False
2024-08-05 00:15:00,2024-08-05 00:30:00,2024-08-05 00:45:00,20835,SHORT,57409.99,267.6816404252985,259.6816404252985,297.6816404252985,0.0,1,TRAILING_STOP,False
2024-08-05 01:00:00,2024-08-05 01:15:00,2024-08-05 01:30:00,20838,SHORT,53927.99,-13.401940254032318,-21.40194025403232,16.59805974596768,-234.759352239904,1,TRAILING_STOP,False
2024-08-05 06:00:00,2024-08-05 06:15:00,2024-08-05 06:30:00,20858,SHORT,51606.13,281.22853040908075,273.22853040908075,311.22853040908075,0.0,1,TRAILING_STOP,False
2024-08-05 09:45:00,2024-08-05 10:00:00,2024-08-05 10:30:00,20874,SHORT,52667.8,349.0057682303038,341.0057682303038,379.0057682303038,0.0,2,TRAILING_STOP,False
2024-08-05 12:30:00,2024-08-05 12:45:00,2024-08-05 13:30:00,20886,LONG,50920.01,277.8770035591118,269.8770035591118,297.8770035591118,-259.25171656486333,3,TRAILING_STOP,False
2024-08-05 14:00:00,2024-08-05 14:15:00,2024-08-05 14:30:00,20890,LONG,53001.89,265.6728316669467,257.6728316669467,285.6728316669467,-70.75219393119755,1,TRAILING_STOP,False
2024-08-05 16:15:00,2024-08-05 16:30:00,2024-08-05 17:00:00,20900,SHORT,55461.76,275.48615839093435,267.48615839093435,305.48615839093435,0.0,2,TRAILING_STOP,False
2024-08-06 00:15:00,2024-08-06 00:30:00,2024-08-06 01:00:00,20932,LONG,55625.55,96.9336752625362,88.9336752625362,116.9336752625362,-13.989974031717386,2,TRAILING_STOP,False
2024-08-06 08:30:00,2024-08-06 08:45:00,2024-08-06 09:00:00,20964,SHORT,54936.01,30.76160245347321,22.76160245347321,60.76160245347321,-10.919977624876282,1,TRAILING_STOP,False
2024-08-06 13:30:00,2024-08-06 13:45:00,2024-08-06 16:15:00,20993,SHORT,54728.33,-297.77447987175896,-305.77447987175896,0.0,-372.87269682813235,10,TIME_EXIT,False
2024-08-07 01:45:00,2024-08-07 02:00:00,2024-08-07 02:30:00,21034,LONG,56965.99,36.52495462643588,28.52495462643588,56.52495462643588,-64.5981927111243,2,TRAILING_STOP,False
2024-08-07 14:15:00,2024-08-07 14:30:00,2024-08-07 14:45:00,21083,SHORT,56215.89,30.593188153740414,22.593188153740414,60.593188153740414,-39.19354474331043,1,TRAILING_STOP,False
2024-08-08 01:15:00,2024-08-08 01:30:00,2024-08-08 04:00:00,21136,SHORT,55629.02,-280.8623987983257,-288.8623987983257,0.0,-360.84403428282644,10,TIME_EXIT,False
2024-08-08 12:30:00,2024-08-08 12:45:00,2024-08-08 13:15:00,21173,LONG,58049.33,15.430210822415738,7.430210822415738,35.43021082241574,-64.42796152858267,2,TRAILING_STOP,False
2024-08-08 13:30:00,2024-08-08 13:45:00,2024-08-08 14:00:00,21176,SHORT,57361.54,3.6166009489985314,-4.383399051001469,33.61660094899853,-33.3638183354208,1,TRAILING_STOP,False
2024-08-08 21:30:00,2024-08-08 21:45:00,2024-08-08 22:00:00,21208,LONG,60511.93,103.76071958042016,95.76071958042016,123.76071958042016,0.0,1,TRAILING_STOP,False
2024-08-08 22:45:00,2024-08-08 23:00:00,2024-08-08 23:15:00,21213,LONG,62332.0,-11.994481165372289,-19.99448116537229,8.005518834627711,-73.02990438298131,1,TRAILING_STOP,False
2024-08-09 02:15:00,2024-08-09 02:30:00,2024-08-09 02:45:00,21227,LONG,61279.48,7.638942105904835,-0.36105789409516476,27.638942105904835,-7.176953851436598,1,TRAILING_STOP,False
2024-08-09 10:15:00,2024-08-09 10:30:00,2024-08-09 10:45:00,21259,SHORT,60654.99,17.663019975767625,9.663019975767625,47.663019975767625,0.0,1,TRAILING_STOP,False
2024-08-09 13:30:00,2024-08-09 13:45:00,2024-08-09 14:30:00,21274,SHORT,59930.02,35.91354382995314,27.91354382995314,65.91354382995314,-197.74563732833792,3,TRAILING_STOP,False
2024-08-09 21:00:00,2024-08-09 21:15:00,2024-08-09 21:45:00,21303,SHORT,60165.02,-19.193056031561728,-27.193056031561728,10.806943968438272,-116.61759607160516,2,TRAILING_STOP,False
2024-08-09 22:00:00,2024-08-09 22:15:00,2024-08-09 23:15:00,21309,SHORT,60382.22,-24.455321450585423,-32.45532145058542,5.544678549414579,-99.8273995225745,4,TRAILING_STOP,False
2024-08-10 00:15:00,2024-08-10 00:30:00,2024-08-10 03:00:00,21324,LONG,60976.0,-92.82176594069765,-100.82176594069765,0.0,-112.91163736552052,10,TIME_EXIT,False
2024-08-10 09:30:00,2024-08-10 09:45:00,2024-08-10 10:15:00,21353,LONG,60962.01,-12.042585210035766,-20.042585210035767,7.9574147899642345,-51.837201562087934,2,TRAILING_STOP,False
2024-08-10 16:00:00,2024-08-10 16:15:00,2024-08-10 18:15:00,21385,LONG,60600.0,78.45379537953752,70.45379537953752,98.45379537953752,-8.36468646864725,8,TRAILING_STOP,False
2024-08-11 00:00:00,2024-08-11 00:15:00,2024-08-11 02:45:00,21419,LONG,61198.84,-28.114911981991433,-36.11491198199143,0.0,-40.78018472245547,10,TIME_EXIT,False
2024-08-11 03:15:00,2024-08-11 03:30:00,2024-08-11 06:00:00,21432,LONG,61323.73,-33.87269495837927,-41.87269495837927,0.0,-72.13683838214058,10,TIME_EXIT,False
2024-08-11 09:15:00,2024-08-11 09:30:00,2024-08-11 12:00:00,21456,LONG,61420.67,-182.41741745897568,-190.41741745897568,0.0,-182.62093200871928,10,TIME_EXIT,False
2024-08-11 15:00:00,2024-08-11 15:15:00,2024-08-11 16:15:00,21473,SHORT,60200.0,5.548172757475079,-2.451827242524921,35.54817275747508,-35.2541528239208,4,TRAILING_STOP,False
2024-08-11 19:15:00,2024-08-11 19:30:00,2024-08-11 20:00:00,21488,SHORT,59660.55,121.67644280852312,113.67644280852312,151.67644280852312,-32.00942666468779,2,TRAILING_STOP,False
2024-08-11 20:15:00,2024-08-11 20:30:00,2024-08-11 21:00:00,21492,SHORT,58620.41,21.758423388714526,13.758423388714526,51.758423388714526,-27.05883496891191,2,TRAILING_STOP,False
2024-08-12 07:15:00,2024-08-12 07:30:00,2024-08-12 07:45:00,21535,LONG,58340.99,59.95579094561151,51.95579094561151,79.95579094561151,0.0,1,TRAILING_STOP,False
2024-08-12 08:00:00,2024-08-12 08:15:00,2024-08-12 08:30:00,21538,LONG,58812.91,-7.914218153804246,-15.914218153804246,12.085781846195754,-33.93982715699675,1,TRAILING_STOP,False
2024-08-12 11:00:00,2024-08-12 11:15:00,2024-08-12 11:30:00,21550,LONG,59317.82,71.68408414199959,63.68408414199959,91.68408414199959,0.0,1,TRAILING_STOP,False
2024-08-12 13:30:00,2024-08-12 13:45:00,2024-08-12 14:00:00,21560,SHORT,58810.46,141.8163741620112,133.8163741620112,171.8163741620112,-117.24614974955117,1,TRAILING_STOP,False
2024-08-12 14:15:00,2024-08-12 14:30:00,2024-08-12 15:00:00,21564,LONG,59588.95,134.6008110564123,126.60081105641231,154.6008110564123,0.0,2,TRAILING_STOP,False
2024-08-13 02:15:00,2024-08-13 02:30:00,2024-08-13 05:00:00,21620,LONG,59584.21,-67.16376704499436,-75.16376704499436,0.0,-126.54023607932302,10,TIME_EXIT,False
2024-08-13 10:15:00,2024-08-13 10:30:00,2024-08-13 11:30:00,21646,SHORT,58714.01,-4.4490284346097155,-12.449028434609716,25.550971565390284,-32.35854611190719,4,TRAILING_STOP,False
2024-08-13 16:15:00,2024-08-13 16:30:00,2024-08-13 17:15:00,21669,LONG,59896.45,243.1691861537705,235.1691861537705,263.1691861537705,0.0,3,TRAILING_STOP,False
2024-08-14 03:30:00,2024-08-14 03:45:00,2024-08-14 04:45:00,21715,LONG,61112.69,-11.898572947779789,-19.89857294777979,8.101427052220211,-35.61780703811361,4,TRAILING_STOP,False
2024-08-14 10:00:00,2024-08-14 10:15:00,2024-08-14 10:45:00,21739,LONG,61022.01,29.705016271997216,21.705016271997216,49.705016271997216,0.0,2,TRAILING_STOP,False
2024-08-14 12:15:00,2024-08-14 12:30:00,2024-08-14 15:00:00,21756,LONG,61699.99,-397.09244685452916,-405.09244685452916,0.0,-466.2026687524587,10,TIME_EXIT,False
2024-08-14 22:00:00,2024-08-14 22:15:00,2024-08-15 00:15:00,21793,SHORT,58755.02,-16.178202305096804,-24.178202305096804,13.821797694903198,-45.52462070475054,8,TRAILING_STOP,False
2024-08-15 01:45:00,2024-08-15 02:00:00,2024-08-15 04:30:00,21810,SHORT,58204.93,-1.1218980935118101,-9.12189809351181,7.719277387671507,-61.45183921705606,10,TIME_EXIT,False
2024-08-15 12:30:00,2024-08-15 12:45:00,2024-08-15 13:30:00,21846,LONG,59181.09,30.000768826664654,22.000768826664654,50.000768826664654,-109.6076466317194,3,TRAILING_STOP,False
2024-08-15 14:00:00,2024-08-15 14:15:00,2024-08-15 15:15:00,21853,SHORT,59383.85,-9.415278733191268,-17.41527873319127,20.58472126680873,-67.9511348624254,4,TRAILING_STOP,False
2024-08-15 18:00:00,2024-08-15 18:15:00,2024-08-15 18:30:00,21866,SHORT,57907.2,32.73313163129919,24.733131631299187,62.73313163129919,-16.206965627764045,1,TRAILING_STOP,False
2024-08-15 19:00:00,2024-08-15 19:15:00,2024-08-15 19:30:00,21870,SHORT,57214.1,63.351114497999376,55.351114497999376,93.35111449799938,0.0,1,TRAILING_STOP,False
2024-08-16 02:30:00,2024-08-16 02:45:00,2024-08-16 03:00:00,21900,LONG,58135.3,-2.4530018766575985,-10.453001876657599,17.5469981233424,-9.403924981896632,1,TRAILING_STOP,False
2024-08-16 12:15:00,2024-08-16 12:30:00,2024-08-16 13:00:00,21940,SHORT,58122.56,41.085994835739896,33.085994835739896,71.0859948357399,-0.6314243557072383,2,TRAILING_STOP,False
2024-08-16 13:15:00,2024-08-16 13:30:00,2024-08-16 13:45:00,21943,LONG,58547.6,-18.044326325928925,-26.044326325928925,1.9556736740710747,-136.23103252737917,1,TRAILING_STOP,False
2024-08-17 13:15:00,2024-08-17 13:30:00,2024-08-17 14:15:00,22041,LONG,59405.64,-15.89937925085891,-23.89937925085891,4.100620749141089,-25.507679068855893,3,TRAILING_STOP,False
2024-08-18 00:30:00,2024-08-18 00:45:00,2024-08-18 02:45:00,22091,LONG,59694.03,74.64598051094946,66.64598051094946,94.64598051094946,-50.4120763835178,8,TRAILING_STOP,False
2024-08-18 03:00:00,2024-08-18 03:15:00,2024-08-18 04:00:00,22096,SHORT,59733.34,49.81807144887577,41.81807144887577,79.81807144887577,0.0,3,TRAILING_STOP,False
2024-08-18 09:45:00,2024-08-18 10:00:00,2024-08-18 10:45:00,22123,LONG,59880.01,33.438534829903666,25.438534829903666,53.438534829903666,-8.967934374093185,3,TRAILING_STOP,False
2024-08-18 17:15:00,2024-08-18 17:30:00,2024-08-18 18:30:00,22154,SHORT,59433.99,-25.84244638463628,-33.842446384636276,4.157553615363722,-31.964873971948244,4,TRAILING_STOP,False
2024-08-18 21:45:00,2024-08-18 22:00:00,2024-08-19 00:00:00,22176,SHORT,59439.33,170.0729146846038,162.0729146846038,200.0729146846038,-23.309482122358315,8,TRAILING_STOP,False
2024-08-19 00:15:00,2024-08-19 00:30:00,2024-08-19 01:00:00,22180,SHORT,58432.63,7.016988624334665,-0.9830113756653347,37.016988624334665,-41.64967416322055,2,TRAILING_STOP,False
2024-08-19 08:00:00,2024-08-19 08:15:00,2024-08-19 09:45:00,22215,LONG,58544.83,1.615913821937074,-6.384086178062926,21.615913821937074,-98.93785668179466,6,TRAILING_STOP,False
2024-08-19 10:00:00,2024-08-19 10:15:00,2024-08-19 10:30:00,22218,LONG,58107.34,-10.593271005004961,-18.59327100500496,9.406728994995039,-12.100020410501957,1,TRAILING_STOP,False
2024-08-19 11:45:00,2024-08-19 12:00:00,2024-08-19 13:15:00,22229,LONG,58396.94,69.59544798066459,61.59544798066459,89.59544798066459,-22.764891448079698,5,TRAILING_STOP,False
2024-08-19 13:45:00,2024-08-19 14:00:00,2024-08-19 14:30:00,22234,SHORT,58200.0,-18.24226804123706,-26.24226804123706,11.757731958762937,-38.79209621993072,2,TRAILING_STOP,False
2024-08-19 17:30:00,2024-08-19 17:45:00,2024-08-19 18:00:00,22248,LONG,59017.63,-15.531843620287257,-23.531843620287255,4.4681563797127435,-47.57561426983748,1,TRAILING_STOP,False
2024-08-19 23:15:00,2024-08-19 23:30:00,2024-08-19 23:45:00,22271,LONG,59346.47,25.69100740111353,17.69100740111353,45.69100740111353,0.0,1,TRAILING_STOP,False
2024-08-20 00:15:00,2024-08-20 00:30:00,2024-08-20 01:00:00,22276,LONG,60293.97,82.26229919841101,74.26229919841101,102.26229919841101,-23.751960602361915,2,TRAILING_STOP,False
2024-08-20 05:15:00,2024-08-20 05:30:00,2024-08-20 06:00:00,22296,LONG,61132.01,-17.634627096344595,-25.634627096344595,2.365372903655405,-30.461946204615415,2,TRAILING_STOP,False
2024-08-20 11:15:00,2024-08-20 11:30:00,2024-08-20 13:00:00,22324,LONG,60638.13,-1.1801584250697346,-9.180158425069735,18.819841574930265,-35.865222097052786,6,TRAILING_STOP,False
2024-08-20 13:30:00,2024-08-20 13:45:00,2024-08-20 14:00:00,22328,LONG,60774.99,1.2274818967476655,-6.7725181032523345,21.227481896747666,-107.97862739261627,1,TRAILING_STOP,False
2024-08-20 14:15:00,2024-08-20 14:30:00,2024-08-20 15:00:00,22332,SHORT,60016.0,192.60563849640064,184.60563849640064,222.60563849640064,0.0,2,TRAILING_STOP,False
2024-08-20 21:00:00,2024-08-20 21:15:00,2024-08-20 23:45:00,22367,SHORT,59053.29,6.687180341687645,-1.312819658312355,10.241597038878478,-83.35183357269361,10,TIME_EXIT,False
2024-08-21 06:15:00,2024-08-21 06:30:00,2024-08-21 07:00:00,22396,LONG,59671.99,-10.307010039383002,-18.307010039383,9.692989960616998,-18.097268081724433,2,TRAILING_STOP,False
2024-08-21 08:00:00,2024-08-21 08:15:00,2024-08-21 08:30:00,22402,SHORT,59451.53,-21.77481218733959,-29.77481218733959,8.225187812660407,-24.973284960034025,1,TRAILING_STOP,False
2024-08-21 09:15:00,2024-08-21 09:30:00,2024-08-21 10:00:00,22408,SHORT,59172.53,-28.79335901304213,-36.793359013042135,1.20664098695787,-33.19952687505577,2,TRAILING_STOP,False
2024-08-21 13:30:00,2024-08-21 13:45:00,2024-08-21 16:15:00,22433,SHORT,59035.64,-95.01717945295458,-103.01717945295458,0.0,-197.56540286511736,10,TIME_EXIT,False
2024-08-21 19:30:00,2024-08-21 19:45:00,2024-08-21 20:00:00,22448,LONG,61186.14,83.74735193297059,75.74735193297059,103.74735193297059,0.0,1,TRAILING_STOP,False
2024-08-22 02:45:00,2024-08-22 03:00:00,2024-08-22 05:15:00,22485,LONG,60186.49,90.24234840742534,82.24234840742534,110.24234840742534,0.0,9,TRAILING_STOP,False
2024-08-22 07:45:00,2024-08-22 08:00:00,2024-08-22 08:30:00,22498,LONG,60984.31,0.9381724578014143,-7.061827542198586,20.938172457801414,-20.031381842312594,2,TRAILING_STOP,False
2024-08-22 12:30:00,2024-08-22 12:45:00,2024-08-22 13:45:00,22519,SHORT,60875.89,49.05428569504281,41.05428569504281,79.05428569504281,-9.550579055189077,4,TRAILING_STOP,False
2024-08-22 14:00:00,2024-08-22 14:15:00,2024-08-22 14:45:00,22523,SHORT,60583.58,16.808062514628837,8.808062514628837,46.80806251462884,-12.12374706149704,2,TRAILING_STOP,False
2024-08-23 00:30:00,2024-08-23 00:45:00,2024-08-23 01:15:00,22565,LONG,60809.21,-12.343265107374743,-20.34326510737474,7.656734892625257,-20.26173337887454,2,TRAILING_STOP,False
2024-08-23 06:45:00,2024-08-23 07:00:00,2024-08-23 09:30:00,22598,LONG,61189.59,4.183852187929876,-3.816147812070124,24.183852187929876,-41.121373750011294,10,TRAILING_STOP,False
2024-08-23 11:00:00,2024-08-23 11:15:00,2024-08-23 12:30:00,22610,SHORT,60903.75,4.914106274244098,-3.085893725755902,34.9141062742441,-11.854770847443234,5,TRAILING_STOP,False
2024-08-23 12:45:00,2024-08-23 13:00:00,2024-08-23 13:30:00,22614,LONG,61146.59,-15.255663480170842,-23.255663480170842,4.744336519829158,-43.37936097499468,2,TRAILING_STOP,False
2024-08-23 13:45:00,2024-08-23 14:00:00,2024-08-23 14:15:00,22617,LONG,61119.99,176.3956473160422,168.3956473160422,196.3956473160422,0.0,1,TRAILING_STOP,False
2024-08-23 14:45:00,2024-08-23 15:00:00,2024-08-23 17:30:00,22630,SHORT,60994.91,-209.4404270782588,-217.4404270782588,0.0,-211.99965702056065,10,TIME_EXIT,False
2024-08-23 17:45:00,2024-08-23 18:00:00,2024-08-23 18:15:00,22633,LONG,62999.88,36.906457599602106,28.906457599602106,56.906457599602106,-15.527013702248276,1,TRAILING_STOP,False
2024-08-23 21:15:00,2024-08-23 21:30:00,2024-08-23 22:30:00,22650,LONG,64264.01,87.52363570216019,79.52363570216019,107.52363570216019,-9.386280127866236,4,TRAILING_STOP,False
2024-08-24 06:30:00,2024-08-24 06:45:00,2024-08-24 08:00:00,22688,LONG,64197.39,0.9681421627889506,-7.031857837211049,20.96814216278895,-23.270416445279068,5,TRAILING_STOP,False
2024-08-24 18:15:00,2024-08-24 18:30:00,2024-08-24 21:00:00,22740,LONG,64400.0,-50.931677018633536,-58.931677018633536,0.0,-70.8835403726705,10,TIME_EXIT,False
2024-08-24 21:45:00,2024-08-24 22:00:00,2024-08-24 22:15:00,22745,LONG,63612.36,40.937842897197875,32.937842897197875,60.937842897197875,0.0,1,TRAILING_STOP,False
2024-08-25 00:00:00,2024-08-25 00:15:00,2024-08-25 00:30:00,22754,LONG,64275.99,-1.7956907392632857,-9.795690739263286,18.204309260736714,-6.84392414648113,1,TRAILING_STOP,False
2024-08-25 03:45:00,2024-08-25 04:00:00,2024-08-25 06:15:00,22777,LONG,64101.01,-5.18120073303089,-13.18120073303089,14.81879926696911,-15.757942035547028,9,TRAILING_STOP,False
2024-08-25 13:15:00,2024-08-25 13:30:00,2024-08-25 15:45:00,22815,LONG,64069.2,14.150574691115686,6.150574691115686,34.150574691115686,-13.688324499134856,9,TRAILING_STOP,False
2024-08-25 21:15:00,2024-08-25 21:30:00,2024-08-25 22:15:00,22841,LONG,64466.0,3.2680792976142463,-4.731920702385754,23.268079297614246,-28.988924394253928,3,TRAILING_STOP,False
2024-08-25 23:00:00,2024-08-25 23:15:00,2024-08-26 01:45:00,22855,LONG,64828.0,-136.9809341642495,-144.9809341642495,0.0,-144.54556673042475,10,TIME_EXIT,False
2024-08-26 06:30:00,2024-08-26 06:45:00,2024-08-26 09:15:00,22885,LONG,63871.2,-41.20793096105867,-49.20793096105867,0.0,-55.82328185473197,10,TIME_EXIT,False
2024-08-26 09:30:00,2024-08-26 09:45:00,2024-08-26 10:45:00,22891,LONG,63643.01,42.251926802329905,34.251926802329905,62.251926802329905,0.0,4,TRAILING_STOP,False
2024-08-26 14:30:00,2024-08-26 14:45:00,2024-08-26 15:15:00,22909,SHORT,63272.13,3.368562114156326,-4.631437885843674,33.368562114156326,-36.11068570000776,2,TRAILING_STOP,False
2024-08-26 21:15:00,2024-08-26 21:30:00,2024-08-26 23:15:00,22941,SHORT,62987.0,-14.320574086715983,-22.320574086715983,15.679425913284017,-46.51753536444028,7,TRAILING_STOP,False
2024-08-27 01:00:00,2024-08-27 01:15:00,2024-08-27 01:30:00,22950,LONG,62971.66,18.16637515987295,10.166375159872949,38.16637515987295,0.0,1,TRAILING_STOP,False
2024-08-27 06:30:00,2024-08-27 06:45:00,2024-08-27 09:15:00,22981,SHORT,62753.0,-21.5541886443676,-29.5541886443676,8.445811355632399,-39.36066801587175,10,TRAILING_STOP,False
2024-08-27 09:30:00,2024-08-27 09:45:00,2024-08-27 11:15:00,22989,SHORT,62630.99,34.02421548821087,26.02421548821087,64.02421548821087,-7.823602979930542,6,TRAILING_STOP,False
2024-08-27 12:30:00,2024-08-27 12:45:00,2024-08-27 13:15:00,22997,SHORT,62268.62,-19.888968151213383,-27.888968151213383,10.111031848786617,-32.13817810640341,2,TRAILING_STOP,False
2024-08-27 13:30:00,2024-08-27 13:45:00,2024-08-27 14:15:00,23001,SHORT,62195.01,33.34913363628368,25.349133636283682,63.34913363628368,-15.755283261470327,2,TRAILING_STOP,False
2024-08-27 15:30:00,2024-08-27 15:45:00,2024-08-27 16:00:00,23008,SHORT,61677.0,-13.624365646837557,-21.624365646837557,16.375634353162443,-30.805648783176874,1,TRAILING_STOP,False
2024-08-27 21:15:00,2024-08-27 21:30:00,2024-08-27 21:45:00,23031,SHORT,61422.44,201.58311522629225,193.58311522629225,231.58311522629225,0.0,1,TRAILING_STOP,False
2024-08-27 22:00:00,2024-08-27 22:15:00,2024-08-28 00:45:00,23043,SHORT,58412.84,-115.7450998787263,-123.7450998787263,0.0,-234.0512805061359,10,TIME_EXIT,False
2024-08-28 04:45:00,2024-08-28 05:00:00,2024-08-28 07:30:00,23070,SHORT,59325.33,81.80654030917312,73.80654030917312,92.42763588504299,-27.17389014102393,10,TIME_EXIT,False
2024-08-28 07:45:00,2024-08-28 08:00:00,2024-08-28 10:30:00,23082,SHORT,58600.98,-206.48460145205706,-214.48460145205706,0.0,-278.83492733397975,10,TIME_EXIT,False
2024-08-28 11:15:00,2024-08-28 11:30:00,2024-08-28 12:15:00,23089,SHORT,59990.0,-12.665444240707124,-20.665444240707124,17.334555759292876,-21.17019503250542,3,TRAILING_STOP,False
2024-08-28 13:45:00,2024-08-28 14:00:00,2024-08-28 14:45:00,23099,SHORT,59334.0,38.763272322782896,30.763272322782896,68.7632723227829,-100.20898641588326,3,TRAILING_STOP,False
2024-08-28 15:15:00,2024-08-28 15:30:00,2024-08-28 15:45:00,23103,SHORT,58737.91,-15.220788414159621,-23.22078841415962,14.779211585840379,-51.71617444338704,1,TRAILING_STOP,False
2024-08-28 16:15:00,2024-08-28 16:30:00,2024-08-28 19:00:00,23116,SHORT,58417.0,-166.42244552099598,-174.42244552099598,0.0,-245.30359313213586,10,TIME_EXIT,False
2024-08-29 05:15:00,2024-08-29 05:30:00,2024-08-29 08:00:00,23168,SHORT,59339.99,-22.07954534539087,-30.07954534539087,0.0,-71.45434301556203,10,TIME_EXIT,False
2024-08-29 11:15:00,2024-08-29 11:30:00,2024-08-29 11:45:00,23183,LONG,59961.1,66.03911535979184,58.039115359791836,86.03911535979184,0.0,1,TRAILING_STOP,False
2024-08-29 12:30:00,2024-08-29 12:45:00,2024-08-29 13:15:00,23189,LONG,60387.11,-9.58552578522148,-17.585525785221478,10.41447421477852,-32.56158474879778,2,TRAILING_STOP,False
2024-08-29 22:00:00,2024-08-29 22:15:00,2024-08-29 23:00:00,23228,SHORT,59114.0,-29.661670670230404,-37.66167067023041,0.33832932976959773,-40.09202557769733,3,TRAILING_STOP,False
2024-08-30 01:15:00,2024-08-30 01:30:00,2024-08-30 04:00:00,23248,SHORT,59066.01,-1.843366430201577,-9.843366430201577,28.156633569798423,-46.556386659603035,10,TRAILING_STOP,False
2024-08-30 05:00:00,2024-08-30 05:15:00,2024-08-30 06:00:00,23256,SHORT,58869.99,-1.975534563536371,-9.975534563536371,28.02446543646363,-14.608461798617599,3,TRAILING_STOP,False
2024-08-30 12:30:00,2024-08-30 12:45:00,2024-08-30 14:00:00,23288,LONG,59688.0,3.790376625117279,-4.209623374882721,23.79037662511728,-131.852298619488,5,TRAILING_STOP,False
2024-08-30 14:45:00,2024-08-30 15:00:00,2024-08-30 15:30:00,23294,SHORT,58462.89,58.411640273000074,50.411640273000074,88.41164027300007,-27.581599199081676,2,TRAILING_STOP,False
2024-08-30 18:45:00,2024-08-30 19:00:00,2024-08-30 20:45:00,23315,SHORT,59371.0,83.01814016944299,75.01814016944299,113.01814016944299,0.0,7,TRAILING_STOP,False
2024-08-31 00:15:00,2024-08-31 00:30:00,2024-08-31 00:45:00,23331,LONG,59374.5,-17.55787417157197,-25.55787417157197,2.4421258284280287,-25.85116506244229,1,TRAILING_STOP,False
2024-08-31 08:45:00,2024-08-31 09:00:00,2024-08-31 10:15:00,23369,SHORT,58985.01,-4.039166900199788,-12.039166900199788,25.96083309980021,-12.67610194522249,5,TRAILING_STOP,False
2024-08-31 13:00:00,2024-08-31 13:15:00,2024-08-31 14:00:00,23384,SHORT,59200.01,22.0033695940255,14.0033695940255,52.0033695940255,-3.0388508380316086,3,TRAILING_STOP,False
2024-08-31 15:15:00,2024-08-31 15:30:00,2024-08-31 17:45:00,23399,SHORT,58986.99,11.193829351183702,3.1938293511837017,41.1938293511837,-8.111958247064063,9,TRAILING_STOP,False
2024-09-01 02:00:00,2024-09-01 02:15:00,2024-09-01 02:30:00,23434,SHORT,58620.01,28.683033319168658,20.683033319168658,58.68303331916866,0.0,1,TRAILING_STOP,False
2024-09-01 05:15:00,2024-09-01 05:30:00,2024-09-01 06:00:00,23448,SHORT,58036.03,-6.5611121229348655,-14.561112122934865,23.438887877065135,-30.624079558853904,2,TRAILING_STOP,False
2024-09-01 13:45:00,2024-09-01 14:00:00,2024-09-01 15:45:00,23487,LONG,58175.0,11.865921787709045,3.865921787709045,31.865921787709045,-120.99355393210098,7,TRAILING_STOP,False
2024-09-01 22:15:00,2024-09-01 22:30:00,2024-09-02 00:00:00,23520,SHORT,57518.01,24.419476612630035,16.419476612630035,54.419476612630035,-44.001870022971325,6,TRAILING_STOP,False
2024-09-02 08:15:00,2024-09-02 08:30:00,2024-09-02 08:45:00,23555,LONG,58161.09,-4.6288988050255835,-12.628898805025583,15.371101194974417,-18.412653545522705,1,TRAILING_STOP,False
2024-09-02 09:45:00,2024-09-02 10:00:00,2024-09-02 10:30:00,23562,LONG,58402.0,11.676997363104,3.6769973631040003,31.676997363104,-12.75641245162837,2,TRAILING_STOP,False
2024-09-02 14:30:00,2024-09-02 14:45:00,2024-09-02 15:15:00,23581,LONG,58590.01,2.8690863852042305,-5.1309136147957695,22.86908638520423,-18.622628669973018,2,TRAILING_STOP,False
2024-09-02 20:45:00,2024-09-02 21:00:00,2024-09-02 21:30:00,23606,LONG,58992.01,27.855633330682863,19.855633330682863,47.85563333068286,0.0,2,TRAILING_STOP,False
2024-09-03 02:00:00,2024-09-03 02:15:00,2024-09-03 04:45:00,23635,LONG,59763.99,-111.26767138539377,-119.26767138539377,0.0,-127.16687757962613,10,TIME_EXIT,False
2024-09-03 05:00:00,2024-09-03 05:15:00,2024-09-03 07:45:00,23647,LONG,59247.99,-22.952677381966538,-30.952677381966538,0.0,-63.46038068126834,10,TIME_EXIT,False
2024-09-03 08:30:00,2024-09-03 08:45:00,2024-09-03 10:15:00,23657,SHORT,58788.01,-29.14778540726212,-37.14778540726212,0.8522145927378793,-69.33726792248883,6,TRAILING_STOP,False
2024-09-03 13:30:00,2024-09-03 13:45:00,2024-09-03 14:15:00,23673,SHORT,58628.25,117.90651264535467,109.90651264535467,147.90651264535467,0.0,2,TRAILING_STOP,False
2024-09-03 14:45:00,2024-09-03 15:00:00,2024-09-03 16:00:00,23680,SHORT,57672.84,-22.923878900363206,-30.923878900363206,7.076121099636792,-59.84792841829942,4,TRAILING_STOP,False
2024-09-03 23:45:00,2024-09-04 00:00:00,2024-09-04 01:00:00,23716,SHORT,57487.74,297.3289226537689,289.3289226537689,327.3289226537689,-79.28473097046448,4,TRAILING_STOP,False
2024-09-04 06:15:00,2024-09-04 06:30:00,2024-09-04 06:45:00,23739,LONG,56496.16,-14.364218736282872,-22.364218736282872,5.635781263717128,-44.266725384522374,1,TRAILING_STOP,False
2024-09-04 13:30:00,2024-09-04 13:45:00,2024-09-04 14:00:00,23768,SHORT,56415.0,10.30665603119727,2.306656031197271,40.30665603119727,-57.96330763094921,1,TRAILING_STOP,False
2024-09-04 14:30:00,2024-09-04 14:45:00,2024-09-04 15:00:00,23772,LONG,57089.88,98.78112197818645,90.78112197818645,118.78112197818645,0.0,1,TRAILING_STOP,False
2024-09-04 15:30:00,2024-09-04 15:45:00,2024-09-04 16:00:00,23776,LONG,57787.39,93.12329558403644,85.12329558403644,113.12329558403644,0.0,1,TRAILING_STOP,False
2024-09-05 00:30:00,2024-09-05 00:45:00,2024-09-05 01:30:00,23814,SHORT,58079.99,-8.574376476305343,-16.574376476305343,21.425623523694657,-29.099522916584878,3,TRAILING_STOP,False
2024-09-05 02:00:00,2024-09-05 02:15:00,2024-09-05 03:30:00,23822,SHORT,57783.0,124.35854836197501,116.35854836197501,154.358548361975,-12.633473512970943,5,TRAILING_STOP,False
2024-09-05 06:15:00,2024-09-05 06:30:00,2024-09-05 07:00:00,23836,SHORT,56852.0,-26.323788081333735,-34.32378808133373,3.676211918666266,-62.266938718075004,2,TRAILING_STOP,False
2024-09-05 12:00:00,2024-09-05 12:15:00,2024-09-05 13:30:00,23862,LONG,56843.0,35.55829213799372,27.558292137993718,55.55829213799372,-69.66381084742149,5,TRAILING_STOP,False
2024-09-05 14:00:00,2024-09-05 14:15:00,2024-09-05 15:00:00,23868,SHORT,56766.01,60.90122768889377,52.90122768889377,90.90122768889377,-74.16233763831525,3,TRAILING_STOP,False
2024-09-05 15:15:00,2024-09-05 15:30:00,2024-09-05 16:15:00,23873,SHORT,55977.0,-26.963038390767636,-34.963038390767636,3.0369616092323635,-57.995248048305456,3,TRAILING_STOP,False
2024-09-05 21:30:00,2024-09-05 21:45:00,2024-09-05 22:15:00,23897,SHORT,56127.0,31.289575427156265,23.289575427156265,61.289575427156265,-17.905820727991873,2,TRAILING_STOP,False
2024-09-06 01:30:00,2024-09-06 01:45:00,2024-09-06 02:45:00,23915,LONG,56501.01,43.33869075968648,35.33869075968648,63.33869075968648,-0.2017663047084323,4,TRAILING_STOP,False
2024-09-06 07:15:00,2024-09-06 07:30:00,2024-09-06 10:00:00,23944,SHORT,55567.99,-70.12670424105683,-78.12670424105683,0.0,-76.84280104427027,10,TIME_EXIT,False
2024-09-06 10:45:00,2024-09-06 11:00:00,2024-09-06 11:45:00,23951,SHORT,56178.01,32.61346744037391,24.61346744037391,62.61346744037391,0.0,3,TRAILING_STOP,False
2024-09-06 12:30:00,2024-09-06 12:45:00,2024-09-06 13:15:00,23957,LONG,56500.01,69.90971860004944,61.909718600049445,89.90971860004944,0.0,2,TRAILING_STOP,False
2024-09-06 13:30:00,2024-09-06 13:45:00,2024-09-06 14:45:00,23963,SHORT,56101.01,268.8841020865763,260.8841020865763,298.8841020865763,0.0,4,TRAILING_STOP,False
2024-09-06 15:15:00,2024-09-06 15:30:00,2024-09-06 16:15:00,23969,SHORT,54205.59,35.39731418844403,27.397314188444028,65.39731418844403,-40.66185793753071,3,TRAILING_STOP,False
2024-09-06 20:30:00,2024-09-06 20:45:00,2024-09-06 21:00:00,23988,SHORT,53404.42,129.99050265876838,121.99050265876838,159.99050265876838,0.0,1,TRAILING_STOP,False
2024-09-07 00:15:00,2024-09-07 00:30:00,2024-09-07 03:00:00,24012,SHORT,53940.0,16.481275491286883,8.481275491286883,36.05116796440473,-24.10085279940675,10,TIME_EXIT,False
2024-09-07 05:00:00,2024-09-07 05:15:00,2024-09-07 07:15:00,24029,LONG,54290.0,1.2506907349424594,-6.749309265057541,21.25069073494246,-48.2188248296185,8,TRAILING_STOP,False
2024-09-07 16:30:00,2024-09-07 16:45:00,2024-09-07 18:15:00,24073,SHORT,54505.0,62.652050270617366,54.652050270617366,92.65205027061737,-5.636180166957374,6,TRAILING_STOP,False
2024-09-08 02:15:00,2024-09-08 02:30:00,2024-09-08 05:00:00,24116,LONG,54477.0,3.4877104098977547,-4.512289590102245,17.989243166841053,-38.57040585935397,10,TIME_EXIT,False
2024-09-08 06:30:00,2024-09-08 06:45:00,2024-09-08 07:00:00,24124,SHORT,54321.31,-24.604327472957173,-32.60432747295717,5.395672527042826,-37.311324045756685,1,TRAILING_STOP,False
2024-09-08 09:00:00,2024-09-08 09:15:00,2024-09-08 11:45:00,24143,LONG,54643.67,-15.254711112924829,-23.25471111292483,4.745288887075171,-37.27238671926652,10,TRAILING_STOP,False
2024-09-08 12:45:00,2024-09-08 13:00:00,2024-09-08 13:45:00,24151,SHORT,54194.71,-22.325819254315316,-30.325819254315316,7.674180745684683,-37.69556106121813,3,TRAILING_STOP,False
2024-09-08 14:00:00,2024-09-08 14:15:00,2024-09-08 16:15:00,24161,SHORT,54136.0,63.65117481897407,55.65117481897407,93.65117481897407,-23.620141864933245,8,TRAILING_STOP,False
2024-09-08 21:15:00,2024-09-08 21:30:00,2024-09-09 00:00:00,24192,SHORT,54360.92,-107.25719873762345,-115.25719873762345,0.0,-176.0603021435255,10,TIME_EXIT,False
2024-09-09 01:00:00,2024-09-09 01:15:00,2024-09-09 01:45:00,24199,LONG,55166.0,4.288511039407961,-3.711488960592039,24.28851103940796,-48.01870717470932,2,TRAILING_STOP,False
2024-09-09 09:00:00,2024-09-09 09:15:00,2024-09-09 09:30:00,24230,LONG,55342.5,-15.979581695803407,-23.979581695803407,4.0204183041965935,-20.960383069069884,1,TRAILING_STOP,False
2024-09-09 13:15:00,2024-09-09 13:30:00,2024-09-09 13:45:00,24247,LONG,55408.0,50.567427086341326,42.567427086341326,70.56742708634133,-1.4438348252959863,1,TRAILING_STOP,False
2024-09-09 14:00:00,2024-09-09 14:15:00,2024-09-09 15:00:00,24252,SHORT,55560.0,106.06911447084232,98.06911447084232,136.06911447084232,0.0,3,TRAILING_STOP,False
2024-09-09 16:00:00,2024-09-09 16:15:00,2024-09-09 17:00:00,24260,LONG,55921.09,122.8638104157132,114.8638104157132,142.8638104157132,0.0,3,TRAILING_STOP,False
2024-09-09 21:15:00,2024-09-09 21:30:00,2024-09-10 00:00:00,24288,LONG,57671.99,-161.9486339902608,-169.9486339902608,0.0,-161.9486339902608,10,TIME_EXIT,False
2024-09-10 07:15:00,2024-09-10 07:30:00,2024-09-10 08:30:00,24322,LONG,57100.0,28.686514886164623,20.686514886164623,48.68651488616462,0.0,4,TRAILING_STOP,False
2024-09-10 08:45:00,2024-09-10 09:00:00,2024-09-10 09:30:00,24326,SHORT,57046.99,-18.25704914492457,-26.25704914492457,11.742950855075431,-39.70936941633535,2,TRAILING_STOP,False
2024-09-10 13:00:00,2024-09-10 13:15:00,2024-09-10 13:30:00,24342,SHORT,56928.0,22.248454187746333,14.248454187746333,52.24845418774633,-12.515809443507589,1,TRAILING_STOP,False
2024-09-10 14:00:00,2024-09-10 14:15:00,2024-09-10 16:15:00,24353,SHORT,56608.0,-22.58055398530243,-30.58055398530243,7.419446014697569,-106.34539287733183,8,TRAILING_STOP,False
2024-09-11 01:30:00,2024-09-11 01:45:00,2024-09-11 02:00:00,24392,SHORT,57108.01,41.98289697014512,33.98289697014512,71.98289697014512,0.0,1,TRAILING_STOP,False
2024-09-11 04:15:00,2024-09-11 04:30:00,2024-09-11 04:45:00,24403,SHORT,56500.0,13.89380530973451,5.8938053097345104,43.89380530973451,-12.576991150442066,1,TRAILING_STOP,False
2024-09-11 10:15:00,2024-09-11 10:30:00,2024-09-11 11:00:00,24428,SHORT,56523.99,-9.64581056645229,-17.64581056645229,20.35418943354771,-37.154135792608066,2,TRAILING_STOP,False
2024-09-11 12:30:00,2024-09-11 12:45:00,2024-09-11 14:15:00,24441,SHORT,56498.0,123.08683493221062,115.08683493221062,153.08683493221062,-118.35109207405634,6,TRAILING_STOP,False
2024-09-12 00:15:00,2024-09-12 00:30:00,2024-09-12 00:45:00,24483,LONG,57621.1,27.706482521159685,19.706482521159685,47.706482521159685,-3.9655612267031604,1,TRAILING_STOP,False
2024-09-12 01:45:00,2024-09-12 02:00:00,2024-09-12 04:30:00,24498,LONG,58137.74,32.64660786607854,24.64660786607854,50.36659491751825,-53.3440068361786,10,TIME_EXIT,False
2024-09-12 05:45:00,2024-09-12 06:00:00,2024-09-12 07:15:00,24509,SHORT,57968.01,-7.275397240649937,-15.275397240649937,22.724602759350063,-21.044365676861766,5,TRAILING_STOP,False
2024-09-12 12:30:00,2024-09-12 12:45:00,2024-09-12 13:45:00,24535,SHORT,57799.97,48.6747813190903,40.6747813190903,78.6747813190903,-13.152255961377973,4,TRAILING_STOP,False
2024-09-12 14:15:00,2024-09-12 14:30:00,2024-09-12 17:00:00,24548,LONG,58252.0,-19.544393325550804,-27.544393325550804,0.0,-144.81734532719847,10,TIME_EXIT,False
2024-09-12 19:15:00,2024-09-12 19:30:00,2024-09-12 22:00:00,24568,SHORT,58258.49,51.94342146526617,43.94342146526617,81.94342146526617,-24.290021935000727,10,TRAILING_STOP,False
2024-09-13 03:30:00,2024-09-13 03:45:00,2024-09-13 05:30:00,24598,SHORT,57903.36,-12.842101045604515,-20.842101045604515,17.157898954395485,-20.988419324888717,7,TRAILING_STOP,False
2024-09-13 09:15:00,2024-09-13 09:30:00,2024-09-13 11:15:00,24621,LONG,58112.01,20.953668613423964,12.953668613423964,40.953668613423964,-13.92139077619264,7,TRAILING_STOP,False
2024-09-13 11:45:00,2024-09-13 12:00:00,2024-09-13 12:45:00,24627,SHORT,57871.1,11.20882443914077,3.20882443914077,41.20882443914077,-13.823825709205458,3,TRAILING_STOP,False
2024-09-13 13:30:00,2024-09-13 13:45:00,2024-09-13 14:00:00,24632,LONG,58100.0,21.652323580034427,13.652323580034427,41.65232358003443,-40.40619621342548,1,TRAILING_STOP,False
2024-09-13 15:15:00,2024-09-13 15:30:00,2024-09-13 16:00:00,24640,LONG,59034.36,109.13496478999627,101.13496478999627,129.13496478999627,0.0,2,TRAILING_STOP,False
2024-09-13 21:00:00,2024-09-13 21:15:00,2024-09-13 22:15:00,24665,LONG,60084.01,65.8780896947454,57.8780896947454,85.8780896947454,0.0,4,TRAILING_STOP,False
2024-09-14 05:15:00,2024-09-14 05:30:00,2024-09-14 07:15:00,24701,SHORT,60102.0,3.6095304648763786,-4.390469535123621,33.60953046487638,-6.9182389937109825,7,TRAILING_STOP,False
2024-09-14 18:00:00,2024-09-14 18:15:00,2024-09-14 20:45:00,24755,SHORT,59629.99,-66.077488860891,-74.077488860891,0.0,-84.54470644720875,10,TIME_EXIT,False
2024-09-15 01:15:00,2024-09-15 01:30:00,2024-09-15 04:00:00,24784,LONG,60189.0,0.8323780092711355,-7.167621990728865,13.102061838542022,-12.128462011330974,10,TIME_EXIT,False
2024-09-15 04:15:00,2024-09-15 04:30:00,2024-09-15 07:00:00,24796,SHORT,60135.78,-0.7034081872727354,-8.703408187272736,7.612772296293294,-13.155229715154702,10,TIME_EXIT,False
2024-09-15 10:30:00,2024-09-15 10:45:00,2024-09-15 13:15:00,24821,LONG,60002.09,38.14630790360914,30.14630790360914,58.14630790360914,-18.014372499357357,10,TRAILING_STOP,False
2024-09-15 16:00:00,2024-09-15 16:15:00,2024-09-15 17:15:00,24837,SHORT,60171.54,47.18931574628124,39.18931574628124,77.18931574628124,0.0,4,TRAILING_STOP,False
2024-09-15 18:45:00,2024-09-15 19:00:00,2024-09-15 19:15:00,24845,LONG,59971.09,-4.84102923591959,-12.84102923591959,15.15897076408041,-26.527781969611777,1,TRAILING_STOP,False
2024-09-15 22:00:00,2024-09-15 22:15:00,2024-09-15 23:15:00,24861,SHORT,59427.99,94.00554015035594,86.00554015035594,124.00554015035594,-9.424851824872764,4,TRAILING_STOP,False
2024-09-15 23:30:00,2024-09-15 23:45:00,2024-09-16 01:15:00,24869,SHORT,59144.99,92.57842971991337,84.57842971991337,122.57842971991337,-11.109985816211843,6,TRAILING_STOP,False
2024-09-16 08:15:00,2024-09-16 08:30:00,2024-09-16 10:45:00,24907,SHORT,59080.0,67.1563981042654,59.156398104265406,97.1563981042654,0.0,9,TRAILING_STOP,False
2024-09-16 13:30:00,2024-09-16 13:45:00,2024-09-16 14:30:00,24922,SHORT,58094.0,57.5012910111202,49.5012910111202,87.5012910111202,-80.29056356938794,3,TRAILING_STOP,False
2024-09-17 00:45:00,2024-09-17 01:00:00,2024-09-17 03:30:00,24974,SHORT,57630.01,-86.94949037836302,-94.94949037836302,0.0,-100.83114682784134,10,TIME_EXIT,False
2024-09-17 05:30:00,2024-09-17 05:45:00,2024-09-17 08:15:00,24993,SHORT,58420.0,-42.73022937350178,-50.73022937350178,0.0,-73.26258130777131,10,TIME_EXIT,False
2024-09-17 09:45:00,2024-09-17 10:00:00,2024-09-17 11:00:00,25004,LONG,58966.47,36.56265331806344,28.56265331806344,56.56265331806344,0.0,4,TRAILING_STOP,False
2024-09-17 13:00:00,2024-09-17 13:15:00,2024-09-17 14:00:00,25016,SHORT,59205.99,26.40814383814901,18.40814383814901,56.40814383814901,-96.9513388763539,3,TRAILING_STOP,False
2024-09-17 14:15:00,2024-09-17 14:30:00,2024-09-17 15:15:00,25021,LONG,60195.01,166.8909067379502,158.8909067379502,186.8909067379502,-16.778799438691014,3,TRAILING_STOP,False
2024-09-18 03:00:00,2024-09-18 03:15:00,2024-09-18 03:45:00,25071,LONG,60586.0,10.204997854289768,2.2049978542897684,30.20499785428977,-13.308355065526257,2,TRAILING_STOP,False
2024-09-18 09:00:00,2024-09-18 09:15:00,2024-09-18 10:15:00,25097,SHORT,60007.2,79.70683517977838,71.70683517977838,109.70683517977838,0.0,4,TRAILING_STOP,False
2024-09-18 13:30:00,2024-09-18 13:45:00,2024-09-18 14:15:00,25113,SHORT,59640.0,20.301810865191143,12.301810865191143,50.30181086519114,-9.89268947015426,2,TRAILING_STOP,False
2024-09-18 18:00:00,2024-09-18 18:15:00,2024-09-18 18:30:00,25130,LONG,60182.01,168.85876360726343,160.85876360726343,188.85876360726343,0.0,1,TRAILING_STOP,False
2024-09-19 00:00:00,2024-09-19 00:15:00,2024-09-19 00:45:00,25155,LONG,62043.99,67.9263245319972,59.926324531997196,87.9263245319972,0.0,2,TRAILING_STOP,False
2024-09-19 07:00:00,2024-09-19 07:15:00,2024-09-19 09:00:00,25188,SHORT,61966.0,-17.44150017751675,-25.44150017751675,12.55849982248325,-37.34144530871759,7,TRAILING_STOP,False
2024-09-19 12:00:00,2024-09-19 12:15:00,2024-09-19 12:30:00,25202,LONG,62970.0,-7.295537557567096,-15.295537557567096,12.704462442432904,-21.696045736065205,1,TRAILING_STOP,False
2024-09-19 22:00:00,2024-09-19 22:15:00,2024-09-19 22:30:00,25242,LONG,62819.99,22.346393242024412,14.346393242024412,42.34639324202441,-23.876157891779027,1,TRAILING_STOP,False
2024-09-20 03:45:00,2024-09-20 04:00:00,2024-09-20 04:15:00,25265,LONG,63742.15,33.6301332791565,25.630133279156503,53.6301332791565,-2.1979177043764664,1,TRAILING_STOP,False
2024-09-20 13:00:00,2024-09-20 13:15:00,2024-09-20 14:15:00,25305,SHORT,62901.99,25.33847180351472,17.33847180351472,55.33847180351472,-59.754866260988344,4,TRAILING_STOP,False
2024-09-21 00:30:00,2024-09-21 00:45:00,2024-09-21 03:15:00,25357,LONG,63252.9,-55.79348931037209,-63.79348931037209,0.0,-68.9976269862726,10,TIME_EXIT,False
2024-09-21 13:00:00,2024-09-21 13:15:00,2024-09-21 15:45:00,25407,SHORT,63053.91,-18.0908685916543,-26.0908685916543,0.0,-39.98007419365373,10,TIME_EXIT,False
2024-09-21 16:15:00,2024-09-21 16:30:00,2024-09-21 19:00:00,25420,SHORT,63114.0,-31.1388915296129,-39.1388915296129,0.0,-45.314827138194374,10,TIME_EXIT,False
2024-09-21 23:30:00,2024-09-21 23:45:00,2024-09-22 00:00:00,25440,LONG,63358.0,-5.479339625619495,-13.479339625619495,14.520660374380505,-18.625903595442097,1,TRAILING_STOP,False
2024-09-22 00:15:00,2024-09-22 00:30:00,2024-09-22 03:00:00,25452,SHORT,63154.68,21.408700036164895,13.408700036164895,51.408700036164895,-22.060122860253543,10,TRAILING_STOP,False
2024-09-22 09:00:00,2024-09-22 09:15:00,2024-09-22 11:30:00,25486,SHORT,62870.01,21.70509754969018,13.70509754969018,51.70509754969018,0.0,9,TRAILING_STOP,False
2024-09-22 13:15:00,2024-09-22 13:30:00,2024-09-22 14:00:00,25496,SHORT,62730.81,18.086418778905326,10.086418778905326,48.086418778905326,0.0,2,TRAILING_STOP,False
2024-09-22 22:00:00,2024-09-22 22:15:00,2024-09-23 00:15:00,25537,SHORT,62646.12,-12.860869915007886,-20.860869915007886,17.139130084992114,-216.1155391586897,8,TRAILING_STOP,False
2024-09-23 03:00:00,2024-09-23 03:15:00,2024-09-23 03:30:00,25550,LONG,64312.46,45.31238270157927,37.31238270157927,65.31238270157927,0.0,1,TRAILING_STOP,False
2024-09-23 06:45:00,2024-09-23 07:00:00,2024-09-23 09:30:00,25574,LONG,63671.42,-11.216963592142008,-19.216963592142008,6.059233483406173,-58.33386470727341,10,TIME_EXIT,False
2024-09-23 13:45:00,2024-09-23 14:00:00,2024-09-23 14:45:00,25595,SHORT,63185.21,-10.172575195999375,-18.172575195999375,19.827424804000625,-98.24925801465263,3,TRAILING_STOP,False
2024-09-24 00:30:00,2024-09-24 00:45:00,2024-09-24 01:30:00,25638,SHORT,63249.99,41.144675279790235,33.144675279790235,71.14467527979023,-3.179447142995688,3,TRAILING_STOP,False
2024-09-24 13:45:00,2024-09-24 14:00:00,2024-09-24 14:30:00,25690,SHORT,63519.86,94.17533665848792,86.17533665848792,124.17533665848792,0.0,2,TRAILING_STOP,False
2024-09-24 19:45:00,2024-09-24 20:00:00,2024-09-24 20:30:00,25714,LONG,64292.35,-12.338124209178535,-20.338124209178535,7.6618757908214645,-30.98346848419712,2,TRAILING_STOP,False
2024-09-25 01:30:00,2024-09-25 01:45:00,2024-09-25 04:15:00,25745,LONG,64613.99,-36.21661500860646,-44.21661500860646,0.0,-60.29963480045039,10,TIME_EXIT,False
2024-09-25 06:15:00,2024-09-25 06:30:00,2024-09-25 07:45:00,25759,SHORT,63943.14,16.549168526913355,8.549168526913355,46.549168526913355,-3.733004040777888,5,TRAILING_STOP,False
2024-09-25 10:00:00,2024-09-25 10:15:00,2024-09-25 11:00:00,25772,LONG,63650.86,-5.995475944865564,-13.995475944865564,14.004524055134436,-14.27317714167547,3,TRAILING_STOP,False
2024-09-25 13:30:00,2024-09-25 13:45:00,2024-09-25 16:15:00,25793,SHORT,63435.01,-29.467954683068587,-37.467954683068584,0.0,-88.90831734715546,10,TIME_EXIT,False
2024-09-26 00:45:00,2024-09-26 01:00:00,2024-09-26 01:30:00,25830,SHORT,62946.01,13.848688741351836,5.848688741351836,43.848688741351836,-8.574014460964431,2,TRAILING_STOP,False
2024-09-26 10:15:00,2024-09-26 10:30:00,2024-09-26 11:15:00,25869,LONG,64207.37,25.57576490050868,17.57576490050868,45.57576490050868,0.0,3,TRAILING_STOP,False
2024-09-26 12:30:00,2024-09-26 12:45:00,2024-09-26 14:15:00,25881,LONG,64609.49,71.39679016194093,63.39679016194093,91.39679016194093,-71.11803544649524,6,TRAILING_STOP,False
2024-09-26 15:30:00,2024-09-26 15:45:00,2024-09-26 16:00:00,25888,LONG,65327.93,5.420979969822973,-2.579020030177027,25.420979969822973,-34.277834916857195,1,TRAILING_STOP,False
2024-09-27 07:30:00,2024-09-27 07:45:00,2024-09-27 10:15:00,25961,SHORT,65400.01,-24.957182728258587,-32.95718272825859,0.0,-89.60090373074836,10,TIME_EXIT,False
2024-09-27 14:00:00,2024-09-27 14:15:00,2024-09-27 14:30:00,25978,LONG,66072.0,44.47511805303306,36.47511805303306,64.47511805303306,0.0,1,TRAILING_STOP,False
2024-09-28 01:30:00,2024-09-28 01:45:00,2024-09-28 03:15:00,26029,LONG,65877.6,38.04704482251845,30.04704482251845,58.04704482251845,0.0,6,TRAILING_STOP,False
2024-09-28 09:00:00,2024-09-28 09:15:00,2024-09-28 11:45:00,26063,SHORT,65515.71,-43.08890188322704,-51.08890188322704,0.0,-43.392645824948076,10,TIME_EXIT,False
2024-09-28 18:00:00,2024-09-28 18:15:00,2024-09-28 20:45:00,26099,LONG,65793.86,-22.474741564029735,-30.474741564029735,0.0,-23.275728160651983,10,TIME_EXIT,False
2024-09-28 23:45:00,2024-09-29 00:00:00,2024-09-29 00:30:00,26114,LONG,65858.0,-0.8679279662303756,-8.867927966230376,19.132072033769624,-15.791551519936833,2,TRAILING_STOP,False
2024-09-29 05:30:00,2024-09-29 05:45:00,2024-09-29 08:15:00,26145,SHORT,65570.01,19.826136979389318,11.826136979389318,21.04773203481207,-7.6239122123063945,10,TIME_EXIT,False
2024-09-29 13:00:00,2024-09-29 13:15:00,2024-09-29 14:30:00,26170,LONG,65759.68,-6.265139976349186,-14.265139976349186,13.734860023650814,-12.116847283927328,5,TRAILING_STOP,False
2024-09-29 15:15:00,2024-09-29 15:30:00,2024-09-29 18:00:00,26184,SHORT,65647.81,-23.182799243417616,-31.182799243417616,0.0,-47.55680349428216,10,TIME_EXIT,False
2024-09-29 20:00:00,2024-09-29 20:15:00,2024-09-29 22:45:00,26203,SHORT,65911.99,36.043518030635546,28.043518030635546,50.57198242686979,-9.280557300727567,10,TIME_EXIT,False
2024-09-30 00:00:00,2024-09-30 00:15:00,2024-09-30 00:30:00,26210,SHORT,65500.0,31.984732824427482,23.984732824427482,61.98473282442748,0.0,1,TRAILING_STOP,False
2024-09-30 01:45:00,2024-09-30 02:00:00,2024-09-30 03:00:00,26220,SHORT,64769.99,59.54609997623868,51.54609997623868,89.54609997623868,0.0,4,TRAILING_STOP,False
2024-09-30 08:30:00,2024-09-30 08:45:00,2024-09-30 09:15:00,26245,SHORT,64204.0,45.92361846613905,37.92361846613905,75.92361846613905,-16.757522895769192,2,TRAILING_STOP,False
2024-09-30 10:00:00,2024-09-30 10:15:00,2024-09-30 12:45:00,26259,SHORT,63308.01,-116.88726276501156,-124.88726276501156,0.0,-130.15572595000188,10,TIME_EXIT,False
2024-09-30 17:30:00,2024-09-30 17:45:00,2024-09-30 18:00:00,26280,LONG,63663.01,-8.181520163750038,-16.181520163750037,11.818479836249962,-57.76981012993241,1,TRAILING_STOP,False
2024-09-30 23:30:00,2024-09-30 23:45:00,2024-10-01 02:15:00,26313,SHORT,62978.51,-56.72728681577173,-64.72728681577172,0.0,-105.01201124002434,10,TIME_EXIT,False
2024-10-01 05:00:00,2024-10-01 05:15:00,2024-10-01 06:00:00,26328,SHORT,63756.69,-17.532288768440576,-25.532288768440576,12.467711231559424,-24.84758854325691,3,TRAILING_STOP,False
2024-10-01 07:30:00,2024-10-01 07:45:00,2024-10-01 09:30:00,26342,LONG,64098.01,-16.881338437808292,-24.881338437808292,3.1186615621917064,-40.4084307765564,7,TRAILING_STOP,False
2024-10-01 13:30:00,2024-10-01 13:45:00,2024-10-01 14:15:00,26361,SHORT,62790.02,7.270254094519608,-0.7297459054803923,37.27025409451961,-46.81954234128341,2,TRAILING_STOP,False
2024-10-01 14:45:00,2024-10-01 15:00:00,2024-10-01 15:15:00,26365,SHORT,62598.0,55.94523786702452,47.94523786702452,85.94523786702452,0.0,1,TRAILING_STOP,False
2024-10-01 17:15:00,2024-10-01 17:30:00,2024-10-01 20:00:00,26384,SHORT,61554.0,38.01540111121942,30.01540111121942,61.3315137927668,-143.9386554894889,10,TIME_EXIT,False
2024-10-01 20:30:00,2024-10-01 20:45:00,2024-10-01 23:15:00,26397,SHORT,60612.0,-11.21890054774632,-19.218900547746323,0.0,-99.44070481092906,10,TIME_EXIT,False
2024-10-02 02:45:00,2024-10-02 03:00:00,2024-10-02 03:30:00,26414,SHORT,61782.89,-10.538301138066224,-18.538301138066224,19.461698861933776,-16.203515245078467,2,TRAILING_STOP,False
2024-10-02 09:45:00,2024-10-02 10:00:00,2024-10-02 10:15:00,26441,SHORT,61271.24,-15.763304284359851,-23.76330428435985,14.236695715640149,-34.0714501616096,1,TRAILING_STOP,False
2024-10-02 11:00:00,2024-10-02 11:15:00,2024-10-02 11:45:00,26447,LONG,61246.0,1.7385625183684539,-6.261437481631546,21.738562518368454,-26.558469124514822,2,TRAILING_STOP,False
2024-10-02 13:30:00,2024-10-02 13:45:00,2024-10-02 16:15:00,26465,SHORT,60704.0,-220.45499472851873,-228.45499472851873,0.0,-277.79223774380563,10,TIME_EXIT,False
2024-10-02 19:00:00,2024-10-02 19:15:00,2024-10-02 21:00:00,26484,LONG,60849.7,4.57530604095022,-3.4246939590497796,24.57530604095022,-139.63914366052703,7,TRAILING_STOP,False
2024-10-03 00:30:00,2024-10-03 00:45:00,2024-10-03 01:30:00,26502,LONG,60893.21,27.714679518455824,19.714679518455824,47.714679518455824,0.0,3,TRAILING_STOP,False
2024-10-03 07:30:00,2024-10-03 07:45:00,2024-10-03 08:30:00,26530,SHORT,61095.82,118.66156146197923,110.66156146197923,148.66156146197923,0.0,3,TRAILING_STOP,False
2024-10-03 13:15:00,2024-10-03 13:30:00,2024-10-03 14:00:00,26552,LONG,60494.0,47.11409395973155,39.11409395973155,67.11409395973155,-74.3379508711603,2,TRAILING_STOP,False
2024-10-03 14:15:00,2024-10-03 14:30:00,2024-10-03 15:30:00,26558,SHORT,60281.99,9.47945315010304,1.4794531501030406,39.47945315010304,-31.851967727011342,4,TRAILING_STOP,False
2024-10-03 19:45:00,2024-10-03 20:00:00,2024-10-03 21:00:00,26580,SHORT,61036.0,42.02306835310284,34.02306835310284,72.02306835310284,0.0,4,TRAILING_STOP,False
2024-10-04 01:15:00,2024-10-04 01:30:00,2024-10-04 02:00:00,26600,LONG,61076.0,12.210688322745959,4.210688322745959,32.21068832274596,-11.461130394917808,2,TRAILING_STOP,False
2024-10-04 07:30:00,2024-10-04 07:45:00,2024-10-04 08:45:00,26627,LONG,61409.12,18.618042401518565,10.618042401518565,38.618042401518565,-11.219831842566943,4,TRAILING_STOP,False
2024-10-04 12:30:00,2024-10-04 12:45:00,2024-10-04 14:30:00,26650,SHORT,61363.63,69.35201030317083,61.35201030317083,99.35201030317083,-104.43482564509398,7,TRAILING_STOP,False
2024-10-05 02:45:00,2024-10-05 03:00:00,2024-10-05 05:30:00,26710,SHORT,61812.01,-44.74696745826523,-52.74696745826523,0.0,-55.83542745171972,10,TIME_EXIT,False
2024-10-05 16:15:00,2024-10-05 16:30:00,2024-10-05 19:00:00,26764,LONG,62157.5,-48.82757511161164,-56.82757511161164,0.0,-52.687125447451706,10,TIME_EXIT,False
2024-10-06 03:45:00,2024-10-06 04:00:00,2024-10-06 06:15:00,26809,SHORT,61878.66,-17.121569859463293,-25.121569859463293,12.87843014053671,-21.22541115143678,9,TRAILING_STOP,False
2024-10-06 06:45:00,2024-10-06 07:00:00,2024-10-06 09:30:00,26822,SHORT,61962.0,-20.885381362771295,-28.885381362771295,6.455569542622897,-20.885381362771295,10,TIME_EXIT,False
2024-10-06 13:00:00,2024-10-06 13:15:00,2024-10-06 15:00:00,26844,LONG,62299.67,56.61838337185442,48.61838337185442,76.61838337185442,-16.64053758230152,7,TRAILING_STOP,False
2024-10-06 16:00:00,2024-10-06 16:15:00,2024-10-06 18:45:00,26859,LONG,62820.0,-16.1795606494746,-24.1795606494746,0.0,-42.97994269340974,10,TIME_EXIT,False
2024-10-06 23:00:00,2024-10-06 23:15:00,2024-10-07 00:15:00,26881,LONG,62668.0,28.828748324503728,20.828748324503728,48.82874832450373,-1.6850705304138751,4,TRAILING_STOP,False
2024-10-07 00:30:00,2024-10-07 00:45:00,2024-10-07 01:15:00,26885,LONG,63310.0,84.2789448744278,76.2789448744278,104.2789448744278,0.0,2,TRAILING_STOP,False
2024-10-07 01:30:00,2024-10-07 01:45:00,2024-10-07 04:00:00,26896,SHORT,63800.0,41.16457680250765,33.16457680250765,71.16457680250765,-23.269592476488892,9,TRAILING_STOP,False
2024-10-07 07:30:00,2024-10-07 07:45:00,2024-10-07 10:15:00,26921,SHORT,63458.22,74.87446070816348,66.87446070816348,77.8811633859256,-39.04616297147932,10,TIME_EXIT,False
2024-10-07 11:45:00,2024-10-07 12:00:00,2024-10-07 14:15:00,26937,LONG,63135.45,192.6760797618462,184.6760797618462,212.6760797618462,-49.11345369360549,9,TRAILING_STOP,False
2024-10-07 22:45:00,2024-10-07 23:00:00,2024-10-08 00:00:00,26976,SHORT,62471.08,20.432936328298624,12.432936328298624,50.432936328298624,-31.17442502994986,4,TRAILING_STOP,False
2024-10-08 07:15:00,2024-10-08 07:30:00,2024-10-08 10:00:00,27016,SHORT,62182.0,-56.50027339101376,-64.50027339101376,0.0,-65.6138432343765,10,TIME_EXIT,False
2024-10-08 13:15:00,2024-10-08 13:30:00,2024-10-08 14:00:00,27032,LONG,62610.0,74.23414789969654,66.23414789969654,94.23414789969654,0.0,2,TRAILING_STOP,False
2024-10-08 14:15:00,2024-10-08 14:30:00,2024-10-08 15:30:00,27038,SHORT,62368.0,50.66797075423304,42.66797075423304,80.66797075423304,-77.32170343766,4,TRAILING_STOP,False
2024-10-09 01:30:00,2024-10-09 01:45:00,2024-10-09 04:15:00,27089,LONG,62429.11,-7.406801090068073,-15.406801090068072,4.948012233395513,-44.693893601879644,10,TIME_EXIT,False
2024-10-09 12:30:00,2024-10-09 12:45:00,2024-10-09 14:00:00,27128,SHORT,61878.01,0.06075987253016635,-7.939240127469834,30.060759872530166,-35.03021509579813,5,TRAILING_STOP,False
2024-10-09 15:15:00,2024-10-09 15:30:00,2024-10-09 16:00:00,27136,LONG,62311.51,-3.8585198785915367,-11.858519878591537,16.141480121408463,-40.042361355069396,2,TRAILING_STOP,False
2024-10-09 18:00:00,2024-10-09 18:15:00,2024-10-09 19:30:00,27150,SHORT,61456.0,71.04790419161677,63.047904191616766,101.04790419161677,-1.902173913043857,5,TRAILING_STOP,False
2024-10-09 20:45:00,2024-10-09 21:00:00,2024-10-09 23:30:00,27166,SHORT,60420.01,-48.32504992965011,-56.32504992965011,0.0,-89.04169330657145,10,TIME_EXIT,False
2024-10-10 09:30:00,2024-10-10 09:45:00,2024-10-10 10:45:00,27211,LONG,60920.0,27.930072225869658,19.930072225869658,47.93007222586966,0.0,4,TRAILING_STOP,False
2024-10-10 12:30:00,2024-10-10 12:45:00,2024-10-10 13:15:00,27221,SHORT,60959.99,-21.249998564632882,-29.249998564632882,8.750001435367118,-48.22999478838531,2,TRAILING_STOP,False
2024-10-10 17:45:00,2024-10-10 18:00:00,2024-10-10 18:30:00,27242,SHORT,59611.0,80.12229286541026,72.12229286541026,110.12229286541026,0.0,2,TRAILING_STOP,False
2024-10-11 01:45:00,2024-10-11 02:00:00,2024-10-11 04:30:00,27282,LONG,60578.55,6.375193859872073,-1.6248061401279266,23.354801328192227,-30.015574819800364,10,TIME_EXIT,False
2024-10-11 06:30:00,2024-10-11 06:45:00,2024-10-11 07:30:00,27294,LONG,60872.36,-12.201715195533545,-20.201715195533545,7.798284804466454,-22.400971475395494,3,TRAILING_STOP,False
2024-10-11 07:45:00,2024-10-11 08:00:00,2024-10-11 09:00:00,27300,SHORT,60674.68,-26.00492330573512,-34.00492330573512,3.995076694264883,-39.89637852230942,4,TRAILING_STOP,False
2024-10-11 09:15:00,2024-10-11 09:30:00,2024-10-11 12:00:00,27312,SHORT,60834.39,-62.01426528646084,-70.01426528646084,0.0,-77.01400474304124,10,TIME_EXIT,False
2024-10-11 12:30:00,2024-10-11 12:45:00,2024-10-11 15:15:00,27325,SHORT,61200.07,-157.59622497163775,-165.59622497163775,0.0,-180.38051263666858,10,TIME_EXIT,False
2024-10-11 17:30:00,2024-10-11 17:45:00,2024-10-11 18:00:00,27336,LONG,62736.0,17.85226982912541,9.852269829125412,37.85226982912541,0.0,1,TRAILING_STOP,False
2024-10-11 19:00:00,2024-10-11 19:15:00,2024-10-11 21:45:00,27351,LONG,63247.99,-63.16564368290515,-71.16564368290514,0.0,-71.43310008744872,10,TIME_EXIT,False
2024-10-11 22:30:00,2024-10-11 22:45:00,2024-10-11 23:15:00,27357,LONG,62415.01,20.320429332623064,12.320429332623064,40.320429332623064,-4.244171394029295,2,TRAILING_STOP,False
2024-10-12 10:00:00,2024-10-12 10:15:00,2024-10-12 11:30:00,27406,LONG,62957.99,28.054266027235123,20.054266027235123,48.05426602723512,-6.3518546256000175,5,TRAILING_STOP,False
2024-10-12 15:00:00,2024-10-12 15:15:00,2024-10-12 17:45:00,27431,LONG,63433.43,-52.01673628558303,-60.01673628558303,0.0,-60.761336727337664,10,TIME_EXIT,False
2024-10-12 23:00:00,2024-10-12 23:15:00,2024-10-13 01:45:00,27463,LONG,63331.69,-71.43816942197505,-79.43816942197505,0.0,-81.11105198677033,10,TIME_EXIT,False
2024-10-13 07:45:00,2024-10-13 08:00:00,2024-10-13 08:45:00,27491,LONG,62843.48,-1.1404460733242665,-9.140446073324267,18.859553926675733,-7.248166396896369,3,TRAILING_STOP,False
2024-10-13 11:15:00,2024-10-13 11:30:00,2024-10-13 12:15:00,27505,SHORT,62614.98,-14.859853025585426,-22.859853025585426,15.140146974414574,-16.603055690507148,3,TRAILING_STOP,False
2024-10-13 14:45:00,2024-10-13 15:00:00,2024-10-13 16:00:00,27520,SHORT,62249.6,2.064463064822675,-5.935536935177325,32.064463064822675,-8.73740554156162,4,TRAILING_STOP,False
2024-10-13 22:00:00,2024-10-13 22:15:00,2024-10-14 00:45:00,27555,LONG,63000.0,-76.16190476190472,-84.16190476190472,0.0,-86.06190476190514,10,TIME_EXIT,False
2024-10-14 03:15:00,2024-10-14 03:30:00,2024-10-14 04:00:00,27568,LONG,63330.0,164.74656560871625,156.74656560871625,184.74656560871625,0.0,2,TRAILING_STOP,False
2024-10-14 11:30:00,2024-10-14 11:45:00,2024-10-14 13:30:00,27606,SHORT,64919.69,9.915470945718418,1.9154709457184182,39.91547094571842,-12.370669052793946,7,TRAILING_STOP,False
2024-10-14 13:45:00,2024-10-14 14:00:00,2024-10-14 14:45:00,27611,LONG,65150.01,156.5034264768326,148.5034264768326,176.5034264768326,0.0,3,TRAILING_STOP,False
2024-10-14 22:15:00,2024-10-14 22:30:00,2024-10-14 23:00:00,27644,LONG,66104.81,39.782336565221556,31.782336565221556,59.782336565221556,-0.11799443943622799,2,TRAILING_STOP,False
2024-10-15 03:45:00,2024-10-15 04:00:00,2024-10-15 05:00:00,27668,LONG,65399.99,24.529058796493466,16.529058796493466,44.529058796493466,-3.8211015016971657,4,TRAILING_STOP,False
2024-10-15 13:30:00,2024-10-15 13:45:00,2024-10-15 14:00:00,27704,LONG,66440.0,207.27272727272728,199.27272727272728,227.27272727272728,0.0,1,TRAILING_STOP,False
2024-10-15 14:15:00,2024-10-15 14:30:00,2024-10-15 14:45:00,27707,SHORT,66800.02,217.00741107562573,209.00741107562573,247.00741107562573,0.0,1,TRAILING_STOP,False
2024-10-15 21:30:00,2024-10-15 21:45:00,2024-10-15 22:30:00,27738,LONG,66239.47,93.60749112273979,85.60749112273979,113.60749112273979,0.0,3,TRAILING_STOP,False
2024-10-16 01:15:00,2024-10-16 01:30:00,2024-10-16 02:15:00,27753,LONG,67482.63,-8.380713674024125,-16.380713674024125,11.619286325975875,-51.880017124407544,3,TRAILING_STOP,False
2024-10-16 08:30:00,2024-10-16 08:45:00,2024-10-16 10:15:00,27785,LONG,67214.4,66.62727034683184,58.627270346831835,86.62727034683184,-18.915589516532087,6,TRAILING_STOP,False
2024-10-16 11:15:00,2024-10-16 11:30:00,2024-10-16 11:45:00,27791,LONG,68118.11,24.90582607180373,16.90582607180373,44.90582607180373,-32.794509419007575,1,TRAILING_STOP,False
2024-10-17 01:30:00,2024-10-17 01:45:00,2024-10-17 03:30:00,27854,SHORT,67594.63,-2.38981854031827,-10.38981854031827,27.61018145968173,-46.43120318877273,7,TRAILING_STOP,False
2024-10-17 06:00:00,2024-10-17 06:15:00,2024-10-17 07:45:00,27871,SHORT,67299.99,1.5958442192932552,-6.404155780706745,31.595844219293255,-30.386334381327543,6,TRAILING_STOP,False
2024-10-17 10:30:00,2024-10-17 10:45:00,2024-10-17 12:15:00,27889,SHORT,67000.0,8.64328358209007,0.6432835820900706,38.64328358209007,-42.53731343283582,6,TRAILING_STOP,False
2024-10-17 13:30:00,2024-10-17 13:45:00,2024-10-17 14:45:00,27899,LONG,67211.99,-7.807234988876676,-15.807234988876676,12.192765011123324,-81.2340179185299,4,TRAILING_STOP,False
2024-10-18 01:30:00,2024-10-18 01:45:00,2024-10-18 02:00:00,27944,LONG,67789.99,31.92654549735068,23.92654549735068,51.92654549735068,0.0,1,TRAILING_STOP,False
2024-10-18 06:15:00,2024-10-18 06:30:00,2024-10-18 07:30:00,27966,LONG,68178.1,-17.667872821332043,-25.667872821332043,2.3321271786679563,-36.39145121380628,4,TRAILING_STOP,False
2024-10-18 13:30:00,2024-10-18 13:45:00,2024-10-18 14:00:00,27992,LONG,68181.08,27.183177503201335,19.183177503201335,47.183177503201335,-23.585722021416743,1,TRAILING_STOP,False
2024-10-18 14:30:00,2024-10-18 14:45:00,2024-10-18 15:00:00,27996,LONG,68483.5,-10.329057364183209,-18.329057364183207,9.670942635816791,-27.811078580972996,1,TRAILING_STOP,False
2024-10-18 15:30:00,2024-10-18 15:45:00,2024-10-18 17:15:00,28005,LONG,68814.62,-6.422943264090163,-14.422943264090163,13.577056735909837,-66.06444967653609,6,TRAILING_STOP,False
2024-10-19 03:00:00,2024-10-19 03:15:00,2024-10-19 05:45:00,28055,LONG,68605.99,-31.481216144539342,-39.481216144539346,0.0,-40.81130525191827,10,TIME_EXIT,False
2024-10-19 11:00:00,2024-10-19 11:15:00,2024-10-19 13:45:00,28087,LONG,68297.28,-26.733129049941923,-34.73312904994192,0.0,-30.64250874998226,10,TIME_EXIT,False
2024-10-19 15:15:00,2024-10-19 15:30:00,2024-10-19 18:00:00,28104,SHORT,68212.12,14.972412527273763,6.972412527273763,29.631097816633666,-2.5713905388086675,10,TIME_EXIT,False
2024-10-19 21:15:00,2024-10-19 21:30:00,2024-10-20 00:00:00,28128,LONG,68344.73,13.938163191223277,5.938163191223277,14.52343143355886,-20.711179925650878,10,TIME_EXIT,False
2024-10-20 06:45:00,2024-10-20 07:00:00,2024-10-20 09:30:00,28166,LONG,68400.01,4.676899901038793,-3.3231000989612074,14.618418915436598,-6.58040839467637,10,TIME_EXIT,False
2024-10-20 13:30:00,2024-10-20 13:45:00,2024-10-20 15:00:00,28188,LONG,68407.99,33.313947683595416,25.313947683595416,53.313947683595416,0.0,5,TRAILING_STOP,False
2024-10-20 20:45:00,2024-10-20 21:00:00,2024-10-20 22:00:00,28216,LONG,68781.98,25.016151032582172,17.016151032582172,45.01615103258217,-26.457511109740654,4,TRAILING_STOP,False
2024-10-20 22:15:00,2024-10-20 22:30:00,2024-10-20 22:45:00,28219,LONG,69122.0,20.21874367061138,12.218743670611381,40.21874367061138,0.0,1,TRAILING_STOP,False
2024-10-21 00:15:00,2024-10-21 00:30:00,2024-10-21 01:30:00,28230,LONG,69393.89,-7.591126538662037,-15.591126538662037,12.408873461337963,-48.12959757696323,4,TRAILING_STOP,False
2024-10-21 08:45:00,2024-10-21 09:00:00,2024-10-21 09:45:00,28263,SHORT,68301.47,-3.286080079973914,-11.286080079973914,26.713919920026086,-18.232404075636854,3,TRAILING_STOP,False
2024-10-21 10:30:00,2024-10-21 10:45:00,2024-10-21 11:00:00,28268,SHORT,68324.0,-12.000468356654189,-20.00046835665419,17.99953164334581,-15.807037058720216,1,TRAILING_STOP,False
2024-10-21 13:15:00,2024-10-21 13:30:00,2024-10-21 14:15:00,28281,SHORT,67916.0,82.49190176099887,74.49190176099887,112.49190176099887,0.0,3,TRAILING_STOP,False
2024-10-22 00:15:00,2024-10-22 00:30:00,2024-10-22 03:00:00,28332,SHORT,66948.01,-81.73954685135683,-89.73954685135683,0.0,-111.56567611195666,10,TIME_EXIT,False
2024-10-22 06:00:00,2024-10-22 06:15:00,2024-10-22 06:45:00,28347,LONG,67712.3,-8.87055970628666,-16.87055970628666,11.12944029371334,-20.720016895010644,2,TRAILING_STOP,False
2024-10-22 08:30:00,2024-10-22 08:45:00,2024-10-22 09:15:00,28357,LONG,67124.94,-19.58733668886645,-27.58733668886645,0.4126633111335481,-46.96317046987382,2,TRAILING_STOP,False
2024-10-22 13:45:00,2024-10-22 14:00:00,2024-10-22 14:15:00,28377,LONG,66998.21,64.21269762281587,56.21269762281587,84.21269762281587,0.0,1,TRAILING_STOP,False
2024-10-23 03:15:00,2024-10-23 03:30:00,2024-10-23 06:00:00,28440,SHORT,66954.62,-35.1760640266503,-43.1760640266503,0.0,-44.09255104427464,10,TIME_EXIT,False
2024-10-23 06:45:00,2024-10-23 07:00:00,2024-10-23 08:00:00,28448,SHORT,66917.55,2.510156154850698,-5.489843845149302,32.5101561548507,-19.49413868260226,4,TRAILING_STOP,False
2024-10-23 08:45:00,2024-10-23 09:00:00,2024-10-23 09:30:00,28454,SHORT,66530.0,19.601683451074706,11.601683451074706,49.601683451074706,-3.3067788967383134,2,TRAILING_STOP,False
2024-10-23 15:30:00,2024-10-23 15:45:00,2024-10-23 17:15:00,28485,SHORT,65988.01,23.192996727738084,15.192996727738084,53.192996727738084,-45.46128910388497,6,TRAILING_STOP,False
2024-10-23 18:00:00,2024-10-23 18:15:00,2024-10-23 20:45:00,28499,SHORT,65535.48,-172.962798166733,-180.962798166733,0.0,-174.64127828162648,10,TIME_EXIT,False
2024-10-24 00:45:00,2024-10-24 01:00:00,2024-10-24 01:15:00,28517,LONG,67432.0,3.9025981729732173,-4.097401827026783,23.902598172973217,-32.45788349744859,1,TRAILING_STOP,False
2024-10-24 09:00:00,2024-10-24 09:15:00,2024-10-24 09:30:00,28550,LONG,66926.0,-8.10477243522688,-16.10477243522688,11.89522756477312,-10.752174042973794,1,TRAILING_STOP,False
2024-10-24 13:30:00,2024-10-24 13:45:00,2024-10-24 14:00:00,28568,LONG,67843.19,-1.352586751891419,-9.352586751891419,18.64741324810858,-33.802950598284326,1,TRAILING_STOP,False
2024-10-24 19:45:00,2024-10-24 20:00:00,2024-10-24 21:15:00,28597,LONG,68309.79,59.08236872050206,51.08236872050206,79.08236872050206,-48.56551308384934,5,TRAILING_STOP,False
2024-10-25 07:15:00,2024-10-25 07:30:00,2024-10-25 08:15:00,28641,SHORT,67303.03,-27.511256179699487,-35.51125617969949,2.4887438203005128,-48.75857743700447,3,TRAILING_STOP,False
2024-10-25 13:45:00,2024-10-25 14:00:00,2024-10-25 14:30:00,28666,LONG,68334.01,44.020829452275734,36.020829452275734,64.02082945227573,-10.142826390548084,2,TRAILING_STOP,False
2024-10-25 15:45:00,2024-10-25 16:00:00,2024-10-25 16:30:00,28674,SHORT,67690.01,-3.57069381434658,-11.57069381434658,26.42930618565342,-26.2653233468289,2,TRAILING_STOP,False
2024-10-25 17:45:00,2024-10-25 18:00:00,2024-10-25 18:15:00,28681,SHORT,66836.0,-24.2725477287691,-32.2725477287691,5.7274522712308995,-102.63929618768329,1,TRAILING_STOP,False
2024-10-25 23:00:00,2024-10-25 23:15:00,2024-10-25 23:30:00,28702,SHORT,65800.21,-20.8495732764369,-28.8495732764369,9.1504267235631,-97.84011327623325,1,TRAILING_STOP,False
2024-10-26 05:30:00,2024-10-26 05:45:00,2024-10-26 08:15:00,28737,SHORT,67202.02,9.52649935225222,1.5264993522522197,30.71485053574334,-5.654591930421139,10,TIME_EXIT,False
2024-10-26 11:30:00,2024-10-26 11:45:00,2024-10-26 12:15:00,28753,LONG,67139.99,-14.040809359668543,-22.040809359668543,5.959190640331457,-16.382188916025342,2,TRAILING_STOP,False
2024-10-26 13:15:00,2024-10-26 13:30:00,2024-10-26 16:00:00,28768,LONG,67068.0,-35.58627065068263,-43.58627065068263,0.0,-48.30917874396135,10,TIME_EXIT,False
2024-10-26 20:30:00,2024-10-26 20:45:00,2024-10-26 23:15:00,28797,SHORT,67265.99,21.887732567380702,13.887732567380702,26.460622968606458,-0.8934678579761869,10,TIME_EXIT,False
2024-10-27 03:15:00,2024-10-27 03:30:00,2024-10-27 04:30:00,28818,LONG,67189.99,0.16222952258232937,-7.837770477417671,20.16222952258233,-5.951779424287046,4,TRAILING_STOP,False
2024-10-27 12:15:00,2024-10-27 12:30:00,2024-10-27 13:45:00,28855,LONG,67369.66,40.461934942227956,32.461934942227956,60.461934942227956,-2.9182275819713936,5,TRAILING_STOP,False
2024-10-27 17:30:00,2024-10-27 17:45:00,2024-10-27 20:15:00,28881,LONG,67850.0,5.597641857036982,-2.402358142963018,5.599115696389865,-45.55932203389762,10,TIME_EXIT,False
2024-10-27 21:45:00,2024-10-27 22:00:00,2024-10-28 00:30:00,28898,SHORT,67930.02,6.4801982981904125,-1.5198017018095875,6.587661831985328,-59.18296505727495,10,TIME_EXIT,False
2024-10-28 07:00:00,2024-10-28 07:15:00,2024-10-28 07:30:00,28926,LONG,68450.0,11.485756026297164,3.485756026297164,31.485756026297164,-3.5909422936452517,1,TRAILING_STOP,False
2024-10-28 12:30:00,2024-10-28 12:45:00,2024-10-28 13:30:00,28950,LONG,68959.99,16.979413715111434,8.979413715111434,36.979413715111434,-26.535676701810026,3,TRAILING_STOP,False
2024-10-28 13:45:00,2024-10-28 14:00:00,2024-10-28 14:30:00,28954,SHORT,68820.0,-10.81952920662598,-18.81952920662598,19.18047079337402,-36.03603603603604,2,TRAILING_STOP,False
2024-10-28 19:00:00,2024-10-28 19:15:00,2024-10-28 19:45:00,28975,LONG,69593.92,23.26239993378757,15.26239993378757,43.26239993378757,-19.12379702134849,2,TRAILING_STOP,False
2024-10-28 22:00:00,2024-10-28 22:15:00,2024-10-28 23:00:00,28988,LONG,70028.58,-3.3039596119186996,-11.3039596119187,16.6960403880813,-31.78416583629166,3,TRAILING_STOP,False
2024-10-29 02:00:00,2024-10-29 02:15:00,2024-10-29 02:45:00,29003,LONG,71004.0,50.98191651174581,42.98191651174581,70.98191651174581,-4.670159427638372,2,TRAILING_STOP,False
2024-10-29 11:30:00,2024-10-29 11:45:00,2024-10-29 14:00:00,29048,LONG,71539.9,41.937464268192414,33.937464268192414,61.937464268192414,-85.39290661574789,9,TRAILING_STOP,False
2024-10-29 15:15:00,2024-10-29 15:30:00,2024-10-29 16:00:00,29056,LONG,71921.57,83.08868396504593,75.08868396504593,103.08868396504593,0.0,2,TRAILING_STOP,False
2024-10-30 12:00:00,2024-10-30 12:15:00,2024-10-30 12:45:00,29139,LONG,72062.0,-19.836252116234213,-27.836252116234213,0.1637478837657871,-39.13296883239433,2,TRAILING_STOP,False
2024-10-30 13:15:00,2024-10-30 13:30:00,2024-10-30 14:15:00,29145,LONG,71772.03,64.340654709084,56.340654709084006,84.340654709084,-46.81907422710474,3,TRAILING_STOP,False
2024-10-30 20:00:00,2024-10-30 20:15:00,2024-10-30 21:00:00,29172,LONG,71910.49,126.08577969639683,118.08577969639683,146.08577969639683,0.0,3,TRAILING_STOP,False
2024-10-31 06:30:00,2024-10-31 06:45:00,2024-10-31 07:15:00,29213,SHORT,72234.0,-18.371127170030732,-26.371127170030732,11.628872829969268,-22.980867735415455,2,TRAILING_STOP,False
2024-10-31 10:45:00,2024-10-31 11:00:00,2024-10-31 13:30:00,29238,LONG,72639.28,-116.56227870099994,-124.56227870099994,0.0,-123.63008003383206,10,TIME_EXIT,False
2024-10-31 13:45:00,2024-10-31 14:00:00,2024-10-31 15:15:00,29245,SHORT,71308.0,69.28759746452012,61.28759746452012,99.28759746452012,-7.292309418298087,5,TRAILING_STOP,False
2024-10-31 20:45:00,2024-10-31 21:00:00,2024-10-31 23:30:00,29278,SHORT,70026.74,-64.15549260182534,-72.15549260182534,0.0,-89.68288399545509,10,TIME_EXIT,False
2024-11-01 01:30:00,2024-11-01 01:45:00,2024-11-01 02:00:00,29288,SHORT,69929.78,127.26919203807,119.26919203807,157.26919203807,0.0,1,TRAILING_STOP,False
2024-11-01 07:30:00,2024-11-01 07:45:00,2024-11-01 08:45:00,29315,LONG,69294.61,15.123943983521869,7.123943983521869,35.12394398352187,-8.276256984490686,4,TRAILING_STOP,False
2024-11-01 10:15:00,2024-11-01 10:30:00,2024-11-01 11:45:00,29327,LONG,69994.01,13.430003510301134,5.430003510301134,33.430003510301134,-35.05014214787834,5,TRAILING_STOP,False
2024-11-01 12:30:00,2024-11-01 12:45:00,2024-11-01 13:00:00,29332,LONG,70279.18,-9.231519206682893,-17.231519206682893,10.768480793317107,-19.519294334395056,1,TRAILING_STOP,False
2024-11-01 13:30:00,2024-11-01 13:45:00,2024-11-01 14:30:00,29338,LONG,70636.0,121.13907922305864,113.13907922305864,141.13907922305864,0.0,3,TRAILING_STOP,False
2024-11-01 15:30:00,2024-11-01 15:45:00,2024-11-01 16:00:00,29344,SHORT,69945.71,54.88154598759614,46.88154598759614,84.88154598759614,-12.423921352716867,1,TRAILING_STOP,False
2024-11-02 12:45:00,2024-11-02 13:00:00,2024-11-02 14:45:00,29435,SHORT,69459.05,36.06914433756343,28.06914433756343,66.06914433756343,-36.35811316163892,7,TRAILING_STOP,False
2024-11-02 23:00:00,2024-11-02 23:15:00,2024-11-02 23:45:00,29471,SHORT,69277.99,-13.834692663571037,-21.834692663571037,16.165307336428963,-14.166115385275958,2,TRAILING_STOP,False
2024-11-03 02:00:00,2024-11-03 02:15:00,2024-11-03 02:30:00,29482,SHORT,68686.0,89.65174853681923,81.65174853681923,119.65174853681923,0.0,1,TRAILING_STOP,False
2024-11-03 10:15:00,2024-11-03 10:30:00,2024-11-03 11:30:00,29518,LONG,68563.99,-16.27938805778445,-24.27938805778445,3.7206119422155504,-30.33370724195171,4,TRAILING_STOP,False
2024-11-03 13:45:00,2024-11-03 14:00:00,2024-11-03 15:30:00,29534,SHORT,68048.13,53.676068688442825,45.676068688442825,83.67606868844283,-12.619009515764112,6,TRAILING_STOP,False
2024-11-03 16:30:00,2024-11-03 16:45:00,2024-11-03 17:00:00,29540,SHORT,68232.1,-15.352935055494068,-23.35293505549407,14.647064944505932,-32.81446709100177,1,TRAILING_STOP,False
2024-11-04 14:00:00,2024-11-04 14:15:00,2024-11-04 15:15:00,29629,SHORT,68587.99,26.132276219203973,18.132276219203973,56.13227621920397,-13.414885025788735,4,TRAILING_STOP,False
2024-11-04 16:30:00,2024-11-04 16:45:00,2024-11-04 17:15:00,29637,SHORT,67966.01,75.12754831422278,67.12754831422278,105.12754831422278,0.0,2,TRAILING_STOP,False
2024-11-04 21:30:00,2024-11-04 21:45:00,2024-11-05 00:15:00,29665,SHORT,67011.99,-147.43779434098207,-155.43779434098207,0.0,-163.26630502989119,10,TIME_EXIT,False
2024-11-05 01:00:00,2024-11-05 01:15:00,2024-11-05 01:30:00,29670,SHORT,67978.02,43.757664609825255,35.757664609825255,73.75766460982526,0.0,1,TRAILING_STOP,False
2024-11-05 09:00:00,2024-11-05 09:15:00,2024-11-05 11:00:00,29708,SHORT,68997.49,25.419407285685992,17.419407285685992,55.41940728568599,0.0,7,TRAILING_STOP,False
2024-11-05 14:15:00,2024-11-05 14:30:00,2024-11-05 14:45:00,29723,LONG,69333.34,123.03652470802663,115.03652470802663,143.03652470802663,0.0,1,TRAILING_STOP,False
2024-11-05 19:45:00,2024-11-05 20:00:00,2024-11-05 22:15:00,29753,SHORT,68995.99,-14.47590939705328,-22.47590939705328,15.52409060294672,-96.67518358675474,9,TRAILING_STOP,False
2024-11-06 00:15:00,2024-11-06 00:30:00,2024-11-06 00:45:00,29763,LONG,70319.98,141.40789573603465,133.40789573603465,161.40789573603465,0.0,1,TRAILING_STOP,False
2024-11-06 01:00:00,2024-11-06 01:15:00,2024-11-06 02:00:00,29768,LONG,71317.99,3.1919043147450132,-4.808095685254987,23.191904314745013,-61.97454527251893,3,TRAILING_STOP,False
2024-11-06 02:15:00,2024-11-06 02:30:00,2024-11-06 02:45:00,29771,LONG,72396.7,103.00422533071388,95.00422533071388,123.00422533071388,0.0,1,TRAILING_STOP,False
2024-11-06 03:00:00,2024-11-06 03:15:00,2024-11-06 04:00:00,29776,LONG,74057.39,65.01379808281071,57.01379808281071,85.01379808281071,-35.19702760251253,3,TRAILING_STOP,False
2024-11-06 14:30:00,2024-11-06 14:45:00,2024-11-06 15:15:00,29821,LONG,74375.55,-3.9866730397299577,-11.986673039729958,16.013326960270042,-115.83779884652992,2,TRAILING_STOP,False
2024-11-06 20:00:00,2024-11-06 20:15:00,2024-11-06 20:45:00,29843,LONG,75944.0,40.044243126514274,32.044243126514274,60.044243126514274,-57.529232065731875,2,TRAILING_STOP,False
2024-11-07 01:30:00,2024-11-07 01:45:00,2024-11-07 03:15:00,29869,SHORT,75396.0,20.931083877128764,12.931083877128764,50.93108387712876,-8.223247917661414,6,TRAILING_STOP,False
2024-11-07 14:30:00,2024-11-07 14:45:00,2024-11-07 17:15:00,29925,SHORT,74668.22,-209.96750692597112,-217.96750692597112,0.0,-216.29416102325712,10,TIME_EXIT,False
2024-11-07 18:30:00,2024-11-07 18:45:00,2024-11-07 19:15:00,29933,LONG,76494.01,-4.575262821231982,-12.575262821231982,15.424737178768018,-76.79686291776274,2,TRAILING_STOP,False
2024-11-08 07:30:00,2024-11-08 07:45:00,2024-11-08 08:00:00,29984,LONG,76100.0,-11.590013140604468,-19.59001314060447,8.409986859395532,-38.44021024967133,1,TRAILING_STOP,False
2024-11-08 14:00:00,2024-11-08 14:15:00,2024-11-08 15:00:00,30012,SHORT,76035.31,23.205543582317603,15.205543582317603,53.2055435823176,-25.965567839469262,3,TRAILING_STOP,False
2024-11-08 15:15:00,2024-11-08 15:30:00,2024-11-08 16:00:00,30016,LONG,76399.21,-4.84539303482342,-12.84539303482342,15.15460696517658,-64.50328478527499,2,TRAILING_STOP,False
2024-11-09 06:00:00,2024-11-09 06:15:00,2024-11-09 08:45:00,30083,LONG,76700.8,-15.46419333305603,-23.46419333305603,4.5358066669439685,-45.214652259168474,10,TRAILING_STOP,False
2024-11-09 16:15:00,2024-11-09 16:30:00,2024-11-09 17:15:00,30117,SHORT,76104.99,21.288358358630852,13.288358358630852,51.28835835863085,-5.914198267419096,3,TRAILING_STOP,False
2024-11-09 19:00:00,2024-11-09 19:15:00,2024-11-09 21:45:00,30135,LONG,76497.99,-6.064211621769332,-14.064211621769331,0.0,-49.9346453416626,10,TIME_EXIT,False
2024-11-09 23:00:00,2024-11-09 23:15:00,2024-11-09 23:45:00,30143,LONG,76618.86,16.693315457838892,8.693315457838892,36.69331545783889,-4.9256801784841535,2,TRAILING_STOP,False
2024-11-10 00:15:00,2024-11-10 00:30:00,2024-11-10 00:45:00,30147,LONG,76796.01,19.58408776706046,11.58408776706046,39.58408776706046,0.0,1,TRAILING_STOP,False
2024-11-10 02:15:00,2024-11-10 02:30:00,2024-11-10 02:45:00,30155,LONG,77284.0,6.247347445785131,-1.752652554214869,26.24734744578513,-34.229594741472184,1,TRAILING_STOP,False
2024-11-10 04:30:00,2024-11-10 04:45:00,2024-11-10 05:00:00,30164,LONG,77867.39,167.4481731055838,159.4481731055838,187.4481731055838,0.0,1,TRAILING_STOP,False
2024-11-10 05:15:00,2024-11-10 05:30:00,2024-11-10 08:00:00,30176,LONG,79653.0,-85.49583819818463,-93.49583819818463,0.0,-130.69187601220293,10,TIME_EXIT,False
2024-11-10 11:00:00,2024-11-10 11:15:00,2024-11-10 11:45:00,30191,LONG,79756.02,15.606089671976598,7.606089671976598,35.6060896719766,-8.070864117844634,2,TRAILING_STOP,False
2024-11-10 12:00:00,2024-11-10 12:15:00,2024-11-10 12:45:00,30195,SHORT,79425.33,-10.210343476066445,-18.210343476066445,19.789656523933555,-31.308651786526827,2,TRAILING_STOP,False
2024-11-10 17:30:00,2024-11-10 17:45:00,2024-11-10 18:00:00,30216,LONG,80200.01,64.163331151705,56.163331151704995,84.163331151705,0.0,1,TRAILING_STOP,False
2024-11-10 18:15:00,2024-11-10 18:30:00,2024-11-10 18:45:00,30219,LONG,80839.99,-18.76175145494269,-26.76175145494269,1.2382485450573115,-42.05962915136547,1,TRAILING_STOP,False
2024-11-10 19:45:00,2024-11-10 20:00:00,2024-11-10 20:15:00,30225,SHORT,79748.99,36.95884173580194,28.95884173580194,66.95884173580194,0.0,1,TRAILING_STOP,False
2024-11-11 10:00:00,2024-11-11 10:15:00,2024-11-11 10:45:00,30283,LONG,82129.99,-14.397905077062013,-22.397905077062013,5.602094922937986,-35.88701277085328,2,TRAILING_STOP,False
2024-11-11 14:30:00,2024-11-11 14:45:00,2024-11-11 15:30:00,30302,LONG,81941.98,263.31387647699006,255.31387647699006,283.31387647699006,0.0,3,TRAILING_STOP,False
2024-11-11 16:00:00,2024-11-11 16:15:00,2024-11-11 17:45:00,30311,LONG,84768.0,-6.783927897319879,-14.783927897319879,13.216072102680121,-110.43790109475316,6,TRAILING_STOP,False
2024-11-11 19:00:00,2024-11-11 19:15:00,2024-11-11 21:45:00,30327,SHORT,85742.88,-251.58123916527998,-259.58123916527995,0.0,-307.3281419984954,10,TIME_EXIT,False
2024-11-11 23:00:00,2024-11-11 23:15:00,2024-11-12 01:00:00,30340,LONG,89348.01,-13.28804301293323,-21.28804301293323,6.71195698706677,-311.8883117822086,7,TRAILING_STOP,False
2024-11-12 10:00:00,2024-11-12 10:15:00,2024-11-12 11:30:00,30382,LONG,87817.37,-15.060202782205314,-23.060202782205316,4.939797217794686,-294.74465017569935,5,TRAILING_STOP,False
2024-11-13 13:15:00,2024-11-13 13:30:00,2024-11-13 13:45:00,30487,LONG,88259.18,142.9054337463829,134.9054337463829,162.9054337463829,0.0,1,TRAILING_STOP,False
2024-11-13 14:00:00,2024-11-13 14:15:00,2024-11-13 14:30:00,30490,LONG,89393.6,159.69966530042353,151.69966530042353,179.69966530042353,0.0,1,TRAILING_STOP,False
2024-11-13 14:45:00,2024-11-13 15:00:00,2024-11-13 16:15:00,30497,LONG,91508.0,172.07500983520558,164.07500983520558,192.07500983520558,-55.07715172443939,5,TRAILING_STOP,False
2024-11-14 08:00:00,2024-11-14 08:15:00,2024-11-14 10:15:00,30569,LONG,91387.51,-16.007113007017562,-24.007113007017562,3.9928869929824375,-115.73901072476883,8,TRAILING_STOP,False
2024-11-14 14:30:00,2024-11-14 14:45:00,2024-11-14 15:00:00,30588,SHORT,89730.93,136.80313020270611,128.80313020270611,166.80313020270611,0.0,1,TRAILING_STOP,False
2024-11-14 15:45:00,2024-11-14 16:00:00,2024-11-14 16:15:00,30593,SHORT,87947.99,1.8188056372875643,-6.181194362712436,31.818805637287564,-66.85883327180017,1,TRAILING_STOP,False
2024-11-14 21:00:00,2024-11-14 21:15:00,2024-11-14 22:00:00,30616,SHORT,87470.4,-28.110217856555035,-36.11021785655504,1.8897821434449638,-101.70297609248453,3,TRAILING_STOP,False
2024-11-15 04:30:00,2024-11-15 04:45:00,2024-11-15 05:00:00,30644,SHORT,87381.65,-17.910505237655798,-25.910505237655798,12.089494762344202,-42.023697195006775,1,TRAILING_STOP,False
2024-11-15 07:45:00,2024-11-15 08:00:00,2024-11-15 08:30:00,30658,SHORT,87612.01,-11.152127430932115,-19.152127430932115,18.847872569067885,-62.502846356339255,2,TRAILING_STOP,False
2024-11-15 12:00:00,2024-11-15 12:15:00,2024-11-15 14:45:00,30683,LONG,90660.54,-171.24980724800423,-179.24980724800423,0.0,-228.8989233904841,10,TIME_EXIT,False
2024-11-15 15:15:00,2024-11-15 15:30:00,2024-11-15 15:45:00,30687,SHORT,88235.38,-14.770281490258823,-22.770281490258824,15.229718509741177,-68.18240030246378,1,TRAILING_STOP,False
2024-11-15 19:45:00,2024-11-15 20:00:00,2024-11-15 22:30:00,30714,SHORT,90377.89,-118.63742337866054,-126.63742337866054,0.0,-162.883864626625,10,TIME_EXIT,False
2024-11-16 10:30:00,2024-11-16 10:45:00,2024-11-16 13:15:00,30773,LONG,91597.66,-73.10230414183133,-81.10230414183133,0.0,-119.834939014818,10,TIME_EXIT,False
2024-11-16 22:45:00,2024-11-16 23:00:00,2024-11-17 01:30:00,30822,SHORT,90328.39,17.67882722143086,9.678827221430861,17.685469651346605,-61.9528367548675,10,TIME_EXIT,False
2024-11-17 01:45:00,2024-11-17 02:00:00,2024-11-17 04:30:00,30834,LONG,90272.73,39.342999818439466,31.342999818439466,45.26726952868263,-100.6649516415418,10,TIME_EXIT,False
2024-11-17 11:00:00,2024-11-17 11:15:00,2024-11-17 12:00:00,30864,SHORT,90707.25,-8.033729387672977,-16.033729387672977,21.966270612327023,-25.593323576670464,3,TRAILING_STOP,False
2024-11-17 14:30:00,2024-11-17 14:45:00,2024-11-17 15:45:00,30879,LONG,90279.98,14.117198519539919,6.117198519539919,34.11719851953992,-18.329645177147352,4,TRAILING_STOP,False
2024-11-17 21:15:00,2024-11-17 21:30:00,2024-11-17 22:30:00,30906,LONG,89638.97,-19.010475019961145,-27.010475019961145,0.989524980038854,-102.2959099150739,4,TRAILING_STOP,False
2024-11-18 01:15:00,2024-11-18 01:30:00,2024-11-18 03:45:00,30927,SHORT,90572.65,0.10290634093119522,-7.897093659068805,30.102906340931195,-40.055138057681674,9,TRAILING_STOP,False
2024-11-18 06:15:00,2024-11-18 06:30:00,2024-11-18 07:00:00,30940,LONG,90947.39,128.72444387903826,120.72444387903826,148.72444387903826,0.0,2,TRAILING_STOP,False
2024-11-18 13:00:00,2024-11-18 13:15:00,2024-11-18 13:30:00,30966,SHORT,89784.0,-11.957809854761958,-19.95780985476196,18.04219014523804,-19.709525082420743,1,TRAILING_STOP,False
2024-11-18 15:30:00,2024-11-18 15:45:00,2024-11-18 16:00:00,30976,LONG,91887.98,55.849964271714455,47.849964271714455,75.84996427171446,-5.777687136010227,1,TRAILING_STOP,False
2024-11-19 09:45:00,2024-11-19 10:00:00,2024-11-19 10:30:00,31050,LONG,91694.37,4.196687321152858,-3.803312678847142,24.196687321152858,-14.416370383481814,2,TRAILING_STOP,False
2024-11-19 12:00:00,2024-11-19 12:15:00,2024-11-19 12:30:00,31058,LONG,92020.01,32.16148096484724,24.161480964847243,52.16148096484724,0.0,1,TRAILING_STOP,False
2024-11-19 12:45:00,2024-11-19 13:00:00,2024-11-19 13:15:00,31061,LONG,92467.99,5.088682040129854,-2.9113179598701464,25.088682040129854,-35.47389750766769,1,TRAILING_STOP,False
2024-11-19 13:30:00,2024-11-19 13:45:00,2024-11-19 14:00:00,31064,SHORT,91448.83,21.72619485673013,13.726194856730132,51.72619485673013,-33.5892761011812,1,TRAILING_STOP,False
2024-11-19 22:30:00,2024-11-19 22:45:00,2024-11-20 00:00:00,31104,LONG,91709.8,57.29599235850368,49.29599235850368,77.29599235850368,-13.575430324785357,5,TRAILING_STOP,False
2024-11-20 09:15:00,2024-11-20 09:30:00,2024-11-20 10:15:00,31145,SHORT,93296.24,4.968183069328973,-3.0318169306710274,34.96818306932897,-16.968529492721,3,TRAILING_STOP,False
2024-11-20 13:15:00,2024-11-20 13:30:00,2024-11-20 13:45:00,31159,LONG,94268.01,13.650864169085693,5.650864169085693,33.65086416908569,-6.7202012644577165,1,TRAILING_STOP,False
2024-11-20 14:30:00,2024-11-20 14:45:00,2024-11-20 15:15:00,31165,SHORT,94213.71,-12.623548101438061,-20.62354810143806,17.37645189856194,-56.92165184875946,2,TRAILING_STOP,False
2024-11-21 00:15:00,2024-11-21 00:30:00,2024-11-21 00:45:00,31203,LONG,94819.91,-8.847279015556964,-16.847279015556964,11.152720984443036,-23.19238649351212,1,TRAILING_STOP,False
2024-11-21 02:30:00,2024-11-21 02:45:00,2024-11-21 05:15:00,31221,SHORT,94116.0,-376.22933401334507,-384.22933401334507,0.0,-382.9306387861793,10,TIME_EXIT,False
2024-11-21 10:45:00,2024-11-21 11:00:00,2024-11-21 11:15:00,31245,LONG,97756.0,39.67817832153519,31.678178321535192,59.67817832153519,0.0,1,TRAILING_STOP,False
2024-11-21 15:15:00,2024-11-21 15:30:00,2024-11-21 15:45:00,31263,LONG,96156.0,60.2862015890844,52.2862015890844,80.2862015890844,-12.31956404176613,1,TRAILING_STOP,False
2024-11-22 03:15:00,2024-11-22 03:30:00,2024-11-22 04:30:00,31314,SHORT,98656.01,-29.136393211119167,-37.13639321111917,0.8636067888808318,-45.00384720606532,4,TRAILING_STOP,False
2024-11-22 07:15:00,2024-11-22 07:30:00,2024-11-22 07:45:00,31327,LONG,99232.77,-5.566260016726741,-13.56626001672674,14.43373998327326,-13.379652709483375,1,TRAILING_STOP,False
2024-11-22 13:15:00,2024-11-22 13:30:00,2024-11-22 13:45:00,31351,SHORT,97596.29,-12.771886103457476,-20.771886103457476,17.228113896542524,-63.51368479273238,1,TRAILING_STOP,False
2024-11-22 14:45:00,2024-11-22 15:00:00,2024-11-22 17:30:00,31366,SHORT,97296.0,-162.67678013484613,-170.67678013484613,0.0,-203.39993422134518,10,TIME_EXIT,False
2024-11-22 19:30:00,2024-11-22 19:45:00,2024-11-22 20:00:00,31376,SHORT,99197.93,-2.386520565499879,-10.386520565499879,27.61347943450012,-13.395440812122256,1,TRAILING_STOP,False
2024-11-23 16:15:00,2024-11-23 16:30:00,2024-11-23 17:15:00,31461,SHORT,97705.81,7.843194790565676,-0.1568052094343244,37.843194790565676,-25.99333652727521,3,TRAILING_STOP,False
2024-11-24 01:00:00,2024-11-24 01:15:00,2024-11-24 03:15:00,31501,LONG,98327.13,4.089994287435761,-3.9100057125642387,24.08999428743576,-28.059397238586005,8,TRAILING_STOP,False
2024-11-24 12:30:00,2024-11-24 12:45:00,2024-11-24 14:30:00,31546,SHORT,96622.75,-25.31890781415392,-33.31890781415392,4.6810921858460794,-101.81556620982161,7,TRAILING_STOP,False
2024-11-24 22:15:00,2024-11-24 22:30:00,2024-11-24 23:15:00,31581,LONG,97560.0,62.9704797047977,54.9704797047977,82.9704797047977,-5.196801968019382,3,TRAILING_STOP,False
2024-11-25 09:00:00,2024-11-25 09:15:00,2024-11-25 09:45:00,31623,LONG,98536.01,1.9199052204372045,-6.0800947795627955,21.919905220437204,-11.752048819511606,2,TRAILING_STOP,False
2024-11-25 13:00:00,2024-11-25 13:15:00,2024-11-25 15:00:00,31644,SHORT,97499.99,275.12721078227855,267.12721078227855,305.12721078227855,-33.70154191810651,7,TRAILING_STOP,False
2024-11-25 15:15:00,2024-11-25 15:30:00,2024-11-25 15:45:00,31647,LONG,96109.62,19.468473603371002,11.468473603371002,39.468473603371,-17.13564157261285,1,TRAILING_STOP,False
2024-11-25 21:45:00,2024-11-25 22:00:00,2024-11-25 22:30:00,31674,SHORT,93747.81,92.41565962980846,84.41565962980846,122.41565962980846,-40.5481472047192,2,TRAILING_STOP,False
2024-11-26 08:00:00,2024-11-26 08:15:00,2024-11-26 08:30:00,31714,SHORT,93230.03,66.9344319636067,58.9344319636067,96.9344319636067,0.0,1,TRAILING_STOP,False
2024-11-27 14:00:00,2024-11-27 14:15:00,2024-11-27 15:15:00,31837,LONG,94371.99,34.890227492288204,26.890227492288204,54.890227492288204,-14.396220743040448,4,TRAILING_STOP,False
2024-11-27 15:30:00,2024-11-27 15:45:00,2024-11-27 16:00:00,31840,LONG,95571.13,-0.6562923343068832,-8.656292334306883,19.343707665693117,-40.42434153493958,1,TRAILING_STOP,False
2024-11-27 16:30:00,2024-11-27 16:45:00,2024-11-27 17:30:00,31846,LONG,96070.44,-11.718576494497405,-19.718576494497405,8.281423505502595,-80.10164208678634,3,TRAILING_STOP,False
2024-11-28 10:00:00,2024-11-28 10:15:00,2024-11-28 11:30:00,31918,SHORT,94820.02,-21.139002079940074,-29.139002079940074,8.860997920059926,-47.192565451894644,5,TRAILING_STOP,False
2024-11-28 11:45:00,2024-11-28 12:00:00,2024-11-28 12:15:00,31921,LONG,95452.0,-5.915433935380889,-13.91543393538089,14.08456606461911,-13.56074257218312,1,TRAILING_STOP,False
2024-11-29 02:00:00,2024-11-29 02:15:00,2024-11-29 03:15:00,31981,LONG,96451.98,22.199237382167176,14.199237382167176,42.199237382167176,-12.16978645746724,4,TRAILING_STOP,False
2024-11-29 07:30:00,2024-11-29 07:45:00,2024-11-29 08:30:00,32002,SHORT,95804.93,-10.279720469500575,-18.279720469500575,19.720279530499425,-16.453224275619707,3,TRAILING_STOP,False
2024-11-29 10:00:00,2024-11-29 10:15:00,2024-11-29 11:00:00,32012,LONG,96631.55,2.5030023837967086,-5.496997616203291,22.50300238379671,-10.300983477964301,3,TRAILING_STOP,False
2024-11-29 11:30:00,2024-11-29 11:45:00,2024-11-29 12:15:00,32017,LONG,97112.02,19.951799993450443,11.951799993450443,39.95179999345044,0.0,2,TRAILING_STOP,False
2024-11-29 14:30:00,2024-11-29 14:45:00,2024-11-29 15:15:00,32029,LONG,97549.75,89.71222376274724,81.71222376274724,109.71222376274724,0.0,2,TRAILING_STOP,False
2024-11-30 06:00:00,2024-11-30 06:15:00,2024-11-30 07:30:00,32094,SHORT,96865.97,2.5934897467088973,-5.406510253291103,32.5934897467089,-11.75128892014417,5,TRAILING_STOP,False
2024-11-30 22:45:00,2024-11-30 23:00:00,2024-12-01 01:30:00,32166,SHORT,96466.11,2.9823945424983007,-5.017605457501699,32.59590336958776,-21.39404190756781,10,TIME_EXIT,False
2024-12-01 01:45:00,2024-12-01 02:00:00,2024-12-01 03:00:00,32172,SHORT,96106.62,12.946053039841658,4.946053039841658,42.94605303984166,-14.918847421749371,4,TRAILING_STOP,False
2024-12-01 08:15:00,2024-12-01 08:30:00,2024-12-01 09:00:00,32196,LONG,96949.99,2.486851210608144,-5.513148789391856,22.486851210608144,-8.990202061908773,2,TRAILING_STOP,False
2024-12-01 13:00:00,2024-12-01 13:15:00,2024-12-01 13:30:00,32214,LONG,97027.99,14.217961229537451,6.217961229537451,34.21796122953745,0.0,1,TRAILING_STOP,False
2024-12-01 16:00:00,2024-12-01 16:15:00,2024-12-01 17:00:00,32228,LONG,97239.06,-10.339273127485772,-18.33927312748577,9.660726872514228,-19.187762613090023,3,TRAILING_STOP,False
2024-12-01 21:45:00,2024-12-01 22:00:00,2024-12-01 23:30:00,32254,LONG,97767.61,-19.64916806292053,-27.64916806292053,0.3508319370794699,-45.711458017640346,6,TRAILING_STOP,False
2024-12-02 01:15:00,2024-12-02 01:30:00,2024-12-02 02:00:00,32264,LONG,98047.97,-19.79295848756493,-27.79295848756493,0.20704151243506988,-42.47818695277478,2,TRAILING_STOP,False
2024-12-02 03:45:00,2024-12-02 04:00:00,2024-12-02 04:15:00,32273,SHORT,96483.75,6.64347623304473,-1.35652376695527,36.64347623304473,-0.4394522393672757,1,TRAILING_STOP,False
2024-12-02 07:15:00,2024-12-02 07:30:00,2024-12-02 09:00:00,32292,SHORT,95848.03,71.83099224887552,63.83099224887552,101.83099224887552,-27.540472141159416,6,TRAILING_STOP,False
2024-12-02 14:30:00,2024-12-02 14:45:00,2024-12-02 15:15:00,32317,LONG,96718.03,10.80811302711616,2.8081130271161605,30.80811302711616,-105.09932842924945,2,TRAILING_STOP,False
2024-12-03 06:45:00,2024-12-03 07:00:00,2024-12-03 09:30:00,32390,SHORT,95632.22,41.01232827179024,33.01232827179024,48.49829900424803,-8.580790030807364,10,TIME_EXIT,False
2024-12-03 10:45:00,2024-12-03 11:00:00,2024-12-03 11:45:00,32399,SHORT,94697.9,-19.64285374860613,-27.64285374860613,10.357146251393873,-35.490755338820726,3,TRAILING_STOP,False
2024-12-03 13:45:00,2024-12-03 14:00:00,2024-12-03 14:30:00,32410,SHORT,93715.98,-15.294930491043504,-23.2949304910435,14.705069508956496,-105.32462019817727,2,TRAILING_STOP,False
2024-12-03 14:45:00,2024-12-03 15:00:00,2024-12-03 15:15:00,32413,LONG,95235.25,86.5519332390055,78.5519332390055,106.5519332390055,0.0,1,TRAILING_STOP,False
2024-12-03 22:30:00,2024-12-03 22:45:00,2024-12-04 01:15:00,32453,SHORT,95850.57,14.560163804973952,6.560163804973952,41.793178694713134,-28.555907387926002,10,TIME_EXIT,False
2024-12-04 01:30:00,2024-12-04 01:45:00,2024-12-04 04:15:00,32465,LONG,96513.18,-73.55161232900993,-81.55161232900993,0.0,-133.55792442027035,10,TIME_EXIT,False
2024-12-04 12:15:00,2024-12-04 12:30:00,2024-12-04 13:45:00,32503,SHORT,95904.77,27.594632675726196,19.594632675726196,57.594632675726196,-11.140217530368563,5,TRAILING_STOP,False
2024-12-04 14:30:00,2024-12-04 14:45:00,2024-12-04 15:00:00,32508,LONG,96349.2,-16.15980205336422,-24.15980205336422,3.8401979466357794,-97.32618433780415,1,TRAILING_STOP,False
2024-12-04 16:15:00,2024-12-04 16:30:00,2024-12-04 17:15:00,32517,SHORT,95004.0,13.80552397793759,5.80552397793759,43.80552397793759,-14.529914529913855,3,TRAILING_STOP,False
2024-12-04 20:00:00,2024-12-04 20:15:00,2024-12-04 20:45:00,32531,LONG,98031.43,78.80198626093765,70.80198626093765,98.80198626093765,0.0,2,TRAILING_STOP,False
2024-12-05 02:15:00,2024-12-05 02:30:00,2024-12-05 02:45:00,32555,LONG,99211.99,220.69772212007788,212.69772212007788,240.69772212007788,0.0,1,TRAILING_STOP,False
2024-12-05 03:00:00,2024-12-05 03:15:00,2024-12-05 03:45:00,32559,LONG,102919.98,30.526632438133397,22.526632438133397,50.5266324381334,-52.09678431729126,2,TRAILING_STOP,False
2024-12-05 14:30:00,2024-12-05 14:45:00,2024-12-05 15:15:00,32605,LONG,103236.02,9.445149086529671,1.4451490865296712,29.44514908652967,-157.91968733393662,2,TRAILING_STOP,False
2024-12-05 15:30:00,2024-12-05 15:45:00,2024-12-05 16:30:00,32610,SHORT,101368.02,48.92035377626988,40.92035377626988,78.92035377626988,-62.24645603218805,3,TRAILING_STOP,False
2024-12-05 18:15:00,2024-12-05 18:30:00,2024-12-05 18:45:00,32619,LONG,101076.0,-11.292690648621358,-19.29269064862136,8.707309351378642,-89.37136412204696,1,TRAILING_STOP,False
2024-12-05 22:15:00,2024-12-05 22:30:00,2024-12-06 01:00:00,32644,SHORT,94112.33,-352.9728782615416,-360.9728782615416,0.0,-387.32225628671534,10,TIME_EXIT,False
2024-12-06 13:30:00,2024-12-06 13:45:00,2024-12-06 14:00:00,32696,LONG,98747.99,5.419251571601077,-2.5807484283989233,25.419251571601077,-40.68943580522529,1,TRAILING_STOP,False
2024-12-06 14:45:00,2024-12-06 15:00:00,2024-12-06 16:15:00,32705,LONG,99481.68,-18.15845490345489,-26.15845490345489,1.8415450965451112,-91.76161882268033,5,TRAILING_STOP,False
2024-12-06 17:30:00,2024-12-06 17:45:00,2024-12-06 18:15:00,32713,LONG,100636.01,92.33255372505342,84.33255372505342,112.33255372505342,-4.7478034949913885,2,TRAILING_STOP,False
2024-12-06 23:15:00,2024-12-06 23:30:00,2024-12-07 02:00:00,32744,SHORT,99404.25,-68.49103534305644,-76.49103534305644,0.0,-102.98855431231561,10,TIME_EXIT,False
2024-12-07 18:45:00,2024-12-07 19:00:00,2024-12-07 21:15:00,32821,LONG,100123.32,11.547096121062108,3.5470961210621077,31.547096121062108,-20.275995642175,9,TRAILING_STOP,False
2024-12-08 08:45:00,2024-12-08 09:00:00,2024-12-08 10:00:00,32872,SHORT,98980.02,2.564147794676842,-5.435852205323158,32.56414779467684,-43.196596646474475,4,TRAILING_STOP,False
2024-12-08 12:45:00,2024-12-08 13:00:00,2024-12-08 14:00:00,32888,LONG,99922.49,37.795797522659285,29.795797522659285,57.795797522659285,0.0,4,TRAILING_STOP,False
2024-12-08 23:00:00,2024-12-08 23:15:00,2024-12-08 23:45:00,32927,LONG,100458.01,68.89186636287194,60.89186636287194,88.89186636287194,-11.908458071187168,2,TRAILING_STOP,False
2024-12-09 00:15:00,2024-12-09 00:30:00,2024-12-09 01:15:00,32933,SHORT,100044.37,29.16075037505812,21.16075037505812,59.16075037505812,0.0,3,TRAILING_STOP,False
2024-12-09 03:45:00,2024-12-09 04:00:00,2024-12-09 06:00:00,32952,LONG,99090.84,26.830766597599023,18.830766597599023,46.83076659759902,-32.62662825342917,8,TRAILING_STOP,False
2024-12-09 14:45:00,2024-12-09 15:00:00,2024-12-09 17:30:00,32998,LONG,100156.26,-252.94574697577457,-260.94574697577457,0.0,-269.2053397361278,10,TIME_EXIT,False
2024-12-09 20:45:00,2024-12-09 21:00:00,2024-12-09 22:15:00,33017,SHORT,96252.0,116.96629680422245,108.96629680422245,146.96629680422245,-137.19403233179614,5,TRAILING_STOP,False
2024-12-10 03:15:00,2024-12-10 03:30:00,2024-12-10 04:15:00,33041,SHORT,95957.5,-24.007763853789438,-32.00776385378944,5.992236146210562,-103.14566344475364,3,TRAILING_STOP,False
2024-12-10 14:45:00,2024-12-10 15:00:00,2024-12-10 15:30:00,33086,SHORT,97820.01,134.47963969743898,126.47963969743898,164.47963969743898,0.0,2,TRAILING_STOP,False
2024-12-10 15:45:00,2024-12-10 16:00:00,2024-12-10 16:45:00,33091,SHORT,95658.79,90.229411222951,82.229411222951,120.229411222951,-87.9385992651597,3,TRAILING_STOP,False
2024-12-10 17:00:00,2024-12-10 17:15:00,2024-12-10 17:30:00,33094,SHORT,95271.24,61.26363842855518,53.26363842855518,91.26363842855518,0.0,1,TRAILING_STOP,False
2024-12-10 21:15:00,2024-12-10 21:30:00,2024-12-10 23:15:00,33117,SHORT,96936.4,5.999892713160506,-2.0001072868394942,35.999892713160506,-19.829496453344788,7,TRAILING_STOP,False
2024-12-11 02:30:00,2024-12-11 02:45:00,2024-12-11 03:00:00,33132,LONG,97330.65,10.320356434483958,2.3203564344839585,30.32035643448396,-17.204241418299077,1,TRAILING_STOP,False
2024-12-11 05:15:00,2024-12-11 05:30:00,2024-12-11 08:00:00,33152,SHORT,97384.95,-16.02658829726752,-24.02658829726752,13.97341170273248,-52.83362572964345,10,TRAILING_STOP,False
2024-12-11 08:30:00,2024-12-11 08:45:00,2024-12-11 11:15:00,33165,LONG,98458.41,-0.8541677648464455,-8.854167764846446,0.0,-71.19452771987697,10,TIME_EXIT,False
2024-12-11 13:30:00,2024-12-11 13:45:00,2024-12-11 14:00:00,33176,LONG,98634.24,1.8747566767883797,-6.12524332321162,21.87475667678838,-18.48039788211465,1,TRAILING_STOP,False
2024-12-11 14:30:00,2024-12-11 14:45:00,2024-12-11 15:15:00,33181,LONG,98974.88,164.4023453223682,156.4023453223682,184.4023453223682,0.0,2,TRAILING_STOP,False
2024-12-11 15:30:00,2024-12-11 15:45:00,2024-12-11 18:15:00,33193,SHORT,100229.02,31.937151535554086,23.937151535554086,61.93715153555409,-85.99106326690513,10,TRAILING_STOP,False
2024-12-12 02:45:00,2024-12-12 03:00:00,2024-12-12 05:30:00,33238,LONG,101824.77,-92.78488917775104,-100.78488917775104,0.0,-123.03194988802862,10,TIME_EXIT,False
2024-12-12 13:15:00,2024-12-12 13:30:00,2024-12-12 14:30:00,33274,LONG,101254.06,13.576925211689876,5.5769252116898755,33.576925211689876,-61.691353413383546,4,TRAILING_STOP,False
2024-12-12 14:45:00,2024-12-12 15:00:00,2024-12-12 16:15:00,33281,LONG,101702.04,62.393627502457804,54.393627502457804,82.3936275024578,-98.52014767845235,5,TRAILING_STOP,False
2024-12-12 19:30:00,2024-12-12 19:45:00,2024-12-12 20:15:00,33297,LONG,99472.0,28.65690847675728,20.65690847675728,48.65690847675728,-0.670540453594806,2,TRAILING_STOP,False
2024-12-13 01:45:00,2024-12-13 02:00:00,2024-12-13 02:30:00,33322,SHORT,99323.94,-18.025042099618446,-26.025042099618446,11.974957900381552,-35.41140232656912,2,TRAILING_STOP,False
2024-12-13 07:45:00,2024-12-13 08:00:00,2024-12-13 09:00:00,33348,LONG,100130.01,3.161887230411569,-4.838112769588431,23.16188723041157,-15.452909672134851,4,TRAILING_STOP,False
2024-12-13 14:30:00,2024-12-13 14:45:00,2024-12-13 15:15:00,33373,LONG,100884.0,27.821260061060457,19.821260061060457,47.82126006106046,-18.04052178739939,2,TRAILING_STOP,False
2024-12-13 15:45:00,2024-12-13 16:00:00,2024-12-13 18:30:00,33386,SHORT,99873.16,-190.3013782681945,-198.3013782681945,0.0,-202.46680890040838,10,TIME_EXIT,False
2024-12-14 01:00:00,2024-12-14 01:15:00,2024-12-14 01:30:00,33414,LONG,101918.85,51.263559194398056,43.263559194398056,71.26355919439806,0.0,1,TRAILING_STOP,False
2024-12-14 13:15:00,2024-12-14 13:30:00,2024-12-14 16:00:00,33472,SHORT,101060.01,-37.879473789881104,-45.879473789881104,0.0,-67.52621536451444,10,TIME_EXIT,False
2024-12-15 01:15:00,2024-12-15 01:30:00,2024-12-15 02:00:00,33512,LONG,101585.08,40.234239122516755,32.234239122516755,60.234239122516755,0.0,2,TRAILING_STOP,False
2024-12-15 04:15:00,2024-12-15 04:30:00,2024-12-15 07:00:00,33532,LONG,102612.58,-81.3136167124932,-89.3136167124932,0.0,-87.37525165043134,10,TIME_EXIT,False
2024-12-15 11:45:00,2024-12-15 12:00:00,2024-12-15 12:45:00,33555,LONG,102671.44,47.06149246567486,39.06149246567486,67.06149246567486,-13.451647313021088,3,TRAILING_STOP,False
2024-12-15 23:00:00,2024-12-15 23:15:00,2024-12-15 23:30:00,33598,LONG,103640.02,106.56307862541874,98.56307862541874,126.56307862541874,0.0,1,TRAILING_STOP,False
2024-12-16 00:30:00,2024-12-16 00:45:00,2024-12-16 03:15:00,33613,LONG,105897.99,-91.84499158104983,-99.84499158104983,0.0,-137.08569917143907,10,TIME_EXIT,False
2024-12-16 11:30:00,2024-12-16 11:45:00,2024-12-16 12:00:00,33648,SHORT,104103.44,18.309642793744203,10.309642793744203,48.3096427937442,0.0,1,TRAILING_STOP,False
2024-12-16 14:30:00,2024-12-16 14:45:00,2024-12-16 16:30:00,33666,LONG,105388.32,151.48579652849526,143.48579652849526,171.48579652849526,-12.796484468108094,7,TRAILING_STOP,False
2024-12-17 07:30:00,2024-12-17 07:45:00,2024-12-17 08:15:00,33729,SHORT,106866.4,-19.438214443455067,-27.438214443455067,10.561785556544933,-43.35226039241597,2,TRAILING_STOP,False
2024-12-17 08:30:00,2024-12-17 08:45:00,2024-12-17 10:00:00,33736,LONG,107400.01,-13.101490400232638,-21.101490400232638,6.898509599767361,-25.392921285575408,5,TRAILING_STOP,False
2024-12-17 14:45:00,2024-12-17 15:00:00,2024-12-17 17:30:00,33766,LONG,108258.38,-81.87172207823558,-89.87172207823558,0.0,-233.92092141042562,10,TIME_EXIT,False
2024-12-18 01:45:00,2024-12-18 02:00:00,2024-12-18 02:15:00,33801,SHORT,105335.23,-24.756739981486163,-32.75673998148616,5.243260018513837,-25.13593979905907,1,TRAILING_STOP,False
2024-12-18 04:15:00,2024-12-18 04:30:00,2024-12-18 04:45:00,33811,SHORT,104040.0,20.271049596309503,12.271049596309503,50.2710495963095,-4.301230296039985,1,TRAILING_STOP,False
2024-12-18 06:45:00,2024-12-18 07:00:00,2024-12-18 08:15:00,33825,LONG,103794.65,36.29095526599917,28.290955265999173,56.29095526599917,0.0,5,TRAILING_STOP,False
2024-12-18 12:00:00,2024-12-18 12:15:00,2024-12-18 14:45:00,33851,LONG,105310.33,-122.53308863432568,-130.53308863432568,0.0,-138.18777322224653,10,TIME_EXIT,False
2024-12-18 15:00:00,2024-12-18 15:15:00,2024-12-18 16:00:00,33856,LONG,104122.21,22.94953017228476,14.94953017228476,42.94953017228476,-24.814110265236387,3,TRAILING_STOP,False
2024-12-18 16:15:00,2024-12-18 16:30:00,2024-12-18 19:00:00,33868,SHORT,103773.12,2.267508194799511,-5.732491805200489,32.26750819479951,-118.22522055807907,10,TRAILING_STOP,False
2024-12-18 19:45:00,2024-12-18 20:00:00,2024-12-18 20:15:00,33873,SHORT,102817.82,127.34821065064472,119.34821065064472,157.34821065064472,0.0,1,TRAILING_STOP,False
2024-12-18 20:30:00,2024-12-18 20:45:00,2024-12-18 23:15:00,33885,SHORT,100373.22,-22.705225557175396,-30.705225557175396,7.294774442824606,-136.71276063475855,10,TRAILING_STOP,False
2024-12-19 02:00:00,2024-12-19 02:15:00,2024-12-19 02:30:00,33898,SHORT,99144.0,-7.811062696683081,-15.81106269668308,22.18893730331692,-50.284434761558295,1,TRAILING_STOP,False
2024-12-19 10:30:00,2024-12-19 10:45:00,2024-12-19 11:30:00,33934,LONG,102483.39,-17.008295685768836,-25.008295685768836,2.9917043142311637,-29.957049625309505,3,TRAILING_STOP,False
2024-12-19 14:30:00,2024-12-19 14:45:00,2024-12-19 15:00:00,33948,SHORT,101720.34,103.73333199633393,95.73333199633393,133.73333199633393,0.0,1,TRAILING_STOP,False
2024-12-19 15:15:00,2024-12-19 15:30:00,2024-12-19 16:15:00,33953,SHORT,99916.23,-21.369770456711997,-29.369770456711997,8.630229543288005,-83.4469034710381,3,TRAILING_STOP,False
2024-12-19 18:15:00,2024-12-19 18:30:00,2024-12-19 19:00:00,33964,LONG,98459.85,41.36613045825195,33.36613045825195,61.36613045825195,-36.547892364248554,2,TRAILING_STOP,False
2024-12-20 07:00:00,2024-12-20 07:15:00,2024-12-20 07:45:00,34015,LONG,98039.83,-0.2967834603550159,-8.296783460355016,19.703216539644984,-38.60777808366199,2,TRAILING_STOP,False
2024-12-20 08:30:00,2024-12-20 08:45:00,2024-12-20 10:15:00,34025,SHORT,96050.45,183.4763553944825,175.4763553944825,213.4763553944825,0.0,6,TRAILING_STOP,False
2024-12-20 11:30:00,2024-12-20 11:45:00,2024-12-20 12:15:00,34033,SHORT,93150.0,68.49275362318909,60.49275362318909,98.49275362318909,-68.03864734299505,2,TRAILING_STOP,False
2024-12-20 15:15:00,2024-12-20 15:30:00,2024-12-20 16:00:00,34048,SHORT,97065.34,-4.489349133275031,-12.48934913327503,25.51065086672497,-52.197828802742926,2,TRAILING_STOP,False
2024-12-21 05:45:00,2024-12-21 06:00:00,2024-12-21 06:15:00,34105,LONG,98691.98,-8.847118073828593,-16.847118073828593,11.152881926171407,-37.83286139359957,1,TRAILING_STOP,False
2024-12-21 06:45:00,2024-12-21 07:00:00,2024-12-21 07:45:00,34111,LONG,98726.76,62.43459017595694,54.43459017595694,82.43459017595694,-7.16725637506941,3,TRAILING_STOP,False
2024-12-21 12:45:00,2024-12-21 13:00:00,2024-12-21 13:30:00,34134,SHORT,97132.0,45.52711773668828,37.52711773668828,75.52711773668828,-30.678869991352514,2,TRAILING_STOP,False
2024-12-22 03:15:00,2024-12-22 03:30:00,2024-12-22 06:00:00,34200,LONG,97160.38,-85.82510690057045,-93.82510690057045,0.0,-130.72200829185783,10,TIME_EXIT,False
2024-12-22 14:15:00,2024-12-22 14:30:00,2024-12-22 15:00:00,34236,SHORT,95848.01,41.13867048465495,33.13867048465495,71.13867048465495,-38.78849440901265,2,TRAILING_STOP,False
2024-12-22 19:45:00,2024-12-22 20:00:00,2024-12-22 20:15:00,34257,SHORT,94836.55,8.86159924628246,0.8615992462824593,38.86159924628246,-33.6283848368586,1,TRAILING_STOP,False
2024-12-22 22:00:00,2024-12-22 22:15:00,2024-12-23 00:45:00,34275,SHORT,94661.0,28.53973653352526,20.53973653352526,34.61510019965966,-122.85946693992247,10,TIME_EXIT,False
2024-12-23 05:15:00,2024-12-23 05:30:00,2024-12-23 06:00:00,34296,LONG,95713.52,-14.254730157245216,-22.254730157245216,5.745269842754784,-65.92590054153268,2,TRAILING_STOP,False
2024-12-23 10:15:00,2024-12-23 10:30:00,2024-12-23 10:45:00,34315,SHORT,96156.33,-17.101213201460702,-25.101213201460702,12.898786798539298,-30.03858404329663,1,TRAILING_STOP,False
2024-12-23 13:30:00,2024-12-23 13:45:00,2024-12-23 14:00:00,34328,SHORT,95120.54,-1.248060618664411,-9.248060618664411,28.75193938133559,-29.799031838971022,1,TRAILING_STOP,False
2024-12-23 14:30:00,2024-12-23 14:45:00,2024-12-23 15:00:00,34332,SHORT,94290.41,55.63012929946994,47.63012929946994,85.63012929946994,-14.898651941379397,1,TRAILING_STOP,False
2024-12-24 13:15:00,2024-12-24 13:30:00,2024-12-24 15:15:00,34429,LONG,94767.41,293.8705595098569,285.8705595098569,313.8705595098569,0.0,7,TRAILING_STOP,False
2024-12-25 10:00:00,2024-12-25 10:15:00,2024-12-25 10:30:00,34506,LONG,98625.34,32.038350387436985,24.038350387436985,52.038350387436985,0.0,1,TRAILING_STOP,False
2024-12-25 11:45:00,2024-12-25 12:00:00,2024-12-25 14:30:00,34522,SHORT,97907.61,-88.24850284875752,-96.24850284875752,0.0,-94.50542199937256,10,TIME_EXIT,False
2024-12-25 19:30:00,2024-12-25 19:45:00,2024-12-25 20:30:00,34546,LONG,99206.66,-0.5113890539207269,-8.511389053920727,19.488610946079273,-25.969022644246326,3,TRAILING_STOP,False
2024-12-25 21:00:00,2024-12-25 21:15:00,2024-12-25 22:15:00,34553,SHORT,98941.65,26.29984945672461,18.29984945672461,56.29984945672461,0.0,4,TRAILING_STOP,False
2024-12-26 00:00:00,2024-12-26 00:15:00,2024-12-26 02:45:00,34571,LONG,99718.03,-97.04263110693246,-105.04263110693246,0.0,-125.33039411227881,10,TIME_EXIT,False
2024-12-26 08:00:00,2024-12-26 08:15:00,2024-12-26 08:30:00,34594,SHORT,96702.37,82.32299684071883,74.32299684071883,112.32299684071883,0.0,1,TRAILING_STOP,False
2024-12-26 14:45:00,2024-12-26 15:00:00,2024-12-26 15:15:00,34621,SHORT,95449.36,-27.904648077263168,-35.90464807726317,2.0953519227368314,-80.13778196103185,1,TRAILING_STOP,False
2024-12-27 02:00:00,2024-12-27 02:15:00,2024-12-27 02:30:00,34666,LONG,96271.96,-2.204579609681531,-10.20457960968153,17.79542039031847,-17.466144867104475,1,TRAILING_STOP,False
2024-12-27 04:00:00,2024-12-27 04:15:00,2024-12-27 04:45:00,34675,LONG,96481.35,-8.118947340601048,-16.118947340601046,11.881052659398952,-26.1148916344979,2,TRAILING_STOP,False
2024-12-27 07:30:00,2024-12-27 07:45:00,2024-12-27 10:15:00,34697,SHORT,94900.01,-177.59007612327983,-185.59007612327983,0.0,-278.6690960306545,10,TIME_EXIT,False
2024-12-27 14:30:00,2024-12-27 14:45:00,2024-12-27 15:45:00,34719,SHORT,95380.86,113.60847658534428,105.60847658534428,143.60847658534428,-35.360343783858106,4,TRAILING_STOP,False
2024-12-27 17:15:00,2024-12-27 17:30:00,2024-12-27 20:00:00,34736,SHORT,93766.37,-68.50217194075093,-76.50217194075093,0.0,-111.30856404060557,10,TIME_EXIT,False
2024-12-28 22:15:00,2024-12-28 22:30:00,2024-12-28 22:45:00,34843,LONG,95246.51,31.180877913533052,23.180877913533052,51.18087791353305,-10.839242298745717,1,TRAILING_STOP,False
2024-12-29 13:00:00,2024-12-29 13:15:00,2024-12-29 14:00:00,34904,LONG,94989.68,5.465924298303644,-2.5340757016963558,25.465924298303644,-19.968484997527423,3,TRAILING_STOP,False
2024-12-29 14:15:00,2024-12-29 14:30:00,2024-12-29 14:45:00,34907,SHORT,94657.26,19.047479295300704,11.047479295300704,49.047479295300704,-17.192553429077204,1,TRAILING_STOP,False
2024-12-29 16:00:00,2024-12-29 16:15:00,2024-12-29 16:45:00,34915,SHORT,94212.29,34.9904593126856,26.9904593126856,64.9904593126856,0.0,2,TRAILING_STOP,False
2024-12-29 19:30:00,2024-12-29 19:45:00,2024-12-29 20:30:00,34930,SHORT,93459.79,-17.71771261202346,-25.71771261202346,12.282287387976542,-23.534185129242392,3,TRAILING_STOP,False
2024-12-29 21:45:00,2024-12-29 22:00:00,2024-12-29 22:30:00,34938,SHORT,93352.65,-1.6472965684430996,-9.6472965684431,28.3527034315569,-44.7507381954352,2,TRAILING_STOP,False
2024-12-30 07:30:00,2024-12-30 07:45:00,2024-12-30 10:15:00,34985,LONG,93597.07,34.50108000175628,26.50108000175628,50.37444014005894,0.0,10,TIME_EXIT,False
2024-12-30 13:00:00,2024-12-30 13:15:00,2024-12-30 14:00:00,35000,SHORT,93397.77,56.91428071569689,48.91428071569689,86.91428071569689,0.0,3,TRAILING_STOP,False
2024-12-30 14:30:00,2024-12-30 14:45:00,2024-12-30 15:30:00,35006,SHORT,92468.16,71.4089606627845,63.408960662784494,101.4089606627845,0.0,3,TRAILING_STOP,False
2024-12-30 21:30:00,2024-12-30 21:45:00,2024-12-30 22:00:00,35032,SHORT,92666.66,47.55324298944231,39.55324298944231,77.55324298944231,0.0,1,TRAILING_STOP,False
2024-12-31 06:00:00,2024-12-31 06:15:00,2024-12-31 08:30:00,35074,LONG,92840.26,184.80554449115053,176.80554449115053,204.80554449115053,-24.605704464850465,9,TRAILING_STOP,False
2024-12-31 13:15:00,2024-12-31 13:30:00,2024-12-31 13:45:00,35095,LONG,95744.0,4.01717078876975,-3.98282921123025,24.01717078876975,-19.315048462566114,1,TRAILING_STOP,False
2024-12-31 14:30:00,2024-12-31 14:45:00,2024-12-31 15:00:00,35100,SHORT,95756.0,58.441455365721694,50.441455365721694,88.4414553657217,-7.027235891222858,1,TRAILING_STOP,False
2024-12-31 17:30:00,2024-12-31 17:45:00,2024-12-31 18:00:00,35112,LONG,93719.14,54.43303470347698,46.43303470347698,74.43303470347698,0.0,1,TRAILING_STOP,False
2025-01-01 00:45:00,2025-01-01 01:00:00,2025-01-01 03:30:00,35150,LONG,94401.13,-57.63596262036387,-65.63596262036387,0.0,-87.113364003164,10,TIME_EXIT,False
2025-01-01 06:30:00,2025-01-01 06:45:00,2025-01-01 08:15:00,35169,LONG,93720.01,-11.465003044706755,-19.465003044706755,8.534996955293245,-44.38859961709296,6,TRAILING_STOP,False
2025-01-01 09:15:00,2025-01-01 09:30:00,2025-01-01 09:45:00,35175,SHORT,93141.91,-19.98624786629305,-27.98624786629305,10.01375213370695,-32.69956564128784,1,TRAILING_STOP,False
2025-01-01 12:15:00,2025-01-01 12:30:00,2025-01-01 13:00:00,35188,LONG,93888.3,-18.75383833768456,-26.75383833768456,1.246161662315442,-25.61128489918407,2,TRAILING_STOP,False
2025-01-01 14:00:00,2025-01-01 14:15:00,2025-01-01 15:00:00,35196,LONG,94245.18,-17.81739501160622,-25.81739501160622,2.1826049883937815,-60.873139613081236,3,TRAILING_STOP,False
2025-01-01 19:45:00,2025-01-01 20:00:00,2025-01-01 21:15:00,35221,LONG,94627.08,35.382666357240694,27.382666357240694,55.382666357240694,-4.993285220256189,5,TRAILING_STOP,False
2025-01-02 00:15:00,2025-01-02 00:30:00,2025-01-02 00:45:00,35235,LONG,94928.71,27.718967212341838,19.718967212341838,47.71896721234184,0.0,1,TRAILING_STOP,False
2025-01-02 01:00:00,2025-01-02 01:15:00,2025-01-02 03:45:00,35247,LONG,95337.0,-34.264766040466796,-42.264766040466796,0.0,-66.84812821884448,10,TIME_EXIT,False
2025-01-02 04:30:00,2025-01-02 04:45:00,2025-01-02 07:15:00,35261,LONG,95812.79,-4.121579175388869,-12.12157917538887,2.422432328711689,-45.16620380222724,10,TIME_EXIT,False
2025-01-02 09:45:00,2025-01-02 10:00:00,2025-01-02 11:15:00,35277,LONG,96755.51,-7.507688192640408,-15.507688192640408,12.492311807359592,-29.56420776449717,5,TRAILING_STOP,False
2025-01-02 14:00:00,2025-01-02 14:15:00,2025-01-02 14:30:00,35290,SHORT,96368.06,-19.559818886049943,-27.559818886049943,10.440181113950057,-111.32837996323738,1,TRAILING_STOP,False
2025-01-02 14:45:00,2025-01-02 15:00:00,2025-01-02 16:45:00,35299,LONG,97256.48,20.462085405517875,12.462085405517875,40.462085405517875,-125.07547054962325,7,TRAILING_STOP,False
2025-01-03 07:30:00,2025-01-03 07:45:00,2025-01-03 09:15:00,35365,SHORT,96384.83,-0.44970666026936357,-8.449706660269364,29.550293339730636,-19.27585492447241,6,TRAILING_STOP,False
2025-01-03 14:30:00,2025-01-03 14:45:00,2025-01-03 15:00:00,35388,LONG,97251.99,0.3605088183794223,-7.639491181620578,20.360508818379422,-38.189449902259966,1,TRAILING_STOP,False
2025-01-03 16:15:00,2025-01-03 16:30:00,2025-01-03 16:45:00,35395,LONG,98066.0,-11.279342483633057,-19.27934248363306,8.720657516366943,-35.25074949523814,1,TRAILING_STOP,False
2025-01-04 09:45:00,2025-01-04 10:00:00,2025-01-04 12:15:00,35473,SHORT,97690.37,-20.749344075573127,-28.749344075573127,9.250655924426875,-33.43215917802398,9,TRAILING_STOP,False
2025-01-04 15:30:00,2025-01-04 15:45:00,2025-01-04 17:30:00,35494,SHORT,97637.63,-21.023952547803606,-29.023952547803606,8.976047452196394,-27.803829322772494,7,TRAILING_STOP,False
2025-01-05 08:00:00,2025-01-05 08:15:00,2025-01-05 10:45:00,35563,SHORT,97951.02,21.800691815154977,13.800691815154977,35.836278172499284,0.0,10,TIME_EXIT,False
2025-01-05 14:15:00,2025-01-05 14:30:00,2025-01-05 17:00:00,35588,SHORT,97484.97,-54.300678350724816,-62.300678350724816,0.0,-86.94365910970609,10,TIME_EXIT,False
2025-01-05 20:15:00,2025-01-05 20:30:00,2025-01-05 23:00:00,35612,LONG,98482.49,15.982030917374303,7.982030917374303,35.9820309173743,-32.605796218190726,10,TRAILING_STOP,False
2025-01-06 01:45:00,2025-01-06 02:00:00,2025-01-06 02:15:00,35625,LONG,98759.42,7.291573806326408,-0.708426193673592,27.291573806326408,-11.08248711869684,1,TRAILING_STOP,False
2025-01-06 11:15:00,2025-01-06 11:30:00,2025-01-06 12:45:00,35667,LONG,99248.69,26.795579871130016,18.795579871130016,46.795579871130016,-10.70643854342151,5,TRAILING_STOP,False
2025-01-06 14:15:00,2025-01-06 14:30:00,2025-01-06 17:00:00,35684,SHORT,99055.0,-287.21518348392254,-295.21518348392254,0.0,-345.7675029024279,10,TIME_EXIT,False
2025-01-07 00:30:00,2025-01-07 00:45:00,2025-01-07 03:15:00,35725,SHORT,102056.5,39.29098097622446,31.29098097622446,41.104682210344265,-1.5089680716068237,10,TIME_EXIT,False
2025-01-07 10:00:00,2025-01-07 10:15:00,2025-01-07 11:45:00,35759,SHORT,101436.01,64.99190672030552,56.99190672030552,94.99190672030552,-13.597735163282504,6,TRAILING_STOP,False
2025-01-07 12:00:00,2025-01-07 12:15:00,2025-01-07 13:30:00,35766,LONG,100718.09,4.024482592948413,-3.975517407051587,24.024482592948413,-10.172949070022263,5,TRAILING_STOP,False
2025-01-07 14:45:00,2025-01-07 15:00:00,2025-01-07 15:15:00,35773,SHORT,99979.69,156.62690392418693,148.62690392418693,186.62690392418693,0.0,1,TRAILING_STOP,False
2025-01-07 15:30:00,2025-01-07 15:45:00,2025-01-07 17:30:00,35782,SHORT,97568.36,48.74991441897822,40.74991441897822,78.74991441897822,-79.88757830919747,7,TRAILING_STOP,False
2025-01-08 03:00:00,2025-01-08 03:15:00,2025-01-08 03:45:00,35823,SHORT,96639.19,13.704836516117382,5.704836516117382,43.70483651611738,-16.640247088163473,2,TRAILING_STOP,False
2025-01-08 06:30:00,2025-01-08 06:45:00,2025-01-08 07:00:00,35836,SHORT,95774.0,24.632781339403728,16.632781339403728,54.63278133940373,0.0,1,TRAILING_STOP,False
2025-01-08 11:30:00,2025-01-08 11:45:00,2025-01-08 14:15:00,35865,SHORT,94784.0,-69.11293045239721,-77.11293045239721,0.0,-95.07722822417212,10,TIME_EXIT,False
2025-01-08 14:30:00,2025-01-08 14:45:00,2025-01-08 15:30:00,35870,SHORT,95356.59,46.78126912885659,38.78126912885659,76.7812691288566,-75.79234953766809,3,TRAILING_STOP,False
2025-01-08 17:00:00,2025-01-08 17:15:00,2025-01-08 17:30:00,35878,SHORT,93859.54,114.75246735707415,106.75246735707415,144.75246735707415,0.0,1,TRAILING_STOP,False
2025-01-09 02:00:00,2025-01-09 02:15:00,2025-01-09 04:15:00,35921,SHORT,94079.21,-0.001873952810495183,-8.001873952810495,29.998126047189505,-84.96138519870624,8,TRAILING_STOP,False
2025-01-09 07:30:00,2025-01-09 07:45:00,2025-01-09 08:30:00,35938,SHORT,93621.66,63.10452303452038,55.10452303452038,93.10452303452038,0.0,3,TRAILING_STOP,False
2025-01-09 13:15:00,2025-01-09 13:30:00,2025-01-09 14:00:00,35960,SHORT,92872.02,85.42981406025238,77.42981406025238,115.42981406025238,0.0,2,TRAILING_STOP,False
2025-01-09 19:45:00,2025-01-09 20:00:00,2025-01-09 20:30:00,35986,SHORT,91909.59,46.80591328935297,38.80591328935297,76.80591328935297,-11.267594600302067,2,TRAILING_STOP,False
2025-01-10 02:45:00,2025-01-10 03:00:00,2025-01-10 03:45:00,36015,SHORT,93364.36,-24.453986510484427,-32.45398651048443,5.546013489515575,-38.930272750758554,3,TRAILING_STOP,False
2025-01-10 05:30:00,2025-01-10 05:45:00,2025-01-10 06:15:00,36025,LONG,94102.29,-15.78968800865421,-23.78968800865421,4.210311991345789,-23.553093128764395,2,TRAILING_STOP,False
2025-01-10 07:30:00,2025-01-10 07:45:00,2025-01-10 09:45:00,36039,LONG,94811.13,-0.021332938443169525,-8.02133293844317,19.97866706155683,-44.57599018174392,8,TRAILING_STOP,False
2025-01-10 13:30:00,2025-01-10 13:45:00,2025-01-10 14:00:00,36056,SHORT,93548.0,-12.033822208918739,-20.03382220891874,17.96617779108126,-89.54226707144932,1,TRAILING_STOP,False
2025-01-10 14:30:00,2025-01-10 14:45:00,2025-01-10 15:15:00,36061,SHORT,94295.21,191.55844395489464,183.55844395489464,221.55844395489464,0.0,2,TRAILING_STOP,False
2025-01-11 04:30:00,2025-01-11 04:45:00,2025-01-11 07:15:00,36125,SHORT,93974.02,-22.757353574956205,-30.757353574956205,0.0,-49.78503633238115,10,TIME_EXIT,False
2025-01-11 10:45:00,2025-01-11 11:00:00,2025-01-11 12:00:00,36144,LONG,94488.87,12.046102361050878,4.0461023610508775,32.04610236105088,0.0,4,TRAILING_STOP,False
2025-01-11 17:00:00,2025-01-11 17:15:00,2025-01-11 19:45:00,36175,SHORT,94111.18,-14.672008150360218,-22.67200815036022,6.611329280961796,-22.974953666503932,10,TIME_EXIT,False
2025-01-11 20:45:00,2025-01-11 21:00:00,2025-01-11 22:00:00,36184,LONG,94586.12,29.142516893599932,21.142516893599932,49.14251689359993,0.0,4,TRAILING_STOP,False
2025-01-12 08:30:00,2025-01-12 08:45:00,2025-01-12 10:45:00,36235,SHORT,94267.03,28.96441205371554,20.96441205371554,58.96441205371554,0.0,8,TRAILING_STOP,False
2025-01-12 15:15:00,2025-01-12 15:30:00,2025-01-12 18:00:00,36264,LONG,95267.19,-7.963917063156301,-15.963917063156302,4.92614508730582,-49.93954371909251,10,TIME_EXIT,False
2025-01-12 22:00:00,2025-01-12 22:15:00,2025-01-12 23:00:00,36284,SHORT,94043.21,-4.138483788462093,-12.138483788462093,25.861516211537907,-21.988828326892882,3,TRAILING_STOP,False
2025-01-13 00:15:00,2025-01-13 00:30:00,2025-01-13 00:45:00,36291,LONG,95261.67,34.665218445152185,26.665218445152185,54.665218445152185,0.0,1,TRAILING_STOP,False
2025-01-13 06:45:00,2025-01-13 07:00:00,2025-01-13 07:30:00,36318,SHORT,93637.38,-12.039224079100936,-20.039224079100936,17.960775920899064,-33.09789317044093,2,TRAILING_STOP,False
2025-01-13 08:15:00,2025-01-13 08:30:00,2025-01-13 09:30:00,36326,SHORT,93237.24,33.61513918687475,25.61513918687475,63.61513918687475,-8.429035436913031,4,TRAILING_STOP,False
2025-01-13 10:00:00,2025-01-13 10:15:00,2025-01-13 12:00:00,36336,SHORT,92652.98,196.43416326166695,188.43416326166695,226.43416326166695,0.0,7,TRAILING_STOP,False
2025-01-13 14:30:00,2025-01-13 14:45:00,2025-01-13 15:15:00,36349,LONG,91245.67,183.2238899665049,175.2238899665049,203.2238899665049,0.0,2,TRAILING_STOP,False
2025-01-13 20:45:00,2025-01-13 21:00:00,2025-01-13 21:45:00,36375,LONG,93575.53,75.80175501009732,67.80175501009732,95.80175501009732,-6.135150931018343,3,TRAILING_STOP,False
2025-01-14 08:00:00,2025-01-14 08:15:00,2025-01-14 08:45:00,36419,LONG,95536.46,9.647319986525634,1.647319986525634,29.647319986525634,-30.213595940231478,2,TRAILING_STOP,False
2025-01-14 09:00:00,2025-01-14 09:15:00,2025-01-14 09:45:00,36423,LONG,95861.46,137.47100033736118,129.47100033736118,157.47100033736118,0.0,2,TRAILING_STOP,False
2025-01-14 13:15:00,2025-01-14 13:30:00,2025-01-14 13:45:00,36439,LONG,95898.66,62.48811818642751,54.48811818642751,82.48811818642751,0.0,1,TRAILING_STOP,False
2025-01-15 00:15:00,2025-01-15 00:30:00,2025-01-15 01:00:00,36484,LONG,97208.21,-19.409514895913556,-27.409514895913556,0.5904851040864435,-45.48895612829434,2,TRAILING_STOP,False
2025-01-15 01:45:00,2025-01-15 02:00:00,2025-01-15 04:00:00,36496,LONG,97349.61,18.556908445756058,10.556908445756058,38.55690844575606,-61.9314242758645,8,TRAILING_STOP,False
2025-01-15 13:30:00,2025-01-15 13:45:00,2025-01-15 14:00:00,36536,LONG,98512.0,75.31833685236316,67.31833685236316,95.31833685236316,0.0,1,TRAILING_STOP,False
2025-01-15 20:00:00,2025-01-15 20:15:00,2025-01-15 22:45:00,36571,LONG,100245.7,-53.09354914973816,-61.09354914973816,0.0,-78.29762274092498,10,TIME_EXIT,False
2025-01-16 00:30:00,2025-01-16 00:45:00,2025-01-16 03:15:00,36589,SHORT,99848.2,30.866855887236536,22.866855887236536,37.72927303646948,-35.23348442936407,10,TIME_EXIT,False
2025-01-16 06:30:00,2025-01-16 06:45:00,2025-01-16 08:15:00,36609,LONG,99810.42,-16.034482171300176,-24.034482171300176,3.9655178286998236,-40.09501212398488,6,TRAILING_STOP,False
2025-01-16 08:30:00,2025-01-16 08:45:00,2025-01-16 09:15:00,36613,SHORT,99052.08,10.65235177292574,2.6523517729257406,40.65235177292574,-2.817709633154952,2,TRAILING_STOP,False
2025-01-16 11:15:00,2025-01-16 11:30:00,2025-01-16 12:00:00,36624,SHORT,99064.8,-12.04710452148434,-20.04710452148434,17.95289547851566,-24.106443459230487,2,TRAILING_STOP,False
2025-01-16 13:30:00,2025-01-16 13:45:00,2025-01-16 14:30:00,36634,LONG,99391.59,-16.642573078868153,-24.642573078868153,3.357426921131848,-117.65985431966651,3,TRAILING_STOP,False
2025-01-16 14:45:00,2025-01-16 15:00:00,2025-01-16 17:30:00,36646,SHORT,97618.88,-243.50822299948442,-251.50822299948442,0.0,-280.9558970559782,10,TIME_EXIT,False
2025-01-17 01:30:00,2025-01-17 01:45:00,2025-01-17 02:15:00,36681,LONG,101635.5,30.438085117897252,22.438085117897252,50.43808511789725,-16.543432166910126,2,TRAILING_STOP,False
2025-01-17 08:30:00,2025-01-17 08:45:00,2025-01-17 09:15:00,36709,LONG,101964.61,11.715906136452581,3.715906136452581,31.71590613645258,0.0,2,TRAILING_STOP,False
2025-01-17 10:30:00,2025-01-17 10:45:00,2025-01-17 11:45:00,36719,LONG,102372.23,-13.038151068897875,-21.038151068897875,6.961848931102124,-28.287944885052962,4,TRAILING_STOP,False
2025-01-17 14:30:00,2025-01-17 14:45:00,2025-01-17 17:15:00,36741,SHORT,102546.34,-240.74676872914276,-248.74676872914276,0.0,-265.5287355940747,10,TIME_EXIT,False
2025-01-18 03:30:00,2025-01-18 03:45:00,2025-01-18 04:15:00,36785,SHORT,103291.07,30.462148373523874,22.462148373523874,60.462148373523874,-42.1294890255265,2,TRAILING_STOP,False
2025-01-18 05:45:00,2025-01-18 06:00:00,2025-01-18 08:00:00,36800,SHORT,102829.27,23.653983928895066,15.653983928895066,53.653983928895066,-78.54183930314777,8,TRAILING_STOP,False
2025-01-18 13:45:00,2025-01-18 14:00:00,2025-01-18 14:15:00,36825,LONG,104365.81,-5.993497295713263,-13.993497295713263,14.006502704286737,-18.137165801711653,1,TRAILING_STOP,False
2025-01-19 02:15:00,2025-01-19 02:30:00,2025-01-19 02:45:00,36875,LONG,105190.61,-17.53495107595697,-25.53495107595697,2.4650489240430318,-35.135265400590086,1,TRAILING_STOP,False
2025-01-19 09:00:00,2025-01-19 09:15:00,2025-01-19 11:45:00,36911,SHORT,104121.85,-23.18245401901619,-31.18245401901619,0.0,-131.97806224149812,10,TIME_EXIT,False
2025-01-19 19:45:00,2025-01-19 20:00:00,2025-01-19 21:00:00,36948,LONG,106200.0,0.9444444444437892,-7.055555555556211,20.94444444444379,-67.2316384180791,4,TRAILING_STOP,False
2025-01-19 21:15:00,2025-01-19 21:30:00,2025-01-19 22:00:00,36952,SHORT,104390.01,130.49141100762378,122.49141100762378,160.49141100762378,-14.709261930332502,2,TRAILING_STOP,False
2025-01-19 22:45:00,2025-01-19 23:00:00,2025-01-20 01:30:00,36966,LONG,103414.0,-322.17494729920566,-330.17494729920566,0.0,-373.64380064594735,10,TIME_EXIT,False
2025-01-20 05:00:00,2025-01-20 05:15:00,2025-01-20 06:15:00,36985,SHORT,102485.74,-4.14859862454988,-12.14859862454988,25.85140137545012,-29.27334085698115,4,TRAILING_STOP,False
2025-01-20 06:30:00,2025-01-20 06:45:00,2025-01-20 07:00:00,36988,LONG,104689.92,439.458752093803,431.458752093803,459.458752093803,0.0,1,TRAILING_STOP,False
2025-01-20 12:15:00,2025-01-20 12:30:00,2025-01-20 12:45:00,37011,SHORT,106655.98,-12.664825732228099,-20.6648257322281,17.3351742677719,-64.8439965579057,1,TRAILING_STOP,False
2025-01-20 15:45:00,2025-01-20 16:00:00,2025-01-20 16:15:00,37025,SHORT,104957.99,29.641957701362728,21.641957701362728,59.64195770136273,-66.85055611297379,1,TRAILING_STOP,False
2025-01-20 17:00:00,2025-01-20 17:15:00,2025-01-20 17:30:00,37030,SHORT,104231.73,344.04444884489556,336.04444884489556,374.04444884489556,-50.05193715963431,1,TRAILING_STOP,False
2025-01-20 17:45:00,2025-01-20 18:00:00,2025-01-20 18:15:00,37033,LONG,102963.31,89.59340759344309,81.59340759344309,109.59340759344309,0.0,1,TRAILING_STOP,False
2025-01-20 23:45:00,2025-01-21 00:00:00,2025-01-21 00:30:00,37058,SHORT,102260.0,29.44259730099752,21.44259730099752,59.44259730099752,-26.048308233913097,2,TRAILING_STOP,False
2025-01-21 00:45:00,2025-01-21 01:00:00,2025-01-21 01:30:00,37062,SHORT,101187.75,75.61653955147797,67.61653955147797,105.61653955147797,-95.09550316120281,2,TRAILING_STOP,False
2025-01-21 12:00:00,2025-01-21 12:15:00,2025-01-21 14:30:00,37114,SHORT,103977.99,38.42121106591958,30.42121106591958,68.42121106591958,-129.0667380663922,9,TRAILING_STOP,False
2025-01-21 14:45:00,2025-01-21 15:00:00,2025-01-21 15:15:00,37117,SHORT,103260.9,-6.67074371809715,-14.67074371809715,23.32925628190285,-54.79615227060792,1,TRAILING_STOP,False
2025-01-21 16:00:00,2025-01-21 16:15:00,2025-01-21 17:45:00,37127,LONG,106043.45,13.623010190634396,5.623010190634396,33.623010190634396,-115.15845627429069,6,TRAILING_STOP,False
2025-01-22 13:30:00,2025-01-22 13:45:00,2025-01-22 14:00:00,37208,SHORT,104620.0,57.93729688396101,49.93729688396101,87.93729688396101,0.0,1,TRAILING_STOP,False
2025-01-22 14:45:00,2025-01-22 15:00:00,2025-01-22 15:15:00,37213,LONG,104393.67,52.349214277072434,44.349214277072434,72.34921427707243,-0.8678687127291982,1,TRAILING_STOP,False
2025-01-23 01:45:00,2025-01-23 02:00:00,2025-01-23 02:30:00,37258,SHORT,102931.94,50.824280587736155,42.824280587736155,80.82428058773615,0.0,2,TRAILING_STOP,False
2025-01-23 04:15:00,2025-01-23 04:30:00,2025-01-23 07:00:00,37276,SHORT,101809.99,-56.97967360570417,-64.97967360570416,0.0,-113.772725053798,10,TIME_EXIT,False
2025-01-23 10:30:00,2025-01-23 10:45:00,2025-01-23 13:15:00,37301,SHORT,101290.18,-23.00420435623763,-31.00420435623763,0.8450967309958055,-89.33245058899153,10,TIME_EXIT,False
2025-01-23 13:30:00,2025-01-23 13:45:00,2025-01-23 14:00:00,37304,LONG,102164.9,16.226727574734625,8.226727574734625,36.226727574734625,0.0,1,TRAILING_STOP,False
2025-01-23 14:30:00,2025-01-23 14:45:00,2025-01-23 15:00:00,37308,LONG,104940.94,61.0989495615341,53.0989495615341,81.0989495615341,-218.92790363798886,1,TRAILING_STOP,False
2025-01-23 15:15:00,2025-01-23 15:30:00,2025-01-23 16:15:00,37313,LONG,104217.41,232.6055867249048,224.6055867249048,252.6055867249048,0.0,3,TRAILING_STOP,False
2025-01-23 20:00:00,2025-01-23 20:15:00,2025-01-23 20:30:00,37330,LONG,104846.03,74.2868318428459,66.2868318428459,94.2868318428459,-37.39197373519947,1,TRAILING_STOP,False
2025-01-23 20:45:00,2025-01-23 21:00:00,2025-01-23 21:15:00,37333,SHORT,103284.01,75.37061835612286,67.37061835612286,105.37061835612286,-0.5489717140144205,1,TRAILING_STOP,False
2025-01-24 03:30:00,2025-01-24 03:45:00,2025-01-24 04:45:00,37363,LONG,104110.82,58.14557603138532,50.14557603138532,78.14557603138532,-29.39656031909103,4,TRAILING_STOP,False
2025-01-24 14:30:00,2025-01-24 14:45:00,2025-01-24 17:15:00,37413,LONG,106221.99,24.123065289964035,16.123065289964035,26.022860238261234,-90.61212278173285,10,TIME_EXIT,False
2025-01-25 13:00:00,2025-01-25 13:15:00,2025-01-25 15:30:00,37502,LONG,104820.0,7.772371684793036,-0.2276283152069638,27.772371684793036,-33.08910513260795,9,TRAILING_STOP,False
2025-01-25 17:15:00,2025-01-25 17:30:00,2025-01-25 18:00:00,37512,LONG,104780.01,9.97422886292977,1.9742288629297704,29.97422886292977,-20.67760825752822,2,TRAILING_STOP,False
2025-01-26 03:30:00,2025-01-26 03:45:00,2025-01-26 04:30:00,37554,LONG,105084.13,19.574957702937198,11.574957702937198,39.5749577029372,-10.021494206594056,3,TRAILING_STOP,False
2025-01-26 09:30:00,2025-01-26 09:45:00,2025-01-26 11:45:00,37583,SHORT,104629.15,-17.656403593071893,-25.656403593071893,12.343596406928107,-20.887104597524512,8,TRAILING_STOP,False
2025-01-26 13:00:00,2025-01-26 13:15:00,2025-01-26 14:00:00,37592,LONG,104992.62,-14.597715534672707,-22.59771553467271,5.402284465327293,-17.965072211741678,3,TRAILING_STOP,False
2025-01-26 18:00:00,2025-01-26 18:15:00,2025-01-26 20:00:00,37616,LONG,105086.18,-3.803769439519865,-11.803769439519865,16.196230560480135,-12.007287732791601,7,TRAILING_STOP,False
2025-01-26 21:00:00,2025-01-26 21:15:00,2025-01-26 22:30:00,37626,SHORT,104744.18,10.084327358330178,2.084327358330178,40.08432735833018,-16.539343761152672,5,TRAILING_STOP,False
2025-01-26 23:00:00,2025-01-26 23:15:00,2025-01-27 00:00:00,37632,SHORT,103349.67,70.29543393800898,62.29543393800898,100.29543393800898,0.0,3,TRAILING_STOP,False
2025-01-27 00:45:00,2025-01-27 01:00:00,2025-01-27 01:15:00,37637,SHORT,101728.0,19.15067631330607,11.150676313306072,49.15067631330607,-20.2500786410821,1,TRAILING_STOP,False
2025-01-27 02:00:00,2025-01-27 02:15:00,2025-01-27 03:30:00,37646,LONG,101559.99,9.361956416104125,1.3619564161041247,29.361956416104125,-82.65656583857543,5,TRAILING_STOP,False
2025-01-27 05:45:00,2025-01-27 06:00:00,2025-01-27 08:30:00,37666,LONG,100374.07,-154.85573116642632,-162.85573116642632,0.0,-258.66242147997013,10,TIME_EXIT,False
2025-01-27 12:45:00,2025-01-27 13:00:00,2025-01-27 13:15:00,37685,LONG,100619.68,84.05320311096304,76.05320311096304,104.05320311096304,-0.18386065230889911,1,TRAILING_STOP,False
2025-01-27 14:30:00,2025-01-27 14:45:00,2025-01-27 15:00:00,37692,LONG,101224.01,68.36638659148265,60.36638659148265,88.36638659148265,0.0,1,TRAILING_STOP,False
2025-01-27 21:00:00,2025-01-27 21:15:00,2025-01-27 21:45:00,37719,SHORT,102295.12,101.10302817964293,93.10302817964293,131.10302817964293,0.0,2,TRAILING_STOP,False
2025-01-28 14:00:00,2025-01-28 14:15:00,2025-01-28 16:30:00,37794,SHORT,101962.97,-24.436215422128647,-32.43621542212865,5.563784577871351,-180.16638785629712,9,TRAILING_STOP,False
2025-01-29 09:15:00,2025-01-29 09:30:00,2025-01-29 10:15:00,37865,SHORT,102350.0,-13.453834880312083,-21.453834880312083,16.546165119687917,-34.196384953590616,3,TRAILING_STOP,False
2025-01-29 12:00:00,2025-01-29 12:15:00,2025-01-29 14:45:00,37883,LONG,102775.67,-72.55997455428948,-80.55997455428948,0.0,-116.10724600481835,10,TIME_EXIT,False
2025-01-29 19:00:00,2025-01-29 19:15:00,2025-01-29 19:30:00,37902,SHORT,102048.01,26.238235316886062,18.238235316886062,56.23823531688606,-191.18354194266067,1,TRAILING_STOP,False
2025-01-29 19:45:00,2025-01-29 20:00:00,2025-01-29 20:15:00,37905,LONG,103584.0,86.69311862835943,78.69311862835943,106.69311862835943,-54.255483472350946,1,TRAILING_STOP,False
2025-01-30 03:45:00,2025-01-30 04:00:00,2025-01-30 05:00:00,37940,LONG,105196.0,18.00619795429462,10.00619795429462,38.00619795429462,-33.61629719761252,4,TRAILING_STOP,False
2025-01-30 13:15:00,2025-01-30 13:30:00,2025-01-30 14:45:00,37979,LONG,105259.14,71.48279189816698,63.48279189816698,91.48279189816698,-56.92047265444117,5,TRAILING_STOP,False
2025-01-30 15:00:00,2025-01-30 15:15:00,2025-01-30 17:45:00,37991,LONG,106236.47,-88.14863671581016,-96.14863671581016,0.0,-125.78825331828153,10,TIME_EXIT,False
2025-01-31 03:00:00,2025-01-31 03:15:00,2025-01-31 03:45:00,38031,SHORT,104218.91,-8.995174676073326,-16.995174676073326,21.004825323926674,-15.241955610550068,2,TRAILING_STOP,False
2025-01-31 07:45:00,2025-01-31 08:00:00,2025-01-31 09:45:00,38055,SHORT,104188.57,-5.810206436270949,-13.81020643627095,24.18979356372905,-13.548511127467144,7,TRAILING_STOP,False
2025-01-31 14:30:00,2025-01-31 14:45:00,2025-01-31 15:00:00,38076,SHORT,104485.12,-26.063554312806446,-34.063554312806446,3.9364456871935554,-47.50915728478933,1,TRAILING_STOP,False
2025-01-31 15:15:00,2025-01-31 15:30:00,2025-01-31 15:45:00,38079,LONG,105166.24,60.421245449109406,52.421245449109406,80.4212454491094,0.0,1,TRAILING_STOP,False
2025-01-31 18:30:00,2025-01-31 18:45:00,2025-01-31 19:15:00,38093,SHORT,103096.27,62.871449180460274,54.871449180460274,92.87144918046027,0.0,2,TRAILING_STOP,False
2025-02-01 08:15:00,2025-02-01 08:30:00,2025-02-01 10:00:00,38152,SHORT,102009.27,28.550561140179134,20.550561140179134,58.550561140179134,-4.300589544459571,6,TRAILING_STOP,False
2025-02-01 19:30:00,2025-02-01 19:45:00,2025-02-01 20:45:00,38195,SHORT,101557.32,24.877383530798852,16.877383530798852,54.87738353079885,-11.055825419575747,4,TRAILING_STOP,False
2025-02-01 22:15:00,2025-02-01 22:30:00,2025-02-01 23:30:00,38206,SHORT,100730.0,14.72252556338779,6.722525563387791,44.72252556338779,-23.645388662761146,4,TRAILING_STOP,False
2025-02-02 03:00:00,2025-02-02 03:15:00,2025-02-02 04:15:00,38225,SHORT,99976.63,64.56610009759304,56.566100097593036,94.56610009759304,0.0,4,TRAILING_STOP,False
2025-02-02 11:30:00,2025-02-02 11:45:00,2025-02-02 12:00:00,38256,SHORT,98828.0,-22.1074998988141,-30.1074998988141,7.892500101185899,-34.220059092565094,1,TRAILING_STOP,False
2025-02-02 12:45:00,2025-02-02 13:00:00,2025-02-02 15:30:00,38270,SHORT,98178.0,-96.66422212715668,-104.66422212715668,0.0,-128.4452728717231,10,TIME_EXIT,False
2025-02-02 17:15:00,2025-02-02 17:30:00,2025-02-02 18:00:00,38280,SHORT,97848.0,54.72324421551795,46.72324421551795,84.72324421551795,0.0,2,TRAILING_STOP,False
2025-02-02 18:30:00,2025-02-02 18:45:00,2025-02-02 19:00:00,38284,SHORT,97044.37,-9.18065726017969,-17.18065726017969,20.81934273982031,-54.79658428407584,1,TRAILING_STOP,False
2025-02-02 22:30:00,2025-02-02 22:45:00,2025-02-02 23:15:00,38301,SHORT,97159.99,33.492184385774365,25.492184385774365,63.492184385774365,-85.8872052168795,2,TRAILING_STOP,False
2025-02-03 00:15:00,2025-02-03 00:30:00,2025-02-03 00:45:00,38307,SHORT,97073.99,121.379375670043,113.379375670043,151.379375670043,0.0,1,TRAILING_STOP,False
2025-02-03 01:15:00,2025-02-03 01:30:00,2025-02-03 01:45:00,38311,SHORT,95161.49,302.2236757747283,294.2236757747283,332.2236757747283,0.0,1,TRAILING_STOP,False
2025-02-03 02:00:00,2025-02-03 02:15:00,2025-02-03 02:30:00,38314,LONG,94046.03,-6.131259341834252,-14.131259341834252,13.868740658165748,-85.3337456137169,1,TRAILING_STOP,False
2025-02-03 08:15:00,2025-02-03 08:30:00,2025-02-03 08:45:00,38339,SHORT,95390.39,14.351427853475855,6.351427853475855,44.351427853475855,-2.241315922914736,1,TRAILING_STOP,False
2025-02-03 14:30:00,2025-02-03 14:45:00,2025-02-03 15:00:00,38364,LONG,96150.85,64.5806355326032,56.580635532603196,84.5806355326032,0.0,1,TRAILING_STOP,False
2025-02-03 15:15:00,2025-02-03 15:30:00,2025-02-03 15:45:00,38367,LONG,98340.0,97.95810453528574,89.95810453528574,117.95810453528574,0.0,1,TRAILING_STOP,False
2025-02-04 04:00:00,2025-02-04 04:15:00,2025-02-04 05:15:00,38421,SHORT,100269.77,156.0062110444655,148.0062110444655,186.0062110444655,-6.724858349629506,4,TRAILING_STOP,False
2025-02-04 05:30:00,2025-02-04 05:45:00,2025-02-04 08:00:00,38432,SHORT,98760.86,36.189176562456254,28.189176562456254,66.18917656245625,-92.41920331597004,9,TRAILING_STOP,False
2025-02-04 14:00:00,2025-02-04 14:15:00,2025-02-04 15:15:00,38461,SHORT,98683.4,11.285565758779924,3.2855657587799243,41.285565758779924,-175.47024119558162,4,TRAILING_STOP,False
2025-02-04 19:45:00,2025-02-04 20:00:00,2025-02-04 20:15:00,38481,SHORT,98859.78,60.44628664963591,52.44628664963591,90.44628664963591,0.0,1,TRAILING_STOP,False
2025-02-05 14:30:00,2025-02-05 14:45:00,2025-02-05 17:15:00,38565,LONG,98789.32,-119.57972784912447,-127.57972784912447,0.0,-148.02511040667164,10,TIME_EXIT,False
2025-02-05 22:15:00,2025-02-05 22:30:00,2025-02-05 23:00:00,38588,SHORT,96530.87,0.04116714166055857,-7.958832858339441,30.04116714166056,-30.449326728331318,2,TRAILING_STOP,False
2025-02-06 14:30:00,2025-02-06 14:45:00,2025-02-06 15:00:00,38652,SHORT,98107.84,17.510983831668838,9.510983831668838,47.51098383166884,0.0,1,TRAILING_STOP,False
2025-02-06 15:30:00,2025-02-06 15:45:00,2025-02-06 17:15:00,38661,SHORT,97178.89,56.240952124479065,48.240952124479065,86.24095212447907,-37.95268704962641,6,TRAILING_STOP,False
2025-02-07 01:45:00,2025-02-07 02:00:00,2025-02-07 03:15:00,38701,LONG,97404.01,17.779758759419174,9.779758759419174,37.779758759419174,-36.59192265287623,5,TRAILING_STOP,False
2025-02-07 06:30:00,2025-02-07 06:45:00,2025-02-07 08:30:00,38722,SHORT,96757.93,-15.04618691201974,-23.046186912019742,14.95381308798026,-47.08761338734723,7,TRAILING_STOP,False
2025-02-07 13:30:00,2025-02-07 13:45:00,2025-02-07 14:15:00,38745,LONG,98337.99,147.7896812818723,139.7896812818723,167.7896812818723,0.0,2,TRAILING_STOP,False
2025-02-07 14:30:00,2025-02-07 14:45:00,2025-02-07 17:15:00,38757,LONG,99923.34,-248.92482577143605,-256.9248257714361,0.0,-277.96608880367677,10,TIME_EXIT,False
2025-02-08 01:30:00,2025-02-08 01:45:00,2025-02-08 02:15:00,38793,SHORT,96650.01,-4.041389131775627,-12.041389131775627,25.958610868224373,-9.697877941244961,2,TRAILING_STOP,False
2025-02-08 13:00:00,2025-02-08 13:15:00,2025-02-08 13:45:00,38839,LONG,96185.47,14.521846179054165,6.521846179054165,34.521846179054165,-2.579391669032513,2,TRAILING_STOP,False
2025-02-08 14:15:00,2025-02-08 14:30:00,2025-02-08 16:45:00,38851,SHORT,96018.17,4.386200028598573,-3.613799971401427,34.38620002859857,-18.941206648699445,9,TRAILING_STOP,False
2025-02-08 19:00:00,2025-02-08 19:15:00,2025-02-08 21:45:00,38871,SHORT,96500.0,-2.835233160621822,-10.835233160621822,14.663212435233161,-25.906735751295336,10,TIME_EXIT,False
2025-02-08 23:45:00,2025-02-09 00:00:00,2025-02-09 01:00:00,38884,SHORT,96444.75,-21.227101527040034,-29.227101527040034,8.772898472959968,-28.7708765899643,4,TRAILING_STOP,False
2025-02-09 01:15:00,2025-02-09 01:30:00,2025-02-09 02:15:00,38889,LONG,96877.2,-2.927871573497228,-10.927871573497228,17.072128426502772,-27.26544532666091,3,TRAILING_STOP,False
2025-02-09 03:30:00,2025-02-09 03:45:00,2025-02-09 04:00:00,38896,LONG,97175.37,-4.798617180464435,-12.798617180464435,15.201382819535565,-10.029290343838346,1,TRAILING_STOP,False
2025-02-09 09:00:00,2025-02-09 09:15:00,2025-02-09 11:45:00,38927,SHORT,97010.88,47.09471762342635,39.09471762342635,51.63544542632726,-0.9401007392155749,10,TIME_EXIT,False
2025-02-09 12:00:00,2025-02-09 12:15:00,2025-02-09 14:45:00,38939,LONG,96649.99,-54.03621873111516,-62.03621873111516,0.0,-98.29178461373924,10,TIME_EXIT,False
2025-02-09 21:30:00,2025-02-09 21:45:00,2025-02-09 22:00:00,38968,SHORT,95036.26,-2.9503244340641714,-10.950324434064171,27.04967556593583,-51.72025919370132,1,TRAILING_STOP,False
2025-02-10 03:30:00,2025-02-10 03:45:00,2025-02-10 04:30:00,38994,LONG,96996.98,-2.1623312395907526,-10.162331239590753,17.837668760409247,-37.54446787930905,3,TRAILING_STOP,False
2025-02-10 05:45:00,2025-02-10 06:00:00,2025-02-10 06:45:00,39003,SHORT,97015.26,-10.079422556823044,-18.079422556823044,19.920577443176956,-17.87553834314295,3,TRAILING_STOP,False
2025-02-10 13:45:00,2025-02-10 14:00:00,2025-02-10 16:30:00,39042,LONG,98215.71,-109.76044463762508,-117.76044463762508,0.0,-137.3833167830286,10,TIME_EXIT,False
2025-02-11 00:30:00,2025-02-11 00:45:00,2025-02-11 02:00:00,39080,LONG,98007.46,-10.557861615840917,-18.557861615840917,9.442138384159083,-22.890094284660684,5,TRAILING_STOP,False
2025-02-11 05:00:00,2025-02-11 05:15:00,2025-02-11 06:00:00,39096,LONG,98163.68,12.062775152684296,4.062775152684296,32.062775152684296,-5.216797088290889,3,TRAILING_STOP,False
2025-02-11 07:15:00,2025-02-11 07:30:00,2025-02-11 08:00:00,39104,LONG,98413.43,-18.521543248720942,-26.521543248720942,1.4784567512790594,-26.76768810923398,2,TRAILING_STOP,False
2025-02-11 13:15:00,2025-02-11 13:30:00,2025-02-11 14:00:00,39128,SHORT,97543.3,67.18453240765908,59.18453240765908,97.18453240765908,0.0,2,TRAILING_STOP,False
2025-02-11 15:00:00,2025-02-11 15:15:00,2025-02-11 17:45:00,39143,SHORT,96852.54,70.95838684251338,62.95838684251338,93.18702431552065,-26.773691221728644,10,TIME_EXIT,False
2025-02-12 02:45:00,2025-02-12 03:00:00,2025-02-12 03:15:00,39181,SHORT,95579.13,-9.46308990257516,-17.46308990257516,20.53691009742484,-19.202936875444838,1,TRAILING_STOP,False
2025-02-12 07:15:00,2025-02-12 07:30:00,2025-02-12 09:00:00,39204,LONG,96079.68,20.601717241356944,12.601717241356944,40.601717241356944,-13.82290199134694,6,TRAILING_STOP,False
2025-02-12 09:15:00,2025-02-12 09:30:00,2025-02-12 11:15:00,39213,SHORT,96139.99,-6.440604996942483,-14.440604996942483,23.559395003057517,-10.402539047486353,7,TRAILING_STOP,False
2025-02-12 13:15:00,2025-02-12 13:30:00,2025-02-12 16:00:00,39232,LONG,96505.42,-118.33221387980088,-126.33221387980088,0.0,-212.98492872213794,10,TIME_EXIT,False
2025-02-12 22:30:00,2025-02-12 22:45:00,2025-02-13 01:00:00,39268,SHORT,97833.26,0.581624286054435,-7.418375713945565,30.581624286054435,-17.044305791302467,9,TRAILING_STOP,False
2025-02-13 04:45:00,2025-02-13 05:00:00,2025-02-13 07:00:00,39292,SHORT,96927.46,86.31997784735165,78.31997784735165,116.31997784735165,0.0,8,TRAILING_STOP,False
2025-02-13 11:45:00,2025-02-13 12:00:00,2025-02-13 13:30:00,39318,SHORT,95925.12,0.057820099677933,-7.942179900322067,30.057820099677933,-39.24623706491075,6,TRAILING_STOP,False
2025-02-14 03:45:00,2025-02-14 04:00:00,2025-02-14 06:30:00,39386,LONG,97129.98,-47.46217388287324,-55.46217388287324,0.0,-58.542172046158704,10,TIME_EXIT,False
2025-02-14 13:30:00,2025-02-14 13:45:00,2025-02-14 14:15:00,39417,LONG,96726.86,-0.10790384387506435,-8.107903843875064,19.892096156124936,-13.540189353815595,2,TRAILING_STOP,False
2025-02-14 14:30:00,2025-02-14 14:45:00,2025-02-14 15:00:00,39420,LONG,97105.38,11.297956920615338,3.297956920615338,31.297956920615338,-53.21332350483675,1,TRAILING_STOP,False
2025-02-14 15:15:00,2025-02-14 15:30:00,2025-02-14 18:00:00,39432,SHORT,96428.01,-213.62879934989954,-221.62879934989954,0.0,-248.68189232568477,10,TIME_EXIT,False
2025-02-15 04:00:00,2025-02-15 04:15:00,2025-02-15 06:45:00,39483,LONG,97775.03,-29.293777767186395,-37.2937777671864,0.0,-34.36357933104242,10,TIME_EXIT,False
2025-02-15 12:30:00,2025-02-15 12:45:00,2025-02-15 13:30:00,39510,LONG,97729.48,3.8443916820184505,-4.1556083179815495,23.84439168201845,-5.341274710557867,3,TRAILING_STOP,False
2025-02-15 14:30:00,2025-02-15 14:45:00,2025-02-15 17:15:00,39525,SHORT,97479.07,7.5965025107444,-0.40349748925560025,12.214929830578706,-24.943816144326586,10,TIME_EXIT,False
2025-02-15 23:00:00,2025-02-15 23:15:00,2025-02-16 01:45:00,39559,SHORT,97441.5,-20.679074111133346,-28.679074111133346,0.0,-26.987474536003774,10,TIME_EXIT,False
2025-02-16 08:30:00,2025-02-16 08:45:00,2025-02-16 09:45:00,39591,SHORT,97179.99,-17.815392860196475,-25.815392860196475,12.184607139803523,-19.114017196338462,4,TRAILING_STOP,False
2025-02-16 12:30:00,2025-02-16 12:45:00,2025-02-16 14:45:00,39611,SHORT,97165.26,23.50780721422337,15.50780721422337,53.50780721422337,-4.854615734059504,8,TRAILING_STOP,False
2025-02-16 23:00:00,2025-02-16 23:15:00,2025-02-17 00:15:00,39649,SHORT,96337.49,2.626965888358413,-5.373034111641587,32.62696588835841,-11.004023459610039,4,TRAILING_STOP,False
2025-02-17 05:00:00,2025-02-17 05:15:00,2025-02-17 07:15:00,39677,LONG,96237.37,3.4659363613118046,-4.534063638688195,23.465936361311805,-22.260583388760097,8,TRAILING_STOP,False
2025-02-17 11:00:00,2025-02-17 11:15:00,2025-02-17 13:45:00,39703,LONG,96238.67,18.0052363566536,10.005236356653601,28.262028143157554,-25.838885761825082,10,TIME_EXIT,False
2025-02-17 14:00:00,2025-02-17 14:15:00,2025-02-17 16:45:00,39715,LONG,96925.21,-164.09146805046967,-172.09146805046967,0.0,-167.34552341955202,10,TIME_EXIT,False
2025-02-17 21:45:00,2025-02-17 22:00:00,2025-02-18 00:30:00,39746,SHORT,96409.33,81.20272176977014,73.20272176977014,90.37714503357786,0.0,10,TIME_EXIT,False
2025-02-18 05:15:00,2025-02-18 05:30:00,2025-02-18 07:15:00,39773,SHORT,95869.99,34.24012352562151,26.240123525621513,64.24012352562151,0.0,7,TRAILING_STOP,False
2025-02-18 08:45:00,2025-02-18 09:00:00,2025-02-18 11:30:00,39790,SHORT,95238.89,-40.99690788080343,-48.99690788080343,0.0,-66.49384510886244,10,TIME_EXIT,False
2025-02-18 13:00:00,2025-02-18 13:15:00,2025-02-18 14:15:00,39801,LONG,96350.0,21.921120913337155,13.921120913337155,41.921120913337155,-25.14063310845832,4,TRAILING_STOP,False
2025-02-18 14:30:00,2025-02-18 14:45:00,2025-02-18 15:45:00,39807,SHORT,95941.32,47.26806343710999,39.26806343710999,77.26806343710999,0.0,4,TRAILING_STOP,False
2025-02-18 16:30:00,2025-02-18 16:45:00,2025-02-18 18:00:00,39816,SHORT,94671.66,67.3617659181222,59.3617659181222,97.3617659181222,-21.873494137527718,5,TRAILING_STOP,False
2025-02-19 05:15:00,2025-02-19 05:30:00,2025-02-19 08:00:00,39872,SHORT,95109.55,-65.97970445659756,-73.97970445659756,0.0,-77.4475328713038,10,TIME_EXIT,False
2025-02-19 10:00:00,2025-02-19 10:15:00,2025-02-19 12:30:00,39890,LONG,96371.29,-7.163189368949363,-15.163189368949363,12.836810631050637,-24.932736710279467,9,TRAILING_STOP,False
2025-02-19 14:30:00,2025-02-19 14:45:00,2025-02-19 15:15:00,39901,SHORT,96005.47,18.862840836048257,10.862840836048257,48.86284083604826,-17.663576877442686,2,TRAILING_STOP,False
2025-02-20 02:45:00,2025-02-20 03:00:00,2025-02-20 05:00:00,39956,LONG,97134.52,1.0625429558921482,-6.937457044107852,21.062542955892148,-15.980930363377558,8,TRAILING_STOP,False
2025-02-20 14:00:00,2025-02-20 14:15:00,2025-02-20 14:30:00,39994,LONG,97732.77,13.702104217448266,5.702104217448266,33.702104217448266,-0.37449056237774625,1,TRAILING_STOP,False
2025-02-20 14:45:00,2025-02-20 15:00:00,2025-02-20 16:00:00,40000,SHORT,96966.92,-17.942279697035005,-25.942279697035005,12.057720302964997,-72.15966022227028,4,TRAILING_STOP,False
2025-02-21 09:30:00,2025-02-21 09:45:00,2025-02-21 12:15:00,40081,SHORT,98214.71,-65.98604221302361,-73.98604221302361,0.0,-69.77366221414275,10,TIME_EXIT,False
2025-02-21 13:00:00,2025-02-21 13:15:00,2025-02-21 14:00:00,40088,LONG,99316.82,-4.073191227830996,-12.073191227830996,15.926808772169004,-24.536629344354996,3,TRAILING_STOP,False
2025-02-21 14:30:00,2025-02-21 14:45:00,2025-02-21 15:00:00,40092,SHORT,98646.7,-26.07690880688385,-34.07690880688385,3.9230911931161496,-65.51258176908192,1,TRAILING_STOP,False
2025-02-21 15:15:00,2025-02-21 15:30:00,2025-02-21 15:45:00,40095,SHORT,98216.0,50.686446200211904,42.686446200211904,80.6864462002119,-9.570742037957157,1,TRAILING_STOP,False
2025-02-22 09:00:00,2025-02-22 09:15:00,2025-02-22 11:45:00,40175,LONG,96369.68,21.824291623673236,13.824291623673236,25.09606755983893,-1.1570029079679605,10,TIME_EXIT,False
2025-02-22 12:00:00,2025-02-22 12:15:00,2025-02-22 14:45:00,40187,SHORT,96646.0,11.392090722844795,3.392090722844795,15.285681766446197,-34.55911263787431,10,TIME_EXIT,False
2025-02-23 12:15:00,2025-02-23 12:30:00,2025-02-23 13:45:00,40279,SHORT,95814.65,-13.55157588114226,-21.55157588114226,16.44842411885774,-17.220748601596938,5,TRAILING_STOP,False
2025-02-23 15:45:00,2025-02-23 16:00:00,2025-02-23 17:30:00,40294,SHORT,95436.19,-8.179137285342176,-16.179137285342176,21.820862714657824,-17.303708373102427,6,TRAILING_STOP,False
2025-02-23 22:15:00,2025-02-23 22:30:00,2025-02-24 01:00:00,40324,SHORT,95615.31,-53.98926176153182,-61.98926176153182,0.0,-92.52597727288676,10,TIME_EXIT,False
2025-02-24 04:30:00,2025-02-24 04:45:00,2025-02-24 05:30:00,40342,SHORT,95256.0,-28.321365583269795,-36.321365583269795,1.6786344167302047,-49.47404887881121,3,TRAILING_STOP,False
2025-02-24 14:30:00,2025-02-24 14:45:00,2025-02-24 15:00:00,40380,SHORT,95140.5,70.1150929414918,62.115092941491795,100.1150929414918,0.0,1,TRAILING_STOP,False
2025-02-24 15:45:00,2025-02-24 16:00:00,2025-02-24 16:45:00,40387,LONG,94323.95,42.235519186802385,34.235519186802385,62.235519186802385,-0.41982974631489145,3,TRAILING_STOP,False
2025-02-24 22:00:00,2025-02-24 22:15:00,2025-02-24 23:30:00,40414,SHORT,93166.07,137.34311107037217,129.34311107037217,167.34311107037217,-47.98206042178218,5,TRAILING_STOP,False
2025-02-25 00:00:00,2025-02-25 00:15:00,2025-02-25 02:45:00,40427,SHORT,91006.61,-150.54620757766853,-158.54620757766853,0.0,-168.15481864449103,10,TIME_EXIT,False
2025-02-25 06:15:00,2025-02-25 06:30:00,2025-02-25 07:00:00,40444,SHORT,91560.0,134.91808650065587,126.91808650065587,164.91808650065587,-14.089121887287023,2,TRAILING_STOP,False
2025-02-25 07:15:00,2025-02-25 07:30:00,2025-02-25 07:45:00,40447,SHORT,89405.59,21.87259543838249,13.87259543838249,51.87259543838249,-19.930521122896494,1,TRAILING_STOP,False
2025-02-25 14:45:00,2025-02-25 15:00:00,2025-02-25 15:15:00,40477,SHORT,87157.25,74.58338233480337,66.58338233480337,104.58338233480337,-2.084737643741428,1,TRAILING_STOP,False
2025-02-26 12:45:00,2025-02-26 13:00:00,2025-02-26 13:15:00,40565,SHORT,87938.81,17.799145792397745,9.799145792397745,47.799145792397745,0.0,1,TRAILING_STOP,False
2025-02-26 14:00:00,2025-02-26 14:15:00,2025-02-26 14:30:00,40570,SHORT,86490.79,67.90522204734096,59.905222047340956,97.90522204734096,-45.94708870158415,1,TRAILING_STOP,False
2025-02-26 14:45:00,2025-02-26 15:00:00,2025-02-26 15:15:00,40573,LONG,87621.21,64.93149090271557,56.93149090271557,84.93149090271557,-0.059346361457924914,1,TRAILING_STOP,False
2025-02-26 18:30:00,2025-02-26 18:45:00,2025-02-26 19:00:00,40588,SHORT,84752.01,76.0753603365861,68.0753603365861,106.0753603365861,-10.694731605775418,1,TRAILING_STOP,False
2025-02-26 20:15:00,2025-02-26 20:30:00,2025-02-26 20:45:00,40595,LONG,83520.85,111.60186947331044,103.60186947331044,131.60186947331044,0.0,1,TRAILING_STOP,False
2025-02-27 13:30:00,2025-02-27 13:45:00,2025-02-27 16:15:00,40673,LONG,86609.71,-195.32451961795178,-203.32451961795178,0.0,-227.3370964987651,10,TIME_EXIT,False
2025-02-27 23:45:00,2025-02-28 00:00:00,2025-02-28 01:30:00,40710,SHORT,84708.57,394.69964963403424,386.69964963403424,424.69964963403424,-9.378035776071744,6,TRAILING_STOP,False
2025-02-28 01:45:00,2025-02-28 02:00:00,2025-02-28 02:30:00,40714,SHORT,81661.55,227.96106000927034,219.96106000927034,257.96106000927034,-98.02042699409907,2,TRAILING_STOP,False
2025-02-28 02:45:00,2025-02-28 03:00:00,2025-02-28 03:15:00,40717,LONG,80805.5,56.795515156765674,48.795515156765674,76.79551515676567,-6.655487559633792,1,TRAILING_STOP,False
2025-02-28 13:30:00,2025-02-28 13:45:00,2025-02-28 14:00:00,40760,LONG,81502.07,87.78131156668631,79.78131156668631,107.78131156668631,0.0,1,TRAILING_STOP,False
2025-02-28 14:30:00,2025-02-28 14:45:00,2025-02-28 15:30:00,40766,LONG,82332.81,234.22185881910283,226.22185881910283,254.22185881910283,-40.63386151887722,3,TRAILING_STOP,False
2025-03-01 01:30:00,2025-03-01 01:45:00,2025-03-01 02:45:00,40811,LONG,84518.85,117.15993532803566,109.15993532803566,137.15993532803566,-18.991029811693995,4,TRAILING_STOP,False
2025-03-01 07:00:00,2025-03-01 07:15:00,2025-03-01 08:00:00,40832,SHORT,85000.01,0.5717611092046475,-7.4282388907953525,30.571761109204648,-4.91999942117736,3,TRAILING_STOP,False
2025-03-01 13:15:00,2025-03-01 13:30:00,2025-03-01 14:00:00,40856,SHORT,84450.82,-21.328681000372704,-29.328681000372704,8.671318999627294,-48.28135475771469,2,TRAILING_STOP,False
2025-03-01 21:45:00,2025-03-01 22:00:00,2025-03-01 23:00:00,40892,LONG,86076.86,1.5946538942062531,-6.405346105793747,21.594653894206253,-47.46455667643983,4,TRAILING_STOP,False
2025-03-02 08:00:00,2025-03-02 08:15:00,2025-03-02 09:30:00,40934,SHORT,85766.01,-14.506682775613543,-22.50668277561354,15.493317224386457,-37.7340627131896,5,TRAILING_STOP,False
2025-03-02 14:15:00,2025-03-02 14:30:00,2025-03-02 15:15:00,40957,SHORT,85421.98,13.475929731433304,5.475929731433304,43.475929731433304,-219.85208022572223,3,TRAILING_STOP,False
2025-03-02 15:30:00,2025-03-02 15:45:00,2025-03-02 16:15:00,40961,LONG,88081.2,144.45734163476402,136.45734163476402,164.45734163476402,-91.13068395980099,2,TRAILING_STOP,False
2025-03-02 16:30:00,2025-03-02 16:45:00,2025-03-02 17:00:00,40964,LONG,91584.99,16.734185372514972,8.734185372514972,36.73418537251497,-103.61850779259846,1,TRAILING_STOP,False
2025-03-02 17:15:00,2025-03-02 17:30:00,2025-03-02 17:45:00,40967,LONG,92702.91,227.79049546556809,219.79049546556809,247.79049546556809,0.0,1,TRAILING_STOP,False
2025-03-03 06:45:00,2025-03-03 07:00:00,2025-03-03 07:15:00,41021,SHORT,91646.0,-29.508980206446545,-37.508980206446545,0.4910197935534557,-48.79645592824533,1,TRAILING_STOP,False
2025-03-03 08:45:00,2025-03-03 09:00:00,2025-03-03 09:15:00,41029,SHORT,91477.54,-7.582475436047748,-15.582475436047748,22.417524563952252,-51.43339009772235,1,TRAILING_STOP,False
2025-03-03 14:30:00,2025-03-03 14:45:00,2025-03-03 15:00:00,41052,SHORT,91363.33,215.86778962631965,207.86778962631965,245.86778962631965,0.0,1,TRAILING_STOP,False
2025-03-03 15:15:00,2025-03-03 15:30:00,2025-03-03 18:00:00,41064,LONG,91083.99,-187.36882299512843,-195.36882299512843,0.0,-200.6378947606495,10,TIME_EXIT,False
2025-03-03 18:15:00,2025-03-03 18:30:00,2025-03-03 18:45:00,41067,SHORT,87766.09,82.12872762133993,74.12872762133993,112.12872762133993,-17.55917348032715,1,TRAILING_STOP,False
2025-03-03 19:45:00,2025-03-03 20:00:00,2025-03-03 20:45:00,41075,SHORT,85606.01,17.426576708808177,9.426576708808177,47.42657670880818,-94.15109990525261,3,TRAILING_STOP,False
2025-03-04 01:30:00,2025-03-04 01:45:00,2025-03-04 02:00:00,41096,SHORT,83571.05,102.36760816096083,94.36760816096083,132.36760816096083,-32.884593408841035,1,TRAILING_STOP,False
2025-03-04 13:15:00,2025-03-04 13:30:00,2025-03-04 14:30:00,41146,SHORT,82568.01,31.276758395896564,23.276758395896564,61.276758395896564,-291.8369959503686,4,TRAILING_STOP,False
2025-03-04 14:45:00,2025-03-04 15:00:00,2025-03-04 15:15:00,41149,SHORT,83201.4,174.49175134072195,166.49175134072195,204.49175134072195,0.0,1,TRAILING_STOP,False
2025-03-04 18:45:00,2025-03-04 19:00:00,2025-03-04 21:00:00,41172,SHORT,86764.25,-9.025923695531752,-17.025923695531752,20.974076304468248,-239.24369772112348,8,TRAILING_STOP,False
2025-03-05 04:00:00,2025-03-05 04:15:00,2025-03-05 05:15:00,41205,LONG,87056.88,-3.8151792253531056,-11.815179225353106,16.184820774646894,-27.570480357210606,4,TRAILING_STOP,False
2025-03-05 09:15:00,2025-03-05 09:30:00,2025-03-05 10:00:00,41224,LONG,88621.21,-9.755274160667229,-17.755274160667227,10.244725839332771,-29.52114962095529,2,TRAILING_STOP,False
2025-03-05 10:15:00,2025-03-05 10:30:00,2025-03-05 10:45:00,41227,LONG,89612.02,37.45323004659322,29.45323004659322,57.45323004659322,-3.922464865763402,1,TRAILING_STOP,False
2025-03-05 14:30:00,2025-03-05 14:45:00,2025-03-05 15:30:00,41246,SHORT,89358.49,130.3015001708296,122.3015001708296,160.3015001708296,-21.512225643024617,3,TRAILING_STOP,False
2025-03-06 01:45:00,2025-03-06 02:00:00,2025-03-06 02:15:00,41289,LONG,91057.2,50.11087536186085,42.11087536186085,70.11087536186085,0.0,1,TRAILING_STOP,False
2025-03-06 12:45:00,2025-03-06 13:00:00,2025-03-06 14:15:00,41337,SHORT,90102.02,46.21915690680409,38.21915690680409,76.21915690680409,-40.95357684544697,5,TRAILING_STOP,False
2025-03-06 14:30:00,2025-03-06 14:45:00,2025-03-06 17:15:00,41349,SHORT,89292.91,73.66444547501125,65.66444547501125,103.66444547501125,-242.36190756914468,10,TRAILING_STOP,False
2025-03-06 22:00:00,2025-03-06 22:15:00,2025-03-06 22:45:00,41371,LONG,90437.41,9.680195397015268,1.680195397015268,29.680195397015268,-89.07818125264819,2,TRAILING_STOP,False
2025-03-07 00:00:00,2025-03-07 00:15:00,2025-03-07 02:45:00,41387,LONG,90218.0,-330.6435522844665,-338.6435522844665,0.0,-615.2840896495157,10,TIME_EXIT,False
2025-03-07 09:30:00,2025-03-07 09:45:00,2025-03-07 10:15:00,41417,SHORT,88930.21,-8.693404637185672,-16.693404637185672,21.306595362814328,-24.421397408146568,2,TRAILING_STOP,False
2025-03-07 12:30:00,2025-03-07 12:45:00,2025-03-07 15:15:00,41437,SHORT,88455.99,-85.40744385993484,-93.40744385993484,0.0,-298.90683491304486,10,TIME_EXIT,False
2025-03-07 15:30:00,2025-03-07 15:45:00,2025-03-07 16:00:00,41440,SHORT,88520.39,12.175593668305858,4.175593668305858,42.17559366830586,-52.29755539938339,1,TRAILING_STOP,False
2025-03-07 16:15:00,2025-03-07 16:30:00,2025-03-07 16:45:00,41443,SHORT,87476.22,67.48820879548843,59.48820879548843,97.48820879548843,0.0,1,TRAILING_STOP,False
2025-03-07 20:45:00,2025-03-07 21:00:00,2025-03-07 21:15:00,41461,SHORT,86986.73,55.41302794115791,47.41302794115791,85.4130279411579,-27.94449222312435,1,TRAILING_STOP,False
2025-03-08 13:15:00,2025-03-08 13:30:00,2025-03-08 14:45:00,41531,LONG,86349.99,12.001161783574233,4.001161783574233,32.00116178357423,-16.75275237437821,5,TRAILING_STOP,False
2025-03-09 06:00:00,2025-03-09 06:15:00,2025-03-09 08:45:00,41603,SHORT,85873.84,9.530259739170452,1.530259739170452,11.277008225088865,-32.87730000195656,10,TIME_EXIT,False
2025-03-09 09:45:00,2025-03-09 10:00:00,2025-03-09 11:30:00,41614,SHORT,85564.0,79.74124631854579,71.74124631854579,109.74124631854579,0.0,6,TRAILING_STOP,False
2025-03-09 12:00:00,2025-03-09 12:15:00,2025-03-09 12:30:00,41618,SHORT,84418.51,-28.974158629429855,-36.97415862942985,1.025841370570144,-45.74115321391001,1,TRAILING_STOP,False
2025-03-09 13:45:00,2025-03-09 14:00:00,2025-03-09 14:15:00,41625,SHORT,83489.96,28.684900555708296,20.684900555708296,58.684900555708296,-3.5980374167137694,1,TRAILING_STOP,False
2025-03-09 15:45:00,2025-03-09 16:00:00,2025-03-09 16:30:00,41634,SHORT,83080.4,41.27192454537895,33.27192454537895,71.27192454537895,-81.58602991800798,2,TRAILING_STOP,False
2025-03-09 21:15:00,2025-03-09 21:30:00,2025-03-09 21:45:00,41655,SHORT,82041.61,29.312585406356675,21.312585406356675,59.312585406356675,-36.8239969937207,1,TRAILING_STOP,False
2025-03-09 22:30:00,2025-03-09 22:45:00,2025-03-09 23:00:00,41660,SHORT,81121.46,108.24455329083159,100.24455329083159,138.2445532908316,0.0,1,TRAILING_STOP,False
2025-03-10 02:15:00,2025-03-10 02:30:00,2025-03-10 03:30:00,41678,SHORT,82146.03,13.119551851744,5.119551851743999,43.119551851744,-51.252629007147895,4,TRAILING_STOP,False
2025-03-10 08:30:00,2025-03-10 08:45:00,2025-03-10 09:00:00,41700,SHORT,81466.03,-12.727770090184602,-20.727770090184602,17.272229909815398,-59.53033430007589,1,TRAILING_STOP,False
2025-03-10 09:15:00,2025-03-10 09:30:00,2025-03-10 11:45:00,41711,LONG,83238.9,50.534329502193074,42.534329502193074,70.53432950219307,-193.21615254406268,9,TRAILING_STOP,False
2025-03-10 14:00:00,2025-03-10 14:15:00,2025-03-10 14:45:00,41723,SHORT,80162.28,92.9069332858297,84.9069332858297,122.9069332858297,-23.968879128687384,2,TRAILING_STOP,False
2025-03-10 17:00:00,2025-03-10 17:15:00,2025-03-10 17:45:00,41735,SHORT,78599.02,20.512080176063776,12.512080176063776,50.512080176063776,-67.81000577360835,2,TRAILING_STOP,False
2025-03-11 00:15:00,2025-03-11 00:30:00,2025-03-11 00:45:00,41763,SHORT,77309.01,60.93506694756469,52.93506694756469,90.93506694756469,-53.584957303166775,1,TRAILING_STOP,False
2025-03-11 04:30:00,2025-03-11 04:45:00,2025-03-11 05:00:00,41780,SHORT,79943.05,-2.082626319610327,-10.082626319610327,27.917373680389673,-45.90142607768869,1,TRAILING_STOP,False
2025-03-11 08:45:00,2025-03-11 09:00:00,2025-03-11 09:30:00,41798,LONG,81131.15,74.77247641627277,66.77247641627277,94.77247641627277,0.0,2,TRAILING_STOP,False
2025-03-11 13:00:00,2025-03-11 13:15:00,2025-03-11 14:00:00,41816,SHORT,80765.35,57.99194208902861,49.99194208902861,87.99194208902861,-129.87128762519927,3,TRAILING_STOP,False
2025-03-11 14:15:00,2025-03-11 14:30:00,2025-03-11 14:45:00,41819,SHORT,79910.21,49.53051305959693,41.53051305959693,79.53051305959693,-78.65077566433625,1,TRAILING_STOP,False
2025-03-12 01:30:00,2025-03-12 01:45:00,2025-03-12 04:15:00,41873,LONG,83346.4,-175.54087519076919,-183.54087519076919,0.0,-188.62602343952352,10,TIME_EXIT,False
2025-03-12 04:30:00,2025-03-12 04:45:00,2025-03-12 05:00:00,41876,LONG,81651.77,15.187234765394265,7.187234765394265,35.187234765394265,-4.258327774156528,1,TRAILING_STOP,False
2025-03-12 07:45:00,2025-03-12 08:00:00,2025-03-12 08:15:00,41889,LONG,82447.78,23.244342055056926,15.244342055056926,43.244342055056926,-54.275566910352865,1,TRAILING_STOP,False
2025-03-12 12:30:00,2025-03-12 12:45:00,2025-03-12 13:00:00,41908,LONG,83631.2,50.059977616009135,42.059977616009135,70.05997761600914,0.0,1,TRAILING_STOP,False
2025-03-12 13:30:00,2025-03-12 13:45:00,2025-03-12 16:15:00,41921,LONG,83495.26,-197.7836825707225,-205.7836825707225,0.0,-345.84118906869696,10,TIME_EXIT,False
2025-03-13 00:15:00,2025-03-13 00:30:00,2025-03-13 00:45:00,41955,LONG,83705.6,-4.088280831869341,-12.08828083186934,15.91171916813066,-31.88914481229542,1,TRAILING_STOP,False
2025-03-13 01:45:00,2025-03-13 02:00:00,2025-03-13 02:15:00,41961,LONG,83919.69,9.262500850514634,1.262500850514634,29.262500850514634,-2.919457876929717,1,TRAILING_STOP,False
2025-03-13 12:30:00,2025-03-13 12:45:00,2025-03-13 13:15:00,42005,SHORT,83007.22,34.14261313654494,26.142613136544938,64.14261313654494,0.0,2,TRAILING_STOP,False
2025-03-13 13:45:00,2025-03-13 14:00:00,2025-03-13 15:30:00,42014,SHORT,81777.15,70.62223983105312,62.62223983105312,100.62223983105312,-91.38371782337882,6,TRAILING_STOP,False
2025-03-14 02:45:00,2025-03-14 03:00:00,2025-03-14 05:30:00,42070,LONG,82226.98,-16.507963687829797,-24.507963687829797,0.0,-62.99878701613382,10,TIME_EXIT,False
2025-03-14 13:30:00,2025-03-14 13:45:00,2025-03-14 14:30:00,42106,SHORT,83266.56,45.176637536125085,37.176637536125085,75.17663753612509,-40.30309406321055,3,TRAILING_STOP,False
2025-03-14 15:00:00,2025-03-14 15:15:00,2025-03-14 15:30:00,42110,LONG,84258.24,104.7913557178504,96.7913557178504,124.7913557178504,0.0,1,TRAILING_STOP,False
2025-03-14 22:15:00,2025-03-14 22:30:00,2025-03-14 23:00:00,42140,LONG,84332.08,1.340633362772646,-6.659366637227354,21.340633362772646,-10.472882917154063,2,TRAILING_STOP,False
2025-03-15 07:15:00,2025-03-15 07:30:00,2025-03-15 08:30:00,42178,SHORT,83959.13,10.63048295045514,2.6304829504551392,40.63048295045514,-15.425362316164396,4,TRAILING_STOP,False
2025-03-15 09:00:00,2025-03-15 09:15:00,2025-03-15 11:00:00,42188,SHORT,83813.4,-12.560067960493399,-20.5600679604934,17.4399320395066,-22.263743029158324,7,TRAILING_STOP,False
2025-03-16 01:30:00,2025-03-16 01:45:00,2025-03-16 02:30:00,42250,SHORT,84007.38,2.559044217306152,-5.440955782693848,32.55904421730615,-14.642761147889003,3,TRAILING_STOP,False
2025-03-16 09:15:00,2025-03-16 09:30:00,2025-03-16 12:00:00,42288,SHORT,84016.84,164.64907273351272,156.64907273351272,194.64907273351272,-5.960709781515438,10,TRAILING_STOP,False
2025-03-16 16:00:00,2025-03-16 16:15:00,2025-03-16 16:30:00,42306,LONG,84149.15,6.423320972345632,-1.576679027654368,26.423320972345632,-42.66472091518329,1,TRAILING_STOP,False
2025-03-17 12:00:00,2025-03-17 12:15:00,2025-03-17 13:00:00,42388,SHORT,83358.5,30.616493818865933,22.616493818865933,60.61649381886593,-64.34976637055651,3,TRAILING_STOP,False
2025-03-17 13:30:00,2025-03-17 13:45:00,2025-03-17 15:15:00,42397,LONG,83423.2,-0.028337440903658973,-8.028337440903659,19.97166255909634,-115.93897141322763,6,TRAILING_STOP,False
2025-03-18 01:15:00,2025-03-18 01:30:00,2025-03-18 02:00:00,42440,SHORT,83351.66,10.343527651399391,2.3435276513993912,40.34352765139939,-2.6298216496226052,2,TRAILING_STOP,False
2025-03-18 06:30:00,2025-03-18 06:45:00,2025-03-18 09:15:00,42469,SHORT,82319.14,-95.75051440041848,-103.75051440041848,0.0,-137.65449930599414,10,TIME_EXIT,False
2025-03-18 13:30:00,2025-03-18 13:45:00,2025-03-18 14:15:00,42489,SHORT,81404.94,1.2831137766336411,-6.716886223366359,31.28311377663364,-27.447965688569063,2,TRAILING_STOP,False
2025-03-19 00:45:00,2025-03-19 01:00:00,2025-03-19 03:30:00,42542,LONG,83118.0,-23.674775620202464,-31.674775620202464,0.0,-68.67826463581854,10,TIME_EXIT,False
2025-03-19 09:15:00,2025-03-19 09:30:00,2025-03-19 10:00:00,42568,LONG,83537.87,-5.015179343211939,-13.015179343211939,14.984820656788061,-19.02011626583242,2,TRAILING_STOP,False
2025-03-19 11:30:00,2025-03-19 11:45:00,2025-03-19 13:15:00,42581,LONG,84002.59,20.590415128867,12.590415128867,40.590415128867,-58.61485937516809,6,TRAILING_STOP,False
2025-03-19 13:45:00,2025-03-19 14:00:00,2025-03-19 14:15:00,42585,LONG,84092.17,8.97297096745148,0.9729709674514808,28.97297096745148,-16.79347791833665,1,TRAILING_STOP,False
2025-03-19 17:30:00,2025-03-19 17:45:00,2025-03-19 18:00:00,42600,SHORT,83983.5,18.24519101966375,10.24519101966375,48.24519101966375,-116.27283930772116,1,TRAILING_STOP,False
2025-03-19 18:45:00,2025-03-19 19:00:00,2025-03-19 19:15:00,42605,LONG,85612.24,-6.476232837734553,-14.476232837734553,13.523767162265447,-80.07149444986011,1,TRAILING_STOP,False
2025-03-20 00:00:00,2025-03-20 00:15:00,2025-03-20 02:45:00,42635,LONG,87271.09,-138.14196660085278,-146.14196660085278,0.0,-189.24136274681555,10,TIME_EXIT,False
2025-03-20 10:00:00,2025-03-20 10:15:00,2025-03-20 11:30:00,42670,SHORT,85545.89,20.557659754314322,12.557659754314322,50.55765975431432,0.0,5,TRAILING_STOP,False
2025-03-20 13:30:00,2025-03-20 13:45:00,2025-03-20 14:15:00,42681,LONG,85622.28,86.25271833452634,78.25271833452634,106.25271833452634,-17.65661928180294,2,TRAILING_STOP,False
2025-03-20 15:00:00,2025-03-20 15:15:00,2025-03-20 17:00:00,42692,SHORT,85972.56,239.54297976005392,231.54297976005392,269.5429797600539,0.0,7,TRAILING_STOP,False
2025-03-21 07:30:00,2025-03-21 07:45:00,2025-03-21 08:45:00,42755,SHORT,83794.17,-22.591370020133652,-30.591370020133652,7.408629979866349,-43.180808402303136,4,TRAILING_STOP,False
2025-03-21 12:30:00,2025-03-21 12:45:00,2025-03-21 13:15:00,42773,SHORT,83792.46,17.875429364408618,9.875429364408618,47.87542936440862,0.0,2,TRAILING_STOP,False
2025-03-21 13:30:00,2025-03-21 13:45:00,2025-03-21 14:00:00,42776,LONG,83786.58,5.832299158170951,-2.167700841829049,25.83229915817095,-33.0924116964798,1,TRAILING_STOP,False
2025-03-21 18:30:00,2025-03-21 18:45:00,2025-03-21 21:15:00,42805,LONG,84295.11,7.708632208914126,-0.2913677910858743,16.97132846733312,-58.73531691221479,10,TIME_EXIT,False
2025-03-22 09:30:00,2025-03-22 09:45:00,2025-03-22 12:15:00,42865,LONG,84474.74,-29.89059214624395,-37.89059214624395,0.0,-32.016671492567646,10,TIME_EXIT,False
2025-03-22 14:45:00,2025-03-22 15:00:00,2025-03-22 17:30:00,42886,SHORT,84007.23,-24.968089056144333,-32.968089056144336,2.958078727270411,-24.969279429878753,10,TIME_EXIT,False
2025-03-22 20:45:00,2025-03-22 21:00:00,2025-03-22 23:30:00,42910,SHORT,83944.7,19.88451921324375,11.884519213243749,38.07268356429784,-18.975587499866954,10,TIME_EXIT,False
2025-03-23 11:00:00,2025-03-23 11:15:00,2025-03-23 11:45:00,42959,LONG,84695.64,5.588094027036238,-2.411905972963762,25.588094027036238,-11.549590982486517,2,TRAILING_STOP,False
2025-03-23 22:00:00,2025-03-23 22:15:00,2025-03-23 22:30:00,43002,LONG,85386.31,1.9637082337915963,-6.036291766208404,21.963708233791596,-5.517277886818224,1,TRAILING_STOP,False
2025-03-23 23:30:00,2025-03-23 23:45:00,2025-03-24 02:15:00,43017,SHORT,85670.59,-6.069760929625908,-14.069760929625907,17.684015016121638,-113.28741870459957,10,TIME_EXIT,False
2025-03-24 04:00:00,2025-03-24 04:15:00,2025-03-24 06:15:00,43033,LONG,86718.49,47.05721005981478,39.05721005981478,67.05721005981478,-8.487232653613528,8,TRAILING_STOP,False
2025-03-24 13:30:00,2025-03-24 13:45:00,2025-03-24 14:15:00,43065,LONG,87408.01,135.29698021954718,127.29698021954718,155.29698021954718,0.0,2,TRAILING_STOP,False
2025-03-24 14:30:00,2025-03-24 14:45:00,2025-03-24 15:15:00,43069,SHORT,88253.37,35.18844549505562,27.188445495055618,65.18844549505562,-13.400054864761461,2,TRAILING_STOP,False
2025-03-25 04:15:00,2025-03-25 04:30:00,2025-03-25 06:30:00,43130,LONG,86450.88,29.610831029134623,21.610831029134623,49.61083102913462,-5.885423028661438,8,TRAILING_STOP,False
2025-03-25 09:30:00,2025-03-25 09:45:00,2025-03-25 10:00:00,43144,LONG,87103.81,0.915273396193296,-7.084726603806704,20.915273396193296,-11.934035950895499,1,TRAILING_STOP,False
2025-03-25 13:15:00,2025-03-25 13:30:00,2025-03-25 14:45:00,43163,LONG,87689.12,41.453461957424665,33.453461957424665,61.453461957424665,-73.62943088036397,5,TRAILING_STOP,False
2025-03-25 20:00:00,2025-03-25 20:15:00,2025-03-25 22:45:00,43195,LONG,88380.0,-103.56076035302151,-111.56076035302151,0.0,-137.8909255487659,10,TIME_EXIT,False
2025-03-26 07:30:00,2025-03-26 07:45:00,2025-03-26 10:15:00,43241,LONG,88211.29,-6.215757642812751,-14.21575764281275,1.988407606328867,-42.37552812117229,10,TIME_EXIT,False
2025-03-26 11:30:00,2025-03-26 11:45:00,2025-03-26 13:30:00,43254,SHORT,87987.24,38.47356503056699,30.473565030566988,68.47356503056699,-1.4502102804900756,7,TRAILING_STOP,False
2025-03-26 13:45:00,2025-03-26 14:00:00,2025-03-26 14:15:00,43257,SHORT,86841.3,16.860192097539112,8.860192097539112,46.86019209753911,-25.48787270572832,1,TRAILING_STOP,False
2025-03-27 10:45:00,2025-03-27 11:00:00,2025-03-27 13:30:00,43350,SHORT,87195.59,134.8233322350352,126.8233322350352,160.05281918500654,-6.269812498544738,10,TIME_EXIT,False
2025-03-27 13:45:00,2025-03-27 14:00:00,2025-03-27 15:15:00,43357,LONG,86383.82,117.89387873793876,109.89387873793876,137.89387873793876,-1.3868337843835197,5,TRAILING_STOP,False
2025-03-28 03:00:00,2025-03-28 03:15:00,2025-03-28 04:45:00,43411,SHORT,86867.93,75.37720882723917,67.37720882723917,105.37720882723917,-2.7018026100082237,6,TRAILING_STOP,False
2025-03-28 07:30:00,2025-03-28 07:45:00,2025-03-28 09:15:00,43429,SHORT,85260.43,-0.041201997222739095,-8.041201997222739,29.95879800277726,-21.207962474503944,6,TRAILING_STOP,False
2025-03-28 12:30:00,2025-03-28 12:45:00,2025-03-28 13:00:00,43444,SHORT,85116.95,-13.16316550346345,-21.16316550346345,16.83683449653655,-27.379975433800542,1,TRAILING_STOP,False
2025-03-28 14:00:00,2025-03-28 14:15:00,2025-03-28 15:00:00,43452,SHORT,84446.65,28.35518638098653,20.35518638098653,58.35518638098653,-3.001895279446351,3,TRAILING_STOP,False
2025-03-29 00:15:00,2025-03-29 00:30:00,2025-03-29 03:00:00,43500,SHORT,84537.74,82.56312506106754,74.56312506106754,97.95270136154657,-4.2324292085403314,10,TIME_EXIT,False
2025-03-29 09:30:00,2025-03-29 09:45:00,2025-03-29 11:00:00,43532,SHORT,83495.73,50.828085460177434,42.828085460177434,80.82808546017743,-7.605179330727452,5,TRAILING_STOP,False
2025-03-29 11:15:00,2025-03-29 11:30:00,2025-03-29 11:45:00,43535,SHORT,82501.49,29.937099317843256,21.937099317843256,59.937099317843256,0.0,1,TRAILING_STOP,False
2025-03-29 16:45:00,2025-03-29 17:00:00,2025-03-29 17:15:00,43557,SHORT,82198.44,37.35285973797126,29.352859737971258,67.35285973797126,-2.7883740859313453,1,TRAILING_STOP,False
2025-03-30 01:00:00,2025-03-30 01:15:00,2025-03-30 01:30:00,43590,LONG,83042.46,-16.023720877248877,-24.023720877248877,3.976279122751123,-17.36822343654204,1,TRAILING_STOP,False
2025-03-30 13:15:00,2025-03-30 13:30:00,2025-03-30 15:00:00,43644,SHORT,82915.0,6.9981306156912595,-1.0018693843087405,36.99813061569126,-15.508653440269736,6,TRAILING_STOP,False
2025-03-30 16:30:00,2025-03-30 16:45:00,2025-03-30 17:00:00,43652,SHORT,82509.43,25.633640906257483,17.633640906257483,55.63364090625748,0.0,1,TRAILING_STOP,False
2025-03-30 22:00:00,2025-03-30 22:15:00,2025-03-30 23:30:00,43678,SHORT,81906.89,-29.427398598579153,-37.42739859857915,0.5726014014208485,-103.87526617113623,5,TRAILING_STOP,False
2025-03-31 00:30:00,2025-03-31 00:45:00,2025-03-31 03:15:00,43693,SHORT,81361.5,-55.43162306496316,-63.43162306496316,0.0,-111.99646024225231,10,TIME_EXIT,False
2025-03-31 12:45:00,2025-03-31 13:00:00,2025-03-31 13:45:00,43735,LONG,82768.74,-18.638374826052743,-26.638374826052743,1.3616251739472562,-134.4396447257751,3,TRAILING_STOP,False
2025-04-01 08:00:00,2025-04-01 08:15:00,2025-04-01 08:30:00,43810,LONG,83696.53,37.76464089968857,29.764640899688573,57.76464089968857,0.0,1,TRAILING_STOP,False
2025-04-01 13:30:00,2025-04-01 13:45:00,2025-04-01 15:15:00,43837,LONG,83734.26,158.30336113318603,150.30336113318603,178.30336113318603,-142.147312223216,6,TRAILING_STOP,False
2025-04-02 02:00:00,2025-04-02 02:15:00,2025-04-02 04:45:00,43891,SHORT,84750.11,16.88611377613558,8.88611377613558,34.21824467248479,-18.158088526374705,10,TIME_EXIT,False
2025-04-02 09:00:00,2025-04-02 09:15:00,2025-04-02 11:45:00,43919,LONG,85311.84,-87.31847771657405,-95.31847771657405,0.0,-89.6428913032464,10,TIME_EXIT,False
2025-04-02 13:30:00,2025-04-02 13:45:00,2025-04-02 14:00:00,43928,LONG,85472.49,19.16347821386632,11.16347821386632,39.16347821386632,-34.042532281439456,1,TRAILING_STOP,False
2025-04-02 14:45:00,2025-04-02 15:00:00,2025-04-02 15:45:00,43935,LONG,85877.74,149.45718413176624,141.45718413176624,169.45718413176624,0.0,3,TRAILING_STOP,False
2025-04-02 20:00:00,2025-04-02 20:15:00,2025-04-02 22:45:00,43963,LONG,87776.2,-564.459386485175,-572.459386485175,0.0,-580.3623305634098,10,TIME_EXIT,False
2025-04-03 10:00:00,2025-04-03 10:15:00,2025-04-03 12:45:00,44019,LONG,83630.0,-200.99724979074523,-208.99724979074523,0.0,-208.14301088126237,10,TIME_EXIT,False
2025-04-03 13:30:00,2025-04-03 13:45:00,2025-04-03 14:00:00,44024,LONG,82371.0,-16.054436634252347,-24.054436634252347,3.945563365747654,-86.47460878221739,1,TRAILING_STOP,False
2025-04-03 23:45:00,2025-04-04 00:00:00,2025-04-04 00:45:00,44067,LONG,83213.09,4.0791442788640495,-3.9208557211359505,24.07914427886405,-25.605346466522565,3,TRAILING_STOP,False
2025-04-04 01:45:00,2025-04-04 02:00:00,2025-04-04 04:30:00,44082,SHORT,82695.9,-7.929050896115405,-15.929050896115406,9.73929783701412,-59.381420360623956,10,TIME_EXIT,False
2025-04-04 07:00:00,2025-04-04 07:15:00,2025-04-04 08:15:00,44097,LONG,83522.84,108.56842511581223,100.56842511581223,128.56842511581223,-5.108782220527733,4,TRAILING_STOP,False
2025-04-04 10:00:00,2025-04-04 10:15:00,2025-04-04 11:30:00,44110,SHORT,83684.0,211.98174083456814,203.98174083456814,241.98174083456814,0.0,5,TRAILING_STOP,False
2025-04-04 12:30:00,2025-04-04 12:45:00,2025-04-04 13:00:00,44116,LONG,82774.51,46.317517312999186,38.317517312999186,66.31751731299919,0.0,1,TRAILING_STOP,False
2025-04-05 00:30:00,2025-04-05 00:45:00,2025-04-05 03:15:00,44173,SHORT,83511.15,-28.59977380266121,-36.59977380266121,0.0,-90.38912767935848,10,TIME_EXIT,False
2025-04-05 06:30:00,2025-04-05 06:45:00,2025-04-05 08:30:00,44194,SHORT,83391.0,-18.806945593649615,-26.806945593649615,11.193054406350386,-30.8942211989309,7,TRAILING_STOP,False
2025-04-05 12:30:00,2025-04-05 12:45:00,2025-04-05 14:15:00,44217,SHORT,83210.01,52.99962949169209,44.99962949169209,82.99962949169209,-15.08832891619685,6,TRAILING_STOP,False
2025-04-05 15:30:00,2025-04-05 15:45:00,2025-04-05 18:15:00,44233,SHORT,82394.0,-71.10833313105316,-79.10833313105316,0.0,-86.83399276646436,10,TIME_EXIT,False
2025-04-05 23:45:00,2025-04-06 00:00:00,2025-04-06 01:30:00,44262,LONG,83537.99,13.474590422872204,5.474590422872204,33.474590422872204,-13.147311779946076,6,TRAILING_STOP,False
2025-04-06 05:30:00,2025-04-06 05:45:00,2025-04-06 08:15:00,44289,SHORT,83374.51,71.14884393323536,63.148843933235355,77.63044124637022,-11.213259304313182,10,TIME_EXIT,False
2025-04-06 13:00:00,2025-04-06 13:15:00,2025-04-06 15:00:00,44316,LONG,82805.7,-18.304464547729424,-26.304464547729424,1.6955354522705743,-70.99390500895413,7,TRAILING_STOP,False
2025-04-06 16:45:00,2025-04-06 17:00:00,2025-04-06 17:45:00,44327,SHORT,81969.99,141.76896081114626,133.76896081114626,171.76896081114626,0.0,3,TRAILING_STOP,False
2025-04-06 18:00:00,2025-04-06 18:15:00,2025-04-06 18:45:00,44331,SHORT,80312.34,171.38250236513983,163.38250236513983,201.38250236513983,0.0,2,TRAILING_STOP,False
2025-04-06 20:30:00,2025-04-06 20:45:00,2025-04-06 21:00:00,44340,SHORT,79233.11,34.759543074858556,26.759543074858556,64.75954307485856,-21.063164124189925,1,TRAILING_STOP,False
2025-04-06 22:00:00,2025-04-06 22:15:00,2025-04-06 22:45:00,44347,SHORT,78831.45,100.84244930164257,92.84244930164257,130.84244930164257,-30.51320253528359,2,TRAILING_STOP,False
2025-04-07 06:15:00,2025-04-07 06:30:00,2025-04-07 06:45:00,44379,SHORT,75817.99,136.5818363161573,128.5818363161573,166.5818363161573,0.0,1,TRAILING_STOP,False
2025-04-07 07:00:00,2025-04-07 07:15:00,2025-04-07 07:30:00,44382,LONG,75087.88,33.694417794189015,25.694417794189015,53.694417794189015,-28.882157812953288,1,TRAILING_STOP,False
2025-04-07 13:30:00,2025-04-07 13:45:00,2025-04-07 16:15:00,44417,SHORT,76059.99,-298.44863245446123,-306.44863245446123,0.0,-681.5133685923436,10,TIME_EXIT,False
2025-04-07 22:30:00,2025-04-07 22:45:00,2025-04-08 00:00:00,44448,SHORT,79948.94,78.27035355315537,70.27035355315537,108.27035355315537,-16.892031339002482,5,TRAILING_STOP,False
2025-04-08 01:30:00,2025-04-08 01:45:00,2025-04-08 02:00:00,44456,LONG,80419.5,35.76881229055208,27.768812290552077,55.76881229055208,-1.7769322117140243,1,TRAILING_STOP,False
2025-04-08 13:00:00,2025-04-08 13:15:00,2025-04-08 13:30:00,44502,LONG,80053.43,20.169421847384555,12.169421847384555,40.169421847384555,-83.9951517380316,1,TRAILING_STOP,False
2025-04-09 00:00:00,2025-04-09 00:15:00,2025-04-09 00:30:00,44546,LONG,76645.98,9.00347806890889,1.0034780689088905,29.00347806890889,-25.247247148512525,1,TRAILING_STOP,False
2025-04-09 01:00:00,2025-04-09 01:15:00,2025-04-09 01:30:00,44550,SHORT,75316.03,53.652842562200064,45.652842562200064,83.65284256220006,-73.31506984635377,1,TRAILING_STOP,False
2025-04-09 07:00:00,2025-04-09 07:15:00,2025-04-09 07:45:00,44575,LONG,77638.52,23.893160250865016,15.893160250865016,43.893160250865016,-3.0667766464375767,2,TRAILING_STOP,False
2025-04-09 11:00:00,2025-04-09 11:15:00,2025-04-09 11:45:00,44591,SHORT,76563.99,75.41900964147827,67.41900964147827,105.41900964147827,-9.828380156258836,2,TRAILING_STOP,False
2025-04-09 13:30:00,2025-04-09 13:45:00,2025-04-09 14:00:00,44600,LONG,77239.99,119.62585960976963,111.62585960976963,139.62585960976963,-1.4409634180435105,1,TRAILING_STOP,False
2025-04-09 17:15:00,2025-04-09 17:30:00,2025-04-09 18:00:00,44616,LONG,80820.83,185.90855105051486,177.90855105051486,205.90855105051486,0.0,2,TRAILING_STOP,False
2025-04-10 07:30:00,2025-04-10 07:45:00,2025-04-10 08:15:00,44673,SHORT,81573.2,-23.690329667096403,-31.690329667096403,6.309670332903597,-34.324998896696464,2,TRAILING_STOP,False
2025-04-10 12:00:00,2025-04-10 12:15:00,2025-04-10 12:45:00,44691,SHORT,81649.0,-6.7884481132648204,-14.78844811326482,23.21155188673518,-100.1053289078869,2,TRAILING_STOP,False
2025-04-10 13:30:00,2025-04-10 13:45:00,2025-04-10 14:00:00,44696,SHORT,80892.0,1.8622360678441936,-6.137763932155806,31.862236067844194,-35.332294911733875,1,TRAILING_STOP,False
2025-04-10 15:30:00,2025-04-10 15:45:00,2025-04-10 16:00:00,44704,SHORT,79217.39,65.05867335442368,57.058673354423675,95.05867335442368,-7.720527020645782,1,TRAILING_STOP,False
2025-04-11 00:00:00,2025-04-11 00:15:00,2025-04-11 02:00:00,44744,LONG,79694.01,79.81804153160385,71.81804153160385,99.81804153160385,-90.90143663243863,7,TRAILING_STOP,False
2025-04-11 08:00:00,2025-04-11 08:15:00,2025-04-11 08:30:00,44770,LONG,81449.99,25.20442543946141,17.20442543946141,45.20442543946141,-25.70166061407878,1,TRAILING_STOP,False
2025-04-11 13:30:00,2025-04-11 13:45:00,2025-04-11 14:00:00,44792,LONG,82924.95,-19.3102196624778,-27.3102196624778,0.6897803375222009,-73.54240189472425,1,TRAILING_STOP,False
2025-04-11 17:30:00,2025-04-11 17:45:00,2025-04-11 18:00:00,44808,LONG,83944.0,12.87906223196417,4.87906223196417,32.87906223196417,-14.047460211569408,1,TRAILING_STOP,False
2025-04-12 08:00:00,2025-04-12 08:15:00,2025-04-12 10:45:00,44875,LONG,84019.17,-71.2611181472033,-79.2611181472033,0.0,-84.89253107356271,10,TIME_EXIT,False
2025-04-12 13:00:00,2025-04-12 13:15:00,2025-04-12 13:30:00,44886,LONG,84002.77,39.192095689225,31.192095689225,59.192095689225,-35.090509515341466,1,TRAILING_STOP,False
2025-04-12 13:45:00,2025-04-12 14:00:00,2025-04-12 14:30:00,44890,LONG,84458.24,73.8641392479875,65.8641392479875,93.8641392479875,-15.400510358729589,2,TRAILING_STOP,False
2025-04-12 20:30:00,2025-04-12 20:45:00,2025-04-12 23:15:00,44925,LONG,85786.2,-66.17031643784131,-74.17031643784131,0.0,-69.15564508044356,10,TIME_EXIT,False
2025-04-13 01:30:00,2025-04-13 01:45:00,2025-04-13 02:30:00,44938,SHORT,85726.99,86.89200798954934,78.89200798954934,116.89200798954934,0.0,3,TRAILING_STOP,False
2025-04-13 02:45:00,2025-04-13 03:00:00,2025-04-13 03:45:00,44943,LONG,85302.21,29.539161998263253,21.539161998263253,49.53916199826325,-6.468765580634729,3,TRAILING_STOP,False
2025-04-13 04:30:00,2025-04-13 04:45:00,2025-04-13 05:30:00,44950,SHORT,84778.35,7.9908313856075,-0.009168614392500274,37.9908313856075,-3.092770736868689,3,TRAILING_STOP,False
2025-04-13 11:15:00,2025-04-13 11:30:00,2025-04-13 11:45:00,44975,SHORT,84489.99,2.410940041537586,-5.589059958462414,32.410940041537586,-4.576873544427956,1,TRAILING_STOP,False
2025-04-13 13:15:00,2025-04-13 13:30:00,2025-04-13 14:00:00,44984,SHORT,84090.2,42.48525987570477,34.48525987570477,72.48525987570477,0.0,2,TRAILING_STOP,False
2025-04-13 17:15:00,2025-04-13 17:30:00,2025-04-13 18:15:00,45001,LONG,84721.98,3.8438714487089776,-4.156128551291022,23.843871448708978,-23.351673320193473,3,TRAILING_STOP,False
2025-04-13 19:30:00,2025-04-13 19:45:00,2025-04-13 20:30:00,45010,SHORT,83530.85,15.016900941388585,7.016900941388585,45.016900941388585,-109.59543689546938,3,TRAILING_STOP,False
2025-04-14 00:15:00,2025-04-14 00:30:00,2025-04-14 00:45:00,45027,LONG,84764.46,-12.739881785362215,-20.739881785362215,7.260118214637784,-66.11969214456228,1,TRAILING_STOP,False
2025-04-14 02:30:00,2025-04-14 02:45:00,2025-04-14 05:15:00,45045,LONG,85322.35,-73.45086017907519,-81.45086017907519,0.0,-106.3144650844715,10,TIME_EXIT,False
2025-04-14 13:30:00,2025-04-14 13:45:00,2025-04-14 14:15:00,45081,SHORT,84417.8,-12.49184413713661,-20.49184413713661,17.50815586286339,-80.8123405253391,2,TRAILING_STOP,False
2025-04-14 14:30:00,2025-04-14 14:45:00,2025-04-14 17:15:00,45093,LONG,85506.95,-114.58366834508823,-122.58366834508823,0.0,-210.2402202394071,10,TIME_EXIT,False
2025-04-15 01:30:00,2025-04-15 01:45:00,2025-04-15 02:15:00,45129,LONG,85009.68,0.6011833005376168,-7.398816699462383,20.601183300537617,-20.66470547824651,2,TRAILING_STOP,False
2025-04-15 03:00:00,2025-04-15 03:15:00,2025-04-15 05:45:00,45143,SHORT,85146.57,-46.87681488520317,-54.87681488520317,0.0,-86.031651069444,10,TIME_EXIT,False
2025-04-15 08:00:00,2025-04-15 08:15:00,2025-04-15 09:30:00,45158,LONG,85863.86,-7.871497973652778,-15.871497973652778,12.128502026347222,-31.96455412090796,5,TRAILING_STOP,False
2025-04-15 13:30:00,2025-04-15 13:45:00,2025-04-15 16:15:00,45185,LONG,86057.36,-121.35626749414583,-129.3562674941458,0.0,-166.59005110080122,10,TIME_EXIT,False
2025-04-15 23:30:00,2025-04-15 23:45:00,2025-04-16 00:15:00,45217,SHORT,83632.77,19.115914730554074,11.115914730554074,49.115914730554074,-8.03871496782851,2,TRAILING_STOP,False
2025-04-16 06:45:00,2025-04-16 07:00:00,2025-04-16 08:30:00,45250,LONG,83644.0,36.03390559992376,28.033905599923763,56.03390559992376,-60.14896465974853,6,TRAILING_STOP,False
2025-04-16 13:30:00,2025-04-16 13:45:00,2025-04-16 14:00:00,45272,LONG,84045.78,-2.9973616759825212,-10.997361675982521,17.00263832401748,-39.439219910863,1,TRAILING_STOP,False
2025-04-16 14:30:00,2025-04-16 14:45:00,2025-04-16 15:30:00,45278,LONG,84680.55,49.64054909893726,41.64054909893726,69.64054909893726,-21.082763397261687,3,TRAILING_STOP,False
2025-04-16 17:30:00,2025-04-16 17:45:00,2025-04-16 18:00:00,45288,SHORT,84346.0,96.85841652241956,88.85841652241956,126.85841652241956,0.0,1,TRAILING_STOP,False
2025-04-17 07:30:00,2025-04-17 07:45:00,2025-04-17 10:15:00,45353,SHORT,84714.01,42.969279815699295,34.969279815699295,61.71824471536603,-5.817219607476831,10,TIME_EXIT,False
2025-04-17 12:00:00,2025-04-17 12:15:00,2025-04-17 13:00:00,45364,LONG,84718.75,-2.981335300627901,-10.9813353006279,17.0186646993721,-15.907930652896091,3,TRAILING_STOP,False
2025-04-17 13:30:00,2025-04-17 13:45:00,2025-04-17 14:30:00,45370,SHORT,84554.89,66.8163993826974,58.8163993826974,96.8163993826974,0.0,3,TRAILING_STOP,False
2025-04-17 15:00:00,2025-04-17 15:15:00,2025-04-17 16:00:00,45376,LONG,84589.21,4.083449886810222,-3.9165501131897784,24.08344988681022,-23.12588094864698,3,TRAILING_STOP,False
2025-04-18 07:15:00,2025-04-18 07:30:00,2025-04-18 10:00:00,45448,SHORT,84518.37,-2.917708895711488,-10.917708895711488,3.8606991592466944,-29.062321007847725,10,TIME_EXIT,False
2025-04-19 02:00:00,2025-04-19 02:15:00,2025-04-19 03:30:00,45518,LONG,84664.15,18.104675946076426,10.104675946076426,38.104675946076426,-6.111205274013935,5,TRAILING_STOP,False
2025-04-19 04:15:00,2025-04-19 04:30:00,2025-04-19 04:45:00,45523,LONG,85078.69,-1.9802114959694777,-9.980211495969478,18.019788504030522,-8.308778614245508,1,TRAILING_STOP,False
2025-04-19 05:15:00,2025-04-19 05:30:00,2025-04-19 08:00:00,45536,LONG,85181.06,-4.651268721003865,-12.651268721003865,8.800078327272097,-34.174263621512964,10,TIME_EXIT,False
2025-04-19 13:00:00,2025-04-19 13:15:00,2025-04-19 15:30:00,45566,LONG,85339.49,19.665106974508518,11.665106974508518,39.66510697450852,-15.173514629628702,9,TRAILING_STOP,False
2025-04-20 00:00:00,2025-04-20 00:15:00,2025-04-20 02:45:00,45611,LONG,85199.99,3.104460458269665,-4.895539541730335,14.174884292825565,-13.455400640305172,10,TIME_EXIT,False
2025-04-20 06:30:00,2025-04-20 06:45:00,2025-04-20 09:15:00,45637,SHORT,84969.98,45.39720969688244,37.39720969688244,46.13158670862297,0.0,10,TIME_EXIT,False
2025-04-20 10:30:00,2025-04-20 10:45:00,2025-04-20 12:00:00,45648,SHORT,84244.33,4.9946399953560885,-3.0053600046439115,34.99463999535609,-10.629795500777666,5,TRAILING_STOP,False
2025-04-20 20:00:00,2025-04-20 20:15:00,2025-04-20 21:00:00,45684,LONG,84943.4,16.09462300779176,8.09462300779176,36.09462300779176,0.0,3,TRAILING_STOP,False
2025-04-21 00:00:00,2025-04-21 00:15:00,2025-04-21 00:45:00,45699,LONG,85330.98,176.76558267583522,168.76558267583522,196.76558267583522,0.0,2,TRAILING_STOP,False
2025-04-21 01:00:00,2025-04-21 01:15:00,2025-04-21 02:00:00,45704,LONG,86983.59,33.6204587554967,25.6204587554967,53.6204587554967,0.0,3,TRAILING_STOP,False
2025-04-21 11:15:00,2025-04-21 11:30:00,2025-04-21 13:15:00,45749,SHORT,86817.69,-25.65526334552311,-33.65526334552311,4.344736654476889,-83.02109858025526,7,TRAILING_STOP,False
2025-04-21 13:30:00,2025-04-21 13:45:00,2025-04-21 14:30:00,45754,LONG,87444.84,96.77647303145719,88.77647303145719,116.77647303145719,-57.344721541030566,3,TRAILING_STOP,False
2025-04-22 00:30:00,2025-04-22 00:45:00,2025-04-22 03:15:00,45805,SHORT,87397.21,-85.0050018759178,-93.0050018759178,0.0,-169.31776197432316,10,TIME_EXIT,False
2025-04-22 07:30:00,2025-04-22 07:45:00,2025-04-22 08:15:00,45825,LONG,88461.68,5.5839590656662885,-2.4160409343337115,25.58395906566629,-8.329030151811837,2,TRAILING_STOP,False
2025-04-22 12:30:00,2025-04-22 12:45:00,2025-04-22 15:15:00,45853,SHORT,88706.75,-250.45557412485593,-258.45557412485596,0.0,-308.0611114712247,10,TIME_EXIT,False
2025-04-22 21:45:00,2025-04-22 22:00:00,2025-04-22 22:30:00,45882,LONG,93039.99,-14.304599559824684,-22.304599559824684,5.695400440175315,-43.53181895225957,2,TRAILING_STOP,False
2025-04-23 07:45:00,2025-04-23 08:00:00,2025-04-23 08:15:00,45921,LONG,94133.82,21.21473026378687,13.214730263786869,41.21473026378687,-0.03399415852952583,1,TRAILING_STOP,False
2025-04-23 10:00:00,2025-04-23 10:15:00,2025-04-23 12:00:00,45936,SHORT,93419.75,-19.798730996389637,-27.798730996389637,10.201269003610363,-45.044008360116884,7,TRAILING_STOP,False
2025-04-23 13:30:00,2025-04-23 13:45:00,2025-04-23 14:00:00,45944,SHORT,93447.58,30.90794432557786,22.90794432557786,60.90794432557786,-23.372461865786516,1,TRAILING_STOP,False
2025-04-23 15:15:00,2025-04-23 15:30:00,2025-04-23 18:00:00,45960,SHORT,92163.99,-205.64647863010188,-213.64647863010188,0.0,-223.07410953019587,10,TIME_EXIT,False
2025-04-24 00:00:00,2025-04-24 00:15:00,2025-04-24 00:30:00,45986,SHORT,93434.79,-8.543324172934309,-16.54332417293431,21.45667582706569,-21.962911245372993,1,TRAILING_STOP,False
2025-04-24 03:45:00,2025-04-24 04:00:00,2025-04-24 04:15:00,46001,SHORT,92673.95,-4.835431100110458,-12.835431100110458,25.16456889988954,-17.688897473346888,1,TRAILING_STOP,False
2025-04-24 08:15:00,2025-04-24 08:30:00,2025-04-24 08:45:00,46019,SHORT,91872.2,-6.9037859112982645,-14.903785911298264,23.096214088701736,-22.482317828462026,1,TRAILING_STOP,False
2025-04-24 13:30:00,2025-04-24 13:45:00,2025-04-24 14:00:00,46040,LONG,92833.42,24.873925790949187,16.873925790949187,44.87392579094919,-18.39962375618583,1,TRAILING_STOP,False
2025-04-24 23:15:00,2025-04-24 23:30:00,2025-04-25 00:00:00,46080,LONG,93683.24,14.452267022361177,6.452267022361177,34.45226702236118,-4.346561882360299,2,TRAILING_STOP,False
2025-04-25 01:00:00,2025-04-25 01:15:00,2025-04-25 03:45:00,46095,LONG,94173.92,-91.54232934128648,-99.54232934128648,0.0,-139.94957414961507,10,TIME_EXIT,False
2025-04-25 07:30:00,2025-04-25 07:45:00,2025-04-25 08:00:00,46112,LONG,93662.18,4.110051677209199,-3.8899483227908007,24.1100516772092,-3.9994798327341785,1,TRAILING_STOP,False
2025-04-25 11:45:00,2025-04-25 12:00:00,2025-04-25 12:15:00,46129,LONG,94635.67,14.120326933809281,6.120326933809281,34.12032693380928,-27.544582291222564,1,TRAILING_STOP,False
2025-04-25 14:00:00,2025-04-25 14:15:00,2025-04-25 14:45:00,46139,LONG,95299.5,28.115677416984724,20.115677416984724,48.115677416984724,-78.22286580727143,2,TRAILING_STOP,False
2025-04-26 00:15:00,2025-04-26 00:30:00,2025-04-26 00:45:00,46179,SHORT,94705.99,-11.18915181605633,-19.18915181605633,18.81084818394367,-24.283574882644267,1,TRAILING_STOP,False
2025-04-26 09:30:00,2025-04-26 09:45:00,2025-04-26 12:15:00,46225,SHORT,94173.91,-10.534948586078919,-18.53494858607892,19.46505141392108,-23.417313776182684,10,TRAILING_STOP,False
2025-04-26 13:45:00,2025-04-26 14:00:00,2025-04-26 16:30:00,46242,LONG,94149.19,6.002347975590407,-1.997652024409593,26.002347975590407,-24.102172307589502,10,TRAILING_STOP,False
2025-04-26 22:00:00,2025-04-26 22:15:00,2025-04-26 23:00:00,46268,LONG,94583.42,12.20226124198107,4.20226124198107,32.20226124198107,0.0,3,TRAILING_STOP,False
2025-04-27 00:15:00,2025-04-27 00:30:00,2025-04-27 01:15:00,46277,LONG,94949.49,24.182438473339325,16.182438473339325,44.182438473339325,-35.87065080602445,3,TRAILING_STOP,False
2025-04-27 17:00:00,2025-04-27 17:15:00,2025-04-27 19:45:00,46351,LONG,94098.21,35.63192115981734,27.631921159817338,35.769011971639756,-12.091622146692627,10,TIME_EXIT,False
2025-04-27 22:00:00,2025-04-27 22:15:00,2025-04-27 22:30:00,46362,SHORT,93921.53,-0.20597939577839597,-8.205979395778396,29.794020604221604,-5.750545162540981,1,TRAILING_STOP,False
2025-04-28 00:00:00,2025-04-28 00:15:00,2025-04-28 02:15:00,46377,SHORT,93420.73,36.443497069654796,28.443497069654796,66.4434970696548,-40.45997071528027,8,TRAILING_STOP,False
2025-04-28 03:30:00,2025-04-28 03:45:00,2025-04-28 05:15:00,46389,LONG,93872.54,29.051618290077847,21.051618290077847,49.05161829007785,-2.408585087822337,6,TRAILING_STOP,False
2025-04-28 10:30:00,2025-04-28 10:45:00,2025-04-28 11:00:00,46412,LONG,95187.68,10.182477396234777,2.182477396234777,30.182477396234777,-19.418479366236948,1,TRAILING_STOP,False
2025-04-28 12:30:00,2025-04-28 12:45:00,2025-04-28 15:15:00,46429,LONG,95518.67,-185.0601563024274,-193.0601563024274,0.0,-200.8685841207796,10,TIME_EXIT,False
2025-04-28 23:00:00,2025-04-28 23:15:00,2025-04-29 00:00:00,46464,LONG,94986.57,0.3639314484134957,-7.636068551586504,20.363931448413496,-15.325324411651772,3,TRAILING_STOP,False
2025-04-29 04:45:00,2025-04-29 05:00:00,2025-04-29 06:15:00,46489,SHORT,94353.32,-13.750439306215512,-21.75043930621551,16.24956069378449,-41.55338678066574,5,TRAILING_STOP,False
2025-04-29 10:45:00,2025-04-29 11:00:00,2025-04-29 13:30:00,46518,SHORT,94817.32,-1.971158855785818,-9.971158855785818,23.92389913572869,-49.39920259294393,10,TIME_EXIT,False
2025-04-29 14:00:00,2025-04-29 14:15:00,2025-04-29 14:45:00,46523,LONG,94890.84,23.11901970727665,15.11901970727665,43.11901970727665,-20.111530259400855,2,TRAILING_STOP,False
2025-04-29 16:30:00,2025-04-29 16:45:00,2025-04-29 19:15:00,46541,LONG,95443.88,-12.717420959835733,-20.717420959835735,0.5196771128742724,-82.23575990414466,10,TIME_EXIT,False
2025-04-29 22:00:00,2025-04-29 22:15:00,2025-04-29 23:30:00,46558,SHORT,94258.52,24.740940129339016,16.740940129339016,54.740940129339016,-4.400663197342364,5,TRAILING_STOP,False
2025-04-30 03:45:00,2025-04-30 04:00:00,2025-04-30 05:45:00,46583,LONG,95032.84,-11.543975745647444,-19.543975745647444,8.456024254352556,-17.181429072307935,7,TRAILING_STOP,False
2025-04-30 11:45:00,2025-04-30 12:00:00,2025-04-30 12:15:00,46609,LONG,95176.66,-18.703463643292746,-26.703463643292746,1.2965363567072545,-30.353029828951698,1,TRAILING_STOP,False
2025-04-30 12:30:00,2025-04-30 12:45:00,2025-04-30 13:15:00,46613,SHORT,94493.99,-1.6680394171098953,-9.668039417109895,28.331960582890105,-16.457131294804544,2,TRAILING_STOP,False
2025-04-30 13:30:00,2025-04-30 13:45:00,2025-04-30 14:00:00,46616,SHORT,93900.0,75.43130990415337,67.43130990415337,105.43130990415337,0.0,1,TRAILING_STOP,False
2025-04-30 20:00:00,2025-04-30 20:15:00,2025-04-30 21:00:00,46644,LONG,94638.6,-4.625723541979701,-12.625723541979701,15.374276458020299,-16.602105272057056,3,TRAILING_STOP,False
2025-05-01 03:00:00,2025-05-01 03:15:00,2025-05-01 05:30:00,46678,SHORT,94718.22,-29.59458697598028,-37.59458697598028,0.4054130240197195,-45.585738414425315,9,TRAILING_STOP,False
2025-05-01 09:30:00,2025-05-01 09:45:00,2025-05-01 10:30:00,46698,LONG,95426.79,81.59830378869542,73.59830378869542,101.59830378869542,0.0,3,TRAILING_STOP,False
2025-05-01 13:30:00,2025-05-01 13:45:00,2025-05-01 14:00:00,46712,SHORT,96163.08,6.7667092193800045,-1.2332907806199955,36.766709219380004,-8.04778715490388,1,TRAILING_STOP,False
2025-05-01 14:15:00,2025-05-01 14:30:00,2025-05-01 15:15:00,46717,LONG,96404.01,85.80576471870926,77.80576471870926,105.80576471870926,-7.795318887668073,3,TRAILING_STOP,False
2025-05-02 07:30:00,2025-05-02 07:45:00,2025-05-02 08:30:00,46786,SHORT,96509.43,-13.480370778275965,-21.480370778275965,16.519629221724035,-27.597303185814184,3,TRAILING_STOP,False
2025-05-02 12:30:00,2025-05-02 12:45:00,2025-05-02 13:00:00,46804,LONG,96978.02,12.200079976884403,4.200079976884403,32.2000799768844,-21.4667199845911,1,TRAILING_STOP,False
2025-05-02 14:00:00,2025-05-02 14:15:00,2025-05-02 14:30:00,46810,LONG,96836.76,67.02480339077859,59.02480339077859,87.02480339077859,0.0,1,TRAILING_STOP,False
2025-05-02 14:45:00,2025-05-02 15:00:00,2025-05-02 16:45:00,46819,LONG,97748.41,-16.459277445024366,-24.459277445024366,3.540722554975634,-70.11981064449064,7,TRAILING_STOP,False
2025-05-03 00:00:00,2025-05-03 00:15:00,2025-05-03 02:45:00,46859,SHORT,96806.19,28.167620273043237,20.167620273043237,38.327094579385765,0.0,10,TIME_EXIT,False
2025-05-03 03:15:00,2025-05-03 03:30:00,2025-05-03 06:00:00,46872,SHORT,96404.58,6.926019489945817,-1.0739805100541826,10.030643772318399,-19.544714576838388,10,TIME_EXIT,False
2025-05-03 08:15:00,2025-05-03 08:30:00,2025-05-03 10:00:00,46888,LONG,96353.38,-15.552828556715783,-23.55282855671578,4.447171443284217,-21.62664143178004,6,TRAILING_STOP,False
2025-05-03 10:30:00,2025-05-03 10:45:00,2025-05-03 13:00:00,46900,SHORT,95937.63,-22.429456512527498,-30.429456512527498,7.570543487472502,-29.220025552017674,9,TRAILING_STOP,False
2025-05-03 14:15:00,2025-05-03 14:30:00,2025-05-03 17:00:00,46916,SHORT,96365.99,34.19463651024641,26.19463651024641,42.94980002799736,-14.885957172234423,10,TIME_EXIT,False
2025-05-03 22:00:00,2025-05-03 22:15:00,2025-05-04 00:45:00,46947,SHORT,96209.28,34.12664557930397,26.12664557930397,47.42473906883037,-5.486996680570538,10,TIME_EXIT,False
2025-05-04 01:45:00,2025-05-04 02:00:00,2025-05-04 02:30:00,46954,LONG,96099.94,1.2840923730018545,-6.7159076269981455,21.284092373001855,-29.818957223073983,2,TRAILING_STOP,False
2025-05-04 19:30:00,2025-05-04 19:45:00,2025-05-04 22:00:00,47032,LONG,95599.99,-3.4633873915680837,-11.463387391568084,16.536612608431916,-52.09100963295134,9,TRAILING_STOP,False
2025-05-04 22:30:00,2025-05-04 22:45:00,2025-05-05 00:00:00,47040,SHORT,94881.59,46.96013525911526,38.96013525911526,76.96013525911526,-16.421520760771156,5,TRAILING_STOP,False
2025-05-05 01:30:00,2025-05-05 01:45:00,2025-05-05 02:00:00,47048,SHORT,93969.22,18.432880468731717,10.432880468731717,48.43288046873172,-9.599951984276537,1,TRAILING_STOP,False
2025-05-05 13:00:00,2025-05-05 13:15:00,2025-05-05 13:45:00,47095,SHORT,94199.99,29.894910816870187,21.894910816870187,59.89491081687019,-5.752654538497061,2,TRAILING_STOP,False
2025-05-05 14:00:00,2025-05-05 14:15:00,2025-05-05 14:30:00,47098,SHORT,94004.76,-0.8174352022172329,-8.817435202217233,29.182564797782767,-14.754572002525366,1,TRAILING_STOP,False
2025-05-05 18:30:00,2025-05-05 18:45:00,2025-05-05 20:45:00,47123,SHORT,94845.48,72.21678460586588,64.21678460586588,102.21678460586588,-5.748297124966216,8,TRAILING_STOP,False
2025-05-05 22:30:00,2025-05-05 22:45:00,2025-05-06 01:15:00,47141,LONG,95186.0,-38.31235685920125,-46.31235685920125,0.0,-79.57262622654574,10,TIME_EXIT,False
2025-05-06 08:15:00,2025-05-06 08:30:00,2025-05-06 11:00:00,47180,SHORT,94036.67,3.8984791783889725,-4.101520821611027,18.582112701354188,-36.612313047666206,10,TIME_EXIT,False
2025-05-06 12:30:00,2025-05-06 12:45:00,2025-05-06 13:45:00,47191,LONG,93997.48,-17.61908510738749,-25.61908510738749,2.3809148926125103,-66.01028027559845,4,TRAILING_STOP,False
2025-05-06 14:15:00,2025-05-06 14:30:00,2025-05-06 14:45:00,47195,LONG,94317.71,-15.986967876977584,-23.986967876977584,4.013032123022417,-24.470483857167746,1,TRAILING_STOP,False
2025-05-06 22:00:00,2025-05-06 22:15:00,2025-05-06 23:00:00,47228,LONG,95163.85,112.6984984319148,104.6984984319148,132.6984984319148,0.0,3,TRAILING_STOP,False
2025-05-06 23:15:00,2025-05-06 23:30:00,2025-05-07 00:15:00,47233,LONG,96628.24,70.11651252263302,62.116512522633016,90.11651252263302,0.0,3,TRAILING_STOP,False
2025-05-07 13:30:00,2025-05-07 13:45:00,2025-05-07 14:45:00,47291,LONG,97231.83,5.345609560161762,-2.654390439838238,25.345609560161762,-43.7953291632999,4,TRAILING_STOP,False
2025-05-07 18:00:00,2025-05-07 18:15:00,2025-05-07 18:45:00,47307,SHORT,96229.22,-6.179792374914694,-14.179792374914694,23.820207625085306,-67.67279211033737,2,TRAILING_STOP,False
2025-05-08 00:45:00,2025-05-08 01:00:00,2025-05-08 01:30:00,47334,LONG,97770.0,11.476935665337013,3.476935665337013,31.476935665337013,-17.387746752582594,2,TRAILING_STOP,False
2025-05-08 02:15:00,2025-05-08 02:30:00,2025-05-08 04:30:00,47346,LONG,98594.34,63.641718175709016,55.641718175709016,83.64171817570902,-6.3208496552634195,8,TRAILING_STOP,False
2025-05-08 15:15:00,2025-05-08 15:30:00,2025-05-08 15:45:00,47391,LONG,100634.93,59.606554106015665,51.606554106015665,79.60655410601566,0.0,1,TRAILING_STOP,False
2025-05-08 20:30:00,2025-05-08 20:45:00,2025-05-08 21:15:00,47413,LONG,102114.1,178.9597910572574,170.9597910572574,198.9597910572574,0.0,2,TRAILING_STOP,False
2025-05-09 07:30:00,2025-05-09 07:45:00,2025-05-09 08:15:00,47457,LONG,103897.5,-16.87191703361486,-24.87191703361486,3.128082966385139,-52.76450347698514,2,TRAILING_STOP,False
2025-05-09 08:30:00,2025-05-09 08:45:00,2025-05-09 09:30:00,47462,SHORT,102752.3,2.2425872705528676,-5.7574127294471324,32.24258727055287,-51.91319318399668,3,TRAILING_STOP,False
2025-05-10 00:15:00,2025-05-10 00:30:00,2025-05-10 02:30:00,47530,SHORT,102936.51,-18.56091002113827,-26.56091002113827,11.439089978861729,-28.31842657187426,8,TRAILING_STOP,False
2025-05-10 06:15:00,2025-05-10 06:30:00,2025-05-10 07:00:00,47548,LONG,103715.92,17.031923353714816,9.031923353714816,37.03192335371482,-16.10745968410613,2,TRAILING_STOP,False
2025-05-10 17:45:00,2025-05-10 18:00:00,2025-05-10 20:30:00,47602,SHORT,103176.88,-10.79408487637883,-18.794084876378832,16.626786931336063,-13.371212620501012,10,TIME_EXIT,False
2025-05-10 23:00:00,2025-05-10 23:15:00,2025-05-10 23:30:00,47614,LONG,103988.99,61.95867658681931,53.95867658681931,81.95867658681931,0.0,1,TRAILING_STOP,False
2025-05-11 02:45:00,2025-05-11 03:00:00,2025-05-11 05:30:00,47638,SHORT,103781.06,-19.567154160885135,-27.567154160885135,0.0,-59.6390131301417,10,TIME_EXIT,False
2025-05-11 07:00:00,2025-05-11 07:15:00,2025-05-11 08:00:00,47648,SHORT,103708.93,5.0856960919368674,-2.9143039080631326,35.08569609193687,-8.781307453466832,3,TRAILING_STOP,False
2025-05-11 12:00:00,2025-05-11 12:15:00,2025-05-11 14:45:00,47675,LONG,104843.33,-65.17629686123111,-73.17629686123111,0.0,-101.81095926655499,10,TIME_EXIT,False
2025-05-11 22:00:00,2025-05-11 22:15:00,2025-05-11 23:00:00,47708,SHORT,104102.31,21.15544506168918,13.155445061689178,51.15544506168918,0.0,3,TRAILING_STOP,False
2025-05-12 00:15:00,2025-05-12 00:30:00,2025-05-12 01:00:00,47716,LONG,104395.98,46.136646257835054,38.136646257835054,66.13664625783505,-8.075981469784342,2,TRAILING_STOP,False
2025-05-12 07:00:00,2025-05-12 07:15:00,2025-05-12 07:30:00,47742,LONG,105600.0,-10.53030303030303,-18.53030303030303,9.46969696969697,-88.48579545454578,1,TRAILING_STOP,False
2025-05-12 07:45:00,2025-05-12 08:00:00,2025-05-12 08:30:00,47746,SHORT,104467.99,1.3004969273368054,-6.699503072663195,31.300496927336805,-6.257419138627568,2,TRAILING_STOP,False
2025-05-12 14:15:00,2025-05-12 14:30:00,2025-05-12 15:00:00,47772,SHORT,102953.74,20.540174645428294,12.540174645428294,50.540174645428294,-48.10510040723093,2,TRAILING_STOP,False
2025-05-12 18:00:00,2025-05-12 18:15:00,2025-05-12 18:45:00,47787,SHORT,101965.64,92.32257846859041,84.32257846859041,122.32257846859041,0.0,2,TRAILING_STOP,False
2025-05-12 23:00:00,2025-05-12 23:15:00,2025-05-13 01:00:00,47812,SHORT,102916.43,42.97571437330207,34.97571437330207,72.97571437330207,-18.105952567535724,7,TRAILING_STOP,False
2025-05-13 02:15:00,2025-05-13 02:30:00,2025-05-13 05:00:00,47828,LONG,102285.72,37.127372227520596,29.127372227520596,47.07597502368895,-83.689101469883,10,TIME_EXIT,False
2025-05-13 12:30:00,2025-05-13 12:45:00,2025-05-13 13:00:00,47860,LONG,103734.84,-14.875395768672945,-22.875395768672945,5.124604231327054,-23.528257237394154,1,TRAILING_STOP,False
2025-05-13 14:15:00,2025-05-13 14:30:00,2025-05-13 15:30:00,47870,LONG,103390.9,26.630796327337315,18.630796327337315,46.630796327337315,-47.01961197745638,4,TRAILING_STOP,False
2025-05-13 19:30:00,2025-05-13 19:45:00,2025-05-13 20:00:00,47888,LONG,104840.0,-11.606257153758108,-19.606257153758108,8.393742846241892,-41.96871423120946,1,TRAILING_STOP,False
2025-05-14 00:00:00,2025-05-14 00:15:00,2025-05-14 02:45:00,47915,SHORT,103951.37,22.90494103156036,14.904941031560359,43.7271774292141,-12.634754116276781,10,TIME_EXIT,False
2025-05-14 07:45:00,2025-05-14 08:00:00,2025-05-14 08:45:00,47939,LONG,103716.55,-18.021530797157823,-26.021530797157823,1.9784692028421764,-51.05742526144602,3,TRAILING_STOP,False
2025-05-14 09:00:00,2025-05-14 09:15:00,2025-05-14 11:45:00,47951,SHORT,103129.58,-79.06073116946575,-87.06073116946575,0.0,-98.46059685300747,10,TIME_EXIT,False
2025-05-14 13:30:00,2025-05-14 13:45:00,2025-05-14 14:30:00,47962,SHORT,103712.8,48.177428436991676,40.177428436991676,78.17742843699168,-24.980523136970724,3,TRAILING_STOP,False
2025-05-15 01:30:00,2025-05-15 01:45:00,2025-05-15 04:15:00,48017,SHORT,103272.39,41.92989045765321,33.92989045765321,54.360124714843856,0.0,10,TIME_EXIT,False
2025-05-15 06:00:00,2025-05-15 06:15:00,2025-05-15 06:30:00,48026,LONG,102556.99,-10.97087385267535,-18.97087385267535,9.02912614732465,-40.65934462390181,1,TRAILING_STOP,False
2025-05-15 12:30:00,2025-05-15 12:45:00,2025-05-15 15:15:00,48061,LONG,102791.72,-29.076271902056376,-37.07627190205638,0.0,-137.039247908294,10,TIME_EXIT,False
2025-05-16 02:00:00,2025-05-16 02:15:00,2025-05-16 02:30:00,48106,LONG,104262.0,-0.4329477662048724,-8.432947766204872,19.567052233795128,-11.196792695325742,1,TRAILING_STOP,False
2025-05-16 08:15:00,2025-05-16 08:30:00,2025-05-16 09:00:00,48132,SHORT,103265.55,-26.50319007645816,-34.50319007645816,3.4968099235418375,-38.775758227211135,2,TRAILING_STOP,False
2025-05-16 13:30:00,2025-05-16 13:45:00,2025-05-16 14:00:00,48152,LONG,103740.0,5.832851359167655,-2.1671486408323446,25.832851359167655,-23.13475997686524,1,TRAILING_STOP,False
2025-05-16 15:00:00,2025-05-16 15:15:00,2025-05-16 16:00:00,48160,LONG,104099.88,23.270943251807502,15.270943251807502,43.2709432518075,-27.20079984722398,3,TRAILING_STOP,False
2025-05-17 00:15:00,2025-05-17 00:30:00,2025-05-17 02:15:00,48201,SHORT,103295.72,36.14214025518203,28.142140255182028,66.14214025518203,-12.862101159660881,7,TRAILING_STOP,False
2025-05-17 08:15:00,2025-05-17 08:30:00,2025-05-17 09:00:00,48228,LONG,103455.1,-10.834671272852432,-18.834671272852432,9.165328727147568,-30.987355867424778,2,TRAILING_STOP,False
2025-05-17 18:00:00,2025-05-17 18:15:00,2025-05-17 20:45:00,48275,LONG,103219.38,14.789858261112297,6.789858261112297,20.77129314281816,-28.200130634382973,10,TIME_EXIT,False
2025-05-17 21:15:00,2025-05-17 21:30:00,2025-05-18 00:00:00,48288,SHORT,103199.91,-1.0086956471180706,-9.00869564711807,28.99130435288193,-9.698651868979004,10,TRAILING_STOP,False
2025-05-18 05:45:00,2025-05-18 06:00:00,2025-05-18 08:30:00,48322,LONG,103648.2,22.45129196647892,14.45129196647892,42.45129196647892,-26.99902169068025,10,TRAILING_STOP,False
2025-05-18 13:30:00,2025-05-18 13:45:00,2025-05-18 14:00:00,48344,LONG,104460.0,17.90158912502377,9.901589125023769,37.90158912502377,0.0,1,TRAILING_STOP,False
2025-05-18 14:30:00,2025-05-18 14:45:00,2025-05-18 16:00:00,48352,LONG,105199.99,25.628331333491076,17.628331333491076,45.628331333491076,-21.85931766723613,5,TRAILING_STOP,False
2025-05-18 16:45:00,2025-05-18 17:00:00,2025-05-18 17:15:00,48357,LONG,105822.22,-15.351637869626783,-23.351637869626785,4.648362130373217,-38.84061400337321,1,TRAILING_STOP,False
2025-05-18 20:00:00,2025-05-18 20:15:00,2025-05-18 22:45:00,48379,SHORT,103668.27,-217.98666072077808,-225.98666072077808,0.0,-222.99204954418562,10,TIME_EXIT,False
2025-05-18 23:00:00,2025-05-18 23:15:00,2025-05-18 23:45:00,48383,SHORT,105727.99,-20.248561426354,-28.248561426354,9.751438573645997,-88.15168055308672,2,TRAILING_STOP,False
2025-05-19 00:00:00,2025-05-19 00:15:00,2025-05-19 02:45:00,48395,LONG,106542.32,-178.06726941932675,-186.06726941932675,0.0,-185.2146639945523,10,TIME_EXIT,False
2025-05-19 03:15:00,2025-05-19 03:30:00,2025-05-19 06:00:00,48408,LONG,104217.4,-106.17037078261366,-114.17037078261366,0.0,-163.45926879772466,10,TIME_EXIT,False
2025-05-19 06:30:00,2025-05-19 06:45:00,2025-05-19 07:00:00,48412,SHORT,102406.45,-7.292445934802583,-15.292445934802583,22.707554065197417,-27.486549919462682,1,TRAILING_STOP,False
2025-05-19 12:30:00,2025-05-19 12:45:00,2025-05-19 13:30:00,48438,SHORT,102393.55,-22.99565255819325,-30.99565255819325,7.004347441806751,-62.39846162185003,3,TRAILING_STOP,False
2025-05-19 13:45:00,2025-05-19 14:00:00,2025-05-19 14:15:00,48441,LONG,103294.11,24.669536336583327,16.669536336583327,44.66953633658333,0.0,1,TRAILING_STOP,False
2025-05-19 22:30:00,2025-05-19 22:45:00,2025-05-19 23:15:00,48477,LONG,105389.99,21.74969558304351,13.749695583043511,41.74969558304351,0.0,2,TRAILING_STOP,False
2025-05-20 00:15:00,2025-05-20 00:30:00,2025-05-20 03:00:00,48492,SHORT,105643.99,-26.78902983501425,-34.78902983501425,0.0,-114.46746757671674,10,TIME_EXIT,False
2025-05-20 03:15:00,2025-05-20 03:30:00,2025-05-20 05:30:00,48502,LONG,106097.61,8.406860437289719,0.4068604372897191,28.40686043728972,-53.21514782472535,8,TRAILING_STOP,False
2025-05-20 08:15:00,2025-05-20 08:30:00,2025-05-20 10:30:00,48522,LONG,104895.24,29.708642641934773,21.708642641934773,49.70864264193477,0.0,8,TRAILING_STOP,False
2025-05-20 13:30:00,2025-05-20 13:45:00,2025-05-20 16:15:00,48545,SHORT,104243.61,-96.87692128083482,-104.87692128083482,0.0,-122.80848677439289,10,TIME_EXIT,False
2025-05-20 17:00:00,2025-05-20 17:15:00,2025-05-20 18:15:00,48553,LONG,106103.87,9.718048926962513,1.7180489269625134,29.718048926962513,-33.875295971767386,4,TRAILING_STOP,False
2025-05-20 19:45:00,2025-05-20 20:00:00,2025-05-20 20:45:00,48563,LONG,107026.47,7.42592556775897,-0.57407443224103,27.42592556775897,-57.81840697913308,3,TRAILING_STOP,False
2025-05-21 04:30:00,2025-05-21 04:45:00,2025-05-21 05:30:00,48598,LONG,107521.41,-1.6529563739919766,-9.652956373991977,18.347043626008023,-22.30811519305788,3,TRAILING_STOP,False
2025-05-21 09:45:00,2025-05-21 10:00:00,2025-05-21 12:00:00,48624,LONG,106200.03,31.00563530914328,23.00563530914328,51.00563530914328,-3.90395369944734,8,TRAILING_STOP,False
2025-05-21 13:30:00,2025-05-21 13:45:00,2025-05-21 14:15:00,48633,LONG,107140.17,36.480216523830855,28.480216523830855,56.480216523830855,-1.5484388348456521,2,TRAILING_STOP,False
2025-05-21 14:30:00,2025-05-21 14:45:00,2025-05-21 15:00:00,48636,LONG,107779.85,135.70164553021684,127.70164553021684,155.70164553021684,0.0,1,TRAILING_STOP,False
2025-05-21 16:30:00,2025-05-21 16:45:00,2025-05-21 19:15:00,48653,LONG,109514.76,-209.17454414363777,-217.17454414363777,0.0,-310.19471713219264,10,TIME_EXIT,False
2025-05-21 23:15:00,2025-05-21 23:30:00,2025-05-22 00:15:00,48673,LONG,109752.66,18.799059630992247,10.799059630992247,38.79905963099225,-37.903409357003284,3,TRAILING_STOP,False
2025-05-22 12:15:00,2025-05-22 12:30:00,2025-05-22 13:00:00,48724,LONG,111285.71,10.61668924069286,2.6166892406928604,30.61668924069286,-4.703209423744617,2,TRAILING_STOP,False
2025-05-22 13:30:00,2025-05-22 13:45:00,2025-05-22 14:15:00,48729,SHORT,111314.61,32.85877478257404,24.858774782574038,62.85877478257404,-0.8291813626257978,2,TRAILING_STOP,False
2025-05-23 01:00:00,2025-05-23 01:15:00,2025-05-23 02:15:00,48777,SHORT,111353.0,-18.70888076657154,-26.70888076657154,11.291119233428459,-23.881709518377864,4,TRAILING_STOP,False
2025-05-23 07:30:00,2025-05-23 07:45:00,2025-05-23 09:15:00,48805,SHORT,110764.49,-25.56897702503738,-33.568977025037384,4.43102297496262,-43.648465315914976,6,TRAILING_STOP,False
2025-05-23 11:30:00,2025-05-23 11:45:00,2025-05-23 12:15:00,48817,SHORT,110380.0,247.58651929697407,239.58651929697407,277.5865192969741,0.0,2,TRAILING_STOP,False
2025-05-23 12:30:00,2025-05-23 12:45:00,2025-05-23 13:30:00,48822,LONG,108581.61,71.43813579481883,63.438135794818834,91.43813579481883,-60.672336687583986,3,TRAILING_STOP,False
2025-05-23 22:45:00,2025-05-23 23:00:00,2025-05-23 23:45:00,48863,SHORT,107797.37,62.522665441651824,54.522665441651824,92.52266544165182,0.0,3,TRAILING_STOP,False
2025-05-24 06:30:00,2025-05-24 06:45:00,2025-05-24 08:15:00,48897,SHORT,107945.27,5.101121151488037,-2.8988788485119628,35.10112115148804,-26.12434986729849,6,TRAILING_STOP,False
2025-05-24 10:15:00,2025-05-24 10:30:00,2025-05-24 11:30:00,48910,LONG,108394.0,82.59147185268547,74.59147185268547,102.59147185268547,0.0,4,TRAILING_STOP,False
2025-05-24 22:15:00,2025-05-24 22:30:00,2025-05-24 23:00:00,48956,SHORT,108514.81,47.68893480991153,39.68893480991153,77.68893480991153,0.0,2,TRAILING_STOP,False
2025-05-24 23:15:00,2025-05-24 23:30:00,2025-05-25 00:00:00,48960,SHORT,108008.13,17.045532590926683,9.045532590926683,47.04553259092668,-2.527587506606064,2,TRAILING_STOP,False
2025-05-25 06:00:00,2025-05-25 06:15:00,2025-05-25 08:45:00,48995,SHORT,108019.09,84.2147438938796,76.2147438938796,101.1811893619912,0.0,10,TIME_EXIT,False
2025-05-25 09:00:00,2025-05-25 09:15:00,2025-05-25 09:30:00,48998,LONG,107181.81,-16.726123583843517,-24.726123583843517,3.273876416156483,-44.11476163725932,1,TRAILING_STOP,False
2025-05-25 15:00:00,2025-05-25 15:15:00,2025-05-25 15:30:00,49022,SHORT,107287.33,34.0047617924691,26.004761792469097,64.0047617924691,0.0,1,TRAILING_STOP,False
2025-05-25 15:45:00,2025-05-25 16:00:00,2025-05-25 16:30:00,49026,SHORT,106967.97,0.6119673019874163,-7.388032698012584,30.611967301987416,-15.74303036694014,2,TRAILING_STOP,False
2025-05-25 19:45:00,2025-05-25 20:00:00,2025-05-25 21:00:00,49044,SHORT,107717.02,-1.4130598859857493,-9.41305988598575,28.58694011401425,-18.327651470491688,4,TRAILING_STOP,False
2025-05-25 22:00:00,2025-05-25 22:15:00,2025-05-25 23:00:00,49052,LONG,108363.64,66.40813468429131,58.40813468429131,86.40813468429131,-6.750419236562577,3,TRAILING_STOP,False
2025-05-26 07:00:00,2025-05-26 07:15:00,2025-05-26 09:45:00,49095,SHORT,109836.26,11.262218870161556,3.262218870161556,21.510200729703907,-30.74212468632886,10,TIME_EXIT,False
2025-05-26 15:30:00,2025-05-26 15:45:00,2025-05-26 16:00:00,49120,LONG,109963.97,21.672740625861366,13.672740625861366,41.672740625861366,0.0,1,TRAILING_STOP,False
2025-05-26 16:15:00,2025-05-26 16:30:00,2025-05-26 18:00:00,49128,SHORT,109331.91,12.137743683431225,4.137743683431225,42.137743683431225,-33.04890585008546,6,TRAILING_STOP,False
2025-05-27 01:00:00,2025-05-27 01:15:00,2025-05-27 02:15:00,49161,SHORT,108723.26,19.831103298410923,11.831103298410923,49.83110329841092,0.0,4,TRAILING_STOP,False
2025-05-27 06:45:00,2025-05-27 07:00:00,2025-05-27 09:30:00,49190,SHORT,108828.18,-70.00208953232583,-78.00208953232583,0.0,-88.28779457673619,10,TIME_EXIT,False
2025-05-27 13:00:00,2025-05-27 13:15:00,2025-05-27 13:30:00,49206,LONG,110374.06,8.973293181387742,0.9732931813877421,28.973293181387742,-33.890209348102054,1,TRAILING_STOP,False
2025-05-27 13:45:00,2025-05-27 14:00:00,2025-05-27 14:30:00,49210,SHORT,109837.26,76.24536700933739,68.24536700933739,106.24536700933739,-34.152345023902626,2,TRAILING_STOP,False
2025-05-28 08:30:00,2025-05-28 08:45:00,2025-05-28 09:00:00,49284,LONG,109073.97,-19.757962417614447,-27.757962417614447,0.24203758238555156,-29.70186195661542,1,TRAILING_STOP,False
2025-05-28 09:30:00,2025-05-28 09:45:00,2025-05-28 12:15:00,49297,LONG,108804.44,19.199584134617503,11.199584134617503,22.568931929615893,-50.22129611622537,10,TIME_EXIT,False
2025-05-28 13:30:00,2025-05-28 13:45:00,2025-05-28 14:15:00,49305,SHORT,108515.83,52.000017877576184,44.000017877576184,82.00001787757618,0.0,2,TRAILING_STOP,False
2025-05-28 14:30:00,2025-05-28 14:45:00,2025-05-28 16:15:00,49313,SHORT,107603.84,21.893129464524627,13.893129464524627,51.89312946452463,-6.825035240378255,6,TRAILING_STOP,False
2025-05-28 23:15:00,2025-05-28 23:30:00,2025-05-29 00:15:00,49345,SHORT,107956.55,19.596805381424986,11.596805381424986,49.596805381424986,-5.878290849419683,3,TRAILING_STOP,False
2025-05-29 01:00:00,2025-05-29 01:15:00,2025-05-29 01:45:00,49351,SHORT,108009.58,-11.785874919613988,-19.78587491961399,18.21412508038601,-31.31203732113365,2,TRAILING_STOP,False
2025-05-29 04:30:00,2025-05-29 04:45:00,2025-05-29 07:15:00,49373,SHORT,107399.99,-54.44972574019733,-62.44972574019733,0.0,-57.05773343181767,10,TIME_EXIT,False
2025-05-29 08:45:00,2025-05-29 09:00:00,2025-05-29 10:45:00,49387,SHORT,108492.5,-16.69493282945772,-24.69493282945772,13.305067170542278,-33.610618245500305,7,TRAILING_STOP,False
2025-05-29 13:30:00,2025-05-29 13:45:00,2025-05-29 14:30:00,49402,SHORT,107592.58,73.96441836416616,65.96441836416616,103.96441836416616,-16.98816033596358,3,TRAILING_STOP,False
2025-05-29 23:45:00,2025-05-30 00:00:00,2025-05-30 00:45:00,49443,SHORT,105589.75,63.688071048562946,55.688071048562946,93.68807104856295,-59.2083985424715,3,TRAILING_STOP,False
2025-05-30 01:00:00,2025-05-30 01:15:00,2025-05-30 01:45:00,49447,LONG,105517.9,18.668320730416745,10.668320730416745,38.668320730416745,0.0,2,TRAILING_STOP,False
2025-05-30 06:15:00,2025-05-30 06:30:00,2025-05-30 08:15:00,49473,SHORT,105949.49,85.31627004528329,77.31627004528329,115.31627004528329,0.0,7,TRAILING_STOP,False
2025-05-30 16:30:00,2025-05-30 16:45:00,2025-05-30 17:45:00,49511,SHORT,104400.0,24.02011494252885,16.02011494252885,54.02011494252885,0.0,4,TRAILING_STOP,False
2025-05-31 01:45:00,2025-05-31 02:00:00,2025-05-31 03:15:00,49549,SHORT,103476.6,9.434036294196268,1.434036294196268,39.43403629419627,-36.29612878660365,5,TRAILING_STOP,False
2025-05-31 10:00:00,2025-05-31 10:15:00,2025-05-31 12:00:00,49584,SHORT,103476.0,-11.610228458773669,-19.61022845877367,18.38977154122633,-43.68066024972025,7,TRAILING_STOP,False
2025-05-31 14:00:00,2025-05-31 14:15:00,2025-05-31 15:15:00,49597,SHORT,104404.41,-18.855834729586057,-26.855834729586057,11.144165270413943,-36.364364302236226,4,TRAILING_STOP,False
2025-05-31 21:00:00,2025-05-31 21:15:00,2025-05-31 23:45:00,49631,SHORT,104676.12,8.04768078908453,0.04768078908453077,19.385510276842346,-21.387877196824327,10,TIME_EXIT,False
2025-06-01 01:30:00,2025-06-01 01:45:00,2025-06-01 02:30:00,49642,SHORT,104213.05,-2.3134482677554473,-10.313448267755447,27.686551732244553,-4.296007073970493,3,TRAILING_STOP,False
2025-06-01 09:15:00,2025-06-01 09:30:00,2025-06-01 11:30:00,49678,SHORT,104032.55,-3.079579420095186,-11.079579420095186,26.920420579904814,-11.505052985820528,8,TRAILING_STOP,False
2025-06-01 14:15:00,2025-06-01 14:30:00,2025-06-01 15:00:00,49692,LONG,104670.18,-10.120395321761796,-18.120395321761798,9.879604678238204,-15.973030714190783,2,TRAILING_STOP,False
2025-06-01 16:00:00,2025-06-01 16:15:00,2025-06-01 18:00:00,49704,LONG,105097.58,-6.448784072858933,-14.448784072858933,13.551215927141067,-20.542813640429088,7,TRAILING_STOP,False
2025-06-02 08:15:00,2025-06-02 08:30:00,2025-06-02 11:00:00,49772,LONG,105811.14,-138.00909809685385,-146.00909809685385,0.0,-152.26468593004523,10,TIME_EXIT,False
2025-06-02 22:15:00,2025-06-02 22:30:00,2025-06-03 00:15:00,49825,LONG,105750.52,41.41624646384678,33.41624646384678,61.41624646384678,-23.038184587650694,7,TRAILING_STOP,False
2025-06-03 13:30:00,2025-06-03 13:45:00,2025-06-03 15:00:00,49884,LONG,105579.95,85.36849089244653,77.36849089244653,105.36849089244653,-40.63366197843386,5,TRAILING_STOP,False
2025-06-04 05:00:00,2025-06-04 05:15:00,2025-06-04 07:45:00,49951,LONG,105497.39,-16.74354218620948,-24.74354218620948,0.0,-23.4498692337317,10,TIME_EXIT,False
2025-06-04 09:30:00,2025-06-04 09:45:00,2025-06-04 10:15:00,49961,LONG,105680.54,10.228838724708108,2.2288387247081083,30.22883872470811,0.0,2,TRAILING_STOP,False
2025-06-04 11:15:00,2025-06-04 11:30:00,2025-06-04 14:00:00,49976,SHORT,105442.77,90.20248614485467,82.20248614485467,119.85364193296554,0.0,10,TIME_EXIT,False
2025-06-04 20:15:00,2025-06-04 20:30:00,2025-06-04 21:30:00,50006,SHORT,104681.96,-17.377958914792515,-25.377958914792515,12.622041085207485,-31.824967740381833,4,TRAILING_STOP,False
2025-06-05 02:30:00,2025-06-05 02:45:00,2025-06-05 05:15:00,50037,LONG,105170.39,-14.699078324231753,-22.699078324231753,5.3009216757682465,-27.592367015088783,10,TRAILING_STOP,False
2025-06-05 05:30:00,2025-06-05 05:45:00,2025-06-05 08:15:00,50049,SHORT,104740.01,11.125643390715624,3.1256433907156236,34.3717744537159,0.0,10,TIME_EXIT,False
2025-06-05 12:00:00,2025-06-05 12:15:00,2025-06-05 13:15:00,50069,LONG,105104.09,56.6497288545108,48.6497288545108,76.6497288545108,0.0,4,TRAILING_STOP,False
2025-06-05 13:45:00,2025-06-05 14:00:00,2025-06-05 14:15:00,50073,SHORT,104527.0,29.984501612023692,21.984501612023692,59.98450161202369,0.0,1,TRAILING_STOP,False
2025-06-05 19:15:00,2025-06-05 19:30:00,2025-06-05 20:15:00,50097,SHORT,102215.03,93.91426192410222,85.91426192410222,123.91426192410222,0.0,3,TRAILING_STOP,False
2025-06-05 20:45:00,2025-06-05 21:00:00,2025-06-05 21:15:00,50101,SHORT,100483.92,-29.669598877114623,-37.66959887711462,0.33040112288537643,-64.9307869358597,1,TRAILING_STOP,False
2025-06-06 05:30:00,2025-06-06 05:45:00,2025-06-06 08:15:00,50145,SHORT,102883.72,-50.39281239053096,-58.39281239053096,0.0,-58.8314652697238,10,TIME_EXIT,False
2025-06-06 11:15:00,2025-06-06 11:30:00,2025-06-06 13:00:00,50164,SHORT,103852.99,2.670219701908259,-5.329780298091741,32.67021970190826,-43.04257393070674,6,TRAILING_STOP,False
2025-06-06 13:30:00,2025-06-06 13:45:00,2025-06-06 15:15:00,50173,LONG,104370.01,72.26692610262329,64.26692610262329,92.26692610262329,-34.9889781556975,6,TRAILING_STOP,False
2025-06-07 00:15:00,2025-06-07 00:30:00,2025-06-07 03:00:00,50220,LONG,104181.41,54.197769064557626,46.197769064557626,58.36741890899746,0.0,10,TIME_EXIT,False
2025-06-07 06:45:00,2025-06-07 07:00:00,2025-06-07 09:30:00,50246,LONG,105316.36,-50.655947471029684,-58.655947471029684,0.0,-59.492181461645934,10,TIME_EXIT,False
2025-06-07 12:00:00,2025-06-07 12:15:00,2025-06-07 12:45:00,50259,LONG,105278.69,20.30255315676923,12.302553156769228,40.30255315676923,-2.4306913393390923,2,TRAILING_STOP,False
2025-06-07 18:15:00,2025-06-07 18:30:00,2025-06-07 21:00:00,50292,LONG,105761.3,3.214786505082672,-4.785213494917328,13.114437889851684,-20.685260109322037,10,TIME_EXIT,False
2025-06-08 01:00:00,2025-06-08 01:15:00,2025-06-08 02:00:00,50312,LONG,105536.65,3.6581320328063853,-4.341867967193615,23.658132032806385,-5.97612298665842,3,TRAILING_STOP,False
2025-06-08 09:00:00,2025-06-08 09:15:00,2025-06-08 10:30:00,50346,SHORT,105311.92,3.0238020539364214,-4.976197946063579,33.02380205393642,-14.521623003360643,5,TRAILING_STOP,False
2025-06-08 12:15:00,2025-06-08 12:30:00,2025-06-08 15:00:00,50364,SHORT,105649.6,-21.72074480168395,-29.72074480168395,8.279255198316052,-48.32862594841784,10,TRAILING_STOP,False
2025-06-08 22:00:00,2025-06-08 22:15:00,2025-06-09 00:45:00,50403,SHORT,105960.78,24.012658268465216,16.012658268465216,39.172040824915825,-5.374630122579042,10,TIME_EXIT,False
2025-06-09 09:15:00,2025-06-09 09:30:00,2025-06-09 09:45:00,50439,LONG,106151.87,49.3468706674696,41.3468706674696,69.3468706674696,0.0,1,TRAILING_STOP,False
2025-06-09 10:00:00,2025-06-09 10:15:00,2025-06-09 12:00:00,50448,LONG,107176.37,38.747091359784314,30.747091359784314,58.747091359784314,-13.190407549723448,7,TRAILING_STOP,False
2025-06-09 21:00:00,2025-06-09 21:15:00,2025-06-09 21:30:00,50486,LONG,109222.69,99.70772739620274,91.70772739620274,119.70772739620274,0.0,1,TRAILING_STOP,False
2025-06-10 07:30:00,2025-06-10 07:45:00,2025-06-10 09:45:00,50535,SHORT,109161.0,-20.46362711957514,-28.46362711957514,9.53637288042486,-33.0557616731247,8,TRAILING_STOP,False
2025-06-10 11:15:00,2025-06-10 11:30:00,2025-06-10 12:00:00,50544,LONG,109745.27,-18.963053259608355,-26.963053259608355,1.0369467403916455,-30.037741034306876,2,TRAILING_STOP,False
2025-06-10 13:30:00,2025-06-10 13:45:00,2025-06-10 15:00:00,50556,SHORT,109020.0,20.606310768666887,12.606310768666887,50.60631076866689,-28.659878921298578,5,TRAILING_STOP,False
2025-06-11 09:30:00,2025-06-11 09:45:00,2025-06-11 12:15:00,50641,SHORT,109289.35,1.1986529337035878,-6.801347066296412,25.668557823795165,-16.407820158139142,10,TIME_EXIT,False
2025-06-11 12:30:00,2025-06-11 12:45:00,2025-06-11 14:30:00,50650,LONG,109827.44,31.40518617205249,23.40518617205249,51.40518617205249,-47.89513440357019,7,TRAILING_STOP,False
2025-06-11 22:15:00,2025-06-11 22:30:00,2025-06-12 01:00:00,50692,SHORT,108286.29,-26.01622052062188,-34.01622052062188,0.0,-48.691297854974,10,TIME_EXIT,False
2025-06-12 01:30:00,2025-06-12 01:45:00,2025-06-12 02:30:00,50698,LONG,108489.18,4.87068295658673,-3.1293170434132698,24.87068295658673,-2.440796400156765,3,TRAILING_STOP,False
2025-06-12 02:45:00,2025-06-12 03:00:00,2025-06-12 04:45:00,50707,SHORT,108400.52,69.67848862717669,61.67848862717669,99.67848862717669,0.0,7,TRAILING_STOP,False
2025-06-12 12:30:00,2025-06-12 12:45:00,2025-06-12 15:00:00,50748,LONG,107407.35,18.65191721050693,10.65191721050693,38.65191721050693,-75.16710914104164,9,TRAILING_STOP,False
2025-06-12 19:45:00,2025-06-12 20:00:00,2025-06-12 20:15:00,50769,SHORT,106789.8,5.650408559619585,-2.349591440380415,35.650408559619585,-10.506621418899286,1,TRAILING_STOP,False
2025-06-12 20:30:00,2025-06-12 20:45:00,2025-06-12 21:00:00,50772,SHORT,106013.25,-15.629154846209714,-23.629154846209715,14.370845153790286,-24.028128559401388,1,TRAILING_STOP,False
2025-06-13 00:00:00,2025-06-13 00:15:00,2025-06-13 00:30:00,50786,SHORT,104328.68,76.85556454850169,68.85556454850169,106.85556454850169,0.0,1,TRAILING_STOP,False
2025-06-13 01:00:00,2025-06-13 01:15:00,2025-06-13 03:45:00,50799,SHORT,102906.36,-133.214312507021,-141.214312507021,0.0,-163.6089353466588,10,TIME_EXIT,False
2025-06-13 08:00:00,2025-06-13 08:15:00,2025-06-13 10:45:00,50827,LONG,105396.5,-49.573752449085625,-57.573752449085625,0.0,-92.10078133524419,10,TIME_EXIT,False
2025-06-13 14:00:00,2025-06-13 14:15:00,2025-06-13 14:30:00,50842,SHORT,104548.38,11.165630686960874,3.165630686960874,41.165630686960874,-18.585653837964554,1,TRAILING_STOP,False
2025-06-13 15:15:00,2025-06-13 15:30:00,2025-06-13 15:45:00,50847,LONG,105633.99,-13.193478727822914,-21.193478727822914,6.806521272177087,-34.20584605390762,1,TRAILING_STOP,False
2025-06-13 23:15:00,2025-06-13 23:30:00,2025-06-14 02:00:00,50888,SHORT,105874.27,38.371929270445904,30.371929270445904,47.25132933620265,-35.6772235596048,10,TIME_EXIT,False
2025-06-14 15:30:00,2025-06-14 15:45:00,2025-06-14 18:00:00,50952,SHORT,104740.26,6.352783542832029,-1.6472164571679713,36.35278354283203,-24.389857348072884,9,TRAILING_STOP,False
2025-06-15 05:45:00,2025-06-15 06:00:00,2025-06-15 08:30:00,51010,LONG,106073.95,-78.6196799496952,-86.6196799496952,0.0,-82.39063408122325,10,TIME_EXIT,False
2025-06-15 13:00:00,2025-06-15 13:15:00,2025-06-15 14:00:00,51032,LONG,105404.3,4.28838292175886,-3.71161707824114,24.28838292175886,-10.454032710240694,3,TRAILING_STOP,False
2025-06-15 14:45:00,2025-06-15 15:00:00,2025-06-15 15:45:00,51039,LONG,105657.63,-7.081860533878084,-15.081860533878084,12.918139466121916,-11.22777408503339,3,TRAILING_STOP,False
2025-06-15 19:30:00,2025-06-15 19:45:00,2025-06-15 21:15:00,51061,SHORT,105150.0,32.336661911555034,24.336661911555034,62.336661911555034,-14.265335235378032,6,TRAILING_STOP,False
2025-06-16 04:15:00,2025-06-16 04:30:00,2025-06-16 05:30:00,51094,LONG,106226.1,32.681026602689975,24.681026602689975,52.681026602689975,-6.222576184196334,4,TRAILING_STOP,False
2025-06-16 07:30:00,2025-06-16 07:45:00,2025-06-16 09:00:00,51108,LONG,107181.35,-13.127535714003514,-21.127535714003514,6.872464285996485,-21.167861759532293,5,TRAILING_STOP,False
2025-06-16 14:00:00,2025-06-16 14:15:00,2025-06-16 16:45:00,51139,SHORT,106969.18,-74.48968011159965,-82.48968011159965,0.0,-87.67011208275159,10,TIME_EXIT,False
2025-06-16 19:00:00,2025-06-16 19:15:00,2025-06-16 19:30:00,51150,LONG,108611.59,-1.3813608658154095,-9.38136086581541,18.61863913418459,-17.6399222219283,1,TRAILING_STOP,False
2025-06-16 22:30:00,2025-06-16 22:45:00,2025-06-17 00:15:00,51169,SHORT,107457.42,94.89319025154265,86.89319025154265,124.89319025154265,-48.87610366971461,6,TRAILING_STOP,False
2025-06-17 07:00:00,2025-06-17 07:15:00,2025-06-17 08:30:00,51202,LONG,106718.34,-10.213490951976732,-18.21349095197673,9.786509048023268,-22.18362841850714,5,TRAILING_STOP,False
2025-06-17 09:45:00,2025-06-17 10:00:00,2025-06-17 12:30:00,51218,SHORT,106160.58,37.61094749105542,29.61094749105542,61.44936284259241,-0.7253163085579496,10,TIME_EXIT,False
2025-06-17 14:00:00,2025-06-17 14:15:00,2025-06-17 16:45:00,51235,LONG,105672.55,-193.22709634621336,-201.22709634621336,0.0,-205.591707591045,10,TIME_EXIT,False
2025-06-18 06:45:00,2025-06-18 07:00:00,2025-06-18 08:00:00,51296,SHORT,104966.19,-16.25271623176921,-24.25271623176921,13.74728376823079,-32.813423065083434,4,TRAILING_STOP,False
2025-06-18 13:00:00,2025-06-18 13:15:00,2025-06-18 13:30:00,51318,SHORT,104054.84,-6.858356612724318,-14.858356612724318,23.141643387275682,-30.647300980906678,1,TRAILING_STOP,False
2025-06-18 14:00:00,2025-06-18 14:15:00,2025-06-18 14:45:00,51323,LONG,105039.32,6.048340754679867,-1.9516592453201334,26.048340754679867,-53.81032550477298,2,TRAILING_STOP,False
2025-06-19 13:45:00,2025-06-19 14:00:00,2025-06-19 16:30:00,51426,SHORT,104283.33,6.677960897489505,-1.3220391025104954,19.689628246432267,-39.041714529062254,10,TIME_EXIT,False
2025-06-19 17:30:00,2025-06-19 17:45:00,2025-06-19 20:15:00,51441,LONG,104714.24,-35.21966066888352,-43.21966066888352,0.0,-56.08215272345092,10,TIME_EXIT,False
2025-06-19 22:00:00,2025-06-19 22:15:00,2025-06-19 23:15:00,51453,LONG,104533.73,14.876780920378692,6.8767809203786925,34.87678092037869,-6.712665854360909,4,TRAILING_STOP,False
2025-06-20 02:30:00,2025-06-20 02:45:00,2025-06-20 05:15:00,51477,SHORT,104575.8,22.904916816318767,14.904916816318767,32.30001587365326,-11.876552701485151,10,TIME_EXIT,False
2025-06-20 07:15:00,2025-06-20 07:30:00,2025-06-20 08:30:00,51490,LONG,105178.85,107.95348114188245,99.95348114188245,127.95348114188245,0.0,4,TRAILING_STOP,False
2025-06-20 13:45:00,2025-06-20 14:00:00,2025-06-20 15:00:00,51516,SHORT,105673.99,139.0094222807339,131.0094222807339,169.0094222807339,-2.0828209477085857,4,TRAILING_STOP,False
2025-06-20 16:30:00,2025-06-20 16:45:00,2025-06-20 17:30:00,51526,SHORT,103780.01,108.27422063266278,100.27422063266278,138.27422063266278,0.0,3,TRAILING_STOP,False
2025-06-21 07:00:00,2025-06-21 07:15:00,2025-06-21 09:45:00,51591,SHORT,103380.54,-44.76954753767022,-52.76954753767022,0.0,-53.47137865598382,10,TIME_EXIT,False
2025-06-21 13:45:00,2025-06-21 14:00:00,2025-06-21 16:15:00,51617,SHORT,103572.29,-1.954853947905697,-9.954853947905697,28.045146052094303,-19.668388137406872,9,TRAILING_STOP,False
2025-06-21 18:45:00,2025-06-21 19:00:00,2025-06-21 20:30:00,51634,SHORT,102645.22,12.790107517914734,4.790107517914734,42.790107517914734,-4.526270195532909,6,TRAILING_STOP,False
2025-06-21 21:15:00,2025-06-21 21:30:00,2025-06-21 22:00:00,51640,SHORT,101848.0,13.832966774015496,5.832966774015496,43.832966774015496,-14.924200769774567,2,TRAILING_STOP,False
2025-06-21 23:45:00,2025-06-22 00:00:00,2025-06-22 00:15:00,51649,LONG,102120.02,45.66391193421208,37.66391193421208,65.66391193421208,-13.564431342649959,1,TRAILING_STOP,False
2025-06-22 09:00:00,2025-06-22 09:15:00,2025-06-22 10:15:00,51689,SHORT,102596.78,20.370001865555516,12.370001865555516,50.370001865555516,0.0,4,TRAILING_STOP,False
2025-06-22 13:00:00,2025-06-22 13:15:00,2025-06-22 13:45:00,51703,SHORT,102281.83,166.81697130370094,158.81697130370094,196.81697130370094,0.0,2,TRAILING_STOP,False
2025-06-22 14:00:00,2025-06-22 14:15:00,2025-06-22 14:45:00,51707,SHORT,100451.46,107.887493123545,99.887493123545,137.887493123545,0.0,2,TRAILING_STOP,False
2025-06-22 22:00:00,2025-06-22 22:15:00,2025-06-22 23:00:00,51740,LONG,100334.8,49.75147207150373,41.75147207150373,69.75147207150373,-3.468387837520273,3,TRAILING_STOP,False
2025-06-23 00:45:00,2025-06-23 01:00:00,2025-06-23 01:45:00,51751,SHORT,100904.6,3.735825720532411,-4.264174279467589,33.73582572053241,-20.342977426201532,3,TRAILING_STOP,False
2025-06-23 05:45:00,2025-06-23 06:00:00,2025-06-23 06:15:00,51769,LONG,101771.01,8.856940694605232,0.8569406946052318,28.856940694605232,0.0,1,TRAILING_STOP,False
2025-06-23 13:30:00,2025-06-23 13:45:00,2025-06-23 14:00:00,51800,LONG,102000.0,40.10686274509769,32.10686274509769,60.10686274509769,0.0,1,TRAILING_STOP,False
2025-06-23 16:15:00,2025-06-23 16:30:00,2025-06-23 16:45:00,51811,SHORT,100272.17,-25.02853084759298,-33.028530847592975,4.971469152407021,-64.77569997737199,1,TRAILING_STOP,False
2025-06-23 17:30:00,2025-06-23 17:45:00,2025-06-23 18:15:00,51817,LONG,102374.17,59.290508533548646,51.290508533548646,79.29050853354865,0.0,2,TRAILING_STOP,False
2025-06-23 22:00:00,2025-06-23 22:15:00,2025-06-23 22:30:00,51834,LONG,105323.84,51.24312976055569,43.24312976055569,71.24312976055569,-43.02349781398014,1,TRAILING_STOP,False
2025-06-24 13:15:00,2025-06-24 13:30:00,2025-06-24 14:00:00,51896,SHORT,105105.44,-3.4628388406919512,-11.462838840691951,26.53716115930805,-17.654652318661878,2,TRAILING_STOP,False
2025-06-24 14:15:00,2025-06-24 14:30:00,2025-06-24 15:30:00,51902,LONG,105383.83,13.030684119185693,5.030684119185693,33.03068411918569,-18.32634095762174,4,TRAILING_STOP,False
2025-06-24 16:45:00,2025-06-24 17:00:00,2025-06-24 19:30:00,51918,LONG,106225.25,-72.8630904610726,-80.8630904610726,0.0,-86.22996886333485,10,TIME_EXIT,False
2025-06-25 00:00:00,2025-06-25 00:15:00,2025-06-25 01:15:00,51941,LONG,106438.2,-3.2945314746023833,-11.294531474602383,16.705468525397617,-59.20524774000296,4,TRAILING_STOP,False
2025-06-25 02:00:00,2025-06-25 02:15:00,2025-06-25 04:45:00,51955,LONG,106725.56,-49.472684893852986,-57.472684893852986,0.0,-67.89001622479168,10,TIME_EXIT,False
2025-06-25 09:00:00,2025-06-25 09:15:00,2025-06-25 09:30:00,51974,LONG,106824.5,-6.20073110569172,-14.20073110569172,13.79926889430828,-35.094009333064925,1,TRAILING_STOP,False
2025-06-25 10:15:00,2025-06-25 10:30:00,2025-06-25 12:15:00,51985,LONG,107108.64,-7.97482630719586,-15.97482630719586,12.02517369280414,-22.569607829957064,7,TRAILING_STOP,False
2025-06-25 13:15:00,2025-06-25 13:30:00,2025-06-25 14:00:00,51992,LONG,107870.17,4.578620762348358,-3.4213792376516423,24.578620762348358,-15.776372652420315,2,TRAILING_STOP,False
2025-06-25 14:15:00,2025-06-25 14:30:00,2025-06-25 16:00:00,52000,SHORT,107541.02,43.33573737723553,35.33573737723553,73.33573737723553,-31.81576667210281,6,TRAILING_STOP,False
2025-06-26 01:30:00,2025-06-26 01:45:00,2025-06-26 02:30:00,52042,LONG,107629.87,9.743601845844903,1.7436018458449034,29.743601845844903,0.0,3,TRAILING_STOP,False
2025-06-26 02:45:00,2025-06-26 03:00:00,2025-06-26 03:15:00,52045,LONG,107920.47,-3.364601729403251,-11.364601729403251,16.63539827059675,-11.162849828211566,1,TRAILING_STOP,False
2025-06-26 07:15:00,2025-06-26 07:30:00,2025-06-26 07:45:00,52063,LONG,107973.58,-9.595602924345336,-17.595602924345336,10.404397075654664,-16.07615492604781,1,TRAILING_STOP,False
2025-06-26 09:00:00,2025-06-26 09:15:00,2025-06-26 11:45:00,52079,SHORT,107297.47,-2.6039756575809596,-10.60397565758096,16.759015846320235,-17.353624461042475,10,TIME_EXIT,False
2025-06-26 13:30:00,2025-06-26 13:45:00,2025-06-26 14:45:00,52091,LONG,107226.69,30.2542790419065,22.2542790419065,50.2542790419065,-31.93048297956457,4,TRAILING_STOP,False
2025-06-26 20:30:00,2025-06-26 20:45:00,2025-06-26 23:15:00,52125,LONG,107953.59,-87.07538118926799,-95.07538118926799,0.0,-102.22818898380281,10,TIME_EXIT,False
2025-06-27 07:30:00,2025-06-27 07:45:00,2025-06-27 09:30:00,52166,SHORT,106964.46,-3.4042503463290075,-11.404250346329007,26.595749653670993,-11.535607247491308,7,TRAILING_STOP,False
2025-06-27 14:00:00,2025-06-27 14:15:00,2025-06-27 15:15:00,52189,SHORT,106708.89,1.717132471343021,-6.282867528656979,31.71713247134302,-7.8447072216763205,4,TRAILING_STOP,False
2025-06-27 22:00:00,2025-06-27 22:15:00,2025-06-28 00:45:00,52227,SHORT,107166.58,9.554284554009227,1.554284554009227,29.765809452910155,-1.082427002895051,10,TIME_EXIT,False
2025-06-28 13:15:00,2025-06-28 13:30:00,2025-06-28 15:45:00,52287,SHORT,107183.84,-22.270289998940953,-30.270289998940953,7.729710001059047,-36.75087587830437,9,TRAILING_STOP,False
2025-06-28 22:00:00,2025-06-28 22:15:00,2025-06-29 00:45:00,52323,SHORT,107258.37,-20.282799375004757,-28.282799375004757,0.3925101602785733,-22.527845612422105,10,TIME_EXIT,False
2025-06-29 08:30:00,2025-06-29 08:45:00,2025-06-29 10:30:00,52362,LONG,107685.5,36.86838060834555,28.868380608345547,56.86838060834555,-5.386983391449616,7,TRAILING_STOP,False
2025-06-29 11:45:00,2025-06-29 12:00:00,2025-06-29 14:30:00,52378,LONG,108477.12,-56.888494089813655,-64.88849408981366,0.0,-64.46981630780678,10,TIME_EXIT,False
2025-06-29 22:00:00,2025-06-29 22:15:00,2025-06-29 23:00:00,52412,LONG,107802.09,24.075212270930876,16.075212270930876,44.07521227093088,0.0,3,TRAILING_STOP,False
2025-06-29 23:15:00,2025-06-29 23:30:00,2025-06-30 01:00:00,52420,LONG,108388.99,16.996377584107016,8.996377584107016,36.996377584107016,-12.287225851999132,6,TRAILING_STOP,False
2025-06-30 06:30:00,2025-06-30 06:45:00,2025-06-30 09:15:00,52453,SHORT,107779.82,12.044926406446677,4.0449264064466774,29.766240099492368,0.0,10,TIME_EXIT,False
2025-06-30 13:45:00,2025-06-30 14:00:00,2025-06-30 15:15:00,52477,SHORT,107525.49,43.67183353454176,35.67183353454176,73.67183353454176,-10.771399414221914,5,TRAILING_STOP,False
2025-06-30 21:45:00,2025-06-30 22:00:00,2025-07-01 00:30:00,52514,SHORT,107130.8,-14.26387182770946,-22.26387182770946,9.695624414268343,-29.725345092167434,10,TIME_EXIT,False
2025-07-01 13:15:00,2025-07-01 13:30:00,2025-07-01 14:15:00,52569,LONG,106615.17,32.97745152026742,24.977451520267422,52.97745152026742,-19.653863516795365,3,TRAILING_STOP,False
2025-07-01 14:30:00,2025-07-01 14:45:00,2025-07-01 15:15:00,52573,SHORT,106039.5,9.241037537898663,1.241037537898663,39.24103753789866,-5.706364137891518,2,TRAILING_STOP,False
2025-07-02 01:15:00,2025-07-02 01:30:00,2025-07-02 04:00:00,52624,LONG,105618.5,56.91332484365907,48.91332484365907,60.16275557785738,-8.794860748827091,10,TIME_EXIT,False
2025-07-02 04:15:00,2025-07-02 04:30:00,2025-07-02 05:30:00,52630,SHORT,106225.98,-28.302675108292828,-36.30267510829283,1.6973248917071733,-37.184876995251074,4,TRAILING_STOP,False
2025-07-02 06:30:00,2025-07-02 06:45:00,2025-07-02 09:15:00,52645,LONG,106930.42,61.32110581815792,53.32110581815792,81.32110581815792,-7.2561203818330196,10,TRAILING_STOP,False
2025-07-02 14:15:00,2025-07-02 14:30:00,2025-07-02 14:45:00,52667,SHORT,107850.6,-24.587883609362407,-32.58788360936241,5.412116390637594,-29.781939089814713,1,TRAILING_STOP,False
2025-07-02 15:00:00,2025-07-02 15:15:00,2025-07-02 16:00:00,52672,LONG,108356.43,99.05338704865085,91.05338704865085,119.05338704865085,-19.5595222175544,3,TRAILING_STOP,False
2025-07-03 09:15:00,2025-07-03 09:30:00,2025-07-03 09:45:00,52743,LONG,109970.0,6.449031554060248,-1.550968445939752,26.449031554060248,-7.364735837046943,1,TRAILING_STOP,False
2025-07-03 12:30:00,2025-07-03 12:45:00,2025-07-03 15:15:00,52765,SHORT,108941.87,-56.20153206476115,-64.20153206476115,0.0,-145.7024741726939,10,TIME_EXIT,False
2025-07-03 23:15:00,2025-07-03 23:30:00,2025-07-04 02:00:00,52808,SHORT,109600.0,16.87226277372247,8.872262773722468,19.799270072992698,-15.291058394160265,10,TIME_EXIT,False
2025-07-04 04:45:00,2025-07-04 05:00:00,2025-07-04 07:30:00,52830,SHORT,108982.59,11.67158901251999,3.6715890125199895,21.3419409467142,-20.323429641377146,10,TIME_EXIT,False
2025-07-04 07:45:00,2025-07-04 08:00:00,2025-07-04 08:30:00,52834,SHORT,108700.0,-13.333026678933003,-21.333026678933003,16.666973321066997,-17.66329346826127,2,TRAILING_STOP,False
2025-07-04 13:30:00,2025-07-04 13:45:00,2025-07-04 14:15:00,52857,SHORT,108366.39,49.48866802705152,41.48866802705152,79.48866802705152,0.0,2,TRAILING_STOP,False
2025-07-04 14:45:00,2025-07-04 15:00:00,2025-07-04 17:00:00,52868,SHORT,107809.99,14.212971358220464,6.212971358220464,44.212971358220464,-11.969206193228809,8,TRAILING_STOP,False
2025-07-04 22:45:00,2025-07-04 23:00:00,2025-07-05 01:30:00,52902,SHORT,108254.95,25.293069739535948,17.293069739535948,33.28623771938341,0.0,10,TIME_EXIT,False
2025-07-06 06:00:00,2025-07-06 06:15:00,2025-07-06 08:15:00,53025,LONG,108080.0,-9.397668393782707,-17.39766839378271,10.602331606217293,-10.241487786824791,8,TRAILING_STOP,False
2025-07-06 09:45:00,2025-07-06 10:00:00,2025-07-06 12:30:00,53042,SHORT,107850.0,-29.52804821511418,-37.52804821511418,0.0,-30.66481223922125,10,TIME_EXIT,False
2025-07-06 13:15:00,2025-07-06 13:30:00,2025-07-06 13:45:00,53047,LONG,108461.53,41.358160815175665,33.358160815175665,61.358160815175665,0.0,1,TRAILING_STOP,False
2025-07-06 21:15:00,2025-07-06 21:30:00,2025-07-06 21:45:00,53079,LONG,109305.85,-7.216603685896416,-15.216603685896416,12.783396314103584,-24.802881090078944,1,TRAILING_STOP,False
2025-07-06 22:00:00,2025-07-06 22:15:00,2025-07-06 22:45:00,53083,LONG,109388.5,-14.487537538223588,-22.487537538223588,5.512462461776412,-16.261307175800443,2,TRAILING_STOP,False
2025-07-07 10:15:00,2025-07-07 10:30:00,2025-07-07 13:00:00,53140,SHORT,108725.2,42.51176360218163,34.51176360218163,47.82056045884423,-6.971704811764238,10,TIME_EXIT,False
2025-07-08 02:00:00,2025-07-08 02:15:00,2025-07-08 03:15:00,53197,SHORT,107638.47,-22.61230673382815,-30.61230673382815,7.38769326617185,-28.477736630778832,4,TRAILING_STOP,False
2025-07-08 06:00:00,2025-07-08 06:15:00,2025-07-08 08:45:00,53219,SHORT,108237.58,-2.289408170433858,-10.289408170433859,4.722943731742278,-26.554547875146344,10,TIME_EXIT,False
2025-07-08 10:30:00,2025-07-08 10:45:00,2025-07-08 11:45:00,53231,LONG,108879.82,-8.502920008501759,-16.50292000850176,11.497079991498241,-11.339107650986785,4,TRAILING_STOP,False
2025-07-08 13:30:00,2025-07-08 13:45:00,2025-07-08 14:00:00,53240,LONG,109033.0,-16.34881182761204,-24.34881182761204,3.651188172387963,-46.132822173103555,1,TRAILING_STOP,False
2025-07-08 17:15:00,2025-07-08 17:30:00,2025-07-08 19:30:00,53262,LONG,108887.7,3.864954443890408,-4.135045556109592,23.864954443890408,-11.433798307797852,8,TRAILING_STOP,False
2025-07-09 01:00:00,2025-07-09 01:15:00,2025-07-09 03:45:00,53295,LONG,109098.82,-66.2161148947352,-74.2161148947352,0.0,-68.82017605690024,10,TIME_EXIT,False
2025-07-09 05:30:00,2025-07-09 05:45:00,2025-07-09 08:15:00,53313,LONG,108865.39,-5.005263840051024,-13.005263840051024,1.002155046705247,-18.22250395649202,10,TIME_EXIT,False
2025-07-09 09:45:00,2025-07-09 10:00:00,2025-07-09 12:30:00,53330,LONG,108763.37,63.13062936538328,55.13062936538328,67.72776533128797,0.0,10,TIME_EXIT,False
2025-07-09 13:00:00,2025-07-09 13:15:00,2025-07-09 15:45:00,53343,LONG,109707.9,-58.024991819184145,-66.02499181918415,0.0,-109.82800691654788,10,TIME_EXIT,False
2025-07-09 19:15:00,2025-07-09 19:30:00,2025-07-09 19:45:00,53359,LONG,110346.02,129.8712867034071,121.8712867034071,149.8712867034071,0.0,1,TRAILING_STOP,False
2025-07-09 20:00:00,2025-07-09 20:15:00,2025-07-09 21:00:00,53364,SHORT,111350.86,41.078032087045074,33.078032087045074,71.07803208704507,0.0,3,TRAILING_STOP,False
2025-07-10 05:00:00,2025-07-10 05:15:00,2025-07-10 06:15:00,53401,SHORT,110986.91,-26.13377829871978,-34.133778298719776,3.8662217012802222,-28.794386653345136,4,TRAILING_STOP,False
2025-07-10 07:00:00,2025-07-10 07:15:00,2025-07-10 09:00:00,53412,LONG,111394.53,-19.60231440448579,-27.60231440448579,0.39768559551421123,-26.190693564576286,7,TRAILING_STOP,False
2025-07-10 13:30:00,2025-07-10 13:45:00,2025-07-10 14:00:00,53432,SHORT,110798.95,-15.861779376068618,-23.86177937606862,14.138220623931382,-29.852268455613462,1,TRAILING_STOP,False
2025-07-10 14:15:00,2025-07-10 14:30:00,2025-07-10 17:00:00,53444,SHORT,110871.99,-230.99432056734994,-238.99432056734994,0.0,-233.33305373160476,10,TIME_EXIT,False
2025-07-10 21:15:00,2025-07-10 21:30:00,2025-07-10 22:00:00,53464,LONG,115727.51,65.76093964175028,57.760939641750284,85.76093964175028,0.0,2,TRAILING_STOP,False
2025-07-11 05:00:00,2025-07-11 05:15:00,2025-07-11 05:45:00,53495,LONG,117206.42,82.1957670919394,74.1957670919394,102.1957670919394,0.0,2,TRAILING_STOP,False
2025-07-11 07:30:00,2025-07-11 07:45:00,2025-07-11 09:30:00,53510,LONG,117956.66,57.42843854683511,49.42843854683511,77.42843854683511,-36.43541619438859,7,TRAILING_STOP,False
2025-07-11 15:45:00,2025-07-11 16:00:00,2025-07-11 16:15:00,53537,SHORT,116902.58,-6.768690648230198,-14.768690648230198,23.231309351769802,-30.66570472610658,1,TRAILING_STOP,False
2025-07-12 08:45:00,2025-07-12 09:00:00,2025-07-12 11:00:00,53612,LONG,117929.66,2.923834428081662,-5.076165571918338,22.923834428081662,-5.032660994698519,8,TRAILING_STOP,False
2025-07-12 12:30:00,2025-07-12 12:45:00,2025-07-12 14:00:00,53624,SHORT,117509.75,-6.949146772927747,-14.949146772927747,23.050853227072253,-18.50995342939584,5,TRAILING_STOP,False
2025-07-12 15:30:00,2025-07-12 15:45:00,2025-07-12 18:15:00,53641,SHORT,116992.6,-36.24502746327491,-44.24502746327491,0.0,-47.532066130678054,10,TIME_EXIT,False
2025-07-13 12:45:00,2025-07-13 13:00:00,2025-07-13 14:30:00,53722,LONG,118432.11,59.69882492172093,51.69882492172093,79.69882492172093,-21.70948402422287,6,TRAILING_STOP,False
2025-07-13 22:00:00,2025-07-13 22:15:00,2025-07-13 23:45:00,53759,SHORT,118408.96,-28.10740673678719,-36.10740673678719,1.8925932632128084,-66.63684910331055,6,TRAILING_STOP,False
2025-07-14 02:15:00,2025-07-14 02:30:00,2025-07-14 02:45:00,53771,LONG,119834.52,-6.274405738847545,-14.274405738847545,13.725594261152455,-29.58412984839461,1,TRAILING_STOP,False
2025-07-14 03:30:00,2025-07-14 03:45:00,2025-07-14 05:15:00,53781,LONG,121169.58,103.4979934732792,95.4979934732792,123.4979934732792,-50.50359999597235,6,TRAILING_STOP,False
2025-07-14 14:30:00,2025-07-14 14:45:00,2025-07-14 16:15:00,53825,SHORT,120901.86,110.59833322663528,102.59833322663528,140.59833322663528,-22.696094170924596,6,TRAILING_STOP,False
2025-07-15 00:30:00,2025-07-15 00:45:00,2025-07-15 01:30:00,53862,SHORT,119401.88,23.75711002205408,15.757110022054079,53.75711002205408,-11.334829903850467,3,TRAILING_STOP,False
2025-07-15 01:45:00,2025-07-15 02:00:00,2025-07-15 02:30:00,53866,SHORT,118431.71,21.020963895564797,13.020963895564797,51.0209638955648,0.0,2,TRAILING_STOP,False
2025-07-15 03:00:00,2025-07-15 03:15:00,2025-07-15 03:30:00,53870,SHORT,117577.39,32.71443854979301,24.71443854979301,62.71443854979301,0.0,1,TRAILING_STOP,False
2025-07-15 04:00:00,2025-07-15 04:15:00,2025-07-15 04:30:00,53874,SHORT,116984.16,-26.907273600117524,-34.90727360011752,3.092726399882477,-45.06336584371749,1,TRAILING_STOP,False
2025-07-15 12:30:00,2025-07-15 12:45:00,2025-07-15 15:00:00,53916,SHORT,116533.56,38.36142309563009,30.361423095630087,68.36142309563009,-167.9473277912396,9,TRAILING_STOP,False
2025-07-15 23:00:00,2025-07-15 23:15:00,2025-07-16 00:30:00,53954,SHORT,117833.01,4.603206690552227,-3.396793309447773,34.60320669055223,-7.382481360698946,5,TRAILING_STOP,False
2025-07-16 08:30:00,2025-07-16 08:45:00,2025-07-16 09:30:00,53990,LONG,118782.75,15.127154405837551,7.127154405837551,35.12715440583755,-7.4960379348006,3,TRAILING_STOP,False
2025-07-16 13:30:00,2025-07-16 13:45:00,2025-07-16 14:30:00,54010,SHORT,118353.62,-17.020253372901028,-25.020253372901028,12.979746627098972,-36.353767632963766,3,TRAILING_STOP,False
2025-07-16 14:45:00,2025-07-16 15:00:00,2025-07-16 15:30:00,54014,LONG,119056.81,19.159456733302463,11.159456733302463,39.15945673330246,-61.174997045528244,2,TRAILING_STOP,False
2025-07-17 01:45:00,2025-07-17 02:00:00,2025-07-17 03:45:00,54063,SHORT,118149.71,2.8904742973982565,-5.1095257026017435,32.89047429739826,-31.615820301208828,7,TRAILING_STOP,False
2025-07-17 07:00:00,2025-07-17 07:15:00,2025-07-17 07:30:00,54078,SHORT,118066.24,-18.69194106630233,-26.69194106630233,11.30805893369767,-41.51991288957723,1,TRAILING_STOP,False
2025-07-17 09:15:00,2025-07-17 09:30:00,2025-07-17 12:00:00,54096,LONG,119135.92,-110.68953847000903,-118.68953847000903,0.0,-115.76357491510565,10,TIME_EXIT,False
2025-07-17 12:15:00,2025-07-17 12:30:00,2025-07-17 15:00:00,54108,SHORT,117472.17,-82.45272050392842,-90.45272050392842,0.0,-119.75857771249154,10,TIME_EXIT,False
2025-07-17 21:00:00,2025-07-17 21:15:00,2025-07-17 21:30:00,54134,LONG,120066.0,50.7735745340063,42.7735745340063,70.7735745340063,-0.651308447021387,1,TRAILING_STOP,False
2025-07-18 06:00:00,2025-07-18 06:15:00,2025-07-18 08:45:00,54179,SHORT,120409.41,146.78254797527939,138.78254797527939,167.29672539712664,-3.853519421778927,10,TIME_EXIT,False
2025-07-18 13:30:00,2025-07-18 13:45:00,2025-07-18 14:30:00,54202,SHORT,118660.01,83.29174841633609,75.29174841633609,113.29174841633609,-49.09994529749407,3,TRAILING_STOP,False
2025-07-19 10:30:00,2025-07-19 10:45:00,2025-07-19 12:00:00,54288,LONG,118450.67,-15.843839464986063,-23.84383946498606,4.156160535013937,-23.99986424728529,5,TRAILING_STOP,False
2025-07-19 14:15:00,2025-07-19 14:30:00,2025-07-19 15:15:00,54301,SHORT,117877.58,-8.802584851165477,-16.802584851165477,21.197415148834523,-27.12390261150559,3,TRAILING_STOP,False
2025-07-19 21:15:00,2025-07-19 21:30:00,2025-07-20 00:00:00,54336,LONG,117695.22,0.43753348691591754,-7.5624665130840825,20.437533486915918,-18.226738520052393,10,TRAILING_STOP,False
2025-07-20 02:45:00,2025-07-20 03:00:00,2025-07-20 04:00:00,54352,LONG,117970.5,-3.480615916690642,-11.480615916690642,16.519384083309358,-22.34456919314624,4,TRAILING_STOP,False
2025-07-20 09:00:00,2025-07-20 09:15:00,2025-07-20 11:45:00,54383,SHORT,118006.09,10.815543502881088,2.815543502881088,15.77969408188949,-8.557185480851919,10,TIME_EXIT,False
2025-07-20 14:00:00,2025-07-20 14:15:00,2025-07-20 14:45:00,54395,LONG,118555.21,0.2977161442335081,-7.702283855766492,20.297716144233508,-13.806225808212693,2,TRAILING_STOP,False
2025-07-20 22:00:00,2025-07-20 22:15:00,2025-07-21 00:15:00,54433,SHORT,116918.3,4.494172426386882,-3.505827573613118,34.49417242638688,-63.27238764162703,8,TRAILING_STOP,False
2025-07-21 06:15:00,2025-07-21 06:30:00,2025-07-21 07:30:00,54462,LONG,118850.8,49.49301140589655,41.49301140589655,69.49301140589655,0.0,4,TRAILING_STOP,False
2025-07-21 13:45:00,2025-07-21 14:00:00,2025-07-21 14:45:00,54491,LONG,118834.0,13.635996431998116,5.635996431998116,33.635996431998116,-16.32529410774694,3,TRAILING_STOP,False
2025-07-21 16:15:00,2025-07-21 16:30:00,2025-07-21 17:45:00,54503,SHORT,117902.74,19.26942325513459,11.26942325513459,49.26942325513459,-16.14805559226184,5,TRAILING_STOP,False
2025-07-22 01:00:00,2025-07-22 01:15:00,2025-07-22 03:15:00,54541,SHORT,116869.17,-14.14979758990286,-22.14979758990286,15.85020241009714,-92.48204637715847,8,TRAILING_STOP,False
2025-07-22 07:00:00,2025-07-22 07:15:00,2025-07-22 07:30:00,54558,LONG,118294.95,4.329018271701617,-3.6709817282983828,24.329018271701617,-14.502732365159938,1,TRAILING_STOP,False
2025-07-22 13:30:00,2025-07-22 13:45:00,2025-07-22 16:15:00,54593,LONG,119463.99,-35.97150907147923,-43.97150907147923,0.0,-160.21480615204678,10,TIME_EXIT,False
2025-07-22 18:45:00,2025-07-22 19:00:00,2025-07-22 19:30:00,54606,LONG,119733.7,-11.961327512638464,-19.961327512638462,8.038672487361536,-41.21061990066231,2,TRAILING_STOP,False
2025-07-23 02:00:00,2025-07-23 02:15:00,2025-07-23 04:45:00,54643,SHORT,119123.51,19.57459698761297,11.57459698761297,49.57459698761297,-20.932056149118328,10,TRAILING_STOP,False
2025-07-23 05:00:00,2025-07-23 05:15:00,2025-07-23 07:45:00,54655,SHORT,118893.43,45.6778814439105,37.6778814439105,50.90525187136042,0.0,10,TIME_EXIT,False
2025-07-23 10:00:00,2025-07-23 10:15:00,2025-07-23 12:45:00,54675,SHORT,117844.25,-11.578842412760665,-19.578842412760665,3.7659877338100634,-68.79843522276225,10,TIME_EXIT,False
2025-07-23 13:30:00,2025-07-23 13:45:00,2025-07-23 14:00:00,54680,SHORT,117610.0,-3.7267239180341782,-11.726723918034178,26.27327608196582,-26.479891165716605,1,TRAILING_STOP,False
2025-07-24 04:00:00,2025-07-24 04:15:00,2025-07-24 06:45:00,54747,LONG,118575.0,-93.45899219903035,-101.45899219903035,0.0,-100.7775669407549,10,TIME_EXIT,False
2025-07-24 07:00:00,2025-07-24 07:15:00,2025-07-24 09:30:00,54758,LONG,118008.92,48.261789024084194,40.261789024084194,68.2617890240842,-7.774836003922415,9,TRAILING_STOP,False
2025-07-24 14:00:00,2025-07-24 14:15:00,2025-07-24 16:45:00,54787,SHORT,117993.99,-45.42434746040844,-53.42434746040844,0.0,-123.39696284531057,10,TIME_EXIT,False
2025-07-25 00:15:00,2025-07-25 00:30:00,2025-07-25 03:00:00,54828,SHORT,117964.71,148.27111175876252,140.27111175876252,178.27111175876252,0.0,10,TRAILING_STOP,False
2025-07-25 03:15:00,2025-07-25 03:30:00,2025-07-25 04:30:00,54834,SHORT,116024.05,48.350135165942135,40.350135165942135,78.35013516594213,0.0,4,TRAILING_STOP,False
2025-07-25 08:45:00,2025-07-25 09:00:00,2025-07-25 09:30:00,54854,LONG,115202.55,39.14018396294159,31.14018396294159,59.14018396294159,-3.2994061329379702,2,TRAILING_STOP,False
2025-07-25 13:30:00,2025-07-25 13:45:00,2025-07-25 15:00:00,54876,SHORT,115672.74,36.11237876789339,28.11237876789339,66.11237876789339,-53.09202496629631,5,TRAILING_STOP,False
2025-07-25 19:00:00,2025-07-25 19:15:00,2025-07-25 19:30:00,54894,SHORT,116655.99,-27.059730923375394,-35.0597309233754,2.9402690766246047,-28.95007791713063,1,TRAILING_STOP,False
2025-07-25 20:30:00,2025-07-25 20:45:00,2025-07-25 21:30:00,54902,LONG,117227.34,-7.183024028353795,-15.183024028353795,12.816975971646205,-23.146477604967963,3,TRAILING_STOP,False
2025-07-26 10:30:00,2025-07-26 10:45:00,2025-07-26 13:15:00,54965,LONG,118197.49,-10.093276938453,-18.093276938453002,0.33334041188080865,-35.98722781676672,10,TIME_EXIT,False
2025-07-26 16:30:00,2025-07-26 16:45:00,2025-07-26 19:15:00,54989,SHORT,118062.92,-2.1962865224752672,-10.196286522475267,10.245384410278168,-3.1398511912128706,10,TIME_EXIT,False
2025-07-27 01:00:00,2025-07-27 01:15:00,2025-07-27 03:00:00,55020,LONG,118095.51,2.2421665311406223,-5.757833468859378,22.242166531140622,-6.23732434874018,7,TRAILING_STOP,False
2025-07-27 14:00:00,2025-07-27 14:15:00,2025-07-27 16:45:00,55075,LONG,118295.24,85.22570477053763,77.22570477053763,105.22570477053763,-9.529546581925906,10,TRAILING_STOP,False
2025-07-27 22:00:00,2025-07-27 22:15:00,2025-07-27 22:45:00,55099,LONG,119701.25,-14.53639790729051,-22.53639790729051,5.46360209270949,-17.64476143732888,2,TRAILING_STOP,False
2025-07-28 00:15:00,2025-07-28 00:30:00,2025-07-28 02:45:00,55115,LONG,119645.43,-7.0809942343801175,-15.080994234380118,12.919005765619882,-57.246649537721005,9,TRAILING_STOP,False
2025-07-28 05:15:00,2025-07-28 05:30:00,2025-07-28 06:45:00,55131,LONG,119383.67,6.586550740148024,-1.4134492598519763,26.586550740148024,0.0,5,TRAILING_STOP,False
2025-07-28 07:15:00,2025-07-28 07:30:00,2025-07-28 09:15:00,55141,LONG,119067.88,-17.076457563534543,-25.076457563534543,2.9235424364654574,-24.347456257725316,7,TRAILING_STOP,False
2025-07-28 11:30:00,2025-07-28 11:45:00,2025-07-28 12:45:00,55155,LONG,118716.85,11.741913637363794,3.741913637363794,31.741913637363794,0.0,4,TRAILING_STOP,False
2025-07-28 13:45:00,2025-07-28 14:00:00,2025-07-28 14:30:00,55162,SHORT,118434.77,15.513661233099718,7.513661233099718,45.51366123309972,-6.857783402627553,2,TRAILING_STOP,False
2025-07-29 00:30:00,2025-07-29 00:45:00,2025-07-29 02:15:00,55209,SHORT,117706.53,-8.205966992655476,-16.205966992655476,21.794033007344524,-45.969412232269235,6,TRAILING_STOP,False
2025-07-29 03:00:00,2025-07-29 03:15:00,2025-07-29 04:30:00,55218,LONG,118406.88,13.200773468568322,5.200773468568322,33.20077346856832,-12.723078253561678,5,TRAILING_STOP,False
2025-07-29 07:45:00,2025-07-29 08:00:00,2025-07-29 10:30:00,55242,SHORT,118882.37,32.24700180522988,24.24700180522988,32.24784297284748,-14.184609543030195,10,TIME_EXIT,False
2025-07-29 14:00:00,2025-07-29 14:15:00,2025-07-29 16:30:00,55266,SHORT,118159.2,72.27303502393356,64.27303502393356,102.27303502393356,-13.367558345012247,9,TRAILING_STOP,False
2025-07-30 10:30:00,2025-07-30 10:45:00,2025-07-30 13:15:00,55349,LONG,118393.06,-74.81519609341922,-82.81519609341922,0.0,-87.35478245093093,10,TIME_EXIT,False
2025-07-30 14:45:00,2025-07-30 15:00:00,2025-07-30 17:30:00,55366,LONG,118714.35,-76.41114995786108,-84.41114995786108,0.0,-90.89465595355598,10,TIME_EXIT,False
2025-07-30 18:45:00,2025-07-30 19:00:00,2025-07-30 19:30:00,55374,SHORT,116523.15,0.7544037386562756,-7.245596261343724,30.754403738656276,-21.11855026233,2,TRAILING_STOP,False
2025-07-31 00:00:00,2025-07-31 00:15:00,2025-07-31 02:45:00,55403,SHORT,117896.23,-46.760613125628204,-54.760613125628204,0.0,-54.80752013868497,10,TIME_EXIT,False
2025-07-31 06:45:00,2025-07-31 07:00:00,2025-07-31 07:30:00,55422,LONG,118691.79,-0.5664738900640458,-8.566473890064046,19.433526109935954,-5.470471041004018,2,TRAILING_STOP,False
2025-07-31 13:15:00,2025-07-31 13:30:00,2025-07-31 15:30:00,55454,SHORT,118146.82,-8.684995499667131,-16.68499549966713,21.31500450033287,-46.99914902491652,8,TRAILING_STOP,False
2025-07-31 16:30:00,2025-07-31 16:45:00,2025-07-31 19:15:00,55469,LONG,118628.85,-123.86531606771949,-131.8653160677195,0.0,-126.90167695295139,10,TIME_EXIT,False
2025-07-31 23:30:00,2025-07-31 23:45:00,2025-08-01 00:15:00,55489,SHORT,115743.58,7.585669978412525,-0.41433002158747456,37.585669978412525,-16.36548653497656,2,TRAILING_STOP,False
2025-08-01 00:45:00,2025-08-01 01:00:00,2025-08-01 01:15:00,55493,SHORT,115427.27,38.32180991545671,30.32180991545671,68.32180991545671,0.0,1,TRAILING_STOP,False
2025-08-01 07:30:00,2025-08-01 07:45:00,2025-08-01 08:30:00,55522,SHORT,114772.91,27.23563164861843,19.23563164861843,57.23563164861843,-26.909660127985884,3,TRAILING_STOP,False
2025-08-01 12:30:00,2025-08-01 12:45:00,2025-08-01 13:00:00,55540,LONG,115882.18,-8.167291985703935,-16.167291985703933,11.832708014296065,-15.72114021327464,1,TRAILING_STOP,False
2025-08-01 13:45:00,2025-08-01 14:00:00,2025-08-01 16:30:00,55554,SHORT,114352.04,-95.01273435961487,-103.01273435961487,0.0,-129.35842683698561,10,TIME_EXIT,False
2025-08-01 22:30:00,2025-08-01 22:45:00,2025-08-01 23:00:00,55580,SHORT,113066.0,-16.073620717102717,-24.073620717102717,13.926379282897283,-25.6646560416034,1,TRAILING_STOP,False
2025-08-02 06:00:00,2025-08-02 06:15:00,2025-08-02 07:15:00,55613,SHORT,113834.74,2.0912579059795107,-5.908742094020489,32.09125790597951,-9.062259904137255,4,TRAILING_STOP,False
2025-08-02 14:30:00,2025-08-02 14:45:00,2025-08-02 16:30:00,55650,SHORT,113000.0,-3.4575221238944245,-11.457522123894424,26.542477876105576,-37.16814159292036,7,TRAILING_STOP,False
2025-08-02 18:15:00,2025-08-02 18:30:00,2025-08-02 19:15:00,55661,SHORT,112386.18,4.09493943116432,-3.9050605688356796,34.09493943116432,-30.59361925105042,3,TRAILING_STOP,False
2025-08-02 23:15:00,2025-08-02 23:30:00,2025-08-03 00:30:00,55682,SHORT,112308.86,4.624160551536235,-3.375839448463765,34.624160551536235,-42.83455463798604,4,TRAILING_STOP,False
2025-08-03 03:45:00,2025-08-03 04:00:00,2025-08-03 06:30:00,55706,SHORT,113604.2,11.109624468108738,3.1096244681087377,23.162876020428772,-4.823765318536015,10,TIME_EXIT,False
2025-08-03 11:00:00,2025-08-03 11:15:00,2025-08-03 13:45:00,55735,LONG,114231.95,-25.64518945881578,-33.64518945881578,0.0,-50.38432767715187,10,TIME_EXIT,False
2025-08-03 18:15:00,2025-08-03 18:30:00,2025-08-03 19:30:00,55758,LONG,114302.3,23.53980628561265,15.539806285612649,43.53980628561265,-0.6963989351051031,4,TRAILING_STOP,False
2025-08-04 00:45:00,2025-08-04 01:00:00,2025-08-04 01:45:00,55783,LONG,114899.86,-16.959961482982397,-24.959961482982397,3.0400385170176025,-24.344677182374387,3,TRAILING_STOP,False
2025-08-04 13:30:00,2025-08-04 13:45:00,2025-08-04 14:30:00,55834,LONG,114788.1,39.0566443734145,31.0566443734145,59.0566443734145,0.0,3,TRAILING_STOP,False
2025-08-05 03:00:00,2025-08-05 03:15:00,2025-08-05 05:45:00,55895,SHORT,114466.9,5.321188920114806,-2.678811079885194,27.689227191441116,-1.777806510004711,10,TIME_EXIT,False
2025-08-05 07:00:00,2025-08-05 07:15:00,2025-08-05 08:30:00,55906,LONG,114283.8,2.417875499414361,-5.582124500585639,22.41787549941436,-48.83281794970081,5,TRAILING_STOP,False
2025-08-05 12:30:00,2025-08-05 12:45:00,2025-08-05 13:30:00,55926,SHORT,113885.49,-28.46424685005919,-36.46424685005919,1.535753149940808,-50.0827629577741,3,TRAILING_STOP,False
2025-08-05 14:00:00,2025-08-05 14:15:00,2025-08-05 14:45:00,55931,SHORT,113864.57,76.66794772070072,68.66794772070072,106.66794772070072,0.0,2,TRAILING_STOP,False
2025-08-06 05:00:00,2025-08-06 05:15:00,2025-08-06 05:45:00,55991,LONG,113927.69,22.95092790874648,14.950927908746479,42.95092790874648,-0.04388748687873861,2,TRAILING_STOP,False
2025-08-06 13:30:00,2025-08-06 13:45:00,2025-08-06 14:00:00,56024,LONG,114171.0,8.8164244860779,0.8164244860778993,28.8164244860779,0.0,1,TRAILING_STOP,False
2025-08-06 14:45:00,2025-08-06 15:00:00,2025-08-06 16:00:00,56032,LONG,115187.96,8.399669548795732,0.3996695487957318,28.399669548795732,-27.293651176737516,4,TRAILING_STOP,False
2025-08-07 01:45:00,2025-08-07 02:00:00,2025-08-07 04:30:00,56082,SHORT,114763.47,28.70774123508172,20.70774123508172,31.67122778703024,-8.324077339243823,10,TIME_EXIT,False
2025-08-07 10:00:00,2025-08-07 10:15:00,2025-08-07 11:45:00,56111,LONG,115500.0,95.05887445887386,87.05887445887386,115.05887445887386,0.0,6,TRAILING_STOP,False
2025-08-07 19:30:00,2025-08-07 19:45:00,2025-08-07 20:45:00,56147,LONG,117139.52,10.436354869816679,2.436354869816679,30.43635486981668,0.0,4,TRAILING_STOP,False
2025-08-08 00:15:00,2025-08-08 00:30:00,2025-08-08 03:00:00,56172,SHORT,117132.17,27.928279651952547,19.928279651952547,37.3842642887944,-39.854977501057284,10,TIME_EXIT,False
2025-08-08 13:45:00,2025-08-08 14:00:00,2025-08-08 16:30:00,56226,LONG,116917.98,-67.63544837158484,-75.63544837158484,0.0,-88.88880906084673,10,TIME_EXIT,False
2025-08-09 04:00:00,2025-08-09 04:15:00,2025-08-09 04:30:00,56274,LONG,116548.66,-9.074949467458335,-17.074949467458335,10.925050532541665,-11.911762863683009,1,TRAILING_STOP,False
2025-08-09 05:00:00,2025-08-09 05:15:00,2025-08-09 06:00:00,56280,LONG,116552.0,15.57896904385965,7.578969043859651,35.57896904385965,0.0,3,TRAILING_STOP,False
2025-08-09 09:45:00,2025-08-09 10:00:00,2025-08-09 10:30:00,56298,LONG,117510.88,16.86211863956752,8.86211863956752,36.86211863956752,-5.847118156208719,2,TRAILING_STOP,False
2025-08-09 20:15:00,2025-08-09 20:30:00,2025-08-09 21:15:00,56341,LONG,116737.36,-5.129867593374007,-13.129867593374007,14.870132406625993,-32.33497827944723,3,TRAILING_STOP,False
2025-08-10 02:30:00,2025-08-10 02:45:00,2025-08-10 03:30:00,56366,LONG,117033.41,105.31378860104961,97.31378860104961,125.31378860104961,0.0,3,TRAILING_STOP,False
2025-08-10 12:00:00,2025-08-10 12:15:00,2025-08-10 13:45:00,56407,LONG,118510.6,-0.8742846631449908,-8.87428466314499,19.12571533685501,-11.831009209303335,6,TRAILING_STOP,False
2025-08-10 15:00:00,2025-08-10 15:15:00,2025-08-10 16:45:00,56419,LONG,118883.33,-14.876489411929875,-22.876489411929875,5.123510588070126,-26.518436184450312,6,TRAILING_STOP,False
2025-08-10 20:00:00,2025-08-10 20:15:00,2025-08-10 20:30:00,56434,SHORT,118312.44,-27.60802836962851,-35.608028369628514,2.39197163037149,-33.447032281643516,1,TRAILING_STOP,False
2025-08-10 22:00:00,2025-08-10 22:15:00,2025-08-10 23:00:00,56444,LONG,118872.01,10.956824907731033,2.9568249077310327,30.956824907731033,-2.9460257296893966,3,TRAILING_STOP,False
2025-08-11 01:30:00,2025-08-11 01:45:00,2025-08-11 02:15:00,56457,LONG,119758.91,145.71961117548574,137.71961117548574,165.71961117548574,0.0,2,TRAILING_STOP,False
2025-08-11 11:30:00,2025-08-11 11:45:00,2025-08-11 14:15:00,56505,LONG,120681.94,-64.3874302981878,-72.3874302981878,0.0,-107.64079530044005,10,TIME_EXIT,False
2025-08-11 19:30:00,2025-08-11 19:45:00,2025-08-11 21:30:00,56534,LONG,119166.01,-19.44447246324603,-27.44447246324603,0.55552753675397,-66.515611288823,7,TRAILING_STOP,False
2025-08-12 05:00:00,2025-08-12 05:15:00,2025-08-12 05:45:00,56567,SHORT,118841.53,5.060975738026784,-2.9390242619732163,35.060975738026784,0.0,2,TRAILING_STOP,False
2025-08-12 06:15:00,2025-08-12 06:30:00,2025-08-12 08:15:00,56577,LONG,118992.07,-6.727686979477456,-14.727686979477456,13.272313020522544,-16.14141177643241,7,TRAILING_STOP,False
2025-08-12 12:30:00,2025-08-12 12:45:00,2025-08-12 13:00:00,56596,LONG,119112.02,-3.638091269042416,-11.638091269042416,16.361908730957584,-25.633852905861367,1,TRAILING_STOP,False
2025-08-12 13:30:00,2025-08-12 13:45:00,2025-08-12 16:15:00,56609,SHORT,118742.52,-82.23339036429341,-90.23339036429341,0.0,-122.07758433962844,10,TIME_EXIT,False
2025-08-13 08:00:00,2025-08-13 08:15:00,2025-08-13 09:15:00,56677,LONG,119786.75,11.97432103300196,3.97432103300196,31.97432103300196,-1.2413726893830364,4,TRAILING_STOP,False
2025-08-13 10:00:00,2025-08-13 10:15:00,2025-08-13 12:00:00,56688,LONG,120395.99,7.9868125175927425,-0.013187482407257534,27.986812517592742,-2.419515799488393,7,TRAILING_STOP,False
2025-08-13 13:45:00,2025-08-13 14:00:00,2025-08-13 14:15:00,56697,LONG,121767.97,11.846634217519895,3.8466342175198953,31.846634217519895,-27.807805287383914,1,TRAILING_STOP,False
2025-08-13 19:15:00,2025-08-13 19:30:00,2025-08-13 21:00:00,56724,LONG,122358.0,32.468984455450396,24.468984455450396,52.468984455450396,0.0,6,TRAILING_STOP,False
2025-08-14 06:00:00,2025-08-14 06:15:00,2025-08-14 07:00:00,56764,LONG,121738.39,-4.291725888604578,-12.291725888604578,15.708274111395422,-12.764256205458231,3,TRAILING_STOP,False
2025-08-14 07:45:00,2025-08-14 08:00:00,2025-08-14 08:30:00,56770,LONG,121725.31,6.337168498482075,-1.6628315015179247,26.337168498482075,-5.079469503918434,2,TRAILING_STOP,False
2025-08-14 12:15:00,2025-08-14 12:30:00,2025-08-14 15:00:00,56796,LONG,121143.68,-215.25596712927887,-223.25596712927887,0.0,-281.9750894144868,10,TIME_EXIT,False
2025-08-14 21:30:00,2025-08-14 21:45:00,2025-08-15 00:15:00,56833,SHORT,117567.58,-56.28422393316262,-64.28422393316262,0.0,-80.73909491034823,10,TIME_EXIT,False
2025-08-15 04:15:00,2025-08-15 04:30:00,2025-08-15 06:15:00,56857,SHORT,119172.77,15.580043159188321,7.580043159188321,45.58004315918832,-0.18124945824360217,7,TRAILING_STOP,False
2025-08-15 12:15:00,2025-08-15 12:30:00,2025-08-15 14:00:00,56888,SHORT,118674.13,56.76870013708978,48.76870013708978,86.76870013708978,-8.414639315240867,6,TRAILING_STOP,False
2025-08-15 14:45:00,2025-08-15 15:00:00,2025-08-15 15:45:00,56895,SHORT,117400.0,18.782793867121505,10.782793867121505,48.782793867121505,-16.07155025553603,3,TRAILING_STOP,False
2025-08-17 04:15:00,2025-08-17 04:30:00,2025-08-17 07:00:00,57052,SHORT,117771.38,-19.906364347603155,-27.906364347603155,0.0,-39.01117572028131,10,TIME_EXIT,False
2025-08-17 08:45:00,2025-08-17 09:00:00,2025-08-17 10:00:00,57064,LONG,118366.05,-10.035149436853128,-18.03514943685313,9.964850563146872,-12.395446160448977,4,TRAILING_STOP,False
2025-08-17 13:15:00,2025-08-17 13:30:00,2025-08-17 14:15:00,57081,LONG,118176.02,13.761502545101443,5.761502545101443,33.76150254510144,-1.3488354067096124,3,TRAILING_STOP,False
2025-08-17 16:00:00,2025-08-17 16:15:00,2025-08-17 18:45:00,57099,SHORT,118107.34,47.86578039942325,39.86578039942325,66.53354482456363,-0.7332313131430691,10,TIME_EXIT,False
2025-08-18 00:15:00,2025-08-18 00:30:00,2025-08-18 03:00:00,57132,SHORT,117142.44,141.9152614543463,133.9152614543463,157.90775742762435,-22.829471539093177,10,TIME_EXIT,False
2025-08-18 09:15:00,2025-08-18 09:30:00,2025-08-18 12:00:00,57168,SHORT,114677.79,-40.30597380713399,-48.30597380713399,0.0,-50.916572424356,10,TIME_EXIT,False
2025-08-18 15:30:00,2025-08-18 15:45:00,2025-08-18 16:00:00,57184,LONG,115771.72,29.950022337061142,21.950022337061142,49.95002233706114,0.0,1,TRAILING_STOP,False
2025-08-19 00:15:00,2025-08-19 00:30:00,2025-08-19 03:00:00,57228,SHORT,115913.1,25.6122905866554,17.6122905866554,38.054370041005356,-70.1033791693947,10,TIME_EXIT,False
2025-08-19 03:30:00,2025-08-19 03:45:00,2025-08-19 04:00:00,57232,SHORT,114972.01,22.70935073675713,14.70935073675713,52.70935073675713,-1.2168179020272187,1,TRAILING_STOP,False
2025-08-19 13:30:00,2025-08-19 13:45:00,2025-08-19 15:15:00,57277,SHORT,115124.2,103.46629118812587,95.46629118812587,133.46629118812587,-22.116983223337048,6,TRAILING_STOP,False
2025-08-19 22:00:00,2025-08-19 22:15:00,2025-08-20 00:30:00,57314,SHORT,113164.81,8.19473562496998,0.19473562496997943,38.19473562496998,-14.980805428825342,9,TRAILING_STOP,False
2025-08-20 01:30:00,2025-08-20 01:45:00,2025-08-20 04:15:00,57329,SHORT,112698.0,-81.62877779552453,-89.62877779552453,0.0,-85.95183587996269,10,TIME_EXIT,False
2025-08-20 08:15:00,2025-08-20 08:30:00,2025-08-20 09:45:00,57351,LONG,113846.0,-4.999912162043104,-12.999912162043104,15.000087837956896,-19.0915798534868,5,TRAILING_STOP,False
2025-08-20 13:30:00,2025-08-20 13:45:00,2025-08-20 14:15:00,57369,SHORT,113138.0,36.99782566423306,28.997825664233062,66.99782566423306,-8.233307995544749,2,TRAILING_STOP,False
2025-08-20 15:15:00,2025-08-20 15:30:00,2025-08-20 16:30:00,57378,LONG,114300.0,-19.198600174977823,-27.198600174977823,0.8013998250221778,-93.66316710411259,4,TRAILING_STOP,False
2025-08-21 11:45:00,2025-08-21 12:00:00,2025-08-21 13:15:00,57461,SHORT,113148.65,-12.443449391575225,-20.443449391575225,17.556550608424775,-23.68919116578131,5,TRAILING_STOP,False
2025-08-21 13:30:00,2025-08-21 13:45:00,2025-08-21 14:15:00,57465,LONG,113539.09,20.16414082586042,12.164140825860422,40.16414082586042,-16.364408064218495,2,TRAILING_STOP,False
2025-08-21 15:00:00,2025-08-21 15:15:00,2025-08-21 17:45:00,57479,SHORT,112700.04,25.654826741852986,17.654826741852986,44.280374700842486,-39.73113053021135,10,TIME_EXIT,False
2025-08-22 02:00:00,2025-08-22 02:15:00,2025-08-22 02:45:00,57515,LONG,113182.48,8.553005730215336,0.5530057302153359,28.553005730215336,-3.5014253089338654,2,TRAILING_STOP,False
2025-08-22 07:30:00,2025-08-22 07:45:00,2025-08-22 08:30:00,57538,LONG,113225.98,-11.758075310983664,-19.758075310983664,8.241924689016336,-19.958316986966764,3,TRAILING_STOP,False
2025-08-22 12:30:00,2025-08-22 12:45:00,2025-08-22 13:00:00,57556,LONG,112284.0,2.8411884150904108,-5.158811584909589,22.84118841509041,-9.280930497667201,1,TRAILING_STOP,False
2025-08-22 13:30:00,2025-08-22 13:45:00,2025-08-22 14:15:00,57561,LONG,112493.24,270.7516931684068,262.7516931684068,290.7516931684068,-2.2125773957616848,2,TRAILING_STOP,False
2025-08-22 14:30:00,2025-08-22 14:45:00,2025-08-22 15:15:00,57565,LONG,115780.0,84.33580929348764,76.33580929348764,104.33580929348764,0.0,2,TRAILING_STOP,False
2025-08-23 02:15:00,2025-08-23 02:30:00,2025-08-23 04:30:00,57618,SHORT,115866.32,5.223350495641,-2.776649504359,35.223350495641,-24.89852098521733,8,TRAILING_STOP,False
2025-08-23 13:15:00,2025-08-23 13:30:00,2025-08-23 16:00:00,57664,SHORT,115019.06,25.57228341111505,17.57228341111505,39.91164594807136,-7.950856145059531,10,TIME_EXIT,False
2025-08-23 23:45:00,2025-08-24 00:00:00,2025-08-24 01:15:00,57701,LONG,115438.06,-10.351535706680737,-18.351535706680735,9.648464293319263,-20.96882085509733,5,TRAILING_STOP,False
2025-08-24 08:15:00,2025-08-24 08:30:00,2025-08-24 09:30:00,57734,SHORT,114819.28,-16.824512398963062,-24.824512398963062,13.175487601036938,-21.05134259681879,4,TRAILING_STOP,False
2025-08-24 14:00:00,2025-08-24 14:15:00,2025-08-24 16:45:00,57763,SHORT,114400.01,10.927446597250713,2.9274465972507127,12.647726167155735,-40.67394749353713,10,TIME_EXIT,False
2025-08-24 19:30:00,2025-08-24 19:45:00,2025-08-24 20:00:00,57776,SHORT,113079.32,97.91640416656212,89.91640416656212,127.91640416656212,0.0,1,TRAILING_STOP,False
2025-08-25 06:45:00,2025-08-25 07:00:00,2025-08-25 07:30:00,57822,SHORT,111929.87,12.695484234905251,4.695484234905251,42.69548423490525,-21.023878612564012,2,TRAILING_STOP,False
2025-08-25 07:45:00,2025-08-25 08:00:00,2025-08-25 09:30:00,57830,SHORT,111511.56,-7.4193814524697785,-15.419381452469779,22.58061854753022,-27.70744127335329,6,TRAILING_STOP,False
2025-08-25 13:30:00,2025-08-25 13:45:00,2025-08-25 16:15:00,57857,SHORT,110832.0,-162.71654395842342,-170.71654395842342,0.0,-189.9505557961595,10,TIME_EXIT,False
2025-08-25 19:30:00,2025-08-25 19:45:00,2025-08-25 20:15:00,57873,SHORT,111164.12,74.7208397817565,66.7208397817565,104.7208397817565,0.0,2,TRAILING_STOP,False
2025-08-25 20:30:00,2025-08-25 20:45:00,2025-08-25 21:30:00,57878,SHORT,109945.99,31.11091454995306,23.11091454995306,61.11091454995306,-19.692396239280285,3,TRAILING_STOP,False
2025-08-26 07:30:00,2025-08-26 07:45:00,2025-08-26 08:15:00,57921,LONG,110309.61,-6.808039662183189,-14.80803966218319,13.19196033781681,-28.067364212419985,2,TRAILING_STOP,False
2025-08-26 11:30:00,2025-08-26 11:45:00,2025-08-26 12:30:00,57938,SHORT,109658.37,-25.771412615380353,-33.771412615380356,4.2285873846196464,-105.804053078667,3,TRAILING_STOP,False
2025-08-26 12:45:00,2025-08-26 13:00:00,2025-08-26 13:45:00,57943,SHORT,110216.81,44.660117635413755,36.660117635413755,74.66011763541376,-1.0216227452064086,3,TRAILING_STOP,False
2025-08-27 08:30:00,2025-08-27 08:45:00,2025-08-27 11:15:00,58029,SHORT,110532.99,-58.137394093835745,-66.13739409383575,0.0,-66.68506841260663,10,TIME_EXIT,False
2025-08-27 13:30:00,2025-08-27 13:45:00,2025-08-27 14:30:00,58042,LONG,111569.87,74.57123146240151,66.57123146240151,94.57123146240151,-25.62519791409582,3,TRAILING_STOP,False
2025-08-27 20:15:00,2025-08-27 20:30:00,2025-08-27 21:00:00,58068,LONG,112083.8,12.854881793800708,4.854881793800708,32.85488179380071,-2.8371629084669605,2,TRAILING_STOP,False
2025-08-28 04:30:00,2025-08-28 04:45:00,2025-08-28 05:00:00,58100,LONG,112783.19,13.410120781297074,5.410120781297074,33.410120781297074,0.0,1,TRAILING_STOP,False
2025-08-28 12:30:00,2025-08-28 12:45:00,2025-08-28 13:15:00,58133,LONG,113140.0,10.572741735901907,2.572741735901907,30.572741735901907,-9.722467739084319,2,TRAILING_STOP,False
2025-08-28 13:30:00,2025-08-28 13:45:00,2025-08-28 14:30:00,58138,SHORT,112910.04,3.822501524222247,-4.177498475777753,33.82250152422225,-21.848367071697286,3,TRAILING_STOP,False
2025-08-29 01:15:00,2025-08-29 01:30:00,2025-08-29 03:30:00,58190,SHORT,111551.92,-7.620286589420047,-15.620286589420047,22.379713410579953,-22.079404818850534,8,TRAILING_STOP,False
2025-08-29 06:30:00,2025-08-29 06:45:00,2025-08-29 07:00:00,58204,LONG,111245.69,-16.965275688433884,-24.965275688433884,3.0347243115661167,-62.98581095591229,1,TRAILING_STOP,False
2025-08-29 07:15:00,2025-08-29 07:30:00,2025-08-29 09:15:00,58213,SHORT,110141.13,36.00168347646438,28.00168347646438,66.00168347646438,-11.727680658442331,7,TRAILING_STOP,False
2025-08-29 12:30:00,2025-08-29 12:45:00,2025-08-29 13:15:00,58229,LONG,110550.0,0.8566259611042035,-7.1433740388957965,20.856625961104204,-11.75848032564498,2,TRAILING_STOP,False
2025-08-29 13:30:00,2025-08-29 13:45:00,2025-08-29 14:15:00,58233,SHORT,109716.58,99.11266464922639,91.11266464922639,129.1126646492264,0.0,2,TRAILING_STOP,False
2025-08-29 15:15:00,2025-08-29 15:30:00,2025-08-29 16:15:00,58241,LONG,108358.0,17.95105114527731,9.951051145277312,37.95105114527731,-20.118496096273464,3,TRAILING_STOP,False
2025-08-29 20:00:00,2025-08-29 20:15:00,2025-08-29 21:00:00,58260,SHORT,107874.0,8.016574892931182,0.01657489293118175,38.01657489293118,-8.71386988523648,3,TRAILING_STOP,False
2025-08-30 01:45:00,2025-08-30 02:00:00,2025-08-30 04:30:00,58290,SHORT,107447.97,-98.65426028988766,-106.65426028988766,0.0,-116.27115896186756,10,TIME_EXIT,False
2025-08-30 23:30:00,2025-08-30 23:45:00,2025-08-31 01:00:00,58372,LONG,108784.63,37.51272031719868,29.512720317198678,57.51272031719868,0.0,5,TRAILING_STOP,False
2025-08-31 09:45:00,2025-08-31 10:00:00,2025-08-31 12:30:00,58418,SHORT,108507.68,11.673828064520249,3.673828064520249,18.843827459953676,-11.146676438019101,10,TIME_EXIT,False
2025-08-31 23:00:00,2025-08-31 23:15:00,2025-09-01 00:30:00,58466,SHORT,108684.74,66.89124710608058,58.891247106080584,96.89124710608058,0.0,5,TRAILING_STOP,False
2025-09-01 02:15:00,2025-09-01 02:30:00,2025-09-01 04:00:00,58480,SHORT,107688.19,-2.588451899878496,-10.588451899878496,27.411548100121504,-7.591361689708036,6,TRAILING_STOP,False
2025-09-01 07:30:00,2025-09-01 07:45:00,2025-09-01 08:00:00,58496,LONG,108823.54,71.56842352307328,63.56842352307328,91.56842352307328,0.0,1,TRAILING_STOP,False
2025-09-01 20:30:00,2025-09-01 20:45:00,2025-09-01 21:45:00,58551,SHORT,108473.0,63.43431084232894,55.43431084232894,93.43431084232894,-42.99871857512913,4,TRAILING_STOP,False
2025-09-02 02:45:00,2025-09-02 03:00:00,2025-09-02 03:15:00,58573,LONG,110246.0,14.284237069825771,6.284237069825771,34.28423706982577,-10.703336175462148,1,TRAILING_STOP,False
2025-09-02 11:15:00,2025-09-02 11:30:00,2025-09-02 12:45:00,58611,SHORT,109886.54,105.88106423225213,97.88106423225213,135.88106423225213,-4.683012132332714,5,TRAILING_STOP,False
2025-09-02 13:30:00,2025-09-02 13:45:00,2025-09-02 14:00:00,58616,LONG,110469.62,73.27270248598707,65.27270248598707,93.27270248598707,0.0,1,TRAILING_STOP,False
2025-09-02 14:15:00,2025-09-02 14:30:00,2025-09-02 14:45:00,58619,LONG,111483.87,-8.046701285126778,-16.04670128512678,11.953298714873222,-31.780382220314777,1,TRAILING_STOP,False
2025-09-03 00:00:00,2025-09-03 00:15:00,2025-09-03 00:30:00,58658,LONG,111530.11,-6.7399036905819045,-14.739903690581905,13.260096309418095,-10.0779959779466,1,TRAILING_STOP,False
2025-09-03 11:00:00,2025-09-03 11:15:00,2025-09-03 12:30:00,58706,LONG,111643.16,-0.705490600588206,-8.705490600588206,19.294509399411794,-35.17636011019405,5,TRAILING_STOP,False
2025-09-03 13:30:00,2025-09-03 13:45:00,2025-09-03 14:00:00,58712,LONG,111673.43,-4.36960340521439,-12.36960340521439,15.63039659478561,-40.401732086136604,1,TRAILING_STOP,False
2025-09-03 14:30:00,2025-09-03 14:45:00,2025-09-03 17:15:00,58725,LONG,112476.0,-2.427184466019676,-10.427184466019677,0.8250649027347021,-70.21586827412023,10,TIME_EXIT,False
2025-09-04 02:15:00,2025-09-04 02:30:00,2025-09-04 05:00:00,58772,SHORT,111430.45,58.37273384429455,50.37273384429455,66.75733607824344,-26.753907930912053,10,TIME_EXIT,False
2025-09-04 05:30:00,2025-09-04 05:45:00,2025-09-04 08:00:00,58784,SHORT,110619.0,0.6746580605508079,-7.325341939449192,30.674658060550808,-9.94404216273877,9,TRAILING_STOP,False
2025-09-04 12:30:00,2025-09-04 12:45:00,2025-09-04 14:30:00,58810,SHORT,110621.63,52.81834212712367,44.81834212712367,82.81834212712367,-31.492032796840487,7,TRAILING_STOP,False
2025-09-04 15:00:00,2025-09-04 15:15:00,2025-09-04 17:15:00,58821,SHORT,109460.0,-21.162068335464532,-29.162068335464532,8.837931664535468,-39.5121505572812,8,TRAILING_STOP,False
2025-09-04 22:45:00,2025-09-04 23:00:00,2025-09-05 01:30:00,58854,LONG,111490.74,-42.41966642252104,-50.41966642252104,0.0,-94.62579582842531,10,TIME_EXIT,False
2025-09-05 04:30:00,2025-09-05 04:45:00,2025-09-05 07:15:00,58877,LONG,111390.1,118.36330158604733,110.36330158604733,134.47335086331677,0.0,10,TIME_EXIT,False
2025-09-05 12:30:00,2025-09-05 12:45:00,2025-09-05 13:00:00,58900,LONG,112670.01,34.033899526591235,26.033899526591235,54.033899526591235,0.0,1,TRAILING_STOP,False
2025-09-05 13:45:00,2025-09-05 14:00:00,2025-09-05 16:30:00,58914,LONG,113084.16,-196.0362972143933,-204.0362972143933,0.0,-247.36001929890094,10,TIME_EXIT,False
2025-09-05 21:15:00,2025-09-05 21:30:00,2025-09-05 22:30:00,58938,SHORT,110965.16,11.919463730778517,3.919463730778517,41.91946373077852,0.0,4,TRAILING_STOP,False
2025-09-06 04:00:00,2025-09-06 04:15:00,2025-09-06 06:45:00,58971,SHORT,110887.74,12.166358517181745,4.166358517181745,18.040768077697578,-7.462502166605614,10,TIME_EXIT,False
2025-09-06 09:00:00,2025-09-06 09:15:00,2025-09-06 11:45:00,58991,SHORT,110722.01,-5.3295636522502905,-13.32956365225029,4.193384856361713,-13.257526665204882,10,TIME_EXIT,False
2025-09-06 15:30:00,2025-09-06 15:45:00,2025-09-06 18:15:00,59017,SHORT,110609.07,36.636236069972426,28.636236069972426,57.14449999444051,0.0,10,TIME_EXIT,False
2025-09-07 00:00:00,2025-09-07 00:15:00,2025-09-07 02:45:00,59051,LONG,110254.62,37.333582937387106,29.333582937387106,39.717156523691145,-4.297325590527644,10,TIME_EXIT,False
2025-09-07 03:15:00,2025-09-07 03:30:00,2025-09-07 06:00:00,59064,SHORT,110710.0,11.269984644567254,3.269984644567254,19.87535001354833,0.0,10,TIME_EXIT,False
2025-09-07 07:30:00,2025-09-07 07:45:00,2025-09-07 08:45:00,59075,LONG,110802.45,31.87069419493931,23.87069419493931,51.87069419493931,-7.440268694419873,4,TRAILING_STOP,False
2025-09-07 14:00:00,2025-09-07 14:15:00,2025-09-07 16:45:00,59107,SHORT,111158.0,-3.9601288256359486,-11.960128825635948,4.670828910199739,-19.380521419960147,10,TIME_EXIT,False
2025-09-07 22:00:00,2025-09-07 22:15:00,2025-09-07 23:45:00,59135,LONG,111190.0,16.873819588092452,8.873819588092452,36.87381958809245,-10.16997931468673,6,TRAILING_STOP,False
2025-09-08 00:45:00,2025-09-08 01:00:00,2025-09-08 02:30:00,59146,SHORT,110837.95,-10.496752240545927,-18.496752240545927,19.503247759454073,-48.18295538667063,6,TRAILING_STOP,False
2025-09-08 07:15:00,2025-09-08 07:30:00,2025-09-08 08:45:00,59171,LONG,111502.34,16.60371611932085,8.60371611932085,36.60371611932085,-23.527757354688386,5,TRAILING_STOP,False
2025-09-08 13:45:00,2025-09-08 14:00:00,2025-09-08 16:30:00,59202,SHORT,111906.56,-51.20343257803654,-59.20343257803654,0.0,-90.95177262172993,10,TIME_EXIT,False
2025-09-09 00:15:00,2025-09-09 00:30:00,2025-09-09 03:00:00,59244,SHORT,111665.21,19.631393699076582,11.631393699076582,49.63139369907658,-13.912121779020632,10,TRAILING_STOP,False
2025-09-09 06:00:00,2025-09-09 06:15:00,2025-09-09 07:30:00,59262,LONG,112686.43,33.85386687642874,25.85386687642874,53.85386687642874,-5.6670532556569615,5,TRAILING_STOP,False
2025-09-09 14:00:00,2025-09-09 14:15:00,2025-09-09 16:00:00,59296,SHORT,112433.69,118.26783680229644,110.26783680229644,148.26783680229644,0.0,7,TRAILING_STOP,False
2025-09-10 07:15:00,2025-09-10 07:30:00,2025-09-10 08:30:00,59362,LONG,112232.16,35.92336456858706,27.92336456858706,55.92336456858706,0.0,4,TRAILING_STOP,False
2025-09-10 12:30:00,2025-09-10 12:45:00,2025-09-10 13:45:00,59383,LONG,113260.29,72.9575582050877,64.9575582050877,92.9575582050877,0.0,4,TRAILING_STOP,False
2025-09-11 03:45:00,2025-09-11 04:00:00,2025-09-11 06:30:00,59450,LONG,114400.01,-1.0489509572595317,-9.048950957259532,1.0209789317332723,-37.89772395998815,10,TIME_EXIT,False
2025-09-11 12:00:00,2025-09-11 12:15:00,2025-09-11 12:30:00,59474,LONG,114261.6,0.8644023889035459,-7.135597611096454,20.864402388903546,-66.6540640075061,1,TRAILING_STOP,False
2025-09-11 13:00:00,2025-09-11 13:15:00,2025-09-11 15:45:00,59487,SHORT,113489.09,-60.906295045629605,-68.9062950456296,0.0,-108.02183716514139,10,TIME_EXIT,False
2025-09-11 22:15:00,2025-09-11 22:30:00,2025-09-12 00:45:00,59523,LONG,115033.65,92.85045723577436,84.85045723577436,112.85045723577436,0.0,9,TRAILING_STOP,False
2025-09-12 08:15:00,2025-09-12 08:30:00,2025-09-12 11:00:00,59564,LONG,115185.18,-23.378875650495456,-31.378875650495456,0.0,-25.79932592022674,10,TIME_EXIT,False
2025-09-12 19:45:00,2025-09-12 20:00:00,2025-09-12 22:30:00,59610,LONG,116632.51,-59.0349980464275,-67.0349980464275,0.0,-75.43608553052675,10,TIME_EXIT,False
2025-09-13 13:45:00,2025-09-13 14:00:00,2025-09-13 16:30:00,59682,SHORT,115761.06,28.129493631105714,20.129493631105714,54.74984420495058,-16.321550614688768,10,TIME_EXIT,False
2025-09-14 02:00:00,2025-09-14 02:15:00,2025-09-14 04:45:00,59731,LONG,116109.0,-30.833957746599726,-38.83395774659972,0.0,-56.792324453746346,10,TIME_EXIT,False
2025-09-14 13:15:00,2025-09-14 13:30:00,2025-09-14 14:00:00,59768,SHORT,115531.88,-2.7460507004638117,-10.746050700463812,27.25394929953619,-13.7762840871272,2,TRAILING_STOP,False
2025-09-14 14:30:00,2025-09-14 14:45:00,2025-09-14 17:15:00,59781,SHORT,115306.24,-20.25724887048515,-28.25724887048515,9.74275112951485,-29.812783766081935,10,TRAILING_STOP,False
2025-09-14 21:30:00,2025-09-14 21:45:00,2025-09-14 23:00:00,59804,LONG,116057.21,-18.304284585163384,-26.304284585163384,1.695715414836615,-45.25440513346877,5,TRAILING_STOP,False
2025-09-15 00:00:00,2025-09-15 00:15:00,2025-09-15 01:30:00,59814,SHORT,115110.85,-5.16741471372978,-13.16741471372978,24.83258528627022,-14.99858614544104,5,TRAILING_STOP,False
2025-09-15 04:15:00,2025-09-15 04:30:00,2025-09-15 06:15:00,59833,LONG,115962.44,48.60411008943956,40.60411008943956,68.60411008943956,0.0,7,TRAILING_STOP,False
2025-09-15 08:00:00,2025-09-15 08:15:00,2025-09-15 09:15:00,59845,SHORT,115500.01,45.68311033046659,37.68311033046659,75.68311033046659,-14.58181691932306,4,TRAILING_STOP,False
2025-09-16 04:00:00,2025-09-16 04:15:00,2025-09-16 06:45:00,59931,SHORT,115110.21,-57.348518432900036,-65.34851843290004,0.0,-78.13468501186723,10,TIME_EXIT,False
2025-09-16 13:30:00,2025-09-16 13:45:00,2025-09-16 14:45:00,59963,SHORT,115085.35,-6.161170818005434,-14.161170818005434,23.838829181994566,-19.234420367144956,4,TRAILING_STOP,False
2025-09-16 16:00:00,2025-09-16 16:15:00,2025-09-16 18:45:00,59979,SHORT,115760.4,-56.88128237290182,-64.88128237290182,0.0,-95.91881161433449,10,TIME_EXIT,False
2025-09-17 02:30:00,2025-09-17 02:45:00,2025-09-17 05:15:00,60021,LONG,116888.2,-28.04132495837938,-36.04132495837938,0.0,-62.280024844252544,10,TIME_EXIT,False
2025-09-17 05:45:00,2025-09-17 06:00:00,2025-09-17 08:00:00,60032,LONG,117108.31,-4.764531227544975,-12.764531227544975,15.235468772455025,-11.775423964362068,8,TRAILING_STOP,False
2025-09-17 13:30:00,2025-09-17 13:45:00,2025-09-17 15:30:00,60062,SHORT,115982.23,17.440888142950513,9.440888142950513,47.44088814295051,-22.224956357538915,7,TRAILING_STOP,False
2025-09-17 18:15:00,2025-09-17 18:30:00,2025-09-17 19:15:00,60077,LONG,115961.73,-17.631115023896147,-25.631115023896147,2.3688849761038546,-107.01116652881933,3,TRAILING_STOP,False
2025-09-18 03:00:00,2025-09-18 03:15:00,2025-09-18 03:45:00,60111,LONG,117440.32,18.800984193502963,10.800984193502963,38.80098419350296,0.0,2,TRAILING_STOP,False
2025-09-18 13:30:00,2025-09-18 13:45:00,2025-09-18 16:15:00,60161,SHORT,117171.07,-45.74508024890444,-53.74508024890444,0.0,-57.41690333629237,10,TIME_EXIT,False
2025-09-18 22:45:00,2025-09-18 23:00:00,2025-09-18 23:45:00,60191,SHORT,117061.02,6.088870573655214,-1.911129426344786,36.088870573655214,-9.498464988601869,3,TRAILING_STOP,False
2025-09-19 09:45:00,2025-09-19 10:00:00,2025-09-19 12:30:00,60242,SHORT,116488.0,22.71049378476778,14.710493784767781,26.381258155346273,-5.670111942861317,10,TIME_EXIT,False
2025-09-19 14:30:00,2025-09-19 14:45:00,2025-09-19 15:30:00,60254,SHORT,116113.2,25.894592518335102,17.894592518335102,55.8945925183351,0.0,3,TRAILING_STOP,False
2025-09-20 07:30:00,2025-09-20 07:45:00,2025-09-20 10:15:00,60329,SHORT,115925.67,16.634797107491075,8.634797107491075,22.56273351708881,-3.70064714743583,10,TIME_EXIT,False
2025-09-20 11:15:00,2025-09-20 11:30:00,2025-09-20 14:00:00,60344,SHORT,115787.16,-9.191865488366155,-17.191865488366155,0.0,-14.233011674178977,10,TIME_EXIT,False
2025-09-20 15:00:00,2025-09-20 15:15:00,2025-09-20 17:15:00,60357,LONG,116059.92,-14.883677328055658,-22.883677328055658,5.116322671944341,-19.57006346376981,8,TRAILING_STOP,False
2025-09-21 02:15:00,2025-09-21 02:30:00,2025-09-21 05:00:00,60404,SHORT,115514.55,-0.6761053044830865,-8.676105304483087,2.336502198208385,-18.082570550635406,10,TIME_EXIT,False
2025-09-22 00:15:00,2025-09-22 00:30:00,2025-09-22 01:15:00,60485,SHORT,115169.88,46.51219225026563,38.51219225026563,76.51219225026563,0.0,3,TRAILING_STOP,False
2025-09-22 02:15:00,2025-09-22 02:30:00,2025-09-22 04:30:00,60498,LONG,114516.53,-7.964182987381669,-15.964182987381669,12.035817012618331,-28.70589948892059,8,TRAILING_STOP,False
2025-09-22 05:45:00,2025-09-22 06:00:00,2025-09-22 07:30:00,60510,SHORT,113691.18,69.11147021255279,61.11147021255279,99.11147021255279,0.0,6,TRAILING_STOP,False
2025-09-22 14:15:00,2025-09-22 14:30:00,2025-09-22 17:00:00,60548,LONG,113382.52,-94.8329601423575,-102.8329601423575,0.0,-99.80638990913279,10,TIME_EXIT,False
2025-09-22 19:30:00,2025-09-22 19:45:00,2025-09-22 20:30:00,60562,SHORT,111992.37,-28.47400318432439,-36.47400318432439,1.5259968156756132,-58.36647621619254,3,TRAILING_STOP,False
2025-09-23 02:15:00,2025-09-23 02:30:00,2025-09-23 03:15:00,60589,SHORT,112020.12,18.394877634481674,10.394877634481674,48.394877634481674,-34.350971950396314,3,TRAILING_STOP,False
2025-09-23 07:45:00,2025-09-23 08:00:00,2025-09-23 10:30:00,60618,SHORT,113090.13,22.075312850025792,14.075312850025792,23.12403390110254,-16.92190114203559,10,TIME_EXIT,False
2025-09-23 14:00:00,2025-09-23 14:15:00,2025-09-23 16:00:00,60640,LONG,113053.67,-18.299922505832747,-26.299922505832747,1.7000774941672538,-50.179706682675835,7,TRAILING_STOP,False
2025-09-24 02:45:00,2025-09-24 03:00:00,2025-09-24 04:00:00,60688,SHORT,112111.62,65.3478328116204,57.34783281162041,95.3478328116204,-9.204219865880301,4,TRAILING_STOP,False
2025-09-24 14:30:00,2025-09-24 14:45:00,2025-09-24 15:00:00,60732,LONG,113382.5,24.20258858289357,16.20258858289357,44.20258858289357,0.0,1,TRAILING_STOP,False
2025-09-25 00:45:00,2025-09-25 01:00:00,2025-09-25 02:30:00,60778,SHORT,113062.35,24.500901493734347,16.500901493734347,54.50090149373435,-21.57216792327368,6,TRAILING_STOP,False
2025-09-25 04:15:00,2025-09-25 04:30:00,2025-09-25 05:15:00,60789,SHORT,111942.8,2.0315375352418314,-5.9684624647581686,32.03153753524183,-8.683005963759802,3,TRAILING_STOP,False
2025-09-25 12:15:00,2025-09-25 12:30:00,2025-09-25 13:00:00,60820,SHORT,111125.76,-5.409841966435618,-13.409841966435618,24.590158033564382,-23.416712740592384,2,TRAILING_STOP,False
2025-09-25 13:15:00,2025-09-25 13:30:00,2025-09-25 14:15:00,60825,LONG,111617.01,-10.521158020627599,-18.5211580206276,9.478841979372401,-85.98241432914139,3,TRAILING_STOP,False
2025-09-25 17:15:00,2025-09-25 17:30:00,2025-09-25 18:00:00,60840,SHORT,109938.12,88.84958556686259,80.84958556686259,118.84958556686259,0.0,2,TRAILING_STOP,False
2025-09-25 23:30:00,2025-09-25 23:45:00,2025-09-26 00:00:00,60864,SHORT,109083.17,-17.44535935286836,-25.44535935286836,12.554640647131643,-25.377883682698418,1,TRAILING_STOP,False
2025-09-26 07:30:00,2025-09-26 07:45:00,2025-09-26 10:15:00,60905,SHORT,108944.99,-13.493966083249424,-21.493966083249425,0.0,-68.47400692771559,10,TIME_EXIT,False
2025-09-26 12:30:00,2025-09-26 12:45:00,2025-09-26 13:00:00,60916,LONG,109497.7,-17.483052155433615,-25.483052155433615,2.5169478445663853,-31.08375792368247,1,TRAILING_STOP,False
2025-09-26 13:30:00,2025-09-26 13:45:00,2025-09-26 14:00:00,60920,LONG,109600.72,-3.6670780994874157,-11.667078099487416,16.332921900512584,-30.56093062162339,1,TRAILING_STOP,False
2025-09-27 08:00:00,2025-09-27 08:15:00,2025-09-27 10:30:00,61002,SHORT,109287.64,-9.573170396944683,-17.573170396944683,20.426829603055317,-17.38988965266364,9,TRAILING_STOP,False
2025-09-28 00:15:00,2025-09-28 00:30:00,2025-09-28 03:00:00,61068,LONG,109787.73,-27.66520448141117,-35.665204481411166,0.0,-42.14314295413459,10,TIME_EXIT,False
2025-09-28 06:30:00,2025-09-28 06:45:00,2025-09-28 09:00:00,61092,LONG,109437.42,-6.479030664282732,-14.479030664282732,13.520969335717268,-7.988126913079481,9,TRAILING_STOP,False
2025-09-28 16:00:00,2025-09-28 16:15:00,2025-09-28 18:00:00,61128,LONG,110195.21,-3.498375292356492,-11.498375292356492,16.501624707643508,-16.93993777043601,7,TRAILING_STOP,False
2025-09-28 20:30:00,2025-09-28 20:45:00,2025-09-28 23:00:00,61148,LONG,110943.65,106.76255017750056,98.76255017750056,126.76255017750056,-27.296740282115877,9,TRAILING_STOP,False
2025-09-29 07:30:00,2025-09-29 07:45:00,2025-09-29 08:45:00,61187,LONG,111732.78,41.683778028256924,33.683778028256924,61.683778028256924,0.0,4,TRAILING_STOP,False
2025-09-29 12:30:00,2025-09-29 12:45:00,2025-09-29 13:30:00,61206,SHORT,112113.29,-11.08787994714999,-19.08787994714999,18.91212005285001,-105.84918166258491,3,TRAILING_STOP,False
2025-09-29 13:45:00,2025-09-29 14:00:00,2025-09-29 16:30:00,61218,SHORT,113227.29,-47.15470978772103,-55.15470978772103,0.0,-88.69504869365011,10,TIME_EXIT,False
2025-09-29 19:45:00,2025-09-29 20:00:00,2025-09-29 21:15:00,61237,LONG,114265.56,-8.234425140873388,-16.234425140873388,11.765574859126612,-10.988437811007767,5,TRAILING_STOP,False
2025-09-30 00:45:00,2025-09-30 01:00:00,2025-09-30 01:30:00,61254,LONG,114525.97,3.228792561198027,-4.771207438801973,23.228792561198027,-10.987900822843633,2,TRAILING_STOP,False
2025-09-30 05:45:00,2025-09-30 06:00:00,2025-09-30 08:30:00,61282,SHORT,113904.0,39.34629161399057,31.346291613990573,48.60672144964129,-15.82209579997201,10,TIME_EXIT,False
2025-09-30 09:30:00,2025-09-30 09:45:00,2025-09-30 12:15:00,61297,LONG,112983.66,9.015462943933713,1.0154629439337128,13.433800958474777,-28.976756461952057,10,TIME_EXIT,False
2025-10-01 08:15:00,2025-10-01 08:30:00,2025-10-01 08:45:00,61379,LONG,115089.82,110.50502642197162,102.50502642197162,130.50502642197162,0.0,1,TRAILING_STOP,False
2025-10-01 13:30:00,2025-10-01 13:45:00,2025-10-01 16:15:00,61409,SHORT,116513.96,-115.6711178643311,-123.6711178643311,0.0,-116.36202219888492,10,TIME_EXIT,False
2025-10-01 22:00:00,2025-10-01 22:15:00,2025-10-02 00:00:00,61440,LONG,117835.01,117.64245447936088,109.64245447936088,137.64245447936088,-16.488308525623548,7,TRAILING_STOP,False
2025-10-02 12:15:00,2025-10-02 12:30:00,2025-10-02 13:00:00,61492,LONG,119080.53,7.499877603836765,-0.5001223961632348,27.499877603836765,0.0,2,TRAILING_STOP,False
2025-10-02 13:30:00,2025-10-02 13:45:00,2025-10-02 14:30:00,61498,LONG,119542.14,0.5668059815560085,-7.4331940184439915,20.56680598155601,-47.86094677575618,3,TRAILING_STOP,False
2025-10-02 16:00:00,2025-10-02 16:15:00,2025-10-02 18:45:00,61515,LONG,120133.44,31.062957990714178,23.062957990714178,44.160893086887725,-64.4125399222729,10,TIME_EXIT,False
2025-10-02 19:00:00,2025-10-02 19:15:00,2025-10-02 21:45:00,61527,LONG,121008.68,-70.95193501821417,-78.95193501821417,0.0,-71.64444732394337,10,TIME_EXIT,False
2025-10-03 00:00:00,2025-10-03 00:15:00,2025-10-03 02:45:00,61547,SHORT,120156.53,-0.1073599578822848,-8.107359957882284,28.007633043330966,-11.414277692605985,10,TIME_EXIT,False
2025-10-03 07:30:00,2025-10-03 07:45:00,2025-10-03 08:15:00,61569,SHORT,119641.3,2.848188710754563,-5.151811289245437,32.84818871075456,-7.586845010878691,2,TRAILING_STOP,False
2025-10-03 08:45:00,2025-10-03 09:00:00,2025-10-03 11:15:00,61581,LONG,120038.6,19.761376757142585,11.761376757142585,39.761376757142585,-2.499196091923764,9,TRAILING_STOP,False
2025-10-03 15:15:00,2025-10-03 15:30:00,2025-10-03 16:45:00,61603,LONG,121293.72,194.46040240170754,186.46040240170754,214.46040240170754,0.0,5,TRAILING_STOP,False
2025-10-03 17:00:00,2025-10-03 17:15:00,2025-10-03 19:45:00,61615,LONG,122981.09,-26.028391844631667,-34.02839184463167,0.0,-123.17666073702847,10,TIME_EXIT,False
2025-10-04 01:30:00,2025-10-04 01:45:00,2025-10-04 03:15:00,61645,SHORT,121883.96,-13.673815652198599,-21.6738156521986,16.3261843478014,-14.979001338649681,6,TRAILING_STOP,False
2025-10-04 15:15:00,2025-10-04 15:30:00,2025-10-04 18:00:00,61704,SHORT,121733.94,2.448782977039737,-5.551217022960262,11.358377129665241,-22.849009898142963,10,TIME_EXIT,False
2025-10-05 02:15:00,2025-10-05 02:30:00,2025-10-05 03:00:00,61740,LONG,122853.91,83.8094758237647,75.8094758237647,103.8094758237647,0.0,2,TRAILING_STOP,False
2025-10-05 04:45:00,2025-10-05 05:00:00,2025-10-05 05:45:00,61751,LONG,125172.81,-2.089560823951917,-10.089560823951917,17.910439176048083,-22.144585553364372,3,TRAILING_STOP,False
2025-10-05 08:45:00,2025-10-05 09:00:00,2025-10-05 11:30:00,61774,LONG,124596.0,-100.00722334585403,-108.00722334585403,0.0,-166.59924877203076,10,TIME_EXIT,False
2025-10-05 16:45:00,2025-10-05 17:00:00,2025-10-05 17:30:00,61798,LONG,123265.55,-11.010464805454754,-19.010464805454752,8.989535194545246,-30.43591660443638,2,TRAILING_STOP,False
2025-10-06 00:15:00,2025-10-06 00:30:00,2025-10-06 00:45:00,61827,LONG,123660.66,-13.246033136165575,-21.246033136165575,6.7539668638344255,-46.63245368413879,1,TRAILING_STOP,False
2025-10-06 07:30:00,2025-10-06 07:45:00,2025-10-06 08:45:00,61859,SHORT,123439.04,-26.06445416296277,-34.064454162962775,3.935545837037229,-35.72289609510949,4,TRAILING_STOP,False
2025-10-06 09:30:00,2025-10-06 09:45:00,2025-10-06 11:15:00,61869,SHORT,123806.0,-24.32418461140784,-32.324184611407844,5.6758153885921585,-47.97828861282975,6,TRAILING_STOP,False
2025-10-06 11:30:00,2025-10-06 11:45:00,2025-10-06 12:45:00,61875,SHORT,124299.97,-20.1874473501481,-28.1874473501481,9.812552649851899,-31.523740512567823,4,TRAILING_STOP,False
2025-10-06 13:30:00,2025-10-06 13:45:00,2025-10-06 15:00:00,61884,SHORT,124565.8,-11.82326128038368,-19.82326128038368,18.17673871961632,-61.349102241546,5,TRAILING_STOP,False
2025-10-06 18:45:00,2025-10-06 19:00:00,2025-10-06 21:30:00,61910,LONG,126011.18,-80.05956296893629,-88.05956296893629,0.0,-119.03943761180548,10,TIME_EXIT,False
2025-10-07 06:15:00,2025-10-07 06:30:00,2025-10-07 08:30:00,61954,SHORT,123891.55,15.899014097410898,7.899014097410898,45.8990140974109,-11.820822324040428,8,TRAILING_STOP,False
2025-10-07 12:45:00,2025-10-07 13:00:00,2025-10-07 15:30:00,61982,LONG,124918.0,-258.94907059030766,-266.94907059030766,0.0,-299.8054723898878,10,TIME_EXIT,False
2025-10-08 08:30:00,2025-10-08 08:45:00,2025-10-08 11:15:00,62061,LONG,122821.24,16.239047904091922,8.239047904091922,30.838314285053197,-35.77557106572191,10,TIME_EXIT,False
2025-10-08 13:30:00,2025-10-08 13:45:00,2025-10-08 16:15:00,62081,SHORT,121898.25,-63.51690856923661,-71.51690856923662,0.0,-119.09522901272167,10,TIME_EXIT,False
2025-10-08 17:00:00,2025-10-08 17:15:00,2025-10-08 17:30:00,62086,LONG,123669.93,9.283593837241497,1.2835938372414972,29.283593837241497,-1.6115477707469403,1,TRAILING_STOP,False
2025-10-09 01:45:00,2025-10-09 02:00:00,2025-10-09 04:30:00,62130,LONG,122548.23,-42.370257000039146,-50.370257000039146,0.0,-87.49616375528231,10,TIME_EXIT,False
2025-10-09 08:15:00,2025-10-09 08:30:00,2025-10-09 09:00:00,62148,SHORT,121180.0,-27.152170325136595,-35.152170325136595,2.847829674863407,-40.538042581284465,2,TRAILING_STOP,False
2025-10-09 11:15:00,2025-10-09 11:30:00,2025-10-09 13:00:00,62164,LONG,122680.96,68.19461471445902,60.19461471445902,88.19461471445902,0.0,6,TRAILING_STOP,False
2025-10-09 13:45:00,2025-10-09 14:00:00,2025-10-09 14:45:00,62171,SHORT,122415.74,107.13759358069467,99.13759358069467,137.13759358069467,-8.137842404906047,3,TRAILING_STOP,False
2025-10-09 16:45:00,2025-10-09 17:00:00,2025-10-09 19:30:00,62190,SHORT,119819.76,-85.64864426368449,-93.64864426368449,0.0,-107.52483563645936,10,TIME_EXIT,False
2025-10-09 23:45:00,2025-10-10 00:00:00,2025-10-10 01:30:00,62214,LONG,121662.41,-2.597747323926825,-10.597747323926825,17.402252676073175,-14.248443705825473,6,TRAILING_STOP,False
2025-10-10 02:00:00,2025-10-10 02:15:00,2025-10-10 03:15:00,62221,SHORT,121272.5,0.7159496175967348,-7.284050382403265,30.715949617596735,-14.966294914345792,4,TRAILING_STOP,False
2025-10-10 06:30:00,2025-10-10 06:45:00,2025-10-10 09:15:00,62245,LONG,121662.17,7.575074486999821,-0.4249255130001792,9.444184663154433,-66.31149189596033,10,TIME_EXIT,False
2025-10-10 13:00:00,2025-10-10 13:15:00,2025-10-10 13:30:00,62262,LONG,121813.29,40.47862265275049,32.47862265275049,60.47862265275049,-1.7682799635403983,1,TRAILING_STOP,False
2025-10-10 13:45:00,2025-10-10 14:00:00,2025-10-10 15:00:00,62268,SHORT,121684.18,114.07624721635904,106.07624721635904,144.07624721635904,-1.6830454049170958,4,TRAILING_STOP,False
2025-10-10 15:15:00,2025-10-10 15:30:00,2025-10-10 16:15:00,62273,SHORT,119252.86,26.75838717830336,18.75838717830336,56.75838717830336,-29.10957439511299,3,TRAILING_STOP,False
2025-10-10 20:45:00,2025-10-10 21:00:00,2025-10-10 21:15:00,62293,SHORT,114266.82,1043.5242303933903,1035.5242303933903,1073.5242303933903,0.0,1,TRAILING_STOP,False
2025-10-10 21:30:00,2025-10-10 21:45:00,2025-10-10 22:15:00,62297,LONG,110809.05,249.8290437468778,241.8290437468778,269.8290437468778,0.0,2,TRAILING_STOP,False
2025-10-11 07:00:00,2025-10-11 07:15:00,2025-10-11 08:15:00,62337,SHORT,111397.9,87.38192551206087,79.38192551206087,117.38192551206087,0.0,4,TRAILING_STOP,False
2025-10-11 11:15:00,2025-10-11 11:30:00,2025-10-11 12:15:00,62353,SHORT,112350.0,-2.227859368045923,-10.227859368045923,27.772140631954077,-10.383622607921986,3,TRAILING_STOP,False
2025-10-11 19:00:00,2025-10-11 19:15:00,2025-10-11 20:45:00,62387,SHORT,111570.5,141.80616740088158,133.80616740088158,171.80616740088158,0.0,6,TRAILING_STOP,False
2025-10-12 03:00:00,2025-10-12 03:15:00,2025-10-12 03:30:00,62414,LONG,110708.29,27.139197976954563,19.139197976954563,47.13919797695456,0.0,1,TRAILING_STOP,False
2025-10-12 06:15:00,2025-10-12 06:30:00,2025-10-12 09:00:00,62436,SHORT,111933.62,65.49417413642044,57.49417413642044,70.91256407145592,-0.020547892582271292,10,TIME_EXIT,False
2025-10-12 11:30:00,2025-10-12 11:45:00,2025-10-12 12:15:00,62449,LONG,111985.01,3.662988466046059,-4.337011533953941,23.66298846604606,-13.373218433430935,2,TRAILING_STOP,False
2025-10-12 13:30:00,2025-10-12 13:45:00,2025-10-12 14:45:00,62459,LONG,111818.3,84.86655583209468,76.86655583209468,104.86655583209468,-57.28489880457876,4,TRAILING_STOP,False
2025-10-12 15:00:00,2025-10-12 15:15:00,2025-10-12 16:00:00,62464,LONG,113218.52,76.60786945457323,68.60786945457323,96.60786945457323,-72.29559262919211,3,TRAILING_STOP,False
2025-10-12 22:00:00,2025-10-12 22:15:00,2025-10-12 22:45:00,62491,LONG,115374.58,-5.937110236934341,-13.937110236934341,14.062889763065659,-23.672458872655948,2,TRAILING_STOP,False
2025-10-13 09:00:00,2025-10-13 09:15:00,2025-10-13 11:00:00,62540,SHORT,114801.34,25.971472109994338,17.971472109994338,55.97147210999434,-34.689490558211716,7,TRAILING_STOP,False
2025-10-13 11:15:00,2025-10-13 11:30:00,2025-10-13 12:45:00,62547,LONG,113643.33,77.29035571203337,69.29035571203337,97.29035571203337,0.0,5,TRAILING_STOP,False
2025-10-13 13:30:00,2025-10-13 13:45:00,2025-10-13 14:00:00,62552,LONG,114952.05,25.595533094015295,17.595533094015295,45.595533094015295,-6.248692389566062,1,TRAILING_STOP,False
2025-10-14 01:00:00,2025-10-14 01:15:00,2025-10-14 03:45:00,62607,SHORT,114675.13,102.4747039746111,94.4747039746111,121.68026319220303,0.0,10,TIME_EXIT,False
2025-10-14 04:45:00,2025-10-14 05:00:00,2025-10-14 06:45:00,62619,SHORT,113062.09,120.98606438285387,112.98606438285387,150.98606438285387,-42.97727027688976,7,TRAILING_STOP,False
2025-10-14 13:30:00,2025-10-14 13:45:00,2025-10-14 16:15:00,62657,SHORT,110680.0,-185.4716299241058,-193.4716299241058,0.0,-226.56487170220413,10,TIME_EXIT,False
2025-10-15 01:00:00,2025-10-15 01:15:00,2025-10-15 01:45:00,62695,SHORT,112726.97,5.546950299471938,-2.4530497005280623,35.54695029947194,-4.029204368750287,2,TRAILING_STOP,False
2025-10-15 13:30:00,2025-10-15 13:45:00,2025-10-15 15:15:00,62749,SHORT,111337.32,40.71483308561828,32.71483308561828,70.71483308561828,-80.93332945323243,6,TRAILING_STOP,False
2025-10-16 07:15:00,2025-10-16 07:30:00,2025-10-16 08:45:00,62819,SHORT,110771.28,3.0663327172890718,-4.933667282710928,33.06633271728907,-12.551990010407767,5,TRAILING_STOP,False
2025-10-16 09:30:00,2025-10-16 09:45:00,2025-10-16 10:15:00,62825,LONG,111230.0,24.835026521621607,16.835026521621607,44.83502652162161,-18.78809673649159,2,TRAILING_STOP,False
2025-10-16 14:15:00,2025-10-16 14:30:00,2025-10-16 14:45:00,62843,LONG,110343.42,76.20600847789629,68.20600847789629,96.20600847789629,0.0,1,TRAILING_STOP,False
2025-10-16 15:30:00,2025-10-16 15:45:00,2025-10-16 16:00:00,62848,SHORT,109240.69,65.63194813214767,57.63194813214767,95.63194813214767,0.0,1,TRAILING_STOP,False
2025-10-17 05:45:00,2025-10-17 06:00:00,2025-10-17 08:15:00,62913,SHORT,108381.75,327.69398445771543,319.69398445771543,357.69398445771543,0.0,9,TRAILING_STOP,False
2025-10-18 02:30:00,2025-10-18 02:45:00,2025-10-18 03:15:00,62989,SHORT,106625.04,-25.175617284646478,-33.17561728464648,4.824382715353521,-33.82507523561103,2,TRAILING_STOP,False
2025-10-18 04:00:00,2025-10-18 04:15:00,2025-10-18 05:45:00,62999,SHORT,106611.67,-13.839480237014051,-21.83948023701405,16.16051976298595,-21.65147586563476,6,TRAILING_STOP,False
2025-10-18 07:00:00,2025-10-18 07:15:00,2025-10-18 07:45:00,63007,LONG,107295.57,-14.00161628294756,-22.00161628294756,5.998383717052439,-64.15642323350441,2,TRAILING_STOP,False
2025-10-18 08:15:00,2025-10-18 08:30:00,2025-10-18 10:15:00,63017,SHORT,106698.7,-23.529443189092873,-31.529443189092873,6.470556810907125,-25.823182475512713,7,TRAILING_STOP,False
2025-10-19 00:00:00,2025-10-19 00:15:00,2025-10-19 02:45:00,63083,SHORT,107084.09,22.138676249664393,14.138676249664393,32.67712318421889,-0.8227179219618593,10,TIME_EXIT,False
2025-10-19 03:15:00,2025-10-19 03:30:00,2025-10-19 04:00:00,63088,LONG,107137.82,1.4060730375134085,-6.5939269624865915,21.40607303751341,-17.540024615025096,2,TRAILING_STOP,False
2025-10-19 05:45:00,2025-10-19 06:00:00,2025-10-19 08:15:00,63105,SHORT,106888.6,26.8694884206557,18.8694884206557,56.8694884206557,-29.44093196093763,9,TRAILING_STOP,False
2025-10-19 09:15:00,2025-10-19 09:30:00,2025-10-19 10:00:00,63112,LONG,108405.47,-0.055434472080438724,-8.055434472080439,19.94456552791956,-7.123256787688035,2,TRAILING_STOP,False
2025-10-19 11:15:00,2025-10-19 11:30:00,2025-10-19 14:00:00,63128,SHORT,108624.19,-27.389847510025533,-35.38984751002553,0.0,-76.0309466979689,10,TIME_EXIT,False
2025-10-19 14:45:00,2025-10-19 15:00:00,2025-10-19 15:45:00,63135,LONG,108921.18,-14.191212397808757,-22.191212397808755,5.808787602191243,-27.65118776715355,3,TRAILING_STOP,False
2025-10-19 18:30:00,2025-10-19 18:45:00,2025-10-19 19:00:00,63148,SHORT,108066.78,31.467548121633193,23.467548121633193,61.46754812163319,-4.98488064509698,1,TRAILING_STOP,False
2025-10-19 22:15:00,2025-10-19 22:30:00,2025-10-19 22:45:00,63163,LONG,110145.45,9.891384528367286,1.8913845283672863,29.891384528367286,-17.566771936561217,1,TRAILING_STOP,False
2025-10-20 03:45:00,2025-10-20 04:00:00,2025-10-20 06:15:00,63193,SHORT,110800.48,-12.652602226994698,-20.6526022269947,17.3473977730053,-26.85277175694535,9,TRAILING_STOP,False
2025-10-20 09:30:00,2025-10-20 09:45:00,2025-10-20 10:30:00,63210,SHORT,111038.52,12.195267011844066,4.1952670118440665,42.19526701184407,-60.07284679226574,3,TRAILING_STOP,False
2025-10-20 11:00:00,2025-10-20 11:15:00,2025-10-20 12:15:00,63217,SHORT,110469.94,25.59068829040737,17.59068829040737,55.59068829040737,-54.445580399517894,4,TRAILING_STOP,False
2025-10-20 20:15:00,2025-10-20 20:30:00,2025-10-20 23:00:00,63260,SHORT,109863.18,179.869179100768,171.869179100768,187.0999910980179,0.0,10,TIME_EXIT,False
2025-10-20 23:15:00,2025-10-20 23:30:00,2025-10-20 23:45:00,63263,SHORT,107779.71,-9.64273609568967,-17.64273609568967,20.35726390431033,-13.758619317123195,1,TRAILING_STOP,False
2025-10-21 05:15:00,2025-10-21 05:30:00,2025-10-21 06:45:00,63291,LONG,108499.56,70.89622114596605,62.89622114596605,90.89622114596605,-23.093181207370584,5,TRAILING_STOP,False
2025-10-21 07:00:00,2025-10-21 07:15:00,2025-10-21 07:30:00,63294,SHORT,109339.48,99.63478516634598,91.63478516634598,129.63478516634598,0.0,1,TRAILING_STOP,False
2025-10-21 08:45:00,2025-10-21 09:00:00,2025-10-21 11:30:00,63310,SHORT,109679.81,-278.0256457409987,-286.0256457409987,0.0,-393.8910908033121,10,TIME_EXIT,False
2025-10-21 12:00:00,2025-10-21 12:15:00,2025-10-21 14:45:00,63323,LONG,112474.81,-145.80331364862926,-153.80331364862926,0.0,-170.75734557808957,10,TIME_EXIT,False
2025-10-21 17:00:00,2025-10-21 17:15:00,2025-10-21 18:00:00,63336,SHORT,109167.44,72.74400498903378,64.74400498903378,102.74400498903378,-23.427314957646715,3,TRAILING_STOP,False
2025-10-22 00:00:00,2025-10-22 00:15:00,2025-10-22 01:45:00,63367,SHORT,107945.35,1.0666462242241863,-6.933353775775814,31.066646224224186,-35.795891161591875,6,TRAILING_STOP,False
2025-10-22 05:30:00,2025-10-22 05:45:00,2025-10-22 06:00:00,63384,LONG,107966.46,-17.97159228893916,-25.97159228893916,2.0284077110608405,-24.865129411486343,1,TRAILING_STOP,False
2025-10-22 08:15:00,2025-10-22 08:30:00,2025-10-22 09:30:00,63398,LONG,108783.35,14.98053700313502,6.980537003135019,34.98053700313502,-117.97301701041619,4,TRAILING_STOP,False
2025-10-22 15:30:00,2025-10-22 15:45:00,2025-10-22 16:15:00,63425,SHORT,107139.29,6.659753858737496,-1.3402461412625044,36.659753858737496,-18.07833522137419,2,TRAILING_STOP,False
2025-10-22 21:45:00,2025-10-22 22:00:00,2025-10-22 23:00:00,63452,SHORT,108705.76,5.156370738772104,-2.843629261227896,35.156370738772104,-21.578433378323925,4,TRAILING_STOP,False
2025-10-23 00:45:00,2025-10-23 01:00:00,2025-10-23 06:45:00,63462,LONG,109881.05,17.971970599115195,9.971970599115195,37.971970599115195,-70.79655682212703,2,TRAILING_STOP,False
2025-10-23 08:00:00,2025-10-23 08:15:00,2025-10-23 08:30:00,63469,LONG,109382.14,-4.544094675785493,-12.544094675785493,15.455905324214507,-48.649624152535274,1,TRAILING_STOP,False
2025-10-23 12:15:00,2025-10-23 12:30:00,2025-10-23 15:00:00,63495,LONG,111241.71,-121.6890678864971,-129.6890678864971,0.0,-136.29420115890014,10,TIME_EXIT,False
2025-10-23 15:45:00,2025-10-23 16:00:00,2025-10-23 18:30:00,63509,LONG,109651.95,51.782024852271476,43.782024852271476,57.90412300009326,-17.269186731289373,10,TIME_EXIT,False
2025-10-24 05:00:00,2025-10-24 05:15:00,2025-10-24 06:00:00,63539,LONG,111179.99,-12.084906645521375,-20.084906645521375,7.915093354478625,-52.166761303001124,3,TRAILING_STOP,False
2025-10-24 06:15:00,2025-10-24 06:30:00,2025-10-24 07:00:00,63543,LONG,111066.29,73.51982496219172,65.51982496219172,93.51982496219172,-17.92983271521894,2,TRAILING_STOP,False
2025-10-24 08:00:00,2025-10-24 08:15:00,2025-10-24 09:00:00,63551,SHORT,110684.47,58.94292035730092,50.94292035730092,88.94292035730092,-22.901135091489884,3,TRAILING_STOP,False
2025-10-24 15:15:00,2025-10-24 15:30:00,2025-10-24 17:30:00,63585,LONG,110893.69,2.08691946313564,-5.91308053686436,22.08691946313564,-21.61439483166286,8,TRAILING_STOP,False
2025-10-24 22:45:00,2025-10-24 23:00:00,2025-10-25 01:30:00,63617,LONG,111305.83,12.736080401178874,4.736080401178874,17.184185230908756,-19.032246558872657,10,TIME_EXIT,False
2025-10-25 02:00:00,2025-10-25 02:15:00,2025-10-25 04:45:00,63630,SHORT,111537.48,2.0199488100321825,-5.980051189967817,14.494679277315416,-28.030936327412878,10,TIME_EXIT,False
2025-10-25 07:15:00,2025-10-25 07:30:00,2025-10-25 10:00:00,63651,LONG,111899.03,-36.259474277838265,-44.259474277838265,0.0,-45.28368119008728,10,TIME_EXIT,False
2025-10-25 10:30:00,2025-10-25 10:45:00,2025-10-25 12:45:00,63662,SHORT,111244.32,-28.294744396837416,-36.294744396837416,1.7052556031625852,-31.971969445271295,8,TRAILING_STOP,False
2025-10-25 21:15:00,2025-10-25 21:30:00,2025-10-26 00:00:00,63693,SHORT,111448.85,-13.095384115672012,-21.09538411567201,16.90461588432799,-16.69914045770778,10,TRAILING_STOP,False
2025-10-26 03:45:00,2025-10-26 04:00:00,2025-10-26 06:30:00,63719,LONG,112667.24,94.14981675241131,86.14981675241131,102.74947713283774,-42.41783148322472,10,TIME_EXIT,False
2025-10-26 15:45:00,2025-10-26 16:00:00,2025-10-26 18:30:00,63767,SHORT,113065.85,-159.7538071840427,-167.7538071840427,0.0,-212.3497059456942,10,TIME_EXIT,False
2025-10-27 01:30:00,2025-10-27 01:45:00,2025-10-27 03:45:00,63793,SHORT,115867.19,60.83675887885086,52.83675887885086,90.83675887885086,-0.856152634753484,8,TRAILING_STOP,False
2025-10-27 08:00:00,2025-10-27 08:15:00,2025-10-27 08:45:00,63813,SHORT,114882.66,2.9614582392154034,-5.038541760784597,32.9614582392154,-41.37613108888639,2,TRAILING_STOP,False
2025-10-27 15:30:00,2025-10-27 15:45:00,2025-10-27 16:15:00,63843,LONG,114402.28,-0.35790895076510765,-8.357908950765108,19.642091049234892,-21.97508651051309,2,TRAILING_STOP,False
2025-10-28 00:15:00,2025-10-28 00:30:00,2025-10-28 03:00:00,63886,SHORT,113605.32,-71.85490961162714,-79.85490961162714,0.0,-77.00959778996224,10,TIME_EXIT,False
2025-10-28 07:45:00,2025-10-28 08:00:00,2025-10-28 09:00:00,63910,LONG,115070.49,68.25112328973265,60.25112328973265,88.25112328973265,-43.783597341073886,4,TRAILING_STOP,False
2025-10-28 09:15:00,2025-10-28 09:30:00,2025-10-28 09:45:00,63913,LONG,115068.18,3.2027655256218743,-4.797234474378126,23.202765525621874,-3.716057732032849,1,TRAILING_STOP,False
2025-10-28 13:45:00,2025-10-28 14:00:00,2025-10-28 15:00:00,63934,SHORT,113717.0,92.42496724324357,84.42496724324357,122.42496724324357,-27.775090795571973,4,TRAILING_STOP,False
2025-10-28 20:00:00,2025-10-28 20:15:00,2025-10-28 21:30:00,63960,LONG,112689.65,-11.98240477275368,-19.982404772753682,8.01759522724632,-31.048104240273183,5,TRAILING_STOP,False
2025-10-29 00:00:00,2025-10-29 00:15:00,2025-10-29 02:30:00,63980,LONG,113200.19,17.449583786033664,9.449583786033664,37.449583786033664,-19.722581737716986,9,TRAILING_STOP,False
2025-10-29 07:45:00,2025-10-29 08:00:00,2025-10-29 10:30:00,64012,LONG,113543.17,-219.38880163377462,-227.38880163377462,0.0,-227.50553820190137,10,TIME_EXIT,False
2025-10-29 12:30:00,2025-10-29 12:45:00,2025-10-29 13:00:00,64022,SHORT,111214.0,151.09230852230834,143.09230852230834,181.09230852230834,-50.177135972089275,1,TRAILING_STOP,False
2025-10-29 22:30:00,2025-10-29 22:45:00,2025-10-29 23:00:00,64062,SHORT,110011.48,159.6547523949317,151.6547523949317,189.6547523949317,0.0,1,TRAILING_STOP,False
2025-10-30 02:15:00,2025-10-30 02:30:00,2025-10-30 05:00:00,64086,SHORT,111366.72,130.60454685205778,122.60454685205778,138.0286678102765,0.0,10,TIME_EXIT,False
2025-10-30 06:45:00,2025-10-30 07:00:00,2025-10-30 08:30:00,64100,SHORT,108784.3,97.25181850689879,89.25181850689879,127.25181850689879,0.0,6,TRAILING_STOP,False
2025-10-30 19:15:00,2025-10-30 19:30:00,2025-10-30 20:00:00,64146,LONG,109317.21,41.2163446176496,33.2163446176496,61.2163446176496,0.0,2,TRAILING_STOP,False
2025-10-31 06:15:00,2025-10-31 06:30:00,2025-10-31 06:45:00,64189,LONG,110415.62,-12.616986618378444,-20.616986618378444,7.383013381621557,-24.15962524142823,1,TRAILING_STOP,False
2025-10-31 08:00:00,2025-10-31 08:15:00,2025-10-31 09:00:00,64198,SHORT,109614.9,-27.77037610762882,-35.77037610762882,2.229623892371181,-87.65596647901071,3,TRAILING_STOP,False
2025-10-31 09:15:00,2025-10-31 09:30:00,2025-10-31 09:45:00,64201,LONG,110790.14,-13.696189931703625,-21.696189931703625,6.303810068296376,-35.493230715296136,1,TRAILING_STOP,False
2025-10-31 21:45:00,2025-10-31 22:00:00,2025-10-31 22:30:00,64252,LONG,110034.09,28.203243194905205,20.203243194905205,48.203243194905205,0.0,2,TRAILING_STOP,False
2025-11-01 08:45:00,2025-11-01 09:00:00,2025-11-01 09:45:00,64297,LONG,109888.83,21.78495666939017,13.78495666939017,41.78495666939017,0.0,3,TRAILING_STOP,False
2025-11-01 10:30:00,2025-11-01 10:45:00,2025-11-01 13:15:00,64311,SHORT,110213.5,-11.592953676274147,-19.59295367627415,1.9507592082639604,-28.71608287551028,10,TIME_EXIT,False
2025-11-01 22:30:00,2025-11-01 22:45:00,2025-11-01 23:30:00,64352,LONG,110116.0,40.67510625158965,32.67510625158965,60.67510625158965,-3.31650259726144,3,TRAILING_STOP,False
2025-11-02 02:15:00,2025-11-02 02:30:00,2025-11-02 04:00:00,64370,LONG,110895.53,-7.158183923192983,-15.158183923192983,12.841816076807017,-27.783806975808723,6,TRAILING_STOP,False
2025-11-02 06:15:00,2025-11-02 06:30:00,2025-11-02 09:00:00,64390,LONG,111196.99,-75.5640957547502,-83.5640957547502,0.0,-92.01238270928094,10,TIME_EXIT,False
2025-11-02 10:30:00,2025-11-02 10:45:00,2025-11-02 13:15:00,64407,SHORT,109834.98,-45.16047619802035,-53.16047619802035,0.0,-45.16047619802035,10,TIME_EXIT,False
2025-11-02 17:00:00,2025-11-02 17:15:00,2025-11-02 19:45:00,64433,SHORT,109632.89,-1.0006121338223561,-9.000612133822356,13.580778541913784,-101.89551693839326,10,TIME_EXIT,False
2025-11-02 20:00:00,2025-11-02 20:15:00,2025-11-02 20:45:00,64437,LONG,109735.04,-18.25944383854001,-26.25944383854001,1.7405561614599878,-45.754756183621616,2,TRAILING_STOP,False
2025-11-02 21:00:00,2025-11-02 21:15:00,2025-11-02 22:45:00,64445,SHORT,108860.01,96.75729131386173,88.75729131386173,126.75729131386173,-27.166082384156542,6,TRAILING_STOP,False
2025-11-03 03:15:00,2025-11-03 03:30:00,2025-11-03 03:45:00,64465,LONG,107586.98,-1.2244938932201634,-9.224493893220163,18.775506106779837,-27.464289823916978,1,TRAILING_STOP,False
2025-11-03 05:15:00,2025-11-03 05:30:00,2025-11-03 08:00:00,64482,SHORT,106974.99,-82.40337297530895,-90.40337297530895,0.0,-120.630999825286,10,TIME_EXIT,False
2025-11-03 09:45:00,2025-11-03 10:00:00,2025-11-03 10:30:00,64492,SHORT,105992.64,34.72902269440611,26.729022694406112,64.72902269440611,-28.975596796154466,2,TRAILING_STOP,False
2025-11-03 10:45:00,2025-11-03 11:00:00,2025-11-03 11:45:00,64497,LONG,106380.0,111.90449332581287,103.90449332581287,131.90449332581287,0.0,3,TRAILING_STOP,False
2025-11-03 23:45:00,2025-11-04 00:00:00,2025-11-04 00:30:00,64548,SHORT,105668.08,108.93315748710506,100.93315748710506,138.93315748710506,0.0,2,TRAILING_STOP,False
2025-11-04 09:00:00,2025-11-04 09:15:00,2025-11-04 09:30:00,64584,LONG,103929.42,66.09304275921052,58.09304275921052,86.09304275921052,0.0,1,TRAILING_STOP,False
2025-11-04 11:30:00,2025-11-04 11:45:00,2025-11-04 12:45:00,64597,SHORT,101339.92,73.66990619293922,65.66990619293922,103.66990619293922,-61.977550406592165,4,TRAILING_STOP,False
2025-11-04 21:00:00,2025-11-04 21:15:00,2025-11-04 22:30:00,64636,LONG,101731.25,33.17736683664025,25.177366836640253,53.17736683664025,-26.468759599435188,5,TRAILING_STOP,False
2025-11-04 23:15:00,2025-11-04 23:30:00,2025-11-05 00:45:00,64645,SHORT,101998.3,18.853755405727632,10.853755405727632,48.85375540572763,-32.08190724747333,5,TRAILING_STOP,False
2025-11-05 06:45:00,2025-11-05 07:00:00,2025-11-05 07:30:00,64672,LONG,102531.0,3.0749724473570446,-4.925027552642955,23.074972447357045,-4.774165862031687,2,TRAILING_STOP,False
2025-11-05 08:15:00,2025-11-05 08:30:00,2025-11-05 09:00:00,64678,LONG,102985.9,16.27681070903938,8.276810709039381,36.27681070903938,-79.31571215088634,2,TRAILING_STOP,False
2025-11-05 18:30:00,2025-11-05 18:45:00,2025-11-05 19:15:00,64719,SHORT,103765.28,10.964569266328041,2.9645692663280414,40.96456926632804,0.0,2,TRAILING_STOP,False
2025-11-05 19:45:00,2025-11-05 20:00:00,2025-11-05 22:30:00,64732,SHORT,102833.83,-94.94638097209794,-102.94638097209794,0.0,-106.92006706353347,10,TIME_EXIT,False
2025-11-06 04:30:00,2025-11-06 04:45:00,2025-11-06 05:30:00,64760,LONG,102867.22,20.96251458919521,12.962514589195209,40.96251458919521,-11.996046942844783,3,TRAILING_STOP,False
2025-11-06 09:00:00,2025-11-06 09:15:00,2025-11-06 09:30:00,64776,SHORT,102516.9,30.175444243826554,22.175444243826554,60.175444243826554,0.0,1,TRAILING_STOP,False
2025-11-06 09:45:00,2025-11-06 10:00:00,2025-11-06 12:30:00,64788,LONG,102438.03,-102.17787280758935,-110.17787280758935,0.0,-208.621739406742,10,TIME_EXIT,False
2025-11-06 17:45:00,2025-11-06 18:00:00,2025-11-06 19:00:00,64814,SHORT,101359.0,30.089385254392575,22.089385254392575,60.089385254392575,-27.723241152734342,4,TRAILING_STOP,False
2025-11-06 21:30:00,2025-11-06 21:45:00,2025-11-07 00:00:00,64834,LONG,102331.16,-0.8621342707346926,-8.862134270734693,19.137865729265307,-73.11946820499301,9,TRAILING_STOP,False
2025-11-07 03:45:00,2025-11-07 04:00:00,2025-11-07 05:00:00,64854,SHORT,101006.26,8.79858535500665,0.7985853550066508,38.79858535500665,-24.1341477251018,4,TRAILING_STOP,False
2025-11-07 05:15:00,2025-11-07 05:30:00,2025-11-07 06:00:00,64858,SHORT,100770.85,65.98708356632936,57.98708356632936,95.98708356632936,0.0,2,TRAILING_STOP,False
2025-11-08 01:45:00,2025-11-08 02:00:00,2025-11-08 04:30:00,64944,SHORT,102083.2,-26.88983103977932,-34.889831039779324,0.0,-59.2183630607195,10,TIME_EXIT,False
2025-11-08 06:00:00,2025-11-08 06:15:00,2025-11-08 07:15:00,64955,SHORT,102029.35,-0.7770362155591997,-8.7770362155592,29.2229637844408,-7.708566211584625,4,TRAILING_STOP,False
2025-11-08 07:45:00,2025-11-08 08:00:00,2025-11-08 10:30:00,64968,LONG,102105.93,-17.682616474869615,-25.682616474869615,0.0,-63.84839744371292,10,TIME_EXIT,False
2025-11-08 18:30:00,2025-11-08 18:45:00,2025-11-08 21:30:00,65011,SHORT,102051.25,33.20194510111359,25.201945101113587,50.771548609155175,-4.777011550568954,10,TIME_EXIT,False
2025-11-08 21:45:00,2025-11-08 22:00:00,2025-11-09 00:30:00,65023,SHORT,101505.4,-36.90345538267039,-44.90345538267039,0.0,-61.59376742518196,10,TIME_EXIT,False
2025-11-09 04:15:00,2025-11-09 04:30:00,2025-11-09 05:15:00,65042,SHORT,101657.46,-14.510728479739077,-22.51072847973908,15.489271520260923,-25.629206159586673,3,TRAILING_STOP,False
2025-11-09 08:30:00,2025-11-09 08:45:00,2025-11-09 09:00:00,65057,LONG,103040.01,77.17002162558072,69.17002162558072,97.17002162558072,0.0,1,TRAILING_STOP,False
2025-11-09 13:15:00,2025-11-09 13:30:00,2025-11-09 14:30:00,65079,LONG,104512.66,32.47402563478895,24.47402563478895,52.47402563478895,-34.33268275824258,4,TRAILING_STOP,False
2025-11-09 16:30:00,2025-11-09 16:45:00,2025-11-09 17:15:00,65090,SHORT,104469.52,0.8233444549194147,-7.176655545080585,30.823344454919415,-33.54758402259349,2,TRAILING_STOP,False
2025-11-09 17:30:00,2025-11-09 17:45:00,2025-11-09 19:15:00,65098,LONG,104935.21,131.5020554111431,123.50205541114309,151.5020554111431,-63.86702804521021,6,TRAILING_STOP,False
2025-11-10 07:30:00,2025-11-10 07:45:00,2025-11-10 08:30:00,65151,LONG,106251.26,11.870680874749596,3.8706808747495955,31.870680874749596,-6.796154699717618,3,TRAILING_STOP,False
2025-11-10 09:00:00,2025-11-10 09:15:00,2025-11-10 09:45:00,65156,SHORT,105652.98,51.150574266811034,43.150574266811034,81.15057426681103,0.0,2,TRAILING_STOP,False
2025-11-10 15:30:00,2025-11-10 15:45:00,2025-11-10 16:15:00,65182,SHORT,105593.99,-0.2644061465993275,-8.264406146599327,29.735593853400673,-6.853609755630537,2,TRAILING_STOP,False
2025-11-10 19:45:00,2025-11-10 20:00:00,2025-11-10 21:00:00,65201,LONG,106792.58,11.595828099667436,3.595828099667436,31.595828099667436,-110.73615788662487,4,TRAILING_STOP,False
2025-11-11 00:30:00,2025-11-11 00:45:00,2025-11-11 02:00:00,65221,LONG,105073.09,4.236462447235873,-3.7635375527641273,24.236462447235873,-24.90932740247726,5,TRAILING_STOP,False
2025-11-11 07:00:00,2025-11-11 07:15:00,2025-11-11 08:00:00,65245,SHORT,104726.16,37.15036625041968,29.15036625041968,67.15036625041968,0.0,3,TRAILING_STOP,False
2025-11-11 20:15:00,2025-11-11 20:30:00,2025-11-11 21:00:00,65297,LONG,103254.63,-4.653472682049042,-12.653472682049042,15.346527317950958,-30.485800007224746,2,TRAILING_STOP,False
2025-11-12 02:15:00,2025-11-12 02:30:00,2025-11-12 05:00:00,65329,SHORT,103112.65,-166.6012850993559,-174.6012850993559,0.0,-190.72926551688892,10,TIME_EXIT,False
2025-11-12 09:15:00,2025-11-12 09:30:00,2025-11-12 10:45:00,65352,SHORT,103990.39,228.71525243823004,220.71525243823004,258.71525243823004,0.0,5,TRAILING_STOP,False
2025-11-12 19:30:00,2025-11-12 19:45:00,2025-11-12 20:15:00,65390,LONG,102398.64,-14.564380933183928,-22.564380933183926,5.435619066816072,-43.59335241171166,2,TRAILING_STOP,False
2025-11-12 21:45:00,2025-11-12 22:00:00,2025-11-12 22:15:00,65398,LONG,102124.06,21.062801459323673,13.062801459323673,41.06280145932367,-0.4210565071544268,1,TRAILING_STOP,False
2025-11-13 00:15:00,2025-11-13 00:30:00,2025-11-13 02:00:00,65413,LONG,103136.0,72.01539714551609,64.01539714551609,92.01539714551609,0.0,6,TRAILING_STOP,False
2025-11-13 09:00:00,2025-11-13 09:15:00,2025-11-13 10:45:00,65448,SHORT,101820.49,78.54200367725666,70.54200367725666,108.54200367725666,-115.84014180249876,6,TRAILING_STOP,False
2025-11-13 12:15:00,2025-11-13 12:30:00,2025-11-13 12:45:00,65456,SHORT,99659.99,61.3094612993645,53.3094612993645,91.3094612993645,0.0,1,TRAILING_STOP,False
2025-11-13 18:00:00,2025-11-13 18:15:00,2025-11-13 18:45:00,65480,SHORT,100420.39,130.56400497946674,122.56400497946674,160.56400497946674,0.0,2,TRAILING_STOP,False
2025-11-13 23:00:00,2025-11-13 23:15:00,2025-11-14 00:15:00,65502,SHORT,97579.56,27.293761111445107,19.293761111445107,57.29376111144511,-46.918637468748756,4,TRAILING_STOP,False
2025-11-14 01:15:00,2025-11-14 01:30:00,2025-11-14 02:00:00,65509,LONG,97569.13,-5.658373708980186,-13.658373708980186,14.341626291019814,-80.52341965127735,2,TRAILING_STOP,False
2025-11-14 07:00:00,2025-11-14 07:15:00,2025-11-14 07:45:00,65532,SHORT,94881.12,-10.910849281712174,-18.910849281712174,19.089150718287826,-85.86639786714221,2,TRAILING_STOP,False
2025-11-14 15:00:00,2025-11-14 15:15:00,2025-11-14 15:30:00,65563,SHORT,94377.76,-14.532372881069023,-22.532372881069023,15.467627118930977,-65.93078708373724,1,TRAILING_STOP,False
2025-11-14 21:45:00,2025-11-14 22:00:00,2025-11-15 00:15:00,65598,SHORT,96656.0,46.021147161065386,38.021147161065386,76.02114716106539,0.0,9,TRAILING_STOP,False
2025-11-15 03:30:00,2025-11-15 03:45:00,2025-11-15 04:15:00,65614,LONG,96057.93,-18.18963410933236,-26.18963410933236,1.8103658906676388,-36.99434289287579,2,TRAILING_STOP,False
2025-11-15 08:15:00,2025-11-15 08:30:00,2025-11-15 08:45:00,65632,LONG,96370.17,-9.640985379604317,-17.640985379604317,10.359014620395683,-29.833920600118766,1,TRAILING_STOP,False
2025-11-15 10:30:00,2025-11-15 10:45:00,2025-11-15 11:00:00,65641,SHORT,95890.81,-13.669967956262283,-21.669967956262283,16.330032043737717,-21.012441129656246,1,TRAILING_STOP,False
2025-11-15 15:15:00,2025-11-15 15:30:00,2025-11-15 16:30:00,65663,SHORT,95277.51,-14.023511949462032,-22.023511949462033,15.976488050537968,-41.40431461737458,4,TRAILING_STOP,False
2025-11-15 20:00:00,2025-11-15 20:15:00,2025-11-15 22:45:00,65688,SHORT,95003.53,-87.59990286676674,-95.59990286676674,0.0,-102.76039216648,10,TIME_EXIT,False
2025-11-16 04:15:00,2025-11-16 04:30:00,2025-11-16 07:00:00,65721,LONG,96629.74,-83.97828660203479,-91.97828660203479,0.0,-123.48993177462744,10,TIME_EXIT,False
2025-11-16 10:15:00,2025-11-16 10:30:00,2025-11-16 11:00:00,65737,SHORT,94573.46,28.216121097822473,20.216121097822473,58.21612109782247,0.0,2,TRAILING_STOP,False
2025-11-16 12:00:00,2025-11-16 12:15:00,2025-11-16 18:45:00,65747,SHORT,94010.92,-4.082798040909058,-12.082798040909058,25.917201959090942,-165.6052296903376,5,TRAILING_STOP,False
2025-11-16 22:45:00,2025-11-16 23:00:00,2025-11-17 01:30:00,65774,LONG,95411.96,-9.403433280272322,-17.403433280272324,5.379828692334503,-53.65784331440276,10,TIME_EXIT,False
2025-11-17 02:45:00,2025-11-17 03:00:00,2025-11-17 04:15:00,65785,LONG,95846.83,-17.687977787058426,-25.687977787058426,2.312022212941575,-50.6516490947062,5,TRAILING_STOP,False
2025-11-17 06:15:00,2025-11-17 06:30:00,2025-11-17 08:15:00,65801,SHORT,95565.38,178.66133740063626,170.66133740063626,208.66133740063626,0.0,7,TRAILING_STOP,False
2025-11-17 08:45:00,2025-11-17 09:00:00,2025-11-17 09:15:00,65805,LONG,94155.06,129.58622510569347,121.58622510569347,149.58622510569347,0.0,1,TRAILING_STOP,False
2025-11-17 10:30:00,2025-11-17 10:45:00,2025-11-17 13:00:00,65820,SHORT,93176.54,51.91224958557122,43.91224958557122,81.91224958557122,-133.43916827132787,9,TRAILING_STOP,False
2025-11-17 14:00:00,2025-11-17 14:15:00,2025-11-17 14:45:00,65827,SHORT,91864.25,32.29300299082614,24.29300299082614,62.29300299082614,-26.75142941895242,2,TRAILING_STOP,False
2025-11-17 20:45:00,2025-11-17 21:00:00,2025-11-17 21:15:00,65853,LONG,91670.9,-18.442253757735678,-26.442253757735678,1.5577462422643211,-107.28377271304153,1,TRAILING_STOP,False
2025-11-17 21:30:00,2025-11-17 21:45:00,2025-11-17 22:00:00,65856,SHORT,90385.58,45.850594751950666,37.850594751950666,75.85059475195067,-59.97748755940943,1,TRAILING_STOP,False
2025-11-17 23:15:00,2025-11-17 23:30:00,2025-11-17 23:45:00,65863,LONG,90081.9,22.987547997989076,14.987547997989076,42.987547997989076,0.0,1,TRAILING_STOP,False
2025-11-18 05:00:00,2025-11-18 05:45:00,2025-11-18 07:00:00,65887,SHORT,91445.34,6.6710867934874045,-1.3289132065125955,36.671086793487405,-47.325538950372334,4,TRAILING_STOP,False
2025-11-18 09:00:00,2025-11-18 09:15:00,2025-11-18 09:30:00,65897,SHORT,91471.23,20.423504745699383,12.423504745699383,50.42350474569938,-85.13824510723254,1,TRAILING_STOP,False
2025-11-18 09:45:00,2025-11-18 10:00:00,2025-11-18 11:00:00,65903,LONG,92801.63,91.46140428783309,83.46140428783309,111.46140428783309,-33.5910048131709,4,TRAILING_STOP,False
2025-11-18 18:45:00,2025-11-18 19:00:00,2025-11-18 19:45:00,65938,SHORT,92301.53,9.70681742762011,1.7068174276201091,39.70681742762011,-39.02752207899435,3,TRAILING_STOP,False
2025-11-18 23:00:00,2025-11-18 23:15:00,2025-11-19 00:15:00,65956,SHORT,91450.02,125.81844596644225,117.81844596644225,155.81844596644225,0.0,4,TRAILING_STOP,False
2025-11-19 07:15:00,2025-11-19 07:30:00,2025-11-19 08:00:00,65987,LONG,91780.0,-6.9252560470690785,-14.925256047069078,13.074743952930922,-46.81956853345025,2,TRAILING_STOP,False
2025-11-19 09:00:00,2025-11-19 09:15:00,2025-11-19 09:30:00,65993,LONG,91784.03,40.08888474389325,32.08888474389325,60.08888474389325,-9.640021254241715,1,TRAILING_STOP,False
2025-11-19 09:45:00,2025-11-19 10:00:00,2025-11-19 11:15:00,66000,SHORT,91235.14,165.2383697772585,157.2383697772585,195.2383697772585,0.0,5,TRAILING_STOP,False
2025-11-19 12:00:00,2025-11-19 12:15:00,2025-11-19 12:30:00,66005,SHORT,89328.63,-28.586119590101777,-36.586119590101774,1.4138804098982216,-46.55618249154723,1,TRAILING_STOP,False
2025-11-19 17:30:00,2025-11-19 17:45:00,2025-11-19 18:15:00,66028,SHORT,91327.03,-22.878340618325858,-30.878340618325858,7.121659381674144,-29.232309426902546,2,TRAILING_STOP,False
2025-11-20 00:45:00,2025-11-20 01:00:00,2025-11-20 01:15:00,66056,SHORT,92447.19,52.22207727460351,44.22207727460351,82.2220772746035,0.0,1,TRAILING_STOP,False
2025-11-20 04:15:00,2025-11-20 04:30:00,2025-11-20 05:00:00,66071,LONG,91950.01,-7.730289534497386,-15.730289534497386,12.269710465502614,-34.58509683685676,2,TRAILING_STOP,False
2025-11-20 08:00:00,2025-11-20 08:15:00,2025-11-20 08:45:00,66086,SHORT,91627.72,100.54782984887188,92.54782984887188,130.54782984887188,0.0,2,TRAILING_STOP,False
2025-11-20 10:30:00,2025-11-20 10:45:00,2025-11-20 11:15:00,66096,SHORT,88722.8,109.18068410825694,101.18068410825694,139.18068410825694,-23.58920142285789,2,TRAILING_STOP,False
2025-11-20 11:30:00,2025-11-20 11:45:00,2025-11-20 12:00:00,66099,SHORT,87049.92,45.18099959195793,37.18099959195793,75.18099959195793,-36.363043182579396,1,TRAILING_STOP,False
2025-11-20 20:30:00,2025-11-20 20:45:00,2025-11-20 21:30:00,66137,SHORT,86441.43,95.10551942511746,87.10551942511746,125.10551942511746,-26.173791895853647,3,TRAILING_STOP,False
2025-11-21 02:00:00,2025-11-21 02:15:00,2025-11-21 02:30:00,66157,SHORT,84373.38,49.53100847684409,41.53100847684409,79.5310084768441,-37.90650558268517,1,TRAILING_STOP,False
2025-11-21 06:45:00,2025-11-21 07:00:00,2025-11-21 09:30:00,66185,SHORT,80945.66,-398.71069060404216,-406.71069060404216,0.0,-562.1474949984961,10,TIME_EXIT,False
2025-11-22 04:00:00,2025-11-22 04:15:00,2025-11-22 04:30:00,66261,SHORT,83940.0,-26.664284012389803,-34.6642840123898,3.3357159876101976,-32.344531808434596,1,TRAILING_STOP,False
2025-11-22 08:45:00,2025-11-22 09:00:00,2025-11-22 11:15:00,66288,LONG,84581.7,17.514024901367897,9.514024901367897,37.5140249013679,-67.07242819664273,9,TRAILING_STOP,False
2025-11-22 16:30:00,2025-11-22 16:45:00,2025-11-22 17:15:00,66312,LONG,84595.61,58.537172318989064,50.537172318989064,78.53717231898906,-3.4611725123796417,2,TRAILING_STOP,False
2025-11-22 18:45:00,2025-11-22 19:00:00,2025-11-22 19:30:00,66321,SHORT,85067.88,-9.466985658982185,-17.466985658982185,20.533014341017815,-32.492875101623426,2,TRAILING_STOP,False
2025-11-22 19:45:00,2025-11-22 20:00:00,2025-11-22 20:15:00,66324,LONG,85530.39,56.48860247217468,48.48860247217468,76.48860247217468,0.0,1,TRAILING_STOP,False
2025-11-23 06:45:00,2025-11-23 07:00:00,2025-11-23 08:30:00,66373,LONG,86777.01,28.744477367911763,20.744477367911763,48.74447736791176,-52.782413222119416,6,TRAILING_STOP,False
2025-11-23 17:45:00,2025-11-23 18:00:00,2025-11-23 18:45:00,66414,SHORT,87064.03,98.3400274487644,90.3400274487644,128.3400274487644,0.0,3,TRAILING_STOP,False
2025-11-23 20:30:00,2025-11-23 20:45:00,2025-11-23 23:15:00,66432,LONG,87912.9,-133.60155335565076,-141.60155335565076,0.0,-166.40333784916598,10,TIME_EXIT,False
2025-11-24 03:45:00,2025-11-24 04:00:00,2025-11-24 05:15:00,66456,SHORT,85943.64,-1.250926770148233,-9.250926770148233,28.749073229851767,-28.665297397224574,5,TRAILING_STOP,False
2025-11-24 09:00:00,2025-11-24 09:15:00,2025-11-24 11:45:00,66482,SHORT,85573.93,-250.4828281230055,-258.4828281230055,0.0,-253.00579276889667,10,TIME_EXIT,False
2025-11-25 01:45:00,2025-11-25 02:00:00,2025-11-25 04:00:00,66547,SHORT,87699.77,87.87602179572467,79.87602179572467,117.87602179572467,-6.481202858342331,8,TRAILING_STOP,False
2025-11-25 08:30:00,2025-11-25 08:45:00,2025-11-25 09:15:00,66568,SHORT,86992.87,70.79791596713564,62.79791596713564,100.79791596713564,-27.71836358543001,2,TRAILING_STOP,False
2025-11-25 22:00:00,2025-11-25 22:15:00,2025-11-25 22:45:00,66622,SHORT,87375.52,23.27922511934679,15.27922511934679,53.27922511934679,0.0,2,TRAILING_STOP,False
2025-11-26 04:00:00,2025-11-26 04:15:00,2025-11-26 05:15:00,66648,SHORT,86960.92,3.4127099851286857,-4.587290014871314,33.412709985128686,-13.531365583528585,4,TRAILING_STOP,False
2025-11-26 06:30:00,2025-11-26 06:45:00,2025-11-26 07:45:00,66658,SHORT,86559.82,-14.734256610051412,-22.73425661005141,15.265743389948588,-30.518778805223743,4,TRAILING_STOP,False
2025-11-26 08:00:00,2025-11-26 08:15:00,2025-11-26 09:00:00,66663,LONG,87001.0,46.953253410880336,38.953253410880336,66.95325341088034,-6.626360616543969,3,TRAILING_STOP,False
2025-11-26 09:15:00,2025-11-26 09:30:00,2025-11-26 09:45:00,66666,SHORT,86899.72,-27.215180900468138,-35.21518090046814,2.7848190995318616,-48.94952480859493,1,TRAILING_STOP,False
2025-11-26 11:45:00,2025-11-26 12:00:00,2025-11-26 13:00:00,66679,LONG,88663.14,177.96840039727897,169.96840039727897,197.96840039727897,0.0,4,TRAILING_STOP,False
2025-11-26 20:45:00,2025-11-26 21:00:00,2025-11-26 21:15:00,66712,LONG,91480.0,31.37735024048972,23.37735024048972,51.37735024048972,-15.987101005684302,1,TRAILING_STOP,False
2025-11-27 03:45:00,2025-11-27 04:00:00,2025-11-27 04:15:00,66740,LONG,91601.53,2.060766888937529,-5.939233111062471,22.06076688893753,-6.717136711581,1,TRAILING_STOP,False
2025-11-27 07:45:00,2025-11-27 08:00:00,2025-11-27 08:45:00,66758,SHORT,90715.05,-19.856148456071615,-27.856148456071615,10.143851543928387,-35.820958043896475,3,TRAILING_STOP,False
2025-11-27 18:30:00,2025-11-27 18:45:00,2025-11-27 21:15:00,66808,SHORT,91157.58,25.401865648473652,17.401865648473652,55.40186564847365,-28.567015491197054,10,TRAILING_STOP,False
2025-11-28 02:00:00,2025-11-28 02:15:00,2025-11-28 03:15:00,66832,SHORT,91066.9,-12.549093029410436,-20.549093029410436,17.450906970589564,-71.3870791692707,4,TRAILING_STOP,False
2025-11-28 05:15:00,2025-11-28 05:30:00,2025-11-28 08:00:00,66851,LONG,91850.49,-1.1420733846934554,-9.142073384693456,9.038601753783732,-85.50417096305098,10,TIME_EXIT,False
2025-11-28 08:15:00,2025-11-28 08:30:00,2025-11-28 09:00:00,66855,LONG,92377.0,57.400218669149254,49.400218669149254,77.40021866914925,-44.3357112701211,2,TRAILING_STOP,False
2025-11-28 11:45:00,2025-11-28 12:00:00,2025-11-28 12:15:00,66868,SHORT,90480.01,-4.787801194982695,-12.787801194982695,25.212198805017305,-37.38394812290582,1,TRAILING_STOP,False
2025-11-28 21:00:00,2025-11-28 21:15:00,2025-11-28 23:15:00,66912,SHORT,90672.06,-16.661822837155974,-24.661822837155974,13.338177162844026,-26.391812428216905,8,TRAILING_STOP,False
2025-11-29 00:45:00,2025-11-29 01:00:00,2025-11-29 03:30:00,66929,SHORT,90549.78,-4.824970309149545,-12.824970309149545,19.300985601511574,-20.805130614342676,10,TIME_EXIT,False
2025-11-29 09:45:00,2025-11-29 10:00:00,2025-11-29 10:45:00,66958,LONG,90882.16,11.193140655986902,3.1931406559869018,31.193140655986902,-1.229064097948184,3,TRAILING_STOP,False
2025-11-29 11:30:00,2025-11-29 11:45:00,2025-11-29 13:00:00,66967,SHORT,90699.83,30.01775306524837,22.01775306524837,60.01775306524837,-0.6912912626191333,5,TRAILING_STOP,False
2025-11-29 21:30:00,2025-11-29 21:45:00,2025-11-30 00:15:00,67012,SHORT,90615.48,-18.569674850257822,-26.569674850257822,0.0,-39.163286449512235,10,TIME_EXIT,False
2025-11-30 02:45:00,2025-11-30 03:00:00,2025-11-30 03:45:00,67026,LONG,91161.61,31.599571354652404,23.599571354652404,51.599571354652404,-4.564421361141009,3,TRAILING_STOP,False
2025-11-30 07:45:00,2025-11-30 08:00:00,2025-11-30 10:30:00,67053,LONG,91851.19,-38.236848101805364,-46.236848101805364,0.0,-64.70357106968322,10,TIME_EXIT,False
2025-11-30 15:30:00,2025-11-30 15:45:00,2025-11-30 18:15:00,67084,SHORT,91166.74,88.4906052360768,80.4906052360768,91.02442403885573,-20.278228661022137,10,TIME_EXIT,False
2025-11-30 18:30:00,2025-11-30 18:45:00,2025-11-30 19:30:00,67089,SHORT,88920.0,192.51461988304158,184.51461988304158,222.51461988304158,0.0,3,TRAILING_STOP,False
2025-12-01 07:15:00,2025-12-01 07:30:00,2025-12-01 10:00:00,67147,SHORT,85430.64,174.49711251139,166.49711251139,180.57221624466345,-145.54028858966765,10,TIME_EXIT,False
2025-12-01 17:15:00,2025-12-01 17:30:00,2025-12-01 17:45:00,67178,SHORT,86572.65,-15.825777540598347,-23.825777540598345,14.174222459401653,-19.644772338608902,1,TRAILING_STOP,False
2025-12-01 19:30:00,2025-12-01 19:45:00,2025-12-01 20:00:00,67187,LONG,86771.04,-13.188971804417024,-21.188971804417022,6.811028195582976,-28.769967491457916,1,TRAILING_STOP,False
2025-12-02 05:15:00,2025-12-02 05:30:00,2025-12-02 06:15:00,67228,LONG,87272.44,17.816061977870547,9.816061977870547,37.81606197787055,-31.988334461600736,3,TRAILING_STOP,False
2025-12-02 07:30:00,2025-12-02 07:45:00,2025-12-02 10:15:00,67244,SHORT,87162.16,-423.1021810381926,-431.1021810381926,0.0,-463.256073507127,10,TIME_EXIT,False
2025-12-03 08:30:00,2025-12-03 08:45:00,2025-12-03 09:45:00,67338,SHORT,92030.58,-18.224566225705047,-26.224566225705047,11.775433774294951,-181.39840040125776,4,TRAILING_STOP,False
2025-12-03 17:15:00,2025-12-03 17:30:00,2025-12-03 18:00:00,67371,LONG,93781.01,-18.698030656738887,-26.698030656738887,1.3019693432611148,-36.493528913795096,2,TRAILING_STOP,False
2025-12-04 06:00:00,2025-12-04 06:15:00,2025-12-04 07:00:00,67423,SHORT,92855.59,-22.126483715196834,-30.126483715196834,7.873516284803165,-35.58213350429508,3,TRAILING_STOP,False
2025-12-04 07:30:00,2025-12-04 07:45:00,2025-12-04 08:45:00,67430,SHORT,92549.49,-16.44076806906173,-24.44076806906173,13.559231930938271,-43.71066766548292,4,TRAILING_STOP,False
2025-12-04 09:15:00,2025-12-04 09:30:00,2025-12-04 12:00:00,67443,SHORT,91894.0,-9.35752062158631,-17.35752062158631,14.955274555465321,-148.32306788256034,10,TIME_EXIT,False
2025-12-04 13:30:00,2025-12-04 13:45:00,2025-12-04 14:00:00,67451,SHORT,91289.33,-29.728336268872177,-37.72833626887218,0.2716637311278246,-73.72712670801756,1,TRAILING_STOP,False
2025-12-04 20:15:00,2025-12-04 20:30:00,2025-12-04 22:30:00,67485,SHORT,92358.03,13.105077057187188,5.105077057187188,43.10507705718719,-36.199342926652044,8,TRAILING_STOP,False
2025-12-05 03:45:00,2025-12-05 04:00:00,2025-12-05 04:45:00,67510,SHORT,91345.56,7.826688018552716,-0.17331198144728432,37.826688018552716,-12.078310100677225,3,TRAILING_STOP,False
2025-12-05 07:45:00,2025-12-05 08:00:00,2025-12-05 08:30:00,67525,SHORT,90818.73,36.42021970578109,28.420219705781093,66.4202197057811,0.0,2,TRAILING_STOP,False
2025-12-05 09:00:00,2025-12-05 09:15:00,2025-12-05 11:00:00,67535,SHORT,90206.44,208.3909618869786,200.3909618869786,238.3909618869786,-141.03538505676488,7,TRAILING_STOP,False
2025-12-05 21:30:00,2025-12-05 21:45:00,2025-12-06 00:15:00,67586,LONG,89764.19,-17.736471526118198,-25.736471526118198,0.0,-27.078727051400676,10,TIME_EXIT,False
2025-12-06 02:45:00,2025-12-06 03:00:00,2025-12-06 03:45:00,67600,SHORT,89288.37,-26.049877492445038,-34.049877492445034,3.950122507554962,-41.17109540693828,3,TRAILING_STOP,False
2025-12-06 06:00:00,2025-12-06 06:15:00,2025-12-06 08:45:00,67620,LONG,89684.51,47.50998583813487,39.50998583813487,67.50998583813487,-13.214099067943256,10,TRAILING_STOP,False
2025-12-06 09:15:00,2025-12-06 09:30:00,2025-12-06 10:00:00,67625,SHORT,90004.76,27.08364757597252,19.08364757597252,57.08364757597252,0.0,2,TRAILING_STOP,False
2025-12-06 14:00:00,2025-12-06 14:15:00,2025-12-06 16:45:00,67652,SHORT,89432.7,9.246058768213677,1.2460587682136772,15.323254245929466,-20.422060387307933,10,TIME_EXIT,False
2025-12-06 17:30:00,2025-12-06 17:45:00,2025-12-06 18:45:00,67660,SHORT,89171.92,-10.880752595659569,-18.88075259565957,19.11924740434043,-23.722714504746353,4,TRAILING_STOP,False
2025-12-07 04:15:00,2025-12-07 04:30:00,2025-12-07 07:00:00,67709,SHORT,89104.23,-24.79792485721569,-32.79792485721569,0.0,-31.846972921488025,10,TIME_EXIT,False
2025-12-07 07:45:00,2025-12-07 08:00:00,2025-12-07 09:00:00,67717,SHORT,88926.38,105.74149762983782,97.74149762983782,135.74149762983782,-21.323256383538308,4,TRAILING_STOP,False
2025-12-07 09:30:00,2025-12-07 09:45:00,2025-12-07 10:30:00,67723,LONG,88868.79,74.38071565956957,66.38071565956957,94.38071565956957,-15.010894150803018,3,TRAILING_STOP,False
2025-12-07 11:45:00,2025-12-07 12:00:00,2025-12-07 12:15:00,67730,LONG,90723.9,24.94185104476444,16.94185104476444,44.94185104476444,-0.16533680761078395,1,TRAILING_STOP,False
2025-12-07 16:30:00,2025-12-07 16:45:00,2025-12-07 17:15:00,67750,SHORT,89374.2,-23.7118318261873,-31.7118318261873,6.288168173812699,-97.07499479715689,2,TRAILING_STOP,False
2025-12-08 03:30:00,2025-12-08 03:45:00,2025-12-08 06:00:00,67801,LONG,92077.85,-4.344769127429217,-12.344769127429217,15.655230872570783,-29.29694818026369,9,TRAILING_STOP,False
2025-12-08 08:45:00,2025-12-08 09:00:00,2025-12-08 10:15:00,67818,SHORT,91369.83,162.38626141692524,154.38626141692524,192.38626141692524,-34.54531982821894,5,TRAILING_STOP,False
2025-12-08 23:00:00,2025-12-08 23:15:00,2025-12-08 23:45:00,67872,SHORT,89921.89,16.917385744449923,8.917385744449923,46.91738574444992,-6.125316093778917,2,TRAILING_STOP,False
2025-12-09 05:00:00,2025-12-09 05:15:00,2025-12-09 07:45:00,67904,SHORT,90098.0,-66.24231392483759,-74.24231392483759,0.0,-71.59981353637215,10,TIME_EXIT,False
2025-12-09 08:15:00,2025-12-09 08:30:00,2025-12-09 09:00:00,67909,LONG,90431.02,-4.435650510189978,-12.435650510189978,15.564349489810022,-47.139797826012376,2,TRAILING_STOP,False
2025-12-09 09:30:00,2025-12-09 09:45:00,2025-12-09 10:45:00,67916,LONG,90599.99,324.24617486160815,316.24617486160815,344.24617486160815,0.0,4,TRAILING_STOP,False
2025-12-09 11:00:00,2025-12-09 11:15:00,2025-12-09 11:30:00,67919,LONG,94228.67,18.238892685210033,10.238892685210033,38.23889268521003,-4.336259866556599,1,TRAILING_STOP,False
2025-12-09 16:15:00,2025-12-09 16:30:00,2025-12-09 16:45:00,67940,LONG,92640.01,-12.713731356462503,-20.713731356462503,7.286268643537496,-14.393349050803915,1,TRAILING_STOP,False
2025-12-10 04:15:00,2025-12-10 04:30:00,2025-12-10 04:45:00,67988,LONG,92920.0,-11.458243650452504,-19.458243650452502,8.541756349547496,-52.61300043047834,1,TRAILING_STOP,False
2025-12-10 06:00:00,2025-12-10 06:15:00,2025-12-10 07:45:00,68000,SHORT,91980.69,-12.024487965898441,-20.02448796589844,17.97551203410156,-26.66972817881641,6,TRAILING_STOP,False
2025-12-10 09:15:00,2025-12-10 09:30:00,2025-12-10 10:00:00,68009,SHORT,91831.24,-0.8062310821446985,-8.806231082144699,29.1937689178553,-33.078067986449355,2,TRAILING_STOP,False
2025-12-10 13:00:00,2025-12-10 13:15:00,2025-12-10 13:30:00,68023,LONG,92582.12,51.44684092349594,43.44684092349594,71.44684092349594,-96.96580722065946,1,TRAILING_STOP,False
2025-12-10 14:00:00,2025-12-10 14:15:00,2025-12-10 14:45:00,68028,LONG,92581.4,184.64153706900154,176.64153706900154,204.64153706900154,0.0,2,TRAILING_STOP,False
2025-12-10 18:00:00,2025-12-10 18:15:00,2025-12-10 18:45:00,68044,LONG,92000.0,-11.269565217390545,-19.269565217390543,8.730434782609455,-27.17391304347826,2,TRAILING_STOP,False
2025-12-10 20:30:00,2025-12-10 20:45:00,2025-12-10 21:45:00,68056,SHORT,90239.11,64.13656672810667,56.13656672810667,94.13656672810667,0.0,4,TRAILING_STOP,False
2025-12-11 09:00:00,2025-12-11 09:15:00,2025-12-11 09:45:00,68104,LONG,90281.92,21.13891242011728,13.138912420117279,41.13891242011728,-96.93302933743597,2,TRAILING_STOP,False
2025-12-11 15:30:00,2025-12-11 15:45:00,2025-12-11 16:00:00,68129,LONG,92461.4,98.27638344217219,90.27638344217219,118.27638344217219,0.0,1,TRAILING_STOP,False
2025-12-12 03:15:00,2025-12-12 03:30:00,2025-12-12 03:45:00,68176,LONG,92342.38,-15.427884791360029,-23.42788479136003,4.572115208639972,-25.05350197818226,1,TRAILING_STOP,False
2025-12-12 07:45:00,2025-12-12 08:00:00,2025-12-12 09:00:00,68197,SHORT,92280.32,10.851613865232636,2.851613865232636,40.851613865232636,-34.64227258856417,4,TRAILING_STOP,False
2025-12-12 09:30:00,2025-12-12 09:45:00,2025-12-12 10:00:00,68201,SHORT,91982.53,160.44594663791094,152.44594663791094,190.44594663791094,0.0,1,TRAILING_STOP,False
2025-12-12 10:15:00,2025-12-12 10:30:00,2025-12-12 10:45:00,68204,SHORT,89935.13,-15.058119113186955,-23.058119113186955,14.941880886813045,-56.26722283049944,1,TRAILING_STOP,False
2025-12-13 02:45:00,2025-12-13 03:00:00,2025-12-13 05:30:00,68279,LONG,90510.3,3.692397439849194,-4.307602560150806,13.727719386633344,-13.513379140274386,10,TIME_EXIT,False
2025-12-13 06:00:00,2025-12-13 06:15:00,2025-12-13 09:15:00,68292,SHORT,90358.78,30.88576450456743,22.88576450456743,47.12215016625873,-12.341910769490699,10,TIME_EXIT,False
2025-12-13 16:00:00,2025-12-13 16:15:00,2025-12-13 16:30:00,68321,LONG,90051.03,2.0952497711576576,-5.904750228842342,22.095249771157658,-5.984384631691544,1,TRAILING_STOP,False
2025-12-14 00:45:00,2025-12-14 01:00:00,2025-12-14 03:30:00,68365,SHORT,90101.36,1.668121324694637,-6.331878675305363,3.1508958355344934,-19.82766963783834,10,TIME_EXIT,False
2025-12-14 04:30:00,2025-12-14 04:45:00,2025-12-14 06:15:00,68376,SHORT,89802.55,94.19246446787967,86.19246446787967,124.19246446787967,-22.26440117791781,6,TRAILING_STOP,False
2025-12-14 14:30:00,2025-12-14 14:45:00,2025-12-14 17:15:00,68420,LONG,88803.07,-43.66740924610077,-51.66740924610077,0.0,-88.51833613410064,10,TIME_EXIT,False
2025-12-14 17:30:00,2025-12-14 17:45:00,2025-12-14 18:00:00,68423,SHORT,88059.16,24.713217795854845,16.713217795854845,54.713217795854845,-5.773391433667606,1,TRAILING_STOP,False
2025-12-15 09:15:00,2025-12-15 09:30:00,2025-12-15 10:00:00,68487,SHORT,88050.0,132.1908006814306,124.1908006814306,162.1908006814306,0.0,2,TRAILING_STOP,False
2025-12-15 11:00:00,2025-12-15 11:15:00,2025-12-15 12:30:00,68497,SHORT,86330.03,54.563853389138586,46.563853389138586,84.56385338913859,-19.328152671787624,5,TRAILING_STOP,False
2025-12-16 05:00:00,2025-12-16 05:15:00,2025-12-16 06:00:00,68557,LONG,87143.63,-0.4173867900620891,-8.41738679006209,19.58261320993791,-37.137539485101165,3,TRAILING_STOP,False
2025-12-16 07:45:00,2025-12-16 08:00:00,2025-12-16 09:00:00,68569,LONG,87367.6,-16.29153141439227,-24.29153141439227,3.7084685856077284,-144.237680787845,4,TRAILING_STOP,False
2025-12-16 10:15:00,2025-12-16 10:30:00,2025-12-16 10:45:00,68576,LONG,87977.44,-11.733107942218378,-19.73310794221838,8.266892057781622,-50.81529992234346,1,TRAILING_STOP,False
2025-12-16 23:30:00,2025-12-16 23:45:00,2025-12-17 00:15:00,68627,SHORT,86621.82,15.233406548143059,7.2334065481430585,45.23340654814306,-11.903467278797192,2,TRAILING_STOP,False
2025-12-17 00:30:00,2025-12-17 00:45:00,2025-12-17 01:30:00,68632,LONG,86869.23,-12.927300034776142,-20.92730003477614,7.072699965223858,-25.236784071874002,3,TRAILING_STOP,False
2025-12-17 02:00:00,2025-12-17 02:15:00,2025-12-17 02:30:00,68636,LONG,87018.96,-16.93974738378968,-24.93974738378968,3.0602526162103185,-25.162332438816367,1,TRAILING_STOP,False
2025-12-17 06:15:00,2025-12-17 06:30:00,2025-12-17 07:00:00,68654,LONG,86983.26,0.3177025096565096,-7.68229749034349,20.31770250965651,-17.12398454599162,2,TRAILING_STOP,False
2025-12-17 08:15:00,2025-12-17 08:30:00,2025-12-17 08:45:00,68661,LONG,87631.37,10.654547566699538,2.654547566699538,30.654547566699538,-5.418151057092446,1,TRAILING_STOP,False
2025-12-17 09:00:00,2025-12-17 09:15:00,2025-12-17 11:00:00,68670,SHORT,87496.06,121.9382701346774,113.9382701346774,151.9382701346774,-327.9907689557688,7,TRAILING_STOP,False
2025-12-17 21:45:00,2025-12-17 22:00:00,2025-12-18 00:30:00,68723,SHORT,86307.01,-27.690682367516295,-35.690682367516295,0.0,-68.86926102526311,10,TIME_EXIT,False
2025-12-18 02:45:00,2025-12-18 03:00:00,2025-12-18 05:30:00,68738,LONG,86945.13,28.262622644879052,20.262622644879052,48.26262264487905,-9.27711534849663,5,TRAILING_STOP,False
2025-12-18 07:30:00,2025-12-18 07:45:00,2025-12-18 08:15:00,68749,LONG,87899.98,128.26510768261838,120.26510768261838,148.26510768261838,-29.84756082993427,2,TRAILING_STOP,False
2025-12-18 08:30:00,2025-12-18 08:45:00,2025-12-18 09:15:00,68753,SHORT,88144.69,17.358496581019494,9.358496581019494,47.358496581019494,-111.92960120456391,2,TRAILING_STOP,False
2025-12-18 11:30:00,2025-12-18 11:45:00,2025-12-18 12:00:00,68764,SHORT,86381.18,58.933723757881836,50.933723757881836,88.93372375788184,-24.933671894735017,1,TRAILING_STOP,False
2025-12-18 14:00:00,2025-12-18 14:15:00,2025-12-18 14:30:00,68774,SHORT,84692.65,-1.3505245142288693,-9.35052451422887,28.64947548577113,-67.98228653844335,1,TRAILING_STOP,False
2025-12-18 21:30:00,2025-12-18 21:45:00,2025-12-18 22:00:00,68804,LONG,86362.0,119.75938491466215,111.75938491466215,139.75938491466215,0.0,1,TRAILING_STOP,False
2025-12-18 22:15:00,2025-12-18 22:30:00,2025-12-19 00:15:00,68813,SHORT,86891.39,-1.9327772291357448,-9.932777229135745,28.067222770864255,-56.03777313264275,7,TRAILING_STOP,False
2025-12-19 01:30:00,2025-12-19 01:45:00,2025-12-19 03:00:00,68824,LONG,88150.42,-16.947263552459138,-24.947263552459138,3.0527364475408616,-48.342367512259095,5,TRAILING_STOP,False
2025-12-19 07:15:00,2025-12-19 07:30:00,2025-12-19 08:00:00,68844,SHORT,87855.92,-26.502227738324756,-34.502227738324756,3.497772261675243,-41.487244115138196,2,TRAILING_STOP,False
2025-12-19 09:00:00,2025-12-19 09:15:00,2025-12-19 09:45:00,68851,LONG,88501.79,81.48721285750352,73.48721285750352,101.48721285750352,-60.958089096275984,2,TRAILING_STOP,False
2025-12-19 21:00:00,2025-12-19 21:15:00,2025-12-19 22:30:00,68902,LONG,88311.87,-16.8973593244024,-24.8973593244024,3.1026406755975993,-21.37877954571547,5,TRAILING_STOP,False
2025-12-20 05:45:00,2025-12-20 06:00:00,2025-12-20 07:30:00,68938,LONG,88239.7,-8.210522021267204,-16.210522021267202,11.789477978732796,-14.698599383270466,6,TRAILING_STOP,False
2025-12-20 07:45:00,2025-12-20 08:00:00,2025-12-20 10:30:00,68950,SHORT,88021.08,-19.39989829708915,-27.39989829708915,1.0315710736566452,-30.30637660887537,10,TIME_EXIT,False
2025-12-20 20:00:00,2025-12-20 20:15:00,2025-12-20 22:45:00,68999,SHORT,88092.15,-3.100162727327262,-11.100162727327263,25.29169738733683,-6.566986956273156,10,TIME_EXIT,False
2025-12-21 03:00:00,2025-12-21 03:15:00,2025-12-21 04:15:00,69021,LONG,88605.97,33.69841332361723,25.69841332361723,53.69841332361723,-11.925832988454193,4,TRAILING_STOP,False
2025-12-21 08:00:00,2025-12-21 08:15:00,2025-12-21 08:30:00,69038,SHORT,87934.72,6.350829342493405,-1.6491706575065948,36.350829342493405,-24.293021004672028,1,TRAILING_STOP,False
2025-12-21 18:30:00,2025-12-21 18:45:00,2025-12-21 21:15:00,69089,LONG,89480.01,-114.18639760992325,-122.18639760992325,0.0,-176.57686895654066,10,TIME_EXIT,False
2025-12-22 02:45:00,2025-12-22 03:00:00,2025-12-22 04:30:00,69118,LONG,89815.81,-14.1892190250244,-22.1892190250244,5.810780974975601,-66.93810365903195,6,TRAILING_STOP,False
2025-12-22 06:45:00,2025-12-22 07:00:00,2025-12-22 07:45:00,69131,LONG,90300.01,-17.78848307990208,-25.78848307990208,2.211516920097923,-34.95126966209645,3,TRAILING_STOP,False
2025-12-22 09:00:00,2025-12-22 09:15:00,2025-12-22 09:45:00,69139,SHORT,89832.25,40.77970328028094,32.77970328028094,70.77970328028094,-69.29471320155125,2,TRAILING_STOP,False
2025-12-22 20:30:00,2025-12-22 20:45:00,2025-12-22 21:00:00,69184,LONG,88571.95,-0.010601550490545009,-8.010601550490545,19.989398449509455,-34.090928335663506,1,TRAILING_STOP,False
2025-12-22 21:15:00,2025-12-22 21:30:00,2025-12-23 00:00:00,69196,SHORT,88206.8,48.38742591274116,40.38742591274116,67.11614070570629,-18.286572010321528,10,TIME_EXIT,False
2025-12-23 00:30:00,2025-12-23 00:45:00,2025-12-23 01:15:00,69201,SHORT,87539.99,20.26045810606221,12.26045810606221,50.26045810606221,0.0,2,TRAILING_STOP,False
2025-12-23 05:45:00,2025-12-23 06:00:00,2025-12-23 06:45:00,69223,LONG,87754.5,1.1385171130825178,-6.861482886917482,21.138517113082518,-15.071591770222012,3,TRAILING_STOP,False
2025-12-23 08:00:00,2025-12-23 08:15:00,2025-12-23 09:15:00,69233,SHORT,87721.77,97.66158275192234,89.66158275192234,127.66158275192234,-12.246674913193498,4,TRAILING_STOP,False
2025-12-23 09:30:00,2025-12-23 09:45:00,2025-12-23 10:30:00,69238,LONG,86964.35,120.89566586767953,112.89566586767953,140.89566586767953,0.0,3,TRAILING_STOP,False
2025-12-24 07:15:00,2025-12-24 07:30:00,2025-12-24 08:30:00,69326,SHORT,87428.5,14.61474233230556,6.6147423323055605,44.61474233230556,-2.2864397765036846,4,TRAILING_STOP,False
2025-12-24 09:00:00,2025-12-24 09:15:00,2025-12-24 09:45:00,69331,SHORT,86994.31,17.624953861924723,9.624953861924723,47.62495386192472,-23.644075112499007,2,TRAILING_STOP,False
2025-12-24 11:00:00,2025-12-24 11:15:00,2025-12-24 12:15:00,69341,LONG,87510.98,-12.492370671657763,-20.492370671657763,7.507629328342237,-29.24433025432903,4,TRAILING_STOP,False
2025-12-24 17:00:00,2025-12-24 17:15:00,2025-12-24 17:30:00,69362,LONG,87984.13,-15.517373417228502,-23.5173734172285,4.482626582771498,-21.382265188052052,1,TRAILING_STOP,False
2025-12-24 23:30:00,2025-12-24 23:45:00,2025-12-25 02:15:00,69397,SHORT,87670.18,-19.09543244920947,-27.09543244920947,0.0,-21.90254428586825,10,TIME_EXIT,False
2025-12-25 02:45:00,2025-12-25 03:00:00,2025-12-25 05:30:00,69410,SHORT,87446.54,-5.105976748766588,-13.105976748766588,22.29247720950283,-21.122619602788905,10,TIME_EXIT,False
2025-12-25 09:45:00,2025-12-25 10:00:00,2025-12-25 10:15:00,69429,LONG,88077.15,38.53845180049662,30.538451800496617,58.53845180049662,0.0,1,TRAILING_STOP,False
2025-12-25 17:15:00,2025-12-25 17:30:00,2025-12-25 18:15:00,69461,SHORT,87649.99,51.60525745639035,43.60525745639035,81.60525745639035,-5.212778689420019,3,TRAILING_STOP,False
2025-12-25 20:45:00,2025-12-25 21:00:00,2025-12-25 21:30:00,69474,LONG,89020.13,14.598915997988321,6.598915997988321,34.59891599798832,0.0,2,TRAILING_STOP,False
2025-12-26 02:00:00,2025-12-26 02:15:00,2025-12-26 02:45:00,69495,SHORT,88772.78,10.324297605640055,2.324297605640055,40.324297605640055,-12.753909475404642,2,TRAILING_STOP,False
2025-12-26 08:00:00,2025-12-26 08:15:00,2025-12-26 09:00:00,69520,LONG,88918.11,-5.180746644299562,-13.180746644299562,14.819253355700438,-72.33734500204811,3,TRAILING_STOP,False
2025-12-26 09:15:00,2025-12-26 09:30:00,2025-12-26 09:45:00,69523,SHORT,87380.44,53.01171291881805,45.01171291881805,83.01171291881805,0.0,1,TRAILING_STOP,False
2025-12-26 14:45:00,2025-12-26 15:00:00,2025-12-26 17:30:00,69554,SHORT,87612.72,14.301576300793185,6.301576300793185,33.25087955265023,-20.542679190875017,10,TIME_EXIT,False
2025-12-27 01:45:00,2025-12-27 02:00:00,2025-12-27 04:30:00,69598,LONG,87592.67,-5.663715925088319,-13.663715925088319,9.627517919022418,-8.498428007731963,10,TIME_EXIT,False
2025-12-27 16:30:00,2025-12-27 16:45:00,2025-12-27 18:45:00,69655,LONG,87864.31,-6.37785922406921,-14.37785922406921,13.62214077593079,-41.463934560004226,8,TRAILING_STOP,False
2025-12-28 03:00:00,2025-12-28 03:15:00,2025-12-28 05:45:00,69699,LONG,87836.6,6.324242969330365,-1.6757570306696348,19.74120127600501,-13.274648608894903,10,TIME_EXIT,False
2025-12-28 17:15:00,2025-12-28 17:30:00,2025-12-28 19:30:00,69754,LONG,87900.09,41.89982285569967,33.89982285569967,61.89982285569967,-30.167204606957544,8,TRAILING_STOP,False
2025-12-28 20:00:00,2025-12-28 20:15:00,2025-12-28 20:45:00,69759,LONG,88304.04,102.27073642383878,94.27073642383878,122.27073642383878,0.0,2,TRAILING_STOP,False
2025-12-28 22:00:00,2025-12-28 22:15:00,2025-12-28 23:00:00,69768,LONG,89993.25,25.8734405080383,17.8734405080383,45.8734405080383,-4.493670358610488,3,TRAILING_STOP,False
2025-12-29 03:15:00,2025-12-29 03:30:00,2025-12-29 04:15:00,69789,SHORT,89555.1,169.31863176971495,161.31863176971495,199.31863176971495,0.0,3,TRAILING_STOP,False
2025-12-29 06:30:00,2025-12-29 06:45:00,2025-12-29 09:15:00,69809,SHORT,86962.75,-53.725301925250335,-61.725301925250335,0.0,-141.2052861713787,10,TIME_EXIT,False
2025-12-29 21:00:00,2025-12-29 21:15:00,2025-12-29 21:45:00,69859,SHORT,87155.98,5.605130020911069,-2.3948699790889307,35.60513002091107,-16.2191968927434,2,TRAILING_STOP,False
2025-12-30 02:30:00,2025-12-30 02:45:00,2025-12-30 03:30:00,69882,LONG,87886.52,-8.708165939442058,-16.708165939442058,11.291834060557942,-12.827905803985097,3,TRAILING_STOP,False
2025-12-30 09:15:00,2025-12-30 09:30:00,2025-12-30 10:30:00,69910,LONG,88875.82,11.920943176670221,3.920943176670221,31.92094317667022,-73.4924302245552,4,TRAILING_STOP,False
2025-12-30 10:45:00,2025-12-30 11:00:00,2025-12-30 13:30:00,69922,LONG,89218.56,-128.9754060141743,-136.9754060141743,0.0,-141.04240193968616,10,TIME_EXIT,False
