timestamp,entry_price,rsi,mfe_bps,mae_bps,final_move_bps,time_to_best,bounced,success,volatility_bps,trend,consecutive,signal_type,period
2020-01-02 03:45:00,7129.61,17.328793038214542,44.02765368652749,18.1075823221745,23.802143455252466,2,True,True,21.194006404277182,DOWN,False,oversold,in_sample
2020-01-02 17:15:00,6950.0,16.310210154361272,64.74820143884892,2.1151079136694313,47.870503597122934,10,True,True,43.67913669064744,DOWN,False,oversold,in_sample
2020-01-02 18:00:00,6962.76,15.506715506715608,46.303477356680084,30.864197530863883,-2.5277332552037097,7,True,True,46.05429456135211,DOWN,False,oversold,in_sample
2020-01-03 01:45:00,6888.85,18.084931956058625,238.31263563584642,25.853371752905637,186.0397599018702,10,True,True,26.91378096489244,DOWN,False,oversold,in_sample
2020-01-05 21:15:00,7409.32,19.38696470067532,0.8097909119870161,123.25017680434873,-68.25187736526391,1,True,False,21.234067363806595,DOWN,False,oversold,in_sample
2020-01-05 22:15:00,7337.89,18.789079427969824,63.81943583237133,23.01751593441756,55.68358206514362,10,True,True,27.70142370626972,DOWN,False,oversold,in_sample
2020-01-11 05:00:00,8079.02,19.879589654216232,87.85719059984943,42.54228854489876,15.7197283828977,8,True,True,49.91694537208701,DOWN,False,oversold,in_sample
2020-01-13 03:15:00,8088.0,14.703741447081043,47.36646884273047,12.79673590504496,10.175568743817463,6,True,True,30.800568743817976,DOWN,False,oversold,in_sample
2020-01-19 06:45:00,9073.12,15.197992191857992,59.78097942052985,35.401273211420985,50.522863138587745,10,True,True,33.322605674784334,UP,False,oversold,in_sample
2020-01-19 11:00:00,8651.08,13.030189832580518,55.38036869385078,106.41445923514694,-24.736795868261115,3,True,True,63.97467137051085,DOWN,False,oversold,in_sample
2020-01-21 19:45:00,8531.86,18.780710775911743,301.3879740173883,3.2232127578277185,220.84281739269053,5,True,True,31.280400756693375,DOWN,False,oversold,in_sample
2020-01-23 11:45:00,8423.0,18.507626680455132,77.16965451739284,115.16086904903241,-94.9780363290989,1,True,True,54.33752819660459,DOWN,False,oversold,in_sample
2020-01-25 00:30:00,8365.26,17.9599922690376,0.7292062649583898,131.9265629520189,-50.19569027143182,1,True,False,36.51829112304912,DOWN,False,oversold,in_sample
2020-01-25 12:45:00,8292.31,19.259760340162373,80.3515546331493,4.498143460627453,50.64933655398797,3,True,True,29.875269979052955,DOWN,False,oversold,in_sample
2020-01-31 12:30:00,9272.87,12.95178923472072,29.257392802874616,67.78915265716071,20.70556364965637,6,True,True,39.103319684196954,DOWN,False,oversold,in_sample
2020-02-06 00:45:00,9550.59,18.113192149182723,88.49715043782682,11.088320198019332,49.588559450254465,5,True,True,43.47584808896626,DOWN,False,oversold,in_sample
2020-02-08 03:00:00,9688.23,12.322163433274142,91.10023193091021,6.905286104890874,89.345525446858,10,True,True,28.01595337848101,DOWN,False,oversold,in_sample
2020-02-10 05:45:00,9835.71,14.414504158988052,188.3849767835783,21.238934454146595,79.7603833378584,2,True,True,47.471916109767385,DOWN,False,oversold,in_sample
2020-02-15 15:45:00,9983.18,14.60059616594188,112.00839812564703,171.62867943881625,-75.97779465060268,1,True,True,42.843562872751896,DOWN,False,oversold,in_sample
2020-02-15 16:15:00,9979.01,19.26419671667793,0.9920823809173273,167.52162789695578,-65.01646956962766,1,True,False,51.81475917951775,DOWN,False,oversold,in_sample
2020-02-15 17:30:00,9904.62,17.805795178058005,35.72070407547104,93.6734574370351,-12.943454670650187,6,True,True,65.09689417665687,DOWN,False,oversold,in_sample
2020-02-16 17:30:00,9776.92,17.673006001880367,64.58066548565337,67.11725164980464,-18.809604660771917,3,True,True,62.90835968791809,DOWN,False,oversold,in_sample
2020-02-17 12:30:00,9638.0,17.308674399941395,21.550114131563017,192.29093172857432,-67.28574393027637,1,True,True,55.623573355467975,DOWN,False,oversold,in_sample
2020-02-19 07:00:00,10058.96,18.936618936618544,102.42609573952045,47.6192369787728,57.70974335319068,7,True,True,31.88798842027427,DOWN,False,oversold,in_sample
2020-02-19 21:45:00,9615.72,13.808659369242278,99.1709409175814,120.34460238026831,-2.454314393512668,3,True,True,90.36244815780805,DOWN,False,oversold,in_sample
2020-02-19 23:30:00,9643.35,19.919844547000167,25.561656478298136,86.43261936982518,-73.68808557192209,6,True,True,100.40805321802074,DOWN,False,oversold,in_sample
2020-02-20 00:15:00,9613.36,15.960657062410846,56.83756771825815,117.91922907287419,-25.953464761540946,3,True,True,105.65192606955328,DOWN,False,oversold,in_sample
2020-02-21 20:00:00,9633.0,15.9026598754959,90.3145437558393,30.1048479186131,4.5468701339138375,3,True,True,33.022422921208204,DOWN,False,oversold,in_sample
2020-02-24 17:45:00,9600.76,17.561551739801928,47.32958640774325,132.48951124702702,30.653823238993883,10,True,True,51.238131147950895,DOWN,False,oversold,in_sample
2020-02-25 15:15:00,9416.53,14.946927095464758,46.75820073848735,143.92775257977266,-86.32691660303834,3,True,True,56.44860686473701,DOWN,False,oversold,in_sample
2020-02-26 01:45:00,9205.46,18.35095785440592,27.961666228522642,102.61301445011888,-76.72620379644168,1,True,True,52.704047380576306,DOWN,False,oversold,in_sample
2020-02-26 16:00:00,8906.07,14.464823324354398,15.528734896536776,305.9037263349609,-120.9849013088826,1,True,True,85.05771906126921,DOWN,False,oversold,in_sample
2020-02-27 22:00:00,8685.0,18.306840507233403,247.55325273459988,40.29936672423719,192.70005757052456,10,True,True,49.24467472653997,DOWN,False,oversold,in_sample
2020-02-28 07:15:00,8729.03,19.2237857467088,57.8758464571649,172.5506728697241,-142.6618994321255,3,True,True,37.77682056310933,DOWN,False,oversold,in_sample
2020-03-06 15:45:00,9001.4,19.799025578562777,90.59701824160807,1.5553136178812585,66.13415690892602,6,True,True,32.6443664318882,DOWN,False,oversold,in_sample
2020-03-07 18:00:00,8863.51,14.60404216342819,41.16879204739407,12.196071308092945,16.494594128058726,2,True,True,49.66486188880025,DOWN,False,oversold,in_sample
2020-03-08 01:45:00,8759.79,18.270040324366875,17.3520141464566,73.12960698829687,-26.610226957497048,1,True,True,32.71082982582915,DOWN,False,oversold,in_sample
2020-03-08 02:15:00,8756.07,19.841489994054868,5.242077781470621,68.9121946261281,-25.902031390795518,1,True,False,34.16315767233476,DOWN,False,oversold,in_sample
2020-03-08 15:00:00,8517.39,18.028075270769037,36.525273587332016,432.19812642135565,-236.41044968000617,1,True,True,45.93484623810793,DOWN,False,oversold,in_sample
2020-03-08 17:30:00,8316.03,18.924452688868428,46.84927784050698,67.33982441140785,-20.947495379405883,1,True,True,87.42332579367786,DOWN,False,oversold,in_sample
2020-03-08 23:45:00,8033.31,17.165058277979824,181.743266474218,27.64738320816704,66.37363676989897,1,True,True,54.132107437656416,DOWN,False,oversold,in_sample
2020-03-09 05:15:00,7720.19,18.48626231207882,365.02987620771046,58.17214343170292,232.5331371378171,4,True,True,84.09054699430959,DOWN,False,oversold,in_sample
2020-03-11 17:00:00,7672.68,16.126875649977762,221.98241031816744,107.75895775661215,215.46578249060263,10,True,True,53.46958298795207,DOWN,False,oversold,in_sample
2020-03-12 02:00:00,7645.78,13.44075359444723,160.83381944026672,114.80843027133889,-62.7012548098423,2,True,True,73.64193058131393,DOWN,False,oversold,in_sample
2020-03-12 08:00:00,7340.02,16.92919445869674,171.63440971550426,1403.29317903766,-1342.1489314743014,2,True,True,84.5638022784678,DOWN,False,oversold,in_sample
2020-03-12 09:00:00,7352.46,18.975303292894168,44.202892637294184,2451.506026554378,-2179.257010578772,3,True,True,88.47582985830579,DOWN,False,oversold,in_sample
2020-03-12 10:30:00,6354.88,8.561660135488836,668.9662117931415,1266.5542071604816,-522.2757943501696,1,True,True,175.16538471222097,DOWN,False,oversold,in_sample
2020-03-12 20:45:00,5743.43,19.520563612242114,387.01612102872275,1839.3712467985163,-1120.2539249194292,5,True,True,181.40640697283672,DOWN,False,oversold,in_sample
2020-03-12 23:15:00,5100.02,18.706227174704082,192.0776781267507,1996.1098191771803,-1900.7376441661015,1,True,True,367.03973709907007,DOWN,False,oversold,in_sample
2020-03-13 00:30:00,4660.0,19.776483440729578,1323.9699570815455,1883.841201716738,797.6824034334769,9,True,True,545.010729613734,DOWN,False,oversold,in_sample
2020-03-13 01:00:00,4612.4,19.6329254727475,1974.7419998265545,1800.0823866100068,1103.7854479229916,9,True,True,569.1472985864194,DOWN,False,oversold,in_sample
2020-03-14 22:00:00,5268.95,19.733555370524613,129.11490904259813,405.81140454929294,-49.45956974349632,3,True,True,105.77914005636794,DOWN,False,oversold,in_sample
2020-03-16 01:15:00,5299.87,18.14873417721519,122.85206995643227,94.09664765362149,-50.05783160718988,3,True,True,279.0804302747048,DOWN,False,oversold,in_sample
2020-03-16 06:00:00,5020.53,19.94733918910569,68.35931664585337,485.06830952110585,-310.60465727721896,3,True,True,120.52213610913563,DOWN,False,oversold,in_sample
2020-03-16 07:45:00,4785.67,12.851017750267033,343.37929694274766,638.7193433730284,-469.86106438596823,4,True,True,177.2385057891578,DOWN,False,oversold,in_sample
2020-03-18 06:30:00,5214.76,17.842510936740595,91.83548236160325,270.78906795327117,-6.788423628316478,1,True,True,80.81867621903976,DOWN,False,oversold,in_sample
2020-03-18 08:00:00,5145.4,19.160063029527905,199.4014070820546,261.2430520464883,-25.10980681774026,4,True,True,103.90445835114853,DOWN,False,oversold,in_sample
2020-03-20 20:15:00,5863.61,16.948723553571668,872.1248514140609,330.1890814702883,509.05500195272316,7,True,True,187.59944812154973,DOWN,False,oversold,in_sample
2020-03-22 12:00:00,6021.74,19.82730242333696,206.6844466881666,177.25773613606663,-7.5061361001961675,5,True,True,102.70702487985199,DOWN,False,oversold,in_sample
2020-03-22 13:00:00,6045.15,19.80768267641598,167.1587967213389,182.2121866289499,-16.24442735085103,1,True,True,121.06812899597192,DOWN,False,oversold,in_sample
2020-03-27 23:30:00,6339.0,15.801691642916253,87.00110427512169,219.2774885628648,-106.65720145133251,1,True,True,63.26076668244213,DOWN,False,oversold,in_sample
2020-03-28 17:45:00,6025.79,18.26990838618751,421.8699954694738,2.9705648553964936,395.46681845865885,10,True,True,65.24289761176571,DOWN,False,oversold,in_sample
2020-03-29 05:30:00,6178.0,19.79645894325931,11.330527678860474,126.25445127873098,-108.53026869537096,1,True,False,32.359987050825524,DOWN,False,oversold,in_sample
2020-03-29 19:30:00,5917.13,16.352974557835992,79.09239783476141,85.46372988256081,2.9237147062842346,4,True,True,59.59561476594224,DOWN,False,oversold,in_sample
2020-03-29 20:15:00,5889.91,19.202042166966123,125.67254847697238,25.314478489484312,48.09920694883271,1,True,True,70.98155998988082,DOWN,False,oversold,in_sample
2020-04-01 00:15:00,6270.68,13.747881824209998,92.27069472529243,49.978630706717844,74.50547628008341,2,True,True,54.598544336499224,DOWN,False,oversold,in_sample
2020-04-02 20:45:00,6739.44,19.161377621701618,190.7131749818986,44.187647638379076,43.119309616229835,7,True,True,148.30683261517288,DOWN,False,oversold,in_sample
2020-04-03 14:15:00,6813.43,15.292744869242824,21.38423672071146,310.1668322709706,-90.21887654235863,4,True,True,88.57579809288401,DOWN,False,oversold,in_sample
2020-04-03 15:15:00,6710.35,17.93199712110973,148.8595974874625,161.31796404062382,9.254360800852467,7,True,True,99.37410120187465,DOWN,False,oversold,in_sample
2020-04-05 04:00:00,6774.1,15.295871410979146,97.28229580313199,44.433946944982154,-19.27931385719195,6,True,True,45.91015780694094,DOWN,False,oversold,in_sample
2020-04-05 04:45:00,6776.01,19.970041533328384,94.43610620409322,47.24019002333263,8.79573672411941,3,True,True,44.89736585394635,DOWN,False,oversold,in_sample
2020-04-07 20:00:00,7138.09,18.345673674539498,121.7552594601635,85.58311817306891,76.4630314271744,6,True,True,62.16789085035355,DOWN,False,oversold,in_sample
2020-04-09 04:00:00,7243.65,17.92469001771319,111.58739033498296,5.038896136615707,82.16852001408189,8,True,True,39.16119635818954,DOWN,False,oversold,in_sample
2020-04-09 11:45:00,7183.98,18.149142560193937,231.09752532718693,105.65174179215371,181.57066138825624,9,True,True,43.39029340282124,DOWN,False,oversold,in_sample
2020-04-10 04:00:00,7142.02,14.398678744807754,34.290018790201906,322.6538150271219,-260.0804814324239,3,True,True,42.90802882097772,DOWN,False,oversold,in_sample
2020-04-10 05:00:00,6978.4,12.73582506992102,30.9526539034741,155.33646681187614,-71.87894073139954,5,True,True,61.406626160724514,DOWN,False,oversold,in_sample
2020-04-10 15:30:00,6782.14,12.166620072686328,168.08853842592455,62.001079305352256,114.71305517137552,8,True,True,53.183803342307925,DOWN,False,oversold,in_sample
2020-04-11 09:30:00,6835.38,19.306561928624404,82.8629864030973,3.0429910261023196,55.081063525363085,7,True,True,30.053925312125735,DOWN,False,oversold,in_sample
2020-04-12 23:45:00,6903.79,19.761851934028513,0.0,476.2456563713554,-301.7038467276669,1,False,False,66.21725168349566,DOWN,False,oversold,in_sample
2020-04-13 02:15:00,6695.5,15.459147682476356,42.65551489806646,85.87857516242254,-12.008065118363024,2,True,True,97.52595026510345,DOWN,False,oversold,in_sample
2020-04-15 12:00:00,6720.19,18.56495404294992,84.53630031293818,59.65605139140298,20.98154962880568,10,True,True,45.15794940321625,DOWN,False,oversold,in_sample
2020-04-15 23:30:00,6625.56,15.604272062956511,53.489818219138606,237.39880100700915,19.62098298106122,8,True,True,39.457796774914094,DOWN,False,oversold,in_sample
2020-04-20 10:30:00,7062.42,19.09933473588488,33.48710498667544,212.50506200424206,-56.538693535644,1,True,True,34.74800422518063,DOWN,False,oversold,in_sample
2020-04-20 11:15:00,7058.3,17.04486312064155,12.82178428233453,206.79200374027744,-50.2812291911647,6,True,True,36.668177889860175,DOWN,False,oversold,in_sample
2020-04-20 19:30:00,6795.31,19.88446062894768,132.0616719472692,65.2067381767725,129.76597094172212,10,True,True,82.74898422588511,DOWN,False,oversold,in_sample
2020-04-30 09:15:00,8922.95,17.825921702774693,40.6031637518977,426.2939946990636,-93.37719027900137,7,True,True,131.3153161230313,DOWN,False,oversold,in_sample
2020-04-30 17:30:00,8526.55,17.07291688349538,417.789140977302,147.2459552808572,301.43492971952367,10,True,True,94.36993860353833,DOWN,False,oversold,in_sample
2020-05-03 14:45:00,8767.1,15.101233718780662,136.76130077220475,62.848604441605964,104.86934105918778,9,True,True,77.20854102268713,DOWN,False,oversold,in_sample
2020-05-04 01:30:00,8704.77,16.657215340994128,86.89488636689931,62.919525731294954,-5.709513289841276,4,True,True,68.72209145100935,DOWN,False,oversold,in_sample
2020-05-10 00:00:00,9340.77,16.56641507988219,8.810836793968338,1310.138243421046,-694.0006016634602,1,True,False,66.5127179022715,DOWN,False,oversold,in_sample
2020-05-10 01:30:00,8690.69,17.452432280438686,52.13625155194753,431.13952977266536,-110.73919332066818,1,True,True,181.37397605943858,DOWN,False,oversold,in_sample
2020-05-10 16:45:00,8270.0,11.195783044078354,362.3821039903271,5.139056831922612,320.03627569528425,5,True,True,110.03325272067698,DOWN,False,oversold,in_sample
2020-05-11 09:45:00,8487.1,15.717734338200927,785.9575119887821,3.0634727998967417,774.5637496907061,10,True,True,62.486008177115934,DOWN,False,oversold,in_sample
2020-05-11 18:30:00,8398.83,18.395890316500783,485.98435734501123,1.5359282185721752,317.7109192589922,6,True,True,169.6301746790922,DOWN,False,oversold,in_sample
2020-05-15 02:45:00,9490.21,16.580288959871226,76.72116844622123,126.2669635339997,-52.211700267959586,2,True,True,82.6931121650626,DOWN,False,oversold,in_sample
2020-05-15 05:00:00,9430.76,17.758493562475223,277.0084277407121,64.02453248730856,259.6821465078102,10,True,True,83.27165573082112,DOWN,False,oversold,in_sample
2020-05-18 08:30:00,9706.29,18.842664306262122,8.922049516344405,249.38467735870378,-45.022351485480776,10,True,False,51.35741874598868,DOWN,False,oversold,in_sample
2020-05-18 17:30:00,9582.15,14.853908520728496,143.86124199683826,33.541532954503346,98.98613567936252,7,True,True,47.5592638395349,DOWN,False,oversold,in_sample
2020-05-20 15:45:00,9414.5,9.362015338224182,141.08024855276403,66.10016463965114,122.5237665303525,8,True,True,53.17488979765244,DOWN,False,oversold,in_sample
2020-05-21 04:30:00,9455.37,19.90829193733292,81.45635760419593,3.9871522743165375,35.694002455747366,7,True,True,38.10691702175575,DOWN,False,oversold,in_sample
2020-05-21 14:30:00,9025.21,16.922800574804498,143.8082881173966,50.09301722619101,56.6524213841019,2,True,True,74.21655562585255,DOWN,False,oversold,in_sample
2020-05-24 12:30:00,9130.84,18.53396423129432,53.083834565055724,143.29459283045168,-108.85088337984175,1,True,True,38.07645298789588,DOWN,False,oversold,in_sample
2020-05-24 16:15:00,8908.12,17.713890028723853,91.72530230845466,61.640391014043,38.02149050529066,3,True,True,56.35700911078868,DOWN,False,oversold,in_sample
2020-05-26 11:30:00,8861.37,15.610047846890481,60.0245785922478,86.14920717676854,-29.453684926823236,2,True,True,44.71261215816538,DOWN,False,oversold,in_sample
2020-06-02 03:00:00,10060.34,16.75617934185918,59.30217070198408,18.637541077140533,51.33027313192141,10,True,True,94.84570103992503,UP,False,oversold,in_sample
2020-06-02 14:45:00,9581.47,13.944484725775354,19.33941242836502,329.2501046290385,-103.51230030464896,1,True,True,65.18467416795151,DOWN,False,oversold,in_sample
2020-06-05 12:00:00,9667.04,18.456714481366546,63.02860027474643,44.27415217067591,44.2017411741335,2,True,True,56.48006008043826,DOWN,False,oversold,in_sample
2020-06-07 12:15:00,9515.93,11.15327062847409,32.503391681107665,150.76823810179474,-64.62847036495644,1,True,True,41.782568808303495,DOWN,False,oversold,in_sample
2020-06-11 13:30:00,9622.13,17.481126864297366,54.94625410382192,155.5580729006971,-66.97061877151805,3,True,True,38.58449220702687,DOWN,False,oversold,in_sample
2020-06-11 15:00:00,9524.52,19.181162285036763,62.470339712657434,432.0637680429044,-157.69823571161666,2,True,True,48.6008743747716,DOWN,False,oversold,in_sample
2020-06-11 15:45:00,9521.11,17.95471716507035,51.31754595840061,428.6369971568447,-165.24333822421954,1,True,True,53.71169958124644,DOWN,False,oversold,in_sample
2020-06-11 16:45:00,9117.01,13.911671924290218,309.8274543956838,4.398371834625846,198.3215988575196,4,True,True,82.90711538102948,DOWN,False,oversold,in_sample
2020-06-12 17:15:00,9387.35,15.828036723164544,66.73874948734162,91.98549111304081,46.72245095793675,10,True,True,40.688266656724295,DOWN,False,oversold,in_sample
2020-06-15 03:45:00,9163.99,19.58350794623027,67.50334734106059,231.3293663567941,-209.7994432556127,3,True,True,47.57589216051093,DOWN,False,oversold,in_sample
2020-06-15 05:45:00,9040.91,18.526728621366274,116.23829902078458,144.2996335545859,99.66917047067228,10,True,True,61.47168813758795,DOWN,False,oversold,in_sample
2020-06-15 06:15:00,8971.73,17.546916003263945,215.4211060743028,68.30343757558335,187.7787227212602,9,True,True,66.77251767496342,DOWN,False,oversold,in_sample
2020-06-17 16:30:00,9369.49,13.548899027970549,64.62464872687957,7.759227023029467,28.14454148518308,5,True,True,39.08910730466662,DOWN,False,oversold,in_sample
2020-06-18 21:00:00,9297.9,17.07618779870701,127.7170113681584,19.251658976757803,115.90789318018095,10,True,True,30.828466643005253,DOWN,False,oversold,in_sample
2020-06-20 15:15:00,9253.71,19.014084507041673,36.23411583030013,13.735031679185028,20.18649817208481,8,True,True,32.38376823998131,DOWN,False,oversold,in_sample
2020-06-24 07:45:00,9512.82,17.523496240600565,39.08409914200026,33.46010962049101,-1.5347709722239327,1,True,True,25.1786536484448,DOWN,False,oversold,in_sample
2020-06-24 09:30:00,9503.61,15.40474454120374,25.990123752972718,235.28953734423084,-138.74727603510726,1,True,True,33.312604368234815,DOWN,False,oversold,in_sample
2020-06-24 10:30:00,9389.84,14.523236637919581,42.76963185741169,116.9774990841166,34.24978487386351,10,True,True,44.279774735245724,DOWN,False,oversold,in_sample
2020-06-24 11:30:00,9373.05,18.56307129798907,60.75930460202466,99.27398232165548,-8.044339889362647,6,True,True,50.88631768741222,DOWN,False,oversold,in_sample
2020-06-25 03:00:00,9116.39,17.682015977138505,88.3354046941834,117.04194313757849,77.45390445121434,10,True,True,34.46430001349204,DOWN,False,oversold,in_sample
2020-06-25 12:15:00,9173.96,19.919583727531403,104.36060327274329,15.18428246907385,83.99862218714853,9,True,True,36.28912705091368,DOWN,False,oversold,in_sample
2020-06-26 07:15:00,9138.83,19.886236894936374,110.70344890976206,51.73528777753898,80.79808903327903,9,True,True,27.208625174119735,DOWN,False,oversold,in_sample
2020-06-26 08:00:00,9139.86,14.900295420974558,127.89036155914796,52.85638948517954,71.27023827498388,8,True,True,32.39819865949814,DOWN,False,oversold,in_sample
2020-07-02 16:30:00,8990.07,18.337847622623414,102.524229511005,20.177818415206353,80.01050047441265,8,True,True,44.07529641037245,DOWN,False,oversold,in_sample
2020-07-05 07:00:00,9054.46,16.08835798255538,22.51928883666308,15.970030239240252,1.2811365890419457,7,True,True,16.362654426658015,DOWN,False,oversold,in_sample
2020-07-09 15:15:00,9197.08,15.720172881696712,46.15595384622154,13.004127396955475,12.949762315865312,7,True,True,36.30663210497254,DOWN,False,oversold,in_sample
2020-07-09 16:15:00,9225.06,14.909943514867095,15.685534836631051,43.067470563876626,-0.07588026527709194,3,True,True,39.47291399730728,DOWN,False,oversold,in_sample
2020-07-10 04:45:00,9146.42,18.685121107266127,25.4853811655265,23.418998908862783,15.820397488852846,7,True,True,19.946055396538004,DOWN,False,oversold,in_sample
2020-07-14 05:00:00,9179.07,18.319817009772578,26.8109950136567,4.063592499021757,4.292373846152725,7,True,True,17.32909761010633,DOWN,False,oversold,in_sample
2020-08-02 11:30:00,11060.0,16.28427110295769,102.85714285714306,113.89692585895058,30.994575045208546,2,True,True,68.35759493670885,DOWN,False,oversold,in_sample
2020-08-07 12:15:00,11712.27,17.94899328859013,48.931590545641015,217.09711268609794,-69.76444361340795,3,True,True,31.780773496512584,DOWN,False,oversold,in_sample
2020-08-07 18:00:00,11491.04,17.918319719953757,86.03224773388548,147.10591904649263,68.71440705105815,9,True,True,56.37827385510799,DOWN,False,oversold,in_sample
2020-08-10 10:15:00,11552.26,12.880466273560813,327.50301672573175,88.51947584282229,275.53050225670063,9,True,True,45.468592292763525,DOWN,False,oversold,in_sample
2020-08-11 05:00:00,11822.75,18.35280884834043,30.46668499291657,99.596117654522,-69.78917764479519,1,True,True,28.05819289082492,DOWN,False,oversold,in_sample
2020-08-11 08:45:00,11712.94,18.61018100645377,44.91613548775864,60.181303754650656,25.945663514027576,2,True,True,35.63665484498332,DOWN,False,oversold,in_sample
2020-08-18 14:15:00,11867.38,18.81961101859369,139.12927706031203,41.66884350210317,97.4014483399033,4,True,True,58.94982717331013,DOWN,False,oversold,in_sample
2020-08-19 04:15:00,11695.75,15.14954954954949,83.79967082059741,71.000149627002,31.301968663831374,3,True,True,46.10820169719781,DOWN,False,oversold,in_sample
2020-08-21 12:15:00,11643.22,10.41163254059137,113.11303917644838,14.789723117831105,79.47114286254202,2,True,True,27.384606663792265,DOWN,False,oversold,in_sample
2020-08-25 02:45:00,11680.1,19.479088114159765,17.020402222583023,27.08024760062073,8.356092841671062,10,True,True,19.605568445475782,DOWN,False,oversold,in_sample
2020-08-25 18:00:00,11167.06,19.508989344224204,147.89926802578285,1.8447111415175441,114.58700857701216,5,True,True,57.773487381638404,DOWN,False,oversold,in_sample
2020-08-29 11:00:00,11445.31,15.529071867099645,36.425400447869485,24.700073654622393,8.4750871754463,4,True,True,23.85431237773388,DOWN,False,oversold,in_sample
2020-09-02 08:30:00,11700.0,15.921263603179455,41.01709401709383,359.564102564103,-241.47008547008585,5,True,True,36.783760683760676,DOWN,False,oversold,in_sample
2020-09-02 10:45:00,11574.27,14.565835484819672,0.0,357.8368225382681,-133.28702371726288,1,False,False,46.652186271790725,DOWN,False,oversold,in_sample
2020-09-03 11:15:00,11211.88,14.518551900254792,47.33372101735082,505.6065530490866,-262.9799819477185,1,True,True,47.84255628850808,DOWN,False,oversold,in_sample
2020-09-03 12:00:00,11001.73,11.633261383492368,63.280956722261685,324.24900447475045,-150.294544585261,1,True,True,64.28488974006798,DOWN,False,oversold,in_sample
2020-09-03 23:15:00,10195.69,15.215279563441072,152.38792077828865,230.3816612705969,64.24283202019676,5,True,True,78.37135103166133,DOWN,False,oversold,in_sample
2020-09-04 00:15:00,10276.45,19.478958407437943,72.60289302239465,108.82162614521543,-14.71325214446701,1,True,True,96.94057772869026,DOWN,False,oversold,in_sample
2020-09-05 12:45:00,10001.75,17.71809628208638,346.05943959807115,4.389231884419644,303.3269177893861,9,True,True,81.80518409278375,DOWN,False,oversold,in_sample
2020-09-08 05:45:00,10227.33,17.483651299789997,103.71230809996324,9.073726964907415,4.321753575957823,9,True,True,29.88414375990599,DOWN,False,oversold,in_sample
2020-09-08 10:15:00,10016.67,17.83707865168546,62.16636866343848,96.1896518503658,-9.394339635826931,3,True,True,55.811961460245875,DOWN,False,oversold,in_sample
2020-09-08 11:30:00,9956.95,15.570290112740125,143.66849286176918,36.78837394985514,142.24235333108953,10,True,True,61.71217089570602,DOWN,False,oversold,in_sample
2020-09-10 08:00:00,10273.26,13.76377575467238,46.66483667307214,41.80756643947562,-24.325287201920112,8,True,True,32.32177517165943,DOWN,False,oversold,in_sample
2020-09-10 08:45:00,10265.46,18.745956437351836,54.29858963943321,34.24103742063155,30.597752073459617,5,True,True,32.41939474704514,DOWN,False,oversold,in_sample
2020-09-13 11:30:00,10361.39,19.88084038883619,-0.05790728850037562,99.7839093017437,-50.7364359415095,1,False,False,29.009621295984328,DOWN,False,oversold,in_sample
2020-09-13 12:45:00,10290.05,18.085053220728426,51.301985899000364,31.14659306806019,32.47797629749134,2,True,True,37.366679462198846,DOWN,False,oversold,in_sample
2020-09-16 01:15:00,10681.61,19.451827815940888,93.80608353983989,10.53212015791627,91.55923123948475,10,True,True,41.83592173838945,DOWN,False,oversold,in_sample
2020-09-20 03:00:00,10930.61,19.8776629403082,47.234326355070024,1.8205754299163373,6.294250732575034,5,True,True,28.954925662885977,DOWN,False,oversold,in_sample
2020-09-20 14:00:00,10852.33,18.647409933915952,22.253285699936914,119.1725647856266,-5.464264356133929,6,True,True,29.255007910743565,DOWN,False,oversold,in_sample
2020-09-21 08:30:00,10833.5,17.722353458221235,24.46116213596714,183.22795033922554,-147.8469562006739,2,True,True,22.39257857571432,DOWN,False,oversold,in_sample
2020-09-21 09:15:00,10789.31,16.588253744217354,20.974464539438593,193.99757723153704,-141.65873443250788,1,True,True,27.53836899672015,DOWN,False,oversold,in_sample
2020-09-21 12:15:00,10537.64,16.426235814579798,95.33443921029847,228.97916421513648,-116.40177497048663,4,True,True,55.772449998291926,DOWN,False,oversold,in_sample
2020-09-23 19:45:00,10293.0,18.535262206148403,30.409015836004343,151.7341882832996,-20.83940542116072,1,True,True,30.688817643058226,DOWN,False,oversold,in_sample
2020-09-27 08:00:00,10649.43,17.14231892248334,26.82772692998565,38.27434895576591,24.31116031562198,10,True,True,25.5962056185165,DOWN,False,oversold,in_sample
2020-09-28 23:30:00,10744.34,18.995844206049938,0.00930722594428162,101.36499775695842,-48.71402059130681,1,True,False,25.25701904444563,DOWN,False,oversold,in_sample
2020-09-29 01:00:00,10703.0,16.71692914851573,6.540222367560498,39.38148182752465,0.7848266841073955,10,True,False,33.06596281416405,DOWN,False,oversold,in_sample
2020-09-30 05:45:00,10698.66,17.97109505280646,51.473735963195125,21.843857081166224,8.01034895958906,5,True,True,24.90779219079794,DOWN,False,oversold,in_sample
2020-10-01 16:00:00,10629.94,12.557613705539538,0.05644434493467572,181.50619852981342,-53.96079375800859,1,True,False,31.88823267111567,DOWN,False,oversold,in_sample
2020-10-06 19:15:00,10578.27,13.381926922717312,18.840509837620225,50.35795078023197,-9.595141738677151,1,True,True,33.814602954925505,DOWN,False,oversold,in_sample
2020-10-11 21:15:00,11315.89,18.523466542750597,70.19332991041827,15.164516445458428,46.95167591767066,9,True,True,26.266603864123933,DOWN,False,oversold,in_sample
2020-10-13 01:00:00,11462.23,18.007832052527306,43.43831872157588,42.94975759516217,5.391621002196162,3,True,True,43.27430177199364,DOWN,False,oversold,in_sample
2020-10-13 13:45:00,11349.69,19.492925375278475,63.21758567855157,43.7809314615646,33.243198712916,6,True,True,38.260516366526296,DOWN,False,oversold,in_sample
2020-10-16 04:15:00,11260.78,16.721597254378196,89.67407231115389,14.013238869776918,62.873086944243006,6,True,True,32.6411669529107,DOWN,False,oversold,in_sample
2020-10-19 03:15:00,11426.71,16.592359471981524,21.239709417671786,16.40892260326901,13.459692247375685,7,True,True,18.856258713137837,DOWN,False,oversold,in_sample
2020-10-23 16:30:00,12746.01,12.657857811038213,102.0711579545288,17.487825601894922,94.60999952141898,10,True,True,39.27542815359477,DOWN,False,oversold,in_sample
2020-10-26 16:30:00,12896.93,19.441294234730506,62.54976959633034,102.2956626111798,46.36762392290202,9,True,True,56.98449165809236,DOWN,False,oversold,in_sample
2020-10-26 17:30:00,12820.68,19.381961672299852,162.3782825871953,43.4298336749691,158.7825294758154,10,True,True,65.62678422673376,DOWN,False,oversold,in_sample
2020-10-28 11:45:00,13318.33,15.195954977818332,42.45276997942,323.1110807436067,-190.29412846805906,1,True,True,68.27132230542406,DOWN,False,oversold,in_sample
2020-10-28 12:15:00,13252.05,11.877462014631504,67.12923660867635,274.71221433664925,-137.93337634554584,3,True,True,67.12810470832808,DOWN,False,oversold,in_sample
2020-10-28 13:45:00,13106.31,19.608326756116796,103.75918164609244,166.56862228956854,13.84066148290498,7,True,True,78.6010707819364,DOWN,False,oversold,in_sample
2020-10-30 05:45:00,13181.57,19.370195300015283,119.31810854094063,50.50233014731911,88.63132388630484,10,True,True,54.24353851627678,DOWN,False,oversold,in_sample
2020-11-03 00:15:00,13474.84,16.039197319595132,124.05342104247609,65.15105188633102,-31.67384547794281,7,True,True,36.51137972695777,DOWN,False,oversold,in_sample
2020-11-07 19:15:00,14785.38,19.44478239230223,110.66337151970447,298.3758280138893,25.15998912439229,6,True,True,96.50073248032842,DOWN,False,oversold,in_sample
2020-11-07 20:00:00,14594.98,4.856938483548106,242.56285380315728,44.52215761857814,130.79154613435665,3,True,True,108.66955624468133,DOWN,False,oversold,in_sample
2020-11-09 16:00:00,14852.0,18.80117271226669,265.2841368165904,31.281982224615625,262.2407756531104,10,True,True,128.52747104767025,DOWN,False,oversold,in_sample
2020-11-15 17:45:00,15888.09,18.822690899666412,34.44718654035794,48.94861496882283,-46.00301231929083,2,True,True,33.034178431768666,DOWN,False,oversold,in_sample
2020-11-18 15:15:00,17560.02,13.334183592131353,250.55780118701435,13.684494664584003,188.17176745812378,3,True,True,93.10581650818138,DOWN,False,oversold,in_sample
2020-11-25 04:00:00,18814.39,19.771293877811274,64.85992902241254,100.6623121982692,37.65734631843083,9,True,True,50.30351767981859,DOWN,False,oversold,in_sample
2020-11-25 04:45:00,18685.82,19.19244821867271,176.05328532545064,32.54874551932948,164.60610238137892,10,True,True,55.64031977189138,DOWN,False,oversold,in_sample
2020-11-26 03:15:00,18108.1,18.66390407516451,0.005522390533538731,501.4882842484848,-97.87884979649878,1,True,False,79.61105803480217,DOWN,False,oversold,in_sample
2020-11-26 04:15:00,17845.75,19.642803828722677,95.28319067565155,156.4574198338535,60.70913242648818,8,True,True,116.3473095835143,DOWN,False,oversold,in_sample
2020-11-26 08:30:00,16830.0,16.597303577322975,332.0736779560315,294.7118241235888,320.85561497326205,10,True,True,154.72935234699926,DOWN,False,oversold,in_sample
2020-11-26 09:00:00,16994.73,19.42891219700408,250.78362527677743,201.56248437015432,53.20472876003437,9,True,True,160.5939017566033,DOWN,False,oversold,in_sample
2020-12-07 18:45:00,18939.7,14.88521064197856,92.55690428042644,14.461686299149099,91.93387434858998,10,True,True,36.32607697059611,DOWN,False,oversold,in_sample
2020-12-08 09:15:00,19040.0,17.883359489698663,3.230042016807487,178.57142857142856,-145.50420168067274,1,True,False,29.00787815126038,DOWN,False,oversold,in_sample
2020-12-08 11:15:00,18796.06,19.538655993258914,77.80353967799526,98.98883063791098,67.45030607478313,10,True,True,46.026933304107445,DOWN,False,oversold,in_sample
2020-12-08 11:45:00,18762.96,19.308690978251846,112.91928352456256,81.52231844016038,90.02310936014352,9,True,True,47.82587608778153,DOWN,False,oversold,in_sample
2020-12-08 22:45:00,18340.01,10.557807373093624,87.23550314312894,167.94429228773507,-48.43508809428027,2,True,True,46.74315880961919,DOWN,False,oversold,in_sample
2020-12-09 00:45:00,18180.01,17.736286827474288,93.70181864586553,81.41359658217922,35.04948567135066,8,True,True,73.52883744288407,DOWN,False,oversold,in_sample
2020-12-11 00:15:00,18115.0,19.840773523187266,21.98730333977463,173.13276290367156,-171.14545956389668,1,True,True,35.68479160916349,DOWN,False,oversold,in_sample
2020-12-11 02:30:00,17880.77,19.991091314031024,93.86061114817656,92.37297946341343,27.543556569431853,7,True,True,60.83155255618166,DOWN,False,oversold,in_sample
2020-12-15 05:30:00,19100.69,17.214931725483723,66.10232405216883,4.355863583985557,26.32365637053032,9,True,True,45.539192563200785,DOWN,False,oversold,in_sample
2020-12-19 06:15:00,22905.06,12.811732476856278,58.0395772811766,67.69683205370399,34.36358603732063,5,True,True,35.09573867084362,DOWN,False,oversold,in_sample
2020-12-20 03:00:00,23274.89,18.559254630155635,117.59454072607893,92.32696695881245,117.50001826002168,10,True,True,60.27353942381678,DOWN,False,oversold,in_sample
2020-12-21 10:15:00,22772.61,10.959434667391506,71.3137404979042,420.50955072782637,-204.2409719395364,1,True,True,77.62746562646964,DOWN,False,oversold,in_sample
2020-12-21 12:00:00,22163.63,18.585536448801363,372.2179083480447,48.214123769436945,278.94347631682984,9,True,True,125.58727970102358,DOWN,False,oversold,in_sample
2020-12-23 21:30:00,23223.25,18.477192292567906,106.27280850010196,268.37328969890086,-38.37102903340428,7,True,True,52.07798219456811,DOWN,False,oversold,in_sample
2020-12-31 13:00:00,28087.8,18.02120382104853,253.5620447311647,7.640327829163954,235.91381311459102,10,True,True,80.88867764652272,DOWN,False,oversold,in_sample
2021-01-04 10:00:00,29800.0,19.238816320677074,503.35570469798654,560.4026845637584,487.8288590604025,10,True,True,195.21996644295322,DOWN,False,oversold,in_sample
2021-01-05 04:00:00,30682.07,16.71421226864618,276.558915353495,254.8947968634449,75.79671123884448,2,True,True,138.61825489610055,DOWN,False,oversold,in_sample
2021-01-10 11:15:00,39309.2,17.065385085839864,207.78850752495674,218.57478656395884,125.08522178014418,9,True,True,83.08118710123838,DOWN,False,oversold,in_sample
2021-01-10 17:15:00,38165.39,18.5405037335683,160.51453948197585,276.26862977163324,-185.67083947000216,3,True,True,101.07351189127108,DOWN,False,oversold,in_sample
2021-01-11 03:30:00,34152.19,18.279392948798602,541.037046233344,132.40439339322083,-129.4089778722826,2,True,True,217.4902985723613,DOWN,False,oversold,in_sample
2021-01-15 05:45:00,37808.9,19.75572946414043,215.25355141249773,67.16937017474697,175.0672460716911,9,True,True,89.15982744803462,DOWN,False,oversold,in_sample
2021-01-15 15:00:00,36382.44,19.596656623578582,169.46636894062016,542.6903748071878,-189.24514133741553,2,True,True,112.50289975053903,DOWN,False,oversold,in_sample
2021-01-17 06:15:00,35155.99,19.392248332388903,122.4798391397892,243.48340069501612,-120.36640128751777,2,True,True,88.76652314441993,DOWN,False,oversold,in_sample
2021-01-17 07:30:00,34783.91,18.01212616663284,116.17152873268027,268.4890801522898,-98.95092299859397,6,True,True,96.18024540656845,DOWN,False,oversold,in_sample
2021-01-18 05:15:00,34844.43,11.703507943246194,411.6152854272548,12.750961918447308,361.65895094280495,9,True,True,86.27132083951417,DOWN,False,oversold,in_sample
2021-01-19 19:30:00,36171.84,19.420479927867518,167.54469775383308,33.119686474339055,115.93549014924334,6,True,True,90.20705056751343,DOWN,False,oversold,in_sample
2021-01-20 03:45:00,35062.49,19.30891468751905,241.69989068089552,92.83139902499735,126.60253165134635,9,True,True,89.19959763268355,DOWN,False,oversold,in_sample
2021-01-20 11:15:00,34196.04,18.87058942217959,230.35708228204084,51.47964501152791,222.98488362979947,10,True,True,105.90992407307984,DOWN,False,oversold,in_sample
2021-01-20 11:45:00,34426.17,19.085581931980244,207.98421665843225,117.9829182276153,199.75501195747313,10,True,True,105.51043000136244,DOWN,False,oversold,in_sample
2021-01-21 02:45:00,34560.12,10.625421284182863,105.01988997723302,170.34373723239358,-110.44232485303937,7,True,True,82.49566263080087,DOWN,False,oversold,in_sample
2021-01-21 09:00:00,32926.56,18.90710426708965,97.45931551914366,278.462129053262,-59.34722606916611,1,True,True,106.85613680870428,DOWN,False,oversold,in_sample
2021-01-21 10:45:00,32826.62,17.120556896562732,52.81689068201276,465.0554945955455,-60.24683625667341,1,True,True,130.44032556504487,DOWN,False,oversold,in_sample
2021-01-23 11:45:00,31645.49,17.87661937693734,203.42867182653782,80.68448300215978,74.44346729976313,7,True,True,103.82190321590845,DOWN,False,oversold,in_sample
2021-01-24 14:30:00,32086.62,13.724372373895008,53.97576933937022,182.82386864057324,-79.7996174106214,4,True,True,58.495877720993974,DOWN,False,oversold,in_sample
2021-01-25 22:15:00,32068.47,19.769690344710696,225.9353190220802,96.8147217500558,126.56045018674124,8,True,True,102.85866460108636,DOWN,False,oversold,in_sample
2021-01-27 14:30:00,29575.09,16.94714601918301,464.21160510416024,112.71985985503305,376.1273423005649,8,True,True,116.2813029478523,DOWN,False,oversold,in_sample
2021-01-29 06:30:00,32470.92,19.291304329813343,1425.6078977743782,171.08230995610745,1072.9692906760877,10,True,True,96.72978160150645,DOWN,False,oversold,in_sample
2021-01-29 07:15:00,32184.99,16.456485857741498,1803.638901239366,83.76264836496769,1457.8752393584716,9,True,True,103.93214352404614,DOWN,False,oversold,in_sample
2021-01-29 18:30:00,34888.0,11.051238787675345,134.47030497592277,397.84453107085534,-199.8910800275159,2,True,True,186.29256477872048,DOWN,False,oversold,in_sample
2021-01-29 19:15:00,34438.0,16.810045035935005,149.79673616354103,272.3735408560311,57.358150879841695,5,True,True,184.99825773854457,DOWN,False,oversold,in_sample
2021-01-31 15:45:00,32862.66,17.90503848514902,65.49682831517532,210.26599794417285,-97.89834419977105,5,True,True,80.12132919246386,DOWN,False,oversold,in_sample
2021-01-31 17:45:00,32302.31,15.491605398880552,193.15646466150523,40.44292807542342,156.60180340043698,8,True,True,90.76022736454489,DOWN,False,oversold,in_sample
2021-02-05 19:00:00,37311.05,14.680647421764249,163.20902252817785,2.9615891270824353,131.2077789287612,8,True,True,61.905789303704935,DOWN,False,oversold,in_sample
2021-02-07 01:45:00,38627.36,16.060168846300954,77.46322813674068,73.35733014112292,-47.331735847337676,6,True,True,88.11500449422381,DOWN,False,oversold,in_sample
2021-02-12 05:00:00,47350.0,17.242109179072415,42.454065469904286,118.47940865892292,0.9545934530088276,6,True,True,88.01362196409713,DOWN,False,oversold,in_sample
2021-02-15 02:00:00,47550.0,17.160703662785764,8.237644584647372,416.2376445846475,-218.17875920084174,1,True,False,63.40883280757098,DOWN,False,oversold,in_sample
2021-02-20 22:30:00,54838.73,17.98338177301281,266.46678360348545,26.93534295925642,224.4617991700388,1,True,True,75.5690367008864,DOWN,False,oversold,in_sample
2021-02-22 14:00:00,50517.37,11.48645770473189,688.0069172247084,573.1434554094963,597.4103560814823,4,True,True,173.63027806079376,DOWN,False,oversold,in_sample
2021-02-25 09:15:00,48935.78,16.448814824394404,299.8542170984095,72.3540117272065,277.7149970839341,10,True,True,78.33623986375613,DOWN,False,oversold,in_sample
2021-02-25 17:30:00,49633.59,18.86479986256664,91.20637858353633,161.5438254617479,-153.331644960599,3,True,True,105.33612418525445,DOWN,False,oversold,in_sample
2021-02-25 19:30:00,49669.58,19.197823593268794,26.017936934436715,442.64114977416796,-355.8153702930445,1,True,True,101.0083032713384,DOWN,False,oversold,in_sample
2021-02-26 07:30:00,44397.85,18.602375614650015,501.9387200055859,65.55948092081029,453.5354752538689,6,True,True,149.42942056878866,DOWN,False,oversold,in_sample
2021-02-27 23:15:00,45170.47,15.305324076948864,324.98886994091447,18.10253468693243,281.60654516103085,6,True,True,81.0504074896719,DOWN,False,oversold,in_sample
2021-02-28 04:15:00,44644.48,15.670346875857561,214.02869962871037,202.89854423212046,-60.93698481872851,4,True,True,116.15142566337445,DOWN,False,oversold,in_sample
2021-03-04 04:30:00,49317.31,16.721236823792637,112.06815619100117,62.292529742599335,73.67798446427848,6,True,True,96.57197442439593,DOWN,False,oversold,in_sample
2021-03-06 10:45:00,48035.36,7.613127464741851,61.73577131513179,200.96861978342633,-174.93363222426208,4,True,True,48.95050229664154,DOWN,False,oversold,in_sample
2021-03-06 13:00:00,47518.31,19.685056194179737,43.604244342865805,94.34468523817402,27.713527690694878,7,True,True,56.00083420475194,DOWN,False,oversold,in_sample
2021-03-07 20:00:00,49836.86,14.09097406867403,190.07216746801504,13.881291879143326,155.62176268729604,10,True,True,54.8766515386403,DOWN,False,oversold,in_sample
2021-03-10 03:45:00,53467.8,15.425253736765143,69.08082995746983,86.55676874679767,64.279809530221,4,True,True,82.71959945986188,DOWN,False,oversold,in_sample
2021-03-15 06:30:00,58545.75,19.770084018948836,45.50800015372598,220.81022106643096,-174.54042351494354,1,True,True,58.215327329481624,DOWN,False,oversold,in_sample
2021-03-15 07:00:00,58021.07,19.63518148662733,56.691474321311254,589.6254584756882,-438.0908521680139,5,True,True,63.98468694217461,DOWN,False,oversold,in_sample
2021-03-15 09:30:00,55479.22,18.77957786406293,197.75872840317535,81.0988330405511,-47.039233788795364,6,True,True,126.79639331627227,DOWN,False,oversold,in_sample
2021-03-16 01:00:00,53606.08,15.990404491291784,194.72977692082603,23.810731916976472,99.47006011258445,4,True,True,92.38812089971874,DOWN,False,oversold,in_sample
2021-03-17 09:45:00,54762.77,18.645790437471902,86.2100291858868,116.69972136179278,45.77379851311494,3,True,True,60.46124036457612,DOWN,False,oversold,in_sample
2021-03-18 19:45:00,57293.79,13.804859977540758,148.84859249143716,47.26341196838276,100.27613812945465,9,True,True,82.76874334897374,DOWN,False,oversold,in_sample
2021-03-18 20:30:00,57614.14,18.318571871661348,92.41828481688681,31.12951091520216,9.815298813798647,6,True,True,81.0054615064982,DOWN,False,oversold,in_sample
2021-03-21 04:15:00,57249.88,16.600065468874632,28.6079202262094,101.63864098929069,-35.26644946679262,9,True,True,52.330066019352344,DOWN,False,oversold,in_sample
2021-03-22 01:15:00,56486.89,14.778537546972217,205.53441692399775,21.162432557359924,190.6176813770413,10,True,True,60.176086876087524,DOWN,False,oversold,in_sample
2021-03-22 13:30:00,56749.96,19.640140334710793,93.2687882070759,3.076654150945503,69.0890354812588,2,True,True,63.09563918635379,DOWN,False,oversold,in_sample
2021-03-23 21:15:00,54299.99,18.962179475897656,111.74771855390783,11.419891605872259,7.532229748108877,3,True,True,54.72321449782958,DOWN,False,oversold,in_sample
2021-03-24 20:15:00,53735.87,19.554207095436723,118.93917414940846,378.8661093604705,-223.6569353022485,2,True,True,74.89085037610812,DOWN,False,oversold,in_sample
2021-03-24 21:00:00,54034.6,13.975003902653228,33.13247437752826,432.05649713331803,-211.59590336562104,1,True,True,83.77928216365063,DOWN,False,oversold,in_sample
2021-03-28 19:00:00,54857.05,19.532420961212296,101.52933852622391,30.116457228379286,35.83860233096722,3,True,True,52.64920370307932,DOWN,False,oversold,in_sample
2021-03-28 20:00:00,54887.09,18.987838014428448,123.93624803209646,26.219280344430036,78.18596322013185,9,True,True,56.6521198336441,DOWN,False,oversold,in_sample
2021-03-31 10:15:00,57480.76,15.08051040559026,147.04920394232784,39.29314782894321,118.16475634629764,8,True,True,80.11132768599454,DOWN,False,oversold,in_sample
2021-04-01 18:00:00,58312.62,17.156760306893446,123.53758071580343,64.68068147169609,105.42143364506653,9,True,True,38.16600934754777,DOWN,False,oversold,in_sample
2021-04-03 17:45:00,58210.13,18.386289168858795,92.5320043092164,86.31315545936769,21.30557000989417,5,True,True,41.1354518534833,DOWN,False,oversold,in_sample
2021-04-03 23:45:00,57051.94,19.453007742703903,87.47467658417885,116.37465789945134,50.95882804335767,10,True,True,61.85696752818593,DOWN,False,oversold,in_sample
2021-04-05 03:45:00,57467.12,18.192859538290122,26.255013301518744,117.72818961521003,-56.06162271573824,3,True,True,35.91880017651842,DOWN,False,oversold,in_sample
2021-04-10 20:45:00,58615.28,14.754204518122549,162.62312489166666,22.082979045737275,162.2375598990569,10,True,True,47.559356536384406,DOWN,False,oversold,in_sample
2021-04-16 06:45:00,61455.69,19.082981002100894,29.658767154025412,153.39832650158206,-118.69202021814421,3,True,True,66.92919728018657,DOWN,False,oversold,in_sample
2021-04-17 11:30:00,60933.83,15.194845338847315,47.29228410556143,92.67594044227963,25.71477945830667,10,True,True,48.68543467561451,DOWN,False,oversold,in_sample
2021-04-18 03:15:00,56401.58,14.688066888426505,4.109813944928544,969.8806310035993,-147.58451802236772,1,True,False,107.78501240568075,DOWN,False,oversold,in_sample
2021-04-19 15:15:00,55377.89,19.383893135446485,31.80150056276983,208.80354957547095,-1.4825411369048418,4,True,True,83.96645303748478,DOWN,False,oversold,in_sample
2021-04-21 18:15:00,55459.58,19.186646537533022,50.22757114280304,123.07702294175357,-90.63357493872141,5,True,True,52.17168972430007,DOWN,False,oversold,in_sample
2021-04-21 22:45:00,53996.73,16.02708023902447,118.76089533569844,147.55152765732353,73.73779856669027,10,True,True,66.58338384565153,DOWN,False,oversold,in_sample
2021-04-22 20:15:00,52254.37,18.566351387355866,52.99461078566218,335.7365135203051,-121.24727558671164,1,True,True,98.92579319203351,DOWN,False,oversold,in_sample
2021-04-22 20:45:00,51623.57,19.527232844595602,118.3897200445452,217.646706727179,101.02362157440812,5,True,True,109.64255281066389,DOWN,False,oversold,in_sample
2021-04-25 01:00:00,49851.45,19.04994779932943,120.63841673612332,19.006468217072925,-7.925546799540387,5,True,True,60.60204868664822,DOWN,False,oversold,in_sample
2021-04-25 20:45:00,48094.68,14.599124502109731,223.94992543873911,242.16399818025616,199.99509301236697,10,True,True,64.9160156591125,DOWN,False,oversold,in_sample
2021-04-28 05:30:00,54537.32,18.80104463437806,20.661081255918017,132.78246895887003,-19.584754072990325,1,True,True,40.863944176208356,DOWN,False,oversold,in_sample
2021-04-28 06:00:00,54152.55,17.466216216216225,73.53854989284824,62.67294891930286,27.980215151455802,6,True,True,44.39052269930062,DOWN,False,oversold,in_sample
2021-04-28 15:30:00,54413.01,17.059263197639396,104.93630107946572,33.69230998248429,92.35658898487712,10,True,True,52.07899728392165,DOWN,False,oversold,in_sample
2021-04-29 03:30:00,54222.39,19.072674022612873,18.98293306510471,136.50633990866103,3.4598253599669873,10,True,True,43.54944516462657,DOWN,False,oversold,in_sample
2021-04-29 04:30:00,53702.59,19.41143475822132,147.3448487307607,41.03526477959357,128.0757594745436,8,True,True,47.27090443868715,DOWN,False,oversold,in_sample
2021-05-02 03:45:00,56450.19,17.751185128633168,120.2493738285022,49.40284523400269,75.97317210092567,6,True,True,39.1609842234365,DOWN,False,oversold,in_sample
2021-05-03 20:45:00,56783.94,18.423414924212594,112.29759682050914,61.45047349655595,62.537048327396896,8,True,True,55.85478922385428,DOWN,False,oversold,in_sample
2021-05-06 13:45:00,57271.31,18.29242100741608,35.56580074735541,88.75473601005419,-1.7163916802312487,10,True,True,59.33511910239158,UP,False,oversold,in_sample
2021-05-06 15:00:00,57055.35,16.608904114163224,73.55138475182459,84.33214413722749,-18.475042217775584,5,True,True,56.05398967844358,DOWN,False,oversold,in_sample
2021-05-10 09:30:00,57813.36,16.191990969959576,84.17431541775109,88.48300807979383,35.04899213607329,9,True,True,49.69517426421836,DOWN,False,oversold,in_sample
2021-05-10 19:15:00,56511.41,12.540870419260472,34.412519524817,550.5808473014571,-154.00429753920542,1,True,True,82.69683945242198,DOWN,False,oversold,in_sample
2021-05-12 07:30:00,57049.04,19.63478334128979,25.672649355712057,130.931212865283,-130.62445923717635,9,True,True,46.721820384707705,UP,False,oversold,in_sample
2021-05-12 19:00:00,53646.62,16.647620945518895,206.03348356336252,27.13684478164733,167.11770471280366,9,True,True,95.02033865320887,DOWN,False,oversold,in_sample
2021-05-13 00:00:00,48281.59,12.722525004491885,527.8181600895925,90.70330948090007,440.50123452852426,9,True,True,211.76757020636643,DOWN,False,oversold,in_sample
2021-05-13 17:15:00,47511.76,19.275882065054233,394.10032379351867,107.71228007550172,222.49017927350965,9,True,True,120.94374108641742,DOWN,False,oversold,in_sample
2021-05-14 18:30:00,50384.11,16.18966832279591,45.097551589181826,268.7573522684038,-207.43444709056078,1,True,True,62.03989710247927,DOWN,False,oversold,in_sample
2021-05-14 19:00:00,50200.0,19.018352013795024,35.83067729083717,233.06772908366534,-108.77091633466114,2,True,True,61.404980079681245,DOWN,False,oversold,in_sample
2021-05-14 20:30:00,49482.95,17.712293298622868,133.19941515208788,91.53657977141563,98.72693523729005,8,True,True,60.883193099845364,DOWN,False,oversold,in_sample
2021-05-15 05:15:00,49420.83,17.28009436228986,60.61007069286389,206.5586514835954,-192.5402709748102,2,True,True,72.09986153611747,DOWN,False,oversold,in_sample
2021-05-15 23:45:00,46762.99,19.615642134597763,316.3591549642141,63.29578155716689,302.3202750722324,9,True,True,102.95545686877587,DOWN,False,oversold,in_sample
2021-05-16 14:15:00,48384.2,17.628996620743408,35.02589688369368,294.3522885570077,-228.9879754134604,1,True,True,61.02260655337913,DOWN,False,oversold,in_sample
2021-05-16 17:00:00,46663.83,17.12643818030267,170.13819911481767,335.12679949331243,-292.5477827259356,4,True,True,90.77073184948605,DOWN,False,oversold,in_sample
2021-05-17 03:15:00,43250.0,14.044347000587777,242.77456647398841,243.47514450867024,208.14797687861227,5,True,True,127.52254335260128,DOWN,False,oversold,in_sample
2021-05-18 14:00:00,43108.22,17.997781712529502,162.05262012674189,139.46760037876794,72.32727308156099,5,True,True,96.76425980938204,DOWN,False,oversold,in_sample
2021-05-18 14:45:00,43221.4,18.75935656404124,139.80343070793634,144.94440254133394,130.87035588851805,10,True,True,108.00876417700485,DOWN,False,oversold,in_sample
2021-05-19 03:30:00,40596.5,19.908320872679397,61.69743697116775,490.5767738598155,-181.39741110686967,2,True,True,151.34186444644237,DOWN,False,oversold,in_sample
2021-05-19 04:15:00,39543.31,18.917702763510377,147.5850150126547,237.30436324121513,-41.66823667517889,1,True,True,158.29782585221116,DOWN,False,oversold,in_sample
2021-05-19 12:30:00,36433.0,17.403546881078924,430.1045755221914,1765.7069140614278,165.66025306727497,5,True,True,217.365575165372,DOWN,False,oversold,in_sample
2021-05-21 04:00:00,40334.14,15.589569160997712,68.91680348211246,275.73167544913554,-129.38418917572076,1,True,True,120.19185236129995,DOWN,False,oversold,in_sample
2021-05-21 15:15:00,37613.99,16.845803660817197,91.47660218977082,402.5071522590393,-72.37998414951458,1,True,True,219.9951401061149,DOWN,False,oversold,in_sample
2021-05-21 16:30:00,37320.91,19.532669174545532,82.81952396123152,261.0091768930609,-91.05887289457941,1,True,True,262.63614686780153,DOWN,False,oversold,in_sample
2021-05-23 04:15:00,37278.1,15.210664309014945,36.3296412639057,257.5506798898009,-168.38841035353227,2,True,True,87.14580410482267,DOWN,False,oversold,in_sample
2021-05-23 04:45:00,37198.73,18.5663571270984,33.468884556005,286.87269699799015,-245.0164293243345,5,True,True,86.41262752787495,DOWN,False,oversold,in_sample
2021-05-23 07:30:00,36040.99,19.512105632478637,49.041383158453755,621.6255435824603,-351.5746931479964,1,True,True,94.8501969562986,DOWN,False,oversold,in_sample
2021-05-23 08:45:00,34376.0,16.043931608999088,420.70339771933885,131.14382127065386,319.10926227600686,7,True,True,146.67456946706992,DOWN,False,oversold,in_sample
2021-05-25 10:15:00,37230.39,19.52030792849122,62.072946321539625,217.77101985770142,-29.688112318995003,3,True,True,107.40499898067134,DOWN,False,oversold,in_sample
2021-05-27 03:00:00,37278.92,18.459398159137095,139.77872749532492,38.80208976011147,139.77872749532492,10,True,True,92.81787133318235,DOWN,False,oversold,in_sample
2021-05-27 16:45:00,38825.44,19.363476431121825,109.35098224257025,77.52391215656674,-74.14983577777855,4,True,True,98.05890158617639,DOWN,False,oversold,in_sample
2021-05-27 17:45:00,39028.99,16.584415297650565,49.48629211260641,135.53771183932713,-107.69943060273825,4,True,True,89.7344512374006,DOWN,False,oversold,in_sample
2021-05-29 08:45:00,35776.76,14.791114691952927,36.98769815936224,337.89253135275595,-126.1768813050722,1,True,True,104.40255070610077,DOWN,False,oversold,in_sample
2021-05-29 10:30:00,35180.22,18.828749690294444,190.38539270078437,221.77803322435196,-202.50868243575516,4,True,True,100.08109670718355,DOWN,False,oversold,in_sample
2021-05-31 01:30:00,34850.6,16.19981407749114,35.695224759401974,172.17781042507033,-157.8681572196749,5,True,True,75.17646755005663,DOWN,False,oversold,in_sample
2021-05-31 03:00:00,34407.89,15.671914037453817,98.61691606198453,73.83480939982165,32.50417273480117,1,True,True,80.70663443762452,DOWN,False,oversold,in_sample
2021-05-31 03:30:00,34434.37,19.991469548063776,108.5340025097006,81.4680216307155,78.71495833958792,10,True,True,85.05034359565754,DOWN,False,oversold,in_sample
2021-06-01 03:45:00,36704.99,19.25111291943888,201.26146335961494,38.98652472048039,110.85141284604754,9,True,True,80.04279527116041,DOWN,False,oversold,in_sample
2021-06-01 17:00:00,35796.99,8.873263626853372,194.4018198178119,4.821634444682294,8.905776714747429,6,True,True,107.34603663604103,DOWN,False,oversold,in_sample
2021-06-04 02:00:00,37450.01,18.0241655638561,182.43519828165628,15.978633917588748,36.424556361933206,6,True,True,71.00371935815237,DOWN,False,oversold,in_sample
2021-06-04 03:00:00,37657.86,17.985507005777436,126.23393894395556,307.4683479093078,-264.8663519382143,2,True,True,76.47155202127801,DOWN,False,oversold,in_sample
2021-06-04 07:00:00,36519.22,16.960159344265378,93.75337151231527,122.2370028713651,90.57696193949344,10,True,True,93.2795114463017,DOWN,False,oversold,in_sample
2021-06-05 11:45:00,35869.42,18.00057202251803,98.16439741707578,172.68748700146205,5.480991886683278,3,True,True,88.56931614729226,DOWN,False,oversold,in_sample
2021-06-06 19:30:00,35750.42,14.876770380282693,68.49150303688756,47.18825680928982,13.868368539447019,5,True,True,46.30896644011461,DOWN,False,oversold,in_sample
2021-06-07 16:00:00,35945.39,16.230946472881712,14.538721098867487,139.4865934129521,-110.89321885226467,1,True,True,52.372362631202655,DOWN,False,oversold,in_sample
2021-06-07 20:45:00,34440.43,15.684843093554306,60.14733265525473,254.6512921005919,-173.65346483769213,1,True,True,79.36631453207767,DOWN,False,oversold,in_sample
2021-06-07 22:30:00,33983.88,19.543940024989595,58.53363418185491,201.2365862873802,-81.36798976455802,2,True,True,97.25802350997019,DOWN,False,oversold,in_sample
2021-06-07 23:15:00,33842.36,16.59670757347567,66.6767920440541,160.26069103927756,-19.590832317841578,3,True,True,100.28629800049436,DOWN,False,oversold,in_sample
2021-06-08 14:30:00,31777.98,16.213444944803584,188.92956695170716,244.8173231904607,109.61678495612375,7,True,True,90.56601457990726,DOWN,False,oversold,in_sample
2021-06-10 17:15:00,36353.47,13.444448219459971,141.05118438487352,69.72374301545386,88.47023406568763,7,True,True,102.65374942199485,DOWN,False,oversold,in_sample
2021-06-11 16:30:00,36636.2,18.360439260209247,168.35807207079418,16.210742380486902,133.65469126164928,9,True,True,65.02352864107105,DOWN,False,oversold,in_sample
2021-06-12 01:45:00,36228.43,17.920096002536255,40.85189449280578,262.6197160627718,-217.4562905430894,1,True,True,76.56749133208362,DOWN,False,oversold,in_sample
2021-06-12 02:45:00,35528.73,18.381037017622447,102.41289232685584,118.88406931517243,-39.3174763072033,2,True,True,90.65226930430673,DOWN,False,oversold,in_sample
2021-06-12 03:15:00,35742.33,17.014919179133884,0.0,207.68931404304132,-161.05273495040737,1,False,False,88.85039111887774,DOWN,False,oversold,in_sample
2021-06-13 04:30:00,34971.76,17.15774272561157,125.72143924126158,39.32029729130076,110.20320395656422,9,True,True,61.96528284535865,DOWN,False,oversold,in_sample
2021-06-15 21:30:00,40042.38,17.131782545638472,80.63706502960099,35.5573270120301,17.556398995265244,9,True,True,80.04406830962576,DOWN,False,oversold,in_sample
2021-06-16 11:30:00,39050.0,15.774871418075037,116.51472471190728,46.094750320102435,66.87580025608231,7,True,True,55.043790012804266,DOWN,False,oversold,in_sample
2021-06-16 13:00:00,38974.34,16.251299826689916,136.1536847063995,105.02807744787893,-62.70792526569897,1,True,True,60.4003813791331,DOWN,False,oversold,in_sample
2021-06-17 13:15:00,38738.46,8.369519694931995,106.23550858758992,84.43030517991673,69.55619815552926,10,True,True,48.632676673259645,DOWN,False,oversold,in_sample
2021-06-17 17:45:00,37695.13,19.300186178951222,61.888631236979656,87.57895250659632,20.381943237760886,7,True,True,73.23625094276079,DOWN,False,oversold,in_sample
2021-06-17 18:15:00,37734.27,14.60960696568796,51.45190300488163,97.8606449786883,5.668587202033243,5,True,True,74.2115853837902,DOWN,False,oversold,in_sample
2021-06-18 14:30:00,36646.41,16.51365245020817,53.552312491182626,103.80552965488391,-64.8958520084251,2,True,True,80.40446526685676,DOWN,False,oversold,in_sample
2021-06-18 18:15:00,35724.87,19.703416984952966,39.59426584337384,166.71299293741356,-63.5131772347951,8,True,True,80.43584203385498,DOWN,False,oversold,in_sample
2021-06-18 19:45:00,35327.24,14.424633484575438,152.59612695472438,26.88576860235782,32.346144221853756,2,True,True,85.21214790626172,DOWN,False,oversold,in_sample
2021-06-20 00:15:00,35214.36,9.24115690819329,166.30715424048583,7.647448370494392,108.79084555277976,5,True,True,61.737313982136854,DOWN,False,oversold,in_sample
2021-06-20 10:00:00,34392.41,17.356384143099703,8.51059870477143,307.1637026890536,-219.37689158741858,1,True,False,63.546869789003246,DOWN,False,oversold,in_sample
2021-06-20 11:15:00,33954.84,14.755615871460066,98.413068652364,182.2538406895737,-14.221831114501967,7,True,True,85.1052456733712,DOWN,False,oversold,in_sample
2021-06-21 04:15:00,34162.92,11.301345463513485,127.93988335891714,555.2569862295138,-405.84352859767137,8,True,True,75.80104393886681,DOWN,False,oversold,in_sample
2021-06-21 05:00:00,33941.32,19.843728518399743,194.06434399133573,493.59306002241505,-356.465217027505,5,True,True,86.59828197606913,DOWN,False,oversold,in_sample
2021-06-21 06:30:00,32461.67,18.793913686497532,343.6206455182387,60.277243900267074,297.13505189351105,10,True,True,130.20818090997787,DOWN,False,oversold,in_sample
2021-06-22 10:15:00,31457.42,11.583108833256517,243.12229038490855,687.7042046041909,-496.65230015684585,1,True,True,108.13267585199304,DOWN,False,oversold,in_sample
2021-06-22 14:00:00,29458.45,18.188959526044727,1140.6234883369634,62.44727743652471,834.2394117816792,9,True,True,203.65226276331595,DOWN,False,oversold,in_sample
2021-06-24 02:45:00,32495.26,18.822412906797595,109.04667326865587,64.2216741764795,56.343602113046686,3,True,True,84.32937603822808,DOWN,False,oversold,in_sample
2021-06-24 03:30:00,32538.01,19.127320791835643,149.34533488679816,77.27577685297862,78.3791018565679,9,True,True,83.45547253811746,DOWN,False,oversold,in_sample
2021-06-25 05:30:00,34440.67,17.465101733935057,45.951487006496116,139.13492391408036,-120.82227204058323,1,True,True,78.53128292800349,DOWN,False,oversold,in_sample
2021-06-25 06:00:00,34452.8,19.9872343620938,28.212511029581652,149.71497236799473,-88.94197278595651,1,True,True,74.78898667162036,DOWN,False,oversold,in_sample
2021-06-25 07:15:00,34063.63,12.848981432759942,122.23300922420853,100.87885524825083,-92.2362061823696,8,True,True,67.94240660786892,DOWN,False,oversold,in_sample
2021-06-26 08:00:00,30262.87,15.96952683552081,353.61153783497764,36.96609079046336,195.51681648171584,6,True,True,107.08353173377135,DOWN,False,oversold,in_sample
2021-06-28 11:00:00,34091.57,16.00749267584459,144.73666070527122,67.1280319445536,65.45019780549778,10,True,True,79.17719835138132,DOWN,False,oversold,in_sample
2021-07-01 03:00:00,34234.35,16.43140714600787,32.45278499518716,50.589539453792774,14.94113368590362,1,True,True,54.63226262511179,DOWN,False,oversold,in_sample
2021-07-01 09:30:00,33281.01,15.865492135278203,140.617727647087,84.13506681437914,62.588244767810714,9,True,True,62.06241937969998,DOWN,False,oversold,in_sample
2021-07-02 03:30:00,32918.69,15.51656891919265,91.19439443064017,66.43338480358797,-37.00937066450753,6,True,True,66.638587379996,DOWN,False,oversold,in_sample
2021-07-02 04:15:00,32983.93,17.934681232411563,71.23468913498154,86.38449087176703,-8.003897655616372,3,True,True,65.27057266978201,DOWN,False,oversold,in_sample
2021-07-05 01:00:00,34908.86,11.327868453698969,0.05156284106679251,183.58090181117362,-145.7681516955869,1,True,False,48.96751139968451,DOWN,False,oversold,in_sample
2021-07-05 04:00:00,34191.43,19.315684570961096,63.89905306680745,55.98771388034963,42.48433013769884,9,True,True,60.56839389285555,DOWN,False,oversold,in_sample
2021-07-07 21:30:00,34175.55,11.224918142892562,34.19403637980971,139.1491870650225,-129.43756574510155,2,True,True,33.73391210968085,DOWN,False,oversold,in_sample
2021-07-07 23:00:00,33920.4,17.39055622973639,57.26052758811686,240.76367023973782,-180.96189903421,1,True,True,37.89754837796734,DOWN,False,oversold,in_sample
2021-07-08 00:00:00,33733.19,19.840541652165513,6.192714059950871,186.60257153266593,-130.72585189838352,1,True,False,45.87084707968618,DOWN,False,oversold,in_sample
2021-07-08 01:45:00,33300.48,18.34372974989725,40.39581411439018,70.41339944649542,-35.215708602399744,7,True,True,60.34042151944951,DOWN,False,oversold,in_sample
2021-07-10 19:45:00,33409.92,12.8238705453184,55.98935884910977,121.26338524605849,21.460691914259108,10,True,True,43.50668903128163,DOWN,False,oversold,in_sample
2021-07-11 04:15:00,33341.3,14.460273664056942,90.41039191633051,9.168808654731432,36.72322314966574,7,True,True,39.308005386712736,DOWN,False,oversold,in_sample
2021-07-12 10:30:00,33784.2,14.055535770172767,8.808851474950433,113.72179894743613,-85.66726457929988,1,True,False,42.233351685106804,DOWN,False,oversold,in_sample
2021-07-12 18:45:00,33010.24,16.87659275315653,105.40062719931764,106.60328431420002,-40.196617776785345,1,True,True,41.447744699826394,DOWN,False,oversold,in_sample
2021-07-13 12:45:00,32352.61,19.82060354406717,107.37619005081798,20.678393489737445,99.3119256838936,10,True,True,45.694149560112734,DOWN,False,oversold,in_sample
2021-07-15 10:45:00,31866.76,19.122239674766632,89.81459050120023,129.21301067319,-34.03860323421569,5,True,True,50.916691875797774,DOWN,False,oversold,in_sample
2021-07-15 12:30:00,31659.01,17.18847389365692,94.36808036637976,64.43979138955969,41.46686835753945,6,True,True,57.338811289424434,DOWN,False,oversold,in_sample
2021-07-16 11:15:00,31214.63,19.841628959275894,241.67193396173494,62.35217268313,176.57425380342428,7,True,True,47.09794734071807,DOWN,False,oversold,in_sample
2021-07-16 23:30:00,31394.82,18.951467268623006,78.93658890224557,73.42294047234492,-24.124998964796728,6,True,True,39.58758164563451,DOWN,False,oversold,in_sample
2021-07-17 23:00:00,31586.57,17.102082013003823,268.6046633110212,39.12105682889903,219.419202528163,10,True,True,28.36680272660185,DOWN,False,oversold,in_sample
2021-07-19 10:00:00,31366.85,16.904215771573263,31.82021784144768,223.43652614145142,-172.8959076222189,4,True,True,35.328698928964805,DOWN,False,oversold,in_sample
2021-07-19 14:30:00,30730.54,19.276357371059476,81.17657548484313,41.66539214735598,-3.7877629224866918,2,True,True,59.521570398697875,DOWN,False,oversold,in_sample
2021-07-20 02:45:00,30182.93,17.51871420243714,23.63256317395233,225.9323399020573,-154.20968076989237,1,True,True,48.44410400183153,DOWN,False,oversold,in_sample
2021-07-20 04:45:00,29659.12,16.576759447209568,62.1225444315273,16.22435190255105,26.457292057215845,9,True,True,68.57654576400115,DOWN,False,oversold,in_sample
2021-07-26 22:30:00,37050.39,13.740068401852838,187.47710887793642,19.109110592358924,31.303314216126523,3,True,True,159.0253166026054,DOWN,False,oversold,in_sample
2021-07-30 08:30:00,38981.39,18.534223706177414,12.485444977718407,171.40486780999763,-36.827829895239155,1,True,True,44.32948645494668,DOWN,False,oversold,in_sample
2021-08-01 07:15:00,41754.59,18.494685382022865,46.320656004526334,31.09358755528302,36.91091206978745,9,True,True,51.88471494990131,DOWN,False,oversold,in_sample
2021-08-01 16:15:00,40874.83,19.710517392157755,132.83969621402605,37.14266212238674,50.37329818864114,2,True,True,42.87296118418087,DOWN,False,oversold,in_sample
2021-08-01 23:15:00,39741.85,18.928941929897803,103.46272254562894,123.76122399938568,-32.77653154042956,2,True,True,84.19084667674014,DOWN,False,oversold,in_sample
2021-08-02 00:15:00,39951.87,19.72214756392549,0.0,175.67888561912184,-41.99803413457264,1,False,False,84.50455510593125,DOWN,False,oversold,in_sample
2021-08-05 07:30:00,38827.97,16.909183135574025,33.65357498730896,238.99523977174215,-151.62265758421086,3,True,True,36.6425285689669,DOWN,False,oversold,in_sample
2021-08-05 08:30:00,38768.0,19.49638539031467,6.172616591002964,244.2736277342138,-139.0502476269087,1,True,False,36.24638877424664,DOWN,False,oversold,in_sample
2021-08-05 09:15:00,38228.62,16.32289769809026,16.116197759689097,106.62691983126845,-57.61128704096701,1,True,True,46.64476510007417,DOWN,False,oversold,in_sample
2021-08-06 00:45:00,40061.99,15.832096984401574,171.55663011248342,40.33748697955308,73.78814681946669,4,True,True,68.60705122236796,UP,False,oversold,in_sample
2021-08-11 23:30:00,45662.27,18.666177108714933,111.12456739448248,59.09255058935845,75.30506039231089,8,True,True,49.31982137550324,DOWN,False,oversold,in_sample
2021-08-12 05:45:00,45150.57,16.018970608812054,52.58626856759511,66.57058814539876,38.66396371075708,5,True,True,50.56303829608338,DOWN,False,oversold,in_sample
2021-08-12 14:15:00,44178.08,19.183559212819674,57.028281899076426,92.37160148200233,-40.44313378942639,1,True,True,59.5812448164338,DOWN,False,oversold,in_sample
2021-08-14 13:00:00,46280.82,16.327999750961126,144.59121510811613,0.0,125.28948277061612,7,True,True,73.00000302501107,DOWN,False,oversold,in_sample
2021-08-15 07:45:00,45742.92,18.894981545681475,92.76626852855127,40.961530221506486,55.39655098537686,8,True,True,52.167198770869796,DOWN,False,oversold,in_sample
2021-08-16 14:00:00,46392.77,19.36216347599148,40.98052347380909,95.0665373074282,-7.436503575880466,8,True,True,51.05472253542939,DOWN,False,oversold,in_sample
2021-08-17 15:00:00,45894.79,19.66961880333615,47.89214636345338,78.97628467196367,-7.105381678399788,4,True,True,60.53889777031341,DOWN,False,oversold,in_sample
2021-08-17 15:30:00,45697.67,16.647509786274384,114.82642331655053,36.18127576307425,97.12530201211655,10,True,True,61.6331204632535,DOWN,False,oversold,in_sample
2021-08-18 19:30:00,44890.0,19.877788525017834,24.715972376920718,108.93294720427711,-16.248607707730525,1,True,True,52.85364223657835,DOWN,False,oversold,in_sample
2021-08-22 14:45:00,48251.21,16.55768607699335,121.16172837945466,41.70050865045646,71.9049325395165,7,True,True,43.167725742007235,DOWN,False,oversold,in_sample
2021-08-23 15:15:00,49729.06,19.372349136542894,14.174810462937614,84.4556482668279,-63.42166934182939,7,True,True,36.02450961268917,DOWN,False,oversold,in_sample
2021-08-23 16:30:00,49482.95,19.958227932365716,63.98163407800178,75.44214724465652,-72.16222961646274,2,True,True,38.8008394810737,DOWN,False,oversold,in_sample
2021-08-24 16:15:00,48109.32,18.362515056114916,52.01071226947318,64.29523427061528,15.121810077548385,3,True,True,52.41499983786928,DOWN,False,oversold,in_sample
2021-08-25 09:15:00,47317.97,19.32810418824897,68.69060528167181,40.51103629340023,53.26517599973136,10,True,True,49.36369840041729,DOWN,False,oversold,in_sample
2021-08-26 03:45:00,47911.79,18.45508773077698,30.00514069710233,224.23708235488604,-171.77191668272005,5,True,True,46.566617527752484,DOWN,False,oversold,in_sample
2021-08-26 06:15:00,47088.8,19.216473671706936,29.971033451690715,112.29634222999967,-38.242639438677934,1,True,True,59.18296919862039,DOWN,False,oversold,in_sample
2021-08-29 04:15:00,48177.5,11.89525126583301,87.69653884074515,20.237662809402728,49.37782159721849,9,True,True,53.10912770484134,DOWN,False,oversold,in_sample
2021-08-30 01:45:00,48487.27,18.281570126785965,30.647219362939147,141.12363925624126,-114.7311448963812,2,True,True,43.092444676716134,DOWN,False,oversold,in_sample
2021-08-30 23:15:00,47376.43,16.43454038997224,122.33298287777271,142.77774834448275,-105.24009512747242,1,True,True,47.02264396029839,DOWN,False,oversold,in_sample
2021-09-03 01:15:00,48462.28,12.823189558512567,214.12942189265573,30.010969355961446,209.3483839390146,10,True,True,39.587179967595354,DOWN,False,oversold,in_sample
2021-09-04 17:15:00,49571.32,19.918285960042653,91.52066154381208,11.042675482516495,81.39787280225742,3,True,True,36.13420017865186,DOWN,False,oversold,in_sample
2021-09-07 08:30:00,51244.52,17.799520807839613,42.712859833598735,164.41172636605765,-26.078886093576333,2,True,True,43.99280157175823,DOWN,False,oversold,in_sample
2021-09-07 14:45:00,47374.1,8.786738950023121,325.3929889960979,956.4403334311355,-110.62795915911786,1,True,True,85.60975300850046,DOWN,False,oversold,in_sample
2021-09-08 07:45:00,45080.3,16.145793443164692,287.2917882090393,148.24213680920624,216.92845877245674,6,True,True,89.52735452071087,DOWN,False,oversold,in_sample
2021-09-09 20:15:00,46222.97,18.534956164295934,74.58629335155271,11.987546451472825,62.56196864892072,7,True,True,45.939821694711654,DOWN,False,oversold,in_sample
2021-09-10 09:00:00,45828.18,17.997651897786426,120.84267802038023,20.79506539426242,68.24621881122097,6,True,True,51.40014288151972,DOWN,False,oversold,in_sample
2021-09-11 20:00:00,45204.97,12.365634850076887,54.20421692570503,44.01507179409723,9.835201748834061,5,True,True,33.88521217910329,DOWN,False,oversold,in_sample
2021-09-13 02:30:00,45067.01,14.953587234716139,14.942193857546021,147.81544193857178,-139.42571295499712,3,True,True,62.571490764530246,DOWN,False,oversold,in_sample
2021-09-13 03:30:00,44898.99,9.970632961268592,34.91615290232677,130.06751376812664,-30.956152911234298,1,True,True,64.89800772801348,DOWN,False,oversold,in_sample
2021-09-19 11:45:00,47327.73,16.13894423506234,52.19350262520446,54.665626261813344,25.6403592566131,10,True,True,32.116372367743104,DOWN,False,oversold,in_sample
2021-09-20 02:45:00,45938.37,19.1730199582383,30.116436434291977,182.49885662029422,-28.65796065467744,1,True,True,60.8445619642142,DOWN,False,oversold,in_sample
2021-09-20 04:45:00,45650.45,19.75368308779416,40.83201808525469,65.4451379997338,-56.26450560728286,2,True,True,67.40974075830555,DOWN,False,oversold,in_sample
2021-09-20 05:30:00,45652.68,19.95004403295087,32.221547563034314,264.75554118619107,-162.63010189106032,6,True,True,60.93694827992553,DOWN,False,oversold,in_sample
2021-09-20 10:30:00,44545.1,19.102042236370593,51.610614859996154,459.10773575544755,-271.1184844124263,1,True,True,67.55748668203694,DOWN,False,oversold,in_sample
2021-09-20 11:30:00,43494.99,14.331511986612043,147.1456827556466,228.75968013787292,110.2517784232163,9,True,True,92.38339863970532,DOWN,False,oversold,in_sample
2021-09-20 12:00:00,43476.69,14.12544575466542,151.4167706879244,224.64681648948027,78.97795347345792,7,True,True,100.80355703251549,DOWN,False,oversold,in_sample
2021-09-24 11:00:00,41179.21,14.7331185905377,199.32145371414384,122.44285405183808,130.5998828049404,10,True,True,115.56559730019099,DOWN,False,oversold,in_sample
2021-09-24 11:30:00,41501.72,18.264698837359262,190.77040662411002,158.5235503492389,165.14255312791744,10,True,True,130.72602774053692,DOWN,False,oversold,in_sample
2021-09-26 02:00:00,42006.98,18.476429194434544,93.07262745381692,36.17970156388371,1.1736144802602544,6,True,True,45.42899775227837,DOWN,False,oversold,in_sample
2021-09-28 07:45:00,41775.25,16.567173579861418,87.31246371954686,62.50830336143946,-27.650343205606678,7,True,True,49.90490781024652,DOWN,False,oversold,in_sample
2021-09-28 23:45:00,41026.54,17.589234586753363,212.40884559117154,66.4594187079884,203.853408062195,10,True,True,50.31706305235585,DOWN,False,oversold,in_sample
2021-09-29 17:30:00,41459.79,18.230369646786187,11.989930484452316,106.78298177583657,-99.11289951058562,7,True,False,46.54714845395992,DOWN,False,oversold,in_sample
2021-09-29 18:15:00,41344.18,18.582488293929714,39.986281019480785,107.43471027844797,-52.075044177923694,4,True,True,49.97559511399187,DOWN,False,oversold,in_sample
2021-09-30 08:30:00,42905.8,19.541876033193148,93.70527993884174,48.662418600748815,30.042558348753357,2,True,True,42.840361909112396,UP,False,oversold,in_sample
2021-10-03 21:30:00,47724.54,19.196069368120334,124.7701916037324,25.6995667218587,85.39003204640565,7,True,True,57.85975097926562,DOWN,False,oversold,in_sample
2021-10-06 09:30:00,50479.14,18.868069013860136,235.2496496572652,9.560384745065395,226.90957096337186,10,True,True,55.50203509806236,DOWN,False,oversold,in_sample
2021-10-08 13:45:00,54178.99,14.400192841352691,114.62007689696688,28.45198849221838,19.11626628698684,6,True,True,63.020370073343955,DOWN,False,oversold,in_sample
2021-10-10 23:45:00,54659.0,15.157754812140823,179.05011068625447,44.6294297370977,130.52562249583826,6,True,True,65.93744854461305,DOWN,False,oversold,in_sample
2021-10-12 16:30:00,55915.55,19.342912152363553,26.711710785282552,73.81846373683207,-45.57050766736712,5,True,True,62.855860310772336,DOWN,False,oversold,in_sample
2021-10-13 05:30:00,55317.2,17.543883512313144,41.98694077068291,155.50317080401703,-95.26874100641392,1,True,True,33.95083265241202,DOWN,False,oversold,in_sample
2021-10-17 20:15:00,59538.09,13.955196105058747,300.691540491138,39.95425449489518,291.843423260639,8,True,True,47.7984765718886,DOWN,False,oversold,in_sample
2021-10-21 01:45:00,64992.18,19.119801573021036,59.88874353806923,142.99566501692982,-37.39680681583583,4,True,True,41.4736049783216,DOWN,False,oversold,in_sample
2021-10-22 14:30:00,61471.01,18.93792238274466,40.00259634582243,239.30142029551848,-62.8588988532971,2,True,True,59.18895752648279,DOWN,False,oversold,in_sample
2021-10-22 15:15:00,60763.99,13.274241746996964,103.03470855024526,125.73071649837313,-30.93279424211595,5,True,True,64.97647702199944,DOWN,False,oversold,in_sample
2021-10-26 14:15:00,62003.63,7.486640264254817,124.173375010464,32.84162556289001,11.088060489361672,6,True,True,36.22207280444718,DOWN,False,oversold,in_sample
2021-10-26 21:45:00,60810.59,16.415564470005776,13.510804614788887,163.30050407338484,-12.578401229127683,1,True,True,49.539315438314155,DOWN,False,oversold,in_sample
2021-10-26 22:30:00,60344.01,18.91420014444651,80.91441056038482,87.24312487685175,66.21038277038613,10,True,True,61.9849426645659,DOWN,False,oversold,in_sample
2021-10-26 23:45:00,60328.81,18.018981156578107,84.73397701695133,31.56203478901643,39.53998098089468,6,True,True,68.06847342090776,DOWN,False,oversold,in_sample
2021-10-27 08:00:00,58868.15,11.821459776763149,100.74208209362715,88.91905045427865,5.4103959441563125,2,True,True,65.78956532522261,DOWN,False,oversold,in_sample
2021-10-27 09:00:00,58958.0,19.775753286086044,38.69364632450174,104.02320295803841,-37.42494657213634,8,True,True,78.36434410936607,DOWN,False,oversold,in_sample
2021-10-27 10:15:00,58476.56,18.912328583253156,121.34263711818885,35.32355528437338,94.47717170777508,3,True,True,77.7542317810761,DOWN,False,oversold,in_sample
2021-10-28 18:30:00,59153.46,9.155345099298557,565.5696217938902,17.490101170751316,268.4103347462681,6,True,True,66.14507418500956,DOWN,False,oversold,in_sample
2021-10-28 23:30:00,60476.0,15.980505030739764,268.5362788544216,49.80322772670189,191.38501223625875,7,True,True,95.57700575434862,DOWN,False,oversold,in_sample
2021-10-31 04:00:00,61620.28,19.367663593433747,15.541961185506473,89.98985398962758,-77.94187238357223,1,True,True,36.75916435303437,DOWN,False,oversold,in_sample
2021-11-01 15:30:00,61457.93,18.866990095006997,21.90929632677206,153.37809132198194,-107.48979017028405,1,True,True,43.60340480064971,DOWN,False,oversold,in_sample
2021-11-01 16:45:00,61034.83,15.27850099597471,21.599142653465528,116.68091809217842,5.3821727692202215,10,True,True,40.61861071784747,DOWN,False,oversold,in_sample
2021-11-03 13:30:00,62037.27,13.58480423884059,85.10368041662801,73.7782304089134,68.98917376602891,10,True,True,41.2770420103915,DOWN,False,oversold,in_sample
2021-11-03 15:00:00,61865.46,17.094208461275855,129.96428055331663,16.48254130818734,99.3365280077127,9,True,True,44.89459869853064,DOWN,False,oversold,in_sample
2021-11-04 17:30:00,60961.01,18.949140639771016,68.07794030971513,46.58715464195885,21.001948622570204,3,True,True,54.033553577934526,DOWN,False,oversold,in_sample
2021-11-05 10:30:00,61515.16,18.072041561174046,52.79836710170202,58.78876036411296,6.286255290565489,4,True,True,35.62829065225542,DOWN,False,oversold,in_sample
2021-11-05 11:00:00,61463.0,19.283645830286204,75.71547109643242,50.35224443974476,42.301872671363256,10,True,True,35.23973772838936,DOWN,False,oversold,in_sample
2021-11-05 12:15:00,61317.5,19.068286421433953,99.62408774004201,26.7427732702741,-9.96615974232488,5,True,True,38.643698780935175,DOWN,False,oversold,in_sample
2021-11-05 17:15:00,60790.01,17.625055975554844,105.49101735630555,2.760321967375698,49.46207444282379,6,True,True,39.94151341643162,DOWN,False,oversold,in_sample
2021-11-10 19:30:00,67080.67,19.431450661410523,26.881067228458956,634.7238332592677,-336.6543595942014,1,True,True,49.877856020221465,DOWN,False,oversold,in_sample
2021-11-10 20:30:00,66479.98,18.7856099843612,24.356204679965046,550.1024518960437,-227.445916800817,1,True,True,63.339895709956465,DOWN,False,oversold,in_sample
2021-11-13 19:30:00,64018.01,18.352979194878756,65.73150274430517,15.936140470471367,59.20677634309451,5,True,True,34.36876591446707,DOWN,False,oversold,in_sample
2021-11-15 15:00:00,64673.01,17.020488399467084,17.124608859244375,119.52590423733209,-53.708649094884954,1,True,True,36.91006495599957,DOWN,False,oversold,in_sample
2021-11-15 17:45:00,64036.99,19.198361053576633,44.246302020129896,64.4080866386751,-34.95948201188022,8,True,True,49.87523617209389,DOWN,False,oversold,in_sample
2021-11-16 02:30:00,61832.43,19.442523729559326,21.917301325533675,244.24561674189468,-128.98409459243328,1,True,True,69.48020642242263,DOWN,False,oversold,in_sample
2021-11-16 04:00:00,60500.58,19.37700069263758,181.72057193501254,34.30049761506486,21.02789758379195,2,True,True,98.08393572425247,DOWN,False,oversold,in_sample
2021-11-17 15:15:00,59460.4,12.415520554981413,172.20200335012854,16.50005718091378,130.44311844521653,10,True,True,68.90964406563012,DOWN,False,oversold,in_sample
2021-11-18 05:00:00,59667.67,15.329397098510995,61.63974561098178,28.100644788039865,8.436729639351391,5,True,True,49.48534105655546,DOWN,False,oversold,in_sample
2021-11-18 06:00:00,59703.86,13.655398763033176,55.54079752967372,38.99915348856904,-29.450357146087665,1,True,True,47.469376351880754,DOWN,False,oversold,in_sample
2021-11-18 17:00:00,56778.77,13.95040833870624,272.9012974391661,0.0017612216669648376,226.67275110045605,10,True,True,107.25839957434808,DOWN,False,oversold,in_sample
2021-11-18 22:45:00,56613.3,18.937057863232255,159.6515306473914,24.559599952661454,58.69645472000318,9,True,True,71.64509046460812,DOWN,False,oversold,in_sample
2021-11-19 04:00:00,55926.77,18.172808919169967,102.13892202249535,4.480859523980675,45.0839553222914,7,True,True,74.17646325722012,DOWN,False,oversold,in_sample
2021-11-20 15:30:00,57640.0,16.111443942172016,57.25190839694657,49.79181124219292,54.4309507286603,10,True,True,39.94300832755029,DOWN,False,oversold,in_sample
2021-11-22 00:00:00,58055.28,18.18748166038432,50.38129176192035,129.23544594048963,-52.48273714294417,1,True,True,43.917796968682325,DOWN,False,oversold,in_sample
2021-11-22 00:45:00,58118.54,16.078440716736523,21.757256806519415,139.97942825129482,-90.91419020505289,1,True,True,45.807241544608715,DOWN,False,oversold,in_sample
2021-11-22 02:15:00,57442.78,13.521317787062372,64.47981800323721,84.20727548353321,-68.81978901438957,2,True,True,53.34813182788153,DOWN,False,oversold,in_sample
2021-11-22 17:00:00,57555.77,11.777365491650883,16.491830445497566,287.33348541770823,-232.5639983619355,1,True,True,85.50550188104516,DOWN,False,oversold,in_sample
2021-11-22 18:00:00,57210.58,14.455974383162996,12.68471670799347,246.55929025715204,-209.47174456193267,1,True,True,74.13759832534481,DOWN,False,oversold,in_sample
2021-11-22 19:15:00,56183.38,16.96747345291162,45.49032115903346,102.05509173709332,10.077713373599563,1,True,True,59.99042777419237,DOWN,False,oversold,in_sample
2021-11-22 19:45:00,55993.03,16.622091231451265,90.20587026635347,68.40672848031244,51.01885002472598,9,True,True,66.88252091376377,DOWN,False,oversold,in_sample
2021-11-23 06:30:00,56321.38,16.94093204857188,62.93347215569015,111.92552455213232,0.30006367031530984,10,True,True,46.07752864010075,DOWN,False,oversold,in_sample
2021-11-23 07:15:00,55914.08,18.641476466091063,255.91407387906557,106.78526768212974,126.74803913432844,10,True,True,44.43460394948809,DOWN,False,oversold,in_sample
2021-11-23 07:45:00,56006.74,19.568197186702037,357.6801649230075,123.15303479545462,243.4278445772778,10,True,True,44.25708405809709,DOWN,False,oversold,in_sample
2021-11-24 02:45:00,56258.79,18.71058925853454,94.55766823282214,7.34463005692083,71.71679305580535,10,True,True,44.10644096682498,DOWN,False,oversold,in_sample
2021-11-25 04:15:00,57356.0,18.88848598202162,9.224841341795713,62.068484552618735,-18.585675430643445,1,True,False,46.8861147918265,UP,False,oversold,in_sample
2021-11-25 05:30:00,57088.71,18.761598963089426,143.29978729594725,15.538974343613496,138.22522877115293,10,True,True,40.33039107031852,DOWN,False,oversold,in_sample
2021-11-26 04:00:00,57939.3,18.50942990500539,12.787520732904351,79.51079837001832,-58.44219726506889,1,True,True,42.726698458559284,DOWN,False,oversold,in_sample
2021-11-26 04:30:00,57713.86,19.353260150773878,35.84754164770809,49.229075996650124,-24.69424155653496,6,True,True,42.56291296406099,DOWN,False,oversold,in_sample
2021-11-26 08:15:00,55891.82,10.672406054918582,55.13865893077024,283.9807327798596,-268.02312037790125,1,True,True,60.217219621762084,DOWN,False,oversold,in_sample
2021-11-30 01:15:00,57139.89,14.155860131167543,65.19438521845318,64.7323612278563,-8.220176832682242,4,True,True,43.47304483785311,DOWN,False,oversold,in_sample
2021-11-30 03:30:00,56852.92,18.660873575494392,75.49128523213976,141.22757459071553,-129.73652012948438,6,True,True,44.52145993556713,DOWN,False,oversold,in_sample
2021-12-03 16:30:00,55304.66,18.062509269763154,6.424413421942895,154.33599989585016,-97.1274391705877,1,True,False,59.10496511505538,DOWN,False,oversold,in_sample
2021-12-04 04:45:00,50256.61,19.254726184872055,55.96079799254227,1642.8306644638383,-539.158928546911,1,True,True,101.17843205102761,DOWN,False,oversold,in_sample
2021-12-05 15:30:00,47869.98,17.653261288423593,309.4444576747259,29.824537215182474,286.90841316415845,10,True,True,64.05152038918779,DOWN,False,oversold,in_sample
2021-12-06 07:15:00,47820.77,16.650516795865798,332.28657756870166,150.72321085586802,-82.098217991889,3,True,True,52.496227057824306,DOWN,False,oversold,in_sample
2021-12-07 19:00:00,50956.5,18.70951465313854,48.72194911345889,158.27225182263302,-58.35958121142492,1,True,True,53.40898609598396,DOWN,False,oversold,in_sample
2021-12-08 10:45:00,49223.47,17.906571387425487,58.15924801725657,126.6611232406007,-22.93824470318803,2,True,True,41.65187866682288,DOWN,False,oversold,in_sample
2021-12-08 12:00:00,49017.33,19.946804826354025,282.0798276854329,85.13927625188923,225.1734233586362,10,True,True,55.677757234023055,DOWN,False,oversold,in_sample
2021-12-09 03:30:00,49716.03,17.541754597528183,34.42953912450336,59.47779820713703,21.11592578892627,6,True,True,54.10518498761855,DOWN,False,oversold,in_sample
2021-12-09 20:30:00,47375.43,19.828943225941515,230.64276144828665,10.3682436233302,165.60694013753536,6,True,True,69.84453755881471,DOWN,False,oversold,in_sample
2021-12-10 17:00:00,47704.4,13.986108062563403,130.31292710944933,86.49516606434682,84.93136901417819,5,True,True,89.44520840844878,DOWN,False,oversold,in_sample
2021-12-13 01:45:00,48597.51,18.664772982642006,98.61204823045377,34.44209384390366,70.6311907750006,7,True,True,54.73644637348704,DOWN,False,oversold,in_sample
2021-12-13 02:15:00,48742.9,15.363462566481246,73.26195199711108,64.16729410847613,57.89150830172195,10,True,True,58.51108571709931,DOWN,False,oversold,in_sample
2021-12-13 15:15:00,47523.81,18.761949271360024,85.93166246561559,183.2365713102543,-2.24308614986808,7,True,True,52.541873221023586,DOWN,False,oversold,in_sample
2021-12-15 15:45:00,46632.31,16.393490252395935,160.94205927178004,18.294182724380946,140.82081715445798,10,True,True,59.97536900916977,DOWN,False,oversold,in_sample
2021-12-16 05:45:00,48513.9,17.019919609617205,115.10103289984963,2.026223412259527,38.56214404531521,5,True,True,30.521355735160572,DOWN,False,oversold,in_sample
2021-12-17 07:30:00,46908.58,18.076407417731886,80.94254825023377,33.90211342999486,42.46344698560371,9,True,True,35.11745612423154,DOWN,False,oversold,in_sample
2021-12-17 08:15:00,46934.72,16.188567083707667,75.3280300809285,35.11899080254484,4.312372588991255,6,True,True,38.04784602954911,DOWN,False,oversold,in_sample
2021-12-17 14:30:00,45885.79,19.237882032314687,338.73449710683803,93.6651630058022,233.68454591279757,8,True,True,60.11098425024403,DOWN,False,oversold,in_sample
2021-12-18 19:00:00,46439.86,18.875277242293876,116.30956682470605,18.540107571383405,99.0829860382868,10,True,True,37.01098582123201,DOWN,False,oversold,in_sample
2021-12-24 05:15:00,50866.0,14.678537546523344,41.47760783234444,25.53572130696328,25.311603035426412,9,True,True,35.75079620964888,UP,False,oversold,in_sample
2021-12-28 01:30:00,49790.96,15.135837669828561,35.16702630356967,58.43631052705132,-35.68519265344558,2,True,True,54.38808570873106,DOWN,False,oversold,in_sample
2021-12-28 04:15:00,48938.37,18.203929411128712,82.88179602222154,32.36111051512395,57.23934001071048,9,True,True,65.26157287216536,DOWN,False,oversold,in_sample
2021-12-28 19:00:00,47426.87,19.960392803785,150.95029463255665,14.36527436872909,50.36385492021729,6,True,True,67.70233835798146,DOWN,False,oversold,in_sample
2021-12-29 13:15:00,46666.26,17.16566866267442,292.24326097698867,6.231482874351136,277.0952718302256,7,True,True,55.2529814902672,DOWN,False,oversold,in_sample
2021-12-30 22:15:00,47202.0,19.017204564053742,63.13291809669082,100.20761832125757,-27.121732129993813,7,True,True,41.16435744248119,DOWN,False,oversold,in_sample
2021-12-31 17:15:00,46948.62,19.993317132441902,21.593818945050437,270.4360639354263,-259.93096282702317,1,True,True,39.52405842812865,DOWN,False,oversold,in_sample
2021-12-31 17:45:00,47016.57,19.16456433747132,5.0939487929462075,284.70175514717465,-206.83984391034863,2,True,False,39.49054556723321,DOWN,False,oversold,in_sample
2022-01-04 18:30:00,45990.21,15.520904729266576,101.0323718895829,106.59007645322757,46.777346744012995,2,True,True,53.24578861457648,DOWN,False,oversold,in_sample
2022-01-05 19:45:00,44685.93,16.62961196676487,36.26644896950733,377.2843040303738,-377.28206618951384,1,True,True,79.1992020754632,DOWN,False,oversold,in_sample
2022-01-05 21:45:00,43606.37,17.85811082613209,47.88979224824136,253.71751879369978,-18.400981324518696,1,True,True,104.3839466573347,DOWN,False,oversold,in_sample
2022-01-05 22:45:00,43437.05,18.63200767260176,87.24119156342272,51.810608685443164,37.811039193499084,10,True,True,124.47795142625932,DOWN,False,oversold,in_sample
2022-01-07 03:30:00,41845.95,18.916360235754397,38.01084692784008,202.1581538954181,-44.86694650258866,1,True,True,49.917972946008135,DOWN,False,oversold,in_sample
2022-01-08 17:45:00,40842.12,18.03946764570898,115.5645201571314,83.52161934786994,39.544959958002856,2,True,True,56.02316921844408,DOWN,False,oversold,in_sample
2022-01-09 23:15:00,41818.66,16.395252553132607,52.22309849239536,52.04853527109751,-0.7986865193680962,4,True,True,51.5421823654798,DOWN,False,oversold,in_sample
2022-01-10 12:45:00,40930.0,13.59343103500764,84.51502565355443,312.7290495968727,-23.90178353286141,8,True,True,44.0051307109697,DOWN,False,oversold,in_sample
2022-01-13 03:00:00,43437.7,17.30040288936027,75.02008623845246,3.4486172149989356,48.317475372776336,10,True,True,28.414027446204685,DOWN,False,oversold,in_sample
2022-01-13 17:45:00,42822.12,14.868920016031879,32.8895440020243,119.30749808743738,-53.13375423729748,2,True,True,67.12500455372124,DOWN,False,oversold,in_sample
2022-01-13 20:00:00,42424.98,19.937780452051996,109.18095895389864,2.901592410887394,45.07014499476466,8,True,True,66.33851094331669,DOWN,False,oversold,in_sample
2022-01-16 19:45:00,42824.79,10.338084417820738,87.61047047749734,17.405806309850174,86.44525752490486,10,True,True,30.5783169047647,DOWN,False,oversold,in_sample
2022-01-19 04:30:00,41702.28,19.87147800296573,35.40813595803479,77.28114625866951,-64.50966230143695,7,True,True,39.19737721774469,DOWN,False,oversold,in_sample
2022-01-19 05:15:00,41770.19,18.543289938537626,19.09256338072678,145.79536267371662,-115.654250076431,4,True,True,36.669811652760316,DOWN,False,oversold,in_sample
2022-01-20 21:30:00,41760.61,18.67875339505568,1.8749726117510608,324.8539712422784,-271.0472859472128,1,True,False,51.98032308436124,DOWN,False,oversold,in_sample
2022-01-20 22:30:00,41195.18,14.243699878443834,23.69694707002193,192.05644932246932,-105.3666958124707,1,True,True,66.90370086985924,DOWN,False,oversold,in_sample
2022-01-21 01:45:00,39762.99,17.67836468199002,130.02291829663767,388.04677414852307,-244.9513982726148,2,True,True,95.38015124114182,DOWN,False,oversold,in_sample
2022-01-21 03:45:00,38465.65,16.257196006560307,157.11420449153948,7.4092079556695385,78.394619615162,3,True,True,116.03612573815874,DOWN,False,oversold,in_sample
2022-01-21 12:30:00,37986.99,15.518578284469271,249.37485175845808,30.847403282018476,87.70371119164838,8,True,True,64.77783578009219,DOWN,False,oversold,in_sample
2022-01-24 02:30:00,35410.81,13.449369512923695,20.101206383022667,118.34239318445348,-94.80438318129383,1,True,True,69.09627314370964,DOWN,False,oversold,in_sample
2022-01-24 03:15:00,35208.65,16.212866443136605,75.2087910215233,77.3332689552138,-6.984079196448538,3,True,True,69.6756336866083,DOWN,False,oversold,in_sample
2022-01-24 10:00:00,33856.85,16.404045528042857,116.08581424438448,244.35527817856584,-136.51594876664458,5,True,True,83.82277146279078,DOWN,False,oversold,in_sample
2022-01-25 00:15:00,36272.41,19.902813949056522,31.67145497087108,87.38873430246382,12.367526723477516,2,True,True,99.10493953944592,UP,False,oversold,in_sample
2022-01-26 22:15:00,36332.93,18.286535674774456,205.61787887737094,27.05534621072479,184.81856541710235,10,True,True,122.51970870502323,DOWN,False,oversold,in_sample
2022-01-26 22:45:00,36509.4,13.273752116419061,156.28851747769028,19.27722723463126,40.78949530805717,8,True,True,123.99929881071732,DOWN,False,oversold,in_sample
2022-01-31 02:30:00,36986.34,14.000096208194279,19.596423977069158,47.27691358485142,-32.230818188552625,3,True,True,55.17942570148847,DOWN,False,oversold,in_sample
2022-02-02 15:00:00,37589.75,19.731027074069758,31.05633849653109,139.15761610545334,-68.03716438656815,1,True,True,46.079449850025554,DOWN,False,oversold,in_sample
2022-02-02 15:30:00,37566.97,10.866565026698495,5.414330727230998,133.17816156054047,-35.29164050228212,1,True,False,49.3889978350662,DOWN,False,oversold,in_sample
2022-02-02 17:30:00,37334.0,18.83347550216756,91.1608721272825,2.2097819681791395,71.37461831038762,8,True,True,59.28644131354791,DOWN,False,oversold,in_sample
2022-02-07 09:30:00,42279.99,14.507466684524147,120.76871352145557,6.908705512938657,78.05583681547797,10,True,True,32.36944947243387,DOWN,False,oversold,in_sample
2022-02-10 20:30:00,43864.4,18.36152628802533,76.50623284485745,57.4041819790087,-23.346951058262167,3,True,True,88.38135253189387,DOWN,False,oversold,in_sample
2022-02-11 00:30:00,42711.64,19.281692784085408,243.0765945770289,26.13807383654653,99.8650484973185,2,True,True,81.52906327174516,DOWN,False,oversold,in_sample
2022-02-11 18:30:00,42709.7,17.21539674160634,110.32622565834093,154.46139869865561,-25.68034896054065,4,True,True,59.28313708595481,DOWN,False,oversold,in_sample
2022-02-12 21:30:00,41957.57,1.6508533325493744,69.90395296963169,52.06211894540183,38.72006886957446,7,True,True,44.484702045423276,DOWN,False,oversold,in_sample
2022-02-14 19:45:00,42119.31,18.874268274377584,149.73892022447717,44.008318274919645,145.53182376444468,10,True,True,49.250094552830845,DOWN,False,oversold,in_sample
2022-02-16 14:30:00,43569.0,17.134475190524597,39.38580183157716,60.13449929996098,6.773164405885386,9,True,True,36.40616034336341,DOWN,False,oversold,in_sample
2022-02-17 13:30:00,42448.13,19.414333032219304,11.75552374156446,190.14500756570368,-95.4694588430633,1,True,False,49.363540867407046,DOWN,False,oversold,in_sample
2022-02-19 10:15:00,39823.82,12.6219837674344,52.45102051987915,43.998792682369796,-17.283625729526136,3,True,True,26.877255873494796,DOWN,False,oversold,in_sample
2022-02-20 05:45:00,39349.91,16.761019005256514,23.725594289794643,269.2178965593574,-246.7426227912593,1,True,True,33.611258577211444,DOWN,False,oversold,in_sample
2022-02-21 10:45:00,38294.51,13.647970956526834,37.29255185664934,282.25455815990455,-232.9655086329619,1,True,True,41.1955917440906,DOWN,False,oversold,in_sample
2022-02-23 18:00:00,37846.01,17.864003780741513,29.358444919292833,122.62587258207768,-62.29718799947579,3,True,True,53.13836253808527,DOWN,False,oversold,in_sample
2022-02-23 20:00:00,37553.29,18.391939107318663,64.72668573113026,126.03156740727665,-11.405125889103656,5,True,True,54.779754317131726,DOWN,False,oversold,in_sample
2022-02-23 20:30:00,37610.24,18.982244605793383,49.486522819318,140.98288125786965,-116.72087176258327,3,True,True,56.33213188748599,DOWN,False,oversold,in_sample
2022-02-24 03:00:00,35536.61,18.911971192189966,37.507798295898475,338.695784431886,-314.1914774650702,1,True,True,90.84504684042741,DOWN,False,oversold,in_sample
2022-02-24 05:00:00,34895.99,16.932173589345652,60.30778894652491,164.40570965317195,19.55525548924253,4,True,True,112.51851573776857,DOWN,False,oversold,in_sample
2022-02-26 05:15:00,39258.44,17.406352683461463,1.9129644478982764,88.72741759479025,-14.88597101667879,1,True,False,49.99256210893771,UP,False,oversold,in_sample
2022-02-27 00:45:00,38788.64,19.454574629478458,17.29630118509022,154.5426702250961,-36.920603558154944,1,True,True,47.912352688828435,DOWN,False,oversold,in_sample
2022-02-27 19:15:00,38605.24,19.035380369866672,9.366604119027233,415.80883838566945,-307.59554920523635,1,True,False,55.9799654140215,DOWN,False,oversold,in_sample
2022-02-27 21:00:00,37412.01,19.24798428577516,145.9050182013745,110.12773705556103,90.5350982211325,6,True,True,77.43716523116503,DOWN,False,oversold,in_sample
2022-02-27 21:45:00,37417.76,17.862228133312414,144.3458935008404,23.392634941268216,43.92833777329143,3,True,True,84.61770560290083,DOWN,False,oversold,in_sample
2022-03-03 06:00:00,42971.38,18.625268622572918,168.82166688619364,6.462440815258155,107.72984251378483,4,True,True,42.31711897546708,DOWN,False,oversold,in_sample
2022-03-03 17:15:00,42127.93,14.023798007158646,104.3915521128142,17.159637323742437,23.454748429366855,1,True,True,68.31774074823993,DOWN,False,oversold,in_sample
2022-03-04 01:45:00,41510.57,16.63545130097917,9.065160993934168,98.90733854052105,-73.90888633907048,3,True,False,63.75845959234001,DOWN,False,oversold,in_sample
2022-03-04 20:00:00,39609.86,19.363677000341823,8.480211745256486,267.57479072130036,-189.51089450959975,1,True,False,62.089212130514916,DOWN,False,oversold,in_sample
2022-03-06 04:00:00,38917.97,18.17842594608021,189.86601819159586,15.956639053886557,146.75739767516174,4,True,True,30.995707124497756,DOWN,False,oversold,in_sample
2022-03-06 09:15:00,38844.1,13.093240789684884,20.10086473878961,194.50315491927958,-126.56233507791282,1,True,True,45.76666726735829,DOWN,False,oversold,in_sample
2022-03-07 03:00:00,37606.83,18.43504704889581,170.35469354901792,7.658183367224227,131.71011755045552,9,True,True,69.79224252615778,DOWN,False,oversold,in_sample
2022-03-07 19:30:00,37347.81,6.274077911223415,246.26611305990903,51.625516998184814,211.7446779342617,7,True,True,84.79372686109318,DOWN,False,oversold,in_sample
2022-03-08 21:30:00,38442.11,18.24471399325141,100.87635668281499,2.710569216933788,68.71110872946345,10,True,True,62.83708152336062,DOWN,False,oversold,in_sample
2022-03-10 01:45:00,40930.71,19.368413750845605,33.08518225068616,174.77585900659983,-174.77585900659983,1,True,True,51.915908617270546,DOWN,False,oversold,in_sample
2022-03-10 02:15:00,40800.77,16.869262155729373,38.89387381659766,355.5741717619537,-308.85201431247486,2,True,True,54.96930572633794,DOWN,False,oversold,in_sample
2022-03-10 03:45:00,40768.51,17.485962910766816,16.291986143226293,470.95908091809065,-399.3400788991314,1,True,True,57.48517667189698,DOWN,False,oversold,in_sample
2022-03-11 02:45:00,38272.53,19.45304660530698,153.0836869159158,5.492189829101133,79.01489658509732,4,True,True,57.778646982574784,DOWN,False,oversold,in_sample
2022-03-11 16:00:00,38754.28,18.444526316335796,32.64155597781716,45.74462485175801,-13.60623910442819,7,True,True,94.94602918696987,DOWN,False,oversold,in_sample
2022-03-11 16:45:00,38724.67,19.030419168280872,40.31280318205439,58.017279424201234,29.022842544558653,4,True,True,77.24481577247793,DOWN,False,oversold,in_sample
2022-03-13 12:15:00,38480.56,16.93846709072055,119.03932790998877,17.523133758968243,92.62599088994554,5,True,True,31.640521863507423,DOWN,False,oversold,in_sample
2022-03-13 22:30:00,38586.66,19.694433132738723,3.138390314163834,267.36182919174746,-109.97842259475232,1,True,False,29.232900696769388,DOWN,False,oversold,in_sample
2022-03-14 00:30:00,37734.16,16.70213233401769,165.25874698151395,4.279941570185066,71.83411529499999,2,True,True,52.77485970272031,DOWN,False,oversold,in_sample
2022-03-16 05:30:00,39369.03,17.77629257507749,134.8699726663322,42.429290231433406,98.0364514949947,10,True,True,117.86625172121333,DOWN,False,oversold,in_sample
2022-03-22 07:45:00,42215.94,18.559847263102,133.61303810835378,30.841430985548197,112.7678312978457,10,True,True,63.92940675962674,UP,False,oversold,in_sample
2022-03-31 16:15:00,45953.2,17.329486261969322,10.184274435730899,77.88793816317434,0.8856836955858808,1,True,False,58.680788280250255,DOWN,False,oversold,in_sample
2022-04-01 02:15:00,44641.59,14.801508340089,31.00696010155676,98.91896771597887,0.1904054044683043,10,True,True,46.64854007216108,DOWN,False,oversold,in_sample
2022-04-04 01:45:00,45863.28,14.041443195979383,67.84948656092637,23.186305035312895,54.12172875555372,7,True,True,63.86667067859093,DOWN,False,oversold,in_sample
2022-04-04 17:30:00,45327.08,17.642017721009495,135.2988103358956,46.12695104118813,122.00653560741101,9,True,True,40.37156154775466,DOWN,False,oversold,in_sample
2022-04-05 15:45:00,45763.72,9.694935794355573,93.36653576238969,35.775063740447926,42.559914272702656,7,True,True,48.97198042466834,DOWN,False,oversold,in_sample
2022-04-06 00:15:00,44936.51,18.567288558875205,96.08667873851326,39.217553833175565,63.28039271407605,8,True,True,49.41649896709831,DOWN,False,oversold,in_sample
2022-04-08 11:30:00,43381.72,13.160926067135378,8.353748998425596,145.3861211588658,-25.268707649213223,2,True,False,32.762416981161415,DOWN,False,oversold,in_sample
2022-04-08 12:30:00,43272.69,19.233202233284814,159.29215401214847,120.55640636161058,134.00368685191407,10,True,True,33.784010192109434,DOWN,False,oversold,in_sample
2022-04-10 22:45:00,42111.94,16.890633436671664,76.5982284359257,84.75980921325456,51.43196917548717,3,True,True,37.50325917067681,DOWN,False,oversold,in_sample
2022-04-10 23:30:00,42338.07,18.252557233316736,18.101911589262198,137.7176616695092,-37.77215163563154,7,True,True,41.50897761754365,DOWN,False,oversold,in_sample
2022-04-11 11:15:00,41156.52,15.01007776011852,34.854744764621586,114.61610456860636,-3.739383213157823,1,True,True,42.95892850027167,DOWN,False,oversold,in_sample
2022-04-11 12:15:00,41124.2,18.555260665723367,29.765928577334876,106.84706328633607,-77.89330856284,2,True,True,48.57079286648732,DOWN,False,oversold,in_sample
2022-04-12 19:00:00,39509.62,15.979289121904728,60.87884419035132,64.53871234398235,48.47680134610225,8,True,True,51.44949508499412,DOWN,False,oversold,in_sample
2022-04-14 15:30:00,39978.15,16.313599831213637,22.724913483990264,51.420588496466124,-4.847648027736315,2,True,True,50.23556617802466,DOWN,False,oversold,in_sample
2022-04-17 02:45:00,40166.93,18.789479029144275,43.087684321405625,10.441425321776478,34.974044568505285,6,True,True,21.036335114483663,DOWN,False,oversold,in_sample
2022-04-17 23:15:00,39650.58,13.457868020304431,44.90224354851829,26.33252779656779,25.61122687234225,7,True,True,34.30807317320441,DOWN,False,oversold,in_sample
2022-04-18 04:15:00,38901.47,14.846227348447073,43.33512332567426,93.81650616287742,20.28715110251573,9,True,True,39.23116530043717,DOWN,False,oversold,in_sample
2022-04-18 05:30:00,38925.02,18.507227923001437,37.25881194152402,34.24275697224911,17.92677306267437,4,True,True,42.072553848398584,DOWN,False,oversold,in_sample
2022-04-18 06:45:00,38980.39,19.935874599215722,22.721681337718714,48.39869483091273,-32.42656115036342,1,True,True,41.17198416947602,DOWN,False,oversold,in_sample
2022-04-20 16:15:00,41193.53,17.73066765115179,62.856958362150635,90.67686114785472,-55.24653992993602,3,True,True,48.56660742597184,DOWN,False,oversold,in_sample
2022-04-21 16:15:00,41894.53,18.629181135788826,35.77555351498266,119.55021335720882,-103.22111263690088,2,True,True,44.8578847883006,DOWN,False,oversold,in_sample
2022-04-21 16:45:00,41814.92,12.107433965963153,26.937753318671763,115.9681759525065,-73.37094032464863,3,True,True,44.12599617552795,DOWN,False,oversold,in_sample
2022-04-21 17:45:00,41554.0,19.036515850093238,27.966020118399943,114.06844106463879,-96.58275978245092,3,True,True,48.56102902247692,DOWN,False,oversold,in_sample
2022-04-21 20:45:00,40609.25,9.55326291455087,58.33400025856164,211.343474700961,-47.89302929751177,1,True,True,54.627455567389404,DOWN,False,oversold,in_sample
2022-04-21 21:45:00,40726.46,18.795691641696635,21.887490344115207,239.51504746545592,-61.743642830729485,2,True,True,52.84598759627033,DOWN,False,oversold,in_sample
2022-04-21 22:15:00,40290.8,16.36949368615113,91.18458804491333,133.97599451984146,33.861328144390356,9,True,True,56.37602132496742,DOWN,False,oversold,in_sample
2022-04-22 15:45:00,39433.6,19.69821765757301,55.4501744705032,65.07141118234159,-7.962752576483369,10,True,True,57.97733405014988,DOWN,False,oversold,in_sample
2022-04-22 16:45:00,39382.8,19.30007849692514,70.2667154189128,45.52241079862429,61.61319154554632,10,True,True,63.00758199010709,DOWN,False,oversold,in_sample
2022-04-22 17:30:00,39458.76,19.054055057589977,83.08928106205074,64.68525620166605,7.929798098065137,8,True,True,63.964123555833794,DOWN,False,oversold,in_sample
2022-04-25 00:45:00,38855.47,18.22282956227754,113.05744081850015,27.78501971537061,97.08800331073023,10,True,True,39.19229390353494,DOWN,False,oversold,in_sample
2022-04-25 01:15:00,38930.0,19.780021482277192,93.69637811456514,3.144104803492927,83.15181094271747,8,True,True,40.22797328538358,DOWN,False,oversold,in_sample
2022-04-25 06:45:00,38636.35,17.354937595795164,10.179533004541511,112.93768691918324,-72.35155494760785,1,True,False,34.07270614330795,DOWN,False,oversold,in_sample
2022-04-25 08:45:00,38418.06,18.62286258712585,137.91170090316945,54.323409354870364,67.38237172829722,10,True,True,40.97916448670236,DOWN,False,oversold,in_sample
2022-04-26 14:30:00,39438.52,12.809929669806223,22.206715667829766,281.0754561783751,-273.2075138722239,1,True,True,43.43862295035392,DOWN,False,oversold,in_sample
2022-04-29 10:45:00,38805.41,11.556663837012223,98.60223097758724,48.69166438391048,64.45750734240337,10,True,True,36.05218963026042,DOWN,False,oversold,in_sample
2022-04-29 19:00:00,38390.3,19.31175025807157,67.64469149759054,56.08187484859533,44.80037926246941,8,True,True,54.46753476789704,DOWN,False,oversold,in_sample
2022-04-30 14:45:00,38258.27,19.617877283056288,91.97488543000107,26.721020056577554,5.8732399557013855,7,True,True,21.523451008109042,DOWN,False,oversold,in_sample
2022-04-30 23:15:00,37740.72,17.97411853955846,89.12919520348244,93.88798093942134,52.026034479469004,10,True,True,34.432702926706206,DOWN,False,oversold,in_sample
2022-05-01 19:15:00,37780.72,15.888848277322083,174.4381790500554,25.00217041919771,148.72929896518548,7,True,True,42.485691114409754,DOWN,False,oversold,in_sample
2022-05-01 19:45:00,37807.87,19.70937404873719,202.7699523935089,32.16526083061557,120.83198550989422,9,True,True,46.198450216846496,DOWN,False,oversold,in_sample
2022-05-02 12:00:00,38508.63,19.67510039032925,167.97273753961224,69.10658727666898,103.12753271149991,6,True,True,31.73067959052293,DOWN,False,oversold,in_sample
2022-05-02 18:00:00,38124.62,18.556178147039205,128.57570777098763,18.42379019122164,76.84273312101185,8,True,True,67.43844266513341,DOWN,False,oversold,in_sample
2022-05-02 18:30:00,38138.22,19.204828430338225,124.96388137673874,21.983196908509044,57.947119713505245,6,True,True,58.31223900853263,DOWN,False,oversold,in_sample
2022-05-03 18:15:00,37642.0,19.7598647339327,63.224589554220806,32.99505871101352,38.20200839487883,10,True,True,44.596328569151666,DOWN,False,oversold,in_sample
2022-05-03 19:15:00,37646.69,19.646477728454144,103.53367055642788,34.23674166307833,39.549293709486655,8,True,True,41.09471509978723,DOWN,False,oversold,in_sample
2022-05-05 13:45:00,38992.54,16.30506245890787,15.682486957762038,635.5702911377407,-476.89122073094086,1,True,True,23.813914148706452,DOWN,False,oversold,in_sample
2022-05-07 21:00:00,35469.3,14.295306409879586,84.69014048768918,192.92740482614624,27.37860628769121,10,True,True,20.4411984448522,DOWN,False,oversold,in_sample
2022-05-07 22:45:00,35046.06,19.229115501497944,206.47970128453946,21.297686530240327,25.472192879885522,3,True,True,46.59896148097677,DOWN,False,oversold,in_sample
2022-05-08 02:30:00,34533.61,18.22254585803954,42.092326866493416,93.70870870436093,-32.684101082974706,8,True,True,73.38807034654086,DOWN,False,oversold,in_sample
2022-05-09 02:15:00,33564.36,16.311095525584506,81.65208572426158,88.51650977405752,25.18445160283075,8,True,True,48.31181050376044,DOWN,False,oversold,in_sample
2022-05-09 17:00:00,31464.8,11.621145214341368,164.4440771910204,359.3634791894433,-266.63446136635196,1,True,True,109.23555846533249,DOWN,False,oversold,in_sample
2022-05-09 18:30:00,30415.89,15.777311727883486,487.93574674290386,15.136824863583106,258.4537227087554,7,True,True,140.883268580995,DOWN,False,oversold,in_sample
2022-05-10 21:00:00,30983.25,17.889332375172017,89.63552887447287,269.6521507588781,-15.569702984677722,8,True,True,73.88169414118912,DOWN,False,oversold,in_sample
2022-05-11 18:00:00,29939.41,18.906135802039458,109.11704672870933,313.4363703225948,-203.60788672856282,2,True,True,215.2109877916766,DOWN,False,oversold,in_sample
2022-05-12 04:00:00,27987.46,16.655136130051574,102.07428612671544,460.0131630380174,-261.22770698019775,1,True,True,153.92643705430928,DOWN,False,oversold,in_sample
2022-05-12 05:00:00,26975.25,14.880833658924416,565.2403592181722,102.03797925876498,461.91972270877966,9,True,True,191.3869194910149,DOWN,False,oversold,in_sample
2022-05-12 05:30:00,27236.44,19.663089191735722,516.7672427086659,178.59896520984339,365.2606581476875,9,True,True,193.80579840830882,DOWN,False,oversold,in_sample
2022-05-16 03:00:00,30343.65,17.467705586896486,42.73052187195669,69.46758217946783,29.202155970028965,9,True,True,52.385260177994326,DOWN,False,oversold,in_sample
2022-05-16 06:15:00,29481.46,17.28799355358599,141.96718887056505,75.79678889715746,107.33525408850251,9,True,True,65.85053793129651,DOWN,False,oversold,in_sample
2022-05-18 03:30:00,29876.68,17.137219626846218,71.57087065898826,48.261721181871174,66.92175971359559,10,True,True,48.56329418128124,DOWN,False,oversold,in_sample
2022-05-18 15:45:00,28984.99,18.555446625365875,105.23032783519966,81.07299674762751,61.7802524686052,3,True,True,63.32967511805256,DOWN,False,oversold,in_sample
2022-05-20 05:00:00,30051.0,17.847094931582873,82.85913946291305,66.71658181092197,71.26551529067248,10,True,True,47.814881368340195,DOWN,False,oversold,in_sample
2022-05-20 14:45:00,29489.33,19.108477157742982,0.8511553161765286,257.4931339572658,-243.5423253088498,1,True,False,60.3935389512071,DOWN,False,oversold,in_sample
2022-05-23 18:45:00,29879.36,18.288814307388108,1.3654910948554815,280.40091889518374,-154.73557666563144,1,True,False,52.80367450976204,DOWN,False,oversold,in_sample
2022-05-24 14:00:00,28775.24,18.118707185876758,303.9974644868291,12.23621418970016,188.53013910570337,7,True,True,40.044149067045154,DOWN,False,oversold,in_sample
2022-05-25 06:15:00,29705.8,18.140034899663505,79.31447730746204,48.85577900612036,38.79040456745806,10,True,True,41.43618417952057,DOWN,False,oversold,in_sample
2022-05-26 08:30:00,29156.16,19.109526216282063,34.47641939130545,95.74649062153586,-14.261137269104749,8,True,True,43.5611205316476,DOWN,False,oversold,in_sample
2022-05-26 13:15:00,28245.88,17.6225028012353,442.23086694413445,5.795535490486619,406.15480912614424,7,True,True,70.64127582500531,DOWN,False,oversold,in_sample
2022-05-29 02:30:00,28897.84,17.836117740652114,34.38665312009444,7.52997455865158,18.0740152205146,5,True,True,20.843772406519097,DOWN,False,oversold,in_sample
2022-06-01 04:00:00,31474.14,18.11963027810546,61.914320772545004,9.016926276619797,39.683371809365234,8,True,True,35.830049685233696,DOWN,False,oversold,in_sample
2022-06-01 15:45:00,30742.59,18.208024391934302,0.5204506191568585,273.6594411856643,-131.9017037926863,1,True,False,69.0341965332134,DOWN,False,oversold,in_sample
2022-06-03 10:30:00,29809.39,18.97549562861728,48.736321004891025,124.01461418700627,-72.88307476268331,4,True,True,35.72196546121878,DOWN,False,oversold,in_sample
2022-06-03 11:00:00,29756.1,15.01205787781359,66.7325355137265,106.32777816985406,-50.372864723535486,2,True,True,39.98709508302501,DOWN,False,oversold,in_sample
2022-06-03 13:15:00,29578.05,16.36112418274476,66.07940685745028,99.96940298633571,-24.278138687302803,1,True,True,54.140654978945726,DOWN,False,oversold,in_sample
2022-06-07 00:15:00,30753.03,11.439038177232433,10.17460718504839,498.8353993086209,-439.29004719209684,1,True,False,44.96418726870153,DOWN,False,oversold,in_sample
2022-06-08 03:30:00,29883.33,9.663639027248948,268.8120768334718,8.124931190734925,203.89963233682445,10,True,True,101.00530964922578,DOWN,False,oversold,in_sample
2022-06-09 12:30:00,30086.11,18.814334731223568,66.79494291551786,47.201183536190634,4.22786461925492,8,True,True,41.006630634535206,DOWN,False,oversold,in_sample
2022-06-11 08:45:00,28994.03,15.811922412917397,65.55487457245499,86.79372960571463,-69.92129069329084,3,True,True,22.279931420364836,DOWN,False,oversold,in_sample
2022-06-11 11:15:00,28791.3,19.033410817749782,32.47856123203955,153.6992077467848,-3.8865907409525415,1,True,True,37.55926269393877,DOWN,False,oversold,in_sample
2022-06-11 12:45:00,28479.61,15.330022981936423,136.94710004806961,77.62395622692857,11.685553278292376,3,True,True,51.988071465866355,DOWN,False,oversold,in_sample
2022-06-12 02:45:00,27427.48,19.17801007306207,122.92780816903334,72.40548530160268,-52.73907774246771,3,True,True,63.983092868903896,DOWN,False,oversold,in_sample
2022-06-12 04:00:00,27497.3,19.78545041204903,32.18134144079659,111.75642699465011,2.6548061082358165,2,True,True,73.37102188214854,DOWN,False,oversold,in_sample
2022-06-12 20:30:00,27421.3,17.357636280929768,40.395604876501274,180.89222611619394,-97.58107748356136,3,True,True,53.711713157290184,DOWN,False,oversold,in_sample
2022-06-12 23:45:00,26574.53,19.3551091117383,120.9090057284179,408.30073005994734,-297.1680025949656,3,True,True,76.88188652819073,DOWN,False,oversold,in_sample
2022-06-13 01:00:00,26073.75,17.98264502945956,65.3837671988109,450.16539623184235,-225.90536459082426,1,True,True,96.22896591399393,DOWN,False,oversold,in_sample
2022-06-13 02:30:00,25729.17,17.692150681514136,205.26896126070258,322.2684602729114,-3.587367956292241,7,True,True,118.85750686866287,DOWN,False,oversold,in_sample
2022-06-13 08:30:00,24575.0,19.595721402547298,30.994913530009462,320.2441505595117,-288.7690742624624,3,True,True,152.04781281790434,DOWN,False,oversold,in_sample
2022-06-14 01:15:00,21171.2,19.272721361574753,533.1771463119707,153.6048972188637,451.8921931680769,9,True,True,163.43594127871816,DOWN,False,oversold,in_sample
2022-06-14 11:15:00,21978.91,19.979688241228956,278.84458328461193,115.42428628171218,196.74315059300113,9,True,True,121.29900891354494,DOWN,False,oversold,in_sample
2022-06-14 21:45:00,21484.73,19.72484573731269,399.9445187349343,4.123859131578839,231.30846885206336,7,True,True,97.60071455401129,DOWN,False,oversold,in_sample
2022-06-15 05:00:00,21187.86,17.3622988003834,121.69704727140851,206.65607569617723,-39.70669996875617,8,True,True,109.97736439640441,DOWN,False,oversold,in_sample
2022-06-15 10:00:00,20277.89,18.332741702375785,642.1328846344469,14.044853779165171,484.7052627270397,9,True,True,137.1217616823049,DOWN,False,oversold,in_sample
2022-06-16 10:30:00,20954.02,18.127246053003503,265.42878168485106,38.70856284378872,141.75800156724145,8,True,True,84.79470765036976,DOWN,False,oversold,in_sample
2022-06-18 06:45:00,19439.26,9.771593293972813,82.68833278633117,358.42928177307084,-125.29283522109263,1,True,True,69.73979462181148,DOWN,False,oversold,in_sample
2022-06-18 18:45:00,18215.78,19.696354743511506,348.5329752555208,325.97012041208166,257.93021215671257,10,True,True,90.18856178544087,DOWN,False,oversold,in_sample
2022-06-18 19:30:00,18111.51,19.884070476243764,446.2742200953982,270.2756423953599,292.283746634048,8,True,True,100.1410152991109,DOWN,False,oversold,in_sample
2022-06-19 01:45:00,18480.1,18.08418732125847,146.04899324137935,138.05120102163897,-29.734687582857827,5,True,True,173.7647523552359,DOWN,False,oversold,in_sample
2022-06-19 02:15:00,18361.43,19.920565515231274,211.62295093573852,74.31338408827673,78.16929291454906,3,True,True,149.10821215994594,DOWN,False,oversold,in_sample
2022-06-20 19:15:00,20023.3,19.011862598017302,304.93475101506834,38.11559533143873,197.34509296669452,8,True,True,104.86183596110551,DOWN,False,oversold,in_sample
2022-06-21 19:45:00,20888.64,17.916917002832335,79.63658715933741,106.58424866338805,-55.64747154434083,8,True,True,66.00501516613821,DOWN,False,oversold,in_sample
2022-06-27 12:15:00,21233.71,15.729464978722348,24.15498751749029,303.1547478043164,-194.5962340071522,3,True,True,35.13823067188926,DOWN,False,oversold,in_sample
2022-06-27 13:30:00,20860.21,12.41562691756998,7.84747612799805,129.53369117568764,-74.40001802474698,1,True,False,45.04053410775837,DOWN,False,oversold,in_sample
2022-06-27 15:00:00,20722.01,18.634318859729902,61.7266375221322,29.91987746362443,0.8203837369061822,3,True,True,55.65628044769804,DOWN,False,oversold,in_sample
2022-06-28 19:45:00,20255.01,17.971370734528705,102.7844469096793,26.166365753460504,73.16708310684652,10,True,True,51.49762947537429,DOWN,False,oversold,in_sample
2022-06-28 20:45:00,20277.57,14.476885644768785,91.5444996614491,8.61543074441423,31.241416007933175,6,True,True,49.12644858333621,DOWN,False,oversold,in_sample
2022-06-29 06:45:00,19941.82,17.795213580480976,132.9768295972987,20.685173168747887,120.74625084370479,10,True,True,53.223326657245885,DOWN,False,oversold,in_sample
2022-06-30 06:15:00,19800.0,17.69206248007667,0.005050505049696611,336.3535353535351,-285.82828282828217,1,True,False,31.180808080808042,DOWN,False,oversold,in_sample
2022-07-01 03:45:00,19730.76,17.618597361000965,21.768041372963197,210.25545898890798,-150.98252677545003,3,True,True,133.7878013822073,UP,False,oversold,in_sample
2022-07-01 04:45:00,19409.23,12.164278715212674,87.69023809805991,48.080217504764335,51.26426962841906,2,True,True,123.28438583086506,DOWN,False,oversold,in_sample
2022-07-01 11:30:00,19163.78,16.43721318314529,263.74754876125814,17.51742088460612,100.43947488439106,9,True,True,77.72761949886687,DOWN,False,oversold,in_sample
2022-07-05 09:30:00,19740.26,9.60134893967944,41.38243366602179,155.6514453203749,-130.53526144032384,4,True,True,58.77075580564775,DOWN,False,oversold,in_sample
2022-07-08 08:45:00,21436.79,15.91814012029667,138.0710451518159,55.88056793951001,83.0534795554749,6,True,True,51.48438735463649,DOWN,False,oversold,in_sample
2022-07-10 00:45:00,21372.91,17.921924665487026,58.8969868866715,131.5216318227132,-41.1689376879431,2,True,True,34.666313571713154,DOWN,False,oversold,in_sample
2022-07-10 15:15:00,20939.07,18.513375110663773,54.15713305318788,135.6650510266214,-17.679868303606813,6,True,True,41.29505274112002,DOWN,False,oversold,in_sample
2022-07-11 22:00:00,20113.41,10.657460222155422,33.96241611939562,150.32259572096356,-137.44561464217193,1,True,True,47.303515415834845,DOWN,False,oversold,in_sample
2022-07-12 19:15:00,19389.09,13.997335495829418,87.116001834021,57.29510771263641,-20.4186993819721,2,True,True,49.47292523785296,DOWN,False,oversold,in_sample
2022-07-14 08:45:00,19764.62,14.112624661221858,44.417752529520364,43.69423748091316,-31.030194357391192,7,True,True,50.46264486744524,DOWN,False,oversold,in_sample
2022-07-18 19:15:00,21695.36,16.289496303936872,28.088955426413158,141.67084574766244,-16.422866456238115,9,True,True,92.45824913714263,DOWN,False,oversold,in_sample
2022-07-22 04:00:00,22886.62,19.957504932462825,148.91670329651112,35.273884916164796,121.8834410673139,10,True,True,46.04633624362195,DOWN,False,oversold,in_sample
2022-07-22 18:15:00,23013.79,14.055445237012378,54.16752303727454,223.2531017272691,-177.64131853119355,4,True,True,65.91482758815455,DOWN,False,oversold,in_sample
2022-07-24 03:30:00,22339.83,17.818694949587154,200.26114791383702,37.010129441450665,161.90812553184026,8,True,True,39.552897224374476,UP,False,oversold,in_sample
2022-07-25 02:00:00,22197.91,12.3306476809027,5.4464586981387635,207.26726074661988,-175.68771114037384,1,True,False,63.356189839493894,DOWN,False,oversold,in_sample
2022-07-25 23:30:00,21612.41,19.783059533762383,5.098922332123274,297.21812606738473,-234.68923641555995,1,True,False,73.95681462641133,DOWN,False,oversold,in_sample
2022-07-28 09:15:00,22871.46,16.19047619047612,116.66067666865156,10.830091301561177,106.27218376089735,10,True,True,41.220149478870546,DOWN,False,oversold,in_sample
2022-07-30 19:45:00,23920.65,16.851149639436144,66.17295098586251,174.91163492630906,-110.30218660446191,3,True,True,46.35576374387815,DOWN,False,oversold,in_sample
2022-07-30 22:00:00,23594.88,17.033016297788265,79.30534081970282,35.817092521768295,56.45716358803229,10,True,True,58.85111515718676,DOWN,False,oversold,in_sample
2022-07-31 22:30:00,23290.51,8.567343047800563,76.63636390959306,27.135515710045464,37.76645509265481,4,True,True,74.94490245168531,DOWN,False,oversold,in_sample
2022-08-01 17:30:00,22921.08,19.544605574655748,52.292474874655525,31.010755165115143,32.93911107155509,7,True,True,64.50350507044185,DOWN,False,oversold,in_sample
2022-08-01 18:15:00,22906.24,15.695113602603584,98.3880374954593,24.552261741779354,92.8305998714758,10,True,True,62.91691696236493,DOWN,False,oversold,in_sample
2022-08-02 03:00:00,22818.62,19.70320253656925,42.96491198854307,30.071932483208442,31.719709605576945,3,True,True,53.837173325994286,DOWN,False,oversold,in_sample
2022-08-02 03:30:00,22873.67,14.79526264147789,27.905447617282995,54.066531518553106,4.900831392602396,10,True,True,52.96635826257876,DOWN,False,oversold,in_sample
2022-08-02 04:15:00,22808.43,19.61572976091236,56.58872618588816,25.61772116713,29.024356345439262,7,True,True,47.67250529738351,DOWN,False,oversold,in_sample
2022-08-03 22:15:00,23090.74,17.796046764281442,10.220547284322002,160.5578686521097,-36.694363194944465,1,True,False,38.505695356666706,DOWN,False,oversold,in_sample
2022-08-05 17:30:00,22963.46,19.383805542654017,10.35558230336477,91.15786558297317,-28.567123595485416,1,True,False,54.998245037986386,DOWN,False,oversold,in_sample
2022-08-09 10:15:00,23380.15,15.52825120007077,14.62779323485824,84.51613869030018,-57.90809725344065,4,True,True,37.07610943471275,DOWN,False,oversold,in_sample
2022-08-09 14:00:00,22956.11,17.49355157150619,87.89816741599464,6.826069399389484,61.857170051894684,5,True,True,50.91171805676146,DOWN,False,oversold,in_sample
2022-08-10 18:45:00,23598.15,19.076553006045074,212.66497585615758,25.06552420422849,200.43520360706154,10,True,True,47.995711528234224,UP,False,oversold,in_sample
2022-08-15 06:30:00,24377.12,14.20631058876343,2.1495566334339746,208.25265658945762,-137.55111350315283,1,True,False,67.8277417512816,DOWN,False,oversold,in_sample
2022-08-16 14:30:00,23744.95,18.89940004889904,77.81022912240219,31.05081290969219,48.41029355715667,5,True,True,36.08114567518578,DOWN,False,oversold,in_sample
2022-08-17 09:45:00,23833.71,19.648855299213395,2.232132555107748,124.33230076223892,-90.7328317748265,1,True,False,49.93704295302751,DOWN,False,oversold,in_sample
2022-08-17 14:30:00,23370.17,18.57898234563308,42.30606794901476,20.22663934408556,11.523236673075246,3,True,True,44.50202972421691,DOWN,False,oversold,in_sample
2022-08-19 00:15:00,22991.5,17.13198757763992,1.8485092316725749,121.95376552204051,-76.30211164995772,1,True,False,37.0623926233606,DOWN,False,oversold,in_sample
2022-08-19 03:00:00,22753.84,18.151952426498212,36.69710255499731,3.217039409611612,16.463155230061883,6,True,True,46.29416397408081,DOWN,False,oversold,in_sample
2022-08-19 06:30:00,22040.05,12.547616299203469,48.06704159019709,164.37349280060565,-140.1902445774849,2,True,True,53.836992202830906,DOWN,False,oversold,in_sample
2022-08-19 11:15:00,21438.66,19.768615575743866,77.91998193916938,82.42119610087605,-16.974008636733554,6,True,True,92.46076946973386,DOWN,False,oversold,in_sample
2022-08-22 08:00:00,20972.76,19.071737729072396,174.50731329591414,39.37488437382496,139.7860844257036,10,True,True,40.416711963518466,DOWN,False,oversold,in_sample
2022-08-22 19:15:00,21020.2,15.196500155589362,82.06391946794037,13.68207723998917,38.75795663219071,5,True,True,45.95294050484748,DOWN,False,oversold,in_sample
2022-08-23 06:15:00,20964.2,17.68267998110767,264.6463971914014,5.180259680789432,231.72837503935247,9,True,True,35.7406912736954,DOWN,False,oversold,in_sample
2022-08-24 23:00:00,21502.12,18.026495272004425,63.142611054166025,89.27956871229327,58.361687126665466,10,True,True,31.673155949273966,DOWN,False,oversold,in_sample
2022-08-24 23:30:00,21390.7,15.763536288774645,115.55956560561303,37.656551679000344,66.19231722197036,8,True,True,33.69828944354339,DOWN,False,oversold,in_sample
2022-08-26 11:15:00,21186.92,12.372679945677348,330.32172680125393,38.04705922333069,267.4008303236152,7,True,True,31.408765408091405,DOWN,False,oversold,in_sample
2022-08-26 16:15:00,20584.44,16.19829734352274,93.92045642242478,24.382494738743777,52.33564770282776,3,True,True,99.3995950339187,DOWN,False,oversold,in_sample
2022-08-26 23:30:00,20232.26,12.630373004419226,84.355380960902,61.4661930995336,15.455515103107828,4,True,True,46.93420309940646,DOWN,False,oversold,in_sample
2022-08-28 23:30:00,19656.29,19.63990179139786,51.57636563155987,69.33658386196015,23.122369480711125,4,True,True,37.93645698145481,DOWN,False,oversold,in_sample
2022-08-30 14:15:00,20106.17,19.90047670820435,11.046360395840066,281.59017853723424,-243.4675524975651,1,True,False,37.342019887427696,DOWN,False,oversold,in_sample
2022-09-02 17:30:00,19851.89,19.369044759388174,114.35183249554679,48.660354253423,27.226626784653387,4,True,True,50.140565961225775,DOWN,False,oversold,in_sample
2022-09-06 17:00:00,19175.76,17.039172043120942,50.94974071431888,230.38982548801053,-166.51752003571056,1,True,True,56.931772195730595,DOWN,False,oversold,in_sample
2022-09-07 00:15:00,18744.27,19.67142129393781,62.39240045091152,124.57140235389268,-71.0297066783606,5,True,True,54.454241216115825,DOWN,False,oversold,in_sample
2022-09-13 13:45:00,21193.61,18.900185514378478,32.86839759720022,231.96614451242564,-214.83834042430698,1,True,True,94.57402490656365,DOWN,False,oversold,in_sample
2022-09-13 19:00:00,20154.44,19.693195969659158,132.3331236194123,146.09187851411338,-75.35312318278206,6,True,True,78.73203125465173,DOWN,False,oversold,in_sample
2022-09-13 20:45:00,20233.14,19.752919061562352,23.654262264779756,184.42021357040946,-33.0645663500563,2,True,True,74.17014857802613,DOWN,False,oversold,in_sample
2022-09-13 21:30:00,20002.57,18.5689891000535,131.19814103887666,3.8695027688931782,101.91690367787768,5,True,True,77.45354721918255,DOWN,False,oversold,in_sample
2022-09-15 14:45:00,19703.51,19.49790372278663,123.86118006385813,104.80873712348634,91.52683963415663,9,True,True,52.91544501461936,DOWN,False,oversold,in_sample
2022-09-18 17:00:00,19734.25,19.51977849896764,6.253087905545002,87.05676678870455,-14.051712124858843,2,True,False,41.34005599402076,DOWN,False,oversold,in_sample
2022-09-19 02:15:00,18803.28,16.377598996969468,40.31211575852878,70.88125050523038,5.637314340903387,8,True,True,55.92189235069623,DOWN,False,oversold,in_sample
2022-09-19 06:30:00,18306.59,16.358939076957512,118.7932870075755,12.061230409378123,57.055956352330355,7,True,True,75.33653181723129,DOWN,False,oversold,in_sample
2022-09-21 22:00:00,18305.74,7.609770796349721,157.08733981800117,98.19870707220906,50.770960365436565,4,True,True,174.19399598158847,DOWN,False,oversold,in_sample
2022-09-23 08:45:00,19069.34,13.199804384342471,41.30190137676417,99.2902743356614,-63.195684800836524,2,True,True,38.57186457423272,DOWN,False,oversold,in_sample
2022-09-23 09:30:00,19003.38,16.296931313202208,61.97318582273281,93.86751198997284,-26.79523326902998,2,True,True,39.654787727235934,DOWN,False,oversold,in_sample
2022-09-27 16:00:00,19573.32,18.800996234769116,33.55588116885653,386.750944653232,-259.0311710021593,1,True,True,71.19512683591792,DOWN,False,oversold,in_sample
2022-10-02 10:15:00,19102.94,17.562433140285478,86.92902767846275,18.55735295195247,29.519016444590758,4,True,True,27.393689138949256,DOWN,False,oversold,in_sample
2022-10-02 23:00:00,18973.28,15.269393127865612,137.9360869601897,27.897126906892375,123.33660811414899,9,True,True,36.9408979364667,DOWN,False,oversold,in_sample
2022-10-07 12:45:00,19616.92,19.018497419744094,47.443737345109916,57.05278912285836,-15.879149224240003,2,True,True,43.66664083862316,DOWN,False,oversold,in_sample
2022-10-07 15:15:00,19585.77,17.84730329208493,14.413525738329186,135.69545644618537,-85.6336003128808,1,True,True,54.97920173677148,DOWN,False,oversold,in_sample
2022-10-08 04:45:00,19442.73,18.927475057559107,52.08630680979494,3.435731504783686,38.96057806696899,8,True,True,19.859093861818874,DOWN,False,oversold,in_sample
2022-10-08 21:45:00,19317.84,19.360275034548238,71.00172690114415,26.975065535277537,43.0534676754742,9,True,True,20.23699336985913,DOWN,False,oversold,in_sample
2022-10-10 08:15:00,19198.79,19.454827240404825,79.28103802375,47.81030471191198,41.11196591035179,7,True,True,25.442488823514118,DOWN,False,oversold,in_sample
2022-10-13 01:30:00,19101.7,15.049531822499759,8.229634011631177,43.922792212212244,-13.485710695907713,1,True,False,15.700958553427323,DOWN,False,oversold,in_sample
2022-10-13 02:00:00,19081.43,18.542637784480235,18.11709080503909,33.346557359695275,3.6684881583822593,5,True,True,15.827954194208834,DOWN,False,oversold,in_sample
2022-10-13 10:15:00,18771.26,19.384419443854654,137.83837632636363,309.6542267274538,-205.61219651744165,8,True,True,26.473715669592565,DOWN,False,oversold,in_sample
2022-10-13 11:15:00,18712.74,19.784759662060168,169.54224768793793,279.3497905704892,-149.95131658966145,4,True,True,34.357608773487875,DOWN,False,oversold,in_sample
2022-10-13 12:30:00,18326.0,19.384089561608306,146.52952089926816,36.78380443086317,144.8597620866535,10,True,True,63.13298046491307,DOWN,False,oversold,in_sample
2022-10-14 16:15:00,19327.45,19.743958463241626,25.735417760748554,101.6429999818914,-58.78168097705625,5,True,True,57.011142183785196,DOWN,False,oversold,in_sample
2022-10-20 18:00:00,19012.19,18.050035071311655,55.58539021543562,43.55626574318775,18.68801016611052,4,True,True,31.710181730773648,DOWN,False,oversold,in_sample
2022-10-23 12:30:00,19116.0,19.127737569317702,50.816070307595425,0.1621678175357343,35.73969449675649,10,True,True,9.959196484620364,DOWN,False,oversold,in_sample
2022-10-24 03:00:00,19352.72,16.851115338059486,23.78993753849445,47.9105779445996,-13.269452562740684,3,True,True,32.620737550070345,DOWN,False,oversold,in_sample
2022-10-24 04:00:00,19295.47,19.694794491412495,36.55262090013813,13.199989427570909,26.726480360416048,9,True,True,30.86190696572789,DOWN,False,oversold,in_sample
2022-11-01 14:00:00,20390.8,12.411114430832995,62.268277850796025,3.555525040704632,33.466072934853756,8,True,True,31.262873452733604,DOWN,False,oversold,in_sample
2022-11-02 21:45:00,20152.03,17.624610074998458,14.42038345516621,45.697629469587014,11.601808850027028,10,True,True,81.25335263990746,DOWN,False,oversold,in_sample
2022-11-02 22:30:00,20102.72,17.650406879258952,68.76681364511765,21.28070231292207,48.61531175880655,10,True,True,81.79415521879598,DOWN,False,oversold,in_sample
2022-11-03 11:30:00,20120.56,17.065953994463996,54.39212427487042,44.39240259714427,51.0721371572155,10,True,True,23.79406934995845,DOWN,False,oversold,in_sample
2022-11-03 12:15:00,20103.51,16.97186700767176,117.56653440120765,35.94894622879129,106.98629244345975,10,True,True,25.90617260368962,DOWN,False,oversold,in_sample
2022-11-04 18:00:00,20749.05,9.634217795262302,193.19438721290882,5.031555661583876,160.85073774461966,8,True,True,64.2313744484689,UP,False,oversold,in_sample
2022-11-07 00:15:00,20919.01,19.594002010737498,72.06842006385678,47.33015568136274,32.601925234511924,8,True,True,27.913366837149823,DOWN,False,oversold,in_sample
2022-11-08 04:00:00,19748.18,16.616937505651023,54.63794638290792,204.66696171495312,49.017175253617935,10,True,True,59.732846267352215,DOWN,False,oversold,in_sample
2022-11-08 20:00:00,18195.17,15.651652625695434,293.94064468757466,107.26473014541678,166.77502875763227,8,True,True,263.4394182631981,DOWN,False,oversold,in_sample
2022-11-09 03:00:00,18004.1,19.055354121344294,261.47932970823337,2.2772590687668615,249.8486455862841,10,True,True,85.67604045745088,DOWN,False,oversold,in_sample
2022-11-09 09:00:00,17876.35,14.758499499670364,125.10943229462474,350.19453076270986,-106.64369404268737,1,True,True,72.40264371641874,DOWN,False,oversold,in_sample
2022-11-09 09:45:00,17763.99,19.90394927029439,124.38646948123653,289.15801010921524,-41.49968559991373,9,True,True,86.40232290155556,DOWN,False,oversold,in_sample
2022-11-09 22:45:00,15874.66,16.131901521840803,359.56675607540524,180.5770958244144,195.96010245258793,9,True,True,186.13941967890992,DOWN,False,oversold,in_sample
2022-11-11 02:00:00,17091.2,19.12620796449194,83.79750982961848,118.446920052426,4.65736753416912,3,True,True,92.68483196030691,DOWN,False,oversold,in_sample
2022-11-11 14:15:00,16461.55,18.414460718849043,526.3477619057749,60.7172471608074,227.63956006572866,2,True,True,87.85442440110447,DOWN,False,oversold,in_sample
2022-11-13 06:45:00,16684.45,18.41055829851851,69.86145782449987,149.37261941508478,-119.82414763447514,4,True,True,25.85221568586307,DOWN,False,oversold,in_sample
2022-11-17 04:00:00,16447.98,19.505413385826813,104.58427113846226,2.103601779670894,61.01053138440233,9,True,True,34.898206345095325,DOWN,False,oversold,in_sample
2022-11-20 21:45:00,16284.23,18.87870133774217,45.301497215404375,99.00376007953668,-39.946623205395206,1,True,True,30.531379131834814,DOWN,False,oversold,in_sample
2022-11-20 23:15:00,16250.58,17.414579468151217,31.531182271648017,78.5018134737343,-22.417661400393275,2,True,True,42.82800983103364,DOWN,False,oversold,in_sample
2022-11-21 19:30:00,15669.61,19.15169502514088,143.67300781576517,123.55763800120143,-8.519675984278079,4,True,True,57.68267365939546,DOWN,False,oversold,in_sample
2022-11-22 06:45:00,15687.47,19.23064384678034,59.83756462960618,45.15705846768162,19.142666089561068,4,True,True,38.831946770256614,DOWN,False,oversold,in_sample
2022-11-23 14:15:00,16394.54,14.193271484696936,71.05414363562379,45.45415729871068,-36.71344240216591,3,True,True,35.4877294513906,DOWN,False,oversold,in_sample
2022-11-25 02:15:00,16487.43,18.1822807999592,27.226802479221696,80.78275389190462,-58.32928479453856,2,True,True,25.800867691326353,DOWN,False,oversold,in_sample
2022-11-25 05:00:00,16389.36,19.845438175269734,48.732836425582796,28.40257337687444,42.49708347366695,10,True,True,24.957960530490737,DOWN,False,oversold,in_sample
2022-11-26 18:00:00,16513.52,19.38328403987282,4.3176742451040235,56.35987966224022,-11.723726982497118,1,True,False,19.839198426501536,DOWN,False,oversold,in_sample
2022-11-28 01:15:00,16230.76,15.903425262538633,3.9308079227338704,110.19816693734649,-32.37063452358415,1,True,False,31.330017818019737,DOWN,False,oversold,in_sample
2022-11-28 03:45:00,16178.22,19.674559173788495,42.50158546490295,26.09681411181165,-7.361749314819464,2,True,True,46.218619848166384,DOWN,False,oversold,in_sample
2022-12-03 21:00:00,16908.62,15.617128463474714,25.868462358253723,29.49974628325516,-0.08871214800369115,4,True,True,11.170042262467465,DOWN,False,oversold,in_sample
2022-12-05 15:00:00,17054.72,19.082755384053016,30.150011257879488,43.647740918644416,8.976987015909772,4,True,True,24.985751744971584,DOWN,False,oversold,in_sample
2022-12-05 16:45:00,17043.22,17.906381573516654,50.75332008857481,86.29824645812337,-69.13012916573258,6,True,True,31.290742007672364,DOWN,False,oversold,in_sample
2022-12-07 07:00:00,16780.55,14.905528341498268,34.599581062600045,60.61779858228576,17.6394695048745,1,True,True,19.61437497579039,DOWN,False,oversold,in_sample
2022-12-07 07:45:00,16763.03,19.38808299669543,43.941936511477856,50.229582599325475,23.844137963125497,6,True,True,25.069155158703552,DOWN,False,oversold,in_sample
2022-12-10 21:45:00,17125.43,18.462154585499476,20.081247594950558,19.520677728968142,9.313634752529266,1,True,True,8.57467520523579,DOWN,False,oversold,in_sample
2022-12-12 00:30:00,16973.26,13.641196320435753,7.388091621763217,59.74691956642381,-43.3092994510179,1,True,False,23.32845899962621,DOWN,False,oversold,in_sample
2022-12-15 15:15:00,17428.87,19.576200417536484,17.069379713085244,49.974553714611766,-16.954627580559883,1,True,True,33.960032979763426,DOWN,False,oversold,in_sample
2022-12-15 15:45:00,17429.05,17.99018839183674,9.937432045923162,50.077313450818515,-13.127508383991682,1,True,False,35.09514287927378,DOWN,False,oversold,in_sample
2022-12-15 16:15:00,17415.66,19.53628068897997,15.905225526911256,58.372751879630094,-8.406227498699112,4,True,True,35.04145119966777,DOWN,False,oversold,in_sample
2022-12-16 09:00:00,17026.51,19.107067287346098,28.314669300991667,63.16033056686147,0.8809791319536419,1,True,True,29.505165767970116,DOWN,False,oversold,in_sample
2022-12-16 10:00:00,16983.0,18.960600593609925,36.18324206559544,37.7024082906429,19.70205499617213,5,True,True,37.0826709062003,DOWN,False,oversold,in_sample
2022-12-16 17:45:00,16796.29,18.975317492830897,95.4139277185607,12.77067733410219,87.1799665283228,10,True,True,41.68867053379051,DOWN,False,oversold,in_sample
2022-12-16 23:45:00,16632.12,17.112786413112133,58.4411367883353,31.427142180311613,-21.524616224509728,2,True,True,39.72434061322324,DOWN,False,oversold,in_sample
2022-12-19 14:00:00,16688.05,18.339292808900012,46.536293934881456,62.350004943656856,-42.599345040313366,2,True,True,14.995760439356417,DOWN,False,oversold,in_sample
2022-12-22 14:30:00,16689.94,14.651305057096806,14.553677245095473,47.345886204504296,-25.961747016465075,3,True,True,16.990474501406112,DOWN,False,oversold,in_sample
2022-12-22 17:45:00,16591.96,19.107407006530906,157.2026451365612,19.352746752041703,117.93061217601894,10,True,True,26.05991094481896,DOWN,False,oversold,in_sample
2022-12-23 22:30:00,16779.17,15.071325201569579,22.319339991191896,4.010925451020261,15.817230530473722,9,True,True,12.725003680158055,DOWN,False,oversold,in_sample
2022-12-25 13:30:00,16806.29,16.422193877555358,30.744441515645782,50.74885652931186,-1.677943198647476,6,True,True,4.442086861526397,DOWN,False,oversold,in_sample
2022-12-26 15:30:00,16805.53,19.024555079972572,23.617225996444223,8.6459635608034,11.865142009804112,9,True,True,9.73935365323185,DOWN,False,oversold,in_sample
2022-12-27 18:45:00,16636.46,10.643080124869797,36.7025196466083,26.502032283310363,15.73050997628215,6,True,True,23.654972271745304,DOWN,False,oversold,in_sample
2022-12-28 21:15:00,16538.4,14.928861090106409,13.447491897643038,44.18202486334815,5.387461906834914,9,True,True,17.722089198471284,DOWN,False,oversold,in_sample
2022-12-30 07:15:00,16465.19,12.954457417962189,40.02990551581844,14.503324893303619,31.593926337928952,8,True,True,16.358450767953446,DOWN,False,oversold,in_sample
2022-12-30 07:45:00,16474.93,19.684851947063322,34.0942268039975,10.124473973485951,24.00617180163999,6,True,True,16.936642522911903,DOWN,False,oversold,in_sample
2022-12-30 08:15:00,16482.93,18.323973663827104,29.224173129412215,7.407663564669101,3.5066581002278334,4,True,True,17.355227498994225,DOWN,False,oversold,in_sample
2022-12-30 14:45:00,16413.4,17.6939956114108,101.92891174284381,7.920357756467276,72.95258751995196,4,True,True,17.26150584278686,DOWN,False,oversold,in_sample
2022-12-31 03:00:00,16570.76,19.98928188638581,2.0216332865856383,18.502470616917908,-12.66689035385098,1,True,False,9.357748226394104,UP,False,oversold,in_sample
2022-12-31 04:00:00,16549.04,17.68493346687751,10.471906527507402,10.900934434868049,0.8097146420578749,4,True,False,8.73706269366694,DOWN,False,oversold,in_sample
2022-12-31 21:30:00,16560.53,17.699553792765855,4.202764041973756,54.66612481605289,-24.05720106784031,2,True,False,7.572221420449796,DOWN,False,oversold,in_sample
2022-12-31 23:00:00,16502.67,16.32450031654315,29.431601068192816,1.175567347585991,22.58422424977318,2,True,True,12.179241298529366,DOWN,False,oversold,in_sample
2023-01-06 11:45:00,16738.22,15.774620474892359,47.06593652132594,35.38010612837037,14.362339603612112,8,True,True,11.14873624555042,DOWN,False,oversold,in_sample
2023-01-06 13:15:00,16688.03,16.43287931151322,96.45835967456985,5.411064098038436,91.55664269539356,10,True,True,14.033411972533639,DOWN,False,oversold,in_sample
2023-01-09 21:30:00,17194.1,12.4257795603786,16.412606649956185,38.44341954507566,-4.710918280106865,4,True,True,24.577325943201288,DOWN,False,oversold,in_sample
2023-01-09 22:15:00,17209.11,19.655408880507736,7.676166867431917,47.1320132185805,5.857362757282687,1,True,False,24.128208838225504,DOWN,False,oversold,in_sample
2023-01-09 23:00:00,17165.43,19.619789457448306,40.52913326377475,5.04502363179941,22.498708159363897,8,True,True,24.191645650589283,DOWN,False,oversold,in_sample
2023-01-21 22:45:00,22759.71,19.802746083929478,96.73673346453093,34.70167238510489,12.702270811007633,6,True,True,46.65107771584082,DOWN,False,oversold,in_sample
2023-01-22 20:45:00,22459.46,18.806426490524444,131.5837513457592,63.42984203538247,100.88844522530823,9,True,True,46.4229772220706,DOWN,False,oversold,in_sample
2023-01-24 09:00:00,22919.43,16.8547672790655,16.828516241459628,65.19795649368257,-7.722705145808917,1,True,True,25.18867179506667,DOWN,False,oversold,in_sample
2023-01-27 01:30:00,22671.05,15.789735017130155,75.97354335154375,32.58340482686024,56.11120790611777,8,True,True,38.533063091475654,DOWN,False,oversold,in_sample
2023-01-28 07:15:00,22962.7,17.8962655601664,23.764626982018537,25.12770710761397,15.634050002829726,10,True,True,16.709707482133943,DOWN,False,oversold,in_sample
2023-01-30 09:00:00,23283.45,13.84742811744644,48.55809598663328,114.43750818714611,-45.76211858637757,1,True,True,25.958567136743003,DOWN,False,oversold,in_sample
2023-01-30 11:30:00,23176.9,17.77757197290427,7.913051357170348,92.4282367357158,-0.5134422636341911,1,True,False,44.157760528802484,DOWN,False,oversold,in_sample
2023-01-30 19:30:00,22698.25,13.930410577592227,49.232870375469474,61.401209344332266,14.128842531913124,2,True,True,48.455497670525325,DOWN,False,oversold,in_sample
2023-01-31 21:30:00,22875.6,18.3865862329976,194.268128486248,3.5977198412280176,95.02701568483495,5,True,True,28.197730332756493,DOWN,False,oversold,in_sample
2023-02-02 04:00:00,23851.68,14.085643220472022,29.10486808476311,81.11797575684378,-25.918509723423973,5,True,True,40.48918147484791,UP,False,oversold,in_sample
2023-02-02 22:00:00,23500.74,19.98660534013578,50.31330928302596,32.7606705150568,8.778446976562176,3,True,True,53.335767299242576,DOWN,False,oversold,in_sample
2023-02-04 23:30:00,23298.81,19.463116734766515,31.409329489360307,29.533697214579334,15.975064820906098,2,True,True,13.827744850487997,DOWN,False,oversold,in_sample
2023-02-05 12:45:00,23170.56,14.353572903758106,20.595099988950427,43.391268920561636,-6.512574577394825,3,True,True,18.252256311457256,DOWN,False,oversold,in_sample
2023-02-06 05:15:00,22707.96,19.6221322537113,79.28056945670262,31.667309613016695,75.62546349385835,10,True,True,25.159679689412833,DOWN,False,oversold,in_sample
2023-02-06 23:00:00,22735.15,17.0801639771567,56.797513981652806,42.731189369765076,42.929120766741605,9,True,True,28.707310046337977,DOWN,False,oversold,in_sample
2023-02-09 03:15:00,22523.4,17.805249589875956,52.283403038616896,75.33942477601175,35.37654172993433,10,True,True,34.881944999422814,DOWN,False,oversold,in_sample
2023-02-09 03:45:00,22518.44,16.265371796344937,54.49755844543458,73.1533800742856,33.69238721687764,8,True,True,37.15155223896502,DOWN,False,oversold,in_sample
2023-02-09 19:15:00,22180.29,17.742056298782472,0.09017014655837574,218.79335211577526,-146.0711289167101,1,True,False,47.4741313120794,DOWN,False,oversold,in_sample
2023-02-09 21:15:00,21862.74,18.07218651496065,42.26368698525336,79.92593791995039,-30.366733538432534,4,True,True,59.178767162761986,DOWN,False,oversold,in_sample
2023-02-12 21:30:00,21797.05,18.639852957076528,17.456490671902515,76.63881121527879,-17.52989510048338,6,True,True,22.17868931804985,DOWN,False,oversold,in_sample
2023-02-13 09:15:00,21532.39,19.604789450264036,54.620039856235465,46.15836885733513,32.84354407476419,3,True,True,26.399763333285293,DOWN,False,oversold,in_sample
2023-02-15 02:30:00,22082.37,17.48451255298366,25.006373862950927,15.890504506536276,2.3684052028833698,3,True,True,18.901956628749442,DOWN,False,oversold,in_sample
2023-02-16 22:00:00,24449.5,18.617824773414057,6.52365079040501,454.0501850753598,-282.5906460254804,1,True,False,52.89331070165012,DOWN,False,oversold,in_sample
2023-02-19 08:45:00,24569.06,19.0977370506307,56.0501704175899,1.0745221835931271,50.06703553168025,10,True,True,22.58714822626513,DOWN,False,oversold,in_sample
2023-02-20 01:00:00,23857.06,15.948289161087544,261.2979134897583,6.803017639222755,231.927152800889,10,True,True,50.228946902929536,DOWN,False,oversold,in_sample
2023-02-21 21:15:00,24225.15,16.262623094775066,96.58144531612704,28.965764917865066,93.70839809041364,10,True,True,48.90743710565263,DOWN,False,oversold,in_sample
2023-02-22 15:45:00,23713.61,18.98282233096988,50.90325766511262,58.58239213683699,45.98203310250986,10,True,True,48.49303838597319,DOWN,False,oversold,in_sample
2023-02-22 16:45:00,23634.98,17.7065767284996,143.00414047314683,19.61076336853196,80.69818548608866,9,True,True,50.092701580454005,DOWN,False,oversold,in_sample
2023-02-23 11:15:00,23865.59,18.632220338566768,152.03898164679714,107.93364002314637,60.606086000806776,8,True,True,35.78960335780493,DOWN,False,oversold,in_sample
2023-02-24 15:30:00,23418.44,16.259587947328555,23.554088145922556,204.30054264929635,-158.6954553761905,1,True,True,43.944430115754805,DOWN,False,oversold,in_sample
2023-02-24 16:45:00,23191.67,19.64510619209463,2.410348198297124,81.30505478906767,-61.168514384689395,2,True,False,60.7726826054355,DOWN,False,oversold,in_sample
2023-02-24 18:00:00,23046.8,15.394524661266985,124.09098009268168,89.21412083239348,67.34991408785652,9,True,True,62.52364753458193,DOWN,False,oversold,in_sample
2023-02-27 18:15:00,23203.88,16.636618589743733,67.28185113868844,41.850759441955645,50.633773317220204,3,True,True,65.21172321180757,DOWN,False,oversold,in_sample
2023-02-28 19:15:00,23230.29,17.539390933886068,48.75531041584001,90.10649458099736,-38.91471006173468,6,True,True,40.22420727420967,DOWN,False,oversold,in_sample
2023-03-03 01:15:00,22852.03,18.631937243586364,5.933827322999887,385.479977052366,-232.9508581950926,1,True,False,37.78438939560312,DOWN,False,oversold,in_sample
2023-03-04 20:00:00,22203.82,15.22285180209181,69.88887497736889,21.05043186262452,62.336120541420286,9,True,True,13.719035733491058,DOWN,False,oversold,in_sample
2023-03-07 15:00:00,22038.21,14.632107023411322,204.9485870222681,16.026709973269025,126.23529769432305,2,True,True,27.419422902313823,DOWN,False,oversold,in_sample
2023-03-08 05:30:00,21929.37,18.884950799794467,55.747155527039766,5.070825108062375,13.652922997788961,4,True,True,24.505491949837197,DOWN,False,oversold,in_sample
2023-03-09 00:00:00,21714.04,5.4269972451789386,36.66291486982642,38.965572505162825,18.108099644285314,9,True,True,39.099356913775395,DOWN,False,oversold,in_sample
2023-03-09 08:15:00,21639.59,17.99949225691674,27.916425403623567,52.029636421022836,4.085105124450207,4,True,True,16.787055577300904,DOWN,False,oversold,in_sample
2023-03-09 17:30:00,21444.71,9.99659890641739,21.986774360670513,341.19836547101767,-338.05539921034176,2,True,True,38.66221553007722,DOWN,False,oversold,in_sample
2023-03-10 01:30:00,20042.16,16.903801596155205,58.546583801346834,54.66476667185638,-19.56375959477378,1,True,True,81.69852949981436,DOWN,False,oversold,in_sample
2023-03-14 19:15:00,24483.73,18.6855818825848,279.43863128698194,207.20290576640133,21.328449545882577,3,True,True,98.58771518882132,DOWN,False,oversold,in_sample
2023-03-18 22:45:00,26910.45,17.61842014009298,92.72605995068785,37.32750660059595,68.59045463751,9,True,True,42.915484505090234,DOWN,False,oversold,in_sample
2023-03-19 07:15:00,26950.79,19.1042320921199,53.145009849432824,29.234764546790974,34.3143930103717,6,True,True,30.137706538472408,DOWN,False,oversold,in_sample
2023-03-20 02:30:00,27302.3,14.604795256377272,71.2174432190703,65.13370668405157,61.97646352138799,2,True,True,65.15421777652435,DOWN,False,oversold,in_sample
2023-03-20 03:30:00,27258.86,18.91755917866169,119.0071778496965,49.30140145259171,116.62630058630472,10,True,True,67.20603869714284,DOWN,False,oversold,in_sample
2023-03-22 19:00:00,27415.16,19.563393396158943,83.93166408658514,296.6825654127135,-104.1285186736102,1,True,True,99.48346097560625,DOWN,False,oversold,in_sample
2023-03-22 19:45:00,26667.33,15.387133620613028,288.9865614592828,24.57313874317469,187.4353375459772,5,True,True,117.77575782802414,DOWN,False,oversold,in_sample
2023-03-24 17:30:00,27629.37,19.469057098800874,91.01546651262811,38.20572094115707,61.304329414677575,8,True,True,47.386893005522566,DOWN,False,oversold,in_sample
2023-03-25 19:45:00,27189.68,16.009049171601532,124.9040076970382,12.353951940589276,105.65773484645602,9,True,True,37.79154443891957,DOWN,False,oversold,in_sample
2023-03-27 14:15:00,27341.61,12.135730123535083,28.65229955368398,304.835743030495,-71.72584204075787,1,True,True,38.981976555147924,DOWN,False,oversold,in_sample
2023-03-28 10:15:00,26768.77,18.510633857199807,164.83013601297316,51.175306149666795,80.03729719370745,7,True,True,28.74525052888138,DOWN,False,oversold,in_sample
2023-03-30 17:45:00,27839.41,16.530948514662413,84.81501583546454,55.10533448805124,50.65480913568227,7,True,True,49.05815173525588,DOWN,False,oversold,in_sample
2023-03-31 07:30:00,27649.99,18.842952838486937,82.76675687766922,29.645580341982463,68.28935562002,7,True,True,36.18409988575021,DOWN,False,oversold,in_sample
2023-04-02 13:00:00,28185.56,15.575009447034262,58.34193111650033,52.4985134231859,-34.258677138223014,6,True,True,16.57373491958298,DOWN,False,oversold,in_sample
2023-04-03 03:00:00,27680.5,17.8946637984872,35.12219793717641,33.41702642654577,17.12035548490794,3,True,True,37.73288054767791,DOWN,False,oversold,in_sample
2023-04-03 04:30:00,27633.09,19.480071622786596,71.99701517275149,16.317393385973173,59.22609451205054,10,True,True,34.50844621430324,DOWN,False,oversold,in_sample
2023-04-05 15:00:00,28035.51,19.732902428591586,32.633613585057525,82.18505745035488,-11.920596415045868,3,True,True,45.143284356161026,DOWN,False,oversold,in_sample
2023-04-05 16:00:00,27893.47,19.71640434585038,81.21255620042929,31.681250127719004,37.711335305359526,6,True,True,52.305252806481185,DOWN,False,oversold,in_sample
2023-04-07 07:45:00,27839.78,19.40577005884917,40.65405689269107,19.676879630513906,30.92337654967106,10,True,True,17.017196256579652,DOWN,False,oversold,in_sample
2023-04-08 17:45:00,27935.11,17.658360174040695,7.120072195885184,22.552264873845136,6.754940288403726,1,True,False,8.65505809714008,DOWN,False,oversold,in_sample
2023-04-09 06:45:00,27880.13,16.52257831034538,21.06518154685777,28.74089898433078,6.086772192237815,10,True,True,10.853607927940221,DOWN,False,oversold,in_sample
2023-04-12 03:45:00,29922.04,16.428757263030647,25.797037902495514,24.075898568413407,-5.9020040077480855,5,True,True,29.95450844929032,DOWN,False,oversold,in_sample
2023-04-14 15:15:00,30233.53,17.070683661645674,29.080295949563908,88.48784776372419,14.25238799438906,2,True,True,35.33361800623342,DOWN,False,oversold,in_sample
2023-04-14 16:30:00,30125.8,16.369374313940966,77.01040304323868,53.044234509954684,29.406687955174682,8,True,True,44.441807354493584,DOWN,False,oversold,in_sample
2023-04-16 11:45:00,30226.45,19.1939606491119,24.332993123571995,21.851722580719628,15.817272620502134,9,True,True,10.161629963161452,DOWN,False,oversold,in_sample
2023-04-17 00:30:00,29911.0,19.252942017247463,63.62542208552082,56.95563505065046,31.834442178463163,8,True,True,30.05850690381459,DOWN,False,oversold,in_sample
2023-04-17 12:00:00,29557.16,13.774339607317586,8.569835532237112,103.92067438143579,-56.97435071569848,1,True,False,26.287708291324332,DOWN,False,oversold,in_sample
2023-04-19 08:00:00,29465.52,16.389950895204464,32.06120238163153,157.98804840369368,-104.71561336775976,1,True,True,34.55241923441357,DOWN,False,oversold,in_sample
2023-04-20 11:45:00,28607.13,19.777748127251385,129.88370381789352,95.4761977171429,57.88417083433401,4,True,True,25.936016650394563,DOWN,False,oversold,in_sample
2023-04-21 06:30:00,28021.35,19.980918306499632,77.06623699429211,73.32266289811132,2.772885674673218,6,True,True,23.685689661632935,DOWN,False,oversold,in_sample
2023-04-21 07:15:00,27861.85,15.605915459226622,134.75415308028747,8.08991506306912,71.42382864023746,3,True,True,30.298957176210468,DOWN,False,oversold,in_sample
2023-04-21 19:00:00,27384.86,14.558992092006136,33.92385427568292,79.92007262407058,-29.74636350158413,1,True,True,46.98928532042875,DOWN,False,oversold,in_sample
2023-04-21 21:30:00,27303.4,18.289819731764,17.53994008072233,65.33984778452553,5.490158734808838,2,True,True,50.82334068284534,DOWN,False,oversold,in_sample
2023-04-24 07:00:00,27438.77,19.0960388848536,29.509340251039372,102.63944047054625,-31.429980279728863,4,True,True,25.399279923990665,DOWN,False,oversold,in_sample
2023-04-24 08:30:00,27313.9,18.822255392629927,52.02479323714246,57.3920238413416,40.872962118188696,10,True,True,30.374461354841124,DOWN,False,oversold,in_sample
2023-04-26 19:15:00,29077.12,14.482277234349937,25.824428279004298,633.5290427662709,-137.3829320097718,1,True,True,41.79282542425104,DOWN,False,oversold,in_sample
2023-04-29 17:30:00,29155.01,16.29117853209192,52.83483010295688,12.550158617678454,26.712390083214178,8,True,True,16.167204195779778,DOWN,False,oversold,in_sample
2023-04-30 20:00:00,29208.47,14.603295719673568,95.18814234364169,16.26582974048351,65.00169300206433,6,True,True,49.706300946266595,DOWN,False,oversold,in_sample
2023-04-30 20:45:00,29329.89,19.38669077254724,53.396040694322615,4.602813034757375,21.08770268146324,3,True,True,40.95719417972588,DOWN,False,oversold,in_sample
2023-05-01 01:30:00,28677.1,11.632894310133537,6.887028325737261,107.10636710127518,-39.43913436156325,1,True,False,37.38331281754432,DOWN,False,oversold,in_sample
2023-05-01 04:15:00,28542.77,19.333820098093554,32.49859771844092,102.51983251800684,18.0676227289782,4,True,True,45.754844396672055,DOWN,False,oversold,in_sample
2023-05-01 16:15:00,28119.28,19.844239910994148,103.72598444910463,10.160288599138994,19.399500982956503,3,True,True,39.494076661991414,DOWN,False,oversold,in_sample
2023-05-03 13:15:00,28228.89,17.49020542537498,60.615206619885015,40.80925604938796,29.267888322919884,2,True,True,30.575059805752144,DOWN,False,oversold,in_sample
2023-05-04 14:00:00,28785.5,18.97448224384189,65.10916954716724,16.379774539265064,38.706987893209515,9,True,True,39.646002327560865,DOWN,False,oversold,in_sample
2023-05-05 07:45:00,29062.29,17.749999999999503,27.1313788417907,13.770422083050041,24.33738015827368,8,True,True,21.51895119070112,UP,False,oversold,in_sample
2023-05-05 09:00:00,29043.89,19.47945031980187,44.1297636094896,7.443906446415745,18.08986330687827,9,True,True,19.82809465261012,DOWN,False,oversold,in_sample
2023-05-06 04:00:00,29386.01,19.681845923650982,14.15639618988838,46.062735294787196,-14.928872616595102,2,True,True,28.720639515197718,DOWN,False,oversold,in_sample
2023-05-06 13:30:00,28935.24,18.222449916969737,24.52372954224645,219.53852810621288,-95.5340270203393,1,True,True,24.805393008663607,DOWN,False,oversold,in_sample
2023-05-06 14:00:00,28693.95,9.262390670553643,2.1154285136761266,137.29375007623582,-13.96810128964529,1,True,False,32.6715213485771,DOWN,False,oversold,in_sample
2023-05-07 23:45:00,28430.1,13.363473563690107,70.66805955659666,139.2045754323757,-66.92554721931924,2,True,True,29.814175820697173,DOWN,False,oversold,in_sample
2023-05-08 01:30:00,28102.61,19.102305040733796,70.97917239715498,35.007424577290514,22.378704326750935,5,True,True,43.8073189643241,DOWN,False,oversold,in_sample
2023-05-08 08:45:00,27704.94,19.31000089510644,96.91412434028011,9.002004696634858,78.60691992114131,9,True,True,35.64111671059377,DOWN,False,oversold,in_sample
2023-05-08 18:15:00,27519.99,19.85144539614612,11.224568032182939,93.74640034389606,5.421513597933086,10,True,False,45.64354856233577,DOWN,False,oversold,in_sample
2023-05-10 08:30:00,27549.6,19.114785992217747,23.568400267154622,5.154339808925389,21.72445334959571,6,True,True,15.730718413334493,DOWN,False,oversold,in_sample
2023-05-10 17:15:00,27157.13,17.537459366925603,233.22052072512838,10.641772528982795,197.04954094928198,7,True,True,67.20445054392712,DOWN,False,oversold,in_sample
2023-05-12 03:00:00,26626.22,16.05359192694509,31.465224879836054,42.454392700128246,-19.086449372085,7,True,True,33.873940799707874,DOWN,False,oversold,in_sample
2023-05-12 05:45:00,26276.67,18.103800108833553,43.182792949030905,59.34161368240217,0.6621843635443916,5,True,True,41.50944545104085,DOWN,False,oversold,in_sample
2023-05-17 07:45:00,26845.14,19.587868159075782,17.135317603111773,26.19096044945106,17.135317603111773,10,True,True,17.826504164254764,DOWN,False,oversold,in_sample
2023-05-18 17:45:00,26488.99,12.87632534429521,135.52800616407043,29.906765037096985,90.7848883630518,8,True,True,49.80257835425226,DOWN,False,oversold,in_sample
2023-05-21 06:45:00,27083.85,16.514487022791386,0.00369223725653379,21.455590693345645,-10.69641132999833,1,True,False,8.156705933609848,DOWN,False,oversold,in_sample
2023-05-21 09:00:00,27030.13,17.511055939172792,20.599235001829545,70.34742341231858,-49.49661729336887,4,True,True,8.286123670141311,DOWN,False,oversold,in_sample
2023-05-21 11:30:00,26896.34,18.200243210376826,19.88374626436146,44.65663357914147,9.752256254940102,5,True,True,13.996328124941865,DOWN,False,oversold,in_sample
2023-05-24 03:15:00,26925.82,17.422545519061615,0.7464953713580634,102.48155859320113,-55.846024373630584,1,True,False,16.94470214834676,DOWN,False,oversold,in_sample
2023-05-24 13:45:00,26442.86,15.092233132882342,0.0,137.0351013468288,-87.165306627196,1,False,False,22.491515668123498,DOWN,False,oversold,in_sample
2023-05-29 03:45:00,27954.99,10.744356182766523,32.91720011346697,36.12592957464896,25.43016470404752,7,True,True,32.528360768506865,UP,False,oversold,in_sample
2023-05-31 04:45:00,27257.7,12.61969199488955,9.127696027178015,106.10212893971212,-27.771969021597837,1,True,False,24.872971674058924,DOWN,False,oversold,in_sample
2023-06-01 03:30:00,26781.11,18.47629558315937,38.26951160724778,13.109986852673611,35.11056860600581,10,True,True,37.208315861441335,DOWN,False,oversold,in_sample
2023-06-03 02:30:00,27136.01,19.70535755135643,13.067506976892611,11.158604378461991,5.107604249851243,2,True,True,12.156908845478533,DOWN,False,oversold,in_sample
2023-06-03 19:45:00,27096.36,15.089331952356005,10.45158833142153,66.95733301447142,-20.0506636315733,1,True,False,20.68820313872433,DOWN,False,oversold,in_sample
2023-06-05 05:30:00,26816.04,19.91844715757331,9.222092449145945,27.561862228725737,5.727915083659101,10,True,False,25.77934698784761,DOWN,False,oversold,in_sample
2023-06-05 15:45:00,26007.53,14.8097119182965,25.75407968384524,206.29794524893322,-138.01003017203107,1,True,True,41.17384465191427,DOWN,False,oversold,in_sample
2023-06-07 09:45:00,26486.28,18.988645055009556,181.87529543597714,50.69794625745814,119.75634177393063,7,True,True,27.811380080554876,DOWN,False,oversold,in_sample
2023-06-07 16:00:00,26281.17,19.34211081571506,103.72825867341544,11.860202570889447,71.84992144565929,7,True,True,62.5700834475786,DOWN,False,oversold,in_sample
2023-06-09 00:15:00,26455.01,9.449659652089338,53.51349328539409,69.96784351999813,0.9450005877903657,5,True,True,15.28765250891991,DOWN,False,oversold,in_sample
2023-06-10 04:15:00,25853.92,13.976296049737797,41.03052844597715,153.7523129954755,-121.88093720410559,1,True,True,34.54621194774321,DOWN,False,oversold,in_sample
2023-06-12 13:45:00,25798.3,16.617886178861525,39.03357973199813,24.74194036041061,37.37067946337544,10,True,True,23.375183636131027,DOWN,False,oversold,in_sample
2023-06-14 05:15:00,25963.6,19.34742306266368,0.0,48.71050239566067,-25.37398511762521,1,False,False,12.749387604184545,UP,False,oversold,in_sample
2023-06-14 20:30:00,25260.15,18.084459048314514,0.7205024514896818,174.02509486285717,-90.71205040350237,1,True,False,49.563838694544565,DOWN,False,oversold,in_sample
2023-06-14 21:15:00,25084.01,18.93820117392073,27.172688896233044,53.42447240293653,17.776264640302788,2,True,True,66.55375276919432,DOWN,False,oversold,in_sample
2023-06-14 22:00:00,25092.36,16.706757052263356,38.892316226931285,56.73440043104777,22.95519433006642,10,True,True,69.5321205338995,DOWN,False,oversold,in_sample
2023-06-18 22:45:00,26402.26,18.70225013082141,22.36172206470237,55.45358617027476,0.0,1,True,True,21.535088284108905,DOWN,False,oversold,in_sample
2023-06-18 23:15:00,26357.6,16.766684851791496,35.05630254651465,38.315324612255274,30.2872795702195,10,True,True,25.69183081919437,DOWN,False,oversold,in_sample
2023-06-24 15:45:00,30398.71,17.686009896535836,102.19183642990163,48.91983903264288,89.28997316004538,10,True,True,28.08671815350063,DOWN,False,oversold,in_sample
2023-07-03 06:45:00,30651.25,19.793611793611575,35.414542636923215,17.023775539333727,3.8530239386652454,3,True,True,13.90971004445153,UP,False,oversold,in_sample
2023-07-04 19:45:00,30696.84,19.02247806049435,41.04982793017079,9.232220645512745,28.426378741264053,5,True,True,29.26294693525459,DOWN,False,oversold,in_sample
2023-07-05 10:00:00,30654.18,14.863341786419227,19.84068730593991,125.66312326736488,-89.69739200330888,1,True,True,13.109468268275222,DOWN,False,oversold,in_sample
2023-07-05 10:30:00,30540.02,13.093978126951328,3.2580201322725815,98.2317627820807,-83.37257146524429,1,True,False,17.79812193967118,DOWN,False,oversold,in_sample
2023-07-06 12:30:00,30597.25,18.718170379944127,20.94959514335391,231.80187761972073,-157.51415568392608,2,True,True,52.48510895587026,DOWN,False,oversold,in_sample
2023-07-06 13:30:00,30470.29,14.2308776647656,26.035196908200778,191.10090517681348,-18.503269906522394,1,True,True,54.366729033429,DOWN,False,oversold,in_sample
2023-07-06 23:45:00,29895.43,17.515715034049208,74.80407540550546,65.03000625848159,64.78247678658519,8,True,True,29.86861202531629,DOWN,False,oversold,in_sample
2023-07-07 19:30:00,30183.51,17.998592540464088,53.178043242817694,0.0,44.98482780829747,8,True,True,22.005227357586843,DOWN,False,oversold,in_sample
2023-07-08 06:15:00,30196.45,16.06250800563795,38.92179378701763,8.759307799426994,26.34746799706511,8,True,True,12.344166284447343,DOWN,False,oversold,in_sample
2023-07-08 20:00:00,30115.01,12.933228042466993,28.215165792739622,11.625431968974409,26.50173451710669,10,True,True,13.007965131009442,DOWN,False,oversold,in_sample
2023-07-11 10:15:00,30399.99,19.656992084433043,18.098690164041763,9.865134824058034,10.875003577303042,5,True,True,18.650499556085272,DOWN,False,oversold,in_sample
2023-07-12 18:00:00,30446.17,16.50718630147604,29.8362651197179,77.56969103174497,-37.19022786774152,2,True,True,37.17347699234422,DOWN,False,oversold,in_sample
2023-07-14 06:45:00,31291.22,17.228695947825912,15.381311434963987,69.0193607024594,-25.070930439912768,1,True,True,19.034892215771766,DOWN,False,oversold,in_sample
2023-07-14 07:15:00,31257.99,12.100859254812278,9.552757550948396,58.461852473560064,-22.698196525112692,5,True,False,18.983306348232915,DOWN,False,oversold,in_sample
2023-07-14 18:15:00,30395.99,11.422625190846091,0.0,163.17612948286978,-68.03858008901875,1,False,False,44.472478113067055,DOWN,False,oversold,in_sample
2023-07-19 22:30:00,29870.01,18.30418102607493,52.889168768274,13.274183704658224,43.82991502179005,10,True,True,20.71693313795362,DOWN,False,oversold,in_sample
2023-07-20 14:30:00,29802.76,12.39698811014695,23.47098054005761,58.96098213722405,-20.145785155467898,6,True,True,25.131397226296937,DOWN,False,oversold,in_sample
2023-07-20 16:15:00,29761.99,19.517631139059134,19.491304176904297,64.1858961715942,-24.91432864536325,6,True,True,30.184305552148754,DOWN,False,oversold,in_sample
2023-07-20 16:45:00,29716.69,13.722814618912196,34.76497550703033,49.039782021483404,10.785185025654913,4,True,True,31.283093776594754,DOWN,False,oversold,in_sample
2023-07-22 23:15:00,29697.18,12.67075400666937,59.87773923315268,17.81987380620042,43.43173324874603,8,True,True,8.571689298445428,DOWN,False,oversold,in_sample
2023-07-24 02:30:00,29780.93,17.23008787015,11.440206870638262,40.60652236179336,-3.5559668552997326,1,True,False,16.614323327041987,DOWN,False,oversold,in_sample
2023-07-24 09:45:00,29178.01,11.94177518890885,70.29266217949827,21.197470286698287,1.3674681720931623,2,True,True,24.612542116477456,DOWN,False,oversold,in_sample
2023-07-24 14:15:00,29088.63,15.922515635858673,33.12978301143745,77.94454396786634,6.500821798757746,2,True,True,37.81563449361483,DOWN,False,oversold,in_sample
2023-07-25 01:30:00,29059.57,19.78145664306166,38.245576242180945,0.003441207147387002,18.885344827883213,4,True,True,10.573625143111183,DOWN,False,oversold,in_sample
2023-07-27 15:00:00,29267.03,12.126920586330883,32.340145207765005,29.73653288358909,-9.765254622692535,3,True,True,14.416905302656406,DOWN,False,oversold,in_sample
2023-07-27 18:45:00,29141.37,17.741330514543293,17.329315677334318,12.785946576979187,12.394750143868535,5,True,True,21.92089802229621,DOWN,False,oversold,in_sample
2023-07-29 07:45:00,29295.01,19.18271262147593,12.13175895826657,13.254817117317288,-0.8431470069467552,2,True,True,5.091140095190164,DOWN,False,oversold,in_sample
2023-07-30 20:00:00,29146.29,19.47986923099569,44.10166782804977,7.935829911800444,5.3934823265662715,3,True,True,15.95983571150902,DOWN,False,oversold,in_sample
2023-07-31 16:00:00,29207.5,18.688364258741288,23.107078661303298,19.686724300265343,-4.392707352564152,7,True,True,16.169134640075143,DOWN,False,oversold,in_sample
2023-08-01 04:30:00,28893.12,17.933723196880464,26.888754139394546,14.231761748125153,5.7730006312922555,8,True,True,26.2353113820867,DOWN,False,oversold,in_sample
2023-08-01 12:15:00,28824.12,10.59116710507989,35.86579572941031,24.417050720021077,1.408542567822126,1,True,True,9.887379042274283,DOWN,False,oversold,in_sample
2023-08-02 15:00:00,29258.34,12.286035460629805,36.11278015089026,113.07545130721707,-23.651375983736852,7,True,True,19.88304873072091,DOWN,False,oversold,in_sample
2023-08-04 18:15:00,29113.75,19.971517131608508,10.733759821390237,105.17710703705264,-50.230561160964015,1,True,False,14.66042677429055,DOWN,False,oversold,in_sample
2023-08-04 20:30:00,28982.08,17.2822460016107,42.50557585928915,60.22342081727773,33.96581611809735,2,True,True,17.335022193024187,DOWN,False,oversold,in_sample
2023-08-07 06:45:00,29052.0,17.451097209810897,20.16040203772536,2.361283216302004,8.952912019825966,2,True,True,9.939074762495025,DOWN,False,oversold,in_sample
2023-08-07 16:00:00,28788.52,18.981129467063113,138.32597160256975,30.39058624757424,122.18412061474504,10,True,True,21.26698420064667,DOWN,False,oversold,in_sample
2023-08-09 16:45:00,29513.42,19.108027478993904,27.377376122456464,23.785789650944245,3.6661288322408407,1,True,True,31.202076885701583,DOWN,False,oversold,in_sample
2023-08-12 19:45:00,29416.16,19.42951632906116,5.072042034039077,5.493579039548281,4.551919761110702,10,True,False,3.1297422913117563,DOWN,False,oversold,in_sample
2023-08-13 05:15:00,29382.22,19.486025785242646,8.603842732100853,0.5411435895586328,4.812434186388713,7,True,False,3.5676337594638334,DOWN,False,oversold,in_sample
2023-08-13 22:30:00,29320.02,18.905176610590132,6.579122388047782,23.881293396116522,-8.710771684330663,1,True,False,7.003064800092098,DOWN,False,oversold,in_sample
2023-08-17 00:30:00,28448.0,19.129874049886155,70.19825646794176,37.26096737907762,50.622187851518,6,True,True,32.726202193475714,DOWN,False,oversold,in_sample
2023-08-17 15:45:00,27934.02,15.86055130877942,55.75996580513596,83.77598354980788,8.469958853040076,3,True,True,38.33873534851052,DOWN,False,oversold,in_sample
2023-08-17 20:45:00,27679.57,15.784067085953424,21.048014835491315,908.0957543776872,-376.2919727437967,1,True,True,36.10225881399169,DOWN,False,oversold,in_sample
2023-08-17 21:30:00,25188.01,4.87124783575743,778.9380741074827,8.73828460445998,632.8844557390602,5,True,True,83.96097984715757,DOWN,False,oversold,in_sample
2023-08-22 01:00:00,26062.34,16.020735620833264,17.450466842194356,14.119990760614462,-8.24177721570648,1,True,True,13.860037126367025,DOWN,False,oversold,in_sample
2023-08-22 01:45:00,26050.0,19.665203965543654,9.673704414587611,9.389635316698321,-8.234165067178782,6,True,False,13.79884836852211,DOWN,False,oversold,in_sample
2023-08-22 03:00:00,26048.17,19.72288517634432,10.376928590377934,18.492661864537222,-4.668274201220222,1,True,False,10.271930811262525,DOWN,False,oversold,in_sample
2023-08-23 13:00:00,25831.24,17.247545156987997,136.95045224309726,5.903704196933635,117.75663886054122,9,True,True,14.877915268488941,DOWN,False,oversold,in_sample
2023-08-24 14:30:00,26076.79,16.7007253724356,39.579258029841526,33.00636312981763,1.5492704431798825,1,True,True,21.20065391484149,DOWN,False,oversold,in_sample
2023-08-24 15:00:00,26096.72,18.271247525922178,25.397827772991715,89.17595774488179,-39.729130710679456,7,True,True,24.12008099102109,DOWN,False,oversold,in_sample
2023-08-24 15:45:00,25996.34,18.05027554298141,64.10902457807516,50.90716616262141,14.782850201220745,4,True,True,27.82180106891968,DOWN,False,oversold,in_sample
2023-08-29 09:00:00,25961.86,19.080845705892557,32.40908008902267,15.353291328125405,0.862804128825116,8,True,True,11.75975064960671,DOWN,False,oversold,in_sample
2023-08-30 03:15:00,27340.36,13.309001483332366,49.622609212167745,2.238448945075698,47.065949387645325,8,True,True,30.33500656172782,DOWN,False,oversold,in_sample
2023-08-31 15:30:00,26915.71,18.80599141539213,18.90345824055952,290.4511900299121,-204.87291622624866,1,True,True,40.95433484756687,DOWN,False,oversold,in_sample
2023-08-31 16:00:00,26846.79,17.279386942137876,9.867101430002606,265.5252266658331,-219.34093424204556,1,True,False,43.25321574758103,DOWN,False,oversold,in_sample
2023-08-31 17:45:00,26329.07,17.455792830225093,22.123834985436247,152.32972528083965,-57.42322079739189,1,True,True,47.701646886882294,DOWN,False,oversold,in_sample
2023-09-01 07:30:00,25990.18,17.96627045864659,22.95097609943504,12.623998756453902,18.984093222901937,7,True,True,10.131711284800812,DOWN,False,oversold,in_sample
2023-09-05 03:00:00,25625.8,17.531027635281575,51.08913672939065,12.467903441063589,32.85751078990733,8,True,True,17.04688243879216,DOWN,False,oversold,in_sample
2023-09-08 10:00:00,25736.72,14.114331358984572,65.38517728754823,23.43344451041209,53.03706144372709,10,True,True,26.273744284431125,DOWN,False,oversold,in_sample
2023-09-08 10:45:00,25831.21,18.027401875456064,28.56621892663986,13.84371850950784,15.020589434253864,7,True,True,27.50084103686985,DOWN,False,oversold,in_sample
2023-09-10 02:00:00,25853.88,17.451424484443336,9.344825612248473,40.04427962070006,-20.314165610732484,6,True,False,5.937019897980598,DOWN,False,oversold,in_sample
2023-09-10 03:15:00,25835.74,19.33711944884132,16.37266824948667,33.05111446391822,4.671822831472878,1,True,True,5.201321889754451,DOWN,False,oversold,in_sample
2023-09-11 09:15:00,25672.83,16.325032123845233,30.222612777787454,37.21054515610568,-27.873826142268424,1,True,True,15.51056116524735,DOWN,False,oversold,in_sample
2023-09-11 14:30:00,25253.23,19.794986410606626,0.7009004392707138,119.67973997781652,-41.63823796005415,1,True,False,39.453170940905366,DOWN,False,oversold,in_sample
2023-09-11 15:45:00,25115.97,19.87417886065839,53.55954796888212,25.86402197486411,32.45743644382456,1,True,True,46.70175987628578,DOWN,False,oversold,in_sample
2023-09-11 16:30:00,25152.05,19.804165095699574,30.76488795147951,40.17167586737497,5.029411121559258,5,True,True,50.05615844434149,DOWN,False,oversold,in_sample
2023-09-16 06:00:00,26502.89,16.932401253486347,11.500632572523058,13.372126586949081,4.659869168985791,10,True,False,18.70380928268584,DOWN,False,oversold,in_sample
2023-09-18 17:45:00,26760.49,17.945346980936918,68.51145102350523,48.38850110741679,0.04110537587202032,8,True,True,36.59331350061245,DOWN,False,oversold,in_sample
2023-09-18 18:15:00,26715.73,19.804658484938926,85.38041071683318,31.715397632780224,18.79791418763446,6,True,True,37.64280444517167,DOWN,False,oversold,in_sample
2023-09-21 10:00:00,26749.92,19.03061561859363,18.572018159306754,71.36843773738384,-40.25058766530825,2,True,True,19.915386662838642,DOWN,False,oversold,in_sample
2023-09-21 10:45:00,26649.89,13.377184522201844,53.56870140927487,55.632499796433834,-34.28156739108513,2,True,True,24.69634959093643,DOWN,False,oversold,in_sample
2023-09-24 16:15:00,26565.03,19.89847715736083,65.31519068489742,53.09988356873592,10.095979564111056,7,True,True,4.200070543869167,DOWN,False,oversold,in_sample
2023-09-25 00:15:00,26143.55,18.580719807863602,76.32857817702619,38.93885872423572,24.419024960267503,3,True,True,26.776202925769443,DOWN,False,oversold,in_sample
2023-09-26 07:00:00,26277.87,16.453714142555896,12.032938742752979,19.533546668736133,7.310333752318116,10,True,True,9.234576470619746,DOWN,False,oversold,in_sample
2023-09-26 07:30:00,26260.9,15.027322404373706,28.121656150397943,13.084090796583734,-2.17433522842049,9,True,True,8.743417019218846,DOWN,False,oversold,in_sample
2023-10-05 16:45:00,27446.63,16.727332503581493,32.52129678579789,34.47782113869754,26.280093403087147,3,True,True,47.90059836125618,DOWN,False,oversold,in_sample
2023-10-05 17:45:00,27483.43,15.188791661150162,18.953238369446662,24.440180865343915,-15.307405225621295,3,True,True,50.71019155905948,DOWN,False,oversold,in_sample
2023-10-07 01:30:00,27884.3,15.779944289693134,21.696797122395036,4.52225804484982,13.100561964977594,8,True,True,26.775461460391554,DOWN,False,oversold,in_sample
2023-10-09 09:45:00,27542.97,16.004023192522325,23.61038043464406,56.26481094812983,-7.090738580480781,1,True,True,19.63622659429955,DOWN,False,oversold,in_sample
2023-10-09 11:30:00,27509.32,18.03910713932629,13.806230034039213,48.92523697423279,-7.615600821830829,4,True,True,25.747274014770166,DOWN,False,oversold,in_sample
2023-10-10 11:30:00,27559.7,12.769932413869654,5.551584378639562,80.12786786503545,-3.7699974963440885,1,True,False,13.73690569926375,DOWN,False,oversold,in_sample
2023-10-11 02:45:00,27120.93,18.364737147082124,13.967072663069082,57.53490016750932,-4.741725302193023,1,True,True,17.404454788239114,DOWN,False,oversold,in_sample
2023-10-11 03:30:00,27037.42,16.73885304530701,39.386154448169094,26.82578441286145,12.963515009939155,9,True,True,20.29982890379332,DOWN,False,oversold,in_sample
2023-10-11 15:30:00,26781.26,17.918438480306378,22.76965310818207,90.58573046973838,-47.97011044289833,1,True,True,30.224119402895862,DOWN,False,oversold,in_sample
2023-10-11 16:15:00,26699.99,13.741885625966049,11.89888086100287,60.423243604211734,-3.591761644854603,1,True,False,34.20656711856455,DOWN,False,oversold,in_sample
2023-10-14 20:15:00,26830.17,18.09095121466902,19.902967442994758,15.344666097903314,7.185940305261753,3,True,True,7.753398506233827,DOWN,False,oversold,in_sample
2023-10-15 12:30:00,26835.01,18.652037617554498,48.544792791208366,9.972047709316449,14.458723883465261,3,True,True,4.582260263737496,DOWN,False,oversold,in_sample
2023-10-16 16:45:00,28087.99,18.77663637825671,256.5224496306061,0.46639150754514996,177.958622172679,9,True,True,111.58808444463294,UP,False,oversold,in_sample
2023-10-18 09:45:00,28267.58,14.721471805217732,53.38270909642701,2.9574516106439184,38.00113062384479,2,True,True,33.08843558592558,DOWN,False,oversold,in_sample
2023-10-21 02:30:00,29474.01,11.20523472075162,52.17817324483533,3.134965347435915,29.894133848770693,6,True,True,17.871168531190534,DOWN,False,oversold,in_sample
2023-10-26 10:45:00,34277.56,17.19709953856247,26.96808057516414,92.52992336677356,-2.202607186741307,10,True,True,33.66138079839994,DOWN,False,oversold,in_sample
2023-10-26 11:30:00,34056.21,19.470210051039984,92.13884927301098,28.13583778112706,74.67654210494935,7,True,True,36.18972868678001,DOWN,False,oversold,in_sample
2023-10-27 01:45:00,33848.47,17.22035678778485,89.41910816057512,11.365358611482636,49.0686875950365,7,True,True,22.730421788636004,DOWN,False,oversold,in_sample
2023-10-29 01:15:00,33991.73,15.835544680705624,11.905837096256615,11.688137085109583,-6.136786800789657,6,True,False,11.415276598161151,DOWN,False,oversold,in_sample
2023-10-30 02:15:00,34256.61,13.237573798608693,26.543782353245195,8.748676532792112,19.15542722995726,9,True,True,25.489825175345924,DOWN,False,oversold,in_sample
2023-10-31 04:00:00,34224.47,14.333580786902715,37.335859401182496,24.941218958248463,24.155231622286117,8,True,True,19.07202653540027,DOWN,False,oversold,in_sample
2023-11-01 03:15:00,34424.15,14.430880897393351,11.857954372148537,26.478504189646355,-22.007805566732088,5,True,False,18.100664794918536,DOWN,False,oversold,in_sample
2023-11-02 06:00:00,35132.41,14.805944917940721,62.75402114457672,19.68552683974811,43.794319831743195,6,True,True,39.955699025486766,DOWN,False,oversold,in_sample
2023-11-02 06:30:00,35178.29,13.638775871218343,49.63004171038345,23.67653458994194,27.937685430417122,4,True,True,38.8670114437058,DOWN,False,oversold,in_sample
2023-11-02 15:00:00,34778.59,19.59922318089977,12.458814460276209,137.61052417593598,-22.597235828133492,1,True,True,44.80400154232771,DOWN,False,oversold,in_sample
2023-11-02 16:15:00,34454.85,19.01515570551426,119.24010698058584,44.94287451548869,114.0158787514686,10,True,True,53.980208882058406,DOWN,False,oversold,in_sample
2023-11-06 18:15:00,34875.26,17.6205479998425,61.63108174677265,0.7483815174426175,42.20470327676268,6,True,True,29.2182767956426,DOWN,False,oversold,in_sample
2023-11-07 11:30:00,34683.64,19.97374179431047,40.759851042163575,46.29848539542036,30.665754805435814,10,True,True,23.034058708947683,DOWN,False,oversold,in_sample
2023-11-10 08:15:00,36417.16,14.868771824428094,91.39647353060931,3.3171175347011532,91.39647353060931,10,True,True,25.32610999869313,DOWN,False,oversold,in_sample
2023-11-14 11:30:00,36276.01,19.472428052063535,108.94527816041486,19.351632111691547,83.44908935685075,8,True,True,24.779461688317117,DOWN,False,oversold,in_sample
2023-11-14 12:15:00,36311.31,19.254585986333268,105.11876327238107,29.054308423463656,78.07484775404689,10,True,True,26.821395317327006,DOWN,False,oversold,in_sample
2023-11-21 13:45:00,37011.88,16.824189751947102,48.30611144313687,205.84741980142522,-14.117088891458636,8,True,True,18.44353758847172,DOWN,False,oversold,in_sample
2023-11-21 23:15:00,36118.01,19.126211505813103,22.540001511710145,134.55890842269548,-6.9189858466746195,1,True,True,47.79042366952113,DOWN,False,oversold,in_sample
2023-11-23 15:45:00,36951.34,17.1904935127922,91.57178061742894,9.293303030416897,82.45167834238367,10,True,True,34.33109597649248,DOWN,False,oversold,in_sample
2023-11-25 11:30:00,37602.67,19.351430429128683,35.18899056902069,2.305687335499914,25.051412572565823,8,True,True,11.475514903595899,DOWN,False,oversold,in_sample
2023-11-26 12:00:00,37639.63,19.745222929933732,0.00797032277047139,93.68583059929053,-55.36983227518343,1,True,False,7.616440437910506,DOWN,False,oversold,in_sample
2023-11-27 12:30:00,36991.22,15.515547754391989,21.02661117962555,74.6717734640818,-3.103439140423917,1,True,True,29.484293840538076,DOWN,False,oversold,in_sample
2023-11-28 05:00:00,36936.0,17.07252641690623,51.16688325752598,18.29922027290354,31.711609270088093,7,True,True,16.203839072991244,DOWN,False,oversold,in_sample
2023-11-29 00:00:00,37687.72,18.771103997991673,107.7273976775459,2.589702958948442,48.23587099458415,4,True,True,33.83462836170522,DOWN,False,oversold,in_sample
2023-11-30 07:30:00,37798.67,18.770800173636104,4.984302357729461,64.83561458643908,-23.16748181880466,1,True,False,19.995147977428665,DOWN,False,oversold,in_sample
2023-12-07 08:45:00,43585.6,19.437312794179945,11.102290664806592,175.40196762233398,-52.744484416871494,1,True,False,22.399026283910235,DOWN,False,oversold,in_sample
2023-12-11 01:30:00,43272.01,16.195083086729,22.534197047928846,663.7107913406385,-255.95067111511642,1,True,True,24.689978579687093,DOWN,False,oversold,in_sample
2023-12-11 18:00:00,41017.9,19.98294226412149,43.176271822789204,194.0372374012325,-77.5710116802665,1,True,True,56.47278383339966,DOWN,False,oversold,in_sample
2023-12-12 17:15:00,40885.54,17.767063348290208,130.99985960806646,50.27205217296895,61.745546224899336,4,True,True,50.162600273837626,DOWN,False,oversold,in_sample
2023-12-12 17:45:00,40702.99,16.771552198068605,176.43666964024055,5.648233704697852,112.5347302495475,2,True,True,53.99357639328209,DOWN,False,oversold,in_sample
2023-12-15 06:00:00,42599.04,18.978598328282146,37.80132134433049,19.50748185874577,37.798973873588885,10,True,True,24.759595521401348,DOWN,False,oversold,in_sample
2023-12-15 13:45:00,42288.02,17.477233304423123,16.69030614344246,147.09130387282187,-70.29650477842112,1,True,True,28.22324147595477,DOWN,False,oversold,in_sample
2023-12-15 14:15:00,42173.31,19.6055433252735,22.310319014562477,120.29172004758405,-88.93776656373296,3,True,True,28.421648668316664,DOWN,False,oversold,in_sample
2023-12-15 15:00:00,42093.17,18.227273549250185,14.199453260470541,101.48202190521604,-37.336223430071016,1,True,True,32.13478576215577,DOWN,False,oversold,in_sample
2023-12-16 23:30:00,42222.39,18.564864199557064,18.101770174544903,84.75124217269476,-27.774363317660796,2,True,True,20.66995733780112,DOWN,False,oversold,in_sample
2023-12-17 22:15:00,41760.0,17.49909547106276,18.668582375478717,136.01532567049807,-93.88170498084361,2,True,True,31.163673371647434,DOWN,False,oversold,in_sample
2023-12-17 23:15:00,41569.36,19.401895594055432,8.494237101556934,161.0224453780382,-141.29397229112945,1,True,False,25.188504225227508,DOWN,False,oversold,in_sample
2023-12-19 14:00:00,42622.0,17.950311236114572,30.031439162873635,91.5020411993806,-37.94284641734343,1,True,True,30.420674768898696,DOWN,False,oversold,in_sample
2023-12-23 02:30:00,43534.66,16.84033440337835,16.87620851983084,55.946227672389064,-4.977643100923616,5,True,True,22.35023771863627,DOWN,False,oversold,in_sample
2023-12-23 04:00:00,43379.99,18.01402829525719,56.420022226837766,15.942834472759495,53.9695836721038,10,True,True,25.366534201598515,DOWN,False,oversold,in_sample
2023-12-24 22:00:00,43043.32,17.390865449325545,33.26880919036847,126.22632269072174,-66.75135654034115,7,True,True,20.935420409020686,DOWN,False,oversold,in_sample
2023-12-26 02:00:00,43447.77,19.881876244764,19.58903759617596,19.688007002429263,-3.1716242283548355,2,True,True,18.80257605856437,DOWN,False,oversold,in_sample
2023-12-26 05:30:00,42764.25,19.92872855257403,19.906814687501214,51.2694598876398,-11.116762248841233,1,True,True,27.616291645474853,DOWN,False,oversold,in_sample
2023-12-26 06:00:00,42681.7,12.205866647680821,36.397331877597615,12.330811565611816,17.867142124142678,5,True,True,29.792744900039118,DOWN,False,oversold,in_sample
2023-12-26 07:45:00,42774.12,18.173258003766534,5.582815029274098,145.9106581269241,-48.821577159273346,4,True,False,32.4516319681153,DOWN,False,oversold,in_sample
2023-12-26 17:45:00,42009.99,19.332302490846388,70.56892896189672,42.26851755975179,35.11307667533414,6,True,True,42.582728536712374,DOWN,False,oversold,in_sample
2023-12-29 17:00:00,41885.79,19.946714703214624,64.31059316298024,56.29355444889564,54.9350985143168,10,True,True,44.31097037921435,DOWN,False,oversold,in_sample
2023-12-29 18:00:00,41891.11,15.233467660811755,63.86557911690592,5.449843654179072,13.177020136252557,7,True,True,49.476487970836686,DOWN,False,oversold,in_sample
2023-12-30 08:45:00,41575.91,13.17946570137839,93.70811125962089,13.375534053253572,72.68872767908125,9,True,True,20.72137446901356,DOWN,False,oversold,in_sample
2024-01-03 12:00:00,41872.16,13.782999220733103,226.58491943095237,0.21971639390122927,114.11878441427346,4,True,True,90.0834826767954,DOWN,False,oversold,out_of_sample
2024-01-05 01:45:00,43376.0,17.373217706847598,137.60143858354863,43.36729988933986,1.689874585024379,1,True,True,62.14242899299164,DOWN,False,oversold,out_of_sample
2024-01-06 06:45:00,43454.7,17.85519488692826,67.95582526170999,13.266689218886377,59.69434836738063,10,True,True,24.430959136756034,DOWN,False,oversold,out_of_sample
2024-01-10 08:45:00,45329.94,15.569458105542353,88.49780079126427,1.7538077482574135,35.68943616514799,7,True,True,28.833150893206746,DOWN,False,oversold,out_of_sample
2024-01-11 06:00:00,45715.99,19.2666915330106,128.5152087923731,21.412639210044325,103.24615085443847,10,True,True,40.53231702955547,DOWN,False,oversold,out_of_sample
2024-01-12 15:30:00,44525.97,16.37708030827629,33.667991960645935,295.1019371391575,-188.24519712877682,2,True,True,58.80231244821832,DOWN,False,oversold,out_of_sample
2024-01-12 18:15:00,43545.99,14.93651316154461,99.91964816967086,62.304244317329264,24.661283392569427,9,True,True,94.40398530381322,DOWN,False,oversold,out_of_sample
2024-01-14 20:45:00,42507.92,15.807201981752641,33.18910922952752,150.54135793988468,-111.96266483986992,5,True,True,31.90076108169934,DOWN,False,oversold,out_of_sample
2024-01-17 00:45:00,43092.0,13.13071469478811,24.598533370463194,40.35319780933803,-27.255639097743686,2,True,True,28.061125034809308,DOWN,False,oversold,out_of_sample
2024-01-17 01:45:00,42970.0,19.885653028408612,21.200837793809296,34.514777751919404,-34.24714917384303,4,True,True,25.458459390272385,DOWN,False,oversold,out_of_sample
2024-01-18 10:45:00,42447.66,17.18823475873434,24.36883446578564,22.111937383592068,-7.493934883573075,4,True,True,21.074424361672648,DOWN,False,oversold,out_of_sample
2024-01-18 11:15:00,42455.41,14.87873419268115,47.52044556865662,23.9333455971808,12.387113915516656,10,True,True,21.66473012508888,DOWN,False,oversold,out_of_sample
2024-01-18 13:00:00,42376.28,19.561192506741094,102.3497107344017,3.3698097143021606,65.20393012317213,9,True,True,22.97582515501573,DOWN,False,oversold,out_of_sample
2024-01-18 17:00:00,41702.0,19.148754691231375,114.23672725528738,106.15558006810281,-77.3128387127724,1,True,True,38.03654500983159,DOWN,False,oversold,out_of_sample
2024-01-18 18:15:00,41470.59,19.366215896298556,40.35631033944793,189.84779333980967,-153.1181495127024,1,True,True,56.496061425699594,DOWN,False,oversold,out_of_sample
2024-01-19 16:30:00,40363.64,17.843708287829244,400.20176574758887,20.721619754808888,312.8929898294597,9,True,True,46.65795750829202,DOWN,False,oversold,out_of_sample
2024-01-23 08:30:00,39530.82,14.881778586128874,13.958728910758817,170.92992252627118,-136.9058370152699,1,True,True,28.79386261150177,DOWN,False,oversold,out_of_sample
2024-01-24 04:15:00,39666.0,19.740966837155284,55.967327181969445,4.835375384460317,55.967327181969445,9,True,True,36.94234356879965,UP,False,oversold,out_of_sample
2024-01-28 19:30:00,41811.1,19.218070206806416,51.87617642205096,30.94393594045538,23.553553960551913,9,True,True,31.326729026502274,DOWN,False,oversold,out_of_sample
2024-01-30 06:00:00,43379.07,17.62694027887254,20.27705988164318,37.64718791804381,7.867849633474711,10,True,True,24.28429194079081,UP,False,oversold,out_of_sample
2024-01-30 23:45:00,42941.1,19.916670005207706,38.81363076399958,66.60984464766828,-26.282512557899214,1,True,True,34.7527194226512,DOWN,False,oversold,out_of_sample
2024-02-04 06:45:00,42746.13,17.201454023246782,40.69608172716434,6.096458322659307,36.46411967586367,10,True,True,10.392753683198839,DOWN,False,oversold,out_of_sample
2024-02-05 00:45:00,42360.96,19.778781818629653,59.09214522050485,24.281791536358146,50.055522821012765,10,True,True,30.349524656665142,DOWN,False,oversold,out_of_sample
2024-02-05 16:15:00,42562.46,19.05867643118698,68.42649602490033,5.56828717137052,39.57243072886301,5,True,True,35.49724334542673,DOWN,False,oversold,out_of_sample
2024-02-05 17:00:00,42765.18,19.527268206922614,24.431090901523906,44.622751500169464,13.228051419402352,9,True,True,37.51194312756299,DOWN,False,oversold,out_of_sample
2024-02-12 03:45:00,48145.0,19.96791705176824,7.982137293592333,25.381659570048207,-8.582407311247213,6,True,False,32.003323294215456,DOWN,False,oversold,out_of_sample
2024-02-13 14:00:00,49126.0,19.924541597545513,42.11211985506603,147.7832512315271,-97.09726010666449,1,True,True,41.99883971827547,DOWN,False,oversold,out_of_sample
2024-02-13 14:45:00,48692.16,11.62362504347378,65.26512687052569,80.34352963598378,-21.77968691469076,3,True,True,56.06939597668296,DOWN,False,oversold,out_of_sample
2024-02-17 10:15:00,51580.0,12.996552241043787,42.65219077161691,4.203179526948486,25.416828227995065,5,True,True,14.147246994959291,DOWN,False,oversold,out_of_sample
2024-02-17 14:15:00,51201.7,17.555813460121954,2.8514678223585976,112.63297898311914,-48.914391514343684,1,True,False,24.8231015767054,DOWN,False,oversold,out_of_sample
2024-02-20 17:00:00,51254.01,16.541005673325444,115.16367207170613,96.31246413695229,108.06373979323673,10,True,True,61.467385673823536,DOWN,False,oversold,out_of_sample
2024-02-21 04:30:00,51905.24,17.98855570041954,40.10192419879023,87.23396712933047,-54.732431638885885,2,True,True,18.134970573298492,DOWN,False,oversold,out_of_sample
2024-02-21 11:45:00,50965.53,18.454037902020872,93.5396924156392,66.8157478201441,-10.110755249675385,5,True,True,39.5076829378602,DOWN,False,oversold,out_of_sample
2024-02-22 13:15:00,51265.75,15.550734041690177,79.66722421889824,63.38929987369758,65.6676240960098,9,True,True,27.70231587365827,DOWN,False,oversold,out_of_sample
2024-02-26 09:15:00,51054.01,19.508093834002295,37.60527331741385,29.884038491785407,7.0513560051404385,6,True,True,15.504364887302566,DOWN,False,oversold,out_of_sample
2024-03-01 16:45:00,61427.38,18.41412473011627,173.68964784107678,0.0016279385503274455,99.39541618086348,8,True,True,52.77027931192876,DOWN,False,oversold,out_of_sample
2024-03-10 22:45:00,68418.59,12.722173330154405,84.78982101209773,203.69171595029806,-61.49059780389977,4,True,True,28.19591868233462,DOWN,False,oversold,out_of_sample
2024-03-12 17:15:00,69254.26,15.891095330861575,346.6559313463179,4.4733710243956,302.61387530528964,7,True,True,93.93422151936937,DOWN,False,oversold,out_of_sample
2024-03-14 16:15:00,70304.76,19.139986263635578,164.03441246368033,141.5807407634974,-29.337985080952524,3,True,True,76.12699339276617,DOWN,False,oversold,out_of_sample
2024-03-15 03:15:00,67439.25,15.798871187573653,220.5718479965308,79.22241128126485,0.27432096294158387,2,True,True,87.71583313871359,DOWN,False,oversold,out_of_sample
2024-03-15 03:45:00,68224.01,17.549398088054176,42.594974994874356,193.33809314345478,21.69324259890323,1,True,True,98.12799042448542,DOWN,False,oversold,out_of_sample
2024-03-15 04:30:00,66995.92,16.212306290127174,261.8189286750599,0.5851102574601936,210.32027024929243,10,True,True,117.34863854395928,DOWN,False,oversold,out_of_sample
2024-03-16 11:00:00,68359.86,12.933404060374684,15.791430819196687,92.79275879148987,-67.11102099975103,1,True,True,32.43701786399221,DOWN,False,oversold,out_of_sample
2024-03-19 02:45:00,65875.88,19.277220306667417,25.18372430091168,169.81177329244048,-167.26000472403615,4,True,True,63.267617829165964,DOWN,False,oversold,out_of_sample
2024-03-19 22:15:00,63013.19,17.804977621870577,59.1860212123838,231.41028092689837,34.41025601147862,10,True,True,74.59009772398456,DOWN,False,oversold,out_of_sample
2024-03-21 04:00:00,66591.62,19.23201712434104,110.88181966439691,78.00080550675871,58.9248316830255,8,True,True,51.85014270564357,UP,False,oversold,out_of_sample
2024-03-22 09:30:00,65440.85,16.25889325643267,24.319671886902672,231.72529085426004,-141.02047879879288,2,True,True,36.964067551078784,DOWN,False,oversold,out_of_sample
2024-03-22 14:30:00,62917.62,16.813361117158635,226.37060969566184,50.305462921197915,78.55669047875536,4,True,True,73.85951661871516,DOWN,False,oversold,out_of_sample
2024-03-23 20:45:00,65009.78,19.28478664192903,29.25559815769294,94.98878476438419,-91.64467254003918,3,True,True,39.29593362721713,UP,False,oversold,out_of_sample
2024-03-23 23:45:00,63990.01,15.028297540211426,114.57257156234253,5.494607673917146,53.65056201741454,6,True,True,37.66955185660998,DOWN,False,oversold,out_of_sample
2024-04-01 04:15:00,70601.54,13.935841749959636,0.031160793376626653,242.70575401046403,-139.73916149704203,1,True,False,22.369554545127755,DOWN,False,oversold,out_of_sample
2024-04-02 02:30:00,66696.0,11.153927959262816,87.37855343648778,56.03934268921596,-20.72987885330376,2,True,True,54.056839990404,DOWN,False,oversold,out_of_sample
2024-04-02 10:00:00,65984.0,15.368648236899716,44.85935984481086,137.76066925315226,-60.62984966052341,1,True,True,46.88106207565484,DOWN,False,oversold,out_of_sample
2024-04-04 04:00:00,65475.25,17.89864070324994,46.42517592525438,62.730573766423674,39.75089824017534,10,True,True,30.405687645331408,DOWN,False,oversold,out_of_sample
2024-04-09 08:00:00,69883.63,18.99378204620794,139.806704374113,12.53941731418426,80.21621086368893,4,True,True,41.16929816038459,DOWN,False,oversold,out_of_sample
2024-04-10 12:45:00,67976.0,19.97468989785142,146.90184771095707,67.37672119571613,96.54142638578321,7,True,True,45.03913145816162,DOWN,False,oversold,out_of_sample
2024-04-11 12:15:00,69992.76,19.610928834818637,158.19350458533214,58.400325976571686,-56.03722442149748,1,True,True,37.06447638298594,DOWN,False,oversold,out_of_sample
2024-04-12 14:30:00,69620.02,18.4946984182169,14.123810938290701,160.87613878881447,-150.5515223925531,3,True,True,37.35290509827482,DOWN,False,oversold,out_of_sample
2024-04-12 16:15:00,68970.66,19.8313652851741,11.678879105985489,563.1090089612022,-359.3789011153443,2,True,False,49.00960785354234,DOWN,False,oversold,out_of_sample
2024-04-12 17:15:00,67872.0,17.742967774968733,92.52710985384252,410.351838755304,-151.46452145214582,2,True,True,63.67522689768986,DOWN,False,oversold,out_of_sample
2024-04-12 18:30:00,66547.02,17.351255552742217,134.1878268929241,75.1348445054339,46.43483660124747,7,True,True,88.08538684376852,DOWN,False,oversold,out_of_sample
2024-04-13 19:45:00,64788.01,18.382884925190297,10.170091657391454,637.0684946180631,-308.22832805020624,1,True,False,71.0839088899318,DOWN,False,oversold,out_of_sample
2024-04-17 12:30:00,62260.72,19.68857786340915,114.70474482145342,244.08969250596542,-234.14120492021274,4,True,True,45.3980455092715,DOWN,False,oversold,out_of_sample
2024-04-19 01:00:00,62133.99,18.528185499717964,25.897258489275114,407.82508897303967,-46.330518931746596,1,True,True,44.54751738943539,DOWN,False,oversold,out_of_sample
2024-04-20 09:00:00,63547.28,16.045493636882057,59.28971310809906,42.53211152389195,23.29604036553585,9,True,True,27.38378416826025,DOWN,False,oversold,out_of_sample
2024-04-24 10:00:00,66286.02,17.279572836802416,68.03546207782514,0.0015086137332296046,27.746423755717757,8,True,True,23.705224721592835,DOWN,False,oversold,out_of_sample
2024-04-24 10:30:00,66355.31,18.952889413531466,57.52214856655818,58.067696466190526,-31.545327721322142,6,True,True,23.37476834936045,DOWN,False,oversold,out_of_sample
2024-04-24 14:30:00,64908.0,17.203907682524715,60.57188636223632,86.275959820053,9.330128797682516,1,True,True,41.37856658655331,DOWN,False,oversold,out_of_sample
2024-04-24 15:15:00,64801.98,18.983081744690537,54.777647226210355,70.0565013599898,13.501130675327815,9,True,True,45.850296549580776,DOWN,False,oversold,out_of_sample
2024-04-24 16:15:00,64421.55,18.94313361654511,114.15434741945732,54.54696448626297,-45.71606861368626,5,True,True,53.576559396661466,DOWN,False,oversold,out_of_sample
2024-04-26 00:30:00,64162.29,5.9597266264472495,77.96479832624397,42.30989885180238,32.53936229520468,7,True,True,31.787986370187227,DOWN,False,oversold,out_of_sample
2024-04-27 01:15:00,62615.58,17.78748154524817,113.31684542409427,23.007053516074585,74.49104519993271,5,True,True,33.243243933858025,DOWN,False,oversold,out_of_sample
2024-04-28 22:15:00,63480.41,16.706196709499437,0.001575289131680358,110.17729721657491,-35.12579707661043,1,True,False,15.846227206156916,DOWN,False,oversold,out_of_sample
2024-04-29 03:45:00,62279.67,16.236308418613746,57.76042165926749,35.38875527118263,3.9451076089516386,3,True,True,37.73149408145557,DOWN,False,oversold,out_of_sample
2024-04-30 08:30:00,62201.13,16.490501125151397,4.33593408994357,120.59587984977048,-93.11567169278035,1,True,False,30.480635962722925,DOWN,False,oversold,out_of_sample
2024-04-30 09:15:00,61989.96,16.417394268071263,0.0,159.6968283251028,-126.7205205488116,1,False,False,35.26433958015148,DOWN,False,oversold,out_of_sample
2024-04-30 12:30:00,61236.92,19.420086686597784,52.65450973040485,112.7914336645274,-63.70013384082703,9,True,True,52.78784432659256,DOWN,False,oversold,out_of_sample
2024-04-30 14:00:00,60573.89,18.461835962319185,162.68890771254763,68.51631949012996,-32.96634903256211,3,True,True,49.85638201541944,DOWN,False,oversold,out_of_sample
2024-05-01 07:00:00,58516.0,13.33121782666936,23.23467085925202,335.49456558889887,-193.94524574475346,1,True,True,45.864549866703335,DOWN,False,oversold,out_of_sample
2024-05-01 15:30:00,56974.05,19.511383434802212,212.00002457259023,61.24893701606369,155.7375682437874,10,True,True,59.66277629903424,DOWN,False,oversold,out_of_sample
2024-05-05 19:30:00,63867.85,18.89932180813703,8.331265261003638,44.743951769160354,-16.886430340147434,1,True,False,31.803794867057434,DOWN,False,oversold,out_of_sample
2024-05-05 20:00:00,63842.01,19.406706355264788,5.920866213328126,40.714570233612676,-6.581872970478855,8,True,False,30.345614118352373,DOWN,False,oversold,out_of_sample
2024-05-05 20:45:00,63738.78,13.867674250342233,76.6770245680892,21.773243855624287,70.47828653137088,10,True,True,25.13320775829088,DOWN,False,oversold,out_of_sample
2024-05-06 12:45:00,63593.99,19.927738448432876,104.89827733721438,107.61708771536388,-30.20882948215713,6,True,True,54.26566252565687,DOWN,False,oversold,out_of_sample
2024-05-07 18:15:00,63128.14,17.11656846847464,22.345027114690478,53.58149313444052,-24.268099772937568,3,True,True,42.02056325435864,DOWN,False,oversold,out_of_sample
2024-05-08 22:00:00,61220.96,19.542855046342694,40.37506109018877,54.38660223557408,38.248338477541594,10,True,True,41.10806168344951,DOWN,False,oversold,out_of_sample
2024-05-08 23:00:00,61191.81,17.26265488946052,56.99782372837131,49.648801040531026,43.54014042075243,9,True,True,43.58810435579529,DOWN,False,oversold,out_of_sample
2024-05-09 09:30:00,61067.6,19.353037165021647,41.6194512310953,71.65829343219622,24.061859316561048,2,True,True,29.031352140906144,DOWN,False,oversold,out_of_sample
2024-05-10 14:45:00,61063.87,15.85385721961282,42.92882190401614,132.46294412719053,-98.28725234741924,2,True,True,51.52703226965469,DOWN,False,oversold,out_of_sample
2024-05-10 17:15:00,60463.69,17.29144402240395,75.84717373352478,45.741502048584806,41.88960349591611,7,True,True,74.38340266695597,DOWN,False,oversold,out_of_sample
2024-05-12 21:15:00,61070.0,16.380710909807263,78.83248730964472,6.877353856230555,67.7894219747827,10,True,True,25.612248239724718,DOWN,False,oversold,out_of_sample
2024-05-16 17:15:00,64730.04,19.996395083796216,131.30843113954498,19.661659408831518,70.57156151919536,9,True,True,54.009467628940065,DOWN,False,oversold,out_of_sample
2024-05-21 17:00:00,69594.66,19.37197016165706,51.085816066922206,62.03349509861836,-39.63666177836142,4,True,True,50.66444753088823,DOWN,False,oversold,out_of_sample
2024-05-22 04:30:00,69315.37,18.26888169263603,107.41052092775443,21.693601289294907,71.64788992686682,6,True,True,26.661979875459277,DOWN,False,oversold,out_of_sample
2024-05-23 13:45:00,68036.14,17.452011650218154,45.453783827242404,62.494727067114965,-7.091819142003058,2,True,True,44.20481526435806,DOWN,False,oversold,out_of_sample
2024-05-23 14:30:00,67825.8,16.475674604719146,71.94754798321445,31.67673658106588,22.89689174326037,4,True,True,50.79151296409339,DOWN,False,oversold,out_of_sample
2024-05-26 02:45:00,68904.01,19.66213886782046,33.93561564849444,3.3974800595769308,9.778821290662862,4,True,True,12.814348540817965,DOWN,False,oversold,out_of_sample
2024-05-27 05:00:00,68729.99,18.373769475235022,1.542267065656676,59.36855221425293,-3.3449735697626664,1,True,False,19.684420149049764,DOWN,False,oversold,out_of_sample
2024-05-27 05:45:00,68524.61,19.94422513449024,61.23201576776526,26.6721693126023,39.94477312603474,10,True,True,22.028655106537386,DOWN,False,oversold,out_of_sample
2024-05-27 19:45:00,69260.01,14.997320329569789,90.65693175614608,11.983827319689963,64.10625698725715,8,True,True,38.76493809342495,UP,False,oversold,out_of_sample
2024-05-28 01:45:00,68614.11,15.328676133760638,33.265752481523116,140.5119151148358,-128.29431147616705,2,True,True,24.84576423129269,DOWN,False,oversold,out_of_sample
2024-05-28 03:15:00,68219.42,17.46432333299491,14.399125644867096,107.41369539641413,-24.882943888998177,1,True,True,29.681284302915348,DOWN,False,oversold,out_of_sample
2024-05-28 04:15:00,67733.83,17.132869929689676,53.09902009084729,36.492842645987615,35.280745234693086,10,True,True,38.098465714990475,DOWN,False,oversold,out_of_sample
2024-05-29 07:45:00,67946.9,17.60955048614342,12.720227118530438,50.71018692537815,9.093865945320266,5,True,True,22.404995665733395,DOWN,False,oversold,out_of_sample
2024-05-31 16:00:00,66825.01,13.091182747225417,94.9719274265741,23.196405058524462,88.89336492429989,5,True,True,45.21226409094447,DOWN,False,oversold,out_of_sample
2024-06-07 17:15:00,70438.04,19.904820454271018,11.676929113870859,286.4986021757553,-167.95470174922437,1,True,False,44.36132805512464,DOWN,False,oversold,out_of_sample
2024-06-11 01:45:00,68724.01,18.23768598096322,28.85163423962002,161.08053066169958,-113.84085416435984,1,True,True,20.115531675174662,DOWN,False,oversold,out_of_sample
2024-06-12 19:45:00,67532.92,19.615072659682355,167.9951052020265,17.68174691691156,114.55302095629814,7,True,True,54.94342610981427,DOWN,False,oversold,out_of_sample
2024-06-14 16:45:00,65293.4,13.058264747471398,70.42518845702544,32.989551777055794,57.75775193204866,3,True,True,47.158135431758595,DOWN,False,oversold,out_of_sample
2024-06-14 18:00:00,65144.01,16.955147326582704,126.82977299063933,10.132934708809303,94.93735494637174,10,True,True,51.436962508141434,DOWN,False,oversold,out_of_sample
2024-06-18 00:45:00,65749.99,18.846208746215595,32.86996697642012,179.61827826894046,-44.92776348711364,1,True,True,36.97932121358491,DOWN,False,oversold,out_of_sample
2024-06-18 02:00:00,64858.01,19.85507747648043,140.49768101118087,10.794349071148195,129.82051099008402,9,True,True,46.47359670763864,DOWN,False,oversold,out_of_sample
2024-06-20 14:30:00,64876.0,13.541462855942811,38.67531907022682,48.839324249336975,2.4662432949010418,5,True,True,41.77315185893095,DOWN,False,oversold,out_of_sample
2024-06-22 11:15:00,64257.85,17.803542040234106,12.16193819120955,3.1544784022491883,4.069541698018445,4,True,True,12.172753990368488,DOWN,False,oversold,out_of_sample
2024-06-23 21:00:00,63694.01,18.44834614049104,26.06053536274415,69.70985183693129,-49.60121053769425,2,True,True,16.672760907972208,DOWN,False,oversold,out_of_sample
2024-06-23 23:30:00,63378.08,18.846963370336795,3.4570312006921347,74.85080015046202,-22.731834097845773,1,True,False,21.21380136476204,DOWN,False,oversold,out_of_sample
2024-06-24 01:00:00,63047.71,17.341659951652204,51.086708779748506,55.94017609838681,-25.330023881913725,4,True,True,31.187809993416035,DOWN,False,oversold,out_of_sample
2024-06-24 17:15:00,59967.07,14.395370440332798,86.70258526888179,151.59486698282905,-110.11877018503631,5,True,True,57.444444092399344,DOWN,False,oversold,out_of_sample
2024-06-26 05:30:00,61630.0,14.005178893489614,27.583968846341065,17.848450429985395,-12.922278111309332,8,True,True,25.640191465195315,DOWN,False,oversold,out_of_sample
2024-06-26 06:30:00,61540.62,18.895299712719563,42.14777166690836,27.653280061201897,-13.101915450316335,4,True,True,23.992364717807302,DOWN,False,oversold,out_of_sample
2024-06-28 19:45:00,60123.73,19.639587780522817,48.01265656671638,10.100837057182446,30.31748030270225,9,True,True,37.284945561428124,DOWN,False,oversold,out_of_sample
2024-06-28 20:30:00,60247.61,19.893551622609507,29.93645723041969,19.05137813765539,27.486567516951883,10,True,True,36.08508287714651,DOWN,False,oversold,out_of_sample
2024-07-01 09:00:00,62886.13,19.85795319128637,14.607354594725512,35.433886613788204,-23.59979855653325,4,True,True,17.723701553903986,DOWN,False,oversold,out_of_sample
2024-07-01 10:30:00,62840.0,17.08331479916393,25.45989815404169,39.29503500954811,-1.2810311903250973,10,True,True,18.370146403564625,DOWN,False,oversold,out_of_sample
2024-07-01 11:00:00,62812.05,17.816955162140303,42.835729768411895,34.862737325083835,-16.88529509863234,10,True,True,19.1404356329717,DOWN,False,oversold,out_of_sample
2024-07-01 22:15:00,62881.34,15.916246153300449,24.78318687229054,14.936068474367477,7.205635248867939,3,True,True,28.935134015910137,DOWN,False,oversold,out_of_sample
2024-07-02 07:00:00,62690.0,17.078996547072393,16.85755303876221,46.06316796937259,-5.536768224597085,8,True,True,16.26351890253625,DOWN,False,oversold,out_of_sample
2024-07-02 16:00:00,61890.56,15.262981894616203,76.91964655029862,10.34406539543297,66.15386902299807,9,True,True,36.005410195028134,DOWN,False,oversold,out_of_sample
2024-07-03 02:30:00,61257.9,15.515924746029498,18.53964957989087,107.39839269710544,-44.384479389597,1,True,True,26.362640573705686,DOWN,False,oversold,out_of_sample
2024-07-03 03:00:00,60814.86,15.19457460444201,40.96696103550997,35.33018081436027,25.258629223186666,2,True,True,30.337568811307012,DOWN,False,oversold,out_of_sample
2024-07-03 03:30:00,61000.0,19.416343386309563,28.26229508196745,30.16393442622951,26.229508196721312,10,True,True,33.74811475409834,DOWN,False,oversold,out_of_sample
2024-07-03 10:00:00,60269.99,19.447665816224657,34.84487055664055,111.1647770308238,-29.862291332717316,5,True,True,26.990629996786044,DOWN,False,oversold,out_of_sample
2024-07-03 19:45:00,59671.1,11.594758969754267,112.09781619578011,45.43237848807858,100.90479310755133,8,True,True,34.39847765501212,DOWN,False,oversold,out_of_sample
2024-07-04 01:45:00,58561.1,17.48833111159206,101.55205417931091,129.9651133602334,41.5173212251827,8,True,True,44.53528024576047,DOWN,False,oversold,out_of_sample
2024-07-04 09:00:00,57514.0,19.367974404161117,105.18482456445372,97.71533887401328,35.12188336752791,8,True,True,54.21723406474939,DOWN,False,oversold,out_of_sample
2024-07-05 00:30:00,56942.0,16.35042443036977,106.07284605387939,341.048786484493,-276.6358751009802,1,True,True,52.216114642969934,DOWN,False,oversold,out_of_sample
2024-07-05 04:15:00,54451.65,10.201148643131276,67.33496597440141,130.08421232414474,-30.790618833406057,7,True,True,106.57418094768471,DOWN,False,oversold,out_of_sample
2024-07-05 05:15:00,54220.01,15.795962255056452,110.34487083274253,64.33971517157569,35.97195942973837,3,True,True,102.52792280930966,DOWN,False,oversold,out_of_sample
2024-07-07 21:15:00,56235.98,13.913024557942677,99.07002598692107,90.97556404280685,-67.24698315918128,3,True,True,35.2016627077541,DOWN,False,oversold,out_of_sample
2024-07-08 01:30:00,54611.08,19.490605820891574,160.75858598657967,5.48972845803511,114.84482636124395,6,True,True,70.79698844996283,DOWN,False,oversold,out_of_sample
2024-07-16 05:45:00,63654.92,19.764822962497576,35.455232682721515,171.8484604175139,-171.1776560240744,2,True,True,35.79032068534534,DOWN,False,oversold,out_of_sample
2024-07-16 06:30:00,63430.01,15.932658470255419,0.9128171349808826,166.60410427177987,-72.20714611269997,1,True,False,38.11476618086622,DOWN,False,oversold,out_of_sample
2024-07-16 07:30:00,62914.01,19.396403111567878,68.09770987416003,85.9538280901192,64.53252622110719,10,True,True,48.58194542042391,DOWN,False,oversold,out_of_sample
2024-07-17 12:30:00,64769.99,19.297887429885648,87.9836479826541,35.90860520435382,44.15625199262807,5,True,True,38.008111472612434,DOWN,False,oversold,out_of_sample
2024-07-21 06:15:00,66799.99,17.049606235284813,13.773954157776783,31.12126214390143,-0.5958084724279865,8,True,True,17.985406884043098,DOWN,False,oversold,out_of_sample
2024-07-23 05:45:00,66428.0,17.958716788852172,51.78689709158709,25.83398566869401,47.8728849280416,2,True,True,31.37419461672778,DOWN,False,oversold,out_of_sample
2024-07-23 18:00:00,65881.99,15.963282690954728,33.89849031579066,66.9242079663962,-22.4082484454408,3,True,True,55.84401746213165,DOWN,False,oversold,out_of_sample
2024-07-25 02:30:00,64111.12,18.610272197176556,27.589597561233898,48.528242838372286,22.910222126831876,3,True,True,46.386180743683596,DOWN,False,oversold,out_of_sample
2024-07-27 01:45:00,67657.99,19.42222222222381,62.60605731858155,0.0,24.780517422996,5,True,True,20.31430434158641,DOWN,False,oversold,out_of_sample
2024-07-28 04:45:00,67338.0,19.388217865186988,37.54492262912575,40.29522706347033,13.365410318096766,7,True,True,28.225890284831465,DOWN,False,oversold,out_of_sample
2024-07-29 16:15:00,67345.93,15.148966876994166,29.90381155921583,136.300738589547,10.99695259981,8,True,True,54.77821748099695,DOWN,False,oversold,out_of_sample
2024-07-31 20:45:00,64595.81,18.776987901060693,83.63235943631689,10.187967300045882,22.013811731752316,2,True,True,53.82268602251437,DOWN,False,oversold,out_of_sample
2024-08-01 02:15:00,64016.0,11.434972196663466,23.534741314671876,62.90146213446611,-43.05017495626039,1,True,True,41.615299300175096,DOWN,False,oversold,out_of_sample
2024-08-01 03:00:00,63830.02,16.01725250865556,79.58480978072782,38.54299277988583,76.33712162396347,10,True,True,41.45792215011071,DOWN,False,oversold,out_of_sample
2024-08-01 15:15:00,62983.99,18.71904772479951,42.99981630252414,108.27989779624916,37.47142726270629,10,True,True,41.22396818620104,DOWN,False,oversold,out_of_sample
2024-08-03 15:45:00,60879.0,16.575533397662852,67.18244386405821,80.81604494160548,-47.14269288260319,3,True,True,32.23681400811437,DOWN,False,oversold,out_of_sample
2024-08-04 14:45:00,59586.7,14.058666945038794,2.2320417140071376,251.33125345085372,-233.4262511600737,1,True,False,38.03441036338636,DOWN,False,oversold,out_of_sample
2024-08-05 01:00:00,53928.0,12.791957366916137,234.75745438362262,123.8688621866192,83.52618305889378,2,True,True,128.0441514612076,DOWN,False,oversold,out_of_sample
2024-08-05 02:00:00,53891.48,17.667265233917774,153.7385872497836,54.086471553574555,15.315964601453437,3,True,True,160.5846601355169,DOWN,False,oversold,out_of_sample
2024-08-05 06:15:00,50012.02,18.01523487092676,641.1158757434724,2.4034222172983215,547.8642934238616,8,True,True,186.56834896890774,DOWN,False,oversold,out_of_sample
2024-08-07 18:30:00,54782.11,16.74624940254961,94.07268175687254,25.389675571094976,31.475603988236358,8,True,True,78.24561704541884,DOWN,False,oversold,out_of_sample
2024-08-07 19:30:00,54858.95,18.69689087080407,128.92882565196763,39.360942927270806,29.357105814092854,8,True,True,68.90935754329985,DOWN,False,oversold,out_of_sample
2024-08-09 02:15:00,61279.49,18.530876821603854,47.940999508970926,91.30134731865392,-91.29971545128654,4,True,True,81.56285243235556,UP,False,oversold,out_of_sample
2024-08-11 20:15:00,58620.41,19.781827187629204,124.29629884881346,56.922153905098966,64.07154095305653,7,True,True,44.81996969997325,DOWN,False,oversold,out_of_sample
2024-08-11 21:15:00,58600.0,18.158348663854014,127.82252559726977,15.412969283276402,19.213310580204183,3,True,True,49.20017064846431,DOWN,False,oversold,out_of_sample
2024-08-15 18:45:00,57872.82,18.23920726720418,15.589356108791858,310.03846019599507,-138.98925264053187,1,True,True,59.92052918796769,DOWN,False,oversold,out_of_sample
2024-08-16 22:45:00,58966.56,12.109767441859987,53.238649159795024,44.52862775105071,47.77623113846241,10,True,True,35.95444604535188,UP,False,oversold,out_of_sample
2024-08-18 23:00:00,59220.0,18.24589941710707,8.122255994596175,170.54542384329636,-104.2874029044236,1,True,False,22.707277946639625,DOWN,False,oversold,out_of_sample
2024-08-19 00:45:00,58346.03,19.623994883040723,68.89414755382691,22.229447316295058,57.26696400766336,7,True,True,41.08342932672547,DOWN,False,oversold,out_of_sample
2024-08-20 15:45:00,58825.53,19.72861126746149,107.3751481712106,47.139396789114464,86.04257369206898,10,True,True,55.665881803359945,DOWN,False,oversold,out_of_sample
2024-08-20 17:00:00,58714.74,15.247958977126927,132.02476924874406,5.2354826062412885,131.01139509431587,10,True,True,58.0903534614988,DOWN,False,oversold,out_of_sample
2024-08-22 02:45:00,60186.48,19.639091996399415,110.24402822693682,18.688582552095287,87.51300956626788,8,True,True,35.77796873982333,DOWN,False,oversold,out_of_sample
2024-08-24 21:45:00,63612.37,18.968709862972872,140.64402882646854,6.6606542092367595,114.36612092899458,9,True,True,28.96433508136863,DOWN,False,oversold,out_of_sample
2024-08-26 02:30:00,63965.28,18.522464407941968,37.525044836823795,5.202822531223006,1.9729453228380491,7,True,True,39.23847437234685,DOWN,False,oversold,out_of_sample
2024-08-27 21:45:00,60419.99,17.819800846772708,0.0016550813732404241,394.89910541196645,-212.5107931994027,1,True,False,45.03699851655054,DOWN,False,oversold,out_of_sample
2024-08-28 07:45:00,58600.98,12.97246400450787,278.83492733397975,11.370117018521645,225.42797065851096,9,True,True,28.022056969013065,DOWN,False,oversold,out_of_sample
2024-08-29 18:45:00,59161.0,17.52549585463089,91.74456145095532,35.47945437027796,53.75162691638072,3,True,True,51.73382802859974,DOWN,False,oversold,out_of_sample
2024-09-01 02:15:00,58315.0,15.518247607189679,61.22095515733552,6.686101346137008,21.778273171568205,4,True,True,18.47337734716609,DOWN,False,oversold,out_of_sample
2024-09-01 23:15:00,57374.01,19.682890894681876,48.10366226798475,42.87829977371323,8.578797263778696,5,True,True,44.17862722162878,DOWN,False,oversold,out_of_sample
2024-09-04 01:00:00,56202.01,18.303316706047042,128.4011016687836,28.13244579686751,92.87924043997715,3,True,True,47.506663907572005,DOWN,False,oversold,out_of_sample
2024-09-05 03:45:00,57135.42,16.136186865004234,27.24754626814685,103.91802493094441,-49.60670631282666,4,True,True,33.531476621682295,DOWN,False,oversold,out_of_sample
2024-09-05 04:45:00,57206.4,19.982781897513433,10.899130167253759,116.19678917044267,-3.0416177210943975,2,True,False,33.78372000335615,DOWN,False,oversold,out_of_sample
2024-09-06 16:00:00,54128.31,17.820634933556903,56.65981442982468,134.55251050697828,-86.02337667664062,5,True,True,85.48271689989944,DOWN,False,oversold,out_of_sample
2024-09-15 23:00:00,58844.2,15.744091829844578,72.69875365796474,72.08866804204953,-28.24407503203325,1,True,True,33.183049476414006,DOWN,False,oversold,out_of_sample
2024-09-16 02:45:00,58263.99,13.969859425983202,64.72436920300183,7.89338320290079,35.35631528153153,10,True,True,47.8090326460649,DOWN,False,oversold,out_of_sample
2024-09-18 10:00:00,59545.46,15.585124353543662,76.33495483954627,33.01343209037292,58.53342975266307,6,True,True,24.646799268995416,DOWN,False,oversold,out_of_sample
2024-09-19 22:00:00,62819.99,17.971348448946827,42.34639324202441,27.059857857347314,6.368991781119678,2,True,True,35.172960072104416,DOWN,False,oversold,out_of_sample
2024-09-20 14:00:00,62616.91,17.11448265385569,141.988801427601,4.936366230783903,48.723260218365375,2,True,True,31.89010764025246,DOWN,False,oversold,out_of_sample
2024-09-23 06:45:00,63671.42,17.78392090542488,6.059233483406173,58.33386470727341,1.6396681588069386,10,True,False,36.54693110346833,UP,False,oversold,out_of_sample
2024-09-25 07:00:00,63762.65,19.456966028854325,23.904276249496885,18.3743931596324,-10.531243604210529,5,True,True,19.8255561837533,DOWN,False,oversold,out_of_sample
2024-09-29 05:30:00,65570.01,17.694872863694386,7.6239122123063945,21.04773203481207,-8.04331126379239,2,True,False,12.02996613848291,DOWN,False,oversold,out_of_sample
2024-09-29 06:45:00,65499.99,15.804659115197012,25.219851178602482,10.38015425651179,15.575574897033846,10,True,True,10.630612310016929,DOWN,False,oversold,out_of_sample
2024-09-29 23:15:00,65549.92,15.49949375632849,27.708653191339465,129.66301103037122,-118.9826013517637,2,True,True,17.17889205661868,DOWN,False,oversold,out_of_sample
2024-09-30 00:15:00,65239.88,17.75044531126774,46.615659011022494,138.64525808447178,-132.4144066482028,3,True,True,21.10902104663586,DOWN,False,oversold,out_of_sample
2024-09-30 01:45:00,64769.99,18.578256824816606,6.177243504283703,89.54609997623868,-62.76517875022041,1,True,False,27.194847490326982,DOWN,False,oversold,out_of_sample
2024-09-30 04:15:00,64363.46,13.313729804698099,60.0573679538053,8.305954962644819,-1.1590427239304921,7,True,True,31.833745420149768,DOWN,False,oversold,out_of_sample
2024-10-01 13:30:00,62790.01,18.316525763572145,46.82114240784449,155.43873937908276,-38.15893642953689,2,True,True,26.51568298842452,DOWN,False,oversold,out_of_sample
2024-10-02 19:30:00,60098.77,12.94420957187667,149.8316854072057,16.43461255529802,74.41583247044876,5,True,True,59.99174359142441,DOWN,False,oversold,out_of_sample
2024-10-03 08:00:00,60539.99,18.31143887634522,68.2953532037252,68.29039780151935,62.439719596914706,10,True,True,28.254877478506227,DOWN,False,oversold,out_of_sample
2024-10-09 09:00:00,62130.86,19.45389143230831,23.2589730771475,12.810059284549382,6.100028230737745,3,True,True,15.965415576092015,DOWN,False,oversold,out_of_sample
2024-10-09 18:45:00,61196.01,13.675291604524844,3.5933715286336416,146.2529991742929,-64.7117352912391,1,True,False,37.53864018258713,DOWN,False,oversold,out_of_sample
2024-10-09 20:45:00,60420.01,19.23535882758739,89.04169330657145,9.599468785258393,38.18602479542806,4,True,True,40.067603431379744,DOWN,False,oversold,out_of_sample
2024-10-11 22:30:00,62415.0,18.870195002728522,105.54834575022012,9.180485460226373,64.24577425298372,10,True,True,30.32868701433956,UP,False,oversold,out_of_sample
2024-10-13 11:30:00,62530.0,16.251026178966768,46.05789221173837,1.5704461858307548,4.159603390372947,7,True,True,12.170398208859739,DOWN,False,oversold,out_of_sample
2024-10-15 03:45:00,65400.0,10.898082744702705,44.527522935780794,30.428134556574925,11.027522935780217,4,True,True,28.451911314984613,DOWN,False,oversold,out_of_sample
2024-10-15 21:30:00,66239.47,17.776822380026545,138.43709800214282,0.07095467400345506,105.75718676493015,8,True,True,49.25658372568505,DOWN,False,oversold,out_of_sample
2024-10-18 22:00:00,68344.16,9.683396654004085,19.875875275955764,20.493338421307346,-5.216246713692688,8,True,True,23.632670296921066,DOWN,False,oversold,out_of_sample
2024-10-19 11:45:00,68090.3,17.938821911003174,27.604519292761502,0.3377867332061851,26.70571285484078,10,True,True,9.649979512500307,DOWN,False,oversold,out_of_sample
2024-10-21 13:45:00,67312.0,19.118889421649968,45.794212027573096,70.0216900404091,-48.42970049916883,1,True,True,29.15089434276187,DOWN,False,oversold,out_of_sample
2024-10-21 14:30:00,67333.99,16.825287481343324,39.20902355556157,73.26463202314417,18.905756216138144,10,True,True,32.95623800104519,DOWN,False,oversold,out_of_sample
2024-10-22 00:30:00,66968.3,17.805610591094194,108.50208232850399,0.0014932438197345947,78.68498976381397,6,True,True,26.017533668915405,DOWN,False,oversold,out_of_sample
2024-10-25 17:45:00,66836.01,18.32784808383491,112.19401038452185,124.09627684237718,11.097311165043852,3,True,True,52.03228020344131,DOWN,False,oversold,out_of_sample
2024-10-30 13:15:00,71772.03,14.571141507437744,97.24818985891875,46.81907422710474,40.309574635132606,5,True,True,25.738299446176924,DOWN,False,oversold,out_of_sample
2024-10-31 14:00:00,71160.02,10.316194953915314,28.102858880589963,112.9974387303448,-99.77793710569559,1,True,True,30.011444628599207,DOWN,False,oversold,out_of_sample
2024-11-01 02:00:00,69042.01,19.836502059325497,97.39577396428672,0.0,76.47517793876511,5,True,True,38.51814279451012,DOWN,False,oversold,out_of_sample
2024-11-03 02:00:00,68686.0,18.402264702680455,6.405963369536732,119.65174853681923,-19.59205660542279,1,True,False,19.700084442244346,DOWN,False,oversold,out_of_sample
2024-11-03 03:15:00,68272.0,17.694552187210647,62.24660182798236,7.144949613311289,23.435669088352473,5,True,True,31.986539137567426,DOWN,False,oversold,out_of_sample
2024-11-03 14:30:00,67711.99,18.215299797398856,123.46262456619435,34.44884724256506,104.19720347902839,6,True,True,27.223317465636562,DOWN,False,oversold,out_of_sample
2024-11-09 17:00:00,75861.32,19.912128938262924,110.55436420035836,19.33264541139061,34.921617498877985,8,True,True,13.94155809574629,DOWN,False,oversold,out_of_sample
2024-11-12 10:30:00,86261.3,16.426545447715128,185.41918566031313,119.67127784997477,27.208029556707015,4,True,True,69.47883929409852,DOWN,False,oversold,out_of_sample
2024-11-15 15:30:00,88196.0,18.67019897183475,198.19492947525964,10.771463558438025,146.1630912966581,9,True,True,68.06215701392384,DOWN,False,oversold,out_of_sample
2024-11-18 13:00:00,89784.0,18.62693865362698,276.44123674596807,45.34215450414393,234.33908045977068,10,True,True,43.222845941370416,DOWN,False,oversold,out_of_sample
2024-11-18 13:45:00,89502.23,17.703744198261347,345.44055494483257,7.3674141973895315,274.10825406249677,8,True,True,47.37619386690144,DOWN,False,oversold,out_of_sample
2024-11-18 19:15:00,89843.96,19.487655466864595,237.74998341569022,19.622910655318723,159.42863604854406,8,True,True,75.72506821827527,DOWN,False,oversold,out_of_sample
2024-11-19 22:30:00,91709.8,17.43290682266172,77.29599235850368,16.075708375768734,39.52031298727097,6,True,True,59.0367659726661,DOWN,False,oversold,out_of_sample
2024-11-21 15:15:00,96156.0,19.582615675323098,197.5945338824416,57.822704771413115,196.8311909813214,10,True,True,49.543762219726275,DOWN,False,oversold,out_of_sample
2024-11-23 16:30:00,97784.01,19.69781022768568,29.007810172645684,45.81014830543328,-19.322177521661036,6,True,True,20.76484693151768,DOWN,False,oversold,out_of_sample
2024-11-24 11:15:00,97424.49,17.23394835870289,18.68421379470386,104.76934495628423,-21.509991994827196,9,True,True,20.85733268914204,DOWN,False,oversold,out_of_sample
2024-11-24 12:30:00,96622.75,14.331309786608102,101.81556620982161,22.66236471224439,32.90632899601772,4,True,True,26.95912712068333,DOWN,False,oversold,out_of_sample
2024-11-25 13:00:00,97500.0,18.141700989153733,33.700512820513,305.12820512820514,-139.4871794871795,2,True,True,26.82764102564117,DOWN,False,oversold,out_of_sample
2024-11-25 14:30:00,96595.06,18.306510475006277,2.539467339219918,214.3028846402702,-159.7452292073733,1,True,False,33.20651180298461,DOWN,False,oversold,out_of_sample
2024-11-26 19:45:00,91683.89,19.370211288155843,73.6345283778863,97.37697647863693,67.19937384855731,10,True,True,65.52743344550504,DOWN,False,oversold,out_of_sample
2024-11-30 03:15:00,96447.64,19.251609767949816,76.29735678343144,1.828971657574972,67.87931773136259,10,True,True,21.595914633058857,DOWN,False,oversold,out_of_sample
2024-11-30 23:00:00,96449.83,17.868989709514793,23.085577237409698,30.913481133144924,-1.2949737703016415,6,True,True,12.867259589778419,DOWN,False,oversold,out_of_sample
2024-12-02 08:30:00,95065.25,13.479564602225409,50.59261927991631,25.754942000362544,1.6472896247580997,5,True,True,35.60365117642903,DOWN,False,oversold,out_of_sample
2024-12-04 12:15:00,95904.76,19.75035746029323,68.3219477323133,57.593595980010925,-8.526167001511658,9,True,True,19.250087274083043,DOWN,False,oversold,out_of_sample
2024-12-05 18:15:00,101076.0,19.760921300982204,18.843246665875817,315.4062289762159,-198.1835450552063,1,True,True,64.28435038980565,DOWN,False,oversold,out_of_sample
2024-12-05 22:15:00,94115.9,16.494590144004903,386.9282448555452,5.512352323038945,365.0913395079908,9,True,True,109.45881620427582,DOWN,False,oversold,out_of_sample
2024-12-06 23:15:00,99404.26,18.45130535314118,102.9875379586353,13.74991373609069,64.38858857759244,7,True,True,44.36560364716783,DOWN,False,oversold,out_of_sample
2024-12-08 05:45:00,99534.26,14.956548089306168,33.062987558254925,25.81322250248236,-11.078597459808265,7,True,True,19.623896334789727,DOWN,False,oversold,out_of_sample
2024-12-09 03:15:00,99140.0,16.523725512191902,41.84890054468423,71.39600564857848,29.843655436755636,10,True,True,39.40402461166035,DOWN,False,oversold,out_of_sample
2024-12-10 16:30:00,94596.88,16.84928421646498,201.18211086877236,35.977930773193684,110.25416483080637,1,True,True,65.39042302452255,DOWN,False,oversold,out_of_sample
2024-12-12 01:30:00,100539.86,17.73765783481707,128.22178188829778,20.713177838123105,35.82360269847185,6,True,True,28.55658442333195,DOWN,False,oversold,out_of_sample
2024-12-12 19:30:00,99472.0,14.078375906480517,99.79994370275011,16.121119511018236,15.997466623773992,4,True,True,56.93818360945777,DOWN,False,oversold,out_of_sample
2024-12-13 02:00:00,99344.0,19.303037922600282,66.03217104203628,13.991786116927042,56.01747463359639,10,True,True,31.866796182960158,DOWN,False,oversold,out_of_sample
2024-12-18 04:15:00,104040.01,19.83125948762445,8.18627372296468,86.71567793966838,-23.583234949708345,4,True,False,43.568911613907105,DOWN,False,oversold,out_of_sample
2024-12-18 05:45:00,103572.17,17.229743924551215,77.8925458450856,41.9369411686548,36.286774719502525,9,True,True,46.170559137652525,DOWN,False,oversold,out_of_sample
2024-12-18 20:30:00,100373.21,19.539170073339406,150.46843674721455,6.923162066850829,22.59367813383659,1,True,True,69.07450703230477,DOWN,False,oversold,out_of_sample
2024-12-19 15:15:00,99916.23,19.35239615840527,128.48463157587153,241.82557728609214,-106.12590166782667,5,True,True,44.30251221448222,DOWN,False,oversold,out_of_sample
2024-12-19 20:00:00,95979.8,17.899351504584672,219.95253167853977,26.59309563053947,186.8632774813028,6,True,True,98.99301728071927,DOWN,False,oversold,out_of_sample
2024-12-20 10:45:00,94359.53,18.31104166024143,41.37260963466005,225.41337372070475,-55.392391208391246,1,True,True,70.54353704390016,DOWN,False,oversold,out_of_sample
2024-12-21 11:00:00,98107.44,17.83247077574596,32.345151397284624,174.20187500560638,-82.37499622862481,3,True,True,32.931243542793666,UP,False,oversold,out_of_sample
2024-12-22 14:45:00,95363.44,16.77636769775127,55.0158425493034,26.667452432504287,18.11071412692242,7,True,True,33.70657560171914,DOWN,False,oversold,out_of_sample
2024-12-22 15:45:00,95377.72,18.848634847483126,90.71300928560645,18.633282489873018,84.63297298362676,10,True,True,36.48566981890528,DOWN,False,oversold,out_of_sample
2024-12-23 15:45:00,93250.37,18.08873068535698,108.27088407263206,34.48243690614722,1.0402103498368578,4,True,True,54.289489682453954,DOWN,False,oversold,out_of_sample
2024-12-24 02:15:00,93817.23,13.247310217963644,63.82303122784632,2.2629105549157575,63.4286473817237,10,True,True,42.70505535070676,DOWN,False,oversold,out_of_sample
2024-12-26 08:00:00,96702.38,15.90330201383641,5.898510460651909,155.45015541499652,-115.13573916174549,1,True,False,31.713231877022814,DOWN,False,oversold,out_of_sample
2024-12-27 15:15:00,94680.02,18.000878709873547,33.3903605005575,124.63136361821738,-41.05618059649767,5,True,True,39.34710829169663,DOWN,False,oversold,out_of_sample
2024-12-30 14:45:00,91883.99,19.893745646857994,75.41248480828904,38.476779251750834,71.18106211974398,10,True,True,37.37609783815431,DOWN,False,oversold,out_of_sample
2024-12-31 17:30:00,93718.73,14.978025893811775,74.47710825786962,25.865694082707794,24.27583045566338,2,True,True,56.58191270837739,DOWN,False,oversold,out_of_sample
2025-01-03 07:15:00,96452.07,19.37242147739974,25.962117764811985,36.501031030232134,10.601120328469882,10,True,True,17.59386812538086,DOWN,False,oversold,out_of_sample
2025-01-03 07:45:00,96304.0,19.25586685823798,41.37730520019895,21.181882372487667,24.194218308689152,8,True,True,17.21050008307038,DOWN,False,oversold,out_of_sample
2025-01-04 11:00:00,97771.74,18.891005595293734,25.081889715780438,4.884847093854452,10.695319526889103,5,True,True,13.96436229937228,DOWN,False,oversold,out_of_sample
2025-01-05 08:45:00,97861.04,16.980735060319176,8.377184628327115,26.6745581285457,-13.669382626629506,1,True,False,12.264380186435583,DOWN,False,oversold,out_of_sample
2025-01-05 09:45:00,97652.2,18.490860748163726,27.719805595777906,8.515937172946796,6.663444346364647,10,True,True,12.39280835454798,DOWN,False,oversold,out_of_sample
2025-01-05 10:15:00,97600.02,16.10118881731428,36.540976118652374,3.1741796774232705,17.41700462766203,10,True,True,12.881503507888484,DOWN,False,oversold,out_of_sample
2025-01-07 12:00:00,100718.09,18.843631194063335,24.024482592948413,50.66914990147269,-0.14694480405614577,6,True,True,19.043351596520637,DOWN,False,oversold,out_of_sample
2025-01-07 15:15:00,98457.16,16.62983394346331,9.07907561014348,190.96224185219273,-119.83384448627258,1,True,False,42.27681359080446,DOWN,False,oversold,out_of_sample
2025-01-07 16:00:00,97831.69,16.670599261260293,52.75591170918087,128.24985441833851,-98.85038273385719,2,True,True,54.50008069982238,DOWN,False,oversold,out_of_sample
2025-01-07 16:45:00,97733.58,18.432014369361212,7.413009939879117,118.3400833162974,-89.16280361366056,1,True,False,54.99164156270554,DOWN,False,oversold,out_of_sample
2025-01-08 06:45:00,95284.31,19.709674181805113,89.01360570276508,3.5210413970571763,65.9510469247249,7,True,True,33.24503268166617,DOWN,False,oversold,out_of_sample
2025-01-09 08:00:00,92926.58,14.65037509095093,92.67208585530624,19.002098215602224,31.979009665479804,6,True,True,30.920539634623573,DOWN,False,oversold,out_of_sample
2025-01-09 20:00:00,91762.39,18.573630480453375,104.4305842513473,60.88769047972717,90.49241197837205,10,True,True,58.41391009976984,DOWN,False,oversold,out_of_sample
2025-01-12 01:15:00,94350.17,13.69576709819222,36.971846473620744,0.0,28.85315415965821,7,True,True,15.929012104588516,DOWN,False,oversold,out_of_sample
2025-01-12 09:15:00,94000.01,19.383840548649815,37.08829392677774,30.72552864621955,27.137231155614888,10,True,True,11.405796658957923,DOWN,False,oversold,out_of_sample
2025-01-12 22:15:00,93916.09,18.23642919103368,215.50194434201887,12.36103419552459,150.0637430710751,9,True,True,20.104329300762096,DOWN,False,oversold,out_of_sample
2025-01-13 07:45:00,93590.24,15.390478357317733,7.619384243484968,181.6920225869713,-169.1960614696585,1,True,False,30.86684038848494,DOWN,False,oversold,out_of_sample
2025-01-14 13:15:00,95898.65,13.39785982616101,142.5285965965112,0.0,59.750580430485726,5,True,True,37.081283208887854,UP,False,oversold,out_of_sample
2025-01-19 23:15:00,100538.35,12.500115911080925,141.74491624340234,98.30577088245488,15.364286364357596,2,True,True,89.11599404605305,DOWN,False,oversold,out_of_sample
2025-01-20 00:00:00,101408.0,19.51970710794633,90.07376143893956,183.2202587567056,24.5858314925851,10,True,True,102.88162669611863,DOWN,False,oversold,out_of_sample
2025-01-23 02:00:00,102519.19,18.34231052663459,47.65546821039043,92.05008350144028,-67.2274137163985,6,True,True,37.50210082619665,DOWN,False,oversold,out_of_sample
2025-01-24 02:45:00,103016.01,17.233036962934875,197.63821176921968,25.822199869709067,180.91945125811117,9,True,True,41.11676427770795,DOWN,False,oversold,out_of_sample
2025-01-26 02:00:00,104599.06,16.93135209548413,86.13270520786729,2.9694339509358563,56.78827324069643,9,True,True,13.848116799520135,DOWN,False,oversold,out_of_sample
2025-01-26 07:45:00,104998.35,18.175147178999424,21.23938138075453,52.79511535181372,-35.85294435579337,1,True,True,13.86764649158774,UP,False,oversold,out_of_sample
2025-01-26 23:15:00,103136.42,19.177956299219048,11.98218825125031,190.77838846839896,-177.2535831668391,3,True,False,23.883512730032802,DOWN,False,oversold,out_of_sample
2025-01-27 00:45:00,101728.0,14.562274681281082,35.097514941804974,99.03566373073306,8.728177099716262,1,True,True,38.98439957533823,DOWN,False,oversold,out_of_sample
2025-01-27 01:45:00,101308.29,16.997525478144368,54.27986199352578,69.91431796943701,-38.03143849333491,6,True,True,48.758596162268745,DOWN,False,oversold,out_of_sample
2025-01-27 06:30:00,99110.0,17.713167053364415,37.95177075976182,134.41933205529168,19.217031581072185,10,True,True,50.650842498234326,DOWN,False,oversold,out_of_sample
2025-01-27 18:15:00,99171.43,13.04091837832037,260.0517104573365,30.999855502738342,223.3576746851394,10,True,True,72.31200558467303,DOWN,False,oversold,out_of_sample
2025-01-28 21:30:00,100761.99,16.50156828693453,81.925734098741,48.5609702626965,76.7055116716129,10,True,True,47.01296590112993,DOWN,False,oversold,out_of_sample
2025-01-31 19:00:00,102670.0,15.576425020501546,28.18447453004727,108.11337294243692,-75.3861887601057,1,True,True,49.396318301353894,DOWN,False,oversold,out_of_sample
2025-02-01 09:00:00,101800.01,17.179064712893734,24.360508412524247,38.11492749362154,15.715126157650719,10,True,True,15.980204717072263,DOWN,False,oversold,out_of_sample
2025-02-01 09:30:00,101620.29,19.611597990402814,52.12640113504955,20.496890926014242,46.90500292805785,10,True,True,16.36503891102861,DOWN,False,oversold,out_of_sample
2025-02-01 22:15:00,100730.0,18.593423284806875,55.446242430258586,44.72252556338779,51.01360071478215,10,True,True,26.875012409411465,DOWN,False,oversold,out_of_sample
2025-02-02 03:45:00,99206.86,9.593819773896357,131.9596245662855,17.707444827907896,129.1392550878028,10,True,True,35.58483758078814,DOWN,False,oversold,out_of_sample
2025-02-02 04:45:00,99538.6,18.90482045653941,98.19205815633326,3.8778925964405584,34.94624196040443,6,True,True,38.34899225024249,DOWN,False,oversold,out_of_sample
2025-02-02 17:45:00,97228.85,16.09434230624123,151.30797083375913,41.8918870273599,96.95784738788866,8,True,True,44.74587532404216,DOWN,False,oversold,out_of_sample
2025-02-04 05:00:00,99128.0,8.846744209844147,55.03994834960917,90.60810265515224,-52.977967879913194,5,True,True,38.79292429989505,DOWN,False,oversold,out_of_sample
2025-02-06 17:00:00,96505.42,17.672300943161858,70.74628554541344,63.977753788336265,-52.85195380736159,2,True,True,46.972594907104856,DOWN,False,oversold,out_of_sample
2025-02-07 21:30:00,95856.67,17.741935483870975,69.3817133434749,23.414124442253456,61.021314427051095,10,True,True,49.55612374183273,DOWN,False,oversold,out_of_sample
2025-02-07 22:00:00,95781.29,15.284906087350052,111.73267764508103,15.562538362137081,101.12831013238703,9,True,True,48.24872373299641,DOWN,False,oversold,out_of_sample
2025-02-08 07:00:00,95944.0,13.273359510832364,39.064454264988214,16.562786625531924,19.054865338114627,3,True,True,20.589927457683757,DOWN,False,oversold,out_of_sample
2025-02-09 11:30:00,96594.65,13.124217305742022,11.319467486036862,92.61900115586052,-50.693283737763764,3,True,False,15.003108350203599,DOWN,False,oversold,out_of_sample
2025-02-09 13:45:00,95877.92,17.447237036195943,80.84655987530803,18.55693156463952,58.68608747457165,7,True,True,19.005522856566,DOWN,False,oversold,out_of_sample
2025-02-11 18:45:00,95469.28,18.714172212587115,33.24734406711808,62.05137401266608,26.20005094832648,10,True,True,35.40966266845198,DOWN,False,oversold,out_of_sample
2025-02-13 04:45:00,96927.46,19.998999268215044,0.22800556209683517,116.31997784735165,-89.90847382155751,1,True,False,21.287878584665172,DOWN,False,oversold,out_of_sample
2025-02-16 09:00:00,97123.66,16.64348499404852,27.3084848738192,6.3918513779239525,12.299783595469101,4,True,True,9.207231276086567,DOWN,False,oversold,out_of_sample
2025-02-18 16:30:00,94671.66,18.469324876758208,25.552525433694043,135.58122884926777,-122.41783866470674,1,True,True,35.68982523386613,DOWN,False,oversold,out_of_sample
2025-02-18 17:30:00,94258.86,17.512921079428068,21.16936275274214,92.38070564401099,19.641654906498914,10,True,True,37.70006342109365,DOWN,False,oversold,out_of_sample
2025-02-21 19:30:00,95447.28,10.840687551899194,33.11985422738032,60.277254626847586,11.055317658083506,1,True,True,66.40891180974472,DOWN,False,oversold,out_of_sample
2025-02-23 12:15:00,95814.64,14.449618419351111,24.505649658549352,28.246205381557495,-23.039276670037065,7,True,True,10.683440442921924,DOWN,False,oversold,out_of_sample
2025-02-24 15:15:00,94333.52,18.12311739728483,91.27932467695389,54.74830155813187,32.913009076730724,8,True,True,35.108358089467906,DOWN,False,oversold,out_of_sample
2025-02-25 00:00:00,91006.62,16.02628488113062,153.2185241029718,5.1260007239027425,144.90484318613423,6,True,True,62.77356526371384,DOWN,False,oversold,out_of_sample
2025-02-25 07:00:00,90383.97,15.959240263605395,38.050995104552086,241.63244876276195,-156.53107514529492,1,True,True,42.224301499480596,DOWN,False,oversold,out_of_sample
2025-02-25 09:15:00,88650.0,15.781817745265968,79.87817258883196,198.74788494077768,66.48505358150021,10,True,True,65.21923293852232,DOWN,False,oversold,out_of_sample
2025-02-25 10:00:00,87746.64,18.038468520532376,203.38214659843393,97.84306270872521,142.18664099274906,9,True,True,75.31684404097975,DOWN,False,oversold,out_of_sample
2025-02-25 15:15:00,86620.21,19.012734784275395,136.82603632570132,65.71445624525744,73.8603612251689,9,True,True,75.74300501003171,DOWN,False,oversold,out_of_sample
2025-02-25 16:15:00,86388.0,19.360976543878778,164.0737139417505,26.659952771217956,78.95425290549694,5,True,True,81.36471500671378,DOWN,False,oversold,out_of_sample
2025-02-26 13:00:00,87728.05,11.348123330958742,91.4131797070603,263.2373568089114,0.588181317150386,8,True,True,31.099061246659026,DOWN,False,oversold,out_of_sample
2025-02-26 20:00:00,83160.54,17.82081918549558,269.2935856356881,108.76913497675687,136.44812792221003,8,True,True,105.93660166227862,DOWN,False,oversold,out_of_sample
2025-02-28 02:30:00,80074.41,15.071812137078112,182.93484772475958,84.22291216382405,-29.195344680029343,2,True,True,87.54856888736366,DOWN,False,oversold,out_of_sample
2025-02-28 08:00:00,78786.02,19.03128619602076,246.73032093764851,66.95350266455901,137.56374544620957,6,True,True,94.13307081637075,DOWN,False,oversold,out_of_sample
2025-03-01 08:00:00,85022.22,15.293021471341874,57.22856919050013,15.73000563852664,5.066910744038646,5,True,True,35.78882085177264,UP,False,oversold,out_of_sample
2025-03-02 14:45:00,85107.45,16.701321349519674,917.2992493606622,3.7576028890532998,892.4553608409143,10,True,True,26.288474158254996,DOWN,False,oversold,out_of_sample
2025-03-03 18:45:00,87132.8,18.299334245823715,67.86537331521559,221.82117411583332,-121.51681112049626,1,True,True,125.87705204010426,DOWN,False,oversold,out_of_sample
2025-03-03 19:45:00,85606.0,13.7111281447702,116.11335654042942,57.10931476765641,93.68502207789174,10,True,True,113.44736350255816,DOWN,False,oversold,out_of_sample
2025-03-03 21:00:00,86394.49,17.118299552819664,74.5383183580343,147.8543365439167,22.39957663966643,7,True,True,102.63576994319894,DOWN,False,oversold,out_of_sample
2025-03-04 01:45:00,83380.55,17.26167947384252,130.11787521190408,109.82297430276083,49.362831019943684,5,True,True,88.87426384210698,DOWN,False,oversold,out_of_sample
2025-03-04 02:15:00,83223.84,17.219775721101314,149.19282743982967,8.083020442218183,23.203687789460396,3,True,True,97.11586247402181,DOWN,False,oversold,out_of_sample
2025-03-06 09:00:00,90830.19,16.74672114529912,92.18410750874767,23.892936918881716,64.93435717793862,5,True,True,37.472397668660605,DOWN,False,oversold,out_of_sample
2025-03-06 13:45:00,89569.13,14.841122248256383,210.77574383049094,50.402409848126425,79.81321243155874,7,True,True,48.45793411189777,DOWN,False,oversold,out_of_sample
2025-03-06 18:30:00,88326.01,19.376941950344175,172.1021927742463,55.47742958161416,154.2875082888958,10,True,True,86.69105510370021,DOWN,False,oversold,out_of_sample
2025-03-09 10:30:00,85153.55,15.509641174031813,0.0,107.2403910347839,-84.4415764228271,1,False,False,21.89280423423334,DOWN,False,oversold,out_of_sample
2025-03-09 14:00:00,83119.39,18.982574274334368,83.95874897541964,75.9293349000751,-25.933780312872564,2,True,True,42.25530288420076,DOWN,False,oversold,out_of_sample
2025-03-09 23:30:00,80641.42,16.393186103810365,178.9502218586927,74.87467358585737,161.6067772616109,10,True,True,69.82720542371416,DOWN,False,oversold,out_of_sample
2025-03-10 15:15:00,80264.02,18.796739343053744,106.43623381933809,256.9046504274274,-224.77194638394644,1,True,True,92.9132380860067,DOWN,False,oversold,out_of_sample
2025-03-10 16:00:00,80015.27,15.507341247177493,1.643436309093774,237.86334783348278,-179.44449853134304,1,True,False,99.85119090393624,DOWN,False,oversold,out_of_sample
2025-03-11 00:30:00,76814.75,13.518337577608506,406.6302370312998,27.17577027849469,368.8419216361441,10,True,True,74.04307115495375,DOWN,False,oversold,out_of_sample
2025-03-12 04:30:00,81651.77,16.977487678167137,48.64070919711708,43.57162128879803,-17.595454452487466,5,True,True,44.8774104958162,DOWN,False,oversold,out_of_sample
2025-03-12 05:00:00,81742.04,10.363859160218581,37.54371679493189,54.566781059047905,19.247134032867514,3,True,True,44.700560446007614,DOWN,False,oversold,out_of_sample
2025-03-13 16:45:00,80876.36,15.946201386188903,19.22069687607072,115.78908843078577,-38.39688136310704,9,True,True,66.44821799596345,DOWN,False,oversold,out_of_sample
2025-03-13 17:30:00,80151.39,9.088746133713713,109.84463276307476,26.386317193002547,34.089240373747224,6,True,True,62.642394598521804,DOWN,False,oversold,out_of_sample
2025-03-15 08:00:00,83778.03,9.964966106261315,30.4220569521622,19.1016666302608,6.2796893171157855,2,True,True,17.209404422615556,DOWN,False,oversold,out_of_sample
2025-03-16 01:45:00,83869.31,18.032903302164712,65.42202386069498,16.150126905777224,49.04535401566992,9,True,True,13.640388838300948,DOWN,False,oversold,out_of_sample
2025-03-16 11:15:00,82858.39,17.1264020807688,35.41222560563852,57.5596508693921,-31.655213189635184,7,True,True,25.08406209678951,DOWN,False,oversold,out_of_sample
2025-03-16 21:45:00,82766.52,18.766285853789498,15.961768115900073,94.89344242092197,14.920284192206061,10,True,True,42.048161502984364,DOWN,False,oversold,out_of_sample
2025-03-18 06:00:00,82777.76,19.27461789025284,81.48807119206998,64.3989400051417,60.90887214150303,10,True,True,24.804367743219746,DOWN,False,oversold,out_of_sample
2025-03-18 11:45:00,82581.1,18.43303117918309,29.122886471601856,175.1538790352759,-115.88486954036762,2,True,True,28.326517810976036,DOWN,False,oversold,out_of_sample
2025-03-18 13:30:00,81404.94,12.264542132239157,99.255647138858,33.20191624734308,53.61345392552373,8,True,True,28.305468931000835,DOWN,False,oversold,out_of_sample
2025-03-21 07:30:00,83794.17,15.76600647940991,64.8601209368152,7.408629979866349,53.15405594446592,8,True,True,22.288662803151926,DOWN,False,oversold,out_of_sample
2025-03-25 04:15:00,86450.89,17.642288327457734,49.609668564430585,9.356757345123853,9.671386841708696,9,True,True,29.248050540601685,DOWN,False,oversold,out_of_sample
2025-03-27 12:30:00,86892.41,19.628216074974176,60.57951436725019,125.71984135323252,56.88068727751941,10,True,True,21.004711458687666,DOWN,False,oversold,out_of_sample
2025-03-28 05:00:00,86075.93,6.961381195840289,20.22284278543456,99.90133130132767,-94.74077131667248,4,True,True,25.878314646150123,DOWN,False,oversold,out_of_sample
2025-03-28 07:00:00,85709.9,19.240114986169417,13.061501646835621,82.2425414100348,-58.344485292829944,1,True,True,28.032117643352723,DOWN,False,oversold,out_of_sample
2025-03-28 08:15:00,85083.41,18.846528418680606,39.262648264802465,22.026620700792723,-16.680102501768353,5,True,True,31.367924722340106,DOWN,False,oversold,out_of_sample
2025-03-28 16:30:00,83919.97,13.63264143553954,29.736664586510567,39.915409883964585,-18.82507822631442,6,True,True,43.047739411727655,DOWN,False,oversold,out_of_sample
2025-03-29 10:45:00,82927.81,17.603289881617982,21.73818409047629,111.03753975897804,-28.428340263658235,2,True,True,24.40369521394558,DOWN,False,oversold,out_of_sample
2025-03-29 11:30:00,82050.38,14.698855111226962,101.35602053274953,5.286995623908707,84.20070693152125,10,True,True,30.275179712756923,DOWN,False,oversold,out_of_sample
2025-04-01 14:00:00,82796.1,17.3376512083137,326.51900270664885,30.44829406216063,259.49652217918464,7,True,True,33.0595281661817,DOWN,False,oversold,out_of_sample
2025-04-02 23:30:00,82658.74,12.079967989092538,162.0252135466859,58.40398728555616,127.82919265403697,9,True,True,97.37439743214097,DOWN,False,oversold,out_of_sample
2025-04-03 12:45:00,81949.06,18.085086212454186,102.91759295347728,90.03397964540319,-28.59703332777597,3,True,True,32.336002389777065,DOWN,False,oversold,out_of_sample
2025-04-04 11:30:00,81933.99,18.445871949525554,192.35118416666813,0.9654113024403538,127.8041018141548,10,True,True,52.85797750115669,DOWN,False,oversold,out_of_sample
2025-04-05 13:15:00,82824.32,15.722868464783332,24.3503357467943,53.652115707078536,-24.879165926144907,6,True,True,18.44669536677157,DOWN,False,oversold,out_of_sample
2025-04-05 15:30:00,82394.0,18.913626400525004,83.11163434230569,1.6008447217033193,81.74624365851805,10,True,True,24.550209966744987,DOWN,False,oversold,out_of_sample
2025-04-06 08:15:00,82781.31,17.95041027470525,47.19543578133788,7.830269900294213,10.74397107269773,5,True,True,16.00325000896938,DOWN,False,oversold,out_of_sample
2025-04-06 17:30:00,81117.99,18.896171576644917,44.08269978089896,298.7006951232396,-203.56396897901487,1,True,True,33.09851489170275,DOWN,False,oversold,out_of_sample
2025-04-06 23:15:00,77429.39,19.50117809963048,247.71859884212017,9.505434564317996,221.18474651550213,8,True,True,83.26386143556103,DOWN,False,oversold,out_of_sample
2025-04-07 06:30:00,75048.0,19.05218710451993,239.24288455388566,71.95394947233771,142.31158725082668,8,True,True,78.42947180471182,DOWN,False,oversold,out_of_sample
2025-04-07 07:15:00,75070.74,17.12481954386638,236.14127155267096,26.6055722908833,160.35808358889125,5,True,True,82.47973844403305,DOWN,False,oversold,out_of_sample
2025-04-08 16:30:00,77540.01,17.882945853320763,59.32163279318774,126.77713092892287,-96.72683818327978,8,True,True,66.15249340308299,DOWN,False,oversold,out_of_sample
2025-04-09 01:15:00,74690.57,16.28460843112188,238.7249153407168,0.6131965521218737,51.246094386479406,3,True,True,60.780095800581236,DOWN,False,oversold,out_of_sample
2025-04-09 11:30:00,75952.72,19.057596805859788,311.4753494015758,18.454901944261938,186.60556198645585,10,True,True,58.13379691997871,DOWN,False,oversold,out_of_sample
2025-04-10 00:30:00,82147.83,19.628199927991446,55.04345032607657,53.54128039657307,-49.21371629658371,2,True,True,45.23156606814815,UP,False,oversold,out_of_sample
2025-04-10 01:45:00,82249.29,19.752421666367425,38.407626375864005,94.40203070445922,-72.22190003098989,2,True,True,37.79145084413486,UP,False,oversold,out_of_sample
2025-04-10 15:45:00,78757.0,18.646055560485223,134.71818378048937,37.157332046675144,124.77748009700807,10,True,True,66.4476808410681,DOWN,False,oversold,out_of_sample
2025-04-15 19:45:00,83998.52,18.823601720959218,28.254069238362977,23.63255924033058,-8.396576511109819,7,True,True,29.04360695878939,DOWN,False,oversold,out_of_sample
2025-04-20 07:15:00,84748.94,17.395828480019475,10.723437956864672,34.82875420034731,-23.339524954530745,2,True,False,9.874813773482147,DOWN,False,oversold,out_of_sample
2025-04-29 22:00:00,94258.52,13.23517278583418,39.54125314082926,54.740940129339016,25.525544003872675,10,True,True,25.55180157719428,DOWN,False,oversold,out_of_sample
2025-04-30 13:45:00,93032.58,19.980268915586294,143.5110151733936,13.176029300703233,74.96513586960592,3,True,True,29.766346370271474,DOWN,False,oversold,out_of_sample
2025-05-04 10:30:00,95486.21,14.720317757482022,11.41840272014135,13.21761540226661,-3.789028803217508,10,True,False,15.695564836011235,DOWN,False,oversold,out_of_sample
2025-05-04 11:15:00,95466.78,19.901519455733336,13.455989612303505,26.99473052301459,-10.203549339362183,7,True,True,15.229852729923357,DOWN,False,oversold,out_of_sample
2025-05-04 23:30:00,94151.39,15.629254653277016,69.78229423909671,67.68779515628962,-9.767248258364152,4,True,True,20.87908633106727,DOWN,False,oversold,out_of_sample
2025-05-05 11:15:00,94005.0,17.67579709773635,43.499813839689196,39.27663422158408,23.549811180256864,7,True,True,16.371310036700105,DOWN,False,oversold,out_of_sample
2025-05-06 08:15:00,94036.67,19.55788472857374,36.612313047666206,18.582112701354188,-9.979085818329862,2,True,True,13.370900947470846,DOWN,False,oversold,out_of_sample
2025-05-10 15:45:00,103138.77,15.167618690887807,46.62747093066836,1.0742807966394932,10.052475902126137,7,True,True,14.918056517447292,DOWN,False,oversold,out_of_sample
2025-05-15 03:45:00,102753.63,16.176735317060363,20.315583984721513,40.90171802202986,-11.552876526114591,3,True,True,18.43263347484648,DOWN,False,oversold,out_of_sample
2025-05-19 03:15:00,104217.39,16.56487568346475,2.8862745459276753,163.45832494941624,-113.74109445650141,1,True,False,46.64048869387345,DOWN,False,oversold,out_of_sample
2025-05-19 05:45:00,103032.01,15.872334807577943,31.60085880106688,100.16401698850628,21.249706765887836,10,True,True,42.113853743123315,DOWN,False,oversold,out_of_sample
2025-05-20 08:15:00,104895.25,18.114204840852395,49.70768457103668,4.584573658006107,12.908115477106369,7,True,True,28.032537221656874,DOWN,False,oversold,out_of_sample
2025-05-21 09:45:00,106200.03,16.24403970287689,67.81354016566733,5.9359681913454825,60.26081160240738,10,True,True,30.503757861462137,DOWN,False,oversold,out_of_sample
2025-05-23 11:45:00,109076.35,19.746068282817646,84.01454577458762,161.38695510071668,43.43838054720364,9,True,True,28.224083405797682,DOWN,False,oversold,out_of_sample
2025-05-23 12:45:00,108412.77,18.743201658563265,145.73744402988652,45.19301554604656,90.3150062488017,5,True,True,39.47694538198755,DOWN,False,oversold,out_of_sample
2025-05-24 22:45:00,108100.5,19.47241514663601,27.425405062881406,82.74707332528527,-21.091484313208543,2,True,True,17.42383245220877,DOWN,False,oversold,out_of_sample
2025-05-25 00:30:00,107502.44,18.457719029057444,68.56495536287329,27.575188060847953,60.558625460036446,10,True,True,28.20680163166518,DOWN,False,oversold,out_of_sample
2025-05-25 08:15:00,107440.32,17.689892980723513,9.745875663809624,68.06941751476643,-45.971568215732496,1,True,False,16.76014181640544,DOWN,False,oversold,out_of_sample
2025-05-25 09:15:00,107175.57,15.510977376574502,20.090399332608396,43.53510786086895,7.877728105387544,6,True,True,20.469356962598727,DOWN,False,oversold,out_of_sample
2025-05-27 01:30:00,108363.5,19.30297648382529,86.27720588574502,43.23872890779672,53.538322405607374,7,True,True,29.896413460251573,DOWN,False,oversold,out_of_sample
2025-05-28 14:30:00,107603.85,17.690951516722876,21.302211770303863,51.89405397669402,4.287021328696891,1,True,True,23.998258426626997,DOWN,False,oversold,out_of_sample
2025-05-28 15:45:00,107107.31,14.141767598665183,68.6208999180351,0.0,38.45675892709926,10,True,True,26.802092219476073,DOWN,False,oversold,out_of_sample
2025-05-29 14:15:00,107045.56,11.683108525280403,73.77886574651056,53.39408752684349,-30.000310148314366,2,True,True,26.553273204418925,DOWN,False,oversold,out_of_sample
2025-05-29 18:15:00,106352.34,17.768947352395045,24.957607890903727,67.04506924812313,-16.20462699739343,1,True,True,42.74720236527014,DOWN,False,oversold,out_of_sample
2025-05-30 09:00:00,105125.17,19.82726567728676,81.48191341807122,49.38493797441693,64.42034766745216,8,True,True,23.713730974228046,DOWN,False,oversold,out_of_sample
2025-06-01 02:00:00,103946.23,18.980794099333366,73.89012569287003,0.0009620358520709515,71.36189547230322,10,True,True,14.937963599064727,DOWN,False,oversold,out_of_sample
2025-06-02 11:30:00,104020.19,17.345601330726794,52.91088201242515,34.6384677820717,8.942494721457832,8,True,True,25.0589332705506,DOWN,False,oversold,out_of_sample
2025-06-03 05:15:00,105274.1,17.52109857836753,18.808044903732256,10.663591519662415,-9.817229498994132,2,True,True,20.581558047041096,DOWN,False,oversold,out_of_sample
2025-06-04 13:30:00,105002.72,18.091528724439627,51.35866956589304,78.4474916459308,22.85655076363736,8,True,True,19.08450562042593,DOWN,False,oversold,out_of_sample
2025-06-05 20:30:00,100845.93,17.428988025381784,87.0307805183623,46.96966947500988,80.96410038560856,10,True,True,47.2301162773747,DOWN,False,oversold,out_of_sample
2025-06-08 09:30:00,105186.05,18.230106929592154,55.858167504151254,21.096904009609972,55.08620202013414,10,True,True,8.841381533007583,DOWN,False,oversold,out_of_sample
2025-06-12 11:45:00,106900.95,17.450155740881627,61.32405745692603,28.15222876878055,53.97332764582504,10,True,True,17.681648292180526,DOWN,False,oversold,out_of_sample
2025-06-13 00:45:00,103797.81,19.565530641082503,52.19859648291208,109.20268934383105,28.199053525310127,10,True,True,51.82108370109144,DOWN,False,oversold,out_of_sample
2025-06-15 09:15:00,104928.18,10.48503910938176,24.853190058191558,5.769660733655497,4.034187955990636,6,True,True,15.514516691321868,DOWN,False,oversold,out_of_sample
2025-06-15 21:00:00,104551.56,13.886859279991256,101.90187501745635,2.3739483179392478,101.00566648646837,10,True,True,17.01294557441306,DOWN,False,oversold,out_of_sample
2025-06-17 00:00:00,106231.89,19.54844449630258,109.86437311809107,10.970340450498773,66.67771796209234,6,True,True,35.731125559377595,DOWN,False,oversold,out_of_sample
2025-06-17 07:00:00,106718.33,19.71065342920552,9.787447011211391,54.92964516967208,-42.48567233014316,5,True,False,24.00838731265742,DOWN,False,oversold,out_of_sample
2025-06-17 11:15:00,105554.17,17.427991886409586,29.166067053532853,33.55338780078497,-19.411833753227768,3,True,True,20.541395948639416,DOWN,False,oversold,out_of_sample
2025-06-20 14:00:00,105508.12,18.172485664216794,17.807160245107646,163.7902371874312,-163.78928939308184,1,True,True,19.319934806913682,UP,False,oversold,out_of_sample
2025-06-20 16:30:00,103780.01,18.75166857951264,10.041432834705489,138.27422063266278,-67.83676355398258,1,True,False,35.41028758813975,DOWN,False,oversold,out_of_sample
2025-06-20 19:00:00,103076.0,18.93662971266366,72.9558772168109,6.363265939694643,51.55225270674111,5,True,True,44.11531297295202,DOWN,False,oversold,out_of_sample
2025-06-21 19:15:00,102480.1,18.249118683902182,39.888719858782224,133.69424893223228,-99.96965264475789,6,True,True,20.37083297147442,DOWN,False,oversold,out_of_sample
2025-06-21 21:45:00,101455.61,19.379427426007737,131.5816838516866,60.88475541175164,102.32948182954125,10,True,True,31.510825276197043,DOWN,False,oversold,out_of_sample
2025-06-22 13:30:00,100343.92,16.72786105791444,89.207198602566,150.87311717541016,-134.1316942770417,2,True,True,29.749983855524185,DOWN,False,oversold,out_of_sample
2025-06-22 14:15:00,99537.71,18.63769185422683,66.9906912666564,86.80629682961391,13.006126019976934,1,True,True,39.093374762188255,DOWN,False,oversold,out_of_sample
2025-06-22 15:15:00,99245.82,19.570072293354258,114.27987596857912,57.65079073355467,23.59595598081541,7,True,True,48.111396530352785,DOWN,False,oversold,out_of_sample
2025-06-22 15:45:00,98906.21,19.189011973877456,149.00884383295988,23.51217380587153,63.59560233882179,5,True,True,51.56582180229135,DOWN,False,oversold,out_of_sample
2025-06-22 16:15:00,98805.38,18.3169681198804,159.36581591002385,6.157559436541923,63.96817663167669,3,True,True,53.81513638224968,DOWN,False,oversold,out_of_sample
2025-06-26 11:30:00,107156.55,18.012956566370462,24.73203924538482,31.62755799808817,-10.961532449486887,2,True,True,17.637979199591502,DOWN,False,oversold,out_of_sample
2025-06-29 17:30:00,107379.86,16.948177963056253,31.491938991166823,2.4501801362003706,2.6802046491771208,5,True,True,15.517155637937892,DOWN,False,oversold,out_of_sample
2025-06-30 06:30:00,107779.82,16.351611374865087,1.582856605252975,29.766240099492368,-9.697548205220984,1,True,False,11.611867601931365,DOWN,False,oversold,out_of_sample
2025-06-30 07:30:00,107648.38,19.062422645136152,9.23190855264056,17.592461679405176,-17.49956664466336,2,True,False,11.802081926360605,DOWN,False,oversold,out_of_sample
2025-06-30 08:30:00,107524.74,16.522916815169168,18.697092408686,11.601051069735693,17.916806866958634,10,True,True,11.824627522930955,DOWN,False,oversold,out_of_sample
2025-06-30 14:45:00,106803.32,19.789794821718644,94.06261902719834,6.553167073833026,88.1723526946533,5,True,True,19.063592779699835,DOWN,False,oversold,out_of_sample
2025-07-04 00:15:00,109495.73,15.285938413263679,24.82836545315517,35.80230936859269,-28.785597392702194,4,True,True,11.585885586588523,DOWN,False,oversold,out_of_sample
2025-07-04 13:30:00,108367.0,19.85515699426466,1.770834294573286,86.4645141048479,-84.8062602083664,1,True,False,13.915398599204499,DOWN,False,oversold,out_of_sample
2025-07-04 14:45:00,107810.0,15.90881462179648,11.96827752527584,44.21389481495207,-4.636861144606738,2,True,False,19.741999814488334,DOWN,False,oversold,out_of_sample
2025-07-04 15:45:00,107573.29,19.438557548329612,32.462519274069464,22.30665251569343,5.802555634397053,7,True,True,22.32352473369539,DOWN,False,oversold,out_of_sample
2025-07-07 06:45:00,108774.5,11.307602468249613,28.80822251538739,10.991546732000392,7.779396825542323,7,True,True,13.956074263728846,DOWN,False,oversold,out_of_sample
2025-07-07 12:00:00,108518.0,18.877212912998502,13.085386756114193,50.498534805285765,-30.242909010486954,8,True,True,12.400385189553882,DOWN,False,oversold,out_of_sample
2025-07-07 13:00:00,108262.99,17.18732674065795,36.67088817702104,27.06280327192194,18.93629577383691,4,True,True,13.303900067788629,DOWN,False,oversold,out_of_sample
2025-07-14 15:45:00,119878.23,18.413302448709373,54.0381685648848,56.40974178547647,21.12643805301507,5,True,True,35.23771580544704,DOWN,False,oversold,out_of_sample
2025-07-15 02:00:00,118252.37,19.880710643742376,15.41279891472867,169.33022145771756,-65.70354573020329,3,True,True,30.31854668113633,DOWN,False,oversold,out_of_sample
2025-07-15 03:45:00,117148.47,16.73792364627981,52.662232805942146,76.69498372449945,-9.463205110574691,5,True,True,39.24916817095425,DOWN,False,oversold,out_of_sample
2025-07-18 08:30:00,118452.5,18.30124417877242,70.02216078174737,3.303433865896005,44.898165931491675,10,True,True,29.22952238238967,DOWN,False,oversold,out_of_sample
2025-07-19 14:45:00,117668.14,13.301200352226843,48.600241322756986,0.6033918782098383,13.862715939930329,3,True,True,14.431094092249564,DOWN,False,oversold,out_of_sample
2025-07-21 11:30:00,118362.53,18.967157915283593,62.30603553337371,49.32557626133894,25.33910013582831,9,True,True,20.246652382303758,UP,False,oversold,out_of_sample
2025-07-24 22:30:00,118411.31,9.531120512931977,3.4000130561860447,72.73882874870633,-72.07335177695383,6,True,False,16.95885300145728,DOWN,False,oversold,out_of_sample
2025-07-25 00:15:00,117964.71,19.367208419963816,2.988181804541375,136.5705048569189,-136.56965714576913,1,True,False,16.547067339037252,DOWN,False,oversold,out_of_sample
2025-07-29 15:45:00,117400.01,14.209459585675788,55.9659236826307,38.26745840992644,27.760644994834628,7,True,True,26.170398111550536,DOWN,False,oversold,out_of_sample
2025-07-30 18:15:00,117739.14,11.782548378753361,7.668647826032498,165.01819191137318,-47.85409507832255,1,True,False,27.34417798533244,DOWN,False,oversold,out_of_sample
2025-07-31 20:00:00,116640.82,18.796713973148172,24.782919050122626,47.65227130604937,-36.59267827506759,2,True,True,29.883963435785258,DOWN,False,oversold,out_of_sample
2025-07-31 21:45:00,116536.96,18.044729900217988,0.0008580968642704691,105.40947695906976,-63.23744844554136,1,True,False,32.32390822619715,DOWN,False,oversold,out_of_sample
2025-08-01 19:15:00,113396.04,14.13250157234934,61.557705189705764,20.090648668153882,43.74755943858373,9,True,True,40.459393467355504,DOWN,False,oversold,out_of_sample
2025-08-05 02:15:00,114614.95,11.576751375482758,18.57000330236121,40.570623640284275,-24.15827952636191,2,True,True,14.501162370179545,DOWN,False,oversold,out_of_sample
2025-08-05 03:00:00,114466.9,17.105501931336676,1.777806510004711,27.689227191441116,-19.393379221416033,8,True,False,14.578930677776787,DOWN,False,oversold,out_of_sample
2025-08-07 04:45:00,114349.58,17.57834872746355,46.105110311729334,6.258002871545105,42.471515855152546,10,True,True,12.484698238507015,DOWN,False,oversold,out_of_sample
2025-08-09 01:00:00,116611.47,18.728303532490287,3.3049922104569642,26.78467221106093,-16.790801110731465,3,True,False,9.02063922185359,UP,False,oversold,out_of_sample
2025-08-11 11:45:00,120561.54,19.41940684442484,8.792190278923112,97.76169083440624,-54.46513042218932,1,True,False,25.139526253563186,DOWN,False,oversold,out_of_sample
2025-08-11 19:30:00,119166.01,14.742963501419041,1.7807091132782886,93.6424740578286,-49.455377418443106,1,True,False,27.044834344961323,DOWN,False,oversold,out_of_sample
2025-08-14 06:00:00,121738.39,14.42722041221704,25.415154578600404,34.87231924128444,-3.4648067877349957,6,True,True,22.317076807077694,DOWN,False,oversold,out_of_sample
2025-08-14 07:45:00,121725.31,18.87900404664832,26.337168498482075,22.617317630983866,-17.526346821379754,2,True,True,24.25514463672337,DOWN,False,oversold,out_of_sample
2025-08-14 12:30:00,119531.42,15.429887634544983,16.849962963713097,150.896726567793,-83.27768548219314,1,True,True,37.94667544315957,DOWN,False,oversold,out_of_sample
2025-08-14 13:15:00,118235.05,16.5075472993517,95.26785838886136,42.90775028217157,1.877615816967734,6,True,True,49.47031358298569,DOWN,False,oversold,out_of_sample
2025-08-15 13:45:00,117770.48,17.91826884828589,42.754347269367,82.06555666581224,-62.068185507946986,2,True,True,21.547717220817905,DOWN,False,oversold,out_of_sample
2025-08-15 14:30:00,117747.9,19.299846510932,4.85019265736379,80.16363773791201,-49.73591885715075,1,True,False,24.370838036177155,DOWN,False,oversold,out_of_sample
2025-08-18 01:45:00,116269.54,19.207805985247063,6.0265139089745245,109.18938872554185,-71.34628725631784,1,True,False,20.590646527026852,DOWN,False,oversold,out_of_sample
2025-08-19 04:15:00,114892.0,11.525019454715164,51.460502036695786,0.8703826201998399,11.140027155938204,3,True,True,29.16935034641232,DOWN,False,oversold,out_of_sample
2025-08-19 14:30:00,113923.97,18.954105294401273,24.230194927370736,71.70571741837948,-54.568849733730154,1,True,True,26.212042996745993,DOWN,False,oversold,out_of_sample
2025-08-19 16:45:00,113388.3,15.329402566559352,18.323760035206814,54.7887215876775,0.4868227145132324,3,True,True,33.89450234283442,DOWN,False,oversold,out_of_sample
2025-08-19 18:45:00,113069.61,18.732693430022508,45.97787150764873,26.757852972164926,39.61541920945805,9,True,True,31.86178850356,DOWN,False,oversold,out_of_sample
2025-08-22 11:30:00,112255.15,16.985612973909298,263.3153133731509,50.80925017694071,262.3354028746125,10,True,True,17.67273038252565,DOWN,False,oversold,out_of_sample
2025-08-22 12:00:00,112079.02,19.488587113551404,356.71082777133455,35.174290424738764,330.21166673298853,10,True,True,17.825280770656047,DOWN,False,oversold,out_of_sample
2025-08-23 03:45:00,115568.77,18.819883900824124,40.30154513195863,1.520306913364829,16.758852759269914,8,True,True,21.84296847669158,DOWN,False,oversold,out_of_sample
2025-08-23 13:15:00,115019.06,15.278604374347239,7.950856145059531,39.91164594807136,-17.92659407927715,2,True,False,11.476793498399397,DOWN,False,oversold,out_of_sample
2025-08-25 05:30:00,112505.16,16.538308121874408,10.320415525830157,134.56093924936462,-79.11459349953387,1,True,False,26.213864324089666,DOWN,False,oversold,out_of_sample
2025-08-25 19:45:00,110716.13,18.043683129148107,33.99775624382725,130.24570132644618,-31.98901551201241,1,True,True,36.69271135109232,DOWN,False,oversold,out_of_sample
2025-08-25 20:45:00,109561.96,15.376499747757236,94.65967932665684,26.273717629732122,33.958866745355564,8,True,True,44.79456190816598,DOWN,False,oversold,out_of_sample
2025-08-27 07:30:00,110726.79,15.3992661191688,35.99219303657348,34.44243258564575,32.47452581258806,8,True,True,19.900468531599255,DOWN,False,oversold,out_of_sample
2025-08-29 07:15:00,110141.14,17.530732894895436,17.587433723675495,66.00258540995729,-33.45071605396431,1,True,True,21.274793415067276,DOWN,False,oversold,out_of_sample
2025-08-29 10:00:00,109840.09,17.798396334478255,152.67467461106511,4.907133633994126,64.63122890740561,10,True,True,25.79126619433755,DOWN,False,oversold,out_of_sample
2025-08-29 16:15:00,108503.35,15.914000900931441,30.28938737836151,37.07535297297262,-32.98976483214681,1,True,True,44.93160810242281,DOWN,False,oversold,out_of_sample
2025-08-31 05:15:00,108583.72,19.984944358041062,22.60467775463919,5.5468720356970564,11.469491006570193,7,True,True,15.983611539556872,DOWN,False,oversold,out_of_sample
2025-09-01 00:00:00,107970.66,19.673141629202917,47.44992760070119,41.22879308138051,-37.79730530497876,7,True,True,17.800206093025924,DOWN,False,oversold,out_of_sample
2025-09-02 12:30:00,108762.0,8.12998885679906,276.7069380849933,33.89143266949859,242.09190709990563,8,True,True,27.859086813409114,DOWN,False,oversold,out_of_sample
2025-09-04 05:00:00,110780.0,19.399335899426504,8.304748149485468,45.16338689294159,-37.042787506770225,2,True,False,21.119109947644088,DOWN,False,oversold,out_of_sample
2025-09-04 06:00:00,110662.78,14.39764787899989,17.695199777197626,34.61868570444424,5.1715671700996415,10,True,True,19.413437833389043,DOWN,False,oversold,out_of_sample
2025-09-04 07:30:00,110369.64,17.74903606092421,71.15090707915634,0.0009060462636972732,58.82686579389079,10,True,True,18.848253922002478,DOWN,False,oversold,out_of_sample
2025-09-05 16:15:00,110725.1,17.110880960432894,50.59828349669587,46.79517110393211,42.77982137744676,10,True,True,43.84308526251047,DOWN,False,oversold,out_of_sample
2025-09-05 17:00:00,110696.4,19.25040368812634,65.06444654026737,44.214626672591685,58.866412999881184,10,True,True,45.18529961227277,DOWN,False,oversold,out_of_sample
2025-09-06 16:00:00,110314.99,19.764277120397324,0.4541540546751408,30.63862853090094,-20.584691164818285,1,True,False,9.895889942065132,DOWN,False,oversold,out_of_sample
2025-09-09 01:15:00,111377.97,17.052023121386767,32.55940110957305,23.969731177539074,29.631533058108246,10,True,True,15.920069291979477,DOWN,False,oversold,out_of_sample
2025-09-09 15:30:00,110801.52,17.53903531589708,35.366843342942886,3.146166225878542,27.236990972686435,6,True,True,29.09274168802007,DOWN,False,oversold,out_of_sample
2025-09-12 09:15:00,114950.61,17.048315669005234,17.17172270769154,5.4458171209361845,-3.232692719073304,8,True,True,12.51024244238452,DOWN,False,oversold,out_of_sample
2025-09-14 13:30:00,115303.31,18.355222013757867,33.626961793204025,14.007403603590804,-0.7458589003204911,2,True,True,10.047976940124414,DOWN,False,oversold,out_of_sample
2025-09-15 01:00:00,114834.9,17.16401070265708,66.18197081200924,0.8621072513664557,53.06574917555592,9,True,True,16.782746360209398,DOWN,False,oversold,out_of_sample
2025-09-17 10:15:00,116390.38,15.844645733667136,10.872891728679669,25.25724205041698,-15.932588243117888,9,True,False,14.619206501430694,DOWN,False,oversold,out_of_sample
2025-09-17 12:30:00,116201.55,19.835426078089213,11.118612445358696,66.22545052109915,-37.37127430744334,3,True,False,12.075527391846196,DOWN,False,oversold,out_of_sample
2025-09-19 11:45:00,116394.72,17.737166170717813,11.543478948186015,27.468599950238392,-11.119061070811311,2,True,False,10.5732029769048,DOWN,False,oversold,out_of_sample
2025-09-19 12:30:00,116223.45,17.77224107564767,21.997281959880173,65.32760815480823,-60.541138642846185,7,True,True,11.009439145026242,DOWN,False,oversold,out_of_sample
2025-09-22 07:00:00,112701.68,17.527228649352125,26.381150662528455,44.5539054963502,-33.51147915452485,3,True,True,29.292908499678035,DOWN,False,oversold,out_of_sample
2025-09-22 07:45:00,112519.99,18.70701773186019,23.107893983992955,30.791861961594662,3.758443277500611,4,True,True,30.118870433600275,DOWN,False,oversold,out_of_sample
2025-09-25 04:30:00,111898.98,19.4052648974085,12.602438377901574,40.0861562813171,-25.93410592303854,3,True,True,28.755177214305156,DOWN,False,oversold,out_of_sample
2025-09-25 06:00:00,111594.05,19.661733615222104,39.17144328035322,12.87075789435052,15.525021271295376,9,True,True,27.701790552453186,DOWN,False,oversold,out_of_sample
2025-09-25 17:45:00,108833.63,16.990052030579633,104.72590135971662,18.571465456036876,48.17352871534227,6,True,True,43.948823539194784,DOWN,False,oversold,out_of_sample
2025-09-27 09:15:00,109083.66,19.12968596224414,36.121816961403646,0.0,20.76846339772638,5,True,True,7.367602077158073,DOWN,False,oversold,out_of_sample
2025-09-30 09:30:00,112983.67,16.90704744986816,13.432914685812921,28.977638980924784,3.385444993953551,9,True,True,16.213891795159412,DOWN,False,oversold,out_of_sample
2025-09-30 11:15:00,112927.45,19.43542382815619,66.39484022706604,5.431805995796107,42.24659283460326,10,True,True,17.999255274071984,DOWN,False,oversold,out_of_sample
2025-10-04 01:45:00,121865.21,17.894078398665542,42.057942541599324,14.79011114000503,39.17032596915816,10,True,True,13.629689720306683,DOWN,False,oversold,out_of_sample
2025-10-05 08:45:00,124595.99,16.367415568944466,5.568397506211083,166.59845954913956,-99.03930295027995,1,True,False,27.570590353670156,UP,False,oversold,out_of_sample
2025-10-07 08:00:00,123550.73,8.5710189484751,69.85146910908612,18.440198613152813,61.471915220574196,9,True,True,18.081722382376817,DOWN,False,oversold,out_of_sample
2025-10-07 15:00:00,121951.08,19.66462572391532,34.456439418166454,94.3870279787598,-44.67119110384296,1,True,True,34.07505698186529,DOWN,False,oversold,out_of_sample
2025-10-07 15:30:00,121683.26,18.722482448877926,32.94454800109766,72.58516906926974,-41.07713747971549,5,True,True,38.88525833380866,DOWN,False,oversold,out_of_sample
2025-10-07 16:00:00,121531.67,17.668485464766093,45.45893263871064,78.72269014323557,-60.93555696223031,3,True,True,42.10182415826269,DOWN,False,oversold,out_of_sample
2025-10-09 02:45:00,121617.81,9.16613258649896,53.13284296107637,1.1692366438765147,32.267477929425596,6,True,True,20.078679265808212,DOWN,False,oversold,out_of_sample
2025-10-09 16:30:00,120815.97,19.86293344369139,23.509309241154032,96.3862641668978,10.231263300704418,6,True,True,43.85777807354449,DOWN,False,oversold,out_of_sample
2025-10-10 16:45:00,118205.61,15.684175455652834,18.77237467832484,190.6119345773859,-183.17489330667098,1,True,True,49.4805618785773,DOWN,False,oversold,out_of_sample
2025-10-10 19:00:00,116827.4,11.286976695614925,33.14633382237431,1269.1714443700703,-515.1488435076011,6,True,True,51.5480957378149,DOWN,False,oversold,out_of_sample
2025-10-10 21:00:00,112209.36,15.926717129036945,231.53594316909061,909.8492318287886,214.59528866397653,10,True,True,84.56683114492412,DOWN,False,oversold,out_of_sample
2025-10-11 20:30:00,110348.05,11.119352387366291,85.50762791005349,71.27085616827904,49.886699402480666,8,True,True,30.026040333290847,DOWN,False,oversold,out_of_sample
2025-10-13 11:15:00,113643.33,15.21217259028019,166.016782507165,1.249523399217278,149.80729621351222,9,True,True,28.88414128660268,DOWN,False,oversold,out_of_sample
2025-10-14 00:45:00,114959.03,19.74005896311172,2.867108395052255,146.07551925238096,-141.74615078084776,1,True,False,17.77133122991742,DOWN,False,oversold,out_of_sample
2025-10-15 11:45:00,111905.73,12.257305596829212,29.72859387986724,105.47538539804904,1.1643729056589718,9,True,True,29.208736675056766,DOWN,False,oversold,out_of_sample
2025-10-15 13:30:00,111337.73,19.02966465178433,80.89620652406042,84.22391942066683,-36.59586018144946,2,True,True,32.43828484737381,DOWN,False,oversold,out_of_sample
2025-10-17 06:30:00,107020.0,11.74186243985335,16.442720986731562,235.00280321435244,-165.95122407026676,1,True,True,29.081386656699962,DOWN,False,oversold,out_of_sample
2025-10-20 22:30:00,108307.93,11.48276407615056,6.157443873223533,77.02206108084532,-35.263345906434836,1,True,False,30.246261746485196,DOWN,False,oversold,out_of_sample
2025-10-21 17:00:00,109167.44,18.483654468843767,23.57296278084349,121.48677297919647,-69.98698513036477,1,True,True,51.70969475880359,DOWN,False,oversold,out_of_sample
2025-10-21 18:00:00,108506.67,19.804681611646046,15.809166385809107,61.329870320414514,14.408330842702712,10,True,True,52.918313685232484,DOWN,False,oversold,out_of_sample
2025-10-21 19:00:00,108064.68,17.854225846622356,56.77433181683538,7.267869575886738,-4.365903827225789,6,True,True,55.616275363976655,DOWN,False,oversold,out_of_sample
2025-10-21 19:45:00,108160.01,19.79852875967839,47.910498528986054,27.65254921851399,5.178438870337504,3,True,True,52.707511768906365,DOWN,False,oversold,out_of_sample
2025-10-23 15:45:00,109651.95,18.005924828735502,46.18431318366871,24.790256808018622,38.871173745655774,5,True,True,37.365774160878935,DOWN,False,oversold,out_of_sample
2025-10-27 15:30:00,114402.28,12.037915860318137,19.642091049234892,50.02260444459709,-22.86318069884601,3,True,True,22.650990871860348,DOWN,False,oversold,out_of_sample
2025-10-28 14:45:00,112538.83,18.040047436599238,66.66054729731972,29.13038992852527,60.89009455669656,9,True,True,40.0751011895183,DOWN,False,oversold,out_of_sample
2025-10-28 15:30:00,112692.28,18.865181144277585,52.953050555016304,9.96519016209477,23.833930771477558,6,True,True,41.4838975660089,DOWN,False,oversold,out_of_sample
2025-10-29 10:30:00,111052.16,18.86506883396906,88.07302802574866,166.78288832923226,-116.67040064776846,8,True,True,31.683399944674534,DOWN,False,oversold,out_of_sample
2025-10-29 11:15:00,111106.35,14.588970427958742,83.15276309589775,171.5788521538153,-14.294412515576921,5,True,True,33.522161424616925,DOWN,False,oversold,out_of_sample
2025-10-29 18:15:00,110021.29,19.500326279481627,87.66939562333826,28.89077195877276,81.55966904223735,10,True,True,36.795242084509304,DOWN,False,oversold,out_of_sample
2025-10-30 06:30:00,109426.96,17.884320323312437,6.674771920922741,185.23405932139633,-101.23190848032331,1,True,False,28.970191623709706,DOWN,False,oversold,out_of_sample
2025-10-30 07:45:00,108461.22,19.71129157355314,7.121439349474885,104.48158337145767,-69.11779159408344,1,True,False,33.63985763759634,DOWN,False,oversold,out_of_sample
2025-11-02 21:30:00,108233.74,16.793295476701132,21.054432748973664,69.62801063697887,-58.5538298870574,1,True,True,36.595889599675765,DOWN,False,oversold,out_of_sample
2025-11-03 00:00:00,107599.99,19.333352998436624,21.60409122714527,55.198889888372875,-2.113383096039808,7,True,True,38.443683870230785,DOWN,False,oversold,out_of_sample
2025-11-03 10:15:00,105745.71,19.85945777126453,192.67826562420268,41.52887147856955,143.4129100840118,6,True,True,47.165128495520065,DOWN,False,oversold,out_of_sample
2025-11-04 00:15:00,104215.76,17.2446326584994,94.53848439046122,43.733308666557676,-1.2819558193502196,2,True,True,42.387734830125446,DOWN,False,oversold,out_of_sample
2025-11-04 12:30:00,100810.98,19.278269264870943,89.36129774752716,120.12381984581401,11.11188483635454,5,True,True,61.55638998847133,DOWN,False,oversold,out_of_sample
2025-11-04 13:15:00,101363.98,15.331227745478458,34.317910563496085,174.02434276949228,-141.83440705465614,2,True,True,68.75011221935033,DOWN,False,oversold,out_of_sample
2025-11-04 14:00:00,100834.0,19.66985427435742,28.303945097883073,187.40107503421459,7.553999642977393,4,True,True,70.47176547593064,DOWN,False,oversold,out_of_sample
2025-11-06 11:15:00,100867.2,19.424348339716772,145.8154880873072,9.579922908536185,93.8035357380792,8,True,True,59.502990070112006,DOWN,False,oversold,out_of_sample
2025-11-07 03:45:00,101006.26,11.202519718954065,24.1341477251018,119.06984775002987,-58.84486763493623,3,True,True,25.967251930721947,DOWN,False,oversold,out_of_sample
2025-11-07 05:30:00,100103.38,19.102082377237252,52.10813061457019,84.16499023309743,10.011649956275319,4,True,True,29.77267101270707,DOWN,False,oversold,out_of_sample
2025-11-11 00:30:00,105073.08,17.52177609825219,24.237416472420744,31.585635445349528,-5.300120639844414,4,True,True,43.06293296056418,DOWN,False,oversold,out_of_sample
2025-11-12 09:45:00,103458.01,18.4117975211624,23.358268731440273,208.58800589727124,-165.2834807087427,1,True,True,35.25304613920185,DOWN,False,oversold,out_of_sample
2025-11-13 12:45:00,99100.17,0.0,19.66192388973761,110.97559166649302,-94.65775891201778,4,True,True,66.90149976533834,DOWN,False,oversold,out_of_sample
2025-11-14 00:30:00,97135.39,18.484318717807483,62.53745416577896,123.70774441735391,8.11547675877986,4,True,True,55.42809886283486,DOWN,False,oversold,out_of_sample
2025-11-14 07:00:00,94881.12,16.46407362123955,202.40170014856525,32.67457213827045,129.06571929167902,9,True,True,52.722817774495084,DOWN,False,oversold,out_of_sample
2025-11-16 07:45:00,95390.01,14.930355182909892,29.76097811500381,107.1149903433273,-85.60120708656896,5,True,True,28.55844128751004,DOWN,False,oversold,out_of_sample
2025-11-16 10:30:00,94415.07,19.387394462988553,122.09067895622877,68.27194006211202,-4.8932866331626546,8,True,True,34.18273163383767,DOWN,False,oversold,out_of_sample
2025-11-16 12:00:00,94010.92,17.38626198513859,165.6052296903376,25.917201959090942,120.90829448323645,2,True,True,37.98579994749548,DOWN,False,oversold,out_of_sample
2025-11-17 08:00:00,93855.91,13.93341147168681,233.02634858049925,75.721390373819,-72.38436023900998,4,True,True,31.703757387254402,DOWN,False,oversold,out_of_sample
2025-11-17 14:45:00,91767.28,17.28521061421401,68.89165724428109,59.63781426233825,52.34436500678736,9,True,True,61.958576085070895,DOWN,False,oversold,out_of_sample
2025-11-18 23:15:00,91163.2,18.850122850123,29.61392316197777,124.8464292609298,11.786554223633779,10,True,True,43.117891868648826,DOWN,False,oversold,out_of_sample
2025-11-19 13:00:00,88906.92,17.99669019803585,115.69628100939671,33.62167984224381,88.54766310653885,10,True,True,67.28013972365713,DOWN,False,oversold,out_of_sample
2025-11-20 11:00:00,88224.76,17.817598324681512,23.376657527887325,240.83488580756637,-204.47547831243702,1,True,True,72.39248936466375,DOWN,False,oversold,out_of_sample
2025-11-20 12:45:00,86960.28,18.78143212168804,21.390225514452663,98.9279243351101,-57.188178326932444,4,True,True,98.2790073813011,DOWN,False,oversold,out_of_sample
2025-11-20 13:15:00,86486.27,16.520557375300726,114.78122481175302,44.662580546022404,77.28047469268768,10,True,True,95.07624736273186,DOWN,False,oversold,out_of_sample
2025-11-21 02:15:00,84049.39,18.204153385083217,78.58474642112215,285.71177018655334,-236.96900120274597,2,True,True,64.50754728856441,DOWN,False,oversold,out_of_sample
2025-11-21 03:00:00,83791.27,16.922478262180405,23.52631724044642,255.7867901990272,-84.70572172972308,2,True,True,68.51053815033474,DOWN,False,oversold,out_of_sample
2025-11-25 03:30:00,86826.05,14.86959748293441,81.76463169751393,18.43340794611789,70.63202806070345,10,True,True,27.6419346497971,DOWN,False,oversold,out_of_sample
2025-11-26 04:45:00,86868.08,18.49583537481641,35.44570111368911,64.61637001761724,-25.901343738689743,7,True,True,23.567747784917042,DOWN,False,oversold,out_of_sample
2025-11-26 05:45:00,86896.44,14.775926038974518,32.17047786997982,67.85893645355301,26.706502590899284,3,True,True,23.133283711047362,DOWN,False,oversold,out_of_sample
2025-11-27 07:30:00,90816.98,16.682650745623164,24.55708172634722,41.682733779520404,7.553653512812892,3,True,True,22.219633376929995,DOWN,False,oversold,out_of_sample
2025-11-30 18:30:00,88920.0,12.217194570135902,19.974134053081485,263.1578947368421,-236.2201979307244,1,True,True,32.19652496626198,DOWN,False,oversold,out_of_sample
2025-11-30 23:30:00,85755.5,17.707362175906056,86.94252846756204,12.121671496288528,82.78885902362022,10,True,True,52.12365387642766,DOWN,False,oversold,out_of_sample
2025-12-01 00:00:00,85750.49,18.39128035320107,106.7107604866151,0.0011661740952516103,84.77735812355138,10,True,True,46.94661220011686,DOWN,False,oversold,out_of_sample
2025-12-01 06:45:00,85835.3,17.88227548555018,97.71038255822454,125.74080826885941,27.098408230645347,9,True,True,25.98837541198095,DOWN,False,oversold,out_of_sample
2025-12-04 00:15:00,92979.25,17.0038272279933,66.7622076968786,16.662857573059906,15.786317915018548,9,True,True,34.195586649709355,DOWN,False,oversold,out_of_sample
2025-12-05 09:00:00,90206.42,17.85418755658489,141.03763346333886,238.3887976044275,-169.22188021650845,2,True,True,34.558072474220964,DOWN,False,oversold,out_of_sample
2025-12-07 16:30:00,89374.19,15.540811878537426,140.18812366299468,16.687144241530962,105.64347492268104,10,True,True,45.64309897521871,DOWN,False,oversold,out_of_sample
2025-12-08 09:30:00,90239.16,16.537754830720658,30.937787984727805,69.49976041443686,-42.76303103885269,1,True,True,37.21156092321776,DOWN,False,oversold,out_of_sample
2025-12-08 19:45:00,90214.96,16.472085700887504,25.25190943940979,46.457926711934455,21.06635085799388,10,True,True,29.18806370916741,DOWN,False,oversold,out_of_sample
2025-12-09 16:15:00,92640.0,16.356664516186854,43.81368739205521,38.228626943004556,-11.81455094991333,4,True,True,41.37526986183087,UP,False,oversold,out_of_sample
2025-12-10 18:00:00,92000.01,18.51497822720843,8.729346877246234,198.68258709971772,-191.40215310846102,2,True,False,77.67270894861852,DOWN,False,oversold,out_of_sample
2025-12-10 19:30:00,90987.92,19.637345207076706,34.46391564946223,175.65958206320065,-128.31153849873652,2,True,True,55.07544298188144,DOWN,False,oversold,out_of_sample
2025-12-10 20:15:00,90674.74,17.623991135350707,0.0011028429742132495,141.72745353336558,-69.96546116371587,1,True,False,43.012861134203334,DOWN,False,oversold,out_of_sample
2025-12-11 19:15:00,91573.88,18.69038137568299,128.87080901235103,4.555884276171454,72.47263084189387,9,True,True,54.27224444350286,UP,False,oversold,out_of_sample
2025-12-12 10:15:00,89935.14,18.68184237735457,76.56406605916239,50.607582308761565,67.35075966969097,6,True,True,37.72952374344467,DOWN,False,oversold,out_of_sample
2025-12-12 11:00:00,89652.01,18.88237625032339,113.10287410176362,4.338999203698187,43.29518100040465,8,True,True,46.979426339688594,DOWN,False,oversold,out_of_sample
2025-12-14 05:45:00,89514.85,17.934653830289562,16.88546648963766,92.4516993549117,-2.8319323553584486,6,True,True,13.568307381400908,DOWN,False,oversold,out_of_sample
2025-12-15 09:15:00,88050.01,19.103344750306277,15.24928844414715,225.7058233156358,-210.74273586113128,1,True,True,23.759054655416858,DOWN,False,oversold,out_of_sample
2025-12-15 10:15:00,87033.22,17.76624879753679,21.460770956193375,170.87957908485993,-166.28248386076103,1,True,True,36.5085308805074,DOWN,False,oversold,out_of_sample
2025-12-16 23:15:00,86752.26,19.112538065156173,29.164658073462217,62.60931991858128,-1.8316525702038677,5,True,True,24.44674063822641,DOWN,False,oversold,out_of_sample
2025-12-17 13:00:00,85938.46,16.53665460066665,36.50286495708639,72.66362464489198,7.560061001789723,7,True,True,86.74823821604438,DOWN,False,oversold,out_of_sample
2025-12-18 13:30:00,85650.0,19.48723975583546,21.704611792176788,140.10391126678402,-39.01225919439573,10,True,True,83.22171628721536,DOWN,False,oversold,out_of_sample
2025-12-18 14:00:00,84692.65,19.327961236635772,134.98810109259776,28.64947548577113,82.35897684155638,8,True,True,81.41019321039077,DOWN,False,oversold,out_of_sample
2025-12-21 08:15:00,87670.1,19.00375317993536,77.55209586848814,6.276940484840194,63.22452010434499,10,True,True,24.962501468573787,DOWN,False,oversold,out_of_sample
2025-12-22 14:00:00,88345.13,19.809731932338025,31.01472599564911,49.05080789399608,-6.622889116809191,8,True,True,45.05822788420816,DOWN,False,oversold,out_of_sample
2025-12-25 18:00:00,87054.85,16.369198740732955,131.72614736571145,18.741058080050532,131.04496762673162,10,True,True,18.982687351709828,DOWN,False,oversold,out_of_sample
2025-12-25 19:00:00,86971.48,15.011149121227106,283.83097539561294,4.558965766708141,238.30455685013143,8,True,True,24.623991680950947,DOWN,False,oversold,out_of_sample
2025-12-26 09:30:00,86776.13,19.80537571640842,79.24298997892616,13.949688698954759,70.13103718729937,10,True,True,27.14911347164245,DOWN,False,oversold,out_of_sample
2025-12-29 04:00:00,88232.85,11.430893884860907,4.212716692252177,154.26340642969149,-143.94978740911128,2,True,False,27.263428530303774,DOWN,False,oversold,out_of_sample
2020-01-03 04:30:00,7243.4,86.58903978576889,130.09084131761267,29.41988568904161,43.46025347212574,1,True,True,51.745036861142424,UP,False,overbought,in_sample
2020-01-03 05:15:00,7178.0,82.31087272320934,4.597380886040933,75.22986904430203,-35.12120367790476,1,True,False,65.11423794928936,UP,False,overbought,in_sample
2020-01-03 10:00:00,7370.01,81.28382495251064,120.366186748729,2.5915840005642523,67.85608160640246,2,True,True,46.35068337763431,UP,False,overbought,in_sample
2020-01-05 01:15:00,7460.6,80.82445316881643,41.015467924832265,29.850146100849166,-20.628367691605792,1,True,True,29.142428222931205,UP,False,overbought,in_sample
2020-01-05 01:45:00,7459.18,80.93521308652599,35.379223989768754,48.02136427864686,5.26867564531261,2,True,True,32.65908585125987,UP,False,overbought,in_sample
2020-01-06 02:00:00,7480.5,84.36069413392951,0.5213555243637824,133.01249916449436,-63.819263418220416,1,True,False,42.73711650290746,UP,False,overbought,in_sample
2020-01-06 03:45:00,7540.9,82.29821384183812,59.541964486997095,18.180853744248083,30.35446697343741,7,True,True,46.25973027092241,UP,False,overbought,in_sample
2020-01-06 22:00:00,7633.36,80.7215696398606,26.567592776968134,480.3127325319392,-417.1688483184345,1,True,True,26.888552354402254,UP,False,overbought,in_sample
2020-01-07 01:15:00,7904.23,80.5288506587207,48.35385609983433,45.25424993958986,11.80380631636469,2,True,True,74.01163680712729,UP,False,overbought,in_sample
2020-01-07 19:00:00,8084.0,83.0856604112416,52.84512617516113,128.64918357248885,18.88916378030732,4,True,True,72.27115289460656,UP,False,overbought,in_sample
2020-01-07 20:15:00,8108.03,80.00796739496812,200.18426177505447,98.63061680827556,72.12602814740396,8,True,True,77.26352763864952,UP,False,overbought,in_sample
2020-01-08 00:45:00,8431.82,82.22040816326505,221.6484697253967,19.35525189105046,202.2339186557593,10,True,True,91.40197489984368,UP,False,overbought,in_sample
2020-01-08 01:15:00,8416.26,84.19720140955879,203.57023190823466,14.1392970274203,137.7333875141691,8,True,True,98.34593988303585,UP,False,overbought,in_sample
2020-01-10 13:15:00,7928.24,86.26819660900856,98.6725931606505,200.05701139218866,-174.51540316640336,3,True,True,55.097978870467976,UP,False,overbought,in_sample
2020-01-10 15:00:00,8040.84,80.52365514588723,162.74419090542852,123.45725073499723,139.96050163913216,10,True,True,65.83080872147669,UP,False,overbought,in_sample
2020-01-10 15:45:00,8066.6,82.17743041272442,194.15862941016138,91.12885230456364,-28.996107405845606,7,True,True,64.36230877941126,UP,False,overbought,in_sample
2020-01-14 01:00:00,8352.44,84.96173034613128,34.612640138689834,162.4315768805284,-65.26236644621238,1,True,True,39.60758772286902,UP,False,overbought,in_sample
2020-01-14 14:30:00,8704.48,80.50099726175534,211.93684171828713,81.01575280775008,-33.09789901292359,7,True,True,55.01017866661766,UP,False,overbought,in_sample
2020-01-15 00:15:00,8887.38,81.96347764690795,197.33599778562322,5.187130515405645,82.75779813623282,3,True,True,62.62363036125418,UP,False,overbought,in_sample
2020-01-16 06:30:00,8718.54,84.58648858148055,85.26656986146779,9.978734971679785,62.808681270029396,10,True,True,47.085291803444186,DOWN,False,overbought,in_sample
2020-01-19 03:15:00,9197.92,85.38121768809921,93.41242367839693,1.1524344634433554,72.60337119696699,9,True,True,48.31418407639992,UP,False,overbought,in_sample
2020-01-20 16:30:00,8661.58,85.93028139437233,24.74144440159912,28.239651426184306,-10.667799639326521,6,True,True,46.50883557041568,UP,False,overbought,in_sample
2020-01-21 23:15:00,8745.02,80.31802924276064,45.763188649083055,22.824418926427988,18.582004386496543,8,True,True,52.16454622173527,UP,False,overbought,in_sample
2020-01-22 07:15:00,8789.95,81.38964116452284,166.82688752495886,5.767950898468943,117.94151275035702,8,True,True,19.770874692119648,UP,False,overbought,in_sample
2020-01-24 13:45:00,8466.27,80.06629834254127,29.954159269667255,72.93648796931824,-28.902928916747687,6,True,True,48.93713524373785,UP,False,overbought,in_sample
2020-01-27 00:15:00,8695.8,81.87178334082823,72.85126152855234,9.42983969272606,46.35571195289622,7,True,True,32.0240805906299,UP,False,overbought,in_sample
2020-01-27 19:15:00,8952.27,83.41593742739832,86.42500728865505,53.31608631106922,-14.052301818421391,1,True,True,41.831848235140136,UP,False,overbought,in_sample
2020-01-28 23:30:00,9353.48,85.06490337692773,40.070647502319524,71.99459452524637,7.302095049115332,5,True,True,49.54626513340474,UP,False,overbought,in_sample
2020-01-29 01:00:00,9380.54,82.87862740944718,127.09289657098755,2.7716954461028305,31.2135548699762,5,True,True,57.542529534546915,UP,False,overbought,in_sample
2020-02-05 11:45:00,9418.48,83.78048300043284,9.003575948560238,64.25665287817189,-2.686208390314207,8,True,False,35.54129753420943,UP,False,overbought,in_sample
2020-02-05 12:30:00,9453.83,80.58096415327529,46.362162213621275,26.624130114461625,1.7982129993883196,5,True,True,38.85515182735472,UP,False,overbought,in_sample
2020-02-05 13:15:00,9458.28,84.25072336989408,51.04522175279295,37.97730665617858,-28.33496153634622,2,True,True,38.090963684729296,UP,False,overbought,in_sample
2020-02-05 17:30:00,9549.01,81.0267624700619,5.634091911099704,204.67043180392577,-139.1034253812698,1,True,False,36.17338341880458,UP,False,overbought,in_sample
2020-02-06 12:30:00,9746.9,81.7240973773962,111.72783141306431,118.67362956427179,-55.30989340200459,5,True,True,35.05627430259883,UP,False,overbought,in_sample
2020-02-07 02:15:00,9844.77,82.84874929796547,105.23354024522702,10.391304215334197,53.48017272115004,8,True,True,38.00342720043233,UP,False,overbought,in_sample
2020-02-09 03:45:00,10052.63,87.24604966139862,12.563876318932659,77.95969810885391,-54.36388288438096,6,True,True,31.440031116235282,UP,False,overbought,in_sample
2020-02-09 06:00:00,10103.22,82.25092518685179,14.341962265495338,62.13860531592963,-6.7701188334017735,3,True,True,34.62509972068309,UP,False,overbought,in_sample
2020-02-10 00:00:00,10187.0,86.62907548012471,105.03582997938548,0.667517424168343,72.42564052223486,8,True,True,21.395896731127912,UP,False,overbought,in_sample
2020-02-11 13:30:00,9897.43,89.02468392534549,50.95262103394547,417.8559484633887,-315.6577010395629,5,True,True,27.066117163748864,UP,False,overbought,in_sample
2020-02-11 15:30:00,10148.48,83.90345836380749,52.21471589834122,160.1422084883652,-133.57665384372962,1,True,True,40.43265592482841,UP,False,overbought,in_sample
2020-02-14 11:45:00,10269.24,80.55416874687943,28.473382645648346,44.560259571302474,-40.30483268479402,2,True,True,39.038916219700916,UP,False,overbought,in_sample
2020-02-16 23:00:00,9881.34,82.61957463189273,42.7978391594671,116.62385870742204,0.08096067942194807,8,True,True,39.24315932859314,UP,False,overbought,in_sample
2020-02-18 16:30:00,9880.76,84.88011365283744,3.451151530853754,169.25823519648264,-136.22433901845642,3,True,False,53.202891275569755,UP,False,overbought,in_sample
2020-02-18 20:45:00,10155.01,83.65101503176798,116.48437569239307,93.54003590346024,-13.156067793139133,4,True,True,47.28848125211095,UP,False,overbought,in_sample
2020-02-21 03:30:00,9694.87,83.51718421220426,46.28220904457801,39.33007869110075,9.530813719009744,8,True,True,31.91687975186889,UP,False,overbought,in_sample
2020-02-21 12:00:00,9728.01,82.95054698995604,45.8778311288753,28.26888541438588,26.973656482671974,6,True,True,29.949085167469953,UP,False,overbought,in_sample
2020-02-23 03:30:00,9745.49,84.99003379842291,15.60721933940636,179.06744555686808,-146.33435568657973,1,True,True,18.92465130024259,UP,False,overbought,in_sample
2020-03-02 10:15:00,8738.0,80.64813309488946,99.56511787594414,51.499198901350425,-17.66994735637504,3,True,True,32.76607919432389,UP,False,overbought,in_sample
2020-03-02 10:45:00,8722.1,82.16122507945646,81.51706584423518,127.89351188360517,-88.17830568326417,1,True,True,35.758590247761674,UP,False,overbought,in_sample
2020-03-02 14:15:00,8876.49,84.20399663254915,116.58887690967914,9.587122837968858,20.176894245360334,5,True,True,47.045622763051455,UP,False,overbought,in_sample
2020-03-05 00:15:00,8796.0,81.04379124175215,11.63028649386035,165.45020463847277,-140.84811277853504,1,True,False,25.94872669395168,UP,False,overbought,in_sample
2020-03-05 02:30:00,8929.53,80.98062056549847,75.62548084837684,13.43855723649509,29.441639145622304,6,True,True,33.199395712876154,UP,False,overbought,in_sample
2020-03-05 09:45:00,9080.12,85.44188494392913,40.85849085694942,52.00371801253655,-40.803425505388994,2,True,True,35.58653409866871,UP,False,overbought,in_sample
2020-03-05 10:30:00,9061.95,80.04394146664984,0.011035152478460241,82.41051870734056,-27.941006074851117,1,True,False,36.869547944979,UP,False,overbought,in_sample
2020-03-10 11:15:00,8099.69,81.0699716625667,102.04094230766812,60.87887314205902,50.199452077795385,9,True,True,43.23930915874552,UP,False,overbought,in_sample
2020-03-10 12:30:00,8118.26,80.76756287944507,161.83270799407768,37.86525684075132,119.1018765104844,10,True,True,46.6035825410863,UP,False,overbought,in_sample
2020-03-15 21:45:00,5903.77,81.23268482490273,1212.394791802527,7.927138082952725,1058.8318989391532,9,True,True,166.71381168304325,UP,False,overbought,in_sample
2020-03-17 03:45:00,5311.16,81.42135510084563,199.88100527944906,26.058337538315822,100.01581575399705,2,True,True,171.51432078867884,UP,False,overbought,in_sample
2020-03-19 08:00:00,5428.54,80.72041473006755,96.60055926639502,428.2182686320817,-245.1119453849477,3,True,True,65.39511544540512,UP,False,overbought,in_sample
2020-03-19 12:00:00,5713.55,80.5518169582772,49.72390195237611,291.7100576699251,-98.41517095325946,6,True,True,112.69700974000395,UP,False,overbought,in_sample
2020-03-20 09:00:00,6666.27,80.02688088019262,159.8795128310147,350.6158616437671,36.75218675511193,10,True,True,116.59743754753391,UP,False,overbought,in_sample
2020-03-20 09:45:00,6756.62,88.07647988852267,333.9243586290185,212.20669506350822,229.22703955528075,9,True,True,128.89210877628148,UP,False,overbought,in_sample
2020-03-21 21:15:00,6385.99,81.14341463414628,479.1582824276264,53.257208357670805,311.6353141799474,3,True,True,102.79377199150015,UP,False,overbought,in_sample
2020-03-23 12:15:00,6229.9,86.07466416744761,152.3298929356806,594.0705308271407,10.176728358399389,5,True,True,111.57883754153352,UP,False,overbought,in_sample
2020-03-24 08:15:00,6756.13,83.22840189077755,138.70366615207232,113.77815406157059,59.161087782503074,3,True,True,99.25578696679905,UP,False,overbought,in_sample
2020-03-26 00:15:00,6751.92,82.1826637799694,146.86192964371594,8.723444590576204,102.60785080391909,9,True,True,62.89766466427318,UP,False,overbought,in_sample
2020-03-26 00:45:00,6740.0,80.41418905064583,129.4362017804151,21.483679525221905,74.56973293768579,7,True,True,63.908011869436166,UP,False,overbought,in_sample
2020-03-30 03:15:00,6003.74,80.05700805976043,38.70920459580159,393.5213716783209,-331.85980738672856,2,True,True,49.62823173555157,UP,False,overbought,in_sample
2020-03-30 05:00:00,6186.76,85.53900853903791,43.25365781119717,231.5428431036601,-118.05856377166718,1,True,True,58.0336072516148,UP,False,overbought,in_sample
2020-03-30 06:15:00,6188.0,80.02036293945032,11.328377504848447,229.4925662572725,-134.53458306399483,1,True,False,65.73287007110552,UP,False,overbought,in_sample
2020-03-30 20:45:00,6463.3,84.52748790299036,59.25765475840543,209.9546671205109,6.188789008710721,9,True,True,54.254018844862436,UP,False,overbought,in_sample
2020-03-30 22:15:00,6590.0,82.45403334191175,326.25189681335354,13.657056145675265,228.30045523520457,6,True,True,66.72458270106218,UP,False,overbought,in_sample
2020-04-01 21:00:00,6366.07,81.67634533488167,52.575607871103124,493.0357347625771,-424.76755675008263,2,True,True,57.7522710243525,UP,False,overbought,in_sample
2020-04-01 22:00:00,6367.86,84.85296467955894,-0.015703862836523228,590.6850967200918,-405.4423307045072,1,False,False,55.79582465694893,UP,False,overbought,in_sample
2020-04-02 16:30:00,6867.97,86.19522568664469,211.08129476395538,480.5350052490033,108.25615138097628,10,True,True,78.97311723842697,UP,False,overbought,in_sample
2020-04-03 07:30:00,6928.65,83.85646525056704,88.97837241020926,82.77225722182585,-6.162816710326595,3,True,True,46.345969272513315,UP,False,overbought,in_sample
2020-04-04 10:30:00,6870.21,80.1037266301391,320.51422008934196,43.361119965765184,240.70588817517935,4,True,True,42.45576190538576,UP,False,overbought,in_sample
2020-04-06 04:45:00,6941.63,83.98879979635997,42.25232402187949,228.7070904096015,-100.42309947375477,1,True,True,52.18226842974928,UP,False,overbought,in_sample
2020-04-06 05:30:00,6952.01,80.42808496838009,22.20940418670357,213.4346757268763,-182.33575613383786,7,True,True,47.29495498424198,UP,False,overbought,in_sample
2020-04-06 17:45:00,7205.48,83.68819553839099,42.301137467593506,143.6684301392835,-45.14619428546142,1,True,True,62.894491414867574,UP,False,overbought,in_sample
2020-04-06 18:45:00,7240.94,81.68254926480111,79.10575146320747,93.99332130911236,-36.003612790605395,5,True,True,56.993981444398116,UP,False,overbought,in_sample
2020-04-07 00:15:00,7416.01,81.47262429200771,217.39452886390427,51.22700751482237,141.07316468019852,8,True,True,66.91671127735799,UP,False,overbought,in_sample
2020-04-08 03:30:00,7375.82,80.9438216935195,72.75123308323664,59.898424853101474,32.470965940057944,2,True,True,50.25339555466386,UP,False,overbought,in_sample
2020-04-08 04:15:00,7348.67,81.9920690459531,90.72389969885717,97.06518322363085,42.2117199438816,10,True,True,52.88439948997582,UP,False,overbought,in_sample
2020-04-08 05:15:00,7346.43,81.94845396681863,87.70246228440249,100.14387940809306,33.45842810725744,6,True,True,52.76508453765982,UP,False,overbought,in_sample
2020-04-10 19:15:00,6927.7,83.47100576978934,106.52886239300227,11.244713252594604,48.02459690806405,2,True,True,58.13545621201847,UP,False,overbought,in_sample
2020-04-11 23:45:00,6876.83,80.4039402763149,127.71873086872866,42.795881241793516,79.5860883575711,9,True,True,37.83356575631494,UP,False,overbought,in_sample
2020-04-12 14:00:00,6944.79,81.55970755483342,21.296540284155405,250.57633132175405,-201.97874953742365,1,True,True,34.23285657305689,UP,False,overbought,in_sample
2020-04-12 16:15:00,7072.6,81.60749698642921,53.162910386562736,147.61191075417756,-34.82453411757939,5,True,True,50.91126318468459,UP,False,overbought,in_sample
2020-04-14 14:15:00,6923.9,83.17880794702,106.73175522465611,50.5206603214958,-33.853752942706436,1,True,True,47.929635032279656,UP,False,overbought,in_sample
2020-04-16 07:00:00,6872.08,87.19930471490231,14.94452916729655,400.46099579748756,-236.34765602263082,1,True,True,51.738338319693305,UP,False,overbought,in_sample
2020-04-16 19:45:00,7070.79,82.44668199476719,142.50175722939053,83.73887500548035,-2.4042575157794506,1,True,True,48.34891150776655,UP,False,overbought,in_sample
2020-04-18 13:45:00,7237.14,87.56793768990426,93.87686295967814,43.88473899910643,55.72643337008808,9,True,True,38.22020853541599,UP,False,overbought,in_sample
2020-04-18 15:30:00,7228.44,83.76035259359661,101.58485094985832,36.74375107215444,59.70859549224986,4,True,True,44.64172075855925,UP,False,overbought,in_sample
2020-04-20 15:15:00,7078.95,86.07188703465987,341.74559786409014,12.572486032533844,291.5121592891597,10,True,True,57.55867748748054,DOWN,False,overbought,in_sample
2020-04-22 14:00:00,7058.58,81.50688411319393,-0.2266744869362598,129.51613497332335,-109.22876839251005,1,False,False,38.354739905193334,UP,False,overbought,in_sample
2020-04-22 15:00:00,7091.07,82.9427430093208,11.97280523249634,92.10175615245711,-10.097206768512867,2,True,False,43.87208136430743,UP,False,overbought,in_sample
2020-04-23 13:45:00,7233.68,80.71923372958155,-0.013824222248300704,697.1831764744911,-436.5136417425146,1,False,False,41.88324614857159,UP,False,overbought,in_sample
2020-04-23 16:45:00,7504.91,80.02906009838428,-0.10659688124165012,86.72988750031665,-33.56469298099579,1,False,False,95.17769033872489,UP,False,overbought,in_sample
2020-04-25 06:45:00,7578.39,80.53748716193095,87.60435923725267,20.598042592159644,37.81805898086633,8,True,True,34.958612581300166,UP,False,overbought,in_sample
2020-04-26 02:30:00,7573.72,80.45807166605044,45.15614519681189,11.909603206877897,33.6558520779758,8,True,True,24.90057725925979,UP,False,overbought,in_sample
2020-04-26 10:45:00,7642.65,89.15465268676287,41.64785774567713,75.03941695616098,-12.273229835201285,1,True,True,24.510477386770393,UP,False,overbought,in_sample
2020-04-26 18:30:00,7620.38,81.76671384564175,15.222337993643839,55.928969421472274,-9.212139027187,2,True,True,42.245268608652154,UP,False,overbought,in_sample
2020-04-26 19:15:00,7616.76,83.29466357308584,13.010781487141324,60.70822764535023,-10.293090500422943,9,True,True,38.99886565941437,UP,False,overbought,in_sample
2020-04-29 04:45:00,7841.23,81.75816773324394,15.59704281088498,159.120444113998,-118.97368142498165,1,True,True,36.269182258395745,UP,False,overbought,in_sample
2020-04-29 07:45:00,7945.0,83.82989559460182,21.397105097545627,262.1397105097551,-197.60855884203903,4,True,True,37.740088105726905,UP,False,overbought,in_sample
2020-04-29 10:45:00,8108.75,88.27043887009624,8.23801449051986,344.3440727609056,-319.728688145522,4,True,False,50.84322491136119,UP,False,overbought,in_sample
2020-04-29 17:15:00,8709.17,80.9022016949912,189.50141058218048,279.8429701108135,-13.835991259786264,2,True,True,97.46451154358003,UP,False,overbought,in_sample
2020-04-30 03:30:00,9147.53,88.32046332046333,148.6630817280728,341.5894782525986,-265.13168035524217,2,True,True,78.42718198245865,UP,False,overbought,in_sample
2020-05-01 23:15:00,8891.51,86.00906331118803,145.65579974605012,2.15936325775945,111.72455522177913,3,True,True,49.12270244311714,UP,False,overbought,in_sample
2020-05-03 00:30:00,9136.02,87.05436647994055,88.68194246510015,70.03049467930188,12.620375174310755,4,True,True,42.05989041179879,UP,False,overbought,in_sample
2020-05-04 14:00:00,8840.0,83.4683509542767,72.33031674208202,53.16742081447964,20.361990950226247,3,True,True,52.164027149321484,UP,False,overbought,in_sample
2020-05-06 10:15:00,9199.6,82.00367647058766,38.78429496934681,196.09548241227841,-27.588156006782032,1,True,True,41.84312361406994,UP,False,overbought,in_sample
2020-05-07 03:15:00,9310.42,81.67070034790517,85.40968076628168,14.05951611205525,44.48778895044485,8,True,True,73.58529475576863,UP,False,overbought,in_sample
2020-05-07 14:00:00,9517.15,80.75531433740423,175.63030949391322,52.76789795264462,-29.4836164187803,6,True,True,54.31878240859932,UP,False,overbought,in_sample
2020-05-07 15:45:00,9515.51,80.05912318209425,12.789645536602949,390.4047181916679,-277.9567253883394,2,True,True,63.72753536069013,UP,False,overbought,in_sample
2020-05-07 17:15:00,9743.36,80.11962003049135,34.34133604834569,212.08289542827052,-123.74581253284258,2,True,True,76.33198403836072,UP,False,overbought,in_sample
2020-05-07 19:00:00,9819.98,82.71426901040641,100.78431931633196,132.40352831675872,-0.20366640257997226,7,True,True,75.82958417430618,UP,False,overbought,in_sample
2020-05-10 08:00:00,8867.39,86.2202713185628,227.30476498721663,3.4959554051421717,53.89409961668434,8,True,True,84.86093427716631,DOWN,False,overbought,in_sample
2020-05-10 20:15:00,8727.0,83.18423422115086,73.98877048241057,82.59424773690837,-58.427867537526964,3,True,True,125.47668156296571,UP,False,overbought,in_sample
2020-05-13 20:30:00,9301.9,88.88740972476424,53.64495425665685,103.31222653436434,-9.449682322967215,4,True,True,50.38863027983521,UP,False,overbought,in_sample
2020-05-13 21:45:00,9347.12,80.35160778931944,87.85593851368206,42.259005982591425,3.9584385350789626,3,True,True,58.009846883318005,UP,False,overbought,in_sample
2020-05-14 08:15:00,9533.27,80.41962007371681,29.119074567278822,425.5937364618851,-120.598703278098,1,True,True,50.866072187192955,UP,False,overbought,in_sample
2020-05-15 08:30:00,9660.0,83.15399745458755,186.33540372670808,15.527950310559005,77.1428571428576,8,True,True,59.26293995859218,UP,False,overbought,in_sample
2020-05-17 03:30:00,9566.54,80.72201480731505,95.68767809469344,13.191812295771491,56.70806791170057,9,True,True,46.28894041105759,UP,False,overbought,in_sample
2020-05-17 12:15:00,9736.65,83.77932400098946,56.117863947044846,87.65848623499906,-75.24148449415377,3,True,True,42.51719020402279,UP,False,overbought,in_sample
2020-05-18 01:30:00,9913.0,82.43670092755087,97.57893674972216,17.14919802279835,23.201856148491878,8,True,True,57.6949460304648,UP,False,overbought,in_sample
2020-05-19 08:45:00,9803.94,83.97734269178652,71.33866588330866,95.13522114578282,31.364941033910853,10,True,True,51.84956252282235,UP,False,overbought,in_sample
2020-05-22 12:30:00,9184.88,80.22834450235783,114.42718903240822,8.840616317252703,41.916715297314724,4,True,True,41.06422729529402,UP,False,overbought,in_sample
2020-05-23 02:45:00,9271.27,81.05326876513341,36.348849726090094,39.45522026647905,26.69537183147508,8,True,True,31.855937751786115,UP,False,overbought,in_sample
2020-05-23 22:00:00,9238.94,80.57596486783115,127.90428339181774,6.429308989990941,54.86560146510369,8,True,True,30.491052003800995,UP,False,overbought,in_sample
2020-05-24 07:15:00,9278.19,80.01967812214484,42.23884184307554,21.351147152622968,8.040361320474085,3,True,True,26.393078822485762,UP,False,overbought,in_sample
2020-05-27 10:15:00,8987.23,80.31855359448994,5.808241248971424,225.62012989541878,-175.54908464565884,1,True,False,33.247174045840524,UP,False,overbought,in_sample
2020-05-28 12:00:00,9351.98,83.81490091885297,18.627071486466047,156.36260984304883,-91.9270571579507,1,True,True,35.83519211974374,UP,False,overbought,in_sample
2020-05-28 12:30:00,9404.54,85.9756886072678,30.495909422470728,99.60083108796202,-41.501232383507144,2,True,True,37.959857685756106,UP,False,overbought,in_sample
2020-05-28 13:30:00,9400.01,80.79804176005655,12.085093526496868,146.58495044154108,-79.0424691037555,1,True,True,40.83453102709477,UP,False,overbought,in_sample
2020-05-30 06:45:00,9550.51,80.88112555144882,94.8431026196506,16.585501716662403,45.076126824641925,9,True,True,41.42710703407477,UP,False,overbought,in_sample
2020-06-01 23:00:00,10082.63,91.72076524374495,86.72340450854459,294.9329688781606,-6.655009655219865,1,True,True,56.149040478525954,UP,False,overbought,in_sample
2020-06-04 13:30:00,9758.66,86.1288395636183,42.587814310570806,100.32115064978146,-20.791789036610428,4,True,True,50.628364959943134,UP,False,overbought,in_sample
2020-06-04 14:30:00,9739.02,81.63504853752949,19.047090980407773,120.6897613928291,-49.71752804696989,3,True,True,48.67840912124618,UP,False,overbought,in_sample
2020-06-04 15:45:00,9829.39,85.94093980110854,78.60101186340172,53.14673647093033,19.217876185601977,1,True,True,51.49251377755906,UP,False,overbought,in_sample
2020-06-06 11:45:00,9693.85,84.31532152025584,62.77175735131075,42.44959433042561,43.749387498259054,3,True,True,26.160916457341358,UP,False,overbought,in_sample
2020-06-06 20:45:00,9700.52,81.48246370085454,68.88290524631638,30.122096547400908,48.50255450223399,8,True,True,25.75841295105828,UP,False,overbought,in_sample
2020-06-07 19:30:00,9657.85,90.14360591468835,5.829454795840708,149.25682217056553,-68.42102538349624,1,True,False,33.60530552866334,UP,False,overbought,in_sample
2020-06-09 00:00:00,9855.73,81.47039254823642,289.91256862758985,20.0492505375048,158.00960456505967,1,True,True,27.901535451965575,UP,False,overbought,in_sample
2020-06-10 18:30:00,9931.01,85.51570636653736,228.40577141700587,62.138694855809355,81.58284001325187,1,True,True,26.862323167532672,UP,False,overbought,in_sample
2020-06-13 23:30:00,9455.01,81.4758463294032,21.163383222228443,27.477496057645165,2.8662053239509486,3,True,True,30.51768321768037,UP,False,overbought,in_sample
2020-06-15 16:00:00,9367.97,85.52766606573243,47.42756434958532,87.45758152513329,-24.00733563408058,2,True,True,47.20446372052847,UP,False,overbought,in_sample
2020-06-15 18:00:00,9411.52,84.29531496189591,46.24120227125952,40.886063037638515,-11.007786202439949,2,True,True,53.2097897045322,UP,False,overbought,in_sample
2020-06-17 23:15:00,9443.85,84.51254826254825,34.78454232119354,31.21608242401093,21.993148980553944,9,True,True,36.23469241887574,UP,False,overbought,in_sample
2020-06-22 12:30:00,9485.01,85.11807817589519,35.18182901230552,26.062176001922346,11.375844622199526,4,True,True,19.8629205451548,UP,False,overbought,in_sample
2020-06-22 16:45:00,9586.17,82.00920054705931,47.06780705954599,28.082122474356364,26.319166048588293,10,True,True,27.860970544023594,UP,False,overbought,in_sample
2020-06-25 08:15:00,9285.99,80.01243179777586,45.057123688481404,50.560037217357255,18.694829522754798,6,True,True,42.46073924266576,UP,False,overbought,in_sample
2020-06-28 15:45:00,9159.42,85.96327248735402,45.210286240831685,34.47816564804314,-6.026582469196124,5,True,True,29.466931312244622,UP,False,overbought,in_sample
2020-07-01 16:45:00,9285.0,80.20167125717752,45.38502961766227,5.352719439956214,25.169628432957243,9,True,True,28.033387183629404,UP,False,overbought,in_sample
2020-07-04 17:45:00,9169.75,83.61387142567449,69.33667766296783,22.083481010932683,50.98285122277052,6,True,True,18.486872597399202,UP,False,overbought,in_sample
2020-07-04 18:30:00,9154.66,83.38318147040351,52.96755969091128,16.28678727555131,16.068319304047474,3,True,True,20.604806732309125,UP,False,overbought,in_sample
2020-07-06 06:15:00,9187.98,80.56044232219186,12.886401581196461,56.61745019035788,-4.397049188179419,6,True,True,21.796956458329497,UP,False,overbought,in_sample
2020-07-06 07:45:00,9200.08,80.19772016543924,22.23893705272033,11.282510586863593,5.847775236736202,7,True,True,25.16499856523021,UP,False,overbought,in_sample
2020-07-08 13:45:00,9437.99,86.72034098981797,59.74789123531538,33.91611985179071,16.857402900405546,9,True,True,24.69805541222235,UP,False,overbought,in_sample
2020-07-08 14:30:00,9429.06,80.8505053156585,50.33375543267211,11.60242908625092,25.124455672144087,6,True,True,28.011275779345873,UP,False,overbought,in_sample
2020-07-10 15:45:00,9245.92,82.21245542748026,43.17580078564391,7.019312302074625,31.26784570924241,6,True,True,20.58799989617067,UP,False,overbought,in_sample
2020-07-12 22:00:00,9314.75,81.45185723807765,45.89495155532891,11.884376929063805,37.41377922112817,4,True,True,20.89803805791907,UP,False,overbought,in_sample
2020-07-14 19:30:00,9256.69,83.46366894753831,22.57826501697652,24.684849552054096,-2.7223553991746696,7,True,True,16.838092233833116,UP,False,overbought,in_sample
2020-07-21 07:30:00,9320.14,92.9862487239535,25.900898484356908,35.25698111831001,-7.296027742073716,1,True,True,18.98576630823121,UP,False,overbought,in_sample
2020-07-21 13:15:00,9424.37,80.5409340351663,105.43940868196049,5.984484904560642,91.64538319272353,10,True,True,22.080521032175216,UP,False,overbought,in_sample
2020-07-22 22:30:00,9519.27,80.18191359104489,48.19697308722309,15.263775478580643,15.81003585359076,1,True,True,22.394049123514648,UP,False,overbought,in_sample
2020-07-22 23:00:00,9528.16,81.56066687249177,37.614817551342696,5.814344007658218,10.579167436315016,8,True,True,25.45664640392272,UP,False,overbought,in_sample
2020-07-23 16:45:00,9619.28,84.80897188237769,57.467918596818734,46.489965984979484,28.338919336998423,8,True,True,30.920713400587097,UP,False,overbought,in_sample
2020-07-23 17:30:00,9603.59,80.10878405856073,41.22416721246965,14.255085858518022,29.7701172165827,5,True,True,36.746154302713926,UP,False,overbought,in_sample
2020-07-24 20:30:00,9603.0,82.75800233121048,84.34864104967198,35.405602415911694,55.73258356763557,6,True,True,22.56794751640115,UP,False,overbought,in_sample
2020-07-25 17:15:00,9688.4,80.42058216823224,53.992403286403835,21.066429957474767,14.71863259155301,3,True,True,23.079662276536844,UP,False,overbought,in_sample
2020-07-26 09:45:00,9838.97,83.8955806078267,1.41274950528299,276.48219274985155,-95.56894674950799,1,True,False,24.33842160307432,UP,False,overbought,in_sample
2020-07-26 11:30:00,9970.91,80.75345195395822,160.8779940847925,19.145694826249706,69.26148165011969,4,True,True,45.19597509154134,UP,False,overbought,in_sample
2020-07-27 01:15:00,10091.0,85.60197057632566,90.17936775344366,221.97998216232287,-156.41660885937978,2,True,True,30.956297691011894,UP,False,overbought,in_sample
2020-07-27 03:30:00,10161.67,80.89085345120691,0.0,155.7027535828258,-112.09771622184134,1,False,False,43.91502577824323,UP,False,overbought,in_sample
2020-07-27 05:45:00,10287.99,80.62534456958346,163.28748375533004,13.112376664440557,114.8523666916471,9,True,True,61.91053840448907,UP,False,overbought,in_sample
2020-07-27 14:45:00,10415.1,81.07082240395003,133.5272825032882,513.5812426188895,-370.3276972856707,1,True,True,58.405584199863334,UP,False,overbought,in_sample
2020-07-27 17:45:00,10872.57,83.82533153763092,140.29801601645156,27.987863035142833,46.502344891777646,7,True,True,96.32497192476113,UP,False,overbought,in_sample
2020-07-27 18:45:00,10841.22,82.42993024730524,111.78631187264781,39.10998946613154,1.5035208214566256,3,True,True,94.89706878008205,UP,False,overbought,in_sample
2020-07-27 19:15:00,10791.96,81.43430265242517,66.65147016853146,303.96702730551345,-274.99175311991564,1,True,True,94.29473422807368,UP,False,overbought,in_sample
2020-07-30 19:30:00,11103.25,80.03504432075863,40.92495440524217,59.216895953887374,-6.079301105532164,9,True,True,29.023033796411042,UP,False,overbought,in_sample
2020-08-01 05:15:00,11495.0,81.78295654113118,45.210961287515744,217.48586341887778,-141.23531970421953,1,True,True,38.62940408873432,UP,False,overbought,in_sample
2020-08-02 04:00:00,12075.67,85.05749733493626,1289.5102300741905,39.57544384700729,665.1473582832265,2,True,True,52.303930133897445,UP,False,overbought,in_sample
2020-08-03 15:30:00,11363.13,85.32009835169842,33.62629838785539,96.68990850232358,-22.32659487306825,5,True,True,35.763033600777185,UP,False,overbought,in_sample
2020-08-05 05:45:00,11295.56,80.45428432542373,21.548289770494023,26.691903721461916,7.905761201746785,8,True,True,26.319190903328465,UP,False,overbought,in_sample
2020-08-07 02:30:00,11888.64,84.11304105886578,101.11333171834552,17.91626291989756,88.95887166236024,8,True,True,40.962633236434094,UP,False,overbought,in_sample
2020-08-10 02:00:00,12009.66,89.15702190036517,74.39011595665502,48.03633075374366,12.273453203504332,2,True,True,35.44688192671573,UP,False,overbought,in_sample
2020-08-10 13:45:00,11926.79,89.55495004541346,98.76924134658285,34.5524654999368,35.273531268682966,7,True,True,65.02084802365079,UP,False,overbought,in_sample
2020-08-10 14:15:00,11957.51,86.09736632083036,124.20646104414752,8.772729439490146,65.44840857335701,5,True,True,67.41244623671629,UP,False,overbought,in_sample
2020-08-12 09:15:00,11468.99,82.52427184466023,33.67340977714601,58.427115203692935,7.454884867803767,10,True,True,46.52327711507297,UP,False,overbought,in_sample
2020-08-13 22:00:00,11778.97,82.94783126459959,69.50522838584273,41.62503173027918,31.114774891182876,1,True,True,38.85526493403083,UP,False,overbought,in_sample
2020-08-15 00:30:00,11946.98,82.28815873304832,71.85916440807667,27.638784027428215,45.29178085172886,4,True,True,35.698142961652515,UP,False,overbought,in_sample
2020-08-17 13:30:00,12087.71,80.0078598697508,28.417293267292603,314.60880514175216,-234.40337334366905,1,True,True,47.290595158222864,UP,False,overbought,in_sample
2020-08-22 08:00:00,11584.16,81.86698717948713,34.66802944710696,48.20375409179444,0.2676068010105961,5,True,True,29.068572947887514,UP,False,overbought,in_sample
2020-08-22 23:30:00,11676.22,80.59408531797948,59.52268799320328,10.782599163085438,41.06637250754003,2,True,True,18.67684918578092,UP,False,overbought,in_sample
2020-08-24 09:00:00,11770.02,80.60634232000854,9.719609652320479,46.62693861182836,-16.873378295023084,1,True,False,20.743380215156783,UP,False,overbought,in_sample
2020-08-30 02:15:00,11631.28,83.73738284066324,53.67423017930984,5.175698633339251,39.84944047430753,10,True,True,24.41390801356328,UP,False,overbought,in_sample
2020-08-30 02:45:00,11625.66,80.57927420919827,52.16908115324174,3.70731640182105,41.761069909148624,10,True,True,24.562906536058907,UP,False,overbought,in_sample
2020-08-31 13:15:00,11756.37,88.40607575466301,66.26194990460614,15.557523283121451,12.08706428940306,4,True,True,28.318264906599804,UP,False,overbought,in_sample
2020-09-01 05:45:00,11794.55,85.10277927477121,14.031904566091349,123.31966883009589,-96.36654217413964,1,True,True,26.889114039958866,UP,False,overbought,in_sample
2020-09-01 07:45:00,11923.74,83.66120545324131,50.915232972204294,22.023291349861886,-2.3734163945204503,5,True,True,34.07655651666337,UP,False,overbought,in_sample
2020-09-04 11:00:00,10453.1,82.16896746758297,93.77122576077952,42.800700270732875,-4.926768135767989,2,True,True,67.46658885880767,UP,False,overbought,in_sample
2020-09-07 16:00:00,10182.19,80.70897473794312,27.744522543774963,48.91874930638644,-0.6089063354729988,6,True,True,72.68328326224523,UP,False,overbought,in_sample
2020-09-07 23:30:00,10359.06,85.44602305811114,50.342405585062394,76.20382544362184,29.16287771284183,5,True,True,46.548142399020556,UP,False,overbought,in_sample
2020-09-10 14:00:00,10446.96,87.5666477595005,141.28512026464978,20.14940231416708,130.91846814767035,10,True,True,37.779890034995866,UP,False,overbought,in_sample
2020-09-12 18:45:00,10451.99,80.49486326146751,42.087678997013754,20.417164578228785,-6.611181220035472,9,True,True,22.433048634757355,UP,False,overbought,in_sample
2020-09-12 19:15:00,10439.3,82.78627532038041,29.982853256443704,32.597971128332986,-10.24015020164236,7,True,True,21.493778318469555,UP,False,overbought,in_sample
2020-09-13 03:30:00,10552.24,80.59210526315803,29.85148177069513,26.411453871406263,6.7852891897832635,6,True,True,24.569664829457956,UP,False,overbought,in_sample
2020-09-13 04:45:00,10539.33,82.66970618034412,18.340824321849613,8.937949566054078,-3.2639645973705247,7,True,True,24.85499552628099,UP,False,overbought,in_sample
2020-09-14 13:00:00,10568.58,86.75122858281368,21.346292500978837,126.29889729746056,-126.06234707027771,1,True,True,45.13472954739419,UP,False,overbought,in_sample
2020-09-15 02:15:00,10787.07,81.54712452690856,73.05042054978718,48.140968770945484,51.59881228174088,10,True,True,34.05651395606035,UP,False,overbought,in_sample
2020-09-15 12:00:00,10871.52,80.66694226264309,74.97571636716873,53.82871944309575,29.581879994701616,9,True,True,47.97719178183012,UP,False,overbought,in_sample
2020-09-17 19:30:00,10918.05,80.70210631895662,9.186622153222267,46.62004662004796,-14.086764577924647,1,True,False,29.612430791212837,UP,False,overbought,in_sample
2020-09-17 21:00:00,10946.98,84.39863973905123,39.7095820034378,20.06946207995371,8.385874460353715,7,True,True,23.316019578002397,UP,False,overbought,in_sample
2020-09-18 21:45:00,10939.63,80.27561247216106,50.50445033332938,26.591392944734096,-22.624165533934878,7,True,True,24.406675545699443,UP,False,overbought,in_sample
2020-09-19 11:30:00,11021.42,82.11441692315185,0.0,143.692917972458,-63.222343400396944,1,False,False,22.492564478987248,UP,False,overbought,in_sample
2020-09-21 01:30:00,10969.0,86.15359494910993,46.093536329655834,4.303035828242634,-0.14586562129624805,7,True,True,28.68447442793321,UP,False,overbought,in_sample
2020-09-24 16:00:00,10633.97,81.61592794034415,34.8317702607766,74.29022274841851,-15.074332539964525,1,True,True,43.603658840489345,UP,False,overbought,in_sample
2020-09-25 17:30:00,10711.37,83.42682304946459,26.33650037296905,30.63100238344814,-17.523435377546118,8,True,True,32.084597955256974,UP,False,overbought,in_sample
2020-09-28 00:15:00,10860.11,80.30664987186779,4.3922207049472215,82.77080066408112,-43.53547063519507,1,True,False,23.444974314256466,UP,False,overbought,in_sample
2020-09-28 01:15:00,10905.29,81.67972296002429,30.205524108025102,39.017761104930976,18.47727112254828,8,True,True,29.115227563870395,UP,False,overbought,in_sample
2020-09-28 01:45:00,10930.98,82.06445586174637,59.2810525680216,15.424051640384103,39.044989561777896,10,True,True,30.32893665526784,UP,False,overbought,in_sample
2020-09-29 20:30:00,10763.67,90.49521906664675,17.34538498486118,70.91447433821357,-57.87988669292098,5,True,True,27.917987080614783,UP,False,overbought,in_sample
2020-10-04 19:15:00,10673.99,86.940565699964,34.345169894294315,21.435283338284016,27.15010975277245,6,True,True,17.161342665676294,UP,False,overbought,in_sample
2020-10-07 07:00:00,10623.03,82.13906581741062,40.50633388025888,4.565552389476961,10.712574472632589,9,True,True,15.813755585741523,UP,False,overbought,in_sample
2020-10-08 13:00:00,10700.76,84.66734382935485,0.0,218.90033978894937,-186.19238259712372,1,False,False,25.995349863000303,UP,False,overbought,in_sample
2020-10-08 14:30:00,10862.04,86.92550143266499,2.439689045521334,67.16970292873081,-60.30174810624891,1,True,False,33.76391543393321,UP,False,overbought,in_sample
2020-10-08 17:00:00,10927.54,81.68627574677495,77.68445597087837,15.977978575232052,35.58897977037946,6,True,True,42.020436438576155,UP,False,overbought,in_sample
2020-10-09 11:00:00,11039.52,81.18353726362652,19.20373349565989,58.98807194515611,-23.080713654216453,3,True,True,23.927670768294405,UP,False,overbought,in_sample
2020-10-10 02:00:00,11354.43,86.45282493737795,14.39085889824513,120.27904527131676,-42.37993452775611,1,True,True,29.08644467401712,UP,False,overbought,in_sample
2020-10-10 04:30:00,11402.55,81.06781787321957,119.75391469451947,8.103450543958676,24.424361217445696,9,True,True,44.11162415424626,UP,False,overbought,in_sample
2020-10-12 14:00:00,11477.0,84.97513581879322,28.073538381109476,98.45778513548836,-85.04835758473519,2,True,True,40.44044610961031,UP,False,overbought,in_sample
2020-10-12 21:30:00,11679.54,80.04828173814329,173.41436392186753,18.2027716844999,143.87552934447834,6,True,True,21.847607011919916,UP,False,overbought,in_sample
2020-10-15 20:00:00,11558.64,87.76497601377662,136.50394856142145,12.778319940754654,51.55450814282662,4,True,True,34.823733588034614,UP,False,overbought,in_sample
2020-10-18 23:45:00,11503.14,81.25461254612416,50.516641543090635,27.696785399465348,44.51827935676618,4,True,True,13.97618389413677,UP,False,overbought,in_sample
2020-10-19 13:30:00,11652.24,82.74862385321049,33.813241059229505,147.39655207925685,-98.59906764707853,2,True,True,26.310820923701986,UP,False,overbought,in_sample
2020-10-19 15:15:00,11677.86,82.95596245980173,7.972351098575689,125.13422836033246,-37.5839408932796,1,True,False,32.27175184494418,UP,False,overbought,in_sample
2020-10-20 11:00:00,11912.56,85.20649816298464,167.4283277481909,17.997810714070283,28.625249316687903,1,True,True,31.53142565493898,UP,False,overbought,in_sample
2020-10-20 15:15:00,11970.59,80.6092148536033,75.67713872081505,56.6304584819955,6.490908134018822,2,True,True,51.30407106082486,UP,False,overbought,in_sample
2020-10-21 03:00:00,12174.9,86.80265484457883,14.70237948566283,98.64557409095794,-69.89790470558309,2,True,True,32.31196970816997,UP,False,overbought,in_sample
2020-10-21 04:00:00,12198.03,80.10107391029699,13.961270795366673,79.49644327813536,-29.619536925224157,1,True,True,37.304794298751375,UP,False,overbought,in_sample
2020-10-21 14:15:00,12724.07,82.48168638901704,111.57593442978492,138.25764869259606,-78.8112608622875,4,True,True,58.28166616499288,UP,False,overbought,in_sample
2020-10-21 16:45:00,12824.35,83.1553617085276,112.27859501651139,24.975924705734663,61.49239532607936,8,True,True,72.69686182925457,UP,False,overbought,in_sample
2020-10-21 22:30:00,13084.99,84.19753086419763,339.87033998497463,101.40626779233344,168.1239343706031,2,True,True,56.77268381557799,UP,False,overbought,in_sample
2020-10-22 11:00:00,13015.0,81.316680344686,164.42566269688822,6.915097963887821,50.67230119093409,6,True,True,41.825585862466355,UP,False,overbought,in_sample
2020-10-23 20:30:00,12918.93,81.27274302547289,39.41502895363631,41.07925346758571,-38.037205867668156,3,True,True,41.450801266049055,UP,False,overbought,in_sample
2020-10-23 21:00:00,12916.28,84.27740579639375,37.37144131282415,44.68778936350044,-19.71929998420547,1,True,True,38.68683552849571,UP,False,overbought,in_sample
2020-10-25 03:30:00,13308.89,82.53355704698004,316.24726028992603,30.88912749297694,245.45247575117088,9,True,True,26.571336903378068,UP,False,overbought,in_sample
2020-10-26 21:00:00,13028.64,82.41878156762456,34.83095703005011,44.34845079762788,-32.7509241179433,4,True,True,50.957736187353525,DOWN,False,overbought,in_sample
2020-10-27 10:30:00,13296.64,80.8068333847897,36.249759337696524,150.68468425105937,-91.09068155564172,2,True,True,27.75024367058142,UP,False,overbought,in_sample
2020-10-27 11:15:00,13449.73,82.4606939982556,96.25472035498045,35.14568693944074,41.04915117255077,9,True,True,36.99702521909364,UP,False,overbought,in_sample
2020-10-29 15:15:00,13447.33,80.97581618419224,67.36653298461489,145.44151143758643,-101.71535910846292,1,True,True,58.43464836514014,UP,False,overbought,in_sample
2020-10-29 15:45:00,13436.95,83.17785351201498,30.483108145822484,153.27883187776922,-96.27928957092122,1,True,True,59.84058882410069,UP,False,overbought,in_sample
2020-10-30 17:00:00,13533.87,87.01238747403261,52.80086183774555,14.726017022476551,19.151949885731185,2,True,True,47.62385038425808,UP,False,overbought,in_sample
2020-10-31 22:15:00,13846.81,81.02961580785612,134.91194000639823,34.80223964942143,87.28364150298788,9,True,True,28.013311369188976,UP,False,overbought,in_sample
2020-11-03 23:15:00,14046.35,81.73989455184508,237.32143937748975,14.067711540720698,166.69099089799215,7,True,True,36.8341241674883,UP,False,overbought,in_sample
2020-11-04 17:15:00,14205.02,81.27928019348201,132.333499002465,14.065450101442703,72.3406232444588,4,True,True,53.83906534450503,UP,False,overbought,in_sample
2020-11-05 07:45:00,14475.87,83.76652644230792,95.62119582449971,49.827747831390575,-14.064785052641922,3,True,True,41.93668497990102,UP,False,overbought,in_sample
2020-11-05 12:30:00,14859.59,82.8165867865576,130.27950300109234,74.30218464977825,-40.4654502580483,5,True,True,60.593529161975496,UP,False,overbought,in_sample
2020-11-05 22:00:00,15251.84,84.87762553776075,19.282919306785182,439.39616465947705,-433.49523729595893,1,True,True,81.46394139985735,UP,False,overbought,in_sample
2020-11-06 00:30:00,15913.0,81.15404228611777,259.53622824106077,29.535599824043235,232.18123546785606,10,True,True,92.49984289574567,UP,False,overbought,in_sample
2020-11-08 11:45:00,15171.0,86.0393946138437,42.83830993342547,76.73192274734681,-50.629490475248495,7,True,True,42.55948849779179,UP,False,overbought,in_sample
2020-11-08 12:45:00,15242.07,82.65601481996039,89.26609049820627,131.82592653097663,-69.00637511834042,3,True,True,43.52361588681849,UP,False,overbought,in_sample
2020-11-08 17:15:00,15570.0,80.01314924391846,212.53692999357744,51.38086062941554,148.06037251124,10,True,True,47.093127809890916,UP,False,overbought,in_sample
2020-11-09 11:45:00,15802.39,86.11216414727767,417.5760755176901,3.8032221708236658,328.98188185457957,8,True,True,62.25735474190921,UP,False,overbought,in_sample
2020-11-09 19:30:00,15343.07,85.30084106103067,18.620784497496075,97.50330279403038,-16.639433959436186,9,True,True,90.76638508460162,UP,False,overbought,in_sample
2020-11-12 06:15:00,15810.69,80.22097727980099,30.79561992550642,84.94885422457811,12.118383195167228,3,True,True,28.865912872872798,UP,False,overbought,in_sample
2020-11-12 07:00:00,15799.18,80.07888021034712,6.519325686523662,98.62537169650558,-82.34604580744086,7,True,False,28.806874787172553,UP,False,overbought,in_sample
2020-11-13 19:45:00,16282.0,80.77850499483309,63.874216926667486,44.83478688121852,-35.31507185849404,4,True,True,45.34639479179456,UP,False,overbought,in_sample
2020-11-14 23:00:00,16115.5,87.48454700653434,121.28075455307048,15.817070522167963,74.65483540690607,8,True,True,30.28450870280155,UP,False,overbought,in_sample
2020-11-16 06:15:00,16201.51,81.70046653337157,11.733474225550715,55.84664639283595,-9.085572887958804,2,True,False,30.207369559997897,UP,False,overbought,in_sample
2020-11-16 06:45:00,16237.99,80.29248073027047,37.02428687294362,33.255347490668484,30.12072306978872,10,True,True,31.508210067871875,UP,False,overbought,in_sample
2020-11-16 16:15:00,16599.42,81.50311359244174,29.169693880869485,99.75047320930597,-55.080237743246634,2,True,True,42.34364815156182,UP,False,overbought,in_sample
2020-11-16 17:15:00,16729.42,84.73168981600173,61.12584895351925,70.76156854212581,-29.642390471397185,4,True,True,43.19755257504439,UP,False,overbought,in_sample
2020-11-16 19:00:00,16769.49,80.36296714710046,8.640692114072401,65.89943999489454,-3.571963130660481,7,True,False,46.222634081299006,UP,False,overbought,in_sample
2020-11-17 12:00:00,16999.99,86.58811672105988,47.052968854688494,88.2412283771922,-86.14122714189755,5,True,True,36.21708012769444,UP,False,overbought,in_sample
2020-11-17 16:30:00,17481.41,85.48305353183399,100.34087639383772,215.8921963388536,-55.825016403139195,2,True,True,55.85304617876951,UP,False,overbought,in_sample
2020-11-17 17:15:00,17610.0,81.19562351700505,90.85746734809767,141.2947189097102,-42.714366837025075,7,True,True,72.15956842703028,UP,False,overbought,in_sample
2020-11-18 04:30:00,18311.25,89.09469231818804,598.9760393200897,90.47989623865125,283.9238173254155,5,True,True,56.97972557853774,UP,False,overbought,in_sample
2020-11-20 16:00:00,18800.61,80.83298987956206,212.55161401677952,-0.005318976353446653,133.6818326639411,10,True,True,57.993331067449475,UP,False,overbought,in_sample
2020-11-21 01:30:00,18848.55,80.66157286619442,214.23929161659527,62.25943109682293,157.31183565844503,10,True,True,51.4556822673364,UP,False,overbought,in_sample
2020-11-24 09:30:00,18916.1,81.24516014666476,122.89002489942385,97.21877131121185,-55.07477757042958,3,True,True,66.38630584528535,UP,False,overbought,in_sample
2020-11-24 14:45:00,19384.43,80.46827774270238,159.93764067346774,17.81842437461451,89.13855088852283,7,True,True,75.84618170356305,UP,False,overbought,in_sample
2020-11-25 08:15:00,19171.02,90.3204361122194,60.158510084493024,87.606188924742,-60.956589685890776,3,True,True,57.39783277050446,UP,False,overbought,in_sample
2020-11-25 10:15:00,19338.27,80.04446312136542,96.15131032920664,3.9920840902527286,24.138663903234512,7,True,True,42.891375495326,UP,False,overbought,in_sample
2020-11-28 15:45:00,17517.04,86.0199517042079,0.2968538063510939,145.60108328804367,-91.25971054470423,1,True,False,47.18319990135341,UP,False,overbought,in_sample
2020-11-28 17:45:00,17745.74,80.64430558830433,59.37199575785545,75.93371704983844,-21.93765940445236,3,True,True,54.957415131744405,UP,False,overbought,in_sample
2020-11-30 12:45:00,18837.16,84.29840314517396,26.038957040232855,544.6680922177229,-444.78042337592296,1,True,True,50.93150984543321,UP,False,overbought,in_sample
2020-12-01 10:15:00,19758.0,83.03889151314704,687.3215912541747,65.79613321186355,610.7146472315019,9,True,True,48.083308027128474,UP,False,overbought,in_sample
2020-12-01 11:00:00,19862.94,84.33613340993384,937.3335467961942,12.60135710020897,515.3819122446109,8,True,True,50.22292772369058,UP,False,overbought,in_sample
2020-12-02 07:45:00,19124.48,82.60997224001726,77.10013553309723,113.73904022488477,12.58596312161152,8,True,True,80.09394242353251,UP,False,overbought,in_sample
2020-12-02 08:15:00,19330.93,80.57003550963802,183.07448218994196,4.433309726950389,117.70773573749472,6,True,True,81.03334914564383,UP,False,overbought,in_sample
2020-12-06 01:00:00,19251.0,81.09973815758158,59.12420134018997,47.27027167419874,43.06269804166093,10,True,True,31.289543400342534,UP,False,overbought,in_sample
2020-12-07 23:30:00,19207.55,80.08935861380738,38.984670090668004,14.603632425790522,11.349703632165097,2,True,True,29.865339410804573,UP,False,overbought,in_sample
2020-12-09 22:00:00,18592.88,81.41893500515835,95.04175792023761,25.111763212583895,76.34642938587282,10,True,True,41.78454333056517,UP,False,overbought,in_sample
2020-12-10 20:45:00,18365.78,81.02111108507685,37.03627071651759,21.692517279418652,15.719452155039962,8,True,True,33.763608188707835,UP,False,overbought,in_sample
2020-12-11 14:30:00,17948.8,83.1630766386246,17.611205205919383,102.06810483152117,5.933544303796252,10,True,True,59.89787618113732,UP,False,overbought,in_sample
2020-12-12 18:15:00,18696.35,80.48109188251644,10.408448707902414,82.18181623685985,-39.75642304514076,2,True,False,35.075028013489245,UP,False,overbought,in_sample
2020-12-12 20:15:00,18789.07,82.14432447534003,31.92281470024837,84.93767919327576,-43.34434860267096,5,True,True,37.980325795795096,UP,False,overbought,in_sample
2020-12-13 07:30:00,19172.59,81.48871801336159,10.097748921768307,102.96470116974278,-61.676591425571615,1,True,False,32.270027158563195,UP,False,overbought,in_sample
2020-12-13 10:00:00,19290.84,84.36424631240361,47.08970682458625,56.58644206265764,-30.382295431407126,4,True,True,41.752717870242876,UP,False,overbought,in_sample
2020-12-16 10:30:00,19705.39,80.1214342994618,30.189709516024784,93.67995254090489,-58.15667692951126,4,True,True,28.280587189596567,UP,False,overbought,in_sample
2020-12-16 14:00:00,20798.35,85.63055015843626,181.91346909730748,24.833700750300608,13.967454149006663,1,True,True,75.96467989047211,UP,False,overbought,in_sample
2020-12-16 21:45:00,21192.78,81.22077530293112,9.432457657748518,173.27599305046397,-37.92801133216172,2,True,False,49.27574390901066,UP,False,overbought,in_sample
2020-12-17 00:45:00,21389.25,83.05015511321591,-0.004675245741855974,363.14971305679256,-190.63782040043404,1,False,False,67.57600196360345,UP,False,overbought,in_sample
2020-12-17 03:00:00,22108.79,82.7841263586511,183.23933602879333,1.7956658867344282,12.750584722186211,2,True,True,80.10411243672786,UP,False,overbought,in_sample
2020-12-17 09:00:00,23410.08,81.7947883982552,687.3449385905566,166.56072939519993,318.53372564297183,2,True,True,85.45784550928491,UP,False,overbought,in_sample
2020-12-18 18:30:00,22738.76,83.04664585107332,49.23311561404276,109.4518786424594,-104.19213712621178,3,True,True,65.52753976030361,DOWN,False,overbought,in_sample
2020-12-20 20:15:00,24114.93,82.88811407019523,425.01885761227595,74.67158312298635,251.76933957510943,7,True,True,47.83426698729793,UP,False,overbought,in_sample
2020-12-21 19:15:00,22844.36,83.73123234725756,71.36991362419471,139.15907471253203,-123.88615833404761,1,True,True,108.5755959020082,DOWN,False,overbought,in_sample
2020-12-22 13:45:00,23487.2,85.43259520230171,79.52416635444092,60.326475697400575,52.8160019074216,8,True,True,65.60828877005355,UP,False,overbought,in_sample
2020-12-25 11:45:00,24574.4,82.71660763182366,99.45308939384132,27.646656683377287,24.118594960609588,5,True,True,65.23028029168583,UP,False,overbought,in_sample
2020-12-25 20:00:00,24467.21,80.74591044021953,109.78366556710004,74.70815021410324,-50.51658934549635,5,True,True,55.958157877420334,UP,False,overbought,in_sample
2020-12-26 14:00:00,25220.53,91.12865428554647,41.15298132116861,287.2580393829946,-222.77882344264796,1,True,True,49.347297618249776,UP,False,overbought,in_sample
2020-12-26 21:30:00,26754.7,81.11361826387038,341.13632371134815,41.98514653500062,55.94157288252228,2,True,True,70.5277951163721,UP,False,overbought,in_sample
2020-12-27 06:15:00,27493.38,84.62888477124442,66.69969279877593,160.77324796005453,13.232276278871867,10,True,True,71.51539752478587,UP,False,overbought,in_sample
2020-12-30 02:45:00,27999.14,80.04206186137579,98.90303773615841,85.66691691244823,40.40481243352511,6,True,True,65.09878517697334,UP,False,overbought,in_sample
2020-12-31 04:30:00,29040.22,84.33654174519054,104.03502452805199,65.35074458802269,-41.30478350370523,4,True,True,80.3533857525872,UP,False,overbought,in_sample
2021-01-02 07:30:00,29729.17,83.51164968640902,85.8617983616759,57.12571188499435,16.751224470780475,10,True,True,35.70247672572092,UP,False,overbought,in_sample
2021-01-02 13:15:00,30849.69,85.5477507099089,32.31474935404495,308.0452348143535,-272.80663112011894,1,True,True,68.08399047121702,UP,False,overbought,in_sample
2021-01-02 15:30:00,31640.65,80.34124398945244,22.401562546913866,429.62138894112434,-304.9747713779581,1,True,True,89.22762332632223,UP,False,overbought,in_sample
2021-01-02 16:15:00,32313.17,82.03348152368673,87.63299917649623,305.39560185521935,-212.54801060991696,2,True,True,103.45874453048091,UP,False,overbought,in_sample
2021-01-02 17:30:00,32670.13,80.7773704697479,113.29309066110268,192.79690653205205,-35.23401957690311,10,True,True,112.55969902782758,UP,False,overbought,in_sample
2021-01-03 00:15:00,32199.99,80.29010137738864,0.0031055910272137564,212.453482128409,-168.22365472784202,1,True,False,157.94042172062768,UP,False,overbought,in_sample
2021-01-03 02:30:00,32822.25,84.93090590041665,127.42880210832591,384.32161110222495,-302.7092901918661,4,True,True,84.76841167196012,UP,False,overbought,in_sample
2021-01-03 05:00:00,33815.81,80.50596817981899,55.14284590551023,268.8683192861577,-244.06631099476897,3,True,True,74.51351897233864,UP,False,overbought,in_sample
2021-01-03 06:30:00,33991.85,83.08214675853469,74.91795827529135,231.30838715751042,-72.99985143497616,2,True,True,86.37202741245328,UP,False,overbought,in_sample
2021-01-04 14:30:00,31923.77,83.62155460438971,376.1366530331475,82.03918271557458,294.5078228542557,8,True,True,232.3640033742881,DOWN,False,overbought,in_sample
2021-01-05 19:00:00,33510.24,87.17904704687523,57.36753899703433,201.9830356332866,-90.92742994380357,4,True,True,100.1026850300088,UP,False,overbought,in_sample
2021-01-05 20:45:00,33969.17,84.40189684851681,146.37684700568073,115.0543272031674,41.37575336694881,4,True,True,107.83160141975779,UP,False,overbought,in_sample
2021-01-06 23:30:00,36713.41,81.12570818192293,79.18087696021817,156.40606524972588,-21.185719332526954,3,True,True,139.93633388998725,UP,False,overbought,in_sample
2021-01-07 13:45:00,38161.6,80.01960113431436,25.903001970566894,350.7190474193958,-264.1398683493355,5,True,True,83.56148589157698,UP,False,overbought,in_sample
2021-01-07 17:15:00,39680.47,80.51643286814742,801.520244089851,172.51055746063463,155.86256916815782,6,True,True,87.2112905920721,UP,False,overbought,in_sample
2021-01-07 18:00:00,40200.21,85.02735398366471,920.4454404591417,40.9923231744314,304.478508943113,3,True,True,89.17975801618951,UP,False,overbought,in_sample
2021-01-08 11:30:00,41170.44,80.01959524033067,114.26644942342183,149.49075113115114,-40.45863974249478,6,True,True,130.59503371836666,UP,False,overbought,in_sample
2021-01-08 12:00:00,41622.74,87.37958394548325,221.6913158528242,39.19972591905374,71.92462581752075,4,True,True,136.82616761895048,UP,False,overbought,in_sample
2021-01-09 00:00:00,40773.81,81.1599881680901,287.88332510501175,49.620087011736146,257.5942743638619,10,True,True,136.05878381245222,UP,False,overbought,in_sample
2021-01-11 23:30:00,35353.48,85.93252559492453,474.1965995992486,80.63421196442322,442.56746436277405,10,True,True,205.16735551917364,UP,False,overbought,in_sample
2021-01-12 18:00:00,35371.86,80.02343703895212,464.1712366836238,50.36206747397491,400.64899046869414,10,True,True,182.80350538535419,UP,False,overbought,in_sample
2021-01-13 18:30:00,35740.67,82.67798295731521,45.63988307997454,198.46857935231873,-156.49678643405448,3,True,True,89.43788686669835,UP,False,overbought,in_sample
2021-01-13 19:00:00,35850.0,80.37096295060954,75.99721059972025,181.3110181311018,-162.10878661087963,1,True,True,88.886331938633,UP,False,overbought,in_sample
2021-01-13 19:30:00,36033.33,85.3779364237134,91.33765877314215,504.1637839189434,-342.3053045610814,4,True,True,88.47655767590707,UP,False,overbought,in_sample
2021-01-13 21:45:00,37299.49,83.38420683129334,126.66929226110095,233.97907049131322,-155.4498466332917,3,True,True,102.40796858080374,UP,False,overbought,in_sample
2021-01-14 00:00:00,37940.58,80.92196672883624,229.1952310692145,15.661331482016946,94.1340380141794,9,True,True,121.01264661742125,UP,False,overbought,in_sample
2021-01-14 15:30:00,39607.95,82.92442229308065,99.92943335870592,98.98265373492012,7.182901412468227,5,True,True,93.16425111625296,UP,False,overbought,in_sample
2021-01-15 23:15:00,36626.15,82.229867913565,23.29756198781519,284.72826109214276,-103.67183009953247,1,True,True,124.24852188941516,UP,False,overbought,in_sample
2021-01-16 08:45:00,37464.3,80.32452744249596,76.04305965946232,129.64342053634982,-22.226492954625282,9,True,True,103.7021911526441,UP,False,overbought,in_sample
2021-01-17 13:15:00,35339.87,80.60080823388279,190.6826482383785,179.406432451505,-109.96078932944533,3,True,True,114.0578615597624,DOWN,False,overbought,in_sample
2021-01-18 08:45:00,36233.19,86.78678519585912,127.39424820171887,115.03541366354926,60.60189566527312,9,True,True,76.78139849127277,UP,False,overbought,in_sample
2021-01-18 09:45:00,36574.61,82.45295250068722,219.55394739684223,244.76542607016208,-133.97545455713734,5,True,True,75.674081008656,UP,False,overbought,in_sample
2021-01-19 16:00:00,37664.09,83.76945786366075,254.98558441210113,25.950447760719893,203.40329475635775,9,True,True,74.3904870660621,UP,False,overbought,in_sample
2021-01-24 05:15:00,32848.27,87.12952695618026,102.44375122342772,67.80570179190661,14.344743269583253,8,True,True,59.64530247711656,UP,False,overbought,in_sample
2021-01-24 22:45:00,32127.97,85.63220093001232,35.01933050858863,218.84358084248663,-137.1203969625212,2,True,True,69.99415151346321,UP,False,overbought,in_sample
2021-01-24 23:30:00,32224.99,81.51475509363334,17.955009450740118,238.9480958721782,-165.29407767077657,1,True,True,72.83151988565399,UP,False,overbought,in_sample
2021-01-25 00:15:00,32694.71,83.31604662844029,86.53999377880969,91.8466626558244,-22.486818203924756,5,True,True,70.38309867253751,UP,False,overbought,in_sample
2021-01-25 01:45:00,32864.98,80.26983277250932,86.62107812023737,283.8827225819081,-181.04681639848698,6,True,True,70.60068194169004,UP,False,overbought,in_sample
2021-01-25 13:00:00,34266.7,85.23683058182586,23.620599590854987,177.51928256879214,-38.89782208383092,1,True,True,74.75639615136595,UP,False,overbought,in_sample
2021-01-28 03:30:00,31160.0,80.59848789922356,36.681643132220564,229.9839537869066,-227.84017971758686,4,True,True,112.53385750962767,UP,False,overbought,in_sample
2021-01-29 00:00:00,33858.41,82.38043263983394,57.430340054362965,133.3760209058832,3.40240430664171,1,True,True,80.63875415295657,UP,False,overbought,in_sample
2021-02-01 03:45:00,33573.97,83.1870000919372,44.838307772360814,110.0793263352537,-93.98054504724905,1,True,True,86.20681438626406,UP,False,overbought,in_sample
2021-02-02 06:45:00,34295.01,80.9910408985843,62.69425202092142,400.37603138182385,-278.46033577479517,7,True,True,49.65037187625844,UP,False,overbought,in_sample
2021-02-02 07:30:00,34301.75,80.94485251667561,64.64684746405067,398.3324465952899,-251.9579904815358,4,True,True,50.795367583286634,UP,False,overbought,in_sample
2021-02-02 09:00:00,35312.54,81.07287541535786,140.04656702689778,100.68944346682443,111.16164399389024,10,True,True,66.25266831556142,UP,False,overbought,in_sample
2021-02-02 19:00:00,35264.6,80.17109320600784,13.835404343165916,204.09419077488565,-155.2548448018693,1,True,True,70.46556603506052,UP,False,overbought,in_sample
2021-02-02 20:45:00,35786.51,80.91547654715546,86.27273237876653,30.732250783883625,41.48490590448722,9,True,True,67.73054986362159,UP,False,overbought,in_sample
2021-02-06 01:00:00,38963.55,81.55474155474155,176.49572485053395,180.2838807038879,-84.83056600335411,3,True,True,54.94789360825695,UP,False,overbought,in_sample
2021-02-07 23:30:00,38990.31,81.32376778901602,164.71528438732494,35.826850312296145,102.9743031024888,10,True,True,60.629679528067385,UP,False,overbought,in_sample
2021-02-08 07:15:00,39118.64,80.58926391888085,58.95910491775773,69.8234907962034,42.01833192565044,10,True,True,65.7226324841558,UP,False,overbought,in_sample
2021-02-08 12:45:00,42984.07,92.72691921319543,250.6440176558438,449.91784165622295,-162.54161134578422,1,True,True,91.98442585823068,UP,False,overbought,in_sample
2021-02-08 22:00:00,44550.0,80.06215159644637,66.14814814814866,661.7283950617284,-579.3400673400671,1,True,True,100.99315375982081,UP,False,overbought,in_sample
2021-02-08 22:30:00,44740.01,80.3205496267845,43.50468406243079,616.4482305658845,-403.6253009331021,1,True,True,101.5396509745979,UP,False,overbought,in_sample
2021-02-08 23:00:00,45270.24,83.32493274812407,7.481736345995812,492.10253800289155,-218.12342943178663,1,True,False,108.48583970396479,UP,False,overbought,in_sample
2021-02-09 06:30:00,47698.01,80.04155025431629,224.9926149958888,93.1233818769379,212.84535769940993,8,True,True,93.11352821637635,UP,False,overbought,in_sample
2021-02-10 07:30:00,46925.7,88.45102899636838,141.3894731458446,52.10364469789476,-47.79896730363168,3,True,True,71.386788050045,UP,False,overbought,in_sample
2021-02-11 11:15:00,46258.36,81.7035508953528,85.16514636489471,462.75743454804694,-280.40336925044437,2,True,True,68.66456138955195,UP,False,overbought,in_sample
2021-02-11 12:30:00,46431.97,83.40260035698016,36.83668816981077,423.6369897723484,-269.9885445308482,1,True,True,71.20740300271564,UP,False,overbought,in_sample
2021-02-14 05:45:00,48929.18,82.8817010856665,86.55162420461531,97.23441104061054,27.93016355475475,3,True,True,52.92373589747482,UP,False,overbought,in_sample
2021-02-15 08:45:00,47599.99,85.40549448285824,83.76472347998417,83.8256478625315,-76.11976389070708,3,True,True,70.63299803214255,DOWN,False,overbought,in_sample
2021-02-16 03:30:00,49333.84,90.77166129016975,73.95329453373111,134.6256443852746,35.76247054759837,8,True,True,70.2986023386788,UP,False,overbought,in_sample
2021-02-17 07:45:00,51112.39,86.66835119937298,94.65610980038258,110.73049020012587,-89.53993346818716,2,True,True,75.6550417618899,UP,False,overbought,in_sample
2021-02-17 19:30:00,52262.74,89.41645053723602,58.53500983683563,68.11736238857742,16.204661294068213,2,True,True,58.2548867510581,UP,False,overbought,in_sample
2021-02-17 21:00:00,52371.28,81.12513606526728,91.25994247228678,47.25108876468155,32.89589255790556,7,True,True,54.6199176342454,UP,False,overbought,in_sample
2021-02-19 08:00:00,51790.5,87.25574367251605,27.16328284144781,230.63882372249697,-220.8493835742078,1,True,True,43.243645070041886,UP,False,overbought,in_sample
2021-02-19 15:45:00,53863.19,83.27852526530918,47.82672545016375,183.2067502871623,-168.29675331149156,1,True,True,48.70942474814447,UP,False,overbought,in_sample
2021-02-19 16:15:00,54402.01,87.3736039389937,73.89616670413501,190.05731589696722,-180.59075390780544,2,True,True,53.010449430085465,UP,False,overbought,in_sample
2021-02-19 17:45:00,54765.49,82.53679515769355,43.89260463112763,196.89223998543625,-34.381140386035234,1,True,True,67.89932857352316,UP,False,overbought,in_sample
2021-02-20 12:15:00,57200.0,85.02331355753836,195.8041958041958,87.49300699300684,160.69405594405566,10,True,True,55.41538461538446,UP,False,overbought,in_sample
2021-02-22 21:30:00,54477.94,81.99681320356645,267.88824981267675,93.89488662750405,247.96826018017654,10,True,True,117.77684692189159,UP,False,overbought,in_sample
2021-02-23 23:00:00,48749.99,82.92740272092837,361.2923818035646,233.43799660266637,-198.87798951343353,5,True,True,161.3189048859292,UP,False,overbought,in_sample
2021-02-24 03:45:00,50874.99,91.00730391739243,278.91700814093485,94.7439989668798,237.45655773101828,10,True,True,125.2759951402447,UP,False,overbought,in_sample
2021-02-25 01:30:00,50726.75,83.02855097881458,177.33641520499535,21.227458885105058,130.1443518459196,10,True,True,101.53962160004325,UP,False,overbought,in_sample
2021-02-25 12:45:00,51487.06,85.45473243022407,172.48217319070028,107.72998108651097,108.59233368539603,7,True,True,91.75130605631786,UP,False,overbought,in_sample
2021-02-27 01:30:00,47789.72,87.0501794637203,132.13301940249892,61.88569424554067,84.81740424509785,6,True,True,125.57993643821307,UP,False,overbought,in_sample
2021-02-28 21:15:00,45064.08,82.08780404112396,68.56458625140094,189.84743503029435,-15.884047782624597,5,True,True,89.0914670842056,UP,False,overbought,in_sample
2021-02-28 23:00:00,45657.92,80.18292198653664,176.95068018867224,200.04853484346302,-125.132726151345,3,True,True,80.14140810619503,UP,False,overbought,in_sample
2021-03-01 10:00:00,47280.35,82.20225937799326,31.799679993908367,162.7843279501953,-114.30752944933876,1,True,True,70.48446130369183,UP,False,overbought,in_sample
2021-03-01 10:45:00,47615.66,80.65638556592624,45.291822060222096,173.53534530446402,-104.0477019535155,1,True,True,73.92777922221407,UP,False,overbought,in_sample
2021-03-02 00:00:00,49882.72,89.19138085605785,235.09543986374462,63.60519233915047,47.49740992471948,5,True,True,73.38713686823813,UP,False,overbought,in_sample
2021-03-03 09:00:00,50940.82,90.081819918219,23.71379180782777,164.14733802871652,-54.78121475076327,1,True,True,60.92314572085795,UP,False,overbought,in_sample
2021-03-05 12:00:00,47438.62,83.48823241184152,97.87384202997534,271.84391114243977,-207.2003780885701,1,True,True,64.63352011504534,UP,False,overbought,in_sample
2021-03-05 14:15:00,48488.22,80.5864070073245,330.6411330422113,49.49449577649952,171.19209572964357,9,True,True,71.73701158755661,UP,False,overbought,in_sample
2021-03-05 19:45:00,49295.47,89.05598239938199,93.98429510865866,31.13064953027106,50.736913554125884,2,True,True,84.7572809428534,UP,False,overbought,in_sample
2021-03-06 19:15:00,48463.74,82.03860085303388,49.59996896648863,55.93872862474059,-23.722890556940335,6,True,True,61.2061718720016,UP,False,overbought,in_sample
2021-03-07 08:30:00,50550.0,89.35980434469884,35.60830860534124,118.3422354104849,-10.431256181998654,1,True,True,53.868842729970396,UP,False,overbought,in_sample
2021-03-08 00:30:00,51633.59,86.12738291386489,258.75210303990076,41.40521703023185,247.45906685938243,10,True,True,64.18777001560423,UP,False,overbought,in_sample
2021-03-08 20:30:00,51882.6,84.00021518745221,112.29198228307727,21.968829626889015,29.040564659442328,7,True,True,48.10601242034898,UP,False,overbought,in_sample
2021-03-09 01:45:00,53575.35,82.31777531975084,60.6510270114885,97.92749837378598,-52.540954002166664,1,True,True,67.24109128545118,UP,False,overbought,in_sample
2021-03-09 03:45:00,53840.62,83.7411981346944,66.15451307952996,112.81073657769865,-44.14696561815132,2,True,True,69.97922757947423,UP,False,overbought,in_sample
2021-03-10 08:30:00,54529.99,85.07021008029234,42.156618770697996,167.61602193581956,-58.45590655710776,2,True,True,56.916019973596136,UP,False,overbought,in_sample
2021-03-10 13:45:00,56262.56,83.15941926951095,89.02900970023302,40.36432042907501,-5.213058204248393,1,True,True,73.85621983784598,UP,False,overbought,in_sample
2021-03-11 11:45:00,56227.34,80.83762810260035,93.41540965658344,179.8342229954331,-127.89863436541845,3,True,True,74.71738837369857,UP,False,overbought,in_sample
2021-03-11 13:00:00,56699.99,83.88839196821668,149.0282449785261,94.97532539247398,79.35980235622638,10,True,True,72.74860189569688,UP,False,overbought,in_sample
2021-03-11 23:15:00,57987.67,80.81130621895163,235.16551018518217,16.182750574390003,187.0863236960539,10,True,True,72.39720099117612,UP,False,overbought,in_sample
2021-03-12 16:45:00,57367.21,85.31690270124139,114.12442752575853,69.86395189865446,88.30305674617952,10,True,True,84.16628593232998,UP,False,overbought,in_sample
2021-03-13 10:00:00,59144.3,84.54842704537572,41.30575558422416,229.21904562231643,-165.16722659664504,1,True,True,59.642772000006865,UP,False,overbought,in_sample
2021-03-13 20:00:00,61141.65,80.3582834666847,87.68981537135512,114.87259503137363,33.34061151440933,6,True,True,48.48879609889508,UP,False,overbought,in_sample
2021-03-16 09:00:00,55755.0,84.99567143657382,121.13173706394092,115.68469195587839,93.9969509461038,10,True,True,81.13980808896052,UP,False,overbought,in_sample
2021-03-16 21:00:00,56380.0,88.95644191836661,54.94324228449748,78.04185881518269,-12.408655551613894,10,True,True,58.3811635331677,UP,False,overbought,in_sample
2021-03-17 18:15:00,56528.19,80.205293808832,1.8981679760139498,319.27609923473534,-209.98372670343767,1,True,False,74.89334082693948,UP,False,overbought,in_sample
2021-03-18 15:45:00,59533.68,82.99878357024033,176.61095366521945,100.16011104974542,167.997342008759,10,True,True,61.77654396637332,UP,False,overbought,in_sample
2021-03-19 03:45:00,57779.84,82.9473247997056,30.446605598076815,123.40117245046059,-55.99530909050647,7,True,True,62.6869164054453,DOWN,False,overbought,in_sample
2021-03-19 04:15:00,57933.17,80.3117606764795,56.832726398365566,96.60786730641536,-36.096764599624464,5,True,True,60.46613710245793,DOWN,False,overbought,in_sample
2021-03-20 09:00:00,58691.1,80.09238840270226,19.440766998744024,69.66984772819073,-59.349714011153615,6,True,True,33.908122355859554,UP,False,overbought,in_sample
2021-03-21 15:00:00,57481.02,81.41796775019213,127.17589214665934,10.086807784552745,33.23357866648832,4,True,True,52.68112848380196,UP,False,overbought,in_sample
2021-03-22 04:00:00,57611.43,87.21898797671355,51.4151445294795,47.87765205619818,-35.144067765719605,5,True,True,57.709989146251154,UP,False,overbought,in_sample
2021-03-23 10:00:00,54625.72,80.95576817111657,103.41831649999308,121.15172120385702,-73.8058921694759,7,True,True,72.2846307563543,UP,False,overbought,in_sample
2021-03-24 09:30:00,56444.81,85.10710829882808,73.84381309813918,105.14695682384263,-77.82646447033854,3,True,True,75.52394985473411,UP,False,overbought,in_sample
2021-03-27 17:30:00,56082.16,81.18086487566214,93.81949625335463,6.747243686761798,43.71443610588527,4,True,True,58.594301646013584,UP,False,overbought,in_sample
2021-03-29 00:15:00,55818.05,82.29781208913515,150.5337431171458,8.174775005575682,83.85459542209105,4,True,True,52.24797354977462,UP,False,overbought,in_sample
2021-03-29 08:45:00,57126.15,90.02552515500184,27.93991893379837,214.23638736375523,-107.90154771501344,1,True,True,62.7331791132432,UP,False,overbought,in_sample
2021-03-30 07:15:00,58130.43,82.87905661946064,69.44899599056795,136.38811892497642,-127.89858943069976,4,True,True,40.8222509277844,UP,False,overbought,in_sample
2021-03-30 09:30:00,58762.01,83.07508310322409,23.316084660821172,103.12615242398923,-73.94062932837014,4,True,True,45.08814453419834,UP,False,overbought,in_sample
2021-03-31 07:00:00,59580.01,80.4811540894377,471.80421755551936,0.0,274.8656806200606,4,True,True,35.46080304451115,UP,False,overbought,in_sample
2021-03-31 13:45:00,58598.55,84.642753097669,38.96854103045311,179.18020155788733,-124.72834225420243,1,True,True,55.130886344457515,UP,False,overbought,in_sample
2021-04-04 04:15:00,57499.99,85.43407220756743,62.777402222157114,26.088700189339516,10.4365235541771,8,True,True,60.59714097341581,DOWN,False,overbought,in_sample
2021-04-04 05:00:00,57553.69,81.16223483716803,72.04924653832022,7.872648999568519,42.030319863070716,5,True,True,51.071269279172256,DOWN,False,overbought,in_sample
2021-04-04 15:15:00,58372.07,82.37513729287987,117.82689906319904,13.350563034684274,33.070610653348574,3,True,True,41.9023173240215,UP,False,overbought,in_sample
2021-04-05 12:00:00,57986.26,80.55143131630022,41.30633705295084,169.47807980718156,-151.04785168072493,5,True,True,35.509015411582105,UP,False,overbought,in_sample
2021-04-05 14:30:00,58862.13,85.7025105996195,15.831910941720094,69.63220664967487,-5.207083060025428,1,True,True,39.9759573770095,UP,False,overbought,in_sample
2021-04-05 15:45:00,59018.29,81.8461187636078,69.1802490380526,37.56632054232664,28.21837094907373,7,True,True,45.017061660037776,UP,False,overbought,in_sample
2021-04-05 16:45:00,58983.51,81.56586342640013,63.32447831605851,17.95247519179503,16.75213970820064,3,True,True,46.48248298549871,UP,False,overbought,in_sample
2021-04-08 06:00:00,57254.99,80.04487175579044,84.84325994991822,13.773471971613406,77.49542878271345,10,True,True,39.6354099441813,UP,False,overbought,in_sample
2021-04-08 14:45:00,57688.36,81.06965883178422,24.049912322000136,54.02129649724822,-1.6086434074393579,3,True,True,45.6295689459713,UP,False,overbought,in_sample
2021-04-09 00:30:00,58278.32,87.33170254403066,81.04042806999256,24.21655257049232,49.177807459102894,10,True,True,31.044734988928937,UP,False,overbought,in_sample
2021-04-10 03:45:00,59229.5,84.37817688918996,0.0,383.33938324652416,-237.98107362040923,1,False,False,33.83609518905271,UP,False,overbought,in_sample
2021-04-11 00:15:00,60281.94,86.84790010346926,40.70207428626228,52.76207102823792,-37.78246021942803,3,True,True,56.2427154799597,UP,False,overbought,in_sample
2021-04-13 02:45:00,60829.01,81.19396225346931,81.91321870929742,44.54946743338383,34.43751591551518,7,True,True,31.211012640186105,UP,False,overbought,in_sample
2021-04-13 10:00:00,62850.0,86.88585871172202,62.370723945902945,65.23468575974543,-8.774860779634281,2,True,True,66.37430389817035,UP,False,overbought,in_sample
2021-04-16 17:15:00,61701.12,80.60259360188334,96.61412953281926,28.505155173844066,-1.9951015475890341,4,True,True,53.260783596796884,UP,False,overbought,in_sample
2021-04-17 21:15:00,60899.0,81.89832139420503,152.55094500730667,9.195553293157523,146.52785760028843,10,True,True,40.893692835678664,UP,False,overbought,in_sample
2021-04-19 20:15:00,56033.3,90.00948571504381,63.29628988476593,101.13628859981422,7.09221123867508,4,True,True,84.30549334056714,DOWN,False,overbought,in_sample
2021-04-19 21:00:00,56181.07,80.64467509334413,112.6696234158584,74.56782150998554,88.79681358863449,9,True,True,66.69550793532407,UP,False,overbought,in_sample
2021-04-20 10:45:00,55908.52,81.1754874316874,54.33697761986788,91.32955048711727,-15.187309554966488,6,True,True,99.04662115899328,UP,False,overbought,in_sample
2021-04-20 20:00:00,56557.96,83.96300136369912,23.641234584839893,91.63696851866632,18.437723001324454,5,True,True,61.37270509756739,UP,False,overbought,in_sample
2021-04-21 14:45:00,56182.11,83.76049324563034,111.44294865393994,29.29580252503804,92.00259655609221,9,True,True,66.32324773847056,UP,False,overbought,in_sample
2021-04-23 20:15:00,51215.91,80.36321361258373,210.07339320925928,16.680363582330767,145.8257795282756,8,True,True,75.89702106240044,UP,False,overbought,in_sample
2021-04-26 01:00:00,50611.43,88.55253437922185,34.391440826706074,373.15088706246786,-276.7596173433553,1,True,True,118.88480527027203,UP,False,overbought,in_sample
2021-04-27 06:45:00,54700.34,89.18965210992391,82.52599526803641,52.39821178442449,32.88279378153689,9,True,True,49.17090094869626,UP,False,overbought,in_sample
2021-04-30 13:45:00,55989.31,83.06403980743556,45.199699728394535,249.2779425215282,-159.35184770092798,1,True,True,49.22064586972065,UP,False,overbought,in_sample
2021-05-03 01:30:00,58127.77,86.34527311741354,61.777701088481216,21.02609475643073,21.789929322937425,9,True,True,48.83225349948911,UP,False,overbought,in_sample
2021-05-05 14:45:00,56982.8,80.03446926771372,11.826375678274745,190.76282667752318,-96.98189629151206,2,True,False,66.0215012249311,UP,False,overbought,in_sample
2021-05-05 15:45:00,57636.74,80.91698514217146,76.11637993404887,75.1395724324453,55.11935616067027,7,True,True,68.53042000640569,UP,False,overbought,in_sample
2021-05-06 10:15:00,58275.21,85.91225591174495,141.78756284190084,12.660615036822492,112.95368991377259,10,True,True,57.36367144794492,UP,False,overbought,in_sample
2021-05-07 00:00:00,56709.6,82.0808893529469,213.29721951838815,72.75135074132065,186.51692129727525,10,True,True,59.70012131984707,DOWN,False,overbought,in_sample
2021-05-08 19:15:00,59136.15,82.37326994723429,86.73882219251715,61.52750897716516,59.80436670293948,8,True,True,66.89216325377973,UP,False,overbought,in_sample
2021-05-09 16:15:00,57652.0,82.79318121874687,78.43613404565274,15.040241448692,36.878165544994204,9,True,True,62.78984250329568,DOWN,False,overbought,in_sample
2021-05-10 00:45:00,58858.6,80.02013231469255,42.209634615841196,74.99328900109779,-74.99159001403353,3,True,True,49.70310201058126,UP,False,overbought,in_sample
2021-05-10 03:15:00,59299.99,80.18914712773429,104.50760615642531,33.72850484460487,39.1129914187161,9,True,True,44.58407159933747,UP,False,overbought,in_sample
2021-05-14 10:00:00,50395.71,80.20797982210249,31.330047736206,111.63847081428173,3.59554414453187,1,True,True,73.28133684394959,UP,False,overbought,in_sample
2021-05-17 20:30:00,44628.38,84.83899592413772,476.9117767662634,69.64626544812958,410.6243605526339,10,True,True,136.1380359313962,UP,False,overbought,in_sample
2021-05-20 04:00:00,39301.74,84.24615462667848,45.78677687043808,221.09453678132377,-179.26941657036178,2,True,True,253.80542947971267,UP,False,overbought,in_sample
2021-05-22 00:30:00,37234.4,81.82481826245666,25.377070665835344,232.4731968287386,-44.480372988418054,9,True,True,224.29406677695897,DOWN,False,overbought,in_sample
2021-05-22 10:30:00,37840.84,89.64227226398016,75.53743521549642,260.7447403387452,-120.10568475752792,4,True,True,149.74482596052312,UP,False,overbought,in_sample
2021-05-24 12:30:00,38433.45,83.28978387503997,303.60792486752956,40.035437880284654,214.70619993781332,10,True,True,124.01579873781833,UP,False,overbought,in_sample
2021-05-25 23:15:00,38241.75,80.06894191896811,115.40005360633279,168.99069733994912,-108.90453496505813,5,True,True,81.8831512679207,UP,False,overbought,in_sample
2021-05-27 08:30:00,38896.26,81.9914283923655,37.59744510140698,183.16928157103,-150.84740795130378,1,True,True,79.7707800184388,UP,False,overbought,in_sample
2021-05-27 09:45:00,39277.44,81.18830226357973,54.03865425037884,169.96016033631457,-82.1438464421305,1,True,True,79.5004715174919,UP,False,overbought,in_sample
2021-05-27 11:15:00,39596.84,80.22332926198851,85.92857409833715,205.6477234041916,-67.47508134487508,5,True,True,82.58272629836118,UP,False,overbought,in_sample
2021-05-29 01:45:00,36374.11,90.63831848120877,75.35854485511827,110.05905024205451,-34.81047371330944,2,True,True,107.33321035208849,UP,False,overbought,in_sample
2021-05-30 04:00:00,34728.89,83.43576999456405,21.65056239920203,293.64889001635174,-266.3862853088588,1,True,True,106.78645358374521,UP,False,overbought,in_sample
2021-05-30 06:30:00,35654.02,81.49826091339862,30.178925125413222,162.13319003018447,-57.6007978903929,7,True,True,84.42217735896256,UP,False,overbought,in_sample
2021-05-31 07:30:00,35824.33,82.40886064642905,65.94680207557266,269.5570300965847,-254.00614610238324,2,True,True,90.52995547997685,UP,False,overbought,in_sample
2021-05-31 08:15:00,35990.95,80.14354350791845,31.93858456084018,288.69757536269617,-247.8400820206191,6,True,True,88.24065494242298,UP,False,overbought,in_sample
2021-05-31 10:00:00,36734.29,84.674538653458,46.32456486840994,148.01973850590224,24.208988386600172,2,True,True,93.65649914562093,UP,False,overbought,in_sample
2021-05-31 11:30:00,36880.11,80.9149455229587,129.91013313138183,107.89555671064925,125.97576308747412,10,True,True,92.04026235279652,UP,False,overbought,in_sample
2021-06-03 05:00:00,38332.2,88.86473041683261,31.8792033851428,184.43762685157787,-85.6251402215373,2,True,True,47.52427463072791,UP,False,overbought,in_sample
2021-06-04 17:30:00,37130.0,83.33954942587123,113.65472663614328,17.50605978992728,62.388903851333545,9,True,True,73.91395098303246,UP,False,overbought,in_sample
2021-06-06 02:00:00,36179.17,83.57436764713614,102.6253504433631,21.60635525911685,10.005757456568817,6,True,True,82.18264819231618,UP,False,overbought,in_sample
2021-06-07 01:45:00,36679.08,81.63143423780778,127.99394096035157,21.922578210793784,104.5691440461437,10,True,True,63.592107544681944,UP,False,overbought,in_sample
2021-06-08 20:45:00,33596.12,86.5498048059516,99.88058144809726,59.4473409429404,48.85980881125601,3,True,True,95.6085107446933,UP,False,overbought,in_sample
2021-06-09 07:00:00,34320.6,82.82414796732682,149.35636323374257,21.954744380925316,2.415458937198322,4,True,True,94.19240922361476,UP,False,overbought,in_sample
2021-06-09 07:30:00,34258.43,83.13412542544596,131.4800473927148,36.94565104121809,46.66296733387974,2,True,True,94.71946029050349,UP,False,overbought,in_sample
2021-06-09 22:30:00,37105.77,80.42140253984199,67.86545596547376,151.01155426770657,-42.59175864023328,7,True,True,89.35321918936059,UP,False,overbought,in_sample
2021-06-11 05:30:00,37113.98,80.94232521486433,194.98313034603225,60.89888500236213,9.247189334046015,6,True,True,75.1771973795322,UP,False,overbought,in_sample
2021-06-13 08:30:00,35600.0,82.38236532408479,28.089887640449437,140.1685393258427,-112.1067415730333,3,True,True,58.90154494382024,UP,False,overbought,in_sample
2021-06-13 09:45:00,35832.98,82.79066101516786,34.320338414500604,88.47157004524792,-4.504230460318794,2,True,True,56.17660043903694,UP,False,overbought,in_sample
2021-06-13 11:00:00,35999.1,85.33277290248394,72.42681067026562,41.91771460953231,-7.936309518849002,3,True,True,53.21758043951099,UP,False,overbought,in_sample
2021-06-13 17:15:00,37191.15,80.37258045087742,25.65395262044962,150.3018863358616,-123.37612577185662,1,True,True,64.55998268405256,UP,False,overbought,in_sample
2021-06-13 20:00:00,38956.04,84.71748471483467,77.19213759920133,108.83036366119326,18.541412320144246,1,True,True,84.02175888514341,UP,False,overbought,in_sample
2021-06-14 13:00:00,40495.47,84.55855418951774,60.61665662850713,140.4058281086753,-12.645858907181255,1,True,True,63.50241150429907,UP,False,overbought,in_sample
2021-06-14 14:00:00,40644.41,80.09470489970525,204.5570350264657,103.2466703293268,193.9479500379021,10,True,True,68.45332482375792,UP,False,overbought,in_sample
2021-06-14 23:45:00,40516.29,81.34492967550892,162.8209295569763,94.7051173737771,38.24634486523794,8,True,True,63.674635560165974,UP,False,overbought,in_sample
2021-06-15 18:00:00,41316.03,85.05230341814661,437.99706796611326,3.1367970252706097,312.7018738247598,8,True,True,59.840091122017284,UP,False,overbought,in_sample
2021-06-19 06:45:00,35773.58,87.05848976310946,93.94642638505896,49.31572406228235,19.738030132852394,2,True,True,79.7282519669543,UP,False,overbought,in_sample
2021-06-20 17:15:00,34727.67,83.66570453949065,88.00187285815622,280.2520295775674,-223.20817952946499,2,True,True,70.00858393321535,UP,False,overbought,in_sample
2021-06-20 19:30:00,35497.51,81.12733123579109,43.72701071145587,180.3534952169882,7.986475671110042,1,True,True,65.5586828484591,UP,False,overbought,in_sample
2021-06-20 21:15:00,35729.48,81.19817163876343,94.66692490347053,36.79594553293075,36.19420153889721,3,True,True,73.99324031584005,UP,False,overbought,in_sample
2021-06-22 16:00:00,32296.28,82.88450464200602,163.83930285469393,310.407266719263,-307.3326092045275,2,True,True,216.86445002334634,UP,False,overbought,in_sample
2021-06-22 17:15:00,32366.99,82.53155394330696,70.84687207553168,287.8828089976847,-11.453026679342042,8,True,True,219.12201289029355,UP,False,overbought,in_sample
2021-06-24 19:15:00,34835.31,80.64230672342177,52.619023628610066,47.015513856486095,19.41420931807335,9,True,True,80.03287468950363,UP,False,overbought,in_sample
2021-06-26 11:45:00,31777.73,80.51696935398131,400.5100427248893,65.22492324026935,289.3756099003924,9,True,True,138.25562744727193,UP,False,overbought,in_sample
2021-06-27 00:30:00,32327.9,80.72721796301782,109.64213574033597,269.7669814618328,-213.7596317731745,1,True,True,86.85067696942902,UP,False,overbought,in_sample
2021-06-27 22:30:00,34263.0,80.6714933240356,80.00466976038368,207.01047777485886,-101.686950938331,1,True,True,80.85369057000258,UP,False,overbought,in_sample
2021-06-27 23:45:00,34700.34,81.21001177253422,128.41084554214643,78.36810820873869,46.15228553956364,9,True,True,90.71712265643515,UP,False,overbought,in_sample
2021-06-28 00:15:00,34671.53,83.53442506790545,120.2081361855098,86.74263870097455,77.54777478813175,7,True,True,96.41483949511314,UP,False,overbought,in_sample
2021-06-29 12:30:00,35912.81,82.6054629412229,52.37406930841572,143.45577525122715,-105.24656800734925,2,True,True,73.09982148431162,UP,False,overbought,in_sample
2021-06-29 13:15:00,36350.59,80.93107963861704,117.07925510975105,21.295390253639212,27.95002777121322,9,True,True,74.66164923320352,UP,False,overbought,in_sample
2021-07-02 23:30:00,33722.25,81.41882542623718,83.52645508529183,57.03949173023702,46.84444246751067,5,True,True,44.84413110038632,UP,False,overbought,in_sample
2021-07-03 07:45:00,34499.54,87.58071850841289,27.11340499032766,81.29383754102203,-34.52799660517288,2,True,True,51.21111759751026,UP,False,overbought,in_sample
2021-07-04 05:30:00,35145.01,85.39757853403164,25.87280527164462,165.59676608428848,-118.40087682433305,2,True,True,36.103418380020365,UP,False,overbought,in_sample
2021-07-04 08:30:00,35535.52,82.69383238082635,48.20810276590794,23.77339630882092,2.6424265073367206,4,True,True,44.23573933911746,UP,False,overbought,in_sample
2021-07-04 16:15:00,35673.58,87.43291513434595,80.89460042978634,1.0147565789571282,45.74814190221569,3,True,True,30.61523401912591,UP,False,overbought,in_sample
2021-07-06 04:30:00,34771.64,82.05567266945322,49.36206632761625,46.40563401668733,9.409967433230404,1,True,True,59.03460406239096,UP,False,overbought,in_sample
2021-07-06 05:15:00,34769.8,84.9710336345278,37.92659146730859,54.62499065280797,-30.21300093759401,6,True,True,53.24807735448555,UP,False,overbought,in_sample
2021-07-06 07:00:00,34738.92,80.02493169151371,204.0679445417406,109.37588157605335,169.59940032677994,10,True,True,49.13883333160603,UP,False,overbought,in_sample
2021-07-07 05:30:00,34715.82,81.25358378645609,69.45248592716537,67.45627785833672,-28.661284682314864,9,True,True,48.69465851591607,UP,False,overbought,in_sample
2021-07-09 14:45:00,33534.75,89.65909946540125,32.97475007268632,48.203728967713026,6.217431172141897,9,True,True,50.269943864200485,UP,False,overbought,in_sample
2021-07-09 21:30:00,33948.38,80.70944856497952,62.60387093581457,44.66192495783381,-11.926931417642091,10,True,True,35.29785515538582,UP,False,overbought,in_sample
2021-07-09 23:00:00,33991.81,81.28571285612811,75.30049150074655,79.48679402479667,24.694183687186726,4,True,True,37.814108751490295,UP,False,overbought,in_sample
2021-07-10 23:30:00,33629.51,81.69435518492989,51.59456679565121,55.99843708695122,-1.4808422721579724,2,True,True,36.3979433539176,UP,False,overbought,in_sample
2021-07-11 21:30:00,34449.77,80.80371487504803,106.56674921196728,62.76674706391457,89.38521215090852,10,True,True,34.87904273381197,UP,False,overbought,in_sample
2021-07-18 01:30:00,32279.64,80.75739100885505,68.18539488048768,1.9640863404920703,43.6219239124097,8,True,True,40.0363820662188,UP,False,overbought,in_sample
2021-07-18 02:45:00,32201.82,84.09217806202729,49.92264412384095,6.058663764967955,35.18124130872133,8,True,True,41.731958007342485,UP,False,overbought,in_sample
2021-07-18 18:00:00,31650.63,80.84017505153892,21.26339981226259,28.805113831856822,-2.4675654165486347,1,True,True,42.14276303504857,DOWN,False,overbought,in_sample
2021-07-21 04:15:00,30666.32,90.37563819277365,54.23539570447309,76.20086140104202,-69.67904854576626,3,True,True,49.48441808472621,UP,False,overbought,in_sample
2021-07-21 10:00:00,31499.99,80.49584275613921,59.93970156815964,69.84446661729048,-0.0031746041819058633,4,True,True,49.221602927493095,UP,False,overbought,in_sample
2021-07-21 11:45:00,31534.11,80.06581101695573,36.31305909695946,81.90813059255545,-32.431547933333285,4,True,True,48.486226502032274,UP,False,overbought,in_sample
2021-07-21 16:15:00,32055.37,81.14724966744176,93.70348868223921,250.3886244332856,83.8112303804323,10,True,True,48.15573802454956,UP,False,overbought,in_sample
2021-07-22 15:45:00,32504.82,82.89143973173165,87.00863441175791,26.620667334874902,71.17713619087895,9,True,True,51.65264720739898,UP,False,overbought,in_sample
2021-07-23 01:45:00,32761.16,83.50803024690038,84.18810567147234,7.2769096088173155,32.410329792962244,7,True,True,45.63925697380689,UP,False,overbought,in_sample
2021-07-23 22:00:00,32695.73,82.4404419012508,7.869529140349386,330.70679259952306,-284.94240685251657,1,True,False,35.1796702505189,UP,False,overbought,in_sample
2021-07-24 17:00:00,34410.57,80.62810126315532,125.784025082991,10.36600091192859,119.97476356828629,10,True,True,34.45917925800152,UP,False,overbought,in_sample
2021-07-25 07:30:00,34756.3,81.18121909255179,120.05017795334945,12.573260099607003,51.9071362601898,8,True,True,43.01292139842255,UP,False,overbought,in_sample
2021-07-25 23:15:00,34883.11,82.96789447486292,12.481685262581482,1409.52455213999,-983.3670220344461,1,True,True,40.18162371416998,UP,False,overbought,in_sample
2021-07-26 06:15:00,39069.76,84.87211033245207,360.39637817074,50.01566428869699,224.04795934246806,7,True,True,85.04377810357667,UP,False,overbought,in_sample
2021-07-26 16:30:00,39192.99,80.05523255813944,106.13887840657168,300.5665043672356,-265.38674390496993,2,True,True,74.55631734144274,UP,False,overbought,in_sample
2021-07-27 12:30:00,38282.23,80.35551476581777,140.60831879438737,127.91313358704554,-78.09889862737774,6,True,True,58.04455487572173,UP,False,overbought,in_sample
2021-07-27 13:15:00,38426.62,81.19151498692266,177.6554898661411,89.85697935441651,56.4816785863552,3,True,True,59.48311352911082,UP,False,overbought,in_sample
2021-07-27 23:15:00,39086.74,84.10012778434685,46.72428552496253,202.6313783139766,-202.6288199015835,7,True,True,74.36831518821991,UP,False,overbought,in_sample
2021-07-28 12:00:00,40643.69,86.04301632547315,299.0845565449406,56.07266466209003,254.63977311115312,7,True,True,68.60954308036486,UP,False,overbought,in_sample
2021-07-30 19:45:00,39853.72,83.5824797395249,42.33481843100247,438.17239645383137,-348.5320818232272,1,True,True,36.81111825947502,UP,False,overbought,in_sample
2021-07-30 23:30:00,41867.63,81.16729239141654,63.922892220074885,138.62021805390052,-7.155886301660526,1,True,True,88.60759493670896,UP,False,overbought,in_sample
2021-08-01 03:15:00,42257.11,81.51271159576459,138.93756577295528,80.90709468773407,102.87026254279981,7,True,True,49.64442670121062,UP,False,overbought,in_sample
2021-08-02 15:30:00,39675.0,80.33238030989286,51.92186515437933,75.85633270321338,28.229363579080026,10,True,True,56.01134215500909,UP,False,overbought,in_sample
2021-08-02 16:15:00,39926.99,82.03892039898255,114.70686871211628,4.337917784435969,72.41217031386422,7,True,True,55.11747817704218,UP,False,overbought,in_sample
2021-08-04 11:45:00,38160.06,85.5964082028881,1.5041905070374533,282.40783688495395,-245.7674332797186,1,True,False,43.14078646626831,UP,False,overbought,in_sample
2021-08-05 16:45:00,39739.72,81.38116146243703,21.223098703263076,405.20667986588705,-381.1753077273818,1,True,True,101.80154767069344,UP,False,overbought,in_sample
2021-08-05 19:00:00,41259.71,80.38679940126885,177.3424970752337,21.88333364437144,87.18190215103284,3,True,True,97.43342839782461,UP,False,overbought,in_sample
2021-08-06 16:00:00,42724.94,89.25968370387339,116.77956715679467,156.22959330077418,-29.224148705650745,3,True,True,80.56687733206864,UP,False,overbought,in_sample
2021-08-06 17:00:00,42571.34,81.46011710193432,0.40637668440690977,192.87389121413696,-91.9820705667244,1,True,False,83.11859575009831,UP,False,overbought,in_sample
2021-08-08 06:15:00,45008.0,81.14023485571644,133.82287593316693,67.0991823675791,120.50524351226507,10,True,True,55.81574386775666,UP,False,overbought,in_sample
2021-08-09 09:45:00,44855.11,86.21523635119273,24.730738593663084,266.054413867227,-201.06962172202932,2,True,True,59.064842333459744,UP,False,overbought,in_sample
2021-08-10 19:45:00,45495.73,82.85069177555738,27.637758532505188,90.29638605644918,-12.00112625954096,1,True,True,54.861632069646916,UP,False,overbought,in_sample
2021-08-10 20:15:00,45460.0,81.90762686695865,11.722393312802657,98.22701275846917,3.288605367355277,10,True,False,52.461174659040964,DOWN,False,overbought,in_sample
2021-08-10 20:45:00,45626.15,80.27943986717219,85.97043581367264,61.45379349342414,84.69704325260892,10,True,True,48.274728417804184,UP,False,overbought,in_sample
2021-08-11 06:00:00,45870.45,89.17703415239265,14.896300341504057,152.81515659863837,-63.20408890691187,1,True,True,39.8556151073296,UP,False,overbought,in_sample
2021-08-11 15:15:00,46687.77,82.41441074354181,103.32470366436311,11.930319224928578,35.48252572354521,6,True,True,45.33253569403727,UP,False,overbought,in_sample
2021-08-12 03:15:00,46163.02,82.62122515959888,288.0270831501049,11.043471592630466,219.32057304743,9,True,True,44.35585020217463,DOWN,False,overbought,in_sample
2021-08-13 06:30:00,45894.28,84.9095712566193,39.645463443374005,121.04776455802356,-99.23023086973006,1,True,True,58.23612441463298,UP,False,overbought,in_sample
2021-08-15 20:30:00,46559.86,85.69571968674047,23.59543177320563,158.78269393421732,-135.39989166634055,4,True,True,45.618371704726,UP,False,overbought,in_sample
2021-08-17 04:00:00,46541.99,81.11107778144438,159.42378054741494,3.4098241179637183,158.35592762578412,10,True,True,55.278255184189874,UP,False,overbought,in_sample
2021-08-19 15:00:00,45569.17,84.0742098468308,35.83782631985566,83.86371750900959,-19.17963394988354,8,True,True,50.97657034350212,UP,False,overbought,in_sample
2021-08-19 16:45:00,45603.2,81.02499445349305,43.273279068134805,253.01075363132523,-237.69165321731907,1,True,True,51.350453476948886,UP,False,overbought,in_sample
2021-08-19 19:30:00,46696.0,81.45976944911091,56.133287647764824,38.782765119067705,29.124550282679458,2,True,True,52.48393866712347,UP,False,overbought,in_sample
2021-08-19 20:30:00,46648.75,82.01675279120971,66.16040086818991,82.37091026018918,6.8790696428085445,7,True,True,52.716096358423385,UP,False,overbought,in_sample
2021-08-20 14:30:00,48360.56,82.6226619055181,31.885486851268283,152.14464017786372,-85.46220308449756,2,True,True,44.59739506738551,UP,False,overbought,in_sample
2021-08-20 15:15:00,48386.48,81.49013231473369,10.980339962734353,146.7062700159204,-59.63029342080656,1,True,False,49.37422602346768,UP,False,overbought,in_sample
2021-08-22 23:30:00,49302.32,83.29229816594912,47.119486466356484,126.54779734503437,-94.91642583959519,4,True,True,39.198865286663946,UP,False,overbought,in_sample
2021-08-25 17:30:00,49026.48,85.11735364542069,99.85012181172421,29.800222247242417,29.096520900542206,9,True,True,50.8903555792706,UP,False,overbought,in_sample
2021-08-27 07:45:00,47483.44,82.85593430010277,104.02784633969213,16.123515903649288,44.18382492928122,6,True,True,47.45759784885013,UP,False,overbought,in_sample
2021-08-27 16:30:00,48239.22,83.46872733699448,26.646367830989156,31.526214561512756,-31.171731217875276,6,True,True,50.27599948755408,UP,False,overbought,in_sample
2021-08-27 20:15:00,48806.76,83.13331855651639,25.20347591194376,70.31198137307173,-36.67114965221947,7,True,True,33.52988397508886,UP,False,overbought,in_sample
2021-08-27 21:00:00,48986.08,82.71864235906932,61.717532817486465,26.39321211250234,-8.967853724976624,4,True,True,35.531318284704646,UP,False,overbought,in_sample
2021-08-30 16:30:00,48140.64,82.2993525795808,17.907946383762063,90.04242569272057,-62.807640280644506,2,True,True,38.372672237012225,UP,False,overbought,in_sample
2021-08-30 18:15:00,48242.8,80.82489066046665,0.5969802747777194,94.12181714162521,-78.61691278283946,1,True,False,31.01955110399889,UP,False,overbought,in_sample
2021-08-30 18:45:00,48496.98,82.20345079179172,64.12358047862014,41.216999491514606,57.710810033945336,10,True,True,30.14713493500004,UP,False,overbought,in_sample
2021-08-31 08:15:00,47943.52,83.58769076807584,168.22294232880623,6.77463815756607,109.69991356496041,8,True,True,37.255295397584675,UP,False,overbought,in_sample
2021-09-01 17:15:00,48839.34,83.80767827381834,171.85735925178278,64.83707601290342,141.14441349944462,9,True,True,45.919539453235714,UP,False,overbought,in_sample
2021-09-01 18:00:00,48837.58,84.16786348920436,171.50317439971468,14.081369306177088,121.37169777863686,6,True,True,50.26129468331543,UP,False,overbought,in_sample
2021-09-02 02:00:00,49785.0,85.06028978580349,96.71989555086809,17.073415687456063,78.86712865320868,9,True,True,50.1042482675503,UP,False,overbought,in_sample
2021-09-02 21:45:00,49808.43,81.7202234232606,126.1694054600798,1.6382768940912646,104.4682596901777,9,True,True,31.965673280607096,UP,False,overbought,in_sample
2021-09-03 04:00:00,49518.37,85.84095663305122,30.322080472358326,47.78630637478523,22.35735950113041,6,True,True,48.077612409293884,UP,False,overbought,in_sample
2021-09-05 20:45:00,51636.29,86.61462785076638,35.64934661262491,51.0706714212038,-9.09437916627998,3,True,True,35.77251580235535,UP,False,overbought,in_sample
2021-09-06 23:15:00,52550.5,80.77748048559359,40.79885062939486,43.67227714293869,11.598367284801684,5,True,True,37.34550575161025,UP,False,overbought,in_sample
2021-09-12 04:30:00,45402.53,83.70780028999258,78.96696505679283,19.862329257863006,60.99439832978477,10,True,True,34.86843134072071,UP,False,overbought,in_sample
2021-09-12 10:45:00,45944.77,80.36332687679759,17.40132772456954,47.17403090710983,-29.62905244710218,2,True,True,39.18095574316737,UP,False,overbought,in_sample
2021-09-14 08:15:00,45869.24,80.29896334690862,30.46050032658077,67.4068286285106,-34.596169459097716,6,True,True,40.00992822205022,UP,False,overbought,in_sample
2021-09-16 06:45:00,48356.7,82.09025081908544,76.08873227494743,29.633949380334663,26.825651874506303,10,True,True,41.75729526621963,UP,False,overbought,in_sample
2021-09-18 03:45:00,47924.57,84.52892406255899,0.972361358692674,191.68247101643215,-143.40034767135063,1,True,False,35.94367148208094,UP,False,overbought,in_sample
2021-09-21 07:45:00,43301.07,89.30375981431351,57.9824008967907,40.858112744095756,22.131092834426898,2,True,True,58.48897036493568,UP,False,overbought,in_sample
2021-09-22 18:15:00,43897.81,80.62300226651917,237.55171385542826,6.039025637042494,108.16029319002375,3,True,True,72.20633557801641,UP,False,overbought,in_sample
2021-09-24 21:00:00,42944.14,90.63837347629257,84.47951222215671,59.57972379933574,82.18117768803806,10,True,True,57.00498368345481,UP,False,overbought,in_sample
2021-09-26 11:00:00,43143.25,81.36373961987937,33.47916533872676,75.09170032392116,-0.6652257305610076,2,True,True,97.072079641659,UP,False,overbought,in_sample
2021-09-26 12:00:00,43399.67,81.18383204229981,71.04431900058268,15.5646344776361,31.193785574866673,8,True,True,99.48785324865378,UP,False,overbought,in_sample
2021-09-27 02:45:00,44174.13,80.29851655239247,74.9329981145061,17.175210920962705,26.402330957055042,4,True,True,65.96417405390885,UP,False,overbought,in_sample
2021-09-30 00:30:00,41907.02,91.17056552350704,0.002386235049583891,378.9293536023328,-326.4488861293413,1,True,False,47.28813931412919,UP,False,overbought,in_sample
2021-10-01 07:15:00,44623.46,84.03997932104079,6.005809500203623,84.38162347787484,-63.31647075327661,1,True,False,45.915646164595955,UP,False,overbought,in_sample
2021-10-04 18:15:00,49209.33,82.66778118324507,61.9902770470565,66.4081384566709,41.28891817872755,4,True,True,89.3512470094594,UP,False,overbought,in_sample
2021-10-05 19:45:00,51190.11,91.95086924540873,16.729794094992062,136.0008798574573,-42.48476903057952,3,True,True,51.234799065678835,UP,False,overbought,in_sample
2021-10-06 12:45:00,52741.68,86.20406941561525,24.929050420844238,533.4149386215987,-350.5728296861236,1,True,True,70.81126350165572,UP,False,overbought,in_sample
2021-10-06 14:15:00,54177.97,82.63420859108018,3.4312839702195896,180.70075346123156,-131.6679085613578,1,True,False,102.78771980567018,UP,False,overbought,in_sample
2021-10-08 08:00:00,55096.4,80.04216370790175,0.0,182.15346193217678,-69.70691370035024,1,False,False,41.21712126382131,UP,False,overbought,in_sample
2021-10-09 23:30:00,54977.91,86.735885143695,163.32195967434984,40.214333356796665,94.4834025156657,10,True,True,28.580933687730276,UP,False,overbought,in_sample
2021-10-10 04:45:00,55873.06,84.39434706512348,86.60524410154007,36.040624945188725,58.348334599893896,2,True,True,48.695650461957904,UP,False,overbought,in_sample
2021-10-10 15:45:00,55373.01,82.33975128988328,67.36314316306844,20.224654574493595,36.44916539664391,7,True,True,41.71653301852301,UP,False,overbought,in_sample
2021-10-11 03:00:00,55739.72,84.8589034602623,2.3179162005116374,181.249564942199,-108.19752951754988,1,True,False,48.35286219593489,UP,False,overbought,in_sample
2021-10-11 05:15:00,56349.05,80.74562758604006,36.593340970256705,124.2168235311859,-78.2107240494736,1,True,True,48.27605789272397,UP,False,overbought,in_sample
2021-10-11 14:30:00,57483.3,82.4059037279619,54.73415757272193,49.590054850712754,6.316617174032275,10,True,True,52.62963330219392,UP,False,overbought,in_sample
2021-10-11 15:30:00,57530.83,87.88916103520508,62.95059535904549,41.28742797557394,16.738851151635203,6,True,True,54.063708102247176,UP,False,overbought,in_sample
2021-10-12 23:30:00,56204.0,84.50317370964936,67.27279197210137,70.45583944203224,-12.036509856949943,2,True,True,61.24252722226164,DOWN,False,overbought,in_sample
2021-10-13 16:45:00,56941.72,80.87382865570703,28.400968569267164,52.734620591018114,-6.669977654344815,4,True,True,57.58247204334539,UP,False,overbought,in_sample
2021-10-15 02:45:00,59086.91,80.76403042534187,40.122253812224564,154.19489697464235,-96.7439319470247,1,True,True,55.45246823704267,UP,False,overbought,in_sample
2021-10-15 03:15:00,59107.53,80.09749756256063,21.941366861379986,150.65254799177046,-74.86017432973485,1,True,True,58.79656957413046,UP,False,overbought,in_sample
2021-10-15 18:45:00,61649.97,80.74111571695093,82.67643925860862,208.11526753378772,20.20601145466895,6,True,True,63.703194016152786,UP,False,overbought,in_sample
2021-10-17 23:45:00,61528.33,80.57016465962178,19.8380160813734,170.74736141871583,-90.36812798267022,1,True,True,74.04954758239003,UP,False,overbought,in_sample
2021-10-18 00:15:00,61954.0,85.09923941198792,1.8723569099652235,100.86677212125181,-24.568228040158687,8,True,False,76.39643929366947,UP,False,overbought,in_sample
2021-10-19 17:45:00,63411.27,80.78417572105151,52.02545225793368,144.5342444647461,-110.1886147367812,3,True,True,70.19083516226678,UP,False,overbought,in_sample
2021-10-19 19:15:00,63841.72,82.05424964414459,39.428762257658654,78.5191877662442,-35.39691599787661,8,True,True,53.0006083795987,UP,False,overbought,in_sample
2021-10-19 19:45:00,64177.15,81.22321361684675,91.48894894834086,25.842531181269116,30.04651967250053,6,True,True,51.41705420075513,UP,False,overbought,in_sample
2021-10-20 13:30:00,65761.73,88.00474501922325,101.84494842212831,188.29644536419647,-156.99404501675951,1,True,True,40.06410719426022,UP,False,overbought,in_sample
2021-10-25 01:00:00,62075.3,87.90328895849638,70.55785473449266,28.14323893722577,4.879557569597066,4,True,True,43.05295342914172,UP,False,overbought,in_sample
2021-10-28 08:30:00,60255.37,82.64981949458493,22.69839186117421,166.36691468328831,-100.04087602482494,1,True,True,50.89579567762992,UP,False,overbought,in_sample
2021-10-28 09:30:00,60671.85,82.5404825938952,4.425446067657166,96.58020976779201,-58.67795361440306,1,True,False,53.848448662765215,UP,False,overbought,in_sample
2021-10-29 16:15:00,62804.12,80.11395617525949,135.57709271302633,5.826050902392471,115.18989518522069,10,True,True,65.72196218974182,UP,False,overbought,in_sample
2021-10-30 20:00:00,61855.56,83.62447395153079,110.0224458399529,16.88449672107121,92.10974728868351,10,True,True,28.96384738898152,UP,False,overbought,in_sample
2021-10-31 21:30:00,61433.73,84.63957552407376,51.82820577555709,30.330243662560363,-14.049285303040799,10,True,True,35.77741413389672,UP,False,overbought,in_sample
2021-11-01 07:15:00,62052.04,81.96038165234596,67.98487205255469,62.1575052165887,16.371742169959887,6,True,True,64.06405011019777,UP,False,overbought,in_sample
2021-11-02 09:45:00,63050.62,81.93106258942777,26.82923657213894,86.78423780765362,-7.197391556180951,9,True,True,41.55486496405594,UP,False,overbought,in_sample
2021-11-02 11:00:00,63299.5,82.56260021278848,66.04159590518107,7.977946113318431,11.407673046390434,4,True,True,47.02975536931575,UP,False,overbought,in_sample
2021-11-06 20:00:00,61199.0,80.04894804637206,16.11464239611801,47.489338061079,-32.96785895194399,1,True,True,29.099004885700715,UP,False,overbought,in_sample
2021-11-06 21:00:00,61270.45,80.2085880339309,0.6267295245908114,35.772546145817486,-10.773545812051657,1,True,False,29.13614964473082,UP,False,overbought,in_sample
2021-11-06 21:45:00,61386.26,80.84397609911596,17.147159641262075,23.262534645374327,10.337818267475347,5,True,True,26.744095502804658,UP,False,overbought,in_sample
2021-11-08 00:00:00,63840.04,82.3327718406833,0.5560773458166552,281.8043347090636,-219.69754404915716,1,True,False,37.31717586643107,UP,False,overbought,in_sample
2021-11-08 23:00:00,67269.94,80.34436963629793,37.86832573360482,77.16076452572986,-23.652466465705274,4,True,True,39.735950411134546,UP,False,overbought,in_sample
2021-11-10 16:45:00,68524.69,80.18517840186452,141.65697064809734,36.60286533218792,119.29276878158764,7,True,True,62.47011113804407,UP,False,overbought,in_sample
2021-11-12 20:00:00,64250.27,87.65682843444657,52.31884628655945,39.30255857290624,28.50571678531377,3,True,True,65.42462778755643,UP,False,overbought,in_sample
2021-11-13 16:00:00,64840.63,81.49330290843768,141.98350632928728,24.578724790305493,114.22313447602181,10,True,True,38.85819739876062,UP,False,overbought,in_sample
2021-11-15 00:00:00,65911.5,86.04295158177986,57.1220500216199,43.77081389438869,26.270074266250077,5,True,True,45.69923306251575,UP,False,overbought,in_sample
2021-11-20 18:30:00,59510.94,81.47563954334194,51.01078894065523,18.996507196827277,10.240133998892023,3,True,True,57.49421871003886,UP,False,overbought,in_sample
2021-11-20 19:00:00,59383.49,85.8243027217173,29.658074996938602,44.87947744398351,-31.269634034645378,1,True,True,58.61646056841723,UP,False,overbought,in_sample
2021-11-28 08:00:00,54612.0,82.09512686887867,88.12715154178547,12.982494689812029,29.477038013623964,5,True,True,36.24423203691487,UP,False,overbought,in_sample
2021-11-28 21:15:00,55762.3,85.1652224387412,25.519033468849546,301.77198573229583,-271.2549518222875,1,True,True,58.565643813113894,UP,False,overbought,in_sample
2021-11-28 23:00:00,56974.42,83.74399073608359,0.0017551736366533106,222.49809651418977,-114.42152460700846,1,True,False,78.30952908340262,UP,False,overbought,in_sample
2021-11-29 17:30:00,58643.34,81.600683315135,160.2517864773727,37.963390216178794,123.40872808404146,10,True,True,47.2247999517081,UP,False,overbought,in_sample
2021-12-01 14:15:00,58501.68,84.30908961136272,57.300918537724236,94.33404305654173,12.174009361782629,1,True,True,46.09030031274329,UP,False,overbought,in_sample
2021-12-01 15:45:00,58614.49,81.61110348927582,183.50240699867842,74.90639260019236,137.06679014011658,10,True,True,56.348609362633795,UP,False,overbought,in_sample
2021-12-04 15:00:00,48463.14,90.53048062299167,148.7831783082984,16.20613109262026,73.30313306153914,7,True,True,88.82596133886474,UP,False,overbought,in_sample
2021-12-04 20:15:00,49426.28,94.17150700523932,198.0282554139213,10.868711948380733,44.1951123976966,6,True,True,65.00620722417327,UP,False,overbought,in_sample
2021-12-07 00:15:00,50604.96,83.02512420367928,52.949355162023075,163.03540206335524,-5.985579279185454,5,True,True,69.46423828810428,UP,False,overbought,in_sample
2021-12-11 16:30:00,49142.84,84.26904687033863,116.83085470843757,0.9197677627105139,80.71165606220549,7,True,True,51.584015087447284,UP,False,overbought,in_sample
2021-12-12 14:00:00,49887.0,81.15467766134677,77.23655461342588,7.972016757872152,20.518371519634492,9,True,True,47.83701164632053,UP,False,overbought,in_sample
2021-12-14 21:15:00,48302.58,81.89783127773539,62.64261660557298,82.3620601632463,-8.426050948002588,5,True,True,66.26664662632953,UP,False,overbought,in_sample
2021-12-14 22:00:00,48293.89,85.90935910763947,60.854489046129736,96.72238040878476,25.65541935014998,2,True,True,68.41538339529106,UP,False,overbought,in_sample
2021-12-15 19:00:00,48964.27,81.33633419809414,241.053323168097,109.41243482237215,-20.90708183743016,1,True,True,84.80775880044781,UP,False,overbought,in_sample
2021-12-19 04:45:00,47892.73,89.24200802638005,92.99323717816934,24.836754973040186,55.54496475769998,9,True,True,45.658704358678335,UP,False,overbought,in_sample
2021-12-20 21:00:00,47324.76,82.1638608576063,128.30704265589495,44.96800406383417,55.444549533901366,7,True,True,47.63648035404711,UP,False,overbought,in_sample
2021-12-21 04:00:00,48297.37,91.13934697402156,1.2443741760683942,109.07219171561533,-11.060643674800149,6,True,False,52.051695568516365,UP,False,overbought,in_sample
2021-12-21 12:30:00,49082.2,80.11648564168266,114.54254291779854,11.550012020651547,88.16026991455132,9,True,True,40.95710868705944,UP,False,overbought,in_sample
2021-12-23 17:30:00,49770.02,84.2794108507865,8.171586027089853,322.4792756764018,-245.6016694387506,1,True,False,40.12094027689761,UP,False,overbought,in_sample
2021-12-27 12:30:00,51148.44,82.07505136265677,32.964837246258256,103.3384400384445,-79.25363901616458,2,True,True,26.805900629618524,UP,False,overbought,in_sample
2021-12-29 15:45:00,47959.36,80.36497538990065,101.42754198554825,16.589045391764543,60.150927785525745,8,True,True,61.86164702781683,UP,False,overbought,in_sample
2022-01-01 03:15:00,46809.15,84.40339258742902,46.555000464652366,159.45600379413028,-81.90706304216192,4,True,True,36.46701553008313,UP,False,overbought,in_sample
2022-01-08 22:15:00,42290.08,80.29173188056824,213.276967080697,0.3334115234580347,122.21305800320164,7,True,True,88.52773510951026,UP,False,overbought,in_sample
2022-01-10 21:00:00,41863.93,80.83954138204,86.93163780849058,6.912872250646877,1.3902182618783543,5,True,True,98.69247822648303,UP,False,overbought,in_sample
2022-01-14 14:45:00,42975.88,81.1612455947772,47.22649076644833,86.45314534571506,-19.378311741378216,1,True,True,58.12853628593536,UP,False,overbought,in_sample
2022-01-15 16:00:00,43340.97,85.67945073097259,24.835623199019178,51.49400209547694,-4.014677105750391,1,True,True,36.8111281311885,UP,False,overbought,in_sample
2022-01-16 16:45:00,43381.45,84.22005323868655,111.95338099579389,10.921718845267886,102.58993187180135,9,True,True,43.890764370485584,UP,False,overbought,in_sample
2022-01-18 21:30:00,42383.92,81.4207143519547,36.469019382822474,72.45200538317403,18.2545644669005,2,True,True,40.212538151261185,UP,False,overbought,in_sample
2022-01-19 00:00:00,42306.55,81.015700836659,33.92618873437,45.72578005060613,-10.7690180362137,3,True,True,40.55128579380758,UP,False,overbought,in_sample
2022-01-20 14:45:00,42969.66,80.8166447400476,7.621656768985372,124.58557968575884,-60.38679384477231,1,True,False,38.70928929854212,UP,False,overbought,in_sample
2022-01-20 16:45:00,43274.78,80.71936802069504,108.55745540474126,7.556364238016777,46.46124139741385,8,True,True,52.67479118322492,UP,False,overbought,in_sample
2022-01-23 23:00:00,36365.03,81.16638573793148,200.47006698468337,36.84033809404287,187.82880146118424,10,True,True,85.75285102198444,UP,False,overbought,in_sample
2022-01-24 18:30:00,35929.31,82.40318817021071,77.17097823476065,451.0774072755648,-270.1666132747894,4,True,True,132.91418621732518,UP,False,overbought,in_sample
2022-01-24 20:00:00,36220.07,80.77236316251816,65.64040323500204,367.1804057805522,-70.90267909476643,1,True,True,128.26383273141113,UP,False,overbought,in_sample
2022-01-24 20:30:00,36392.32,80.48841534221394,56.14646167103437,318.11107398484086,-37.557374742802956,8,True,True,125.1439864235092,UP,False,overbought,in_sample
2022-01-25 18:15:00,37421.34,80.13134347608764,215.11522569742237,20.958629487880525,150.0614355338413,9,True,True,91.9926972150115,UP,False,overbought,in_sample
2022-01-26 04:45:00,37789.73,82.2386886039198,180.03833316618048,48.87571305748866,156.2990791413438,9,True,True,53.01850529231119,UP,False,overbought,in_sample
2022-01-26 10:30:00,37817.9,83.06094550203008,90.66870450236513,113.9724839295669,30.46176546027261,10,True,True,56.320023057864,UP,False,overbought,in_sample
2022-01-28 21:15:00,37863.73,83.90465365159771,58.5467939899213,35.989586868487805,38.8683312499866,7,True,True,57.17754167378615,UP,False,overbought,in_sample
2022-01-28 22:30:00,37851.21,80.84996295066077,55.258471261551804,34.92622825003596,7.122625670354825,2,True,True,55.107353239169825,UP,False,overbought,in_sample
2022-01-29 19:30:00,37875.76,82.09804050933582,15.722456790306758,223.0925531263256,-78.12648511871345,2,True,True,46.8818315460864,UP,False,overbought,in_sample
2022-01-29 20:15:00,38015.66,80.7161329336235,0.0026304949071086145,185.47093487262734,-32.70757366832419,1,True,False,39.905265356434725,UP,False,overbought,in_sample
2022-01-29 21:15:00,38549.75,81.04263448692927,166.92455852502235,16.92358575606793,99.32878942146279,8,True,True,48.18176512169341,UP,False,overbought,in_sample
2022-01-31 15:30:00,37832.33,89.09168081494101,42.521832517321194,202.91375128098065,-145.42059661670223,2,True,True,60.554028789662404,UP,False,overbought,in_sample
2022-01-31 16:30:00,37961.4,81.80815050438338,0.5031426659721434,168.22351125090185,-167.16190656825083,1,True,False,65.34387562102572,UP,False,overbought,in_sample
2022-02-01 13:45:00,38872.21,89.03487376283225,175.39265197425124,41.741902505672314,-2.984136996584075,5,True,True,59.42677300827505,UP,False,overbought,in_sample
2022-02-04 06:15:00,37967.69,82.80955888370569,34.12375101039988,66.98063537707921,2.7312696663933513,6,True,True,38.96945007715757,UP,False,overbought,in_sample
2022-02-04 06:45:00,37990.02,80.77957641849308,39.98155304998508,61.06340559968203,7.067645660623119,4,True,True,37.041307164355196,UP,False,overbought,in_sample
2022-02-04 07:15:00,37934.01,80.09363030217033,25.275471799581602,54.405004901932955,-21.0892547347354,2,True,True,39.09104257630556,UP,False,overbought,in_sample
2022-02-04 16:15:00,40349.48,81.60752828787997,54.766505045418974,77.45576894671227,-29.68811493976963,1,True,True,89.87625119332408,UP,False,overbought,in_sample
2022-02-04 23:45:00,41574.25,82.05876062143906,96.42747614208301,81.64669236366316,53.939638117344266,9,True,True,48.69793201320542,UP,False,overbought,in_sample
2022-02-07 03:45:00,42818.99,81.59644963956795,31.212786663114066,42.27329976722993,16.114345527533462,8,True,True,78.38367976451556,UP,False,overbought,in_sample
2022-02-07 14:45:00,43411.15,80.94106339289638,70.52335632665834,153.38225317689086,-84.10512045868414,2,True,True,40.78664122005516,UP,False,overbought,in_sample
2022-02-07 15:30:00,43608.0,84.16580509548024,28.226472206933703,204.66428178315905,-143.36589616584166,4,True,True,48.01274995413689,UP,False,overbought,in_sample
2022-02-07 16:15:00,43764.11,82.92467197750696,63.7965675527269,168.26344692031884,-68.8098078539697,1,True,True,52.6021207788758,UP,False,overbought,in_sample
2022-02-08 05:45:00,44883.08,80.84806903380944,204.22840856732634,135.66805130129177,153.5456122886405,10,True,True,35.0057304445238,UP,False,overbought,in_sample
2022-02-09 19:30:00,44541.48,80.1787885508038,44.778485133409205,57.81577082755149,25.773728219179716,3,True,True,50.528855350114036,UP,False,overbought,in_sample
2022-02-10 10:15:00,44654.49,84.81663705119148,37.63563305727995,117.22673352668482,-34.31681786087026,9,True,True,33.73233016433508,UP,False,overbought,in_sample
2022-02-12 18:00:00,42945.14,82.50508888587343,109.43729604793369,31.284098736201244,75.24250706831958,8,True,True,50.49453791511663,UP,False,overbought,in_sample
2022-02-12 18:30:00,42839.99,80.0946245065304,85.16108430464024,10.296454317566504,59.48880940448365,6,True,True,52.63586662835335,UP,False,overbought,in_sample
2022-02-15 03:15:00,43635.01,84.74441248063727,54.522733007280955,33.679378095707804,14.11022937774042,7,True,True,41.92081083515269,UP,False,overbought,in_sample
2022-02-15 08:30:00,43970.38,81.57406566606556,31.95332858164974,91.2728068304167,-58.2141887334158,3,True,True,29.223308963898116,UP,False,overbought,in_sample
2022-02-15 10:15:00,44160.32,80.07050368142507,11.14348809066581,60.128640372170956,-5.047517771610548,4,True,False,32.44586995746432,UP,False,overbought,in_sample
2022-02-16 20:00:00,44245.28,80.56111529896987,83.08230844058362,11.883753476077393,31.094842206897948,7,True,True,37.32669337836711,UP,False,overbought,in_sample
2022-02-19 01:30:00,40218.13,80.7131503331903,39.09928184129894,2.2402831757722295,33.58684255085815,10,True,True,37.08824850881916,UP,False,overbought,in_sample
2022-02-21 15:00:00,39072.46,82.08835814862213,118.93287497127059,43.92607990384977,115.53406158711232,8,True,True,95.49629073777307,UP,False,overbought,in_sample
2022-02-22 10:45:00,37707.21,83.9832635983267,114.7870659218759,17.45819963874329,67.9339574580024,5,True,True,63.24122097604129,UP,False,overbought,in_sample
2022-02-23 08:30:00,38723.25,80.69945657479379,35.94481351642807,68.88626342055484,-20.966731872970975,1,True,True,45.28287269276219,UP,False,overbought,in_sample
2022-02-24 20:00:00,38827.43,84.91200477262248,257.66062806629236,94.090698251211,231.47038060463902,10,True,True,121.47031106617145,UP,False,overbought,in_sample
2022-02-24 21:45:00,38395.64,82.12024413187484,168.43058222235575,104.16807741712319,-75.34449223922321,4,True,True,128.7924878970634,UP,False,overbought,in_sample
2022-02-25 12:45:00,39362.05,82.38115137404723,168.19500000635202,81.6725754883183,7.956902651157576,9,True,True,70.72853166946318,UP,False,overbought,in_sample
2022-02-27 11:15:00,39500.51,80.33637731718954,236.79947423463713,89.92035799031329,111.78083523478578,10,True,True,41.80920702036515,UP,False,overbought,in_sample
2022-02-27 12:45:00,39752.6,81.39593830650085,298.7125370416021,10.826964777146872,109.61798725114886,4,True,True,48.248039121969306,UP,False,overbought,in_sample
2022-02-28 15:15:00,40451.78,81.19787784968794,0.8973647142344244,240.8645552803866,-240.78544874910426,1,True,False,86.0769291240087,UP,False,overbought,in_sample
2022-02-28 22:30:00,43653.98,88.00711645357245,195.62477464826875,56.35683161077106,83.64643956862615,1,True,True,83.04867047632317,UP,False,overbought,in_sample
2022-03-05 16:30:00,39491.86,89.81540741738895,59.51099796261916,30.73544776062646,14.67897435066395,8,True,True,32.546200660085425,UP,False,overbought,in_sample
2022-03-07 06:30:00,38150.4,82.32726321173196,131.30661801711184,63.90758681429229,-44.29311357154733,8,True,True,51.27744401107142,DOWN,False,overbought,in_sample
2022-03-07 14:15:00,39212.66,86.69260891749465,148.3347469924263,85.40864098482382,98.01171356393617,4,True,True,51.61037277246673,UP,False,overbought,in_sample
2022-03-09 01:00:00,39036.81,85.16022230105233,34.134448998265995,466.78250605006036,-436.5495028922706,1,True,True,36.0767183589026,UP,False,overbought,in_sample
2022-03-14 23:00:00,39718.29,80.53427153008556,234.17926602580388,21.75068463420742,197.2693184928163,10,True,True,53.82054464076877,UP,False,overbought,in_sample
2022-03-15 19:15:00,39710.0,82.48338068315047,108.05338705615758,38.635104507680246,14.354066985645932,7,True,True,45.39171493326593,UP,False,overbought,in_sample
2022-03-16 02:00:00,41403.68,84.39673685727422,621.9736989562273,75.91595722892258,556.2718096555664,6,True,True,65.90078466455155,UP,False,overbought,in_sample
2022-03-16 08:30:00,40111.74,82.14557781671333,17.648199753987456,154.45852012403475,-54.94899996858862,1,True,True,61.844238120809536,UP,False,overbought,in_sample
2022-03-16 09:45:00,40507.25,80.66985391766272,84.92060063321948,46.54722302797719,0.26415024470920856,3,True,True,68.1882872819064,UP,False,overbought,in_sample
2022-03-18 16:15:00,41339.94,82.3934383506114,46.16358901343441,123.38189170085822,-85.41134796034936,1,True,True,48.017486237280124,UP,False,overbought,in_sample
2022-03-18 18:00:00,41723.48,91.54620711052155,30.92503309887049,144.17301720757558,-26.771496529052005,2,True,True,54.915002296069055,UP,False,overbought,in_sample
2022-03-22 03:00:00,42101.41,82.312300705382,0.0,299.18000371008867,-185.7111198888577,1,False,False,41.784823833690915,UP,False,overbought,in_sample
2022-03-22 11:15:00,42958.93,83.31166327418148,64.62917023305734,29.346634099126703,30.90859106593177,10,True,True,38.1609830598667,UP,False,overbought,in_sample
2022-03-24 00:00:00,43037.9,80.37329778116381,90.12986228417311,55.35121369769463,42.49742668671135,9,True,True,33.079680932387255,UP,False,overbought,in_sample
2022-03-24 00:30:00,43179.93,85.25749244946935,122.7259979346887,0.002315890739525809,74.30767025328679,7,True,True,38.04684259562231,UP,False,overbought,in_sample
2022-03-24 15:30:00,43990.79,82.7695892031528,56.555019812101776,52.30640322667507,27.28752995797549,1,True,True,44.60933754542699,UP,False,overbought,in_sample
2022-03-25 11:15:00,44429.99,80.53862261516971,22.505069211133733,139.5476343793915,-123.83302359509923,1,True,True,32.31623504754329,UP,False,overbought,in_sample
2022-03-26 04:15:00,44446.49,80.34819742136798,20.36381275551675,22.892696363649865,-0.06974678990510784,3,True,True,24.54783268600076,UP,False,overbought,in_sample
2022-03-27 00:45:00,44713.12,81.98786607744756,29.96435945422802,52.977738972363674,4.065920696207352,3,True,True,27.158471607438635,UP,False,overbought,in_sample
2022-03-27 02:00:00,44934.44,81.18926508442824,87.33390245878223,2.79518338272329,79.22876083467426,10,True,True,23.691960999180118,UP,False,overbought,in_sample
2022-03-27 20:30:00,46160.75,87.45749060318606,69.88621285399361,181.59366994687045,-94.30955952838646,2,True,True,41.56269124743421,UP,False,overbought,in_sample
2022-03-28 00:30:00,47101.17,81.84897876173034,85.17198192741249,0.0021230895117971098,50.569869071191874,4,True,True,74.79697425775194,UP,False,overbought,in_sample
2022-04-01 08:15:00,45314.77,84.20586708995984,71.56386317308764,2.0170024034121092,20.251675116081756,6,True,True,30.857929986183308,UP,False,overbought,in_sample
2022-04-01 15:00:00,46567.0,81.69642661429282,144.52724032039788,32.87521206004177,22.013442996113564,8,True,True,51.16509545386209,UP,False,overbought,in_sample
2022-04-03 04:45:00,46364.18,83.21852647898274,30.018863700382557,44.3920285013128,14.334341726737996,2,True,True,32.40001225083676,UP,False,overbought,in_sample
2022-04-04 21:00:00,46500.0,86.25763533397634,27.956989247311828,84.0236559139783,-26.535483870967617,3,True,True,44.79236559139772,UP,False,overbought,in_sample
2022-04-10 17:15:00,43037.81,86.04016590264145,16.26941519561446,63.27924213615976,-45.996764240559436,2,True,True,23.872381052846347,UP,False,overbought,in_sample
2022-04-12 05:45:00,40105.78,85.13805631244337,67.52143955310073,59.54752656599616,-3.548117004582183,4,True,True,40.623570966579194,UP,False,overbought,in_sample
2022-04-12 23:15:00,40109.92,84.44239536908962,129.98779354334226,22.24387383470253,56.59946467108307,8,True,True,54.03825288108263,UP,False,overbought,in_sample
2022-04-13 00:00:00,40175.73,84.97519089359902,146.1554027767516,3.3701938956662634,24.051834279054706,5,True,True,54.282772210983964,UP,False,overbought,in_sample
2022-04-13 15:15:00,41298.81,83.70203430565493,113.75872573568044,27.165431643188345,61.720906728303845,7,True,True,60.5680890078915,UP,False,overbought,in_sample
2022-04-13 15:45:00,41158.18,82.3361874637236,79.97924106459526,46.044310025370905,-7.009542210077935,5,True,True,62.88664853499359,UP,False,overbought,in_sample
2022-04-15 04:00:00,40199.98,85.27056187235388,57.776148147337885,16.539809223785173,52.22390657905858,10,True,True,25.860833761608824,UP,False,overbought,in_sample
2022-04-15 23:30:00,40567.45,81.41195724948552,24.453102179209466,34.97878225030202,6.510145449121456,3,True,True,17.408784629056047,UP,False,overbought,in_sample
2022-04-16 21:30:00,40416.17,80.70058857034374,16.241024322690503,70.1155008007945,12.123860326201124,10,True,True,16.89979530470119,UP,False,overbought,in_sample
2022-04-18 12:45:00,39400.02,80.47076418263622,70.36544651500127,56.03550455050686,50.3933754348337,10,True,True,31.015720296588416,UP,False,overbought,in_sample
2022-04-19 12:30:00,40988.52,80.30841285265936,35.83198417508008,188.21855485389648,-155.8192391430577,2,True,True,29.748451517644394,UP,False,overbought,in_sample
2022-04-19 13:45:00,41451.52,81.51780022877921,19.22969290390295,74.41946640316283,-9.143211153656479,7,True,True,37.16341403162063,UP,False,overbought,in_sample
2022-04-20 10:45:00,41821.38,80.13424788174426,25.972361505047264,90.29352929052142,-46.55513519640059,1,True,True,28.37866660545403,UP,False,overbought,in_sample
2022-04-20 11:30:00,42100.04,82.24260740106783,169.10435239491466,23.505915908868285,89.96428506956289,9,True,True,33.126928145436366,UP,False,overbought,in_sample
2022-04-20 22:00:00,41516.42,81.26003210272881,55.3732715874826,24.200063492950783,-4.887222934925718,6,True,True,36.116553402244236,UP,False,overbought,in_sample
2022-04-21 10:30:00,42279.01,80.63129919883131,11.412282359497064,118.49378686965375,-99.91955819211402,1,True,False,36.5562012923197,UP,False,overbought,in_sample
2022-04-21 12:30:00,42640.61,80.42631902038693,53.8453835439968,78.6550661446915,22.438703386279016,10,True,True,45.115090989551994,UP,False,overbought,in_sample
2022-04-23 22:15:00,39867.99,83.02177890997817,135.54984838713872,15.062209055435929,77.11198884117316,5,True,True,14.868319170342023,UP,False,overbought,in_sample
2022-04-25 19:15:00,40210.56,85.7349738171369,40.84001814448771,43.28464960448274,-4.232718967356853,5,True,True,64.47783865730781,UP,False,overbought,in_sample
2022-04-25 21:00:00,40195.35,81.77256582285631,31.297152531324056,104.65140868284551,-63.35558715125095,2,True,True,51.807609586681124,UP,False,overbought,in_sample
2022-04-26 00:45:00,40554.7,83.84522607427323,44.50039083016121,21.225653253507424,-20.78427407920682,7,True,True,37.654575178709244,UP,False,overbought,in_sample
2022-04-27 04:00:00,38399.13,81.25902256248877,9.567925106636,44.50100822596883,-32.198646167243744,3,True,False,39.06247355083306,UP,False,overbought,in_sample
2022-04-27 07:30:00,38807.02,82.31938259670625,28.968985508291606,106.84407099540358,-46.56374027173547,5,True,True,26.91536222054644,UP,False,overbought,in_sample
2022-04-28 09:00:00,39739.78,81.36302362845561,35.183888788513606,35.88343971707909,20.13347834336326,5,True,True,29.390952843724527,UP,False,overbought,in_sample
2022-05-01 15:45:00,38490.0,81.60650043418836,84.8428163159256,48.06443232008314,72.21096388672443,10,True,True,29.085346843335998,UP,False,overbought,in_sample
2022-05-01 17:00:00,38565.54,81.93978848108596,211.46858049958612,0.0,163.31678488101136,10,True,True,32.021203385198405,UP,False,overbought,in_sample
2022-05-02 05:30:00,38952.69,84.14337788578395,32.34436440718349,55.10530851656052,-0.20024291005289643,9,True,True,29.440072046372066,UP,False,overbought,in_sample
2022-05-04 02:30:00,37965.4,81.38730000828923,6.537531541877527,35.453333825008706,-14.342006142434188,1,True,False,23.151606462726566,UP,False,overbought,in_sample
2022-05-04 03:15:00,38020.01,82.49017681728895,19.92634930921955,30.507619540341512,-18.776954556297966,5,True,True,20.600468016710042,UP,False,overbought,in_sample
2022-05-04 07:15:00,38433.45,80.25801801801857,6.065029290890533,173.42965567754206,-117.26243675756413,1,True,False,22.03822451536341,UP,False,overbought,in_sample
2022-05-04 10:30:00,39021.89,84.09978529802646,41.40752792855542,41.030816293111535,5.609671904666693,8,True,True,40.72906258512843,UP,False,overbought,in_sample
2022-05-04 20:30:00,39866.5,83.79150567719185,57.67248190836874,6.175611102053759,57.38652753564994,10,True,True,71.9175247388155,UP,False,overbought,in_sample
2022-05-07 10:30:00,36083.22,80.20563847429558,55.66853512519188,17.481810104531068,49.66020216599359,10,True,True,20.887409715652,UP,False,overbought,in_sample
2022-05-10 06:30:00,32615.35,85.23407865841483,329.4859628978372,5.948119520410315,230.1094423331341,6,True,True,95.6457618881908,UP,False,overbought,in_sample
2022-05-13 00:45:00,29545.39,80.86499509408682,98.20144530161878,407.71504454671293,-331.5982628762054,3,True,True,101.57489882516364,UP,False,overbought,in_sample
2022-05-13 03:15:00,30525.11,84.92232529028759,84.58282378016077,182.88549983931208,-2.4668215773829596,5,True,True,111.67609224012634,UP,False,overbought,in_sample
2022-05-13 04:45:00,30471.6,80.27250025209528,82.83122645348385,200.7672718203181,16.52030087031864,9,True,True,105.59865579752974,UP,False,overbought,in_sample
2022-05-15 12:15:00,30309.15,80.83674638530015,173.92107663857382,45.04250366638351,110.35611358286299,9,True,True,51.26702662397325,UP,False,overbought,in_sample
2022-05-17 21:45:00,30551.79,83.29625300984289,102.97596311050862,36.24992185400593,-28.381315791971314,3,True,True,65.94163549828025,UP,False,overbought,in_sample
2022-05-19 12:15:00,29550.52,83.15104432859707,66.56397247831873,118.265262337177,-107.33821266089352,6,True,True,50.656130585857674,UP,False,overbought,in_sample
2022-05-19 12:45:00,29498.45,82.4695276361548,49.02969478057356,245.6840952660223,-209.44829304590584,4,True,True,53.02261644255882,UP,False,overbought,in_sample
2022-05-19 15:30:00,30374.34,81.33571812346244,135.85151150609346,56.24484350935696,18.6506110091615,9,True,True,70.36317496939853,UP,False,overbought,in_sample
2022-05-22 09:15:00,29592.13,83.1648626889706,2.1525993566541572,243.03083285995308,-103.1997358757208,1,True,False,17.051493082789307,UP,False,overbought,in_sample
2022-05-24 22:15:00,29578.52,85.99828221737108,15.781722682541346,90.38315642567652,-15.785103514306561,1,True,True,43.23441470364297,UP,False,overbought,in_sample
2022-05-25 03:30:00,30186.95,87.00103711922071,146.3480079968339,12.187385608682186,129.5924232159926,10,True,True,40.78152976700189,UP,False,overbought,in_sample
2022-05-25 04:45:00,30103.44,83.81410256410246,145.0897306088608,12.14811330532315,108.17700568439948,6,True,True,37.41316607005709,UP,False,overbought,in_sample
2022-05-26 16:45:00,29586.31,83.17157068969766,70.55290098697728,30.97716477654625,37.08133930862036,10,True,True,89.98519923572755,UP,False,overbought,in_sample
2022-05-29 08:15:00,29151.21,80.02228953534888,68.09665876647948,22.48620211648137,-2.8403623726090523,4,True,True,15.484605956322115,UP,False,overbought,in_sample
2022-05-29 12:45:00,29380.43,81.59589195454092,72.8103707127506,35.10500016507567,56.755466138514656,9,True,True,31.22231362849355,UP,False,overbought,in_sample
2022-05-29 22:15:00,29420.12,83.35651854379375,40.95836454779926,56.98821078907899,33.19496997293004,9,True,True,21.78288191890446,UP,False,overbought,in_sample
2022-05-30 02:15:00,30176.76,82.95122015518868,26.089613331583497,84.62141064845947,-51.72192110750185,1,True,True,39.40184433318875,UP,False,overbought,in_sample
2022-05-30 06:15:00,30592.01,82.89450618798841,16.301642160812246,74.9901690016445,-45.68840033721238,5,True,True,50.671400800404996,UP,False,overbought,in_sample
2022-05-30 20:15:00,31307.85,80.14098991799041,100.7766422798111,291.987472790371,-147.1196521000331,4,True,True,41.530638482042065,UP,False,overbought,in_sample
2022-05-30 21:15:00,31682.01,83.12870722045952,89.01266049723436,72.84260057995137,-16.47938372597028,4,True,True,64.87482959572331,UP,False,overbought,in_sample
2022-05-30 21:45:00,31807.98,82.52307656738606,128.2634106284019,32.950850698472934,44.96041559382218,2,True,True,68.98551872831915,UP,False,overbought,in_sample
2022-05-30 23:00:00,31866.84,80.60067535277473,133.78169909536047,3.605628923357823,108.33518478769767,10,True,True,79.87268270088917,UP,False,overbought,in_sample
2022-06-02 22:30:00,30558.22,80.99093217265147,65.01687598295983,27.67504128185467,25.227254728842237,7,True,True,38.97478321708523,UP,False,overbought,in_sample
2022-06-03 21:00:00,29716.17,87.75739423436868,22.873068770301668,57.67566950922782,8.147079519332111,10,True,True,29.09728945553873,UP,False,overbought,in_sample
2022-06-05 16:00:00,30045.89,83.07238394964574,94.81829295121543,28.815921245801587,21.28078083225316,2,True,True,27.046294850976263,UP,False,overbought,in_sample
2022-06-06 01:00:00,30414.52,80.04038712537255,0.0,264.3408477266778,-212.9213283655307,1,False,False,33.7506559367038,UP,False,overbought,in_sample
2022-06-07 18:45:00,30193.41,80.11171773913618,1.2022491000523023,462.41547410511055,-367.1099090828099,1,True,False,42.16979797909538,UP,False,overbought,in_sample
2022-06-09 05:15:00,30379.99,88.6718854364268,31.73799596379126,35.40159163976001,-35.40159163976001,5,True,True,25.82176623494604,UP,False,overbought,in_sample
2022-06-11 19:00:00,28736.97,84.31243477562826,124.78699041687491,7.7669983996224055,47.931288510932646,7,True,True,63.98813096857459,DOWN,False,overbought,in_sample
2022-06-12 17:30:00,28142.88,81.22965041926162,270.8642470138098,34.005048523818715,238.42264899683386,10,True,True,72.84471241038571,UP,False,overbought,in_sample
2022-06-14 05:15:00,22870.62,85.41618346792605,305.90338171855376,77.27381242834674,-3.0169711184049475,8,True,True,204.61907023071527,UP,False,overbought,in_sample
2022-06-15 12:00:00,21362.83,82.17596050794083,124.59491556128185,204.1489821339209,49.5252735709655,2,True,True,133.0060202697861,UP,False,overbought,in_sample
2022-06-15 12:30:00,21260.77,85.00152173490734,84.90285159004215,253.13288276953293,-22.355728414351333,9,True,True,136.72411676529103,UP,False,overbought,in_sample
2022-06-17 07:15:00,21121.7,82.18819754464272,115.7719312365967,115.3931738449081,70.5625020713299,10,True,True,79.66380547020381,UP,False,overbought,in_sample
2022-06-19 09:30:00,19147.19,80.45278137128072,129.75794359381044,523.7374257005865,-324.1102219176818,2,True,True,104.43830139043907,UP,False,overbought,in_sample
2022-06-19 10:15:00,19702.93,85.0739609098405,212.3694293183807,226.9053384445865,182.03383963704883,10,True,True,118.94398447337537,UP,False,overbought,in_sample
2022-06-20 21:15:00,20601.12,83.07868601986253,169.66553274773355,89.14563868372275,13.217727968187925,4,True,True,91.10232841709609,UP,False,overbought,in_sample
2022-06-21 06:00:00,21146.5,83.57195798759875,91.75986569881582,135.4692265859604,-82.67089116402228,5,True,True,83.0553519494951,UP,False,overbought,in_sample
2022-06-21 06:45:00,21192.08,85.74272183543727,113.07054333505846,145.30428348703697,-6.563772881189507,2,True,True,80.4760552055295,UP,False,overbought,in_sample
2022-06-21 07:30:00,21181.75,82.38898639531695,68.54013478584172,150.25198578965308,6.581137063745295,1,True,True,81.66747317856166,UP,False,overbought,in_sample
2022-06-21 08:00:00,21189.99,80.028497009629,60.618244746694415,146.3049298277143,-32.91648556700593,9,True,True,84.67960579500031,UP,False,overbought,in_sample
2022-06-22 11:15:00,20600.72,83.21446562558012,240.11782112469848,83.4388312641497,-59.81829761289875,6,True,True,67.30371559828981,UP,False,overbought,in_sample
2022-06-23 19:30:00,20834.6,88.07559108982831,77.69767598129908,138.42358384610287,20.816334366870006,8,True,True,56.7368703982798,UP,False,overbought,in_sample
2022-06-25 21:15:00,21381.01,80.05032350826754,4.106447730953232,97.01131985813669,-51.53170968069343,1,True,False,34.60968401399193,UP,False,overbought,in_sample
2022-06-26 12:00:00,21796.84,83.46437386599503,224.68853283319967,22.429856804931088,165.3129536208009,4,True,True,37.13634636947383,UP,False,overbought,in_sample
2022-06-27 08:45:00,21489.8,84.93961839675714,69.78659643179441,5.016333330232238,52.72734041265981,10,True,True,33.343958529162514,UP,False,overbought,in_sample
2022-06-28 09:15:00,21145.81,80.97557240217503,114.00367259518538,3.873107722049281,69.83889479759833,7,True,True,33.589396670073064,UP,False,overbought,in_sample
2022-07-01 00:15:00,20491.03,85.70899362008652,113.11778861286976,208.5400294665518,92.88942527535227,2,True,True,108.85933991605141,UP,False,overbought,in_sample
2022-07-01 01:15:00,20390.0,81.40173907478676,344.2864149092693,79.59293771456639,323.31535066209005,10,True,True,124.2076998528692,UP,False,overbought,in_sample
2022-07-03 19:30:00,19366.23,82.31608072916691,52.271402332823456,145.30448104768016,17.478879472152578,9,True,True,31.990222154751045,UP,False,overbought,in_sample
2022-07-04 10:15:00,19479.67,94.09022030539646,23.942910737193916,209.61854076583523,-119.67861878563704,1,True,True,28.252018643026584,UP,False,overbought,in_sample
2022-07-05 00:00:00,20350.98,82.54213373920939,89.70575372783095,62.61123542944954,78.54167219465606,10,True,True,56.37713761204638,UP,False,overbought,in_sample
2022-07-05 00:30:00,20364.98,80.3990143012406,100.85450611785498,55.69364664242337,64.222994572055,9,True,True,60.31039559086241,UP,False,overbought,in_sample
2022-07-05 18:30:00,19919.99,90.07035263895392,1.9327318939428095,416.6718959196256,-181.27017132036718,1,True,False,56.139335411313326,UP,False,overbought,in_sample
2022-07-06 18:30:00,20419.92,81.40561388472265,69.97089116901408,28.481992093996205,5.5827838698671775,7,True,True,49.39172141712642,UP,False,overbought,in_sample
2022-07-06 19:00:00,20446.2,82.78054070224002,82.73419999804358,14.44767242812888,56.50438712328084,5,True,True,46.42549715839646,UP,False,overbought,in_sample
2022-07-07 14:45:00,20918.97,80.99606470208883,42.52599434867145,134.34217841509349,32.31038621882442,3,True,True,40.314843417242784,UP,False,overbought,in_sample
2022-07-07 15:45:00,20888.44,81.92556273679494,24.30530953963074,149.1542690598251,-101.56814008130807,7,True,True,44.17682699138853,UP,False,overbought,in_sample
2022-07-07 16:15:00,20925.52,82.72333364063795,41.98223031016777,230.03968360164956,-206.53728079397723,5,True,True,45.38023427852678,UP,False,overbought,in_sample
2022-07-07 20:45:00,21624.03,83.60721338286065,26.114466174897803,63.054851477732036,-22.835706387755206,1,True,True,70.84040301460902,UP,False,overbought,in_sample
2022-07-08 01:15:00,22418.49,80.2889660182423,240.88598295425,4.656870288765519,128.4341630502323,4,True,True,60.49381559596566,UP,False,overbought,in_sample
2022-07-13 08:30:00,19878.51,83.40351746346295,88.79438147024018,17.747809066173712,38.31273068253096,8,True,True,43.936894666652655,UP,False,overbought,in_sample
2022-07-13 09:15:00,19891.72,81.35501720763884,95.37636765448195,3.3481267582691965,24.045180607811563,5,True,True,47.27117614766347,UP,False,overbought,in_sample
2022-07-13 23:45:00,20234.87,89.26026144289064,34.994047404306365,99.25934784854174,-4.348928359806251,2,True,True,63.89687702466089,UP,False,overbought,in_sample
2022-07-14 15:30:00,20318.34,80.59997520763619,85.82394034158352,231.86933578235178,-186.48176967212945,5,True,True,68.51051808366228,UP,False,overbought,in_sample
2022-07-14 17:15:00,20598.83,82.9169948023312,49.988276033153895,146.20733313493932,-3.359414102644788,1,True,True,80.30626011283155,UP,False,overbought,in_sample
2022-07-14 17:45:00,20738.17,82.3870189957967,104.768164211209,78.03485071247934,42.05289087706347,9,True,True,82.50004701475588,UP,False,overbought,in_sample
2022-07-16 14:00:00,20835.55,82.57693805999261,49.38674525030432,286.0639627943599,-206.02287916565774,2,True,True,29.55981483570159,UP,False,overbought,in_sample
2022-07-16 15:45:00,20943.02,81.27819978296918,10.480818907684148,308.4177926583646,-162.9468911360436,1,True,False,33.53599433128544,UP,False,overbought,in_sample
2022-07-18 02:45:00,21335.52,83.22426067907973,77.57486107674059,123.96229386487865,-121.77814274036898,6,True,True,46.129412360232976,UP,False,overbought,in_sample
2022-07-18 05:30:00,21769.39,81.84944866844475,35.660163192446376,328.4244528670758,-292.86075540012877,1,True,True,55.0426539282911,UP,False,overbought,in_sample
2022-07-18 06:30:00,22171.76,86.46509203797848,31.517570098177767,154.80954150685452,-56.932782963555084,3,True,True,69.2800210718501,UP,False,overbought,in_sample
2022-07-19 00:00:00,22825.7,85.0065209869314,393.79296144258467,34.566300266803566,316.63432008656974,8,True,True,99.79672036344998,UP,False,overbought,in_sample
2022-07-19 15:30:00,22836.97,80.07357098383298,23.190467036565167,303.03056841603717,-198.52896421898237,1,True,True,101.929240175032,UP,False,overbought,in_sample
2022-07-19 16:15:00,23291.83,81.15855462578921,94.28627978136564,101.82540401505517,-50.97066224508659,4,True,True,112.60021217740318,UP,False,overbought,in_sample
2022-07-19 17:00:00,23172.54,80.93146767439484,43.29262135268715,230.3243407930238,-175.8805896979777,1,True,True,108.63612707109378,UP,False,overbought,in_sample
2022-07-19 17:30:00,23299.34,87.7470274280297,65.32373878401737,174.6487239552701,10.14621015015851,10,True,True,108.9786234288182,UP,False,overbought,in_sample
2022-07-22 07:15:00,23265.69,84.12460915769853,107.75094140771184,111.24965560875339,-78.69528047524065,2,True,True,44.72573132367881,UP,False,overbought,in_sample
2022-07-27 07:00:00,21372.04,88.07150062164281,44.67987145822374,37.09987441535804,26.370903292339236,9,True,True,31.88862644838777,UP,False,overbought,in_sample
2022-07-27 18:30:00,22461.16,81.10292521610339,36.13348553681103,290.04290072284834,-115.40365680134025,1,True,True,71.25411154187903,UP,False,overbought,in_sample
2022-07-27 20:15:00,22747.15,84.0910623566965,75.24019492551878,93.57216178730019,-55.497062269338336,5,True,True,94.28038237757244,UP,False,overbought,in_sample
2022-07-28 17:00:00,23920.26,80.73679004424477,87.17714606780982,78.05099108454539,50.13323433775312,7,True,True,95.97721763893868,UP,False,overbought,in_sample
2022-07-30 13:30:00,24518.79,89.76985101724806,74.95883769141987,36.66167865543097,18.618373908337833,5,True,True,51.56535049241839,UP,False,overbought,in_sample
2022-07-31 18:00:00,24123.02,81.02790395846878,299.7220082725962,20.847306846323914,132.51657545365458,2,True,True,40.885635380644786,UP,False,overbought,in_sample
2022-08-03 08:30:00,23226.48,80.07340209847116,22.16435723364004,105.49166296399645,-64.19397170815473,1,True,True,32.572735946213236,UP,False,overbought,in_sample
2022-08-03 10:00:00,23427.79,81.89640549584448,58.35804401524906,93.8586183331844,32.380348295763525,5,True,True,37.107426692829456,UP,False,overbought,in_sample
2022-08-03 10:30:00,23421.4,84.20360510616464,77.73233026206857,96.61249967977953,41.85488484889992,9,True,True,36.784735327521105,UP,False,overbought,in_sample
2022-08-03 11:15:00,23409.33,83.60929009921645,76.91377754083645,101.81837754433745,29.13795482399657,8,True,True,38.686284485715774,UP,False,overbought,in_sample
2022-08-05 01:30:00,22756.56,84.53320226608366,7.277022537677623,215.88500195108523,-197.7671493406733,1,True,False,30.92273173098217,UP,False,overbought,in_sample
2022-08-05 11:45:00,23405.13,82.9819531118231,224.61315104851062,28.938100322450488,71.22370181238077,5,True,True,33.32688175626433,UP,False,overbought,in_sample
2022-08-07 04:15:00,23000.09,81.2306305291029,26.791199512697116,10.830392402812272,-2.4652077448385,2,True,True,26.3262013322557,DOWN,False,overbought,in_sample
2022-08-08 06:00:00,23580.63,83.01734865676039,0.5682630192662984,204.98604150949274,-176.59409439018305,1,True,False,27.80862937080141,UP,False,overbought,in_sample
2022-08-09 05:30:00,23889.94,84.81072984749396,56.68913358509912,7.04899216992598,28.17085350570126,3,True,True,25.88893065449294,UP,False,overbought,in_sample
2022-08-10 12:45:00,23985.18,81.88789240802743,64.67743831816189,80.3913082995415,-3.718963126396489,6,True,True,51.940614996426824,UP,False,overbought,in_sample
2022-08-11 12:45:00,24862.02,80.73795928500539,201.21454330742313,7.231914381856166,150.54287624255747,10,True,True,44.696891081255856,UP,False,overbought,in_sample
2022-08-12 15:15:00,23948.48,81.23115293050631,11.499685992597808,57.0766912973177,-25.295968679432576,1,True,False,39.22065199962593,UP,False,overbought,in_sample
2022-08-12 16:00:00,24018.29,80.01496825281833,27.587309504549257,105.45713287665394,-66.78660304293098,2,True,True,37.80035964258918,UP,False,overbought,in_sample
2022-08-12 17:30:00,24021.92,81.71147521197221,17.32584239727673,103.9300771961623,-46.76145786848085,2,True,True,33.27523361996048,UP,False,overbought,in_sample
2022-08-12 18:00:00,24003.93,83.10867032784161,8.711073561704211,111.50257478671261,-38.68533194356115,1,True,False,32.70131182685513,UP,False,overbought,in_sample
2022-08-13 01:15:00,24498.85,81.1639112870517,25.0052553487198,127.51210771117952,-121.50774424105634,1,True,True,38.4371103133415,UP,False,overbought,in_sample
2022-08-13 03:30:00,24769.5,82.79606992639378,50.48951331274402,36.13314762106623,-26.766789801973907,1,True,True,41.65909687317093,UP,False,overbought,in_sample
2022-08-14 07:15:00,24884.87,80.05268884943564,116.55274871839686,65.37707450350447,53.67116645576114,6,True,True,27.379488018221476,UP,False,overbought,in_sample
2022-08-14 21:15:00,24393.53,81.74666514650579,90.65108657910413,17.000409534823852,36.19402357920204,4,True,True,32.93639747916761,DOWN,False,overbought,in_sample
2022-08-15 02:15:00,24815.6,80.78811198089409,50.581086091005986,159.46420799819515,-12.866906300875373,7,True,True,42.72171537258832,UP,False,overbought,in_sample
2022-08-17 06:00:00,24335.52,82.78519833743596,246.76686588164148,45.69041466958532,206.43898301741692,8,True,True,30.796753058903043,UP,False,overbought,in_sample
2022-08-23 09:00:00,21460.36,85.51646458623219,81.2474720834136,41.77003554460382,20.63339105215329,1,True,True,46.64833208762574,UP,False,overbought,in_sample
2022-08-23 09:30:00,21332.01,80.08935358267502,8.213009463241766,102.18915142079983,-47.281057903123326,2,True,False,50.03279109657268,UP,False,overbought,in_sample
2022-08-25 07:00:00,21735.76,86.74595948099207,47.4103505007413,38.701200234085505,22.157035226741492,10,True,True,28.58952251957131,UP,False,overbought,in_sample
2022-08-29 03:15:00,19845.66,81.54157332695372,53.37187072639472,60.92012057044283,46.2670427690486,10,True,True,44.77351723248314,DOWN,False,overbought,in_sample
2022-08-29 14:30:00,20261.03,80.81832643970714,62.16367084990107,85.1832310598228,15.428633193869414,1,True,True,45.94904602579418,UP,False,overbought,in_sample
2022-08-31 02:30:00,20380.35,85.40607430124012,41.878574214868024,38.74810785879593,21.579609771176436,2,True,True,47.65472624366124,UP,False,overbought,in_sample
2022-09-06 00:45:00,20101.01,85.93299181534546,212.71070458648583,39.296532860787394,164.52904605290857,5,True,True,32.70382931006991,UP,False,overbought,in_sample
2022-09-07 19:00:00,19161.49,84.72605394559815,90.59838248487053,157.9052568458923,-78.72039178581632,4,True,True,38.994357954418255,UP,False,overbought,in_sample
2022-09-09 03:15:00,19652.69,85.00588829071337,0.920993512846166,526.8032009867359,-448.4424269654695,1,True,False,30.118268796790797,UP,False,overbought,in_sample
2022-09-09 10:45:00,21074.56,81.3278479216911,92.74689483434186,88.57124419204949,58.411658416594314,4,True,True,57.601914346017246,UP,False,overbought,in_sample
2022-09-09 12:30:00,21146.64,80.70503841975071,110.78355710410753,8.549821626509813,8.133679865927036,3,True,True,56.829595623702055,UP,False,overbought,in_sample
2022-09-10 05:30:00,21607.18,83.07889203766301,164.57029561469852,11.72758314597284,125.42590009432143,9,True,True,32.63267117689585,UP,False,overbought,in_sample
2022-09-12 07:00:00,21915.2,80.93968963590252,25.06023216762881,188.77308899759103,-123.44856537928052,1,True,True,43.18327005913732,UP,False,overbought,in_sample
2022-09-12 09:30:00,22185.74,81.17613341703742,97.04882505609517,129.33532981095004,-71.0095764216101,2,True,True,45.57251640017423,UP,False,overbought,in_sample
2022-09-14 02:45:00,20444.29,80.7911231201962,79.33755586523216,10.129967829647851,45.01501397211762,6,True,True,45.91746644173027,UP,False,overbought,in_sample
2022-09-14 22:15:00,20197.79,80.18949305575514,28.36448938225463,96.83237621541667,19.814048962782778,10,True,True,70.89438993077991,UP,False,overbought,in_sample
2022-09-16 20:45:00,19756.29,87.51831289999339,29.499465739773242,31.853146516881605,16.278359955234436,6,True,True,49.3283404930785,UP,False,overbought,in_sample
2022-09-16 21:15:00,19757.76,86.56353488802989,32.75168845051217,31.106765139369426,-23.049171566007928,9,True,True,45.26753032732485,UP,False,overbought,in_sample
2022-09-17 01:00:00,20027.83,80.45641335864353,80.657764720392,9.786382249099649,66.74712138059904,7,True,True,34.676747306123886,UP,False,overbought,in_sample
2022-09-19 10:30:00,18695.79,82.40106326909431,42.1324800931121,90.66747112585153,-43.54456270636323,3,True,True,61.292676051667485,DOWN,False,overbought,in_sample
2022-09-19 14:30:00,19379.8,80.01945279994233,169.66119361396883,27.698944261550835,114.63482595279615,5,True,True,65.11393306432436,UP,False,overbought,in_sample
2022-09-19 21:30:00,19543.34,81.06854595831815,42.87905752036207,69.92663485361246,0.3530614521359657,3,True,True,65.98948797902493,UP,False,overbought,in_sample
2022-09-21 11:30:00,19149.78,85.56433286440843,18.444076119934387,99.0246363143603,-88.65375999097664,3,True,True,35.992058394404616,UP,False,overbought,in_sample
2022-09-22 08:45:00,19203.01,80.58101516856932,89.89215753155312,21.22583907418787,83.00782012819752,10,True,True,53.255192805711374,UP,False,overbought,in_sample
2022-09-23 22:15:00,19174.52,85.80910659763693,54.19170857992787,121.1034226671641,14.811322525936218,9,True,True,58.46639185752772,UP,False,overbought,in_sample
2022-09-26 08:45:00,19272.83,81.7690156184255,205.5536213415484,23.935249779091794,195.0517905258345,10,True,True,42.91663445378833,UP,False,overbought,in_sample
2022-09-27 01:00:00,19460.36,81.88151315036075,18.714967246238967,431.4616995780136,-332.6351619394501,1,True,True,35.03892014330675,UP,False,overbought,in_sample
2022-09-28 14:30:00,19385.84,86.7139162368,30.867891203063756,144.85830895127563,-93.04729637715003,1,True,True,76.42459650961726,UP,False,overbought,in_sample
2022-10-04 06:30:00,19826.72,82.83307269333581,18.253145250451073,164.0614282140459,-13.623029931324192,1,True,True,25.88854838319206,UP,False,overbought,in_sample
2022-10-06 02:00:00,20391.49,84.67845184163949,56.705027440369,31.929986479652513,6.1839522271303276,4,True,True,40.43647619668781,UP,False,overbought,in_sample
2022-10-13 16:00:00,18932.01,80.69990577412119,19.50664509473461,156.34367402087872,-146.71976192702226,1,True,True,87.26490214192782,UP,False,overbought,in_sample
2022-10-13 16:30:00,19171.59,89.37751059137838,55.13366392667521,178.49328094331287,-118.22702238051193,2,True,True,90.65445276056904,UP,False,overbought,in_sample
2022-10-14 01:45:00,19860.71,81.13134610428642,46.680103581392174,19.279270479253196,27.83384884024732,2,True,True,35.38544191018333,UP,False,overbought,in_sample
2022-10-16 19:30:00,19333.85,83.68568755846619,120.4364366124691,47.579762954611525,4.086097699112084,9,True,True,16.33016703863941,UP,False,overbought,in_sample
2022-10-17 10:15:00,19391.2,80.85897171174935,17.843145344281005,99.6276661578441,-65.39048640620449,1,True,True,21.91174347126515,UP,False,overbought,in_sample
2022-10-17 11:00:00,19493.79,81.41927886502557,41.70558931844411,93.96325701672083,-76.72186886182608,3,True,True,24.602963302672077,UP,False,overbought,in_sample
2022-10-20 04:15:00,19147.8,84.3797856049008,28.645588527140738,32.48414961509977,7.713679900563218,10,True,True,28.97225790952491,UP,False,overbought,in_sample
2022-10-23 17:45:00,19476.02,88.22811119771339,39.212323667771436,40.018443193218474,5.694181870834054,1,True,True,18.688879966235152,UP,False,overbought,in_sample
2022-10-23 19:00:00,19456.07,80.21496091619704,7.252235420617104,73.46293470366847,-3.9524940031561826,6,True,False,24.883493943021108,UP,False,overbought,in_sample
2022-10-25 13:30:00,19414.53,81.51664611590698,0.4378164189390858,219.51085089363582,-177.39291139162341,1,True,False,18.095725211993457,UP,False,overbought,in_sample
2022-10-25 15:00:00,19575.96,82.36526654322233,1.231101820804627,315.18760765755655,-218.64572669743933,1,True,False,26.511088089677315,UP,False,overbought,in_sample
2022-10-26 08:30:00,20668.52,83.04618284637137,63.24594117043753,49.95519756615374,2.5739627220525265,6,True,True,41.495472341512844,UP,False,overbought,in_sample
2022-10-29 03:00:00,20733.83,82.38585401272965,39.96849593152958,43.39767423577774,24.79522596645361,9,True,True,20.86589887155432,UP,False,overbought,in_sample
2022-10-29 03:45:00,20754.27,80.66139736037684,64.30483943785983,8.485000917883685,33.53526768226595,8,True,True,22.0896711857368,UP,False,overbought,in_sample
2022-10-29 09:45:00,20955.25,80.40498022294214,145.56733992674907,61.91765786616719,102.71888906121377,7,True,True,29.715942305627465,UP,False,overbought,in_sample
2022-11-03 02:00:00,20321.26,87.47513546882479,22.626549731660127,35.460399601206475,-17.877828441741187,3,True,True,25.879792886858567,UP,False,overbought,in_sample
2022-11-03 03:30:00,20320.52,83.06684234891932,9.443655969433207,35.8258548501708,-10.068639975748223,1,True,False,20.997740215309694,UP,False,overbought,in_sample
2022-11-03 04:00:00,20372.74,80.62797207514114,27.22265144502053,10.101733983744017,19.938407892115944,2,True,True,20.29378473391416,UP,False,overbought,in_sample
2022-11-04 05:45:00,20444.0,83.94829719943158,0.12228526707102327,119.35042066131872,-81.86754059870817,1,True,False,18.194580316963645,UP,False,overbought,in_sample
2022-11-04 07:30:00,20600.99,80.88329327718117,16.339020600466217,27.950113077089064,10.630557075170394,9,True,True,26.88244594070489,UP,False,overbought,in_sample
2022-11-07 20:15:00,20852.01,83.71562087539556,224.01677344294342,6.627658436766215,187.31047990097747,8,True,True,23.99984461929603,UP,False,overbought,in_sample
2022-11-10 14:15:00,17629.11,82.424572786401,139.2526338538937,204.14530285419934,-89.29548910863807,5,True,True,140.15398395040924,UP,False,overbought,in_sample
2022-11-14 07:45:00,16824.78,80.04310727025914,109.82015812391036,65.86118808091477,43.857928602928084,6,True,True,100.59477746514372,UP,False,overbought,in_sample
2022-11-14 23:15:00,16647.51,82.7947568824343,71.95670703906906,97.00549811953957,-41.5617710997034,7,True,True,61.09382123813152,UP,False,overbought,in_sample
2022-11-18 00:45:00,16950.74,81.98389147944117,63.74942922845923,35.55007038040722,19.763148983466206,6,True,True,34.130663322073296,UP,False,overbought,in_sample
2022-11-19 22:00:00,16711.25,80.23516237402035,14.804398234723076,66.5180641783229,-7.6894307726822015,8,True,True,12.049667140399745,UP,False,overbought,in_sample
2022-11-22 13:00:00,16030.69,80.4368288606722,23.26163128349489,144.6849761301595,-106.30234880719411,3,True,True,41.7255901024848,UP,False,overbought,in_sample
2022-11-22 13:45:00,16171.01,83.20663654726866,81.08955470313914,89.04205736067183,-14.24771860260989,3,True,True,51.79608447462472,UP,False,overbought,in_sample
2022-11-22 15:00:00,16177.48,82.8305477289826,49.7481684415617,85.00705919587008,38.34960698452358,10,True,True,55.67338052650974,UP,False,overbought,in_sample
2022-11-23 02:15:00,16442.3,82.84671532846728,7.018482815665006,92.14039398381006,-40.0369777950784,1,True,False,38.421936103829694,UP,False,overbought,in_sample
2022-11-23 03:15:00,16567.29,82.4792442026912,74.41772311585109,16.001410007308618,62.30349079421025,10,True,True,45.06681539346503,UP,False,overbought,in_sample
2022-11-23 03:45:00,16586.55,80.17480281389895,85.94312861927241,2.0739695717327162,55.34001947361017,8,True,True,44.62139504598605,UP,False,overbought,in_sample
2022-11-27 04:30:00,16592.06,80.1152590779271,36.734438038435684,3.344973439102361,24.222429282441315,5,True,True,19.91886480641939,UP,False,overbought,in_sample
2022-11-29 03:30:00,16294.17,84.11387900355892,13.943637509611932,151.84572150652662,-106.62709423063573,1,True,True,26.129284277750884,UP,False,overbought,in_sample
2022-11-30 00:30:00,16837.7,83.80595581171991,43.48574924128662,192.72228392238844,-59.8359633441622,1,True,True,32.03495726851057,UP,False,overbought,in_sample
2022-11-30 01:45:00,16880.19,80.16652562862664,23.7971255062877,167.06565506668,0.10070976689139978,8,True,True,38.12131261555721,UP,False,overbought,in_sample
2022-12-02 00:45:00,17037.82,82.96186753987462,105.60623366134887,6.556003056730199,82.55164099632552,5,True,True,19.662726804250898,UP,False,overbought,in_sample
2022-12-02 21:00:00,17036.37,80.3455867636267,24.524003646315993,28.544813243666944,-16.951968054228114,2,True,True,15.354796825849434,UP,False,overbought,in_sample
2022-12-02 22:30:00,17060.13,80.05246695590836,24.58363447406457,75.52697429620908,19.4078239732057,10,True,True,15.42162926073809,UP,False,overbought,in_sample
2022-12-07 22:45:00,16841.87,81.30788661240527,19.84340218752327,28.583524276104384,7.356665263417553,9,True,True,14.00527376116807,UP,False,overbought,in_sample
2022-12-08 18:00:00,16976.39,84.53736484546951,5.484087017320921,190.0345126378462,-133.23209469150996,1,True,False,20.890483783654858,UP,False,overbought,in_sample
2022-12-10 00:45:00,17152.88,80.03219171957375,21.267565563333715,7.8820582899200815,3.2530980220241417,8,True,True,13.357815130753764,UP,False,overbought,in_sample
2022-12-11 19:00:00,17241.14,84.23624389207802,88.8224328553677,6.21768630148654,66.04551671177137,5,True,True,9.475301517185256,UP,False,overbought,in_sample
2022-12-12 11:30:00,16991.28,82.97854150636687,41.59192244492366,11.017415992203745,-4.443455701985319,4,True,True,10.399451954178893,UP,False,overbought,in_sample
2022-12-12 12:00:00,17003.31,81.3069405333761,48.63758879888723,30.276457936719122,-5.334255506721755,2,True,True,10.754964768624507,UP,False,overbought,in_sample
2022-12-12 20:30:00,17072.5,83.50344369761586,3.2332698784597667,86.23224483819075,-49.90481768926679,1,True,False,12.355542539171424,UP,False,overbought,in_sample
2022-12-12 22:30:00,17162.02,81.87627811860912,11.991595394948698,46.53881069943922,-0.5826819919799651,1,True,False,17.690807958503857,UP,False,overbought,in_sample
2022-12-12 23:00:00,17157.7,81.20424597364635,10.263613421379661,49.068348321744,2.2497187851521954,9,True,False,18.2882903885721,UP,False,overbought,in_sample
2022-12-13 10:00:00,17414.14,80.74486831452215,18.59982749650538,49.30476038437763,-22.464502984355807,3,True,True,27.895434399861344,UP,False,overbought,in_sample
2022-12-13 12:30:00,17453.26,80.05640083945391,33.38058334087638,313.2595285923671,-225.90622038519024,2,True,True,32.52515575886684,UP,False,overbought,in_sample
2022-12-13 13:30:00,17879.47,85.14311607884599,83.03937420963884,40.470998301404116,38.78750320898896,8,True,True,53.12433757823933,UP,False,overbought,in_sample
2022-12-14 14:45:00,18062.07,81.91826063024686,23.66838352414757,52.77911114285447,-17.827414022867107,2,True,True,28.953492041610005,UP,False,overbought,in_sample
2022-12-14 17:00:00,18127.42,82.51204055766753,230.47957183096068,143.72150035691922,165.04830803280262,10,True,True,36.785157512762616,UP,False,overbought,in_sample
2022-12-14 18:30:00,18311.95,80.23611623516146,355.51101876097414,41.50295298971436,269.3159384991778,8,True,True,38.97919118389903,UP,False,overbought,in_sample
2022-12-17 23:45:00,16776.52,83.66046959484228,44.282127640297794,4.935469334521603,33.761471389775366,7,True,True,14.7208717898588,UP,False,overbought,in_sample
2022-12-20 02:30:00,16779.66,88.9712806026358,63.15384221134467,60.14424606934937,-4.839192212475688,5,True,True,44.04231075003911,UP,False,overbought,in_sample
2022-12-22 21:00:00,16786.43,80.4779535509906,2.668822376169062,36.37461926091569,-22.559889148555698,7,True,False,26.181266654077014,UP,False,overbought,in_sample
2022-12-24 03:00:00,16837.87,81.99328107502663,19.515532546575418,5.303521169839351,13.926939690115633,9,True,True,11.077113672928904,UP,False,overbought,in_sample
2022-12-26 02:15:00,16890.17,82.71734967445184,14.505478630469677,20.02940171709447,7.708625786476277,9,True,True,12.467902928152618,UP,False,overbought,in_sample
2022-12-26 02:45:00,16889.69,80.64490382312991,19.09448900483076,20.314167992426928,15.482818216318844,10,True,True,12.00318063860247,UP,False,overbought,in_sample
2022-12-27 00:00:00,16957.88,87.19682401836144,70.10310251045591,0.9553080927562768,44.86409857836106,3,True,True,12.484166652907401,UP,False,overbought,in_sample
2022-12-28 09:30:00,16656.87,80.1112821119901,6.495818241962451,19.469444139265235,-9.563621496715944,5,True,False,13.7111594195068,DOWN,False,overbought,in_sample
2022-12-28 10:00:00,16674.25,85.04195962803159,16.91230490127036,9.025893218585107,8.204267058488563,3,True,True,14.13047063586067,UP,False,overbought,in_sample
2023-01-01 12:00:00,16564.36,87.66488913836952,15.279793484324967,5.179795657663869,9.876626685245057,6,True,True,8.441618028103708,UP,False,overbought,in_sample
2023-01-03 06:15:00,16759.25,84.06075139888176,36.457478705788475,11.42652565001504,26.2720587138439,9,True,True,10.012977907722787,UP,False,overbought,in_sample
2023-01-04 03:00:00,16836.8,84.1729038768819,24.992872754916675,44.05825334980537,-3.2785327378126703,1,True,True,16.075501282904323,UP,False,overbought,in_sample
2023-01-04 04:00:00,16859.11,83.00369198312296,11.121583523685413,11.738460689799684,-0.6168771661142688,4,True,False,20.032789393983684,UP,False,overbought,in_sample
2023-01-06 19:30:00,16926.6,86.95592943260091,23.861850578379247,67.58592983824363,-13.204069334657985,5,True,True,17.675138539340356,UP,False,overbought,in_sample
2023-01-07 20:00:00,16943.93,87.34290843806168,8.539931409065762,3.7299493092804967,1.888581928750135,8,True,False,4.543219902348378,UP,False,overbought,in_sample
2023-01-08 15:45:00,17000.43,86.57471720579579,49.604627647654645,12.734971997767971,40.834261251040054,3,True,True,7.250404842701264,UP,False,overbought,in_sample
2023-01-08 23:15:00,17049.55,84.41193021947068,9.249510984161128,105.83857051945697,-73.59138510987162,1,True,False,13.85960333263945,UP,False,overbought,in_sample
2023-01-10 06:00:00,17220.39,80.63992580570073,18.965888693577703,29.209559133097027,-13.263346532802187,8,True,True,11.970692882100884,DOWN,False,overbought,in_sample
2023-01-10 19:00:00,17450.78,80.87778718599942,30.084615128951256,27.632002695582187,-6.097148666133789,1,True,True,26.10341772688679,UP,False,overbought,in_sample
2023-01-10 20:00:00,17442.55,82.04344874405989,13.51293245540343,32.36338723409176,9.287632828915914,10,True,True,22.380901875012498,UP,False,overbought,in_sample
2023-01-10 20:45:00,17477.15,83.93967724889286,42.00913764544098,12.50203837582131,25.885227282481182,9,True,True,21.28092967102751,UP,False,overbought,in_sample
2023-01-11 19:15:00,17513.07,80.48056155507552,2.4039189017111946,39.216425218422756,-25.997726269579715,5,True,False,25.352779381342312,UP,False,overbought,in_sample
2023-01-11 20:15:00,17535.74,80.36152356358956,15.328694426354984,34.934368324346956,-11.787355423836262,1,True,True,25.98093949841893,UP,False,overbought,in_sample
2023-01-11 23:30:00,17903.4,87.18604511758939,16.35443547035897,220.05317425740222,-199.5375180133371,1,True,True,33.35288269267275,UP,False,overbought,in_sample
2023-01-12 17:45:00,18837.06,80.97149158486565,117.77315568353139,118.35180224514797,-57.392183281253516,3,True,True,83.50294578878014,UP,False,overbought,in_sample
2023-01-12 18:45:00,18796.93,81.59218468706956,19.465944704800275,170.29908607416243,-5.915859664316982,1,True,True,78.16302981391111,UP,False,overbought,in_sample
2023-01-12 20:15:00,18945.17,80.29811473081458,96.68427361696848,90.71969267100935,16.494969430203057,4,True,True,75.97952406866763,UP,False,overbought,in_sample
2023-01-13 10:45:00,19042.01,91.70551092597992,121.04289410624088,1.6594886779283569,87.94239683730821,8,True,True,24.639468207400544,UP,False,overbought,in_sample
2023-01-13 15:15:00,19281.98,80.36774725367147,115.04523913000537,64.4539616782088,13.44260288621721,4,True,True,47.2397025616663,UP,False,overbought,in_sample
2023-01-13 21:45:00,19816.81,84.01178079310029,44.50262176404897,332.2532738619375,-282.4167966489055,6,True,True,59.2852734622776,UP,False,overbought,in_sample
2023-01-13 23:45:00,19930.01,83.38561884986935,21.05367734386442,666.3268106739544,-509.8391822181728,1,True,True,60.242819747707074,UP,False,overbought,in_sample
2023-01-14 13:45:00,20940.71,80.6924252927046,177.9261543663038,123.8210165748921,55.91500956748847,3,True,True,81.88762463163857,UP,False,overbought,in_sample
2023-01-14 23:15:00,21061.1,80.32575426322713,207.91411654661886,5.303616620215418,138.07920763872622,5,True,True,35.407219945776646,UP,False,overbought,in_sample
2023-01-15 15:45:00,20908.28,81.7133492252677,116.355816929943,68.13568595790892,54.22732046825344,9,True,True,30.796890035909296,UP,False,overbought,in_sample
2023-01-15 17:15:00,20984.31,83.24262389000276,152.16607074523836,18.723512948482572,54.40255123947361,3,True,True,35.82915044621435,UP,False,overbought,in_sample
2023-01-15 21:30:00,20925.49,81.76624915368913,85.5893936055988,12.845577331760154,4.31531113488978,4,True,True,35.275637511953285,UP,False,overbought,in_sample
2023-01-16 18:30:00,21137.9,84.3966157043196,1.6037543937680923,159.02715028455893,-47.47869939776276,1,True,False,51.02020541302568,UP,False,overbought,in_sample
2023-01-18 14:00:00,21501.85,87.1221949930314,508.56554203475446,68.90104804935457,470.1455921234675,10,True,True,30.380874203847696,UP,False,overbought,in_sample
2023-01-19 20:00:00,21132.94,82.73071191103976,101.08863224899015,27.946892386956723,48.687026036130995,7,True,True,32.933420527385195,UP,False,overbought,in_sample
2023-01-20 12:30:00,21079.08,80.05473960140368,31.00230180823934,59.67527994580277,-42.639432081474794,8,True,True,19.71883972165771,UP,False,overbought,in_sample
2023-01-20 15:15:00,21168.53,81.24352331606204,29.54385590307746,116.73460556779361,-87.43167333773378,2,True,True,27.944075474300675,UP,False,overbought,in_sample
2023-01-20 16:45:00,21313.29,80.98641167589379,15.666281461003637,58.18435351839082,-34.0820211239088,3,True,True,33.37987706262121,UP,False,overbought,in_sample
2023-01-20 19:45:00,21496.67,80.08983010393402,0.4279732628347804,573.7260701308637,-498.75631900196805,1,True,False,40.83655747611127,UP,False,overbought,in_sample
2023-01-21 10:00:00,23308.03,84.13036294006722,305.8173513591665,11.901477731065905,135.0478783492215,2,True,True,40.546112219694294,UP,False,overbought,in_sample
2023-01-22 06:00:00,22878.36,80.6367216545955,30.07208558655396,38.888276956915256,-15.556184971300453,9,True,True,37.05532214721682,DOWN,False,overbought,in_sample
2023-01-23 18:15:00,23105.33,81.63075634212132,195.33588137455806,19.138441216809078,35.78827915463762,6,True,True,60.41874320773599,UP,False,overbought,in_sample
2023-01-25 04:45:00,22624.83,83.9655315729686,8.305034778162254,65.04800257062627,-43.929611846806985,1,True,False,37.09398037465944,DOWN,False,overbought,in_sample
2023-01-25 20:45:00,22938.09,86.67054304542349,52.938147857995276,383.0484578271336,-68.71975827106836,8,True,True,36.9791033167975,UP,False,overbought,in_sample
2023-01-27 19:15:00,23168.12,80.54367108421134,65.31820449824937,143.24856742800065,37.655191703080774,6,True,True,41.08857343625644,UP,False,overbought,in_sample
2023-01-29 01:15:00,23387.82,86.17055134325577,143.83127627970433,27.176538899307978,83.11591247067894,3,True,True,25.54021708735572,UP,False,overbought,in_sample
2023-01-29 18:30:00,23705.17,80.00770987160126,44.36584930628984,107.72755479079149,-6.521784066514927,9,True,True,31.199734066450457,UP,False,overbought,in_sample
2023-01-29 19:15:00,23828.43,83.96712353310096,95.86447785271639,55.44217558605438,14.365193174707509,6,True,True,32.0530979170678,UP,False,overbought,in_sample
2023-02-01 20:30:00,23564.73,81.03528515823325,35.10755268572972,105.21232367186057,-79.2116014059995,1,True,True,57.6478067009467,UP,False,overbought,in_sample
2023-02-01 22:45:00,23714.5,86.32612767680862,13.30831347909562,227.91962723228403,-142.36437622551628,4,True,True,66.12220371502684,UP,False,overbought,in_sample
2023-02-02 18:30:00,24110.21,85.7002806763087,165.6310749678249,1.667343420069936,137.9913323027882,10,True,True,50.13996145201587,UP,False,overbought,in_sample
2023-02-03 23:15:00,23451.43,80.57118499573781,36.854895415759415,8.771320128452597,33.072610071113495,10,True,True,27.629018784781938,DOWN,False,overbought,in_sample
2023-02-04 13:00:00,23498.34,82.6789838337192,45.586198854897404,38.06226312156463,38.99849946847284,10,True,True,14.338672433882929,UP,False,overbought,in_sample
2023-02-07 21:45:00,23196.25,87.29482381711041,23.577086813600772,48.73201487309409,-26.068868890446154,1,True,True,55.800398771353315,UP,False,overbought,in_sample
2023-02-12 08:30:00,21843.99,82.73679084489635,19.74913923692652,53.10842936661223,-10.941224565657562,1,True,True,8.081627944345492,UP,False,overbought,in_sample
2023-02-13 05:30:00,21857.2,80.00339356918647,29.436524348956013,17.289497282360443,13.176436140035902,6,True,True,28.435938729571976,UP,False,overbought,in_sample
2023-02-14 19:45:00,22208.65,84.49438202247215,38.70113671925161,34.378496666838615,2.683639032540368,5,True,True,47.21786331001645,UP,False,overbought,in_sample
2023-02-15 11:30:00,22455.27,89.38423932021915,17.835456888293603,205.6132034929881,-97.99481368961463,1,True,True,22.058519002443763,UP,False,overbought,in_sample
2023-02-15 19:00:00,23170.0,84.54127329944313,9.469141130771986,487.699611566681,-403.40526542943405,1,True,False,44.69810099266303,UP,False,overbought,in_sample
2023-02-17 20:00:00,24956.43,80.75148028850016,362.5117855398391,25.91716844115937,151.4118806255538,8,True,True,77.01502177995799,UP,False,overbought,in_sample
2023-02-19 15:30:00,24893.7,81.54823367439589,247.52045698309286,119.82951509819723,218.3283320679529,10,True,True,25.476325335325907,UP,False,overbought,in_sample
2023-02-20 04:30:00,24468.46,88.96550845081194,20.02986702064552,29.237638985044775,-4.164544887582761,8,True,True,54.08963212233224,UP,False,overbought,in_sample
2023-02-20 10:00:00,24958.65,84.15992754092049,112.65833688921487,7.528452059705646,66.69431239269862,6,True,True,38.1699330692964,UP,False,overbought,in_sample
2023-02-22 23:00:00,24192.84,80.80356463950578,37.31269251563704,21.99824410858798,16.971963605761587,3,True,True,44.856040051519514,UP,False,overbought,in_sample
2023-02-23 00:00:00,24207.02,81.33802323463004,34.159512405904856,142.47106830993695,-136.57195309459757,3,True,True,40.936472147335955,UP,False,overbought,in_sample
2023-02-23 03:00:00,24517.81,82.75445844171318,60.39283280195078,28.061233854083735,50.61218763013505,10,True,True,41.978055951979506,UP,False,overbought,in_sample
2023-02-23 04:45:00,24521.24,80.74327676887967,85.59518197285416,0.9461185486540276,43.30123598969721,7,True,True,33.8553433676276,UP,False,overbought,in_sample
2023-02-26 20:00:00,23490.37,80.00672707846904,71.07167745761379,84.97950436710985,24.85273752605744,10,True,True,30.50803371764695,UP,False,overbought,in_sample
2023-02-27 13:30:00,23742.05,86.43079643037586,230.30024787244523,65.68093319658678,180.119239913992,10,True,True,24.71859001223548,UP,False,overbought,in_sample
2023-02-27 15:00:00,23840.94,80.05632102987013,285.8989620375694,6.472060245946801,200.46189453939243,6,True,True,32.778908885304,UP,False,overbought,in_sample
2023-02-27 23:30:00,23534.67,90.32258064516193,78.64992370829869,20.52716269231789,40.71015229871406,8,True,True,34.5116375118071,UP,False,overbought,in_sample
2023-02-28 00:00:00,23483.83,80.65146412319802,57.17125358172071,28.172576619742117,24.53177356504479,6,True,True,33.45046357429772,UP,False,overbought,in_sample
2023-02-28 12:15:00,23493.77,80.96304289182578,75.91374223890085,36.328779927614235,28.871483801876728,9,True,True,24.96300082958149,UP,False,overbought,in_sample
2023-03-01 03:00:00,23436.97,80.4530967702645,21.38928368300212,174.95008953802426,-104.96664031229223,1,True,True,31.947389103625596,UP,False,overbought,in_sample
2023-03-01 04:15:00,23468.05,84.41115256970315,0.6306446423966046,161.47485624071908,-121.31387141240995,1,True,False,31.980927260679973,UP,False,overbought,in_sample
2023-03-04 01:15:00,22365.97,80.13675704107601,19.189867463830943,5.025491852129804,8.633651927460026,7,True,True,24.270353577332234,UP,False,overbought,in_sample
2023-03-05 01:00:00,22393.76,81.99848139711452,91.33794414158108,119.82355799115547,-6.622380520288575,6,True,True,24.28555990597386,UP,False,overbought,in_sample
2023-03-12 17:45:00,20785.52,81.77122565371809,44.98804937283361,262.79352164391344,-101.71504008559721,2,True,True,38.186439405894205,UP,False,overbought,in_sample
2023-03-12 18:15:00,20887.97,83.31268071045022,73.14257919750098,226.73337811189816,-177.63813333703527,6,True,True,44.7932470220898,UP,False,overbought,in_sample
2023-03-12 23:15:00,21854.71,82.11974738452153,49.17017887677262,341.020310953566,-201.05048293937529,1,True,True,103.69709778807433,UP,False,overbought,in_sample
2023-03-13 00:30:00,22470.06,83.31760799093372,179.64349004853563,57.82806098426025,132.25153826914652,9,True,True,105.53643381459612,UP,False,overbought,in_sample
2023-03-13 01:30:00,22329.46,81.38864074221567,117.80849156226692,53.978018277200825,-39.508344581553324,5,True,True,104.26942702600083,UP,False,overbought,in_sample
2023-03-13 14:15:00,23355.06,83.03401250973131,51.907381098571165,490.23209531467637,-256.94646042442133,1,True,True,94.14919079634122,UP,False,overbought,in_sample
2023-03-14 11:30:00,24723.66,82.80904981560475,107.4355495909582,672.7199775437775,-445.9614798132646,4,True,True,52.321945860766505,UP,False,overbought,in_sample
2023-03-14 12:30:00,25457.68,86.62345420873396,55.90454432611287,364.99398216962373,-158.7025997655719,1,True,True,72.08256997495454,UP,False,overbought,in_sample
2023-03-14 13:30:00,25898.14,80.74492700360376,119.75377382313921,93.38894607875338,-36.71692252802716,1,True,True,101.54725397267906,UP,False,overbought,in_sample
2023-03-16 08:00:00,24647.24,86.20318196884325,110.71827920692257,122.0258333184561,-103.97918793341518,5,True,True,39.57684511531503,UP,False,overbought,in_sample
2023-03-17 01:30:00,25390.3,80.28922149772797,18.90485736678968,199.1705493830324,-144.37797111495405,1,True,True,55.68957436501357,UP,False,overbought,in_sample
2023-03-17 10:30:00,26673.62,81.12936807157735,120.81974625116518,111.1135271477966,21.26445529328135,8,True,True,64.97412049808024,UP,False,overbought,in_sample
2023-03-17 21:30:00,27161.39,84.88617328739187,130.09643468173041,219.22663015405348,-49.72131396809931,1,True,True,63.87504468659344,UP,False,overbought,in_sample
2023-03-17 22:15:00,27384.62,80.69255824003464,118.54099125713594,135.923010799493,-88.69577156812818,8,True,True,72.44833048623636,UP,False,overbought,in_sample
2023-03-19 16:30:00,27952.29,90.42711722111439,84.46892902155801,151.5832870938299,-128.58696013814978,2,True,True,60.274668014678085,UP,False,overbought,in_sample
2023-03-19 18:00:00,27892.48,80.6134193254043,55.3841035289797,178.40650956816998,2.871741774126359,10,True,True,65.7356391400119,UP,False,overbought,in_sample
2023-03-20 08:45:00,28313.85,80.17168204594599,139.22161768886912,55.85605631166424,20.654202801808854,5,True,True,63.00485451466345,UP,False,overbought,in_sample
2023-03-21 10:30:00,28036.52,90.31938299364084,56.79378182456295,74.31378787381549,-14.80925592762598,2,True,True,57.964932880400475,UP,False,overbought,in_sample
2023-03-22 13:15:00,28320.57,83.75673359451514,31.980288532328167,146.6884317653212,-96.92601526028608,2,True,True,24.971601913379796,UP,False,overbought,in_sample
2023-03-22 14:30:00,28449.45,81.46241428663042,19.13921007260271,100.72250957399854,-33.044575554184135,1,True,True,28.402130796904927,UP,False,overbought,in_sample
2023-03-23 08:15:00,27613.98,80.99341383095464,19.4973705347799,19.406836681999533,0.5178536379038049,1,True,True,31.626009724060047,UP,False,overbought,in_sample
2023-03-23 15:45:00,28580.87,81.21721213040557,150.7546831149643,23.15534831514936,117.84105942191378,7,True,True,63.76292953993359,UP,False,overbought,in_sample
2023-03-23 16:15:00,28484.11,81.41246437863938,245.55094050683005,13.586522450587617,203.73113290181834,10,True,True,66.60976944689511,UP,False,overbought,in_sample
2023-03-26 13:30:00,28057.19,80.32694747322287,129.08990529700182,48.903685650631004,88.81145973634575,5,True,True,29.30318396104544,UP,False,overbought,in_sample
2023-03-29 05:15:00,27583.88,83.17310164001937,27.653832600780774,210.48525443121073,-182.33112963078386,3,True,True,25.439677086762345,UP,False,overbought,in_sample
2023-03-29 06:15:00,27991.69,87.66839639912644,8.038099878928355,235.1805125021038,-184.09034967163572,1,True,False,30.785386662970417,UP,False,overbought,in_sample
2023-03-31 13:15:00,28279.27,80.54779578045601,5.396178897122181,133.46171948568625,-76.28202566756538,1,True,False,34.79633668054365,UP,False,overbought,in_sample
2023-03-31 14:45:00,28521.78,82.69267994498486,56.721565063610626,25.089598194783534,46.403134727214976,3,True,True,43.63682771552128,UP,False,overbought,in_sample
2023-04-03 08:00:00,28127.62,84.61495387286007,0.0035552243660854667,132.74141217778205,-81.67772459952232,1,True,False,27.132583560216133,UP,False,overbought,in_sample
2023-04-03 09:15:00,28327.01,83.95711828137463,39.33348419052991,61.41841302700257,25.8693028314668,9,True,True,33.337087112265074,UP,False,overbought,in_sample
2023-04-09 01:45:00,28077.78,85.50343636158823,24.14008514918161,2.019390421893003,15.688562272373128,9,True,True,11.247684111778051,UP,False,overbought,in_sample
2023-04-09 19:15:00,28189.93,85.35231316726076,38.535037156885814,101.60011039403072,-87.71217239631258,1,True,True,16.180068556395838,UP,False,overbought,in_sample
2023-04-09 21:15:00,28315.68,80.31605787476292,29.5807835093496,75.68951195945134,-2.85354263079612,1,True,True,22.1470930593932,UP,False,overbought,in_sample
2023-04-09 21:45:00,28437.19,83.88019006525207,53.30343820890817,32.63683929389694,19.748786712048503,9,True,True,26.387276661301602,UP,False,overbought,in_sample
2023-04-10 16:45:00,29036.85,84.61872249231762,12.690770520906554,118.1774193826126,-20.804598294925192,1,True,True,35.203370889060174,UP,False,overbought,in_sample
2023-04-10 22:30:00,29671.36,80.50047272325423,27.420381135209364,107.38975227289865,-43.80318259762989,5,True,True,38.56614594005794,UP,False,overbought,in_sample
2023-04-11 00:30:00,29789.02,80.96406060549955,11.591519291335812,215.173241684352,-71.30479619671941,3,True,False,41.368766075553864,UP,False,overbought,in_sample
2023-04-12 12:30:00,30293.94,80.37711138721892,216.72321262932365,15.276982789297952,161.83104607720225,10,True,True,24.044907991499198,UP,False,overbought,in_sample
2023-04-14 00:30:00,30726.76,83.18550641422813,67.28988022166945,54.35978280821098,34.74821295834536,9,True,True,23.391337062547546,UP,False,overbought,in_sample
2023-04-14 02:00:00,30807.92,82.63749470780225,93.45648781222435,0.003245918582636305,33.44594506866976,3,True,True,29.53428858553271,UP,False,overbought,in_sample
2023-04-17 19:00:00,29518.64,80.89547723491124,42.92880701820991,20.84445624866147,16.67759761289801,9,True,True,23.593058487789456,DOWN,False,overbought,in_sample
2023-04-18 04:30:00,29504.16,81.05923663487717,7.98531461326176,80.94112830190771,-70.07825337172737,1,True,False,23.646495951757498,UP,False,overbought,in_sample
2023-04-18 06:15:00,29705.46,80.47204842565702,16.912715709501878,42.2615909667788,0.5285223659218571,2,True,True,18.13101025872024,UP,False,overbought,in_sample
2023-04-18 06:45:00,29720.98,81.55337515920581,16.18721859104262,37.76120437482195,-35.274745314589275,1,True,True,17.526844673358774,UP,False,overbought,in_sample
2023-04-18 07:15:00,29726.56,85.6548909577857,11.255927359237921,71.79774585421262,-57.56468289637246,5,True,False,17.49243773918016,UP,False,overbought,in_sample
2023-04-18 11:30:00,30316.45,82.70286872658016,26.56313651499515,55.596878922169076,5.478873680790654,10,True,True,25.89782114990386,UP,False,overbought,in_sample
2023-04-25 18:00:00,27665.3,82.30351913197961,67.62261750279163,138.11164165940733,-105.00518700321341,5,True,True,33.49412440855506,UP,False,overbought,in_sample
2023-04-25 22:00:00,28251.24,80.51943040172897,31.750818725125242,81.3274036821033,-47.1165159476175,4,True,True,50.69423501410928,UP,False,overbought,in_sample
2023-04-26 09:45:00,28867.5,88.72808366656402,30.3975058456742,323.02762622326145,-303.6043994111026,2,True,True,34.4622845760805,UP,False,overbought,in_sample
2023-04-26 12:00:00,29091.97,80.45233804289514,6.668506807892849,324.4984784461138,-184.76919919826634,1,True,False,43.41541669402253,UP,False,overbought,in_sample
2023-04-26 13:45:00,29847.06,80.01582374779366,108.05419361236987,17.737090353287286,12.34292422771293,3,True,True,61.22177527702899,UP,False,overbought,in_sample
2023-04-30 05:15:00,29237.11,89.7480993986174,5.852151597747035,20.128528435265505,-10.028350955343981,1,True,False,11.868649124348943,UP,False,overbought,in_sample
2023-04-30 06:30:00,29266.33,82.14924610273685,8.282555414362374,28.011711752037087,2.162895040137163,6,True,False,10.70633044867591,UP,False,overbought,in_sample
2023-04-30 14:45:00,29395.01,80.82711910788733,0.00340193794742689,195.400511855584,-127.61689824225304,1,True,False,15.865277814159695,UP,False,overbought,in_sample
2023-05-03 22:30:00,29157.62,83.63290552276459,74.14185382757589,11.153173681528342,33.11655752424158,5,True,True,68.9792239558646,UP,False,overbought,in_sample
2023-05-05 01:30:00,29318.61,88.56189454187337,59.40595410219035,72.44204278442922,31.239543757360988,9,True,True,24.785622510753356,UP,False,overbought,in_sample
2023-05-07 07:00:00,28920.01,80.15720243824182,56.23442038920366,13.83816948887654,37.3858791888381,9,True,True,19.240657247352033,UP,False,overbought,in_sample
2023-05-07 14:45:00,29045.71,82.20160366552135,82.18425371595295,2.582136914539187,41.17647666385106,7,True,True,23.198606610064047,UP,False,overbought,in_sample
2023-05-10 12:30:00,27996.4,86.63249666265635,0.07858153191166155,119.6653855495695,-40.794530725378664,1,True,False,23.95933048534784,UP,False,overbought,in_sample
2023-05-10 20:45:00,27857.22,82.31313867939298,229.1039809428224,4.013322219518061,87.37052728161655,2,True,True,70.2512669964915,UP,False,overbought,in_sample
2023-05-14 15:45:00,27082.02,81.36476520168546,83.45758551245456,19.577564745909072,60.68971221496793,10,True,True,23.654254741706975,UP,False,overbought,in_sample
2023-05-15 03:45:00,27232.8,84.38548098924853,19.38471255251053,116.48820539937118,-102.62624482241988,2,True,True,32.491701183866724,UP,False,overbought,in_sample
2023-05-15 06:15:00,27512.28,83.37558372248193,45.972198596408425,11.565744460291809,28.209221482189257,7,True,True,32.90785060343979,UP,False,overbought,in_sample
2023-05-17 17:15:00,26905.48,81.5028631529737,5.474721134876451,201.37533320349658,-178.25736615737782,1,True,False,31.258316149721193,UP,False,overbought,in_sample
2023-05-17 18:45:00,27099.07,80.6619448189431,0.0,147.94972668803774,-121.28460496983915,1,False,False,34.45062874851424,UP,False,overbought,in_sample
2023-05-18 21:30:00,27000.03,83.0485703437595,74.35176923877492,-0.0037036995878890837,50.92216564203742,10,True,True,47.90772454697294,DOWN,False,overbought,in_sample
2023-05-20 17:45:00,27139.45,86.17162512823657,62.60259511522947,3.887330067484519,38.48641000462453,5,True,True,12.971707237987573,UP,False,overbought,in_sample
2023-05-21 00:45:00,27237.75,81.0644415275954,33.83539389266729,7.1371533992340375,22.303604372607868,5,True,True,14.824095235472813,UP,False,overbought,in_sample
2023-05-22 05:15:00,26744.87,80.02167090120875,6.053497362297402,62.9167387988801,-36.739756072847634,1,True,False,19.77837245049235,DOWN,False,overbought,in_sample
2023-05-22 06:15:00,26897.71,82.86865260256496,38.17425349592969,4.855431930822851,26.429759262033887,3,True,True,17.028773081425953,UP,False,overbought,in_sample
2023-05-23 03:15:00,27335.18,80.75808023902079,1.8949939235813669,58.77041965701395,-19.136511996629,1,True,False,27.04170962108145,UP,False,overbought,in_sample
2023-05-23 04:15:00,27390.01,88.98793989176136,40.82875471750398,38.63452404727247,35.60422212332044,9,True,True,30.564793514131416,UP,False,overbought,in_sample
2023-05-25 04:45:00,26224.39,83.14754946333888,17.628627396099418,28.831938512202033,10.124163040589035,10,True,True,32.841374003361025,DOWN,False,overbought,in_sample
2023-05-25 05:45:00,26260.12,80.0348271082845,50.784230993613356,15.186526184953085,16.587890687475028,8,True,True,29.795560720971555,DOWN,False,overbought,in_sample
2023-05-25 19:00:00,26534.74,82.47897964986339,44.42854913973268,9.519595820421982,34.543394809973584,2,True,True,29.526952214342323,UP,False,overbought,in_sample
2023-05-26 16:00:00,26760.44,80.2712094245275,56.0342057156,28.736448279625243,5.945343200634913,8,True,True,29.099671006904263,UP,False,overbought,in_sample
2023-05-28 00:45:00,27072.42,86.75175577830439,0.58731358334294,34.42617985388847,-20.304797280775478,3,True,False,17.88979337643254,UP,False,overbought,in_sample
2023-05-28 02:15:00,27107.43,82.1981325824139,13.011192872212687,65.69785479479248,-22.33336026321967,2,True,True,21.369971258802266,UP,False,overbought,in_sample
2023-05-28 03:30:00,27156.4,80.20827295736034,10.306962631277194,47.54680296357358,-14.549056575981497,8,True,False,23.769166752588465,UP,False,overbought,in_sample
2023-05-28 18:15:00,27597.46,86.56204549943438,43.44602727932129,22.99486981772929,15.573897018058751,6,True,True,26.093343372904695,UP,False,overbought,in_sample
2023-05-28 22:15:00,28075.0,84.29570994416581,14.02671415850437,132.55209260908262,-41.86286731967901,1,True,True,40.603383793410394,UP,False,overbought,in_sample
2023-06-02 03:45:00,27000.0,80.52136896232024,18.740740740740204,78.8888888888889,-54.129629629630166,2,True,True,27.267222222222227,UP,False,overbought,in_sample
2023-06-02 04:30:00,27092.84,84.4410904992073,15.114694509693605,44.351201276794846,8.467181735100008,1,True,True,28.64502207963435,UP,False,overbought,in_sample
2023-06-02 05:15:00,27121.91,81.70030881240157,28.062182936231476,33.58539276916712,26.642666390382683,10,True,True,28.50241741824233,UP,False,overbought,in_sample
2023-06-04 09:00:00,27199.78,81.64236138189143,8.220654725884026,18.411913625772616,-0.2610315230501,10,True,False,9.33408284919939,UP,False,overbought,in_sample
2023-06-04 09:45:00,27215.89,81.83286233346689,20.495379721184513,7.26781303128387,18.209950143095696,10,True,True,9.931881705871103,UP,False,overbought,in_sample
2023-06-06 16:15:00,26212.01,85.5608191669985,26.03005263617692,217.65213732178574,-185.43789659778224,2,True,True,59.17745338873281,UP,False,overbought,in_sample
2023-06-10 17:30:00,26139.51,81.72115895800086,298.9765301644899,5.5433326791518285,167.9411741077006,3,True,True,32.880876496920074,UP,False,overbought,in_sample
2023-06-11 17:15:00,25984.69,80.24725865405242,34.01618414535614,46.939178416214,-17.779700277355907,2,True,True,24.49865670900841,UP,False,overbought,in_sample
2023-06-12 09:15:00,26028.07,80.5881084190093,35.25808867119246,12.110002777770475,15.07603137689347,9,True,True,21.28874711033118,UP,False,overbought,in_sample
2023-06-14 01:45:00,26046.27,83.68671570748604,31.409487807659715,3.73182033358372,19.165892083588894,7,True,True,15.47438462397876,UP,False,overbought,in_sample
2023-06-15 18:45:00,25389.97,88.02187065499233,66.84529363366761,138.10571654869926,-116.19942835694522,6,True,True,25.935832141589916,UP,False,overbought,in_sample
2023-06-16 17:15:00,26195.81,85.80988174901462,15.429948529937379,122.99295192628084,-71.24040065949438,1,True,True,48.359451377911284,UP,False,overbought,in_sample
2023-06-16 19:45:00,26382.43,80.65845813007265,35.80413176496597,31.138147623248294,5.6476981081733015,8,True,True,50.04732316166474,UP,False,overbought,in_sample
2023-06-17 05:15:00,26395.7,84.9636589257242,7.842186416727242,168.31908227476478,-74.96296745303174,1,True,False,13.853392787461459,UP,False,overbought,in_sample
2023-06-19 18:00:00,26975.64,90.6660697264669,224.51737938376914,34.27166139524428,63.928047675606855,4,True,True,29.53238551522784,UP,False,overbought,in_sample
2023-06-19 18:30:00,26864.69,82.02156083425268,184.14506178928443,7.61594494483382,76.19667303065738,2,True,True,34.241787267971475,UP,False,overbought,in_sample
2023-06-20 01:00:00,27139.79,81.09835519340906,97.2115112165576,7.442946316091881,83.94316978871232,4,True,True,29.738807853708433,UP,False,overbought,in_sample
2023-06-20 12:00:00,26921.99,82.04583566238213,100.28604869105203,14.118569986839159,66.8561276488111,10,True,True,15.77279391308005,UP,False,overbought,in_sample
2023-06-20 17:15:00,27401.3,81.26571801483469,12.659983285464081,269.58574958122455,-212.20526033436414,1,True,True,38.48503538153309,UP,False,overbought,in_sample
2023-06-21 01:00:00,28880.01,84.46546258446611,69.94803672159338,6.582407693072834,47.78391697232792,9,True,True,52.94873512855438,UP,False,overbought,in_sample
2023-06-21 16:15:00,30640.0,88.76792128620316,256.52741514360315,52.21932114882507,165.99543080939966,4,True,True,74.33746736292419,UP,False,overbought,in_sample
2023-06-23 05:30:00,30050.83,81.08717434869783,48.7640441212442,3.826849374875835,31.972494603311038,9,True,True,17.61781621339584,UP,False,overbought,in_sample
2023-06-23 15:45:00,31238.0,88.73791393301416,182.89583199948837,62.08464050195233,77.56258403226867,2,True,True,55.34749343747993,UP,False,overbought,in_sample
2023-06-25 03:45:00,30748.46,87.96291201232594,0.0,96.76907396337874,-63.59668093946795,1,False,False,19.718711115938866,UP,False,overbought,in_sample
2023-06-26 13:30:00,30489.87,82.22734118897928,75.38897345249441,57.76672711297262,33.60788353639997,4,True,True,24.642282830330036,UP,False,overbought,in_sample
2023-06-27 02:30:00,30421.01,81.96275823734598,35.16977246974968,24.940000348444258,22.55020461187796,10,True,True,18.278321462699513,UP,False,overbought,in_sample
2023-06-27 10:00:00,30650.01,85.24905971929162,45.68024610758639,44.691665679718604,-28.061981056450566,2,True,True,21.28612682344954,UP,False,overbought,in_sample
2023-06-29 07:00:00,30406.57,83.76010962732046,29.46731578076664,19.222819278860037,-7.708860289075253,2,True,True,14.787758040449946,UP,False,overbought,in_sample
2023-06-29 10:15:00,30638.32,81.01207342614269,23.60442739680234,36.45108478532775,4.69673271902618,5,True,True,21.907695983330743,UP,False,overbought,in_sample
2023-06-29 10:45:00,30697.11,80.42599502487545,42.710861054998524,47.84489484514959,-12.597277072661972,3,True,True,23.935803728754983,UP,False,overbought,in_sample
2023-06-29 12:15:00,30699.99,82.56022420508165,97.71664420737648,46.90229540791315,81.4267366210879,10,True,True,25.628835709718537,UP,False,overbought,in_sample
2023-06-30 04:30:00,31164.7,90.37701251762104,177.98663231155837,37.63873870115845,135.86846656633958,8,True,True,34.37398723555821,UP,False,overbought,in_sample
2023-07-02 21:15:00,30600.76,89.18852539541965,57.28289101316348,62.16839058899243,-5.316861411285353,5,True,True,15.338671327117485,UP,False,overbought,in_sample
2023-07-02 22:15:00,30694.0,80.0203730373379,87.48615364566326,31.315566560239454,18.247866032448815,1,True,True,18.4216785039423,UP,False,overbought,in_sample
2023-07-03 15:15:00,30941.08,82.67066611501858,45.337783942901304,73.98578200890151,-19.359375949384383,3,True,True,19.1394418035828,UP,False,overbought,in_sample
2023-07-06 07:15:00,30769.36,81.04974469887883,0.0,237.45700268058854,-97.57759017412062,1,False,False,15.993507827267322,UP,False,overbought,in_sample
2023-07-06 08:00:00,30792.81,80.5123083250105,0.003247511351525654,229.66075522175427,-123.26903585609696,1,True,False,18.061196753398093,UP,False,overbought,in_sample
2023-07-10 19:30:00,30627.95,86.20181127223921,142.99030787238476,136.42114473871027,109.6155635620404,10,True,True,21.740273181848565,UP,False,overbought,in_sample
2023-07-12 07:15:00,30792.01,81.39778647840348,41.24446569093736,18.511295625066374,22.083650921131817,5,True,True,16.136978391472198,UP,False,overbought,in_sample
2023-07-17 22:15:00,30191.62,81.66376519206631,38.778972443346234,7.558388718458867,7.820050729308525,3,True,True,33.34335819012026,UP,False,overbought,in_sample
2023-07-20 10:30:00,30370.0,80.09862709235348,63.552848205465395,6.065195917022803,61.61343431017418,10,True,True,22.367467895949808,UP,False,overbought,in_sample
2023-07-21 22:30:00,29944.01,81.94881620363935,17.415837090622738,18.364273856441272,-6.081349825892646,3,True,True,19.11383946238327,UP,False,overbought,in_sample
2023-07-23 17:45:00,30118.49,84.5618625672739,34.234784014736654,76.86640332898442,1.490778588170124,8,True,True,11.230144671927281,UP,False,overbought,in_sample
2023-07-23 18:15:00,30118.15,82.84554519516372,34.122281747053,76.98015980397155,-8.413531375599147,6,True,True,12.222530268293218,UP,False,overbought,in_sample
2023-07-28 14:45:00,29487.41,82.14518558485676,70.33171105905856,18.5875938239409,62.881073651432345,9,True,True,14.656933247104371,UP,False,overbought,in_sample
2023-07-30 14:45:00,29391.81,81.4865827594397,26.980305057770483,19.45780133989662,5.7805218528568325,4,True,True,8.371209530818158,UP,False,overbought,in_sample
2023-07-31 01:45:00,29451.99,80.21756731507853,15.214591611636873,15.167056623337931,15.214591611636873,10,True,True,18.669366654001998,UP,False,overbought,in_sample
2023-08-01 18:45:00,29272.0,84.09763416362185,31.429352282044274,21.522273845312927,2.62025143481766,7,True,True,29.330930582126353,UP,False,overbought,in_sample
2023-08-01 19:45:00,29274.41,84.23776855769658,32.250009479268705,13.01136384986073,18.985865129305118,3,True,True,29.742529396835035,UP,False,overbought,in_sample
2023-08-01 23:45:00,29705.99,85.91011455987436,8.07244599489975,114.96334577639001,-53.85445830958657,1,True,False,26.387775664099763,UP,False,overbought,in_sample
2023-08-03 14:45:00,29392.57,83.89067789612704,64.13185373038152,13.86745017533412,29.796645887038157,2,True,True,17.05601109396013,UP,False,overbought,in_sample
2023-08-06 05:15:00,29090.26,80.38457028960006,15.228464785120268,5.919507079002101,-0.8318935616257441,5,True,True,3.3588561944786846,UP,False,overbought,in_sample
2023-08-08 11:15:00,29344.4,80.59002575509228,7.326781259797439,112.55980698191111,-6.151088452992486,1,True,False,9.34795054593038,UP,False,overbought,in_sample
2023-08-08 17:00:00,29777.09,81.8369866747911,21.231087389668087,58.068132245293235,-34.56012659396867,2,True,True,31.150962031548325,UP,False,overbought,in_sample
2023-08-08 17:30:00,29798.01,80.16182590664543,18.652252281275867,51.006761860943605,-37.458877287443904,1,True,True,31.981833686209214,UP,False,overbought,in_sample
2023-08-08 18:15:00,29880.76,84.37315152081159,40.59803030444931,39.570613331120626,-33.21200665578841,2,True,True,30.526833989496893,UP,False,overbought,in_sample
2023-08-08 19:15:00,29894.66,80.03477737464264,26.17524333777337,116.85699051268693,13.273273554541277,9,True,True,30.484039624467975,UP,False,overbought,in_sample
2023-08-09 12:45:00,30076.32,82.80307706918651,118.30569697356582,27.82255275911424,109.15896625651055,10,True,True,15.799306564101153,UP,False,overbought,in_sample
2023-08-13 00:30:00,29442.31,80.40525495435963,12.954146600590462,4.381449689238995,12.067667244860361,10,True,True,1.7361069834530878,UP,False,overbought,in_sample
2023-08-13 19:30:00,29454.26,92.28105906313483,37.196656782413704,6.922597953573797,35.83861892982464,10,True,True,5.172426671048677,UP,False,overbought,in_sample
2023-08-14 05:30:00,29429.99,81.86312903857532,12.704727388627402,14.131843062128171,-7.009856272461316,7,True,True,18.362561455168684,UP,False,overbought,in_sample
2023-08-14 16:30:00,29674.0,81.15655316720597,140.52706072656196,7.184740850576164,111.20846532317853,6,True,True,17.872042865808364,UP,False,overbought,in_sample
2023-08-14 22:15:00,29459.87,81.65772793759179,18.72377576683124,3.560776065882708,8.8221706341535,10,True,True,15.416734697064273,UP,False,overbought,in_sample
2023-08-19 15:45:00,26216.01,80.74480739317434,72.11242290493453,24.79019499916334,49.214201550883146,9,True,True,20.22981376647328,UP,False,overbought,in_sample
2023-08-23 16:15:00,26340.42,83.35326605479986,3.9558974382330483,100.44638620037257,-46.52545403604154,1,True,False,33.17031391298991,UP,False,overbought,in_sample
2023-08-23 19:15:00,26528.27,80.45073458326084,115.28833203220569,109.69429970367462,78.50116121405578,10,True,True,36.34726275026602,UP,False,overbought,in_sample
2023-08-27 05:00:00,26040.13,83.94694960212155,6.0176350886120344,5.917789196904875,-2.4692657064309165,6,True,False,5.077547615929905,UP,False,overbought,in_sample
2023-08-27 06:15:00,26039.98,81.62230671736106,5.960066021556252,10.887105136026289,-8.87481480400545,1,True,False,3.994050686674914,UP,False,overbought,in_sample
2023-08-27 14:30:00,26159.69,82.08797731319484,16.789189780153457,7.381585943870631,-2.5459017289577415,5,True,True,6.882917955067453,UP,False,overbought,in_sample
2023-08-29 14:15:00,26951.04,91.02901481625639,12.934565790411272,442.21299066752067,-389.2057597777306,1,True,True,34.39180825674997,UP,False,overbought,in_sample
2023-08-29 18:45:00,27971.79,80.11219418552548,146.77287367022248,8.297645592219563,102.20654452217731,8,True,True,98.40146090042856,UP,False,overbought,in_sample
2023-09-01 20:45:00,25776.62,80.50784628691447,16.177450728606285,33.421759718691376,-9.815096005604799,3,True,True,50.49983279421416,DOWN,False,overbought,in_sample
2023-09-03 20:45:00,26048.18,80.73223884933864,46.16061467634268,9.125397628548496,34.294142623400845,9,True,True,20.59817614896703,UP,False,overbought,in_sample
2023-09-06 00:00:00,25802.01,81.18484474834658,11.196802109602864,13.266408314702305,-10.491430706368748,7,True,False,11.705289626660818,UP,False,overbought,in_sample
2023-09-07 22:30:00,26368.26,89.91393099245909,88.6520384735278,29.2927936845289,26.615332221389146,4,True,True,34.90560241745188,UP,False,overbought,in_sample
2023-09-11 05:30:00,25840.61,80.96707025526315,19.99952787492257,23.25022513013358,18.66442007367456,10,True,True,13.841971996791077,UP,False,overbought,in_sample
2023-09-12 03:15:00,25869.15,89.78727717030226,99.13352390782097,46.71587585985567,37.1368985838343,8,True,True,28.44527168461266,UP,False,overbought,in_sample
2023-09-12 10:15:00,26249.99,84.48456825144648,83.18479359420729,8.784765251338257,48.81906621678768,5,True,True,32.661726728276804,UP,False,overbought,in_sample
2023-09-15 22:30:00,26712.43,82.45576996157548,52.78815892077285,65.72595604368442,16.179733554753785,6,True,True,19.3121704015694,UP,False,overbought,in_sample
2023-09-17 11:15:00,26594.54,84.50073472814995,25.245783533010695,10.795448990657153,19.026461822615538,10,True,True,6.979252132204397,UP,False,overbought,in_sample
2023-09-18 10:30:00,27082.72,81.57731410332175,8.27095653612394,120.47534368778277,-93.32149798838446,1,True,False,25.08204493492519,UP,False,overbought,in_sample
2023-09-19 09:00:00,27120.0,86.19343260416154,25.803834808259428,127.5811209439528,-11.061946902654867,5,True,True,17.16371681415921,UP,False,overbought,in_sample
2023-09-21 17:00:00,26669.99,83.01813871998304,42.860908459283756,9.977506553244657,31.01613461422414,9,True,True,28.843467882814938,DOWN,False,overbought,in_sample
2023-09-24 09:00:00,26605.21,81.83498349834497,11.38874679057195,0.0037586623078852857,4.495360119314649,7,True,False,3.28882951872967,UP,False,overbought,in_sample
2023-09-24 18:00:00,26692.31,80.91503267973775,133.55906626290493,0.0,83.11757206476344,5,True,True,7.02655558848244,UP,False,overbought,in_sample
2023-09-27 09:45:00,26397.79,84.92376445846494,15.811929710783213,171.30600705589336,-133.4164716061453,2,True,True,9.12746862521431,UP,False,overbought,in_sample
2023-09-28 00:15:00,26539.71,83.52515932654823,71.57576326191926,6.7973613878979355,57.81901912266589,3,True,True,16.357752213569885,UP,False,overbought,in_sample
2023-09-28 14:30:00,26792.36,80.0308750537384,8.838340482137554,192.63700547469463,-141.32760234633972,1,True,False,28.682990225571587,UP,False,overbought,in_sample
2023-09-28 15:00:00,26886.41,85.3609062623554,35.858264454049404,156.98265406203345,-92.8573208546622,1,True,True,32.30609813656779,UP,False,overbought,in_sample
2023-09-28 17:00:00,27171.01,81.9120135363791,118.61907231273305,22.424635668677862,22.685943584724832,7,True,True,44.0935025970694,UP,False,overbought,in_sample
2023-09-29 07:45:00,27179.98,81.16724948752017,77.8146267951632,0.003679178572624876,46.442271112782116,7,True,True,16.7137724163152,UP,False,overbought,in_sample
2023-10-01 07:00:00,27148.82,83.5078232857835,22.866555526169503,30.56854773062019,-14.464717066892938,5,True,True,7.514138736048196,UP,False,overbought,in_sample
2023-10-01 22:15:00,27871.69,92.1765895890884,20.066956829672076,69.54009606163089,-21.656383233309707,1,True,True,26.846237167534515,UP,False,overbought,in_sample
2023-10-02 09:00:00,28303.99,81.42346589612951,35.818271558179966,22.88369943601478,19.534348337460855,10,True,True,32.344203061123096,UP,False,overbought,in_sample
2023-10-04 09:45:00,27630.0,86.9264562316956,39.710459645313485,4.737604053565018,10.047050307636049,4,True,True,14.416214259862523,UP,False,overbought,in_sample
2023-10-04 19:00:00,27778.31,80.2386018767225,90.39786797684977,20.91559925711771,18.93203726216611,2,True,True,27.08408106900686,UP,False,overbought,in_sample
2023-10-05 10:45:00,27736.98,83.90980317217759,21.505585683804732,116.81877406985203,-99.64675317932934,7,True,True,12.645933335207898,UP,False,overbought,in_sample
2023-10-05 11:30:00,27764.13,80.69723642233978,31.263360314189303,120.61245931350955,-91.77669172417708,4,True,True,12.631406062426418,UP,False,overbought,in_sample
2023-10-06 03:30:00,27567.16,80.03184342355664,32.40087118150716,1.7629672407315742,28.73346402023245,8,True,True,14.418786701277854,UP,False,overbought,in_sample
2023-10-06 10:00:00,27693.39,83.52477337638152,70.8652859039648,38.857647980258314,58.873254592522215,10,True,True,15.560752945016855,UP,False,overbought,in_sample
2023-10-06 16:15:00,27872.88,88.10908509670367,30.04354053115487,47.64487918004859,-11.208027301089073,3,True,True,50.509491663581265,UP,False,overbought,in_sample
2023-10-15 17:15:00,26993.4,81.89534603327684,14.629502026421866,32.45237724777113,-18.652707698918455,1,True,True,12.045907518134126,UP,False,overbought,in_sample
2023-10-15 18:30:00,27040.65,83.99625071317844,20.184426040055154,71.8695741411542,-19.888575163688312,5,True,True,11.138045867980322,UP,False,overbought,in_sample
2023-10-16 05:15:00,27768.38,85.39804434786903,6.435377216820938,76.20898302313603,-29.054629762341296,1,True,False,25.372744106786122,UP,False,overbought,in_sample
2023-10-16 07:00:00,27854.17,80.65671641791,76.27224218133124,23.633804202387562,49.134474299538255,9,True,True,33.437722251282274,UP,False,overbought,in_sample
2023-10-16 08:00:00,27865.88,80.16110728703501,80.44246225132666,5.62695310537485,31.899225863313635,5,True,True,33.255185194223166,UP,False,overbought,in_sample
2023-10-16 13:15:00,29330.53,93.29919191247374,545.6873776232475,228.25022254967817,431.7583078110075,2,True,True,44.78797348701162,UP,False,overbought,in_sample
2023-10-16 19:00:00,28711.94,86.02575390711033,167.7246469587216,10.824764888754208,114.2764996026033,8,True,True,48.0589260077863,UP,False,overbought,in_sample
2023-10-18 04:45:00,28730.72,88.88214589149186,71.39744496483242,45.244254233795026,55.5711795597186,10,True,True,26.896471790473843,UP,False,overbought,in_sample
2023-10-20 03:15:00,29300.38,85.5467093224755,64.5384121298093,16.934933949661737,26.835829432929202,9,True,True,28.60457782458794,UP,False,overbought,in_sample
2023-10-20 04:15:00,29293.59,82.96796973518273,62.23545833747291,19.256772556726524,3.751674001036268,5,True,True,35.50571985202224,UP,False,overbought,in_sample
2023-10-20 23:00:00,29759.78,86.49937696042619,71.89905301719217,3.336718214986902,67.0804690088426,10,True,True,20.50821612256529,UP,False,overbought,in_sample
2023-10-22 05:45:00,30114.51,83.31471329470725,157.56856080341285,33.39918198901518,100.42003007852357,7,True,True,22.01646316011763,UP,False,overbought,in_sample
2023-10-23 01:15:00,30414.29,83.13646068200423,76.95724608399581,126.489883538297,-106.00280328753287,3,True,True,31.482898334960332,UP,False,overbought,in_sample
2023-10-23 22:00:00,31886.12,81.27404178982269,22.307511857823208,895.6216686131786,-521.8571591651802,1,True,True,66.73405230865352,UP,False,overbought,in_sample
2023-10-24 02:30:00,34741.66,83.15728812831327,203.94534976164087,49.059256235883666,78.69514582780485,5,True,True,168.4457507211804,UP,False,overbought,in_sample
2023-10-24 03:00:00,34680.93,86.78756775236927,186.79141533978404,8.382128160922937,98.90738224147876,3,True,True,172.44722099436214,UP,False,overbought,in_sample
2023-10-24 10:45:00,34447.1,89.33239884746749,54.135181190868295,124.62587561797739,0.18869512963397653,9,True,True,52.72156436971482,UP,False,overbought,in_sample
2023-10-26 02:30:00,34752.42,81.55666373325525,33.7530451116773,20.634534228119694,24.124938637365833,10,True,True,30.46435327381536,UP,False,overbought,in_sample
2023-10-26 20:15:00,34184.02,85.27566229434991,30.51425783158262,18.189785753694355,-12.7896016910829,5,True,True,33.601080270840086,UP,False,overbought,in_sample
2023-10-26 21:00:00,34187.33,80.26428120708252,31.47949839896904,26.52152127703399,11.267332078873686,2,True,True,29.601317213131342,UP,False,overbought,in_sample
2023-10-27 21:45:00,33839.75,84.06088601769373,15.641368508928196,29.952939959662995,-21.350630545438424,5,True,True,33.79235957712458,DOWN,False,overbought,in_sample
2023-10-27 22:15:00,33844.16,81.82656354043966,16.94236169549009,28.64600569197081,-13.166230156103053,3,True,True,25.9663705643751,DOWN,False,overbought,in_sample
2023-10-28 02:45:00,34092.35,81.76271014786333,25.231466883332125,27.17618468659434,-9.046017654988226,3,True,True,13.66200921907702,UP,False,overbought,in_sample
2023-10-28 11:15:00,34317.91,83.12457520147544,119.5061121146371,17.923585672902213,54.8867923483687,6,True,True,14.04732980534073,UP,False,overbought,in_sample
2023-10-29 08:45:00,34241.64,82.48704663212234,26.17865265799168,23.43637746322898,-14.026781427524744,8,True,True,10.95931736914426,UP,False,overbought,in_sample
2023-10-31 20:30:00,34628.8,81.61938390356713,57.40886198771049,26.477960541513145,18.112091669362254,5,True,True,24.15879268123643,UP,False,overbought,in_sample
2023-11-01 20:45:00,35406.08,82.70734057066757,90.24156303098283,49.68638154802741,-6.758726184881322,1,True,True,47.55962817685564,UP,False,overbought,in_sample
2023-11-02 19:45:00,35000.01,90.46975680731634,50.85998546857616,27.76570635265541,35.719989794289795,3,True,True,38.482274719349896,DOWN,False,overbought,in_sample
2023-11-03 14:30:00,34740.13,80.49949981027255,47.16159668947598,31.277948585685632,42.59339271326673,9,True,True,34.04736827409668,UP,False,overbought,in_sample
2023-11-03 15:30:00,34768.92,82.59889552575217,128.14605688068414,16.9864350115002,102.93963689409858,9,True,True,32.38783373196512,UP,False,overbought,in_sample
2023-11-04 22:45:00,35160.0,83.2769532071938,63.99317406143344,27.019340159271902,56.885665529010815,5,True,True,15.915813424345496,UP,False,overbought,in_sample
2023-11-06 09:30:00,35100.33,82.8238986021111,16.42434700756416,50.14197872213737,-19.093837579303898,1,True,True,20.14667668366637,UP,False,overbought,in_sample
2023-11-06 11:30:00,35190.97,83.93229277421032,82.0977654210735,16.774189515094026,31.732572304769732,9,True,True,21.04787108738385,UP,False,overbought,in_sample
2023-11-07 19:00:00,35423.94,83.66314824930802,24.743153923589936,131.0018027356634,-44.633657351497476,2,True,True,38.19281536723466,UP,False,overbought,in_sample
2023-11-07 19:30:00,35488.17,81.8582648612562,56.87247327771529,112.66571367303575,49.89550038787566,10,True,True,40.15986172293453,UP,False,overbought,in_sample
2023-11-07 20:30:00,35566.73,80.71517408464481,103.05979773794297,90.32879885218482,67.05142699371103,7,True,True,42.78619372655265,UP,False,overbought,in_sample
2023-11-09 03:15:00,36453.21,82.50331510353331,77.03299654543392,112.66497518325667,-33.914708745813435,2,True,True,50.866988119839085,UP,False,overbought,in_sample
2023-11-09 04:30:00,36725.01,86.2480707062177,61.55478242211641,25.20897884030378,17.633759664055106,4,True,True,55.68262609050343,UP,False,overbought,in_sample
2023-11-09 14:00:00,37597.3,84.70433001145898,531.234955701607,99.7252462277863,352.18220457320086,10,True,True,40.10952914172052,UP,False,overbought,in_sample
2023-11-10 11:15:00,36949.91,82.5032188977984,34.617134385443286,83.97314093593158,-3.336949941148563,3,True,True,27.559065773096513,UP,False,overbought,in_sample
2023-11-10 12:45:00,37185.32,80.24868809376,97.16737680353422,20.134289552974835,41.16678302082697,5,True,True,36.99000035497862,UP,False,overbought,in_sample
2023-11-14 07:30:00,36679.3,85.7886266094416,77.25883536490736,17.639376978294866,55.19189297505741,10,True,True,14.718110760020213,UP,False,overbought,in_sample
2023-11-15 11:15:00,36172.0,82.10617177384528,46.9009178370014,62.285745880792575,19.940838217405005,9,True,True,24.491319252460507,UP,False,overbought,in_sample
2023-11-15 18:00:00,37055.62,91.88449398303494,86.47001453490874,211.97324454428124,-98.80282666974546,1,True,True,42.31719776919148,UP,False,overbought,in_sample
2023-11-18 16:00:00,36805.56,83.01875868457645,55.823087598721266,0.4483018326582873,36.14671261624626,4,True,True,20.09533342244998,UP,False,overbought,in_sample
2023-11-19 18:30:00,36783.99,83.12597639707013,3.803285070487993,66.3087392096408,-19.03273679663409,2,True,False,17.2269239960104,UP,False,overbought,in_sample
2023-11-19 19:45:00,36948.97,88.55358803545269,40.31776799190916,36.604538638018866,4.029882294418334,3,True,True,19.57957150091087,UP,False,overbought,in_sample
2023-11-22 18:30:00,37150.01,86.5304091158707,23.26513505649131,153.42660742217723,-146.43603056903476,1,True,True,39.32542683030239,UP,False,overbought,in_sample
2023-11-22 19:45:00,37289.98,85.02850959337457,20.158230173361723,153.1564243263191,-60.07511937523076,1,True,True,42.04936554001917,UP,False,overbought,in_sample
2023-11-23 09:45:00,37637.83,80.46289233288041,126.96800001487988,0.4676146313415947,38.612746802884686,6,True,True,16.20696517307195,UP,False,overbought,in_sample
2023-11-26 22:00:00,37726.63,84.81892374394323,107.70376256771264,0.8932682298955988,51.523287396726765,5,True,True,21.761286391071568,UP,False,overbought,in_sample
2023-11-28 00:15:00,37275.56,86.35071090047408,40.92762120810464,18.24519873075067,25.874862778720722,7,True,True,24.027539760636714,UP,False,overbought,in_sample
2023-11-28 16:30:00,37771.11,87.48332065495313,0.6592340018596125,124.13985186032377,-77.79490727172077,2,True,False,28.665162342329896,UP,False,overbought,in_sample
2023-12-01 03:30:00,38031.1,83.17902006906533,9.4370133916714,55.79644028177054,-16.005321960185906,1,True,False,20.820065683085623,UP,False,overbought,in_sample
2023-12-01 09:45:00,38705.24,82.27269383165005,64.65274469296611,33.008450535380234,42.73064835665647,10,True,True,24.773906582158087,UP,False,overbought,in_sample
2023-12-02 19:00:00,39421.99,87.77505832837667,97.6257160026677,60.37493287375956,-31.621945010894553,1,True,True,24.81026452495168,UP,False,overbought,in_sample
2023-12-02 20:45:00,39574.61,81.15984330593724,71.32350767322838,36.01551600887509,33.73374999778899,8,True,True,36.46239343862139,UP,False,overbought,in_sample
2023-12-03 22:15:00,39906.01,82.95448351049282,32.16307518591774,86.20004856411302,-76.49975530001592,5,True,True,18.388458279843004,UP,False,overbought,in_sample
2023-12-04 01:15:00,40640.67,80.5967302810694,42.88069069727365,60.11465854278607,-17.002672446098586,4,True,True,40.301377905433064,UP,False,overbought,in_sample
2023-12-04 02:45:00,40679.97,85.04350473098114,2.453295811182555,209.2012358907833,-143.48093177059872,1,True,False,47.33939085992432,UP,False,overbought,in_sample
2023-12-04 05:30:00,41407.93,82.04486444761497,24.03404372061023,82.60978030053656,-5.59796154987711,9,True,True,45.00164582001589,UP,False,overbought,in_sample
2023-12-04 06:15:00,41686.31,80.23167786202652,90.6532624259605,10.802107454461389,1.0579012630276503,6,True,True,43.891987561384234,UP,False,overbought,in_sample
2023-12-04 19:15:00,41878.2,81.48247894676838,38.33975672306777,41.59204550338847,-38.63346562173181,7,True,True,36.32211986188517,UP,False,overbought,in_sample
2023-12-05 17:00:00,43172.0,83.68940241841679,64.94487167608575,214.95413694060966,-118.81543593069514,1,True,True,51.07778189567314,UP,False,overbought,in_sample
2023-12-06 10:30:00,44220.0,84.0094746356111,200.07236544550003,0.0,44.16327453640906,4,True,True,35.365332428765335,UP,False,overbought,in_sample
2023-12-07 15:30:00,43821.45,82.97241613130359,141.58363084744917,4.493233336642747,90.59946669952657,9,True,True,36.99272844691349,UP,False,overbought,in_sample
2023-12-08 11:30:00,43654.03,81.19713816370083,46.04614969110573,33.43563011250029,11.506383259459877,8,True,True,23.687160154515134,UP,False,overbought,in_sample
2023-12-08 13:15:00,43735.68,81.04937248892,64.62915404539349,67.3317529303313,-5.775604723649441,1,True,True,24.83384275721799,UP,False,overbought,in_sample
2023-12-08 20:30:00,44221.1,85.92562974810087,15.270990545237192,108.29671808254464,-12.125433333861578,1,True,True,25.814939022321976,UP,False,overbought,in_sample
2023-12-11 23:30:00,41297.9,80.83934527965259,28.965153191809417,138.53004632196757,-115.5143481871949,2,True,True,52.45569387305437,DOWN,False,overbought,in_sample
2023-12-13 15:00:00,41807.09,82.1808487159795,21.859928543220644,97.72026706474928,-57.33955652019817,6,True,True,30.981347900559665,UP,False,overbought,in_sample
2023-12-13 21:45:00,42988.49,81.94764871315842,60.49061039361952,113.2186778367882,48.74327988724444,10,True,True,45.71840043695421,UP,False,overbought,in_sample
2023-12-16 04:00:00,42307.73,83.01272931949488,39.21505597204187,9.653082309071298,29.129428593783032,10,True,True,29.038783219993014,UP,False,overbought,in_sample
2023-12-18 21:00:00,42435.97,83.83204264613806,28.944784342151657,75.84132046468986,-43.621013022678774,1,True,True,37.401407343817155,UP,False,overbought,in_sample
2023-12-18 22:45:00,42511.1,80.14318973004124,0.0,91.48198940982508,-75.06039599069508,1,False,False,39.7640851448211,UP,False,overbought,in_sample
2023-12-18 23:30:00,42621.08,80.04140105211826,12.526665208858953,205.51332814654114,-135.82715407493103,3,True,True,40.97631969907861,UP,False,overbought,in_sample
2023-12-20 13:45:00,43769.44,88.08791930285285,38.19559948676526,117.33300677367534,-34.90563278853895,2,True,True,34.371127435032186,UP,False,overbought,in_sample
2023-12-20 14:15:00,44078.63,84.31392600672643,134.44837101334534,46.36487114050564,87.82487114504134,10,True,True,42.17224990885591,UP,False,overbought,in_sample
2023-12-20 15:00:00,44272.2,81.91338287306624,177.58322378377338,2.4394541043821882,83.4903167224573,7,True,True,48.26222776369812,UP,False,overbought,in_sample
2023-12-21 22:45:00,43949.44,83.36262693895809,51.645709251358646,15.850031308702958,-13.722586681422486,6,True,True,30.09549154665014,UP,False,overbought,in_sample
2023-12-25 05:45:00,43238.0,86.46592781527227,12.285489615616498,22.46403626439645,-2.3012165225026804,6,True,True,16.529094777741914,DOWN,False,overbought,in_sample
2023-12-27 10:15:00,43049.04,84.01895796704113,63.90386405829225,39.71284841659631,31.471085069493583,10,True,True,21.89456489622062,UP,False,overbought,in_sample
2023-12-27 11:30:00,43115.36,80.06634232640398,94.94528168151689,1.011240541653968,35.103499077822505,6,True,True,25.54054981797667,UP,False,overbought,in_sample
2023-12-29 11:15:00,42852.74,81.44469770975817,34.20084690033769,18.02918553166076,6.43366095143501,8,True,True,29.97182910591023,UP,False,overbought,in_sample
2023-12-29 11:45:00,42862.01,85.15628142725001,36.35620448037825,15.862531878462526,12.54490864987528,6,True,True,29.577241011329182,UP,False,overbought,in_sample
2023-12-30 02:15:00,42152.74,80.45750007775275,78.93674290212167,0.002372325026092555,38.60721746676443,4,True,True,29.933641324383743,UP,False,overbought,in_sample
2023-12-30 12:15:00,42077.43,85.76665240336598,45.39250614878333,52.89534080384655,-39.61506204157486,4,True,True,25.022321943141318,UP,False,overbought,in_sample
2023-12-30 16:00:00,42560.15,81.5555192551148,73.4748350276019,12.25794551945852,51.46598402496252,5,True,True,26.985219741941847,UP,False,overbought,in_sample
2024-01-01 09:15:00,42588.01,85.36322224886193,0.002348078720287064,40.94579671602345,-23.995016437723912,1,True,False,16.50159281919968,UP,False,overbought,out_of_sample
2024-01-01 11:00:00,42695.16,85.011273957159,21.067961801760283,19.87110482780636,-10.680367517067166,2,True,True,15.572022683601743,UP,False,overbought,out_of_sample
2024-01-01 19:45:00,43517.99,84.47161875027125,35.93686197363422,71.69448772794884,10.774854261421407,10,True,True,28.821413856660286,UP,False,overbought,out_of_sample
2024-01-02 00:45:00,45056.0,82.86758110944677,82.1200284090909,91.75914417613643,-57.86354758522708,4,True,True,47.651700106533994,UP,False,overbought,out_of_sample
2024-01-02 01:45:00,44855.96,82.2015532716367,0.0022293581504079433,143.57958228962235,-112.87463249030846,1,True,False,52.79387622068495,UP,False,overbought,out_of_sample
2024-01-04 15:15:00,44154.01,82.81918214714861,85.19045042568081,39.855949663461125,37.14271931360254,5,True,True,43.579960234642314,UP,False,overbought,out_of_sample
2024-01-07 13:15:00,44386.49,86.15486518360495,99.43115574130698,21.200144458369774,76.35656705452453,10,True,True,19.53285785832579,UP,False,overbought,out_of_sample
2024-01-08 06:15:00,44146.8,80.3213071180081,81.98555727708516,3.4679750287671296,63.0328812054337,5,True,True,40.00176683247703,UP,False,overbought,out_of_sample
2024-01-08 12:00:00,45141.09,86.67911424018243,175.24831589135232,13.050194401598079,20.402697409388775,1,True,True,38.2563868085596,UP,False,overbought,out_of_sample
2024-01-08 18:15:00,45998.81,89.4084675169651,4.95882393479259,271.7852918368976,-168.52609882734018,1,True,False,53.363337008065955,UP,False,overbought,out_of_sample
2024-01-09 21:00:00,47918.36,81.95646077626957,661.477145711999,11.19403919499737,391.8831946669301,1,True,True,45.24873138396227,UP,False,overbought,out_of_sample
2024-01-11 11:00:00,46984.05,85.92932082540483,47.07767848876423,102.33685686951203,-11.50816074816873,10,True,True,34.626538154969616,UP,False,overbought,out_of_sample
2024-01-11 12:00:00,47016.52,82.72519729202376,53.9512494757154,326.15769946393385,-320.6489974162277,6,True,True,36.42655815445298,UP,False,overbought,out_of_sample
2024-01-13 06:15:00,43070.01,83.77891484117984,27.715340674404906,42.941712806659915,-23.21801179057075,1,True,True,38.01891385676488,UP,False,overbought,out_of_sample
2024-01-13 06:45:00,43149.99,85.88049307198709,60.94787043983045,24.32677272926394,33.83546554703721,10,True,True,35.32040216000052,UP,False,overbought,out_of_sample
2024-01-15 03:15:00,42617.85,81.01489275256718,27.885029394959275,48.53130789094282,-28.626502744741934,4,True,True,49.093396311639566,UP,False,overbought,out_of_sample
2024-01-15 18:15:00,43156.0,84.39872325741871,76.5038465103354,56.6387060895357,45.416628047085,6,True,True,42.239665399944485,UP,False,overbought,out_of_sample
2024-01-18 07:00:00,42908.74,84.37827225130992,46.407794775609204,4.954701536330836,26.770769777904302,9,True,True,15.925310321393793,UP,False,overbought,out_of_sample
2024-01-19 06:45:00,41474.0,86.56420010349218,79.72946906495594,24.5937213676038,38.33244924531109,5,True,True,27.17461542170992,UP,False,overbought,out_of_sample
2024-01-19 20:00:00,42162.85,86.24005478679456,153.03756743199287,0.0023717561792045054,136.4020695944417,3,True,True,67.60050613276844,UP,False,overbought,out_of_sample
2024-01-23 03:00:00,40109.62,86.2675579853309,32.43610884371525,16.7341400890847,4.031451806326145,3,True,True,41.117691965169456,DOWN,False,overbought,out_of_sample
2024-01-24 00:45:00,40179.52,83.50611487154615,150.23325315981808,0.002488830130881919,139.2600011149943,10,True,True,42.00958597813031,UP,False,overbought,out_of_sample
2024-01-26 11:00:00,40814.87,80.95919930698251,8.977120348539493,167.86284018545138,-77.04299927942857,1,True,False,30.815974668055848,UP,False,overbought,out_of_sample
2024-01-26 13:15:00,41192.01,81.4624128000724,67.36986129106155,96.13272088446229,-56.07398133764191,2,True,True,47.407737568523686,UP,False,overbought,out_of_sample
2024-01-26 18:45:00,42105.01,80.49029000714783,63.21813009900728,33.68007750146542,23.892643654519624,8,True,True,46.71201835601031,UP,False,overbought,out_of_sample
2024-01-27 21:15:00,42106.01,88.04406045504368,6.355387271318758,22.322229059461574,-3.472188412056935,3,True,False,14.23549749786299,UP,False,overbought,out_of_sample
2024-01-28 04:15:00,42407.02,81.32253548688199,26.731423240773182,102.7329909057518,-1.473812590462617,10,True,True,19.08693419155581,UP,False,overbought,out_of_sample
2024-01-29 03:30:00,42458.16,84.69967064371869,77.03112899852582,0.15780241065516115,64.87092233860353,9,True,True,27.472810880170105,UP,False,overbought,out_of_sample
2024-01-29 16:45:00,43200.0,83.42992213570605,73.21296296296269,25.15972222222276,38.93518518518451,8,True,True,46.14039351851851,UP,False,overbought,out_of_sample
2024-01-29 18:00:00,43088.53,81.94808825426864,47.53237114378181,14.839215911984542,-3.5809993982157877,3,True,True,49.93846390211041,UP,False,overbought,out_of_sample
2024-01-31 17:30:00,43556.66,85.90442288306437,193.09561385101725,43.26548454358004,148.8038798199877,10,True,True,44.56827038620497,UP,False,overbought,out_of_sample
2024-02-01 15:15:00,42905.24,84.11260178881336,126.1477619050722,61.5286151528357,-4.372426305039207,5,True,True,33.55068052293846,UP,False,overbought,out_of_sample
2024-02-03 00:15:00,43356.0,80.09760174310136,46.52643232770578,2.9892056462771306,38.753575053048436,8,True,True,18.350631977119676,UP,False,overbought,out_of_sample
2024-02-07 21:00:00,44154.0,81.3263730209621,8.701363409883193,54.92141142365357,-21.889296552974013,3,True,False,39.7492865878517,UP,False,overbought,out_of_sample
2024-02-09 02:45:00,46285.23,90.1811750835136,92.95189847819773,13.993664933715742,44.214968792420706,6,True,True,30.24474546199716,UP,False,overbought,out_of_sample
2024-02-09 12:00:00,47420.89,85.81235365126508,162.141621551177,62.95748561446293,57.64758949062378,9,True,True,40.61068866484811,UP,False,overbought,out_of_sample
2024-02-10 20:30:00,47903.65,83.85568371587256,62.07668935456956,55.60119114096703,17.712637763510408,7,True,True,21.473311532628394,UP,False,overbought,out_of_sample
2024-02-10 21:15:00,48074.0,84.95594257397292,97.29167533386054,15.769438781877453,67.16936389732568,4,True,True,28.04249698381642,UP,False,overbought,out_of_sample
2024-02-11 03:45:00,48519.61,81.46549125979517,79.613170839584,15.05576817291048,70.30765498733345,8,True,True,30.28074627970001,UP,False,overbought,out_of_sample
2024-02-12 14:45:00,48798.0,86.41547726721159,26.3555883437847,271.5275216197385,-255.90393048895487,1,True,True,30.254928480675456,UP,False,overbought,out_of_sample
2024-02-12 16:45:00,49582.33,80.43712651450069,6.298614849282638,151.76576010042245,-55.56213271945831,1,True,False,50.934476052254844,UP,False,overbought,out_of_sample
2024-02-14 07:45:00,49838.93,80.5590053635039,19.611175440563827,370.6078762124307,-295.45176832648696,1,True,True,22.21516392908122,UP,False,overbought,out_of_sample
2024-02-14 08:45:00,50758.0,88.53902366305844,25.90133575002978,182.8283226289452,-125.6984120729731,1,True,True,31.854880018913338,UP,False,overbought,out_of_sample
2024-02-14 11:15:00,51396.02,80.68387386641771,24.4882774969722,84.23025751799526,-75.87941634391248,1,True,True,53.69063596753206,UP,False,overbought,out_of_sample
2024-02-15 00:30:00,52357.99,85.40719269621952,122.31370990368352,11.461478945238737,39.57371167227716,4,True,True,30.88344300459202,UP,False,overbought,out_of_sample
2024-02-15 11:15:00,52373.31,81.79618893341251,56.003716396767295,23.830840556001704,29.70597046472611,4,True,True,29.59513156605918,UP,False,overbought,out_of_sample
2024-02-17 19:30:00,51411.1,86.74110172105351,21.02658764352417,120.41757519290616,-56.85931637331232,3,True,True,27.980144365710938,UP,False,overbought,out_of_sample
2024-02-17 20:45:00,51514.0,84.13149794534407,13.507007803704187,100.20188686570647,-23.500407656170687,1,True,True,22.76235586442531,UP,False,overbought,out_of_sample
2024-02-17 21:15:00,51840.77,84.8555467591399,48.373124087469535,36.536880142791766,38.21895392371629,6,True,True,25.288204631219983,UP,False,overbought,out_of_sample
2024-02-18 10:00:00,51963.24,83.99110532923869,60.281075621920024,0.7697749409005289,44.29285009941571,10,True,True,19.37340704698178,UP,False,overbought,out_of_sample
2024-02-20 20:45:00,51990.63,83.09563032428025,17.22041067784692,101.30094595891713,-63.734561400775604,1,True,True,41.20030859406773,UP,False,overbought,out_of_sample
2024-02-21 23:45:00,51849.39,82.72394130116868,134.17708482201954,5.552620773359315,79.34326710497452,8,True,True,31.99632628272011,UP,False,overbought,out_of_sample
2024-02-24 05:15:00,51032.71,88.84969109800628,18.405842056986643,13.94399787900809,-7.0523395680923,7,True,True,17.052788299896353,UP,False,overbought,out_of_sample
2024-02-24 17:30:00,51558.92,85.20318153275707,29.45174181305554,26.97496378900135,14.695808213204776,5,True,True,12.75647356461298,UP,False,overbought,out_of_sample
2024-02-25 20:00:00,51899.99,87.42770932863893,49.9248651107641,11.283239168255129,7.874760669509829,5,True,True,20.686709188190793,UP,False,overbought,out_of_sample
2024-02-26 15:00:00,51925.89,81.42497520787248,0.0,331.59181287022716,-285.22958393202344,1,False,False,25.149111551097068,UP,False,overbought,out_of_sample
2024-02-26 19:45:00,54487.11,84.31084962217318,42.01177122442418,77.61285192038987,-11.176955430376369,2,True,True,60.08439427233321,UP,False,overbought,out_of_sample
2024-02-26 22:00:00,54772.94,83.3219248058846,60.89138176625247,6.291427847400399,56.31795554520191,7,True,True,48.71566141967162,UP,False,overbought,out_of_sample
2024-02-27 01:45:00,55768.41,80.00973767299143,45.00217954931854,234.0805484682086,-38.15780295690618,8,True,True,38.60447159960271,UP,False,overbought,out_of_sample
2024-02-28 05:00:00,57226.01,87.50000000000091,30.229261134928894,133.5022308911622,-107.79713630218102,5,True,True,22.159241925131646,UP,False,overbought,out_of_sample
2024-02-28 07:30:00,57842.89,84.90736265506683,7.067420040734026,284.38931733874256,-219.25253043200317,1,True,False,22.940935350913687,UP,False,overbought,out_of_sample
2024-02-28 15:00:00,61201.4,82.73185838185988,408.7161404804467,457.2771211116083,-6.797230128722307,10,True,True,70.56423545866588,UP,False,overbought,out_of_sample
2024-02-28 16:15:00,61408.89,80.62213293352144,441.12342691750325,421.9437934800646,49.97647734717261,5,True,True,80.31320872271094,UP,False,overbought,out_of_sample
2024-02-28 16:45:00,62412.01,81.14655924923815,594.7589254055432,254.43660603143496,163.97485035332164,3,True,True,81.99070980088605,UP,False,overbought,out_of_sample
2024-02-28 23:45:00,62432.1,86.3514363905108,226.00553241041067,0.9802649598528033,182.18032070040886,6,True,True,83.49094456217239,UP,False,overbought,out_of_sample
2024-03-03 12:15:00,62568.01,80.14168984700969,98.10284840448097,11.534648456934821,74.37187150430415,4,True,True,29.66172329917483,UP,False,overbought,out_of_sample
2024-03-04 00:30:00,64148.37,84.94423270933736,288.13982335014947,0.0,89.22128496795845,1,True,True,35.23090298319351,UP,False,overbought,out_of_sample
2024-03-04 08:30:00,65456.7,85.70358126721779,126.97095942814113,15.017561227498929,64.33413233481073,2,True,True,42.80722981757418,UP,False,overbought,out_of_sample
2024-03-04 17:15:00,67314.43,84.03202985498847,180.4115402893545,31.280068775745743,-13.493392130038352,5,True,True,71.10837899095324,UP,False,overbought,out_of_sample
2024-03-06 05:45:00,66406.8,82.7444793683118,136.55228079052188,185.86951938656927,-138.34125420890527,5,True,True,72.28777775769947,UP,False,overbought,out_of_sample
2024-03-06 07:00:00,66174.41,81.83746050924718,36.17561531715952,221.6400569343954,-83.95843650136004,2,True,True,75.74287402033495,UP,False,overbought,out_of_sample
2024-03-06 07:45:00,66676.46,82.44474348592382,95.210513575556,144.6747472796245,36.15368902308434,8,True,True,74.5726452784085,UP,False,overbought,out_of_sample
2024-03-08 15:00:00,68791.91,80.43838697430314,393.8326468911824,174.16146753302772,70.95020330152218,4,True,True,37.43877732134481,UP,False,overbought,out_of_sample
2024-03-08 19:30:00,68611.99,83.16350510991134,117.24044150300894,111.78949918228501,46.841667177996065,9,True,True,105.0991962192029,UP,False,overbought,out_of_sample
2024-03-11 07:00:00,70447.12,85.56218797482096,63.4688827591526,192.0419173984692,-149.6271245723036,1,True,True,36.85161295451088,UP,False,overbought,out_of_sample
2024-03-13 01:45:00,72005.37,81.19731868235115,19.208289603955606,29.500577526370364,-8.793788574380908,2,True,True,40.445386226055135,UP,False,overbought,out_of_sample
2024-03-13 04:15:00,72068.69,82.05145690654726,11.994112838737921,91.05896055554777,-88.70842525374024,4,True,False,29.246195539283228,UP,False,overbought,out_of_sample
2024-03-13 06:30:00,72561.1,82.66064884102005,13.46589288199964,150.10108722166478,-144.25084514981125,1,True,True,23.036792441128682,UP,False,overbought,out_of_sample
2024-03-13 08:00:00,73190.02,82.62355142129609,14.571658813593537,62.881524011059966,5.877850559407427,1,True,True,29.626716866589053,UP,False,overbought,out_of_sample
2024-03-14 23:00:00,71700.01,86.68686474866101,62.205012244767445,100.376555038139,-27.891209499135424,5,True,True,80.93269443058645,UP,False,overbought,out_of_sample
2024-03-16 00:00:00,69772.0,83.49374536354574,120.39070114085955,38.84079573467867,79.79848649888265,10,True,True,79.0157943014387,UP,False,overbought,out_of_sample
2024-03-17 10:15:00,67060.05,82.96115529089559,92.92119525708743,67.8421802548607,70.96028112117432,10,True,True,71.23734622923794,UP,False,overbought,out_of_sample
2024-03-17 16:15:00,68149.61,80.88807507438764,43.67009583767252,79.84491767451046,-3.3441130477479764,2,True,True,51.2856933443933,UP,False,overbought,out_of_sample
2024-03-20 08:45:00,62684.71,80.28677664757673,7.132520833230165,203.08461186148884,-182.97125407455894,1,True,False,84.81342579394546,UP,False,overbought,out_of_sample
2024-03-20 10:15:00,63256.03,80.09600089526226,57.65932512678964,173.50756915980986,-126.47647979172909,2,True,True,69.17901739960598,UP,False,overbought,out_of_sample
2024-03-20 19:45:00,65784.46,87.09478466590566,19.465083395075812,351.9889043704232,-292.09634007788367,1,True,True,100.35515986602296,UP,False,overbought,out_of_sample
2024-03-20 21:45:00,67676.15,85.00656855906777,47.42291043447179,62.62915369742603,-1.1599359597148806,4,True,True,95.89537820931011,UP,False,overbought,out_of_sample
2024-03-23 01:30:00,64074.49,81.38243396443409,167.69388254202224,46.88605402867905,46.86888651006004,8,True,True,53.8594220570464,UP,False,overbought,out_of_sample
2024-03-23 07:00:00,64503.69,87.37795147370107,49.21888964801908,54.79531481067162,5.674093993693356,9,True,True,39.65703357435838,UP,False,overbought,out_of_sample
2024-03-24 20:30:00,66240.5,81.74776711262625,17.87426121481483,203.72732693744763,-197.25394584883801,1,True,True,50.21995606917215,UP,False,overbought,out_of_sample
2024-03-24 23:00:00,67547.12,83.01830815474044,154.43293511255465,12.076014491810604,135.87996053717788,7,True,True,47.280328162029626,UP,False,overbought,out_of_sample
2024-03-25 05:15:00,67559.17,80.3569591294507,125.69278160166833,26.766166606250753,109.23461611502864,10,True,True,37.3314236986631,UP,False,overbought,out_of_sample
2024-03-25 14:00:00,68582.56,82.55112726747504,1.0673267372918762,246.4824876761676,-214.79221539703474,1,True,False,44.05587951222591,UP,False,overbought,out_of_sample
2024-03-26 07:15:00,71485.24,80.90911736460752,170.1861810913696,9.620167743717376,47.98333194377039,3,True,True,29.77803529791587,UP,False,overbought,out_of_sample
2024-03-27 13:15:00,71658.0,81.72249752229882,435.9583019341881,15.565603282256497,388.51209913757015,3,True,True,40.32962125652398,UP,False,overbought,out_of_sample
2024-03-28 06:45:00,70363.74,80.5604828363288,24.306553346936763,81.93850980632756,-41.53559773826615,2,True,True,34.084458842011486,UP,False,overbought,out_of_sample
2024-03-28 08:30:00,70643.0,83.39616335806413,43.25552425576589,45.245813456394075,-21.82664949110348,7,True,True,32.80240080404268,UP,False,overbought,out_of_sample
2024-03-28 09:00:00,70756.01,83.12158510560973,59.15822556981404,29.201759680910484,26.96732051453971,5,True,True,34.14522667403089,UP,False,overbought,out_of_sample
2024-03-29 20:15:00,69646.96,84.44844704125157,51.25277542623632,24.97309286722536,-23.122330106008015,5,True,True,32.67464940321847,DOWN,False,overbought,out_of_sample
2024-03-30 01:00:00,69960.61,84.51063082059358,18.943516930455413,31.054617734178528,18.194524032879873,10,True,True,18.881982304042165,UP,False,overbought,out_of_sample
2024-04-01 21:30:00,69699.99,83.30307818155354,34.91105235452713,25.25825326517096,17.64275719408298,10,True,True,40.34878627672704,UP,False,overbought,out_of_sample
2024-04-03 03:45:00,66225.79,82.92072404012018,46.17385462672376,38.172440072063004,-10.165224152102526,8,True,True,43.841379619631354,UP,False,overbought,out_of_sample
2024-04-04 07:45:00,66091.6,82.11442745740264,9.62300806759192,57.10105368912228,-41.236707841842765,1,True,False,31.555371635729777,UP,False,overbought,out_of_sample
2024-04-04 08:45:00,66220.01,80.04744832604457,16.786466809652996,37.598907037315534,-1.8196916611765703,9,True,True,31.85381578770527,UP,False,overbought,out_of_sample
2024-04-04 13:30:00,67351.99,82.90750793337097,41.02180202841937,85.47631628998595,-51.67033668938286,2,True,True,29.57804216326792,UP,False,overbought,out_of_sample
2024-04-04 14:00:00,67588.45,81.8128831273232,26.575546561578992,88.70598452842208,-39.7567927656288,1,True,True,34.5252776176994,UP,False,overbought,out_of_sample
2024-04-04 18:15:00,68824.0,81.81807961054847,218.52842031849354,38.101534348482495,129.71347204463635,8,True,True,49.68506625595745,UP,False,overbought,out_of_sample
2024-04-06 23:00:00,69556.97,83.580606591334,108.82733966128788,14.11648609765525,20.325784748818798,3,True,True,24.25989803753681,UP,False,overbought,out_of_sample
2024-04-08 07:30:00,70650.78,86.63648051875462,14.158371641473575,282.97210589890176,-187.00572024824163,1,True,True,25.40623047615308,UP,False,overbought,out_of_sample
2024-04-10 06:15:00,69457.42,83.61714915356139,94.65079468831382,8.289971035492211,64.14001556637146,7,True,True,34.231979823034045,UP,False,overbought,out_of_sample
2024-04-12 03:15:00,70914.0,84.3474970676146,17.99503624108083,44.20283723947407,-5.967791973377187,1,True,True,24.807865865696456,UP,False,overbought,out_of_sample
2024-04-13 05:15:00,67669.45,90.97381823530398,81.0676014065434,0.0,32.94396511276403,8,True,True,47.41733529679972,UP,False,overbought,out_of_sample
2024-04-14 06:30:00,64833.92,86.0039884584661,91.04339210092446,8.339770293081108,65.69092228265721,5,True,True,68.5041873142948,UP,False,overbought,out_of_sample
2024-04-15 07:30:00,66317.29,84.08453095953064,38.121280287538546,82.90145752337187,-34.372634949349056,2,True,True,44.439165110637,UP,False,overbought,out_of_sample
2024-04-16 08:00:00,63369.99,85.45427945989273,279.3104433186747,32.878338784651625,167.14378525229293,10,True,True,57.62491046629483,UP,False,overbought,out_of_sample
2024-04-18 11:15:00,62933.34,80.43880884831734,214.9305916387081,22.03283664906447,19.598514873038127,5,True,True,48.46532855240169,UP,False,overbought,out_of_sample
2024-04-18 21:30:00,63607.45,80.99265863143873,109.23405984676288,13.341204528714888,109.02182055718303,10,True,True,54.20552152302915,UP,False,overbought,out_of_sample
2024-04-19 08:45:00,64639.02,81.27675944461464,33.883558259391435,88.84571579210218,-11.825674337265994,7,True,True,85.3424912692055,UP,False,overbought,out_of_sample
2024-04-20 15:45:00,64808.35,87.76758206735383,54.28467165110633,94.22396959651056,-28.800301195756635,1,True,True,31.83987865761111,UP,False,overbought,out_of_sample
2024-04-20 17:15:00,65254.37,83.76265940566917,70.88873894575975,25.22896167720221,59.448892081863676,7,True,True,38.6893628733216,UP,False,overbought,out_of_sample
2024-04-22 05:00:00,65825.35,83.23204099764388,2.74210467547881,99.42218309511412,-28.713861756905924,1,True,False,43.05544900255014,UP,False,overbought,out_of_sample
2024-04-25 18:00:00,64733.86,83.89679167436384,43.508914809035254,39.87712149406808,-20.205808830186076,3,True,True,51.75189614832174,UP,False,overbought,out_of_sample
2024-04-28 03:00:00,64306.56,82.69578255353485,77.21762756396822,9.865245474179048,69.4812473253114,9,True,True,21.022116561669673,UP,False,overbought,out_of_sample
2024-04-29 17:15:00,63184.22,80.96770437488759,100.95083867459287,3.4470632066042493,31.154930772271708,8,True,True,45.001979924734385,UP,False,overbought,out_of_sample
2024-04-29 22:30:00,63746.0,84.19669530078204,9.092335205346082,154.9901170269507,-95.83817023813263,6,True,False,28.961503466884317,UP,False,overbought,out_of_sample
2024-04-30 00:30:00,64177.99,85.45986826055147,184.2204780797904,86.63562071669774,91.92715446526157,6,True,True,32.461284624214784,UP,False,overbought,out_of_sample
2024-05-02 12:00:00,58866.82,84.97327991591507,109.53878602581212,73.58644479181996,-66.97491048437847,7,True,True,39.68126696838728,UP,False,overbought,out_of_sample
2024-05-02 12:30:00,58816.22,80.38640181245404,101.029953982082,82.25282073550439,-73.94048784501952,5,True,True,44.16383779848489,UP,False,overbought,out_of_sample
2024-05-03 13:30:00,61541.94,81.89017157075513,33.513730636375776,93.22098068406635,-37.060905132336494,7,True,True,55.38475062697087,UP,False,overbought,out_of_sample
2024-05-04 10:45:00,64420.91,82.55272579754964,118.30320310594846,18.486233739945074,104.6259669414794,4,True,True,33.412055185187505,UP,False,overbought,out_of_sample
2024-05-06 08:30:00,65439.11,83.34492033734955,248.12837460656223,9.304833149472756,166.03679359331124,9,True,True,33.16243145727383,UP,False,overbought,out_of_sample
2024-05-09 02:45:00,61664.64,83.25946877271926,39.67265518780284,23.082920779234872,27.579825326151212,7,True,True,28.20927844547539,DOWN,False,overbought,out_of_sample
2024-05-09 22:45:00,63280.47,80.42770863140852,97.72367367056557,7.828639705109787,69.89676277688798,10,True,True,34.370398955633526,UP,False,overbought,out_of_sample
2024-05-12 16:15:00,61708.31,81.92954881656796,97.01124532498126,14.23795271657911,54.18557079265262,3,True,True,19.73356586819504,UP,False,overbought,out_of_sample
2024-05-13 07:45:00,62334.37,83.17656752849028,0.00160425139486246,154.18620578021412,-50.843539447017804,1,True,False,35.77753332551525,UP,False,overbought,out_of_sample
2024-05-15 12:30:00,63666.04,80.36337323847786,27.22487530243781,192.2469184513438,-190.2238618893215,1,True,True,45.97058337537585,UP,False,overbought,out_of_sample
2024-05-15 13:30:00,64356.6,83.86883293074352,67.1213208901653,110.17984169455842,-106.58580471933016,1,True,True,56.00925157637299,UP,False,overbought,out_of_sample
2024-05-15 14:45:00,64500.0,85.78187425527449,20.59844961240319,100.7751937984496,-87.13178294573643,1,True,True,58.82930232558148,UP,False,overbought,out_of_sample
2024-05-16 08:45:00,66297.12,82.46010836605848,44.816426414902395,14.012675060396099,15.4275178167617,10,True,True,21.798005705225375,UP,False,overbought,out_of_sample
2024-05-20 04:30:00,67055.01,80.42045115346883,115.631926682286,35.93765775294202,56.22398684304048,9,True,True,26.12161268785146,UP,False,overbought,out_of_sample
2024-05-20 10:15:00,67139.98,80.16147158959402,52.25202628895517,23.833787260586625,30.323214275606954,10,True,True,27.77212623536713,UP,False,overbought,out_of_sample
2024-05-20 17:00:00,68399.8,83.65101724230134,43.85392939745532,231.02406732183383,-196.09706461130045,2,True,True,42.06788616340991,UP,False,overbought,out_of_sample
2024-05-20 17:30:00,68280.01,88.47797580178366,13.768304954846194,313.59544323441236,-203.8722607099806,1,True,True,43.94880727170374,UP,False,overbought,out_of_sample
2024-05-21 00:30:00,71400.01,86.52363568865235,97.20026649856139,14.004199719300495,15.481790548767934,3,True,True,64.51749796673703,UP,False,overbought,out_of_sample
2024-05-21 23:00:00,70181.99,80.19885807047608,24.829731958300027,27.89604569491387,10.484171223985204,8,True,True,32.22728509123222,DOWN,False,overbought,out_of_sample
2024-05-24 17:15:00,68555.98,83.34190069079933,0.0,101.23405718946825,-81.68506963214588,1,False,False,42.77868976564814,UP,False,overbought,out_of_sample
2024-05-24 19:45:00,69115.98,80.94780067330103,54.06853812967668,14.181959078060396,51.00267694967138,10,True,True,36.60311262315904,UP,False,overbought,out_of_sample
2024-05-25 10:00:00,69109.98,81.16311211078369,13.228190776498309,72.35134491429518,-9.366230463387557,8,True,True,12.48206120158047,UP,False,overbought,out_of_sample
2024-05-25 11:00:00,69498.03,86.23004150618927,88.57805034185945,16.111248045448363,68.7818057576602,10,True,True,15.874047077305908,UP,False,overbought,out_of_sample
2024-05-26 08:00:00,69467.02,80.3648764295526,70.89263365551035,13.70578441395526,41.69316605203514,6,True,True,13.522531987121198,UP,False,overbought,out_of_sample
2024-05-27 02:45:00,69111.35,80.34951389545506,107.75219989191389,14.563454483235267,107.7087916818293,10,True,True,20.436006531488683,UP,False,overbought,out_of_sample
2024-05-27 14:45:00,69500.0,86.54332576186482,0.0014388489201095412,170.87194244604285,-96.03309352517886,1,True,False,25.44460431654647,UP,False,overbought,out_of_sample
2024-05-28 22:00:00,68572.53,85.44162963443432,44.69574040800379,12.942500444419943,3.287030535404425,8,True,True,34.7749310110038,UP,False,overbought,out_of_sample
2024-05-31 19:30:00,67854.26,83.78422735299804,52.208954898335755,21.331011494341734,31.872722508504186,9,True,True,34.69192649068747,DOWN,False,overbought,out_of_sample
2024-06-03 06:30:00,69166.22,85.58641526505352,52.36949481987033,24.112926801551225,10.735009083914083,4,True,True,29.022982606249172,UP,False,overbought,out_of_sample
2024-06-04 13:45:00,69527.99,80.45935261521831,29.944774759059136,198.4754629035,-192.04064435057032,3,True,True,26.14285268422097,UP,False,overbought,out_of_sample
2024-06-04 15:45:00,70445.0,80.69549887937103,12.009369011286225,87.79189438569055,-68.70466321243597,7,True,True,39.95485840017039,UP,False,overbought,out_of_sample
2024-06-07 12:00:00,71880.0,87.08598031133353,173.45436839176318,16.279910962716205,64.90678909293307,2,True,True,16.500278241513648,UP,False,overbought,out_of_sample
2024-06-09 12:45:00,69712.95,86.36082856319138,66.40660020842645,9.18767603436706,35.65478150042391,3,True,True,6.256441593706748,UP,False,overbought,out_of_sample
2024-06-12 12:30:00,69417.99,86.57568398530005,55.11107423306364,83.69732399339058,-56.182842516758946,1,True,True,30.586235642950562,UP,False,overbought,out_of_sample
2024-06-12 14:45:00,69960.57,81.3110879022184,95.92117388409027,5.493094181478655,43.373002821446754,7,True,True,43.33298027731893,UP,False,overbought,out_of_sample
2024-06-17 18:15:00,67013.99,80.69655427936294,126.8362024108713,42.50157317897239,91.92856596063044,7,True,True,49.58867543926289,UP,False,overbought,out_of_sample
2024-06-17 18:45:00,67101.48,80.31359196563663,139.7092880812765,1.8658306791450912,77.81050432866687,5,True,True,52.1145733298283,UP,False,overbought,out_of_sample
2024-06-20 07:30:00,65852.0,87.11742059672828,44.42537812063459,11.462066452043358,20.663001883011447,7,True,True,21.31461459029328,UP,False,overbought,out_of_sample
2024-06-24 23:45:00,60293.3,85.39063715070785,6.010618095212111,61.53254175837116,-29.374739813544885,1,True,False,52.88149761250418,DOWN,False,overbought,out_of_sample
2024-06-25 03:15:00,61350.01,87.4823532750191,68.15157813340218,40.56397056822005,53.13772564992247,10,True,True,34.088747499796554,UP,False,overbought,out_of_sample
2024-06-29 00:15:00,60657.95,86.52070783775044,16.147924550697326,57.92150905198804,-17.821241898218755,2,True,True,20.610076667609064,DOWN,False,overbought,out_of_sample
2024-06-29 01:30:00,60991.57,83.87895116067816,47.22619863695932,2.905319538421648,42.55342172696995,5,True,True,18.426644862560497,UP,False,overbought,out_of_sample
2024-06-29 07:15:00,61116.0,81.49129986122492,36.9739511748153,5.013417108449411,23.888997971071404,8,True,True,11.789874991818648,UP,False,overbought,out_of_sample
2024-06-30 07:00:00,61727.58,84.08955349267025,54.75996305055278,8.816156408528935,19.046591491194,3,True,True,17.324022746396206,UP,False,overbought,out_of_sample
2024-07-01 01:00:00,63644.0,83.95818482339395,55.852869084281494,27.39142731443683,42.781723336056636,7,True,True,35.81138834768406,UP,False,overbought,out_of_sample
2024-07-01 17:30:00,63604.0,81.3825593692909,83.7431608074963,40.525753097289794,48.54726117854205,9,True,True,35.11705238664245,UP,False,overbought,out_of_sample
2024-07-03 23:15:00,60353.6,82.94809407948091,316.402004188648,23.957145886907128,296.9996818748177,10,True,True,30.916714164523757,UP,False,overbought,out_of_sample
2024-07-04 00:15:00,60365.72,83.5244899044514,425.0276481420248,21.9445738409152,230.8578444852482,7,True,True,27.8278797966794,UP,False,overbought,out_of_sample
2024-07-06 17:30:00,57952.5,82.64305615087855,38.048401708295586,13.661188041930592,5.9548768387907405,6,True,True,42.822915318579874,UP,False,overbought,out_of_sample
2024-07-08 08:45:00,57792.0,85.2437495564964,187.92566445182683,76.95355758582558,114.35665836101873,8,True,True,58.728370708748656,UP,False,overbought,out_of_sample
2024-07-08 19:45:00,56477.31,81.31303052074169,49.101134597238726,87.58030437356254,-68.31947201451447,5,True,True,62.684554204157344,DOWN,False,overbought,out_of_sample
2024-07-10 04:15:00,59260.02,92.3813255977329,74.17817273770655,35.43367012026037,3.6365158162274724,5,True,True,46.01559364981643,UP,False,overbought,out_of_sample
2024-07-11 07:15:00,58195.98,80.14323291669051,26.503548870558625,31.91285721109841,-16.178093400952125,2,True,True,35.89491920232282,UP,False,overbought,out_of_sample
2024-07-12 23:45:00,57889.1,83.65129396151276,21.888403861866763,13.923173792648106,4.681364885617248,3,True,True,28.554339245212102,UP,False,overbought,out_of_sample
2024-07-14 05:45:00,60265.38,87.10989440750858,79.43034624522322,22.337866284092563,-8.321527218446388,4,True,True,37.168188435881454,UP,False,overbought,out_of_sample
2024-07-14 21:15:00,60750.0,80.04245427690539,20.541563786008375,110.40164609053537,-7.886419753086995,1,True,True,24.102880658436153,UP,False,overbought,out_of_sample
2024-07-15 03:15:00,62420.57,83.9190454689877,1.3729448481485684,87.72428704191611,-60.78444974148718,1,True,False,49.37915498048162,UP,False,overbought,out_of_sample
2024-07-15 05:00:00,62717.99,86.14414943667518,10.813484296929749,58.35805643643906,-42.09478014202975,1,True,False,48.760810096114376,UP,False,overbought,out_of_sample
2024-07-15 14:45:00,63218.06,82.42033064536065,57.904339361251786,80.98002374637917,-41.117996977446374,5,True,True,32.48130360216683,UP,False,overbought,out_of_sample
2024-07-15 23:15:00,64514.0,81.75635398038254,12.059397960133134,68.43320829587346,-51.78410887559316,5,True,True,51.10619400440218,UP,False,overbought,out_of_sample
2024-07-16 00:45:00,64611.44,80.37219453210247,22.319576842738552,39.085957533217154,-21.442023270182627,1,True,True,45.709474978424915,UP,False,overbought,out_of_sample
2024-07-16 11:45:00,63746.11,88.10325911584363,107.03084470566107,81.45124463280993,22.606869658399642,9,True,True,47.17119209313314,DOWN,False,overbought,out_of_sample
2024-07-17 01:15:00,65918.91,80.93361122496145,82.46192177631603,16.852523805383992,32.95715903069392,7,True,True,41.3778079764971,UP,False,overbought,out_of_sample
2024-07-18 03:30:00,64891.65,85.79033548965018,75.40261343331584,11.175551862219066,-4.319507979840062,7,True,True,34.02217388523795,UP,False,overbought,out_of_sample
2024-07-19 14:00:00,65546.7,81.18746971467661,42.519303031273445,146.96392038043152,-131.40249623550886,6,True,True,40.08409271557522,UP,False,overbought,out_of_sample
2024-07-19 16:30:00,66408.0,82.94490328687246,30.97367787013648,89.14588603782676,-80.22979159137357,1,True,True,51.7788519455486,UP,False,overbought,out_of_sample
2024-07-19 18:45:00,66787.99,86.01351451112063,0.0,89.538553263842,-48.76775001014281,1,False,False,47.741742190474625,UP,False,overbought,out_of_sample
2024-07-20 19:00:00,67490.01,80.36970091693365,103.58718275489967,0.0,63.27454981855739,8,True,True,27.93376382667609,UP,False,overbought,out_of_sample
2024-07-22 19:45:00,68232.07,85.89882153033403,106.91160329739526,3.5071484713849386,92.60454797868518,10,True,True,33.61476502178504,UP,False,overbought,out_of_sample
2024-07-24 08:45:00,66437.01,89.97125356791109,20.47202304859818,24.533012548277725,-5.168805760525807,1,True,True,21.900142706602782,UP,False,overbought,out_of_sample
2024-07-25 23:30:00,65688.01,82.23576901864588,0.0,134.2710793035137,-125.43993949580835,1,False,False,39.874019627022,UP,False,overbought,out_of_sample
2024-07-26 02:15:00,66856.23,83.99582704679327,23.17809424790956,93.30020553058469,-32.846602328609585,1,True,True,34.06638394058436,UP,False,overbought,out_of_sample
2024-07-27 07:15:00,68263.99,82.79356500443369,54.457701637422595,2.3365173937235557,6.852807754131986,5,True,True,15.674662439156727,UP,False,overbought,out_of_sample
2024-07-27 13:45:00,69226.01,83.60203405383285,92.78593407304457,25.13217214165752,45.65047154963713,8,True,True,22.561173177538322,UP,False,overbought,out_of_sample
2024-07-28 12:30:00,68070.0,80.05783011356488,63.94887615689774,4.407227853680036,58.171000440722956,8,True,True,22.011385338621718,UP,False,overbought,out_of_sample
2024-07-28 19:15:00,68262.01,83.57439028371846,67.44454199341618,0.0,35.17036782245377,7,True,True,20.85186181889436,UP,False,overbought,out_of_sample
2024-07-29 02:30:00,69462.01,81.30758763688193,28.64011565458411,48.65825218705955,1.7290026591506296,7,True,True,35.687205135584065,UP,False,overbought,out_of_sample
2024-07-29 05:15:00,69544.8,82.54889795918359,14.206669657544909,49.34948407357517,2.4142710885656653,10,True,True,30.350435977959375,UP,False,overbought,out_of_sample
2024-08-01 21:00:00,64720.0,84.54484847439909,8.799443757725138,145.2070457354757,-85.55160692212644,1,True,False,55.83683559950548,UP,False,overbought,out_of_sample
2024-08-01 21:30:00,65083.24,81.16116151178686,34.30222588795518,88.58501820130664,-54.81749218385626,1,True,True,55.58351120810821,UP,False,overbought,out_of_sample
2024-08-03 12:30:00,62108.02,85.03151943797192,42.43091310912807,10.464027029038318,19.646416034514832,3,True,True,22.718724570514397,UP,False,overbought,out_of_sample
2024-08-05 09:45:00,52667.8,81.45987822502316,499.8746862409296,0.0,475.77267324627206,10,True,True,180.87797477775786,DOWN,False,overbought,out_of_sample
2024-08-05 16:15:00,55461.76,86.63431728296247,443.86618816279935,0.0018030441144964223,426.40550894886957,10,True,True,200.46623114737085,UP,False,overbought,out_of_sample
2024-08-08 17:00:00,59562.36,82.74737374639187,46.06264761839534,49.05279105797659,-29.164391740018214,8,True,True,85.06496384629479,UP,False,overbought,out_of_sample
2024-08-10 07:30:00,60715.0,84.55705087124957,18.618133904307154,66.15333937247821,-40.55999341184255,4,True,True,21.10985753108777,UP,False,overbought,out_of_sample
2024-08-10 09:15:00,60872.0,81.40900909665788,37.127086345117625,40.19089236430567,-8.029964515704656,4,True,True,20.647341963464157,UP,False,overbought,out_of_sample
2024-08-13 16:30:00,60632.0,84.59368613077052,8.576329331046312,156.03971500197892,8.27615780445974,10,True,False,53.621849848264716,UP,False,overbought,out_of_sample
2024-08-15 16:15:00,59825.74,80.77818862850575,384.6471435204981,3.9514764046377726,326.4347419689248,8,True,True,56.24619102078788,UP,False,overbought,out_of_sample
2024-08-16 18:45:00,59467.0,93.32568011319646,79.53318647316983,58.983974305077105,62.173978845410595,10,True,True,62.20929254880866,UP,False,overbought,out_of_sample
2024-08-18 00:45:00,59678.93,83.66616608620576,47.89462545658941,97.20013411768637,9.269603191612132,5,True,True,17.273265455664205,UP,False,overbought,out_of_sample
2024-08-20 00:45:00,60482.78,80.31665627159786,24.1076881717404,70.72591570691758,-11.548741641835667,5,True,True,41.94168984957347,UP,False,overbought,out_of_sample
2024-08-20 01:15:00,60560.0,89.42552411887628,36.82793923381751,12.610634081902678,-9.772126816380498,3,True,True,44.57992073976201,UP,False,overbought,out_of_sample
2024-08-20 02:30:00,60412.26,83.3514004604535,0.0,97.28819944825734,-84.78080442612149,1,False,False,44.52995137079784,UP,False,overbought,out_of_sample
2024-08-20 05:45:00,61119.99,81.28734747167013,67.42638537735372,3.9316105909046835,66.42671243892546,10,True,True,33.83042111099828,UP,False,overbought,out_of_sample
2024-08-21 18:45:00,60771.28,80.12643880322841,30.05367008889716,172.72139076221555,-77.57447267854162,2,True,True,52.84799003739918,UP,False,overbought,out_of_sample
2024-08-23 18:15:00,63124.69,92.10249557186259,19.751384125609217,110.01558977953019,-79.6914804650915,3,True,True,70.67828768743274,UP,False,overbought,out_of_sample
2024-08-28 11:15:00,59990.0,80.52415526880193,113.32555425904259,28.338056342723785,109.35155859309886,10,True,True,43.99149858309723,UP,False,overbought,out_of_sample
2024-08-29 05:15:00,59340.0,80.62574995074874,13.27098078867543,71.45264577013819,-41.0987529491064,1,True,True,23.08864172564871,UP,False,overbought,out_of_sample
2024-08-29 06:15:00,59490.22,82.59569598759704,19.535984234047405,46.02100983993652,-10.379857395047454,8,True,True,21.604223349653008,UP,False,overbought,out_of_sample
2024-08-29 07:30:00,59628.7,81.55883105958122,42.7143305153386,31.0035268251702,-28.263235656656292,3,True,True,21.45476926379405,UP,False,overbought,out_of_sample
2024-08-30 18:45:00,59370.99,80.64663220393469,113.01647488108215,0.0016843242806019014,54.06512507202557,5,True,True,64.721844793223,UP,False,overbought,out_of_sample
2024-08-31 13:00:00,59200.01,80.88327311628392,52.0033695940255,4.390201961114189,28.043914181771942,4,True,True,13.480065290529641,UP,False,overbought,out_of_sample
2024-09-02 21:00:00,59225.63,82.27945809703827,59.19734412280605,33.77929453853086,10.068276183807143,3,True,True,29.037766250861367,UP,False,overbought,out_of_sample
2024-09-04 16:15:00,58281.1,83.84462688790744,108.97186223321087,40.81940800705571,102.45002239147794,10,True,True,51.39427704693292,UP,False,overbought,out_of_sample
2024-09-04 22:00:00,58371.0,81.53115916908891,82.43648387041551,3.0837230816672663,49.855236333110966,7,True,True,34.49778143256066,UP,False,overbought,out_of_sample
2024-09-06 10:45:00,56178.01,85.46528528738041,93.37995418492108,147.7428623762212,-102.54724223944501,7,True,True,37.547520818199175,DOWN,False,overbought,out_of_sample
2024-09-06 12:45:00,56873.99,80.25515317316298,539.0847380322707,23.562616232833683,469.1775625378141,10,True,True,41.07510304798373,UP,False,overbought,out_of_sample
2024-09-07 00:15:00,53940.01,85.93700894992128,36.05301519224805,24.09899441991167,25.585831370813988,6,True,True,55.25212175526106,DOWN,False,overbought,out_of_sample
2024-09-07 05:00:00,54290.0,81.5629417333461,48.2188248296185,21.25069073494246,2.696629213483039,4,True,True,20.53379996316085,UP,False,overbought,out_of_sample
2024-09-09 09:00:00,55342.49,81.35420681748525,43.81624317951685,20.783307726125816,12.737048875104456,4,True,True,29.187971123091714,UP,False,overbought,out_of_sample
2024-09-09 17:45:00,56514.0,80.26525175618289,44.236826273135854,117.3160632763563,-61.9315567823902,1,True,True,56.64782177867432,UP,False,overbought,out_of_sample
2024-09-09 21:00:00,57504.13,80.64239468594967,78.27437785772963,101.53531581123002,67.3082089929881,8,True,True,47.39963894767216,UP,False,overbought,out_of_sample
2024-09-10 08:00:00,57306.0,84.8021678296906,74.57334310543374,9.423097057899696,34.549610860991514,4,True,True,26.03488290929393,UP,False,overbought,out_of_sample
2024-09-11 17:15:00,57702.9,84.49227179115908,65.42478800892226,48.31819544598238,20.34559788156253,7,True,True,72.05565058255304,UP,False,overbought,out_of_sample
2024-09-13 15:45:00,59667.38,86.55872793937185,59.55850583685682,50.91391644814988,19.975738837534855,4,True,True,46.11564979055556,UP,False,overbought,out_of_sample
2024-09-13 16:45:00,59452.31,82.92964554242772,1.391030895182508,88.75853604342747,-88.23710971028777,1,True,False,48.70231282855116,UP,False,overbought,out_of_sample
2024-09-16 08:15:00,59080.0,80.29243854130269,97.1563981042654,6.0934326337169935,55.85815842924882,8,True,True,23.624238320920867,UP,False,overbought,out_of_sample
2024-09-17 05:30:00,58420.0,84.14936290703176,0.0017117425542686182,73.26258130777131,-58.611776788771564,1,True,False,24.401574803149373,UP,False,overbought,out_of_sample
2024-09-17 10:45:00,59236.0,82.84187706238949,34.32709838611596,35.41089877777062,-5.9271389020191405,4,True,True,24.62911067594031,UP,False,overbought,out_of_sample
2024-09-17 12:45:00,59381.1,81.29393158387998,85.7309817433496,326.5180335157149,-298.5646948271426,4,True,True,27.62309893215171,UP,False,overbought,out_of_sample
2024-09-17 15:00:00,61046.01,81.20563419788549,58.91457934761034,44.88254023481599,35.62722608734055,8,True,True,48.497846132777525,UP,False,overbought,out_of_sample
2024-09-18 23:30:00,61287.76,87.80955565152368,22.477571378037315,212.4013016628434,-116.09332760733868,1,True,True,52.60136771192153,UP,False,overbought,out_of_sample
2024-09-20 03:45:00,63742.16,82.3658506848018,20.92021983566384,61.36597818461066,8.19081123074687,8,True,True,28.210292842288503,UP,False,overbought,out_of_sample
2024-09-23 03:30:00,64500.0,84.6124580309502,139.43875968992208,0.0,130.2356589147282,10,True,True,52.97503875968992,UP,False,overbought,out_of_sample
2024-09-24 08:00:00,63614.66,86.96538187455519,20.539290786118087,52.3998713504083,-8.383287751596011,6,True,True,18.704572185090587,UP,False,overbought,out_of_sample
2024-09-24 17:45:00,63775.86,81.62346700644729,36.90738157039315,128.68035021401485,-78.73198417081362,3,True,True,38.2361758822225,UP,False,overbought,out_of_sample
2024-09-24 19:45:00,64292.34,81.09660826751592,50.65611237668329,47.313567992703696,-19.232462218672,7,True,True,34.41436413731405,UP,False,overbought,out_of_sample
2024-09-26 12:15:00,64522.56,81.75866756245797,57.74104437269658,104.99273432424293,14.866118145343002,5,True,True,23.55455208224849,UP,False,overbought,out_of_sample
2024-10-02 02:45:00,61782.89,82.88498351114265,65.22355946767806,16.203515245078467,55.10425297359788,10,True,True,35.15050849838854,UP,False,overbought,out_of_sample
2024-10-02 03:15:00,61712.01,86.02927729141342,58.66119090919288,27.707734685679164,36.02216165054467,10,True,True,33.17190608440728,UP,False,overbought,out_of_sample
2024-10-03 19:45:00,61036.0,84.13451156919098,72.02306835310284,10.485615046857593,22.937282915000985,5,True,True,44.87761321187486,UP,False,overbought,out_of_sample
2024-10-06 14:15:00,62398.0,80.5819370657947,4.1668002179557035,84.91778582646923,-32.693355556267825,1,True,False,12.161848136158326,UP,False,overbought,out_of_sample
2024-10-07 00:45:00,63677.98,81.4291136330833,12.682563108943159,45.888704384152746,1.7776945813921403,7,True,True,31.14883669362637,UP,False,overbought,out_of_sample
2024-10-11 14:00:00,61922.0,83.28816216821588,46.443913310293034,85.26856367688383,-79.69542327444171,3,True,True,30.009528116016867,UP,False,overbought,out_of_sample
2024-10-11 15:00:00,62217.41,81.097850893876,38.79942929157634,99.33071788105526,-83.35287502324486,2,True,True,32.84506699973516,UP,False,overbought,out_of_sample
2024-10-12 11:15:00,63142.85,80.43633414436397,50.49186091536884,3.6662900074991,11.201584977554218,3,True,True,12.162501375848493,UP,False,overbought,out_of_sample
2024-10-13 22:00:00,63000.0,80.99371798778976,71.82539682539682,7.934920634920311,60.31746031746032,9,True,True,26.0303968253969,UP,False,overbought,out_of_sample
2024-10-14 03:30:00,64017.89,80.26202434196045,37.37548988259326,75.30863638273622,29.594852313938983,8,True,True,32.03979387636798,UP,False,overbought,out_of_sample
2024-10-14 14:30:00,66159.99,80.46863342526957,83.27540557367249,21.15175652233136,74.36518657273074,7,True,True,37.26700986502571,UP,False,overbought,out_of_sample
2024-10-15 13:45:00,67658.0,81.62402087041812,422.41715687723524,43.15823701557835,153.49995565934597,5,True,True,39.334151172071465,UP,False,overbought,out_of_sample
2024-10-16 10:30:00,67564.0,83.14449939381329,0.001480078147350854,127.28672073885502,-31.57894736842114,1,True,False,29.316795926824962,UP,False,overbought,out_of_sample
2024-10-19 21:15:00,68344.72,80.10922756644091,20.70971978523113,10.130994757167084,-4.869432488712929,3,True,True,7.80418736077919,UP,False,overbought,out_of_sample
2024-10-20 22:45:00,69137.28,82.98498644243024,30.947124330027425,55.28710414988921,-40.89255463911817,4,True,True,19.40067645125752,UP,False,overbought,out_of_sample
2024-10-24 12:15:00,67332.0,80.08514485928382,7.722925206439732,98.91284975940117,-67.46717756787324,1,True,False,22.631883799679393,UP,False,overbought,out_of_sample
2024-10-24 12:45:00,67517.75,81.57995609297019,10.034398361912238,71.12944373886867,-30.22464463048709,1,True,False,23.193086262501446,UP,False,overbought,out_of_sample
2024-10-26 05:30:00,67202.02,83.12173188674996,30.71485053574334,5.654591930421139,12.508552570294414,8,True,True,24.228438371346858,UP,False,overbought,out_of_sample
2024-10-27 13:00:00,67606.07,80.9846519252866,3.394665597336399,35.193585428052984,-28.395379290644552,3,True,False,11.837916329110719,UP,False,overbought,out_of_sample
2024-10-27 22:15:00,68300.4,80.95421251546796,67.42273837342096,4.633940650422067,64.49303371576019,10,True,True,21.545920668107595,UP,False,overbought,out_of_sample
2024-10-28 07:15:00,68608.35,81.81706524095033,53.86224854554994,8.332804971989306,5.006679216160396,9,True,True,20.70039579730457,UP,False,overbought,out_of_sample
2024-10-29 02:15:00,71372.0,81.86813931733201,68.23123914139943,19.055091632572996,39.79011377010666,6,True,True,37.46294064899401,UP,False,overbought,out_of_sample
2024-10-29 15:45:00,72402.01,80.24888999414564,7.086819827239283,82.59301088464329,-61.72756806061023,1,True,False,37.738109756897764,UP,False,overbought,out_of_sample
2024-11-01 11:15:00,70187.99,80.05456756845592,41.45581031740632,147.0351266648318,-144.24832510519207,5,True,True,28.671215688040174,UP,False,overbought,out_of_sample
2024-11-01 14:00:00,71352.01,82.42028812344243,323.4681125310969,39.37380320470332,194.25801739852776,7,True,True,39.32243814855382,UP,False,overbought,out_of_sample
2024-11-03 22:00:00,69202.34,84.27550184568616,138.97362430229902,2.8409443958113982,113.62766056754754,10,True,True,32.04920527253854,UP,False,overbought,out_of_sample
2024-11-05 01:00:00,67978.01,83.55529619363185,73.75620439609663,25.28611826089046,-17.94403807937456,2,True,True,42.466306383491236,DOWN,False,overbought,out_of_sample
2024-11-05 14:45:00,69964.0,82.25039529513441,106.84066091132583,87.74655537133432,-24.28963466925881,3,True,True,32.27009604939687,UP,False,overbought,out_of_sample
2024-11-06 02:15:00,72396.7,81.30626907284186,2.3067349754888125,359.5882132749149,-257.5214063624461,1,True,False,62.117817524831835,UP,False,overbought,out_of_sample
2024-11-06 19:45:00,75823.55,84.96571313012421,41.73505461034165,76.0251927006843,16.034596111630457,3,True,True,47.07099575263881,UP,False,overbought,out_of_sample
2024-11-06 20:45:00,76101.99,80.66212306557108,76.48288829240902,8.953773744944042,37.561435647084366,7,True,True,45.01012391397396,UP,False,overbought,out_of_sample
2024-11-09 23:15:00,76817.24,80.9177573113586,42.33945400798118,36.80944537970835,14.961485208269336,3,True,True,20.170016522332634,UP,False,overbought,out_of_sample
2024-11-10 04:45:00,79122.02,81.91286557864908,64.45993163470852,84.29259010323577,22.96832158734199,8,True,True,40.79262637632357,UP,False,overbought,out_of_sample
2024-11-10 18:00:00,80712.01,87.0701428722729,195.97331301747917,44.35275493696793,185.3515976123002,10,True,True,35.594702696662125,UP,False,overbought,out_of_sample
2024-11-11 10:00:00,82129.98,81.34606012895492,50.01462316196711,41.54633910783871,-19.48375002648291,9,True,True,38.76964294889657,UP,False,overbought,out_of_sample
2024-11-11 16:30:00,84213.79,80.34365314696022,45.35480471784931,289.2887257538233,-181.57240043465697,1,True,True,62.549910175043806,UP,False,overbought,out_of_sample
2024-11-11 17:00:00,84655.27,84.3718789960517,52.74332005556181,235.6297487445254,-192.18413691197281,4,True,True,64.64358332328293,UP,False,overbought,out_of_sample
2024-11-11 17:30:00,84848.25,81.84976822933778,75.36749432074272,274.156508826051,-270.8117138538501,2,True,True,66.49441797562133,UP,False,overbought,out_of_sample
2024-11-11 20:00:00,87146.04,80.24752996127576,88.785445672574,141.3672956338586,11.516300683312814,9,True,True,75.55678949955728,UP,False,overbought,out_of_sample
2024-11-11 21:15:00,88242.62,85.25045968793525,211.95086909250858,145.95214874626322,-45.93811924442066,4,True,True,75.38239458438566,UP,False,overbought,out_of_sample
2024-11-12 06:45:00,89545.46,83.4382993737319,154.2747114147391,44.06030188465094,113.17826721756819,10,True,True,58.17743300442042,UP,False,overbought,out_of_sample
2024-11-12 19:30:00,89020.0,80.25266240928364,158.16670411143562,96.26376095259518,114.13390249382206,10,True,True,79.60536957986962,UP,False,overbought,out_of_sample
2024-11-13 14:00:00,89393.59,82.94803305434641,6.791314679273073,433.1462692123678,-273.2198136354076,1,True,False,47.830163214163335,UP,False,overbought,out_of_sample
2024-11-15 11:30:00,89432.9,83.24990205893893,21.39369292508542,142.77072531473442,-37.019933380221566,8,True,True,42.58326633710887,UP,False,overbought,out_of_sample
2024-11-16 18:45:00,91303.04,85.2438185786476,69.26823028017334,3.1718549568564645,28.87855650808541,6,True,True,30.77821943278117,UP,False,overbought,out_of_sample
2024-11-18 01:15:00,90572.65,80.4640950613454,30.102906340931195,40.055138057681674,-10.59149754368538,7,True,True,37.60655120502713,UP,False,overbought,out_of_sample
2024-11-18 06:45:00,92061.84,82.91000143414735,70.17565584176928,25.869567673207868,-4.579530454746885,3,True,True,27.616708508107234,UP,False,overbought,out_of_sample
2024-11-19 18:45:00,93646.15,83.26743739886223,197.141046375104,27.695746167888437,154.4281318559267,10,True,True,57.426760203169046,UP,False,overbought,out_of_sample
2024-11-20 08:30:00,93179.49,81.58803157712133,39.42069225749217,52.63926643084124,39.4196190599468,10,True,True,24.10541203863637,UP,False,overbought,out_of_sample
2024-11-20 09:00:00,93464.01,87.53249087046608,70.18851427410345,22.0373596210992,20.618631706470957,9,True,True,25.034128109846787,UP,False,overbought,out_of_sample
2024-11-21 18:45:00,98280.01,86.63311521439978,75.99002075803632,72.03804720817645,33.579565162843345,9,True,True,56.09630076350227,UP,False,overbought,out_of_sample
2024-11-24 22:30:00,97620.33,87.12995059639127,11.373655467052696,76.73913825122335,6.604157146365021,1,True,False,26.95432396100303,UP,False,overbought,out_of_sample
2024-11-27 15:30:00,95571.12,82.83564977885337,40.42329942350804,99.97476225035358,-85.67650980756603,2,True,True,41.696801293110326,UP,False,overbought,out_of_sample
2024-11-27 20:15:00,97208.2,84.36223301014752,120.68940686073779,0.0010287198003165604,119.40659327093763,10,True,True,46.38122092580684,UP,False,overbought,out_of_sample
2024-11-29 12:00:00,97400.01,80.18158130445441,64.88808368705453,18.890141797727253,-15.3737150540339,5,True,True,25.635110304403316,UP,False,overbought,out_of_sample
2024-12-03 22:30:00,95850.58,81.44271804433453,35.07334019262143,30.19595708236643,33.773400223556415,10,True,True,30.539773468246143,UP,False,overbought,out_of_sample
2024-12-04 05:30:00,96347.93,86.13484131424184,7.071246886154182,46.651754739308934,-39.0335319087812,2,True,False,31.61349704140005,UP,False,overbought,out_of_sample
2024-12-04 19:45:00,97209.64,87.53893232668129,8.344851395396109,184.17514970737477,-122.4528760727846,1,True,False,48.7008284363566,UP,False,overbought,out_of_sample
2024-12-05 03:00:00,102919.99,81.12740102155819,81.18928111050202,60.69957838122615,79.67256895380628,10,True,True,65.83594693314672,UP,False,overbought,out_of_sample
2024-12-05 04:30:00,102628.0,81.80800161494467,117.55174026581473,80.59496433721837,99.29064193007757,7,True,True,74.81194216003418,UP,False,overbought,out_of_sample
2024-12-05 05:15:00,103387.58,83.72040326402487,199.58103284746565,0.11026469523703118,111.37508006280792,8,True,True,76.63468861540225,UP,False,overbought,out_of_sample
2024-12-07 20:30:00,100231.05,81.2353663600779,63.447404771276204,20.765022415707517,33.66721190688884,9,True,True,20.2780475710872,UP,False,overbought,out_of_sample
2024-12-08 13:15:00,100226.62,84.43977016211763,86.74940849047807,27.276186705688037,31.389864289547088,7,True,True,28.24100024524423,UP,False,overbought,out_of_sample
2024-12-08 13:45:00,100408.8,85.58494725240116,104.73583988654376,1.722956553609137,58.242903012484724,5,True,True,27.60385543896556,UP,False,overbought,out_of_sample
2024-12-10 21:15:00,96936.41,87.74920881204821,55.057743524853706,27.264265305471245,35.42631710829847,10,True,True,73.30295190424334,UP,False,overbought,out_of_sample
2024-12-10 22:15:00,96810.12,81.04044660330614,102.65042538941123,32.89945307370758,41.06078992568078,9,True,True,54.99796922057345,UP,False,overbought,out_of_sample
2024-12-11 05:15:00,97384.95,80.42050277019109,13.97341170273248,41.62963579074626,5.170203404118529,10,True,True,47.67749020767575,UP,False,overbought,out_of_sample
2024-12-11 15:00:00,99864.0,86.34902717700365,16.143955779860725,122.857085636465,-39.254385964911755,1,True,True,31.4708002883921,UP,False,overbought,out_of_sample
2024-12-15 01:30:00,101889.75,82.1591688338568,16.43344889942338,30.152198822747252,-28.063666855596598,8,True,True,19.632494927114976,UP,False,overbought,out_of_sample
2024-12-15 11:00:00,102384.01,85.99235403546531,4.074855048166326,95.32347873461946,-30.003708586917266,2,True,False,17.000799245897877,UP,False,overbought,out_of_sample
2024-12-16 00:30:00,105897.99,81.31819198780123,137.08569917143907,7.487394236660544,91.39078088262224,9,True,True,45.20000804547852,UP,False,overbought,out_of_sample
2024-12-16 15:15:00,106306.03,83.92140156557846,47.47519966647258,83.67822596705031,-72.66944311625635,1,True,True,42.8153981481577,UP,False,overbought,out_of_sample
2024-12-18 12:00:00,105310.33,86.9202873282659,138.18777322224653,3.7669618925321244,77.94961804791605,10,True,True,24.819027725010628,UP,False,overbought,out_of_sample
2024-12-20 15:15:00,97065.35,83.28112758288148,78.84894043033952,65.38378525395458,-14.551021554034541,6,True,True,85.70246746135463,UP,False,overbought,out_of_sample
2024-12-20 16:00:00,97509.19,80.92986250963412,124.0077986495429,19.568411961990215,47.70627260876719,3,True,True,84.28456845964976,UP,False,overbought,out_of_sample
2024-12-21 07:30:00,99495.99,80.44690186001063,120.60586562332918,4.248412423454404,90.76345689911847,9,True,True,28.572307285952018,UP,False,overbought,out_of_sample
2024-12-23 10:15:00,96156.33,80.46576119785483,34.999255899222455,39.78833218780256,-15.461280604199251,5,True,True,38.40641588546459,UP,False,overbought,out_of_sample
2024-12-24 13:45:00,96085.02,86.53842297021772,22.950507789872354,261.7452751740069,-250.6207523295511,1,True,True,30.96492044233333,UP,False,overbought,out_of_sample
2024-12-30 18:15:00,94347.99,82.9679739681453,43.31835792156374,71.70370031200397,0.9740536072896018,4,True,True,59.55246105401942,UP,False,overbought,out_of_sample
2024-12-30 19:30:00,94268.68,80.68788109756102,251.10248706144884,80.17721262247514,179.0828088395836,9,True,True,54.856289490846834,UP,False,overbought,out_of_sample
2024-12-31 08:15:00,94097.36,88.46670522603844,46.04805065731949,68.47375951886349,-1.735436573353572,8,True,True,27.201294489026875,UP,False,overbought,out_of_sample
2024-12-31 13:30:00,95632.47,82.29772955567145,75.63853574000608,64.57325634274623,15.859676112098564,6,True,True,35.41077627713697,UP,False,overbought,out_of_sample
2024-12-31 14:00:00,95900.62,80.61294162647971,134.95428913806828,36.43146415528958,108.62077846837622,10,True,True,35.21510079913987,UP,False,overbought,out_of_sample
2025-01-01 20:30:00,94724.02,82.32528799507375,6.093491386873272,45.09204740254796,-13.649125111032408,10,True,False,22.54818788307356,UP,False,overbought,out_of_sample
2025-01-01 21:15:00,94955.98,81.00087796312538,43.597043598517544,4.635832308823949,38.353561302827096,9,True,True,22.879075125126526,UP,False,overbought,out_of_sample
2025-01-02 09:45:00,96755.51,84.04166425797348,29.56420776449717,14.416750012480453,0.0816490967794596,6,True,True,24.40677538674525,UP,False,overbought,out_of_sample
2025-01-03 16:30:00,98147.35,81.47135795289307,43.510089676390464,76.68571795366805,-76.68571795366805,1,True,True,36.72549488091137,UP,False,overbought,out_of_sample
2025-01-03 17:15:00,98164.02,80.8467839388428,22.368684575061383,82.80936334921893,-43.59947769050113,2,True,True,39.44036725472348,UP,False,overbought,out_of_sample
2025-01-03 18:15:00,98481.73,80.53354331758426,19.392429438434515,50.281407526046465,17.283408810953247,1,True,True,40.09388340355131,UP,False,overbought,out_of_sample
2025-01-04 20:00:00,98292.5,85.82787243337746,4.121372434315412,49.43713915100267,-11.761833303660053,1,True,False,18.38700816440726,UP,False,overbought,out_of_sample
2025-01-06 16:15:00,102440.02,86.82379228191114,116.16749001025224,2.8631388396841144,68.4517632854817,5,True,True,47.20079125326208,UP,False,overbought,out_of_sample
2025-01-10 02:45:00,93364.36,81.012022954897,5.546013489515575,58.318827441221174,-47.51706111411244,2,True,False,38.036516289513365,UP,False,overbought,out_of_sample
2025-01-10 03:45:00,93696.13,84.42658438572795,20.93256146225086,59.12090499362164,-26.67452753918364,3,True,True,32.04438646505469,UP,False,overbought,out_of_sample
2025-01-12 13:00:00,94536.0,80.47116719857812,2.538715410002539,96.6933231784723,-57.032241685707405,1,True,False,16.954969535415188,UP,False,overbought,out_of_sample
2025-01-13 21:45:00,94193.49,80.46152332218098,4.404763004322829,72.88295613635238,-41.50923805880753,1,True,False,57.267864265354156,UP,False,overbought,out_of_sample
2025-01-13 23:30:00,94417.41,81.64449081630562,8.621291348704515,66.06408712121998,-55.471760981369854,1,True,False,48.57658137413419,UP,False,overbought,out_of_sample
2025-01-14 09:30:00,96789.99,81.1426221713934,54.93026706583999,60.027901645613845,48.35107432080582,10,True,True,32.546547427063636,UP,False,overbought,out_of_sample
2025-01-15 14:30:00,98993.11,80.25708471884474,16.330429461202247,81.50769280811517,-28.709068742258633,1,True,True,37.2722909705533,UP,False,overbought,out_of_sample
2025-01-17 01:45:00,101659.8,83.67811363384031,86.49043181277253,48.03570339504915,45.81948813592029,4,True,True,36.65377071369386,UP,False,overbought,out_of_sample
2025-01-17 13:00:00,102772.0,82.46175048000103,47.930370139726435,144.22118865060546,-111.74055190129653,6,True,True,26.286245280815837,UP,False,overbought,out_of_sample
2025-01-17 16:45:00,104972.81,82.74772398306374,90.24432136283599,76.22640567590773,-41.58029112491091,4,True,True,43.89774837884238,UP,False,overbought,out_of_sample
2025-01-17 17:15:00,105015.11,84.71621448069911,94.23596280573295,80.95120787856153,-78.06686104504318,2,True,True,45.33242882857555,UP,False,overbought,out_of_sample
2025-01-19 20:45:00,106275.49,80.94154991164656,562.2641683421083,8.735786586351802,539.8366076693694,10,True,True,32.609353294912964,UP,False,overbought,out_of_sample
2025-01-20 05:00:00,102485.74,83.14376806477965,25.85140137545012,692.9998261221507,-533.0722108265985,4,True,True,73.55042760095212,DOWN,False,overbought,out_of_sample
2025-01-20 06:30:00,104689.49,83.6732556434551,-0.041073846094103146,467.9084786830077,-388.4945852730766,1,False,False,60.9592233184057,UP,False,overbought,out_of_sample
2025-01-21 12:00:00,103978.0,82.04318641900767,68.42216622747142,129.0657639115967,21.099655696397257,10,True,True,38.983198368885624,UP,False,overbought,out_of_sample
2025-01-21 14:00:00,104524.61,85.20432603729135,164.6674405195109,189.08274328887757,-55.47497378847009,4,True,True,38.52724253168716,UP,False,overbought,out_of_sample
2025-01-21 18:30:00,106832.89,80.94762960877391,85.05339507337058,34.36207707195844,76.2396299491669,8,True,True,80.76758945676757,UP,False,overbought,out_of_sample
2025-01-23 14:30:00,104940.95,81.60069669751712,218.9288356928341,181.91659214062796,19.02212625290655,2,True,True,47.74370729443562,UP,False,overbought,out_of_sample
2025-01-24 05:45:00,105222.15,80.16802745237248,56.46624783850113,32.17193338094727,-30.83666319306355,3,True,True,39.862424403987355,UP,False,overbought,out_of_sample
2025-01-24 06:15:00,104901.34,81.4991295398424,26.05686447856591,71.36801112359512,-57.14131011100509,1,True,True,40.27856078864214,UP,False,overbought,out_of_sample
2025-01-26 04:15:00,105380.0,84.05693328676108,39.93167583981808,1.2089580565577187,36.93774909850066,9,True,True,16.242123742645674,UP,False,overbought,out_of_sample
2025-01-27 21:00:00,102295.12,81.57722352897292,131.10302817964293,7.326840224637465,51.91547749296276,2,True,True,62.54325719545548,UP,False,overbought,out_of_sample
2025-01-28 04:45:00,102901.45,80.3251921899452,36.351285623283026,42.5805467269901,-36.07432159605199,9,True,True,37.64052887495754,UP,False,overbought,out_of_sample
2025-01-29 06:00:00,102426.23,82.49206118594418,5.968197794645972,56.017877451899196,-38.05275269821112,1,True,False,21.469549352739094,UP,False,overbought,out_of_sample
2025-01-30 03:30:00,104904.81,83.70069311251169,5.952062636594293,65.86923897960446,-57.310050892805236,4,True,False,31.68167408148401,UP,False,overbought,out_of_sample
2025-02-03 08:15:00,95390.39,80.74490745332514,61.96640982388328,58.736524717006986,-32.73705034647608,8,True,True,66.09570418990825,DOWN,False,overbought,out_of_sample
2025-02-03 17:15:00,98524.79,85.77805129421876,48.679119234864714,340.5447502095672,-340.5447502095672,1,True,True,85.71614311484451,UP,False,overbought,out_of_sample
2025-02-03 19:30:00,101237.99,82.95478154963055,31.607699836791035,124.65873729812192,-55.44855246533354,6,True,True,79.27725550457896,UP,False,overbought,out_of_sample
2025-02-03 20:15:00,101702.94,80.31238488457768,77.17967641840072,78.37236563662687,0.7197432050643753,3,True,True,70.8060160306085,UP,False,overbought,out_of_sample
2025-02-05 01:00:00,98484.17,80.63957829397619,137.35608473930432,19.072100622871854,28.853368008280263,5,True,True,62.13658499635004,DOWN,False,overbought,out_of_sample
2025-02-06 06:30:00,98366.0,85.83133123883451,46.35646463208886,31.950064046520023,-29.562043795619786,8,True,True,24.552487648171237,UP,False,overbought,out_of_sample
2025-02-07 14:00:00,99573.91,83.19241943573107,196.6017001843153,56.64937733187355,157.9640691020372,5,True,True,33.28572715483424,UP,False,overbought,out_of_sample
2025-02-08 01:30:00,96650.01,80.37312597896529,25.958610868224373,23.796169291654007,2.2752196300849516,2,True,True,30.726018548782413,DOWN,False,overbought,out_of_sample
2025-02-08 19:00:00,96499.99,81.92928113204344,14.662177685200303,25.907774705468334,-1.7637307527171269,7,True,True,18.874250660543936,UP,False,overbought,out_of_sample
2025-02-11 07:30:00,98427.98,80.29581383672307,52.23921084228215,0.0,33.32182576539678,8,True,True,19.397025114200318,UP,False,overbought,out_of_sample
2025-02-17 21:45:00,96409.33,82.87746718765688,90.37714503357786,0.42527004388385115,83.81139045360071,10,True,True,25.698238956748153,UP,False,overbought,out_of_sample
2025-02-19 10:00:00,96371.3,80.80936360916596,24.93377177645296,12.835771645707496,8.466213488870286,2,True,True,17.964892037359625,UP,False,overbought,out_of_sample
2025-02-20 19:15:00,98466.79,83.23961992905568,47.40583094056317,24.83781587680547,38.32053426337826,10,True,True,35.025667029462625,UP,False,overbought,out_of_sample
2025-02-20 20:15:00,98585.7,92.04904645437199,59.410239010322705,8.52862027657173,45.721641171082624,6,True,True,29.65156204195952,UP,False,overbought,out_of_sample
2025-02-21 13:00:00,99316.83,84.09297606305641,215.42371016070527,15.925800289839923,172.80354195759125,10,True,True,21.50939573886926,UP,False,overbought,out_of_sample
2025-02-22 11:30:00,96595.0,84.43174927393014,7.352347429991622,39.85713546249806,-1.4006936176819542,9,True,False,11.665407112169364,UP,False,overbought,out_of_sample
2025-02-22 12:00:00,96646.0,87.89033016798135,15.285681766446197,34.55911263787431,2.277383440597103,10,True,True,11.358876725368805,UP,False,overbought,out_of_sample
2025-02-27 23:45:00,84708.58,81.34217538291983,424.70078001543664,21.753404436717517,324.50313769868495,7,True,True,57.23080235791921,DOWN,False,overbought,out_of_sample
2025-02-28 14:00:00,81959.15,80.7224025974023,108.21488509824692,361.2592370711514,-331.441943944026,2,True,True,71.39123575586115,UP,False,overbought,out_of_sample
2025-02-28 15:15:00,84311.88,84.23589555009946,105.07178822249067,72.12743921734344,83.8268580892763,4,True,True,77.05242724987261,UP,False,overbought,out_of_sample
2025-02-28 15:45:00,84005.05,81.32447907910459,96.22516741552995,108.91607111715271,19.552395957147816,10,True,True,78.97054998479253,UP,False,overbought,out_of_sample
2025-03-01 04:15:00,85957.55,84.01389307387483,131.30783741509643,69.85424782348927,102.60064415516817,9,True,True,43.49716807889454,UP,False,overbought,out_of_sample
2025-03-01 21:45:00,86076.86,81.3355448664784,47.46455667643983,25.92334339333468,12.776953062646095,3,True,True,25.719049231117598,UP,False,overbought,out_of_sample
2025-03-02 16:30:00,91584.99,82.68807334153115,103.61850779259846,372.8787872335843,-141.47842348402241,2,True,True,80.58891527967606,UP,False,overbought,out_of_sample
2025-03-02 22:00:00,94270.85,82.62199001176988,97.55931976851929,64.9893365764697,59.91671868875809,10,True,True,76.01161971065311,UP,False,overbought,out_of_sample
2025-03-03 13:30:00,93642.06,82.48055356716787,483.2294377120706,8.46948475930556,387.28643944825694,6,True,True,49.284958062648236,UP,False,overbought,out_of_sample
2025-03-04 18:45:00,86764.24,81.15131411218816,26.108682563230982,253.93871945400534,-232.29731511507444,1,True,True,116.48318477750729,UP,False,overbought,out_of_sample
2025-03-04 19:30:00,88009.96,80.66706483285436,162.2191397428203,108.8013220321879,47.216246888420685,6,True,True,105.98283421558186,UP,False,overbought,out_of_sample
2025-03-05 08:15:00,87775.0,80.33618193375243,12.190259185417261,328.68128738251215,-245.06636285958496,2,True,True,33.910965536884206,UP,False,overbought,out_of_sample
2025-03-05 08:45:00,87760.0,81.13582362793633,9.90884229717484,330.4466727438469,-219.91795806745668,1,True,False,29.37226526891538,UP,False,overbought,out_of_sample
2025-03-10 02:15:00,82146.03,85.50147340328378,43.119551851744,72.79353609663195,-59.40883570392922,4,True,True,77.3365432267391,DOWN,False,overbought,out_of_sample
2025-03-11 04:30:00,79943.04,84.95651614690489,27.916126281912504,75.64761109910256,-64.03434245182615,2,True,True,80.6669974021506,UP,False,overbought,out_of_sample
2025-03-11 09:15:00,81699.32,81.19309452926325,52.5671449897014,48.105663547749174,-2.57284883154346,3,True,True,42.224096846828274,UP,False,overbought,out_of_sample
2025-03-11 10:15:00,81725.75,84.95482406746717,86.722972869628,44.8561193993321,61.210817887874995,10,True,True,39.72071226021195,UP,False,overbought,out_of_sample
2025-03-11 11:15:00,81828.99,80.98331715067519,157.9709098205909,48.42049254182425,113.71275632266754,7,True,True,40.09190385950043,UP,False,overbought,out_of_sample
2025-03-12 12:45:00,84069.0,83.58566361184756,411.7272716459106,17.61886069775962,334.98078958950316,9,True,True,50.13155860067362,UP,False,overbought,out_of_sample
2025-03-14 11:15:00,83222.47,85.73924036866867,21.82583621947287,79.96998887439881,-45.623495673704745,9,True,True,27.226420941363624,UP,False,overbought,out_of_sample
2025-03-15 13:45:00,84460.0,90.71883330028902,41.815060383613336,-0.0011839924218282395,22.07672270897542,3,True,True,17.431979635330595,UP,False,overbought,out_of_sample
2025-03-19 00:45:00,83118.0,83.79622421834328,68.67826463581854,5.811015664477358,39.14194278014347,5,True,True,24.402957241511945,UP,False,overbought,out_of_sample
2025-03-19 15:45:00,84733.05,84.8252813808468,136.27858315025787,26.78411788552366,54.88649352289419,9,True,True,38.42674139547664,UP,False,overbought,out_of_sample
2025-03-20 00:00:00,87271.08,86.09359530881183,189.24023857617024,1.5033617092850626,144.18636735101728,9,True,True,42.133774441659305,UP,False,overbought,out_of_sample
2025-03-23 07:30:00,84311.32,80.34591194968584,5.7252098531969455,7.701219717588694,-0.3605684266351893,2,True,False,6.446287402450594,UP,False,overbought,out_of_sample
2025-03-23 10:30:00,84499.99,82.00663927385922,7.390533418999414,62.405924545080026,-27.912429338749103,1,True,False,5.094911845551229,UP,False,overbought,out_of_sample
2025-03-23 11:00:00,84695.64,81.22724908996295,14.432856283984068,42.0399444410595,-19.747179429779383,5,True,True,7.1532017468664515,UP,False,overbought,out_of_sample
2025-03-24 04:30:00,86829.68,81.2428390520411,8.536251659570247,54.16581058458433,-22.83896474108994,10,True,False,32.60832010436995,UP,False,overbought,out_of_sample
2025-03-25 11:15:00,87335.0,80.17023620777742,46.434991698630974,75.2275719929009,-29.701723249555638,5,True,True,24.21732409686851,UP,False,overbought,out_of_sample
2025-03-27 02:15:00,87596.95,81.78219133834183,21.17996117444715,18.20154697166994,8.600756076552495,9,True,True,24.58989725098868,UP,False,overbought,out_of_sample
2025-03-29 00:15:00,84537.73,80.40710802761987,85.22821703397997,10.291262847961496,81.18623483266015,10,True,True,23.69947714470205,UP,False,overbought,out_of_sample
2025-04-01 09:00:00,84156.62,80.09641999523434,39.563138348474205,41.36572975483212,20.747030952525336,10,True,True,23.33987510429986,UP,False,overbought,out_of_sample
2025-04-01 17:30:00,85113.99,83.09975809468882,46.28968751200657,25.770146599871126,15.678973574145877,3,True,True,52.568326311573486,UP,False,overbought,out_of_sample
2025-04-03 23:45:00,83213.09,87.22475444565694,76.36538914730745,24.07914427886405,33.542799576364175,8,True,True,32.987538378877765,UP,False,overbought,out_of_sample
2025-04-04 07:30:00,83720.01,82.09767773798953,10.796702007082825,119.4445628948211,4.3024361798319815,10,True,False,25.002624820518008,UP,False,overbought,out_of_sample
2025-04-04 09:30:00,84513.37,80.92156702850768,337.7418271215543,24.449385937397203,246.2758259432798,8,True,True,28.263989472908314,UP,False,overbought,out_of_sample
2025-04-06 01:15:00,83650.0,85.48167857246108,58.164973102211945,20.03945008965985,36.564255827854225,9,True,True,20.498804542737407,UP,False,overbought,out_of_sample
2025-04-07 22:30:00,79948.93,80.95880230161565,147.19271414889403,33.765304926533936,91.6747728831384,10,True,True,63.24906412130862,UP,False,overbought,out_of_sample
2025-04-08 13:15:00,80177.28,81.87526203358024,249.7141334802078,24.66035265850889,209.44711519273213,8,True,True,39.35079863023531,UP,False,overbought,out_of_sample
2025-04-09 17:45:00,82202.16,82.84716985443661,62.30128259403458,95.84176376873752,16.601753530564302,1,True,True,97.74232209956541,UP,False,overbought,out_of_sample
2025-04-11 04:15:00,81029.51,82.51043559396962,63.839704818651086,37.454255863080654,-8.946123455517037,3,True,True,39.531153526659644,UP,False,overbought,out_of_sample
2025-04-11 10:45:00,82706.86,81.66248416291174,107.71174241169425,23.475682670095747,70.33152993596931,10,True,True,44.220455231887655,UP,False,overbought,out_of_sample
2025-04-11 17:45:00,83930.0,83.56375559742608,48.85023233647087,34.55260335994281,-2.773740021446305,4,True,True,65.18342666507822,UP,False,overbought,out_of_sample
2025-04-12 08:00:00,84019.17,81.86936856978512,82.1479193379317,0.0011902045681671588,82.14672913336354,10,True,True,25.797445987623966,UP,False,overbought,out_of_sample
2025-04-12 14:00:00,84496.88,84.8622703012503,19.966417694949968,107.22526086170157,-29.62949637903797,1,True,True,29.07255273804185,UP,False,overbought,out_of_sample
2025-04-12 20:30:00,85786.2,82.36157508232374,62.53336783771715,2.770841930287631,62.09157183789509,10,True,True,29.70617651790145,UP,False,overbought,out_of_sample
2025-04-16 17:15:00,85304.37,80.85982397304502,237.89754264640786,22.933174466912384,113.75267175644115,2,True,True,41.79410738277527,UP,False,overbought,out_of_sample
2025-04-17 06:45:00,84773.59,90.73975427442225,48.66963874008361,33.004382614916764,47.44166196099434,9,True,True,20.819455681893327,UP,False,overbought,out_of_sample
2025-04-20 20:30:00,85163.5,83.44372196179279,57.97906380080716,10.156933428053097,6.500437393954051,8,True,True,15.500537201970348,UP,False,overbought,out_of_sample
2025-04-21 00:30:00,86680.09,84.15505894380357,15.832932337747998,110.7416939691691,-84.46461003905273,1,True,True,30.38396706786997,UP,False,overbought,out_of_sample
2025-04-22 01:30:00,88466.38,82.36549594386555,72.37777786318405,24.647781450986052,29.56377326618407,6,True,True,33.00287634692423,UP,False,overbought,out_of_sample
2025-04-22 13:45:00,90236.16,87.93587349865263,23.205774713818574,133.35008936550523,-48.76869760415253,1,True,True,33.018359823822344,UP,False,overbought,out_of_sample
2025-04-22 23:15:00,93591.55,81.2141148668415,108.06210603414623,33.92400275452218,101.6705033734352,10,True,True,51.33064897418598,UP,False,overbought,out_of_sample
2025-04-24 14:30:00,93138.59,89.6236063714507,21.946864344843902,49.02693931699038,21.48733408998248,10,True,True,27.356652060118222,UP,False,overbought,out_of_sample
2025-04-25 12:00:00,94802.52,85.51181505971701,92.0977628020859,55.85083603262824,-48.85207692791184,6,True,True,23.816086323443614,UP,False,overbought,out_of_sample
2025-04-27 00:15:00,94949.49,82.22262072881891,95.61820711201285,44.182438473339325,63.57380118629438,6,True,True,15.791080078471074,UP,False,overbought,out_of_sample
2025-04-27 19:45:00,94433.5,81.8619165258097,67.19331593131662,11.854903185839463,65.97976353730476,10,True,True,14.140426861230484,UP,False,overbought,out_of_sample
2025-04-28 05:00:00,94130.44,87.83699983422443,10.282539845772328,68.5049384662386,-67.42239811053621,2,True,False,25.39067064809212,UP,False,overbought,out_of_sample
2025-04-28 06:30:00,94566.01,82.87307327124645,15.17352799383105,34.048174391624485,-10.96165525012671,1,True,True,21.968464144781073,UP,False,overbought,out_of_sample
2025-04-28 08:15:00,94821.89,80.69950515560636,50.875383310752774,42.38367322144701,-25.192495108461205,8,True,True,19.436282065248786,UP,False,overbought,out_of_sample
2025-04-30 11:45:00,95176.66,85.46326751390646,238.1529253075285,4.0177917569276635,110.60274651369437,9,True,True,14.786818533031033,UP,False,overbought,out_of_sample
2025-05-01 02:15:00,94928.33,84.30800862882559,25.237987437470114,11.795214347497861,7.14433720681771,4,True,True,19.78081780223032,UP,False,overbought,out_of_sample
2025-05-01 10:00:00,95732.59,89.54885764013548,0.0010445763553207231,76.31570398335577,-72.18231534318711,1,True,False,16.158499420103556,UP,False,overbought,out_of_sample
2025-05-03 14:15:00,96365.98,81.00597030696973,29.615223131648683,14.886996427578117,15.624808672105285,10,True,True,13.40810315009538,UP,False,overbought,out_of_sample
2025-05-03 15:00:00,96461.57,89.19412813000423,61.360187274581364,2.3387552161962186,40.44615902478145,9,True,True,13.05478440792569,UP,False,overbought,out_of_sample
2025-05-05 18:30:00,94845.47,80.26933986946102,102.21574103644603,5.749352077647867,26.644393243030624,8,True,True,30.750915146501157,UP,False,overbought,out_of_sample
2025-05-05 19:00:00,94804.86,80.36843147797038,97.97598983849569,10.035350508402145,25.18225331486226,6,True,True,26.55686638849544,UP,False,overbought,out_of_sample
2025-05-06 23:15:00,96628.25,80.22147590088046,16.796330265735218,114.22642964143509,-63.60458768527898,1,True,True,28.428642762339113,UP,False,overbought,out_of_sample
2025-05-08 03:00:00,98776.32,84.90870828740383,9.498227915355319,65.06417732509097,-8.47065369513647,1,True,False,28.850841983179762,UP,False,overbought,out_of_sample
2025-05-08 09:15:00,99650.79,82.72804418490855,24.510593443363568,23.804126389766342,24.24968231561377,10,True,True,18.832916427456357,UP,False,overbought,out_of_sample
2025-05-08 09:45:00,99790.97,83.35124722567275,40.80028483539083,9.72332466554828,37.92427310807752,9,True,True,17.819848830009388,UP,False,overbought,out_of_sample
2025-05-08 21:00:00,102512.49,81.32891687134607,11.2796011490897,159.32400042180123,-55.8819710651844,4,True,False,37.68838314238578,UP,False,overbought,out_of_sample
2025-05-09 07:00:00,103511.52,81.87740466260962,105.35252501364138,82.09521027224784,71.40364666657398,10,True,True,20.52066282091107,UP,False,overbought,out_of_sample
2025-05-10 06:45:00,103930.71,85.5111145898552,54.33523931473252,16.28873698640119,32.830527184891395,9,True,True,15.9157480979395,UP,False,overbought,out_of_sample
2025-05-10 23:15:00,104807.37,84.517360992447,89.73510164409151,15.707864819048954,64.12239902594526,10,True,True,21.198318400700305,UP,False,overbought,out_of_sample
2025-05-12 07:00:00,105600.0,81.10294448865591,144.15719696969722,13.97821969696975,102.37594696969663,4,True,True,26.774053030303065,UP,False,overbought,out_of_sample
2025-05-12 23:00:00,102916.42,82.37734590835511,82.04910353469333,20.550656542464267,64.7544871848431,10,True,True,37.06463944237481,DOWN,False,overbought,out_of_sample
2025-05-13 11:45:00,103729.2,83.61500519964906,88.48810171099267,22.828673121937015,32.61280333792159,10,True,True,20.806291767409697,UP,False,overbought,out_of_sample
2025-05-15 18:00:00,103922.7,85.27717567410227,131.86243236559397,3.7652986306172433,42.84049586856307,5,True,True,40.36120116201761,UP,False,overbought,out_of_sample
2025-05-17 05:30:00,103530.68,82.69050263935122,23.661585145580673,10.57271139337696,17.204561971388127,4,True,True,20.657499786536754,DOWN,False,overbought,out_of_sample
2025-05-18 08:15:00,103979.4,81.12457006131378,17.253417503851164,4.096965360446957,11.789835294298344,9,True,True,11.6345160676057,UP,False,overbought,out_of_sample
2025-05-18 13:45:00,104740.0,85.35827669553615,17.53675768569725,89.74603780790528,-69.36891350009614,1,True,True,12.384810005728378,UP,False,overbought,out_of_sample
2025-05-18 14:30:00,105200.0,82.14822986661396,21.86026615969593,74.1444866920152,-58.80418250950526,2,True,True,15.96083650190095,UP,False,overbought,out_of_sample
2025-05-18 23:45:00,106454.26,81.06139694295608,177.0957780365008,61.468653297669874,146.64044445003782,10,True,True,41.20863739976204,UP,False,overbought,out_of_sample
2025-05-19 15:30:00,104869.56,82.6859676717051,36.047638609335145,66.00580759564521,-41.48486939394071,2,True,True,32.873028169470764,UP,False,overbought,out_of_sample
2025-05-20 17:00:00,106103.86,80.72305075228346,83.30139921394004,51.505195004216176,-38.613109834081165,8,True,True,33.38351686734141,UP,False,overbought,out_of_sample
2025-05-21 14:45:00,108999.99,81.89056039412358,190.8247881490636,77.52386032328945,185.6963473115925,10,True,True,33.42633334186545,UP,False,overbought,out_of_sample
2025-05-21 15:15:00,108915.0,81.43928131504074,256.836064821191,85.3876876463297,213.21305605288586,10,True,True,37.9019877886426,UP,False,overbought,out_of_sample
2025-05-22 03:45:00,111780.84,81.19574002332183,97.80477584530493,1.2703429317579908,84.56637112406685,10,True,True,53.31660595858827,UP,False,overbought,out_of_sample
2025-05-24 11:15:00,109337.01,89.83013798442525,72.89480478750926,13.94404328415478,68.29526433912919,10,True,True,25.722900232958537,UP,False,overbought,out_of_sample
2025-05-25 19:45:00,107717.01,87.28660388265655,50.22512229034159,90.89929250728362,-56.98821383920706,7,True,True,21.614599216966706,UP,False,overbought,out_of_sample
2025-05-27 10:15:00,109786.68,81.26006953277286,31.604016079180703,3.6643789574482515,16.728805352342285,5,True,True,20.50399010153153,UP,False,overbought,out_of_sample
2025-05-28 23:15:00,107956.55,81.56990402879083,49.596805381424986,36.23957971980356,-18.49633023656212,3,True,True,24.050323949774363,UP,False,overbought,out_of_sample
2025-05-29 08:45:00,108492.49,81.34857959621189,15.898796312998737,36.81545146581097,-26.316107225485812,1,True,True,20.960529157363908,UP,False,overbought,out_of_sample
2025-05-29 11:00:00,108886.71,85.95061830514126,121.34997925825944,0.47756057649249295,118.85105170318808,10,True,True,18.31963698783822,UP,False,overbought,out_of_sample
2025-05-31 14:00:00,104404.41,87.13922546594945,12.203507495517046,42.3104732836468,-5.096528010645512,1,True,True,16.32541192464947,UP,False,overbought,out_of_sample
2025-06-01 16:00:00,105097.58,82.59758285656272,74.00646142375572,18.212598234897843,66.59430217137249,10,True,True,20.309887249544495,UP,False,overbought,out_of_sample
2025-06-02 08:15:00,105811.13,81.93311956023818,147.09416674786465,7.950959412302856,136.1180057334232,9,True,True,18.822641814712586,UP,False,overbought,out_of_sample
2025-06-03 00:45:00,106285.72,80.99191737204532,88.96209199128614,20.160751604260557,76.33198514344193,9,True,True,25.739676035501308,UP,False,overbought,out_of_sample
2025-06-06 05:30:00,102883.72,81.15514497535261,5.668535313459406,56.8544761017586,-46.89760440232916,1,True,False,18.470803738433972,UP,False,overbought,out_of_sample
2025-06-06 11:15:00,103852.98,80.83912768647271,32.66925994805338,65.15653185878713,-23.673851246252212,5,True,True,14.8759332664311,UP,False,overbought,out_of_sample
2025-06-07 03:30:00,104814.64,81.44630422559537,16.316422972974394,17.684552463281904,-3.0415598431673914,4,True,True,16.867729546177838,UP,False,overbought,out_of_sample
2025-06-08 17:15:00,106294.51,86.59595726692902,25.782140582800405,6.161183677313649,0.42523362683449245,3,True,True,17.50367916461529,UP,False,overbought,out_of_sample
2025-06-09 09:15:00,106152.74,80.39636326488917,0.824283951596539,155.74350695045598,-151.3357073967192,1,True,False,12.38927040413645,UP,False,overbought,out_of_sample
2025-06-09 19:15:00,108672.94,80.2240654709517,30.666327790525344,170.90087007860427,-119.69953145649667,2,True,True,25.676585173825295,UP,False,overbought,out_of_sample
2025-06-09 21:15:00,110471.04,86.34796238244503,67.73720967956746,5.352534021586531,18.83027443210361,2,True,True,27.714458015422004,UP,False,overbought,out_of_sample
2025-06-13 23:15:00,105874.27,80.21331604455968,41.01752012080027,35.6772235596048,38.15091239826241,10,True,True,25.312098964176915,UP,False,overbought,out_of_sample
2025-06-13 23:45:00,106066.59,80.91384512781246,65.90388170299333,17.48052803432292,64.28225890923734,10,True,True,23.150409568177817,UP,False,overbought,out_of_sample
2025-06-14 23:30:00,105449.92,82.97820245214749,17.55999435561433,21.81888805605559,-14.23329671563492,4,True,True,20.87038093532929,UP,False,overbought,out_of_sample
2025-06-16 00:30:00,105552.01,82.39610385405024,54.157187532478005,39.65627940197461,-30.501550846830078,4,True,True,22.759064464997124,UP,False,overbought,out_of_sample
2025-06-16 04:30:00,106290.94,84.09101680054907,12.319017970863964,46.54865221814804,-38.09261636034072,1,True,True,22.591859663674313,UP,False,overbought,out_of_sample
2025-06-16 06:15:00,106712.05,83.83953484974637,15.373146706487496,51.5649357312501,-43.851654991165205,2,True,True,20.337347094353564,UP,False,overbought,out_of_sample
2025-06-16 07:15:00,106862.03,80.27889600979007,0.0,37.45764515235195,-7.844694696516784,1,False,False,16.556769509244848,UP,False,overbought,out_of_sample
2025-06-16 19:00:00,108611.58,80.77202485078519,26.712621250883622,25.45032491010611,8.325999861157305,10,True,True,26.99044613843207,UP,False,overbought,out_of_sample
2025-06-20 07:45:00,105811.74,84.75759162303652,5.127975402352264,67.37532149079006,-19.598959434935114,6,True,False,14.967809810140126,UP,False,overbought,out_of_sample
2025-06-20 08:45:00,105959.68,80.44300925248751,19.082730336671183,20.04347313997217,3.267280535388116,2,True,True,20.5942958680132,UP,False,overbought,out_of_sample
2025-06-23 19:45:00,103161.29,84.41670141163846,27.267010716906857,277.1078182523704,-273.99715532832244,1,True,True,56.34938260271842,UP,False,overbought,out_of_sample
2025-06-23 22:15:00,105987.88,84.33316695670175,105.40639174969888,8.144327445741196,80.69696270932188,1,True,True,49.21312701037126,UP,False,overbought,out_of_sample
2025-06-27 04:15:00,107413.83,85.38183699474011,19.658548624511713,14.41620692605331,12.569144960196908,7,True,True,16.035411827322584,UP,False,overbought,out_of_sample
2025-06-27 22:00:00,107166.58,80.00117588264715,29.765809452910155,2.2049784550374434,8.343086062838198,9,True,True,19.390979911834545,UP,False,overbought,out_of_sample
2025-06-29 08:30:00,107685.5,88.03752126032886,5.386983391449616,56.86838060834555,-39.59028838608742,2,True,False,4.064196200974055,UP,False,overbought,out_of_sample
2025-06-29 10:45:00,108153.26,83.35394101257793,11.119405924518112,34.69520937233008,3.9027949781626416,7,True,False,10.46746071269594,UP,False,overbought,out_of_sample
2025-06-30 00:15:00,108649.33,83.75759162303584,23.299729505925963,12.946237220239048,15.602489219215993,3,True,True,17.778618607220213,UP,False,overbought,out_of_sample
2025-07-02 04:15:00,106225.98,84.4552818647719,7.329657019874101,74.22007309323044,-74.21913170393992,1,True,False,15.76521110937264,UP,False,overbought,out_of_sample
2025-07-02 05:15:00,106454.45,81.45638635954901,1.7284387829718888,68.7928029312069,-58.762221776544145,1,True,False,15.983690677092442,UP,False,overbought,out_of_sample
2025-07-02 10:30:00,107798.09,81.69856113025162,56.77187786907827,5.764480613710264,13.003940978916512,8,True,True,15.475691637950035,UP,False,overbought,out_of_sample
2025-07-02 16:00:00,109420.02,86.3641032948174,53.529509499267235,28.32936787984465,4.920488956226754,7,True,True,28.51809019958143,UP,False,overbought,out_of_sample
2025-07-02 16:45:00,109413.02,80.36318607938,52.89315659141857,28.970957935353205,-12.905228280875264,4,True,True,31.789361083351857,UP,False,overbought,out_of_sample
2025-07-04 22:45:00,108254.95,92.25282345948031,32.994334208273436,0.0009237452891819936,29.488720839092895,10,True,True,14.426222542248638,UP,False,overbought,out_of_sample
2025-07-06 13:15:00,108461.53,87.76586546775009,0.0,61.358160815175665,-40.978584757195144,1,False,False,6.553752284334965,UP,False,overbought,out_of_sample
2025-07-08 06:00:00,108237.58,83.19610237823174,9.454202505266815,26.554547875146344,-4.765442834180305,1,True,False,14.803961803284968,UP,False,overbought,out_of_sample
2025-07-08 06:30:00,108315.99,80.11791353007757,9.227631118915282,19.29631996162291,-2.1308026635773483,3,True,False,14.009704384366506,UP,False,overbought,out_of_sample
2025-07-08 07:30:00,108417.16,84.30377123912116,17.34135076034175,9.946764884820494,-9.353685339110847,6,True,True,10.716384749425243,UP,False,overbought,out_of_sample
2025-07-09 12:15:00,109493.99,89.98010111300435,90.50633737979638,25.152065423864286,54.222154110925324,9,True,True,10.371482489586919,UP,False,overbought,out_of_sample
2025-07-09 19:30:00,111390.91,85.90428076621299,74.64792234842226,54.66155182680437,8.522239382011293,5,True,True,26.076678967789984,UP,False,overbought,out_of_sample
2025-07-10 17:00:00,113433.07,83.85018795881602,39.44440541016897,31.31009325587229,14.994745359533251,7,True,True,32.42074819979765,UP,False,overbought,out_of_sample
2025-07-10 19:00:00,113649.97,82.532749942082,48.52794945744412,283.1527364239514,-233.1747205916551,2,True,True,36.210876254521025,UP,False,overbought,out_of_sample
2025-07-10 21:30:00,116300.0,83.1586256176563,56.24419604471155,36.11349957007739,35.214101461736334,8,True,True,44.69071367153917,UP,False,overbought,out_of_sample
2025-07-10 22:45:00,116008.38,82.5392566065996,67.76751817411841,7.896843314250279,5.423746112134162,6,True,True,44.70465840484964,UP,False,overbought,out_of_sample
2025-07-11 03:45:00,116881.7,86.095248047232,32.656951430377646,130.26162350479194,-107.73371708317096,3,True,True,23.551548274879664,UP,False,overbought,out_of_sample
2025-07-11 05:30:00,117968.76,83.00417126367067,42.40359905452901,36.913162433851674,15.081111304381682,6,True,True,24.251505229011524,UP,False,overbought,out_of_sample
2025-07-12 19:00:00,117608.52,80.08244441839597,51.74029908717577,2.674976268725416,4.50817678855274,8,True,True,15.008904116810546,DOWN,False,overbought,out_of_sample
2025-07-13 04:30:00,117827.59,80.16075860280831,10.77336810504249,12.847585187815914,-4.829089689435958,5,True,False,11.20620391200386,UP,False,overbought,out_of_sample
2025-07-13 14:15:00,119150.0,81.45113891792676,66.87368862778035,1.451951321863442,52.20226605119641,2,True,True,17.72177926982779,UP,False,overbought,out_of_sample
2025-07-14 04:30:00,121220.7,80.29091321170147,7.564714607323427,119.22881158086061,-83.30755390787222,2,True,False,34.61409643732471,UP,False,overbought,out_of_sample
2025-07-14 06:15:00,122438.83,82.22545521724575,31.071025425513096,63.637491472272174,-11.366492149589982,2,True,True,39.73139076876196,UP,False,overbought,out_of_sample
2025-07-14 07:30:00,122846.0,80.27374598027382,99.11026814059869,8.544844764990408,85.33041368868338,10,True,True,40.05604578089645,UP,False,overbought,out_of_sample
2025-07-15 23:00:00,117833.0,83.45880020127854,34.60236096848896,30.721444756562256,15.304710904415275,4,True,True,33.35364456476536,UP,False,overbought,out_of_sample
2025-07-20 14:15:00,118637.34,87.30466999312776,24.440871651369786,18.498391821664782,6.706151705693813,3,True,True,15.20347640970376,UP,False,overbought,out_of_sample
2025-07-20 15:15:00,118699.38,82.20456007657674,62.29013159125218,13.262074325914615,57.345708124170685,10,True,True,17.18639979416916,UP,False,overbought,out_of_sample
2025-07-22 11:30:00,119057.78,80.64073512914311,126.64271079134843,43.319302610883554,54.668413941532876,10,True,True,27.781342806828924,UP,False,overbought,out_of_sample
2025-07-22 12:30:00,119371.99,89.67224167297418,152.63128310083508,16.883357645289617,16.743458829831848,6,True,True,23.99172536203853,UP,False,overbought,out_of_sample
2025-07-22 13:30:00,119464.0,82.40857503152466,160.2156298131655,0.0,21.598975423558464,2,True,True,22.35995781155835,UP,False,overbought,out_of_sample
2025-07-24 00:45:00,119060.0,89.70107933281525,22.90273811523543,15.95834033260541,-15.957500419956764,3,True,True,26.181715101629614,UP,False,overbought,out_of_sample
2025-07-25 19:00:00,116656.0,80.30238132125557,7.095220134412638,61.85622685502644,-33.70079550130293,1,True,False,29.39042998216986,UP,False,overbought,out_of_sample
2025-07-26 10:30:00,118197.48,87.53264949577107,35.986384819709464,0.1539795941509908,6.7886388102344215,6,True,True,8.054867159604191,UP,False,overbought,out_of_sample
2025-07-27 16:00:00,119157.64,85.27662641917513,25.34961249652122,32.089423724739376,7.515254582081594,5,True,True,15.10801153832856,UP,False,overbought,out_of_sample
2025-07-31 00:00:00,117896.23,82.99341601592332,1.0254780835652257,54.80752013868497,-45.78348264401704,1,True,False,19.235899231044087,UP,False,overbought,out_of_sample
2025-08-03 03:45:00,113604.2,83.71192226890747,23.162876020428772,4.823765318536015,5.477790433804025,3,True,True,24.410409122197883,UP,False,overbought,out_of_sample
2025-08-04 14:15:00,115419.0,80.99246411292665,74.39589668945307,3.9993415295578276,10.223620027898354,5,True,True,18.26558019043658,UP,False,overbought,out_of_sample
2025-08-07 08:15:00,115146.03,82.60531379211461,26.162430437245643,111.50883795125164,-104.31883756652334,4,True,True,11.084793804875448,UP,False,overbought,out_of_sample
2025-08-07 10:15:00,115867.99,81.71591654775129,2.4407086029540026,82.93403553474843,-45.05213217213785,1,True,False,14.534773581556028,UP,False,overbought,out_of_sample
2025-08-09 10:00:00,117762.76,82.08688235880463,63.921735529975244,15.394510115082914,61.90921476364835,10,True,True,17.400322478854953,UP,False,overbought,out_of_sample
2025-08-10 02:45:00,117317.99,85.55966144190329,5.7604123630145505,121.36075635117844,-50.36397231149294,1,True,False,10.478316241183455,UP,False,overbought,out_of_sample
2025-08-11 00:15:00,119415.3,80.79226344874236,37.07313886914042,207.62331125073558,-206.06237224208263,4,True,True,21.371800765898467,UP,False,overbought,out_of_sample
2025-08-11 02:00:00,121286.34,84.7692408431504,29.11457300137801,72.3684134585981,-32.665673644699176,1,True,True,25.856209363725643,UP,False,overbought,out_of_sample
2025-08-13 09:00:00,120169.75,80.24741915175822,33.10899789672487,46.8662038491386,-45.31340041899054,1,True,True,19.049677643500313,UP,False,overbought,out_of_sample
2025-08-13 11:00:00,120634.74,83.51087825783853,43.82817089007703,11.083871859796925,24.099193980108975,10,True,True,17.98064139732886,UP,False,overbought,out_of_sample
2025-08-15 04:15:00,119172.77,85.0606519554419,45.58004315918832,3.69631418318152,7.547865170877298,4,True,True,19.174136843508766,UP,False,overbought,out_of_sample
2025-08-17 04:15:00,117771.37,86.07632093933444,0.0,39.01202813553172,-12.959006930123161,1,False,False,9.025113658777972,UP,False,overbought,out_of_sample
2025-08-22 14:00:00,115200.0,81.93778853567831,51.30208333333333,181.95486111111072,-109.375,1,True,True,35.455034722222145,UP,False,overbought,out_of_sample
2025-08-28 03:45:00,112000.01,81.08505986014582,4.905356704877774,103.57052646691776,-89.18838489389452,1,True,False,21.712096275705733,UP,False,overbought,out_of_sample
2025-08-29 12:30:00,110550.0,82.04317787036213,221.34780642243328,23.549525101763592,208.85933966531005,9,True,True,25.562596110357372,DOWN,False,overbought,out_of_sample
2025-08-31 00:30:00,109206.02,80.19621116877792,5.898942201171534,25.09019191432853,-10.493011282711018,2,True,False,10.087813840299294,UP,False,overbought,out_of_sample
2025-08-31 01:45:00,109429.01,80.34207541428012,54.92967541239719,0.9622676838617874,54.37406406217097,10,True,True,12.229572395839066,UP,False,overbought,out_of_sample
2025-08-31 17:30:00,108979.22,86.51812481468835,9.104487993215695,23.700848657202137,-6.356257642512405,10,True,False,15.331959615787286,UP,False,overbought,out_of_sample
2025-09-01 07:45:00,109432.99,85.7801822530791,53.44640587815472,43.80854438867008,52.36081002630011,10,True,True,27.67410449079385,UP,False,overbought,out_of_sample
2025-09-02 01:00:00,109208.0,84.88157769489715,19.687202402754377,129.65808365687508,-102.17017068346631,2,True,True,33.13511830635127,UP,False,overbought,out_of_sample
2025-09-02 04:00:00,110360.0,82.85655613292607,28.542044218920374,22.69844146429866,-5.80282711127162,4,True,True,28.76581188836536,UP,False,overbought,out_of_sample
2025-09-04 22:45:00,111490.73,83.01962017746322,94.62490738019169,24.628056520932436,61.88496568279639,8,True,True,23.470157563772553,UP,False,overbought,out_of_sample
2025-09-05 07:00:00,112345.97,83.49490357966943,19.13286253169536,58.126695599316896,3.638759805981884,10,True,True,16.806121305463748,UP,False,overbought,out_of_sample
2025-09-05 12:45:00,113214.78,81.82310549824493,258.61199394637305,8.411445926052759,205.7938018340008,9,True,True,24.958446238203116,UP,False,overbought,out_of_sample
2025-09-07 02:00:00,110529.57,82.72919048616087,7.7029160612869445,18.415886355116402,3.583656391678768,1,True,False,6.930091196410184,UP,False,overbought,out_of_sample
2025-09-07 03:15:00,110709.99,83.4139846890445,19.87444854795839,2.0892423529249804,5.469244464750012,5,True,True,8.14750321989921,UP,False,overbought,out_of_sample
2025-09-09 05:30:00,111981.9,81.99630003363575,0.0,117.10731823625065,-93.564227790384,1,False,False,18.030949644540897,UP,False,overbought,out_of_sample
2025-09-10 07:45:00,112553.65,80.16349389723227,40.553993584392614,27.200361783026025,13.720567924717948,5,True,True,17.986000454005644,UP,False,overbought,out_of_sample
2025-09-10 12:30:00,113260.28,80.04588952935208,29.66088376260436,92.95844933457748,-71.00282641010666,1,True,True,21.5109833738712,UP,False,overbought,out_of_sample
2025-09-11 22:30:00,115139.99,85.44002542810547,4.862776173595745,103.51051793560103,-53.84836319683498,1,True,False,14.390004723814815,UP,False,overbought,out_of_sample
2025-09-12 18:00:00,116023.52,80.9484873262473,4.2681001231477955,55.34308905642585,-14.8978414031906,9,True,False,23.030976822630272,UP,False,overbought,out_of_sample
2025-09-12 18:30:00,116469.91,93.18928180476914,48.13775506480631,16.80434027982001,32.68140243261109,10,True,True,23.107899714183564,UP,False,overbought,out_of_sample
2025-09-13 20:30:00,115862.0,83.2075984284873,4.496728867101019,9.538934249365976,-2.0852393364522874,9,True,False,12.900907976730862,UP,False,overbought,out_of_sample
2025-09-14 10:00:00,116052.19,80.31071830544064,30.22433269031884,4.855574030958939,29.160156305538354,10,True,True,6.7328759586527855,UP,False,overbought,out_of_sample
2025-09-15 04:30:00,116067.49,92.32649977679367,6.5660074151690875,59.491249444611924,-15.035217871946292,1,True,False,17.234412495695295,UP,False,overbought,out_of_sample
2025-09-17 07:45:00,117162.48,80.56933659719992,65.89993656672267,2.336925609632423,65.89993656672267,10,True,True,15.724103825729763,UP,False,overbought,out_of_sample
2025-09-20 07:30:00,115925.66,81.79720199529672,22.56187284161271,5.136050120395571,15.361568784685094,8,True,True,6.053793439692182,UP,False,overbought,out_of_sample
2025-09-23 07:45:00,113090.13,86.22956813780621,23.12403390110254,16.92190114203559,16.23307003007263,10,True,True,21.613999382616402,UP,False,overbought,out_of_sample
2025-09-28 16:00:00,110195.21,84.48766500365697,16.93993777043601,16.501624707643508,0.1860334945596011,2,True,True,13.247989635847063,UP,False,overbought,out_of_sample
2025-09-28 22:30:00,111899.99,86.83403610843297,3.6067921006963966,40.21537446071217,-30.521897276308387,1,True,False,17.26018921002572,UP,False,overbought,out_of_sample
2025-09-29 00:15:00,112198.87,84.33240964507749,50.459509975456456,9.904734334668847,40.004859228973636,10,True,True,20.691563114673016,UP,False,overbought,out_of_sample
2025-09-29 00:45:00,112260.57,84.78596862362494,59.90527217169839,4.403148852708748,44.88396950060113,9,True,True,22.393615140204535,UP,False,overbought,out_of_sample
2025-09-29 14:30:00,114079.26,84.4645637322132,55.182686142949166,13.350367104415204,25.881128611809018,10,True,True,25.425349007348025,UP,False,overbought,out_of_sample
2025-09-29 20:15:00,114290.07,83.43001007049409,23.63022439307343,9.618508414597438,8.772415661308923,9,True,True,19.7828210272335,UP,False,overbought,out_of_sample
2025-09-30 19:30:00,114212.51,81.7297123252689,8.967494016198248,47.48691715119479,7.19711001885845,2,True,False,23.404704090646465,UP,False,overbought,out_of_sample
2025-10-01 09:00:00,116240.31,82.01982808506084,9.503587868958812,30.943654572153353,-28.82648884883409,1,True,False,25.985004685551832,UP,False,overbought,out_of_sample
2025-10-01 16:00:00,117773.0,82.0740135895719,89.02210183998051,36.17127864620923,59.286933337862266,7,True,True,24.85480543078633,UP,False,overbought,out_of_sample
2025-10-02 00:00:00,119153.8,83.48918463573807,65.94418306424134,2.836669917367546,40.408279047751385,4,True,True,22.907536310214287,UP,False,overbought,out_of_sample
2025-10-03 15:45:00,122258.05,81.10882706744012,64.76465148920688,133.89220587110643,-17.6961762436086,9,True,True,27.073554665725656,UP,False,overbought,out_of_sample
2025-10-04 05:00:00,122657.03,86.8589682464005,30.729588022798062,11.656078742490434,28.130470793234892,10,True,True,12.949808094978405,UP,False,overbought,out_of_sample
2025-10-05 02:45:00,124031.44,83.29882702997828,55.34564462042901,135.2060413069457,-109.70121769125629,2,True,True,18.03228278249462,UP,False,overbought,out_of_sample
2025-10-05 04:45:00,125172.81,85.28242344698488,32.153148914688515,21.178720842010804,32.15235001914488,10,True,True,31.53564260481175,UP,False,overbought,out_of_sample
2025-10-06 00:15:00,123660.66,88.92166289131843,46.63245368413879,47.24784745609392,-36.385864348451406,2,True,True,20.112540237129615,UP,False,overbought,out_of_sample
2025-10-07 11:30:00,124366.88,81.8323647568162,130.00888982661658,61.03875887213665,123.4211230514114,10,True,True,17.397236306000433,UP,False,overbought,out_of_sample
2025-10-07 12:45:00,124917.99,81.71304463732693,257.93242430493865,10.26033159835491,227.19145577030167,9,True,True,17.92019708290221,UP,False,overbought,out_of_sample
2025-10-09 11:45:00,122737.57,83.76055037519716,97.88282430554995,83.54165721221264,85.32839618708459,10,True,True,23.61359280617996,UP,False,overbought,out_of_sample
2025-10-09 23:45:00,121662.4,80.04581762461392,35.76865161298793,17.403076053078887,25.7072028827308,9,True,True,18.027673299228034,UP,False,overbought,out_of_sample
2025-10-10 13:30:00,122259.02,82.38666779364962,307.4636129097063,4.007066308889985,271.2626029555944,8,True,True,19.569394552647232,UP,False,overbought,out_of_sample
2025-10-11 11:15:00,112350.0,82.25048981480607,40.91410769915428,13.35113484646195,7.311081441922512,9,True,True,41.91237205162448,UP,False,overbought,out_of_sample
2025-10-12 06:15:00,111933.62,80.97559643300983,56.60676390167632,0.020547892582271292,55.63297247064834,10,True,True,40.955166106483425,UP,False,overbought,out_of_sample
2025-10-19 11:00:00,108904.55,80.83917559882042,28.58282780655159,50.09157101333269,-16.392336224703566,1,True,True,31.08019821026763,UP,False,overbought,out_of_sample
2025-10-19 12:00:00,109154.38,83.02529351900144,32.41372448819714,27.089155744368874,27.165194836891022,9,True,True,35.47026697416985,UP,False,overbought,out_of_sample
2025-10-19 22:15:00,110145.44,93.82220908796651,17.56586564091949,105.15460285963684,-82.56810268314305,2,True,True,38.69029893566171,UP,False,overbought,out_of_sample
2025-10-20 02:15:00,111169.92,80.76036674422875,42.9936443239315,45.81545079820169,13.460475639453499,7,True,True,31.918166352912703,UP,False,overbought,out_of_sample
2025-10-20 15:30:00,111022.59,84.15525629451318,54.433966997166664,0.000900717593537786,40.731350259437455,4,True,True,32.73140178048452,UP,False,overbought,out_of_sample
2025-10-21 07:00:00,109339.48,80.36130854392087,129.63478516634598,328.008693657589,-280.26473145839077,2,True,True,30.19247942280334,UP,False,overbought,out_of_sample
2025-10-21 09:15:00,112170.52,80.56507532953682,40.43932398637365,163.09811169637047,-19.284032917026476,1,True,True,57.71360425181252,UP,False,overbought,out_of_sample
2025-10-22 21:45:00,108705.76,82.8401957163949,35.156370738772104,26.314152994285028,-21.601431239706802,2,True,True,26.27846031341856,UP,False,overbought,out_of_sample
2025-10-23 19:30:00,110500.29,90.55345823465491,32.48045774359406,29.80806656706554,6.870570203933244,1,True,True,22.13989664642526,UP,False,overbought,out_of_sample
2025-10-26 01:30:00,111679.83,84.89158107277632,2.956666391774063,98.49406110306543,-58.396399779619856,1,True,False,8.68908020365006,UP,False,overbought,out_of_sample
2025-10-26 03:45:00,112667.24,85.03643800210546,42.41783148322472,70.91591131548005,-54.92723528152383,5,True,True,10.988021007703859,UP,False,overbought,out_of_sample
2025-10-26 08:00:00,113846.36,80.06240518974322,36.93486555037906,13.144030252701924,35.215003799858295,7,True,True,29.909871514557032,UP,False,overbought,out_of_sample
2025-10-28 08:45:00,115923.99,80.18982853610188,146.6788712155267,3.3314933345544215,50.23981662467007,2,True,True,19.852750064934693,UP,False,overbought,out_of_sample
2025-10-29 01:15:00,113284.2,82.07809536057599,35.68017428732313,30.005949638166513,30.059796511781773,9,True,True,17.361865114464305,UP,False,overbought,out_of_sample
2025-10-29 01:45:00,113444.2,83.73231335135904,59.55086289118284,15.859779521561988,41.40890411321115,9,True,True,16.52825794531588,UP,False,overbought,out_of_sample
2025-10-30 02:15:00,111366.72,85.42206123148421,138.0286678102765,9.00538329583502,116.81407156464681,9,True,True,51.669969269095915,UP,False,overbought,out_of_sample
2025-11-01 23:15:00,110670.27,81.44096977070053,35.74763122923707,5.02664356018921,15.108845401751202,3,True,True,12.835470628200369,UP,False,overbought,out_of_sample
2025-11-04 23:15:00,101998.3,82.49526354086649,48.85375540572763,36.44178383365184,16.741455494847397,5,True,True,62.65722075760079,UP,False,overbought,out_of_sample
2025-11-07 14:00:00,103257.05,80.87629741503974,28.961702857093332,81.28355400430262,-41.476102600258685,2,True,True,50.78868706785639,UP,False,overbought,out_of_sample
2025-11-07 14:45:00,103200.0,80.21754010058628,0.8401162790695982,86.85658914728687,-41.96027131782934,1,True,False,46.653052325581406,UP,False,overbought,out_of_sample
2025-11-09 07:45:00,102510.33,81.36589312640086,1.6730021257378385,161.70760546766343,-122.11842455292032,1,True,False,19.692015429079145,UP,False,overbought,out_of_sample
2025-11-13 03:00:00,103794.32,81.5539744863984,119.5335158995215,1.476959432846344,66.10091958789373,2,True,True,38.2936657805551,UP,False,overbought,out_of_sample
2025-11-13 18:00:00,100420.4,83.57029764667716,171.3197716798573,0.0,92.77497400926447,6,True,True,52.17963680686404,DOWN,False,overbought,out_of_sample
2025-11-14 21:45:00,96656.01,80.62242524867597,76.02217389275519,3.435896019296307,32.46875181377772,6,True,True,51.94213996625741,UP,False,overbought,out_of_sample
2025-11-18 05:00:00,91521.05,89.45265449828577,67.23589818954282,39.013975473401764,4.861176745678206,9,True,True,41.44953538011198,UP,False,overbought,out_of_sample
2025-11-19 17:30:00,91327.03,81.9809860711919,15.523334110394709,152.13568206477353,-135.90609483304146,4,True,True,55.46720395922198,UP,False,overbought,out_of_sample
2025-11-19 20:00:00,92568.22,82.0274918048841,26.594440294953017,24.837897930844758,10.678610866667396,5,True,True,50.423568693445716,UP,False,overbought,out_of_sample
2025-11-22 22:30:00,86461.94,82.92721404875225,53.426976077566884,46.038754161657444,50.48348440944134,10,True,True,38.23011604874928,UP,False,overbought,out_of_sample
2025-11-24 12:30:00,88486.69,80.2286482851381,41.987105631366575,54.69184122493417,-51.19074970484275,7,True,True,59.51087106998786,UP,False,overbought,out_of_sample
2025-11-24 13:15:00,88715.31,83.7618716106344,67.64897738620247,57.79047607453576,-22.769463354183173,4,True,True,58.69967652708402,UP,False,overbought,out_of_sample
2025-11-24 15:00:00,88939.66,82.66780977356387,49.43014173879287,32.41973265919799,46.959927663317295,10,True,True,46.689182306296,UP,False,overbought,out_of_sample
2025-11-26 02:00:00,87789.33,82.55161837591874,118.7763934409792,20.579949750157365,98.86964623149545,9,True,True,26.94222635028659,UP,False,overbought,out_of_sample
2025-11-26 12:15:00,89830.79,80.80562584881145,35.838491457103714,65.41187047336507,-18.875488014745528,9,True,True,50.901032930913736,UP,False,overbought,out_of_sample
2025-11-26 13:30:00,89822.0,80.45163751249018,34.86339649529004,74.51181225089609,-45.60575360156748,4,True,True,55.56255705729123,UP,False,overbought,out_of_sample
2025-11-27 13:00:00,91760.31,84.9145458469864,59.19116881797799,9.075819382039887,36.66835911953667,10,True,True,28.54551167056861,UP,False,overbought,out_of_sample
2025-11-28 00:15:00,91612.09,90.51955243427575,81.28403139803966,0.0,50.64724535811712,8,True,True,21.532692901122378,UP,False,overbought,out_of_sample
2025-11-30 03:15:00,91184.45,86.70218215346787,5.022786231643982,49.08183358017764,-7.753514990768392,1,True,False,14.47203991470061,UP,False,overbought,out_of_sample
2025-12-01 17:15:00,86572.65,84.10226664286954,44.84788209671239,89.79163742821848,-19.0776186243581,6,True,True,49.62843346022103,UP,False,overbought,out_of_sample
2025-12-02 09:00:00,88830.73,84.75739823938586,6.053085458150521,277.605508814349,-241.20932024311944,1,True,False,37.34557849518981,UP,False,overbought,out_of_sample
2025-12-02 11:00:00,90583.42,80.30907322328089,4.196132139854596,182.5643147498732,-160.45982807891335,1,True,False,57.98213403733259,UP,False,overbought,out_of_sample
2025-12-02 21:45:00,92836.38,83.07372352616605,22.76909116878584,88.71737566673704,-86.87757967296803,3,True,True,39.531377677587216,UP,False,overbought,out_of_sample
2025-12-03 00:45:00,93935.83,80.297798760888,133.46664419742666,0.0,124.57227449845364,10,True,True,39.91985805629225,UP,False,overbought,out_of_sample
2025-12-07 12:15:00,90945.17,87.95921133888629,0.0,89.59574213781795,-53.321138439788236,1,False,False,53.393159856647834,UP,False,overbought,out_of_sample
2025-12-07 14:00:00,91376.16,84.53536128537242,260.5526430526301,14.690921570789437,219.0910627016939,10,True,True,48.00956836006241,UP,False,overbought,out_of_sample
2025-12-09 11:00:00,94228.67,83.74296723772997,73.1985286431407,38.23889268521003,31.546661966044386,4,True,True,51.347535734081895,UP,False,overbought,out_of_sample
2025-12-16 05:30:00,86977.1,82.00458414029615,24.79503225561711,93.10266725379424,4.956477049706254,10,True,True,30.44272572895624,UP,False,overbought,out_of_sample
2025-12-17 09:15:00,89675.85,83.5980585780294,391.3194020463706,76.94379255953525,312.3103934894414,7,True,True,46.33577490483786,UP,False,overbought,out_of_sample
2025-12-21 18:30:00,89480.0,82.3586755255421,176.57577112203845,16.455073759499914,122.27648636566883,8,True,True,21.648468931604622,UP,False,overbought,out_of_sample
2025-12-22 06:45:00,90300.01,86.12206123257982,95.18382113135921,31.9180474066394,19.222589233379015,9,True,True,28.856198354795108,UP,False,overbought,out_of_sample
2025-12-24 07:15:00,87428.51,80.27740050211983,115.35253202873923,2.285295723329893,65.2327255720122,7,True,True,16.907413840176083,UP,False,overbought,out_of_sample
2025-12-24 17:00:00,87984.13,80.46094831503382,54.05633947849465,4.632653638786308,36.83959823209079,9,True,True,14.66184867657369,UP,False,overbought,out_of_sample
2025-12-25 10:00:00,88505.34,84.3275934141508,57.86430513684148,9.87511036057358,21.6721386528765,5,True,True,17.342456398675992,UP,False,overbought,out_of_sample
2025-12-25 21:30:00,89044.05,84.69131496337613,59.22012756607623,12.254608814400887,19.713838263197616,4,True,True,37.053907588435166,UP,False,overbought,out_of_sample
2025-12-25 22:15:00,88844.87,80.14663931753964,36.93404019838168,35.64302587194942,-26.60705114431474,1,True,True,36.946421329672724,UP,False,overbought,out_of_sample
2025-12-26 14:45:00,87612.72,84.29231605654269,33.25087955265023,20.542679190875017,7.15877785782717,9,True,True,24.5294290600726,DOWN,False,overbought,out_of_sample
2025-12-27 16:30:00,87864.31,84.52063645909,41.463934560004226,13.62214077593079,-2.4674409894082783,3,True,True,5.771228386133025,UP,False,overbought,out_of_sample
2025-12-28 21:30:00,89495.5,80.75452150816133,14.673363465202941,101.745897838439,-70.66500550306979,1,True,True,32.30832835170488,UP,False,overbought,out_of_sample
2025-12-28 22:00:00,89993.26,84.47667504283658,16.71014029272749,45.87232421628098,-1.5745623616700022,1,True,True,34.55519891156318,UP,False,overbought,out_of_sample
2025-12-30 09:15:00,88875.83,80.59032954603943,75.57622809260991,58.977789574510666,28.335037771236763,1,True,True,25.53731425067987,UP,False,overbought,out_of_sample
