signal_time,direction,signal_type,net_profit_bps,mfe_bps,mae_bps,exit_reason,exit_bar,is_winner,rsi,atr_percentile,ema_separation,bull_market,bear_market,price_vs_sma_pct,bar_range_avg_10,vol_ratio,recent_volatility,recent_trend_bps,hour_utc,day_of_week,signal_bar_range_bps
2020-01-06 22:30:00,SHORT,BULL_SHORT,-37.33874782175725,0.6612521782427525,-86.02761181644605,TRAILING_STOP,1,False,91.20757555644059,94.0,1.0797547147641209,True,False,3.2588861920471257,43.67217381315265,3.695773309104589,25.225540079057144,159.161078809999,22,0,130.92381659776962
2020-01-07 00:30:00,SHORT,BULL_SHORT,58.55699730123287,96.55699730123287,0.0,TRAILING_STOP,1,True,90.48498845265594,100.0,1.6099173942701415,True,False,6.176407739196992,90.98619331397725,1.7407372508570402,48.64554666841653,347.47476864709733,0,1,128.82617772076713
2020-01-10 13:15:00,SHORT,V12_SHORT,58.636519268640015,96.63651926864001,-0.2270832045480868,TRAILING_STOP,2,True,86.26819660900856,68.0,0.9564687598444856,False,True,-0.049999961549176845,56.38561329420695,0.7357971593528431,25.3232624873926,159.5754947007611,13,4,71.75615268962636
2020-01-11 05:00:00,LONG,V12_LONG,-9.904484890492562,18.09551510950744,-42.94899961011805,TRAILING_STOP,3,False,19.879589654216232,48.5,1.4369571189008268,True,False,2.0102484502126163,42.41941761742824,0.505138641124557,23.79359575110227,-97.80434252256684,5,5,66.09712564147587
2020-01-20 16:30:00,SHORT,V12_SHORT,-13.235522305346901,24.7644776946531,-20.007850743511508,TRAILING_STOP,5,False,85.93028139437233,60.0,1.0862702504477773,False,True,-1.5670183655280292,38.99980861684783,0.7396126415262072,17.60012281999632,66.82883083814326,16,0,20.28498264750739
2020-01-24 13:45:00,SHORT,V12_SHORT,-16.92968964991851,21.07031035008149,-47.786141074232624,TRAILING_STOP,2,False,80.06629834254127,91.5,1.1170704805620826,False,True,-0.15306132467434308,58.83070646368337,0.3276637617616373,28.778622958038,118.93721710216543,13,4,66.97164158478377
2020-02-06 00:45:00,LONG,V12_LONG,60.34926754290093,88.34926754290093,0.0,TRAILING_STOP,4,True,18.113192149182723,87.5,1.7719767555223067,True,False,2.423326693101259,49.23865482554032,0.6768679183850379,20.07803912836591,-83.77411785200722,0,3,42.15446375564255
2020-02-11 13:30:00,SHORT,V12_SHORT,11.434514426147416,49.434514426147416,-5.638687459073968,TRAILING_STOP,5,True,89.02468392534549,36.0,0.6146519121363461,False,True,-0.30232557764723583,28.864655912370047,0.82452048819076,15.973378556511518,84.02640041446217,13,1,41.71790050548564
2020-02-14 11:45:00,SHORT,V12_SHORT,12.745257811465809,28.74525781146581,-7.273952433998224,TIGHT_TS,7,True,80.55416874687943,54.50000000000001,0.08563619588521061,False,True,-0.10293369493754959,42.70509854862498,0.5559430503524104,16.76147558472596,67.30815411773592,11,4,27.79173531828943
2020-02-16 23:00:00,SHORT,V12_SHORT,-6.788078746341256,31.211921253658744,-117.13579007452785,TRAILING_STOP,5,False,82.61957463189273,74.0,1.5533523514502525,False,True,-1.5690431475995372,37.25776357680199,1.496342109100363,23.838726879035704,126.60317199946665,23,6,73.623617849401
2020-02-21 03:30:00,SHORT,V12_SHORT,23.35062697977969,39.35062697977969,-39.30936813104696,TIGHT_TS,6,True,83.51718421220426,18.5,1.013240244228714,False,True,-1.1337490214391555,34.545710684450256,2.2366554632379034,21.213292559965673,83.61247543948537,3,4,45.44671563414413
2020-02-21 12:00:00,SHORT,V12_SHORT,8.982811342068935,46.982811342068935,-27.155674374479084,TRAILING_STOP,5,True,82.95054698995604,14.000000000000002,0.4148139701026906,False,True,-0.0005499552917184951,29.534633735001744,1.031275869641469,14.613364561954434,44.333837213277,12,4,60.957996548111346
2020-02-26 16:30:00,LONG,BEAR_LONG,0.490028490028493,28.490028490028493,-85.10541310541345,TRAILING_STOP,1,True,9.222619799340492,100.0,2.7082355180773168,False,True,-6.710976075524906,94.57711136340585,2.206557801690385,44.60296659480071,-236.1033056442399,16,2,161.6516847786453
2020-03-06 15:45:00,LONG,V12_LONG,43.353188842107116,71.35318884210712,0.0,TRAILING_STOP,2,True,19.799025578562777,39.0,0.9415345749496481,True,False,0.28999355124222426,30.09286346519242,1.0262460004406369,13.800944744724301,-52.42311276794115,15,4,59.21301130935107
2020-03-08 16:15:00,LONG,BEAR_LONG,108.35726944415777,136.35726944415777,0.0,TRAILING_STOP,1,True,8.941833312850108,100.0,2.454590031117217,False,True,-8.057882150266227,81.31449664693926,0.9917104364438387,44.11280591717002,-378.86353653743953,16,6,214.34460016488097
2020-03-12 10:30:00,LONG,BEAR_LONG,146.84173604893186,174.84173604893186,-951.8496779645286,TRAILING_STOP,1,True,8.561660135488836,100.0,4.132107824730547,False,True,-18.698713215566457,86.8821652711246,2.509717280307138,62.38786493634561,-170.81697325075422,10,3,1423.441512664283
2020-03-13 01:15:00,LONG,BEAR_LONG,1327.9896468576842,1355.9896468576842,-1835.5024706362342,TRAILING_STOP,4,True,9.640233002317785,96.5,24.8289859201222,False,True,-35.44851932672294,711.6360491081512,0.6109788873628756,317.3072339151862,-2051.2864700915097,1,4,279.01303859770314
2020-03-23 12:45:00,SHORT,BULL_SHORT,110.64010120177102,148.64010120177102,-179.9493991144848,TRAILING_STOP,1,True,90.99003418927762,75.5,1.4859122364695578,True,False,3.961206004962979,156.69749630035926,1.8335900662445224,145.02157249829767,760.343072224107,12,0,181.5965122843292
2020-03-30 03:15:00,SHORT,V12_SHORT,2.1027215891867996,40.1027215891868,-7.827358449716414,TRAILING_STOP,1,True,80.05700805976043,32.5,2.8576256384847407,False,True,-2.2337287301316335,50.41804547356893,0.7520657369226089,33.36649960331748,152.3885042748069,3,0,35.078134629415004
2020-04-01 21:00:00,SHORT,V12_SHORT,14.575607871103124,52.575607871103124,-7.649931590447311,TRAILING_STOP,1,True,81.67634533488167,67.5,0.9348056565302588,False,True,-0.10835754651251071,60.89488204001769,2.235899714697473,33.793805744330946,231.85972163916486,21,2,98.96215404480316
2020-04-01 22:00:00,SHORT,V12_SHORT,-400.4232121572839,0.0,-590.6684652795992,TIME_EXIT,10,False,84.85296467955894,77.0,0.7156867939214981,False,True,-0.07524493205352155,73.64121993742334,0.3920182669695768,34.88180384940007,255.48322952494544,22,2,74.56194074618406
2020-04-02 17:00:00,SHORT,BULL_SHORT,271.1936283265818,309.1936283265818,-79.1870058754837,TRAILING_STOP,3,True,92.47799515701283,97.0,2.753582309676297,True,False,9.792842105798414,103.36042873593608,0.86225671242609,43.53503311873169,195.21887685762994,17,3,397.65771388469574
2020-04-02 20:45:00,LONG,V12_LONG,57.392724925624776,85.39272492562478,-0.5490062245433839,TRAILING_STOP,1,True,19.161377621701618,95.5,3.098979566359871,True,False,3.987044112678155,140.51163018275435,0.6012345550724921,67.00137002947628,-255.56130817456867,20,3,74.6501192977464
2020-04-03 14:15:00,LONG,V12_LONG,-6.659887927719598,21.3401120722804,-181.20015381318748,TRAILING_STOP,3,False,15.292744869242824,80.5,2.531691289403348,True,False,2.368099635961875,92.01555906028791,0.8626316621674753,40.10633823100326,-229.68354267733818,14,4,108.30081177908919
2020-04-06 19:30:00,SHORT,BULL_SHORT,101.63562691908118,139.63562691908118,-6.3277326265301825,TRAILING_STOP,1,True,91.35185917721529,67.5,2.526897696332082,True,False,5.696013112395591,62.25778071813612,1.0762627344865519,26.653394383497243,182.72237027089395,19,0,33.313841921907425
2020-04-10 19:15:00,SHORT,V12_SHORT,68.52886239300227,106.52886239300227,0.0,TRAILING_STOP,1,True,83.47100576978934,70.0,2.6872000625373182,False,True,-3.501743663749071,48.879512734590165,1.3135376836428965,20.667529856592935,101.98992641676112,19,4,34.64353248552911
2020-04-11 23:45:00,SHORT,V12_SHORT,5.333856829590594,43.333856829590594,-20.750809965041395,TRAILING_STOP,5,True,80.4039402763149,39.0,1.3975486473366783,False,True,-0.729374917104029,42.49081219788205,1.020217773760136,34.98366111478546,142.28915093224967,23,5,26.683806346820212
2020-04-12 23:45:00,LONG,V12_LONG,-299.0720053767566,0.0,-476.2456563713554,TIME_EXIT,10,False,19.761851934028513,99.5,0.9429523072463584,True,False,0.1420983301587752,66.49179288056705,0.5346576738722946,49.05634195573201,-176.7256596093618,23,6,151.5254664466904
2020-04-16 00:15:00,LONG,BEAR_LONG,89.64380734790123,117.64380734790123,0.0,TRAILING_STOP,1,True,9.339855046592135,98.0,1.2405503303899803,False,True,-4.628538576533421,62.012137245342934,3.5115065435926685,50.07244835385812,-257.88566162261765,0,3,131.48299119198975
2020-04-20 15:15:00,SHORT,V12_SHORT,120.53231924123861,136.5323192412386,-12.62906294895755,TIGHT_TS,7,True,86.07188703465987,91.5,0.4537903583918379,False,True,-1.1342035782213136,45.12983843362235,1.0609526358994972,13.97907885493392,59.225687400397156,15,0,33.91745951023841
2020-04-23 14:15:00,SHORT,BULL_SHORT,52.84650064861924,90.84650064861924,-48.274248771877204,TRAILING_STOP,2,True,96.45075064814986,100.0,1.2115832353200584,True,False,7.530259095677037,68.20571146297505,3.554139504414306,54.96621394737475,303.64244770018104,14,3,516.7831257093192
2020-04-29 13:00:00,SHORT,BULL_SHORT,27.938088517910472,65.93808851791047,-84.93923966496209,TRAILING_STOP,1,True,94.16601024025191,100.0,2.1550870493442136,True,False,6.940102989170407,53.89649244104784,2.493255266699261,38.17314895528974,172.21995283234165,13,2,114.10281411075987
2020-04-30 03:45:00,SHORT,BULL_SHORT,158.85747101443732,196.85747101443732,0.0,TRAILING_STOP,1,True,90.56940301863037,89.0,5.5989000092471235,True,False,15.23041468251763,101.51720725636063,3.2597998842501634,60.866407325768755,329.4575175281203,3,3,180.7195192583048
2020-04-30 09:15:00,LONG,V12_LONG,23.084297928129963,39.08429792812996,-427.74223188373276,TIGHT_TS,6,True,17.825921702774693,95.5,6.61597999054592,True,False,8.463349736415157,131.35365848651452,2.3466372777701188,79.02702127730116,-390.004949001666,9,3,180.19825281997643
2020-04-30 17:30:00,LONG,V12_LONG,135.86463458256995,163.86463458256995,0.0,TRAILING_STOP,1,True,17.07291688349538,62.0,3.7258841998114143,True,False,1.4652784289266174,79.98273556046149,1.3689274006801329,45.23723324023958,-254.00347562252765,17,3,191.0151233500077
2020-05-04 14:00:00,SHORT,V12_SHORT,34.408928888572405,72.4089288885724,0.0,TRAILING_STOP,4,True,83.4683509542767,39.5,1.0408865282414608,False,True,-0.4536582416322239,50.444219492052795,2.014442788821378,35.750735834685464,181.49027512398905,14,0,56.9230769230766
2020-05-10 08:00:00,SHORT,V12_SHORT,67.70273769301161,105.70273769301161,0.0,TRAILING_STOP,1,True,86.2202713185628,86.5,5.3812972333581,False,True,-7.762941859736018,73.7430743638635,1.8629521930609136,60.99740960274101,211.21668597914328,8,6,132.42904620187034
2020-05-10 20:15:00,SHORT,V12_SHORT,36.94408696768026,74.94408696768026,-28.67834424095842,TRAILING_STOP,3,True,83.18423422115086,81.0,5.24286715735927,False,True,-6.305126561649009,97.13508862361951,3.6496947450628707,85.57623223268808,202.34877489636835,20,6,69.49696344677604
2020-05-14 09:00:00,SHORT,BULL_SHORT,-27.2156974038203,10.784302596179701,-56.74916744151945,TRAILING_STOP,1,False,90.29321379884006,87.5,2.724911828812502,True,False,7.3500488137542686,59.32487668942231,2.174304917200198,26.483993234305835,161.21545477518902,9,3,124.85811577752554
2020-05-15 02:45:00,LONG,V12_LONG,48.83796798769251,76.83796798769251,-26.849032149291958,TRAILING_STOP,1,True,16.580288959871226,93.0,2.911978871873481,True,False,1.6259328992627529,94.72760017172871,5.708459943058513,52.08881851496017,-231.37302828668615,2,4,76.2048468895838
2020-05-15 05:00:00,LONG,V12_LONG,72.44229816898455,100.44229816898455,-4.750649237723741,TRAILING_STOP,2,True,17.758493562475223,92.5,2.209809282245449,True,False,0.7200965292820143,103.35560412371262,0.42735071640499944,38.118197178760205,-71.0591055320761,5,4,60.89647069801404
2020-05-18 08:30:00,LONG,V12_LONG,-7.077950483655595,8.922049516344405,-169.94134731189848,TIGHT_TS,9,False,18.842664306262122,78.0,1.5515663990634754,True,False,1.2733411852433278,54.90277369525472,0.749720665088733,13.980582981159895,-18.27204224504314,8,0,126.72195040535568
2020-05-22 12:30:00,SHORT,V12_SHORT,76.90073290859661,114.90073290859661,0.0,TRAILING_STOP,4,True,80.22834450235783,35.5,1.7876342383087451,False,True,-1.446069543866721,45.81946332168762,0.6528425820097742,11.651179158347817,-1.0147853128924558,12,4,50.256508522702376
2020-06-02 03:00:00,LONG,V12_LONG,21.28223672570323,49.28223672570323,0.0,TRAILING_STOP,3,True,16.75617934185918,92.0,2.194840023175419,True,False,4.775779520425715,48.287853710037915,0.596290806612046,24.18059999360339,-72.03870924578693,3,1,49.53112916660861
2020-06-06 11:45:00,SHORT,V12_SHORT,24.771757351310747,62.77175735131075,-37.291684934262065,TRAILING_STOP,4,True,84.31532152025584,13.0,0.32174179538650477,False,True,-0.1902165655102235,22.508741126412755,0.7803370709761335,8.847032681094493,18.918647745951084,11,5,27.728920913774402
2020-06-06 20:45:00,SHORT,V12_SHORT,53.37429131017346,69.37429131017346,-29.625811771982047,TIGHT_TS,7,True,81.48246370085454,17.5,0.22643002737045112,False,True,-0.0072712463726565535,24.006353546002998,1.086293919168118,15.698767382445967,66.7383590080665,20,5,51.41992388036847
2020-06-17 23:15:00,SHORT,V12_SHORT,17.53874535228399,33.53874535228399,-32.320887532419306,TIGHT_TS,6,True,84.51254826254825,68.0,0.17244700650752845,False,True,-0.27929105559351214,29.650025915577466,0.7902445691437581,15.936491459952471,58.04184471567459,23,2,27.24524425949309
2020-06-25 08:15:00,SHORT,V12_SHORT,29.06784406633681,45.06784406633681,-50.549213870343,TIGHT_TS,6,True,80.01243179777586,69.5,1.7380286254644588,False,True,-1.96122525331215,32.77779388447139,3.1668546297666156,36.258973776148245,89.36362596480016,8,3,31.735980762418613
2020-07-10 15:45:00,SHORT,V12_SHORT,27.165031889775967,43.16503188977597,0.0,TIGHT_TS,6,True,82.21245542748026,51.0,0.6187469302227551,False,True,-0.6142593898583916,21.22664235547913,1.4307389716919015,13.51946108229983,58.80227110437723,15,4,14.363092044924308
2020-08-12 09:15:00,SHORT,V12_SHORT,-25.828037018113967,12.171962981886034,-53.07359503635092,TRAILING_STOP,3,False,82.52427184466023,63.5,1.54813917061432,False,True,-1.5735070698758606,44.007828344065324,0.6978816209210593,27.23567411327247,110.29827038475095,9,2,27.073002940973243
2020-08-22 08:00:00,SHORT,V12_SHORT,-3.33197055289304,34.66802944710696,-24.559398350852135,TRAILING_STOP,5,False,81.86698717948713,66.5,1.252101666370491,False,True,-1.1806349664738103,32.10715655671457,0.8855364272824491,27.7233827357563,100.13249238321532,8,5,38.56990925539728
2020-09-03 12:15:00,LONG,BEAR_LONG,39.906130360497386,67.90613036049739,-39.692981643385934,TRAILING_STOP,1,True,6.495103421017831,100.0,1.8383970299739953,False,True,-7.04065352905523,83.53255930822749,3.984509734107132,61.14920779672122,-300.4193086520761,12,3,395.03077506085094
2020-09-04 11:00:00,SHORT,V12_SHORT,55.771225760779515,93.77122576077952,0.0,TRAILING_STOP,2,True,82.16896746758297,65.0,4.430773930467307,False,True,-4.749960490929482,55.208778471409005,0.7571370843372642,28.161567159881333,48.15541887723097,11,4,42.829399890941865
2020-09-16 01:15:00,LONG,V12_LONG,37.72036825874625,65.72036825874625,0.0,TRAILING_STOP,2,True,19.451827815940888,75.5,1.0225035241595644,True,False,0.40819791522428445,49.18489782735587,0.6524223302875495,23.25010117022111,-68.8823433912378,1,2,34.114707427064374
2020-09-29 20:30:00,SHORT,V12_SHORT,1.3361105794867676,17.336110579486768,-18.38593935520155,TIGHT_TS,6,True,90.49521906664675,57.49999999999999,0.2584528998774668,False,True,-0.32089986427336753,24.230653995361166,1.0576399220721366,15.34894023161451,61.20233918128642,20,1,17.902815675323044
2020-10-07 07:00:00,SHORT,V12_SHORT,9.190552977822914,25.190552977822914,-4.565552389476961,TIGHT_TS,6,True,82.13906581741062,7.5,0.42274709841781977,False,True,-0.5842639662173517,14.990199949198455,0.9669830144638114,5.275997416354347,33.48427230978263,7,2,18.252796047831378
2020-10-13 01:00:00,LONG,V12_LONG,15.341935416328852,43.34193541632885,0.0,TRAILING_STOP,3,True,18.007832052527306,99.0,1.0609783738727658,True,False,0.5358787234646615,53.95205519717264,0.606138205337378,32.26240846284125,-140.41312409764777,1,1,40.58547071555922
2020-10-26 21:00:00,SHORT,V12_SHORT,-3.169042969949892,34.83095703005011,-13.83106755578513,TRAILING_STOP,4,False,82.41878156762456,79.0,0.04521751364973591,False,True,-0.20210570336749653,32.563684775748115,0.7868901888845596,14.904545120240195,18.949234861041457,21,0,38.875891881270526
2020-11-05 23:00:00,SHORT,BULL_SHORT,142.35557538672367,180.35557538672367,0.0,TRAILING_STOP,1,True,91.30150968477031,84.5,3.8436734206400245,True,False,10.337400172983372,71.00519974423146,1.9081849143567848,33.45533525013219,311.67381216467055,23,3,171.6157688195759
2020-11-08 11:45:00,SHORT,V12_SHORT,26.91050555958026,42.91050555958026,-76.65886016250576,TIGHT_TS,6,True,86.0393946138437,33.5,0.6511965204455726,False,True,-0.8226571336000426,44.77661910213809,0.6470285589442027,21.362978436970078,113.23514273376614,11,6,42.95036582954311
2020-11-14 23:00:00,SHORT,V12_SHORT,105.2868844982262,121.2868844982262,0.0,TIGHT_TS,7,True,87.48454700653434,11.0,0.3339953435938826,False,True,-0.2105059547169361,28.390495842165727,0.6031751343000514,11.897147686355218,33.37815876965137,23,5,55.10223077161694
2020-11-17 12:45:00,SHORT,BULL_SHORT,57.422293846341134,95.42229384634113,0.0,TRAILING_STOP,1,True,93.99529912634743,78.5,1.7470513046839085,True,False,4.4599380794404855,48.09714863162007,1.079651221548542,31.125410728716773,206.35765231999895,12,1,48.31115827948286
2020-11-18 15:15:00,LONG,V12_LONG,173.22128989349648,201.22128989349648,0.0,TRAILING_STOP,1,True,13.334183592131353,91.5,3.220845536974768,True,False,1.79734279382807,103.74935702277189,1.8368258565758826,43.71684533184386,-251.13140623933685,15,2,206.0817698385315
2020-11-25 04:00:00,LONG,V12_LONG,28.903253307708255,56.903253307708255,-6.53223410379017,TRAILING_STOP,1,True,19.771293877811274,42.5,1.3863347512949886,True,False,0.6421414847206411,58.24764343667672,2.427469572288697,31.292884263881515,-152.30704144527513,4,2,79.0618244864702
2020-11-30 14:00:00,SHORT,BULL_SHORT,-27.15241045405763,10.84758954594237,-93.2008245208588,TRAILING_STOP,1,False,90.951621222845,94.5,2.5333507090694543,True,False,6.596994472981467,60.771870212914735,2.581292511026813,34.53695624981705,284.3633454068993,14,0,97.55318446037153
2020-11-30 14:45:00,SHORT,BULL_SHORT,130.61791113577343,168.61791113577343,-179.27972925039256,TRAILING_STOP,2,True,95.7155420187897,100.0,2.7633911360534644,True,False,7.836365821032235,74.53826965602849,1.224229594078765,29.41111653180112,331.57596525986787,14,0,235.78087142211805
2020-12-09 22:00:00,SHORT,V12_SHORT,19.581522279897676,57.581522279897676,0.0,TRAILING_STOP,2,True,81.41893500515835,49.0,1.244367781930538,False,True,-0.2602198851216341,43.80697658177517,1.3385400852831493,32.79232709347328,151.61058149548293,22,2,56.07522879726112
2020-12-11 14:30:00,SHORT,V12_SHORT,-12.484515152797508,3.5154848472024924,-101.86549119847399,TIGHT_TS,7,False,83.1630766386246,69.0,1.480753399041486,False,True,-1.3509345584794696,54.26511410844997,0.8271916385740461,29.537118969069645,173.22570841782215,14,4,58.455161347834895
2020-12-16 22:15:00,SHORT,BULL_SHORT,-32.262910798121524,5.73708920187848,-50.34741784037634,TRAILING_STOP,1,False,94.7786179137039,90.5,3.4175377321037095,True,False,8.516634337837594,59.719877448133865,1.4792962292335055,42.24660543352166,272.7509021371124,22,2,127.5352112676046
2020-12-16 23:00:00,SHORT,BULL_SHORT,17.538438593300917,55.53843859330092,-5.629116934618963,TRAILING_STOP,2,True,93.46816934188358,91.0,3.6328539076799538,True,False,8.789263126221162,74.46440382056822,0.6752300004148033,43.860508368457594,265.6446386771665,23,2,53.94414550799789
2020-12-20 03:00:00,LONG,V12_LONG,14.397622502190252,42.39762250219025,-21.181625348175338,TRAILING_STOP,3,True,18.559254630155635,69.0,2.0945325260056666,True,False,0.5948409595827479,51.70907318067157,0.7564221943464787,14.032861725285324,6.7224220536435455,3,6,85.46119874250742
2020-12-21 19:15:00,SHORT,V12_SHORT,18.669710177786072,56.66971017778607,-6.863219707945618,TRAILING_STOP,1,True,83.73123234725756,75.0,1.0542048697439597,False,True,-3.0161343452964466,67.83157196371292,0.9795013416133583,20.54389333097645,170.46100298337794,19,0,60.246818032985395
2020-12-26 14:45:00,SHORT,BULL_SHORT,-32.803240193528154,5.196759806471848,-31.37361511670095,TRAILING_STOP,1,False,91.03649332583495,61.5,2.2225579635643222,True,False,5.220456490414151,59.04460321869213,1.4628904158018288,35.62577783330012,195.11850930474958,14,5,67.53839074083345
2020-12-26 15:30:00,SHORT,BULL_SHORT,-104.42717513080717,0.0,-195.6346213949116,TIME_EXIT,10,False,95.1850492765777,76.5,2.347013216106714,True,False,5.565893655945391,62.46716399356145,0.9618274872332814,33.91451075658327,232.99014679268117,15,5,57.515166012445846
2020-12-27 08:00:00,SHORT,BULL_SHORT,159.19045950804346,197.19045950804346,-18.23444616100272,TRAILING_STOP,2,True,91.22938142422649,75.5,4.77919741310881,True,False,10.682527467485576,82.40235089122811,0.7397464114873342,71.10527058958583,331.98411440499376,8,6,97.94163558619039
2020-12-31 13:00:00,LONG,V12_LONG,143.0226394752752,171.0226394752752,0.0,TRAILING_STOP,3,True,18.02120382104853,82.0,2.412747432441005,True,False,0.2690129535257257,64.96583344273907,3.228161994721081,37.38053399673972,-184.66181917958616,13,3,279.8011948247999
2021-01-02 17:45:00,SHORT,BULL_SHORT,65.53669467190312,103.53669467190312,0.0,TRAILING_STOP,1,True,93.71445793252005,96.5,3.7836653454860354,True,False,11.347661497505232,127.12391809381477,0.49369598961957123,47.463255025011414,412.91323594891793,17,5,81.86697734665702
2021-01-04 14:30:00,SHORT,V12_SHORT,44.93896759497632,82.93896759497632,-81.75179829523678,TRAILING_STOP,2,True,83.62155460438971,81.0,1.1480378866994139,False,True,-2.435589853532028,143.55795263733026,0.6675598474238671,69.66740742143917,270.2912621359226,14,0,89.36601159574738
2021-01-08 12:30:00,SHORT,BULL_SHORT,157.89658525727899,195.89658525727899,0.0,TRAILING_STOP,1,True,92.88560513609596,80.0,4.4324471883681,True,False,10.6301709597219,174.22179572297017,0.8266494455148733,70.29951889211391,500.36206873471406,12,4,68.60943641113045
2021-01-11 23:30:00,SHORT,V12_SHORT,263.56578645157606,301.56578645157606,-54.79234293201097,TRAILING_STOP,2,True,85.93252559492453,54.50000000000001,6.901314403727454,False,True,-4.793907838603268,184.35511682750214,1.2383183062108758,93.66926256096417,323.51251243910764,23,0,172.39038419980128
2021-01-15 05:45:00,LONG,V12_LONG,48.463478175773034,76.46347817577303,-42.29162974855165,TRAILING_STOP,2,True,19.75572946414043,33.0,3.2665450760293417,True,False,1.7606995879410208,82.04274445104748,0.62012895837538,50.32383047271341,-82.12626284375123,5,4,174.8239171200426
2021-01-15 23:15:00,SHORT,V12_SHORT,-153.05487064702936,0.0,-284.73106912167117,TIME_EXIT,10,False,82.229867913565,71.5,1.9235639431848826,False,True,-3.562904914223316,95.77247774968578,0.5803472090111736,59.94368050240028,240.32388072696293,23,4,97.99282752896592
2021-01-16 08:45:00,SHORT,V12_SHORT,32.08862445902662,70.08862445902662,-9.991305988884449,TRAILING_STOP,3,True,80.32452744249596,68.0,1.233597163918928,False,True,-0.963738244022089,108.62884327818117,2.0998034562138375,93.22239836452879,328.43165144937564,8,5,102.03847396054346
2021-01-17 13:15:00,SHORT,V12_SHORT,152.6854239459776,190.6854239459776,0.0,TRAILING_STOP,2,True,80.60080823388279,59.0,2.608018848250844,False,True,-2.8278132859699756,108.7814810111978,0.917983137637727,49.66766707421484,145.43914067436367,13,6,37.39119583631729
2021-01-24 22:45:00,SHORT,V12_SHORT,-2.980669491411369,35.01933050858863,-42.29647873799665,TRAILING_STOP,2,False,85.63220093001232,49.0,0.9836151995215257,False,True,-0.5957641633664016,70.550487258086,1.726889134810213,42.41427233943852,253.70909118675652,22,6,49.85998181646781
2021-01-28 03:30:00,SHORT,V12_SHORT,-1.3183568677794355,36.681643132220564,-137.997432605905,TRAILING_STOP,3,False,80.59848789922356,61.5,1.9995952684840703,False,True,-0.8812662207024418,101.49816259379189,1.4587491033541178,48.38860411501012,143.27123694273314,3,3,75.6803594351732
2021-01-29 06:30:00,LONG,V12_LONG,18.146347381278375,46.146347381278375,-76.80794257863484,TRAILING_STOP,1,True,19.291304329813343,72.5,2.7397714263341593,True,False,2.587833525610289,107.63750111151546,0.7809927519108075,47.87699393126581,-144.51574947321632,6,4,113.38145023300734
2021-01-29 07:15:00,LONG,V12_LONG,19.589187388601665,47.589187388601665,-43.20159792776475,TRAILING_STOP,1,True,16.456485857741498,73.5,2.4929926174693056,True,False,1.6530588047367591,96.19900005862333,0.8345530499782391,51.783653122883024,-204.7314778352244,7,4,106.80755221611018
2021-01-29 18:30:00,LONG,V12_LONG,106.47030497592277,134.47030497592277,0.0,TRAILING_STOP,1,True,11.051238787675345,83.0,6.193350651088137,True,False,6.1795921554761994,166.36948740887254,1.423378569512595,60.6175464249068,-635.1101635444319,18,4,155.03611556982327
2021-01-29 19:15:00,LONG,V12_LONG,-20.647620364000954,7.352379635999047,-272.32552109119587,TRAILING_STOP,2,False,16.810045035935005,83.5,5.855750872604764,True,False,4.603342420020986,173.27271940658994,0.4897439435673793,64.19233624121861,-265.15031696059725,19,4,190.29269992450253
2021-02-01 03:45:00,SHORT,V12_SHORT,4.8585257608362085,42.85852576083621,-110.29614350710845,TRAILING_STOP,5,True,83.1870000919372,56.99999999999999,1.0729234598534378,False,True,-0.2561048749854375,94.56893112694115,0.9675548504847933,60.36397309238084,221.25282803281405,3,0,55.751524171851074
2021-02-07 23:30:00,SHORT,V12_SHORT,36.4926001110521,74.4926001110521,-35.79081544326955,TRAILING_STOP,1,True,81.32376778901602,9.0,0.5163817438307118,False,True,-0.44597512271426454,60.930376228346674,1.234734661828353,42.71690041359129,137.73320025626958,23,6,29.489378258342448
2021-02-08 07:15:00,SHORT,V12_SHORT,-17.94050917925542,20.05949082074458,-59.03068204825072,TRAILING_STOP,5,False,80.58926391888085,11.5,0.13299137646485054,False,True,-0.09903895330839382,58.73157000045238,0.7761391912662184,37.62892939686302,100.23403058725351,7,0,50.211357041041886
2021-02-12 05:00:00,LONG,V12_LONG,-0.5448785638859555,27.455121436114045,-33.08764519535338,TRAILING_STOP,2,False,17.242109179072415,51.0,2.5176528427844866,True,False,2.4947319493589117,77.85387694810164,1.1988907099999733,24.396996250918857,-142.4162487357802,5,4,88.73072861668415
2021-02-15 08:45:00,SHORT,V12_SHORT,4.014705882352509,42.01470588235251,-20.79831932773109,TRAILING_STOP,1,True,85.40549448285824,49.5,0.48445053398051907,False,True,-0.43832288553929943,57.21363290057222,0.7679036897836242,31.686934725548678,91.45044661846022,8,0,69.7058969970378
2021-02-19 16:30:00,SHORT,BULL_SHORT,101.01590465416754,139.01590465416754,0.0,TRAILING_STOP,1,True,92.17488016430543,94.5,1.7010453024237246,True,False,5.481782473929138,69.00353729050066,1.4176867799200932,45.792158606048126,295.6872694556227,16,4,99.10354004806877
2021-02-20 22:30:00,LONG,V12_LONG,162.11120582228338,190.11120582228338,0.0,TRAILING_STOP,2,True,17.98338177301281,83.0,2.936757255159985,True,False,0.695201337455687,62.83219390661109,1.8161380256087294,38.86381197100643,-115.99759324541381,22,5,392.5619721682107
2021-02-22 21:30:00,SHORT,V12_SHORT,88.97668492988781,126.97668492988781,-94.66572725447,TRAILING_STOP,3,True,81.99681320356645,73.0,2.370148236248181,False,True,-2.636427335650041,94.9605776433499,0.8286384136722418,55.63491535681499,166.35623965762395,21,0,73.44257143350107
2021-02-23 23:00:00,SHORT,V12_SHORT,77.39694674809117,115.39694674809117,-38.740520767286434,TRAILING_STOP,2,True,82.92740272092837,54.0,6.3900071549170905,False,True,-6.523482535579718,143.00384965428287,1.539287607879907,68.34304547266045,279.2943776830206,23,1,84.3138634489974
2021-02-24 03:45:00,SHORT,V12_SHORT,68.62914339891812,106.62914339891812,-95.77987083487957,TRAILING_STOP,3,True,91.00730391739243,30.5,3.938654090007988,False,True,-1.0471245904579325,113.8951533881113,0.6549219941566286,52.42303089673374,252.10043013359524,3,2,144.5091193138323
2021-02-27 01:30:00,SHORT,V12_SHORT,18.775820568905267,56.77582056890527,-27.39920371979707,TRAILING_STOP,1,True,87.0501794637203,56.00000000000001,2.223585764797329,False,True,-0.9635236283092495,113.83108706197012,0.8077268857598969,40.12230007733653,342.2015284623276,1,5,114.00778242684754
2021-02-28 21:15:00,SHORT,V12_SHORT,-29.154815798927928,8.84518420107207,-66.19020430245179,TRAILING_STOP,2,False,82.08780404112396,33.5,3.1062173671850024,False,True,-2.0118791794307365,88.30916257898724,1.9586643631139347,70.7236968396281,344.06359903831225,21,6,83.88721127780842
2021-02-28 23:00:00,SHORT,V12_SHORT,139.0152231076904,177.0152231076904,0.0,TRAILING_STOP,2,True,80.18292198653664,37.5,2.501091945543404,False,True,-0.6228062657715603,76.00240065754173,0.5011782255963712,58.37915142838864,214.06814940211066,23,6,166.70054176800053
2021-03-05 12:00:00,SHORT,V12_SHORT,6.669347544219505,44.669347544219505,-75.74037688694797,TRAILING_STOP,1,True,83.48823241184152,1.0,2.357250122954351,False,True,-3.738347633413698,51.25309937478676,1.0073211790406063,21.125480244450014,101.6809018368994,12,4,100.74702847595488
2021-03-05 14:15:00,SHORT,V12_SHORT,75.78023647397937,113.78023647397937,-0.7981321644999103,TRAILING_STOP,1,True,80.5864070073245,42.5,1.8133950569068018,False,True,-1.286765995858017,91.25740758077869,0.8477550718343296,44.98704769001369,154.1906957768781,14,4,90.41577521303185
2021-03-07 20:00:00,LONG,V12_LONG,27.023149690094563,55.02314969009456,-7.644333442212963,TRAILING_STOP,1,True,14.09097406867403,34.0,2.00125284364665,True,False,1.427159567929189,48.43161094893118,0.7769901161080393,25.362601858638225,-114.3599732441265,20,6,125.14432089020062
2021-03-10 03:45:00,LONG,V12_LONG,9.341731077068651,37.34173107706865,-15.992644617851733,TRAILING_STOP,1,True,15.425253736765143,99.5,2.5484299644387276,True,False,1.7041702815622075,99.92462005252743,0.7768250943225529,68.13714310594386,-344.5449546259897,3,2,89.13215056538697
2021-03-13 11:45:00,SHORT,BULL_SHORT,-20.694435320326413,17.305564679673587,-108.00022321137654,TRAILING_STOP,1,False,90.42416073197775,96.0,1.4961979041203777,True,False,5.120753159657483,101.77159234835457,0.92960161510948,85.67646752975573,432.8487658244925,11,5,89.70966289912094
2021-03-13 12:30:00,SHORT,BULL_SHORT,65.31302601063776,103.31302601063776,-6.367141557624184,TRAILING_STOP,2,True,91.88250683791155,100.0,1.7793761087043145,True,False,5.457634669087528,122.72324054063822,0.7226276632025469,27.80724946942807,181.2938863085707,12,5,53.891166788670276
2021-03-16 09:00:00,SHORT,V12_SHORT,19.85310734463235,57.85310734463235,-115.68469195587839,TRAILING_STOP,4,True,84.99567143657382,64.0,3.1834489210891515,False,True,-3.6475405986349942,93.04552301970342,0.5096819336237673,36.20363748607248,220.11334335092403,9,1,48.99470899470868
2021-03-16 21:00:00,SHORT,V12_SHORT,-19.958141184817105,18.041858815182895,-17.272082298687014,TRAILING_STOP,2,False,88.95644191836661,13.0,1.5622732461449056,False,True,-0.6518212334827245,54.937434612792195,0.7380164572936819,25.811654629917477,198.17231738324568,21,1,28.37885775097552
2021-03-18 19:45:00,LONG,V12_LONG,77.51519073859602,105.51519073859602,0.0,TRAILING_STOP,2,True,13.804859977540758,92.5,1.506030943949274,True,False,0.30814131776622483,65.23173317579038,0.7159404259977677,30.416584611525177,-224.16632975709888,19,3,161.2530782131881
2021-03-21 15:00:00,SHORT,V12_SHORT,89.28581603245338,127.28581603245338,0.0,TRAILING_STOP,3,True,81.41796775019213,66.0,1.402650390913241,False,True,-1.2977934470111636,56.06119798545008,0.43386275641460686,35.8232103436646,174.81629590111228,15,6,55.348704668078994
2021-03-22 04:00:00,SHORT,V12_SHORT,-2.7413372499597912,35.25866275004021,-35.71861872270762,TRAILING_STOP,2,False,87.21898797671355,59.5,0.715771873527924,False,True,-0.5021719503411103,46.40505973700353,1.2394174883663247,18.58815939718692,179.22511556564552,4,0,51.1929663957309
2021-03-23 10:00:00,SHORT,V12_SHORT,-7.13942916088741,30.86057083911259,-41.97044955291523,TRAILING_STOP,2,False,80.95576817111657,38.0,2.857051327495484,False,True,-3.07918618784704,58.50818909928679,0.8871817941758297,30.573295725987354,125.10492159457522,10,1,39.75965900312203
2021-04-04 04:15:00,SHORT,V12_SHORT,-1.4782608695652186,36.52173913043478,-26.086956521739133,TRAILING_STOP,4,False,85.43407220756743,72.5,1.431811272861407,False,True,-2.4286367527922907,45.59911270963952,1.1019925812199916,19.413230283370716,96.12098052709251,4,6,34.949571295577464
2021-04-04 15:15:00,SHORT,V12_SHORT,78.83472337847502,116.83472337847502,0.0,TRAILING_STOP,2,True,82.37513729287987,68.0,0.8342825216584273,False,True,-0.2425606611581377,32.55731575090173,1.1234163948350118,17.485678595710375,73.59352631837768,15,6,54.651137093476734
2021-04-08 06:00:00,SHORT,V12_SHORT,7.410881145751468,45.41088114575147,-13.771722993624756,TRAILING_STOP,5,True,80.04487175579044,33.0,1.0794662331845433,False,True,-0.36081754970226415,35.54398771649979,0.7832923380555575,15.854747674925065,42.538538962759176,6,3,76.526080958184
2021-04-10 04:45:00,SHORT,BULL_SHORT,29.29367559958699,67.29367559958699,-69.73661007474749,TRAILING_STOP,3,True,91.34493514558719,100.0,1.0200032514098794,True,False,5.476305877043744,69.77547297013805,1.2733088756873236,57.8694746068521,372.12482883080565,4,5,108.65000198938695
2021-04-16 17:15:00,SHORT,V12_SHORT,58.61412953281926,96.61412953281926,-7.922060409924063,TRAILING_STOP,4,True,80.60259360188334,55.00000000000001,1.1975371830123218,False,True,-1.1549166296866005,45.21549016419537,0.6904003490856587,21.63727748144389,75.75669768317405,17,4,25.75966206124011
2021-04-17 21:15:00,SHORT,V12_SHORT,17.788211698315067,55.78821169831507,0.0,TRAILING_STOP,2,True,81.89832139420503,9.0,1.1368243041203923,False,True,-1.267354346998684,27.441502861218293,0.7607248150944941,24.642886036510173,63.13515454374854,21,5,32.71974909276047
2021-04-18 03:30:00,LONG,BEAR_LONG,407.8728657242333,435.8728657242333,0.0,TRAILING_STOP,1,True,6.059575121522428,100.0,2.49176980001619,False,True,-12.316670562930444,138.14261012772477,2.920535158039677,117.13007418066861,-484.17811162455007,3,6,1023.75287970448
2021-04-19 20:15:00,SHORT,V12_SHORT,25.296289884765933,63.29628988476593,-90.38732325242202,TRAILING_STOP,4,True,90.00948571504381,39.5,1.9663006415647655,False,True,-1.05789342918937,59.06373049323209,0.7963616025803212,19.46995530324883,93.84558480381368,20,0,47.40395443423868
2021-04-23 20:15:00,SHORT,V12_SHORT,102.28326868548146,140.28326868548146,0.0,TRAILING_STOP,2,True,80.36321361258373,15.5,3.4241711432969253,False,True,-1.9345730451212007,69.32924467180571,1.9719648290677747,32.230285152918924,263.10222592230315,20,4,49.802883518031734
2021-04-28 06:00:00,LONG,V12_LONG,12.363750183508337,40.36375018350834,-62.67294891930286,TRAILING_STOP,2,True,17.466216216216225,37.5,1.8455436228631563,True,False,0.04651583658442901,45.365707892058126,0.8760464986345046,22.108291939076565,-53.72440830550301,6,2,116.00746409910505
2021-05-06 15:00:00,LONG,V12_LONG,23.770789552740318,51.77078955274032,-51.23797351834141,TRAILING_STOP,2,True,16.608904114163224,25.5,1.1818005693708544,True,False,1.9793348041491503,55.97842326432683,0.8436057697644083,22.399090534319047,-92.48071736565691,15,3,70.48068235494084
2021-05-09 16:15:00,SHORT,V12_SHORT,29.558801082355856,67.55880108235586,-15.040241448692,TRAILING_STOP,5,True,82.79318121874687,21.5,0.3138515494722896,False,True,-0.870221282075425,45.03781651484721,1.681218745887789,16.76633595320513,59.46520116560638,16,6,56.04662457503687
2021-05-14 10:00:00,SHORT,V12_SHORT,-14.247973537425398,23.7520264625746,-73.75430840329678,TRAILING_STOP,2,False,80.20797982210249,20.0,2.9588796332168927,False,True,-2.080331037691723,67.6370149416289,1.0871037225124311,35.472011399891876,100.19411733710814,10,4,56.949291913934736
2021-05-17 20:30:00,SHORT,V12_SHORT,67.00518203900404,105.00518203900404,-40.29802661323065,TRAILING_STOP,2,True,84.83899592413772,64.5,4.2085096688517485,False,True,-3.655994503343665,121.97066128205168,0.7134302611049673,61.35339927623974,253.4073492181714,20,0,107.3778613519019
2021-05-20 04:00:00,SHORT,V12_SHORT,7.79944068705268,45.79944068705268,-79.54599523329532,TRAILING_STOP,1,True,84.24615462667848,69.0,6.074925552061863,False,True,-4.403373633148875,180.70961006548325,0.68639453222192,107.63324644034734,384.5004835947482,4,3,354.0326713270192
2021-05-22 00:30:00,SHORT,V12_SHORT,-28.830995425166414,9.169004574833584,-199.50776357396697,TRAILING_STOP,2,False,81.82481826245666,67.5,4.771112758979555,False,True,-5.359005036188121,165.23191777119624,0.6000062738212011,66.46444731157519,153.66017446608845,0,5,116.83550695056152
2021-05-22 10:30:00,SHORT,V12_SHORT,36.91581979926809,74.91581979926809,-174.83000766151454,TRAILING_STOP,3,True,89.64227226398016,23.5,3.9731079603510757,False,True,-2.9587854479389244,132.46820791668523,0.773835474945378,51.0741395529956,229.76328802695824,10,5,136.95784765877346
2021-05-27 16:45:00,LONG,V12_LONG,58.98870854571116,86.98870854571116,0.0,TRAILING_STOP,1,True,19.363476431121825,46.5,1.2849712413655539,True,False,0.007845343026460809,86.1445768101186,1.8813576871494422,40.87353745177858,-326.4143699062997,16,3,81.75824923040157
2021-05-29 01:45:00,SHORT,V12_SHORT,37.35854485511827,75.35854485511827,-23.66793304358416,TRAILING_STOP,2,True,90.63831848120877,39.0,3.272180117080698,False,True,-3.2750152719524355,90.16497759831248,0.5691645430323224,40.43319415877398,230.20161996552918,1,5,79.88099227719871
2021-05-30 04:00:00,SHORT,V12_SHORT,-20.314038973039924,17.685961026960076,-152.66307322799838,TRAILING_STOP,3,False,83.43576999456405,14.499999999999998,3.421404236298654,False,True,-2.5820372141218852,86.57529172210515,1.4794141963961867,38.55426309935924,298.6174072394565,4,6,71.54850039837032
2021-06-01 03:45:00,LONG,V12_LONG,40.34973356435303,68.34973356435303,-27.444506195038855,TRAILING_STOP,3,True,19.25111291943888,39.0,1.8228797995033015,True,False,1.9900262952199437,79.97507373253698,1.440820504238849,38.670305220206565,-221.56289457638923,3,1,87.60661697496654
2021-06-04 17:30:00,SHORT,V12_SHORT,9.600438568260799,47.6004385682608,-8.047420529701627,TRAILING_STOP,2,True,83.33954942587123,54.0,1.4226027026703694,False,True,-2.0273148927921194,60.191611778031906,1.033623362670358,25.179754223396273,117.24645603611813,17,4,42.192297333691414
2021-06-06 02:00:00,SHORT,V12_SHORT,64.03937790723178,102.03937790723178,-21.60635525911685,TRAILING_STOP,4,True,83.57436764713614,35.5,2.2299431439956128,False,True,-1.5846624245808671,68.9239181897432,0.6730746464191185,37.72467196150241,227.1537343670671,2,6,37.10145920981692
2021-06-06 20:00:00,LONG,BEAR_LONG,59.50940923722321,87.50940923722321,0.0,TRAILING_STOP,3,True,5.325702166148616,1.5,1.0131527005646137,False,True,-1.9307684682054924,34.63283603389887,0.6525513454453542,12.627514841727402,-78.50402442409063,20,6,73.47229088267589
2021-06-08 15:00:00,LONG,BEAR_LONG,14.58670875957052,42.58670875957052,-90.32188890214147,TRAILING_STOP,1,True,9.851771310647692,85.5,5.116928331452632,False,True,-9.832586011289232,104.87237213013034,1.7930036736875299,55.54788812569202,-331.70153040107925,15,1,105.22589708447349
2021-06-08 20:45:00,SHORT,V12_SHORT,10.621642658458946,48.621642658458946,-15.198170028410301,TRAILING_STOP,1,True,86.5498048059516,67.5,4.16221238228398,False,True,-2.766982307697144,87.26604099251503,1.4608130074979333,61.04083961769669,337.3312764064068,20,1,118.97207177495626
2021-06-10 17:15:00,LONG,V12_LONG,29.724888435684,57.724888435684,-24.35530913555181,TRAILING_STOP,1,True,13.444448219459971,89.0,3.065689369355143,True,False,2.973899491901626,92.7779363286458,0.9828132661785896,35.09995439027601,-119.04845540722359,17,3,132.0369142202931
2021-06-13 08:30:00,SHORT,V12_SHORT,-9.910112359550563,28.089887640449437,-39.11797752809046,TRAILING_STOP,3,False,82.38236532408479,16.5,1.2502367415592865,False,True,-1.4502314041995263,50.99523619416794,0.9615988355900341,23.281229187220685,88.4465106414898,8,6,118.21910112359568
2021-06-13 09:45:00,SHORT,V12_SHORT,-2.9454927806460134,35.05450721935399,-35.24426255217452,TRAILING_STOP,1,False,82.79066101516786,16.0,1.0881169787823013,False,True,-0.7270474128071593,52.08726362193986,0.814484567128563,24.309578294661627,71.6690780587252,9,6,90.30228577137646
2021-06-13 11:00:00,SHORT,V12_SHORT,35.15755484108338,73.15755484108338,0.0,TRAILING_STOP,2,True,85.33277290248394,20.0,0.8543937189482327,False,True,-0.184974758914801,60.56527027576798,1.5104323716006907,21.70604321918899,104.07584269662979,11,6,47.17062371003655
2021-06-15 21:30:00,LONG,V12_LONG,64.36984814588936,80.36984814588936,-20.97028198623406,TIGHT_TS,6,True,17.131782545638472,82.0,1.7222728655696578,True,False,0.522473412996985,83.78092847400767,0.32953504436541486,40.033447368657164,-115.52194917034237,21,1,34.166300804297265
2021-06-17 19:15:00,LONG,BEAR_LONG,3.3459522651214755,31.345952265121475,-25.93261494664103,TRAILING_STOP,1,True,9.100587134654361,83.5,1.2734085738643393,False,True,-3.9082694616721105,82.43014181273547,0.794977569452579,42.87307937143975,-199.76623348968943,19,3,48.64850685384821
2021-06-19 06:45:00,SHORT,V12_SHORT,55.946426385058956,93.94642638505896,0.0,TRAILING_STOP,2,True,87.05848976310946,70.5,3.6633991907405212,False,True,-4.308689209267283,71.37339704478237,1.0302310853170842,23.419951540792532,126.6097445653076,6,5,77.50691991128762
2021-06-20 00:15:00,LONG,BEAR_LONG,103.7047931582459,131.7047931582459,-4.077881864103332,TRAILING_STOP,2,True,9.24115690819329,36.5,1.9069362451890794,False,True,-3.2437145758985335,64.24691824727384,2.2958011333369424,20.091295263080823,-108.98813266980761,0,6,100.12392671626057
2021-06-20 17:15:00,SHORT,V12_SHORT,50.00187285815622,88.00187285815622,0.0,TRAILING_STOP,1,True,83.66570453949065,32.5,2.827469769622467,False,True,-2.1216944926095533,61.784030738769275,0.5415359170164212,24.144967582933543,101.72274171171556,17,6,30.471379162494838
2021-06-22 16:00:00,SHORT,V12_SHORT,125.83625725199875,163.83625725199875,0.0,TRAILING_STOP,1,True,82.88450464200602,96.0,4.688517682350858,False,True,-2.2996488170812994,232.638922493574,0.6709118697485579,82.66308921292104,749.8827815505797,16,1,274.07800526871773
2021-06-22 17:15:00,SHORT,V12_SHORT,-2.8623380988898077,35.13766190111019,-173.94888247219868,TRAILING_STOP,1,False,82.53155394330696,92.0,4.066137670760217,False,True,-1.9309034510218863,241.5787300180215,0.5801950574022765,121.92388768037581,485.65931680686305,17,1,141.78643117571386
2021-06-26 08:30:00,LONG,BEAR_LONG,53.15482304609678,81.15482304609678,-20.61336460605562,TRAILING_STOP,1,True,9.155934833204185,93.0,3.424721933285387,False,True,-9.000263810255397,134.26437448612108,1.0204786652877262,70.55114251572546,-606.9901670025198,8,5,196.59823451509192
2021-06-26 11:45:00,SHORT,V12_SHORT,60.448922049601194,98.4489220496012,-65.17107801333584,TRAILING_STOP,1,True,80.51696935398131,88.5,3.4689835782955996,False,True,-4.293816059894622,138.6272459380477,0.8899638903139703,65.84282498585785,336.41954003622845,11,5,120.61906246921957
2021-06-27 00:30:00,SHORT,V12_SHORT,-17.992508017071234,20.007491982928766,-55.01132304026033,TRAILING_STOP,1,False,80.72721796301782,43.0,1.7794560273425903,False,True,-0.4473655728717192,88.38128962486962,1.7005563310334237,53.769981678993474,290.8835345179642,0,6,157.75846869113056
2021-06-28 11:00:00,LONG,V12_LONG,21.968379270413507,49.96837927041351,-14.842383276094889,TRAILING_STOP,2,True,16.00749267584459,40.0,2.677304331215368,True,False,3.6664261208522197,75.1959809222684,0.6046419015788458,35.77625381608634,-189.35291602457494,11,0,71.75380893282492
2021-07-05 01:00:00,LONG,V12_LONG,-167.83621349995423,0.0,-208.7378390471646,TIME_EXIT,10,False,11.327868453698969,91.5,1.3904107706062967,True,False,0.373420582641961,61.15627224091166,0.9898607774752605,33.808644268128404,-215.1972641588128,1,0,35.33486914210276
2021-07-18 18:00:00,SHORT,V12_SHORT,-16.257964418504894,21.742035581495106,-23.28059578611381,TRAILING_STOP,4,False,80.84017505153892,44.0,0.3121371495926055,False,True,-0.11676354611264197,34.11313273390057,2.6568440562200033,15.104839578899059,60.0217850009531,18,6,33.78763708652835
2021-07-20 03:15:00,LONG,BEAR_LONG,-14.390593015996856,13.609406984003144,-21.130838848769457,TRAILING_STOP,1,False,8.635886892316961,100.0,1.7151620023506953,False,True,-5.548814795017669,57.59729699070887,2.017002633072168,32.76341237036785,-217.93038694696818,3,1,232.0107984789852
2021-07-20 04:00:00,LONG,BEAR_LONG,95.43754543739236,123.43754543739236,-22.89537378870222,TRAILING_STOP,1,True,3.8583943722256038,98.5,1.983965151922131,False,True,-5.675793621927978,72.64856743607558,0.42794194699659793,51.81014249301934,-339.61281378228654,4,1,41.19191081635168
2021-07-21 04:15:00,SHORT,BULL_SHORT,16.235395704473092,54.23539570447309,-32.63841243422756,TRAILING_STOP,3,True,90.37563819277365,66.0,1.5584751290455665,True,False,0.9441399520562539,34.10224046482752,2.0915623086614112,20.156002868956566,78.44831499017357,4,2,227.00800096001012
2021-07-23 23:15:00,SHORT,BULL_SHORT,-126.306554998764,0.0,-143.2645654210083,TIME_EXIT,10,False,93.52055769899499,88.5,1.0132331058779251,True,False,3.152280694363448,58.43772314623057,1.2970272276224473,41.427023282601766,232.41480437941001,23,4,49.83794260228149
2021-07-25 23:45:00,SHORT,BULL_SHORT,-864.6513910565625,0.0,-1248.9606009097547,TIME_EXIT,10,False,91.05254826158321,69.5,1.4800455440351448,True,False,3.843752412901652,50.516596551919775,3.7529195082796707,36.05365543955708,193.82828009071156,23,6,67.65774418035359
2021-07-26 22:30:00,LONG,V12_LONG,151.58515416436984,179.58515416436984,0.0,TRAILING_STOP,1,True,13.740068401852838,95.0,4.5304727028788125,True,False,2.4800579571319257,186.59382641587277,0.6998420845884047,73.08271563361568,-327.19124287725083,22,0,84.40936789059582
2021-08-01 07:15:00,LONG,V12_LONG,-19.086012080105863,8.913987919894137,-27.446077797415985,TRAILING_STOP,1,False,18.494685382022865,52.0,1.6053365243584843,True,False,2.1221162111444776,51.303360707954575,0.8494943755865453,28.736199962117144,-73.75565858310776,7,6,48.06178195020004
2021-08-02 15:30:00,SHORT,V12_SHORT,-15.734089477001511,22.26591052299849,-31.505986137366097,TRAILING_STOP,1,False,80.33238030989286,51.0,1.8347746761820785,False,True,-2.9959202101138436,46.204425863757145,0.851946419728488,18.87833585890952,135.69212882602628,15,0,44.05293005671048
2021-08-02 16:15:00,SHORT,V12_SHORT,37.21228121628894,75.21228121628894,0.0,TRAILING_STOP,1,True,82.03892039898255,28.000000000000004,1.752219103470238,False,True,-2.3213101686779507,44.30391714563281,0.8313797940304187,16.004322591140816,44.92245627633429,16,0,57.02408320787525
2021-08-04 11:45:00,SHORT,V12_SHORT,-228.04420328479628,0.0,-282.40783688495395,TIME_EXIT,10,False,85.5964082028881,0.5,1.6871663050300554,False,True,-1.2120474436939401,38.93273309413212,1.1465749724488312,19.042036961102877,97.96131904651337,11,2,30.340623154156166
2021-08-06 00:45:00,LONG,V12_LONG,3.2091336451331642,31.209133645133164,-40.33748697955308,TRAILING_STOP,1,True,15.832096984401574,75.5,2.0026946538423718,True,False,2.4756169418583736,57.67280363987004,0.8762447751102006,25.478995317533546,-77.90080109051259,0,4,148.6596147620238
2021-08-09 11:45:00,SHORT,BULL_SHORT,46.003900717635744,84.00390071763574,0.0,TRAILING_STOP,1,True,90.44098623845059,91.5,1.161858935253871,True,False,4.311830431125099,88.12921198219553,0.4691200231079909,54.017430607743975,246.7577587404906,11,0,86.67753392607591
2021-08-14 13:00:00,LONG,V12_LONG,18.248100184914804,46.248100184914804,0.0,TRAILING_STOP,1,True,16.327999750961126,98.0,1.2157856459415004,True,False,0.5515671742706193,61.19937207961542,0.5083116091295888,34.28815768399615,-77.00242770500444,13,5,63.950898017796824
2021-08-15 20:30:00,SHORT,V12_SHORT,-14.406710932273505,23.593289067726495,-73.05650684012114,TRAILING_STOP,3,False,85.69571968674047,45.5,0.46921650865261777,False,True,-0.501290579714894,42.90186464320175,1.031468079823181,22.33049579210358,93.27181093264305,20,6,55.52422193709276
2021-08-17 04:00:00,SHORT,V12_SHORT,72.00389110994094,110.00389110994094,0.0,TRAILING_STOP,4,True,81.11107778144438,39.0,0.5700253912182202,False,True,-0.10374224947569818,36.23798689876414,0.6065369670047099,22.759697007206412,38.382751378042684,4,1,47.41524803731003
2021-08-23 15:15:00,LONG,V12_LONG,-1.8272032837124836,14.172796716287516,-77.09776193280942,TIGHT_TS,6,False,19.372349136542894,39.0,1.4221818161212978,True,False,0.8526258989885639,39.200930692200444,1.60039157803742,22.284608572429445,-95.26649216857128,15,0,41.02229159368788
2021-08-27 07:45:00,SHORT,V12_SHORT,87.26292650532925,103.26292650532925,0.0,TIGHT_TS,6,True,82.85593430010277,39.5,0.9722241474072736,False,True,-0.32661680309236624,46.33413098589999,1.5505550346145482,17.27951961585243,56.348025341833896,7,4,55.381412972607116
2021-08-30 16:30:00,SHORT,V12_SHORT,-20.09412714374592,17.90587285625408,-39.95793158502508,TRAILING_STOP,4,False,82.2993525795808,40.0,0.6594367513081617,False,True,-0.6461410067171655,31.93555114747003,1.1781603530489657,17.375889951163913,50.806058870094866,16,0,26.339491955238422
2021-08-30 18:15:00,SHORT,V12_SHORT,-55.60710406526948,0.0,-94.12181714162521,TIME_EXIT,10,False,80.82489066046665,17.5,0.5334161925365174,False,True,-0.39451043983848144,28.336861501161735,1.087136303938169,16.97266052786286,48.305235107968144,18,0,29.635510376678212
2021-08-31 08:15:00,SHORT,V12_SHORT,141.16826799534053,157.16826799534053,0.0,TIGHT_TS,6,True,83.58769076807584,69.5,1.0504840590016888,False,True,-0.3016577763391956,44.902051083323315,1.057916599860244,26.028912255754584,128.32535193014022,8,1,48.348556801835926
2021-09-12 04:30:00,SHORT,V12_SHORT,-1.3214272420504258,36.678572757949574,-19.862329257863006,TRAILING_STOP,1,False,83.70780028999258,1.0,0.7318316331859095,False,True,-0.2965812683796905,31.24796721075868,0.8507251747721647,10.207711873539285,68.31968772196478,4,6,25.46113619659489
2021-09-21 07:45:00,SHORT,V12_SHORT,19.98469691749068,57.98469691749068,0.0,TRAILING_STOP,1,True,89.30375981431351,45.5,4.204623911637042,False,True,-4.557509532824334,59.8234528111462,1.3799032483398364,15.570582285087976,173.9876593687552,7,1,66.96601261816421
2021-09-24 21:00:00,SHORT,V12_SHORT,1.5536993979390843,39.553699397939084,-59.57738131969047,TRAILING_STOP,2,True,90.63837347629257,33.0,1.6780556221253111,False,True,-1.5295060075490392,51.448514912167106,1.2978218833882225,34.825139991987584,175.40957459036554,21,4,54.85730998455243
2021-09-30 00:30:00,SHORT,V12_SHORT,-313.97028993478557,0.0,-378.93183025942386,TIME_EXIT,10,False,91.17056552350704,9.0,1.0341018597014824,False,True,-0.019669564509531584,40.86709316897453,1.9183275366407753,18.189498336019078,137.4727740302201,0,3,90.82965097494393
2021-10-01 10:15:00,SHORT,BULL_SHORT,-176.26762645314528,0.0,-309.34642174830907,TIME_EXIT,10,False,90.96894808528468,99.5,1.9693927821649568,True,False,8.210714113840103,35.04119113686666,0.5694566341101911,18.86393546485154,15.006110954572438,10,4,451.6355335654453
2021-10-06 09:30:00,LONG,V12_LONG,119.69269048561463,147.69269048561463,0.0,TRAILING_STOP,2,True,18.868069013860136,81.5,2.188166482279398,True,False,1.4800586985696809,69.35466229378832,0.8461583740317313,31.561090990986127,-172.79474845898187,9,2,46.66878239209195
2021-10-06 13:00:00,SHORT,BULL_SHORT,81.21232029681394,119.21232029681394,-28.795715188792514,TRAILING_STOP,1,True,92.13509400379141,100.0,2.1954233477607157,True,False,9.19136785856894,72.11317089516058,1.5034434272920887,51.16368897482014,266.1942888375926,13,2,539.0781302658656
2021-10-08 08:45:00,SHORT,BULL_SHORT,86.55197132616486,124.55197132616486,-35.842293906810035,TRAILING_STOP,1,True,92.86045821189512,60.0,1.2353058158121366,True,False,3.2249631554931777,64.58516029217999,2.4192786858462614,32.527352822540486,284.41356927851257,8,4,44.469526080729985
2021-10-12 23:30:00,SHORT,V12_SHORT,29.274559235186345,67.27455923518635,-17.07885255874055,TRAILING_STOP,1,True,84.50317370964936,68.0,0.2950711295924389,False,True,-0.6642603919322485,44.67812323260428,0.488721986566189,23.91826092517641,144.2889081801476,23,1,26.067539676891688
2021-10-20 13:45:00,SHORT,BULL_SHORT,12.655203011480637,50.65520301148064,-8.855158796255019,TRAILING_STOP,1,True,94.36340992539634,79.5,1.5520944812847806,True,False,5.094127265564323,54.4952433938184,4.24898650095104,66.26911940606378,307.965891813094,13,2,152.6364316248533
2021-10-20 14:30:00,SHORT,BULL_SHORT,25.388171737480796,63.388171737480796,-22.90078852685596,TRAILING_STOP,2,True,95.00762441661647,85.5,1.7637265520941692,True,False,6.051587842008915,77.12386759645094,0.8605279874141799,66.05077792912631,316.48486662751384,14,2,103.11422802503822
2021-10-20 15:30:00,SHORT,BULL_SHORT,-20.423478237524016,17.576521762475984,-39.979500307240066,TRAILING_STOP,1,False,92.04049527242866,89.0,2.0700693803746923,True,False,5.774948532140563,83.78550381597316,0.861156268763635,72.07627530053075,341.4044358389132,15,2,38.71813646601941
2021-10-21 01:45:00,LONG,V12_LONG,5.373245827421307,33.37324582742131,-84.34553203169985,TRAILING_STOP,1,True,19.119801573021036,48.0,2.248327739853762,True,False,1.6770119543108344,35.03757768028451,1.3547983584670347,17.18384440357701,-96.0481921285064,1,3,128.6385531305463
2021-10-28 08:30:00,SHORT,V12_SHORT,-116.82017652534489,0.0,-166.36691468328831,TIME_EXIT,10,False,82.64981949458493,59.0,1.5520606689670824,False,True,-0.05925858276358769,49.803808491054575,1.7310211540291287,29.242227779911264,128.4677521697732,8,3,114.73832124838012
2021-10-28 23:30:00,LONG,V12_LONG,31.314438785633826,59.314438785633826,-15.573119915338363,TRAILING_STOP,1,True,15.980505030739764,76.0,0.5160029352764675,True,False,1.0183463964682762,63.91885022260685,0.7479552248364724,20.556804327251026,-21.487886311102976,23,3,28.988359018453217
2021-11-12 20:00:00,SHORT,V12_SHORT,14.32039455703481,52.32039455703481,0.0,TRAILING_STOP,2,True,87.65682843444657,65.5,1.3964910987712857,False,True,-0.7362800255809818,41.702173333789446,0.36203553298369934,19.22455837831784,68.28677037260684,20,4,164.4366630677197
2021-11-26 04:00:00,LONG,V12_LONG,-68.88957566115317,0.0,-87.94892448667402,TIME_EXIT,10,False,18.50942990500539,34.0,1.0509027783756288,True,False,0.6349220611106926,40.066226030747885,1.2597024694394516,17.290816920846204,-124.74013892344942,4,4,40.50273303267355
2021-11-26 10:30:00,LONG,BEAR_LONG,6.145171058028069,34.14517105802807,-140.9639015062717,TRAILING_STOP,3,True,7.572902101444782,100.0,1.0238542476537578,False,True,-5.1131379882944,139.57655935618254,0.3560527660920782,51.190828713850244,-379.28538228097864,10,4,70.21200313395448
2021-11-28 08:00:00,SHORT,V12_SHORT,31.170912252521845,69.17091225252184,0.0,TRAILING_STOP,2,True,82.09512686887867,4.5,1.0522778150068934,False,True,-0.012682325316171271,31.14215567195825,1.36240327496945,17.08282092609641,50.59069489613126,8,6,38.59041968798066
2021-11-29 18:30:00,SHORT,BULL_SHORT,126.040696192833,164.040696192833,0.0,TRAILING_STOP,5,True,94.44466432493968,73.5,1.9876296008447227,True,False,5.403284495383823,53.58672969242586,0.8965722770047857,40.78946966232101,272.19275263793503,18,0,42.72837744155859
2021-11-30 01:15:00,LONG,V12_LONG,13.354647340063643,41.35464734006364,0.0,TRAILING_STOP,1,True,14.155860131167543,56.49999999999999,1.9226766594936897,True,False,1.8586814549950827,46.437805198957896,1.62064803634287,22.615585841063307,-108.05660391660183,1,1,75.26090792264404
2021-11-30 03:30:00,LONG,V12_LONG,46.652291325105125,74.65229132510512,0.0,TRAILING_STOP,2,True,18.660873575494392,60.5,1.5796978923330227,True,False,1.125124920467891,40.090805907838984,0.7612843996659004,23.022253641668772,-42.96161179971908,3,1,78.88776864934994
2021-12-04 05:15:00,LONG,BEAR_LONG,458.2082777768632,486.2082777768632,0.0,TRAILING_STOP,2,True,8.42673220082304,100.0,4.9084446610250625,False,True,-18.275013366903995,177.63134288963064,4.323180544943284,126.56706381755107,-800.3573553445145,5,5,1565.692050412351
2021-12-04 15:00:00,SHORT,V12_SHORT,41.70181048937441,79.70181048937441,-16.20613109262026,TRAILING_STOP,1,True,90.53048062299167,74.5,8.607823503755068,False,True,-10.135082196289575,67.72568399171273,1.5746034459959068,32.63189784907781,134.8322035158939,15,5,169.48551001854136
2021-12-04 20:15:00,SHORT,V12_SHORT,32.057872047015636,70.05787204701564,0.0,TRAILING_STOP,1,True,94.17150700523932,43.5,6.716536333065999,False,True,-6.909946128857851,66.8334248635206,1.8505635870930126,23.16684033117948,213.9132543756811,20,5,39.088517282709596
2021-12-07 19:00:00,LONG,V12_LONG,8.533121387851104,36.533121387851104,-2.4491478025380866,TRAILING_STOP,1,True,18.70951465313854,27.500000000000004,1.565057401554092,True,False,2.542373505525873,47.60613948126069,0.5210319922760288,21.2403730823084,-70.17543175431025,19,1,59.95309724961486
2021-12-23 19:45:00,SHORT,BULL_SHORT,38.56818626491811,76.56818626491811,0.0,TRAILING_STOP,2,True,90.92895041565127,100.0,1.1322346328507633,True,False,4.611794035236776,72.25629575216658,0.9232711097020668,46.19753472774049,395.4570759408076,19,3,59.31717067446076
2021-12-29 15:45:00,SHORT,V12_SHORT,75.00204840097999,91.00204840097999,0.0,TIGHT_TS,6,True,80.36497538990065,75.0,2.061325507602235,False,True,-2.067451981354982,63.451867203880184,0.4927210114094979,43.690937282321705,259.90083627871627,15,2,33.997534579277726
2022-01-01 03:15:00,SHORT,V12_SHORT,8.55712685294936,46.55712685294936,-19.190688318268148,TRAILING_STOP,4,True,84.40339258742902,26.0,1.0055503676795383,False,True,-0.7721333752312545,28.11992023983896,0.4080085354966714,11.409641917256963,36.430368313874546,3,5,29.829638008807546
2022-01-07 04:30:00,LONG,BEAR_LONG,85.54153868360979,113.54153868360979,0.0,TRAILING_STOP,2,True,8.965984684088795,87.5,2.7921899571923245,False,True,-6.29728399051914,78.92358164752041,2.0557461763077685,46.62406046233423,-331.0768289138606,4,4,111.03598748769251
2022-01-14 14:45:00,SHORT,V12_SHORT,-26.009556055732915,11.990443944267085,-86.4507983429776,TRAILING_STOP,3,False,81.1612455947772,86.5,0.8736417123039535,False,True,-0.5549044191668122,51.227409708786844,1.9447981519955784,28.668825230676614,116.04270043885207,14,4,147.13602141480163
2022-02-04 17:00:00,SHORT,BULL_SHORT,-2.47800894635359,35.52199105364641,-26.520181779110708,TRAILING_STOP,1,False,90.7760075512715,99.0,1.688037870416914,True,False,8.357255770625812,140.47765560708544,0.5634356860723281,95.31806404427522,627.1574429273876,17,4,64.3297613282661
2022-02-04 17:45:00,SHORT,BULL_SHORT,21.63902177789147,59.63902177789147,0.0,TRAILING_STOP,1,True,91.3670801287758,97.0,2.0589704502331907,True,False,8.577078504134853,115.71240093179635,0.329589132359993,60.16268632752059,221.8745008114865,17,4,54.33304557746963
2022-02-07 09:30:00,LONG,V12_LONG,19.1381379229283,47.1381379229283,0.0,TRAILING_STOP,1,True,14.507466684524147,48.5,1.9412480188930912,True,False,1.272026051099506,29.32124130995294,0.9254514230019617,12.257604493261057,-55.3225165590804,9,0,64.0704976514911
2022-02-12 18:00:00,SHORT,V12_SHORT,62.374409770232845,78.37440977023284,0.0,TIGHT_TS,6,True,82.50508888587343,55.50000000000001,1.1519451741459723,False,True,-0.2338427934182093,53.12099088299111,0.3308110455884466,27.502309273591866,149.9087495432713,18,5,57.296355303533225
2022-02-19 01:30:00,SHORT,V12_SHORT,-2.1032450049871514,35.89675499501285,0.0,TRAILING_STOP,3,False,80.7131503331903,21.5,2.5695751033038796,False,True,-3.008578999473503,29.46955656602787,0.6102063011112494,13.480358865608041,51.762819631787636,1,5,44.08210923779919
2022-02-20 06:30:00,LONG,BEAR_LONG,-16.099103416012063,11.900896583987935,-46.967601598562695,TRAILING_STOP,1,False,9.869305945374123,85.5,1.4462731360968428,False,True,-3.184107520809698,55.39073820022496,1.4793944065304199,31.50633184608979,-198.58727968508688,6,6,94.83382130785695
2022-02-20 07:15:00,LONG,BEAR_LONG,-6.028976770688111,21.97102322931189,-43.854306877957946,TRAILING_STOP,2,False,8.868393047179879,87.0,1.6207214983128226,False,True,-3.334582765800957,61.79901325470481,0.7685064352754377,32.45375758449338,-200.37850199680713,7,6,64.18150325772068
2022-02-20 08:30:00,LONG,BEAR_LONG,31.57085423636419,59.57085423636419,-51.88986604346097,TRAILING_STOP,1,True,6.5046733411717526,89.5,1.9479056461091753,False,True,-4.588717199507656,70.40836552422353,2.1298187249491987,31.54380718320558,-162.638615514786,8,6,71.05306766992386
2022-02-21 11:30:00,LONG,BEAR_LONG,35.353000425585975,63.353000425585975,-22.826575023023427,TRAILING_STOP,1,True,2.31694375663227,93.0,1.018931036036921,False,True,-4.065265034589941,51.55674063366805,0.7995585862644063,32.087266285095666,-188.4552326527896,11,0,219.68481163215137
2022-02-21 12:15:00,LONG,BEAR_LONG,-9.775867081284268,18.224132918715732,-111.02158781146204,TRAILING_STOP,3,False,7.506165502896906,97.5,1.253804285751319,False,True,-3.768185565119148,78.5694821705703,1.3633626908430874,64.99134719224665,-340.5139103554854,12,0,80.45936082135589
2022-02-22 10:45:00,SHORT,V12_SHORT,33.5725188896228,71.5725188896228,0.0,TRAILING_STOP,2,True,83.9832635983267,51.0,2.419836767868653,False,True,-1.0046713657720898,59.728684677137494,1.6742025247655135,31.3222852784513,167.76216216216247,10,1,93.28985093301701
2022-02-28 17:15:00,SHORT,BULL_SHORT,-10.313631533958741,27.68636846604126,-125.70691655689829,TRAILING_STOP,1,False,90.8411875787413,100.0,1.1187168588812209,True,False,5.684039066344884,114.09223207542172,0.368232904778189,66.08315049036256,267.4761138100499,17,0,68.20964291309697
2022-03-04 21:15:00,LONG,BEAR_LONG,19.54578073130274,47.54578073130274,0.0,TRAILING_STOP,1,True,7.925702177539307,88.0,3.0743876391792253,False,True,-7.051089023001065,82.74046601095947,0.6444632708660357,40.65698785982623,-309.1153300950491,21,4,56.85773342181062
2022-03-05 16:30:00,SHORT,V12_SHORT,8.799517672755783,46.79951767275578,-12.010069923270338,TRAILING_STOP,1,True,89.81540741738895,5.0,3.037904545244121,False,True,-2.66555459392853,25.756414574698546,1.3404694168973414,10.722379257234428,54.68531934126736,16,5,74.92176868853413
2022-03-06 09:45:00,LONG,BEAR_LONG,-10.702455899044693,5.297544100955306,-152.47050671823817,TIGHT_TS,10,False,8.420389934879594,58.5,1.4630618177565529,False,True,-2.5198363839975677,47.09008403987884,1.0134324002564001,26.681758852632516,-139.7291715181102,9,6,63.7334112409289
2022-03-07 06:30:00,SHORT,V12_SHORT,58.696233853380676,96.69623385338068,-15.711499748363071,TRAILING_STOP,5,True,82.32726321173196,47.0,1.9948440105588574,False,True,-2.0866651509122716,38.16495963144854,0.6872885650164903,17.448598530808233,76.49520381759663,6,0,27.176648213387093
2022-03-07 19:30:00,LONG,BEAR_LONG,101.63815807088992,129.63815807088992,-51.622853287209125,TRAILING_STOP,2,True,6.274077911223415,100.0,1.032136462102629,False,True,-3.723609896404332,76.42457779905291,0.7918508865464623,48.63868054228692,-227.680416632223,19,0,157.42556256980112
2022-03-09 04:15:00,SHORT,BULL_SHORT,41.03294098737905,79.03294098737905,-2.506887944507118,TRAILING_STOP,3,True,97.62083131526776,83.5,1.046574629252479,True,False,8.106174695031058,97.7302278988553,1.6965858179831648,61.03673432289939,623.0380804285672,4,2,100.66414538510779
2022-03-10 01:45:00,LONG,V12_LONG,-24.247315584634375,3.7526844153656262,-56.363560847969154,TRAILING_STOP,1,False,19.368413750845605,50.0,2.8942821476308116,True,False,1.9349520796114077,48.88675054137523,3.59541563735821,45.67533612355861,-144.37076527159803,1,3,136.86544895018852
2022-03-10 03:45:00,LONG,V12_LONG,-26.771110048198477,1.2288899518015226,-135.6831867741034,TRAILING_STOP,1,False,17.485962910766816,75.0,2.1979598626440318,True,False,1.2716979484295616,76.58008787758668,0.815567341881073,54.019527916335555,-256.8854156000593,3,3,27.712565408940186
2022-03-10 04:45:00,LONG,BEAR_LONG,-53.74788009194579,0.0,-175.04779261230644,TIME_EXIT,10,False,7.435039597664854,99.5,1.7469233164159683,False,True,-1.8508439125404479,78.19220872893827,3.6647448141643015,65.04696202945209,-303.0555550789845,4,3,58.03903478523179
2022-03-16 05:30:00,LONG,V12_LONG,-5.101290024163294,22.898709975836706,-28.230311999050883,TRAILING_STOP,1,False,17.77629257507749,95.0,0.7859755782388953,True,False,0.9083403342835845,111.02212625604496,0.21922792282388726,46.383034451584834,-106.2993302810359,5,2,123.23646277289491
2022-03-22 07:45:00,LONG,V12_LONG,86.80494931418184,114.80494931418184,0.0,TRAILING_STOP,3,True,18.559847263102,89.0,0.9891983240677107,True,False,1.971501222016635,54.86815629195145,0.31646839637261087,35.42046182227797,-157.80553166926438,7,1,18.824643013988055
2022-03-25 12:30:00,SHORT,BULL_SHORT,-8.127661700508387,29.872338299491613,-26.51551987637928,TRAILING_STOP,3,False,95.02606819680031,60.5,1.5716678127862025,True,False,3.6372471042485506,37.96734342553207,0.9789060163423339,13.710817223448307,126.46867857737651,12,4,57.30681394143885
2022-03-25 13:45:00,SHORT,BULL_SHORT,32.43546735473262,70.43546735473262,-1.0715830839271228,TRAILING_STOP,1,True,92.79709839991189,73.0,1.705652628020753,True,False,3.8050835790740063,44.07473839745421,1.1336624951198901,16.487731238965655,94.24039933387317,13,4,52.67875762168961
2022-04-01 08:15:00,SHORT,V12_SHORT,18.23332083556857,56.23332083556857,0.0,TRAILING_STOP,3,True,84.20586708995984,42.5,2.2859329535874497,False,True,-2.652054736452768,28.698952974563213,1.2237873579448328,17.05701198786,102.62920708074267,8,4,47.390729336152425
2022-04-12 05:45:00,SHORT,V12_SHORT,29.521439553100734,67.52143955310073,-20.091867057566702,TRAILING_STOP,4,True,85.13805631244337,48.5,3.139294477932312,False,True,-3.667378933723907,39.22217506954759,1.1350977954946446,23.080197757502436,121.03095425414111,5,1,26.614617643640884
2022-04-12 23:15:00,SHORT,V12_SHORT,-12.300621891042976,25.699378108957024,-19.715820924101006,TRAILING_STOP,2,False,84.44239536908962,61.5,1.8310663878026279,False,True,-1.360433418447495,48.77074223888935,0.9460200641047519,26.058673049680685,96.41702844560459,23,1,100.04756927961802
2022-04-15 04:00:00,SHORT,V12_SHORT,-3.825862145737503,34.1741378542625,-3.6318416994627474,TRAILING_STOP,5,False,85.27056187235388,9.0,0.925986614556166,False,True,-0.8852356982134735,22.561031044964203,1.0456432671007627,11.915019065786712,56.93040141474179,4,4,11.94030444791266
2022-04-18 12:45:00,SHORT,V12_SHORT,4.3553191991587425,42.35531919915874,-56.038056843133006,TRAILING_STOP,4,True,80.47076418263622,83.5,1.5266936169622467,False,True,-1.5609064399052317,31.646587449942803,1.7608857906491593,19.155270938444808,63.04400170084462,12,0,68.3045338555654
2022-04-20 16:15:00,LONG,V12_LONG,34.856958362150635,62.856958362150635,0.0,TRAILING_STOP,3,True,17.73066765115179,90.0,1.084493638210901,True,False,0.33755151425302415,49.71356740873476,0.5774236109352326,26.326397142465083,-97.24571457423596,16,2,38.70510733117612
2022-04-21 13:00:00,SHORT,BULL_SHORT,50.93682136395377,66.93682136395377,-64.29288366252602,TIGHT_TS,6,True,92.47535449020916,89.0,1.173158373859835,True,False,2.850109843051955,45.88223744725262,1.5912152302683815,14.872007434060082,91.53714810256785,13,3,26.72273969086785
2022-04-21 16:15:00,LONG,V12_LONG,7.775553514982661,35.77555351498266,-19.002480753454112,TRAILING_STOP,1,True,18.629181135788826,84.0,1.351079980372614,True,False,0.6841977145045863,41.707176598974414,1.149570639174837,18.52607635805166,-141.81481741737454,16,3,59.30845864603355
2022-04-23 22:15:00,SHORT,V12_SHORT,97.5523226647934,135.5523226647934,-14.382462125011667,TRAILING_STOP,4,True,83.02177890997817,3.0,0.7294582345165188,False,True,-0.21551869050992384,15.648641678428854,0.990429325649419,5.084207212699697,26.683221264475232,22,5,12.41848410215866
2022-04-27 04:00:00,SHORT,V12_SHORT,-28.434676628005224,9.565323371994776,-25.67246332728314,TRAILING_STOP,5,False,81.25902256248877,24.0,1.886945871086961,False,True,-2.4460907646511587,24.920020163346166,0.8154972342846319,9.266941213646886,19.132499746537796,4,2,36.38103259110222
2022-04-27 07:30:00,SHORT,V12_SHORT,-9.031014491708394,28.968985508291606,-106.84407099540358,TRAILING_STOP,4,False,82.31938259670625,17.5,1.6186572142099758,False,True,-1.30108674716314,27.928045598098805,1.3434554896594255,15.03792066092513,58.59510643594083,7,2,49.60958094695156
2022-05-02 12:00:00,LONG,V12_LONG,22.996374318268842,50.99637431826884,0.0,TRAILING_STOP,1,True,19.67510039032925,53.5,0.5007625439206016,True,False,0.47887558765680754,34.52214126836536,1.5965764857761189,16.98718137859947,-106.03037825547838,12,0,32.48362769592265
2022-05-04 02:30:00,SHORT,V12_SHORT,-37.06230385095539,0.9376961490446093,-35.45597714128594,TRAILING_STOP,3,False,81.38730000828923,12.0,0.8445242351752643,False,True,-1.2065982164891238,23.45704842200798,1.3039450291811856,12.099714697945855,53.55001469190697,2,2,14.887239433801323
2022-05-05 13:45:00,LONG,V12_LONG,-541.6740139713941,0.0,-635.5678895419195,TIME_EXIT,10,False,16.30506245890787,46.0,1.0454543691534486,True,False,0.37006146936320483,21.05311181251493,2.907555957055465,14.983445223291483,-82.46339771653453,13,3,74.23727718173814
2022-05-07 10:30:00,SHORT,V12_SHORT,15.352523416703011,31.35252341670301,-17.481810104531068,TIGHT_TS,8,True,80.20563847429558,21.5,1.7543167422281407,False,True,-1.3382109213691102,21.587366451180806,0.9709301378222082,7.476739240569796,16.253655961039566,10,5,33.752530954831876
2022-05-07 21:45:00,LONG,BEAR_LONG,58.24930302512037,86.24930302512037,0.0,TRAILING_STOP,1,True,4.3239281788210775,67.0,1.4232752122645025,False,True,-2.872646996980811,42.3710761094856,0.7982361648497033,29.618457791318473,-146.8994745967797,21,5,125.61964028816001
2022-05-10 06:30:00,SHORT,V12_SHORT,206.28060889102542,244.28060889102542,0.0,TRAILING_STOP,1,True,85.23407865841483,72.0,4.526707023887749,False,True,-1.5801376962232685,105.60116871141486,1.3569686856295449,45.42624840455975,541.668060522464,6,1,97.06779169930728
2022-05-13 00:45:00,SHORT,V12_SHORT,26.89677912418172,64.89677912418172,-18.28373843897098,TRAILING_STOP,1,True,80.86499509408682,16.0,2.446609602013248,False,True,-0.18360012251664018,105.71129721263272,1.375757606216868,56.92017177822019,314.98789603314646,0,4,96.7291343928785
2022-05-16 03:00:00,LONG,V12_LONG,2.6851781790189264,30.685178179018926,-41.78799906669051,TRAILING_STOP,4,True,17.467705586896486,48.5,1.7367147500041,True,False,1.6603115452097144,55.082050946507465,0.5737732506084858,39.03274850702677,-187.55278843601485,3,0,72.78952927548234
2022-05-19 12:15:00,SHORT,V12_SHORT,5.92817585889302,43.92817585889302,-66.49293024046001,TRAILING_STOP,2,True,83.15104432859707,55.00000000000001,1.0812586996514997,False,True,-0.35651373653510093,55.33754973613418,1.2419297626906252,21.319483865706523,164.71561530506727,12,3,94.22507624231396
2022-05-24 22:15:00,SHORT,V12_SHORT,-36.57328851250536,1.426711487494646,-90.38656781562094,TRAILING_STOP,2,False,85.99828221737108,49.0,0.6217368093806585,False,True,-0.5445975236326008,37.01419320737223,1.1270888345090146,12.857354799649872,76.1101293497945,22,1,22.651572830554063
2022-05-26 16:45:00,SHORT,V12_SHORT,3.0662904566334888,41.06629045663349,-21.71950473039673,TRAILING_STOP,2,True,83.17157068969766,94.0,0.7023115068526171,False,True,-0.010444618504516267,73.17963698465546,0.7848825909360849,39.788240656486614,158.88980628945623,16,3,36.067356828208425
2022-05-30 03:30:00,SHORT,BULL_SHORT,-2.2609985170536433,35.73900148294636,-28.709836875926506,TRAILING_STOP,3,False,94.85196581813594,98.5,1.0714394665491698,True,False,4.307790177735816,56.564183600264144,0.43523420760335313,35.372057230599154,309.0950808823088,3,0,31.069358685332066
2022-05-30 04:45:00,SHORT,BULL_SHORT,-26.20419987188717,11.79580012811283,-48.47552964889766,TRAILING_STOP,3,False,92.92314913507337,99.5,1.3694411766400638,True,False,4.116059789397759,40.84808520579954,0.7904333837968368,12.249200524697718,50.19094163853335,4,0,20.772865316929902
2022-06-01 04:00:00,LONG,V12_LONG,16.487329753038587,44.48732975303859,0.0,TRAILING_STOP,4,True,18.11963027810546,26.5,1.739961248022395,True,False,0.5556120132482775,26.80339677020758,1.311351004064821,19.148743608282224,-68.85199881808322,4,2,94.85564974928602
2022-06-02 22:30:00,SHORT,V12_SHORT,-10.295515807034679,27.70448419296532,-8.635971389703991,TRAILING_STOP,1,False,80.99093217265147,56.99999999999999,0.7352762108208338,False,True,-0.28585738747984263,37.31046390107693,1.6419800301187202,18.416048768270993,41.541204071453734,22,3,64.09404736270534
2022-06-03 21:00:00,SHORT,V12_SHORT,-36.781808019001446,1.2181919809985546,-49.49493827771269,TRAILING_STOP,2,False,87.75739423436868,6.5,1.414071671708145,False,True,-1.0005752584592469,23.403749870033984,1.25819686068471,5.661163124889644,38.951052785123856,21,4,25.61904848437648
2022-06-06 03:45:00,SHORT,BULL_SHORT,-5.181839679318543,32.81816032068146,-10.182077431786867,TRAILING_STOP,1,False,92.90782549652006,100.0,1.0709686313825664,True,False,4.7304610476287055,55.83991522770574,0.46159523053166346,34.931288584291956,157.2600673812896,3,0,71.12092413042731
2022-06-07 00:15:00,LONG,V12_LONG,-433.4248851007157,0.0,-498.83230980241984,TIME_EXIT,10,False,11.439038177232433,75.0,1.8477948367636146,True,False,0.7531015891290619,25.0968725845347,2.1049019588643882,15.431627894515302,-79.9044487479066,0,1,212.69448896580346
2022-06-07 18:45:00,SHORT,V12_SHORT,-415.69478912955253,0.0,-462.41200897414086,TIME_EXIT,10,False,80.11171773913618,40.5,1.1124044260460586,False,True,-0.9864977773446385,37.255424600894955,1.520275320804594,24.220182887667328,115.65695510778863,18,1,25.55193335234338
2022-06-11 19:00:00,SHORT,V12_SHORT,108.79042682982018,124.79042682982018,0.0,TIGHT_TS,6,True,84.31243477562826,77.0,2.0588930501474993,False,True,-2.416457069282304,51.14532574558514,0.6019975141238977,10.916862388527438,77.36415924372186,19,5,51.18841687206359
2022-06-12 17:30:00,SHORT,V12_SHORT,215.7354271259464,231.7354271259464,0.0,TIGHT_TS,7,True,81.22965041926162,99.0,2.3142716119420927,False,True,-1.2306011342592311,69.3200560026082,0.5268187348825536,41.96592105303986,85.33161362149501,17,6,36.42129021621099
2022-06-12 20:45:00,LONG,BEAR_LONG,28.646110474525543,56.64611047452554,0.0,TRAILING_STOP,2,True,9.231750360100094,58.5,2.221462283578945,False,True,-3.6074436256573894,51.10532492919548,0.8130673650970552,37.66566610058121,-200.1826925276181,20,6,28.21346385652248
2022-06-14 05:15:00,SHORT,V12_SHORT,131.71563067185414,169.71563067185414,-49.963687020154,TRAILING_STOP,2,True,85.41618346792605,96.5,10.174772185718908,False,True,-9.685962020801643,173.75968208674928,1.0202791852594661,71.57131411469314,361.8912289071185,5,1,452.93044088879145
2022-06-15 12:00:00,SHORT,V12_SHORT,86.59953826363925,124.59953826363925,0.0,TRAILING_STOP,1,True,82.17596050794083,38.5,6.7733361717662035,False,True,-4.050892138764773,130.6673043571666,0.6464242107430553,66.39796593176986,474.63477077216515,12,2,152.69512513089356
2022-06-17 07:15:00,SHORT,V12_SHORT,9.107928288003201,47.1079282880032,-77.7872624896371,TRAILING_STOP,2,True,82.18819754464272,13.5,2.9151827701507824,False,True,-0.6679633517517788,78.91952383037538,0.9399214169073412,40.852636291825036,163.90481143228905,7,4,174.0295525454872
2022-06-18 06:45:00,LONG,BEAR_LONG,5.890178947141521,33.89017894714152,-191.60194369538715,TRAILING_STOP,1,True,9.771593293972813,44.5,2.1980601106380693,False,True,-6.743853777047697,29.56008730144536,1.0112106145213526,13.64091281628343,-24.449877750611247,6,5,663.1219501153857
2022-06-18 07:30:00,LONG,BEAR_LONG,21.43631339942639,49.43631339942639,-44.84255829923647,TRAILING_STOP,1,True,8.692526857830174,89.5,2.6708749254644943,False,True,-7.810119279853383,126.15095020467459,2.1404731380932844,158.6978785107262,-585.2808778797358,7,5,127.01908727713113
2022-06-18 08:15:00,LONG,BEAR_LONG,18.9468117227566,46.9468117227566,-85.51455523550567,TRAILING_STOP,1,True,9.779183568922576,100.0,3.102525027827543,False,True,-7.797129389994824,151.99481874392356,0.64342442191026,158.8891168776847,-628.0879649237041,8,5,248.498924407641
2022-06-18 09:00:00,LONG,BEAR_LONG,78.68568537295292,106.68568537295292,0.0,TRAILING_STOP,1,True,9.792651666192128,100.0,3.538082358616626,False,True,-8.240439164791109,200.36327246985877,0.6225851616761129,157.33379426713705,-681.9215686274505,9,5,104.83956648289723
2022-06-19 09:30:00,SHORT,V12_SHORT,91.75794359381044,129.75794359381044,-17.13045099568287,TRAILING_STOP,1,True,80.45278137128072,61.5,4.483482326930985,False,True,-2.5118456835110505,95.33081750053444,2.2733051599765712,53.346398671892835,284.92970600378,9,6,159.90858188590613
2022-06-20 19:15:00,LONG,V12_LONG,60.24719202129556,88.24719202129556,0.0,TRAILING_STOP,1,True,19.011862598017302,29.5,1.6200942432658971,True,False,2.204871559500866,101.83660409731388,0.7312276823107802,70.46963905809444,-116.81910050476081,19,0,83.5676436950961
2022-06-22 11:15:00,SHORT,V12_SHORT,68.12730713911644,106.12730713911644,-17.130460910851642,TRAILING_STOP,3,True,83.21446562558012,10.0,0.5026694062149261,False,True,-0.5403334127807923,61.852334097410335,0.7287991991467921,21.88134020300911,120.82982663267288,11,2,104.46236830557415
2022-06-30 06:45:00,LONG,BEAR_LONG,-3.5616923090394828,24.438307690960517,-56.81159897900898,TRAILING_STOP,2,False,8.246809565109785,67.0,1.438757877508602,False,True,-4.553132729925887,52.791290844403136,4.979819803087588,54.160172468043754,-274.5045260597346,6,3,86.85738766674544
2022-06-30 08:45:00,LONG,BEAR_LONG,-108.75875816130494,0.0,-162.4566004265356,TIME_EXIT,10,False,7.471221448156157,99.0,2.0300514917486456,False,True,-5.199046214887059,73.33103726021423,0.6735669434824674,49.28932346901277,-249.31818181818255,8,3,89.59626828656981
2022-07-05 09:30:00,LONG,V12_LONG,13.377346915721162,41.37734691572116,-20.202357921143438,TRAILING_STOP,3,True,9.60134893967944,79.5,1.9183275554346397,True,False,0.9852084887242648,59.969438483141836,0.7823918149886843,29.59761011234528,-212.83265731029132,9,1,83.47914363843093
2022-07-08 08:45:00,LONG,V12_LONG,24.601134497687177,52.60113449768718,-49.820868786385695,TRAILING_STOP,2,True,15.91814012029667,68.0,3.4140777864147425,True,False,2.9778112587978125,40.79577094444846,1.8324568102263274,21.11500206963519,-56.16677593340428,8,4,125.0093880660302
2022-07-11 23:00:00,LONG,BEAR_LONG,-7.109007410530584,20.890992589469416,-40.05314436670206,TRAILING_STOP,2,False,8.11072429311345,82.5,1.8062562832842406,False,True,-4.09286997498482,53.84922703198414,1.8688340617432062,18.02762638543589,-228.6640830848654,23,0,77.47305431708004
2022-07-12 00:00:00,LONG,BEAR_LONG,-16.490081313664994,0.0,-100.84535594553326,TIME_EXIT,10,False,7.686297659559727,90.5,1.970078776817903,False,True,-4.056118465536311,61.10284538411597,0.7243670429316807,22.79335757698785,-179.29386346374136,0,1,40.48923280583444
2022-07-13 08:30:00,SHORT,V12_SHORT,1.4245108160816358,39.424510816081636,-3.3457503436319334,TRAILING_STOP,1,True,83.40351746346295,72.0,1.8811832950371994,False,True,-0.37848563963120857,54.34049753177459,1.1229560388446367,34.57982462375795,151.9101206572854,8,2,75.87087764626207
2022-07-13 09:15:00,SHORT,V12_SHORT,58.6160505996464,96.6160505996464,0.0,TRAILING_STOP,4,True,81.35501720763884,69.5,1.6963143179169353,False,True,-0.27075577431276926,63.62941517483917,0.7501820366705305,35.780027510420815,168.8219603606037,9,2,25.824815551394742
2022-07-18 19:15:00,LONG,V12_LONG,5.653114070006893,21.653114070006893,-140.1574679732597,TIGHT_TS,7,True,16.289496303936872,96.0,2.1834129658691603,True,False,1.0433758205411763,77.8798668142969,1.591207842542446,44.57820037555193,-289.4063597874069,19,0,101.20597215257072
2022-07-26 00:00:00,LONG,BEAR_LONG,-78.85511479028025,0.0,-118.80494840775123,TIME_EXIT,10,False,4.5707232168227705,98.0,1.6328466023262096,False,True,-4.8228975312192075,79.45370341386523,2.0738326977065444,56.25345870340985,-334.0617632357876,0,1,85.67451600165474
2022-07-27 07:00:00,SHORT,V12_SHORT,-11.451294307889373,26.548705692110627,-24.546089189426525,TRAILING_STOP,4,False,88.07150062164281,8.5,1.241159847521521,False,True,-0.034780787037932526,29.132139356016836,1.0336855295044878,14.730116788014161,67.79632117098059,7,2,90.68858190420741
2022-07-28 09:15:00,LONG,V12_LONG,54.976775422295944,82.97677542229594,0.0,TRAILING_STOP,3,True,16.19047619047612,45.0,3.2148253735157595,True,False,5.420833163529588,45.0951867485071,0.7833092732594709,20.624417120808204,-83.97888679109872,9,3,58.40903903817254
2022-08-03 22:15:00,LONG,V12_LONG,1.5535322098448248,17.553532209844825,-159.97404866395183,TIGHT_TS,10,True,17.796046764281442,29.5,0.510733571136665,True,False,0.045520769575242905,34.4331442192008,1.1449574801547882,15.70865992618467,-82.27346347284922,22,2,87.08685819510337
2022-08-05 01:30:00,SHORT,V12_SHORT,-193.19698492418087,0.0,-215.99723329485263,TIME_EXIT,10,False,84.53320226608366,13.0,1.0819647886673258,False,True,-1.0387171772727073,30.074857509489977,0.7881505488605905,8.539206968127319,12.693035309876871,1,4,53.509845073245
2022-08-07 04:15:00,SHORT,V12_SHORT,10.791199512697116,26.791199512697116,0.0,TIGHT_TS,6,True,81.2306305291029,15.0,0.15535415496212043,False,True,-0.5728771707700999,18.21755730340272,1.0830015472378067,9.10003879569546,38.251800200249924,4,6,13.078209693961245
2022-08-08 08:45:00,SHORT,BULL_SHORT,39.3008147194804,55.3008147194804,-13.05656130534206,TIGHT_TS,6,True,95.1144483468572,100.0,1.0305775446227297,True,False,4.1203235237611535,47.83711681329669,1.4305278065197577,19.612773720171027,152.95616387701077,8,0,76.3545716196519
2022-08-10 18:45:00,LONG,V12_LONG,-0.41510228657946513,27.584897713420535,-4.182226427518025,TRAILING_STOP,1,False,19.076553006045074,71.0,0.8283410083093088,True,False,0.661879000071768,40.54016484034189,1.63745860117517,22.683249867874945,-152.34792366537417,18,2,78.9680546992025
2022-08-12 15:15:00,SHORT,V12_SHORT,-31.15387030826204,0.0,-57.0766912973177,TIME_EXIT,10,False,81.23115293050631,18.0,0.2585731413756368,False,True,-0.6966705461003533,37.010818700860405,0.7091182761936486,12.125037376807832,28.815135746073118,15,4,55.1141450313346
2022-08-14 21:15:00,SHORT,V12_SHORT,52.65108657910413,90.65108657910413,0.0,TRAILING_STOP,3,True,81.74666514650579,6.5,0.009924109122350037,False,True,-0.42207480540001274,23.154852265092927,1.1846634824792903,9.860723656024081,29.715803767816617,21,6,26.822686179491157
2022-08-19 01:15:00,LONG,BEAR_LONG,2.1457557394228353,30.145755739422835,-21.66698736619728,TRAILING_STOP,1,True,9.781249579843234,91.0,1.0651421327155801,False,True,-3.2880284320029056,54.001089165917016,0.9484308780698929,19.04692495110671,-203.248149339647,1,4,67.9171218708406
2022-08-19 02:00:00,LONG,BEAR_LONG,0.7689574646424298,28.76895746464243,-11.772912811915978,TRAILING_STOP,3,True,9.3180337459615,94.5,1.2156785374022885,False,True,-3.2251007959648748,54.33585600402544,0.7241198730715803,22.005291265887102,-194.51737900819884,2,4,34.6522235542871
2022-08-19 06:45:00,LONG,BEAR_LONG,32.23285166832769,60.23285166832769,-8.513396617009654,TRAILING_STOP,1,True,7.943484188347881,100.0,1.96000947349229,False,True,-6.372179422704445,77.23151525673669,5.504280007445558,102.01423742490736,-335.1299251149681,6,4,101.86773490014154
2022-08-29 03:15:00,SHORT,V12_SHORT,-24.159040534813684,13.840959465186316,-47.52885716603546,TRAILING_STOP,2,False,81.54157332695372,67.0,1.4306810898030877,False,True,-0.8738014713774692,32.22175168255889,0.8766371098410938,16.710372563415497,57.89411247780935,3,0,53.039304311370046
2022-08-30 14:15:00,LONG,V12_LONG,-246.99335408379264,0.0,-281.3049909527612,TIME_EXIT,10,False,19.90047670820435,73.0,0.6309038297682603,True,False,0.13017110989008512,43.15704045657499,1.7259536060912648,26.94666837034004,-134.58767484488214,14,1,33.407655460986305
2022-09-06 19:30:00,LONG,BEAR_LONG,-1.003385315027586,26.996614684972414,-110.51589995078983,TRAILING_STOP,1,False,8.108867969019244,100.0,1.0756499598151248,False,True,-4.681902739478899,100.05547261583493,0.6519849248327065,24.512748771237067,-134.81082366487607,19,1,98.45967825332967
2022-09-07 19:00:00,SHORT,V12_SHORT,53.399903146891845,91.39990314689184,-52.63778607152047,TRAILING_STOP,4,True,84.72605394559815,63.5,1.5385347799330473,False,True,-0.8016832003406952,42.12005973366402,1.7923766830095413,18.528523651520445,70.45990052409321,19,2,60.16233601875368
2022-09-09 05:00:00,SHORT,BULL_SHORT,-149.0134348363983,0.0,-223.70749972843328,TIME_EXIT,10,False,96.90028458233341,100.0,1.0723546377159436,True,False,6.168253982658473,90.6359456526943,0.9291466409188273,50.87191026035024,495.15632039108056,5,4,53.418871686081204
2022-09-14 02:45:00,SHORT,V12_SHORT,63.33755586523216,79.33755586523216,0.0,TIGHT_TS,6,True,80.7911231201962,27.500000000000004,3.9249138528789085,False,True,-5.945147982863733,49.60475830016856,0.8730786942129708,20.714874263979787,94.1712828089368,2,2,38.763879792352775
2022-09-14 22:15:00,SHORT,V12_SHORT,-12.038821529599163,3.961178470400837,-97.72227286478893,TIGHT_TS,6,False,80.18949305575514,61.5,2.988794553117135,False,True,-3.7866434870634307,52.827822269707646,1.2342516915903687,35.69199487568981,137.8300340164524,22,2,35.36525530763529
2022-09-16 20:45:00,SHORT,V12_SHORT,13.499465739773242,29.499465739773242,-31.853146516881605,TIGHT_TS,6,True,87.51831289999339,33.0,1.3709410417963745,False,True,-0.5980807348992631,40.92689738656798,0.7105543556533302,14.956124638914698,104.50839719132446,20,4,23.95186545652028
2022-09-19 10:30:00,SHORT,V12_SHORT,4.1324800931121,42.1324800931121,-55.739821638988836,TRAILING_STOP,4,True,82.40106326909431,57.49999999999999,3.452156012795044,False,True,-4.910654886902626,33.62581512330634,1.309156712170446,22.02007430639327,35.70570836966383,10,0,96.82393736771583
2022-09-19 14:30:00,SHORT,V12_SHORT,105.78718011171034,143.78718011171034,0.0,TRAILING_STOP,2,True,80.01945279994233,97.5,2.6661847281654274,False,True,-1.0353097734903527,74.80575791399502,1.402687368249887,58.532961087033755,274.09150672486123,14,0,110.94025738139713
2022-09-27 16:00:00,LONG,V12_LONG,-228.88230305334002,0.0,-386.750944653232,TIME_EXIT,10,False,18.800996234769116,97.0,2.6342187479593933,True,False,1.236812724876053,68.64153199830999,1.0051423433207882,36.04517128879443,-178.40404800636873,16,1,196.42043352890707
2022-10-04 08:00:00,SHORT,BULL_SHORT,92.62177879996963,130.62177879996963,0.0,TRAILING_STOP,4,True,97.5303161760252,70.5,1.077456955242781,True,False,3.828652056874345,35.20384415377423,1.030797585207133,18.88265025537137,181.7083213294123,8,1,98.72367733989137
2022-10-13 16:00:00,SHORT,V12_SHORT,-266.82090702466354,0.0,-307.29964752818245,TIME_EXIT,10,False,80.69990577412119,93.0,1.1677550163059582,False,True,-0.5550135118545435,75.94239270472337,0.9289110708991367,51.18551074973149,316.0280338234179,16,3,66.27928043562177
2022-10-14 16:15:00,LONG,V12_LONG,-7.112609268165752,20.887390731834248,-24.55057444205041,TRAILING_STOP,1,False,19.743958463241626,86.0,1.0231779347705352,True,False,0.37248323591482213,65.10752691266723,0.891169233201661,41.56423672650726,-205.587743355789,16,4,57.10013478239529
2022-10-20 04:15:00,SHORT,V12_SHORT,3.9808234229991655,19.980823422999165,-32.190746361567996,TIGHT_TS,7,True,84.3797856049008,38.5,0.6443691961358512,False,True,-0.8215308574151672,17.05693600522193,1.0969699422372379,6.758669652643397,0.7875247676539427,4,3,65.77256917243878
2022-10-24 03:00:00,LONG,V12_LONG,-4.210062461505551,23.78993753849445,-47.9105779445996,TRAILING_STOP,3,False,16.851115338059486,87.0,0.7858762020437499,True,False,0.596947011321039,30.752224379381225,0.5868176632118467,13.714234960903967,-55.71248933974294,3,0,45.16161035761456
2022-11-03 02:00:00,SHORT,V12_SHORT,6.253389434315672,22.25338943431567,-8.538175733864101,TIGHT_TS,6,True,87.47513546882479,52.5,0.6686625629151358,False,True,-0.6168511008418572,21.841724549991962,1.3223380665674362,10.876210595142178,72.43062741133693,2,3,19.226170030796983
2022-11-03 04:00:00,SHORT,V12_SHORT,11.222651445020531,27.22265144502053,-8.47210537217792,TIGHT_TS,6,True,80.62797207514114,43.0,0.5785397936350545,False,True,-0.33180885482042044,19.561004374725563,0.6060841536144207,9.4617513335863,15.646805300090026,4,3,38.90002032127244
2022-11-04 18:00:00,LONG,V12_LONG,119.28385154983104,147.28385154983104,0.0,TRAILING_STOP,2,True,9.634217795262302,84.5,1.1111791515743654,True,False,1.784129126795592,60.20543501616744,0.6294186687088972,29.560535075970606,-114.98453311711475,18,4,32.68101431149923
2022-11-07 20:15:00,SHORT,V12_SHORT,75.0202795797615,113.0202795797615,0.0,TRAILING_STOP,5,True,83.71562087539556,54.50000000000001,0.812626219428029,False,True,-0.9543030747425836,22.764406302646936,0.9272299825136529,12.30795506245685,82.54842293387502,20,0,20.808545555080503
2022-11-08 04:45:00,LONG,BEAR_LONG,39.488046233284166,67.48804623328417,-148.74157608930895,TRAILING_STOP,5,True,9.967278721327673,100.0,1.6424809953606148,False,True,-6.092465701353249,102.45030839752546,0.9695792657408928,67.35752058093269,-487.52957394163116,4,1,56.734475423802536
2022-11-22 13:00:00,SHORT,V12_SHORT,-14.638793326616664,23.361206673383336,-116.7436536428197,TRAILING_STOP,2,False,80.4368288606722,61.5,1.581817544979281,False,True,-0.3859452818382821,39.89534035897079,1.2080360607125624,20.996355743077675,68.14705370005666,13,1,142.2271904702792
2022-11-23 14:15:00,LONG,V12_LONG,43.05414363562379,71.05414363562379,0.0,TRAILING_STOP,3,True,14.193271484696936,30.5,1.2435017755346867,True,False,1.790215407208686,33.33238018898797,1.1817011880853747,21.336246340334338,-103.17880930460328,14,2,64.01521482152029
2022-11-29 03:30:00,SHORT,V12_SHORT,-28.628549966030526,9.371450033969472,-86.87156203722012,TRAILING_STOP,2,False,84.11387900355892,73.5,0.578590910364713,False,True,-0.4146150301521505,25.02522152226684,0.880142360745519,12.26417995919518,67.06485263966641,3,1,18.23351542300045
2022-12-07 22:45:00,SHORT,V12_SHORT,-5.983297579188664,10.016702420811336,-28.583524276104384,TIGHT_TS,6,False,81.30788661240527,7.000000000000001,0.5597778337382503,False,True,-0.592201064490921,12.990527027055723,1.390619835327712,4.257270867651413,9.932599791123623,22,2,13.389249531078956
2022-12-12 11:30:00,SHORT,V12_SHORT,25.59192244492366,41.59192244492366,-11.017415992203745,TIGHT_TS,6,True,82.97854150636687,53.5,0.5339192379182646,False,True,-0.6857204537076997,10.614574195075992,0.6250769138737527,6.795404183022073,26.015194715497376,11,0,7.468536802406112
2022-12-12 20:30:00,SHORT,V12_SHORT,-72.27295358031897,0.0,-86.23224483819075,TIME_EXIT,10,False,83.50344369761586,61.0,0.26193718219385687,False,True,-0.038572317662077665,12.269531611427805,1.4317294466896664,5.887798176050515,29.645872034237243,20,0,11.943183482210019
2022-12-17 23:45:00,SHORT,V12_SHORT,28.88739111931862,44.88739111931862,0.0,TIGHT_TS,6,True,83.66046959484228,22.0,1.1615725246143138,False,True,-0.8020068215250382,17.3510606669678,1.0751189701094348,5.288965579753999,37.42684318075045,23,5,21.89965499400231
2022-12-22 21:00:00,SHORT,V12_SHORT,-13.331177623830937,2.668822376169062,-36.37461926091569,TIGHT_TS,6,False,80.4779535509906,98.5,0.3371577384036783,False,True,-0.142027165574594,30.668090363933402,0.8924932893371591,26.744003859385312,99.06233506912395,21,3,20.725073764940415
2022-12-28 09:30:00,SHORT,V12_SHORT,-9.50418175803755,6.495818241962451,-15.086868061046895,TIGHT_TS,6,False,80.1112821119901,41.0,0.5341719274745582,False,True,-0.7764578278947606,10.972031361393606,0.9091798547534098,2.612404447402875,1.5265505606773033,9,2,11.232602523762944
2023-01-09 21:30:00,LONG,V12_LONG,-11.587393350043815,16.412606649956185,-38.44341954507566,TRAILING_STOP,5,False,12.4257795603786,92.0,0.8440950701060885,True,False,0.6979650801353522,24.60668049957546,0.7967460201150283,11.527107734179564,-56.700456915557716,21,0,40.04280538091471
2023-01-12 00:45:00,SHORT,BULL_SHORT,25.238812752886815,63.238812752886815,-15.582481480063494,TRAILING_STOP,3,True,92.06451992700322,100.0,1.0229470814599977,True,False,5.0692808570605585,51.49563691531561,0.7466895487471673,49.058417915913324,218.67646639888403,0,3,201.959034389869
2023-01-12 18:00:00,SHORT,BULL_SHORT,69.42213967428965,107.42213967428965,0.0,TRAILING_STOP,1,True,93.44111818086982,96.0,2.051883654832359,True,False,6.216261109815111,72.36012725426039,1.7793324549680614,73.85245886516074,412.3526137481098,18,3,144.9939258152322
2023-01-13 22:30:00,SHORT,BULL_SHORT,68.71256109143646,106.71256109143646,0.0,TRAILING_STOP,2,True,90.81824853229001,81.5,3.0968713966343318,True,False,7.115948857735329,75.76905982231372,0.900185295509773,51.65731318051024,288.94720578441274,22,4,68.7080479692509
2023-01-14 00:30:00,SHORT,BULL_SHORT,50.102856267678746,88.10285626767875,-30.303044716372884,TRAILING_STOP,1,True,93.21726813038407,100.0,3.527923175929691,True,False,12.324050587032808,85.33482305894523,2.4675894716490565,59.5097980269553,238.18711493376333,0,5,441.8032666025823
2023-01-20 20:45:00,SHORT,BULL_SHORT,-1.6007323821573038,36.399267617842696,-13.939667754053342,TRAILING_STOP,1,False,94.26439643844945,97.5,1.0394509364505964,True,False,6.29223261325578,77.34149863677618,1.895282617379715,57.685568996924864,366.5904587715281,20,4,136.38951614676247
2023-01-20 21:45:00,SHORT,BULL_SHORT,-145.81737181787892,0.0,-213.46098781663196,TIME_EXIT,10,False,92.56151549469777,98.0,1.4705242145612871,True,False,6.2849261049826755,95.02445387528859,0.5900609896736896,60.306066639968556,438.9848839868087,21,4,30.992036444770612
2023-01-21 22:45:00,LONG,V12_LONG,50.82800738581359,78.82800738581359,-33.576275401917755,TRAILING_STOP,1,True,19.802746083929478,69.5,3.3735633273880823,True,False,3.384111939365222,41.902724984506186,1.1897663587797067,19.353593331999654,-66.72577530495123,22,5,153.6970374402827
2023-01-24 09:00:00,LONG,V12_LONG,-25.425891863026987,2.574108136973013,-65.68774933945825,TRAILING_STOP,1,False,16.8547672790655,28.000000000000004,0.7767455049277378,True,False,0.2631796750299036,19.65652172613016,0.8819329846746187,8.173379363561924,-24.038596769091114,9,1,101.78699906585848
2023-01-25 04:45:00,SHORT,V12_SHORT,-29.708404566212366,8.291595433787633,-30.28907436447256,TRAILING_STOP,1,False,83.9655315729686,14.000000000000002,0.4088084873893747,False,True,-1.0867164954364497,21.17696279414987,0.8175435744821179,9.98589077482646,26.730305611327708,4,2,14.705082866921181
2023-02-02 04:00:00,LONG,V12_LONG,1.1048680847631083,29.10486808476311,0.0,TRAILING_STOP,4,True,14.085643220472022,70.0,1.4907163148292275,True,False,3.0214552617627106,27.481797624903827,0.793381950144294,13.476286559978288,-57.2253819542022,4,3,14.837529264185758
2023-02-02 22:00:00,LONG,V12_LONG,22.31330928302596,50.31330928302596,0.0,TRAILING_STOP,2,True,19.98660534013578,93.5,1.0000720794711286,True,False,0.19323127099581616,53.724516431078825,1.2080005660120094,41.80099436024626,-125.101040719409,22,3,75.19763207456495
2023-02-03 23:15:00,SHORT,V12_SHORT,-8.929860666313907,29.070139333686093,-6.3837463081311805,TRAILING_STOP,4,False,80.57118499573781,30.5,0.22254712168445806,False,True,-0.8316432114890986,21.12873243933879,1.3209539745293177,7.455980582005536,34.25263568332908,23,4,15.73891229660616
2023-02-04 13:00:00,SHORT,V12_SHORT,28.696755304095326,44.696755304095326,-30.265954843639076,TIGHT_TS,6,True,82.6789838337192,11.5,0.3124601707559316,False,True,-0.0806036551192239,12.537318413844858,1.5812497184681538,8.450473044073137,24.211893241606123,13,5,48.08424765323917
2023-02-15 12:45:00,SHORT,BULL_SHORT,3.91512374073519,41.91512374073519,-0.663088914076428,TRAILING_STOP,1,True,93.79039207238272,91.5,1.0427686126345945,True,False,3.973317712154535,53.94083967121155,1.0543078059165756,43.376721209185185,277.7400653925245,12,2,36.0175845910434
2023-02-15 20:00:00,SHORT,BULL_SHORT,-228.16976629733907,0.0,-316.82120034818155,TIME_EXIT,10,False,94.17290833262402,88.5,2.0873550041714912,True,False,6.985568794169622,47.82049259577335,0.7618252021952296,27.392510434864622,220.24080058238926,20,2,184.95605029883836
2023-02-16 22:00:00,LONG,V12_LONG,-309.0818217141459,0.0,-454.0501850753598,TIME_EXIT,10,False,18.617824773414057,79.0,3.532260110750741,True,False,3.869432357386276,60.55281454292627,0.5413070903968991,45.79525703897038,-137.17175208916944,22,3,45.980490398575945
2023-02-19 08:45:00,LONG,V12_LONG,30.41898208728027,46.41898208728027,0.0,TIGHT_TS,7,True,19.0977370506307,28.999999999999996,0.7775777156116701,True,False,0.44213071575405044,23.27741053240726,0.7149623571451721,11.569123411401348,-36.412451932444114,8,6,19.00764620217342
2023-02-20 04:30:00,SHORT,V12_SHORT,-19.690715312692635,18.309284687307365,-27.56609937854721,TRAILING_STOP,5,False,88.96550845081194,83.5,0.2270042462577295,False,True,-0.5128126957982985,40.166562613117264,1.3027811187347502,18.032026120448318,55.47907206115026,4,0,25.175266445048926
2023-02-22 23:00:00,SHORT,V12_SHORT,-0.687307484362961,37.31269251563704,-10.780048973166485,TRAILING_STOP,2,False,80.80356463950578,40.5,1.3259541530976071,False,True,-0.7527876793294508,37.150681126474716,0.9797929860342658,24.740219706392793,143.48202865600123,23,2,56.57045638296314
2023-02-23 00:00:00,SHORT,V12_SHORT,18.472388628778475,34.472388628778475,-6.725110687556841,TIGHT_TS,6,True,81.33802323463004,35.5,1.1544557233559096,False,True,-0.6445759385577764,44.94679292059197,0.921548015562943,24.2761660974658,178.49461279376234,0,3,25.009274169228956
2023-03-04 01:15:00,SHORT,V12_SHORT,3.069378557345157,19.069378557345157,-1.0462449196761763,TIGHT_TS,8,True,80.13675704107601,2.0,1.8064685718104225,False,True,-2.373137140410857,16.754297456409752,0.9051544348647148,7.369302624956538,24.9630504740146,1,5,13.50712712214097
2023-03-09 17:30:00,LONG,BEAR_LONG,-6.013225639329487,21.986774360670513,-24.579488367993378,TRAILING_STOP,1,False,9.99659890641739,77.5,1.1469119025335097,False,True,-2.2537446244473203,43.096780201483575,0.7584761932980578,16.423418721850663,-99.68988743977373,17,3,35.607849208499715
2023-03-09 18:30:00,LONG,BEAR_LONG,-349.899888782183,0.0,-490.1555151510538,TIME_EXIT,10,False,7.955074789089579,96.0,1.3009551632393603,False,True,-3.856882367020611,48.430417823949526,1.3595424353852898,20.871543685081487,-150.15027500371824,18,3,155.14017183808514
2023-03-13 15:00:00,SHORT,BULL_SHORT,6.363248091043083,44.36324809104308,-202.7558268146751,TRAILING_STOP,1,True,90.69219767212464,100.0,3.9236877841509585,True,False,14.048968373284875,132.2135335218507,1.076234997238394,77.3740367402671,662.1293449939876,15,0,409.095754515065
2023-03-14 12:45:00,SHORT,BULL_SHORT,25.7102696324826,63.7102696324826,-171.17925161917714,TRAILING_STOP,1,True,91.4616787955332,85.0,5.049890625136238,True,False,13.345872682424325,109.55561433648089,2.8804038631259217,110.71505551263004,451.7145083510495,12,1,274.7074720014305
2023-03-14 19:15:00,LONG,V12_LONG,246.97398585680037,274.97398585680037,-7.2692582252879,TRAILING_STOP,1,True,18.6855818825848,84.0,6.022336775365912,True,False,4.2953442432973,106.43130167355915,1.2641504971705524,80.36836198430949,-487.42790583135957,19,1,234.56393286480423
2023-03-16 08:00:00,SHORT,V12_SHORT,72.71827920692257,110.71827920692257,0.0,TRAILING_STOP,4,True,86.20318196884325,21.0,0.4641661602119139,False,True,-0.14331504816837362,46.10186934228945,0.8776842827724515,24.449423103583417,98.57635185033251,8,3,33.02601021453171
2023-03-17 11:45:00,SHORT,BULL_SHORT,173.27699701078564,211.27699701078564,0.0,TRAILING_STOP,2,True,91.98526766270919,73.5,3.1689241941903687,True,False,8.105265223591534,81.13568070494604,0.9276824927127707,32.669656394191676,284.8272986607273,11,4,68.23130214538288
2023-03-19 16:30:00,SHORT,BULL_SHORT,47.72096973009535,85.72096973009535,-26.370179805135805,TRAILING_STOP,1,True,90.42711722111439,67.5,1.1489163355401646,True,False,2.8985052669162634,61.62022036950193,0.9584123735016856,20.007336193870294,144.19010371311083,16,6,150.53864996392096
2023-03-23 08:15:00,SHORT,V12_SHORT,-1.8839616744853274,14.116038325514673,-19.406836681999533,TIGHT_TS,6,False,80.99341383095464,42.0,0.8501268735998796,False,True,-1.0215193079470064,32.124137051633795,1.2212613939795836,9.09703068269004,-1.020660041304052,8,3,23.958878799796285
2023-04-03 08:00:00,SHORT,V12_SHORT,-70.62527721862051,0.0,-132.74141217778205,TIME_EXIT,10,False,84.61495387286007,78.5,0.890088247115694,False,True,-0.44326652299493546,26.553753428596508,1.1743865330266678,21.190302687452537,83.25552359014775,8,0,79.04330334383135
2023-04-12 03:45:00,LONG,V12_LONG,-2.2029620975044857,25.797037902495514,-0.4378043743011204,TRAILING_STOP,5,False,16.428757263030647,65.0,1.7903732203306697,True,False,1.5802654284849238,35.352651404350176,0.5603030665976085,19.782782946130528,-99.95653057052064,3,2,28.89508870384598
2023-04-17 19:00:00,SHORT,V12_SHORT,26.92880701820991,42.92880701820991,-20.84445624866147,TIGHT_TS,8,True,80.89547723491124,69.5,1.2799141651380415,False,True,-1.8942945841309389,20.06568940611511,0.7644451141713254,9.10542031847626,25.095870912625845,19,0,15.481743061333695
2023-04-18 04:30:00,SHORT,V12_SHORT,-12.790283132954416,3.2097168670455845,-79.93449059386884,TIGHT_TS,6,False,81.05923663487717,60.0,1.1526620039648037,False,True,-1.4169476051794048,14.693093945177997,0.6115813336713704,8.460914120559549,14.995459887399967,4,1,16.2485561358135
2023-04-18 06:45:00,SHORT,V12_SHORT,-25.288440690717856,12.711559309282142,-27.596667404641583,TRAILING_STOP,3,False,81.55337515920581,51.0,0.955694043689578,False,True,-0.5922361741684445,19.971502869113326,1.0488485365454185,16.29730288907735,72.20037692194916,6,1,22.781886734555567
2023-04-26 12:45:00,SHORT,BULL_SHORT,66.30345614699571,104.30345614699571,0.0,TRAILING_STOP,3,True,90.41331570140875,100.0,2.232218864233812,True,False,7.8728009385185125,73.05900662740348,2.7868362816822714,73.93130536702505,325.7338357931969,12,2,69.67023688948453
2023-04-26 19:15:00,LONG,V12_LONG,-180.35194807740703,0.0,-633.5322640164284,TIME_EXIT,10,False,14.482277234349937,74.5,3.256680338118803,True,False,3.5499044929949584,29.447663491387004,1.317460180604142,21.90665281637716,-70.22409719063361,19,2,197.6674443686314
2023-04-30 05:15:00,SHORT,V12_SHORT,-13.67076921393158,2.32923078606842,-15.169072740407463,TIGHT_TS,6,False,89.7480993986174,0.5,0.041460617842642704,False,True,-0.1520574249083227,9.229627785608068,1.2517380778492442,4.072004022863335,21.29762662045649,5,6,10.903950493055238
2023-05-04 14:00:00,LONG,V12_LONG,25.165656320022542,53.16565632002254,-8.257629709402455,TRAILING_STOP,2,True,18.97448224384189,74.0,0.8593708980333417,True,False,0.30752110501012664,48.97505214177177,1.0273907575870422,32.33857791349958,-137.17387256429978,14,3,30.418092442374693
2023-05-06 04:00:00,LONG,V12_LONG,-13.84360381011162,14.15639618988838,-10.028581627787348,TRAILING_STOP,1,False,19.681845923650982,48.5,0.9307284587567513,True,False,0.779738117426977,23.764251651323043,1.5651324904851789,10.896731682602276,-86.80325720754392,4,5,23.53841164554094
2023-05-07 07:00:00,SHORT,V12_SHORT,40.23098201936341,56.23098201936341,-13.841632088519653,TIGHT_TS,8,True,80.15720243824182,0.5,0.47002062888493407,False,True,-0.7565551332191455,16.89636415705496,0.6477685499312716,9.848336664982096,33.26661734680387,7,6,7.29252859871077
2023-05-07 14:45:00,SHORT,V12_SHORT,66.18425371595295,82.18425371595295,0.0,TIGHT_TS,6,True,82.20160366552135,51.0,0.30638413276414167,False,True,-0.2009473266947387,23.364795998959462,2.7042448945574726,12.056202027256267,40.263066805122776,14,6,34.03945023206615
2023-05-17 17:15:00,SHORT,V12_SHORT,-189.24553762075985,0.0,-208.7046175334472,TIME_EXIT,10,False,81.5028631529737,80.5,0.5557474347163199,False,True,-0.5849169857205484,30.31100428246055,1.0325277901973247,12.671176822453846,49.78198909142632,17,2,20.267246672426015
2023-05-18 21:30:00,SHORT,V12_SHORT,51.607357327883776,67.60735732788378,0.0,TIGHT_TS,7,True,83.0485703437595,79.0,0.4456438004539985,False,True,-0.2957490674561069,30.077088625846038,1.2620032261507907,24.524227099166364,72.74026754514503,21,3,94.02211775320272
2023-05-22 05:15:00,SHORT,V12_SHORT,-59.88284706562494,0.0,-62.9167387988801,TIME_EXIT,10,False,80.02167090120875,47.0,0.5152455219700016,False,True,-0.677157428150295,11.648333788795174,1.319871017167404,8.386417220277291,30.63077328912554,5,0,11.10493339470363
2023-05-25 04:45:00,SHORT,V12_SHORT,-12.190569160999374,3.8094308390006257,-28.831938512202033,TIGHT_TS,6,False,83.14754946333888,59.0,1.3916900226976594,False,True,-2.324186084452477,21.910040103919464,1.0144025827879484,6.892931216529035,50.250871082810484,4,3,12.171875113205019
2023-05-25 19:00:00,SHORT,V12_SHORT,6.428549139732681,44.42854913973268,0.0,TRAILING_STOP,3,True,82.47897964986339,61.5,0.6897834167236274,False,True,-0.08474053017115059,21.003464089230352,0.5957467531133802,14.502724939104846,41.388374172831824,19,3,98.67064836512425
2023-05-29 03:45:00,LONG,V12_LONG,16.91720011346697,32.91720011346697,-36.12592957464896,TIGHT_TS,7,True,10.744356182766523,76.0,2.0664486749064586,True,False,3.061097062341834,17.403174569895064,1.1360367308499995,8.388771956429983,-36.385888362688135,3,0,61.763570654112144
2023-06-02 03:45:00,SHORT,V12_SHORT,-19.255562497940947,18.744437502059053,-44.440724281213825,TRAILING_STOP,2,False,80.52136896232024,61.0,0.5970302425418831,False,True,-0.04831238858985015,20.19565585870965,0.38428712086941347,11.571087665326635,43.40880237775541,3,4,31.422222222222278
2023-06-05 17:00:00,LONG,BEAR_LONG,7.367984620179925,35.367984620179925,-47.565853903376535,TRAILING_STOP,3,True,6.660774348776073,100.0,1.300422087114635,False,True,-4.851087903006442,93.50375960936461,0.8103159812016036,52.38076545707331,-366.4863815698622,17,0,42.215911235307594
2023-06-05 18:15:00,LONG,BEAR_LONG,-3.753717551835244,12.246282448164756,-101.60398618248114,TIGHT_TS,6,False,9.271799072184464,100.0,1.6934013570872395,False,True,-4.9094293327105385,86.13655895405596,0.34569528173231817,26.53471181652596,-103.12782490301814,18,0,47.1916595837593
2023-06-06 16:15:00,SHORT,V12_SHORT,-11.969947363823081,26.03005263617692,-72.10053712019857,TRAILING_STOP,1,False,85.5608191669985,88.5,1.4927653214288907,False,True,-0.5604032951656804,56.30162073056275,1.0834168059388576,27.31010446554938,161.35099008362008,16,1,46.013258807699444
2023-06-07 09:45:00,LONG,V12_LONG,165.87529543597714,181.87529543597714,-10.6621239373736,TIGHT_TS,6,True,18.988645055009556,53.5,0.9490140726037781,True,False,0.6924086702401983,25.596877355233556,1.800057613387712,13.141978890787204,-41.18855528208265,9,2,114.44038196379293
2023-06-10 17:30:00,SHORT,V12_SHORT,260.98024141223726,298.98024141223726,0.0,TRAILING_STOP,2,True,81.72115895800086,85.5,1.4718091410533767,False,True,-0.5603860153836555,36.65507440781709,2.4913062979325358,23.473235084169918,63.38244979559825,17,5,126.08499547237182
2023-06-15 18:45:00,SHORT,V12_SHORT,50.84529363366761,66.84529363366761,-43.336010243414556,TIGHT_TS,6,True,88.02187065499233,77.5,1.330296266887296,False,True,-0.5444973884693364,25.507137847342904,0.980850696408304,12.247623724572529,69.5956485221767,18,3,86.94771990671988
2023-06-20 18:00:00,SHORT,BULL_SHORT,-2.528355860687718,35.47164413931228,-62.21840806693842,TRAILING_STOP,2,False,97.32887888700702,95.5,1.0281280456328703,True,False,4.858891229432198,66.16331354499246,2.6652067239008206,35.306140134991196,345.20746986803886,18,1,79.38207845881485
2023-06-23 16:00:00,SHORT,BULL_SHORT,143.14460624582674,181.14460624582674,0.0,TRAILING_STOP,2,True,93.10245513427733,92.0,1.3623353513343,True,False,4.300547611329624,84.83808141937921,2.4955633891487032,44.87890411983774,367.8499074666573,16,4,120.8948308026864
2023-06-24 15:45:00,LONG,V12_LONG,5.317192302833419,33.31719230283342,0.0,TRAILING_STOP,2,True,17.686009896535836,61.0,0.9626762629529378,True,False,0.06203088768816294,34.20530957556275,3.8144123076326593,18.586938459730263,-64.06884854658261,15,5,46.49539404797116
2023-06-26 13:30:00,SHORT,V12_SHORT,37.39222850336,75.39222850336,-57.76342839000972,TRAILING_STOP,4,True,82.22734118897928,32.0,0.2719561105221828,False,True,-0.11914667121967475,20.71686569082895,1.1506374569101971,13.376301830080179,39.355461498477766,13,0,53.863791482220016
2023-06-27 02:30:00,SHORT,V12_SHORT,12.947099389532983,28.947099389532983,-20.706084380499398,TIGHT_TS,6,True,81.96275823734598,5.0,0.27205982805237444,False,True,-0.07688700159674099,21.008363402413625,0.701179036581177,7.5278302533312464,51.7497273154384,2,1,12.905554417817948
2023-07-14 06:45:00,LONG,V12_LONG,-22.097385784255927,5.902614215744073,-42.57424287068422,TRAILING_STOP,2,False,17.228695947825912,32.0,1.3459866373346103,True,False,1.701731242770916,14.779230570001024,1.4013271655062043,6.8988314310201595,-46.45501636635214,6,4,12.207897295152035
2023-07-17 22:15:00,SHORT,V12_SHORT,22.778972443346234,38.778972443346234,0.0,TIGHT_TS,6,True,81.66376519206631,90.0,0.48008861414276627,False,True,-0.1701975389884829,30.391055517138977,1.211398994726274,20.526549741401624,100.83190588799093,22,0,19.64452387781698
2023-08-06 05:15:00,SHORT,V12_SHORT,-0.7715352148797319,15.228464785120268,-5.242304468918463,TIGHT_TS,6,False,80.38457028960006,7.5,0.12808537470814632,False,True,-0.06185991904667197,2.376867532410592,0.886246266894197,2.0127379197528477,4.286415091483357,5,6,3.169445718256738
2023-08-09 16:45:00,LONG,V12_LONG,-2.7267428602793977,25.273257139720602,-14.911865487586287,TRAILING_STOP,1,False,19.108027478993904,77.5,0.7158730426891315,True,False,0.009095164568392286,27.720215331738977,1.170629882050592,18.460078564965695,-72.59147308717398,16,2,51.02763420843757
2023-08-17 21:30:00,LONG,BEAR_LONG,492.8829601397491,520.8829601397491,0.0,TRAILING_STOP,1,True,4.87124783575743,100.0,2.520883450805729,False,True,-12.52975421398542,36.71052985540603,0.9584906347021681,18.181621474142293,-94.86723991239201,21,3,1003.6838956312952
2023-08-19 15:45:00,SHORT,V12_SHORT,-0.5190866192077266,37.48091338079227,-24.79019499916334,TRAILING_STOP,3,False,80.74480739317434,35.0,2.2158327940261096,False,True,-0.9006103432914855,22.688580869761033,0.7145650436936078,16.953202055847807,37.845644304090136,15,5,64.95267586486368
2023-08-29 16:15:00,SHORT,BULL_SHORT,-15.744780540101829,22.25521945989817,-45.48148456037441,TRAILING_STOP,1,False,90.71428883538623,100.0,1.0738060697512821,True,False,6.851444174202181,133.118428448085,0.75347478473069,114.14790819185936,608.8745585751581,16,1,193.01234123762092
2023-08-30 03:15:00,LONG,V12_LONG,33.622609212167745,49.622609212167745,0.0,TIGHT_TS,10,True,13.309001483332366,78.5,2.6072180437449726,True,False,3.283181005743259,32.2349679981681,0.705197708550786,17.821403038953886,-89.9637393636432,3,2,42.95115353272475
2023-09-01 20:45:00,SHORT,V12_SHORT,0.17745072860628497,16.177450728606285,-33.421759718691376,TIGHT_TS,6,True,80.50784628691447,80.5,1.91917754411149,False,True,-2.7659111497014544,45.31916678285162,2.1876423406391954,24.038096790783012,119.12821412466464,20,4,19.31207427506107
2023-09-06 00:00:00,SHORT,V12_SHORT,-4.80706921943996,11.19293078056004,-10.38679172157169,TIGHT_TS,8,False,81.18484474834658,5.0,0.20679855428821003,False,True,-0.09055891694089671,8.332910597998108,1.1669686841724223,4.0782712079177195,18.711206874784953,0,2,18.235013473756222
2023-09-18 17:45:00,LONG,V12_LONG,2.810359156487749,30.81035915648775,-16.722420524594476,TRAILING_STOP,1,True,17.945346980936918,95.0,1.1074006985303115,True,False,0.391898071241155,41.1246985286017,3.8062892575748544,37.61528672071579,-175.77578311045934,17,0,38.68015869664645
2023-09-21 17:00:00,SHORT,V12_SHORT,26.86464191975992,42.86464191975992,-9.97375328083935,TIGHT_TS,8,True,83.01813871998304,52.0,0.7511652365830026,False,True,-1.3676132596408164,19.69167643783634,0.5002699210243722,7.622793227767446,8.519949595632205,17,3,38.1664935007478
2023-10-04 09:45:00,SHORT,V12_SHORT,23.71406452621609,39.71406452621609,0.0,TIGHT_TS,6,True,86.9264562316956,11.0,0.21297982655297024,False,True,-0.0874025494407763,16.221478591532964,1.1001944048519454,8.584628558311183,60.29574460867379,9,2,21.248642779587087
2023-10-06 03:30:00,SHORT,V12_SHORT,16.40448693137457,32.40448693137457,0.0,TIGHT_TS,8,True,80.03184342355664,30.0,0.16573041485784115,False,True,-0.047773891893318175,15.6364603683089,0.3751259164886774,7.467321936649259,21.579328952714896,3,4,10.309368103206225
2023-10-07 01:30:00,LONG,V12_LONG,5.700391152149972,21.700391152149972,-4.518673417900252,TIGHT_TS,7,True,15.779944289693134,52.5,0.6271976394958497,True,False,0.7353059941266001,17.804468089506944,0.834427848391245,8.123493959239433,-12.916301862604392,1,5,11.307438235852734
2023-10-11 17:30:00,LONG,BEAR_LONG,-2.6369774159778423,25.363022584022158,-12.014656528471768,TRAILING_STOP,3,False,9.758656873032066,98.0,1.1598131812170962,False,True,-2.795536640552798,44.397076562033924,0.5926065996256893,28.83979463152295,-145.02026412254733,17,2,28.37231144923469
2023-10-16 13:15:00,SHORT,BULL_SHORT,507.68737762324747,545.6873776232475,0.0,TRAILING_STOP,1,True,93.29919191247374,100.0,1.5447852081824607,True,False,8.22066629732589,21.5435492754742,2.4419413261549034,14.225012452812429,57.16594472530278,13,0,495.1154991062217
2023-10-16 16:45:00,LONG,V12_LONG,26.695955568214544,54.69595556821454,0.0,TRAILING_STOP,1,True,18.77663637825671,94.0,1.8678183565992066,True,False,3.305109649891222,50.9185491580511,0.4770474559863359,18.731581442977685,-40.15224244211795,16,0,20.777563649090084
2023-10-23 22:30:00,SHORT,BULL_SHORT,394.30665605290636,432.30665605290636,0.0,TRAILING_STOP,1,True,90.65440496076326,100.0,2.239917528105067,True,False,12.005914271261014,68.45394930952469,2.3629282110774494,45.336638007816894,229.3300225897224,22,0,797.9068554194603
2023-10-26 20:15:00,SHORT,V12_SHORT,14.511341413720306,30.511341413720306,-8.193889482244698,TIGHT_TS,6,True,85.27566229434991,11.5,0.2778815948814384,False,True,-0.324634055975835,28.896767728835663,1.6186215011187175,14.784510623795837,60.06811982277398,20,3,29.803399366135814
2023-10-27 21:45:00,SHORT,V12_SHORT,-0.3586314910718045,15.641368508928196,-29.952939959662995,TIGHT_TS,6,False,84.06088601769373,24.0,0.40510949848845695,False,True,-1.0470080260636596,20.46973265631414,0.6425273052525267,11.274919523039603,52.22403803298233,21,4,7.284332774326481
2023-10-28 02:45:00,SHORT,V12_SHORT,9.231466883332125,25.231466883332125,-0.7773004794334961,TIGHT_TS,6,True,81.76271014786333,4.5,0.2858123681839392,False,True,-0.09624297188227633,8.404760959851922,0.88008200759885,4.88296855251274,0.8522057088934353,2,5,68.55203586728376
2023-10-30 02:15:00,LONG,V12_LONG,-5.697734831321181,22.30226516867882,-1.307776805703542,TRAILING_STOP,3,False,13.237573798608693,76.5,0.6095846188860103,True,False,0.13367385269463483,22.80634864518753,3.856209015759815,13.319933651213072,-61.48429482918437,2,0,24.745589245405213
2023-11-02 06:00:00,LONG,V12_LONG,8.490522568761172,36.49052256876117,0.0,TRAILING_STOP,1,True,14.805944917940721,76.5,1.367807629347556,True,False,1.4589294277299603,31.767917371204753,0.9439130970023984,15.810802398882217,-109.85274662776243,6,3,40.552299144864
2023-11-03 14:30:00,SHORT,V12_SHORT,-21.485961772174026,16.514038227825974,-30.98145257906197,TRAILING_STOP,2,False,80.49949981027255,42.0,0.6175956397586574,False,True,-0.3533546028789802,37.04334798337021,1.3377599672090175,27.00657278485636,155.16334692583538,14,4,45.014224183961716
2023-11-03 15:30:00,SHORT,V12_SHORT,65.57285299629535,81.57285299629535,-15.309650112802814,TIGHT_TS,6,True,82.59889552575217,49.0,0.5046946704317465,False,True,-0.27273958328707015,36.47945704999644,1.2212853816907696,26.36476590063068,124.46084766780491,15,4,27.10179090981348
2023-11-09 14:30:00,SHORT,BULL_SHORT,-18.100542948910594,19.899457051089406,-77.71351045212472,TRAILING_STOP,1,False,90.18025116174371,73.0,2.1637835841348,True,False,5.592408033138491,51.44338080911181,1.6045491565282557,43.882118497368445,188.3625740677368,14,3,55.401581181031666
2023-11-14 07:30:00,SHORT,V12_SHORT,23.730845536624308,39.73084553662431,-17.63664583657717,TIGHT_TS,7,True,85.7886266094416,37.0,0.5646681195044089,False,True,-0.5754453644672711,15.204199080675696,0.7341664812806857,7.109238187344755,40.50053780793783,7,1,13.634393240874836
2023-11-15 11:15:00,SHORT,V12_SHORT,-28.285306235401514,9.714693764598488,-53.629864638431194,TRAILING_STOP,3,False,82.10617177384528,52.0,1.1195241726717198,False,True,-0.16964839649153457,23.637561311454142,1.1805237953543686,17.999179290924967,45.398273530115425,11,2,69.73626009067787
2023-11-23 15:45:00,LONG,V12_LONG,31.440334234159494,59.440334234159494,0.0,TRAILING_STOP,2,True,17.1904935127922,55.50000000000001,0.5200418311565597,True,False,0.11448916215421519,32.91160169234619,2.254908879552517,12.45722858701098,-72.61835822323526,15,3,48.34736710495518
2023-11-28 00:15:00,SHORT,V12_SHORT,24.92762120810464,40.92762120810464,-18.24519873075067,TIGHT_TS,6,True,86.35071090047408,37.5,0.6053551091729938,False,True,-0.28329258171355143,18.306407496780565,1.008958850761053,12.852868302740276,45.67270496210253,0,1,23.32091053762849
2023-11-29 00:00:00,LONG,V12_LONG,91.7273976775459,107.7273976775459,0.0,TIGHT_TS,6,True,18.771103997991673,64.0,0.8601732453934388,True,False,1.0219888987460497,28.29778215581906,0.8668867471936407,14.014266663251862,-43.816938706040595,0,2,40.37389367146739
2023-12-05 17:15:00,SHORT,BULL_SHORT,60.04096419371466,98.04096419371466,0.0,TRAILING_STOP,2,True,92.14086520641753,100.0,1.7763140476980188,True,False,5.895937491547317,66.6287525346316,2.6733475851261845,42.51542920265303,231.78650993032187,17,1,251.1456557001081
2023-12-11 23:30:00,SHORT,V12_SHORT,-9.03726122569444,28.96273877430556,-106.31051610627102,TRAILING_STOP,2,False,80.83934527965259,69.5,2.6846130101844516,False,True,-3.791147347009014,36.38093379333357,0.7608356116647156,14.655387645577692,22.61146070668601,23,0,27.136973066427036
2023-12-15 06:00:00,LONG,V12_LONG,20.505526064795852,36.50552606479585,-12.763201415617994,TIGHT_TS,7,True,18.978598328282146,28.499999999999996,0.6787729511709405,True,False,0.4437285406554684,23.32220376293533,0.8643927821578645,11.87532694479953,-43.253885322386985,6,4,14.596573068311637
2023-12-16 04:00:00,SHORT,V12_SHORT,9.484704568172223,25.484704568172223,-1.3118170131074474,TIGHT_TS,6,True,83.01272931949488,20.5,0.48505228902621644,False,True,-0.6942396686259,20.14103596255544,2.983403697569761,11.673568760914945,55.2836699520962,4,5,22.30561649135875
2023-12-19 14:00:00,LONG,V12_LONG,2.0290859112458435,30.029085911245843,0.0,TRAILING_STOP,1,True,17.950311236114572,38.0,1.3890593814312095,True,False,1.5289469271817673,25.06701786651262,1.266379628604501,14.505490240610486,-58.64833289689982,14,1,83.19647130589803
2023-12-25 05:45:00,SHORT,V12_SHORT,-3.7145103843835017,12.285489615616498,-22.46403626439645,TIGHT_TS,6,False,86.46592781527227,24.0,0.6165310474275473,False,True,-0.7614946373307958,10.525824439241992,1.0239885170305838,5.854936325062498,13.388212714187796,5,0,17.338914843425034
2023-12-29 11:15:00,SHORT,V12_SHORT,7.972796138589022,23.972796138589022,-18.02918553166076,TIGHT_TS,6,True,81.44469770975817,25.0,0.3673537679184588,False,True,-0.0754131722404823,23.535180520796963,0.8069860693237808,12.402933428397567,63.730079052798,11,4,44.44289910050025
2023-12-30 02:15:00,SHORT,V12_SHORT,35.04149788566568,73.04149788566568,0.0,TRAILING_STOP,2,True,80.45750007775275,1.0,0.8278686627332247,False,True,-1.1086288905062334,18.070001402186207,0.5676444123607572,9.549611791164471,13.756642685053855,2,5,19.21346038241055
2023-12-30 12:15:00,SHORT,V12_SHORT,7.390140365069428,45.39014036506943,0.0,TRAILING_STOP,5,True,85.76665240336598,18.5,0.8732671011298694,False,True,-0.6680569699474276,21.273053668241403,1.32990114290702,13.866343870096378,77.37624514014956,12,5,26.812474050815297
