signal_time,entry_time,exit_time,direction,entry_price,gross_profit_bps,net_profit_bps,mfe_bps,mae_bps,exit_bar,exit_reason,strategy
2024-01-01 00:30:00,2024-01-01 00:45:00,2024-01-01 01:45:00,LONG,42441.32,58.62149433617999,50.62149433617999,78.62149433617999,-2.2784399731201233,4,TRAILING_STOP,Candlestick Patterns
2024-01-01 04:00:00,2024-01-01 04:15:00,2024-01-01 06:15:00,SHORT,42287.5,-4.760863139224785,-12.760863139224785,25.239136860775215,-28.022465267514043,8,TRAILING_STOP,Candlestick Patterns
2024-01-01 07:45:00,2024-01-01 08:00:00,2024-01-01 10:30:00,LONG,42492.46,51.665636680013556,43.665636680013556,52.87526304666764,-7.3801328518049045,10,TIME_EXIT,Candlestick Patterns
2024-01-01 12:45:00,2024-01-01 13:00:00,2024-01-01 15:30:00,SHORT,42648.37,-13.968906666303397,-21.968906666303397,16.031093333696603,-46.590291727444,10,TRAILING_STOP,Candlestick Patterns
2024-01-01 22:15:00,2024-01-01 22:30:00,2024-01-02 00:15:00,LONG,43471.11,295.81664236316936,287.81664236316936,315.81664236316936,-5.534710293801487,7,TRAILING_STOP,Candlestick Patterns
2024-01-02 04:15:00,2024-01-02 04:30:00,2024-01-02 07:00:00,LONG,45362.27,-5.063679573353337,-13.063679573353337,7.711254308923078,-52.97574393873977,10,TIME_EXIT,Candlestick Patterns
2024-01-02 07:30:00,2024-01-02 07:45:00,2024-01-02 08:15:00,LONG,45526.41,51.042280733313476,43.042280733313476,71.04228073331348,-43.88881091217272,2,TRAILING_STOP,Candlestick Patterns
2024-01-02 11:00:00,2024-01-02 11:15:00,2024-01-02 11:45:00,SHORT,45560.0,49.016681299385425,41.016681299385425,79.01668129938543,0.0,2,TRAILING_STOP,Candlestick Patterns
2024-01-02 14:00:00,2024-01-02 14:15:00,2024-01-02 16:45:00,LONG,45768.78,-89.78609436388787,-97.78609436388787,0.0,-204.38604655837386,10,TIME_EXIT,Candlestick Patterns
2024-01-02 18:30:00,2024-01-02 18:45:00,2024-01-02 19:30:00,SHORT,45077.88,33.64984333779634,25.64984333779634,63.64984333779634,-36.629939118699156,3,TRAILING_STOP,Candlestick Patterns
2024-01-02 21:15:00,2024-01-02 21:30:00,2024-01-02 23:45:00,SHORT,44805.12,-29.305882899097117,-37.305882899097114,0.6941171009028838,-109.84012541423824,9,TRAILING_STOP,Candlestick Patterns
2024-01-03 02:00:00,2024-01-03 02:15:00,2024-01-03 04:45:00,SHORT,45274.51,20.112862624025073,12.112862624025073,35.101429038106765,-17.59268073801383,10,TIME_EXIT,Candlestick Patterns
2024-01-03 07:30:00,2024-01-03 07:45:00,2024-01-03 08:15:00,SHORT,45150.27,3.0385621171253803,-4.96143788287462,33.03856211712538,-5.6278733216885515,2,TRAILING_STOP,Candlestick Patterns
2024-01-03 12:45:00,2024-01-03 13:00:00,2024-01-03 15:30:00,LONG,42789.39,-91.19316727814983,-99.19316727814983,0.0,-172.79750891517722,10,TIME_EXIT,Candlestick Patterns
2024-01-03 15:45:00,2024-01-03 16:00:00,2024-01-03 16:30:00,LONG,43000.01,87.37206805300674,79.37206805300674,107.37206805300674,-49.34184899026896,2,TRAILING_STOP,Candlestick Patterns
2024-01-03 20:45:00,2024-01-03 21:00:00,2024-01-03 22:15:00,LONG,42721.02,37.407337184364984,29.407337184364984,57.407337184364984,-21.897885396930047,5,TRAILING_STOP,Candlestick Patterns
2024-01-04 02:30:00,2024-01-04 02:45:00,2024-01-04 03:15:00,LONG,42944.56,44.268908564903214,36.268908564903214,64.26890856490321,0.0,2,TRAILING_STOP,Candlestick Patterns
2024-01-04 05:15:00,2024-01-04 05:30:00,2024-01-04 07:30:00,SHORT,43088.04,33.022128646372146,25.022128646372146,63.022128646372146,-40.2896024047505,8,TRAILING_STOP,Candlestick Patterns
2024-01-04 09:00:00,2024-01-04 09:15:00,2024-01-04 10:15:00,SHORT,42871.12,29.443280231541365,21.443280231541365,59.443280231541365,-49.74444334554235,4,TRAILING_STOP,Candlestick Patterns
2024-01-04 12:15:00,2024-01-04 12:30:00,2024-01-04 13:30:00,SHORT,43171.11,-29.110516268865037,-37.11051626886504,0.8894837311349612,-49.62114710508976,4,TRAILING_STOP,Candlestick Patterns
2024-01-04 16:30:00,2024-01-04 16:45:00,2024-01-04 17:15:00,LONG,43938.57,45.359432498599816,37.359432498599816,65.35943249859982,-22.078551941950327,2,TRAILING_STOP,Candlestick Patterns
2024-01-04 22:45:00,2024-01-04 23:00:00,2024-01-04 23:30:00,LONG,44318.01,-12.073200037637662,-20.073200037637662,7.926799962362339,-45.55033044128168,2,TRAILING_STOP,Candlestick Patterns
2024-01-05 04:15:00,2024-01-05 04:30:00,2024-01-05 06:15:00,LONG,43383.33,61.03803926531221,53.03803926531221,81.03803926531221,0.0,7,TRAILING_STOP,Candlestick Patterns
2024-01-05 07:15:00,2024-01-05 07:30:00,2024-01-05 08:30:00,LONG,43874.99,-3.3618195696454833,-11.361819569645483,16.638180430354517,-36.252999715782884,4,TRAILING_STOP,Candlestick Patterns
2024-01-05 10:00:00,2024-01-05 10:15:00,2024-01-05 10:45:00,SHORT,44007.85,100.62442268822463,92.62442268822463,130.62442268822463,0.0,2,TRAILING_STOP,Candlestick Patterns
2024-01-05 16:15:00,2024-01-05 16:30:00,2024-01-05 17:00:00,SHORT,43384.24,35.41084965415986,27.41084965415986,65.41084965415986,-20.38758775076027,2,TRAILING_STOP,Candlestick Patterns
2024-01-05 19:00:00,2024-01-05 19:15:00,2024-01-05 19:45:00,LONG,43599.98,27.72708611334145,19.72708611334145,47.72708611334145,-18.30964142644142,2,TRAILING_STOP,Candlestick Patterns
2024-01-06 00:45:00,2024-01-06 01:00:00,2024-01-06 03:30:00,LONG,44068.79,-19.258527406811627,-27.258527406811627,0.0,-58.156804396036485,10,TIME_EXIT,Candlestick Patterns
2024-01-06 07:15:00,2024-01-06 07:30:00,2024-01-06 08:00:00,LONG,43605.99,-5.774890101107935,-13.774890101107935,14.225109898892065,-12.54644144072847,2,TRAILING_STOP,Candlestick Patterns
2024-01-06 10:15:00,2024-01-06 10:30:00,2024-01-06 12:30:00,LONG,43700.0,-8.558352402745996,-16.558352402745996,11.441647597254004,-19.21739130434856,8,TRAILING_STOP,Candlestick Patterns
2024-01-06 14:45:00,2024-01-06 15:00:00,2024-01-06 16:00:00,SHORT,43828.2,-23.631953856193906,-31.631953856193906,6.368046143806093,-34.35687525383241,4,TRAILING_STOP,Candlestick Patterns
2024-01-06 18:00:00,2024-01-06 18:15:00,2024-01-06 20:00:00,SHORT,43904.62,36.8335131929169,28.833513192916897,66.8335131929169,-55.565906275922465,7,TRAILING_STOP,Candlestick Patterns
2024-01-06 21:00:00,2024-01-06 21:15:00,2024-01-06 22:15:00,LONG,43834.22,3.0390776886181534,-4.960922311381847,23.039077688618153,-11.58227521785584,4,TRAILING_STOP,Candlestick Patterns
2024-01-07 00:45:00,2024-01-07 01:00:00,2024-01-07 03:00:00,SHORT,44119.11,34.758785931991625,26.758785931991625,64.75878593199162,-9.26809267004693,8,TRAILING_STOP,Candlestick Patterns
2024-01-07 05:30:00,2024-01-07 05:45:00,2024-01-07 06:15:00,LONG,43962.71,8.501427687238323,0.5014276872383228,28.501427687238323,-23.817912953955553,2,TRAILING_STOP,Candlestick Patterns
2024-01-07 09:15:00,2024-01-07 09:30:00,2024-01-07 11:15:00,SHORT,43973.72,-8.835086046848048,-16.835086046848048,21.164913953151952,-24.926251406522027,7,TRAILING_STOP,Candlestick Patterns
2024-01-07 15:45:00,2024-01-07 16:00:00,2024-01-07 16:45:00,LONG,44047.57,11.200359066345836,3.200359066345836,31.200359066345836,-43.2328048970693,3,TRAILING_STOP,Candlestick Patterns
2024-01-07 22:30:00,2024-01-07 22:45:00,2024-01-07 23:15:00,LONG,43978.45,-9.417544274525165,-17.417544274525163,10.582455725474835,-56.209347987479575,2,TRAILING_STOP,Candlestick Patterns
2024-01-08 01:15:00,2024-01-08 01:30:00,2024-01-08 02:00:00,LONG,43788.74,-17.412576840529837,-25.412576840529837,2.587423159470162,-26.865353969993066,2,TRAILING_STOP,Candlestick Patterns
2024-01-08 07:45:00,2024-01-08 08:00:00,2024-01-08 08:30:00,LONG,43974.55,1.5715681001853525,-6.4284318998146475,21.571568100185353,-16.552756082779897,2,TRAILING_STOP,Candlestick Patterns
2024-01-08 11:15:00,2024-01-08 11:30:00,2024-01-08 12:15:00,LONG,44196.7,207.0078987797738,199.0078987797738,227.0078987797738,0.0,3,TRAILING_STOP,Candlestick Patterns
2024-01-08 14:45:00,2024-01-08 15:00:00,2024-01-08 15:30:00,SHORT,44783.9,-11.265588749527964,-19.265588749527964,18.734411250472036,-122.61102762376625,2,TRAILING_STOP,Candlestick Patterns
2024-01-08 18:45:00,2024-01-08 19:00:00,2024-01-08 19:15:00,LONG,46970.02,30.80900540387283,22.80900540387283,50.80900540387283,-91.54988650206978,1,TRAILING_STOP,Candlestick Patterns
2024-01-08 23:15:00,2024-01-08 23:30:00,2024-01-09 00:00:00,SHORT,46963.69,-8.155464359805674,-16.155464359805674,21.844535640194326,-29.024550668824716,2,TRAILING_STOP,Candlestick Patterns
2024-01-09 02:15:00,2024-01-09 02:30:00,2024-01-09 03:30:00,LONG,46684.98,41.99852714941616,33.99852714941616,61.99852714941616,-1.2702158167359805,4,TRAILING_STOP,Candlestick Patterns
2024-01-09 05:45:00,2024-01-09 06:00:00,2024-01-09 06:30:00,LONG,46714.66,4.690322053076379,-3.309677946923621,24.69032205307638,-4.465407647192675,2,TRAILING_STOP,Candlestick Patterns
2024-01-09 09:15:00,2024-01-09 09:30:00,2024-01-09 10:15:00,SHORT,46532.22,-14.694476214545285,-22.694476214545283,15.305523785454715,-31.758639497535004,3,TRAILING_STOP,Candlestick Patterns
2024-01-09 13:30:00,2024-01-09 13:45:00,2024-01-09 15:00:00,SHORT,46607.89,8.31540110483477,0.3154011048347698,38.31540110483477,-85.80950564378742,5,TRAILING_STOP,Candlestick Patterns
2024-01-09 16:15:00,2024-01-09 16:30:00,2024-01-09 18:45:00,SHORT,46796.0,33.25326951021455,25.25326951021455,63.25326951021455,-30.77186084280708,9,TRAILING_STOP,Candlestick Patterns
2024-01-09 19:30:00,2024-01-09 19:45:00,2024-01-09 21:00:00,SHORT,46774.72,9.149352470736893,1.1493524707368934,39.14935247073689,-246.86625596048444,5,TRAILING_STOP,Candlestick Patterns
2024-01-09 23:15:00,2024-01-09 23:30:00,2024-01-10 00:15:00,LONG,46155.08,0.37912186480831167,-7.620878135191688,20.37912186480831,-42.619360642425306,3,TRAILING_STOP,Candlestick Patterns
2024-01-10 02:30:00,2024-01-10 02:45:00,2024-01-10 05:15:00,SHORT,45901.32,-6.6882608168996205,-14.688260816899621,2.3398019926219904,-67.67343509946934,10,TIME_EXIT,Candlestick Patterns
2024-01-10 06:00:00,2024-01-10 06:15:00,2024-01-10 07:00:00,LONG,45965.49,-1.8668309638386233,-9.866830963838623,18.133169036161377,-24.577133845413414,3,TRAILING_STOP,Candlestick Patterns
2024-01-10 10:15:00,2024-01-10 10:30:00,2024-01-10 13:00:00,LONG,45704.0,-139.59390862944161,-147.59390862944161,0.0,-307.11535095396454,10,TIME_EXIT,Candlestick Patterns
2024-01-10 13:45:00,2024-01-10 14:00:00,2024-01-10 14:15:00,SHORT,45118.0,10.786382375104573,2.786382375104573,40.78638237510457,-50.09087282237688,1,TRAILING_STOP,Candlestick Patterns
2024-01-10 17:00:00,2024-01-10 17:15:00,2024-01-10 18:00:00,LONG,45451.1,240.22692520093068,232.22692520093068,260.2269252009307,0.0,3,TRAILING_STOP,Candlestick Patterns
2024-01-10 20:00:00,2024-01-10 20:15:00,2024-01-10 20:30:00,SHORT,45548.56,90.43410373456322,82.43410373456322,120.43410373456322,-154.87866136712213,1,TRAILING_STOP,Candlestick Patterns
2024-01-11 00:00:00,2024-01-11 00:15:00,2024-01-11 00:30:00,SHORT,46505.7,0.8994381333894772,-7.100561866610523,30.899438133389477,-24.190583089814798,1,TRAILING_STOP,Candlestick Patterns
2024-01-11 02:45:00,2024-01-11 03:00:00,2024-01-11 03:15:00,SHORT,46559.0,44.48613587061641,36.48613587061641,74.48613587061641,0.0,1,TRAILING_STOP,Candlestick Patterns
2024-01-11 07:00:00,2024-01-11 07:15:00,2024-01-11 07:30:00,LONG,46100.99,-11.360272306516249,-19.36027230651625,8.639727693483751,-30.44403167914584,1,TRAILING_STOP,Candlestick Patterns
2024-01-11 10:00:00,2024-01-11 10:15:00,2024-01-11 12:45:00,SHORT,46243.4,-260.8437095888269,-268.8437095888269,0.0,-264.1393150157647,10,TIME_EXIT,Candlestick Patterns
2024-01-11 13:00:00,2024-01-11 13:15:00,2024-01-11 13:30:00,SHORT,47171.77,56.68532047875165,48.68532047875165,86.68532047875165,-6.264339879551459,1,TRAILING_STOP,Candlestick Patterns
2024-01-11 16:45:00,2024-01-11 17:00:00,2024-01-11 17:15:00,SHORT,46007.29,57.210092139746365,49.210092139746365,87.21009213974637,-56.667106452042525,1,TRAILING_STOP,Candlestick Patterns
2024-01-11 22:00:00,2024-01-11 22:15:00,2024-01-11 22:30:00,LONG,46298.5,-13.628303292763263,-21.628303292763263,6.371696707236736,-23.741589900320367,1,TRAILING_STOP,Candlestick Patterns
2024-01-12 02:15:00,2024-01-12 02:30:00,2024-01-12 03:30:00,SHORT,46056.0,-0.9071565051246395,-8.90715650512464,29.09284349487536,-42.12263331596317,4,TRAILING_STOP,Candlestick Patterns
2024-01-12 05:45:00,2024-01-12 06:00:00,2024-01-12 06:30:00,LONG,46194.01,17.232100006039303,9.232100006039303,37.2321000060393,-0.11689827317456811,2,TRAILING_STOP,Candlestick Patterns
2024-01-12 09:30:00,2024-01-12 09:45:00,2024-01-12 10:00:00,LONG,45983.59,-9.309229662146105,-17.309229662146105,10.690770337853895,-25.648280179950078,1,TRAILING_STOP,Candlestick Patterns
2024-01-12 13:00:00,2024-01-12 13:15:00,2024-01-12 13:45:00,SHORT,45844.33,29.089095641707367,21.089095641707367,59.08909564170737,-1.6730531343785051,2,TRAILING_STOP,Candlestick Patterns
2024-01-12 19:45:00,2024-01-12 20:00:00,2024-01-12 21:45:00,SHORT,43472.56,29.538706715223228,21.538706715223228,59.53870671522323,-116.97953835706959,7,TRAILING_STOP,Candlestick Patterns
2024-01-13 01:30:00,2024-01-13 01:45:00,2024-01-13 02:15:00,LONG,42823.34,-12.89873232680975,-20.89873232680975,7.10126767319025,-56.35478222856846,2,TRAILING_STOP,Candlestick Patterns
2024-01-13 05:00:00,2024-01-13 05:15:00,2024-01-13 06:00:00,LONG,42874.21,43.27813387115539,35.27813387115539,63.27813387115539,0.0,3,TRAILING_STOP,Candlestick Patterns
2024-01-13 09:15:00,2024-01-13 09:30:00,2024-01-13 09:45:00,LONG,43004.0,-13.021579387963437,-21.021579387963435,6.9784206120365635,-42.94716770533028,1,TRAILING_STOP,Candlestick Patterns
2024-01-13 12:00:00,2024-01-13 12:15:00,2024-01-13 14:45:00,SHORT,42547.99,-72.60742516861556,-80.60742516861556,0.0,-97.09271812840056,10,TIME_EXIT,Candlestick Patterns
2024-01-13 18:00:00,2024-01-13 18:15:00,2024-01-13 19:45:00,LONG,42844.59,15.488727981759872,7.488727981759872,35.48872798175987,-19.47503757183697,6,TRAILING_STOP,Candlestick Patterns
2024-01-13 21:45:00,2024-01-13 22:00:00,2024-01-13 22:15:00,LONG,42963.45,-5.441113318412997,-13.441113318412997,14.558886681587003,-14.768367065493367,1,TRAILING_STOP,Candlestick Patterns
2024-01-14 00:45:00,2024-01-14 01:00:00,2024-01-14 03:30:00,SHORT,42687.36,-5.563707851691929,-13.56370785169193,10.162258804479213,-35.724860942442916,10,TIME_EXIT,Candlestick Patterns
2024-01-14 03:30:00,2024-01-14 03:45:00,2024-01-14 06:15:00,LONG,42711.11,42.59781588443904,34.59781588443904,42.60015719563296,-34.780177803855466,10,TIME_EXIT,Candlestick Patterns
2024-01-14 06:30:00,2024-01-14 06:45:00,2024-01-14 09:15:00,SHORT,42853.53,-7.765988006121979,-15.76598800612198,1.7781498980353179,-48.1803949406271,10,TIME_EXIT,Candlestick Patterns
2024-01-14 10:30:00,2024-01-14 10:45:00,2024-01-14 13:15:00,LONG,42983.93,-41.8947267036778,-49.8947267036778,0.0,-63.72846782506865,10,TIME_EXIT,Candlestick Patterns
2024-01-14 15:45:00,2024-01-14 16:00:00,2024-01-14 17:30:00,SHORT,42904.39,-18.889248862412856,-26.889248862412856,11.110751137587144,-24.810980880976768,6,TRAILING_STOP,Candlestick Patterns
2024-01-14 18:30:00,2024-01-14 18:45:00,2024-01-14 20:00:00,SHORT,42868.01,129.63652149936556,121.63652149936556,159.63652149936556,-14.59130013266201,5,TRAILING_STOP,Candlestick Patterns
2024-01-15 04:45:00,2024-01-15 05:00:00,2024-01-15 05:15:00,LONG,42591.76,26.802480104131995,18.802480104131995,46.802480104131995,0.0,1,TRAILING_STOP,Candlestick Patterns
2024-01-15 07:30:00,2024-01-15 07:45:00,2024-01-15 08:15:00,LONG,42624.3,9.36587814931817,1.3658781493181706,29.36587814931817,0.0,2,TRAILING_STOP,Candlestick Patterns
2024-01-15 14:00:00,2024-01-15 14:15:00,2024-01-15 14:30:00,SHORT,42626.47,57.47381615226469,49.47381615226469,87.47381615226469,0.0,1,TRAILING_STOP,Candlestick Patterns
2024-01-15 18:00:00,2024-01-15 18:15:00,2024-01-15 20:45:00,SHORT,42715.76,-57.177959610223006,-65.17795961022301,0.0,-160.28510320312648,10,TIME_EXIT,Candlestick Patterns
2024-01-15 20:45:00,2024-01-15 21:00:00,2024-01-15 23:30:00,LONG,42959.99,-93.04471439588352,-101.04471439588352,0.0,-143.81055489072452,10,TIME_EXIT,Candlestick Patterns
2024-01-15 23:45:00,2024-01-16 00:00:00,2024-01-16 02:30:00,SHORT,42511.1,-30.71903573419737,-38.71903573419737,0.0,-52.06875380782868,10,TIME_EXIT,Candlestick Patterns
2024-01-16 04:00:00,2024-01-16 04:15:00,2024-01-16 06:45:00,LONG,42940.1,-46.34595634383759,-54.34595634383759,0.0,-68.28349258618381,10,TIME_EXIT,Candlestick Patterns
2024-01-16 07:00:00,2024-01-16 07:15:00,2024-01-16 07:30:00,SHORT,42662.0,-25.431531573766357,-33.43153157376636,4.5684684262336415,-29.429000046880812,1,TRAILING_STOP,Candlestick Patterns
2024-01-16 11:30:00,2024-01-16 11:45:00,2024-01-16 13:15:00,LONG,42843.2,57.32382268364785,49.32382268364785,77.32382268364785,0.0,6,TRAILING_STOP,Candlestick Patterns
2024-01-16 18:45:00,2024-01-16 19:00:00,2024-01-16 20:15:00,LONG,43013.0,63.02373700974138,55.02373700974138,83.02373700974138,0.0,5,TRAILING_STOP,Candlestick Patterns
2024-01-16 22:15:00,2024-01-16 22:30:00,2024-01-17 01:00:00,LONG,43374.51,-64.90217411101636,-72.90217411101636,0.0,-74.8135252709483,10,TIME_EXIT,Candlestick Patterns
2024-01-17 05:15:00,2024-01-17 05:30:00,2024-01-17 08:00:00,LONG,42902.0,-52.67586592699594,-60.67586592699594,0.0,-78.78420586452845,10,TIME_EXIT,Candlestick Patterns
2024-01-17 09:30:00,2024-01-17 09:45:00,2024-01-17 11:15:00,LONG,42778.69,-3.2019166552317095,-11.20191665523171,16.79808334476829,-36.54389603795762,6,TRAILING_STOP,Candlestick Patterns
2024-01-17 13:15:00,2024-01-17 13:30:00,2024-01-17 14:45:00,LONG,42645.96,45.67093342487722,37.67093342487722,65.67093342487722,-65.74596984098784,5,TRAILING_STOP,Candlestick Patterns
2024-01-17 17:00:00,2024-01-17 17:15:00,2024-01-17 17:30:00,LONG,42329.5,13.267579347736145,5.267579347736145,33.267579347736145,0.0,1,TRAILING_STOP,Candlestick Patterns
2024-01-17 20:00:00,2024-01-17 20:15:00,2024-01-17 20:45:00,LONG,42665.81,29.37677264301452,21.37677264301452,49.37677264301452,-24.96612627300333,2,TRAILING_STOP,Candlestick Patterns
2024-01-18 00:45:00,2024-01-18 01:00:00,2024-01-18 02:00:00,SHORT,42660.79,7.176995550246147,-0.8230044497538529,37.17699555024615,-4.24511594839209,4,TRAILING_STOP,Candlestick Patterns
2024-01-18 04:00:00,2024-01-18 04:15:00,2024-01-18 06:45:00,LONG,42599.11,48.8132263796127,40.8132263796127,64.35345714969148,0.0,10,TIME_EXIT,Candlestick Patterns
2024-01-18 12:00:00,2024-01-18 12:15:00,2024-01-18 13:30:00,SHORT,42438.01,-12.089169591127852,-20.089169591127852,17.910830408872148,-31.7427702194328,5,TRAILING_STOP,Candlestick Patterns
2024-01-18 15:15:00,2024-01-18 15:30:00,2024-01-18 16:30:00,SHORT,42706.0,135.31634899077415,127.31634899077415,165.31634899077415,0.0,4,TRAILING_STOP,Candlestick Patterns
2024-01-18 19:15:00,2024-01-18 19:30:00,2024-01-18 22:00:00,LONG,41543.98,-68.57792633252795,-76.57792633252795,0.0,-207.17803157039944,10,TIME_EXIT,Candlestick Patterns
2024-01-18 22:00:00,2024-01-18 22:15:00,2024-01-18 23:00:00,LONG,41259.08,6.154242896350624,-1.845757103649376,26.154242896350624,-21.5903990103516,3,TRAILING_STOP,Candlestick Patterns
2024-01-19 00:45:00,2024-01-19 01:00:00,2024-01-19 01:30:00,SHORT,41290.5,10.772090432423568,2.7720904324235676,40.77209043242357,-2.3128806868415035,2,TRAILING_STOP,Candlestick Patterns
2024-01-19 03:30:00,2024-01-19 03:45:00,2024-01-19 04:30:00,LONG,41016.84,30.749887119535174,22.749887119535174,50.749887119535174,0.0,3,TRAILING_STOP,Candlestick Patterns
2024-01-19 10:45:00,2024-01-19 11:00:00,2024-01-19 11:30:00,LONG,41486.05,-14.301699004846348,-22.30169900484635,5.698300995153652,-20.479173119640556,2,TRAILING_STOP,Candlestick Patterns
2024-01-19 15:15:00,2024-01-19 15:30:00,2024-01-19 17:00:00,SHORT,40826.01,103.74072068272213,95.74072068272213,133.74072068272213,-62.54836071416251,6,TRAILING_STOP,Candlestick Patterns
2024-01-19 18:15:00,2024-01-19 18:30:00,2024-01-19 18:45:00,LONG,41343.35,133.74903098079895,125.74903098079895,153.74903098079895,0.0,1,TRAILING_STOP,Candlestick Patterns
2024-01-19 21:15:00,2024-01-19 21:30:00,2024-01-19 22:45:00,SHORT,41581.11,-18.40338798074386,-26.40338798074386,11.596612019256138,-37.15629525041539,5,TRAILING_STOP,Candlestick Patterns
2024-01-20 00:15:00,2024-01-20 00:30:00,2024-01-20 02:00:00,LONG,41623.99,-1.7388962470916312,-9.738896247091631,18.26110375290837,-35.62849212677488,6,TRAILING_STOP,Candlestick Patterns
2024-01-20 03:15:00,2024-01-20 03:30:00,2024-01-20 06:00:00,LONG,41569.99,16.32427623870022,8.324276238700222,21.419297911787055,-6.807795719940186,10,TIME_EXIT,Candlestick Patterns
2024-01-20 08:45:00,2024-01-20 09:00:00,2024-01-20 11:00:00,LONG,41590.01,-13.64751294842241,-21.64751294842241,6.35248705157759,-31.495544242476797,8,TRAILING_STOP,Candlestick Patterns
2024-01-20 11:30:00,2024-01-20 11:45:00,2024-01-20 13:00:00,SHORT,41548.29,-28.004731361988455,-36.004731361988455,1.9952686380115456,-36.51413812698408,5,TRAILING_STOP,Candlestick Patterns
2024-01-20 14:45:00,2024-01-20 15:00:00,2024-01-20 17:30:00,SHORT,41542.98,-0.15165017049748974,-8.15165017049749,5.20184156264201,-35.03600367619165,10,TIME_EXIT,Candlestick Patterns
2024-01-20 20:15:00,2024-01-20 20:30:00,2024-01-20 22:30:00,SHORT,41717.92,-18.489359009270643,-26.489359009270643,11.510640990729357,-37.068003390389414,8,TRAILING_STOP,Candlestick Patterns
2024-01-20 23:45:00,2024-01-21 00:00:00,2024-01-21 02:30:00,LONG,41696.05,-0.9713150286424997,-8.9713150286425,6.257187431422522,-15.872007060620918,10,TIME_EXIT,Candlestick Patterns
2024-01-21 03:00:00,2024-01-21 03:15:00,2024-01-21 05:45:00,SHORT,41703.63,18.022411957902996,10.022411957902996,18.02480983070257,-5.124254171639884,10,TIME_EXIT,Candlestick Patterns
2024-01-21 06:00:00,2024-01-21 06:15:00,2024-01-21 08:45:00,LONG,41654.99,2.153403469788653,-5.846596530211347,13.206100877710458,-17.22482708554245,10,TIME_EXIT,Candlestick Patterns
2024-01-21 09:00:00,2024-01-21 09:15:00,2024-01-21 11:45:00,SHORT,41677.12,-10.262225412887645,-18.262225412887645,0.0,-35.954979614713906,10,TIME_EXIT,Candlestick Patterns
2024-01-21 11:45:00,2024-01-21 12:00:00,2024-01-21 14:15:00,LONG,41719.9,18.708146472066794,10.708146472066794,38.708146472066794,0.0,9,TRAILING_STOP,Candlestick Patterns
2024-01-21 15:00:00,2024-01-21 15:15:00,2024-01-21 17:45:00,LONG,41825.04,-35.155973550772664,-43.155973550772664,0.0,-71.73693079552366,10,TIME_EXIT,Candlestick Patterns
2024-01-21 19:15:00,2024-01-21 19:30:00,2024-01-21 21:45:00,SHORT,41659.58,-20.18233021072189,-28.18233021072189,9.81766978927811,-36.370985977294254,9,TRAILING_STOP,Candlestick Patterns
2024-01-22 00:15:00,2024-01-22 00:30:00,2024-01-22 01:30:00,SHORT,41542.0,37.01651340811743,29.016513408117433,67.01651340811743,-35.542342689326816,4,TRAILING_STOP,Candlestick Patterns
2024-01-22 06:00:00,2024-01-22 06:15:00,2024-01-22 06:30:00,SHORT,41101.11,-22.876104805928883,-30.876104805928883,7.1238951940711175,-53.54113307402103,1,TRAILING_STOP,Candlestick Patterns
2024-01-22 09:15:00,2024-01-22 09:30:00,2024-01-22 12:00:00,LONG,41015.11,-74.38478160853495,-82.38478160853495,0.0,-158.5952103992902,10,TIME_EXIT,Candlestick Patterns
2024-01-22 15:00:00,2024-01-22 15:15:00,2024-01-22 15:30:00,SHORT,40618.77,27.303556951624778,19.303556951624778,57.30355695162478,-5.005075239846443,1,TRAILING_STOP,Candlestick Patterns
2024-01-22 19:00:00,2024-01-22 19:15:00,2024-01-22 19:30:00,SHORT,40221.44,166.37785221016466,158.37785221016466,196.37785221016466,0.0,1,TRAILING_STOP,Candlestick Patterns
2024-01-22 23:00:00,2024-01-22 23:15:00,2024-01-23 00:00:00,SHORT,39763.55,39.266954283508454,31.266954283508454,69.26695428350845,0.0,3,TRAILING_STOP,Candlestick Patterns
2024-01-23 03:15:00,2024-01-23 03:30:00,2024-01-23 04:15:00,SHORT,40000.0,-24.8799999999992,-32.8799999999992,5.1200000000007995,-44.18499999999949,3,TRAILING_STOP,Candlestick Patterns
2024-01-23 06:45:00,2024-01-23 07:00:00,2024-01-23 09:30:00,LONG,40019.43,-231.36261560946804,-239.36261560946804,0.0,-277.8050561939543,10,TIME_EXIT,Candlestick Patterns
2024-01-23 10:00:00,2024-01-23 10:15:00,2024-01-23 11:45:00,SHORT,38938.62,42.32408339073203,34.32408339073203,72.32408339073203,-54.2058244488376,6,TRAILING_STOP,Candlestick Patterns
2024-01-23 18:00:00,2024-01-23 18:15:00,2024-01-23 20:45:00,LONG,39539.45,-92.15859097685968,-100.15859097685968,0.0,-141.21339573514518,10,TIME_EXIT,Candlestick Patterns
2024-01-24 01:00:00,2024-01-24 01:15:00,2024-01-24 02:30:00,SHORT,39967.99,36.7158893904851,28.715889390485103,66.7158893904851,-5.5069069022490345,5,TRAILING_STOP,Candlestick Patterns
2024-01-24 07:45:00,2024-01-24 08:00:00,2024-01-24 08:15:00,LONG,39981.09,4.7216871776141645,-3.2783128223858355,24.721687177614164,-23.833767413543157,1,TRAILING_STOP,Candlestick Patterns
2024-01-24 10:45:00,2024-01-24 11:00:00,2024-01-24 12:00:00,SHORT,40352.42,32.553869135977045,24.553869135977045,62.553869135977045,0.0,4,TRAILING_STOP,Candlestick Patterns
2024-01-24 13:45:00,2024-01-24 14:00:00,2024-01-24 14:30:00,LONG,39984.87,39.41247276782384,31.412472767823843,59.41247276782384,-54.73820472593823,2,TRAILING_STOP,Candlestick Patterns
2024-01-24 17:45:00,2024-01-24 18:00:00,2024-01-24 20:30:00,LONG,40141.98,-104.1229157106852,-112.1229157106852,0.0,-131.08969712007257,10,TIME_EXIT,Candlestick Patterns
2024-01-25 00:00:00,2024-01-25 00:15:00,2024-01-25 01:15:00,LONG,40075.27,5.843868300824852,-2.1561316991751482,25.84386830082485,-13.941266022660695,4,TRAILING_STOP,Candlestick Patterns
2024-01-25 04:45:00,2024-01-25 05:00:00,2024-01-25 07:30:00,LONG,39956.88,25.802815435040433,17.802815435040433,36.123941609055514,-41.26198041488609,10,TIME_EXIT,Candlestick Patterns
2024-01-25 16:00:00,2024-01-25 16:15:00,2024-01-25 16:45:00,LONG,39761.11,2.5547023209362862,-5.445297679063714,22.554702320936286,-17.756043530977518,2,TRAILING_STOP,Candlestick Patterns
2024-01-25 19:15:00,2024-01-25 19:30:00,2024-01-25 20:15:00,LONG,39882.22,8.526496268261091,0.5264962682610914,28.52649626826109,0.0,3,TRAILING_STOP,Candlestick Patterns
2024-01-25 22:00:00,2024-01-25 22:15:00,2024-01-26 00:15:00,LONG,39941.1,-9.17906617494231,-17.17906617494231,10.82093382505769,-14.260999321500693,8,TRAILING_STOP,Candlestick Patterns
2024-01-26 00:45:00,2024-01-26 01:00:00,2024-01-26 02:00:00,SHORT,39895.93,-17.30196288192718,-25.30196288192718,12.698037118072818,-51.15058102417958,4,TRAILING_STOP,Candlestick Patterns
2024-01-26 03:30:00,2024-01-26 03:45:00,2024-01-26 06:15:00,SHORT,40084.22,-8.731615583389175,-16.731615583389175,4.166228006932495,-33.873678968930626,10,TIME_EXIT,Candlestick Patterns
2024-01-26 06:15:00,2024-01-26 06:30:00,2024-01-26 08:00:00,SHORT,40119.21,25.42731275117397,17.42731275117397,55.42731275117397,0.0,6,TRAILING_STOP,Candlestick Patterns
2024-01-26 09:00:00,2024-01-26 09:15:00,2024-01-26 09:45:00,LONG,40192.01,34.58298801179572,26.58298801179572,54.58298801179572,-38.442964161285296,2,TRAILING_STOP,Candlestick Patterns
2024-01-26 12:30:00,2024-01-26 12:45:00,2024-01-26 14:00:00,SHORT,41214.95,42.89830510530696,34.89830510530696,72.89830510530696,-3.5933562942585033,5,TRAILING_STOP,Candlestick Patterns
2024-01-26 15:30:00,2024-01-26 15:45:00,2024-01-26 17:00:00,LONG,41340.04,142.0656390269569,134.0656390269569,162.0656390269569,0.0,5,TRAILING_STOP,Candlestick Patterns
2024-01-26 19:30:00,2024-01-26 19:45:00,2024-01-26 20:45:00,SHORT,42000.0,8.373809523809108,0.3738095238091077,38.37380952380911,-58.766666666666595,4,TRAILING_STOP,Candlestick Patterns
2024-01-26 23:00:00,2024-01-26 23:15:00,2024-01-27 01:15:00,SHORT,41881.25,11.366960155200715,3.366960155200715,41.366960155200715,-3.1875839426947725,8,TRAILING_STOP,Candlestick Patterns
2024-01-27 02:30:00,2024-01-27 02:45:00,2024-01-27 05:15:00,SHORT,41854.06,11.112422546341923,3.1124225463419233,21.125788035855603,-8.586980570105345,10,TIME_EXIT,Candlestick Patterns
2024-01-27 08:00:00,2024-01-27 08:15:00,2024-01-27 09:00:00,SHORT,41589.49,16.922912495440904,8.922912495440904,46.922912495440904,-31.34445745788193,3,TRAILING_STOP,Candlestick Patterns
2024-01-27 13:15:00,2024-01-27 13:30:00,2024-01-27 15:30:00,SHORT,41727.41,-29.472768618995435,-37.47276861899543,0.527231381004564,-40.13189411947665,8,TRAILING_STOP,Candlestick Patterns
2024-01-27 16:30:00,2024-01-27 16:45:00,2024-01-27 19:15:00,LONG,41846.85,1.7826909313363195,-6.21730906866368,4.612055626648819,-24.27661819228843,10,TIME_EXIT,Candlestick Patterns
2024-01-27 19:45:00,2024-01-27 20:00:00,2024-01-27 22:30:00,SHORT,41910.48,-53.945934286602416,-61.945934286602416,0.0,-69.0805736417232,10,TIME_EXIT,Candlestick Patterns
2024-01-27 23:30:00,2024-01-27 23:45:00,2024-01-28 00:15:00,LONG,42127.23,-15.715360350064405,-23.715360350064405,4.284639649935595,-36.86926484366518,2,TRAILING_STOP,Candlestick Patterns
2024-01-28 02:30:00,2024-01-28 02:45:00,2024-01-28 03:45:00,SHORT,42110.39,-27.532675427608382,-35.53267542760838,2.4673245723916164,-31.728511657099492,4,TRAILING_STOP,Candlestick Patterns
2024-01-28 06:00:00,2024-01-28 06:15:00,2024-01-28 07:00:00,SHORT,42408.01,-3.0357543303733117,-11.035754330373312,26.96424566962669,-13.96905914708046,3,TRAILING_STOP,Candlestick Patterns
2024-01-28 10:00:00,2024-01-28 10:15:00,2024-01-28 10:30:00,SHORT,42567.88,-14.053704342335726,-22.053704342335728,15.946295657664274,-16.05670754569075,1,TRAILING_STOP,Candlestick Patterns
2024-01-28 13:30:00,2024-01-28 13:45:00,2024-01-28 14:30:00,LONG,42401.6,13.583638353270032,5.583638353270032,33.58363835327003,-11.697671785969998,3,TRAILING_STOP,Candlestick Patterns
2024-01-28 16:30:00,2024-01-28 16:45:00,2024-01-28 17:00:00,LONG,42310.94,-19.666752853990904,-27.666752853990904,0.3332471460090975,-32.670037583661156,1,TRAILING_STOP,Candlestick Patterns
2024-01-29 00:45:00,2024-01-29 01:00:00,2024-01-29 03:30:00,SHORT,41971.43,-115.96698039595105,-123.96698039595105,0.0,-126.88869547689933,10,TIME_EXIT,Candlestick Patterns
2024-01-29 04:45:00,2024-01-29 05:00:00,2024-01-29 07:30:00,SHORT,42218.0,27.052442086313686,19.052442086313686,37.56217727035903,-13.089203657208309,10,TIME_EXIT,Candlestick Patterns
2024-01-29 09:00:00,2024-01-29 09:15:00,2024-01-29 09:30:00,LONG,42079.17,39.592430173884615,31.592430173884615,59.592430173884615,0.0,1,TRAILING_STOP,Candlestick Patterns
2024-01-29 15:30:00,2024-01-29 15:45:00,2024-01-29 16:00:00,LONG,42104.1,145.28081588253912,137.28081588253912,165.28081588253912,0.0,1,TRAILING_STOP,Candlestick Patterns
2024-01-29 19:15:00,2024-01-29 19:30:00,2024-01-29 20:45:00,SHORT,43030.78,-17.801754929843717,-25.801754929843717,12.198245070156284,-39.32301482799037,5,TRAILING_STOP,Candlestick Patterns
2024-01-30 00:00:00,2024-01-30 00:15:00,2024-01-30 01:00:00,SHORT,43187.99,-22.859125881987907,-30.859125881987907,7.140874118012093,-52.55164688145921,3,TRAILING_STOP,Candlestick Patterns
2024-01-30 04:15:00,2024-01-30 04:30:00,2024-01-30 07:00:00,SHORT,43453.13,18.880112894054093,10.880112894054093,44.615888429670164,-2.782308201964688,10,TIME_EXIT,Candlestick Patterns
2024-01-30 08:00:00,2024-01-30 08:15:00,2024-01-30 09:45:00,LONG,43358.0,5.146455094791925,-2.853544905208075,25.146455094791925,-8.671986715254059,6,TRAILING_STOP,Candlestick Patterns
2024-01-30 13:00:00,2024-01-30 13:15:00,2024-01-30 14:15:00,SHORT,43253.26,2.166361564424193,-5.833638435575807,32.16636156442419,-39.758852858721205,4,TRAILING_STOP,Candlestick Patterns
2024-01-30 16:30:00,2024-01-30 16:45:00,2024-01-30 17:00:00,LONG,43374.99,31.644968678955784,23.644968678955784,51.644968678955784,0.0,1,TRAILING_STOP,Candlestick Patterns
2024-01-30 19:45:00,2024-01-30 20:00:00,2024-01-30 20:45:00,LONG,43547.99,28.684221705755434,20.684221705755434,48.684221705755434,-12.395520436189114,3,TRAILING_STOP,Candlestick Patterns
2024-01-30 23:45:00,2024-01-31 00:00:00,2024-01-31 00:30:00,LONG,42941.1,6.4827868871550045,-1.5172131128449955,26.482786887155005,-20.31387179182553,2,TRAILING_STOP,Candlestick Patterns
2024-01-31 03:45:00,2024-01-31 04:00:00,2024-01-31 05:30:00,SHORT,42930.06,-16.266033637036816,-24.266033637036816,13.733966362963184,-23.449769229301225,6,TRAILING_STOP,Candlestick Patterns
2024-01-31 11:30:00,2024-01-31 11:45:00,2024-01-31 12:45:00,LONG,42581.75,14.665085394564706,6.665085394564706,34.665085394564706,-7.329431035596031,4,TRAILING_STOP,Candlestick Patterns
2024-02-01 00:00:00,2024-02-01 00:15:00,2024-02-01 00:30:00,SHORT,42602.3,59.537419341210295,51.537419341210295,89.5374193412103,0.0,1,TRAILING_STOP,Candlestick Patterns
2024-02-01 04:30:00,2024-02-01 04:45:00,2024-02-01 05:15:00,LONG,42087.21,6.323911706193133,-1.6760882938068669,26.323911706193133,-13.970990236700327,2,TRAILING_STOP,Candlestick Patterns
2024-02-01 07:15:00,2024-02-01 07:30:00,2024-02-01 07:45:00,LONG,42234.9,-4.5862071414875984,-12.586207141487598,15.413792858512402,-10.595502771404691,1,TRAILING_STOP,Candlestick Patterns
2024-02-01 11:30:00,2024-02-01 11:45:00,2024-02-01 13:30:00,LONG,42261.82,-12.385562193014808,-20.385562193014806,7.614437806985192,-74.99203773050954,7,TRAILING_STOP,Candlestick Patterns
2024-02-01 15:30:00,2024-02-01 15:45:00,2024-02-01 16:00:00,SHORT,42707.88,35.510158781002204,27.510158781002204,65.5101587810022,0.0,1,TRAILING_STOP,Candlestick Patterns
2024-02-01 20:45:00,2024-02-01 21:00:00,2024-02-01 23:30:00,SHORT,43011.83,2.2980910135649353,-5.701908986435065,32.298091013564935,-48.39831274326116,10,TRAILING_STOP,Candlestick Patterns
2024-02-02 00:45:00,2024-02-02 01:00:00,2024-02-02 03:30:00,SHORT,43174.41,33.45731881454879,25.457318814548792,34.33978599823414,-26.402213718727822,10,TIME_EXIT,Candlestick Patterns
2024-02-02 03:45:00,2024-02-02 04:00:00,2024-02-02 05:45:00,SHORT,43037.25,-8.265339909032086,-16.265339909032086,21.734660090967914,-23.932755926551998,7,TRAILING_STOP,Candlestick Patterns
2024-02-02 06:45:00,2024-02-02 07:00:00,2024-02-02 09:30:00,SHORT,43165.0,29.48221939071054,21.48221939071054,48.08757094868521,-12.892389667555069,10,TIME_EXIT,Candlestick Patterns
2024-02-02 09:30:00,2024-02-02 09:45:00,2024-02-02 12:15:00,LONG,43037.73,41.342793869472274,33.342793869472274,46.898384278166276,-22.45239235433761,10,TIME_EXIT,Candlestick Patterns
2024-02-02 15:45:00,2024-02-02 16:00:00,2024-02-02 16:15:00,LONG,43242.1,14.202779235976386,6.2027792359763865,34.20277923597639,-32.653363273290864,1,TRAILING_STOP,Candlestick Patterns
2024-02-02 19:15:00,2024-02-02 19:30:00,2024-02-02 20:30:00,LONG,43007.08,-0.7403804210837528,-8.740380421083753,19.259619578916247,-6.775628570923535,4,TRAILING_STOP,Candlestick Patterns
2024-02-02 22:00:00,2024-02-02 22:15:00,2024-02-03 00:45:00,LONG,43028.65,61.6572214094564,53.6572214094564,81.6572214094564,0.0,10,TRAILING_STOP,Candlestick Patterns
2024-02-03 01:15:00,2024-02-03 01:30:00,2024-02-03 04:00:00,SHORT,43285.61,24.39147790686137,16.39147790686137,33.177307654899764,0.0,10,TIME_EXIT,Candlestick Patterns
2024-02-03 04:15:00,2024-02-03 04:30:00,2024-02-03 07:00:00,SHORT,43181.1,23.413020974453765,15.413020974453765,25.409264701455303,-6.4866341987587255,10,TIME_EXIT,Candlestick Patterns
2024-02-03 07:30:00,2024-02-03 07:45:00,2024-02-03 10:15:00,SHORT,43100.0,-1.8561484918793505,-9.85614849187935,22.273781902552205,-5.865429234338477,10,TIME_EXIT,Candlestick Patterns
2024-02-03 10:45:00,2024-02-03 11:00:00,2024-02-03 13:30:00,LONG,43062.07,5.359705188348294,-2.6402948116517058,7.303411099372856,-20.530829103198293,10,TIME_EXIT,Candlestick Patterns
2024-02-03 14:00:00,2024-02-03 14:15:00,2024-02-03 15:00:00,LONG,43062.18,-15.40664220901059,-23.40664220901059,4.59335779098941,-42.306265033493496,3,TRAILING_STOP,Candlestick Patterns
2024-02-03 18:15:00,2024-02-03 18:30:00,2024-02-03 21:00:00,LONG,43209.99,-29.581122328424446,-37.58112232842444,0.0,-46.87573406057156,10,TIME_EXIT,Candlestick Patterns
2024-02-03 23:45:00,2024-02-04 00:00:00,2024-02-04 02:30:00,LONG,43011.1,2.994575818801346,-5.005424181198654,13.412816691505759,-30.478178888704665,10,TIME_EXIT,Candlestick Patterns
2024-02-04 03:00:00,2024-02-04 03:15:00,2024-02-04 04:15:00,LONG,43039.65,-18.064575339250727,-26.064575339250727,1.935424660749273,-27.29111412383677,4,TRAILING_STOP,Candlestick Patterns
2024-02-04 06:15:00,2024-02-04 06:30:00,2024-02-04 09:00:00,SHORT,42829.46,19.505265768001948,11.505265768001948,25.540831007441938,-7.63960133982571,10,TIME_EXIT,Candlestick Patterns
2024-02-04 09:15:00,2024-02-04 09:30:00,2024-02-04 12:00:00,LONG,42902.01,40.06339096932693,32.06339096932693,50.58737341210792,-6.925083463455238,10,TIME_EXIT,Candlestick Patterns
2024-02-04 13:15:00,2024-02-04 13:30:00,2024-02-04 16:00:00,LONG,43016.16,-26.04370078593861,-34.04370078593861,0.0,-39.671137544588234,10,TIME_EXIT,Candlestick Patterns
2024-02-04 21:00:00,2024-02-04 21:15:00,2024-02-04 22:30:00,SHORT,42875.54,122.42723473570265,114.42723473570265,152.42723473570265,-6.129368866257739,5,TRAILING_STOP,Candlestick Patterns
2024-02-05 06:00:00,2024-02-05 06:15:00,2024-02-05 07:15:00,SHORT,42757.23,-16.035110319352682,-24.035110319352682,13.96488968064732,-45.55252994639662,4,TRAILING_STOP,Candlestick Patterns
2024-02-05 09:15:00,2024-02-05 09:30:00,2024-02-05 10:00:00,SHORT,42994.56,-23.02237306301076,-31.02237306301076,6.977626936989238,-56.32805638666852,2,TRAILING_STOP,Candlestick Patterns
2024-02-05 12:30:00,2024-02-05 12:45:00,2024-02-05 13:30:00,LONG,43198.04,66.05020042576032,58.05020042576032,86.05020042576032,0.0,3,TRAILING_STOP,Candlestick Patterns
2024-02-05 18:15:00,2024-02-05 18:30:00,2024-02-05 19:45:00,LONG,42635.58,34.90250161953976,26.902501619539763,54.90250161953976,-6.747885216995774,5,TRAILING_STOP,Candlestick Patterns
2024-02-05 21:45:00,2024-02-05 22:00:00,2024-02-06 00:30:00,SHORT,42386.01,-51.50048329625763,-59.50048329625763,0.0,-81.15649479627781,10,TIME_EXIT,Candlestick Patterns
2024-02-06 00:30:00,2024-02-06 00:45:00,2024-02-06 01:15:00,SHORT,42604.29,-22.890387329538676,-30.890387329538676,7.109612670461325,-38.71206397290045,2,TRAILING_STOP,Candlestick Patterns
2024-02-06 04:45:00,2024-02-06 05:00:00,2024-02-06 07:30:00,LONG,42826.18,-5.860900972255416,-13.860900972255415,10.042922343296095,-37.16885325751685,10,TIME_EXIT,Candlestick Patterns
2024-02-06 08:15:00,2024-02-06 08:30:00,2024-02-06 10:45:00,SHORT,42927.83,29.919171316137138,21.919171316137138,59.91917131613714,-44.74253648507267,9,TRAILING_STOP,Candlestick Patterns
2024-02-06 12:00:00,2024-02-06 12:15:00,2024-02-06 12:45:00,SHORT,42800.8,3.3638623577136215,-4.6361376422863785,33.36386235771362,-19.89682435842232,2,TRAILING_STOP,Candlestick Patterns
2024-02-06 15:45:00,2024-02-06 16:00:00,2024-02-06 16:30:00,LONG,43244.89,15.863196784638319,7.863196784638319,35.86319678463832,-15.40760075930298,2,TRAILING_STOP,Candlestick Patterns
2024-02-06 22:15:00,2024-02-06 22:30:00,2024-02-06 23:15:00,LONG,43172.1,-8.223876068107925,-16.223876068107927,11.776123931892075,-32.287055760548924,3,TRAILING_STOP,Candlestick Patterns
2024-02-07 02:45:00,2024-02-07 03:00:00,2024-02-07 04:30:00,SHORT,43049.04,30.637821424124873,22.637821424124873,60.63782142412487,0.0,6,TRAILING_STOP,Candlestick Patterns
2024-02-07 05:30:00,2024-02-07 05:45:00,2024-02-07 06:15:00,LONG,42980.16,-8.262026013863819,-16.262026013863817,11.737973986136181,-15.2651828192358,2,TRAILING_STOP,Candlestick Patterns
2024-02-07 10:30:00,2024-02-07 10:45:00,2024-02-07 12:30:00,SHORT,43058.19,13.705970919818583,5.705970919818583,43.70597091981858,0.0,7,TRAILING_STOP,Candlestick Patterns
2024-02-07 13:15:00,2024-02-07 13:30:00,2024-02-07 14:30:00,LONG,43113.26,1.5107834573395635,-6.4892165426604365,21.510783457339564,-14.417838038692386,4,TRAILING_STOP,Candlestick Patterns
2024-02-07 17:00:00,2024-02-07 17:15:00,2024-02-07 19:45:00,SHORT,43268.17,-80.26685667547366,-88.26685667547366,0.0,-102.11432561164519,10,TIME_EXIT,Candlestick Patterns
2024-02-07 22:30:00,2024-02-07 22:45:00,2024-02-07 23:45:00,SHORT,44183.59,-23.004190017154283,-31.004190017154283,6.995809982845716,-40.78663594334603,4,TRAILING_STOP,Candlestick Patterns
2024-02-08 01:30:00,2024-02-08 01:45:00,2024-02-08 02:00:00,LONG,44548.53,31.95906576490878,23.95906576490878,51.95906576490878,0.0,1,TRAILING_STOP,Candlestick Patterns
2024-02-08 05:00:00,2024-02-08 05:15:00,2024-02-08 06:00:00,LONG,44534.7,2.247820239049947,-5.752179760950053,22.247820239049947,-8.148702023364613,3,TRAILING_STOP,Candlestick Patterns
2024-02-08 10:30:00,2024-02-08 10:45:00,2024-02-08 11:15:00,LONG,44811.15,-3.5197266751693377,-11.519726675169338,16.480273324830662,-7.846261477333988,2,TRAILING_STOP,Candlestick Patterns
2024-02-08 13:30:00,2024-02-08 13:45:00,2024-02-08 14:15:00,LONG,44813.55,63.9969161113097,55.9969161113097,83.9969161113097,0.0,2,TRAILING_STOP,Candlestick Patterns
2024-02-08 19:45:00,2024-02-08 20:00:00,2024-02-08 22:30:00,SHORT,45284.13,3.656910268563771,-4.343089731436229,12.615898770716669,-72.91075261907551,10,TIME_EXIT,Candlestick Patterns
2024-02-09 00:15:00,2024-02-09 00:30:00,2024-02-09 01:45:00,SHORT,45350.28,-6.81381460048285,-14.81381460048285,23.18618539951715,-33.014129129963734,5,TRAILING_STOP,Candlestick Patterns
2024-02-09 04:00:00,2024-02-09 04:15:00,2024-02-09 05:15:00,SHORT,46029.34,1.1388344912167945,-6.8611655087832055,31.138834491216794,-13.02864651111686,4,TRAILING_STOP,Candlestick Patterns
2024-02-09 09:45:00,2024-02-09 10:00:00,2024-02-09 12:30:00,SHORT,46522.0,-201.85933536821213,-209.85933536821213,0.0,-252.99858131636643,10,TIME_EXIT,Candlestick Patterns
2024-02-09 12:30:00,2024-02-09 12:45:00,2024-02-09 13:45:00,LONG,47461.08,17.87103032632168,9.87103032632168,37.87103032632168,-43.62943278998281,4,TRAILING_STOP,Candlestick Patterns
2024-02-09 15:45:00,2024-02-09 16:00:00,2024-02-09 16:30:00,SHORT,47159.99,-27.661153023993677,-35.66115302399368,2.3388469760063217,-63.615365482478275,2,TRAILING_STOP,Candlestick Patterns
2024-02-09 19:00:00,2024-02-09 19:15:00,2024-02-09 19:30:00,LONG,47498.86,14.706096104200931,6.706096104200931,34.70609610420093,-6.364363271034969,1,TRAILING_STOP,Candlestick Patterns
2024-02-09 23:00:00,2024-02-09 23:15:00,2024-02-10 00:30:00,LONG,47245.95,-19.142783667170857,-27.142783667170857,0.8572163328291442,-42.49676427291627,5,TRAILING_STOP,Candlestick Patterns
2024-02-10 02:15:00,2024-02-10 02:30:00,2024-02-10 03:45:00,LONG,47327.17,17.363315828941758,9.363315828941758,37.36331582894176,-7.929905802522914,5,TRAILING_STOP,Candlestick Patterns
2024-02-10 05:15:00,2024-02-10 05:30:00,2024-02-10 08:00:00,SHORT,47348.02,20.562633875712926,12.562633875712926,42.79376413205777,-7.389960551677819,10,TIME_EXIT,Candlestick Patterns
2024-02-10 12:30:00,2024-02-10 12:45:00,2024-02-10 13:15:00,LONG,47205.69,-10.613419695804113,-18.61341969580411,9.386580304195887,-18.15247272097968,2,TRAILING_STOP,Candlestick Patterns
2024-02-10 15:30:00,2024-02-10 15:45:00,2024-02-10 16:15:00,LONG,47306.68,-10.107105381311284,-18.107105381311285,9.892894618688716,-11.188694704426581,2,TRAILING_STOP,Candlestick Patterns
2024-02-10 20:00:00,2024-02-10 20:15:00,2024-02-10 20:45:00,LONG,47511.27,118.64710415023703,110.64710415023703,138.64710415023703,0.0,2,TRAILING_STOP,Candlestick Patterns
2024-02-10 23:00:00,2024-02-10 23:15:00,2024-02-11 01:45:00,SHORT,47818.8,40.197579194793924,32.197579194793924,54.71488201293203,-2.1727855989693214,10,TIME_EXIT,Candlestick Patterns
2024-02-11 05:45:00,2024-02-11 06:00:00,2024-02-11 06:15:00,LONG,48224.71,-6.173063560154059,-14.173063560154059,13.826936439845941,-17.76889897316175,1,TRAILING_STOP,Candlestick Patterns
2024-02-11 08:45:00,2024-02-11 09:00:00,2024-02-11 10:15:00,LONG,48139.99,-2.633980605314097,-10.633980605314097,17.366019394685903,-10.38429796100871,5,TRAILING_STOP,Candlestick Patterns
2024-02-11 18:00:00,2024-02-11 18:15:00,2024-02-11 18:30:00,SHORT,48248.01,18.916007105785717,10.916007105785717,48.91600710578572,0.0,1,TRAILING_STOP,Candlestick Patterns
2024-02-12 00:45:00,2024-02-12 01:00:00,2024-02-12 03:30:00,LONG,48604.01,-79.00582688547713,-87.00582688547713,0.0,-122.31295319048886,10,TIME_EXIT,Candlestick Patterns
2024-02-12 06:45:00,2024-02-12 07:00:00,2024-02-12 07:30:00,LONG,48149.43,28.357789489926773,20.357789489926773,48.35778948992677,0.0,2,TRAILING_STOP,Candlestick Patterns
2024-02-12 12:30:00,2024-02-12 12:45:00,2024-02-12 15:15:00,SHORT,47881.39,-239.53147558999507,-247.53147558999507,0.0,-262.8599545668997,10,TIME_EXIT,Candlestick Patterns
2024-02-12 15:15:00,2024-02-12 15:30:00,2024-02-12 16:00:00,LONG,49028.31,167.99138701701165,159.99138701701165,187.99138701701165,0.0,2,TRAILING_STOP,Candlestick Patterns
2024-02-12 20:00:00,2024-02-12 20:15:00,2024-02-12 21:15:00,LONG,49862.04,62.0223159742353,54.0223159742353,82.0223159742353,-6.696476919115106,4,TRAILING_STOP,Candlestick Patterns
2024-02-12 22:45:00,2024-02-12 23:00:00,2024-02-12 23:45:00,LONG,50021.09,-14.334389754400837,-22.33438975440084,5.665610245599163,-41.12065530759027,3,TRAILING_STOP,Candlestick Patterns
2024-02-13 01:30:00,2024-02-13 01:45:00,2024-02-13 04:15:00,SHORT,50023.99,29.903258416610953,21.903258416610953,59.90325841661095,-26.20542663630066,10,TRAILING_STOP,Candlestick Patterns
2024-02-13 04:15:00,2024-02-13 04:30:00,2024-02-13 05:00:00,LONG,49898.0,-5.350114233035683,-13.350114233035683,14.649885766964317,-14.489558699748068,2,TRAILING_STOP,Candlestick Patterns
2024-02-13 21:00:00,2024-02-13 21:15:00,2024-02-13 21:30:00,LONG,49614.0,6.0692546458653815,-1.9307453541346185,26.06925464586538,-8.95513363163629,1,TRAILING_STOP,Candlestick Patterns
2024-02-14 00:00:00,2024-02-14 00:15:00,2024-02-14 02:30:00,SHORT,49581.58,20.135554373217182,12.135554373217182,50.13555437321718,0.0,9,TRAILING_STOP,Candlestick Patterns
2024-02-14 03:00:00,2024-02-14 03:15:00,2024-02-14 03:30:00,LONG,49570.28,-13.381114651763582,-21.381114651763582,6.618885348236418,-19.93936689484032,1,TRAILING_STOP,Candlestick Patterns
2024-02-14 06:45:00,2024-02-14 07:00:00,2024-02-14 08:00:00,LONG,49637.83,36.849785738013736,28.849785738013736,56.849785738013736,-2.0770448667890897,4,TRAILING_STOP,Candlestick Patterns
2024-02-14 11:00:00,2024-02-14 11:15:00,2024-02-14 11:30:00,LONG,51222.97,21.528244067066233,13.528244067066233,41.52824406706623,0.0,1,TRAILING_STOP,Candlestick Patterns
2024-02-14 14:15:00,2024-02-14 14:30:00,2024-02-14 15:00:00,LONG,51669.47,43.776539608399084,35.776539608399084,63.776539608399084,-38.392110466780984,2,TRAILING_STOP,Candlestick Patterns
2024-02-14 17:00:00,2024-02-14 17:15:00,2024-02-14 19:45:00,LONG,51692.78,-2.8592000662372645,-10.859200066237264,0.0,-94.85657378070913,10,TIME_EXIT,Candlestick Patterns
2024-02-14 20:30:00,2024-02-14 20:45:00,2024-02-14 21:45:00,SHORT,51762.01,27.573112017868326,19.573112017868326,57.573112017868326,-3.8947482912653926,4,TRAILING_STOP,Candlestick Patterns
2024-02-15 05:15:00,2024-02-15 05:30:00,2024-02-15 06:30:00,SHORT,52125.95,29.81857404996891,21.81857404996891,59.81857404996891,0.0,4,TRAILING_STOP,Candlestick Patterns
2024-02-15 12:15:00,2024-02-15 12:30:00,2024-02-15 12:45:00,LONG,52359.99,-4.719248418496251,-12.719248418496251,15.280751581503749,-16.976703013121167,1,TRAILING_STOP,Candlestick Patterns
2024-02-15 19:15:00,2024-02-15 19:30:00,2024-02-15 20:00:00,LONG,51866.82,16.474185230557858,8.474185230557858,36.47418523055786,-3.094463859554704,2,TRAILING_STOP,Candlestick Patterns
2024-02-15 22:30:00,2024-02-15 22:45:00,2024-02-15 23:00:00,SHORT,51655.65,-23.543784658600067,-31.543784658600067,6.456215341399933,-32.02941014196841,1,TRAILING_STOP,Candlestick Patterns
2024-02-16 03:30:00,2024-02-16 03:45:00,2024-02-16 04:15:00,LONG,52319.99,-15.548546549798484,-23.548546549798484,4.451453450201515,-17.924315352506536,2,TRAILING_STOP,Candlestick Patterns
2024-02-16 11:45:00,2024-02-16 12:00:00,2024-02-16 12:45:00,SHORT,52213.87,-25.639089766760428,-33.63908976676043,4.360910233239573,-35.64761623683465,3,TRAILING_STOP,Candlestick Patterns
2024-02-16 15:30:00,2024-02-16 15:45:00,2024-02-16 16:15:00,LONG,51809.99,63.962571697080435,55.962571697080435,83.96257169708043,0.0,2,TRAILING_STOP,Candlestick Patterns
2024-02-16 18:45:00,2024-02-16 19:00:00,2024-02-16 20:30:00,SHORT,51967.33,30.101221286527853,22.101221286527853,60.10122128652785,-12.438584010377175,6,TRAILING_STOP,Candlestick Patterns
2024-02-17 02:15:00,2024-02-17 02:30:00,2024-02-17 05:00:00,SHORT,51959.27,7.355761541683302,-0.644238458316698,12.92358418430324,-18.912890808512913,10,TIME_EXIT,Candlestick Patterns
2024-02-17 06:45:00,2024-02-17 07:00:00,2024-02-17 08:15:00,LONG,51925.59,-13.37320962554234,-21.37320962554234,6.62679037445766,-24.186533075502176,5,TRAILING_STOP,Candlestick Patterns
2024-02-17 09:30:00,2024-02-17 09:45:00,2024-02-17 10:45:00,SHORT,51752.18,18.7283820700887,10.7283820700887,48.7283820700887,0.0,4,TRAILING_STOP,Candlestick Patterns
2024-02-17 12:30:00,2024-02-17 12:45:00,2024-02-17 13:00:00,LONG,51615.15,-0.9687659534078783,-8.968765953407878,19.03123404659212,-10.669348049942645,1,TRAILING_STOP,Candlestick Patterns
2024-02-17 15:30:00,2024-02-17 15:45:00,2024-02-17 16:30:00,SHORT,51028.82,26.38382388618846,18.38382388618846,56.38382388618846,0.0,3,TRAILING_STOP,Candlestick Patterns
2024-02-17 18:15:00,2024-02-17 18:30:00,2024-02-17 21:00:00,LONG,51271.16,40.681739987937554,32.681739987937554,56.53275642680964,-7.483739396573555,10,TIME_EXIT,Candlestick Patterns
2024-02-17 21:45:00,2024-02-17 22:00:00,2024-02-17 22:30:00,LONG,51803.8,-8.249896725723723,-16.249896725723723,11.750103274276277,-39.9565282855708,2,TRAILING_STOP,Candlestick Patterns
2024-02-18 00:45:00,2024-02-18 01:00:00,2024-02-18 01:30:00,LONG,51676.94,-4.314086708694889,-12.314086708694889,15.685913291305111,-16.1696880658965,2,TRAILING_STOP,Candlestick Patterns
2024-02-18 06:00:00,2024-02-18 06:15:00,2024-02-18 07:00:00,SHORT,51600.07,7.7034372240198365,-0.29656277598016345,37.70343722401984,0.0,3,TRAILING_STOP,Candlestick Patterns
2024-02-18 09:15:00,2024-02-18 09:30:00,2024-02-18 11:45:00,SHORT,51855.31,7.452287914198017,-0.547712085801983,37.45228791419802,-41.208894518228185,9,TRAILING_STOP,Candlestick Patterns
2024-02-18 12:00:00,2024-02-18 12:15:00,2024-02-18 14:45:00,LONG,51831.82,9.681311595849865,1.6813115958498646,22.52477339209775,-57.26405131056515,10,TIME_EXIT,Candlestick Patterns
2024-02-18 15:15:00,2024-02-18 15:30:00,2024-02-18 16:45:00,SHORT,51783.05,-4.149842467757196,-12.149842467757196,25.850157532242804,-18.675995330518212,5,TRAILING_STOP,Candlestick Patterns
2024-02-18 19:45:00,2024-02-18 20:00:00,2024-02-18 20:45:00,SHORT,51758.13,2.986122180224811,-5.013877819775189,32.98612218022481,-4.944150802976032,3,TRAILING_STOP,Candlestick Patterns
2024-02-18 22:30:00,2024-02-18 22:45:00,2024-02-18 23:45:00,SHORT,52111.1,-3.892318527147644,-11.892318527147644,26.107681472852356,-45.844359455087584,4,TRAILING_STOP,Candlestick Patterns
2024-02-19 01:45:00,2024-02-19 02:00:00,2024-02-19 03:15:00,LONG,52092.06,2.7328310686898405,-5.2671689313101595,22.73283106868984,-9.782680892250974,5,TRAILING_STOP,Candlestick Patterns
2024-02-19 07:15:00,2024-02-19 07:30:00,2024-02-19 10:00:00,LONG,52465.28,-26.56042243556092,-34.56042243556092,0.0,-76.5763567830005,10,TIME_EXIT,Candlestick Patterns
2024-02-19 10:15:00,2024-02-19 10:30:00,2024-02-19 13:00:00,SHORT,52209.97,-28.678430575615334,-36.67843057561534,0.0,-46.761183735596745,10,TIME_EXIT,Candlestick Patterns
2024-02-19 13:15:00,2024-02-19 13:30:00,2024-02-19 14:00:00,SHORT,52265.57,15.645728153352145,7.645728153352145,45.645728153352145,0.0,2,TRAILING_STOP,Candlestick Patterns
2024-02-19 18:45:00,2024-02-19 19:00:00,2024-02-19 21:30:00,SHORT,51926.62,32.66532657045704,24.66532657045704,42.65827431094148,-1.2671727911415127,10,TIME_EXIT,Candlestick Patterns
2024-02-19 23:00:00,2024-02-19 23:15:00,2024-02-20 01:00:00,SHORT,51950.72,56.7591440503618,48.7591440503618,86.7591440503618,0.0,7,TRAILING_STOP,Candlestick Patterns
2024-02-20 03:30:00,2024-02-20 03:45:00,2024-02-20 04:00:00,SHORT,51643.48,-4.153562075986514,-12.153562075986514,25.846437924013486,-17.2645220655146,1,TRAILING_STOP,Candlestick Patterns
2024-02-20 07:30:00,2024-02-20 07:45:00,2024-02-20 08:30:00,SHORT,51895.5,29.596689501016243,21.596689501016243,59.59668950101624,0.0,3,TRAILING_STOP,Candlestick Patterns
2024-02-20 20:45:00,2024-02-20 21:00:00,2024-02-20 21:15:00,SHORT,51990.62,-23.008354199275598,-31.008354199275598,6.991645800724403,-34.713954170963135,1,TRAILING_STOP,Candlestick Patterns
2024-02-21 02:15:00,2024-02-21 02:30:00,2024-02-21 05:00:00,LONG,52124.42,-12.604456797792109,-20.60445679779211,0.0,-58.784347144773264,10,TIME_EXIT,Candlestick Patterns
2024-02-21 06:00:00,2024-02-21 06:15:00,2024-02-21 08:45:00,LONG,51886.0,-42.04602397563958,-50.04602397563958,0.0,-83.55818525228442,10,TIME_EXIT,Candlestick Patterns
2024-02-21 09:00:00,2024-02-21 09:15:00,2024-02-21 10:00:00,SHORT,51527.52,94.11231900933655,86.11231900933655,124.11231900933655,0.0,3,TRAILING_STOP,Candlestick Patterns
2024-02-21 12:00:00,2024-02-21 12:15:00,2024-02-21 13:00:00,LONG,51092.48,48.46017261248599,40.46017261248599,68.46017261248599,0.0,3,TRAILING_STOP,Candlestick Patterns
2024-02-21 16:15:00,2024-02-21 16:30:00,2024-02-21 18:00:00,SHORT,51102.14,16.32682701742,8.326827017420001,46.32682701742,-63.65486846539125,6,TRAILING_STOP,Candlestick Patterns
2024-02-21 20:00:00,2024-02-21 20:15:00,2024-02-21 20:45:00,LONG,51104.31,-18.495234550666602,-26.495234550666602,1.5047654493333986,-47.316948413939585,2,TRAILING_STOP,Candlestick Patterns
2024-02-21 23:15:00,2024-02-21 23:30:00,2024-02-22 02:00:00,SHORT,51650.71,66.22713801998013,58.22713801998013,96.22713801998013,-57.94692851269671,10,TRAILING_STOP,Candlestick Patterns
2024-02-22 02:45:00,2024-02-22 03:00:00,2024-02-22 05:15:00,SHORT,51418.37,-17.092161809096122,-25.092161809096122,12.907838190903878,-49.149749398900404,9,TRAILING_STOP,Candlestick Patterns
2024-02-22 08:00:00,2024-02-22 08:15:00,2024-02-22 08:45:00,SHORT,51782.12,-8.815081344679523,-16.815081344679523,21.184918655320477,-28.449974624445602,2,TRAILING_STOP,Candlestick Patterns
2024-02-22 10:45:00,2024-02-22 11:00:00,2024-02-22 12:30:00,LONG,51694.08,-12.461419179913607,-20.461419179913605,7.538580820086393,-52.19166295250885,6,TRAILING_STOP,Candlestick Patterns
2024-02-22 15:45:00,2024-02-22 16:00:00,2024-02-22 16:15:00,LONG,51602.41,4.086084351485443,-3.913915648514557,24.086084351485443,-39.2249121698005,1,TRAILING_STOP,Candlestick Patterns
2024-02-22 19:00:00,2024-02-22 19:15:00,2024-02-22 20:00:00,SHORT,51604.37,-2.1787127718060084,-10.178712771806008,27.82128722819399,-3.5113305326652267,3,TRAILING_STOP,Candlestick Patterns
2024-02-22 23:45:00,2024-02-23 00:00:00,2024-02-23 02:30:00,SHORT,51288.42,-24.13605254363478,-32.136052543634776,3.591453977330215,-50.71710144317228,10,TIME_EXIT,Candlestick Patterns
2024-02-23 08:00:00,2024-02-23 08:15:00,2024-02-23 10:45:00,LONG,51168.23,0.5589405769934402,-7.44105942300656,1.2370957525782051,-66.10156341151593,10,TIME_EXIT,Candlestick Patterns
2024-02-23 14:00:00,2024-02-23 14:15:00,2024-02-23 14:45:00,SHORT,51002.39,9.619711938989468,1.619711938989468,39.61971193898947,-58.3521674180368,2,TRAILING_STOP,Candlestick Patterns
2024-02-23 19:00:00,2024-02-23 19:15:00,2024-02-23 20:15:00,LONG,51087.42,0.18500836409484478,-7.814991635905155,20.185008364094845,-20.44926128585103,4,TRAILING_STOP,Candlestick Patterns
2024-02-23 22:15:00,2024-02-23 22:30:00,2024-02-24 01:00:00,LONG,50956.69,-39.14696971094535,-47.14696971094535,0.0,-85.5020214225065,10,TIME_EXIT,Candlestick Patterns
2024-02-24 08:30:00,2024-02-24 08:45:00,2024-02-24 10:00:00,SHORT,51007.15,-26.014284271910558,-34.014284271910554,3.9857157280894433,-29.735046949299903,5,TRAILING_STOP,Candlestick Patterns
2024-02-24 11:15:00,2024-02-24 11:30:00,2024-02-24 14:00:00,LONG,51119.6,-6.181582015508444,-14.181582015508443,11.89563298617457,-17.069773628902034,10,TIME_EXIT,Candlestick Patterns
2024-02-24 15:15:00,2024-02-24 15:30:00,2024-02-24 17:00:00,SHORT,51129.19,-23.31106164599823,-31.31106164599823,6.688938354001769,-31.969996004239285,6,TRAILING_STOP,Candlestick Patterns
2024-02-24 20:15:00,2024-02-24 20:30:00,2024-02-24 22:45:00,LONG,51560.54,0.4536259705579333,-7.546374029442067,20.453625970557933,-17.90128652647992,9,TRAILING_STOP,Candlestick Patterns
2024-02-25 02:30:00,2024-02-25 02:45:00,2024-02-25 03:45:00,SHORT,51695.22,16.08549881400988,8.085498814009881,46.08549881400988,0.0,4,TRAILING_STOP,Candlestick Patterns
2024-02-25 05:30:00,2024-02-25 05:45:00,2024-02-25 08:15:00,LONG,51665.19,12.542293950723035,4.542293950723035,26.098810436968588,-6.7511606944646205,10,TIME_EXIT,Candlestick Patterns
2024-02-25 08:15:00,2024-02-25 08:30:00,2024-02-25 11:00:00,SHORT,51729.99,22.41833025678164,14.41833025678164,38.32593047089218,0.0,10,TIME_EXIT,Candlestick Patterns
2024-02-25 11:00:00,2024-02-25 11:15:00,2024-02-25 12:15:00,LONG,51614.01,-3.3378572988225486,-11.337857298822549,16.66214270117745,-5.550818469636724,4,TRAILING_STOP,Candlestick Patterns
2024-02-25 15:45:00,2024-02-25 16:00:00,2024-02-25 16:15:00,LONG,51524.02,-0.2072897262280371,-8.207289726228037,19.792710273771963,-12.42527271746203,1,TRAILING_STOP,Candlestick Patterns
2024-02-25 22:00:00,2024-02-25 22:15:00,2024-02-25 22:45:00,LONG,51731.1,4.917312796364559,-3.082687203635441,24.91731279636456,-9.257487275545932,2,TRAILING_STOP,Candlestick Patterns
2024-02-26 00:45:00,2024-02-26 01:00:00,2024-02-26 03:30:00,SHORT,51678.9,35.122651604426956,27.122651604426956,53.96786696311289,0.0,10,TIME_EXIT,Candlestick Patterns
2024-02-26 06:45:00,2024-02-26 07:00:00,2024-02-26 09:30:00,LONG,51521.08,-109.25819101618279,-117.25819101618279,0.0,-110.84394969981253,10,TIME_EXIT,Candlestick Patterns
2024-02-26 16:30:00,2024-02-26 16:45:00,2024-02-26 17:15:00,LONG,53306.02,16.389886170455647,8.389886170455647,36.38988617045565,-17.213815625326138,2,TRAILING_STOP,Candlestick Patterns
2024-02-26 20:00:00,2024-02-26 20:15:00,2024-02-26 20:45:00,LONG,54547.59,1.3006660789234417,-6.699333921076558,21.30066607892344,-52.70260335974439,2,TRAILING_STOP,Candlestick Patterns
2024-02-27 02:30:00,2024-02-27 02:45:00,2024-02-27 03:45:00,LONG,56259.99,28.00925133474047,20.00925133474047,48.00925133474047,-131.98544827327478,4,TRAILING_STOP,Candlestick Patterns
2024-02-27 10:00:00,2024-02-27 10:15:00,2024-02-27 10:30:00,LONG,56612.59,-1.9792735149541691,-9.97927351495417,18.02072648504583,-43.54685062103657,1,TRAILING_STOP,Candlestick Patterns
2024-02-27 13:15:00,2024-02-27 13:30:00,2024-02-27 14:15:00,SHORT,56769.45,-8.960514854381177,-16.960514854381177,21.039485145618823,-73.21191239302172,3,TRAILING_STOP,Candlestick Patterns
2024-02-27 17:45:00,2024-02-27 18:00:00,2024-02-27 20:30:00,SHORT,56759.99,-17.619805782207155,-25.619805782207155,0.0,-145.90559300662377,10,TIME_EXIT,Candlestick Patterns
2024-02-28 00:00:00,2024-02-28 00:15:00,2024-02-28 02:15:00,SHORT,56935.8,12.846504308362114,4.846504308362114,42.846504308362114,-29.032699988407227,8,TRAILING_STOP,Candlestick Patterns
2024-02-28 04:00:00,2024-02-28 04:15:00,2024-02-28 05:15:00,LONG,56976.2,31.818127569056067,23.818127569056067,51.81812756905607,0.0,4,TRAILING_STOP,Candlestick Patterns
2024-02-28 11:15:00,2024-02-28 11:30:00,2024-02-28 13:00:00,LONG,59369.01,81.22958088740202,73.22958088740202,101.22958088740202,-146.37434580768686,6,TRAILING_STOP,Candlestick Patterns
2024-02-28 16:00:00,2024-02-28 16:15:00,2024-02-28 17:30:00,SHORT,61047.37,354.5161552414138,346.5161552414138,384.5161552414138,-483.66211353576693,5,TRAILING_STOP,Candlestick Patterns
2024-02-28 20:30:00,2024-02-28 20:45:00,2024-02-28 21:00:00,SHORT,60030.01,8.720633229946543,0.720633229946543,38.72063322994654,-79.95834083652458,1,TRAILING_STOP,Candlestick Patterns
2024-02-29 02:15:00,2024-02-29 02:30:00,2024-02-29 03:00:00,LONG,61294.71,52.97530243637712,44.97530243637712,72.97530243637712,0.0,2,TRAILING_STOP,Candlestick Patterns
2024-02-29 05:15:00,2024-02-29 05:30:00,2024-02-29 05:45:00,LONG,62167.46,60.29924336622477,52.29924336622477,80.29924336622477,-6.228338748277823,1,TRAILING_STOP,Candlestick Patterns
2024-02-29 08:15:00,2024-02-29 08:30:00,2024-02-29 09:30:00,SHORT,62482.25,5.707740998443647,-2.292259001556353,35.70774099844365,-77.0154723941598,4,TRAILING_STOP,Candlestick Patterns
2024-02-29 12:45:00,2024-02-29 13:00:00,2024-02-29 13:15:00,LONG,62661.05,4.38995197175829,-3.6100480282417102,24.38995197175829,-97.33957538215562,1,TRAILING_STOP,Candlestick Patterns
2024-02-29 20:45:00,2024-02-29 21:00:00,2024-02-29 21:30:00,SHORT,61934.73,188.0779669177541,180.0779669177541,218.0779669177541,0.0,2,TRAILING_STOP,Candlestick Patterns
2024-03-01 01:15:00,2024-03-01 01:30:00,2024-03-01 04:00:00,LONG,61503.18,-52.945229823888354,-60.945229823888354,0.0,-118.07194359706284,10,TIME_EXIT,Candlestick Patterns
2024-03-01 04:45:00,2024-03-01 05:00:00,2024-03-01 05:45:00,LONG,61524.08,-18.925623918309615,-26.925623918309615,1.0743760816903856,-37.09441896571247,3,TRAILING_STOP,Candlestick Patterns
2024-03-01 10:15:00,2024-03-01 10:30:00,2024-03-01 12:45:00,LONG,62130.01,51.6207835794644,43.6207835794644,71.6207835794644,-51.34394795687301,9,TRAILING_STOP,Candlestick Patterns
2024-03-01 14:45:00,2024-03-01 15:00:00,2024-03-01 15:30:00,LONG,61948.3,-15.044254644599274,-23.044254644599274,4.955745355400727,-74.79139863402219,2,TRAILING_STOP,Candlestick Patterns
2024-03-01 19:30:00,2024-03-01 19:45:00,2024-03-01 20:45:00,LONG,62321.76,107.15783379673506,99.15783379673506,127.15783379673506,-17.050224512273406,4,TRAILING_STOP,Candlestick Patterns
2024-03-02 01:00:00,2024-03-02 01:15:00,2024-03-02 03:30:00,SHORT,62042.92,-14.866927604310142,-22.866927604310142,15.133072395689858,-61.857178869079476,9,TRAILING_STOP,Candlestick Patterns
2024-03-02 03:45:00,2024-03-02 04:00:00,2024-03-02 06:30:00,LONG,62307.45,-32.01222325741129,-40.01222325741129,0.0,-89.09849464229305,10,TIME_EXIT,Candlestick Patterns
2024-03-02 11:30:00,2024-03-02 11:45:00,2024-03-02 13:00:00,LONG,61958.18,13.830883993041851,5.8308839930418515,33.83088399304185,-22.302139927286483,5,TRAILING_STOP,Candlestick Patterns
2024-03-02 14:45:00,2024-03-02 15:00:00,2024-03-02 15:45:00,LONG,61840.12,2.8961392701043422,-5.103860729895658,22.896139270104342,-21.05914412844011,3,TRAILING_STOP,Candlestick Patterns
2024-03-02 19:45:00,2024-03-02 20:00:00,2024-03-02 22:30:00,LONG,62114.76,-48.80160528673131,-56.80160528673131,0.0,-56.7836050561894,10,TIME_EXIT,Candlestick Patterns
2024-03-02 23:00:00,2024-03-02 23:15:00,2024-03-03 00:00:00,LONG,61910.0,6.128250686480705,-1.8717493135192953,26.128250686480705,-13.115813277337601,3,TRAILING_STOP,Candlestick Patterns
2024-03-03 01:45:00,2024-03-03 02:00:00,2024-03-03 04:30:00,LONG,61795.52,41.27321851163368,33.27321851163368,49.2721802486658,-24.780113509846245,10,TIME_EXIT,Candlestick Patterns
2024-03-03 05:45:00,2024-03-03 06:00:00,2024-03-03 06:15:00,SHORT,61900.0,-15.460420032310177,-23.460420032310175,14.539579967689823,-23.10177705977383,1,TRAILING_STOP,Candlestick Patterns
2024-03-03 09:00:00,2024-03-03 09:15:00,2024-03-03 09:30:00,LONG,61826.23,-9.530333646415782,-17.530333646415784,10.469666353584218,-16.95720408635684,1,TRAILING_STOP,Candlestick Patterns
2024-03-03 15:00:00,2024-03-03 15:15:00,2024-03-03 16:00:00,SHORT,62115.99,-25.493913885941772,-33.49391388594177,4.506086114058227,-31.705201832893966,3,TRAILING_STOP,Candlestick Patterns
2024-03-03 18:30:00,2024-03-03 18:45:00,2024-03-03 19:30:00,LONG,62814.61,-13.251569977112105,-21.251569977112105,6.748430022887894,-25.586404182084575,3,TRAILING_STOP,Candlestick Patterns
2024-03-03 23:45:00,2024-03-04 00:00:00,2024-03-04 00:45:00,LONG,63113.97,162.88660973156922,154.88660973156922,182.88660973156922,-128.96827754615992,3,TRAILING_STOP,Candlestick Patterns
2024-03-04 03:15:00,2024-03-04 03:30:00,2024-03-04 04:30:00,LONG,63741.1,-14.681610452282522,-22.68161045228252,5.318389547717478,-60.57316237090332,4,TRAILING_STOP,Candlestick Patterns
2024-03-04 09:00:00,2024-03-04 09:15:00,2024-03-04 09:30:00,LONG,65051.1,57.46217973254895,49.46217973254895,77.46217973254895,0.0,1,TRAILING_STOP,Candlestick Patterns
2024-03-04 14:00:00,2024-03-04 14:15:00,2024-03-04 14:30:00,LONG,65224.9,141.7633756433507,133.7633756433507,161.7633756433507,0.0,1,TRAILING_STOP,Candlestick Patterns
2024-03-04 20:00:00,2024-03-04 20:15:00,2024-03-04 20:30:00,LONG,67337.93,44.16443154697613,36.16443154697613,64.16443154697613,-10.398300036842466,1,TRAILING_STOP,Candlestick Patterns
2024-03-04 23:15:00,2024-03-04 23:30:00,2024-03-04 23:45:00,SHORT,67921.95,8.566325024531409,0.5663250245314089,38.56632502453141,-60.04539033405203,1,TRAILING_STOP,Candlestick Patterns
2024-03-05 02:00:00,2024-03-05 02:15:00,2024-03-05 02:30:00,SHORT,68125.21,8.049057023091216,0.04905702309121551,38.049057023091216,-23.79148629413211,1,TRAILING_STOP,Candlestick Patterns
2024-03-05 08:00:00,2024-03-05 08:15:00,2024-03-05 09:00:00,LONG,66414.15,50.85387677174322,42.85387677174322,70.85387677174322,-8.069063595633839,3,TRAILING_STOP,Candlestick Patterns
2024-03-05 10:45:00,2024-03-05 11:00:00,2024-03-05 11:15:00,SHORT,66810.18,0.9862958010275591,-7.013704198972441,30.98629580102756,-6.003576101725902,1,TRAILING_STOP,Candlestick Patterns
2024-03-05 15:45:00,2024-03-05 16:00:00,2024-03-05 16:15:00,SHORT,66773.05,266.24975944636367,258.24975944636367,296.24975944636367,0.0,1,TRAILING_STOP,Candlestick Patterns
2024-03-05 19:15:00,2024-03-05 19:30:00,2024-03-05 21:00:00,LONG,63243.87,-7.7885398221209545,-15.788539822120955,12.211460177879045,-670.2420329432722,6,TRAILING_STOP,Candlestick Patterns
2024-03-05 23:15:00,2024-03-05 23:30:00,2024-03-05 23:45:00,LONG,63757.21,75.68486450395142,67.68486450395142,95.68486450395142,-14.200746864550828,1,TRAILING_STOP,Candlestick Patterns
2024-03-06 06:45:00,2024-03-06 07:00:00,2024-03-06 09:30:00,SHORT,65737.22,-151.02251053512742,-159.02251053512742,0.0,-289.6197922577201,10,TIME_EXIT,Candlestick Patterns
2024-03-06 11:00:00,2024-03-06 11:15:00,2024-03-06 12:00:00,LONG,66574.39,132.89963603121234,124.89963603121234,152.89963603121234,0.0,3,TRAILING_STOP,Candlestick Patterns
2024-03-06 16:30:00,2024-03-06 16:45:00,2024-03-06 18:45:00,SHORT,66613.79,-29.431048736306163,-37.43104873630617,0.5689512636938384,-127.78285096824644,8,TRAILING_STOP,Candlestick Patterns
2024-03-06 19:15:00,2024-03-06 19:30:00,2024-03-06 20:15:00,LONG,67175.01,8.071450975594498,0.07145097559449809,28.071450975594498,-81.96798184324727,3,TRAILING_STOP,Candlestick Patterns
2024-03-06 23:45:00,2024-03-07 00:00:00,2024-03-07 00:15:00,LONG,66074.04,6.6398119442982555,-1.3601880557017445,26.639811944298255,-56.48965917628164,1,TRAILING_STOP,Candlestick Patterns
2024-03-07 03:45:00,2024-03-07 04:00:00,2024-03-07 05:00:00,SHORT,65847.3,-19.32378396684406,-27.32378396684406,10.676216033155939,-48.21002531614767,4,TRAILING_STOP,Candlestick Patterns
2024-03-07 08:45:00,2024-03-07 09:00:00,2024-03-07 09:30:00,SHORT,66665.4,-8.660594551297258,-16.660594551297258,21.339405448702742,-30.882586769149317,2,TRAILING_STOP,Candlestick Patterns
2024-03-07 13:15:00,2024-03-07 13:30:00,2024-03-07 14:30:00,LONG,66881.03,132.2060889313459,124.2060889313459,152.2060889313459,-11.916682503244505,4,TRAILING_STOP,Candlestick Patterns
2024-03-07 18:15:00,2024-03-07 18:30:00,2024-03-07 18:45:00,LONG,67621.1,2.019754189150156,-5.980245810849844,22.019754189150156,-10.13145305237704,1,TRAILING_STOP,Candlestick Patterns
2024-03-07 22:15:00,2024-03-07 22:30:00,2024-03-08 01:00:00,LONG,67375.76,-54.19753335620837,-62.19753335620837,0.0,-91.8371829868776,10,TIME_EXIT,Candlestick Patterns
2024-03-08 01:00:00,2024-03-08 01:15:00,2024-03-08 01:30:00,SHORT,67010.61,-0.19576452146888812,-8.195764521468888,29.804235478531112,-4.293349963536233,1,TRAILING_STOP,Candlestick Patterns
2024-03-08 07:30:00,2024-03-08 07:45:00,2024-03-08 08:30:00,SHORT,67366.08,18.595673074638654,10.595673074638654,48.595673074638654,0.0,3,TRAILING_STOP,Candlestick Patterns
2024-03-08 10:45:00,2024-03-08 11:00:00,2024-03-08 11:15:00,LONG,67336.66,3.6320007556047607,-4.367999244395239,23.63200075560476,-0.20791052006570138,1,TRAILING_STOP,Candlestick Patterns
2024-03-08 17:45:00,2024-03-08 18:00:00,2024-03-08 18:45:00,SHORT,68340.0,-24.14691249634182,-32.14691249634182,5.8530875036581795,-63.85718466490989,3,TRAILING_STOP,Candlestick Patterns
2024-03-08 23:15:00,2024-03-08 23:30:00,2024-03-09 00:00:00,SHORT,68201.1,-1.2541293322244194,-9.25412933222442,28.74587066777558,-11.422103162558107,2,TRAILING_STOP,Candlestick Patterns
2024-03-09 06:15:00,2024-03-09 06:30:00,2024-03-09 07:45:00,LONG,68268.67,19.90556722432231,11.905567224322311,39.90556722432231,0.0,5,TRAILING_STOP,Candlestick Patterns
2024-03-09 09:45:00,2024-03-09 10:00:00,2024-03-09 12:15:00,LONG,68301.1,-13.269508104554514,-21.269508104554514,6.730491895445485,-53.75755295302898,9,TRAILING_STOP,Candlestick Patterns
2024-03-09 12:30:00,2024-03-09 12:45:00,2024-03-09 13:00:00,LONG,68338.76,6.6817835149497995,-1.3182164850502005,26.6817835149498,0.0,1,TRAILING_STOP,Candlestick Patterns
2024-03-09 18:30:00,2024-03-09 18:45:00,2024-03-09 21:15:00,LONG,68289.71,-8.765595870886049,-16.76559587088605,11.17884378188112,-20.92994683972264,10,TIME_EXIT,Candlestick Patterns
2024-03-09 23:15:00,2024-03-09 23:30:00,2024-03-10 01:00:00,SHORT,68315.95,-13.02738965058715,-21.02738965058715,16.97261034941285,-92.811415196598,6,TRAILING_STOP,Candlestick Patterns
2024-03-10 06:15:00,2024-03-10 06:30:00,2024-03-10 09:00:00,SHORT,69203.07,-50.42117351152095,-58.42117351152095,0.0,-69.920308448743,10,TIME_EXIT,Candlestick Patterns
2024-03-10 11:45:00,2024-03-10 12:00:00,2024-03-10 12:30:00,SHORT,69568.45,-8.930104091725237,-16.930104091725237,21.069895908274763,-38.074730714857765,2,TRAILING_STOP,Candlestick Patterns
2024-03-10 14:30:00,2024-03-10 14:45:00,2024-03-10 17:15:00,SHORT,68888.69,-74.22118202567111,-82.22118202567111,0.0,-127.7263365002295,10,TIME_EXIT,Candlestick Patterns
2024-03-10 17:15:00,2024-03-10 17:30:00,2024-03-10 19:15:00,SHORT,69399.99,11.512974281409235,3.5129742814092353,41.512974281409235,-28.81988887894577,7,TRAILING_STOP,Candlestick Patterns
2024-03-10 20:30:00,2024-03-10 20:45:00,2024-03-10 22:45:00,SHORT,69300.0,143.91774891774892,135.91774891774892,173.91774891774892,-12.474747474747055,8,TRAILING_STOP,Candlestick Patterns
2024-03-10 23:30:00,2024-03-10 23:45:00,2024-03-11 00:15:00,LONG,68782.28,5.24196639018005,-2.7580336098199503,25.24196639018005,-43.836871938528944,2,TRAILING_STOP,Candlestick Patterns
2024-03-11 03:45:00,2024-03-11 04:00:00,2024-03-11 05:15:00,LONG,68604.41,9.5943074213449,1.5943074213449009,29.5943074213449,-19.74508635815196,5,TRAILING_STOP,Candlestick Patterns
2024-03-11 06:30:00,2024-03-11 06:45:00,2024-03-11 07:15:00,LONG,68722.77,284.0084094398401,276.0084094398401,304.0084094398401,0.0,2,TRAILING_STOP,Candlestick Patterns
2024-03-11 11:00:00,2024-03-11 11:15:00,2024-03-11 11:45:00,LONG,71681.09,56.06050633437722,48.06050633437722,76.06050633437722,-57.33729774477481,2,TRAILING_STOP,Candlestick Patterns
2024-03-11 14:45:00,2024-03-11 15:00:00,2024-03-11 15:30:00,LONG,72170.69,47.95140797462287,39.95140797462287,67.95140797462287,0.0,2,TRAILING_STOP,Candlestick Patterns
2024-03-11 18:15:00,2024-03-11 18:30:00,2024-03-11 19:15:00,LONG,72505.5,20.617608319368877,12.617608319368877,40.61760831936888,-29.171580087027156,3,TRAILING_STOP,Candlestick Patterns
2024-03-11 21:45:00,2024-03-11 22:00:00,2024-03-11 22:30:00,LONG,72517.32,12.086127838148592,4.086127838148592,32.08612783814859,-0.29785987678577924,2,TRAILING_STOP,Candlestick Patterns
2024-03-12 02:15:00,2024-03-12 02:30:00,2024-03-12 05:00:00,LONG,72299.96,-49.13004101247171,-57.13004101247171,0.0,-138.16881779741044,10,TIME_EXIT,Candlestick Patterns
2024-03-12 05:15:00,2024-03-12 05:30:00,2024-03-12 06:30:00,SHORT,71899.68,33.78053421099888,25.78053421099888,63.78053421099888,-16.901326960009293,4,TRAILING_STOP,Candlestick Patterns
2024-03-12 08:30:00,2024-03-12 08:45:00,2024-03-12 09:45:00,LONG,71681.1,36.35516196040405,28.355161960404047,56.35516196040405,-0.527335657516254,4,TRAILING_STOP,Candlestick Patterns
2024-03-12 11:30:00,2024-03-12 11:45:00,2024-03-12 12:30:00,SHORT,72114.9,59.426734280986906,51.426734280986906,89.4267342809869,-24.85894038541329,3,TRAILING_STOP,Candlestick Patterns
2024-03-12 15:00:00,2024-03-12 15:15:00,2024-03-12 15:30:00,LONG,71944.05,-0.6015924874958145,-8.601592487495815,19.398407512504185,-12.463852118416776,1,TRAILING_STOP,Candlestick Patterns
2024-03-12 19:15:00,2024-03-12 19:30:00,2024-03-12 20:30:00,SHORT,71403.99,79.64233231224185,71.64233231224185,109.64233231224185,-22.885275738791197,4,TRAILING_STOP,Candlestick Patterns
2024-03-12 22:30:00,2024-03-12 22:45:00,2024-03-13 00:00:00,LONG,71249.57,49.53445473425215,41.53445473425215,69.53445473425215,-30.254217674578555,5,TRAILING_STOP,Candlestick Patterns
2024-03-13 02:30:00,2024-03-13 02:45:00,2024-03-13 04:30:00,SHORT,71882.53,-29.845581395089937,-37.84558139508994,0.15441860491006398,-46.6399833172253,7,TRAILING_STOP,Candlestick Patterns
2024-03-13 08:00:00,2024-03-13 08:15:00,2024-03-13 08:45:00,LONG,73190.03,38.89736621231157,30.897366212311567,58.89736621231157,0.0,2,TRAILING_STOP,Candlestick Patterns
2024-03-13 14:00:00,2024-03-13 14:15:00,2024-03-13 15:15:00,LONG,72673.59,37.492687508626865,29.492687508626865,57.492687508626865,-66.54136667804656,4,TRAILING_STOP,Candlestick Patterns
2024-03-13 18:30:00,2024-03-13 18:45:00,2024-03-13 19:45:00,SHORT,73069.22,9.734925321496043,1.7349253214960427,39.73492532149604,-44.474267003260906,4,TRAILING_STOP,Candlestick Patterns
2024-03-13 22:00:00,2024-03-13 22:15:00,2024-03-13 23:00:00,SHORT,73139.65,18.05874788845722,10.05874788845722,48.05874788845722,0.0,3,TRAILING_STOP,Candlestick Patterns
2024-03-14 01:45:00,2024-03-14 02:00:00,2024-03-14 02:45:00,LONG,72928.32,19.995436615020473,11.995436615020473,39.99543661502047,-15.20945498264773,3,TRAILING_STOP,Candlestick Patterns
2024-03-14 05:00:00,2024-03-14 05:15:00,2024-03-14 07:45:00,SHORT,72763.99,-63.219457866452174,-71.21945786645217,0.0,-139.21858875523384,10,TIME_EXIT,Candlestick Patterns
2024-03-14 09:00:00,2024-03-14 09:15:00,2024-03-14 11:45:00,LONG,73456.89,-77.98996118675858,-85.98996118675858,0.0,-112.9764682387179,10,TIME_EXIT,Candlestick Patterns
2024-03-14 12:15:00,2024-03-14 12:30:00,2024-03-14 13:00:00,LONG,72761.33,1.7519388389415198,-6.24806116105848,21.75193883894152,-36.512526640180745,2,TRAILING_STOP,Candlestick Patterns
2024-03-14 15:00:00,2024-03-14 15:15:00,2024-03-14 17:45:00,LONG,71928.23,-124.04309128696774,-132.04309128696775,0.0,-284.760239477601,10,TIME_EXIT,Candlestick Patterns
2024-03-14 18:45:00,2024-03-14 19:00:00,2024-03-14 19:15:00,LONG,70098.49,-4.09238201850072,-12.09238201850072,15.90761798149928,-97.84804209049419,1,TRAILING_STOP,Candlestick Patterns
2024-03-14 23:45:00,2024-03-15 00:00:00,2024-03-15 00:15:00,SHORT,71388.94,-11.097912365696658,-19.097912365696658,18.902087634303342,-100.92459700340007,1,TRAILING_STOP,Candlestick Patterns
2024-03-15 03:15:00,2024-03-15 03:30:00,2024-03-15 04:00:00,SHORT,67439.25,-16.765867058130095,-24.765867058130095,13.234132941869905,-220.5718479965308,2,TRAILING_STOP,Candlestick Patterns
2024-03-15 06:45:00,2024-03-15 07:00:00,2024-03-15 07:45:00,LONG,68669.99,7.830206470104418,-0.16979352989558194,27.830206470104418,-78.59910857712447,3,TRAILING_STOP,Candlestick Patterns
2024-03-15 12:45:00,2024-03-15 13:00:00,2024-03-15 13:15:00,LONG,67915.0,-14.892144592504994,-22.892144592504994,5.1078554074950056,-41.96274755208794,1,TRAILING_STOP,Candlestick Patterns
2024-03-15 15:30:00,2024-03-15 15:45:00,2024-03-15 16:45:00,LONG,68399.98,-16.42105158510127,-24.42105158510127,3.5789484148987296,-128.65062241246287,4,TRAILING_STOP,Candlestick Patterns
2024-03-16 00:00:00,2024-03-16 00:15:00,2024-03-16 00:30:00,LONG,69772.0,8.234821991629882,0.23482199162988238,28.234821991629882,-11.223700051596296,1,TRAILING_STOP,Candlestick Patterns
2024-03-16 06:15:00,2024-03-16 06:30:00,2024-03-16 09:00:00,SHORT,69025.91,-0.5519666455679717,-8.551966645567973,10.707573431484423,-63.019813864098275,10,TIME_EXIT,Candlestick Patterns
2024-03-16 11:45:00,2024-03-16 12:00:00,2024-03-16 12:15:00,SHORT,68256.0,6.040787623066102,-1.9592123769338983,36.0407876230661,-29.467006563526233,1,TRAILING_STOP,Candlestick Patterns
2024-03-16 21:45:00,2024-03-16 22:00:00,2024-03-16 22:15:00,SHORT,66243.29,6.539549892523212,-1.4604501074767882,36.53954989252321,-40.262191083807345,1,TRAILING_STOP,Candlestick Patterns
2024-03-17 00:30:00,2024-03-17 00:45:00,2024-03-17 01:00:00,SHORT,65711.38,44.6948245494162,36.6948245494162,74.6948245494162,-11.978138337680909,1,TRAILING_STOP,Candlestick Patterns
2024-03-17 03:30:00,2024-03-17 03:45:00,2024-03-17 05:45:00,SHORT,66344.05,21.858456033359865,13.858456033359865,51.858456033359865,-32.550017673023746,8,TRAILING_STOP,Candlestick Patterns
2024-03-17 06:15:00,2024-03-17 06:30:00,2024-03-17 07:00:00,SHORT,65974.33,135.87208994771174,127.87208994771174,165.87208994771174,0.0,2,TRAILING_STOP,Candlestick Patterns
2024-03-17 10:30:00,2024-03-17 10:45:00,2024-03-17 13:00:00,SHORT,66879.99,36.248514690269374,28.248514690269374,66.24851469026937,-94.94768166083676,9,TRAILING_STOP,Candlestick Patterns
2024-03-17 17:45:00,2024-03-17 18:00:00,2024-03-17 20:15:00,LONG,68550.22,-3.11019279004519,-11.11019279004519,16.88980720995481,-75.91077023531001,9,TRAILING_STOP,Candlestick Patterns
2024-03-17 22:30:00,2024-03-17 22:45:00,2024-03-18 01:15:00,LONG,68774.4,-213.60564396054312,-221.60564396054312,0.0,-287.08356597803754,10,TIME_EXIT,Candlestick Patterns
2024-03-18 04:15:00,2024-03-18 04:30:00,2024-03-18 04:45:00,LONG,68000.0,62.185294117647146,54.185294117647146,82.18529411764715,0.0,1,TRAILING_STOP,Candlestick Patterns
2024-03-18 07:00:00,2024-03-18 07:15:00,2024-03-18 09:45:00,LONG,68447.05,-88.10752253019041,-96.10752253019041,0.0,-167.58209448033227,10,TIME_EXIT,Candlestick Patterns
2024-03-18 12:45:00,2024-03-18 13:00:00,2024-03-18 13:30:00,LONG,68550.53,-15.700981451200864,-23.700981451200864,4.299018548799136,-145.66335227459203,2,TRAILING_STOP,Candlestick Patterns
2024-03-18 21:30:00,2024-03-18 21:45:00,2024-03-18 22:45:00,SHORT,67550.0,7.894892672094137,-0.10510732790586275,37.89489267209414,-23.686158401184308,4,TRAILING_STOP,Candlestick Patterns
2024-03-19 02:45:00,2024-03-19 03:00:00,2024-03-19 03:30:00,SHORT,65875.87,124.20972808404585,116.20972808404585,154.20972808404585,0.0,2,TRAILING_STOP,Candlestick Patterns
2024-03-19 06:15:00,2024-03-19 06:30:00,2024-03-19 06:45:00,SHORT,64991.99,29.179600439991965,21.179600439991965,59.179600439991965,0.0,1,TRAILING_STOP,Candlestick Patterns
2024-03-19 09:00:00,2024-03-19 09:15:00,2024-03-19 09:30:00,LONG,63796.0,-4.883064768950666,-12.883064768950666,15.116935231049334,-57.78575459276467,1,TRAILING_STOP,Candlestick Patterns
2024-03-19 16:30:00,2024-03-19 16:45:00,2024-03-19 17:15:00,LONG,64859.99,118.1452571916835,110.1452571916835,138.1452571916835,-13.606230898277968,2,TRAILING_STOP,Candlestick Patterns
2024-03-19 20:30:00,2024-03-19 20:45:00,2024-03-19 21:00:00,SHORT,63799.93,-11.374587715064617,-19.374587715064617,18.625412284935383,-22.12698352490328,1,TRAILING_STOP,Candlestick Patterns
2024-03-20 05:30:00,2024-03-20 05:45:00,2024-03-20 06:30:00,LONG,61483.88,69.39741603815528,61.397416038155285,89.39741603815528,0.0,3,TRAILING_STOP,Candlestick Patterns
2024-03-20 08:45:00,2024-03-20 09:00:00,2024-03-20 11:30:00,SHORT,62684.71,-122.38072091264351,-130.3807209126435,0.0,-203.08461186148884,10,TIME_EXIT,Candlestick Patterns
2024-03-20 14:45:00,2024-03-20 15:00:00,2024-03-20 17:15:00,LONG,64227.38,65.5305011663256,57.53050116632561,85.5305011663256,-343.3706933086789,9,TRAILING_STOP,Candlestick Patterns
2024-03-20 18:30:00,2024-03-20 18:45:00,2024-03-20 19:00:00,LONG,64440.0,181.73805090006206,173.73805090006206,201.73805090006206,0.0,1,TRAILING_STOP,Candlestick Patterns
2024-03-20 23:30:00,2024-03-20 23:45:00,2024-03-21 00:30:00,SHORT,67736.0,15.17538679579544,7.17538679579544,45.17538679579544,-74.47590646037574,3,TRAILING_STOP,Candlestick Patterns
2024-03-21 02:15:00,2024-03-21 02:30:00,2024-03-21 03:45:00,SHORT,67746.02,177.54281948961784,169.54281948961784,207.54281948961784,-4.881467575511068,5,TRAILING_STOP,Candlestick Patterns
2024-03-21 05:45:00,2024-03-21 06:00:00,2024-03-21 06:15:00,LONG,67009.51,21.72691309039577,13.726913090395769,41.72691309039577,-14.660605636422456,1,TRAILING_STOP,Candlestick Patterns
2024-03-21 08:45:00,2024-03-21 09:00:00,2024-03-21 10:00:00,SHORT,67283.54,64.15973059681367,56.159730596813674,94.15973059681367,0.0,4,TRAILING_STOP,Candlestick Patterns
2024-03-21 14:30:00,2024-03-21 14:45:00,2024-03-21 15:00:00,SHORT,67049.99,143.60628987416683,135.60628987416683,173.60628987416683,0.0,1,TRAILING_STOP,Candlestick Patterns
2024-03-21 20:00:00,2024-03-21 20:15:00,2024-03-21 20:30:00,LONG,65481.11,8.846487177752394,0.8464871777523939,28.846487177752394,-34.35952750342778,1,TRAILING_STOP,Candlestick Patterns
2024-03-22 00:30:00,2024-03-22 00:45:00,2024-03-22 01:15:00,LONG,65651.6,22.405668711805063,14.405668711805063,42.40566871180506,-10.496316921446466,2,TRAILING_STOP,Candlestick Patterns
2024-03-22 04:30:00,2024-03-22 04:45:00,2024-03-22 05:00:00,LONG,65925.49,29.06599859932799,21.06599859932799,49.06599859932799,0.0,1,TRAILING_STOP,Candlestick Patterns
2024-03-22 07:15:00,2024-03-22 07:30:00,2024-03-22 08:30:00,LONG,66259.99,-4.438572960847026,-12.438572960847026,15.561427039152974,-60.176586202323676,4,TRAILING_STOP,Candlestick Patterns
2024-03-22 10:00:00,2024-03-22 10:15:00,2024-03-22 10:30:00,SHORT,65163.99,53.48782817012906,45.48782817012906,83.48782817012906,0.0,1,TRAILING_STOP,Candlestick Patterns
2024-03-22 17:00:00,2024-03-22 17:15:00,2024-03-22 17:30:00,SHORT,63411.87,-20.21161180075596,-28.21161180075596,9.78838819924404,-52.263085759810615,1,TRAILING_STOP,Candlestick Patterns
2024-03-22 20:00:00,2024-03-22 20:15:00,2024-03-22 21:15:00,SHORT,63497.83,74.82720433123536,66.82720433123536,104.82720433123536,-27.487553511671322,4,TRAILING_STOP,Candlestick Patterns
2024-03-23 00:45:00,2024-03-23 01:00:00,2024-03-23 03:30:00,SHORT,63572.0,59.97671931038823,51.97671931038823,89.97671931038823,-126.29931416346874,10,TRAILING_STOP,Candlestick Patterns
2024-03-23 03:30:00,2024-03-23 03:45:00,2024-03-23 04:00:00,LONG,63355.99,81.6478473463993,73.6478473463993,101.6478473463993,0.0,1,TRAILING_STOP,Candlestick Patterns
2024-03-23 08:00:00,2024-03-23 08:15:00,2024-03-23 08:30:00,SHORT,64552.87,21.565484230213563,13.565484230213563,51.56548423021356,0.0,1,TRAILING_STOP,Candlestick Patterns
2024-03-23 17:30:00,2024-03-23 17:45:00,2024-03-23 20:00:00,SHORT,65639.71,117.28584267054288,109.28584267054288,147.28584267054288,-6.40008921428732,9,TRAILING_STOP,Candlestick Patterns
2024-03-23 21:00:00,2024-03-23 21:15:00,2024-03-23 21:30:00,SHORT,64905.46,-10.670347302060701,-18.6703473020607,19.3296526979393,-45.37522729212643,1,TRAILING_STOP,Candlestick Patterns
2024-03-24 01:15:00,2024-03-24 01:30:00,2024-03-24 04:00:00,LONG,64601.42,-71.0897686149933,-79.0897686149933,0.0,-105.03948674812406,10,TIME_EXIT,Candlestick Patterns
2024-03-24 05:15:00,2024-03-24 05:30:00,2024-03-24 06:30:00,LONG,64288.03,0.30082427475255,-7.69917572524745,20.30082427475255,-21.080129535777782,4,TRAILING_STOP,Candlestick Patterns
2024-03-24 10:00:00,2024-03-24 10:15:00,2024-03-24 12:45:00,SHORT,64925.14,-111.14800830618226,-119.14800830618226,0.0,-132.26617609141934,10,TIME_EXIT,Candlestick Patterns
2024-03-24 15:00:00,2024-03-24 15:15:00,2024-03-24 17:00:00,SHORT,65511.82,109.18251698701053,101.18251698701053,139.18251698701053,-49.9238152748626,7,TRAILING_STOP,Candlestick Patterns
2024-03-24 18:45:00,2024-03-24 19:00:00,2024-03-24 19:15:00,LONG,65846.01,-13.410382800719525,-21.410382800719525,6.589617199280476,-27.0859236573319,1,TRAILING_STOP,Candlestick Patterns
2024-03-24 21:30:00,2024-03-24 21:45:00,2024-03-25 00:15:00,SHORT,66309.9,-87.77573182888351,-95.77573182888351,0.0,-198.88282141882408,10,TIME_EXIT,Candlestick Patterns
2024-03-25 00:30:00,2024-03-25 00:45:00,2024-03-25 01:00:00,SHORT,66632.03,-13.393872286347243,-21.393872286347243,16.606127713652757,-25.208597126637322,1,TRAILING_STOP,Candlestick Patterns
2024-03-25 04:15:00,2024-03-25 04:30:00,2024-03-25 05:00:00,LONG,67199.99,44.474711975402,36.474711975402,64.474711975402,0.0,2,TRAILING_STOP,Candlestick Patterns
2024-03-25 07:15:00,2024-03-25 07:30:00,2024-03-25 08:45:00,LONG,67163.87,-14.620619687340135,-22.620619687340135,5.379380312659866,-67.57651100211994,5,TRAILING_STOP,Candlestick Patterns
2024-03-25 15:15:00,2024-03-25 15:30:00,2024-03-25 15:45:00,LONG,69482.96,54.4124890476735,46.4124890476735,74.4124890476735,0.0,1,TRAILING_STOP,Candlestick Patterns
2024-03-25 18:15:00,2024-03-25 18:30:00,2024-03-25 19:00:00,LONG,70643.95,23.181333999585654,15.181333999585654,43.181333999585654,-9.840899326836066,2,TRAILING_STOP,Candlestick Patterns
2024-03-25 23:15:00,2024-03-25 23:30:00,2024-03-26 00:30:00,SHORT,70161.1,32.084260366500956,24.084260366500956,62.084260366500956,-8.551747335774381,4,TRAILING_STOP,Candlestick Patterns
2024-03-26 06:30:00,2024-03-26 06:45:00,2024-03-26 08:00:00,SHORT,70398.0,-11.62731895792544,-19.62731895792544,18.37268104207456,-165.21776186823573,5,TRAILING_STOP,Candlestick Patterns
2024-03-26 09:15:00,2024-03-26 09:30:00,2024-03-26 10:00:00,LONG,71029.99,15.197808700239818,7.197808700239818,35.19780870023982,-4.067296081556455,2,TRAILING_STOP,Candlestick Patterns
2024-03-26 12:00:00,2024-03-26 12:15:00,2024-03-26 13:00:00,LONG,70759.81,33.25339341640502,25.253393416405018,53.25339341640502,0.0,3,TRAILING_STOP,Candlestick Patterns
2024-03-26 16:15:00,2024-03-26 16:30:00,2024-03-26 17:00:00,LONG,69876.85,-14.417321330312578,-22.41732133031258,5.582678669687422,-63.02087171931904,2,TRAILING_STOP,Candlestick Patterns
2024-03-26 19:45:00,2024-03-26 20:00:00,2024-03-26 22:30:00,SHORT,69477.66,-80.56114728101107,-88.56114728101107,0.0,-103.54263514344026,10,TIME_EXIT,Candlestick Patterns
2024-03-27 02:15:00,2024-03-27 02:30:00,2024-03-27 03:00:00,LONG,70396.71,21.34000012216331,13.34000012216331,41.34000012216331,-12.07442791005432,2,TRAILING_STOP,Candlestick Patterns
2024-03-27 07:00:00,2024-03-27 07:15:00,2024-03-27 08:00:00,SHORT,70053.99,29.095848787485934,21.095848787485934,59.095848787485934,0.0,3,TRAILING_STOP,Candlestick Patterns
2024-03-27 10:15:00,2024-03-27 10:30:00,2024-03-27 12:00:00,LONG,70200.4,4.927208391975725,-3.072791608024275,24.927208391975725,-36.05962359188829,6,TRAILING_STOP,Candlestick Patterns
2024-03-27 14:45:00,2024-03-27 15:00:00,2024-03-27 17:30:00,LONG,70050.74,-131.86727220868832,-139.86727220868832,0.0,-241.47639268336238,10,TIME_EXIT,Candlestick Patterns
2024-03-27 19:00:00,2024-03-27 19:15:00,2024-03-27 20:15:00,LONG,68930.02,13.800947685781992,5.800947685781992,33.80094768578199,-67.02594892617313,4,TRAILING_STOP,Candlestick Patterns
2024-03-27 23:00:00,2024-03-27 23:15:00,2024-03-27 23:45:00,SHORT,69329.71,7.11395879198286,-0.88604120801714,37.11395879198286,-44.418186661966,2,TRAILING_STOP,Candlestick Patterns
2024-03-28 04:45:00,2024-03-28 05:00:00,2024-03-28 05:30:00,LONG,69717.22,11.871609338409808,3.871609338409808,31.871609338409808,-15.379270716761392,2,TRAILING_STOP,Candlestick Patterns
2024-03-28 07:45:00,2024-03-28 08:00:00,2024-03-28 08:45:00,LONG,70399.04,46.2707900562292,38.2707900562292,66.2707900562292,-15.142251939797939,3,TRAILING_STOP,Candlestick Patterns
2024-03-28 15:45:00,2024-03-28 16:00:00,2024-03-28 16:15:00,SHORT,71290.38,66.84055548588809,58.84055548588809,96.84055548588809,0.0,1,TRAILING_STOP,Candlestick Patterns
2024-03-28 20:30:00,2024-03-28 20:45:00,2024-03-28 22:00:00,LONG,70768.01,-0.4304232943663031,-8.430423294366303,19.569576705633697,-30.806292278106277,5,TRAILING_STOP,Candlestick Patterns
2024-03-29 00:30:00,2024-03-29 00:45:00,2024-03-29 01:30:00,SHORT,70691.35,-23.734735579387273,-31.734735579387273,6.265264420612726,-31.801627780484836,3,TRAILING_STOP,Candlestick Patterns
2024-03-29 03:15:00,2024-03-29 03:30:00,2024-03-29 04:15:00,SHORT,70304.96,-27.303177471403668,-35.30317747140367,2.696822528596332,-27.457522200424208,3,TRAILING_STOP,Candlestick Patterns
2024-03-29 08:00:00,2024-03-29 08:15:00,2024-03-29 10:00:00,SHORT,69723.24,-7.447978607992795,-15.447978607992795,22.552021392007205,-51.16801800948934,7,TRAILING_STOP,Candlestick Patterns
2024-03-29 10:45:00,2024-03-29 11:00:00,2024-03-29 11:45:00,LONG,70108.01,9.95235494489221,1.9523549448922104,29.95235494489221,0.0,3,TRAILING_STOP,Candlestick Patterns
2024-03-29 14:00:00,2024-03-29 14:15:00,2024-03-29 16:45:00,LONG,70486.0,-185.7858298101749,-193.7858298101749,0.0,-209.54515790369717,10,TIME_EXIT,Candlestick Patterns
2024-03-29 17:15:00,2024-03-29 17:30:00,2024-03-29 17:45:00,SHORT,69340.0,-8.922699740410415,-16.922699740410415,21.077300259589585,-17.767522353619427,1,TRAILING_STOP,Candlestick Patterns
2024-03-29 20:45:00,2024-03-29 21:00:00,2024-03-29 23:30:00,LONG,69615.59,39.906291105196075,31.906291105196075,43.224513359723524,-46.76969627061934,10,TIME_EXIT,Candlestick Patterns
2024-03-30 02:45:00,2024-03-30 03:00:00,2024-03-30 03:30:00,LONG,69934.01,-9.706009994278142,-17.70600999427814,10.293990005721858,-15.147136564883526,2,TRAILING_STOP,Candlestick Patterns
2024-03-30 05:30:00,2024-03-30 05:45:00,2024-03-30 07:15:00,LONG,70022.0,-9.090571534660619,-17.09057153466062,10.909428465339381,-21.93453486047192,6,TRAILING_STOP,Candlestick Patterns
2024-03-30 09:00:00,2024-03-30 09:15:00,2024-03-30 10:00:00,LONG,69986.72,-1.2421556546729384,-9.242155654672938,18.75784434532706,-2.389024660678649,3,TRAILING_STOP,Candlestick Patterns
2024-03-30 13:15:00,2024-03-30 13:30:00,2024-03-30 16:00:00,SHORT,70162.16,31.12218894059142,23.12218894059142,34.51433080167479,-1.547842882830372,10,TIME_EXIT,Candlestick Patterns
2024-03-30 20:30:00,2024-03-30 20:45:00,2024-03-30 23:15:00,LONG,69857.86,-44.928373127948745,-52.928373127948745,0.0,-45.50096438682785,10,TIME_EXIT,Candlestick Patterns
2024-03-31 00:00:00,2024-03-31 00:15:00,2024-03-31 02:30:00,LONG,69722.96,43.522833798220006,35.522833798220006,63.522833798220006,0.0,9,TRAILING_STOP,Candlestick Patterns
2024-03-31 02:45:00,2024-03-31 03:00:00,2024-03-31 05:30:00,LONG,69990.01,33.454774474244076,25.454774474244076,41.34875820135027,-32.19030830256895,10,TIME_EXIT,Candlestick Patterns
2024-03-31 06:30:00,2024-03-31 06:45:00,2024-03-31 08:30:00,LONG,70292.09,5.310102459608686,-2.689897540391314,25.310102459608686,-18.30077893543917,7,TRAILING_STOP,Candlestick Patterns
2024-03-31 09:15:00,2024-03-31 09:30:00,2024-03-31 12:00:00,LONG,70283.59,37.16799326841593,29.167993268415927,42.17342910343702,-9.82732953737742,10,TIME_EXIT,Candlestick Patterns
2024-03-31 13:45:00,2024-03-31 14:00:00,2024-03-31 14:15:00,SHORT,70585.99,-10.772388401720914,-18.772388401720914,19.227611598279086,-13.2958395851629,1,TRAILING_STOP,Candlestick Patterns
2024-03-31 17:45:00,2024-03-31 18:00:00,2024-03-31 18:30:00,LONG,70509.11,63.080044550270685,55.080044550270685,83.08004455027069,-6.965057423076335,2,TRAILING_STOP,Candlestick Patterns
2024-03-31 21:45:00,2024-03-31 22:00:00,2024-04-01 00:00:00,LONG,70855.99,51.97838884193061,43.97838884193061,71.97838884193061,-0.38952246662693063,8,TRAILING_STOP,Candlestick Patterns
2024-04-01 02:30:00,2024-04-01 02:45:00,2024-04-01 03:00:00,LONG,70849.98,-15.762878126429381,-23.76287812642938,4.237121873570618,-20.33874956633598,1,TRAILING_STOP,Candlestick Patterns
2024-04-01 07:45:00,2024-04-01 08:00:00,2024-04-01 08:30:00,SHORT,69594.94,31.727188787000387,23.727188787000387,61.72718878700039,0.0,2,TRAILING_STOP,Candlestick Patterns
2024-04-01 12:00:00,2024-04-01 12:15:00,2024-04-01 13:45:00,LONG,69602.11,48.66027481063425,40.66027481063425,68.66027481063425,0.0,6,TRAILING_STOP,Candlestick Patterns
2024-04-01 20:30:00,2024-04-01 20:45:00,2024-04-01 21:30:00,LONG,69547.88,30.629868228908677,22.629868228908677,50.62986822890868,0.0,3,TRAILING_STOP,Candlestick Patterns
2024-04-01 23:30:00,2024-04-01 23:45:00,2024-04-02 00:45:00,SHORT,69769.93,74.61956891743951,66.61956891743951,104.61956891743951,0.0,4,TRAILING_STOP,Candlestick Patterns
2024-04-02 05:15:00,2024-04-02 05:30:00,2024-04-02 06:45:00,LONG,66428.1,84.15772843119012,76.15772843119012,104.15772843119012,0.0,5,TRAILING_STOP,Candlestick Patterns
2024-04-02 08:00:00,2024-04-02 08:15:00,2024-04-02 09:00:00,SHORT,66400.0,68.46385542168719,60.463855421687185,98.46385542168719,-45.94578313253038,3,TRAILING_STOP,Candlestick Patterns
2024-04-02 11:00:00,2024-04-02 11:15:00,2024-04-02 11:30:00,SHORT,65740.01,71.15757512053844,63.15757512053844,101.15757512053844,0.0,1,TRAILING_STOP,Candlestick Patterns
2024-04-02 14:45:00,2024-04-02 15:00:00,2024-04-02 15:30:00,SHORT,65702.31,33.74509511157214,25.74509511157214,63.74509511157214,-48.35142021642886,2,TRAILING_STOP,Candlestick Patterns
2024-04-02 18:15:00,2024-04-02 18:30:00,2024-04-02 18:45:00,LONG,65608.07,47.35909164832816,39.35909164832816,67.35909164832816,0.0,1,TRAILING_STOP,Candlestick Patterns
2024-04-02 21:45:00,2024-04-02 22:00:00,2024-04-02 23:00:00,LONG,65692.77,16.68440225613727,8.684402256137268,36.68440225613727,-13.573792062657466,4,TRAILING_STOP,Candlestick Patterns
2024-04-03 01:15:00,2024-04-03 01:30:00,2024-04-03 01:45:00,LONG,65421.91,57.74153949341914,49.74153949341914,77.74153949341914,0.0,1,TRAILING_STOP,Candlestick Patterns
2024-04-03 07:00:00,2024-04-03 07:15:00,2024-04-03 09:00:00,LONG,66432.01,11.663952362724814,3.663952362724814,31.663952362724814,-66.53569566839764,7,TRAILING_STOP,Candlestick Patterns
2024-04-03 11:00:00,2024-04-03 11:15:00,2024-04-03 13:45:00,SHORT,65668.76,-20.59579014435479,-28.59579014435479,5.139430072990567,-83.94250173141769,10,TIME_EXIT,Candlestick Patterns
2024-04-03 13:45:00,2024-04-03 14:00:00,2024-04-03 14:15:00,LONG,65804.01,147.10531774583495,139.10531774583495,167.10531774583495,0.0,1,TRAILING_STOP,Candlestick Patterns
2024-04-03 17:15:00,2024-04-03 17:30:00,2024-04-03 18:30:00,SHORT,66068.0,63.294787188956434,55.294787188956434,93.29478718895643,-4.354604347037004,4,TRAILING_STOP,Candlestick Patterns
2024-04-03 21:15:00,2024-04-03 21:30:00,2024-04-03 23:15:00,LONG,65759.02,61.87165806302923,53.87165806302923,81.87165806302923,-1.8218033054644787,7,TRAILING_STOP,Candlestick Patterns
2024-04-04 00:00:00,2024-04-04 00:15:00,2024-04-04 01:15:00,LONG,66219.99,0.3624313443714655,-7.6375686556285345,20.362431344371466,-18.119906088781534,4,TRAILING_STOP,Candlestick Patterns
2024-04-04 03:45:00,2024-04-04 04:00:00,2024-04-04 04:15:00,SHORT,65620.0,54.65102103017422,46.65102103017422,84.65102103017422,0.0,1,TRAILING_STOP,Candlestick Patterns
2024-04-04 07:45:00,2024-04-04 08:00:00,2024-04-04 08:30:00,LONG,66091.59,31.96273837564017,23.96273837564017,51.96273837564017,0.0,2,TRAILING_STOP,Candlestick Patterns
2024-04-04 10:45:00,2024-04-04 11:00:00,2024-04-04 11:30:00,SHORT,66278.61,-6.823593614893163,-14.823593614893163,23.176406385106837,-23.043633534257268,2,TRAILING_STOP,Candlestick Patterns
2024-04-04 14:00:00,2024-04-04 14:15:00,2024-04-04 14:45:00,LONG,67588.46,30.190520689478035,22.190520689478035,50.190520689478035,-20.39401400771834,2,TRAILING_STOP,Candlestick Patterns
2024-04-04 16:45:00,2024-04-04 17:00:00,2024-04-04 17:30:00,SHORT,67807.65,-22.97276929668051,-30.97276929668051,7.027230703319491,-64.86436264934734,2,TRAILING_STOP,Candlestick Patterns
2024-04-04 19:30:00,2024-04-04 19:45:00,2024-04-04 20:15:00,SHORT,68748.0,177.71513353115725,169.71513353115725,207.71513353115725,0.0,2,TRAILING_STOP,Candlestick Patterns
2024-04-04 22:15:00,2024-04-04 22:30:00,2024-04-04 23:15:00,LONG,67925.2,62.84554186075212,54.84554186075212,82.84554186075212,-11.637801581740343,3,TRAILING_STOP,Candlestick Patterns
2024-04-05 02:45:00,2024-04-05 03:00:00,2024-04-05 03:30:00,LONG,67599.99,44.10355977863257,36.10355977863257,64.10355977863257,0.0,2,TRAILING_STOP,Candlestick Patterns
2024-04-05 07:30:00,2024-04-05 07:45:00,2024-04-05 08:00:00,SHORT,66922.0,-29.363438032336937,-37.36343803233694,0.6365619676630647,-65.72577029975282,1,TRAILING_STOP,Candlestick Patterns
2024-04-05 13:15:00,2024-04-05 13:30:00,2024-04-05 14:15:00,LONG,66904.01,133.77105198926165,125.77105198926165,153.77105198926165,0.0,3,TRAILING_STOP,Candlestick Patterns
2024-04-05 19:00:00,2024-04-05 19:15:00,2024-04-05 20:15:00,SHORT,67704.73,23.575281963312747,15.575281963312747,53.57528196331275,-57.79064475997527,4,TRAILING_STOP,Candlestick Patterns
2024-04-05 23:45:00,2024-04-06 00:00:00,2024-04-06 02:30:00,SHORT,67820.63,48.38055913075562,40.38055913075562,54.96852506383425,-36.06129875231068,10,TIME_EXIT,Candlestick Patterns
2024-04-06 06:00:00,2024-04-06 06:15:00,2024-04-06 07:15:00,LONG,67980.0,6.904972050602261,-1.095027949397739,26.90497205060226,-2.894969108560314,4,TRAILING_STOP,Candlestick Patterns
2024-04-06 08:45:00,2024-04-06 09:00:00,2024-04-06 09:30:00,LONG,68012.15,-8.847580910174752,-16.847580910174752,11.152419089825248,-26.7819793963276,2,TRAILING_STOP,Candlestick Patterns
2024-04-06 11:30:00,2024-04-06 11:45:00,2024-04-06 13:15:00,LONG,67711.83,-7.46747798722903,-15.46747798722903,12.53252201277097,-20.944641431195553,6,TRAILING_STOP,Candlestick Patterns
2024-04-06 14:30:00,2024-04-06 14:45:00,2024-04-06 15:15:00,LONG,68011.84,22.222060158937552,14.222060158937552,42.22206015893755,-16.96175254191044,2,TRAILING_STOP,Candlestick Patterns
2024-04-06 17:15:00,2024-04-06 17:30:00,2024-04-06 17:45:00,LONG,68146.36,29.559506920104894,21.559506920104894,49.559506920104894,0.0,1,TRAILING_STOP,Candlestick Patterns
2024-04-06 21:15:00,2024-04-06 21:30:00,2024-04-06 23:15:00,LONG,68415.0,166.65497332456334,158.65497332456334,186.65497332456334,-18.807279105459074,7,TRAILING_STOP,Candlestick Patterns
2024-04-07 00:15:00,2024-04-07 00:30:00,2024-04-07 03:00:00,SHORT,68839.99,-66.53400153021369,-74.53400153021369,0.0,-136.11419757614647,10,TIME_EXIT,Candlestick Patterns
2024-04-07 03:15:00,2024-04-07 03:30:00,2024-04-07 04:00:00,LONG,69453.31,-11.837682034160455,-19.837682034160455,8.162317965839545,-26.03763593124597,2,TRAILING_STOP,Candlestick Patterns
2024-04-07 06:45:00,2024-04-07 07:00:00,2024-04-07 09:15:00,LONG,69244.08,24.902033502358357,16.902033502358357,44.90203350235836,0.0,9,TRAILING_STOP,Candlestick Patterns
2024-04-07 12:45:00,2024-04-07 13:00:00,2024-04-07 13:30:00,LONG,69336.0,10.864197530864196,2.864197530864196,30.864197530864196,-7.2530864197521625,2,TRAILING_STOP,Candlestick Patterns
2024-04-07 16:00:00,2024-04-07 16:15:00,2024-04-07 16:30:00,LONG,69900.01,40.21029181541032,32.21029181541032,60.21029181541032,0.0,1,TRAILING_STOP,Candlestick Patterns
2024-04-07 19:00:00,2024-04-07 19:15:00,2024-04-07 19:30:00,LONG,69376.0,-8.180350553505535,-16.180350553505534,11.819649446494465,-17.077952029519707,1,TRAILING_STOP,Candlestick Patterns
2024-04-08 00:00:00,2024-04-08 00:15:00,2024-04-08 01:45:00,LONG,69395.61,44.18561635238861,36.18561635238861,64.1856163523886,-50.77698718982301,6,TRAILING_STOP,Candlestick Patterns
2024-04-08 02:45:00,2024-04-08 03:00:00,2024-04-08 03:45:00,SHORT,69228.0,-27.71190847633956,-35.71190847633956,2.2880915236604418,-39.29046050730918,3,TRAILING_STOP,Candlestick Patterns
2024-04-08 06:15:00,2024-04-08 06:30:00,2024-04-08 07:30:00,LONG,69781.72,133.08880319946238,125.08880319946238,153.08880319946238,-18.876003629604025,4,TRAILING_STOP,Candlestick Patterns
2024-04-08 11:15:00,2024-04-08 11:30:00,2024-04-08 12:15:00,LONG,72522.08,18.04496506443327,10.04496506443327,38.04496506443327,-41.785894723373644,3,TRAILING_STOP,Candlestick Patterns
2024-04-08 16:30:00,2024-04-08 16:45:00,2024-04-08 18:45:00,LONG,71858.0,14.241142252776712,6.2411422527767115,34.24114225277671,-77.65314926660915,8,TRAILING_STOP,Candlestick Patterns
2024-04-08 19:15:00,2024-04-08 19:30:00,2024-04-08 21:30:00,LONG,71843.74,-12.169115917407034,-20.169115917407034,7.830884082592966,-47.79400404266396,8,TRAILING_STOP,Candlestick Patterns
2024-04-09 01:30:00,2024-04-09 01:45:00,2024-04-09 02:30:00,LONG,71301.79,24.48135173044092,16.48135173044092,44.48135173044092,-20.338900327746263,3,TRAILING_STOP,Candlestick Patterns
2024-04-09 05:30:00,2024-04-09 05:45:00,2024-04-09 07:00:00,SHORT,70981.53,29.385871225937066,21.385871225937066,59.385871225937066,-40.00195543826716,5,TRAILING_STOP,Candlestick Patterns
2024-04-09 10:15:00,2024-04-09 10:30:00,2024-04-09 13:00:00,SHORT,70403.99,-30.11619085793274,-38.116190857932736,0.0,-81.3888531033532,10,TIME_EXIT,Candlestick Patterns
2024-04-09 14:45:00,2024-04-09 15:00:00,2024-04-09 17:30:00,LONG,69358.32,-72.40803987178558,-80.40803987178558,0.0,-165.56341041709297,10,TIME_EXIT,Candlestick Patterns
2024-04-10 01:45:00,2024-04-10 02:00:00,2024-04-10 02:15:00,LONG,69269.75,-2.9304999657129933,-10.930499965712993,17.069500034287007,-38.94340603221388,1,TRAILING_STOP,Candlestick Patterns
2024-04-10 05:45:00,2024-04-10 06:00:00,2024-04-10 06:15:00,SHORT,69255.82,-26.79016146224094,-34.79016146224094,3.2098385377590612,-31.5034895262222,1,TRAILING_STOP,Candlestick Patterns
2024-04-10 08:30:00,2024-04-10 08:45:00,2024-04-10 09:45:00,SHORT,68962.98,-21.21992698111321,-29.21992698111321,8.780073018886787,-30.2727637349784,4,TRAILING_STOP,Candlestick Patterns
2024-04-10 13:15:00,2024-04-10 13:30:00,2024-04-10 13:45:00,SHORT,67698.97,-3.2684263881708766,-11.268426388170877,26.731573611829123,-90.71482180600454,1,TRAILING_STOP,Candlestick Patterns
2024-04-10 17:15:00,2024-04-10 17:30:00,2024-04-10 20:00:00,LONG,69594.8,52.43213573427849,44.43213573427849,72.43213573427849,-75.26424388029032,10,TRAILING_STOP,Candlestick Patterns
2024-04-10 20:30:00,2024-04-10 20:45:00,2024-04-10 21:15:00,LONG,69897.02,-9.433025900102667,-17.433025900102667,10.566974099897333,-45.2079359034198,2,TRAILING_STOP,Candlestick Patterns
2024-04-10 23:45:00,2024-04-11 00:00:00,2024-04-11 01:15:00,LONG,70631.08,-1.7474120458021822,-9.747412045802182,18.252587954197818,-48.97985419449867,5,TRAILING_STOP,Candlestick Patterns
2024-04-11 05:45:00,2024-04-11 06:00:00,2024-04-11 06:15:00,LONG,70583.99,15.136863189512908,7.136863189512908,35.13686318951291,0.0,1,TRAILING_STOP,Candlestick Patterns
2024-04-11 12:30:00,2024-04-11 12:45:00,2024-04-11 13:15:00,LONG,70824.01,3.1545770989252446,-4.845422901074755,23.154577098925245,-29.29938590034577,2,TRAILING_STOP,Candlestick Patterns
2024-04-11 17:45:00,2024-04-11 18:00:00,2024-04-11 18:30:00,SHORT,70203.99,6.010773746622121,-1.989226253377879,36.01077374662212,-4.559569904786716,2,TRAILING_STOP,Candlestick Patterns
2024-04-11 20:30:00,2024-04-11 20:45:00,2024-04-11 22:15:00,SHORT,70523.98,44.29813235157687,36.29813235157687,74.29813235157687,0.0,6,TRAILING_STOP,Candlestick Patterns
2024-04-12 00:00:00,2024-04-12 00:15:00,2024-04-12 01:00:00,LONG,70242.73,-2.2672040223952443,-10.267204022395244,17.732795977604756,-11.703702290613114,3,TRAILING_STOP,Candlestick Patterns
2024-04-12 03:00:00,2024-04-12 03:15:00,2024-04-12 03:30:00,LONG,70737.27,14.1729331652177,6.1729331652176995,34.1729331652177,0.0,1,TRAILING_STOP,Candlestick Patterns
2024-04-12 08:30:00,2024-04-12 08:45:00,2024-04-12 09:15:00,LONG,70754.43,-4.583297469854289,-12.583297469854289,15.416702530145711,-20.8142444225739,2,TRAILING_STOP,Candlestick Patterns
2024-04-12 12:00:00,2024-04-12 12:15:00,2024-04-12 13:00:00,SHORT,70872.58,89.30989389690649,81.30989389690649,119.30989389690649,0.0,3,TRAILING_STOP,Candlestick Patterns
2024-04-12 18:00:00,2024-04-12 18:15:00,2024-04-12 20:45:00,LONG,68168.88,-153.86493074259172,-161.86493074259172,0.0,-452.11539341705543,10,TIME_EXIT,Candlestick Patterns
2024-04-12 21:45:00,2024-04-12 22:00:00,2024-04-12 22:15:00,LONG,66960.0,26.37544802867366,18.37544802867366,46.37544802867366,0.0,1,TRAILING_STOP,Candlestick Patterns
2024-04-13 00:30:00,2024-04-13 00:45:00,2024-04-13 02:00:00,SHORT,66788.24,128.25690271221416,120.25690271221416,158.25690271221416,-20.925839638833835,5,TRAILING_STOP,Candlestick Patterns
2024-04-13 06:00:00,2024-04-13 06:15:00,2024-04-13 07:15:00,SHORT,67389.22,9.820909041535991,1.820909041535991,39.82090904153599,-25.885445773077997,4,TRAILING_STOP,Candlestick Patterns
2024-04-13 09:00:00,2024-04-13 09:15:00,2024-04-13 11:45:00,SHORT,67148.01,-31.57055585117195,-39.570555851171946,0.0,-100.95608194494652,10,TIME_EXIT,Candlestick Patterns
2024-04-13 15:00:00,2024-04-13 15:15:00,2024-04-13 16:30:00,SHORT,67466.67,5.968871740668135,-2.031128259331865,35.968871740668135,-63.6225265008641,5,TRAILING_STOP,Candlestick Patterns
2024-04-13 19:15:00,2024-04-13 19:30:00,2024-04-13 22:00:00,LONG,67048.82,-697.521596949806,-705.521596949806,0.0,-952.775902692994,10,TIME_EXIT,Candlestick Patterns
2024-04-13 23:30:00,2024-04-13 23:45:00,2024-04-14 00:15:00,SHORT,64340.48,195.74901523892936,187.74901523892936,225.74901523892936,0.0,2,TRAILING_STOP,Candlestick Patterns
2024-04-14 05:30:00,2024-04-14 05:45:00,2024-04-14 06:00:00,LONG,64405.49,-15.186745726179554,-23.186745726179552,4.813254273820446,-46.33145404219446,1,TRAILING_STOP,Candlestick Patterns
2024-04-14 10:30:00,2024-04-14 10:45:00,2024-04-14 11:00:00,LONG,64516.38,-8.365745257250182,-16.365745257250182,11.634254742749818,-51.858148271803174,1,TRAILING_STOP,Candlestick Patterns
2024-04-14 18:00:00,2024-04-14 18:15:00,2024-04-14 18:30:00,LONG,64257.75,48.10851609338974,40.10851609338974,68.10851609338974,0.0,1,TRAILING_STOP,Candlestick Patterns
2024-04-14 21:45:00,2024-04-14 22:00:00,2024-04-14 22:30:00,LONG,63682.15,259.7345881067138,251.73458810671377,279.7345881067138,0.0,2,TRAILING_STOP,Candlestick Patterns
2024-04-15 01:45:00,2024-04-15 02:00:00,2024-04-15 02:30:00,LONG,65275.63,-14.779062262592984,-22.779062262592984,5.220937737407016,-51.87540893898617,2,TRAILING_STOP,Candlestick Patterns
2024-04-15 05:00:00,2024-04-15 05:15:00,2024-04-15 07:45:00,SHORT,64955.73,-201.38485088228447,-209.38485088228447,0.0,-250.4952218995912,10,TIME_EXIT,Candlestick Patterns
2024-04-15 09:00:00,2024-04-15 09:15:00,2024-04-15 09:45:00,LONG,66257.97,59.66739699390135,51.66739699390135,79.66739699390135,0.0,2,TRAILING_STOP,Candlestick Patterns
2024-04-15 13:30:00,2024-04-15 13:45:00,2024-04-15 16:15:00,LONG,66228.97,-319.23039117171885,-327.23039117171885,0.0,-365.2434878573532,10,TIME_EXIT,Candlestick Patterns
2024-04-15 17:30:00,2024-04-15 17:45:00,2024-04-15 18:15:00,SHORT,63694.41,61.5951651016162,53.5951651016162,91.5951651016162,-57.45088148237702,2,TRAILING_STOP,Candlestick Patterns
2024-04-15 20:45:00,2024-04-15 21:00:00,2024-04-15 21:15:00,SHORT,63112.96,40.819052061573274,32.819052061573274,70.81905206157327,-33.76802482406191,1,TRAILING_STOP,Candlestick Patterns
2024-04-16 01:30:00,2024-04-16 01:45:00,2024-04-16 02:00:00,SHORT,63508.0,74.85923033318673,66.85923033318673,104.85923033318673,0.0,1,TRAILING_STOP,Candlestick Patterns
2024-04-16 04:45:00,2024-04-16 05:00:00,2024-04-16 05:45:00,LONG,62487.0,44.173348056395724,36.173348056395724,64.17334805639572,-3.1558564181351585,3,TRAILING_STOP,Candlestick Patterns
2024-04-16 08:30:00,2024-04-16 08:45:00,2024-04-16 10:30:00,SHORT,63165.35,217.81783050359076,209.81783050359076,247.81783050359076,-65.38236548993997,7,TRAILING_STOP,Candlestick Patterns
2024-04-16 12:15:00,2024-04-16 12:30:00,2024-04-16 12:45:00,LONG,63174.38,-16.235815848132404,-24.235815848132404,3.7641841518675943,-41.79700695123493,1,TRAILING_STOP,Candlestick Patterns
2024-04-16 18:30:00,2024-04-16 18:45:00,2024-04-16 20:15:00,SHORT,62747.76,0.7198217115642116,-7.280178288435788,30.71982171156421,-55.307153594008916,6,TRAILING_STOP,Candlestick Patterns
2024-04-16 23:45:00,2024-04-17 00:00:00,2024-04-17 00:15:00,LONG,63793.4,-8.77626839140122,-16.77626839140122,11.22373160859878,-31.507961638664817,1,TRAILING_STOP,Candlestick Patterns
2024-04-17 03:30:00,2024-04-17 03:45:00,2024-04-17 04:30:00,SHORT,63915.19,8.008179276319183,0.008179276319182804,38.00817927631918,-45.342898925904414,3,TRAILING_STOP,Candlestick Patterns
2024-04-17 08:45:00,2024-04-17 09:00:00,2024-04-17 09:30:00,LONG,63325.76,13.829834809719756,5.829834809719756,33.829834809719756,-4.093121030052466,2,TRAILING_STOP,Candlestick Patterns
2024-04-17 12:00:00,2024-04-17 12:15:00,2024-04-17 12:30:00,SHORT,62662.71,65.95339875980416,57.95339875980416,95.95339875980416,0.0,1,TRAILING_STOP,Candlestick Patterns
2024-04-17 17:45:00,2024-04-17 18:00:00,2024-04-17 18:15:00,LONG,61275.36,91.14744980690406,83.14744980690406,111.14744980690406,0.0,1,TRAILING_STOP,Candlestick Patterns
2024-04-18 05:00:00,2024-04-18 05:15:00,2024-04-18 06:00:00,SHORT,61612.95,70.78238422279685,62.78238422279685,100.78238422279685,-32.73013222058082,3,TRAILING_STOP,Candlestick Patterns
2024-04-18 10:30:00,2024-04-18 10:45:00,2024-04-18 12:30:00,SHORT,61606.57,-25.802395750972572,-33.80239575097257,4.19760424902743,-237.91293688319234,7,TRAILING_STOP,Candlestick Patterns
2024-04-18 14:45:00,2024-04-18 15:00:00,2024-04-18 15:15:00,LONG,63816.56,2.9532898670820273,-5.046710132917973,22.953289867082027,-40.38763606186199,1,TRAILING_STOP,Candlestick Patterns
2024-04-18 19:00:00,2024-04-18 19:15:00,2024-04-18 21:45:00,SHORT,63138.45,-53.031076942814046,-61.031076942814046,0.0,-108.85443022437214,10,TIME_EXIT,Candlestick Patterns
2024-04-18 22:15:00,2024-04-18 22:30:00,2024-04-18 23:15:00,LONG,63416.41,19.27847697465001,11.278476974650012,39.27847697465001,-2.5876583048462525,3,TRAILING_STOP,Candlestick Patterns
2024-04-19 10:45:00,2024-04-19 11:00:00,2024-04-19 11:15:00,LONG,64777.7,8.255093959805013,0.2550939598050128,28.255093959805013,-13.34101087256853,1,TRAILING_STOP,Candlestick Patterns
2024-04-19 20:00:00,2024-04-19 20:15:00,2024-04-19 20:45:00,SHORT,64067.37,30.874982069656056,22.874982069656056,60.874982069656056,-17.736017570254152,2,TRAILING_STOP,Candlestick Patterns
2024-04-20 03:30:00,2024-04-20 03:45:00,2024-04-20 04:45:00,LONG,63979.98,25.107860302550662,17.107860302550662,45.10786030255066,-25.70335283005783,4,TRAILING_STOP,Candlestick Patterns
2024-04-20 07:00:00,2024-04-20 07:15:00,2024-04-20 09:45:00,SHORT,64030.77,87.7199649481018,79.7199649481018,117.7199649481018,-2.3785439406715243,10,TRAILING_STOP,Candlestick Patterns
2024-04-20 09:45:00,2024-04-20 10:00:00,2024-04-20 10:45:00,LONG,63615.0,1.8266132201522502,-6.17338677984775,21.82661322015225,-37.37797689224221,3,TRAILING_STOP,Candlestick Patterns
2024-04-20 13:00:00,2024-04-20 13:15:00,2024-04-20 15:15:00,SHORT,63870.47,-10.512120859608334,-18.512120859608334,19.487879140391666,-24.97711383680108,8,TRAILING_STOP,Candlestick Patterns
2024-04-20 19:15:00,2024-04-20 19:30:00,2024-04-20 22:00:00,SHORT,64806.61,31.882550252204616,23.882550252204616,38.82474334022418,-34.663130813353675,10,TIME_EXIT,Candlestick Patterns
2024-04-20 23:45:00,2024-04-21 00:00:00,2024-04-21 01:45:00,LONG,64940.58,4.5485950387258995,-3.4514049612741005,24.5485950387259,-51.21297037999995,7,TRAILING_STOP,Candlestick Patterns
2024-04-21 04:00:00,2024-04-21 04:15:00,2024-04-21 05:00:00,SHORT,64988.0,-12.612174555302516,-20.612174555302516,17.387825444697484,-37.90238197821132,3,TRAILING_STOP,Candlestick Patterns
2024-04-21 07:00:00,2024-04-21 07:15:00,2024-04-21 07:45:00,SHORT,65018.44,-11.759020979278215,-19.759020979278215,18.240979020721785,-24.079322727521248,2,TRAILING_STOP,Candlestick Patterns
2024-04-21 11:15:00,2024-04-21 11:30:00,2024-04-21 13:00:00,SHORT,65154.52,18.894535636207543,10.894535636207543,48.89453563620754,-33.902482897580505,6,TRAILING_STOP,Candlestick Patterns
2024-04-21 15:00:00,2024-04-21 15:15:00,2024-04-21 16:00:00,LONG,64987.5,-0.5347182150413516,-8.534718215041352,19.46528178495865,-85.70109636468507,3,TRAILING_STOP,Candlestick Patterns
2024-04-21 18:15:00,2024-04-21 18:30:00,2024-04-21 19:00:00,LONG,64834.15,-16.622150517898135,-24.622150517898135,3.3778494821018636,-21.308214883668782,2,TRAILING_STOP,Candlestick Patterns
2024-04-21 22:00:00,2024-04-21 22:15:00,2024-04-21 23:00:00,LONG,65020.01,-6.159645315342468,-14.159645315342468,13.840354684657532,-23.68655433919528,3,TRAILING_STOP,Candlestick Patterns
2024-04-22 03:45:00,2024-04-22 04:00:00,2024-04-22 04:45:00,SHORT,65703.49,-0.4353604351903897,-8.43536043519039,29.56463956480961,-22.2971412934077,3,TRAILING_STOP,Candlestick Patterns
2024-04-22 07:00:00,2024-04-22 07:15:00,2024-04-22 08:15:00,SHORT,66111.93,-3.615957059490924,-11.615957059490924,26.384042940509076,-8.768462817527967,4,TRAILING_STOP,Candlestick Patterns
2024-04-22 13:45:00,2024-04-22 14:00:00,2024-04-22 14:30:00,LONG,66113.48,35.06441349025992,27.064413490259923,55.06441349025992,-0.4310769906517202,2,TRAILING_STOP,Candlestick Patterns
2024-04-22 16:30:00,2024-04-22 16:45:00,2024-04-22 19:15:00,SHORT,66030.0,-36.65303649856188,-44.65303649856188,0.0,-120.29077691958183,10,TIME_EXIT,Candlestick Patterns
2024-04-22 19:15:00,2024-04-22 19:30:00,2024-04-22 22:00:00,SHORT,66272.01,-74.76006839086541,-82.76006839086541,0.0,-74.76006839086541,10,TIME_EXIT,Candlestick Patterns
2024-04-23 04:15:00,2024-04-23 04:30:00,2024-04-23 05:30:00,SHORT,66332.17,-7.225228723861672,-15.225228723861672,22.774771276138328,-41.780632233198375,4,TRAILING_STOP,Candlestick Patterns
2024-04-23 12:15:00,2024-04-23 12:30:00,2024-04-23 14:00:00,LONG,66057.69,115.06376017689948,107.06376017689948,135.06376017689948,-44.18562017533533,6,TRAILING_STOP,Candlestick Patterns
2024-04-23 18:15:00,2024-04-23 18:30:00,2024-04-23 20:30:00,SHORT,66753.5,85.87407401859078,77.87407401859078,115.87407401859078,-4.504632715888603,8,TRAILING_STOP,Candlestick Patterns
2024-04-23 22:45:00,2024-04-23 23:00:00,2024-04-23 23:30:00,SHORT,66362.84,-6.259304152745283,-14.259304152745283,23.740695847254717,-10.618894550022448,2,TRAILING_STOP,Candlestick Patterns
2024-04-24 01:45:00,2024-04-24 02:00:00,2024-04-24 03:00:00,SHORT,66743.25,15.237533383524628,7.237533383524628,45.23753338352463,0.0,4,TRAILING_STOP,Candlestick Patterns
2024-04-24 05:30:00,2024-04-24 05:45:00,2024-04-24 07:30:00,LONG,66729.91,3.043639651243275,-4.956360348756725,23.043639651243275,-26.605760445354733,7,TRAILING_STOP,Candlestick Patterns
2024-04-24 08:15:00,2024-04-24 08:30:00,2024-04-24 11:00:00,LONG,66692.0,-41.68565944940844,-49.68565944940844,0.0,-73.31464043663364,10,TIME_EXIT,Candlestick Patterns
2024-04-24 13:30:00,2024-04-24 13:45:00,2024-04-24 14:00:00,LONG,66158.2,-13.681811173822307,-21.681811173822307,6.3181888261776935,-18.564592144283314,1,TRAILING_STOP,Candlestick Patterns
2024-04-24 16:30:00,2024-04-24 16:45:00,2024-04-24 17:30:00,LONG,64747.05,43.30790360332929,35.30790360332929,63.30790360332929,0.0,3,TRAILING_STOP,Candlestick Patterns
2024-04-24 22:15:00,2024-04-24 22:30:00,2024-04-24 23:15:00,LONG,64270.07,-14.786064493161119,-22.78606449316112,5.213935506838881,-69.13793621198772,3,TRAILING_STOP,Candlestick Patterns
2024-04-25 03:15:00,2024-04-25 03:30:00,2024-04-25 03:45:00,LONG,64344.01,-7.5062185275677695,-15.50621852756777,12.49378147243223,-9.635706571598506,1,TRAILING_STOP,Candlestick Patterns
2024-04-25 06:15:00,2024-04-25 06:30:00,2024-04-25 07:15:00,LONG,64312.79,-9.57283613415035,-17.57283613415035,10.42716386584965,-14.35484294803564,3,TRAILING_STOP,Candlestick Patterns
2024-04-25 09:45:00,2024-04-25 10:00:00,2024-04-25 11:45:00,LONG,63966.03,-15.59141000309002,-23.59141000309002,4.4085899969099795,-98.29905029278804,7,TRAILING_STOP,Candlestick Patterns
2024-04-25 13:15:00,2024-04-25 13:30:00,2024-04-25 14:15:00,LONG,63209.09,84.20178490150728,76.20178490150728,104.20178490150728,0.0,3,TRAILING_STOP,Candlestick Patterns
2024-04-25 18:15:00,2024-04-25 18:30:00,2024-04-25 18:45:00,SHORT,64649.99,0.5924254589983455,-7.4075745410016545,30.592425458998346,-12.249035150663184,1,TRAILING_STOP,Candlestick Patterns
2024-04-25 21:00:00,2024-04-25 21:15:00,2024-04-25 21:30:00,LONG,64931.71,9.678873388672365,1.6788733886723648,29.678873388672365,-19.31875812295754,1,TRAILING_STOP,Candlestick Patterns
2024-04-26 01:15:00,2024-04-26 01:30:00,2024-04-26 01:45:00,LONG,64152.76,59.45722054670725,51.45722054670725,79.45722054670725,0.0,1,TRAILING_STOP,Candlestick Patterns
2024-04-26 05:00:00,2024-04-26 05:15:00,2024-04-26 06:15:00,LONG,64163.99,44.25255037911515,36.25255037911515,64.25255037911515,0.0,4,TRAILING_STOP,Candlestick Patterns
2024-04-26 08:00:00,2024-04-26 08:15:00,2024-04-26 10:00:00,LONG,64427.45,3.913720005991191,-4.086279994008809,23.91372000599119,-19.159535260202762,7,TRAILING_STOP,Candlestick Patterns
2024-04-26 12:45:00,2024-04-26 13:00:00,2024-04-26 13:30:00,SHORT,64142.78,41.22235737209964,33.22235737209964,71.22235737209964,0.0,2,TRAILING_STOP,Candlestick Patterns
2024-04-26 17:00:00,2024-04-26 17:15:00,2024-04-26 17:30:00,LONG,63714.37,25.496800800195835,17.496800800195835,45.496800800195835,0.0,1,TRAILING_STOP,Candlestick Patterns
2024-04-26 20:15:00,2024-04-26 20:30:00,2024-04-26 21:45:00,SHORT,63915.93,-16.555777253025923,-24.555777253025923,13.444222746974079,-25.757272091636214,5,TRAILING_STOP,Candlestick Patterns
2024-04-26 23:00:00,2024-04-26 23:15:00,2024-04-27 00:45:00,SHORT,63844.37,125.59241950386581,117.59241950386581,155.5924195038658,-12.380104933293392,6,TRAILING_STOP,Candlestick Patterns
2024-04-27 01:45:00,2024-04-27 02:00:00,2024-04-27 04:30:00,SHORT,62593.28,-71.80962557002975,-79.80962557002975,0.0,-116.91989938856116,10,TIME_EXIT,Candlestick Patterns
2024-04-27 06:45:00,2024-04-27 07:00:00,2024-04-27 09:30:00,SHORT,63028.0,6.346385733324872,-1.6536142666751283,23.675191978168616,-21.055721266738455,10,TIME_EXIT,Candlestick Patterns
2024-04-27 10:45:00,2024-04-27 11:00:00,2024-04-27 12:15:00,LONG,62795.99,40.19651891784842,32.19651891784842,60.19651891784842,-1.582903621711363,5,TRAILING_STOP,Candlestick Patterns
2024-04-27 13:45:00,2024-04-27 14:00:00,2024-04-27 14:15:00,LONG,63227.09,8.696560287687184,0.6965602876871841,28.696560287687184,-11.544102377635593,1,TRAILING_STOP,Candlestick Patterns
2024-04-27 18:00:00,2024-04-27 18:15:00,2024-04-27 18:45:00,SHORT,63203.01,-5.7907099677686205,-13.79070996776862,24.20929003223138,-36.196060915452726,2,TRAILING_STOP,Candlestick Patterns
2024-04-27 21:45:00,2024-04-27 22:00:00,2024-04-27 23:00:00,SHORT,63289.57,-21.189701557460094,-29.189701557460094,8.810298442539906,-22.188490141424612,4,TRAILING_STOP,Candlestick Patterns
2024-04-28 01:15:00,2024-04-28 01:30:00,2024-04-28 03:15:00,LONG,63597.99,101.3890564780431,93.3890564780431,121.3890564780431,-7.124438995634559,7,TRAILING_STOP,Candlestick Patterns
2024-04-28 04:30:00,2024-04-28 04:45:00,2024-04-28 07:00:00,SHORT,63913.96,-12.169779497311836,-20.169779497311836,17.830220502688164,-20.03318210919819,9,TRAILING_STOP,Candlestick Patterns
2024-04-28 07:45:00,2024-04-28 08:00:00,2024-04-28 10:15:00,SHORT,63915.5,59.17242296469513,51.17242296469513,89.17242296469513,-4.085081083618306,9,TRAILING_STOP,Candlestick Patterns
2024-04-28 11:45:00,2024-04-28 12:00:00,2024-04-28 13:15:00,LONG,63484.0,40.659378741099566,32.659378741099566,60.659378741099566,0.0,5,TRAILING_STOP,Candlestick Patterns
2024-04-28 16:30:00,2024-04-28 16:45:00,2024-04-28 17:45:00,SHORT,63668.89,-14.515200437765365,-22.515200437765365,15.484799562234635,-22.79135068948125,4,TRAILING_STOP,Candlestick Patterns
2024-04-28 21:30:00,2024-04-28 21:45:00,2024-04-28 22:00:00,LONG,63665.52,-12.265829290327757,-20.26582929032776,7.734170709672243,-48.41081954565032,1,TRAILING_STOP,Candlestick Patterns
2024-04-29 01:15:00,2024-04-29 01:30:00,2024-04-29 02:15:00,LONG,63167.69,-1.4161322030298393,-9.41613220302984,18.58386779697016,-19.130033091285082,3,TRAILING_STOP,Candlestick Patterns
2024-04-29 05:30:00,2024-04-29 05:45:00,2024-04-29 06:00:00,LONG,62403.75,-8.774713058109024,-16.774713058109022,11.225286941890976,-12.758848626885824,1,TRAILING_STOP,Candlestick Patterns
2024-04-29 08:15:00,2024-04-29 08:30:00,2024-04-29 09:15:00,LONG,62376.72,-12.740881534008388,-20.740881534008388,7.259118465991613,-16.0300188916631,3,TRAILING_STOP,Candlestick Patterns
2024-04-29 14:30:00,2024-04-29 14:45:00,2024-04-29 15:30:00,SHORT,62754.0,-27.059948369825495,-35.05994836982549,2.940051630174505,-48.76023839117793,3,TRAILING_STOP,Candlestick Patterns
2024-04-29 18:30:00,2024-04-29 18:45:00,2024-04-29 19:30:00,SHORT,62786.0,8.166151689866751,0.16615168986675144,38.16615168986675,-13.380371420380664,3,TRAILING_STOP,Candlestick Patterns
2024-04-29 23:00:00,2024-04-29 23:15:00,2024-04-30 00:15:00,SHORT,63995.99,18.12020253143941,10.12020253143941,48.12020253143941,-13.127385012717522,4,TRAILING_STOP,Candlestick Patterns
2024-04-30 02:00:00,2024-04-30 02:15:00,2024-04-30 03:00:00,LONG,63512.0,40.47990930847755,32.47990930847755,60.47990930847755,0.0,3,TRAILING_STOP,Candlestick Patterns
2024-04-30 07:15:00,2024-04-30 07:30:00,2024-04-30 09:00:00,SHORT,63370.0,217.7513018778602,209.7513018778602,247.7513018778602,0.0,6,TRAILING_STOP,Candlestick Patterns
2024-04-30 10:30:00,2024-04-30 10:45:00,2024-04-30 11:00:00,LONG,61715.53,-9.198828884722616,-17.198828884722616,10.801171115277384,-27.675367934131916,1,TRAILING_STOP,Candlestick Patterns
2024-04-30 13:30:00,2024-04-30 13:45:00,2024-04-30 14:45:00,LONG,61285.14,24.744941432784714,16.744941432784714,44.744941432784714,-120.57082679422749,4,TRAILING_STOP,Candlestick Patterns
2024-04-30 17:15:00,2024-04-30 17:30:00,2024-04-30 18:15:00,LONG,60433.4,-2.6288112202861456,-10.628811220286146,17.371188779713854,-53.37611320892085,3,TRAILING_STOP,Candlestick Patterns
2024-05-01 00:00:00,2024-05-01 00:15:00,2024-05-01 00:30:00,SHORT,60601.94,56.37017230801612,48.37017230801612,86.37017230801612,0.0,1,TRAILING_STOP,Candlestick Patterns
2024-05-01 03:30:00,2024-05-01 03:45:00,2024-05-01 04:15:00,LONG,60180.01,10.08972580762191,2.0897258076219103,30.08972580762191,0.0,2,TRAILING_STOP,Candlestick Patterns
2024-05-01 06:45:00,2024-05-01 07:00:00,2024-05-01 07:15:00,SHORT,59529.94,310.8268175644058,302.8268175644058,340.8268175644058,0.0,1,TRAILING_STOP,Candlestick Patterns
2024-05-01 10:15:00,2024-05-01 10:30:00,2024-05-01 11:00:00,LONG,57438.81,53.85076396951858,45.85076396951858,73.85076396951858,0.0,2,TRAILING_STOP,Candlestick Patterns
2024-05-01 15:00:00,2024-05-01 15:15:00,2024-05-01 16:00:00,SHORT,56974.93,9.756082192641927,1.7560821926419266,39.75608219264193,-30.725794660914485,3,TRAILING_STOP,Candlestick Patterns
2024-05-01 20:45:00,2024-05-01 21:00:00,2024-05-01 23:30:00,SHORT,57361.71,-175.6276094279617,-183.6276094279617,0.0,-187.8064653232968,10,TIME_EXIT,Candlestick Patterns
2024-05-02 00:00:00,2024-05-02 00:15:00,2024-05-02 01:00:00,SHORT,58267.69,77.42831919370737,69.42831919370737,107.42831919370737,0.0,3,TRAILING_STOP,Candlestick Patterns
2024-05-02 02:45:00,2024-05-02 03:00:00,2024-05-02 03:15:00,SHORT,57463.88,-14.936624537013916,-22.936624537013916,15.063375462986084,-41.97419318013409,1,TRAILING_STOP,Candlestick Patterns
2024-05-02 09:45:00,2024-05-02 10:00:00,2024-05-02 11:00:00,LONG,57804.37,65.73573243683765,57.73573243683765,85.73573243683765,-42.078133539039214,4,TRAILING_STOP,Candlestick Patterns
2024-05-02 12:30:00,2024-05-02 12:45:00,2024-05-02 13:15:00,SHORT,58816.22,38.878958899433286,30.878958899433286,68.87895889943329,0.0,2,TRAILING_STOP,Candlestick Patterns
2024-05-02 17:00:00,2024-05-02 17:15:00,2024-05-02 18:00:00,LONG,59088.73,40.06052253957724,32.06052253957724,60.06052253957724,-21.242629516661477,3,TRAILING_STOP,Candlestick Patterns
2024-05-02 22:30:00,2024-05-02 22:45:00,2024-05-02 23:15:00,LONG,59278.15,-3.2636477352955318,-11.263647735295532,16.73635226470447,-10.911271691171248,2,TRAILING_STOP,Candlestick Patterns
2024-05-03 02:00:00,2024-05-03 02:15:00,2024-05-03 03:15:00,LONG,59751.96,21.34425046475478,13.34425046475478,41.34425046475478,-41.49822030942569,4,TRAILING_STOP,Candlestick Patterns
2024-05-03 07:45:00,2024-05-03 08:00:00,2024-05-03 08:45:00,LONG,59190.74,13.326158787675581,5.326158787675581,33.32615878767558,0.0,3,TRAILING_STOP,Candlestick Patterns
2024-05-03 11:00:00,2024-05-03 11:15:00,2024-05-03 11:30:00,LONG,58987.16,26.44061521185204,18.44061521185204,46.44061521185204,0.0,1,TRAILING_STOP,Candlestick Patterns
2024-05-03 17:00:00,2024-05-03 17:15:00,2024-05-03 17:30:00,LONG,61725.33,17.013977892058442,9.013977892058442,37.01397789205844,0.0,1,TRAILING_STOP,Candlestick Patterns
2024-05-03 23:00:00,2024-05-03 23:15:00,2024-05-03 23:30:00,LONG,62959.49,39.32544879254932,31.325448792549317,59.32544879254932,-7.225280890934466,1,TRAILING_STOP,Candlestick Patterns
2024-05-04 02:15:00,2024-05-04 02:30:00,2024-05-04 03:15:00,SHORT,62713.99,-16.924767504029006,-24.924767504029006,13.075232495970996,-27.207645375458434,3,TRAILING_STOP,Candlestick Patterns
2024-05-04 11:30:00,2024-05-04 11:45:00,2024-05-04 12:45:00,SHORT,64135.17,28.72908733226967,20.72908733226967,58.72908733226967,0.0,4,TRAILING_STOP,Candlestick Patterns
2024-05-04 18:00:00,2024-05-04 18:15:00,2024-05-04 19:00:00,LONG,63479.9,21.712416056106086,13.712416056106086,41.712416056106086,0.0,3,TRAILING_STOP,Candlestick Patterns
2024-05-04 21:15:00,2024-05-04 21:30:00,2024-05-04 21:45:00,SHORT,64028.26,20.61358843735558,12.613588437355581,50.61358843735558,0.0,1,TRAILING_STOP,Candlestick Patterns
2024-05-05 02:30:00,2024-05-05 02:45:00,2024-05-05 03:45:00,SHORT,63316.0,19.750458020089702,11.750458020089702,49.7504580200897,0.0,4,TRAILING_STOP,Candlestick Patterns
2024-05-05 05:30:00,2024-05-05 05:45:00,2024-05-05 07:45:00,LONG,63316.01,81.5525141271533,73.5525141271533,101.5525141271533,-24.324021681088563,8,TRAILING_STOP,Candlestick Patterns
2024-05-05 08:15:00,2024-05-05 08:30:00,2024-05-05 08:45:00,LONG,63810.14,-0.8133942348347318,-8.813394234834732,19.186605765165268,-24.055737849815092,1,TRAILING_STOP,Candlestick Patterns
2024-05-05 12:45:00,2024-05-05 13:00:00,2024-05-05 13:15:00,LONG,63725.32,67.04075554269454,59.04075554269454,87.04075554269454,0.0,1,TRAILING_STOP,Candlestick Patterns
2024-05-05 17:15:00,2024-05-05 17:30:00,2024-05-05 20:00:00,LONG,64368.0,-81.71607009694227,-89.71607009694227,0.0,-91.34973900074571,10,TIME_EXIT,Candlestick Patterns
2024-05-05 21:45:00,2024-05-05 22:00:00,2024-05-05 23:30:00,LONG,63868.41,36.224978827560996,28.224978827560996,56.224978827560996,-25.691887429169405,6,TRAILING_STOP,Candlestick Patterns
2024-05-06 02:00:00,2024-05-06 02:15:00,2024-05-06 04:45:00,LONG,64202.01,-5.608858663459608,-13.608858663459607,0.0,-76.85584921718187,10,TIME_EXIT,Candlestick Patterns
2024-05-06 11:00:00,2024-05-06 11:15:00,2024-05-06 13:45:00,LONG,64352.58,-74.9900004009166,-82.9900004009166,0.0,-156.74896018155,10,TIME_EXIT,Candlestick Patterns
2024-05-06 15:00:00,2024-05-06 15:15:00,2024-05-06 15:45:00,LONG,63174.38,72.69897069033406,64.69897069033406,92.69897069033406,0.0,2,TRAILING_STOP,Candlestick Patterns
2024-05-06 18:45:00,2024-05-06 19:00:00,2024-05-06 19:15:00,SHORT,63400.0,80.41009463722398,72.41009463722398,110.41009463722398,0.0,1,TRAILING_STOP,Candlestick Patterns
2024-05-07 01:00:00,2024-05-07 01:15:00,2024-05-07 01:30:00,LONG,63695.43,16.73418956430676,8.73418956430676,36.73418956430676,-22.07065718843593,1,TRAILING_STOP,Candlestick Patterns
2024-05-07 05:00:00,2024-05-07 05:15:00,2024-05-07 05:30:00,SHORT,63388.32,-7.219778028507228,-15.219778028507228,22.78022197149277,-53.1138859651116,1,TRAILING_STOP,Candlestick Patterns
2024-05-07 13:00:00,2024-05-07 13:15:00,2024-05-07 13:30:00,LONG,63650.0,-15.286724273369991,-23.28672427336999,4.713275726630008,-30.276512175962154,1,TRAILING_STOP,Candlestick Patterns
2024-05-07 16:15:00,2024-05-07 16:30:00,2024-05-07 18:45:00,SHORT,63657.52,106.29654438312983,98.29654438312983,136.29654438312983,0.0,9,TRAILING_STOP,Candlestick Patterns
2024-05-07 20:00:00,2024-05-07 20:15:00,2024-05-07 20:45:00,LONG,63129.41,-19.173127073420474,-27.173127073420474,0.8268729265795274,-38.13278153557957,2,TRAILING_STOP,Candlestick Patterns
2024-05-08 01:15:00,2024-05-08 01:30:00,2024-05-08 02:00:00,SHORT,62550.01,-23.645084948827346,-31.645084948827346,6.354915051172654,-33.170258485969214,2,TRAILING_STOP,Candlestick Patterns
2024-05-08 05:45:00,2024-05-08 06:00:00,2024-05-08 06:30:00,SHORT,62617.71,47.01175913331802,39.01175913331802,77.01175913331802,0.0,2,TRAILING_STOP,Candlestick Patterns
2024-05-08 08:30:00,2024-05-08 08:45:00,2024-05-08 09:45:00,SHORT,62232.23,-5.907982085809831,-13.90798208580983,24.09201791419017,-31.457976035889565,4,TRAILING_STOP,Candlestick Patterns
2024-05-08 13:30:00,2024-05-08 13:45:00,2024-05-08 16:15:00,SHORT,61872.0,-66.27230411171465,-74.27230411171465,0.0,-154.51254202223947,10,TIME_EXIT,Candlestick Patterns
2024-05-08 16:30:00,2024-05-08 16:45:00,2024-05-08 19:15:00,SHORT,62252.84,31.045973163633466,23.045973163633466,48.73994503704542,-81.46776918129414,10,TIME_EXIT,Candlestick Patterns
2024-05-08 23:00:00,2024-05-08 23:15:00,2024-05-09 01:45:00,LONG,61191.8,58.70067558071459,50.70067558071459,61.38240744674949,-38.523135452789944,10,TIME_EXIT,Candlestick Patterns
2024-05-09 04:45:00,2024-05-09 05:00:00,2024-05-09 06:00:00,SHORT,61511.13,-19.158059687735367,-27.158059687735367,10.841940312264635,-43.80833192301965,4,TRAILING_STOP,Candlestick Patterns
2024-05-09 09:45:00,2024-05-09 10:00:00,2024-05-09 12:30:00,LONG,61289.99,35.643670361179844,27.643670361179844,55.643670361179844,-107.68316327021721,10,TRAILING_STOP,Candlestick Patterns
2024-05-09 14:30:00,2024-05-09 14:45:00,2024-05-09 15:30:00,LONG,61393.41,125.22568464595736,117.22568464595736,145.22568464595736,0.0,3,TRAILING_STOP,Candlestick Patterns
2024-05-09 19:00:00,2024-05-09 19:15:00,2024-05-09 21:45:00,SHORT,62209.89,-53.60080205896476,-61.60080205896476,0.0,-98.49720036476515,10,TIME_EXIT,Candlestick Patterns
2024-05-09 23:45:00,2024-05-10 00:00:00,2024-05-10 02:30:00,LONG,63074.0,-12.166661381868593,-20.166661381868593,0.0,-65.30900212448874,10,TIME_EXIT,Candlestick Patterns
2024-05-10 03:15:00,2024-05-10 03:30:00,2024-05-10 04:30:00,LONG,62914.64,-5.160846505678077,-13.160846505678077,14.839153494321923,-19.327774902629745,4,TRAILING_STOP,Candlestick Patterns
2024-05-10 08:45:00,2024-05-10 09:00:00,2024-05-10 10:00:00,LONG,63040.0,7.701459390862528,-0.29854060913747205,27.701459390862528,-29.12595177664984,4,TRAILING_STOP,Candlestick Patterns
2024-05-10 11:30:00,2024-05-10 11:45:00,2024-05-10 12:00:00,LONG,63044.99,47.27576608387112,39.27576608387112,67.27576608387112,0.0,1,TRAILING_STOP,Candlestick Patterns
2024-05-10 17:00:00,2024-05-10 17:15:00,2024-05-10 17:30:00,SHORT,60715.6,41.83326855042188,33.83326855042188,71.83326855042188,0.0,1,TRAILING_STOP,Candlestick Patterns
2024-05-11 00:15:00,2024-05-11 00:30:00,2024-05-11 01:00:00,SHORT,60868.0,5.8152066767431165,-2.1847933232568835,35.81520667674312,-34.17230728790169,2,TRAILING_STOP,Candlestick Patterns
2024-05-11 04:30:00,2024-05-11 04:45:00,2024-05-11 06:45:00,LONG,60789.04,27.86389125408118,19.86389125408118,47.86389125408118,-3.7901569098641583,8,TRAILING_STOP,Candlestick Patterns
2024-05-11 08:00:00,2024-05-11 08:15:00,2024-05-11 09:45:00,SHORT,60915.15,11.557806227186738,3.557806227186738,41.55780622718674,0.0,6,TRAILING_STOP,Candlestick Patterns
2024-05-11 12:00:00,2024-05-11 12:15:00,2024-05-11 13:15:00,LONG,60775.32,5.900316115160479,-2.0996838848395214,25.90031611516048,-21.617327559936726,4,TRAILING_STOP,Candlestick Patterns
2024-05-11 18:00:00,2024-05-11 18:15:00,2024-05-11 19:00:00,LONG,61075.98,16.67890388332644,8.678903883326441,36.67890388332644,0.0,3,TRAILING_STOP,Candlestick Patterns
2024-05-11 21:45:00,2024-05-11 22:00:00,2024-05-11 23:30:00,LONG,60919.55,-8.435567892409402,-16.435567892409402,11.564432107590598,-28.897127441026875,6,TRAILING_STOP,Candlestick Patterns
2024-05-12 01:00:00,2024-05-12 01:15:00,2024-05-12 03:45:00,LONG,61026.0,-15.730999901681251,-23.73099990168125,0.0,-31.463638449185925,10,TIME_EXIT,Candlestick Patterns
2024-05-12 05:00:00,2024-05-12 05:15:00,2024-05-12 07:45:00,SHORT,61022.74,37.637080865264,29.637080865263997,67.637080865264,-8.31165562215023,10,TRAILING_STOP,Candlestick Patterns
2024-05-12 07:45:00,2024-05-12 08:00:00,2024-05-12 10:30:00,LONG,60819.99,69.8717674896031,61.8717674896031,89.8717674896031,-4.7763901309414285,10,TRAILING_STOP,Candlestick Patterns
2024-05-12 19:45:00,2024-05-12 20:00:00,2024-05-12 20:45:00,LONG,61406.11,-19.36651255062413,-27.36651255062413,0.6334874493758712,-20.009409487101955,3,TRAILING_STOP,Candlestick Patterns
2024-05-12 23:15:00,2024-05-12 23:30:00,2024-05-13 00:30:00,LONG,61438.73,40.75483656644543,32.75483656644543,60.75483656644543,0.0,4,TRAILING_STOP,Candlestick Patterns
2024-05-13 05:00:00,2024-05-13 05:15:00,2024-05-13 07:00:00,LONG,61003.99,103.92795946625819,95.92795946625819,123.92795946625819,-33.80106776622269,7,TRAILING_STOP,Candlestick Patterns
2024-05-13 10:00:00,2024-05-13 10:15:00,2024-05-13 10:30:00,SHORT,62769.22,32.19290282721446,24.19290282721446,62.19290282721446,0.0,1,TRAILING_STOP,Candlestick Patterns
2024-05-13 16:15:00,2024-05-13 16:30:00,2024-05-13 17:00:00,LONG,63210.98,-19.34188648870873,-27.34188648870873,0.6581135112912687,-85.25575778132271,2,TRAILING_STOP,Candlestick Patterns
2024-05-13 22:30:00,2024-05-13 22:45:00,2024-05-13 23:30:00,SHORT,62720.77,-29.260213163837207,-37.26021316383721,0.7397868361627924,-41.35472188877858,3,TRAILING_STOP,Candlestick Patterns
2024-05-14 03:00:00,2024-05-14 03:15:00,2024-05-14 04:30:00,LONG,62511.0,5.352337988514535,-2.6476620114854654,25.352337988514535,-17.58570491593484,5,TRAILING_STOP,Candlestick Patterns
2024-05-14 10:15:00,2024-05-14 10:30:00,2024-05-14 12:15:00,LONG,61639.99,55.926358845937855,47.926358845937855,75.92635884593786,-9.40785357038474,7,TRAILING_STOP,Candlestick Patterns
2024-05-14 15:30:00,2024-05-14 15:45:00,2024-05-14 16:45:00,SHORT,61740.79,57.41222779948269,49.41222779948269,87.4122277994827,-12.236642906576938,4,TRAILING_STOP,Candlestick Patterns
2024-05-14 18:15:00,2024-05-14 18:30:00,2024-05-14 21:00:00,SHORT,61257.14,-55.771457825161185,-63.771457825161185,0.0,-73.92770867200143,10,TIME_EXIT,Candlestick Patterns
2024-05-14 23:15:00,2024-05-14 23:30:00,2024-05-15 00:30:00,LONG,61607.67,11.21851548678951,3.21851548678951,31.21851548678951,-12.048824440202969,4,TRAILING_STOP,Candlestick Patterns
2024-05-15 02:00:00,2024-05-15 02:15:00,2024-05-15 04:00:00,LONG,61843.44,10.729209112559207,2.7292091125592073,30.729209112559207,-15.998463216147472,7,TRAILING_STOP,Candlestick Patterns
2024-05-15 05:45:00,2024-05-15 06:00:00,2024-05-15 08:00:00,LONG,61928.67,36.73301235114589,28.733012351145888,56.73301235114589,-15.939305656007004,8,TRAILING_STOP,Candlestick Patterns
2024-05-15 08:45:00,2024-05-15 09:00:00,2024-05-15 09:45:00,LONG,62143.51,104.8094933807248,96.8094933807248,124.8094933807248,-27.796949351590413,3,TRAILING_STOP,Candlestick Patterns
2024-05-15 11:30:00,2024-05-15 11:45:00,2024-05-15 12:30:00,LONG,62433.37,263.11141942201704,255.11141942201704,283.11141942201704,-5.019751456633493,3,TRAILING_STOP,Candlestick Patterns
2024-05-15 17:00:00,2024-05-15 17:15:00,2024-05-15 19:00:00,LONG,64984.24,104.16548997110644,96.16548997110644,124.16548997110644,-5.382843594076952,7,TRAILING_STOP,Candlestick Patterns
2024-05-15 21:45:00,2024-05-15 22:00:00,2024-05-16 00:30:00,SHORT,65859.99,-28.34346011895815,-36.34346011895815,0.0,-122.38234472856658,10,TIME_EXIT,Candlestick Patterns
2024-05-16 00:45:00,2024-05-16 01:00:00,2024-05-16 02:00:00,SHORT,66083.9,7.110400566551114,-0.8895994334488861,37.110400566551114,-6.975980533837413,4,TRAILING_STOP,Candlestick Patterns
2024-05-16 06:00:00,2024-05-16 06:15:00,2024-05-16 07:45:00,LONG,65782.21,55.374481945800724,47.374481945800724,75.37448194580072,0.0,6,TRAILING_STOP,Candlestick Patterns
2024-05-16 09:15:00,2024-05-16 09:30:00,2024-05-16 10:30:00,LONG,66280.01,-6.716960362557556,-14.716960362557556,13.283039637442444,-27.15901823189145,4,TRAILING_STOP,Candlestick Patterns
2024-05-16 12:30:00,2024-05-16 12:45:00,2024-05-16 13:30:00,SHORT,66095.56,20.770429965339943,12.770429965339943,50.77042996533994,-21.48858410459021,3,TRAILING_STOP,Candlestick Patterns
2024-05-16 16:00:00,2024-05-16 16:15:00,2024-05-16 16:30:00,SHORT,65703.78,50.91467492433455,42.91467492433455,80.91467492433455,0.0,1,TRAILING_STOP,Candlestick Patterns
2024-05-16 21:30:00,2024-05-16 21:45:00,2024-05-16 22:00:00,LONG,65474.59,-19.12026940527584,-27.12026940527584,0.8797305947241575,-51.00910139337962,1,TRAILING_STOP,Candlestick Patterns
2024-05-17 00:30:00,2024-05-17 00:45:00,2024-05-17 01:30:00,SHORT,65299.47,-0.43008159177956884,-8.430081591779569,29.56991840822043,-32.2743814000328,3,TRAILING_STOP,Candlestick Patterns
2024-05-17 04:45:00,2024-05-17 05:00:00,2024-05-17 06:45:00,LONG,65451.81,86.36680635722715,78.36680635722715,106.36680635722715,-1.8043809636429722,7,TRAILING_STOP,Candlestick Patterns
2024-05-17 09:30:00,2024-05-17 09:45:00,2024-05-17 11:00:00,LONG,66258.7,26.111680428381305,18.111680428381305,46.111680428381305,-11.459627188579464,5,TRAILING_STOP,Candlestick Patterns
2024-05-17 18:30:00,2024-05-17 18:45:00,2024-05-17 20:00:00,LONG,66541.13,59.4801651249378,51.4801651249378,79.4801651249378,0.0,5,TRAILING_STOP,Candlestick Patterns
2024-05-17 23:00:00,2024-05-17 23:15:00,2024-05-18 00:15:00,LONG,66765.98,29.411391849563017,21.411391849563017,49.41139184956302,0.0,4,TRAILING_STOP,Candlestick Patterns
2024-05-18 04:00:00,2024-05-18 04:15:00,2024-05-18 06:45:00,SHORT,66886.8,-4.968095349156474,-12.968095349156474,23.442592559369395,-11.520957797352791,10,TIME_EXIT,Candlestick Patterns
2024-05-18 08:15:00,2024-05-18 08:30:00,2024-05-18 10:00:00,SHORT,67009.99,-20.150722302749188,-28.150722302749188,9.849277697250812,-28.35547356446326,6,TRAILING_STOP,Candlestick Patterns
2024-05-18 12:30:00,2024-05-18 12:45:00,2024-05-18 13:15:00,SHORT,67074.81,3.956115567080218,-4.043884432919782,33.95611556708022,0.0,2,TRAILING_STOP,Candlestick Patterns
2024-05-18 18:00:00,2024-05-18 18:15:00,2024-05-18 20:15:00,SHORT,66793.28,-26.778118996401425,-34.778118996401425,3.2218810035985768,-27.517738311399427,8,TRAILING_STOP,Candlestick Patterns
2024-05-18 22:30:00,2024-05-18 22:45:00,2024-05-19 00:30:00,LONG,66868.3,5.66537507309074,-2.3346249269092603,25.66537507309074,-4.622519190708227,7,TRAILING_STOP,Candlestick Patterns
2024-05-19 01:15:00,2024-05-19 01:30:00,2024-05-19 02:45:00,SHORT,66940.0,-21.865850014939184,-29.865850014939184,8.134149985060814,-46.31012847325963,5,TRAILING_STOP,Candlestick Patterns
2024-05-19 04:30:00,2024-05-19 04:45:00,2024-05-19 06:30:00,LONG,67088.56,-7.86082157673345,-15.86082157673345,12.13917842326655,-20.653297671018382,7,TRAILING_STOP,Candlestick Patterns
2024-05-19 12:00:00,2024-05-19 12:15:00,2024-05-19 13:30:00,SHORT,67245.99,54.61322377735908,46.61322377735908,84.61322377735908,0.0,5,TRAILING_STOP,Candlestick Patterns
2024-05-19 16:00:00,2024-05-19 16:15:00,2024-05-19 17:15:00,SHORT,66850.21,19.189075097894488,11.189075097894488,49.18907509789449,-0.02991763227027852,4,TRAILING_STOP,Candlestick Patterns
2024-05-19 20:30:00,2024-05-19 20:45:00,2024-05-19 21:45:00,SHORT,66150.2,-7.294097372343984,-15.294097372343984,22.705902627656016,-31.715701539829496,4,TRAILING_STOP,Candlestick Patterns
2024-05-20 01:30:00,2024-05-20 01:45:00,2024-05-20 03:15:00,LONG,66394.51,36.38417995704774,28.384179957047742,56.38417995704774,0.0,6,TRAILING_STOP,Candlestick Patterns
2024-05-20 05:15:00,2024-05-20 05:30:00,2024-05-20 08:00:00,LONG,67172.69,-39.10666671232048,-47.10666671232048,0.0,-132.94837529954552,10,TIME_EXIT,Candlestick Patterns
2024-05-20 10:15:00,2024-05-20 10:30:00,2024-05-20 13:00:00,SHORT,67139.98,22.25202628895517,14.252026288955172,52.25202628895517,-23.833787260586625,10,TRAILING_STOP,Candlestick Patterns
2024-05-20 13:45:00,2024-05-20 14:00:00,2024-05-20 15:15:00,LONG,67099.98,37.6781095910914,29.6781095910914,57.6781095910914,-51.64830153451577,5,TRAILING_STOP,Candlestick Patterns
2024-05-20 16:45:00,2024-05-20 17:00:00,2024-05-20 17:15:00,LONG,68190.06,47.446780366522376,39.446780366522376,67.44678036652238,0.0,1,TRAILING_STOP,Candlestick Patterns
2024-05-20 20:00:00,2024-05-20 20:15:00,2024-05-20 20:45:00,SHORT,69672.04,44.41005028702949,36.41005028702949,74.41005028702949,-42.69287938174505,2,TRAILING_STOP,Candlestick Patterns
2024-05-21 00:15:00,2024-05-21 00:30:00,2024-05-21 01:30:00,SHORT,71447.17,73.73678901487605,65.73678901487605,103.73678901487605,-7.394274678759389,4,TRAILING_STOP,Candlestick Patterns
2024-05-21 03:45:00,2024-05-21 04:00:00,2024-05-21 05:30:00,SHORT,71283.99,34.1195870208734,26.119587020873396,64.1195870208734,0.0,6,TRAILING_STOP,Candlestick Patterns
2024-05-21 06:45:00,2024-05-21 07:00:00,2024-05-21 09:30:00,SHORT,71205.41,37.27244882095458,29.27244882095458,51.36969227478626,0.0,10,TIME_EXIT,Candlestick Patterns
2024-05-21 09:45:00,2024-05-21 10:00:00,2024-05-21 10:15:00,LONG,70990.02,22.2566439620662,14.2566439620662,42.2566439620662,0.0,1,TRAILING_STOP,Candlestick Patterns
2024-05-21 13:30:00,2024-05-21 13:45:00,2024-05-21 16:15:00,LONG,71142.58,-160.42291409729702,-168.42291409729702,0.0,-205.58433500724908,10,TIME_EXIT,Candlestick Patterns
2024-05-21 16:30:00,2024-05-21 16:45:00,2024-05-21 17:15:00,SHORT,69812.01,7.530791621670083,-0.4692083783299168,37.53079162167008,-14.520424207813226,2,TRAILING_STOP,Candlestick Patterns
2024-05-21 19:15:00,2024-05-21 19:30:00,2024-05-21 20:00:00,SHORT,69377.29,-10.293263112470001,-18.29326311247,19.70673688753,-33.58735978300739,2,TRAILING_STOP,Candlestick Patterns
2024-05-22 01:00:00,2024-05-22 01:15:00,2024-05-22 02:30:00,LONG,70189.4,5.530920623343647,-2.469079376656353,25.530920623343647,-37.98721744308829,5,TRAILING_STOP,Candlestick Patterns
2024-05-22 06:45:00,2024-05-22 07:00:00,2024-05-22 08:30:00,LONG,69854.08,29.520371608930823,21.520371608930823,49.52037160893082,-38.14523074386011,6,TRAILING_STOP,Candlestick Patterns
2024-05-22 14:00:00,2024-05-22 14:15:00,2024-05-22 16:45:00,SHORT,69531.95,-100.37543891693065,-108.37543891693065,0.0,-163.09768387050886,10,TIME_EXIT,Candlestick Patterns
2024-05-22 17:15:00,2024-05-22 17:30:00,2024-05-22 18:30:00,SHORT,70256.69,116.32770203093867,108.32770203093867,146.32770203093867,0.0,4,TRAILING_STOP,Candlestick Patterns
2024-05-22 20:15:00,2024-05-22 20:30:00,2024-05-22 21:00:00,SHORT,69580.71,76.13861226768225,68.13861226768225,106.13861226768225,-0.22707442910358264,2,TRAILING_STOP,Candlestick Patterns
2024-05-23 00:15:00,2024-05-23 00:30:00,2024-05-23 01:15:00,SHORT,69355.31,-16.27934905056246,-24.27934905056246,13.720650949437541,-38.38206476187578,3,TRAILING_STOP,Candlestick Patterns
2024-05-23 04:15:00,2024-05-23 04:30:00,2024-05-23 05:15:00,LONG,69511.0,-8.634892319201276,-16.634892319201278,11.365107680798724,-23.568931536016134,3,TRAILING_STOP,Candlestick Patterns
2024-05-23 08:45:00,2024-05-23 09:00:00,2024-05-23 09:30:00,LONG,69687.99,0.3779733064470321,-7.622026693552968,20.377973306447032,-10.074906737876411,2,TRAILING_STOP,Candlestick Patterns
2024-05-23 11:30:00,2024-05-23 11:45:00,2024-05-23 12:45:00,SHORT,69938.28,111.85507564669885,103.85507564669885,141.85507564669885,-22.568470371304027,4,TRAILING_STOP,Candlestick Patterns
2024-05-23 15:00:00,2024-05-23 15:15:00,2024-05-23 15:30:00,LONG,68128.37,7.216268347532502,-0.7837316524674982,27.216268347532502,-1.817157815457805,1,TRAILING_STOP,Candlestick Patterns
2024-05-23 19:15:00,2024-05-23 19:30:00,2024-05-23 19:45:00,LONG,67442.74,1.6657864137778695,-6.3342135862221305,21.66578641377787,-49.30997761953506,1,TRAILING_STOP,Candlestick Patterns
2024-05-23 22:00:00,2024-05-23 22:15:00,2024-05-23 23:15:00,SHORT,67781.47,14.476757438279392,6.476757438279392,44.47675743827939,0.0,4,TRAILING_STOP,Candlestick Patterns
2024-05-24 01:45:00,2024-05-24 02:00:00,2024-05-24 02:45:00,SHORT,67742.01,-14.077827038199695,-22.077827038199693,15.922172961800305,-38.22443414359898,3,TRAILING_STOP,Candlestick Patterns
2024-05-24 06:15:00,2024-05-24 06:30:00,2024-05-24 07:00:00,SHORT,67154.54,20.38080820745511,12.380808207455111,50.38080820745511,-11.963450274547494,2,TRAILING_STOP,Candlestick Patterns
2024-05-24 09:30:00,2024-05-24 09:45:00,2024-05-24 10:45:00,LONG,67314.01,11.162903532266775,3.1629035322667747,31.162903532266775,-0.4293311303247895,4,TRAILING_STOP,Candlestick Patterns
2024-05-24 13:30:00,2024-05-24 13:45:00,2024-05-24 14:15:00,LONG,67344.6,77.32034936728323,69.32034936728323,97.32034936728323,-51.16965577047095,2,TRAILING_STOP,Candlestick Patterns
2024-05-24 19:15:00,2024-05-24 19:30:00,2024-05-24 22:00:00,SHORT,68876.01,11.149019811106015,3.1490198111060153,17.77977557062203,-54.29902225753281,10,TIME_EXIT,Candlestick Patterns
2024-05-24 22:45:00,2024-05-24 23:00:00,2024-05-25 01:30:00,LONG,68788.0,-18.174681630517544,-26.174681630517544,0.0,-41.86776763388963,10,TIME_EXIT,Candlestick Patterns
2024-05-25 02:00:00,2024-05-25 02:15:00,2024-05-25 03:00:00,LONG,68714.99,8.379542804269452,0.37954280426945175,28.37954280426945,-1.5993599067692854,3,TRAILING_STOP,Candlestick Patterns
2024-05-25 05:15:00,2024-05-25 05:30:00,2024-05-25 08:00:00,LONG,68785.85,5.339761011893568,-2.660238988106432,5.34121479926332,-24.756545132466655,10,TIME_EXIT,Candlestick Patterns
2024-05-25 08:30:00,2024-05-25 08:45:00,2024-05-25 09:15:00,SHORT,68884.77,-24.95244014025102,-32.95244014025102,5.047559859748979,-29.92388593298491,2,TRAILING_STOP,Candlestick Patterns
2024-05-25 14:00:00,2024-05-25 14:15:00,2024-05-25 15:00:00,SHORT,68978.02,-27.128070652071823,-35.12807065207183,2.8719293479281762,-32.70752045361704,3,TRAILING_STOP,Candlestick Patterns
2024-05-25 17:00:00,2024-05-25 17:15:00,2024-05-25 19:45:00,LONG,68992.24,23.637440964375376,15.637440964375376,39.77548779398933,-2.4973823143023735,10,TIME_EXIT,Candlestick Patterns
2024-05-25 19:45:00,2024-05-25 20:00:00,2024-05-25 22:30:00,SHORT,69155.32,5.828908029058678,-2.1710919709413217,15.228040301167315,-6.2005352588911595,10,TIME_EXIT,Candlestick Patterns
2024-05-26 04:30:00,2024-05-26 04:45:00,2024-05-26 07:15:00,LONG,68998.65,25.90050674904602,17.90050674904602,26.862844417971342,-10.207446087712299,10,TIME_EXIT,Candlestick Patterns
2024-05-26 08:45:00,2024-05-26 09:00:00,2024-05-26 09:15:00,LONG,69160.32,-6.45466070718108,-14.45466070718108,13.54533929281892,-11.463220528767561,1,TRAILING_STOP,Candlestick Patterns
2024-05-26 13:45:00,2024-05-26 14:00:00,2024-05-26 15:30:00,LONG,69136.15,18.01918388571042,10.019183885710419,38.01918388571042,-13.580449591132776,6,TRAILING_STOP,Candlestick Patterns
2024-05-26 19:30:00,2024-05-26 19:45:00,2024-05-26 20:30:00,LONG,68890.0,-16.870373058499393,-24.870373058499393,3.129626941500606,-24.581216431992527,3,TRAILING_STOP,Candlestick Patterns
2024-05-27 01:45:00,2024-05-27 02:00:00,2024-05-27 04:30:00,SHORT,69074.02,36.455095562701814,28.455095562701814,40.397243420899514,-31.042061834536085,10,TIME_EXIT,Candlestick Patterns
2024-05-27 05:45:00,2024-05-27 06:00:00,2024-05-27 07:30:00,SHORT,68524.6,-3.3292861249814933,-11.329286124981493,26.670713875018507,-26.724709082576197,6,TRAILING_STOP,Candlestick Patterns
2024-05-27 09:00:00,2024-05-27 09:15:00,2024-05-27 10:15:00,LONG,68560.61,-5.490210778463622,-13.490210778463622,14.509789221536378,-17.200838790671142,4,TRAILING_STOP,Candlestick Patterns
2024-05-27 17:00:00,2024-05-27 17:15:00,2024-05-27 19:45:00,LONG,70325.65,-151.52934953320724,-159.52934953320724,0.0,-178.69013652913188,10,TIME_EXIT,Candlestick Patterns
2024-05-27 22:00:00,2024-05-27 22:15:00,2024-05-28 00:45:00,SHORT,69652.01,49.25255854066448,41.25255854066448,79.25255854066448,-7.965312128108073,10,TRAILING_STOP,Candlestick Patterns
2024-05-28 01:30:00,2024-05-28 01:45:00,2024-05-28 02:00:00,SHORT,69317.03,99.40542894004548,91.40542894004548,129.40542894004548,0.0,1,TRAILING_STOP,Candlestick Patterns
2024-05-28 04:45:00,2024-05-28 05:00:00,2024-05-28 06:15:00,LONG,67797.28,17.275831714782832,9.275831714782832,37.27583171478283,-4.926451326660034,5,TRAILING_STOP,Candlestick Patterns
2024-05-28 10:15:00,2024-05-28 10:30:00,2024-05-28 12:15:00,SHORT,68640.92,28.82642598613095,20.82642598613095,58.82642598613095,-3.5940660469000494,7,TRAILING_STOP,Candlestick Patterns
2024-05-28 15:30:00,2024-05-28 15:45:00,2024-05-28 16:15:00,LONG,68250.34,10.30754132506971,2.3075413250697103,30.30754132506971,-55.48104229224404,2,TRAILING_STOP,Candlestick Patterns
2024-05-28 18:30:00,2024-05-28 18:45:00,2024-05-28 21:15:00,SHORT,67479.9,-136.9430008046857,-144.9430008046857,0.0,-165.7426878225972,10,TIME_EXIT,Candlestick Patterns
2024-05-28 21:30:00,2024-05-28 21:45:00,2024-05-28 22:15:00,SHORT,68390.01,-29.087586037786703,-37.08758603778671,0.9124139622132951,-39.665149924675276,2,TRAILING_STOP,Candlestick Patterns
2024-05-29 02:15:00,2024-05-29 02:30:00,2024-05-29 05:00:00,LONG,68913.89,-16.83808300474787,-24.83808300474787,3.1619169952521324,-49.51541699358372,10,TRAILING_STOP,Candlestick Patterns
2024-05-29 06:00:00,2024-05-29 06:15:00,2024-05-29 08:15:00,SHORT,68605.31,116.19422315852827,108.19422315852827,146.19422315852827,-6.4411923800070765,8,TRAILING_STOP,Candlestick Patterns
2024-05-29 10:15:00,2024-05-29 10:30:00,2024-05-29 12:15:00,LONG,68008.69,-18.575182083348125,-26.575182083348125,1.4248179166518762,-40.062527303497006,7,TRAILING_STOP,Candlestick Patterns
2024-05-29 15:15:00,2024-05-29 15:30:00,2024-05-29 16:45:00,LONG,67672.8,-13.025262734806734,-21.025262734806734,6.974737265193267,-81.00004728635562,5,TRAILING_STOP,Candlestick Patterns
2024-05-29 19:00:00,2024-05-29 19:15:00,2024-05-29 19:30:00,LONG,67533.97,6.659176115367359,-1.3408238846326412,26.65917611536736,-24.583183840666273,1,TRAILING_STOP,Candlestick Patterns
2024-05-30 00:00:00,2024-05-30 00:15:00,2024-05-30 00:45:00,LONG,67759.16,-18.400216295479975,-26.400216295479975,1.5997837045200245,-30.652682235139437,2,TRAILING_STOP,Candlestick Patterns
2024-05-30 06:30:00,2024-05-30 06:45:00,2024-05-30 07:45:00,LONG,67963.0,-9.079352000352962,-17.079352000352962,10.920647999647038,-66.88639406736044,4,TRAILING_STOP,Candlestick Patterns
2024-05-30 14:15:00,2024-05-30 14:30:00,2024-05-30 17:00:00,LONG,68671.02,28.107926749885106,20.107926749885106,28.10938296824466,-76.74561991361189,10,TIME_EXIT,Candlestick Patterns
2024-05-30 19:45:00,2024-05-30 20:00:00,2024-05-30 22:30:00,LONG,68653.02,-43.26102478813022,-51.26102478813022,0.0,-85.79666269597521,10,TIME_EXIT,Candlestick Patterns
2024-05-30 23:30:00,2024-05-30 23:45:00,2024-05-31 01:00:00,SHORT,68364.01,-16.83371557636909,-24.83371557636909,13.16628442363091,-38.352051028019325,5,TRAILING_STOP,Candlestick Patterns
2024-05-31 03:30:00,2024-05-31 03:45:00,2024-05-31 04:45:00,LONG,68580.0,-9.161563137940835,-17.161563137940835,10.838436862059165,-13.706620005832603,4,TRAILING_STOP,Candlestick Patterns
2024-05-31 11:15:00,2024-05-31 11:30:00,2024-05-31 13:30:00,SHORT,68293.6,-1.6269167242605356,-9.626916724260536,28.373083275739464,-109.89316714889827,8,TRAILING_STOP,Candlestick Patterns
2024-05-31 19:00:00,2024-05-31 19:15:00,2024-05-31 19:45:00,LONG,67430.69,64.28061465780605,56.280614657806055,84.28061465780605,0.0,2,TRAILING_STOP,Candlestick Patterns
2024-06-01 00:00:00,2024-06-01 00:15:00,2024-06-01 02:00:00,SHORT,67586.61,-6.597435497948744,-14.597435497948744,23.402564502051256,-18.299482693390452,7,TRAILING_STOP,Candlestick Patterns
2024-06-01 04:30:00,2024-06-01 04:45:00,2024-06-01 07:15:00,SHORT,67693.63,12.22123854194412,4.221238541944119,13.388261199762024,-17.1906869228309,10,TIME_EXIT,Candlestick Patterns
2024-06-01 09:00:00,2024-06-01 09:15:00,2024-06-01 11:45:00,SHORT,67712.73,7.7031305634832545,-0.29686943651674547,12.613580932269153,-5.504134894576556,10,TIME_EXIT,Candlestick Patterns
2024-06-01 12:45:00,2024-06-01 13:00:00,2024-06-01 15:30:00,SHORT,67717.76,-10.929186080580534,-18.929186080580536,6.60978744719181,-22.481546938351954,10,TIME_EXIT,Candlestick Patterns
2024-06-01 16:15:00,2024-06-01 16:30:00,2024-06-01 18:00:00,LONG,67707.0,8.505176717326126,0.5051767173261261,28.505176717326126,-22.195637083314697,6,TRAILING_STOP,Candlestick Patterns
2024-06-01 19:15:00,2024-06-01 19:30:00,2024-06-01 22:00:00,LONG,67728.52,10.003171485217749,2.0031714852177487,13.536395007596948,-4.2109291624863605,10,TIME_EXIT,Candlestick Patterns
2024-06-01 22:45:00,2024-06-01 23:00:00,2024-06-02 01:30:00,SHORT,67765.41,-7.229351965846688,-15.22935196584669,6.258355110668332,-21.41800662019154,10,TIME_EXIT,Candlestick Patterns
2024-06-02 02:45:00,2024-06-02 03:00:00,2024-06-02 05:30:00,LONG,67733.25,3.3587639748572524,-4.641236025142748,19.83516219877325,0.0,10,TIME_EXIT,Candlestick Patterns
2024-06-02 06:30:00,2024-06-02 06:45:00,2024-06-02 09:15:00,LONG,67794.01,-12.786973362394594,-20.786973362394594,7.213026637605407,-30.766729981011856,10,TRAILING_STOP,Candlestick Patterns
2024-06-02 10:15:00,2024-06-02 10:30:00,2024-06-02 12:00:00,LONG,67506.56,100.5097697171955,92.5097697171955,120.5097697171955,-6.215692223095334,6,TRAILING_STOP,Candlestick Patterns
2024-06-02 13:45:00,2024-06-02 14:00:00,2024-06-02 14:30:00,LONG,68165.97,23.13442616601786,15.13442616601786,43.13442616601786,-9.206940061147044,2,TRAILING_STOP,Candlestick Patterns
2024-06-02 16:30:00,2024-06-02 16:45:00,2024-06-02 17:30:00,SHORT,68032.01,2.8301339325401784,-5.169866067459822,32.83013393254018,-10.528867220004916,3,TRAILING_STOP,Candlestick Patterns
2024-06-02 19:15:00,2024-06-02 19:30:00,2024-06-02 22:00:00,LONG,67595.24,35.50102048605806,27.50102048605806,45.399646483981726,-2.602254241572492,10,TIME_EXIT,Candlestick Patterns
2024-06-02 22:00:00,2024-06-02 22:15:00,2024-06-03 00:45:00,SHORT,67835.31,2.8486742376502363,-5.151325762349764,32.848674237650236,-21.920737150017754,10,TRAILING_STOP,Candlestick Patterns
2024-06-03 01:30:00,2024-06-03 01:45:00,2024-06-03 04:15:00,SHORT,68175.44,-22.27341693724181,-30.27341693724181,0.0,-90.72622046883728,10,TIME_EXIT,Candlestick Patterns
2024-06-03 04:30:00,2024-06-03 04:45:00,2024-06-03 06:45:00,LONG,68423.61,96.53725958042837,88.53725958042837,116.53725958042837,0.0,8,TRAILING_STOP,Candlestick Patterns
2024-06-03 07:30:00,2024-06-03 07:45:00,2024-06-03 08:45:00,LONG,68912.9,40.96101020273503,32.96101020273503,60.96101020273503,-0.9011375228718935,4,TRAILING_STOP,Candlestick Patterns
2024-06-03 14:00:00,2024-06-03 14:15:00,2024-06-03 16:45:00,LONG,70065.27,-140.6188829358682,-148.6188829358682,0.0,-223.40169387772346,10,TIME_EXIT,Candlestick Patterns
2024-06-03 17:00:00,2024-06-03 17:15:00,2024-06-03 18:00:00,LONG,69076.1,25.431053577140638,17.431053577140638,45.43105357714064,0.0,3,TRAILING_STOP,Candlestick Patterns
2024-06-03 20:15:00,2024-06-03 20:30:00,2024-06-03 21:30:00,SHORT,69403.7,42.645982851058704,34.645982851058704,72.6459828510587,0.0,4,TRAILING_STOP,Candlestick Patterns
2024-06-04 01:00:00,2024-06-04 01:15:00,2024-06-04 02:30:00,LONG,69070.01,14.263785396875356,6.263785396875356,34.263785396875356,-9.956564361289296,5,TRAILING_STOP,Candlestick Patterns
2024-06-04 04:15:00,2024-06-04 04:30:00,2024-06-04 07:00:00,LONG,69228.62,-25.483680015577125,-33.48368001557712,0.0,-69.76016566558778,10,TIME_EXIT,Candlestick Patterns
2024-06-04 07:45:00,2024-06-04 08:00:00,2024-06-04 10:00:00,SHORT,69013.62,34.66839444155927,26.668394441559272,64.66839444155927,-20.252524066989107,8,TRAILING_STOP,Candlestick Patterns
2024-06-04 10:30:00,2024-06-04 10:45:00,2024-06-04 11:30:00,LONG,68940.37,-6.99890934730918,-14.99890934730918,13.00109065269082,-14.287709799062581,3,TRAILING_STOP,Candlestick Patterns
2024-06-04 16:30:00,2024-06-04 16:45:00,2024-06-04 18:30:00,LONG,70950.01,-4.011277799678629,-12.011277799678629,15.988722200321371,-83.10217292428861,7,TRAILING_STOP,Candlestick Patterns
2024-06-04 20:00:00,2024-06-04 20:15:00,2024-06-04 21:15:00,SHORT,70306.77,-18.215928565626637,-26.215928565626637,11.784071434373363,-34.595530416202585,4,TRAILING_STOP,Candlestick Patterns
2024-06-05 05:30:00,2024-06-05 05:45:00,2024-06-05 06:30:00,SHORT,70891.6,-24.131885865179257,-32.13188586517926,5.868114134820743,-29.39699484847206,3,TRAILING_STOP,Candlestick Patterns
2024-06-05 09:15:00,2024-06-05 09:30:00,2024-06-05 12:00:00,LONG,70989.36,-5.26539751872593,-13.26539751872593,14.73460248127407,-41.5203067051175,10,TRAILING_STOP,Candlestick Patterns
2024-06-05 21:45:00,2024-06-05 22:00:00,2024-06-05 23:15:00,LONG,71138.43,1.9346983058254423,-6.065301694174558,21.934698305825442,-61.63054202911043,5,TRAILING_STOP,Candlestick Patterns
2024-06-06 03:00:00,2024-06-06 03:15:00,2024-06-06 05:45:00,SHORT,71152.52,36.129430131217696,28.129430131217696,49.5442747495105,-2.5649126692912634,10,TIME_EXIT,Candlestick Patterns
2024-06-06 10:00:00,2024-06-06 10:15:00,2024-06-06 11:30:00,SHORT,70900.46,-29.574050718429177,-37.57405071842918,0.4259492815708212,-36.60625050951624,5,TRAILING_STOP,Candlestick Patterns
2024-06-06 12:45:00,2024-06-06 13:00:00,2024-06-06 13:45:00,LONG,71187.18,28.993372121216787,20.993372121216787,48.99337212121679,-24.664553364803496,3,TRAILING_STOP,Candlestick Patterns
2024-06-06 17:45:00,2024-06-06 18:00:00,2024-06-06 19:00:00,LONG,71098.3,-14.136287365520367,-22.136287365520367,5.863712634479632,-29.90929459635585,4,TRAILING_STOP,Candlestick Patterns
2024-06-06 20:30:00,2024-06-06 20:45:00,2024-06-06 23:15:00,SHORT,70620.94,-25.835113494665617,-33.83511349466562,0.0,-47.854078407905234,10,TIME_EXIT,Candlestick Patterns
2024-06-07 00:45:00,2024-06-07 01:00:00,2024-06-07 02:15:00,LONG,70883.05,-17.608737208684293,-25.608737208684293,2.391262791315708,-29.988833719768966,5,TRAILING_STOP,Candlestick Patterns
2024-06-07 05:15:00,2024-06-07 05:30:00,2024-06-07 05:45:00,LONG,71320.0,-1.775098149187336,-9.775098149187336,18.224901850812664,-5.608524957936063,1,TRAILING_STOP,Candlestick Patterns
2024-06-07 09:15:00,2024-06-07 09:30:00,2024-06-07 12:00:00,LONG,71204.92,94.80805539841936,86.80805539841936,104.66552030393463,-3.4323470906227165,10,TIME_EXIT,Candlestick Patterns
2024-06-07 12:30:00,2024-06-07 12:45:00,2024-06-07 15:15:00,SHORT,71020.63,-9.605659651287402,-17.605659651287404,7.110609973468272,-89.3275658072857,10,TIME_EXIT,Candlestick Patterns
2024-06-07 16:00:00,2024-06-07 16:15:00,2024-06-07 16:30:00,LONG,71076.47,-1.3693617592434961,-9.369361759243496,18.630638240756504,-12.16436325551992,1,TRAILING_STOP,Candlestick Patterns
2024-06-07 19:00:00,2024-06-07 19:15:00,2024-06-07 19:45:00,LONG,69087.87,32.12637182185595,24.126371821855948,52.12637182185595,0.0,2,TRAILING_STOP,Candlestick Patterns
2024-06-08 00:00:00,2024-06-08 00:15:00,2024-06-08 01:00:00,LONG,69340.0,0.5869627920392269,-7.413037207960773,20.586962792039227,-0.0014421690214538954,3,TRAILING_STOP,Candlestick Patterns
2024-06-08 05:30:00,2024-06-08 05:45:00,2024-06-08 08:15:00,SHORT,69262.97,-23.37901478957559,-31.37901478957559,0.0,-46.08956272016576,10,TIME_EXIT,Candlestick Patterns
2024-06-08 09:00:00,2024-06-08 09:15:00,2024-06-08 11:45:00,LONG,69453.25,-11.109127362650415,-19.109127362650415,8.890872637349585,-19.44617422510792,10,TRAILING_STOP,Candlestick Patterns
2024-06-08 18:15:00,2024-06-08 18:30:00,2024-06-08 21:00:00,LONG,69480.0,-14.997121473804993,-22.997121473804995,1.4392630972941856,-23.99107656879711,10,TIME_EXIT,Candlestick Patterns
2024-06-08 21:00:00,2024-06-08 21:15:00,2024-06-08 23:45:00,LONG,69375.81,-9.41970983834153,-17.419709838341532,7.013972161190405,-12.32850470502598,10,TIME_EXIT,Candlestick Patterns
2024-06-09 01:00:00,2024-06-09 01:15:00,2024-06-09 02:30:00,LONG,69256.47,-6.942736180461839,-14.94273618046184,13.05726381953816,-16.827308697657873,5,TRAILING_STOP,Candlestick Patterns
2024-06-09 03:45:00,2024-06-09 04:00:00,2024-06-09 06:30:00,SHORT,69259.38,-12.037358694229624,-20.037358694229624,3.55908470448461,-15.908314512776899,10,TIME_EXIT,Candlestick Patterns
2024-06-09 07:30:00,2024-06-09 07:45:00,2024-06-09 10:15:00,SHORT,69346.99,-0.028840473104469223,-8.02884047310447,9.162618305424381,-7.238958749326695,10,TIME_EXIT,Candlestick Patterns
2024-06-09 11:00:00,2024-06-09 11:15:00,2024-06-09 13:45:00,SHORT,69333.0,-18.03023091457095,-26.03023091457095,11.969769085429052,-64.03876941716065,10,TRAILING_STOP,Candlestick Patterns
2024-06-09 14:15:00,2024-06-09 14:30:00,2024-06-09 17:00:00,SHORT,69329.2,-51.35786941144534,-59.35786941144534,0.0,-53.264713857941366,10,TIME_EXIT,Candlestick Patterns
2024-06-09 17:15:00,2024-06-09 17:30:00,2024-06-09 20:00:00,SHORT,69584.0,-11.123246723383849,-19.12324672338385,0.0,-39.25327661531379,10,TIME_EXIT,Candlestick Patterns
2024-06-09 20:30:00,2024-06-09 20:45:00,2024-06-09 23:15:00,SHORT,69620.83,-4.537435132559682,-12.537435132559683,3.5650250076028946,-28.82757933221955,10,TIME_EXIT,Candlestick Patterns
2024-06-09 23:30:00,2024-06-09 23:45:00,2024-06-10 01:30:00,SHORT,69647.3,1.7743832137071927,-6.225616786292807,31.774383213707193,-5.20048874830771,7,TRAILING_STOP,Candlestick Patterns
2024-06-10 03:00:00,2024-06-10 03:15:00,2024-06-10 04:00:00,LONG,69715.01,-15.746970415695454,-23.746970415695454,4.253029584304547,-21.85899421085924,3,TRAILING_STOP,Candlestick Patterns
2024-06-10 05:45:00,2024-06-10 06:00:00,2024-06-10 06:45:00,LONG,69580.47,-14.497019062964995,-22.497019062964995,5.502980937035004,-40.16500607138772,3,TRAILING_STOP,Candlestick Patterns
2024-06-10 11:15:00,2024-06-10 11:30:00,2024-06-10 13:30:00,SHORT,69372.22,-5.403699059940038,-13.403699059940038,24.59630094005996,-25.12533114840536,8,TRAILING_STOP,Candlestick Patterns
2024-06-10 15:45:00,2024-06-10 16:00:00,2024-06-10 16:30:00,SHORT,70066.12,19.113608688478166,11.113608688478166,49.113608688478166,0.0,2,TRAILING_STOP,Candlestick Patterns
2024-06-10 18:30:00,2024-06-10 18:45:00,2024-06-10 21:15:00,LONG,69911.76,-50.942788452185184,-58.942788452185184,0.0,-82.57552091379024,10,TIME_EXIT,Candlestick Patterns
2024-06-10 22:30:00,2024-06-10 22:45:00,2024-06-11 01:15:00,SHORT,69434.84,-0.6682524219828861,-8.668252421982887,8.632553916737235,-22.34757075842592,10,TIME_EXIT,Candlestick Patterns
2024-06-11 03:30:00,2024-06-11 03:45:00,2024-06-11 04:15:00,SHORT,68333.51,74.85485086306774,66.85485086306774,104.85485086306774,-19.096048190705446,2,TRAILING_STOP,Candlestick Patterns
2024-06-11 07:00:00,2024-06-11 07:15:00,2024-06-11 07:30:00,LONG,67791.62,-12.161273030501494,-20.161273030501494,7.838726969498505,-32.48336593814867,1,TRAILING_STOP,Candlestick Patterns
2024-06-11 11:30:00,2024-06-11 11:45:00,2024-06-11 12:15:00,LONG,66998.66,9.202076578844139,1.2020765788441388,29.20207657884414,-31.02450108703675,2,TRAILING_STOP,Candlestick Patterns
2024-06-11 14:30:00,2024-06-11 14:45:00,2024-06-11 15:15:00,LONG,67060.38,-17.670755817370058,-25.670755817370058,2.3292441826299437,-63.70676694644455,2,TRAILING_STOP,Candlestick Patterns
2024-06-11 18:00:00,2024-06-11 18:15:00,2024-06-11 19:45:00,LONG,66815.99,95.3391575878759,87.3391575878759,115.3391575878759,0.0,6,TRAILING_STOP,Candlestick Patterns
2024-06-11 21:30:00,2024-06-11 21:45:00,2024-06-11 22:15:00,LONG,67324.97,16.7723892041827,8.772389204182701,36.7723892041827,0.0,2,TRAILING_STOP,Candlestick Patterns
2024-06-12 00:45:00,2024-06-12 01:00:00,2024-06-12 01:45:00,SHORT,67199.99,13.897327960912676,5.897327960912676,43.897327960912676,0.0,3,TRAILING_STOP,Candlestick Patterns
2024-06-12 05:15:00,2024-06-12 05:30:00,2024-06-12 07:45:00,SHORT,67370.08,-4.156183278986671,-12.15618327898667,25.84381672101333,-19.286009457016082,9,TRAILING_STOP,Candlestick Patterns
2024-06-12 08:45:00,2024-06-12 09:00:00,2024-06-12 11:30:00,SHORT,67393.47,-51.73795027915805,-59.73795027915805,0.0,-98.75437486747508,10,TIME_EXIT,Candlestick Patterns
2024-06-12 13:00:00,2024-06-12 13:15:00,2024-06-12 13:30:00,SHORT,69361.93,6.06445207046491,-1.9355479295350904,36.06445207046491,-18.038713743981734,1,TRAILING_STOP,Candlestick Patterns
2024-06-12 18:00:00,2024-06-12 18:15:00,2024-06-12 18:30:00,SHORT,69180.01,16.834338416545478,8.834338416545478,46.83433841654548,-30.354144210156267,1,TRAILING_STOP,Candlestick Patterns
2024-06-13 03:45:00,2024-06-13 04:00:00,2024-06-13 04:45:00,LONG,67474.95,17.711773035772005,9.711773035772005,37.711773035772005,-21.778452596111162,3,TRAILING_STOP,Candlestick Patterns
2024-06-13 06:30:00,2024-06-13 06:45:00,2024-06-13 09:15:00,SHORT,67390.1,0.7464004356721292,-7.253599564327871,10.669222927404578,-53.71115341867601,10,TIME_EXIT,Candlestick Patterns
2024-06-13 09:45:00,2024-06-13 10:00:00,2024-06-13 10:45:00,LONG,67419.86,61.77709060801914,53.77709060801914,81.77709060801914,-28.0214168347425,3,TRAILING_STOP,Candlestick Patterns
2024-06-13 12:30:00,2024-06-13 12:45:00,2024-06-13 13:15:00,SHORT,67729.88,-13.4386241345772,-21.4386241345772,16.5613758654228,-54.53132354582593,2,TRAILING_STOP,Candlestick Patterns
2024-06-13 18:00:00,2024-06-13 18:15:00,2024-06-13 20:45:00,LONG,66962.92,-37.32513456701146,-45.32513456701146,0.0,-64.52526263789001,10,TIME_EXIT,Candlestick Patterns
2024-06-14 00:15:00,2024-06-14 00:30:00,2024-06-14 03:00:00,LONG,66784.96,16.289607720061603,8.289607720061603,36.2896077200616,-45.662975616067804,10,TRAILING_STOP,Candlestick Patterns
2024-06-14 03:00:00,2024-06-14 03:15:00,2024-06-14 05:30:00,SHORT,66762.74,-17.049662731037344,-25.049662731037344,12.950337268962658,-58.0054084059454,9,TRAILING_STOP,Candlestick Patterns
2024-06-14 07:00:00,2024-06-14 07:15:00,2024-06-14 07:45:00,LONG,67003.8,-4.135228151238749,-12.13522815123875,15.86477184876125,-17.62885090099515,2,TRAILING_STOP,Candlestick Patterns
2024-06-14 11:00:00,2024-06-14 11:15:00,2024-06-14 12:30:00,LONG,66912.0,36.19320899091343,28.193208990913433,56.19320899091343,0.0,5,TRAILING_STOP,Candlestick Patterns
2024-06-14 15:30:00,2024-06-14 15:45:00,2024-06-14 16:00:00,SHORT,66645.59,126.88810017286912,118.88810017286912,156.88810017286912,0.0,1,TRAILING_STOP,Candlestick Patterns
2024-06-14 20:45:00,2024-06-14 21:00:00,2024-06-14 21:30:00,LONG,65766.41,110.93462148838603,102.93462148838603,130.93462148838603,-5.441987786775672,2,TRAILING_STOP,Candlestick Patterns
2024-06-14 23:30:00,2024-06-14 23:45:00,2024-06-15 00:30:00,SHORT,66019.99,-22.049377771792265,-30.049377771792265,7.950622228207735,-28.559531741823704,3,TRAILING_STOP,Candlestick Patterns
2024-06-15 02:45:00,2024-06-15 03:00:00,2024-06-15 04:15:00,LONG,66215.34,4.954942464994556,-3.0450575350054443,24.954942464994556,-3.5248629698188534,5,TRAILING_STOP,Candlestick Patterns
2024-06-15 06:00:00,2024-06-15 06:15:00,2024-06-15 08:45:00,LONG,66351.99,-19.69496318045737,-27.69496318045737,0.0,-43.13208993430375,10,TIME_EXIT,Candlestick Patterns
2024-06-15 09:45:00,2024-06-15 10:00:00,2024-06-15 12:30:00,LONG,66227.0,1.605085539131269,-6.394914460868731,20.082443716309058,-4.694459963458485,10,TIME_EXIT,Candlestick Patterns
2024-06-15 12:45:00,2024-06-15 13:00:00,2024-06-15 15:15:00,LONG,66348.01,-0.33550667156389835,-8.335506671563898,19.6644933284361,-29.265384146411964,9,TRAILING_STOP,Candlestick Patterns
2024-06-15 19:15:00,2024-06-15 19:30:00,2024-06-15 20:15:00,LONG,66171.6,-16.404802060099257,-24.404802060099257,3.595197939900742,-47.52794250101252,3,TRAILING_STOP,Candlestick Patterns
2024-06-15 22:15:00,2024-06-15 22:30:00,2024-06-16 01:00:00,LONG,66094.2,13.800000605197795,5.800000605197795,29.28547436840111,0.0,10,TIME_EXIT,Candlestick Patterns
2024-06-16 01:00:00,2024-06-16 01:15:00,2024-06-16 03:45:00,LONG,66185.4,-5.952974523081251,-13.952974523081252,0.0,-16.446225300442585,10,TIME_EXIT,Candlestick Patterns
2024-06-16 04:00:00,2024-06-16 04:15:00,2024-06-16 06:45:00,LONG,66138.15,26.287399934833466,18.287399934833466,33.5706396383931,-8.338606386781938,10,TIME_EXIT,Candlestick Patterns
2024-06-16 08:45:00,2024-06-16 09:00:00,2024-06-16 11:15:00,LONG,66272.51,55.06732429479513,47.06732429479513,75.06732429479513,-15.090721628016619,9,TRAILING_STOP,Candlestick Patterns
2024-06-16 11:30:00,2024-06-16 11:45:00,2024-06-16 13:15:00,SHORT,66540.46,-20.913798912720715,-28.913798912720715,9.086201087279287,-25.429640853097773,6,TRAILING_STOP,Candlestick Patterns
2024-06-16 17:00:00,2024-06-16 17:15:00,2024-06-16 19:45:00,LONG,66615.3,-7.923104752211404,-15.923104752211405,8.203821044113617,-14.005791462322154,10,TIME_EXIT,Candlestick Patterns
2024-06-16 21:45:00,2024-06-16 22:00:00,2024-06-16 23:15:00,LONG,66525.01,25.264179592007565,17.264179592007565,45.264179592007565,0.0,5,TRAILING_STOP,Candlestick Patterns
2024-06-17 01:00:00,2024-06-17 01:15:00,2024-06-17 03:45:00,LONG,66604.57,-57.43900155800224,-65.43900155800225,0.0,-67.49837135800244,10,TIME_EXIT,Candlestick Patterns
2024-06-17 06:15:00,2024-06-17 06:30:00,2024-06-17 07:30:00,LONG,66306.02,-9.44590551506546,-17.445905515065462,10.55409448493454,-55.25139346321885,4,TRAILING_STOP,Candlestick Patterns
2024-06-17 09:15:00,2024-06-17 09:30:00,2024-06-17 12:00:00,LONG,66211.98,-76.76556417735867,-84.76556417735867,0.0,-99.07270557382455,10,TIME_EXIT,Candlestick Patterns
2024-06-17 12:45:00,2024-06-17 13:00:00,2024-06-17 13:30:00,LONG,65625.49,7.666079140894439,-0.3339208591055609,27.66607914089444,-39.845797722806374,2,TRAILING_STOP,Candlestick Patterns
2024-06-17 18:30:00,2024-06-17 18:45:00,2024-06-17 19:15:00,SHORT,66810.01,-15.077086502457176,-23.077086502457178,14.922913497542824,-45.50066674140676,2,TRAILING_STOP,Candlestick Patterns
2024-06-17 23:00:00,2024-06-17 23:15:00,2024-06-18 00:45:00,SHORT,66568.0,132.58412450426644,124.58412450426644,162.58412450426644,-3.038997716619986,6,TRAILING_STOP,Candlestick Patterns
2024-06-18 02:15:00,2024-06-18 02:30:00,2024-06-18 02:45:00,LONG,65304.12,33.52801630279841,25.528016302798413,53.52801630279841,-5.4973560626804945,1,TRAILING_STOP,Candlestick Patterns
2024-06-18 06:45:00,2024-06-18 07:00:00,2024-06-18 08:15:00,LONG,65499.99,25.803060427948466,17.803060427948466,45.803060427948466,-1.5923666553231979,5,TRAILING_STOP,Candlestick Patterns
2024-06-18 12:30:00,2024-06-18 12:45:00,2024-06-18 13:30:00,SHORT,65079.36,37.80951748757255,29.80951748757255,67.80951748757255,-28.986148603796874,3,TRAILING_STOP,Candlestick Patterns
2024-06-18 16:45:00,2024-06-18 17:00:00,2024-06-18 17:15:00,LONG,64700.99,0.24853097301943095,-7.751469026980569,20.24853097301943,-38.41363169249819,1,TRAILING_STOP,Candlestick Patterns
2024-06-18 22:15:00,2024-06-18 22:30:00,2024-06-19 00:45:00,SHORT,65144.0,14.215890949281722,6.215890949281722,44.21589094928172,-23.796512341888246,9,TRAILING_STOP,Candlestick Patterns
2024-06-19 01:45:00,2024-06-19 02:00:00,2024-06-19 02:30:00,LONG,65035.59,49.78332940471576,41.78332940471576,69.78332940471576,0.0,2,TRAILING_STOP,Candlestick Patterns
2024-06-19 05:00:00,2024-06-19 05:15:00,2024-06-19 06:45:00,SHORT,65446.49,-22.210430230865562,-30.210430230865562,7.789569769134437,-23.455803359355414,6,TRAILING_STOP,Candlestick Patterns
2024-06-19 08:15:00,2024-06-19 08:30:00,2024-06-19 09:45:00,SHORT,65186.9,-12.373759144858639,-20.37375914485864,17.62624085514136,-18.37178942394899,5,TRAILING_STOP,Candlestick Patterns
2024-06-19 11:30:00,2024-06-19 11:45:00,2024-06-19 14:15:00,SHORT,65195.18,45.276353251881545,37.276353251881545,52.33208958085556,-17.61479913085546,10,TIME_EXIT,Candlestick Patterns
2024-06-19 15:45:00,2024-06-19 16:00:00,2024-06-19 16:45:00,LONG,64921.99,7.423681868038994,-0.5763181319610062,27.423681868038994,-11.0886927526402,3,TRAILING_STOP,Candlestick Patterns
2024-06-19 20:00:00,2024-06-19 20:15:00,2024-06-19 21:00:00,SHORT,64805.1,-19.24313055608291,-27.24313055608291,10.75686944391709,-30.07479349619111,3,TRAILING_STOP,Candlestick Patterns
2024-06-19 23:45:00,2024-06-20 00:00:00,2024-06-20 01:30:00,LONG,64974.37,46.64627914052862,38.64627914052862,66.64627914052862,-16.64348573137368,6,TRAILING_STOP,Candlestick Patterns
2024-06-20 04:00:00,2024-06-20 04:15:00,2024-06-20 06:45:00,SHORT,65080.7,-59.08664166181386,-67.08664166181386,0.0,-85.29871375077475,10,TIME_EXIT,Candlestick Patterns
2024-06-20 09:30:00,2024-06-20 09:45:00,2024-06-20 11:30:00,LONG,65657.32,105.74683218870268,97.74683218870268,125.74683218870268,-1.724103268303821,7,TRAILING_STOP,Candlestick Patterns
2024-06-20 12:15:00,2024-06-20 12:30:00,2024-06-20 12:45:00,LONG,66046.0,-8.141598279985619,-16.14159827998562,11.858401720014381,-16.65505859552433,1,TRAILING_STOP,Candlestick Patterns
2024-06-20 15:00:00,2024-06-20 15:15:00,2024-06-20 15:45:00,LONG,64996.71,0.03178314717843023,-7.96821685282157,20.03178314717843,-27.966030896024858,2,TRAILING_STOP,Candlestick Patterns
2024-06-20 19:15:00,2024-06-20 19:30:00,2024-06-20 20:15:00,LONG,65092.02,-3.3942778239170046,-11.394277823917005,16.605722176082995,-24.889379681256592,3,TRAILING_STOP,Candlestick Patterns
2024-06-20 23:00:00,2024-06-20 23:15:00,2024-06-21 00:15:00,SHORT,64985.15,23.806138787092664,15.806138787092664,53.806138787092664,0.0,4,TRAILING_STOP,Candlestick Patterns
2024-06-21 03:30:00,2024-06-21 03:45:00,2024-06-21 06:15:00,LONG,64748.09,-16.714006544439208,-24.714006544439208,0.0,-66.42512543613202,10,TIME_EXIT,Candlestick Patterns
2024-06-21 10:30:00,2024-06-21 10:45:00,2024-06-21 11:30:00,LONG,63976.99,-7.023459528182855,-15.023459528182855,12.976540471817145,-45.49291862589904,3,TRAILING_STOP,Candlestick Patterns
2024-06-21 15:00:00,2024-06-21 15:15:00,2024-06-21 15:45:00,SHORT,64180.02,84.46085557467782,76.46085557467782,114.46085557467782,0.0,2,TRAILING_STOP,Candlestick Patterns
2024-06-21 17:45:00,2024-06-21 18:00:00,2024-06-21 20:30:00,SHORT,63671.04,-72.08457722694669,-80.08457722694669,0.0,-123.93389522143796,10,TIME_EXIT,Candlestick Patterns
2024-06-21 22:30:00,2024-06-21 22:45:00,2024-06-22 00:15:00,LONG,64182.0,-13.45610918949238,-21.45610918949238,6.5438908105076194,-19.008444735284037,6,TRAILING_STOP,Candlestick Patterns
2024-06-22 01:45:00,2024-06-22 02:00:00,2024-06-22 04:30:00,SHORT,64144.34,-23.431529578448064,-31.431529578448064,0.0,-34.73884055865284,10,TIME_EXIT,Candlestick Patterns
2024-06-22 04:30:00,2024-06-22 04:45:00,2024-06-22 07:00:00,LONG,64294.65,16.699787618409793,8.699787618409793,36.69978761840979,-5.73298089343368,9,TRAILING_STOP,Candlestick Patterns
2024-06-22 09:30:00,2024-06-22 09:45:00,2024-06-22 12:15:00,LONG,64307.34,1.970226104828085,-6.029773895171915,10.157471915337656,-10.847906319868738,10,TIME_EXIT,Candlestick Patterns
2024-06-22 12:30:00,2024-06-22 12:45:00,2024-06-22 15:15:00,LONG,64330.0,-9.457484843774335,-17.457484843774335,10.542515156225665,-12.976838178144442,10,TRAILING_STOP,Candlestick Patterns
2024-06-22 15:45:00,2024-06-22 16:00:00,2024-06-22 18:30:00,LONG,64307.09,-0.7899595518930292,-8.789959551893029,8.538716337499254,-8.76730699523138,10,TIME_EXIT,Candlestick Patterns
2024-06-22 19:15:00,2024-06-22 19:30:00,2024-06-22 22:00:00,SHORT,64249.81,-4.020245351698588,-12.020245351698588,0.591441437724973,-12.480970760847748,10,TIME_EXIT,Candlestick Patterns
2024-06-22 23:30:00,2024-06-22 23:45:00,2024-06-23 00:30:00,SHORT,64266.77,-29.257781276389526,-37.25778127638952,0.7422187236104753,-34.110941004192554,3,TRAILING_STOP,Candlestick Patterns
2024-06-23 02:45:00,2024-06-23 03:00:00,2024-06-23 05:30:00,LONG,64507.17,-22.814518138060972,-30.814518138060972,0.0,-24.443794387507666,10,TIME_EXIT,Candlestick Patterns
2024-06-23 11:00:00,2024-06-23 11:15:00,2024-06-23 13:15:00,LONG,64319.73,-2.995886332235017,-10.995886332235017,17.004113667764983,-6.4879003689852555,8,TRAILING_STOP,Candlestick Patterns
2024-06-23 13:45:00,2024-06-23 14:00:00,2024-06-23 16:30:00,LONG,64297.79,-26.61055691027616,-34.61055691027616,0.0,-40.093135393922694,10,TIME_EXIT,Candlestick Patterns
2024-06-23 17:15:00,2024-06-23 17:30:00,2024-06-23 20:00:00,SHORT,64067.16,-7.033244489063925,-15.033244489063925,0.0,-18.80214449961558,10,TIME_EXIT,Candlestick Patterns
2024-06-23 21:45:00,2024-06-23 22:00:00,2024-06-24 00:30:00,LONG,63844.67,-91.57694761363764,-99.57694761363764,0.0,-147.38583502741824,10,TIME_EXIT,Candlestick Patterns
2024-06-24 00:45:00,2024-06-24 01:00:00,2024-06-24 01:15:00,SHORT,63080.01,-4.633802372573811,-12.633802372573811,25.36619762742619,-22.268544345506786,1,TRAILING_STOP,Candlestick Patterns
2024-06-24 03:45:00,2024-06-24 04:00:00,2024-06-24 04:30:00,SHORT,62862.0,-1.038147052273601,-9.038147052273601,28.9618529477264,-11.623874518787138,2,TRAILING_STOP,Candlestick Patterns
2024-06-24 12:15:00,2024-06-24 12:30:00,2024-06-24 13:15:00,SHORT,61340.01,39.135952211289464,31.135952211289464,69.13595221128946,0.0,3,TRAILING_STOP,Candlestick Patterns
2024-06-24 16:00:00,2024-06-24 16:15:00,2024-06-24 16:30:00,LONG,60911.06,-13.278724750480073,-21.278724750480073,6.721275249519928,-90.46961257938996,1,TRAILING_STOP,Candlestick Patterns
2024-06-24 22:00:00,2024-06-24 22:15:00,2024-06-24 22:30:00,LONG,60080.0,12.807922769640577,4.807922769640577,32.80792276964058,0.0,1,TRAILING_STOP,Candlestick Patterns
2024-06-25 02:00:00,2024-06-25 02:15:00,2024-06-25 04:45:00,SHORT,60464.02,-150.0479127917727,-158.0479127917727,0.0,-187.6901337357334,10,TIME_EXIT,Candlestick Patterns
2024-06-25 04:45:00,2024-06-25 05:00:00,2024-06-25 05:30:00,LONG,61371.27,-17.599854133700802,-25.599854133700802,2.400145866299199,-62.76552530198529,2,TRAILING_STOP,Candlestick Patterns
2024-06-25 13:30:00,2024-06-25 13:45:00,2024-06-25 14:30:00,LONG,61200.0,132.6143790849673,124.61437908496731,152.6143790849673,-7.230392156862745,3,TRAILING_STOP,Candlestick Patterns
2024-06-25 17:00:00,2024-06-25 17:15:00,2024-06-25 17:30:00,LONG,61704.11,-11.592132193463714,-19.592132193463712,8.407867806536286,-21.734370692649257,1,TRAILING_STOP,Candlestick Patterns
2024-06-25 21:30:00,2024-06-25 21:45:00,2024-06-25 22:15:00,SHORT,61922.37,-29.05688364318036,-37.056883643180356,0.943116356819641,-38.77758554783922,2,TRAILING_STOP,Candlestick Patterns
2024-06-26 00:15:00,2024-06-26 00:30:00,2024-06-26 02:15:00,LONG,61839.16,84.89308069514433,76.89308069514433,104.89308069514433,-26.707995386742557,7,TRAILING_STOP,Candlestick Patterns
2024-06-26 07:15:00,2024-06-26 07:30:00,2024-06-26 10:00:00,SHORT,61616.15,46.35473005048232,38.35473005048232,58.16332244062711,-22.469758334462167,10,TIME_EXIT,Candlestick Patterns
2024-06-26 10:15:00,2024-06-26 10:30:00,2024-06-26 11:15:00,LONG,61306.01,21.66965033281388,13.66965033281388,41.66965033281388,-25.50647155148453,3,TRAILING_STOP,Candlestick Patterns
2024-06-26 14:45:00,2024-06-26 15:00:00,2024-06-26 15:45:00,SHORT,61728.13,58.34383934844527,50.34383934844527,88.34383934844527,0.0,3,TRAILING_STOP,Candlestick Patterns
2024-06-26 21:00:00,2024-06-26 21:15:00,2024-06-26 23:45:00,SHORT,60970.01,17.224861862414663,9.224861862414663,30.651134877623385,-16.39986609810265,10,TIME_EXIT,Candlestick Patterns
2024-06-27 02:00:00,2024-06-27 02:15:00,2024-06-27 02:30:00,LONG,61010.01,-5.902313407259765,-13.902313407259765,14.097686592740235,-14.423862575993677,1,TRAILING_STOP,Candlestick Patterns
2024-06-27 07:15:00,2024-06-27 07:30:00,2024-06-27 10:00:00,LONG,60807.94,69.25314687522648,61.25314687522648,89.25314687522648,-11.72873147815889,10,TRAILING_STOP,Candlestick Patterns
2024-06-27 11:15:00,2024-06-27 11:30:00,2024-06-27 14:00:00,SHORT,61128.01,-201.5426316021081,-209.5426316021081,0.0,-201.5426316021081,10,TIME_EXIT,Candlestick Patterns
2024-06-27 18:15:00,2024-06-27 18:30:00,2024-06-27 19:00:00,LONG,61836.01,-11.26884156982348,-19.26884156982348,8.73115843017652,-38.1670809614013,2,TRAILING_STOP,Candlestick Patterns
2024-06-27 23:15:00,2024-06-27 23:30:00,2024-06-28 00:15:00,LONG,61666.05,-9.6539505935607,-17.6539505935607,10.3460494064393,-23.964563969965017,3,TRAILING_STOP,Candlestick Patterns
2024-06-28 06:45:00,2024-06-28 07:00:00,2024-06-28 09:30:00,LONG,61620.96,-32.61227997746207,-40.61227997746207,0.0,-66.34917729292087,10,TIME_EXIT,Candlestick Patterns
2024-06-28 10:15:00,2024-06-28 10:30:00,2024-06-28 12:30:00,LONG,61521.68,37.43016120496054,29.43016120496054,57.43016120496054,-39.99728225887195,8,TRAILING_STOP,Candlestick Patterns
2024-06-28 13:15:00,2024-06-28 13:30:00,2024-06-28 13:45:00,LONG,61479.96,31.41187469868259,23.41187469868259,51.41187469868259,-40.019544580055175,1,TRAILING_STOP,Candlestick Patterns
2024-06-28 16:45:00,2024-06-28 17:00:00,2024-06-28 17:30:00,LONG,60940.01,2.356412478435427,-5.643587521564573,22.356412478435427,-12.806036625199251,2,TRAILING_STOP,Candlestick Patterns
2024-06-28 21:00:00,2024-06-28 21:15:00,2024-06-28 23:45:00,LONG,60276.01,25.189125823025524,17.189125823025524,28.865547006180062,-0.9887847586459566,10,TIME_EXIT,Candlestick Patterns
2024-06-29 01:30:00,2024-06-29 01:45:00,2024-06-29 04:15:00,LONG,60991.56,-43.624068641628405,-51.624068641628405,0.0,-47.22456680891567,10,TIME_EXIT,Candlestick Patterns
2024-06-29 04:30:00,2024-06-29 04:45:00,2024-06-29 07:15:00,LONG,60735.47,62.65366844119241,54.65366844119241,65.12339494532583,-1.5509882445954981,10,TIME_EXIT,Candlestick Patterns
2024-06-29 08:45:00,2024-06-29 09:00:00,2024-06-29 11:30:00,LONG,60982.03,30.823834496818353,22.823834496818353,39.678902129037226,-15.086411521558073,10,TIME_EXIT,Candlestick Patterns
2024-06-29 19:30:00,2024-06-29 19:45:00,2024-06-29 22:15:00,LONG,61043.55,-12.048775013904486,-20.048775013904486,7.609321541751272,-19.584378693572525,10,TIME_EXIT,Candlestick Patterns
2024-06-30 02:00:00,2024-06-30 02:15:00,2024-06-30 04:15:00,LONG,60948.74,-19.415902609306617,-27.415902609306617,0.584097390693384,-34.09422409716684,8,TRAILING_STOP,Candlestick Patterns
2024-06-30 15:30:00,2024-06-30 15:45:00,2024-06-30 16:15:00,LONG,61724.71,-16.051824301806747,-24.051824301806747,3.948175698193255,-18.585749532075756,2,TRAILING_STOP,Candlestick Patterns
2024-06-30 21:45:00,2024-06-30 22:00:00,2024-06-30 23:00:00,LONG,61940.0,160.61995479496318,152.61995479496318,180.61995479496318,0.0,4,TRAILING_STOP,Candlestick Patterns
2024-07-01 02:45:00,2024-07-01 03:00:00,2024-07-01 03:30:00,LONG,63435.86,-6.997890467632043,-14.997890467632043,13.002109532367957,-15.111326621882414,2,TRAILING_STOP,Candlestick Patterns
2024-07-01 08:00:00,2024-07-01 08:15:00,2024-07-01 10:45:00,SHORT,63260.01,64.45936382242179,56.45936382242179,75.71291879340505,0.0,10,TIME_EXIT,Candlestick Patterns
2024-07-01 11:00:00,2024-07-01 11:15:00,2024-07-01 12:00:00,LONG,62812.04,-14.510606565238778,-22.510606565238778,5.489393434761221,-34.861150823950496,3,TRAILING_STOP,Candlestick Patterns
2024-07-01 14:00:00,2024-07-01 14:15:00,2024-07-01 16:45:00,SHORT,62624.76,-78.97355614616323,-86.97355614616323,0.0,-113.91021698127076,10,TIME_EXIT,Candlestick Patterns
2024-07-01 20:45:00,2024-07-01 21:00:00,2024-07-01 23:00:00,SHORT,63292.53,47.09124599696051,39.09124599696051,77.09124599696051,0.0,8,TRAILING_STOP,Candlestick Patterns
2024-07-02 01:15:00,2024-07-02 01:30:00,2024-07-02 02:00:00,SHORT,62889.81,-24.304323705223517,-32.30432370522352,5.695676294776485,-34.66539332842667,2,TRAILING_STOP,Candlestick Patterns
2024-07-02 06:30:00,2024-07-02 06:45:00,2024-07-02 09:15:00,LONG,62914.04,-36.44019681457462,-44.44019681457462,0.0,-81.50962805758422,10,TIME_EXIT,Candlestick Patterns
2024-07-02 11:30:00,2024-07-02 11:45:00,2024-07-02 13:15:00,SHORT,62793.79,-18.852400850466264,-26.852400850466264,11.147599149533736,-39.67271285902676,6,TRAILING_STOP,Candlestick Patterns
2024-07-02 16:45:00,2024-07-02 17:00:00,2024-07-02 17:45:00,SHORT,61920.9,-29.221587541524798,-37.2215875415248,0.7784124584752012,-37.354108225170435,3,TRAILING_STOP,Candlestick Patterns
2024-07-02 19:30:00,2024-07-02 19:45:00,2024-07-02 20:15:00,SHORT,62000.01,-9.925809689385677,-17.925809689385677,20.074190310614323,-12.772578585067173,2,TRAILING_STOP,Candlestick Patterns
2024-07-02 22:15:00,2024-07-02 22:30:00,2024-07-03 00:45:00,LONG,62034.01,20.611593543606205,12.611593543606205,40.611593543606205,-6.369086892819284,9,TRAILING_STOP,Candlestick Patterns
2024-07-03 01:00:00,2024-07-03 01:15:00,2024-07-03 01:45:00,LONG,62042.02,-0.16666768747972682,-8.166667687479727,19.833332312520273,-131.07568064353705,2,TRAILING_STOP,Candlestick Patterns
2024-07-03 04:00:00,2024-07-03 04:15:00,2024-07-03 04:30:00,LONG,60949.4,-17.604570348518845,-25.604570348518845,2.395429651481154,-18.287300613295475,1,TRAILING_STOP,Candlestick Patterns
2024-07-03 07:30:00,2024-07-03 07:45:00,2024-07-03 09:00:00,SHORT,60886.86,63.10054747444697,55.10054747444697,93.10054747444697,-14.999952370675995,5,TRAILING_STOP,Candlestick Patterns
2024-07-03 11:15:00,2024-07-03 11:30:00,2024-07-03 13:00:00,SHORT,60212.01,46.35021650996224,38.35021650996224,76.35021650996224,-33.81551288522017,6,TRAILING_STOP,Candlestick Patterns
2024-07-03 14:00:00,2024-07-03 14:15:00,2024-07-03 15:00:00,SHORT,60454.28,49.65689112499523,41.65689112499523,79.65689112499523,0.0,3,TRAILING_STOP,Candlestick Patterns
2024-07-03 17:45:00,2024-07-03 18:00:00,2024-07-03 18:45:00,LONG,60371.34,-7.623266271710854,-15.623266271710854,12.376733728289146,-21.755356101089774,3,TRAILING_STOP,Candlestick Patterns
2024-07-03 20:30:00,2024-07-03 20:45:00,2024-07-03 21:00:00,SHORT,59708.03,21.589375834372504,13.589375834372504,51.589375834372504,-28.40153996037078,1,TRAILING_STOP,Candlestick Patterns
2024-07-04 00:00:00,2024-07-04 00:15:00,2024-07-04 01:00:00,LONG,60284.01,15.528492547194567,7.528492547194567,35.52849254719457,-27.881356930304026,3,TRAILING_STOP,Candlestick Patterns
2024-07-04 02:45:00,2024-07-04 03:00:00,2024-07-04 03:30:00,SHORT,58972.13,-3.5146076629765517,-11.514607662976552,26.48539233702345,-15.917688575943012,2,TRAILING_STOP,Candlestick Patterns
2024-07-04 08:15:00,2024-07-04 08:30:00,2024-07-04 08:45:00,SHORT,58070.0,86.12192181849487,78.12192181849487,116.12192181849487,0.0,1,TRAILING_STOP,Candlestick Patterns
2024-07-04 12:00:00,2024-07-04 12:15:00,2024-07-04 13:00:00,SHORT,57606.0,66.32677151685613,58.32677151685613,96.32677151685613,-21.52379960420754,3,TRAILING_STOP,Candlestick Patterns
2024-07-04 18:45:00,2024-07-04 19:00:00,2024-07-04 19:30:00,LONG,58168.0,67.37450144409262,59.374501444092616,87.37450144409262,0.0,2,TRAILING_STOP,Candlestick Patterns
2024-07-05 02:00:00,2024-07-05 02:15:00,2024-07-05 02:45:00,SHORT,56842.0,213.35878399774865,205.35878399774865,243.35878399774865,-70.56401956299894,2,TRAILING_STOP,Candlestick Patterns
2024-07-05 07:30:00,2024-07-05 07:45:00,2024-07-05 08:15:00,LONG,54221.98,24.055934512165983,16.055934512165983,44.05593451216598,-13.022394239384209,2,TRAILING_STOP,Candlestick Patterns
2024-07-05 10:45:00,2024-07-05 11:00:00,2024-07-05 13:00:00,SHORT,54987.99,-0.9991218082346407,-8.99912180823464,29.00087819176536,-174.94911161510032,8,TRAILING_STOP,Candlestick Patterns
2024-07-05 14:00:00,2024-07-05 14:15:00,2024-07-05 14:30:00,SHORT,55564.35,8.576893277793864,0.5768932777938645,38.576893277793864,-25.321991528741787,1,TRAILING_STOP,Candlestick Patterns
2024-07-05 18:45:00,2024-07-05 19:00:00,2024-07-05 19:15:00,SHORT,56546.15,-14.762888366404523,-22.762888366404525,15.237111633595477,-35.50020646852137,1,TRAILING_STOP,Candlestick Patterns
2024-07-05 21:30:00,2024-07-05 21:45:00,2024-07-05 22:15:00,SHORT,56532.97,-6.479212042105491,-14.479212042105491,23.52078795789451,-35.43949663355712,2,TRAILING_STOP,Candlestick Patterns
2024-07-06 07:45:00,2024-07-06 08:00:00,2024-07-06 09:00:00,LONG,56606.0,-10.857859590856092,-18.857859590856094,9.142140409143908,-19.646327244461563,4,TRAILING_STOP,Candlestick Patterns
2024-07-06 11:45:00,2024-07-06 12:00:00,2024-07-06 12:30:00,LONG,56731.42,-11.836974995513078,-19.836974995513078,8.163025004486922,-25.80933105499532,2,TRAILING_STOP,Candlestick Patterns
2024-07-06 18:00:00,2024-07-06 18:15:00,2024-07-06 20:00:00,SHORT,57883.65,-3.800891961719511,-11.800891961719511,26.19910803828049,-13.190253206216012,7,TRAILING_STOP,Candlestick Patterns
2024-07-06 22:15:00,2024-07-06 22:30:00,2024-07-07 01:00:00,SHORT,57988.0,6.677243567634884,-1.3227564323651162,21.040560115886397,-83.98289301234739,10,TIME_EXIT,Candlestick Patterns
2024-07-07 03:15:00,2024-07-07 03:30:00,2024-07-07 04:00:00,LONG,58008.01,-17.215901734949803,-25.215901734949803,2.7840982650501984,-37.63790552373745,2,TRAILING_STOP,Candlestick Patterns
2024-07-07 06:00:00,2024-07-07 06:15:00,2024-07-07 06:45:00,LONG,57719.79,-7.97812673954645,-15.97812673954645,12.02187326045355,-19.14074877957858,2,TRAILING_STOP,Candlestick Patterns
2024-07-07 09:15:00,2024-07-07 09:30:00,2024-07-07 10:30:00,LONG,57702.0,16.343627603895726,8.343627603895726,36.343627603895726,-20.44816470832865,4,TRAILING_STOP,Candlestick Patterns
2024-07-07 13:00:00,2024-07-07 13:15:00,2024-07-07 14:15:00,SHORT,57101.11,64.15753914416051,56.15753914416051,94.15753914416051,0.0,4,TRAILING_STOP,Candlestick Patterns
2024-07-07 16:45:00,2024-07-07 17:00:00,2024-07-07 18:00:00,LONG,57122.0,27.267252547179716,19.267252547179716,47.267252547179716,-57.42095864990721,4,TRAILING_STOP,Candlestick Patterns
2024-07-08 04:00:00,2024-07-08 04:15:00,2024-07-08 04:45:00,LONG,55238.26,52.72495549280538,44.72495549280538,72.72495549280538,0.0,2,TRAILING_STOP,Candlestick Patterns
2024-07-08 07:45:00,2024-07-08 08:00:00,2024-07-08 08:15:00,LONG,55852.0,153.21671560552838,145.21671560552838,173.21671560552838,0.0,1,TRAILING_STOP,Candlestick Patterns
2024-07-08 13:00:00,2024-07-08 13:15:00,2024-07-08 13:30:00,LONG,57281.11,-3.8009424049218197,-11.80094240492182,16.19905759507818,-57.50761463945156,1,TRAILING_STOP,Candlestick Patterns
2024-07-08 18:30:00,2024-07-08 18:45:00,2024-07-08 19:15:00,SHORT,56300.0,-4.357015985789943,-12.357015985789943,25.642984014210057,-22.76909413854393,2,TRAILING_STOP,Candlestick Patterns
2024-07-08 22:30:00,2024-07-08 22:45:00,2024-07-08 23:00:00,SHORT,56731.85,-8.78264149679671,-16.78264149679671,21.21735850320329,-17.556275707560843,1,TRAILING_STOP,Candlestick Patterns
2024-07-09 02:00:00,2024-07-09 02:15:00,2024-07-09 03:00:00,LONG,56588.68,116.7729376263951,108.7729376263951,136.7729376263951,0.0,3,TRAILING_STOP,Candlestick Patterns
2024-07-09 06:00:00,2024-07-09 06:15:00,2024-07-09 06:30:00,LONG,57404.0,40.97136088077486,32.97136088077486,60.97136088077486,0.0,1,TRAILING_STOP,Candlestick Patterns
2024-07-09 12:45:00,2024-07-09 13:00:00,2024-07-09 13:45:00,SHORT,57338.01,42.90277426789001,34.90277426789001,72.90277426789001,-12.694894712948857,3,TRAILING_STOP,Candlestick Patterns
2024-07-09 18:15:00,2024-07-09 18:30:00,2024-07-09 19:15:00,SHORT,57718.0,-23.79223119304173,-31.79223119304173,6.2077688069582715,-100.1420700647978,3,TRAILING_STOP,Candlestick Patterns
2024-07-09 23:15:00,2024-07-09 23:30:00,2024-07-10 00:30:00,SHORT,57902.0,25.85817415633317,17.85817415633317,55.85817415633317,-36.981451417912574,4,TRAILING_STOP,Candlestick Patterns
2024-07-10 07:00:00,2024-07-10 07:15:00,2024-07-10 09:45:00,SHORT,59110.0,104.88918964642193,96.88918964642193,119.94586364405346,0.0,10,TIME_EXIT,Candlestick Patterns
2024-07-10 09:45:00,2024-07-10 10:00:00,2024-07-10 10:15:00,SHORT,58489.99,-1.962723878051957,-9.962723878051957,28.037276121948043,-21.694310428160346,1,TRAILING_STOP,Candlestick Patterns
2024-07-10 15:00:00,2024-07-10 15:15:00,2024-07-10 15:45:00,LONG,57745.06,32.30057774639113,24.300577746391127,52.30057774639113,-8.205030871904434,2,TRAILING_STOP,Candlestick Patterns
2024-07-10 17:45:00,2024-07-10 18:00:00,2024-07-10 18:15:00,LONG,57627.81,7.025146365965536,-0.9748536340344636,27.025146365965536,-9.611678805770932,1,TRAILING_STOP,Candlestick Patterns
2024-07-10 21:30:00,2024-07-10 21:45:00,2024-07-10 22:30:00,LONG,57438.12,52.84709179200124,44.84709179200124,72.84709179200124,-1.918586471842058,3,TRAILING_STOP,Candlestick Patterns
2024-07-11 02:15:00,2024-07-11 02:30:00,2024-07-11 05:00:00,LONG,58027.93,-27.709070442457776,-35.70907044245777,0.0,-168.52746599783936,10,TIME_EXIT,Candlestick Patterns
2024-07-11 05:30:00,2024-07-11 05:45:00,2024-07-11 06:00:00,LONG,57934.0,8.299444195118081,0.29944419511808107,28.29944419511808,-10.5482100321056,1,TRAILING_STOP,Candlestick Patterns
2024-07-11 11:30:00,2024-07-11 11:45:00,2024-07-11 12:00:00,LONG,58703.52,-3.905564777034968,-11.905564777034968,16.094435222965032,-32.32855542563697,1,TRAILING_STOP,Candlestick Patterns
2024-07-11 14:30:00,2024-07-11 14:45:00,2024-07-11 15:30:00,SHORT,57743.38,32.064257409247155,24.064257409247155,62.064257409247155,-66.22750521358562,3,TRAILING_STOP,Candlestick Patterns
2024-07-11 18:00:00,2024-07-11 18:15:00,2024-07-11 19:00:00,LONG,57828.01,-4.113235091438328,-12.113235091438328,15.886764908561672,-32.36320945507228,3,TRAILING_STOP,Candlestick Patterns
2024-07-11 23:30:00,2024-07-11 23:45:00,2024-07-12 00:00:00,LONG,57334.0,-0.8141765793420994,-8.8141765793421,19.1858234206579,-31.11591725677634,1,TRAILING_STOP,Candlestick Patterns
2024-07-12 04:15:00,2024-07-12 04:30:00,2024-07-12 07:00:00,SHORT,56730.53,-88.06016795542007,-96.06016795542007,0.0,-120.85203505061536,10,TIME_EXIT,Candlestick Patterns
2024-07-12 09:00:00,2024-07-12 09:15:00,2024-07-12 10:15:00,SHORT,57196.08,45.01038532710612,37.01038532710612,75.01038532710612,-2.0281110173981407,4,TRAILING_STOP,Candlestick Patterns
2024-07-12 11:45:00,2024-07-12 12:00:00,2024-07-12 12:30:00,LONG,57203.54,28.24351779627645,20.24351779627645,48.24351779627645,-35.581713998819104,2,TRAILING_STOP,Candlestick Patterns
2024-07-12 17:15:00,2024-07-12 17:30:00,2024-07-12 18:15:00,LONG,58166.48,2.782881137039201,-5.217118862960799,22.7828811370392,-17.446474326794952,3,TRAILING_STOP,Candlestick Patterns
2024-07-12 22:00:00,2024-07-12 22:15:00,2024-07-13 00:45:00,LONG,57685.99,25.93177303535985,17.93177303535985,41.69296565769298,-2.4893392659119797,10,TIME_EXIT,Candlestick Patterns
2024-07-13 04:30:00,2024-07-13 04:45:00,2024-07-13 05:30:00,SHORT,57779.26,-26.08336970739939,-34.08336970739939,3.9166302926006074,-31.044011294017153,3,TRAILING_STOP,Candlestick Patterns
2024-07-13 08:00:00,2024-07-13 08:15:00,2024-07-13 09:15:00,SHORT,58118.44,7.48724157083408,-0.5127584291659204,37.48724157083408,-18.162910084991555,4,TRAILING_STOP,Candlestick Patterns
2024-07-13 18:45:00,2024-07-13 19:00:00,2024-07-13 20:00:00,LONG,58643.8,-10.075677224191288,-18.07567722419129,9.924322775808712,-15.195127191621378,4,TRAILING_STOP,Candlestick Patterns
2024-07-13 21:45:00,2024-07-13 22:00:00,2024-07-13 22:30:00,LONG,58686.0,36.347340081109685,28.347340081109685,56.347340081109685,-67.78618409842171,2,TRAILING_STOP,Candlestick Patterns
2024-07-14 01:30:00,2024-07-14 01:45:00,2024-07-14 02:00:00,LONG,59724.01,-15.64831631365711,-23.648316313657112,4.35168368634289,-29.135685966163695,1,TRAILING_STOP,Candlestick Patterns
2024-07-14 04:15:00,2024-07-14 04:30:00,2024-07-14 04:45:00,SHORT,59740.0,-26.7743555406768,-34.7743555406768,3.2256444593232003,-45.195848677602946,1,TRAILING_STOP,Candlestick Patterns
2024-07-14 09:45:00,2024-07-14 10:00:00,2024-07-14 11:30:00,SHORT,60186.0,16.854750274150135,8.854750274150135,46.854750274150135,0.0,6,TRAILING_STOP,Candlestick Patterns
2024-07-14 13:15:00,2024-07-14 13:30:00,2024-07-14 14:30:00,SHORT,59636.01,-1.6044047883143442,-9.604404788314344,28.395595211685656,-22.467968598167104,4,TRAILING_STOP,Candlestick Patterns
2024-07-14 17:15:00,2024-07-14 17:30:00,2024-07-14 18:00:00,LONG,60008.01,-9.289763149953348,-17.289763149953348,10.710236850046652,-12.096718421424704,2,TRAILING_STOP,Candlestick Patterns
2024-07-14 20:00:00,2024-07-14 20:15:00,2024-07-14 20:30:00,LONG,59927.19,58.89740867208987,50.89740867208987,78.89740867208987,0.0,1,TRAILING_STOP,Candlestick Patterns
2024-07-15 01:15:00,2024-07-15 01:30:00,2024-07-15 01:45:00,SHORT,61410.82,5.752657267888239,-2.247342732111761,35.75265726788824,0.0,1,TRAILING_STOP,Candlestick Patterns
2024-07-15 04:15:00,2024-07-15 04:30:00,2024-07-15 05:00:00,SHORT,62589.02,-8.310892229978997,-16.310892229978997,21.689107770021003,-26.670812228726426,2,TRAILING_STOP,Candlestick Patterns
2024-07-15 07:00:00,2024-07-15 07:15:00,2024-07-15 07:45:00,LONG,62909.86,7.6808754621293716,-0.31912453787062844,27.68087546212937,-17.172188906476478,2,TRAILING_STOP,Candlestick Patterns
2024-07-15 19:00:00,2024-07-15 19:15:00,2024-07-15 19:45:00,LONG,63584.99,3.8358140812800237,-4.164185918719976,23.835814081280024,-60.51742714750692,2,TRAILING_STOP,Candlestick Patterns
2024-07-16 00:00:00,2024-07-16 00:15:00,2024-07-16 00:30:00,SHORT,64686.66,8.718956891576468,0.7189568915764681,38.71895689157647,0.0,1,TRAILING_STOP,Candlestick Patterns
2024-07-16 03:00:00,2024-07-16 03:15:00,2024-07-16 04:00:00,LONG,64810.47,8.31024061390018,0.31024061390018076,28.31024061390018,-32.53795258698242,3,TRAILING_STOP,Candlestick Patterns
2024-07-16 06:15:00,2024-07-16 06:30:00,2024-07-16 09:00:00,LONG,63865.35,-139.88023239518745,-147.88023239518745,0.0,-233.63373096679194,10,TIME_EXIT,Candlestick Patterns
2024-07-16 10:00:00,2024-07-16 10:15:00,2024-07-16 10:30:00,LONG,63320.01,33.69392708560816,25.69392708560816,53.69392708560816,-9.477256873459439,1,TRAILING_STOP,Candlestick Patterns
2024-07-16 13:15:00,2024-07-16 13:30:00,2024-07-16 13:45:00,LONG,63828.72,-7.26435372666084,-15.26435372666084,12.73564627333916,-67.16568967699793,1,TRAILING_STOP,Candlestick Patterns
2024-07-16 18:45:00,2024-07-16 19:00:00,2024-07-16 19:30:00,LONG,64795.43,37.31577057209087,29.31577057209087,57.31577057209087,0.0,2,TRAILING_STOP,Candlestick Patterns
2024-07-16 22:30:00,2024-07-16 22:45:00,2024-07-16 23:30:00,LONG,64445.99,126.32097357803073,118.32097357803073,146.32097357803073,0.0,3,TRAILING_STOP,Candlestick Patterns
2024-07-17 08:45:00,2024-07-17 09:00:00,2024-07-17 10:15:00,SHORT,65179.62,-17.862770602221893,-25.862770602221893,12.137229397778107,-49.15340101706597,5,TRAILING_STOP,Candlestick Patterns
2024-07-17 12:15:00,2024-07-17 12:30:00,2024-07-17 13:45:00,SHORT,64802.88,10.965771891618687,2.9657718916186866,40.96577189161869,-82.86360112390116,5,TRAILING_STOP,Candlestick Patterns
2024-07-17 15:30:00,2024-07-17 15:45:00,2024-07-17 16:45:00,SHORT,65050.01,153.86007934510724,145.86007934510724,183.86007934510724,0.0,4,TRAILING_STOP,Candlestick Patterns
2024-07-17 18:45:00,2024-07-17 19:00:00,2024-07-17 19:45:00,LONG,64504.0,19.070445243705322,11.070445243705322,39.07044524370532,-8.371573855884906,3,TRAILING_STOP,Candlestick Patterns
2024-07-18 01:15:00,2024-07-18 01:30:00,2024-07-18 02:00:00,LONG,64636.0,56.93854817748668,48.93854817748668,76.93854817748668,-23.20688161396126,2,TRAILING_STOP,Candlestick Patterns
2024-07-18 08:30:00,2024-07-18 08:45:00,2024-07-18 09:00:00,LONG,64743.65,10.840090109222796,2.840090109222796,30.840090109222796,0.0,1,TRAILING_STOP,Candlestick Patterns
2024-07-18 12:45:00,2024-07-18 13:00:00,2024-07-18 14:45:00,SHORT,64850.66,147.27807242054337,139.27807242054337,177.27807242054337,-36.744421722152644,7,TRAILING_STOP,Candlestick Patterns
2024-07-18 16:15:00,2024-07-18 16:30:00,2024-07-18 17:00:00,LONG,63649.99,28.4713351879559,20.4713351879559,48.4713351879559,0.0,2,TRAILING_STOP,Candlestick Patterns
2024-07-18 20:15:00,2024-07-18 20:30:00,2024-07-18 23:00:00,LONG,63659.99,52.64217289383839,44.64217289383839,72.64217289383839,-9.42350132320127,10,TRAILING_STOP,Candlestick Patterns
2024-07-19 01:15:00,2024-07-19 01:30:00,2024-07-19 02:30:00,LONG,63644.12,26.48976213356353,18.48976213356353,46.48976213356353,0.0,4,TRAILING_STOP,Candlestick Patterns
2024-07-19 04:15:00,2024-07-19 04:30:00,2024-07-19 04:45:00,LONG,64205.15,-9.743813385686577,-17.74381338568658,10.256186614313423,-9.849677167641218,1,TRAILING_STOP,Candlestick Patterns
2024-07-19 09:45:00,2024-07-19 10:00:00,2024-07-19 12:30:00,SHORT,63700.0,-87.64835164835159,-95.64835164835159,0.0,-87.85243328100512,10,TIME_EXIT,Candlestick Patterns
2024-07-19 15:30:00,2024-07-19 15:45:00,2024-07-19 16:00:00,LONG,65711.99,78.61366243816308,70.61366243816308,98.61366243816308,0.0,1,TRAILING_STOP,Candlestick Patterns
2024-07-19 20:30:00,2024-07-19 20:45:00,2024-07-19 21:15:00,LONG,67037.99,26.90623928312843,18.90623928312843,46.90623928312843,-22.194877859555177,2,TRAILING_STOP,Candlestick Patterns
2024-07-20 00:45:00,2024-07-20 01:00:00,2024-07-20 02:00:00,SHORT,66419.87,-0.27847239086903386,-8.278472390869034,29.721527609130966,-42.19068781676485,4,TRAILING_STOP,Candlestick Patterns
2024-07-20 04:15:00,2024-07-20 04:30:00,2024-07-20 07:00:00,LONG,66662.0,-9.30065104557319,-17.30065104557319,1.3005910413726343,-33.90237316612163,10,TIME_EXIT,Candlestick Patterns
2024-07-20 07:00:00,2024-07-20 07:15:00,2024-07-20 08:45:00,LONG,66599.99,-8.034532737919665,-16.034532737919665,11.965467262080335,-21.195198377657935,6,TRAILING_STOP,Candlestick Patterns
2024-07-20 14:45:00,2024-07-20 15:00:00,2024-07-20 17:30:00,SHORT,66589.99,-111.43116255160716,-119.43116255160716,0.0,-151.37560465168934,10,TIME_EXIT,Candlestick Patterns
2024-07-20 18:00:00,2024-07-20 18:15:00,2024-07-20 19:15:00,LONG,67465.0,-3.3143111242856342,-11.314311124285634,16.685688875714366,-31.379233676720833,4,TRAILING_STOP,Candlestick Patterns
2024-07-20 23:15:00,2024-07-20 23:30:00,2024-07-21 00:15:00,LONG,67173.99,2.033825890049819,-5.966174109950181,22.03382589004982,-16.44833067084525,3,TRAILING_STOP,Candlestick Patterns
2024-07-21 02:00:00,2024-07-21 02:15:00,2024-07-21 04:45:00,SHORT,67270.01,34.190570211004875,26.190570211004875,39.98958822809671,-18.837517639732948,10,TIME_EXIT,Candlestick Patterns
2024-07-21 07:00:00,2024-07-21 07:15:00,2024-07-21 09:45:00,LONG,66755.45,33.03850097632522,25.038500976325217,39.19230564695537,-15.197261047599424,10,TIME_EXIT,Candlestick Patterns
2024-07-21 15:30:00,2024-07-21 15:45:00,2024-07-21 16:45:00,SHORT,67212.0,8.652323989762778,0.6523239897627775,38.65232398976278,-56.239957150508836,4,TRAILING_STOP,Candlestick Patterns
2024-07-21 18:15:00,2024-07-21 18:30:00,2024-07-21 18:45:00,LONG,66970.0,-11.636553680753357,-19.63655368075336,8.363446319246643,-26.743317903539765,1,TRAILING_STOP,Candlestick Patterns
2024-07-21 22:00:00,2024-07-21 22:15:00,2024-07-21 23:45:00,SHORT,68078.0,-2.203942536502847,-10.203942536502847,27.796057463497153,-17.92062046476101,6,TRAILING_STOP,Candlestick Patterns
2024-07-22 02:15:00,2024-07-22 02:30:00,2024-07-22 03:00:00,LONG,68114.01,-7.563498317011961,-15.56349831701196,12.43650168298804,-28.189501689886526,2,TRAILING_STOP,Candlestick Patterns
2024-07-22 05:00:00,2024-07-22 05:15:00,2024-07-22 06:00:00,SHORT,67804.01,11.886903149237746,3.886903149237746,41.886903149237746,0.0,3,TRAILING_STOP,Candlestick Patterns
2024-07-22 13:00:00,2024-07-22 13:15:00,2024-07-22 14:00:00,SHORT,67672.0,70.59256413287562,62.59256413287562,100.59256413287562,-41.43368010403112,3,TRAILING_STOP,Candlestick Patterns
2024-07-22 16:00:00,2024-07-22 16:15:00,2024-07-22 16:45:00,LONG,67122.0,8.668692827983822,0.668692827983822,28.668692827983822,-48.21668007508707,2,TRAILING_STOP,Candlestick Patterns
2024-07-22 20:00:00,2024-07-22 20:15:00,2024-07-22 22:45:00,LONG,68170.01,-78.48025840101828,-86.48025840101828,0.0,-97.90522254580839,10,TIME_EXIT,Candlestick Patterns
2024-07-23 00:00:00,2024-07-23 00:15:00,2024-07-23 00:45:00,LONG,67664.92,-11.93082619472456,-19.93082619472456,8.06917380527544,-25.85091359008453,2,TRAILING_STOP,Candlestick Patterns
2024-07-23 07:45:00,2024-07-23 08:00:00,2024-07-23 08:30:00,LONG,66576.0,43.53640951694304,35.53640951694304,63.53640951694304,-8.635243931747963,2,TRAILING_STOP,Candlestick Patterns
2024-07-23 10:45:00,2024-07-23 11:00:00,2024-07-23 11:30:00,SHORT,66870.0,32.21025871093166,24.21025871093166,62.21025871093166,0.0,2,TRAILING_STOP,Candlestick Patterns
2024-07-23 14:00:00,2024-07-23 14:15:00,2024-07-23 15:00:00,LONG,66446.89,115.76858149418271,107.76858149418271,135.7685814941827,0.0,3,TRAILING_STOP,Candlestick Patterns
2024-07-23 17:30:00,2024-07-23 17:45:00,2024-07-23 18:00:00,LONG,65954.63,-10.087125043383596,-18.087125043383594,9.912874956616404,-17.95173439681319,1,TRAILING_STOP,Candlestick Patterns
2024-07-23 21:45:00,2024-07-23 22:00:00,2024-07-24 00:00:00,SHORT,65872.0,-18.00856205975145,-26.00856205975145,11.991437940248549,-41.59734029633148,8,TRAILING_STOP,Candlestick Patterns
2024-07-24 00:45:00,2024-07-24 01:00:00,2024-07-24 02:30:00,SHORT,65784.7,16.798115671273194,8.798115671273194,46.798115671273194,-50.08915446904969,6,TRAILING_STOP,Candlestick Patterns
2024-07-24 05:00:00,2024-07-24 05:15:00,2024-07-24 06:00:00,SHORT,65787.41,-7.896986672677421,-15.896986672677421,22.10301332732258,-14.867586366448789,3,TRAILING_STOP,Candlestick Patterns
2024-07-24 12:15:00,2024-07-24 12:30:00,2024-07-24 13:30:00,LONG,66449.98,47.723120458426635,39.723120458426635,67.72312045842664,-45.64034481274469,4,TRAILING_STOP,Candlestick Patterns
2024-07-24 17:15:00,2024-07-24 17:30:00,2024-07-24 18:15:00,LONG,66556.62,2.977428841790278,-5.022571158209722,22.977428841790278,-42.76358985777754,3,TRAILING_STOP,Candlestick Patterns
2024-07-24 20:15:00,2024-07-24 20:30:00,2024-07-24 21:30:00,SHORT,65838.0,77.53668094413561,69.53668094413561,107.53668094413561,-34.730702633737884,4,TRAILING_STOP,Candlestick Patterns
2024-07-25 00:30:00,2024-07-25 00:45:00,2024-07-25 03:15:00,LONG,65582.01,-200.66478596798007,-208.66478596798007,0.0,-248.85025634316406,10,TIME_EXIT,Candlestick Patterns
2024-07-25 04:00:00,2024-07-25 04:15:00,2024-07-25 05:15:00,LONG,64127.42,14.543725601311273,6.543725601311273,34.54372560131127,-13.109836634625205,4,TRAILING_STOP,Candlestick Patterns
2024-07-25 08:15:00,2024-07-25 08:30:00,2024-07-25 09:30:00,LONG,64034.0,49.65049817284567,41.65049817284567,69.65049817284567,0.0,4,TRAILING_STOP,Candlestick Patterns
2024-07-25 11:15:00,2024-07-25 11:30:00,2024-07-25 12:30:00,LONG,64268.0,0.538992966950893,-7.461007033049107,20.538992966950893,-57.22287919337805,4,TRAILING_STOP,Candlestick Patterns
2024-07-25 22:00:00,2024-07-25 22:15:00,2024-07-26 00:00:00,SHORT,65882.0,8.250204911812027,0.25020491181202686,38.25020491181203,-27.417200449288828,7,TRAILING_STOP,Candlestick Patterns
2024-07-26 01:15:00,2024-07-26 01:30:00,2024-07-26 04:00:00,SHORT,66314.0,-96.5105407606237,-104.5105407606237,0.0,-175.83014144826132,10,TIME_EXIT,Candlestick Patterns
2024-07-26 06:30:00,2024-07-26 06:45:00,2024-07-26 07:30:00,LONG,67152.01,-14.342686093833194,-22.342686093833194,5.657313906166806,-29.823381310550428,3,TRAILING_STOP,Candlestick Patterns
2024-07-26 09:45:00,2024-07-26 10:00:00,2024-07-26 10:15:00,SHORT,67296.01,-11.706196251456724,-19.706196251456724,18.293803748543276,-14.566985472095425,1,TRAILING_STOP,Candlestick Patterns
2024-07-26 13:15:00,2024-07-26 13:30:00,2024-07-26 14:00:00,LONG,67411.99,67.22632279509844,59.22632279509844,87.22632279509844,0.0,2,TRAILING_STOP,Candlestick Patterns
2024-07-26 16:15:00,2024-07-26 16:30:00,2024-07-26 19:00:00,LONG,67644.01,3.435633103360555,-4.564366896639445,8.204717609142332,-50.40209768758354,10,TIME_EXIT,Candlestick Patterns
2024-07-26 19:30:00,2024-07-26 19:45:00,2024-07-26 20:00:00,LONG,67949.99,-12.638703846757075,-20.638703846757075,7.361296153242924,-33.852837947437344,1,TRAILING_STOP,Candlestick Patterns
2024-07-26 22:15:00,2024-07-26 22:30:00,2024-07-27 01:00:00,LONG,68001.99,-31.46672619433791,-39.46672619433791,0.0,-39.73413130998249,10,TIME_EXIT,Candlestick Patterns
2024-07-27 01:00:00,2024-07-27 01:15:00,2024-07-27 02:30:00,SHORT,67788.0,-6.692039889065914,-14.692039889065914,23.307960110934086,-14.681064495191489,5,TRAILING_STOP,Candlestick Patterns
2024-07-27 04:00:00,2024-07-27 04:15:00,2024-07-27 06:45:00,LONG,67864.37,33.67304522240523,25.67304522240523,33.84102733142642,-10.174705813962225,10,TIME_EXIT,Candlestick Patterns
2024-07-27 09:30:00,2024-07-27 09:45:00,2024-07-27 10:30:00,LONG,68137.98,0.20312313338368426,-7.796876866616316,20.203123133383684,-6.447211966071348,3,TRAILING_STOP,Candlestick Patterns
2024-07-27 14:45:00,2024-07-27 15:00:00,2024-07-27 15:15:00,LONG,68981.69,-19.62598770775234,-27.62598770775234,0.37401229224765964,-41.79949780876584,1,TRAILING_STOP,Candlestick Patterns
2024-07-27 18:30:00,2024-07-27 18:45:00,2024-07-27 21:15:00,LONG,68972.84,10.461265622817013,2.461265622817013,30.461265622817013,-336.7760411199534,10,TRAILING_STOP,Candlestick Patterns
2024-07-27 21:45:00,2024-07-27 22:00:00,2024-07-28 00:30:00,LONG,68860.01,-130.99039631275105,-138.99039631275105,0.0,-232.2785024283327,10,TIME_EXIT,Candlestick Patterns
2024-07-28 01:15:00,2024-07-28 01:30:00,2024-07-28 01:45:00,LONG,68148.0,0.1664025356566583,-7.833597464343342,20.16640253565666,-8.510888067147972,1,TRAILING_STOP,Candlestick Patterns
2024-07-28 05:15:00,2024-07-28 05:30:00,2024-07-28 07:00:00,LONG,67407.99,7.122897448804174,-0.8771025511958257,27.122897448804174,-14.66295019329475,6,TRAILING_STOP,Candlestick Patterns
2024-07-28 09:00:00,2024-07-28 09:15:00,2024-07-28 11:45:00,SHORT,67352.72,-71.75359807295071,-79.75359807295071,0.0,-96.10302301080029,10,TIME_EXIT,Candlestick Patterns
2024-07-28 13:45:00,2024-07-28 14:00:00,2024-07-28 14:45:00,LONG,67988.01,-19.33664774126948,-27.33664774126948,0.6633522587305193,-51.96651586066392,3,TRAILING_STOP,Candlestick Patterns
2024-07-28 17:30:00,2024-07-28 17:45:00,2024-07-28 18:30:00,LONG,67893.03,42.6573891311073,34.6573891311073,62.6573891311073,0.0,3,TRAILING_STOP,Candlestick Patterns
2024-07-28 20:30:00,2024-07-28 20:45:00,2024-07-28 22:30:00,LONG,68066.01,7.558542068207284,-0.44145793179271564,27.558542068207284,-38.84317591114852,7,TRAILING_STOP,Candlestick Patterns
2024-07-29 01:15:00,2024-07-29 01:30:00,2024-07-29 02:30:00,LONG,68708.47,114.86983482531312,106.86983482531312,134.86983482531312,-25.472841994590194,4,TRAILING_STOP,Candlestick Patterns
2024-07-29 04:00:00,2024-07-29 04:15:00,2024-07-29 05:15:00,SHORT,69308.0,-26.951289894383816,-34.95128989438382,3.0487101056161854,-41.95908120274682,4,TRAILING_STOP,Candlestick Patterns
2024-07-29 10:15:00,2024-07-29 10:30:00,2024-07-29 11:45:00,LONG,69532.22,24.06590210984119,16.06590210984119,44.06590210984119,0.0,5,TRAILING_STOP,Candlestick Patterns
2024-07-29 16:00:00,2024-07-29 16:15:00,2024-07-29 18:45:00,LONG,68004.01,-85.88022970998175,-93.88022970998175,0.0,-231.75250988875433,10,TIME_EXIT,Candlestick Patterns
2024-07-29 19:30:00,2024-07-29 19:45:00,2024-07-29 22:15:00,LONG,67474.0,-8.193971011055593,-16.193971011055595,11.806028988944407,-65.80312416634555,10,TRAILING_STOP,Candlestick Patterns
2024-07-29 22:45:00,2024-07-29 23:00:00,2024-07-30 01:30:00,LONG,67227.35,-123.36348227321336,-131.36348227321338,0.0,-203.09442511120932,10,TIME_EXIT,Candlestick Patterns
2024-07-30 02:00:00,2024-07-30 02:15:00,2024-07-30 04:45:00,LONG,66420.0,58.42216199939681,50.42216199939681,58.42216199939681,-65.3417645287564,10,TIME_EXIT,Candlestick Patterns
2024-07-30 08:30:00,2024-07-30 08:45:00,2024-07-30 10:15:00,SHORT,66843.58,35.683196501444556,27.683196501444556,65.68319650144456,-8.524378855829674,6,TRAILING_STOP,Candlestick Patterns
2024-07-30 11:15:00,2024-07-30 11:30:00,2024-07-30 12:15:00,LONG,66623.36,-11.196781429217292,-19.196781429217292,8.803218570782708,-58.58155457785281,3,TRAILING_STOP,Candlestick Patterns
2024-07-30 16:15:00,2024-07-30 16:30:00,2024-07-30 16:45:00,LONG,66325.89,12.299604272177262,4.2996042721772625,32.29960427217726,-22.82818971596212,1,TRAILING_STOP,Candlestick Patterns
2024-07-30 20:00:00,2024-07-30 20:15:00,2024-07-30 22:45:00,SHORT,65706.0,-78.53164094603233,-86.53164094603233,0.0,-99.06096855690492,10,TIME_EXIT,Candlestick Patterns
2024-07-30 22:45:00,2024-07-30 23:00:00,2024-07-31 00:00:00,LONG,66222.0,-12.138564223370228,-20.138564223370228,7.861435776629771,-51.348494458034125,4,TRAILING_STOP,Candlestick Patterns
2024-07-31 02:15:00,2024-07-31 02:30:00,2024-07-31 05:00:00,LONG,66371.99,-102.45135033618928,-110.45135033618928,0.0,-131.9818797055814,10,TIME_EXIT,Candlestick Patterns
2024-07-31 07:00:00,2024-07-31 07:15:00,2024-07-31 09:45:00,LONG,66439.93,-26.780582098745896,-34.780582098745896,0.0,-59.59217597008201,10,TIME_EXIT,Candlestick Patterns
2024-07-31 15:45:00,2024-07-31 16:00:00,2024-07-31 17:15:00,SHORT,66379.99,-16.122323911165115,-24.122323911165115,13.877676088834885,-55.94005060862494,5,TRAILING_STOP,Candlestick Patterns
2024-08-01 00:15:00,2024-08-01 00:30:00,2024-08-01 00:45:00,SHORT,64566.0,2.7571787008642303,-5.24282129913577,32.75717870086423,-19.826224328594314,1,TRAILING_STOP,Candlestick Patterns
2024-08-01 08:45:00,2024-08-01 09:00:00,2024-08-01 09:30:00,LONG,64507.18,3.070300081324234,-4.929699918675766,23.070300081324234,-1.1130543917747282,2,TRAILING_STOP,Candlestick Patterns
2024-08-01 11:45:00,2024-08-01 12:00:00,2024-08-01 12:15:00,LONG,64674.26,19.00469831428991,11.00469831428991,39.00469831428991,0.0,1,TRAILING_STOP,Candlestick Patterns
2024-08-01 14:45:00,2024-08-01 15:00:00,2024-08-01 15:30:00,SHORT,63935.83,168.59912665558608,160.59912665558608,198.59912665558608,0.0,2,TRAILING_STOP,Candlestick Patterns
2024-08-01 18:00:00,2024-08-01 18:15:00,2024-08-01 20:45:00,LONG,63304.0,230.00126374320737,222.00126374320737,232.5287501579679,-77.83710350056836,10,TIME_EXIT,Candlestick Patterns
2024-08-01 21:15:00,2024-08-01 21:30:00,2024-08-01 21:45:00,LONG,64806.0,64.86868499830263,56.868684998302626,84.86868499830263,0.0,1,TRAILING_STOP,Candlestick Patterns
2024-08-02 02:00:00,2024-08-02 02:15:00,2024-08-02 02:30:00,SHORT,64632.0,119.1521227874737,111.1521227874737,149.1521227874737,0.0,1,TRAILING_STOP,Candlestick Patterns
2024-08-02 08:00:00,2024-08-02 08:15:00,2024-08-02 10:45:00,SHORT,64100.0,-103.73322932917321,-111.73322932917321,0.0,-120.68798751950088,10,TIME_EXIT,Candlestick Patterns
2024-08-02 12:00:00,2024-08-02 12:15:00,2024-08-02 12:30:00,SHORT,64686.0,57.716043657051216,49.716043657051216,87.71604365705122,-16.077667501468632,1,TRAILING_STOP,Candlestick Patterns
2024-08-03 00:15:00,2024-08-03 00:30:00,2024-08-03 00:45:00,SHORT,61552.46,75.51324837382602,67.51324837382602,105.51324837382602,-1.9901722855593424,1,TRAILING_STOP,Candlestick Patterns
2024-08-03 07:30:00,2024-08-03 07:45:00,2024-08-03 09:30:00,SHORT,61735.21,14.92088064493499,6.920880644934989,44.92088064493499,-0.873083609823214,7,TRAILING_STOP,Candlestick Patterns
2024-08-03 16:15:00,2024-08-03 16:30:00,2024-08-03 16:45:00,LONG,61027.78,-12.519799999278778,-20.519799999278778,7.480200000721221,-104.99808447890435,1,TRAILING_STOP,Candlestick Patterns
2024-08-03 19:45:00,2024-08-03 20:00:00,2024-08-03 21:00:00,SHORT,60246.01,35.7321538803984,27.7321538803984,65.7321538803984,-78.11803636456544,4,TRAILING_STOP,Candlestick Patterns
2024-08-03 22:30:00,2024-08-03 22:45:00,2024-08-03 23:15:00,SHORT,60538.14,-3.877624915466612,-11.877624915466612,26.122375084533388,-48.21092950658883,2,TRAILING_STOP,Candlestick Patterns
2024-08-04 01:30:00,2024-08-04 01:45:00,2024-08-04 02:30:00,LONG,60478.64,85.65548431644592,77.65548431644592,105.65548431644592,0.0,3,TRAILING_STOP,Candlestick Patterns
2024-08-04 06:15:00,2024-08-04 06:30:00,2024-08-04 07:15:00,LONG,60816.91,-11.02387806286171,-19.023878062861712,8.97612193713829,-36.37968453181853,3,TRAILING_STOP,Candlestick Patterns
2024-08-04 11:15:00,2024-08-04 11:30:00,2024-08-04 12:00:00,LONG,60963.91,-7.190782218529536,-15.190782218529536,12.809217781470464,-26.88639885466721,2,TRAILING_STOP,Candlestick Patterns
2024-08-04 20:15:00,2024-08-04 20:30:00,2024-08-04 20:45:00,SHORT,59218.0,32.077408895943904,24.077408895943904,62.077408895943904,0.0,1,TRAILING_STOP,Candlestick Patterns
2024-08-05 02:45:00,2024-08-05 03:00:00,2024-08-05 05:30:00,LONG,54697.98,-284.0397396759453,-292.0397396759453,0.0,-438.4037582375077,10,TIME_EXIT,Candlestick Patterns
2024-08-05 09:15:00,2024-08-05 09:30:00,2024-08-05 12:00:00,LONG,52770.75,-382.5509396777571,-390.5509396777571,0.0,-405.01224636754245,10,TIME_EXIT,Candlestick Patterns
2024-08-05 12:30:00,2024-08-05 12:45:00,2024-08-05 13:30:00,LONG,50920.01,277.8770035591118,269.8770035591118,297.8770035591118,-259.25171656486333,3,TRAILING_STOP,Candlestick Patterns
2024-08-05 15:30:00,2024-08-05 15:45:00,2024-08-05 16:00:00,SHORT,54456.01,7.8305351420352025,-0.1694648579647975,37.8305351420352,-109.44430192369913,1,TRAILING_STOP,Candlestick Patterns
2024-08-05 21:15:00,2024-08-05 21:30:00,2024-08-05 22:15:00,SHORT,54606.0,43.23554188184512,35.23554188184512,73.23554188184512,-66.29308134637219,3,TRAILING_STOP,Candlestick Patterns
2024-08-06 02:30:00,2024-08-06 02:45:00,2024-08-06 03:15:00,SHORT,55690.48,9.320903680485998,1.3209036804859977,39.320903680486,-35.46746230235343,2,TRAILING_STOP,Candlestick Patterns
2024-08-06 09:00:00,2024-08-06 09:15:00,2024-08-06 09:30:00,SHORT,54808.0,-7.273390745876942,-15.273390745876942,22.72660925412306,-91.5085388994309,1,TRAILING_STOP,Candlestick Patterns
2024-08-06 12:00:00,2024-08-06 12:15:00,2024-08-06 12:30:00,LONG,55300.0,10.379746835443036,2.3797468354430364,30.379746835443036,-68.44484629294756,1,TRAILING_STOP,Candlestick Patterns
2024-08-06 15:15:00,2024-08-06 15:30:00,2024-08-06 18:00:00,SHORT,55855.73,-183.38494546575572,-191.38494546575572,0.0,-202.86190870659078,10,TIME_EXIT,Candlestick Patterns
2024-08-06 18:00:00,2024-08-06 18:15:00,2024-08-06 18:45:00,LONG,56880.03,4.959550830054269,-3.040449169945731,24.95955083005427,-30.240841996743328,2,TRAILING_STOP,Candlestick Patterns
2024-08-06 20:45:00,2024-08-06 21:00:00,2024-08-06 22:00:00,LONG,56542.0,39.49205900038863,31.49205900038863,59.49205900038863,-66.753917441902,4,TRAILING_STOP,Candlestick Patterns
2024-08-07 01:00:00,2024-08-07 01:15:00,2024-08-07 03:45:00,SHORT,55926.0,-167.36401673640165,-175.36401673640165,0.0,-243.53431319958483,10,TIME_EXIT,Candlestick Patterns
2024-08-07 14:45:00,2024-08-07 15:00:00,2024-08-07 15:45:00,SHORT,56085.83,26.57935346592923,18.57935346592923,56.57935346592923,-37.74037042868016,3,TRAILING_STOP,Candlestick Patterns
2024-08-07 20:45:00,2024-08-07 21:00:00,2024-08-07 21:15:00,LONG,55141.31,-2.3235973175100177,-10.323597317510018,17.676402682489982,-49.39309566638888,1,TRAILING_STOP,Candlestick Patterns
2024-08-08 00:00:00,2024-08-08 00:15:00,2024-08-08 00:30:00,SHORT,55088.52,35.080710100760896,27.080710100760896,65.0807101007609,0.0,1,TRAILING_STOP,Candlestick Patterns
2024-08-08 03:00:00,2024-08-08 03:15:00,2024-08-08 04:00:00,SHORT,57435.21,73.81610862047806,65.81610862047806,103.81610862047806,-19.33308853576071,3,TRAILING_STOP,Candlestick Patterns
2024-08-08 06:15:00,2024-08-08 06:30:00,2024-08-08 06:45:00,LONG,57154.46,14.585227469562,6.585227469562,34.585227469562,-12.677925747176884,1,TRAILING_STOP,Candlestick Patterns
2024-08-08 11:30:00,2024-08-08 11:45:00,2024-08-08 12:30:00,SHORT,57322.92,26.33348754738912,18.33348754738912,56.33348754738912,-202.90313194094065,3,TRAILING_STOP,Candlestick Patterns
2024-08-08 15:00:00,2024-08-08 15:15:00,2024-08-08 17:45:00,SHORT,58784.01,-116.67628662964559,-124.67628662964559,0.0,-183.5516154818288,10,TIME_EXIT,Candlestick Patterns
2024-08-08 18:30:00,2024-08-08 18:45:00,2024-08-08 19:00:00,SHORT,59494.83,4.764365239803482,-3.2356347601965183,34.76436523980348,-30.263133788262884,1,TRAILING_STOP,Candlestick Patterns
2024-08-09 01:00:00,2024-08-09 01:15:00,2024-08-09 01:30:00,LONG,61139.0,47.23695186378609,39.23695186378609,67.23695186378609,0.0,1,TRAILING_STOP,Candlestick Patterns
2024-08-09 10:00:00,2024-08-09 10:15:00,2024-08-09 11:15:00,LONG,60773.37,-15.988374513376932,-23.988374513376932,4.0116254866230685,-88.01058753200664,4,TRAILING_STOP,Candlestick Patterns
2024-08-09 12:45:00,2024-08-09 13:00:00,2024-08-09 14:00:00,LONG,60551.99,72.99776935489696,64.99776935489696,92.99776935489696,-124.18914721052073,4,TRAILING_STOP,Candlestick Patterns
2024-08-09 17:30:00,2024-08-09 17:45:00,2024-08-09 18:15:00,SHORT,60488.66,78.00040867164292,70.00040867164292,108.00040867164292,0.0,2,TRAILING_STOP,Candlestick Patterns
2024-08-09 23:00:00,2024-08-09 23:15:00,2024-08-10 01:00:00,SHORT,60509.99,-27.41530282850825,-35.415302828508246,2.5846971714917517,-158.74899334804115,7,TRAILING_STOP,Candlestick Patterns
2024-08-10 02:15:00,2024-08-10 02:30:00,2024-08-10 03:30:00,SHORT,60595.01,24.291599258751376,16.291599258751376,54.291599258751376,-11.408530174348908,4,TRAILING_STOP,Candlestick Patterns
2024-08-10 08:15:00,2024-08-10 08:30:00,2024-08-10 09:30:00,LONG,60762.58,35.530887595621884,27.530887595621884,55.530887595621884,-13.28942911904004,4,TRAILING_STOP,Candlestick Patterns
2024-08-10 11:15:00,2024-08-10 11:30:00,2024-08-10 14:00:00,SHORT,60886.03,57.298858210987866,49.298858210987866,79.82619329918519,-10.504872792658533,10,TIME_EXIT,Candlestick Patterns
2024-08-10 15:45:00,2024-08-10 16:00:00,2024-08-10 18:30:00,SHORT,60515.9,-98.8847559071246,-106.8847559071246,0.0,-112.48779246445908,10,TIME_EXIT,Candlestick Patterns
2024-08-10 19:45:00,2024-08-10 20:00:00,2024-08-10 21:00:00,SHORT,61016.44,-11.255871368437322,-19.255871368437322,18.744128631562678,-20.864868550180518,4,TRAILING_STOP,Candlestick Patterns
2024-08-11 01:00:00,2024-08-11 01:15:00,2024-08-11 02:15:00,LONG,61116.58,-12.74664910896491,-20.74664910896491,7.253350891035091,-21.005756539388276,4,TRAILING_STOP,Candlestick Patterns
2024-08-11 04:30:00,2024-08-11 04:45:00,2024-08-11 05:45:00,SHORT,60915.99,-24.426750677449864,-32.42675067744986,5.5732493225501365,-38.41520100059148,4,TRAILING_STOP,Candlestick Patterns
2024-08-11 08:45:00,2024-08-11 09:00:00,2024-08-11 10:00:00,SHORT,61260.43,21.3088138623904,13.308813862390402,51.3088138623904,-97.5458383168384,4,TRAILING_STOP,Candlestick Patterns
2024-08-11 13:00:00,2024-08-11 13:15:00,2024-08-11 13:45:00,SHORT,60284.01,-27.54661310685854,-35.546613106858544,2.4533868931414604,-59.208071924876975,2,TRAILING_STOP,Candlestick Patterns
2024-08-11 18:00:00,2024-08-11 18:15:00,2024-08-11 20:45:00,LONG,60290.0,-296.08226903300744,-304.08226903300744,0.0,-332.2723503068497,10,TIME_EXIT,Candlestick Patterns
2024-08-11 23:00:00,2024-08-11 23:15:00,2024-08-12 00:00:00,SHORT,58758.52,-9.487230107225496,-17.487230107225496,20.512769892774504,-44.78329270376564,3,TRAILING_STOP,Candlestick Patterns
2024-08-12 04:15:00,2024-08-12 04:30:00,2024-08-12 04:45:00,LONG,58511.59,8.782331842290304,0.7823318422903043,28.782331842290304,0.0,1,TRAILING_STOP,Candlestick Patterns
2024-08-12 09:30:00,2024-08-12 09:45:00,2024-08-12 11:30:00,LONG,58367.52,235.98997524650724,227.98997524650724,255.98997524650724,-41.4220100494242,7,TRAILING_STOP,Candlestick Patterns
2024-08-12 15:00:00,2024-08-12 15:15:00,2024-08-12 15:30:00,SHORT,60147.98,108.15260296355862,100.15260296355862,138.15260296355862,0.0,1,TRAILING_STOP,Candlestick Patterns
2024-08-12 19:30:00,2024-08-12 19:45:00,2024-08-12 20:00:00,SHORT,59003.99,-25.824011223647855,-33.82401122364786,4.175988776352145,-43.75805771779202,1,TRAILING_STOP,Candlestick Patterns
2024-08-12 22:30:00,2024-08-12 22:45:00,2024-08-13 01:15:00,SHORT,58937.99,-104.5183251074565,-112.5183251074565,0.0,-167.17400780040188,10,TIME_EXIT,Candlestick Patterns
2024-08-13 01:45:00,2024-08-13 02:00:00,2024-08-13 02:15:00,SHORT,59740.0,48.69936391027812,40.69936391027812,78.69936391027812,0.0,1,TRAILING_STOP,Candlestick Patterns
2024-08-13 05:15:00,2024-08-13 05:30:00,2024-08-13 05:45:00,LONG,59254.74,-2.2377079031989666,-10.237707903198967,17.762292096801033,-11.263233962379713,1,TRAILING_STOP,Candlestick Patterns
2024-08-13 08:00:00,2024-08-13 08:15:00,2024-08-13 10:45:00,LONG,59279.6,-102.48044858602285,-110.48044858602285,0.0,-149.58265575341284,10,TIME_EXIT,Candlestick Patterns
2024-08-13 11:00:00,2024-08-13 11:15:00,2024-08-13 12:15:00,LONG,58716.01,28.36670611644047,20.36670611644047,48.36670611644047,-2.726683914660079,4,TRAILING_STOP,Candlestick Patterns
2024-08-13 14:30:00,2024-08-13 14:45:00,2024-08-13 15:00:00,LONG,59517.25,15.719056239997066,7.719056239997066,35.719056239997066,-15.24768029436844,1,TRAILING_STOP,Candlestick Patterns
2024-08-13 22:00:00,2024-08-13 22:15:00,2024-08-13 23:45:00,SHORT,60629.57,9.55495643462418,1.5549564346241809,39.55495643462418,-10.075941491916204,6,TRAILING_STOP,Candlestick Patterns
2024-08-14 03:45:00,2024-08-14 04:00:00,2024-08-14 04:15:00,SHORT,60952.83,-20.515616748228926,-28.515616748228926,9.484383251771074,-32.3479648114777,1,TRAILING_STOP,Candlestick Patterns
2024-08-14 09:30:00,2024-08-14 09:45:00,2024-08-14 10:00:00,SHORT,60854.52,-27.44965534195376,-35.44965534195376,2.5503446580462388,-42.43891825948213,1,TRAILING_STOP,Candlestick Patterns
2024-08-14 15:30:00,2024-08-14 15:45:00,2024-08-14 18:15:00,LONG,59675.01,-71.73689623177337,-79.73689623177337,0.0,-177.62041430743025,10,TIME_EXIT,Candlestick Patterns
2024-08-14 18:30:00,2024-08-14 18:45:00,2024-08-14 19:15:00,SHORT,58929.5,7.244504025997713,-0.7554959740022866,37.24450402599771,-32.342035822465235,2,TRAILING_STOP,Candlestick Patterns
2024-08-14 22:00:00,2024-08-14 22:15:00,2024-08-14 22:30:00,LONG,58755.02,23.650738268832377,15.650738268832377,43.65073826883238,0.0,1,TRAILING_STOP,Candlestick Patterns
2024-08-15 01:00:00,2024-08-15 01:15:00,2024-08-15 02:00:00,SHORT,58844.01,111.7323530466401,103.7323530466401,141.7323530466401,-20.3759057209054,3,TRAILING_STOP,Candlestick Patterns
2024-08-15 03:45:00,2024-08-15 04:00:00,2024-08-15 05:30:00,LONG,58442.99,13.538667340600135,5.538667340600135,33.538667340600135,-48.42154722063296,6,TRAILING_STOP,Candlestick Patterns
2024-08-15 06:45:00,2024-08-15 07:00:00,2024-08-15 07:15:00,LONG,58101.44,-11.814316478215055,-19.814316478215055,8.185683521784945,-60.48731322321827,1,TRAILING_STOP,Candlestick Patterns
2024-08-15 12:15:00,2024-08-15 12:30:00,2024-08-15 13:00:00,SHORT,58700.21,-1.4157751735469297,-9.41577517354693,28.58422482645307,-113.48341002527955,2,TRAILING_STOP,Candlestick Patterns
2024-08-15 16:00:00,2024-08-15 16:15:00,2024-08-15 17:30:00,SHORT,59604.48,44.97087467250793,36.97087467250793,74.97087467250793,-41.08751556929851,5,TRAILING_STOP,Candlestick Patterns
2024-08-15 20:45:00,2024-08-15 21:00:00,2024-08-15 21:30:00,LONG,56671.06,107.42835584864682,99.42835584864682,127.42835584864682,0.0,2,TRAILING_STOP,Candlestick Patterns
2024-08-16 02:45:00,2024-08-16 03:00:00,2024-08-16 03:15:00,LONG,58199.98,-15.646046613762323,-23.646046613762323,4.353953386237677,-32.55327579150481,1,TRAILING_STOP,Candlestick Patterns
2024-08-16 05:30:00,2024-08-16 05:45:00,2024-08-16 06:45:00,LONG,58248.16,51.866647804839374,43.866647804839374,71.86664780483937,-32.34951971015055,4,TRAILING_STOP,Candlestick Patterns
2024-08-16 13:45:00,2024-08-16 14:00:00,2024-08-16 14:15:00,LONG,58343.65,-15.571069002368466,-23.571069002368468,4.428930997631534,-66.99615125210792,1,TRAILING_STOP,Candlestick Patterns
2024-08-16 20:15:00,2024-08-16 20:30:00,2024-08-16 23:00:00,LONG,59481.66,-124.60647534046633,-132.60647534046632,0.0,-130.74113936968226,10,TIME_EXIT,Candlestick Patterns
2024-08-17 09:30:00,2024-08-17 09:45:00,2024-08-17 12:15:00,SHORT,59350.37,23.074835085274845,15.074835085274845,48.92471605484559,0.0,10,TIME_EXIT,Candlestick Patterns
2024-08-17 12:15:00,2024-08-17 12:30:00,2024-08-17 13:30:00,LONG,59213.42,18.75303942923769,10.753039429237688,38.75303942923769,-3.955184483517124,4,TRAILING_STOP,Candlestick Patterns
2024-08-17 18:45:00,2024-08-17 19:00:00,2024-08-17 20:15:00,LONG,59417.68,0.9112843180682937,-7.088715681931706,20.911284318068294,-8.435199758725453,5,TRAILING_STOP,Candlestick Patterns
2024-08-17 21:30:00,2024-08-17 21:45:00,2024-08-18 00:15:00,LONG,59285.98,45.14895427215646,37.14895427215646,48.142916757047495,-6.6710544381661405,10,TIME_EXIT,Candlestick Patterns
2024-08-18 08:00:00,2024-08-18 08:15:00,2024-08-18 09:15:00,LONG,59546.13,38.961010564415155,30.961010564415155,58.961010564415155,-1.3653280238358698,4,TRAILING_STOP,Candlestick Patterns
2024-08-18 11:45:00,2024-08-18 12:00:00,2024-08-18 12:45:00,LONG,60024.0,23.480940956950214,15.480940956950214,43.480940956950214,-21.827935492469145,3,TRAILING_STOP,Candlestick Patterns
2024-08-18 14:30:00,2024-08-18 14:45:00,2024-08-18 17:00:00,LONG,59915.24,-14.894454232344927,-22.894454232344927,5.105545767655072,-35.81225744902294,9,TRAILING_STOP,Candlestick Patterns
2024-08-18 19:00:00,2024-08-18 19:15:00,2024-08-18 21:45:00,SHORT,59540.27,16.953231821084294,8.953231821084294,38.48319801035457,-55.34069630520655,10,TIME_EXIT,Candlestick Patterns
2024-08-19 01:15:00,2024-08-19 01:30:00,2024-08-19 02:00:00,LONG,58448.45,6.341160458490588,-1.658839541509412,26.341160458490588,-5.124173523848296,2,TRAILING_STOP,Candlestick Patterns
2024-08-19 06:45:00,2024-08-19 07:00:00,2024-08-19 08:15:00,SHORT,58570.0,-1.5144271811513583,-9.514427181151358,28.48557281884864,-21.691992487622144,5,TRAILING_STOP,Candlestick Patterns
2024-08-19 10:00:00,2024-08-19 10:15:00,2024-08-19 10:30:00,LONG,58107.34,-10.593271005004961,-18.59327100500496,9.406728994995039,-12.100020410501957,1,TRAILING_STOP,Candlestick Patterns
2024-08-19 17:15:00,2024-08-19 17:30:00,2024-08-19 17:45:00,LONG,58843.99,30.350086729332737,22.350086729332737,50.35008672933274,-10.359596621506991,1,TRAILING_STOP,Candlestick Patterns
2024-08-19 21:45:00,2024-08-19 22:00:00,2024-08-20 00:30:00,SHORT,58967.54,-218.50326467748172,-226.50326467748172,0.0,-284.21908053142477,10,TIME_EXIT,Candlestick Patterns
2024-08-20 00:45:00,2024-08-20 01:00:00,2024-08-20 01:15:00,LONG,60482.77,15.916013767227135,7.916013767227135,35.916013767227135,-2.458551418857857,1,TRAILING_STOP,Candlestick Patterns
2024-08-20 06:00:00,2024-08-20 06:15:00,2024-08-20 08:45:00,SHORT,61001.52,38.75149340541014,30.751493405410137,52.81179878796401,-16.14386002184916,10,TIME_EXIT,Candlestick Patterns
2024-08-20 10:30:00,2024-08-20 10:45:00,2024-08-20 13:15:00,LONG,60772.0,-37.19805173435096,-45.19805173435096,0.0,-66.43849141051834,10,TIME_EXIT,Candlestick Patterns
2024-08-20 14:00:00,2024-08-20 14:15:00,2024-08-20 15:00:00,SHORT,60388.01,252.8376030274884,244.8376030274884,282.8376030274884,0.0,3,TRAILING_STOP,Candlestick Patterns
2024-08-21 00:15:00,2024-08-21 00:30:00,2024-08-21 01:15:00,SHORT,59183.99,37.6737070278629,29.673707027862903,67.6737070278629,-3.3809819175763645,3,TRAILING_STOP,Candlestick Patterns
2024-08-21 04:15:00,2024-08-21 04:30:00,2024-08-21 07:00:00,LONG,59331.02,48.850999022096715,40.850999022096715,68.85099902209672,-6.4687915360291095,10,TRAILING_STOP,Candlestick Patterns
2024-08-21 07:00:00,2024-08-21 07:15:00,2024-08-21 08:15:00,SHORT,59580.01,28.522984470798228,20.522984470798228,58.52298447079823,-57.757627096738545,4,TRAILING_STOP,Candlestick Patterns
2024-08-21 11:45:00,2024-08-21 12:00:00,2024-08-21 13:00:00,LONG,59361.14,20.23844555545945,12.23844555545945,40.23844555545945,-16.06606611665521,4,TRAILING_STOP,Candlestick Patterns
2024-08-21 16:15:00,2024-08-21 16:30:00,2024-08-21 17:00:00,LONG,59596.69,38.84051614275864,30.840516142758638,58.84051614275864,0.0,2,TRAILING_STOP,Candlestick Patterns
2024-08-21 20:45:00,2024-08-21 21:00:00,2024-08-21 21:15:00,LONG,61236.0,5.324972238552771,-2.675027761447229,25.32497223855277,-43.5201515448429,1,TRAILING_STOP,Candlestick Patterns
2024-08-21 23:30:00,2024-08-21 23:45:00,2024-08-22 00:00:00,LONG,61126.0,-3.149559925399995,-11.149559925399995,16.850440074600005,-9.238294670026038,1,TRAILING_STOP,Candlestick Patterns
2024-08-22 04:15:00,2024-08-22 04:30:00,2024-08-22 05:15:00,LONG,60619.99,17.942929386824716,9.942929386824716,37.942929386824716,0.0,3,TRAILING_STOP,Candlestick Patterns
2024-08-22 11:00:00,2024-08-22 11:15:00,2024-08-22 13:45:00,SHORT,61228.01,106.1092741704332,98.1092741704332,136.1092741704332,-27.7928353379439,10,TRAILING_STOP,Candlestick Patterns
2024-08-22 14:00:00,2024-08-22 14:15:00,2024-08-22 14:45:00,SHORT,60583.58,16.808062514628837,8.808062514628837,46.80806251462884,-12.12374706149704,2,TRAILING_STOP,Candlestick Patterns
2024-08-22 16:45:00,2024-08-22 17:00:00,2024-08-22 18:00:00,SHORT,60329.7,2.9356850771671503,-5.06431492283285,32.93568507716715,-30.218946886857545,4,TRAILING_STOP,Candlestick Patterns
2024-08-22 20:15:00,2024-08-22 20:30:00,2024-08-22 21:00:00,LONG,60371.79,35.670040593462026,27.670040593462026,55.670040593462026,-0.29815249804634086,2,TRAILING_STOP,Candlestick Patterns
2024-08-23 00:00:00,2024-08-23 00:15:00,2024-08-23 00:30:00,LONG,60497.98,57.73152095326071,49.73152095326071,77.73152095326071,0.0,1,TRAILING_STOP,Candlestick Patterns
2024-08-23 09:30:00,2024-08-23 09:45:00,2024-08-23 12:15:00,SHORT,61129.67,44.70333309504154,36.70333309504154,71.74257606821658,-5.9447400910235215,10,TIME_EXIT,Candlestick Patterns
2024-08-23 16:30:00,2024-08-23 16:45:00,2024-08-23 19:15:00,SHORT,61598.0,-339.3080944186499,-347.3080944186499,0.0,-360.58962953342694,10,TIME_EXIT,Candlestick Patterns
2024-08-23 20:30:00,2024-08-23 20:45:00,2024-08-23 21:15:00,LONG,63622.6,161.4449582381106,153.4449582381106,181.4449582381106,-3.7156607872044556,2,TRAILING_STOP,Candlestick Patterns
2024-08-24 00:00:00,2024-08-24 00:15:00,2024-08-24 01:45:00,SHORT,63957.23,21.698611712858956,13.698611712858956,51.698611712858956,-24.355338716200936,6,TRAILING_STOP,Candlestick Patterns
2024-08-24 05:30:00,2024-08-24 05:45:00,2024-08-24 06:45:00,LONG,63967.68,28.42289105998529,20.42289105998529,48.42289105998529,-6.740904156599492,4,TRAILING_STOP,Candlestick Patterns
2024-08-24 08:15:00,2024-08-24 08:30:00,2024-08-24 11:00:00,SHORT,64159.64,-2.542096557898029,-10.542096557898029,9.607285826416641,-52.19168935486555,10,TIME_EXIT,Candlestick Patterns
2024-08-24 12:00:00,2024-08-24 12:15:00,2024-08-24 14:45:00,LONG,64083.0,13.86327107033012,5.86327107033012,25.123667743395284,-18.998798433281838,10,TIME_EXIT,Candlestick Patterns
2024-08-24 17:30:00,2024-08-24 17:45:00,2024-08-24 18:15:00,SHORT,64119.01,-1.76968265729586,-9.76968265729586,28.23031734270414,-45.665084348619175,2,TRAILING_STOP,Candlestick Patterns
2024-08-24 21:00:00,2024-08-24 21:15:00,2024-08-24 23:45:00,LONG,64072.0,13.267886128106198,5.267886128106198,14.299538019728216,-84.43625920839055,10,TIME_EXIT,Candlestick Patterns
2024-08-25 01:00:00,2024-08-25 01:15:00,2024-08-25 01:30:00,LONG,64263.5,-16.811564885199537,-24.811564885199537,3.1884351148004644,-34.40211006247742,1,TRAILING_STOP,Candlestick Patterns
2024-08-25 03:45:00,2024-08-25 04:00:00,2024-08-25 06:15:00,LONG,64101.01,-5.18120073303089,-13.18120073303089,14.81879926696911,-15.757942035547028,9,TRAILING_STOP,Candlestick Patterns
2024-08-25 10:00:00,2024-08-25 10:15:00,2024-08-25 11:45:00,LONG,63883.99,-0.30179392364130564,-8.301793923641306,19.698206076358694,-11.738465302495658,6,TRAILING_STOP,Candlestick Patterns
2024-08-25 14:30:00,2024-08-25 14:45:00,2024-08-25 15:45:00,LONG,64220.0,-9.41139831828091,-17.41139831828091,10.58860168171909,-20.86577390221115,4,TRAILING_STOP,Candlestick Patterns
2024-08-25 19:15:00,2024-08-25 19:30:00,2024-08-25 21:00:00,SHORT,64148.12,-26.004559447727438,-34.00455944772744,3.9954405522725613,-33.7936637893673,6,TRAILING_STOP,Candlestick Patterns
2024-08-26 00:00:00,2024-08-26 00:15:00,2024-08-26 00:45:00,SHORT,64142.01,9.133478978909771,1.1334789789097712,39.13347897890977,-36.16818369115622,2,TRAILING_STOP,Candlestick Patterns
2024-08-26 04:00:00,2024-08-26 04:15:00,2024-08-26 06:45:00,SHORT,64091.0,74.69488695760715,66.69488695760715,104.69488695760715,-9.987361720054617,10,TRAILING_STOP,Candlestick Patterns
2024-08-26 06:45:00,2024-08-26 07:00:00,2024-08-26 07:30:00,LONG,63728.43,1.875636980229423,-6.124363019770577,21.875636980229423,-7.5209761169387495,2,TRAILING_STOP,Candlestick Patterns
2024-08-26 13:30:00,2024-08-26 13:45:00,2024-08-26 14:15:00,SHORT,63611.01,27.86734088957219,19.86734088957219,57.86734088957219,-41.39692169641614,2,TRAILING_STOP,Candlestick Patterns
2024-08-26 17:15:00,2024-08-26 17:30:00,2024-08-26 20:00:00,LONG,63763.01,-85.60449075412276,-93.60449075412276,0.0,-89.545647233404,10,TIME_EXIT,Candlestick Patterns
2024-08-27 04:45:00,2024-08-27 05:00:00,2024-08-27 07:00:00,SHORT,63038.99,23.606506068704512,15.606506068704512,53.60650606870451,-25.541335608327806,8,TRAILING_STOP,Candlestick Patterns
2024-08-27 12:45:00,2024-08-27 13:00:00,2024-08-27 13:30:00,LONG,62419.57,-7.91564889024383,-15.91564889024383,12.08435110975617,-43.324553501409945,2,TRAILING_STOP,Candlestick Patterns
2024-08-27 15:30:00,2024-08-27 15:45:00,2024-08-27 16:30:00,LONG,61677.0,30.732039496084674,22.732039496084674,50.732039496084674,-16.375634353162443,3,TRAILING_STOP,Candlestick Patterns
2024-08-27 18:15:00,2024-08-27 18:30:00,2024-08-27 19:45:00,SHORT,61893.0,-28.70421533937654,-36.70421533937654,1.2957846606234629,-49.07663225243566,5,TRAILING_STOP,Candlestick Patterns
2024-08-27 23:15:00,2024-08-27 23:30:00,2024-08-28 02:00:00,LONG,59708.87,-64.96019770596942,-72.96019770596942,0.0,-132.6017390715986,10,TIME_EXIT,Candlestick Patterns
2024-08-28 05:45:00,2024-08-28 06:00:00,2024-08-28 08:00:00,SHORT,59287.93,100.20019420479014,92.20019420479014,130.20019420479014,-11.312589257206266,8,TRAILING_STOP,Candlestick Patterns
2024-08-28 09:30:00,2024-08-28 09:45:00,2024-08-28 12:15:00,SHORT,59436.98,-107.51219190476986,-115.51219190476986,0.0,-134.25984967607707,10,TIME_EXIT,Candlestick Patterns
2024-08-28 16:15:00,2024-08-28 16:30:00,2024-08-28 17:00:00,LONG,58417.0,123.45139257407945,115.45139257407945,143.45139257407945,0.0,2,TRAILING_STOP,Candlestick Patterns
2024-08-28 23:30:00,2024-08-28 23:45:00,2024-08-29 00:15:00,LONG,59170.0,-8.67669427074531,-16.67669427074531,11.32330572925469,-26.70272097346628,2,TRAILING_STOP,Candlestick Patterns
2024-08-29 02:30:00,2024-08-29 02:45:00,2024-08-29 05:15:00,LONG,59154.06,31.433176353407077,23.433176353407077,37.045639809000335,-20.55311165454991,10,TIME_EXIT,Candlestick Patterns
2024-08-29 06:15:00,2024-08-29 06:30:00,2024-08-29 06:45:00,LONG,59490.22,14.086275021339446,6.086275021339446,34.086275021339446,0.0,1,TRAILING_STOP,Candlestick Patterns
2024-08-29 11:45:00,2024-08-29 12:00:00,2024-08-29 12:15:00,SHORT,60067.06,-26.702019376344094,-34.7020193763441,3.297980623655906,-34.45149471274311,1,TRAILING_STOP,Candlestick Patterns
2024-08-29 15:30:00,2024-08-29 15:45:00,2024-08-29 17:15:00,SHORT,60900.01,89.18060440384245,81.18060440384245,119.18060440384245,-9.850573095143657,6,TRAILING_STOP,Candlestick Patterns
2024-08-29 21:00:00,2024-08-29 21:15:00,2024-08-29 22:00:00,SHORT,59480.03,98.9407554098413,90.9407554098413,128.9407554098413,-17.311692680720096,3,TRAILING_STOP,Candlestick Patterns
2024-08-30 00:30:00,2024-08-30 00:45:00,2024-08-30 01:30:00,SHORT,59292.31,27.10858625680136,19.10858625680136,57.10858625680136,0.0,3,TRAILING_STOP,Candlestick Patterns
2024-08-30 06:00:00,2024-08-30 06:15:00,2024-08-30 07:30:00,LONG,58930.0,90.78567792295954,82.78567792295954,110.78567792295954,-3.3938571186153066,5,TRAILING_STOP,Candlestick Patterns
2024-08-30 08:45:00,2024-08-30 09:00:00,2024-08-30 10:30:00,LONG,59445.0,18.593658003195934,10.593658003195934,38.593658003195934,-3.1121204474724533,6,TRAILING_STOP,Candlestick Patterns
2024-08-30 13:00:00,2024-08-30 13:15:00,2024-08-30 13:30:00,LONG,59521.1,-1.0016951971650805,-9.00169519716508,18.99830480283492,-11.441320808922978,1,TRAILING_STOP,Candlestick Patterns
2024-08-30 16:30:00,2024-08-30 16:45:00,2024-08-30 17:30:00,LONG,58163.34,62.99041973861962,54.99041973861962,82.99041973861962,0.0,3,TRAILING_STOP,Candlestick Patterns
2024-08-30 19:45:00,2024-08-30 20:00:00,2024-08-30 22:30:00,SHORT,58700.02,-79.38327789326192,-87.38327789326192,0.0,-95.10388582491149,10,TIME_EXIT,Candlestick Patterns
2024-08-31 01:45:00,2024-08-31 02:00:00,2024-08-31 04:30:00,LONG,59285.0,-0.13156785021486647,-8.131567850214866,5.228978662393523,-27.998650586151296,10,TIME_EXIT,Candlestick Patterns
2024-08-31 08:30:00,2024-08-31 08:45:00,2024-08-31 10:15:00,SHORT,59083.99,12.66976553208417,4.6697655320841704,42.66976553208417,0.0,6,TRAILING_STOP,Candlestick Patterns
2024-08-31 11:15:00,2024-08-31 11:30:00,2024-08-31 14:00:00,SHORT,59130.64,10.332727668768335,2.332727668768335,40.332727668768335,-19.177874617964807,10,TRAILING_STOP,Candlestick Patterns
2024-08-31 14:30:00,2024-08-31 14:45:00,2024-08-31 15:15:00,LONG,59108.59,-12.1483493346731,-20.1483493346731,7.8516506653269005,-23.108316405449113,2,TRAILING_STOP,Candlestick Patterns
2024-08-31 17:45:00,2024-08-31 18:00:00,2024-08-31 18:30:00,LONG,59013.17,-1.7108621685633416,-9.710862168563342,18.28913783143666,-3.9262422269466724,2,TRAILING_STOP,Candlestick Patterns
2024-08-31 21:00:00,2024-08-31 21:15:00,2024-08-31 23:45:00,SHORT,58930.0,-7.4647887323940205,-15.46478873239402,0.509078567792296,-35.92737145766183,10,TIME_EXIT,Candlestick Patterns
2024-08-31 23:45:00,2024-09-01 00:00:00,2024-09-01 00:30:00,LONG,58974.0,-2.6041984603390453,-10.604198460339045,17.395801539660955,-12.547902465493268,2,TRAILING_STOP,Candlestick Patterns
2024-09-01 04:15:00,2024-09-01 04:30:00,2024-09-01 07:00:00,LONG,58547.7,-59.218380909924576,-67.21838090992458,0.0,-131.63625556597393,10,TIME_EXIT,Candlestick Patterns
2024-09-01 07:30:00,2024-09-01 07:45:00,2024-09-01 08:00:00,LONG,58267.99,20.643241683812967,12.643241683812967,40.64324168381297,0.0,1,TRAILING_STOP,Candlestick Patterns
2024-09-01 19:00:00,2024-09-01 19:15:00,2024-09-01 19:45:00,SHORT,58526.0,9.982230119946685,1.982230119946685,39.982230119946685,-1.1943409766595978,2,TRAILING_STOP,Candlestick Patterns
2024-09-01 22:30:00,2024-09-01 22:45:00,2024-09-01 23:00:00,LONG,57545.0,-10.789816665218524,-18.789816665218524,9.210183334781476,-56.47753931705622,1,TRAILING_STOP,Candlestick Patterns
2024-09-02 02:45:00,2024-09-02 03:00:00,2024-09-02 03:15:00,LONG,57509.01,21.904738057566618,13.904738057566618,41.90473805756662,0.0,1,TRAILING_STOP,Candlestick Patterns
2024-09-02 05:45:00,2024-09-02 06:00:00,2024-09-02 07:45:00,SHORT,57785.0,43.19200484554855,35.19200484554855,73.19200484554855,-6.062126849528223,7,TRAILING_STOP,Candlestick Patterns
2024-09-02 09:30:00,2024-09-02 09:45:00,2024-09-02 10:00:00,LONG,58051.0,56.977140789995104,48.977140789995104,76.9771407899951,0.0,1,TRAILING_STOP,Candlestick Patterns
2024-09-02 12:30:00,2024-09-02 12:45:00,2024-09-02 14:15:00,SHORT,58276.0,-0.4852769579243592,-8.48527695792436,29.51472304207564,-36.550209348616924,6,TRAILING_STOP,Candlestick Patterns
2024-09-02 16:15:00,2024-09-02 16:30:00,2024-09-02 17:45:00,SHORT,58457.0,-1.9657183912966154,-9.965718391296615,28.034281608703385,-17.361479378003995,5,TRAILING_STOP,Candlestick Patterns
2024-09-02 20:15:00,2024-09-02 20:30:00,2024-09-02 23:00:00,SHORT,58520.01,-125.08371068289256,-133.08371068289256,0.0,-154.76415673886595,10,TIME_EXIT,Candlestick Patterns
2024-09-03 03:45:00,2024-09-03 04:00:00,2024-09-03 05:00:00,SHORT,59111.0,-9.191690209944003,-17.191690209944003,20.808309790055997,-23.559066840351548,4,TRAILING_STOP,Candlestick Patterns
2024-09-03 07:00:00,2024-09-03 07:15:00,2024-09-03 09:45:00,SHORT,58923.0,8.315937749265991,0.3159377492659914,34.96088114997539,-36.88712387352962,10,TIME_EXIT,Candlestick Patterns
2024-09-03 10:45:00,2024-09-03 11:00:00,2024-09-03 12:45:00,LONG,59078.94,25.88098567780628,17.88098567780628,45.88098567780628,-16.577819439550257,7,TRAILING_STOP,Candlestick Patterns
2024-09-03 19:00:00,2024-09-03 19:15:00,2024-09-03 21:15:00,LONG,58141.1,-1.785690329216088,-9.785690329216088,18.214309670783912,-49.72386143364996,8,TRAILING_STOP,Candlestick Patterns
2024-09-03 23:45:00,2024-09-04 00:00:00,2024-09-04 01:00:00,SHORT,57487.74,297.3289226537689,289.3289226537689,327.3289226537689,-79.28473097046448,4,TRAILING_STOP,Candlestick Patterns
2024-09-04 06:00:00,2024-09-04 06:15:00,2024-09-04 07:00:00,SHORT,56300.0,-20.420959147424462,-28.420959147424462,9.57904085257554,-46.88987566607424,3,TRAILING_STOP,Candlestick Patterns
2024-09-04 09:30:00,2024-09-04 09:45:00,2024-09-04 12:15:00,LONG,56752.11,-21.324317280891243,-29.324317280891243,0.0,-52.70464833818524,10,TIME_EXIT,Candlestick Patterns
2024-09-04 14:15:00,2024-09-04 14:30:00,2024-09-04 17:00:00,SHORT,56445.0,-320.97085658605744,-328.97085658605744,0.0,-367.43732837275223,10,TIME_EXIT,Candlestick Patterns
2024-09-04 19:30:00,2024-09-04 19:45:00,2024-09-04 20:00:00,LONG,57976.0,15.359459086518562,7.359459086518562,35.35945908651856,0.0,1,TRAILING_STOP,Candlestick Patterns
2024-09-04 22:45:00,2024-09-04 23:00:00,2024-09-04 23:15:00,LONG,58130.98,-2.6220029319999796,-10.62200293199998,17.37799706800002,-10.146052930813001,1,TRAILING_STOP,Candlestick Patterns
2024-09-05 03:30:00,2024-09-05 03:45:00,2024-09-05 05:00:00,LONG,57157.01,3.459939559468996,-4.540060440531004,23.459939559468996,-22.396203020417275,5,TRAILING_STOP,Candlestick Patterns
2024-09-05 06:30:00,2024-09-05 06:45:00,2024-09-05 08:30:00,LONG,56878.0,44.52934350715546,36.52934350715546,64.52934350715546,-8.138471816871352,7,TRAILING_STOP,Candlestick Patterns
2024-09-05 09:30:00,2024-09-05 09:45:00,2024-09-05 12:15:00,LONG,56905.01,-53.246629778291926,-61.246629778291926,0.0,-103.15611929424175,10,TIME_EXIT,Candlestick Patterns
2024-09-05 12:15:00,2024-09-05 12:30:00,2024-09-05 12:45:00,SHORT,56602.01,-8.76223830213819,-16.76223830213819,21.23776169786181,-21.776611819968014,1,TRAILING_STOP,Candlestick Patterns
2024-09-05 15:45:00,2024-09-05 16:00:00,2024-09-05 16:15:00,SHORT,55976.01,-28.033085959502646,-36.03308595950264,1.9669140404973555,-58.17313524132881,1,TRAILING_STOP,Candlestick Patterns
2024-09-05 23:15:00,2024-09-05 23:30:00,2024-09-06 00:30:00,LONG,56099.21,21.820553266258223,13.820553266258223,41.82055326625822,-17.862996644694128,4,TRAILING_STOP,Candlestick Patterns
2024-09-06 06:15:00,2024-09-06 06:30:00,2024-09-06 07:15:00,SHORT,56341.11,150.88213029526761,142.88213029526761,180.88213029526761,-23.95053984559451,3,TRAILING_STOP,Candlestick Patterns
2024-09-06 09:30:00,2024-09-06 09:45:00,2024-09-06 10:30:00,LONG,55861.0,51.80501602191164,43.80501602191164,71.80501602191164,0.0,3,TRAILING_STOP,Candlestick Patterns
2024-09-06 13:00:00,2024-09-06 13:15:00,2024-09-06 13:30:00,LONG,56818.72,-10.976565469972432,-18.97656546997243,9.023434530027568,-170.52830475589704,1,TRAILING_STOP,Candlestick Patterns
2024-09-06 19:45:00,2024-09-06 20:00:00,2024-09-06 20:30:00,SHORT,53534.27,64.00894044132792,56.00894044132792,94.00894044132792,-44.03347612660137,2,TRAILING_STOP,Candlestick Patterns
2024-09-07 00:00:00,2024-09-07 00:15:00,2024-09-07 02:45:00,SHORT,53939.13,25.42310192989716,17.42310192989716,35.89045652015457,-24.26253445318874,10,TIME_EXIT,Candlestick Patterns
2024-09-07 02:45:00,2024-09-07 03:00:00,2024-09-07 04:45:00,SHORT,53802.0,-29.697037284859785,-37.69703728485979,0.3029627151402142,-48.15806103862283,7,TRAILING_STOP,Candlestick Patterns
2024-09-07 07:45:00,2024-09-07 08:00:00,2024-09-07 09:00:00,LONG,54286.0,4.569870684890649,-3.430129315109351,24.56987068489065,-17.7578012747304,4,TRAILING_STOP,Candlestick Patterns
2024-09-07 10:45:00,2024-09-07 11:00:00,2024-09-07 12:15:00,SHORT,54346.01,-15.009019061380743,-23.00901906138074,14.990980938619257,-27.043383681709322,5,TRAILING_STOP,Candlestick Patterns
2024-09-07 14:45:00,2024-09-07 15:00:00,2024-09-07 16:00:00,LONG,54632.17,19.87211198090828,11.87211198090828,39.87211198090828,-1.1293712111377332,4,TRAILING_STOP,Candlestick Patterns
2024-09-07 19:45:00,2024-09-07 20:00:00,2024-09-07 21:15:00,SHORT,54404.01,58.96586850859008,50.96586850859008,88.96586850859008,0.0,5,TRAILING_STOP,Candlestick Patterns
2024-09-08 01:15:00,2024-09-08 01:30:00,2024-09-08 02:00:00,SHORT,54236.0,-19.031270742680512,-27.031270742680512,10.968729257319486,-26.550630577476213,2,TRAILING_STOP,Candlestick Patterns
2024-09-08 12:00:00,2024-09-08 12:15:00,2024-09-08 14:45:00,LONG,54561.98,-75.59842952913424,-83.59842952913424,0.0,-95.37227204731253,10,TIME_EXIT,Candlestick Patterns
2024-09-08 20:45:00,2024-09-08 21:00:00,2024-09-08 21:15:00,LONG,54379.01,18.799897239761805,10.799897239761805,38.799897239761805,-14.54973159680594,1,TRAILING_STOP,Candlestick Patterns
2024-09-09 00:15:00,2024-09-09 00:30:00,2024-09-09 00:45:00,SHORT,55020.0,30.21628498727693,22.21628498727693,60.21628498727693,-10.905125408942203,1,TRAILING_STOP,Candlestick Patterns
2024-09-09 03:15:00,2024-09-09 03:30:00,2024-09-09 04:15:00,LONG,54978.0,19.572192513368563,11.572192513368563,39.57219251336856,-19.644221324893593,3,TRAILING_STOP,Candlestick Patterns
2024-09-09 06:45:00,2024-09-09 07:00:00,2024-09-09 08:30:00,LONG,54898.0,60.83718896863252,52.83718896863252,80.83718896863252,-28.580276148493837,6,TRAILING_STOP,Candlestick Patterns
2024-09-09 14:45:00,2024-09-09 15:00:00,2024-09-09 17:30:00,SHORT,54840.0,-286.44055433989723,-294.44055433989723,0.0,-352.8884026258202,10,TIME_EXIT,Candlestick Patterns
2024-09-09 18:30:00,2024-09-09 18:45:00,2024-09-09 19:00:00,LONG,56538.0,31.400827761859382,23.400827761859382,51.40082776185938,-9.904842760621174,1,TRAILING_STOP,Candlestick Patterns
2024-09-09 21:15:00,2024-09-09 21:30:00,2024-09-09 21:45:00,SHORT,57671.99,51.7329174873271,43.7329174873271,81.7329174873271,0.0,1,TRAILING_STOP,Candlestick Patterns
2024-09-10 05:45:00,2024-09-10 06:00:00,2024-09-10 07:15:00,LONG,56945.45,34.532890687491424,26.532890687491424,54.532890687491424,-30.61702032383598,5,TRAILING_STOP,Candlestick Patterns
2024-09-10 09:00:00,2024-09-10 09:15:00,2024-09-10 09:45:00,LONG,57002.01,27.631653690807525,19.631653690807525,47.631653690807525,-3.86126734829211,2,TRAILING_STOP,Candlestick Patterns
2024-09-10 12:30:00,2024-09-10 12:45:00,2024-09-10 15:15:00,LONG,57389.99,-41.817397075691765,-49.817397075691765,0.0,-154.67505744468684,10,TIME_EXIT,Candlestick Patterns
2024-09-10 17:00:00,2024-09-10 17:15:00,2024-09-10 17:45:00,LONG,57298.0,-15.759014276239501,-23.7590142762395,4.2409857237605,-37.0833187894871,2,TRAILING_STOP,Candlestick Patterns
2024-09-11 02:15:00,2024-09-11 02:30:00,2024-09-11 04:15:00,SHORT,56982.01,97.32966071221476,89.32966071221476,127.32966071221476,-22.81246309142095,7,TRAILING_STOP,Candlestick Patterns
2024-09-11 05:00:00,2024-09-11 05:15:00,2024-09-11 05:30:00,SHORT,56294.36,4.513226547029021,-3.4867734529709793,34.51322654702902,-4.909905717020216,1,TRAILING_STOP,Candlestick Patterns
2024-09-11 10:00:00,2024-09-11 10:15:00,2024-09-11 11:00:00,SHORT,56573.98,-0.8275783319467962,-8.827578331946796,29.172421668053204,-28.285087950325714,3,TRAILING_STOP,Candlestick Patterns
2024-09-11 18:30:00,2024-09-11 18:45:00,2024-09-11 19:15:00,SHORT,57747.11,43.030494513059296,35.030494513059296,73.0304945130593,0.0,2,TRAILING_STOP,Candlestick Patterns
2024-09-11 21:15:00,2024-09-11 21:30:00,2024-09-11 22:45:00,SHORT,57302.01,-14.13493697690474,-22.13493697690474,15.86506302309526,-28.967570247535463,5,TRAILING_STOP,Candlestick Patterns
2024-09-12 01:30:00,2024-09-12 01:45:00,2024-09-12 04:15:00,SHORT,57724.86,-112.1059453414001,-120.1059453414001,0.0,-129.08649756794586,10,TIME_EXIT,Candlestick Patterns
2024-09-12 10:45:00,2024-09-12 11:00:00,2024-09-12 12:15:00,SHORT,57930.41,-29.58570981976453,-37.58570981976453,0.4142901802354679,-39.99626448354104,5,TRAILING_STOP,Candlestick Patterns
2024-09-12 13:45:00,2024-09-12 14:00:00,2024-09-12 14:30:00,LONG,57628.0,146.5856875130145,138.5856875130145,166.5856875130145,0.0,2,TRAILING_STOP,Candlestick Patterns
2024-09-12 19:30:00,2024-09-12 19:45:00,2024-09-12 20:00:00,LONG,58275.81,-0.748444337367026,-8.748444337367026,19.251555662632974,-18.49995735794967,1,TRAILING_STOP,Candlestick Patterns
2024-09-13 04:45:00,2024-09-13 05:00:00,2024-09-13 07:15:00,SHORT,57844.0,-12.366364705068804,-20.366364705068804,17.633635294931196,-31.272042044118564,9,TRAILING_STOP,Candlestick Patterns
2024-09-13 09:00:00,2024-09-13 09:15:00,2024-09-13 11:15:00,LONG,58024.0,36.18364814559492,28.183648145594923,56.18364814559492,0.0,8,TRAILING_STOP,Candlestick Patterns
2024-09-13 14:00:00,2024-09-13 14:15:00,2024-09-13 15:30:00,LONG,58221.1,199.66263090185544,191.66263090185544,219.66263090185544,-66.59441336560134,5,TRAILING_STOP,Candlestick Patterns
2024-09-13 23:15:00,2024-09-13 23:30:00,2024-09-14 02:00:00,SHORT,60352.0,-22.289236479320785,-30.289236479320785,0.0,-43.03585630965058,10,TIME_EXIT,Candlestick Patterns
2024-09-14 06:30:00,2024-09-14 06:45:00,2024-09-14 08:00:00,LONG,60014.0,6.660445895957608,-1.3395541040423922,26.660445895957608,-2.6643783117269244,5,TRAILING_STOP,Candlestick Patterns
2024-09-14 10:15:00,2024-09-14 10:30:00,2024-09-14 13:00:00,LONG,59981.96,-36.33759216937878,-44.33759216937878,0.0,-62.68217977538512,10,TIME_EXIT,Candlestick Patterns
2024-09-14 17:00:00,2024-09-14 17:15:00,2024-09-14 18:00:00,SHORT,59890.31,51.86800168508023,43.86800168508023,81.86800168508023,-1.2489499553438947,3,TRAILING_STOP,Candlestick Patterns
2024-09-14 20:00:00,2024-09-14 20:15:00,2024-09-14 22:45:00,SHORT,59792.0,-35.9529702970299,-43.9529702970299,0.0,-55.69306930693069,10,TIME_EXIT,Candlestick Patterns
2024-09-14 23:00:00,2024-09-14 23:15:00,2024-09-15 01:15:00,SHORT,60009.45,-17.91190387514073,-25.91190387514073,12.08809612485927,-40.13367894556671,8,TRAILING_STOP,Candlestick Patterns
2024-09-15 01:45:00,2024-09-15 02:00:00,2024-09-15 04:15:00,LONG,60235.22,-14.581243332389352,-22.581243332389352,5.418756667610647,-33.58832257938125,9,TRAILING_STOP,Candlestick Patterns
2024-09-15 04:30:00,2024-09-15 04:45:00,2024-09-15 07:15:00,SHORT,60134.0,-12.974357268765889,-20.97435726876589,2.6623873349522795,-13.451624704825791,10,TIME_EXIT,Candlestick Patterns
2024-09-15 09:15:00,2024-09-15 09:30:00,2024-09-15 12:00:00,LONG,60102.74,-20.59140731354257,-28.59140731354257,0.0,-37.05987447494041,10,TIME_EXIT,Candlestick Patterns
2024-09-15 13:15:00,2024-09-15 13:30:00,2024-09-15 14:15:00,SHORT,60201.99,24.97991013253848,16.97991013253848,54.97991013253848,-4.652670119376791,3,TRAILING_STOP,Candlestick Patterns
2024-09-15 18:00:00,2024-09-15 18:15:00,2024-09-15 18:45:00,SHORT,59796.44,-21.564715223849056,-29.564715223849056,8.435284776150942,-64.44530811533272,2,TRAILING_STOP,Candlestick Patterns
2024-09-15 21:00:00,2024-09-15 21:15:00,2024-09-15 23:15:00,SHORT,59546.01,113.57972935550157,105.57972935550157,143.57972935550157,-23.469246721988593,8,TRAILING_STOP,Candlestick Patterns
2024-09-16 03:30:00,2024-09-16 03:45:00,2024-09-16 05:00:00,SHORT,58470.04,-3.063127714638128,-11.063127714638128,26.936872285361872,-20.858545675699748,5,TRAILING_STOP,Candlestick Patterns
2024-09-16 06:45:00,2024-09-16 07:00:00,2024-09-16 08:30:00,LONG,58707.43,60.38505517955704,52.38505517955704,80.38505517955704,0.0,6,TRAILING_STOP,Candlestick Patterns
2024-09-16 18:30:00,2024-09-16 18:45:00,2024-09-16 21:00:00,SHORT,57708.0,-12.671380051292715,-20.671380051292715,17.328619948707285,-80.49143966174535,9,TRAILING_STOP,Candlestick Patterns
2024-09-16 23:45:00,2024-09-17 00:00:00,2024-09-17 01:15:00,SHORT,58213.99,73.75169267730935,65.75169267730935,103.75169267730935,-21.834957541993013,5,TRAILING_STOP,Candlestick Patterns
2024-09-17 03:00:00,2024-09-17 03:15:00,2024-09-17 04:15:00,SHORT,58082.02,-20.69935928536976,-28.69935928536976,9.300640714630243,-28.91944873818114,4,TRAILING_STOP,Candlestick Patterns
2024-09-17 08:45:00,2024-09-17 09:00:00,2024-09-17 11:00:00,LONG,58792.0,66.40631378418831,58.40631378418831,86.40631378418831,-15.306504286297109,8,TRAILING_STOP,Candlestick Patterns
2024-09-17 12:00:00,2024-09-17 12:15:00,2024-09-17 14:00:00,SHORT,59069.91,3.500982141331633,-4.499017858668367,33.50098214133163,-120.21179649672675,7,TRAILING_STOP,Candlestick Patterns
2024-09-17 16:45:00,2024-09-17 17:00:00,2024-09-17 17:15:00,SHORT,60873.86,-5.919056225446557,-13.919056225446557,24.080943774553443,-20.557263823913814,1,TRAILING_STOP,Candlestick Patterns
2024-09-17 19:45:00,2024-09-17 20:00:00,2024-09-17 20:30:00,LONG,59967.98,42.51169374055876,34.51169374055876,62.51169374055876,-0.3318437606211246,2,TRAILING_STOP,Candlestick Patterns
2024-09-18 00:30:00,2024-09-18 00:45:00,2024-09-18 01:00:00,LONG,60105.29,17.394379097081476,9.394379097081476,37.394379097081476,-10.024076083818912,1,TRAILING_STOP,Candlestick Patterns
2024-09-18 03:15:00,2024-09-18 03:30:00,2024-09-18 03:45:00,LONG,60609.99,6.234949057078222,-1.7650509429217784,26.23494905707822,-17.261180871337437,1,TRAILING_STOP,Candlestick Patterns
2024-09-18 06:15:00,2024-09-18 06:30:00,2024-09-18 09:00:00,SHORT,60300.0,48.55721393034874,40.55721393034874,49.75124378109452,-40.07462686567188,10,TIME_EXIT,Candlestick Patterns
2024-09-18 10:15:00,2024-09-18 10:30:00,2024-09-18 11:45:00,LONG,59679.99,33.62098753702908,25.62098753702908,53.62098753702908,0.0,5,TRAILING_STOP,Candlestick Patterns
2024-09-18 14:15:00,2024-09-18 14:30:00,2024-09-18 14:45:00,LONG,59635.39,2.236795969641612,-5.763204030358388,22.236795969641612,-42.146114915991404,1,TRAILING_STOP,Candlestick Patterns
2024-09-18 21:30:00,2024-09-18 21:45:00,2024-09-18 22:15:00,SHORT,60329.26,-7.579701789811107,-15.579701789811107,22.420298210188893,-44.54554887628291,2,TRAILING_STOP,Candlestick Patterns
2024-09-19 00:45:00,2024-09-19 01:00:00,2024-09-19 01:30:00,SHORT,62226.0,77.83273872657732,69.83273872657732,107.83273872657732,0.0,2,TRAILING_STOP,Candlestick Patterns
2024-09-19 03:45:00,2024-09-19 04:00:00,2024-09-19 04:15:00,LONG,62117.98,-17.09906857885643,-25.09906857885643,2.900931421143572,-35.0912891887346,1,TRAILING_STOP,Candlestick Patterns
2024-09-19 16:15:00,2024-09-19 16:30:00,2024-09-19 17:00:00,LONG,63300.0,58.18009478672944,50.18009478672944,78.18009478672944,0.0,2,TRAILING_STOP,Candlestick Patterns
2024-09-20 01:15:00,2024-09-20 01:30:00,2024-09-20 01:45:00,LONG,62835.98,35.471403485709565,27.471403485709565,55.471403485709565,0.0,1,TRAILING_STOP,Candlestick Patterns
2024-09-20 04:45:00,2024-09-20 05:00:00,2024-09-20 05:45:00,SHORT,63843.81,6.808580189684797,-1.1914198103152032,36.8085801896848,-29.788322470103257,3,TRAILING_STOP,Candlestick Patterns
2024-09-20 08:00:00,2024-09-20 08:15:00,2024-09-20 08:45:00,SHORT,63405.35,19.667733085614742,11.667733085614742,49.66773308561474,0.0,2,TRAILING_STOP,Candlestick Patterns
2024-09-20 11:00:00,2024-09-20 11:15:00,2024-09-20 13:45:00,SHORT,63563.0,114.30234570426205,106.30234570426205,139.4049997640134,0.0,10,TIME_EXIT,Candlestick Patterns
2024-09-20 16:00:00,2024-09-20 16:15:00,2024-09-20 18:15:00,SHORT,63116.62,91.46087670727655,83.46087670727655,121.46087670727655,0.0,8,TRAILING_STOP,Candlestick Patterns
2024-09-20 20:15:00,2024-09-20 20:30:00,2024-09-20 23:00:00,SHORT,62756.63,-57.26247569380329,-65.26247569380328,0.0,-86.58368048124997,10,TIME_EXIT,Candlestick Patterns
2024-09-20 23:30:00,2024-09-20 23:45:00,2024-09-21 00:30:00,SHORT,63147.68,-12.947908775112516,-20.947908775112516,17.052091224887484,-25.763416803278016,3,TRAILING_STOP,Candlestick Patterns
2024-09-21 05:00:00,2024-09-21 05:15:00,2024-09-21 07:45:00,LONG,62879.93,33.57032999241515,25.570329992415147,40.405579331910786,0.0,10,TIME_EXIT,Candlestick Patterns
2024-09-21 08:30:00,2024-09-21 08:45:00,2024-09-21 10:45:00,LONG,63061.76,-8.227413887592423,-16.227413887592423,11.772586112407577,-15.183528020784705,8,TRAILING_STOP,Candlestick Patterns
2024-09-21 11:15:00,2024-09-21 11:30:00,2024-09-21 14:00:00,SHORT,63052.0,-18.30711159043334,-26.30711159043334,2.3916767112861996,-28.00228382921996,10,TIME_EXIT,Candlestick Patterns
2024-09-21 14:15:00,2024-09-21 14:30:00,2024-09-21 17:00:00,SHORT,63158.0,-14.79527534120795,-22.795275341207947,15.20472465879205,-30.39994933341778,10,TRAILING_STOP,Candlestick Patterns
2024-09-21 17:30:00,2024-09-21 17:45:00,2024-09-21 20:15:00,SHORT,63304.01,16.641915733300078,8.641915733300078,22.573609475924425,-5.685263856112427,10,TIME_EXIT,Candlestick Patterns
2024-09-22 00:45:00,2024-09-22 01:00:00,2024-09-22 01:15:00,LONG,63230.92,-10.023868069608705,-18.023868069608703,9.976131930391295,-11.216031650337882,1,TRAILING_STOP,Candlestick Patterns
2024-09-22 04:15:00,2024-09-22 04:30:00,2024-09-22 05:00:00,LONG,63124.0,-11.126988150307008,-19.126988150307007,8.873011849692992,-25.663772891451746,2,TRAILING_STOP,Candlestick Patterns
2024-09-22 08:30:00,2024-09-22 08:45:00,2024-09-22 09:00:00,LONG,62968.85,-11.02730953479379,-19.02730953479379,8.97269046520621,-23.625967442631843,1,TRAILING_STOP,Candlestick Patterns
2024-09-23 00:15:00,2024-09-23 00:30:00,2024-09-23 00:45:00,LONG,63192.0,70.31206481833098,62.31206481833098,90.31206481833098,0.0,1,TRAILING_STOP,Candlestick Patterns
2024-09-23 04:00:00,2024-09-23 04:15:00,2024-09-23 06:45:00,SHORT,64329.0,102.22139315083426,94.22139315083426,125.08200034199186,0.0,10,TIME_EXIT,Candlestick Patterns
2024-09-23 07:30:00,2024-09-23 07:45:00,2024-09-23 08:30:00,LONG,63588.02,-13.355666680610593,-21.355666680610593,6.644333319389407,-45.29469544734948,3,TRAILING_STOP,Candlestick Patterns
2024-09-23 11:15:00,2024-09-23 11:30:00,2024-09-23 12:15:00,SHORT,63434.0,-11.840968565753016,-19.840968565753016,18.159031434246984,-16.710281552479742,3,TRAILING_STOP,Candlestick Patterns
2024-09-23 15:00:00,2024-09-23 15:15:00,2024-09-23 15:45:00,LONG,63330.85,49.70536476298744,41.70536476298744,69.70536476298744,0.0,2,TRAILING_STOP,Candlestick Patterns
2024-09-23 19:30:00,2024-09-23 19:45:00,2024-09-23 21:15:00,SHORT,63342.67,10.096194239995867,2.0961942399958673,40.09619423999587,-23.101331219539965,6,TRAILING_STOP,Candlestick Patterns
2024-09-24 00:30:00,2024-09-24 00:45:00,2024-09-24 01:15:00,LONG,63249.99,-16.820552857004312,-24.820552857004312,3.179447142995688,-63.23953569004485,2,TRAILING_STOP,Candlestick Patterns
2024-09-24 03:30:00,2024-09-24 03:45:00,2024-09-24 06:15:00,LONG,63098.86,27.853118107046626,19.853118107046626,46.77422064360584,-31.51562484647117,10,TIME_EXIT,Candlestick Patterns
2024-09-24 06:15:00,2024-09-24 06:30:00,2024-09-24 09:00:00,SHORT,63274.6,-59.091641827842686,-67.0916418278427,0.0,-106.42501098387054,10,TIME_EXIT,Candlestick Patterns
2024-09-24 12:00:00,2024-09-24 12:15:00,2024-09-24 13:30:00,SHORT,63490.99,-16.06258935322981,-24.06258935322981,13.93741064677019,-26.854204037454764,5,TRAILING_STOP,Candlestick Patterns
2024-09-24 15:45:00,2024-09-24 16:00:00,2024-09-24 16:30:00,SHORT,63159.99,-18.60512802487759,-26.60512802487759,11.39487197512241,-19.31760913831716,2,TRAILING_STOP,Candlestick Patterns
2024-09-24 19:30:00,2024-09-24 19:45:00,2024-09-24 20:00:00,LONG,63868.01,94.06649432164815,86.06649432164815,114.06649432164815,0.0,1,TRAILING_STOP,Candlestick Patterns
2024-09-25 00:15:00,2024-09-25 00:30:00,2024-09-25 00:45:00,LONG,64187.97,11.797235525597483,3.7972355255974826,31.797235525597483,-30.778353015369966,1,TRAILING_STOP,Candlestick Patterns
2024-09-25 04:30:00,2024-09-25 04:45:00,2024-09-25 07:15:00,SHORT,64258.01,67.23208515171946,59.23208515171946,95.32196842074693,-2.5973415609968393,10,TIME_EXIT,Candlestick Patterns
2024-09-25 19:45:00,2024-09-25 20:00:00,2024-09-25 22:30:00,SHORT,63181.51,1.750512135592351,-6.249487864407649,9.102346556769858,-58.60891897012205,10,TIME_EXIT,Candlestick Patterns
2024-09-25 23:00:00,2024-09-25 23:15:00,2024-09-25 23:45:00,SHORT,63168.01,4.974981798540163,-3.0250182014598366,34.97498179854016,-1.8981126681049416,2,TRAILING_STOP,Candlestick Patterns
2024-09-26 06:00:00,2024-09-26 06:15:00,2024-09-26 08:45:00,LONG,63721.99,6.772547436136026,-1.2274525638639737,26.772547436136026,-9.492798325977887,10,TRAILING_STOP,Candlestick Patterns
2024-09-26 09:15:00,2024-09-26 09:30:00,2024-09-26 11:15:00,LONG,63894.0,74.84458634613578,66.84458634613578,94.84458634613578,-22.45750774720599,7,TRAILING_STOP,Candlestick Patterns
2024-09-26 12:00:00,2024-09-26 12:15:00,2024-09-26 12:45:00,LONG,64412.01,27.815616994408025,19.815616994408025,47.815616994408025,-5.5517596796004405,2,TRAILING_STOP,Candlestick Patterns
2024-09-26 14:45:00,2024-09-26 15:00:00,2024-09-26 17:30:00,SHORT,64426.64,-130.63074529418273,-138.63074529418273,0.0,-219.21987550491545,10,TIME_EXIT,Candlestick Patterns
2024-09-26 21:15:00,2024-09-26 21:30:00,2024-09-26 23:15:00,SHORT,64836.18,-13.988877814825354,-21.988877814825354,16.011122185174646,-62.9000659816787,7,TRAILING_STOP,Candlestick Patterns
2024-09-27 05:15:00,2024-09-27 05:30:00,2024-09-27 05:45:00,SHORT,65198.0,-22.33105309978834,-30.33105309978834,7.668946900211663,-27.664959047823956,1,TRAILING_STOP,Candlestick Patterns
2024-09-27 09:45:00,2024-09-27 10:00:00,2024-09-27 12:30:00,SHORT,65754.0,36.86893573014605,28.86893573014605,66.86893573014605,-5.769991179244203,10,TRAILING_STOP,Candlestick Patterns
2024-09-27 15:00:00,2024-09-27 15:15:00,2024-09-27 15:30:00,LONG,66304.01,-11.857204413427597,-19.857204413427596,8.142795586572403,-13.789512881648186,1,TRAILING_STOP,Candlestick Patterns
2024-09-27 19:15:00,2024-09-27 19:30:00,2024-09-27 20:30:00,SHORT,65774.28,-7.30419854082799,-15.30419854082799,22.69580145917201,-14.82190302957406,4,TRAILING_STOP,Candlestick Patterns
2024-09-27 23:45:00,2024-09-28 00:00:00,2024-09-28 02:30:00,LONG,65769.95,58.02497949291502,50.02497949291502,65.19238649261617,-7.594653789458118,10,TIME_EXIT,Candlestick Patterns
2024-09-28 03:00:00,2024-09-28 03:15:00,2024-09-28 05:45:00,SHORT,66142.07,28.464485614073475,20.464485614073475,34.670822972429946,0.0,10,TIME_EXIT,Candlestick Patterns
2024-09-28 08:15:00,2024-09-28 08:30:00,2024-09-28 10:00:00,SHORT,65642.63,-1.111760756690483,-9.111760756690483,28.888239243309517,-13.546075164873535,6,TRAILING_STOP,Candlestick Patterns
2024-09-28 11:15:00,2024-09-28 11:30:00,2024-09-28 14:00:00,SHORT,65724.0,15.914734343618285,7.914734343618285,45.914734343618285,-11.563508003164749,10,TRAILING_STOP,Candlestick Patterns
2024-09-28 15:15:00,2024-09-28 15:30:00,2024-09-28 16:30:00,LONG,65666.01,-19.82791706089579,-27.82791706089579,0.17208293910421185,-21.441838783869407,4,TRAILING_STOP,Candlestick Patterns
2024-09-28 20:30:00,2024-09-28 20:45:00,2024-09-28 21:30:00,SHORT,65735.34,16.14565011757702,8.14565011757702,46.14565011757702,0.0,3,TRAILING_STOP,Candlestick Patterns
2024-09-29 04:15:00,2024-09-29 04:30:00,2024-09-29 05:30:00,LONG,65745.99,-19.390076870088237,-27.390076870088237,0.6099231299117651,-27.07237353943643,4,TRAILING_STOP,Candlestick Patterns
2024-09-29 08:30:00,2024-09-29 08:45:00,2024-09-29 10:15:00,LONG,65587.99,-8.231077061518768,-16.231077061518768,11.768922938481232,-17.887421157441626,6,TRAILING_STOP,Candlestick Patterns
2024-09-29 12:00:00,2024-09-29 12:15:00,2024-09-29 13:30:00,SHORT,65710.0,-9.639324303759917,-17.639324303759917,20.360675696240083,-20.71982955410047,5,TRAILING_STOP,Candlestick Patterns
2024-09-29 15:00:00,2024-09-29 15:15:00,2024-09-29 17:45:00,LONG,65698.97,19.73273858022334,11.73273858022334,39.73273858022334,-7.787032277675508,10,TRAILING_STOP,Candlestick Patterns
2024-09-29 18:30:00,2024-09-29 18:45:00,2024-09-29 20:00:00,LONG,65800.35,21.910111420378385,13.910111420378385,41.910111420378385,-2.180839463620759,5,TRAILING_STOP,Candlestick Patterns
2024-09-29 21:30:00,2024-09-29 21:45:00,2024-09-29 22:00:00,LONG,65850.24,-5.023592928439541,-13.023592928439541,14.976407071560459,-33.06290151713967,1,TRAILING_STOP,Candlestick Patterns
2024-09-30 01:00:00,2024-09-30 01:15:00,2024-09-30 03:00:00,SHORT,65296.0,139.38250428816468,131.38250428816468,169.38250428816468,-4.5316711590291145,7,TRAILING_STOP,Candlestick Patterns
2024-09-30 09:15:00,2024-09-30 09:30:00,2024-09-30 12:00:00,LONG,63969.5,-21.18196953235526,-29.18196953235526,0.0,-112.52550043380045,10,TIME_EXIT,Candlestick Patterns
2024-09-30 12:45:00,2024-09-30 13:00:00,2024-09-30 13:15:00,LONG,64048.01,-3.581066765384872,-11.581066765384872,16.418933234615128,-13.7350090970822,1,TRAILING_STOP,Candlestick Patterns
2024-09-30 15:30:00,2024-09-30 15:45:00,2024-09-30 17:30:00,SHORT,63752.0,29.497741247333053,21.497741247333053,59.49774124733305,0.0,7,TRAILING_STOP,Candlestick Patterns
2024-09-30 18:45:00,2024-09-30 19:00:00,2024-09-30 21:30:00,SHORT,63330.56,-48.862665986216506,-56.862665986216506,0.0,-83.59945024961131,10,TIME_EXIT,Candlestick Patterns
2024-09-30 23:15:00,2024-09-30 23:30:00,2024-09-30 23:45:00,SHORT,63384.0,33.97513568092894,25.975135680928943,63.97513568092894,0.0,1,TRAILING_STOP,Candlestick Patterns
2024-10-01 03:45:00,2024-10-01 04:00:00,2024-10-01 05:00:00,LONG,63723.47,7.700939700866382,-0.2990602991336182,27.700939700866382,-8.077086825309602,4,TRAILING_STOP,Candlestick Patterns
2024-10-01 18:15:00,2024-10-01 18:30:00,2024-10-01 21:00:00,LONG,62347.74,-226.2551938530573,-234.2551938530573,0.0,-350.2516691062095,10,TIME_EXIT,Candlestick Patterns
2024-10-01 21:15:00,2024-10-01 21:30:00,2024-10-01 22:00:00,LONG,60869.98,36.63711405852277,28.63711405852277,56.63711405852277,-15.110897030030763,2,TRAILING_STOP,Candlestick Patterns
2024-10-02 04:15:00,2024-10-02 04:30:00,2024-10-02 07:00:00,LONG,61634.0,5.0511081545902385,-2.9488918454097615,25.05110815459024,-46.07846318590388,10,TRAILING_STOP,Candlestick Patterns
2024-10-02 10:15:00,2024-10-02 10:30:00,2024-10-02 13:00:00,LONG,61472.01,-89.70261424671253,-97.70261424671253,0.0,-129.16610340218287,10,TIME_EXIT,Candlestick Patterns
2024-10-02 14:00:00,2024-10-02 14:15:00,2024-10-02 14:30:00,SHORT,61284.76,-8.33882355091217,-16.33882355091217,21.66117644908783,-41.64820095566956,1,TRAILING_STOP,Candlestick Patterns
2024-10-02 18:30:00,2024-10-02 18:45:00,2024-10-02 21:15:00,LONG,61220.7,-54.391733514970916,-62.391733514970916,0.0,-199.39334244789706,10,TIME_EXIT,Candlestick Patterns
2024-10-02 22:00:00,2024-10-02 22:15:00,2024-10-02 22:45:00,SHORT,60546.0,-29.009017936775344,-37.009017936775344,0.9909820632246557,-50.49879430515641,2,TRAILING_STOP,Candlestick Patterns
2024-10-03 05:30:00,2024-10-03 05:45:00,2024-10-03 07:00:00,LONG,61213.74,14.38933807998042,6.389338079980419,34.38933807998042,-17.59899003066892,5,TRAILING_STOP,Candlestick Patterns
2024-10-03 09:00:00,2024-10-03 09:15:00,2024-10-03 11:15:00,LONG,60418.01,87.9909781868021,79.9909781868021,107.9909781868021,0.0,8,TRAILING_STOP,Candlestick Patterns
2024-10-03 17:00:00,2024-10-03 17:15:00,2024-10-03 17:30:00,LONG,60379.99,36.921175376147346,28.921175376147346,56.921175376147346,-6.639616866448058,1,TRAILING_STOP,Candlestick Patterns
2024-10-03 20:45:00,2024-10-03 21:00:00,2024-10-03 21:30:00,LONG,60774.0,8.959752525751142,0.9597525257511421,28.959752525751142,-7.007931023134319,2,TRAILING_STOP,Candlestick Patterns
2024-10-04 07:45:00,2024-10-04 08:00:00,2024-10-04 08:15:00,SHORT,61443.64,-13.869770736238838,-21.869770736238838,16.130229263761162,-30.004732792523455,1,TRAILING_STOP,Candlestick Patterns
2024-10-04 15:30:00,2024-10-04 15:45:00,2024-10-04 16:00:00,LONG,61689.99,10.800783076800958,2.8007830768009576,30.800783076800958,-7.453397220520854,1,TRAILING_STOP,Candlestick Patterns
2024-10-04 18:30:00,2024-10-04 18:45:00,2024-10-04 20:45:00,SHORT,62182.0,-28.284069344826758,-36.28406934482676,1.715930655173242,-48.70380495963438,8,TRAILING_STOP,Candlestick Patterns
2024-10-04 21:15:00,2024-10-04 21:30:00,2024-10-05 00:00:00,SHORT,62386.11,49.13112870797715,41.13112870797715,67.47816140483854,0.0,10,TIME_EXIT,Candlestick Patterns
2024-10-05 00:00:00,2024-10-05 00:15:00,2024-10-05 02:45:00,SHORT,62079.61,43.10755173880773,35.10755173880773,45.90718272875715,-19.392840902189853,10,TIME_EXIT,Candlestick Patterns
2024-10-05 03:00:00,2024-10-05 03:15:00,2024-10-05 04:00:00,LONG,61859.98,-1.9026776277656268,-9.902677627765627,18.097322372234373,-5.387974583891191,3,TRAILING_STOP,Candlestick Patterns
2024-10-05 06:00:00,2024-10-05 06:15:00,2024-10-05 08:45:00,SHORT,62077.93,-11.854454554138083,-19.854454554138083,0.2802928512593707,-30.663071400737515,10,TIME_EXIT,Candlestick Patterns
2024-10-05 11:45:00,2024-10-05 12:00:00,2024-10-05 14:30:00,SHORT,62179.99,-0.8057254431855067,-8.805725443185507,12.864267105864437,-30.648123294969928,10,TIME_EXIT,Candlestick Patterns
2024-10-05 14:45:00,2024-10-05 15:00:00,2024-10-05 17:30:00,SHORT,62196.0,28.299247540035058,20.299247540035058,46.30522863206637,0.0,10,TIME_EXIT,Candlestick Patterns
2024-10-05 19:45:00,2024-10-05 20:00:00,2024-10-05 22:30:00,LONG,61848.48,27.40891934611761,19.40891934611761,39.04865568240234,-24.007057247001576,10,TIME_EXIT,Candlestick Patterns
2024-10-06 00:00:00,2024-10-06 00:15:00,2024-10-06 01:15:00,SHORT,61939.99,-21.680657358840577,-29.680657358840577,8.319342641159425,-33.90539778905389,4,TRAILING_STOP,Candlestick Patterns
2024-10-06 02:45:00,2024-10-06 03:00:00,2024-10-06 05:30:00,SHORT,61966.01,3.8747048583573536,-4.125295141642646,26.95671385006084,-8.712841120478462,10,TIME_EXIT,Candlestick Patterns
2024-10-06 06:30:00,2024-10-06 06:45:00,2024-10-06 09:15:00,LONG,61999.28,8.41783969104195,0.41783969104194973,11.406584076460431,-12.464660879932612,10,TIME_EXIT,Candlestick Patterns
2024-10-06 09:45:00,2024-10-06 10:00:00,2024-10-06 12:30:00,SHORT,62066.38,-11.519924313291673,-19.519924313291675,9.639679323974505,-17.461949609435038,10,TIME_EXIT,Candlestick Patterns
2024-10-06 16:30:00,2024-10-06 16:45:00,2024-10-06 19:00:00,SHORT,62682.55,-8.85376392632353,-16.85376392632353,21.14623607367647,-31.306958635217928,9,TRAILING_STOP,Candlestick Patterns
2024-10-06 23:00:00,2024-10-06 23:15:00,2024-10-07 00:30:00,SHORT,62668.0,-28.314929469586126,-36.314929469586126,1.6850705304138751,-113.93374609050872,5,TRAILING_STOP,Candlestick Patterns
2024-10-07 06:00:00,2024-10-07 06:15:00,2024-10-07 07:00:00,LONG,63494.0,20.93457649541744,12.934576495417438,40.93457649541744,0.0,3,TRAILING_STOP,Candlestick Patterns
2024-10-07 13:00:00,2024-10-07 13:15:00,2024-10-07 14:15:00,LONG,62945.45,223.50290608773236,215.50290608773236,243.50290608773236,-0.8817158349007966,4,TRAILING_STOP,Candlestick Patterns
2024-10-07 17:00:00,2024-10-07 17:15:00,2024-10-07 17:30:00,SHORT,63710.01,-0.1742316474280763,-8.174231647428076,29.825768352571924,-4.707266566116998,1,TRAILING_STOP,Candlestick Patterns
2024-10-07 21:15:00,2024-10-07 21:30:00,2024-10-07 22:30:00,LONG,63262.0,-2.295849008883689,-10.295849008883689,17.70415099111631,-32.46498687995912,4,TRAILING_STOP,Candlestick Patterns
2024-10-08 03:15:00,2024-10-08 03:30:00,2024-10-08 04:30:00,LONG,62642.0,1.7170588423104114,-6.282941157689589,21.71705884231041,-9.913476581207263,4,TRAILING_STOP,Candlestick Patterns
2024-10-08 06:30:00,2024-10-08 06:45:00,2024-10-08 07:00:00,LONG,62440.29,-8.928622849125562,-16.92862284912556,11.071377150874438,-25.68694027526128,1,TRAILING_STOP,Candlestick Patterns
2024-10-08 11:15:00,2024-10-08 11:30:00,2024-10-08 13:15:00,SHORT,62489.06,-3.9890470427942333,-11.989047042794233,26.010952957205767,-32.00880282084641,7,TRAILING_STOP,Candlestick Patterns
2024-10-08 15:45:00,2024-10-08 16:00:00,2024-10-08 16:15:00,SHORT,62288.01,-3.9901788482242324,-11.990178848224232,26.009821151775768,-11.533519853980968,1,TRAILING_STOP,Candlestick Patterns
2024-10-08 21:15:00,2024-10-08 21:30:00,2024-10-08 22:00:00,LONG,62464.61,-3.7764135564127415,-11.776413556412741,16.22358644358726,-22.510346258465486,2,TRAILING_STOP,Candlestick Patterns
2024-10-09 05:15:00,2024-10-09 05:30:00,2024-10-09 08:00:00,SHORT,62423.61,31.976683181251545,23.976683181251545,47.42756787055373,-19.24592313709499,10,TIME_EXIT,Candlestick Patterns
2024-10-09 08:45:00,2024-10-09 09:00:00,2024-10-09 10:15:00,LONG,62150.0,0.17216411906719742,-7.827835880932803,20.172164119067197,-12.46983105390185,5,TRAILING_STOP,Candlestick Patterns
2024-10-09 14:45:00,2024-10-09 15:00:00,2024-10-09 16:00:00,LONG,61872.99,67.13010313547132,59.130103135471316,87.13010313547132,0.0,4,TRAILING_STOP,Candlestick Patterns
2024-10-09 19:30:00,2024-10-09 19:45:00,2024-10-09 20:45:00,LONG,61107.49,-17.538763251444156,-25.538763251444156,2.461236748555844,-131.97891125948686,4,TRAILING_STOP,Candlestick Patterns
2024-10-09 22:30:00,2024-10-09 22:45:00,2024-10-10 01:00:00,SHORT,60724.01,30.76838469659728,22.76838469659728,60.76838469659728,-17.434619354024107,9,TRAILING_STOP,Candlestick Patterns
2024-10-10 03:00:00,2024-10-10 03:15:00,2024-10-10 04:00:00,LONG,60909.99,-12.446230905635998,-20.446230905636,7.553769094364002,-13.738304668905757,3,TRAILING_STOP,Candlestick Patterns
2024-10-10 06:30:00,2024-10-10 06:45:00,2024-10-10 08:15:00,SHORT,61064.86,3.970437334991402,-4.029562665008598,33.9704373349914,-13.285873413940092,6,TRAILING_STOP,Candlestick Patterns
2024-10-10 10:00:00,2024-10-10 10:15:00,2024-10-10 12:30:00,SHORT,60978.0,7.055987405293571,-0.9440125947064288,37.05598740529357,-56.36131063662309,9,TRAILING_STOP,Candlestick Patterns
2024-10-10 23:00:00,2024-10-10 23:15:00,2024-10-11 00:15:00,LONG,60266.0,-4.402482328344341,-12.402482328344341,15.597517671655659,-12.61075896857266,4,TRAILING_STOP,Candlestick Patterns
2024-10-11 03:15:00,2024-10-11 03:30:00,2024-10-11 05:15:00,LONG,60681.81,-5.4668145198697395,-13.46681451986974,14.53318548013026,-17.107268224200578,7,TRAILING_STOP,Candlestick Patterns
2024-10-11 08:15:00,2024-10-11 08:30:00,2024-10-11 09:00:00,SHORT,60719.63,-19.199538929997683,-27.199538929997683,10.800461070002317,-32.46396593655176,2,TRAILING_STOP,Candlestick Patterns
2024-10-11 13:30:00,2024-10-11 13:45:00,2024-10-11 16:15:00,SHORT,61490.68,-129.61151185838213,-137.61151185838213,0.0,-156.01063445712418,10,TIME_EXIT,Candlestick Patterns
2024-10-11 16:45:00,2024-10-11 17:00:00,2024-10-11 17:15:00,SHORT,62272.01,-12.979511982991198,-20.9795119829912,17.0204880170088,-18.51554173375737,1,TRAILING_STOP,Candlestick Patterns
2024-10-11 21:00:00,2024-10-11 21:15:00,2024-10-11 23:00:00,SHORT,63046.0,76.56822002981991,68.56822002981991,106.56822002981991,-4.587126859752919,7,TRAILING_STOP,Candlestick Patterns
2024-10-12 00:15:00,2024-10-12 00:30:00,2024-10-12 01:00:00,LONG,62729.11,34.94578195035737,26.94578195035737,54.94578195035737,-9.477258644351418,2,TRAILING_STOP,Candlestick Patterns
2024-10-12 03:30:00,2024-10-12 03:45:00,2024-10-12 06:15:00,SHORT,62501.14,-30.11145076713754,-38.11145076713754,0.0,-47.8167278228846,10,TIME_EXIT,Candlestick Patterns
2024-10-12 07:30:00,2024-10-12 07:45:00,2024-10-12 10:15:00,LONG,62754.83,31.1019884843924,23.1019884843924,38.27115777383163,-13.144804949675624,10,TIME_EXIT,Candlestick Patterns
2024-10-12 11:15:00,2024-10-12 11:30:00,2024-10-12 12:45:00,SHORT,63142.86,20.493436629256543,12.493436629256543,50.49343662925654,0.0,5,TRAILING_STOP,Candlestick Patterns
2024-10-12 17:30:00,2024-10-12 17:45:00,2024-10-12 20:15:00,SHORT,63149.52,9.73087364717849,1.7308736471784893,37.770675058178874,-4.4529237910284385,10,TIME_EXIT,Candlestick Patterns
2024-10-12 21:45:00,2024-10-12 22:00:00,2024-10-12 23:15:00,LONG,63221.16,6.389898571933273,-1.6101014280667272,26.389898571933273,-0.6611710383043099,5,TRAILING_STOP,Candlestick Patterns
2024-10-13 01:30:00,2024-10-13 01:45:00,2024-10-13 04:15:00,LONG,63034.01,-29.193763810997282,-37.19376381099728,0.0,-60.142135967551255,10,TIME_EXIT,Candlestick Patterns
2024-10-13 06:00:00,2024-10-13 06:15:00,2024-10-13 08:45:00,LONG,62958.0,-19.364655802280886,-27.364655802280886,0.6353441977191143,-36.24479811938155,10,TRAILING_STOP,Candlestick Patterns
2024-10-13 09:00:00,2024-10-13 09:15:00,2024-10-13 11:45:00,SHORT,62796.84,37.50347947444406,29.503479474444063,44.05635697592366,-11.263305605823989,10,TIME_EXIT,Candlestick Patterns
2024-10-13 21:30:00,2024-10-13 21:45:00,2024-10-13 23:45:00,SHORT,62882.0,10.07506122578799,2.075061225787991,40.07506122578799,-38.6438090391527,8,TRAILING_STOP,Candlestick Patterns
2024-10-14 01:30:00,2024-10-14 01:45:00,2024-10-14 03:00:00,SHORT,62660.01,-1.0564999909829957,-9.056499990982996,28.943500009017004,-13.684964301793121,5,TRAILING_STOP,Candlestick Patterns
2024-10-14 05:30:00,2024-10-14 05:45:00,2024-10-14 06:45:00,LONG,63949.41,23.54223127312622,15.54223127312622,43.54223127312622,-23.0682347186634,4,TRAILING_STOP,Candlestick Patterns
2024-10-14 13:00:00,2024-10-14 13:15:00,2024-10-14 13:45:00,LONG,64831.3,51.061354623460744,43.061354623460744,71.06135462346074,-26.336044472346728,2,TRAILING_STOP,Candlestick Patterns
2024-10-14 16:30:00,2024-10-14 16:45:00,2024-10-14 17:45:00,LONG,65790.0,-11.488068095455237,-19.488068095455237,8.511931904544763,-50.31159750721994,4,TRAILING_STOP,Candlestick Patterns
2024-10-14 20:00:00,2024-10-14 20:15:00,2024-10-14 21:15:00,LONG,65986.13,-10.320693151728198,-18.3206931517282,9.679306848271802,-31.37932168472339,4,TRAILING_STOP,Candlestick Patterns
2024-10-14 23:00:00,2024-10-14 23:15:00,2024-10-15 00:15:00,SHORT,66134.01,2.288984139929461,-5.711015860070539,32.28898413992946,-29.63528145352221,4,TRAILING_STOP,Candlestick Patterns
2024-10-15 01:45:00,2024-10-15 02:00:00,2024-10-15 04:15:00,SHORT,65866.48,52.6642018823529,44.6642018823529,82.6642018823529,-9.340107441600656,9,TRAILING_STOP,Candlestick Patterns
2024-10-15 06:15:00,2024-10-15 06:30:00,2024-10-15 07:45:00,LONG,65472.11,37.106758893214135,29.106758893214135,57.106758893214135,-17.940463504230905,5,TRAILING_STOP,Candlestick Patterns
2024-10-15 09:45:00,2024-10-15 10:00:00,2024-10-15 11:15:00,SHORT,65637.99,15.869777548033042,7.869777548033042,45.86977754803304,-17.064812618423378,5,TRAILING_STOP,Candlestick Patterns
2024-10-15 18:00:00,2024-10-15 18:15:00,2024-10-15 18:45:00,LONG,67108.9,-10.5973723306438,-18.5973723306438,9.4026276693562,-30.95863588883066,2,TRAILING_STOP,Candlestick Patterns
2024-10-15 22:30:00,2024-10-15 22:45:00,2024-10-15 23:30:00,SHORT,66786.45,-13.321467153891334,-21.321467153891334,16.678532846108666,-55.40345384430586,3,TRAILING_STOP,Candlestick Patterns
2024-10-16 02:45:00,2024-10-16 03:00:00,2024-10-16 05:15:00,SHORT,67280.01,28.703915174803313,20.703915174803313,58.70391517480331,0.0,9,TRAILING_STOP,Candlestick Patterns
2024-10-16 07:45:00,2024-10-16 08:00:00,2024-10-16 08:45:00,LONG,66972.53,24.43911555976687,16.43911555976687,44.43911555976687,0.0,3,TRAILING_STOP,Candlestick Patterns
2024-10-16 11:00:00,2024-10-16 11:15:00,2024-10-16 11:45:00,LONG,67793.99,72.93006651474485,64.93006651474485,92.93006651474485,0.0,2,TRAILING_STOP,Candlestick Patterns
2024-10-16 14:15:00,2024-10-16 14:30:00,2024-10-16 14:45:00,SHORT,67748.0,21.366830017122282,13.366830017122282,51.36683001712228,-18.382830489459998,1,TRAILING_STOP,Candlestick Patterns
2024-10-16 17:00:00,2024-10-16 17:15:00,2024-10-16 17:45:00,LONG,67795.99,24.84188519114401,16.84188519114401,44.84188519114401,0.0,2,TRAILING_STOP,Candlestick Patterns
2024-10-16 20:45:00,2024-10-16 21:00:00,2024-10-16 22:30:00,SHORT,67630.01,-10.776285557255608,-18.77628555725561,19.22371444274439,-34.00709241356097,6,TRAILING_STOP,Candlestick Patterns
2024-10-16 23:30:00,2024-10-16 23:45:00,2024-10-17 00:30:00,SHORT,67657.99,-18.472906156389627,-26.472906156389627,11.527093843610375,-41.593018060393,3,TRAILING_STOP,Candlestick Patterns
2024-10-17 16:00:00,2024-10-17 16:15:00,2024-10-17 16:30:00,SHORT,67310.8,-2.052033254691686,-10.052033254691686,27.947966745308314,-10.885325980378196,1,TRAILING_STOP,Candlestick Patterns
2024-10-17 21:30:00,2024-10-17 21:45:00,2024-10-18 00:15:00,SHORT,67014.0,-53.42316530874068,-61.42316530874068,0.0,-69.53770853851434,10,TIME_EXIT,Candlestick Patterns
2024-10-18 00:30:00,2024-10-18 00:45:00,2024-10-18 01:00:00,SHORT,67264.0,-19.59324452901998,-27.59324452901998,10.40675547098002,-49.952426260704094,1,TRAILING_STOP,Candlestick Patterns
2024-10-18 04:45:00,2024-10-18 05:00:00,2024-10-18 07:30:00,SHORT,67742.71,-35.55659346961397,-43.55659346961397,0.0,-93.92006903768548,10,TIME_EXIT,Candlestick Patterns
2024-10-18 13:45:00,2024-10-18 14:00:00,2024-10-18 14:45:00,LONG,68195.99,39.242486251756844,31.242486251756844,59.242486251756844,-38.09754796433224,3,TRAILING_STOP,Candlestick Patterns
2024-10-18 17:00:00,2024-10-18 17:15:00,2024-10-18 19:00:00,LONG,68869.99,-1.1224017892270979,-9.122401789227098,18.877598210772902,-45.01089661839724,7,TRAILING_STOP,Candlestick Patterns
2024-10-18 20:15:00,2024-10-18 20:30:00,2024-10-18 23:00:00,SHORT,68547.55,31.149180386462255,23.149180386462255,50.10390597475724,0.0,10,TIME_EXIT,Candlestick Patterns
2024-10-18 23:00:00,2024-10-18 23:15:00,2024-10-19 00:30:00,LONG,68334.02,1.362712160062575,-6.637287839937425,21.362712160062575,-4.5350763792332485,5,TRAILING_STOP,Candlestick Patterns
2024-10-19 02:45:00,2024-10-19 03:00:00,2024-10-19 03:15:00,LONG,68459.58,14.13401017067195,6.134010170671949,34.13401017067195,0.0,1,TRAILING_STOP,Candlestick Patterns
2024-10-19 06:00:00,2024-10-19 06:15:00,2024-10-19 08:45:00,LONG,68400.0,1.4605263157902395,-6.53947368420976,11.06725146198788,-14.2821637426904,10,TIME_EXIT,Candlestick Patterns
2024-10-19 10:45:00,2024-10-19 11:00:00,2024-10-19 13:30:00,SHORT,68244.01,18.010371899305,10.010371899305,22.86061443341251,-7.8058132867637875,10,TIME_EXIT,Candlestick Patterns
2024-10-19 13:45:00,2024-10-19 14:00:00,2024-10-19 16:30:00,SHORT,68114.71,0.177641510916864,-7.822358489083136,3.921326245095428,-34.54319925901374,10,TIME_EXIT,Candlestick Patterns
2024-10-19 16:45:00,2024-10-19 17:00:00,2024-10-19 19:30:00,SHORT,68042.0,-21.751271273625115,-29.751271273625115,0.0,-29.45680609035493,10,TIME_EXIT,Candlestick Patterns
2024-10-19 19:45:00,2024-10-19 20:00:00,2024-10-19 22:30:00,LONG,68181.98,30.040195371270677,22.040195371270677,33.44285396229386,0.0,10,TIME_EXIT,Candlestick Patterns
2024-10-19 23:00:00,2024-10-19 23:15:00,2024-10-20 00:30:00,LONG,68340.0,-4.489318115305823,-12.489318115305823,15.510681884694177,-12.963125548726444,5,TRAILING_STOP,Candlestick Patterns
2024-10-20 01:45:00,2024-10-20 02:00:00,2024-10-20 04:30:00,SHORT,68158.0,-14.084920332169371,-22.08492033216937,8.509639367352328,-23.181431380028755,10,TIME_EXIT,Candlestick Patterns
2024-10-20 06:00:00,2024-10-20 06:15:00,2024-10-20 08:45:00,LONG,68215.99,26.095054839780932,18.095054839780932,41.6339336275842,-1.611059225264522,10,TIME_EXIT,Candlestick Patterns
2024-10-20 08:45:00,2024-10-20 09:00:00,2024-10-20 11:30:00,LONG,68393.99,7.120508687970549,-0.879491312029451,9.402872971732993,-2.9213093138754553,10,TIME_EXIT,Candlestick Patterns
2024-10-20 11:30:00,2024-10-20 11:45:00,2024-10-20 14:15:00,LONG,68442.69,31.167682041718763,23.167682041718763,47.09195386680413,-35.718935068157194,10,TIME_EXIT,Candlestick Patterns
2024-10-20 15:15:00,2024-10-20 15:30:00,2024-10-20 16:45:00,LONG,68479.99,6.286510847912616,-1.7134891520873836,26.286510847912616,0.0,5,TRAILING_STOP,Candlestick Patterns
2024-10-20 19:00:00,2024-10-20 19:15:00,2024-10-20 21:00:00,LONG,68591.99,24.90466015055034,16.90466015055034,44.90466015055034,-18.961397679235173,7,TRAILING_STOP,Candlestick Patterns
2024-10-20 22:30:00,2024-10-20 22:45:00,2024-10-20 23:30:00,LONG,69176.0,-17.08569446050603,-25.08569446050603,2.9143055394939705,-33.96553718052596,3,TRAILING_STOP,Candlestick Patterns
2024-10-21 04:00:00,2024-10-21 04:15:00,2024-10-21 04:45:00,SHORT,68857.45,-21.039459056355255,-29.039459056355255,8.960540943644746,-26.3660649646484,2,TRAILING_STOP,Candlestick Patterns
2024-10-21 08:00:00,2024-10-21 08:15:00,2024-10-21 10:45:00,LONG,68616.62,-48.840936787616485,-56.840936787616485,0.0,-72.52033108013782,10,TIME_EXIT,Candlestick Patterns
2024-10-21 12:15:00,2024-10-21 12:30:00,2024-10-21 15:00:00,LONG,68292.05,-184.51049573120113,-192.51049573120113,0.0,-212.5254696556927,10,TIME_EXIT,Candlestick Patterns
2024-10-21 19:30:00,2024-10-21 19:45:00,2024-10-21 20:00:00,LONG,67592.0,13.464019410581479,5.4640194105814786,33.46401941058148,0.0,1,TRAILING_STOP,Candlestick Patterns
2024-10-21 23:30:00,2024-10-21 23:45:00,2024-10-22 02:15:00,LONG,67524.0,5.337361530714056,-2.6626384692859437,25.31248148806324,-141.07280374385428,10,TIME_EXIT,Candlestick Patterns
2024-10-22 09:45:00,2024-10-22 10:00:00,2024-10-22 11:30:00,LONG,66960.02,64.62512406656899,56.625124066568986,84.62512406656899,-5.787035308531867,6,TRAILING_STOP,Candlestick Patterns
2024-10-22 14:30:00,2024-10-22 14:45:00,2024-10-22 15:00:00,LONG,67452.05,15.772078091028156,7.772078091028156,35.772078091028156,-0.3039195991823689,1,TRAILING_STOP,Candlestick Patterns
2024-10-22 18:15:00,2024-10-22 18:30:00,2024-10-22 18:45:00,LONG,67510.31,-18.401725603095564,-26.401725603095564,1.5982743969044355,-23.153500554211302,1,TRAILING_STOP,Candlestick Patterns
2024-10-23 01:00:00,2024-10-23 01:15:00,2024-10-23 03:45:00,SHORT,67188.17,15.787005361210529,7.787005361210529,44.37834815265816,-29.584077077855234,10,TIME_EXIT,Candlestick Patterns
2024-10-23 04:15:00,2024-10-23 04:30:00,2024-10-23 05:30:00,LONG,67089.99,0.5097660619700868,-7.490233938029913,20.509766061970087,-7.0874954669098775,4,TRAILING_STOP,Candlestick Patterns
2024-10-23 07:30:00,2024-10-23 07:45:00,2024-10-23 08:00:00,SHORT,66829.6,-10.60739552533521,-18.60739552533521,19.39260447466479,-32.6801297628587,1,TRAILING_STOP,Candlestick Patterns
2024-10-23 18:15:00,2024-10-23 18:30:00,2024-10-23 19:00:00,LONG,65626.22,63.02169468239927,55.02169468239927,83.02169468239927,0.0,2,TRAILING_STOP,Candlestick Patterns
2024-10-23 22:00:00,2024-10-23 22:15:00,2024-10-23 23:45:00,LONG,66534.47,21.016333338192098,13.016333338192098,41.0163333381921,-27.48800734416302,6,TRAILING_STOP,Candlestick Patterns
2024-10-24 04:30:00,2024-10-24 04:45:00,2024-10-24 06:45:00,LONG,67328.0,2.5092086501905477,-5.490791349809452,22.509208650190548,-31.223265209125646,8,TRAILING_STOP,Candlestick Patterns
2024-10-24 09:00:00,2024-10-24 09:15:00,2024-10-24 09:30:00,LONG,66926.0,-8.10477243522688,-16.10477243522688,11.89522756477312,-10.752174042973794,1,TRAILING_STOP,Candlestick Patterns
2024-10-24 12:00:00,2024-10-24 12:15:00,2024-10-24 12:45:00,SHORT,67343.02,-20.64194032284206,-28.64194032284206,9.358059677157941,-40.01305554755219,2,TRAILING_STOP,Candlestick Patterns
2024-10-24 15:15:00,2024-10-24 15:30:00,2024-10-24 16:15:00,SHORT,67721.82,24.90254101263259,16.90254101263259,54.90254101263259,-27.936343116588976,3,TRAILING_STOP,Candlestick Patterns
2024-10-24 20:30:00,2024-10-24 20:45:00,2024-10-24 21:15:00,LONG,68166.64,80.24844997494384,72.24844997494384,100.24844997494384,0.0,2,TRAILING_STOP,Candlestick Patterns
2024-10-25 00:15:00,2024-10-25 00:30:00,2024-10-25 02:45:00,SHORT,68150.36,16.127415908001154,8.127415908001154,46.127415908001154,0.0,9,TRAILING_STOP,Candlestick Patterns
2024-10-25 05:15:00,2024-10-25 05:30:00,2024-10-25 06:30:00,LONG,67758.3,-2.7652110516351733,-10.765211051635173,17.234788948364827,-17.0945847224623,4,TRAILING_STOP,Candlestick Patterns
2024-10-25 09:15:00,2024-10-25 09:30:00,2024-10-25 09:45:00,SHORT,67641.64,-16.515702457834198,-24.515702457834198,13.484297542165802,-34.9429729971066,1,TRAILING_STOP,Candlestick Patterns
2024-10-25 12:00:00,2024-10-25 12:15:00,2024-10-25 13:45:00,SHORT,68149.99,30.51064717691149,22.51064717691149,60.51064717691149,-40.73808374733292,6,TRAILING_STOP,Candlestick Patterns
2024-10-25 18:00:00,2024-10-25 18:15:00,2024-10-25 18:30:00,LONG,66971.99,71.66220086934703,63.66220086934703,91.66220086934703,0.0,1,TRAILING_STOP,Candlestick Patterns
2024-10-25 20:45:00,2024-10-25 21:00:00,2024-10-25 22:15:00,LONG,66938.0,47.901640323882404,39.901640323882404,67.9016403238824,0.0,5,TRAILING_STOP,Candlestick Patterns
2024-10-26 00:15:00,2024-10-26 00:30:00,2024-10-26 01:00:00,LONG,66773.99,-7.155178236317836,-15.155178236317836,12.844821763682164,-31.74589387275052,2,TRAILING_STOP,Candlestick Patterns
2024-10-26 04:00:00,2024-10-26 04:15:00,2024-10-26 06:45:00,LONG,66973.98,29.272562269705773,21.272562269705773,39.72288939674903,-11.941951187609863,10,TIME_EXIT,Candlestick Patterns
2024-10-26 08:15:00,2024-10-26 08:30:00,2024-10-26 09:45:00,LONG,67138.0,-1.1820429562994867,-9.182042956299487,18.817957043700513,-12.39983317942149,5,TRAILING_STOP,Candlestick Patterns
2024-10-26 11:15:00,2024-10-26 11:30:00,2024-10-26 14:00:00,SHORT,67052.99,25.798998672543195,17.798998672543195,36.01032556490119,-18.94173548412901,10,TIME_EXIT,Candlestick Patterns
2024-10-26 16:45:00,2024-10-26 17:00:00,2024-10-26 19:30:00,SHORT,66980.0,-16.125709166914714,-24.125709166914714,0.0,-27.47088683189012,10,TIME_EXIT,Candlestick Patterns
2024-10-26 19:45:00,2024-10-26 20:00:00,2024-10-26 20:30:00,LONG,67178.0,21.166751019679502,13.166751019679502,41.1667510196795,0.0,2,TRAILING_STOP,Candlestick Patterns
2024-10-26 22:30:00,2024-10-26 22:45:00,2024-10-27 01:15:00,LONG,67192.21,-31.325059854410274,-39.32505985441027,0.0,-41.44528063595623,10,TIME_EXIT,Candlestick Patterns
2024-10-27 06:45:00,2024-10-27 07:00:00,2024-10-27 09:30:00,LONG,67186.0,-8.01982555889542,-16.01982555889542,11.98017444110458,-12.645491620278987,10,TRAILING_STOP,Candlestick Patterns
2024-10-27 12:00:00,2024-10-27 12:15:00,2024-10-27 13:45:00,LONG,67189.05,67.5053301095941,59.5053301095941,87.5053301095941,0.0,6,TRAILING_STOP,Candlestick Patterns
2024-10-27 15:00:00,2024-10-27 15:15:00,2024-10-27 17:45:00,SHORT,67742.0,-2.612854654423709,-10.612854654423709,11.809512562368988,-38.085678013639985,10,TIME_EXIT,Candlestick Patterns
2024-10-27 18:15:00,2024-10-27 18:30:00,2024-10-27 20:45:00,LONG,67686.46,14.689360324057184,6.6893603240571835,34.68936032405718,-21.507994361058582,9,TRAILING_STOP,Candlestick Patterns
2024-10-27 22:15:00,2024-10-27 22:30:00,2024-10-28 01:00:00,LONG,68300.4,-59.9469402814607,-67.9469402814607,0.0,-71.06839784247153,10,TIME_EXIT,Candlestick Patterns
2024-10-28 01:00:00,2024-10-28 01:15:00,2024-10-28 03:30:00,LONG,67890.95,-5.221888926285203,-13.221888926285203,14.778111073714797,-31.40035601210368,9,TRAILING_STOP,Candlestick Patterns
2024-10-28 04:15:00,2024-10-28 04:30:00,2024-10-28 05:45:00,SHORT,67671.93,-22.030669141549087,-30.030669141549087,7.969330858450914,-43.17447426133891,5,TRAILING_STOP,Candlestick Patterns
2024-10-28 09:15:00,2024-10-28 09:30:00,2024-10-28 12:00:00,SHORT,68297.51,-57.43108350509488,-65.43108350509488,0.0,-82.27825582513951,10,TIME_EXIT,Candlestick Patterns
2024-10-28 12:45:00,2024-10-28 13:00:00,2024-10-28 13:30:00,SHORT,68908.0,-10.989144946885702,-18.989144946885702,19.010855053114298,-44.552156498519764,2,TRAILING_STOP,Candlestick Patterns
2024-10-28 15:45:00,2024-10-28 16:00:00,2024-10-28 18:30:00,SHORT,68494.2,-64.92958527875294,-72.92958527875294,0.0,-108.88513187978003,10,TIME_EXIT,Candlestick Patterns
2024-10-28 21:00:00,2024-10-28 21:15:00,2024-10-28 22:00:00,SHORT,69680.0,-17.082376578645984,-25.082376578645984,12.917623421354014,-84.6727898966705,3,TRAILING_STOP,Candlestick Patterns
2024-10-29 06:30:00,2024-10-29 06:45:00,2024-10-29 07:00:00,LONG,71206.65,-11.513433085251508,-19.513433085251506,8.486566914748492,-36.54433960873053,1,TRAILING_STOP,Candlestick Patterns
2024-10-29 18:30:00,2024-10-29 18:45:00,2024-10-29 20:00:00,SHORT,72934.09,68.9249334570432,60.924933457043196,98.9249334570432,-94.06163839159423,5,TRAILING_STOP,Candlestick Patterns
2024-10-29 22:00:00,2024-10-29 22:15:00,2024-10-29 22:45:00,LONG,72389.15,61.469391476485086,53.469391476485086,81.46939147648509,-3.9577754401031346,2,TRAILING_STOP,Candlestick Patterns
2024-10-30 04:30:00,2024-10-30 04:45:00,2024-10-30 06:15:00,LONG,72335.61,17.932907457336633,9.932907457336633,37.93290745733663,-9.346710423814852,6,TRAILING_STOP,Candlestick Patterns
2024-10-30 16:45:00,2024-10-30 17:00:00,2024-10-30 17:45:00,SHORT,72110.86,35.05122806745011,27.05122806745011,65.05122806745011,0.0,3,TRAILING_STOP,Candlestick Patterns
2024-10-31 01:30:00,2024-10-31 01:45:00,2024-10-31 02:00:00,LONG,72223.98,5.981675338302978,-2.0183246616970223,25.981675338302978,-4.843266737722835,1,TRAILING_STOP,Candlestick Patterns
2024-10-31 04:15:00,2024-10-31 04:30:00,2024-10-31 06:30:00,LONG,72312.0,-10.019637128001127,-18.01963712800113,9.980362871998873,-20.036785042593127,8,TRAILING_STOP,Candlestick Patterns
2024-10-31 11:00:00,2024-10-31 11:15:00,2024-10-31 13:45:00,SHORT,72404.01,151.37421256087816,143.37421256087816,178.72076422286483,0.0,10,TIME_EXIT,Candlestick Patterns
2024-10-31 16:00:00,2024-10-31 16:15:00,2024-10-31 17:15:00,LONG,70670.35,-1.2127716927976842,-9.212771692797684,18.787228307202316,-44.05666591434821,4,TRAILING_STOP,Candlestick Patterns
2024-10-31 19:45:00,2024-10-31 20:00:00,2024-10-31 20:45:00,SHORT,70092.07,27.968041177841116,19.968041177841116,57.968041177841116,-29.585372496488592,3,TRAILING_STOP,Candlestick Patterns
2024-10-31 23:00:00,2024-10-31 23:15:00,2024-10-31 23:30:00,LONG,70496.47,2.453606542284117,-5.546393457715883,22.453606542284117,-4.889606529234891,1,TRAILING_STOP,Candlestick Patterns
2024-11-01 02:45:00,2024-11-01 03:00:00,2024-11-01 03:30:00,LONG,69579.89,-0.6610789410564344,-8.661078941056434,19.338921058943566,-17.903161387577995,2,TRAILING_STOP,Candlestick Patterns
2024-11-01 07:30:00,2024-11-01 07:45:00,2024-11-01 08:15:00,SHORT,69294.61,-21.723743015509314,-29.723743015509314,8.276256984490686,-35.12394398352187,2,TRAILING_STOP,Candlestick Patterns
2024-11-01 11:30:00,2024-11-01 11:45:00,2024-11-01 12:15:00,LONG,70174.0,-8.59976629520905,-16.59976629520905,11.40023370479095,-26.220537521019182,2,TRAILING_STOP,Candlestick Patterns
2024-11-01 17:30:00,2024-11-01 17:45:00,2024-11-01 19:15:00,SHORT,69670.01,91.9850549755907,83.9850549755907,121.9850549755907,0.0,6,TRAILING_STOP,Candlestick Patterns
2024-11-02 01:15:00,2024-11-02 01:30:00,2024-11-02 02:45:00,LONG,69576.57,28.550826808505846,20.550826808505846,48.550826808505846,0.0,5,TRAILING_STOP,Candlestick Patterns
2024-11-02 04:00:00,2024-11-02 04:15:00,2024-11-02 06:45:00,LONG,69578.0,23.98171835925157,15.98171835925157,24.456006208859623,-18.971513984305385,10,TIME_EXIT,Candlestick Patterns
2024-11-02 08:45:00,2024-11-02 09:00:00,2024-11-02 11:15:00,SHORT,69630.95,0.5998984646902628,-7.400101535309737,30.599898464690263,-7.631663793183839,9,TRAILING_STOP,Candlestick Patterns
2024-11-02 11:45:00,2024-11-02 12:00:00,2024-11-02 13:15:00,SHORT,69608.0,1.3053097345137736,-6.694690265486226,31.305309734513774,-14.881910125272455,5,TRAILING_STOP,Candlestick Patterns
2024-11-02 17:00:00,2024-11-02 17:15:00,2024-11-02 19:45:00,LONG,69552.0,-6.038647342995168,-14.03864734299517,1.4377731769036117,-48.45295606165171,10,TIME_EXIT,Candlestick Patterns
2024-11-03 01:45:00,2024-11-03 02:00:00,2024-11-03 02:30:00,SHORT,69010.14,136.05965442179885,128.05965442179885,166.05965442179885,0.0,2,TRAILING_STOP,Candlestick Patterns
2024-11-03 04:30:00,2024-11-03 04:45:00,2024-11-03 06:30:00,SHORT,68551.43,-7.910015881507793,-15.910015881507793,22.089984118492207,-20.79606508573377,7,TRAILING_STOP,Candlestick Patterns
2024-11-03 08:45:00,2024-11-03 09:00:00,2024-11-03 10:15:00,SHORT,68480.01,10.887844496518035,2.887844496518035,40.887844496518035,-12.264893068795587,5,TRAILING_STOP,Candlestick Patterns
2024-11-03 12:45:00,2024-11-03 13:00:00,2024-11-03 15:30:00,SHORT,68486.04,117.0825295198843,109.0825295198843,147.0825295198843,0.0,10,TRAILING_STOP,Candlestick Patterns
2024-11-03 17:00:00,2024-11-03 17:15:00,2024-11-03 18:15:00,LONG,68417.52,-10.575513406508168,-18.57551340650817,9.424486593491832,-20.830921670356375,4,TRAILING_STOP,Candlestick Patterns
2024-11-03 21:00:00,2024-11-03 21:15:00,2024-11-03 23:00:00,SHORT,69044.5,49.90209212898827,41.90209212898827,79.90209212898827,-45.40549935186727,7,TRAILING_STOP,Candlestick Patterns
2024-11-04 01:15:00,2024-11-04 01:30:00,2024-11-04 02:00:00,LONG,68830.0,21.872729914282488,13.872729914282488,41.87272991428249,-10.706087461862898,2,TRAILING_STOP,Candlestick Patterns
2024-11-04 05:45:00,2024-11-04 06:00:00,2024-11-04 06:30:00,LONG,68820.01,27.949716950056427,19.949716950056427,47.94971695005643,0.0,2,TRAILING_STOP,Candlestick Patterns
2024-11-04 10:15:00,2024-11-04 10:30:00,2024-11-04 12:00:00,SHORT,68761.3,-21.085101648746765,-29.085101648746765,8.914898351253235,-39.949797342400025,6,TRAILING_STOP,Candlestick Patterns
2024-11-04 15:30:00,2024-11-04 15:45:00,2024-11-04 16:00:00,LONG,68425.99,36.751827777720386,28.751827777720386,56.751827777720386,0.0,1,TRAILING_STOP,Candlestick Patterns
2024-11-04 18:15:00,2024-11-04 18:30:00,2024-11-04 19:00:00,SHORT,67784.02,-8.753104345241834,-16.753104345241834,21.246895654758166,-46.61570676982509,2,TRAILING_STOP,Candlestick Patterns
2024-11-04 23:30:00,2024-11-04 23:45:00,2024-11-05 01:30:00,SHORT,67736.0,8.291307428840696,0.29130742884069605,38.291307428840696,-65.54860044880122,7,TRAILING_STOP,Candlestick Patterns
2024-11-05 04:15:00,2024-11-05 04:30:00,2024-11-05 05:45:00,SHORT,68390.0,-16.840181313057464,-24.840181313057464,13.159818686942536,-59.49407808159155,5,TRAILING_STOP,Candlestick Patterns
2024-11-05 07:30:00,2024-11-05 07:45:00,2024-11-05 08:15:00,LONG,68918.01,-8.103254867631081,-16.10325486763108,11.896745132368919,-15.382045999296086,2,TRAILING_STOP,Candlestick Patterns
2024-11-05 11:30:00,2024-11-05 11:45:00,2024-11-05 12:30:00,SHORT,68775.98,-14.008951962589856,-22.008951962589855,15.991048037410144,-25.011639238002,3,TRAILING_STOP,Candlestick Patterns
2024-11-05 16:30:00,2024-11-05 16:45:00,2024-11-05 17:00:00,SHORT,70144.01,-20.019104981309912,-28.019104981309912,9.980895018690088,-42.283011763942646,1,TRAILING_STOP,Candlestick Patterns
2024-11-05 20:15:00,2024-11-05 20:30:00,2024-11-05 20:45:00,LONG,69469.5,-1.214777708202881,-9.214777708202881,18.78522229179712,-8.695902518371874,1,TRAILING_STOP,Candlestick Patterns
2024-11-06 01:00:00,2024-11-06 01:15:00,2024-11-06 02:00:00,LONG,71317.99,3.1919043147450132,-4.808095685254987,23.191904314745013,-61.97454527251893,3,TRAILING_STOP,Candlestick Patterns
2024-11-06 06:15:00,2024-11-06 06:30:00,2024-11-06 07:00:00,SHORT,74736.76,41.81874087129279,33.81874087129279,71.81874087129279,-7.123669797835127,2,TRAILING_STOP,Candlestick Patterns
2024-11-06 11:15:00,2024-11-06 11:30:00,2024-11-06 12:00:00,LONG,74289.81,42.96556687922665,34.96556687922665,62.96556687922665,-36.56894532372586,2,TRAILING_STOP,Candlestick Patterns
2024-11-06 16:45:00,2024-11-06 17:00:00,2024-11-06 17:45:00,LONG,74333.99,24.66462785059631,16.66462785059631,44.66462785059631,0.0,3,TRAILING_STOP,Candlestick Patterns
2024-11-06 19:30:00,2024-11-06 19:45:00,2024-11-06 20:15:00,LONG,75472.0,49.95839516642003,41.95839516642003,69.95839516642003,0.0,2,TRAILING_STOP,Candlestick Patterns
2024-11-07 01:30:00,2024-11-07 01:45:00,2024-11-07 03:15:00,SHORT,75396.0,20.931083877128764,12.931083877128764,50.93108387712876,-8.223247917661414,6,TRAILING_STOP,Candlestick Patterns
2024-11-07 12:00:00,2024-11-07 12:15:00,2024-11-07 13:00:00,LONG,74981.98,-1.8596414765248817,-9.859641476524882,18.14035852347512,-13.763306863862104,3,TRAILING_STOP,Candlestick Patterns
2024-11-07 18:00:00,2024-11-07 18:15:00,2024-11-07 19:15:00,SHORT,76044.0,-11.92625322181864,-19.92625322181864,18.07374677818136,-88.76308453000962,4,TRAILING_STOP,Candlestick Patterns
2024-11-07 21:00:00,2024-11-07 21:15:00,2024-11-07 22:30:00,SHORT,76384.2,86.54242631329478,78.54242631329478,116.54242631329478,0.0,5,TRAILING_STOP,Candlestick Patterns
2024-11-08 02:30:00,2024-11-08 02:45:00,2024-11-08 03:00:00,SHORT,75672.0,-14.538534728829685,-22.538534728829685,15.461465271170315,-28.464954012051244,1,TRAILING_STOP,Candlestick Patterns
2024-11-08 05:15:00,2024-11-08 05:30:00,2024-11-08 06:15:00,LONG,75989.99,-9.997366758438217,-17.99736675843822,10.002633241561783,-15.380973204497678,3,TRAILING_STOP,Candlestick Patterns
2024-11-08 12:00:00,2024-11-08 12:15:00,2024-11-08 13:45:00,SHORT,75971.4,-13.505635015282373,-21.505635015282373,16.494364984717627,-40.5823770524187,6,TRAILING_STOP,Candlestick Patterns
2024-11-08 15:45:00,2024-11-08 16:00:00,2024-11-08 18:30:00,LONG,76427.72,54.74774859174116,46.74774859174116,74.74774859174116,-79.24480803561772,10,TRAILING_STOP,Candlestick Patterns
2024-11-08 19:15:00,2024-11-08 19:30:00,2024-11-08 19:45:00,LONG,77000.0,5.972727272727951,-2.0272727272720488,25.97272727272795,-11.688311688311689,1,TRAILING_STOP,Candlestick Patterns
2024-11-08 22:00:00,2024-11-08 22:15:00,2024-11-08 22:45:00,LONG,76512.63,-6.001004017245183,-14.001004017245183,13.998995982754817,-27.394170086691023,2,TRAILING_STOP,Candlestick Patterns
2024-11-09 00:45:00,2024-11-09 01:00:00,2024-11-09 02:45:00,SHORT,76430.0,8.466570718304332,0.4665707183043324,38.46657071830433,-10.72746303807474,7,TRAILING_STOP,Candlestick Patterns
2024-11-09 03:30:00,2024-11-09 03:45:00,2024-11-09 06:15:00,LONG,76329.49,41.077311010462275,33.077311010462275,61.077311010462275,-4.649579081427799,10,TRAILING_STOP,Candlestick Patterns
2024-11-09 13:00:00,2024-11-09 13:15:00,2024-11-09 14:00:00,LONG,76347.99,-0.6438912144250537,-8.643891214425054,19.356108785574946,-7.425211849061426,3,TRAILING_STOP,Candlestick Patterns
2024-11-09 15:45:00,2024-11-09 16:00:00,2024-11-09 17:15:00,SHORT,76319.91,49.304338802286324,41.304338802286324,79.30433880228632,0.0,5,TRAILING_STOP,Candlestick Patterns
2024-11-09 21:30:00,2024-11-09 21:45:00,2024-11-09 23:45:00,LONG,76415.38,43.419170329323144,35.419170329323144,63.419170329323144,-6.560197698422052,8,TRAILING_STOP,Candlestick Patterns
2024-11-10 08:00:00,2024-11-10 08:15:00,2024-11-10 08:30:00,LONG,78971.99,-5.408750621581662,-13.408750621581662,14.591249378418338,-6.5833468296804005,1,TRAILING_STOP,Candlestick Patterns
2024-11-10 11:45:00,2024-11-10 12:00:00,2024-11-10 12:45:00,SHORT,79844.0,42.12188768097863,34.12188768097863,72.12188768097863,0.0,3,TRAILING_STOP,Candlestick Patterns
2024-11-10 16:15:00,2024-11-10 16:30:00,2024-11-10 17:45:00,LONG,79711.32,104.42147489214817,96.42147489214817,124.42147489214817,-10.201813243088559,5,TRAILING_STOP,Candlestick Patterns
2024-11-10 21:45:00,2024-11-10 22:00:00,2024-11-10 22:15:00,LONG,79873.98,183.57317864966842,175.57317864966842,203.57317864966842,0.0,1,TRAILING_STOP,Candlestick Patterns
2024-11-11 01:15:00,2024-11-11 01:30:00,2024-11-11 01:45:00,LONG,80783.98,97.1049012440343,89.1049012440343,117.1049012440343,0.0,1,TRAILING_STOP,Candlestick Patterns
2024-11-11 14:00:00,2024-11-11 14:15:00,2024-11-11 14:30:00,SHORT,81748.08,0.34566683401089904,-7.654333165989101,30.3456668340109,-101.76630448079004,1,TRAILING_STOP,Candlestick Patterns
2024-11-11 18:00:00,2024-11-11 18:15:00,2024-11-11 19:00:00,LONG,84475.01,237.47141077580284,229.47141077580284,257.47141077580284,0.0,3,TRAILING_STOP,Candlestick Patterns
2024-11-12 00:00:00,2024-11-12 00:15:00,2024-11-12 00:30:00,SHORT,87645.43,-8.328590549445902,-16.328590549445902,21.671409450554098,-46.38804327846952,1,TRAILING_STOP,Candlestick Patterns
2024-11-12 02:45:00,2024-11-12 03:00:00,2024-11-12 03:15:00,LONG,87694.53,9.607319863621989,1.6073198636219885,29.60731986362199,-12.848007737768622,1,TRAILING_STOP,Candlestick Patterns
2024-11-12 06:45:00,2024-11-12 07:00:00,2024-11-12 08:30:00,SHORT,89545.46,62.08172027928639,54.08172027928639,92.08172027928639,-44.06030188465094,6,TRAILING_STOP,Candlestick Patterns
2024-11-12 11:15:00,2024-11-12 11:30:00,2024-11-12 11:45:00,LONG,87407.28,7.0824123574147535,-0.9175876425852465,27.082412357414754,-69.47705042417506,1,TRAILING_STOP,Candlestick Patterns
2024-11-12 14:30:00,2024-11-12 14:45:00,2024-11-12 15:15:00,LONG,86344.71,113.03189043080795,105.03189043080795,133.03189043080795,0.0,2,TRAILING_STOP,Candlestick Patterns
2024-11-12 17:30:00,2024-11-12 17:45:00,2024-11-12 18:00:00,SHORT,87575.75,46.33277476927178,38.33277476927178,76.33277476927178,-14.187717490286982,1,TRAILING_STOP,Candlestick Patterns
2024-11-12 21:30:00,2024-11-12 21:45:00,2024-11-12 22:00:00,SHORT,88439.99,63.6216749911443,55.6216749911443,93.6216749911443,0.0,1,TRAILING_STOP,Candlestick Patterns
2024-11-13 00:45:00,2024-11-13 01:00:00,2024-11-13 01:30:00,SHORT,88040.0,7.710131758291688,-0.28986824170831227,37.71013175829169,-59.398000908678135,2,TRAILING_STOP,Candlestick Patterns
2024-11-13 06:30:00,2024-11-13 06:45:00,2024-11-13 08:00:00,LONG,86613.14,81.5042290349944,73.5042290349944,101.5042290349944,-15.363719638843763,5,TRAILING_STOP,Candlestick Patterns
2024-11-13 09:30:00,2024-11-13 09:45:00,2024-11-13 10:00:00,LONG,87418.0,-11.534924157496167,-19.534924157496167,8.465075842503833,-28.11320323045537,1,TRAILING_STOP,Candlestick Patterns
2024-11-13 12:45:00,2024-11-13 13:00:00,2024-11-13 15:30:00,SHORT,87626.95,-499.05194691815797,-507.05194691815797,0.0,-499.05308811958,10,TIME_EXIT,Candlestick Patterns
2024-11-13 15:30:00,2024-11-13 15:45:00,2024-11-13 16:15:00,LONG,92000.0,117.56956521739124,109.56956521739124,137.56956521739124,0.0,2,TRAILING_STOP,Candlestick Patterns
2024-11-13 20:00:00,2024-11-13 20:15:00,2024-11-13 20:30:00,LONG,90741.4,28.778176223863632,20.778176223863632,48.77817622386363,-26.603072026659735,1,TRAILING_STOP,Candlestick Patterns
2024-11-13 23:00:00,2024-11-13 23:15:00,2024-11-14 00:00:00,LONG,89587.98,83.91014508866073,75.91014508866073,103.91014508866073,0.0,3,TRAILING_STOP,Candlestick Patterns
2024-11-14 03:45:00,2024-11-14 04:00:00,2024-11-14 05:00:00,LONG,89937.03,8.388751552058924,0.388751552058924,28.388751552058924,-68.56575094819159,4,TRAILING_STOP,Candlestick Patterns
2024-11-14 11:30:00,2024-11-14 11:45:00,2024-11-14 12:15:00,LONG,91099.99,34.88474806638288,26.884748066382883,54.88474806638288,0.0,2,TRAILING_STOP,Candlestick Patterns
2024-11-14 17:00:00,2024-11-14 17:15:00,2024-11-14 17:30:00,SHORT,88812.85,-4.2323323708218155,-12.232332370821815,25.767667629178185,-39.53819745678628,1,TRAILING_STOP,Candlestick Patterns
2024-11-14 21:45:00,2024-11-14 22:00:00,2024-11-15 00:00:00,LONG,88227.23,-11.38134564578213,-19.38134564578213,8.61865435421787,-176.70508299988444,8,TRAILING_STOP,Candlestick Patterns
2024-11-15 00:30:00,2024-11-15 00:45:00,2024-11-15 01:30:00,SHORT,88046.5,46.44256160097254,38.44256160097254,76.44256160097254,-13.871079486408279,3,TRAILING_STOP,Candlestick Patterns
2024-11-15 06:15:00,2024-11-15 06:30:00,2024-11-15 06:45:00,SHORT,87957.83,-0.07998037241275213,-8.079980372412752,29.920019627587248,-25.564523363070755,1,TRAILING_STOP,Candlestick Patterns
2024-11-15 10:00:00,2024-11-15 10:15:00,2024-11-15 10:30:00,LONG,89136.08,5.002221322723706,-2.997778677276294,25.002221322723706,-6.852444038373882,1,TRAILING_STOP,Candlestick Patterns
2024-11-15 17:45:00,2024-11-15 18:00:00,2024-11-15 18:15:00,SHORT,89484.84,-23.492752515398593,-31.492752515398593,6.507247484601407,-34.96234669470277,1,TRAILING_STOP,Candlestick Patterns
2024-11-16 03:15:00,2024-11-16 03:30:00,2024-11-16 05:00:00,SHORT,91356.0,1.9365996759922446,-6.063400324007755,31.936599675992245,-7.2244844345198995,6,TRAILING_STOP,Candlestick Patterns
2024-11-16 06:15:00,2024-11-16 06:30:00,2024-11-16 06:45:00,LONG,91371.66,-17.430275426757497,-25.430275426757497,2.5697245732425045,-24.28542942089579,1,TRAILING_STOP,Candlestick Patterns
2024-11-16 09:00:00,2024-11-16 09:15:00,2024-11-16 09:45:00,LONG,91390.01,-15.843090508469663,-23.843090508469665,4.156909491530337,-20.88083806971919,2,TRAILING_STOP,Candlestick Patterns
2024-11-16 15:00:00,2024-11-16 15:15:00,2024-11-16 15:45:00,SHORT,90536.83,23.089996634519174,15.089996634519174,53.089996634519174,-2.5580749845122135,2,TRAILING_STOP,Candlestick Patterns
2024-11-16 18:00:00,2024-11-16 18:15:00,2024-11-16 19:00:00,LONG,91108.93,11.511729969829066,3.511729969829066,31.511729969829066,0.0,3,TRAILING_STOP,Candlestick Patterns
2024-11-17 03:00:00,2024-11-17 03:15:00,2024-11-17 05:45:00,SHORT,89776.06,-77.31125647527938,-85.31125647527938,0.0,-123.85707280983397,10,TIME_EXIT,Candlestick Patterns
2024-11-17 05:45:00,2024-11-17 06:00:00,2024-11-17 06:30:00,SHORT,90470.13,-23.321552649476878,-31.321552649476878,6.678447350523124,-33.14464122025696,2,TRAILING_STOP,Candlestick Patterns
2024-11-17 14:15:00,2024-11-17 14:30:00,2024-11-17 16:45:00,SHORT,90095.34,-27.88557321610608,-35.88557321610608,2.1144267838939186,-54.68096352153271,9,TRAILING_STOP,Candlestick Patterns
2024-11-17 22:45:00,2024-11-17 23:00:00,2024-11-18 00:45:00,LONG,89556.0,43.05998481397173,35.05998481397173,63.05998481397173,-23.5606771182277,7,TRAILING_STOP,Candlestick Patterns
2024-11-18 04:45:00,2024-11-18 05:00:00,2024-11-18 07:30:00,SHORT,90441.3,-151.0172896674409,-159.0172896674409,0.0,-205.51451604521353,10,TIME_EXIT,Candlestick Patterns
2024-11-18 08:30:00,2024-11-18 08:45:00,2024-11-18 09:30:00,LONG,91824.04,22.249284610001006,14.249284610001006,42.249284610001006,-18.31328702156744,3,TRAILING_STOP,Candlestick Patterns
2024-11-18 15:00:00,2024-11-18 15:15:00,2024-11-18 15:30:00,LONG,90833.38,137.71955199729388,129.71955199729388,157.71955199729388,-22.391548129112824,1,TRAILING_STOP,Candlestick Patterns
2024-11-18 18:00:00,2024-11-18 18:15:00,2024-11-18 20:15:00,LONG,91471.99,29.419499892807444,21.419499892807444,49.419499892807444,-197.25491923811884,8,TRAILING_STOP,Candlestick Patterns
2024-11-18 22:15:00,2024-11-18 22:30:00,2024-11-18 22:45:00,LONG,91267.32,-4.661541502479675,-12.661541502479675,15.338458497520325,-13.870244026011834,1,TRAILING_STOP,Candlestick Patterns
2024-11-19 01:30:00,2024-11-19 01:45:00,2024-11-19 03:30:00,LONG,91008.0,37.247714486638536,29.247714486638536,57.247714486638536,-33.5432049929681,7,TRAILING_STOP,Candlestick Patterns
2024-11-19 04:45:00,2024-11-19 05:00:00,2024-11-19 05:15:00,LONG,91528.0,-7.763307403199022,-15.763307403199022,12.236692596800978,-30.41036622672805,1,TRAILING_STOP,Candlestick Patterns
2024-11-19 07:30:00,2024-11-19 07:45:00,2024-11-19 08:45:00,SHORT,91776.01,10.967132914145644,2.967132914145644,40.967132914145644,-0.5437150732533741,4,TRAILING_STOP,Candlestick Patterns
2024-11-19 10:30:00,2024-11-19 10:45:00,2024-11-19 11:15:00,LONG,91721.97,-6.816680888995489,-14.816680888995489,13.183319111004511,-21.58370562690718,2,TRAILING_STOP,Candlestick Patterns
2024-11-19 14:00:00,2024-11-19 14:15:00,2024-11-19 14:45:00,LONG,91724.56,51.566437604061804,43.566437604061804,71.5664376040618,-62.221067072984724,2,TRAILING_STOP,Candlestick Patterns
2024-11-19 17:45:00,2024-11-19 18:00:00,2024-11-19 18:45:00,LONG,92853.75,87.93855929351264,79.93855929351264,107.93855929351264,0.0,3,TRAILING_STOP,Candlestick Patterns
2024-11-19 23:00:00,2024-11-19 23:15:00,2024-11-20 00:00:00,LONG,91754.79,52.3548056728155,44.3548056728155,72.3548056728155,0.0,3,TRAILING_STOP,Candlestick Patterns
2024-11-20 02:30:00,2024-11-20 02:45:00,2024-11-20 05:00:00,LONG,91900.0,20.447225244832033,12.447225244832033,40.44722524483203,-43.525571273122964,9,TRAILING_STOP,Candlestick Patterns
2024-11-20 09:30:00,2024-11-20 09:45:00,2024-11-20 10:45:00,LONG,93207.2,13.559639169506532,5.559639169506532,33.55963916950653,-21.159309581234194,4,TRAILING_STOP,Candlestick Patterns
2024-11-20 12:30:00,2024-11-20 12:45:00,2024-11-20 15:15:00,SHORT,93504.01,-111.31073415995775,-119.31073415995775,0.0,-133.25524755569364,10,TIME_EXIT,Candlestick Patterns
2024-11-20 16:00:00,2024-11-20 16:15:00,2024-11-20 16:30:00,SHORT,94316.29,76.0569706463214,68.0569706463214,106.0569706463214,0.0,1,TRAILING_STOP,Candlestick Patterns
2024-11-20 20:15:00,2024-11-20 20:30:00,2024-11-20 20:45:00,LONG,94191.99,16.382074526718014,8.382074526718014,36.382074526718014,-12.216537733198647,1,TRAILING_STOP,Candlestick Patterns
2024-11-20 23:00:00,2024-11-20 23:15:00,2024-11-20 23:45:00,SHORT,94059.1,-9.257722006695175,-17.257722006695175,20.742277993304825,-24.18266813099337,2,TRAILING_STOP,Candlestick Patterns
2024-11-21 05:45:00,2024-11-21 06:00:00,2024-11-21 06:15:00,LONG,97328.01,-14.183585999549297,-22.183585999549297,5.816414000450702,-54.24954234654547,1,TRAILING_STOP,Candlestick Patterns
2024-11-21 09:15:00,2024-11-21 09:30:00,2024-11-21 10:30:00,SHORT,97424.01,-14.415546024024083,-22.41554602402408,15.584453975975917,-27.539412512377893,4,TRAILING_STOP,Candlestick Patterns
2024-11-21 12:00:00,2024-11-21 12:15:00,2024-11-21 13:30:00,SHORT,97886.25,58.50170478489039,50.50170478489039,88.50170478489039,-15.297347686728754,5,TRAILING_STOP,Candlestick Patterns
2024-11-21 15:00:00,2024-11-21 15:15:00,2024-11-21 15:45:00,LONG,96912.0,-18.349017665510978,-26.349017665510978,1.650982334489021,-135.38055142809972,2,TRAILING_STOP,Candlestick Patterns
2024-11-21 22:30:00,2024-11-21 22:45:00,2024-11-21 23:15:00,LONG,98239.13,29.320469348617962,21.320469348617962,49.32046934861796,0.0,2,TRAILING_STOP,Candlestick Patterns
2024-11-22 04:00:00,2024-11-22 04:15:00,2024-11-22 05:15:00,SHORT,98773.96,-4.006306925428522,-12.006306925428522,25.99369307457148,-33.00869986380961,4,TRAILING_STOP,Candlestick Patterns
2024-11-22 07:45:00,2024-11-22 08:00:00,2024-11-22 09:45:00,SHORT,99173.7,52.249628681797404,44.249628681797404,82.2496286817974,0.0,7,TRAILING_STOP,Candlestick Patterns
2024-11-22 12:00:00,2024-11-22 12:15:00,2024-11-22 13:45:00,SHORT,98735.99,110.88986194395892,102.88986194395892,140.88986194395892,-3.3675663757460677,6,TRAILING_STOP,Candlestick Patterns
2024-11-22 14:45:00,2024-11-22 15:00:00,2024-11-22 17:30:00,SHORT,97296.0,-162.67678013484613,-170.67678013484613,0.0,-203.39993422134518,10,TIME_EXIT,Candlestick Patterns
2024-11-22 19:45:00,2024-11-22 20:00:00,2024-11-22 21:45:00,SHORT,99079.74,7.179144797918312,-0.8208552020816882,37.17914479791831,-37.26897143654139,7,TRAILING_STOP,Candlestick Patterns
2024-11-22 23:15:00,2024-11-22 23:30:00,2024-11-23 00:00:00,LONG,98743.79,-3.775182216521525,-11.775182216521525,16.224817783478475,-13.296026008318456,2,TRAILING_STOP,Candlestick Patterns
2024-11-23 03:00:00,2024-11-23 03:15:00,2024-11-23 04:00:00,LONG,98615.73,-1.3143400145185673,-9.314340014518567,18.685659985481433,-9.826018628062094,3,TRAILING_STOP,Candlestick Patterns
2024-11-23 06:30:00,2024-11-23 06:45:00,2024-11-23 09:15:00,LONG,98750.0,-32.20253164556962,-40.20253164556962,0.0,-38.92556962025311,10,TIME_EXIT,Candlestick Patterns
2024-11-23 09:15:00,2024-11-23 09:30:00,2024-11-23 10:15:00,LONG,98432.0,-6.578551690507092,-14.578551690507092,13.421448309492908,-11.152877113133822,3,TRAILING_STOP,Candlestick Patterns
2024-11-23 12:15:00,2024-11-23 12:30:00,2024-11-23 13:45:00,LONG,98515.0,13.769476729431354,5.769476729431354,33.769476729431354,-7.480079175760273,5,TRAILING_STOP,Candlestick Patterns
2024-11-23 15:30:00,2024-11-23 15:45:00,2024-11-23 17:15:00,SHORT,98454.5,83.599683102347,75.599683102347,113.599683102347,-0.5139429888931102,6,TRAILING_STOP,Candlestick Patterns
2024-11-23 20:30:00,2024-11-23 20:45:00,2024-11-23 22:15:00,LONG,97691.54,13.194276597545027,5.194276597545027,33.19427659754503,-15.096496585067236,6,TRAILING_STOP,Candlestick Patterns
2024-11-24 02:15:00,2024-11-24 02:30:00,2024-11-24 05:00:00,LONG,98525.79,-31.438469054650568,-39.43846905465057,0.0,-66.33694589000469,10,TIME_EXIT,Candlestick Patterns
2024-11-24 09:15:00,2024-11-24 09:30:00,2024-11-24 12:00:00,SHORT,97896.02,54.68965949790394,46.68965949790394,70.58713929330365,-12.255860861350229,10,TIME_EXIT,Candlestick Patterns
2024-11-24 12:15:00,2024-11-24 12:30:00,2024-11-24 12:45:00,SHORT,97202.32,52.15236014942937,44.15236014942937,82.15236014942937,0.0,1,TRAILING_STOP,Candlestick Patterns
2024-11-24 16:30:00,2024-11-24 16:45:00,2024-11-24 19:00:00,LONG,96508.0,-14.210842624446125,-22.210842624446123,5.789157375553875,-78.79450408256237,9,TRAILING_STOP,Candlestick Patterns
2024-11-24 20:00:00,2024-11-24 20:15:00,2024-11-24 21:00:00,LONG,96362.41,30.024693238785012,22.024693238785012,50.02469323878501,0.0,3,TRAILING_STOP,Candlestick Patterns
2024-11-25 00:00:00,2024-11-25 00:15:00,2024-11-25 01:30:00,SHORT,97694.5,52.5532655369545,44.5532655369545,82.5532655369545,-36.38894717716965,5,TRAILING_STOP,Candlestick Patterns
2024-11-25 04:45:00,2024-11-25 05:00:00,2024-11-25 06:45:00,LONG,97799.99,38.9979610427363,30.9979610427363,58.9979610427363,0.0,7,TRAILING_STOP,Candlestick Patterns
2024-11-25 08:15:00,2024-11-25 08:30:00,2024-11-25 09:15:00,LONG,98250.83,43.202519510522315,35.202519510522315,63.202519510522315,-6.70019785074607,3,TRAILING_STOP,Candlestick Patterns
2024-11-25 11:30:00,2024-11-25 11:45:00,2024-11-25 13:15:00,SHORT,98108.0,60.28621519142159,52.28621519142159,90.28621519142159,-20.903494108533632,6,TRAILING_STOP,Candlestick Patterns
2024-11-25 14:15:00,2024-11-25 14:30:00,2024-11-25 15:00:00,SHORT,97244.0,249.60593969807906,241.60593969807906,279.60593969807906,0.0,2,TRAILING_STOP,Candlestick Patterns
2024-11-25 17:30:00,2024-11-25 17:45:00,2024-11-25 19:00:00,SHORT,94951.99,-13.992963180655273,-21.992963180655273,16.007036819344727,-100.74565051243174,5,TRAILING_STOP,Candlestick Patterns
2024-11-25 20:30:00,2024-11-25 20:45:00,2024-11-25 22:00:00,SHORT,94829.34,117.45963643741393,109.45963643741393,147.45963643741393,-35.5702148723167,5,TRAILING_STOP,Candlestick Patterns
2024-11-26 00:45:00,2024-11-26 01:00:00,2024-11-26 03:30:00,SHORT,93836.58,-83.34169894086111,-91.34169894086111,0.0,-115.85140890684642,10,TIME_EXIT,Candlestick Patterns
2024-11-26 05:15:00,2024-11-26 05:30:00,2024-11-26 06:30:00,LONG,94403.88,40.324851054849724,32.324851054849724,60.324851054849724,0.0,4,TRAILING_STOP,Candlestick Patterns
2024-11-26 12:15:00,2024-11-26 12:30:00,2024-11-26 12:45:00,SHORT,92224.88,17.71163703330425,9.71163703330425,47.71163703330425,0.0,1,TRAILING_STOP,Candlestick Patterns
2024-11-26 15:15:00,2024-11-26 15:30:00,2024-11-26 15:45:00,LONG,93107.99,13.283931916046534,5.283931916046534,33.283931916046534,-32.64918510215989,1,TRAILING_STOP,Candlestick Patterns
2024-11-26 18:45:00,2024-11-26 19:00:00,2024-11-26 20:30:00,SHORT,92120.0,114.25749023013398,106.25749023013398,144.25749023013398,-33.433564915328404,6,TRAILING_STOP,Candlestick Patterns
2024-11-26 22:30:00,2024-11-26 22:45:00,2024-11-26 23:00:00,SHORT,92033.3,18.38466076952613,10.384660769526128,48.38466076952613,0.0,1,TRAILING_STOP,Candlestick Patterns
2024-11-27 01:15:00,2024-11-27 01:30:00,2024-11-27 02:15:00,SHORT,92382.0,-21.64339373471054,-29.64339373471054,8.35660626528946,-70.94239137494368,3,TRAILING_STOP,Candlestick Patterns
2024-11-27 05:45:00,2024-11-27 06:00:00,2024-11-27 06:15:00,LONG,92768.01,47.39176576063318,39.39176576063318,67.39176576063318,0.0,1,TRAILING_STOP,Candlestick Patterns
2024-11-27 09:30:00,2024-11-27 09:45:00,2024-11-27 11:15:00,LONG,93252.91,47.84667631283595,39.84667631283595,67.84667631283595,0.0,6,TRAILING_STOP,Candlestick Patterns
2024-11-27 15:00:00,2024-11-27 15:15:00,2024-11-27 15:30:00,SHORT,94713.86,-7.477425162483399,-15.4774251624834,22.5225748375166,-93.55969654282904,1,TRAILING_STOP,Candlestick Patterns
2024-11-27 19:00:00,2024-11-27 19:15:00,2024-11-27 20:30:00,LONG,96225.08,82.16982932100495,74.16982932100495,102.16982932100495,-3.0200026853703497,5,TRAILING_STOP,Candlestick Patterns
2024-11-27 21:45:00,2024-11-27 22:00:00,2024-11-27 22:30:00,LONG,96267.87,6.190462092908536,-1.809537907091464,26.190462092908536,-15.774733563752951,2,TRAILING_STOP,Candlestick Patterns
2024-11-28 02:15:00,2024-11-28 02:30:00,2024-11-28 05:00:00,LONG,96297.22,-64.74641739398139,-72.74641739398139,0.0,-153.1383772034133,10,TIME_EXIT,Candlestick Patterns
2024-11-28 05:00:00,2024-11-28 05:15:00,2024-11-28 06:30:00,SHORT,95673.72,33.817942900099105,25.817942900099105,63.817942900099105,-7.972931333703637,5,TRAILING_STOP,Candlestick Patterns
2024-11-28 09:00:00,2024-11-28 09:15:00,2024-11-28 10:15:00,SHORT,95196.51,28.459075863179734,20.459075863179734,58.459075863179734,-22.636334042078353,4,TRAILING_STOP,Candlestick Patterns
2024-11-28 12:15:00,2024-11-28 12:30:00,2024-11-28 13:30:00,SHORT,95360.34,5.15193003716135,-2.8480699628386503,35.15193003716135,-22.972862722595895,4,TRAILING_STOP,Candlestick Patterns
2024-11-28 15:15:00,2024-11-28 15:30:00,2024-11-28 18:00:00,LONG,95454.09,-33.946161971687005,-41.946161971687005,0.0,-66.74308036460214,10,TIME_EXIT,Candlestick Patterns
2024-11-28 18:30:00,2024-11-28 18:45:00,2024-11-28 19:00:00,LONG,95299.99,-5.761803332824297,-13.761803332824297,14.238196667175703,-28.84155601695242,1,TRAILING_STOP,Candlestick Patterns
2024-11-28 21:30:00,2024-11-28 21:45:00,2024-11-28 23:30:00,LONG,95036.0,83.90588829496149,75.90588829496149,103.90588829496149,-2.923102824192815,7,TRAILING_STOP,Candlestick Patterns
2024-11-29 03:00:00,2024-11-29 03:15:00,2024-11-29 05:45:00,SHORT,96671.17,53.51233464951316,45.51233464951316,53.51336908408086,-6.189022021767373,10,TIME_EXIT,Candlestick Patterns
2024-11-29 09:00:00,2024-11-29 09:15:00,2024-11-29 11:45:00,SHORT,95913.75,-138.05736925102016,-146.05736925102016,0.0,-150.59988792013726,10,TIME_EXIT,Candlestick Patterns
2024-11-29 14:15:00,2024-11-29 14:30:00,2024-11-29 15:15:00,LONG,97246.56,121.23173097331232,113.23173097331232,141.23173097331232,0.0,3,TRAILING_STOP,Candlestick Patterns
2024-11-29 18:00:00,2024-11-29 18:15:00,2024-11-29 19:00:00,LONG,97128.0,3.8201136644428573,-4.179886335557143,23.820113664442857,-23.474178403755868,3,TRAILING_STOP,Candlestick Patterns
2024-11-29 21:15:00,2024-11-29 21:30:00,2024-11-29 23:00:00,LONG,97212.02,7.258974764642346,-0.7410252353576539,27.258974764642346,-10.343371118098657,6,TRAILING_STOP,Candlestick Patterns
2024-11-30 01:30:00,2024-11-30 01:45:00,2024-11-30 02:45:00,SHORT,96660.0,6.224912062900287,-1.7750879370997126,36.22491206290029,-4.518932340160667,4,TRAILING_STOP,Candlestick Patterns
2024-11-30 04:15:00,2024-11-30 04:30:00,2024-11-30 07:00:00,SHORT,96611.33,-15.847002623811438,-23.847002623811438,6.322239844954184,-64.45310296421779,10,TIME_EXIT,Candlestick Patterns
2024-11-30 08:30:00,2024-11-30 08:45:00,2024-11-30 09:15:00,LONG,96902.49,-14.736977347021734,-22.736977347021735,5.263022652978266,-24.002479193260264,2,TRAILING_STOP,Candlestick Patterns
2024-11-30 17:00:00,2024-11-30 17:15:00,2024-11-30 19:30:00,SHORT,96831.92,-23.0374198921184,-31.0374198921184,6.962580107881601,-23.812395747187676,9,TRAILING_STOP,Candlestick Patterns
2024-11-30 20:00:00,2024-11-30 20:15:00,2024-11-30 22:45:00,LONG,97040.0,-59.13953009068419,-67.13953009068419,0.0,-71.7230008244023,10,TIME_EXIT,Candlestick Patterns
2024-12-01 01:00:00,2024-12-01 01:15:00,2024-12-01 03:00:00,SHORT,96251.51,27.9346755183363,19.9346755183363,57.9346755183363,-27.77826550461493,7,TRAILING_STOP,Candlestick Patterns
2024-12-01 04:00:00,2024-12-01 04:15:00,2024-12-01 06:45:00,SHORT,96281.42,-4.80258807981906,-12.80258807981906,0.0,-24.31414077607142,10,TIME_EXIT,Candlestick Patterns
2024-12-01 10:30:00,2024-12-01 10:45:00,2024-12-01 12:30:00,LONG,96768.01,18.441422945455344,10.441422945455344,38.44142294545534,0.0,7,TRAILING_STOP,Candlestick Patterns
2024-12-01 16:30:00,2024-12-01 16:45:00,2024-12-01 18:30:00,LONG,97327.21,0.1588024561679191,-7.841197543832081,20.15880245616792,-30.02140922358735,7,TRAILING_STOP,Candlestick Patterns
2024-12-01 19:15:00,2024-12-01 19:30:00,2024-12-01 20:45:00,SHORT,97084.6,-0.6863910445105539,-8.686391044510554,29.313608955489446,-11.886540192779718,5,TRAILING_STOP,Candlestick Patterns
2024-12-02 03:00:00,2024-12-02 03:15:00,2024-12-02 05:45:00,LONG,97585.86,-125.61963382809715,-133.61963382809716,0.0,-154.61871217817833,10,TIME_EXIT,Candlestick Patterns
2024-12-02 15:45:00,2024-12-02 16:00:00,2024-12-02 16:15:00,LONG,97048.01,8.381828746411422,0.38182874641142206,28.381828746411422,-46.591372661839124,1,TRAILING_STOP,Candlestick Patterns
2024-12-02 19:15:00,2024-12-02 19:30:00,2024-12-02 20:15:00,LONG,95463.04,70.59317616535172,62.59317616535172,90.59317616535172,0.0,3,TRAILING_STOP,Candlestick Patterns
2024-12-02 22:30:00,2024-12-02 22:45:00,2024-12-03 00:15:00,LONG,95372.07,51.07741291554122,43.07741291554122,71.07741291554122,-4.6208496890134585,6,TRAILING_STOP,Candlestick Patterns
2024-12-03 01:30:00,2024-12-03 01:45:00,2024-12-03 02:15:00,SHORT,95560.8,-13.17301655071924,-21.17301655071924,16.82698344928076,-27.22873814367367,2,TRAILING_STOP,Candlestick Patterns
2024-12-03 06:30:00,2024-12-03 06:45:00,2024-12-03 09:15:00,SHORT,96128.29,94.25633182489696,86.25633182489696,99.85301933489043,0.0,10,TIME_EXIT,Candlestick Patterns
2024-12-03 10:30:00,2024-12-03 10:45:00,2024-12-03 13:15:00,LONG,95482.62,-98.75409786618685,-106.75409786618685,0.0,-107.51904377990418,10,TIME_EXIT,Candlestick Patterns
2024-12-03 14:30:00,2024-12-03 14:45:00,2024-12-03 15:15:00,LONG,94703.03,143.3495781497172,135.3495781497172,163.3495781497172,0.0,2,TRAILING_STOP,Candlestick Patterns
2024-12-03 18:45:00,2024-12-03 19:00:00,2024-12-03 21:30:00,LONG,95481.15,45.55558872091519,37.55558872091519,58.23034180045017,-56.700196845135416,10,TIME_EXIT,Candlestick Patterns
2024-12-03 22:00:00,2024-12-03 22:15:00,2024-12-03 23:00:00,LONG,96035.59,-9.126947624313209,-17.12694762431321,10.873052375686791,-29.34224697323082,3,TRAILING_STOP,Candlestick Patterns
2024-12-04 07:45:00,2024-12-04 08:00:00,2024-12-04 10:00:00,LONG,96588.81,17.394600885962085,9.394600885962085,37.394600885962085,-6.6684743294801425,8,TRAILING_STOP,Candlestick Patterns
2024-12-04 12:15:00,2024-12-04 12:30:00,2024-12-04 13:15:00,LONG,95904.77,-8.859782469631437,-16.859782469631437,11.140217530368563,-27.0862439897415,3,TRAILING_STOP,Candlestick Patterns
2024-12-04 15:30:00,2024-12-04 15:45:00,2024-12-04 17:15:00,SHORT,95928.03,109.70890468614826,101.70890468614826,139.70890468614826,0.0,6,TRAILING_STOP,Candlestick Patterns
2024-12-04 20:15:00,2024-12-04 20:30:00,2024-12-04 22:00:00,SHORT,98031.61,32.736907003771954,24.736907003771954,62.736907003771954,-98.78344342197373,6,TRAILING_STOP,Candlestick Patterns
2024-12-04 23:00:00,2024-12-04 23:15:00,2024-12-04 23:30:00,LONG,98760.01,4.300321557278625,-3.6996784427213747,24.300321557278625,-6.668691102805739,1,TRAILING_STOP,Candlestick Patterns
2024-12-05 01:45:00,2024-12-05 02:00:00,2024-12-05 04:30:00,SHORT,98179.14,-453.13699019975127,-461.13699019975127,0.0,-601.8447503206894,10,TIME_EXIT,Candlestick Patterns
2024-12-05 05:15:00,2024-12-05 05:30:00,2024-12-05 08:00:00,LONG,103387.57,-74.62889397632684,-82.62889397632684,0.0,-199.58008491736516,10,TIME_EXIT,Candlestick Patterns
2024-12-05 09:45:00,2024-12-05 10:00:00,2024-12-05 10:30:00,LONG,102698.25,-4.638491892510849,-12.63849189251085,15.36150810748915,-24.72291397370395,2,TRAILING_STOP,Candlestick Patterns
2024-12-05 13:30:00,2024-12-05 13:45:00,2024-12-05 14:15:00,SHORT,102890.0,29.286616775196812,21.286616775196812,59.28661677519681,0.0,2,TRAILING_STOP,Candlestick Patterns
2024-12-05 16:15:00,2024-12-05 16:30:00,2024-12-05 17:30:00,SHORT,101272.01,42.93229392800551,34.93229392800551,72.9322939280055,-21.72268527108381,4,TRAILING_STOP,Candlestick Patterns
2024-12-05 21:45:00,2024-12-05 22:00:00,2024-12-05 22:15:00,SHORT,98908.01,820.0838304198006,812.0838304198006,850.0838304198006,0.0,1,TRAILING_STOP,Candlestick Patterns
2024-12-06 01:15:00,2024-12-06 01:30:00,2024-12-06 01:45:00,LONG,97890.94,75.79640363040693,67.79640363040693,95.79640363040693,0.0,1,TRAILING_STOP,Candlestick Patterns
2024-12-06 07:00:00,2024-12-06 07:15:00,2024-12-06 09:45:00,SHORT,97817.26,-18.68177456616606,-26.68177456616606,0.0,-90.77845770777071,10,TIME_EXIT,Candlestick Patterns
2024-12-06 11:45:00,2024-12-06 12:00:00,2024-12-06 12:15:00,LONG,98069.61,11.890613208311933,3.890613208311933,31.890613208311933,-11.770210975653677,1,TRAILING_STOP,Candlestick Patterns
2024-12-06 16:15:00,2024-12-06 16:30:00,2024-12-06 17:00:00,SHORT,99044.05,-8.994195007170756,-16.994195007170756,21.005804992829244,-21.88016342223403,2,TRAILING_STOP,Candlestick Patterns
2024-12-06 21:30:00,2024-12-06 21:45:00,2024-12-06 23:15:00,SHORT,100641.45,127.82960201785627,119.82960201785627,157.82960201785627,-6.549985120444733,6,TRAILING_STOP,Candlestick Patterns
2024-12-07 02:30:00,2024-12-07 02:45:00,2024-12-07 04:00:00,SHORT,100069.18,66.43528606909635,58.43528606909635,96.43528606909635,0.0,5,TRAILING_STOP,Candlestick Patterns
2024-12-07 07:00:00,2024-12-07 07:15:00,2024-12-07 07:30:00,LONG,99293.36,0.22592447269401816,-7.774075527305982,20.225924472694018,-6.5805004483679985,1,TRAILING_STOP,Candlestick Patterns
2024-12-07 10:15:00,2024-12-07 10:30:00,2024-12-07 12:30:00,LONG,99597.59,-4.69742089140877,-12.69742089140877,15.30257910859123,-17.677134557171282,8,TRAILING_STOP,Candlestick Patterns
2024-12-07 13:45:00,2024-12-07 14:00:00,2024-12-07 14:30:00,SHORT,99350.0,1.6044287871167846,-6.395571212883215,31.604428787116785,-23.094111726220667,2,TRAILING_STOP,Candlestick Patterns
2024-12-07 17:45:00,2024-12-07 18:00:00,2024-12-07 20:30:00,LONG,99631.98,60.12828411118669,52.12828411118669,75.15056912449248,-0.80094764753204,10,TIME_EXIT,Candlestick Patterns
2024-12-07 21:00:00,2024-12-07 21:15:00,2024-12-07 22:00:00,SHORT,100256.0,25.458027449728696,17.458027449728696,55.4580274497287,0.0,3,TRAILING_STOP,Candlestick Patterns
2024-12-08 00:15:00,2024-12-08 00:30:00,2024-12-08 01:30:00,LONG,99860.8,6.75724608655219,-1.2427539134478103,26.75724608655219,-19.20573438226092,4,TRAILING_STOP,Candlestick Patterns
2024-12-08 04:45:00,2024-12-08 05:00:00,2024-12-08 06:15:00,SHORT,99756.0,12.102730662817272,4.102730662817272,42.10273066281727,-0.776895625325795,5,TRAILING_STOP,Candlestick Patterns
2024-12-08 08:15:00,2024-12-08 08:30:00,2024-12-08 11:00:00,LONG,99423.99,-2.8172275121939196,-10.81722751219392,1.932129257736674,-77.07294788712544,10,TIME_EXIT,Candlestick Patterns
2024-12-08 11:00:00,2024-12-08 11:15:00,2024-12-08 12:00:00,LONG,99395.98,25.102427683695346,17.102427683695346,45.102427683695346,0.0,3,TRAILING_STOP,Candlestick Patterns
2024-12-08 20:15:00,2024-12-08 20:30:00,2024-12-08 23:00:00,LONG,99996.25,46.17773166493691,38.17773166493691,50.275885345700985,-26.019975749090825,10,TIME_EXIT,Candlestick Patterns
2024-12-09 01:00:00,2024-12-09 01:15:00,2024-12-09 03:45:00,SHORT,99576.0,84.86904474973959,76.86904474973959,114.86904474973959,-26.51241262954929,10,TRAILING_STOP,Candlestick Patterns
2024-12-09 03:45:00,2024-12-09 04:00:00,2024-12-09 06:00:00,LONG,99090.84,26.830766597599023,18.830766597599023,46.83076659759902,-32.62662825342917,8,TRAILING_STOP,Candlestick Patterns
2024-12-09 10:30:00,2024-12-09 10:45:00,2024-12-09 11:00:00,LONG,98527.18,-0.9859573774453843,-8.985957377445384,19.014042622554616,-23.86549579517037,1,TRAILING_STOP,Candlestick Patterns
2024-12-09 13:15:00,2024-12-09 13:30:00,2024-12-09 13:45:00,LONG,99092.95,-8.028411708400581,-16.028411708400583,11.971588291599419,-17.453310250628032,1,TRAILING_STOP,Candlestick Patterns
2024-12-09 20:00:00,2024-12-09 20:15:00,2024-12-09 20:30:00,SHORT,96946.72,7.001767568825549,-0.9982324311744506,37.00176756882555,-21.905846840408355,1,TRAILING_STOP,Candlestick Patterns
2024-12-10 12:00:00,2024-12-10 12:15:00,2024-12-10 12:45:00,SHORT,97512.36,36.48593060408004,28.48593060408004,66.48593060408004,0.0,2,TRAILING_STOP,Candlestick Patterns
2024-12-10 19:45:00,2024-12-10 20:00:00,2024-12-10 20:45:00,LONG,95856.5,67.99611919901102,59.99611919901102,87.99611919901102,0.0,3,TRAILING_STOP,Candlestick Patterns
2024-12-10 22:30:00,2024-12-10 22:45:00,2024-12-11 00:00:00,SHORT,96713.81,2.168105051388274,-5.831894948611726,32.168105051388274,-42.89046207568472,5,TRAILING_STOP,Candlestick Patterns
2024-12-11 01:30:00,2024-12-11 01:45:00,2024-12-11 02:15:00,SHORT,96058.62,9.627885555714727,1.6278855557147267,39.62788555571473,-27.27605289353619,2,TRAILING_STOP,Candlestick Patterns
2024-12-11 08:00:00,2024-12-11 08:15:00,2024-12-11 08:45:00,LONG,97816.0,47.12296556800595,39.12296556800595,67.12296556800595,0.0,2,TRAILING_STOP,Candlestick Patterns
2024-12-11 12:30:00,2024-12-11 12:45:00,2024-12-11 13:15:00,SHORT,98324.01,-4.402996785831558,-12.402996785831558,25.597003214168442,-7.448841844428969,2,TRAILING_STOP,Candlestick Patterns
2024-12-11 16:30:00,2024-12-11 16:45:00,2024-12-11 18:15:00,SHORT,100499.99,58.732347137547904,50.732347137547904,88.7323471375479,-47.968163976931905,6,TRAILING_STOP,Candlestick Patterns
2024-12-11 22:00:00,2024-12-11 22:15:00,2024-12-12 00:45:00,SHORT,101537.36,75.33187784279542,67.33187784279542,96.28475666493537,0.0,10,TIME_EXIT,Candlestick Patterns
2024-12-12 01:00:00,2024-12-12 01:15:00,2024-12-12 02:15:00,SHORT,100711.02,7.673136465106147,-0.3268635348938531,37.67313646510615,-11.863647096414665,4,TRAILING_STOP,Candlestick Patterns
2024-12-12 09:00:00,2024-12-12 09:15:00,2024-12-12 11:45:00,SHORT,101002.83,63.80118260052748,55.80118260052748,81.63236614261153,-3.753360178126048,10,TIME_EXIT,Candlestick Patterns
2024-12-12 14:45:00,2024-12-12 15:00:00,2024-12-12 16:15:00,LONG,101702.04,62.393627502457804,54.393627502457804,82.3936275024578,-98.52014767845235,5,TRAILING_STOP,Candlestick Patterns
2024-12-12 19:00:00,2024-12-12 19:15:00,2024-12-12 20:00:00,SHORT,100772.73,114.9886293643128,106.9886293643128,144.9886293643128,0.0,3,TRAILING_STOP,Candlestick Patterns
2024-12-13 00:45:00,2024-12-13 01:00:00,2024-12-13 02:30:00,SHORT,100083.21,57.74798490176387,49.74798490176387,87.74798490176387,0.0,6,TRAILING_STOP,Candlestick Patterns
2024-12-13 03:30:00,2024-12-13 03:45:00,2024-12-13 05:15:00,LONG,99703.56,26.98327722701199,18.98327722701199,46.98327722701199,-5.171329890326652,6,TRAILING_STOP,Candlestick Patterns
2024-12-13 06:15:00,2024-12-13 06:30:00,2024-12-13 08:00:00,LONG,100023.88,1.4418796791327395,-6.5581203208672605,21.44187967913274,-52.375492732335985,6,TRAILING_STOP,Candlestick Patterns
2024-12-13 09:45:00,2024-12-13 10:00:00,2024-12-13 10:30:00,SHORT,100100.0,-11.369630369629846,-19.369630369629846,18.630369630370154,-20.77922077922078,2,TRAILING_STOP,Candlestick Patterns
2024-12-13 19:15:00,2024-12-13 19:30:00,2024-12-13 20:15:00,SHORT,101281.21,-24.743348741587386,-32.74334874158738,5.256651258412615,-40.542564607985554,3,TRAILING_STOP,Candlestick Patterns
2024-12-13 22:30:00,2024-12-13 22:45:00,2024-12-14 00:30:00,LONG,101367.98,-4.073866323467989,-12.073866323467989,15.926133676532011,-22.50217474985605,7,TRAILING_STOP,Candlestick Patterns
2024-12-14 03:45:00,2024-12-14 04:00:00,2024-12-14 06:15:00,SHORT,102088.0,18.693284225374754,10.693284225374754,48.693284225374754,0.0,9,TRAILING_STOP,Candlestick Patterns
2024-12-14 06:30:00,2024-12-14 06:45:00,2024-12-14 09:15:00,SHORT,101763.19,11.614219247647634,3.6142192476476342,18.14113728156523,-15.80139144616073,10,TIME_EXIT,Candlestick Patterns
2024-12-14 12:30:00,2024-12-14 12:45:00,2024-12-14 15:15:00,LONG,101417.21,15.800079690615693,7.800079690615693,32.067535677621834,-58.257370716469296,10,TIME_EXIT,Candlestick Patterns
2024-12-14 15:30:00,2024-12-14 15:45:00,2024-12-14 17:15:00,LONG,101613.24,-7.751596150266261,-15.751596150266261,12.248403849733739,-37.71555753954949,6,TRAILING_STOP,Candlestick Patterns
2024-12-14 19:00:00,2024-12-14 19:15:00,2024-12-14 21:00:00,SHORT,100978.89,6.5898258537003045,-1.4101741462996955,36.589825853700304,-42.868365853497174,7,TRAILING_STOP,Candlestick Patterns
2024-12-15 03:30:00,2024-12-15 03:45:00,2024-12-15 04:15:00,LONG,101786.93,84.44071748701009,76.44071748701009,104.44071748701009,-5.217762241182246,2,TRAILING_STOP,Candlestick Patterns
2024-12-15 07:30:00,2024-12-15 07:45:00,2024-12-15 10:15:00,SHORT,101540.46,-63.47519008678893,-71.47519008678893,0.0,-89.59581234908674,10,TIME_EXIT,Candlestick Patterns
2024-12-15 10:15:00,2024-12-15 10:30:00,2024-12-15 13:00:00,SHORT,102185.0,-60.18593727063608,-68.18593727063609,0.0,-114.98458677888155,10,TIME_EXIT,Candlestick Patterns
2024-12-15 13:30:00,2024-12-15 13:45:00,2024-12-15 14:30:00,LONG,102691.19,16.0975464399626,8.0975464399626,36.0975464399626,-6.641270784767134,3,TRAILING_STOP,Candlestick Patterns
2024-12-15 19:00:00,2024-12-15 19:15:00,2024-12-15 20:30:00,LONG,103304.41,-10.344071468004126,-18.344071468004124,9.655928531995874,-16.689510157407945,5,TRAILING_STOP,Candlestick Patterns
2024-12-15 22:00:00,2024-12-15 22:15:00,2024-12-15 23:00:00,LONG,102963.87,69.75284242909719,61.752842429097186,89.75284242909719,0.0,3,TRAILING_STOP,Candlestick Patterns
2024-12-16 01:30:00,2024-12-16 01:45:00,2024-12-16 03:00:00,SHORT,105200.01,41.647331592458585,33.647331592458585,71.64733159245858,-41.824140511013766,5,TRAILING_STOP,Candlestick Patterns
2024-12-16 04:45:00,2024-12-16 05:00:00,2024-12-16 06:45:00,LONG,104686.15,45.68299627028033,37.68299627028033,65.68299627028033,-0.6046645138814633,7,TRAILING_STOP,Candlestick Patterns
2024-12-16 11:15:00,2024-12-16 11:30:00,2024-12-16 12:00:00,SHORT,104468.44,53.07963629972825,45.07963629972825,83.07963629972825,0.0,2,TRAILING_STOP,Candlestick Patterns
2024-12-16 16:00:00,2024-12-16 16:15:00,2024-12-16 16:30:00,LONG,106598.66,35.996951556426524,27.996951556426524,55.996951556426524,0.0,1,TRAILING_STOP,Candlestick Patterns
2024-12-16 20:00:00,2024-12-16 20:15:00,2024-12-16 21:45:00,SHORT,106351.0,32.253293339978654,24.253293339978654,62.253293339978654,0.0,6,TRAILING_STOP,Candlestick Patterns
2024-12-17 00:15:00,2024-12-17 00:30:00,2024-12-17 02:45:00,LONG,106135.99,22.828073681698136,14.828073681698136,42.828073681698136,-36.87439105246108,9,TRAILING_STOP,Candlestick Patterns
2024-12-17 05:00:00,2024-12-17 05:15:00,2024-12-17 07:00:00,SHORT,106505.69,-17.11430347054648,-25.11430347054648,12.885696529453519,-46.41160486355214,7,TRAILING_STOP,Candlestick Patterns
2024-12-17 18:15:00,2024-12-17 18:30:00,2024-12-17 19:00:00,SHORT,106998.18,32.03189624346844,24.031896243468438,62.03189624346844,-25.964927627741613,2,TRAILING_STOP,Candlestick Patterns
2024-12-17 21:00:00,2024-12-17 21:15:00,2024-12-17 23:45:00,LONG,106686.14,-51.77804727024468,-59.77804727024468,0.0,-127.91258545861666,10,TIME_EXIT,Candlestick Patterns
2024-12-18 00:30:00,2024-12-18 00:45:00,2024-12-18 01:00:00,LONG,105967.86,32.574431530465496,24.574431530465496,52.574431530465496,0.0,1,TRAILING_STOP,Candlestick Patterns
2024-12-18 04:00:00,2024-12-18 04:15:00,2024-12-18 04:30:00,SHORT,104296.0,38.87033059752949,30.870330597529488,68.87033059752949,0.0,1,TRAILING_STOP,Candlestick Patterns
2024-12-18 06:45:00,2024-12-18 07:00:00,2024-12-18 08:15:00,LONG,103794.65,36.29095526599917,28.290955265999173,56.29095526599917,0.0,5,TRAILING_STOP,Candlestick Patterns
2024-12-18 09:30:00,2024-12-18 09:45:00,2024-12-18 10:30:00,SHORT,104153.79,-13.698144829871904,-21.698144829871904,16.301855170128096,-33.240269029096915,3,TRAILING_STOP,Candlestick Patterns
2024-12-18 13:00:00,2024-12-18 13:15:00,2024-12-18 13:30:00,LONG,105007.39,-14.563239787219118,-22.563239787219118,5.436760212780882,-22.7069732901658,1,TRAILING_STOP,Candlestick Patterns
2024-12-18 16:15:00,2024-12-18 16:30:00,2024-12-18 18:15:00,LONG,103773.12,98.22522055807907,90.22522055807907,118.22522055807907,0.0,7,TRAILING_STOP,Candlestick Patterns
2024-12-18 20:45:00,2024-12-18 21:00:00,2024-12-18 22:15:00,SHORT,100846.68,-10.396974892977358,-18.396974892977358,19.603025107022642,-89.12241830866462,5,TRAILING_STOP,Candlestick Patterns
2024-12-19 00:30:00,2024-12-19 00:45:00,2024-12-19 02:30:00,SHORT,100400.01,129.16432677646097,121.16432677646097,159.16432677646097,-50.1264890312266,7,TRAILING_STOP,Candlestick Patterns
2024-12-19 04:15:00,2024-12-19 04:30:00,2024-12-19 05:15:00,LONG,101041.5,12.877580004255393,4.8775800042553925,32.87758000425539,-40.726830064873816,3,TRAILING_STOP,Candlestick Patterns
2024-12-19 08:45:00,2024-12-19 09:00:00,2024-12-19 10:00:00,SHORT,101640.4,-19.88197606463606,-27.88197606463606,10.11802393536394,-25.54102502548257,4,TRAILING_STOP,Candlestick Patterns
2024-12-19 11:30:00,2024-12-19 11:45:00,2024-12-19 14:00:00,SHORT,102217.16,23.822665391995187,15.822665391995187,53.82266539199519,-33.46307019291114,9,TRAILING_STOP,Candlestick Patterns
2024-12-19 18:15:00,2024-12-19 18:30:00,2024-12-19 19:00:00,LONG,98459.85,41.36613045825195,33.36613045825195,61.36613045825195,-36.547892364248554,2,TRAILING_STOP,Candlestick Patterns
2024-12-19 22:30:00,2024-12-19 22:45:00,2024-12-19 23:00:00,LONG,97773.31,44.0972469889786,36.0972469889786,64.0972469889786,-2.9701357149505934,1,TRAILING_STOP,Candlestick Patterns
2024-12-20 03:15:00,2024-12-20 03:30:00,2024-12-20 04:15:00,SHORT,97512.48,39.02501095244443,31.025010952444433,69.02501095244443,-26.229463141538815,3,TRAILING_STOP,Candlestick Patterns
2024-12-20 06:15:00,2024-12-20 06:30:00,2024-12-20 06:45:00,SHORT,96708.0,-2.8047317698639205,-10.80473176986392,27.19526823013608,-59.2898209041656,1,TRAILING_STOP,Candlestick Patterns
2024-12-20 09:15:00,2024-12-20 09:30:00,2024-12-20 10:15:00,SHORT,95174.13,93.36650726410682,85.36650726410682,123.36650726410682,-9.569827431046834,3,TRAILING_STOP,Candlestick Patterns
2024-12-20 14:00:00,2024-12-20 14:15:00,2024-12-20 14:30:00,LONG,95162.65,92.71649118640553,84.71649118640553,112.71649118640553,-11.447768636118035,1,TRAILING_STOP,Candlestick Patterns
2024-12-20 16:45:00,2024-12-20 17:00:00,2024-12-20 18:30:00,SHORT,96728.0,-17.04511620213406,-25.04511620213406,12.954883797865941,-66.93511702919497,6,TRAILING_STOP,Candlestick Patterns
2024-12-20 20:15:00,2024-12-20 20:30:00,2024-12-20 23:00:00,LONG,97100.0,54.83110195674598,46.83110195674598,58.08444902162719,-175.71163748712704,10,TIME_EXIT,Candlestick Patterns
2024-12-21 00:30:00,2024-12-21 00:45:00,2024-12-21 02:30:00,SHORT,97288.01,-19.729464093263058,-27.729464093263058,10.270535906736942,-39.12815155742195,7,TRAILING_STOP,Candlestick Patterns
2024-12-21 05:30:00,2024-12-21 05:45:00,2024-12-21 06:15:00,LONG,97910.51,74.67625079268922,66.67625079268922,94.67625079268922,0.0,2,TRAILING_STOP,Candlestick Patterns
2024-12-21 09:45:00,2024-12-21 10:00:00,2024-12-21 10:30:00,LONG,98565.82,-11.796344818113823,-19.796344818113823,8.203655181886177,-43.44406610729829,2,TRAILING_STOP,Candlestick Patterns
2024-12-21 13:15:00,2024-12-21 13:30:00,2024-12-21 16:00:00,SHORT,96655.49,-86.73692513482685,-94.73692513482685,0.0,-113.79177737343224,10,TIME_EXIT,Candlestick Patterns
2024-12-21 16:00:00,2024-12-21 16:15:00,2024-12-21 16:30:00,LONG,97493.85,-5.798078545468064,-13.798078545468064,14.201921454531936,-35.473006758889,1,TRAILING_STOP,Candlestick Patterns
2024-12-21 22:45:00,2024-12-21 23:00:00,2024-12-21 23:45:00,SHORT,97147.46,-10.069473766991962,-18.069473766991962,19.930526233008038,-17.066838391862056,3,TRAILING_STOP,Candlestick Patterns
2024-12-22 02:00:00,2024-12-22 02:15:00,2024-12-22 03:30:00,LONG,97123.0,0.2835579625835294,-7.716442037416471,20.28355796258353,-59.06222007145626,5,TRAILING_STOP,Candlestick Patterns
2024-12-22 09:00:00,2024-12-22 09:15:00,2024-12-22 11:45:00,SHORT,96427.01,-69.92542857027343,-77.92542857027343,0.0,-95.88184887201338,10,TIME_EXIT,Candlestick Patterns
2024-12-22 11:45:00,2024-12-22 12:00:00,2024-12-22 13:15:00,SHORT,97101.29,-4.120838147465022,-12.120838147465022,25.879161852534978,-20.464197746498158,5,TRAILING_STOP,Candlestick Patterns
2024-12-22 15:15:00,2024-12-22 15:30:00,2024-12-22 16:00:00,SHORT,95348.3,-4.9161757472342735,-12.916175747234274,25.083824252765726,-18.328591070841824,2,TRAILING_STOP,Candlestick Patterns
2024-12-22 18:15:00,2024-12-22 18:30:00,2024-12-22 21:00:00,LONG,96184.93,-70.1897896063339,-78.1897896063339,0.0,-183.0775361587302,10,TIME_EXIT,Candlestick Patterns
2024-12-22 23:45:00,2024-12-23 00:00:00,2024-12-23 01:15:00,SHORT,95186.28,118.64642257266524,110.64642257266524,148.64642257266524,0.0,5,TRAILING_STOP,Candlestick Patterns
2024-12-23 03:30:00,2024-12-23 03:45:00,2024-12-23 04:15:00,LONG,95630.43,71.97386229466949,63.97386229466949,91.97386229466949,0.0,2,TRAILING_STOP,Candlestick Patterns
2024-12-23 06:30:00,2024-12-23 06:45:00,2024-12-23 07:00:00,SHORT,94960.08,-15.757172908868652,-23.757172908868654,14.242827091131348,-30.530724068471535,1,TRAILING_STOP,Candlestick Patterns
2024-12-23 10:30:00,2024-12-23 10:45:00,2024-12-23 11:00:00,LONG,96098.63,25.816470016273236,17.816470016273236,45.816470016273236,0.0,1,TRAILING_STOP,Candlestick Patterns
2024-12-23 14:30:00,2024-12-23 14:45:00,2024-12-23 15:00:00,SHORT,94290.41,55.63012929946994,47.63012929946994,85.63012929946994,-14.898651941379397,1,TRAILING_STOP,Candlestick Patterns
2024-12-23 19:00:00,2024-12-23 19:15:00,2024-12-23 19:30:00,LONG,93451.78,0.5688966010065464,-7.431103398993454,20.568896601006546,-34.21871686125174,1,TRAILING_STOP,Candlestick Patterns
2024-12-24 02:15:00,2024-12-24 02:30:00,2024-12-24 02:45:00,LONG,93817.23,26.92528227490891,18.92528227490891,46.92528227490891,-2.2629105549157575,1,TRAILING_STOP,Candlestick Patterns
2024-12-24 06:15:00,2024-12-24 06:30:00,2024-12-24 08:00:00,LONG,94407.98,4.120842327100014,-3.8791576728999857,24.120842327100014,-63.2923191450552,6,TRAILING_STOP,Candlestick Patterns
2024-12-24 10:30:00,2024-12-24 10:45:00,2024-12-24 13:15:00,SHORT,93866.89,-95.93585128899062,-103.93585128899062,0.0,-105.97133877557903,10,TIME_EXIT,Candlestick Patterns
2024-12-24 15:30:00,2024-12-24 15:45:00,2024-12-24 16:30:00,LONG,98131.26,27.766634199948648,19.766634199948648,47.76663419994865,-17.04451772044859,3,TRAILING_STOP,Candlestick Patterns
2024-12-24 18:45:00,2024-12-24 19:00:00,2024-12-24 20:00:00,SHORT,98618.66,108.78306600393915,100.78306600393915,138.78306600393915,0.0,4,TRAILING_STOP,Candlestick Patterns
2024-12-24 22:15:00,2024-12-24 22:30:00,2024-12-25 01:00:00,SHORT,98621.61,28.519104484300627,20.519104484300627,37.57898497094101,-40.304553941068825,10,TIME_EXIT,Candlestick Patterns
2024-12-25 02:15:00,2024-12-25 02:30:00,2024-12-25 02:45:00,LONG,98019.74,14.10027408764806,6.10027408764806,34.10027408764806,0.0,1,TRAILING_STOP,Candlestick Patterns
2024-12-25 05:15:00,2024-12-25 05:30:00,2024-12-25 07:00:00,SHORT,98251.29,11.435588275736698,3.4355882757366984,41.4355882757367,-33.649430964214375,6,TRAILING_STOP,Candlestick Patterns
2024-12-25 09:00:00,2024-12-25 09:15:00,2024-12-25 10:00:00,SHORT,98030.96,-27.626260112111105,-35.626260112111105,2.373739887888895,-62.574109240590744,3,TRAILING_STOP,Candlestick Patterns
2024-12-25 16:30:00,2024-12-25 16:45:00,2024-12-25 17:00:00,LONG,98347.07,-4.308632682194556,-12.308632682194556,15.691367317805444,-16.45803987856482,1,TRAILING_STOP,Candlestick Patterns
2024-12-25 21:00:00,2024-12-25 21:15:00,2024-12-25 22:15:00,SHORT,98941.65,26.29984945672461,18.29984945672461,56.29984945672461,0.0,4,TRAILING_STOP,Candlestick Patterns
2024-12-26 04:00:00,2024-12-26 04:15:00,2024-12-26 05:30:00,SHORT,98607.41,23.83266835626266,15.832668356262658,53.83266835626266,0.0,5,TRAILING_STOP,Candlestick Patterns
2024-12-26 07:15:00,2024-12-26 07:30:00,2024-12-26 08:30:00,SHORT,98043.52,217.57781034381577,209.57781034381577,247.57781034381577,-6.16868916987027,4,TRAILING_STOP,Candlestick Patterns
2024-12-26 10:30:00,2024-12-26 10:45:00,2024-12-26 11:30:00,LONG,95589.0,26.710395547604847,18.710395547604847,46.71039554760485,-12.498300013600012,3,TRAILING_STOP,Candlestick Patterns
2024-12-26 13:30:00,2024-12-26 13:45:00,2024-12-26 14:15:00,LONG,95590.45,52.162020369189904,44.162020369189904,72.1620203691899,-0.6747535972471194,2,TRAILING_STOP,Candlestick Patterns
2024-12-26 16:15:00,2024-12-26 16:30:00,2024-12-26 17:30:00,SHORT,95921.16,-4.858519225580309,-12.85851922558031,25.14148077441969,-73.05895800259229,4,TRAILING_STOP,Candlestick Patterns
2024-12-26 22:15:00,2024-12-26 22:30:00,2024-12-26 23:15:00,SHORT,95766.15,11.124134153872454,3.124134153872454,41.124134153872454,-18.16821496948611,3,TRAILING_STOP,Candlestick Patterns
2024-12-27 02:00:00,2024-12-27 02:15:00,2024-12-27 02:30:00,LONG,96271.96,-2.204579609681531,-10.20457960968153,17.79542039031847,-17.466144867104475,1,TRAILING_STOP,Candlestick Patterns
2024-12-27 06:00:00,2024-12-27 06:15:00,2024-12-27 07:45:00,SHORT,96208.21,132.37491582059445,124.37491582059445,162.37491582059445,-41.163846619742614,6,TRAILING_STOP,Candlestick Patterns
2024-12-27 09:00:00,2024-12-27 09:15:00,2024-12-27 11:45:00,LONG,97298.55,-35.57812526497037,-43.57812526497037,0.0,-113.39840110669746,10,TIME_EXIT,Candlestick Patterns
2024-12-27 15:00:00,2024-12-27 15:15:00,2024-12-27 15:45:00,SHORT,95324.0,107.72921824514282,99.72921824514282,137.72921824514282,0.0,2,TRAILING_STOP,Candlestick Patterns
2024-12-27 19:30:00,2024-12-27 19:45:00,2024-12-27 20:00:00,LONG,94535.02,5.748130163825948,-2.251869836174052,25.748130163825948,-22.19600736319744,1,TRAILING_STOP,Candlestick Patterns
2024-12-28 01:15:00,2024-12-28 01:30:00,2024-12-28 02:45:00,LONG,94261.96,17.877421602520634,9.877421602520634,37.877421602520634,0.0,5,TRAILING_STOP,Candlestick Patterns
2024-12-28 04:15:00,2024-12-28 04:30:00,2024-12-28 06:00:00,LONG,94608.56,0.23495548394376797,-7.765044516056232,20.234955483943768,-10.236917251461312,6,TRAILING_STOP,Candlestick Patterns
2024-12-28 08:00:00,2024-12-28 08:15:00,2024-12-28 10:45:00,LONG,94434.67,19.624148631006705,11.624148631006705,29.79731914137037,-5.6525850092984555,10,TIME_EXIT,Candlestick Patterns
2024-12-28 11:45:00,2024-12-28 12:00:00,2024-12-28 13:30:00,LONG,94754.83,-18.15629451290228,-26.15629451290228,1.8437054870977199,-23.741269970090855,6,TRAILING_STOP,Candlestick Patterns
2024-12-28 14:30:00,2024-12-28 14:45:00,2024-12-28 16:30:00,SHORT,94620.01,-4.190448722210885,-12.190448722210885,25.809551277789115,-21.090676274501792,7,TRAILING_STOP,Candlestick Patterns
2024-12-28 18:00:00,2024-12-28 18:15:00,2024-12-28 19:15:00,SHORT,94940.49,-6.266185270372869,-14.266185270372869,23.73381472962713,-16.781038311472,4,TRAILING_STOP,Candlestick Patterns
2024-12-28 22:45:00,2024-12-28 23:00:00,2024-12-29 01:30:00,SHORT,95326.4,40.34034643078816,32.34034643078816,46.82858054012259,-8.560063109485496,10,TIME_EXIT,Candlestick Patterns
2024-12-29 01:30:00,2024-12-29 01:45:00,2024-12-29 02:30:00,SHORT,94941.85,-20.457316768105336,-28.457316768105336,9.542683231894662,-27.19032755312796,3,TRAILING_STOP,Candlestick Patterns
2024-12-29 05:30:00,2024-12-29 05:45:00,2024-12-29 07:45:00,SHORT,95081.0,-18.477193130068294,-26.477193130068294,11.522806869931708,-20.09339405349154,8,TRAILING_STOP,Candlestick Patterns
2024-12-29 09:15:00,2024-12-29 09:30:00,2024-12-29 11:45:00,LONG,95183.44,-9.97619754024403,-17.97619754024403,10.02380245975597,-18.22165704454497,9,TRAILING_STOP,Candlestick Patterns
2024-12-29 13:00:00,2024-12-29 13:15:00,2024-12-29 14:00:00,LONG,94989.68,5.465924298303644,-2.5340757016963558,25.465924298303644,-19.968484997527423,3,TRAILING_STOP,Candlestick Patterns
2024-12-29 18:00:00,2024-12-29 18:15:00,2024-12-29 18:45:00,LONG,93900.0,-17.04898828540933,-25.04898828540933,2.9510117145906714,-31.948881789137378,2,TRAILING_STOP,Candlestick Patterns
2024-12-29 22:30:00,2024-12-29 22:45:00,2024-12-30 00:15:00,LONG,93655.53,6.98292348567206,-1.0170765143279397,26.98292348567206,-68.97724031885728,6,TRAILING_STOP,Candlestick Patterns
2024-12-30 01:30:00,2024-12-30 01:45:00,2024-12-30 02:45:00,SHORT,93783.01,9.377068405033448,1.377068405033448,39.37706840503345,-20.32351062308683,4,TRAILING_STOP,Candlestick Patterns
2024-12-30 05:15:00,2024-12-30 05:30:00,2024-12-30 08:00:00,SHORT,93249.95,-57.65793976297076,-65.65793976297076,0.0,-86.90621281834562,10,TIME_EXIT,Candlestick Patterns
2024-12-30 09:15:00,2024-12-30 09:30:00,2024-12-30 10:30:00,LONG,93902.45,-2.310365703983166,-10.310365703983166,17.689634296016834,-18.26363422892587,4,TRAILING_STOP,Candlestick Patterns
2024-12-30 14:30:00,2024-12-30 14:45:00,2024-12-30 15:30:00,SHORT,92468.16,71.4089606627845,63.408960662784494,101.4089606627845,0.0,3,TRAILING_STOP,Candlestick Patterns
2024-12-30 18:00:00,2024-12-30 18:15:00,2024-12-30 19:00:00,LONG,94424.81,6.550225518060042,-1.4497744819399578,26.550225518060042,-21.478465246580605,3,TRAILING_STOP,Candlestick Patterns
2024-12-31 01:30:00,2024-12-31 01:45:00,2024-12-31 02:30:00,LONG,92455.7,6.686294084626038,-1.313705915373962,26.686294084626038,-16.49330436089832,3,TRAILING_STOP,Candlestick Patterns
2024-12-31 04:30:00,2024-12-31 04:45:00,2024-12-31 05:30:00,SHORT,92556.63,-8.508292706854363,-16.508292706854363,21.491707293145637,-19.924018409052806,3,TRAILING_STOP,Candlestick Patterns
2024-12-31 07:45:00,2024-12-31 08:00:00,2024-12-31 08:30:00,LONG,92860.75,182.55382387068732,174.55382387068732,202.55382387068732,0.0,2,TRAILING_STOP,Candlestick Patterns
2024-12-31 14:15:00,2024-12-31 14:30:00,2024-12-31 14:45:00,LONG,95848.3,-11.644087584235036,-19.644087584235038,8.355912415764964,-35.15137983667924,1,TRAILING_STOP,Candlestick Patterns
2024-12-31 23:30:00,2024-12-31 23:45:00,2025-01-01 00:30:00,SHORT,93490.86,-29.80425894039249,-37.80425894039249,0.19574105960751095,-50.572858138217754,3,TRAILING_STOP,Candlestick Patterns
2025-01-01 02:30:00,2025-01-01 02:45:00,2025-01-01 03:15:00,LONG,93921.86,-1.1492234076281171,-9.149223407628117,18.850776592371883,-16.57015736272734,2,TRAILING_STOP,Candlestick Patterns
2025-01-01 09:45:00,2025-01-01 10:00:00,2025-01-01 10:45:00,LONG,93413.07,-6.759882744460382,-14.759882744460382,13.240117255539618,-13.817124306053422,3,TRAILING_STOP,Candlestick Patterns
2025-01-01 13:30:00,2025-01-01 13:45:00,2025-01-01 14:30:00,SHORT,93776.51,-18.799967070645003,-26.799967070645003,11.200032929354999,-71.90926597716327,3,TRAILING_STOP,Candlestick Patterns
2025-01-01 17:00:00,2025-01-01 17:15:00,2025-01-01 19:45:00,SHORT,93863.12,-81.38979398937641,-89.38979398937641,0.0,-102.3437107140701,10,TIME_EXIT,Candlestick Patterns
2025-01-01 21:15:00,2025-01-01 21:30:00,2025-01-01 22:15:00,LONG,94955.99,-15.647457311539615,-23.647457311539615,4.352542688460385,-28.453181310626906,3,TRAILING_STOP,Candlestick Patterns
2025-01-02 00:15:00,2025-01-02 00:30:00,2025-01-02 00:45:00,LONG,94928.71,27.718967212341838,19.718967212341838,47.71896721234184,0.0,1,TRAILING_STOP,Candlestick Patterns
2025-01-02 03:00:00,2025-01-02 03:15:00,2025-01-02 04:30:00,SHORT,95005.1,-20.384726714670492,-28.384726714670492,9.615273285329506,-101.56296872483625,5,TRAILING_STOP,Candlestick Patterns
2025-01-02 05:45:00,2025-01-02 06:00:00,2025-01-02 07:00:00,SHORT,95596.48,-7.358998992431278,-15.358998992431278,22.641001007568722,-16.01523403372235,4,TRAILING_STOP,Candlestick Patterns
2025-01-02 09:30:00,2025-01-02 09:45:00,2025-01-02 12:15:00,SHORT,96350.0,-42.00518941359638,-50.00518941359638,0.0,-56.564608199273486,10,TIME_EXIT,Candlestick Patterns
2025-01-02 12:45:00,2025-01-02 13:00:00,2025-01-02 13:30:00,LONG,96850.01,-17.803820567493585,-25.803820567493585,2.1961794325064163,-26.10841237910049,2,TRAILING_STOP,Candlestick Patterns
2025-01-02 16:00:00,2025-01-02 16:15:00,2025-01-02 16:45:00,LONG,96652.56,83.1985081409124,75.1985081409124,103.1985081409124,0.0,2,TRAILING_STOP,Candlestick Patterns
2025-01-02 22:00:00,2025-01-02 22:15:00,2025-01-03 00:45:00,SHORT,97000.48,18.006096464676148,10.006096464676148,24.980288757333746,-8.29686615983864,10,TIME_EXIT,Candlestick Patterns
2025-01-03 03:00:00,2025-01-03 03:15:00,2025-01-03 05:45:00,SHORT,96980.0,22.134460713549544,14.134460713549544,40.18560527943918,-11.436378634770417,10,TIME_EXIT,Candlestick Patterns
2025-01-03 06:15:00,2025-01-03 06:30:00,2025-01-03 09:00:00,SHORT,96667.55,34.123136460994466,26.123136460994466,58.71049799027783,-1.4855036669493105,10,TIME_EXIT,Candlestick Patterns
2025-01-03 12:15:00,2025-01-03 12:30:00,2025-01-03 14:45:00,LONG,96893.03,26.382077224750176,18.382077224750176,46.38207722475018,-43.40869513524407,9,TRAILING_STOP,Candlestick Patterns
2025-01-03 16:30:00,2025-01-03 16:45:00,2025-01-03 17:15:00,SHORT,98147.34,1.5556183183356644,-6.444381681664336,31.555618318335664,-11.797568838850665,2,TRAILING_STOP,Candlestick Patterns
2025-01-03 23:00:00,2025-01-03 23:15:00,2025-01-04 01:45:00,SHORT,98277.76,24.192655591661303,16.192655591661303,48.6132366061248,-1.0419447899509755,10,TIME_EXIT,Candlestick Patterns
2025-01-04 04:45:00,2025-01-04 05:00:00,2025-01-04 07:30:00,LONG,98001.0,29.594595973510355,21.594595973510355,35.615963102416664,0.0,10,TIME_EXIT,Candlestick Patterns
2025-01-04 11:00:00,2025-01-04 11:15:00,2025-01-04 13:45:00,LONG,97771.74,20.58979414706107,12.58979414706107,30.34823764003803,-2.2235463948995116,10,TIME_EXIT,Candlestick Patterns
2025-01-04 16:45:00,2025-01-04 17:00:00,2025-01-04 19:30:00,LONG,97704.6,46.056255283783386,38.056255283783386,66.05625528378339,0.0,10,TRAILING_STOP,Candlestick Patterns
2025-01-04 21:00:00,2025-01-04 21:15:00,2025-01-04 23:45:00,SHORT,98548.5,33.283104258309365,25.283104258309365,41.12695779235635,0.0,10,TIME_EXIT,Candlestick Patterns
2025-01-05 01:45:00,2025-01-05 02:00:00,2025-01-05 04:30:00,LONG,98123.53,27.326778806265878,19.326778806265878,40.68646939220348,-5.557280705249682,10,TIME_EXIT,Candlestick Patterns
2025-01-05 07:00:00,2025-01-05 07:15:00,2025-01-05 09:45:00,SHORT,98376.01,73.57586468489602,65.57586468489602,75.02642158388024,0.0,10,TIME_EXIT,Candlestick Patterns
2025-01-05 09:45:00,2025-01-05 10:00:00,2025-01-05 12:30:00,SHORT,97652.21,-12.02737756779873,-20.02737756779873,8.516960343243927,-27.718778714787202,10,TIME_EXIT,Candlestick Patterns
2025-01-05 12:30:00,2025-01-05 12:45:00,2025-01-05 13:45:00,LONG,97769.67,5.497682461238558,-2.5023175387614423,25.497682461238558,-9.153145346609561,4,TRAILING_STOP,Candlestick Patterns
2025-01-06 02:45:00,2025-01-06 03:00:00,2025-01-06 05:30:00,SHORT,98815.39,-92.52708510283647,-100.52708510283647,0.0,-102.30896219708298,10,TIME_EXIT,Candlestick Patterns
2025-01-06 07:15:00,2025-01-06 07:30:00,2025-01-06 08:15:00,LONG,99322.67,10.508644199758635,2.508644199758635,30.508644199758635,-3.9588142364671057,3,TRAILING_STOP,Candlestick Patterns
2025-01-06 12:30:00,2025-01-06 12:45:00,2025-01-06 14:00:00,LONG,99539.01,-13.872754008704202,-21.872754008704202,6.127245991295799,-63.21039359342511,5,TRAILING_STOP,Candlestick Patterns
2025-01-06 18:00:00,2025-01-06 18:15:00,2025-01-06 18:45:00,LONG,101945.76,-9.4208449669701,-17.4208449669701,10.5791550330299,-26.913331167475267,2,TRAILING_STOP,Candlestick Patterns
2025-01-06 21:00:00,2025-01-06 21:15:00,2025-01-06 22:15:00,SHORT,102039.69,13.085195574388699,5.085195574388699,43.0851955743887,-3.001773133572305,4,TRAILING_STOP,Candlestick Patterns
2025-01-07 03:30:00,2025-01-07 03:45:00,2025-01-07 06:15:00,SHORT,101625.01,-20.455594543115385,-28.455594543115385,4.154489136089745,-29.595077038615724,10,TIME_EXIT,Candlestick Patterns
2025-01-07 07:00:00,2025-01-07 07:15:00,2025-01-07 09:45:00,SHORT,101868.01,14.216435562056473,6.216435562056473,24.538616195604604,-12.528957815118275,10,TIME_EXIT,Candlestick Patterns
2025-01-07 14:00:00,2025-01-07 14:15:00,2025-01-07 14:30:00,SHORT,100576.01,6.614099127615027,-1.3859008723849726,36.61409912761503,-27.241088605524368,1,TRAILING_STOP,Candlestick Patterns
2025-01-07 18:15:00,2025-01-07 18:30:00,2025-01-07 19:00:00,SHORT,97061.84,17.582036359499938,9.582036359499938,47.58203635949994,-12.061382722603135,2,TRAILING_STOP,Candlestick Patterns
2025-01-07 22:45:00,2025-01-07 23:00:00,2025-01-07 23:30:00,LONG,97163.99,-19.41747966504989,-27.41747966504989,0.5825203349501127,-37.37907428461947,2,TRAILING_STOP,Candlestick Patterns
2025-01-08 01:45:00,2025-01-08 02:00:00,2025-01-08 02:15:00,LONG,96907.16,8.34259099121298,0.34259099121297965,28.34259099121298,0.0,1,TRAILING_STOP,Candlestick Patterns
2025-01-08 05:00:00,2025-01-08 05:15:00,2025-01-08 06:15:00,LONG,96327.06,14.003944478322381,6.003944478322381,34.00394447832238,-12.681794710645534,4,TRAILING_STOP,Candlestick Patterns
2025-01-08 07:45:00,2025-01-08 08:00:00,2025-01-08 08:30:00,SHORT,95657.09,-27.00074505716175,-35.00074505716175,2.9992549428382493,-49.69626401974016,2,TRAILING_STOP,Candlestick Patterns
2025-01-08 11:00:00,2025-01-08 11:15:00,2025-01-08 11:45:00,SHORT,95741.27,95.0672776745079,87.0672776745079,125.0672776745079,0.0,2,TRAILING_STOP,Candlestick Patterns
2025-01-08 14:00:00,2025-01-08 14:15:00,2025-01-08 14:30:00,SHORT,95290.24,-1.3548837740353683,-9.354883774035368,28.64511622596463,-60.39128456387571,1,TRAILING_STOP,Candlestick Patterns
2025-01-08 18:45:00,2025-01-08 19:00:00,2025-01-08 19:30:00,LONG,94242.62,45.46082865692807,37.46082865692807,65.46082865692807,-20.03339890168465,2,TRAILING_STOP,Candlestick Patterns
2025-01-08 22:45:00,2025-01-08 23:00:00,2025-01-09 01:30:00,LONG,95290.93,-10.409370545547832,-18.40937054554783,9.590629454452168,-50.56724706118264,10,TRAILING_STOP,Candlestick Patterns
2025-01-09 05:15:00,2025-01-09 05:30:00,2025-01-09 06:15:00,LONG,94492.01,-6.599925221189611,-14.599925221189611,13.400074778810389,-22.73737218628234,3,TRAILING_STOP,Candlestick Patterns
2025-01-09 10:15:00,2025-01-09 10:30:00,2025-01-09 10:45:00,SHORT,93300.76,-9.109494928016776,-17.109494928016776,20.890505071983224,-18.139187719371765,1,TRAILING_STOP,Candlestick Patterns
2025-01-09 14:00:00,2025-01-09 14:15:00,2025-01-09 14:30:00,LONG,92399.96,16.476206266755263,8.476206266755263,36.47620626675526,-32.52057684873513,1,TRAILING_STOP,Candlestick Patterns
2025-01-09 17:00:00,2025-01-09 17:15:00,2025-01-09 17:45:00,SHORT,94001.52,148.35030752694257,140.35030752694257,178.35030752694257,0.0,2,TRAILING_STOP,Candlestick Patterns
2025-01-10 04:15:00,2025-01-10 04:30:00,2025-01-10 07:00:00,SHORT,93567.7,-72.61693939254748,-80.61693939254748,0.0,-80.29480258679042,10,TIME_EXIT,Candlestick Patterns
2025-01-10 10:00:00,2025-01-10 10:15:00,2025-01-10 11:00:00,LONG,94958.48,15.270151754745683,7.270151754745683,35.27015175474568,-21.15766806713723,3,TRAILING_STOP,Candlestick Patterns
2025-01-10 14:30:00,2025-01-10 14:45:00,2025-01-10 15:30:00,LONG,94295.21,-9.14472962094251,-17.14472962094251,10.85527037905749,-221.55844395489464,3,TRAILING_STOP,Candlestick Patterns
2025-01-10 17:15:00,2025-01-10 17:30:00,2025-01-10 18:00:00,LONG,94363.63,136.0315134125293,128.0315134125293,156.0315134125293,-9.911657701171398,2,TRAILING_STOP,Candlestick Patterns
2025-01-10 21:00:00,2025-01-10 21:15:00,2025-01-10 21:30:00,LONG,94812.86,-8.378158827821212,-16.37815882782121,11.621841172178788,-13.198631493660185,1,TRAILING_STOP,Candlestick Patterns
2025-01-11 04:00:00,2025-01-11 04:15:00,2025-01-11 05:00:00,SHORT,94163.54,5.2376301910482255,-2.7623698089517745,35.237630191048225,-5.156985389463079,3,TRAILING_STOP,Candlestick Patterns
2025-01-11 09:45:00,2025-01-11 10:00:00,2025-01-11 12:00:00,LONG,94329.46,28.999538426276565,20.999538426276565,48.999538426276565,-3.12203631824158,8,TRAILING_STOP,Candlestick Patterns
2025-01-11 12:30:00,2025-01-11 12:45:00,2025-01-11 15:15:00,LONG,94611.6,-16.253102156606897,-24.253102156606897,3.746897843393103,-32.168359905128526,10,TRAILING_STOP,Candlestick Patterns
2025-01-11 17:45:00,2025-01-11 18:00:00,2025-01-11 20:30:00,LONG,94151.51,35.48323335440948,27.483233354409478,36.93833481799696,-7.102382107307184,10,TIME_EXIT,Candlestick Patterns
2025-01-11 23:30:00,2025-01-11 23:45:00,2025-01-12 02:15:00,SHORT,94640.29,10.021102006343863,2.021102006343863,36.27419146750167,-1.5775522243230202,10,TIME_EXIT,Candlestick Patterns
2025-01-12 02:15:00,2025-01-12 02:30:00,2025-01-12 03:15:00,LONG,94545.45,-3.759133834573433,-11.759133834573433,16.240866165426567,-11.93076980436424,3,TRAILING_STOP,Candlestick Patterns
2025-01-12 10:30:00,2025-01-12 10:45:00,2025-01-12 12:45:00,LONG,93971.31,46.902334340130224,38.902334340130224,66.90233434013022,0.0,8,TRAILING_STOP,Candlestick Patterns
2025-01-12 13:30:00,2025-01-12 13:45:00,2025-01-12 16:15:00,SHORT,94533.33,-36.88328761929769,-44.88328761929769,0.0,-96.97849425171039,10,TIME_EXIT,Candlestick Patterns
2025-01-12 18:00:00,2025-01-12 18:15:00,2025-01-12 20:45:00,SHORT,95191.32,52.90713481019116,44.90713481019116,64.37351640885045,0.0,10,TIME_EXIT,Candlestick Patterns
2025-01-12 20:45:00,2025-01-12 21:00:00,2025-01-12 23:30:00,LONG,94687.69,-25.733017671040816,-33.73301767104081,0.0,-93.74925082658605,10,TIME_EXIT,Candlestick Patterns
2025-01-13 03:45:00,2025-01-13 04:00:00,2025-01-13 04:30:00,LONG,94269.23,48.293758207211724,40.293758207211724,68.29375820721172,0.0,2,TRAILING_STOP,Candlestick Patterns
2025-01-13 11:45:00,2025-01-13 12:00:00,2025-01-13 12:30:00,SHORT,90851.23,30.673917128034034,22.673917128034034,60.673917128034034,-29.58352902872136,2,TRAILING_STOP,Candlestick Patterns
2025-01-13 18:30:00,2025-01-13 18:45:00,2025-01-13 19:15:00,SHORT,91813.61,-6.734386111165811,-14.734386111165811,23.26561388883419,-56.46112814864805,2,TRAILING_STOP,Candlestick Patterns
2025-01-13 21:15:00,2025-01-13 21:30:00,2025-01-13 21:45:00,LONG,93855.98,45.634603144094186,37.634603144094186,65.63460314409419,0.0,1,TRAILING_STOP,Candlestick Patterns
2025-01-14 04:00:00,2025-01-14 04:15:00,2025-01-14 05:15:00,LONG,95133.33,14.833217758697678,6.833217758697678,34.83321775869768,-31.85844540499126,4,TRAILING_STOP,Candlestick Patterns
2025-01-14 13:30:00,2025-01-14 13:45:00,2025-01-14 14:00:00,SHORT,96296.01,-2.347763941621377,-10.347763941621377,27.652236058378623,-13.507309389039794,1,TRAILING_STOP,Candlestick Patterns
2025-01-14 19:45:00,2025-01-14 20:00:00,2025-01-14 20:15:00,SHORT,96537.23,-20.964107836945814,-28.964107836945814,9.035892163054184,-39.76704117157792,1,TRAILING_STOP,Candlestick Patterns
2025-01-14 23:30:00,2025-01-14 23:45:00,2025-01-15 00:30:00,LONG,96678.5,47.648960213491534,39.648960213491534,67.64896021349153,-18.46325708404661,3,TRAILING_STOP,Candlestick Patterns
2025-01-15 02:45:00,2025-01-15 03:00:00,2025-01-15 03:30:00,SHORT,96824.06,-22.5028964908106,-30.5028964908106,7.497103509189401,-36.44445399211677,2,TRAILING_STOP,Candlestick Patterns
2025-01-15 06:15:00,2025-01-15 06:30:00,2025-01-15 09:00:00,SHORT,96860.0,-48.00846582696622,-56.00846582696622,0.0,-76.4309312409661,10,TIME_EXIT,Candlestick Patterns
2025-01-15 09:45:00,2025-01-15 10:00:00,2025-01-15 12:30:00,SHORT,96816.47,0.5185677602169534,-7.481432239783047,30.518567760216953,-39.03054924435942,10,TRAILING_STOP,Candlestick Patterns
2025-01-15 19:00:00,2025-01-15 19:15:00,2025-01-15 19:45:00,SHORT,99378.42,-26.867529187925843,-34.86752918792584,3.1324708120741565,-61.540523586509195,2,TRAILING_STOP,Candlestick Patterns
2025-01-15 21:45:00,2025-01-15 22:00:00,2025-01-15 23:15:00,SHORT,99671.99,-19.77345591273862,-27.77345591273862,10.226544087261383,-49.13516826542649,5,TRAILING_STOP,Candlestick Patterns
2025-01-16 00:30:00,2025-01-16 00:45:00,2025-01-16 03:15:00,SHORT,99848.2,30.866855887236536,22.866855887236536,37.72927303646948,-35.23348442936407,10,TIME_EXIT,Candlestick Patterns
2025-01-16 03:15:00,2025-01-16 03:30:00,2025-01-16 06:00:00,SHORT,99540.0,6.824392204138338,-1.1756077958616622,21.881655615832596,-15.94333936106059,10,TIME_EXIT,Candlestick Patterns
2025-01-16 10:30:00,2025-01-16 10:45:00,2025-01-16 11:15:00,SHORT,99223.9,22.800786907185568,14.800786907185568,52.80078690718557,-11.019522514234078,2,TRAILING_STOP,Candlestick Patterns
2025-01-16 15:45:00,2025-01-16 16:00:00,2025-01-16 16:30:00,LONG,99296.17,38.12913025749101,30.129130257491013,58.12913025749101,-21.865898755208317,2,TRAILING_STOP,Candlestick Patterns
2025-01-17 00:45:00,2025-01-17 01:00:00,2025-01-17 01:30:00,SHORT,100120.58,-22.950500286754057,-30.950500286754057,7.049499713245943,-154.35587768269002,2,TRAILING_STOP,Candlestick Patterns
2025-01-17 03:30:00,2025-01-17 03:45:00,2025-01-17 04:45:00,SHORT,101041.61,-21.141273382322908,-29.141273382322908,8.85872661767709,-44.45396307521211,4,TRAILING_STOP,Candlestick Patterns
2025-01-17 06:45:00,2025-01-17 07:00:00,2025-01-17 07:30:00,LONG,101409.0,28.36750189825412,20.36750189825412,48.36750189825412,0.0,2,TRAILING_STOP,Candlestick Patterns
2025-01-17 11:15:00,2025-01-17 11:30:00,2025-01-17 12:45:00,LONG,102338.66,40.6808805196394,32.6808805196394,60.6808805196394,-13.94976248467679,5,TRAILING_STOP,Candlestick Patterns
2025-01-17 14:00:00,2025-01-17 14:15:00,2025-01-17 14:45:00,SHORT,102543.05,-4.2898226647247775,-12.289822664724777,25.710177335275223,-83.12801306378132,2,TRAILING_STOP,Candlestick Patterns
2025-01-17 17:30:00,2025-01-17 17:45:00,2025-01-17 18:00:00,SHORT,104259.18,-8.886271693294525,-16.886271693294525,21.113728306705475,-13.986298376795885,1,TRAILING_STOP,Candlestick Patterns
2025-01-18 00:00:00,2025-01-18 00:15:00,2025-01-18 01:00:00,LONG,104360.0,8.446722882329947,0.44672288232994717,28.446722882329947,-14.323495592180521,3,TRAILING_STOP,Candlestick Patterns
2025-01-18 06:15:00,2025-01-18 06:30:00,2025-01-18 08:00:00,SHORT,103182.65,57.718235575456845,49.718235575456845,87.71823557545684,-39.111226548262934,6,TRAILING_STOP,Candlestick Patterns
2025-01-18 09:15:00,2025-01-18 09:30:00,2025-01-18 11:45:00,LONG,103455.17,21.355110624243963,13.355110624243963,41.35511062424396,-60.53056604131057,9,TRAILING_STOP,Candlestick Patterns
2025-01-18 12:15:00,2025-01-18 12:30:00,2025-01-18 13:15:00,SHORT,103609.44,18.43091517529755,10.43091517529755,48.43091517529755,-0.6321817780313175,3,TRAILING_STOP,Candlestick Patterns
2025-01-18 15:45:00,2025-01-18 16:00:00,2025-01-18 17:00:00,SHORT,104568.96,105.12040284229684,97.12040284229684,135.12040284229684,0.0,4,TRAILING_STOP,Candlestick Patterns
2025-01-18 19:30:00,2025-01-18 19:45:00,2025-01-18 20:15:00,LONG,104439.29,-15.336046424673473,-23.336046424673473,4.663953575326528,-60.4322377143692,2,TRAILING_STOP,Candlestick Patterns
2025-01-18 22:30:00,2025-01-18 22:45:00,2025-01-19 01:15:00,SHORT,104156.15,-16.305177370707405,-24.305177370707405,13.694822629292597,-57.01535627036962,10,TRAILING_STOP,Candlestick Patterns
2025-01-19 02:30:00,2025-01-19 02:45:00,2025-01-19 03:45:00,SHORT,105116.54,22.945045565616375,14.945045565616375,52.945045565616375,-6.371024008210426,4,TRAILING_STOP,Candlestick Patterns
2025-01-19 08:30:00,2025-01-19 08:45:00,2025-01-19 09:15:00,SHORT,104726.09,91.78436147095668,83.78436147095668,121.78436147095668,0.0,2,TRAILING_STOP,Candlestick Patterns
2025-01-19 15:45:00,2025-01-19 16:00:00,2025-01-19 16:15:00,SHORT,104936.35,-9.924020608682042,-17.924020608682042,20.075979391317958,-21.217623826252215,1,TRAILING_STOP,Candlestick Patterns
2025-01-19 20:15:00,2025-01-19 20:30:00,2025-01-19 21:00:00,LONG,105894.84,29.822068761801475,21.822068761801475,49.822068761801475,-10.489651809285679,2,TRAILING_STOP,Candlestick Patterns
2025-01-20 00:30:00,2025-01-20 00:45:00,2025-01-20 01:30:00,LONG,100762.71,3.5483940437885018,-4.451605956211498,23.5483940437885,-112.42750418284758,3,TRAILING_STOP,Candlestick Patterns
2025-01-20 03:45:00,2025-01-20 04:00:00,2025-01-20 04:15:00,LONG,101891.94,-2.4686820174388053,-10.468682017438805,17.531317982561195,-29.164230261981807,1,TRAILING_STOP,Candlestick Patterns
2025-01-20 07:15:00,2025-01-20 07:30:00,2025-01-20 09:00:00,LONG,108706.15,24.807032536797756,16.807032536797756,44.807032536797756,-164.03395760037444,6,TRAILING_STOP,Candlestick Patterns
2025-01-20 10:15:00,2025-01-20 10:30:00,2025-01-20 10:45:00,LONG,108501.8,-14.55861561743735,-22.55861561743735,5.4413843825626484,-67.52146047346771,1,TRAILING_STOP,Candlestick Patterns
2025-01-20 15:15:00,2025-01-20 15:30:00,2025-01-20 16:30:00,LONG,107020.14,-17.209870964474483,-25.209870964474483,2.790129035525517,-309.48754131698945,4,TRAILING_STOP,Candlestick Patterns
2025-01-20 19:00:00,2025-01-20 19:15:00,2025-01-20 19:45:00,LONG,103706.7,4.423687187038844,-3.576312812961156,24.423687187038844,-93.81553940102164,2,TRAILING_STOP,Candlestick Patterns
2025-01-21 05:00:00,2025-01-21 05:15:00,2025-01-21 05:30:00,SHORT,102000.01,34.39018976566756,26.390189765667557,64.39018976566756,-5.489215148116675,1,TRAILING_STOP,Candlestick Patterns
2025-01-21 08:45:00,2025-01-21 09:00:00,2025-01-21 09:15:00,LONG,102466.82,-4.939515054727725,-12.939515054727725,15.060484945272275,-38.51881028414879,1,TRAILING_STOP,Candlestick Patterns
2025-01-21 13:00:00,2025-01-21 13:15:00,2025-01-21 13:45:00,LONG,104628.01,-0.34178419335247057,-8.34178419335247,19.65821580664753,-25.613600029283813,2,TRAILING_STOP,Candlestick Patterns
2025-01-21 20:30:00,2025-01-21 20:45:00,2025-01-21 21:15:00,SHORT,106072.0,-1.7173240817557875,-9.717324081755788,28.282675918244212,-32.36763707670278,2,TRAILING_STOP,Candlestick Patterns
2025-01-22 01:00:00,2025-01-22 01:15:00,2025-01-22 01:45:00,SHORT,105821.57,5.208322840041184,-2.791677159958816,35.208322840041184,-6.56198920503521,2,TRAILING_STOP,Candlestick Patterns
2025-01-22 06:15:00,2025-01-22 06:30:00,2025-01-22 07:00:00,SHORT,105515.36,1.1471239827067983,-6.852876017293202,31.1471239827068,-4.6097553948543055,2,TRAILING_STOP,Candlestick Patterns
2025-01-22 15:15:00,2025-01-22 15:30:00,2025-01-22 16:45:00,SHORT,104387.01,70.38509580837687,62.385095808376875,100.38509580837687,-26.532036888498524,5,TRAILING_STOP,Candlestick Patterns
2025-01-22 18:30:00,2025-01-22 18:45:00,2025-01-22 19:00:00,SHORT,104374.93,19.942069422225195,11.942069422225195,49.942069422225195,0.0,1,TRAILING_STOP,Candlestick Patterns
2025-01-22 23:15:00,2025-01-22 23:30:00,2025-01-23 01:15:00,SHORT,103845.01,46.285803236957435,38.285803236957435,76.28580323695743,-6.40281126652164,7,TRAILING_STOP,Candlestick Patterns
2025-01-23 02:15:00,2025-01-23 02:30:00,2025-01-23 03:45:00,LONG,102391.09,40.225943487856554,32.225943487856554,60.225943487856554,-18.922544920656673,5,TRAILING_STOP,Candlestick Patterns
2025-01-23 06:15:00,2025-01-23 06:30:00,2025-01-23 09:00:00,LONG,102857.24,-41.287322117528944,-49.287322117528944,0.0,-77.50937124114988,10,TIME_EXIT,Candlestick Patterns
2025-01-23 12:15:00,2025-01-23 12:30:00,2025-01-23 13:15:00,LONG,101706.58,-12.387906465835519,-20.38790646583552,7.612093534164481,-41.78294069076026,3,TRAILING_STOP,Candlestick Patterns
2025-01-23 15:00:00,2025-01-23 15:15:00,2025-01-23 17:45:00,SHORT,103537.99,-230.81286395457295,-238.81286395457295,0.0,-319.88355192137635,10,TIME_EXIT,Candlestick Patterns
2025-01-23 19:30:00,2025-01-23 19:45:00,2025-01-23 20:00:00,LONG,104782.4,93.62595245003033,85.62595245003033,113.62595245003033,-155.78952190444141,1,TRAILING_STOP,Candlestick Patterns
2025-01-24 00:00:00,2025-01-24 00:15:00,2025-01-24 02:15:00,SHORT,103831.14,49.63699522127993,41.63699522127993,79.63699522127993,-6.631921791478026,8,TRAILING_STOP,Candlestick Patterns
2025-01-24 10:15:00,2025-01-24 10:30:00,2025-01-24 11:30:00,LONG,105270.01,4.4780066041608215,-3.5219933958391785,24.47800660416082,-15.191411115093299,4,TRAILING_STOP,Candlestick Patterns
2025-01-24 13:30:00,2025-01-24 13:45:00,2025-01-24 14:15:00,SHORT,105064.8,-12.41085501519035,-20.41085501519035,17.58914498480965,-24.502021609520316,2,TRAILING_STOP,Candlestick Patterns
2025-01-24 18:30:00,2025-01-24 18:45:00,2025-01-24 19:15:00,SHORT,106641.54,41.84254841030986,33.84254841030986,71.84254841030986,0.0,2,TRAILING_STOP,Candlestick Patterns
2025-01-24 22:30:00,2025-01-24 22:45:00,2025-01-25 01:15:00,LONG,105218.97,-48.17097145125121,-56.17097145125121,0.0,-81.45679434041234,10,TIME_EXIT,Candlestick Patterns
2025-01-25 02:00:00,2025-01-25 02:15:00,2025-01-25 03:00:00,LONG,104699.53,-15.996161587353997,-23.996161587353996,4.003838412646003,-22.16628861657753,3,TRAILING_STOP,Candlestick Patterns
2025-01-25 06:15:00,2025-01-25 06:30:00,2025-01-25 08:30:00,LONG,104367.81,-5.1065189544551775,-13.106518954455177,14.893481045544823,-22.23865768573579,8,TRAILING_STOP,Candlestick Patterns
2025-01-25 09:00:00,2025-01-25 09:15:00,2025-01-25 10:30:00,SHORT,104279.3,-13.389800276756134,-21.389800276756134,16.610199723243866,-17.169275206104526,5,TRAILING_STOP,Candlestick Patterns
2025-01-25 13:15:00,2025-01-25 13:30:00,2025-01-25 15:00:00,SHORT,104725.6,-5.895101102309052,-13.895101102309052,24.104898897690948,-23.217818756826812,6,TRAILING_STOP,Candlestick Patterns
2025-01-25 16:15:00,2025-01-25 16:30:00,2025-01-25 17:15:00,SHORT,104786.49,2.1358220892793724,-5.8641779107206276,32.13582208927937,-6.061850148811122,3,TRAILING_STOP,Candlestick Patterns
2025-01-25 22:00:00,2025-01-25 22:15:00,2025-01-26 00:45:00,SHORT,105081.17,45.794122771947805,37.794122771947805,53.8374287229573,-8.719925748828706,10,TIME_EXIT,Candlestick Patterns
2025-01-26 02:00:00,2025-01-26 02:15:00,2025-01-26 03:45:00,LONG,104599.05,44.4546962902629,36.4546962902629,64.4546962902629,-2.968478203196196,6,TRAILING_STOP,Candlestick Patterns
2025-01-26 05:45:00,2025-01-26 06:00:00,2025-01-26 08:30:00,SHORT,105094.13,10.022443689290899,2.022443689290899,21.96316768595991,-12.106289856531085,10,TIME_EXIT,Candlestick Patterns
2025-01-26 11:15:00,2025-01-26 11:30:00,2025-01-26 14:00:00,SHORT,104700.0,-12.852913085005444,-20.852913085005444,2.044890162369006,-40.698185291308555,10,TIME_EXIT,Candlestick Patterns
2025-01-26 14:00:00,2025-01-26 14:15:00,2025-01-26 16:45:00,SHORT,104834.58,-9.866973283052436,-17.866973283052438,0.0,-24.67124874254272,10,TIME_EXIT,Candlestick Patterns
2025-01-26 17:30:00,2025-01-26 17:45:00,2025-01-26 20:15:00,SHORT,104970.24,-20.054255377523642,-28.054255377523642,6.03504383718717,-27.63830967710423,10,TIME_EXIT,Candlestick Patterns
2025-01-26 20:15:00,2025-01-26 20:30:00,2025-01-26 23:00:00,LONG,105180.75,-174.08984058394682,-182.08984058394682,0.0,-179.9521300237924,10,TIME_EXIT,Candlestick Patterns
2025-01-26 23:15:00,2025-01-26 23:30:00,2025-01-27 00:00:00,LONG,103136.42,-8.01781174874969,-16.01781174874969,11.98218825125031,-79.82631159778505,2,TRAILING_STOP,Candlestick Patterns
2025-01-27 03:00:00,2025-01-27 03:15:00,2025-01-27 03:30:00,LONG,101425.55,18.57410682022337,10.57410682022337,38.57410682022337,-6.370189759878116,1,TRAILING_STOP,Candlestick Patterns
2025-01-27 12:00:00,2025-01-27 12:15:00,2025-01-27 12:45:00,LONG,99037.03,169.14541358924086,161.14541358924086,189.14541358924086,-2.107292595506483,2,TRAILING_STOP,Candlestick Patterns
2025-01-27 17:30:00,2025-01-27 17:45:00,2025-01-27 18:15:00,LONG,99586.0,-3.1412045869901952,-11.141204586990195,16.858795413009805,-53.82885144498199,2,TRAILING_STOP,Candlestick Patterns
2025-01-27 22:45:00,2025-01-27 23:00:00,2025-01-28 01:30:00,SHORT,101637.18,5.821688480534215,-2.178311519465785,16.84226185732357,-123.46072569113065,10,TIME_EXIT,Candlestick Patterns
2025-01-28 04:30:00,2025-01-28 04:45:00,2025-01-28 05:30:00,SHORT,103117.72,-0.4396101853292542,-8.439610185329254,29.560389814670746,-16.06028527395685,3,TRAILING_STOP,Candlestick Patterns
2025-01-28 10:15:00,2025-01-28 10:30:00,2025-01-28 13:00:00,SHORT,102953.9,16.35764162406568,8.357641624065678,46.35764162406568,-3.370440556405502,10,TRAILING_STOP,Candlestick Patterns
2025-01-28 14:00:00,2025-01-28 14:15:00,2025-01-28 16:30:00,SHORT,101962.97,-24.436215422128647,-32.43621542212865,5.563784577871351,-180.16638785629712,9,TRAILING_STOP,Candlestick Patterns
2025-01-28 19:15:00,2025-01-28 19:30:00,2025-01-28 19:45:00,LONG,102237.12,21.36266749298148,13.36266749298148,41.36266749298148,0.0,1,TRAILING_STOP,Candlestick Patterns
2025-01-28 22:00:00,2025-01-28 22:15:00,2025-01-28 23:15:00,LONG,100877.47,34.184546856697125,26.184546856697125,54.184546856697125,-30.67682010661116,4,TRAILING_STOP,Candlestick Patterns
2025-01-29 01:00:00,2025-01-29 01:15:00,2025-01-29 01:45:00,SHORT,101762.49,-0.38496208180343316,-8.384962081803433,29.615037918196567,-11.940549017618846,2,TRAILING_STOP,Candlestick Patterns
2025-01-29 09:45:00,2025-01-29 10:00:00,2025-01-29 12:30:00,SHORT,102334.41,-2.0364606587360505,-10.03646065873605,9.089806644705732,-49.60501555635002,10,TIME_EXIT,Candlestick Patterns
2025-01-29 13:45:00,2025-01-29 14:00:00,2025-01-29 14:30:00,SHORT,101836.23,-20.74690805030823,-28.74690805030823,9.253091949691768,-53.39651713344102,2,TRAILING_STOP,Candlestick Patterns
2025-01-29 19:30:00,2025-01-29 19:45:00,2025-01-29 20:00:00,LONG,103448.45,10.986447839479755,2.986447839479755,30.986447839479755,-56.110072214711494,1,TRAILING_STOP,Candlestick Patterns
2025-01-29 22:30:00,2025-01-29 22:45:00,2025-01-29 23:00:00,SHORT,103485.45,-27.54071707665212,-35.540717076652115,2.4592829233478803,-61.50913002745786,1,TRAILING_STOP,Candlestick Patterns
2025-01-30 03:00:00,2025-01-30 03:15:00,2025-01-30 04:00:00,LONG,104724.1,34.992117382722235,26.992117382722235,54.992117382722235,-4.593021090656861,3,TRAILING_STOP,Candlestick Patterns
2025-01-30 05:45:00,2025-01-30 06:00:00,2025-01-30 06:15:00,LONG,105375.7,-7.63377135335778,-15.63377135335778,12.36622864664222,-15.913536042939912,1,TRAILING_STOP,Candlestick Patterns
2025-01-30 08:45:00,2025-01-30 09:00:00,2025-01-30 11:30:00,SHORT,105060.01,-19.417473879928245,-27.417473879928245,0.0,-45.11611982523181,10,TIME_EXIT,Candlestick Patterns
2025-01-30 17:45:00,2025-01-30 18:00:00,2025-01-30 19:15:00,LONG,105300.01,11.551753888722825,3.551753888722825,31.551753888722825,-51.0370321902152,5,TRAILING_STOP,Candlestick Patterns
2025-01-30 21:15:00,2025-01-30 21:30:00,2025-01-30 22:30:00,SHORT,105006.73,-25.750748547260223,-33.75074854726022,4.2492514527397764,-32.81313492954192,4,TRAILING_STOP,Candlestick Patterns
2025-01-31 02:00:00,2025-01-31 02:15:00,2025-01-31 03:45:00,SHORT,104709.7,44.45442017310724,36.45442017310724,74.45442017310724,0.0,6,TRAILING_STOP,Candlestick Patterns
2025-01-31 05:30:00,2025-01-31 05:45:00,2025-01-31 07:00:00,SHORT,104340.34,-26.012088900611154,-34.012088900611154,3.9879110993888447,-38.79228302303877,5,TRAILING_STOP,Candlestick Patterns
2025-01-31 08:30:00,2025-01-31 08:45:00,2025-01-31 11:15:00,LONG,104233.23,56.62973314748128,48.62973314748128,59.04259131181085,-28.464051243543192,10,TIME_EXIT,Candlestick Patterns
2025-01-31 15:45:00,2025-01-31 16:00:00,2025-01-31 16:45:00,SHORT,105464.0,42.79924903284571,34.79924903284571,72.79924903284571,0.0,3,TRAILING_STOP,Candlestick Patterns
2025-01-31 22:45:00,2025-01-31 23:00:00,2025-01-31 23:45:00,SHORT,102261.29,-13.234125053576275,-21.234125053576275,16.765874946423725,-17.408346794765066,3,TRAILING_STOP,Candlestick Patterns
2025-02-01 01:45:00,2025-02-01 02:00:00,2025-02-01 04:30:00,SHORT,102566.0,13.624592945030749,5.624592945030749,43.62459294503075,-21.226332312852836,10,TRAILING_STOP,Candlestick Patterns
2025-02-01 07:45:00,2025-02-01 08:00:00,2025-02-01 10:00:00,SHORT,102166.49,43.849067340965235,35.849067340965235,73.84906734096523,-3.8319805251207293,8,TRAILING_STOP,Candlestick Patterns
2025-02-01 13:00:00,2025-02-01 13:15:00,2025-02-01 13:45:00,LONG,102257.96,-17.408514701447203,-25.408514701447203,2.591485298552797,-44.79455682472174,2,TRAILING_STOP,Candlestick Patterns
2025-02-01 19:15:00,2025-02-01 19:30:00,2025-02-01 20:45:00,SHORT,101806.86,49.25399133221481,41.25399133221481,79.25399133221481,0.0,5,TRAILING_STOP,Candlestick Patterns
2025-02-02 02:30:00,2025-02-02 02:45:00,2025-02-02 04:15:00,SHORT,100774.8,143.02043764909487,135.02043764909487,173.02043764909487,0.0,6,TRAILING_STOP,Candlestick Patterns
2025-02-02 06:30:00,2025-02-02 06:45:00,2025-02-02 09:15:00,LONG,100463.64,-89.74689748450332,-97.74689748450332,0.0,-114.24332226067021,10,TIME_EXIT,Candlestick Patterns
2025-02-02 09:30:00,2025-02-02 09:45:00,2025-02-02 12:15:00,LONG,99816.68,-98.65785958819603,-106.65785958819603,0.0,-117.38318685814767,10,TIME_EXIT,Candlestick Patterns
2025-02-02 12:15:00,2025-02-02 12:30:00,2025-02-02 13:00:00,SHORT,98831.92,38.289678071618795,30.289678071618795,68.2896780716188,0.0,2,TRAILING_STOP,Candlestick Patterns
2025-02-02 21:45:00,2025-02-02 22:00:00,2025-02-02 22:15:00,LONG,97020.56,53.35970849890016,45.35970849890016,73.35970849890016,0.0,1,TRAILING_STOP,Candlestick Patterns
2025-02-03 01:45:00,2025-02-03 02:00:00,2025-02-03 02:15:00,LONG,93436.97,145.14127116921694,137.14127116921694,165.14127116921694,0.0,1,TRAILING_STOP,Candlestick Patterns
2025-02-03 05:00:00,2025-02-03 05:15:00,2025-02-03 07:45:00,SHORT,92910.95,-260.6861731582766,-268.6861731582766,0.0,-270.7624881674343,10,TIME_EXIT,Candlestick Patterns
2025-02-03 08:00:00,2025-02-03 08:15:00,2025-02-03 08:30:00,LONG,95399.99,4.570233183461987,-3.429766816538013,24.570233183461987,-57.56185089746858,1,TRAILING_STOP,Candlestick Patterns
2025-02-03 12:30:00,2025-02-03 12:45:00,2025-02-03 13:30:00,SHORT,95224.5,59.95374089651317,51.95374089651317,89.95374089651317,-17.41148548955394,3,TRAILING_STOP,Candlestick Patterns
2025-02-03 15:45:00,2025-02-03 16:00:00,2025-02-03 16:15:00,SHORT,98842.0,34.292507233766614,26.292507233766614,64.29250723376661,-17.062584731186558,1,TRAILING_STOP,Candlestick Patterns
2025-02-04 00:00:00,2025-02-04 00:15:00,2025-02-04 01:45:00,LONG,101618.4,-8.790415908929536,-16.790415908929536,11.209584091070464,-86.113341678278,6,TRAILING_STOP,Candlestick Patterns
2025-02-04 08:30:00,2025-02-04 08:45:00,2025-02-04 11:15:00,SHORT,97893.04,-146.68867163590082,-154.68867163590082,0.0,-158.55366224197397,10,TIME_EXIT,Candlestick Patterns
2025-02-04 12:15:00,2025-02-04 12:30:00,2025-02-04 13:00:00,SHORT,99280.0,-20.2628928283644,-28.2628928283644,9.737107171635602,-26.72038678485081,2,TRAILING_STOP,Candlestick Patterns
2025-02-04 21:45:00,2025-02-04 22:00:00,2025-02-04 22:15:00,SHORT,96514.47,-25.682512684367612,-33.68251268436761,4.317487315632387,-76.594732375363,1,TRAILING_STOP,Candlestick Patterns
2025-02-05 00:45:00,2025-02-05 01:00:00,2025-02-05 01:15:00,LONG,98274.01,20.497991279688826,12.497991279688826,40.497991279688826,-10.074891621904385,1,TRAILING_STOP,Candlestick Patterns
2025-02-05 04:30:00,2025-02-05 04:45:00,2025-02-05 06:00:00,LONG,98248.0,-14.707271394837553,-22.707271394837555,5.292728605162447,-57.65715332627648,5,TRAILING_STOP,Candlestick Patterns
2025-02-05 10:45:00,2025-02-05 11:00:00,2025-02-05 13:30:00,SHORT,97734.97,-86.5217434455646,-94.5217434455646,0.0,-99.80153470144857,10,TIME_EXIT,Candlestick Patterns
2025-02-05 14:15:00,2025-02-05 14:30:00,2025-02-05 14:45:00,LONG,98735.36,6.802960965554732,-1.1970390344452682,26.802960965554732,-62.14085814848934,1,TRAILING_STOP,Candlestick Patterns
2025-02-05 17:00:00,2025-02-05 17:15:00,2025-02-05 18:15:00,SHORT,98041.9,94.9169997725454,86.9169997725454,124.9169997725454,0.0,4,TRAILING_STOP,Candlestick Patterns
2025-02-05 20:30:00,2025-02-05 20:45:00,2025-02-05 22:00:00,SHORT,96903.7,0.008142103964413394,-7.991857896035587,30.008142103964413,-64.90051463463249,5,TRAILING_STOP,Candlestick Patterns
2025-02-05 23:15:00,2025-02-05 23:30:00,2025-02-06 02:00:00,SHORT,96327.52,-111.12815942941343,-119.12815942941343,0.0,-113.30822178334925,10,TIME_EXIT,Candlestick Patterns
2025-02-06 03:00:00,2025-02-06 03:15:00,2025-02-06 03:30:00,SHORT,97202.69,-25.642095913189173,-33.64209591318917,4.357904086810826,-29.873658846273152,1,TRAILING_STOP,Candlestick Patterns
2025-02-06 06:15:00,2025-02-06 06:30:00,2025-02-06 09:00:00,SHORT,98051.01,-15.619729975244516,-23.619729975244518,14.380270024755484,-64.1778192799854,10,TRAILING_STOP,Candlestick Patterns
2025-02-06 09:30:00,2025-02-06 09:45:00,2025-02-06 11:30:00,SHORT,98488.41,-21.530983188782976,-29.530983188782976,8.469016811217024,-56.00557466609487,7,TRAILING_STOP,Candlestick Patterns
2025-02-06 12:30:00,2025-02-06 12:45:00,2025-02-06 13:30:00,LONG,98542.0,4.497168719936088,-3.502831280063912,24.497168719936088,-38.085283432445344,3,TRAILING_STOP,Candlestick Patterns
2025-02-06 15:15:00,2025-02-06 15:30:00,2025-02-06 15:45:00,SHORT,97582.02,36.80021585943864,28.800215859438637,66.80021585943864,0.0,1,TRAILING_STOP,Candlestick Patterns
2025-02-06 19:00:00,2025-02-06 19:15:00,2025-02-06 21:00:00,LONG,96492.52,42.28254791148535,34.28254791148535,62.28254791148535,-84.55370426640373,7,TRAILING_STOP,Candlestick Patterns
2025-02-06 22:30:00,2025-02-06 22:45:00,2025-02-06 23:00:00,LONG,96592.41,18.054749850428387,10.054749850428387,38.05474985042839,-0.050728623502119756,1,TRAILING_STOP,Candlestick Patterns
2025-02-07 05:45:00,2025-02-07 06:00:00,2025-02-07 06:15:00,LONG,97338.2,-19.22538119669275,-27.22538119669275,0.7746188033072472,-65.94225083266338,1,TRAILING_STOP,Candlestick Patterns
2025-02-07 14:15:00,2025-02-07 14:30:00,2025-02-07 15:15:00,SHORT,99660.74,175.14296803335003,167.14296803335003,205.14296803335003,-47.88746300699754,3,TRAILING_STOP,Candlestick Patterns
2025-02-07 22:00:00,2025-02-07 22:15:00,2025-02-07 22:45:00,SHORT,95781.29,-14.437461637862919,-22.437461637862917,15.562538362137081,-33.36455376619035,2,TRAILING_STOP,Candlestick Patterns
2025-02-08 00:45:00,2025-02-08 01:00:00,2025-02-08 02:15:00,SHORT,96650.15,-3.6130776827559146,-11.613077682755915,26.386922317244085,-14.42522334419686,5,TRAILING_STOP,Candlestick Patterns
2025-02-08 04:00:00,2025-02-08 04:15:00,2025-02-08 06:45:00,SHORT,96628.02,65.55758878221877,57.55758878221877,80.11340809839733,0.0,10,TIME_EXIT,Candlestick Patterns
2025-02-08 08:15:00,2025-02-08 08:30:00,2025-02-08 10:45:00,LONG,96195.65,-10.295818989735416,-18.295818989735416,9.704181010264584,-32.845560064305594,9,TRAILING_STOP,Candlestick Patterns
2025-02-08 11:15:00,2025-02-08 11:30:00,2025-02-08 13:00:00,SHORT,95890.0,-27.38554593805329,-35.38554593805329,2.614454061946708,-39.65794139117727,6,TRAILING_STOP,Candlestick Patterns
2025-02-08 15:15:00,2025-02-08 15:30:00,2025-02-08 16:45:00,SHORT,95922.42,-8.735940982306204,-16.735940982306204,21.264059017693796,-21.857246720839978,5,TRAILING_STOP,Candlestick Patterns
2025-02-08 21:00:00,2025-02-08 21:15:00,2025-02-08 23:30:00,SHORT,96402.37,-25.88495594039874,-33.88495594039874,4.115044059601258,-32.11850497036584,9,TRAILING_STOP,Candlestick Patterns
2025-02-09 09:15:00,2025-02-09 09:30:00,2025-02-09 10:00:00,LONG,96992.09,-17.844154095452165,-25.844154095452165,2.155845904547834,-34.569829354125986,2,TRAILING_STOP,Candlestick Patterns
2025-02-09 12:00:00,2025-02-09 12:15:00,2025-02-09 14:45:00,LONG,96649.99,-54.03621873111516,-62.03621873111516,0.0,-98.29178461373924,10,TIME_EXIT,Candlestick Patterns
2025-02-09 16:00:00,2025-02-09 16:15:00,2025-02-09 17:15:00,LONG,96545.65,-17.705748524142855,-25.705748524142855,2.294251475857145,-39.851614236374196,4,TRAILING_STOP,Candlestick Patterns
2025-02-09 19:15:00,2025-02-09 19:30:00,2025-02-09 20:15:00,SHORT,96051.95,-15.686912134527624,-23.686912134527624,14.313087865472376,-58.16748124322373,3,TRAILING_STOP,Candlestick Patterns
2025-02-09 23:30:00,2025-02-09 23:45:00,2025-02-10 00:15:00,LONG,96320.01,64.24625371197598,56.24625371197598,84.24625371197598,0.0,2,TRAILING_STOP,Candlestick Patterns
2025-02-10 07:30:00,2025-02-10 07:45:00,2025-02-10 08:15:00,LONG,97282.5,43.47390332279755,35.47390332279755,63.47390332279755,0.0,2,TRAILING_STOP,Candlestick Patterns
2025-02-10 12:00:00,2025-02-10 12:15:00,2025-02-10 13:00:00,SHORT,97603.77,13.36103000939422,5.36103000939422,43.36103000939422,-0.0993814070912593,3,TRAILING_STOP,Candlestick Patterns
2025-02-10 15:15:00,2025-02-10 15:30:00,2025-02-10 16:45:00,SHORT,97069.99,-9.025443393987594,-17.025443393987594,20.974556606012406,-31.93674996772893,5,TRAILING_STOP,Candlestick Patterns
2025-02-10 21:15:00,2025-02-10 21:30:00,2025-02-10 23:15:00,LONG,97296.34,-0.02288678073503192,-8.022886780735032,19.977113219264968,-15.86287829531887,7,TRAILING_STOP,Candlestick Patterns
2025-02-11 08:30:00,2025-02-11 08:45:00,2025-02-11 09:30:00,LONG,98265.44,-16.477907186901053,-24.477907186901053,3.5220928130989475,-35.784707217512015,3,TRAILING_STOP,Candlestick Patterns
2025-02-11 12:45:00,2025-02-11 13:00:00,2025-02-11 14:00:00,SHORT,97766.13,89.75517492612246,81.75517492612246,119.75517492612246,-6.874568933023312,4,TRAILING_STOP,Candlestick Patterns
2025-02-11 15:45:00,2025-02-11 16:00:00,2025-02-11 16:15:00,LONG,97007.54,-16.588924943358933,-24.588924943358933,3.4110750566410672,-57.03886522635173,1,TRAILING_STOP,Candlestick Patterns
2025-02-11 19:00:00,2025-02-11 19:15:00,2025-02-11 20:00:00,SHORT,95414.8,26.376998117692253,18.376998117692253,56.37699811769225,0.0,3,TRAILING_STOP,Candlestick Patterns
2025-02-11 23:30:00,2025-02-11 23:45:00,2025-02-12 00:00:00,SHORT,95736.84,-25.338262679237157,-33.33826267923716,4.661737320762843,-25.8061577967267,1,TRAILING_STOP,Candlestick Patterns
2025-02-12 06:00:00,2025-02-12 06:15:00,2025-02-12 08:45:00,LONG,95919.99,45.71205647540217,37.71205647540217,57.317562272472465,-24.60279655992512,10,TIME_EXIT,Candlestick Patterns
2025-02-12 10:00:00,2025-02-12 10:15:00,2025-02-12 11:15:00,SHORT,96110.42,-9.51002607209572,-17.51002607209572,20.48997392790428,-13.482409087381132,4,TRAILING_STOP,Candlestick Patterns
2025-02-12 15:00:00,2025-02-12 15:15:00,2025-02-12 17:45:00,SHORT,94979.99,-250.0421404550573,-258.0421404550573,0.0,-286.37716217910685,10,TIME_EXIT,Candlestick Patterns
2025-02-12 18:45:00,2025-02-12 19:00:00,2025-02-12 20:15:00,LONG,96921.42,52.43600021543202,44.43600021543202,72.43600021543202,-40.28211720381297,5,TRAILING_STOP,Candlestick Patterns
2025-02-13 00:00:00,2025-02-13 00:15:00,2025-02-13 02:45:00,SHORT,97547.16,7.53481700543614,-0.46518299456386014,18.42288386458472,-55.02466704309997,10,TIME_EXIT,Candlestick Patterns
2025-02-13 05:30:00,2025-02-13 05:45:00,2025-02-13 07:00:00,SHORT,96736.17,66.77559076403358,58.77559076403358,96.77559076403358,-2.204966353330067,5,TRAILING_STOP,Candlestick Patterns
2025-02-13 09:15:00,2025-02-13 09:30:00,2025-02-13 11:45:00,SHORT,96142.01,26.42070516312149,18.42070516312149,56.42070516312149,-20.177443762617948,9,TRAILING_STOP,Candlestick Patterns
2025-02-13 12:45:00,2025-02-13 13:00:00,2025-02-13 13:30:00,SHORT,95820.29,-10.849567455911476,-18.849567455911476,19.150432544088524,-50.22944514152513,2,TRAILING_STOP,Candlestick Patterns
2025-02-13 18:45:00,2025-02-13 19:00:00,2025-02-13 19:15:00,LONG,95964.01,17.72143327482931,9.721433274829309,37.72143327482931,-14.775330876647777,1,TRAILING_STOP,Candlestick Patterns
2025-02-13 22:15:00,2025-02-13 22:30:00,2025-02-13 23:30:00,SHORT,96474.0,-8.352716794162518,-16.352716794162518,21.647283205837482,-14.213155876194138,4,TRAILING_STOP,Candlestick Patterns
2025-02-14 01:00:00,2025-02-14 01:15:00,2025-02-14 02:00:00,SHORT,96709.31,6.490799076117305,-1.5092009238826947,36.490799076117305,-13.027701262681456,3,TRAILING_STOP,Candlestick Patterns
2025-02-14 06:45:00,2025-02-14 07:00:00,2025-02-14 08:00:00,LONG,96834.3,4.890973549661517,-3.109026450338483,24.890973549661517,-2.6127105787931457,4,TRAILING_STOP,Candlestick Patterns
2025-02-14 11:30:00,2025-02-14 11:45:00,2025-02-14 13:45:00,SHORT,96800.02,6.123959478521549,-1.8760405214784512,36.12395947852155,-18.59297136508814,8,TRAILING_STOP,Candlestick Patterns
2025-02-14 19:30:00,2025-02-14 19:45:00,2025-02-14 20:15:00,LONG,98235.52,-17.01431824252554,-25.01431824252554,2.9856817574744596,-41.95020294085131,2,TRAILING_STOP,Candlestick Patterns
2025-02-15 00:00:00,2025-02-15 00:15:00,2025-02-15 02:15:00,LONG,97453.64,27.70370814266142,19.70370814266142,47.70370814266142,-23.6071223199049,8,TRAILING_STOP,Candlestick Patterns
2025-02-15 05:45:00,2025-02-15 06:00:00,2025-02-15 07:00:00,LONG,97611.18,-14.582587773244349,-22.58258777324435,5.41741222675565,-21.634816831431912,4,TRAILING_STOP,Candlestick Patterns
2025-02-15 09:15:00,2025-02-15 09:30:00,2025-02-15 12:00:00,SHORT,97462.49,-10.578428685742715,-18.578428685742715,0.46069005624679177,-27.559320513973248,10,TIME_EXIT,Candlestick Patterns
2025-02-15 13:15:00,2025-02-15 13:30:00,2025-02-15 14:15:00,LONG,97798.52,-12.510111604960894,-20.510111604960894,7.489888395039106,-26.269313686955947,3,TRAILING_STOP,Candlestick Patterns
2025-02-15 19:30:00,2025-02-15 19:45:00,2025-02-15 22:00:00,SHORT,97561.36,-14.900784490909345,-22.900784490909345,15.099215509090655,-18.44890231132543,9,TRAILING_STOP,Candlestick Patterns
2025-02-15 23:00:00,2025-02-15 23:15:00,2025-02-16 01:45:00,SHORT,97441.5,-20.679074111133346,-28.679074111133346,0.0,-26.987474536003774,10,TIME_EXIT,Candlestick Patterns
2025-02-16 02:00:00,2025-02-16 02:15:00,2025-02-16 04:45:00,SHORT,97558.83,2.872113164949198,-5.127886835050802,15.141633002363925,-9.345130522782844,10,TIME_EXIT,Candlestick Patterns
2025-02-16 05:45:00,2025-02-16 06:00:00,2025-02-16 08:30:00,SHORT,97603.3,43.37148436579573,35.37148436579573,44.73619232136612,-2.287832481074077,10,TIME_EXIT,Candlestick Patterns
2025-02-16 09:15:00,2025-02-16 09:30:00,2025-02-16 10:45:00,LONG,97187.3,0.7424221065917536,-7.257577893408246,20.742422106591754,-2.1237342739225618,5,TRAILING_STOP,Candlestick Patterns
2025-02-16 13:00:00,2025-02-16 13:15:00,2025-02-16 13:30:00,LONG,97118.94,-13.835394002447376,-21.835394002447376,6.1646059975526235,-22.54452118196482,1,TRAILING_STOP,Candlestick Patterns
2025-02-16 16:45:00,2025-02-16 17:00:00,2025-02-16 18:00:00,LONG,97052.64,-10.157918424475204,-18.157918424475206,9.842081575524796,-20.533186938551992,4,TRAILING_STOP,Candlestick Patterns
2025-02-16 20:15:00,2025-02-16 20:30:00,2025-02-16 21:30:00,SHORT,97042.86,-10.333432052599665,-18.333432052599665,19.666567947400335,-24.68187767755444,4,TRAILING_STOP,Candlestick Patterns
2025-02-17 02:15:00,2025-02-17 02:30:00,2025-02-17 05:00:00,LONG,96451.85,-22.235965406573452,-30.235965406573452,0.0,-67.58294423590691,10,TIME_EXIT,Candlestick Patterns
2025-02-17 06:45:00,2025-02-17 07:00:00,2025-02-17 09:30:00,LONG,96376.78,-6.617776605526647,-14.617776605526647,0.0,-49.37288836584876,10,TIME_EXIT,Candlestick Patterns
2025-02-17 13:30:00,2025-02-17 13:45:00,2025-02-17 14:15:00,LONG,96356.51,51.61737177903203,43.61737177903203,71.61737177903203,0.0,2,TRAILING_STOP,Candlestick Patterns
2025-02-17 17:45:00,2025-02-17 18:00:00,2025-02-17 19:45:00,SHORT,95479.78,-1.2211318459260347,-9.221131845926035,28.778868154073965,-30.486035891578485,7,TRAILING_STOP,Candlestick Patterns
2025-02-17 20:45:00,2025-02-17 21:00:00,2025-02-17 21:45:00,SHORT,95971.35,-24.389992430031352,-32.389992430031356,5.610007569968648,-46.06374714953861,3,TRAILING_STOP,Candlestick Patterns
2025-02-18 03:45:00,2025-02-18 04:00:00,2025-02-18 06:30:00,SHORT,96200.0,71.78482328482401,63.784823284824014,98.3243243243248,-6.242203742204044,10,TIME_EXIT,Candlestick Patterns
2025-02-18 16:00:00,2025-02-18 16:15:00,2025-02-18 18:00:00,SHORT,95402.58,143.23011599895972,135.23011599895972,173.23011599895972,0.0,7,TRAILING_STOP,Candlestick Patterns
2025-02-19 00:00:00,2025-02-19 00:15:00,2025-02-19 01:45:00,SHORT,95584.0,25.3439906260462,17.3439906260462,55.3439906260462,-5.305281218614664,6,TRAILING_STOP,Candlestick Patterns
2025-02-19 05:00:00,2025-02-19 05:15:00,2025-02-19 07:45:00,LONG,95259.06,44.99834451442296,36.99834451442296,61.63088319368221,-15.69614480764392,10,TIME_EXIT,Candlestick Patterns
2025-02-19 07:45:00,2025-02-19 08:00:00,2025-02-19 09:45:00,SHORT,95687.71,-22.56853361837162,-30.56853361837162,7.43146638162838,-35.17066089260508,7,TRAILING_STOP,Candlestick Patterns
2025-02-19 11:15:00,2025-02-19 11:30:00,2025-02-19 14:00:00,SHORT,96246.81,7.771686147312614,-0.22831385268738558,19.201675359422058,-25.786828675153217,10,TIME_EXIT,Candlestick Patterns
2025-02-19 14:15:00,2025-02-19 14:30:00,2025-02-19 15:45:00,LONG,96375.85,-16.928691160701433,-24.928691160701433,3.071308839298566,-87.1058465372814,5,TRAILING_STOP,Candlestick Patterns
2025-02-19 17:00:00,2025-02-19 17:15:00,2025-02-19 17:30:00,SHORT,96217.62,-20.062111284815053,-28.062111284815053,9.937888715184947,-26.206218777808967,1,TRAILING_STOP,Candlestick Patterns
2025-02-19 20:45:00,2025-02-19 21:00:00,2025-02-19 23:30:00,SHORT,96180.72,-51.79832299030378,-59.79832299030378,0.0,-74.78317899886838,10,TIME_EXIT,Candlestick Patterns
2025-02-19 23:45:00,2025-02-20 00:00:00,2025-02-20 01:00:00,LONG,96644.37,16.79779794725804,8.79779794725804,36.79779794725804,-23.724092774364287,4,TRAILING_STOP,Candlestick Patterns
2025-02-20 03:00:00,2025-02-20 03:15:00,2025-02-20 05:45:00,SHORT,97152.0,24.910449604742542,16.910449604742542,26.81674077733848,-19.259510869565275,10,TIME_EXIT,Candlestick Patterns
2025-02-20 05:45:00,2025-02-20 06:00:00,2025-02-20 08:30:00,SHORT,96909.99,-11.943041166343189,-19.94304116634319,11.183573540767535,-18.458365334677065,10,TIME_EXIT,Candlestick Patterns
2025-02-20 13:00:00,2025-02-20 13:15:00,2025-02-20 13:45:00,SHORT,97400.29,-16.47026615629185,-24.47026615629185,13.52973384370815,-17.039990332677775,2,TRAILING_STOP,Candlestick Patterns
2025-02-20 16:00:00,2025-02-20 16:15:00,2025-02-20 16:45:00,LONG,97413.51,36.92126276940491,28.921262769404912,56.92126276940491,0.0,2,TRAILING_STOP,Candlestick Patterns
2025-02-20 22:00:00,2025-02-20 22:15:00,2025-02-20 22:45:00,LONG,98143.78,3.2189956408857157,-4.781004359114284,23.218995640885716,-3.1158367855814952,2,TRAILING_STOP,Candlestick Patterns
2025-02-21 06:15:00,2025-02-21 06:30:00,2025-02-21 09:00:00,SHORT,98381.07,2.953820282704002,-5.046179717295998,23.487242007025028,-23.287000232869115,10,TIME_EXIT,Candlestick Patterns
2025-02-21 09:15:00,2025-02-21 09:30:00,2025-02-21 10:30:00,SHORT,98371.97,-11.950142911644683,-19.950142911644683,18.049857088355317,-21.87005099115118,4,TRAILING_STOP,Candlestick Patterns
2025-02-21 12:45:00,2025-02-21 13:00:00,2025-02-21 14:00:00,LONG,98903.99,37.73376786922294,29.733767869222937,57.73376786922294,0.0,4,TRAILING_STOP,Candlestick Patterns
2025-02-21 18:15:00,2025-02-21 18:30:00,2025-02-21 21:00:00,LONG,97075.47,-174.89382230135053,-182.89382230135053,0.0,-226.99040241577032,10,TIME_EXIT,Candlestick Patterns
2025-02-21 21:00:00,2025-02-21 21:15:00,2025-02-21 23:45:00,LONG,95377.68,84.32790564836584,76.32790564836584,86.4982247418893,-38.95565503375511,10,TIME_EXIT,Candlestick Patterns
2025-02-22 00:00:00,2025-02-22 00:15:00,2025-02-22 00:30:00,SHORT,95986.5,-8.683460694993506,-16.683460694993506,21.316539305006494,-18.283821162350954,1,TRAILING_STOP,Candlestick Patterns
2025-02-22 05:45:00,2025-02-22 06:00:00,2025-02-22 07:45:00,LONG,96509.83,-19.017716640885606,-27.017716640885606,0.9822833591143955,-22.975897895582786,7,TRAILING_STOP,Candlestick Patterns
2025-02-22 13:15:00,2025-02-22 13:30:00,2025-02-22 16:00:00,SHORT,96768.45,3.4691058914338746,-4.530894108566125,29.253336185502793,-3.2603601690430004,10,TIME_EXIT,Candlestick Patterns
2025-02-22 20:00:00,2025-02-22 20:15:00,2025-02-22 22:45:00,SHORT,96584.0,-5.183053093679871,-13.18305309367987,7.868798144620227,-12.010270852315085,10,TIME_EXIT,Candlestick Patterns
2025-02-23 01:00:00,2025-02-23 01:15:00,2025-02-23 03:45:00,SHORT,96554.9,14.592734288989393,6.5927342889893925,20.68564101873607,-1.1537477642252665,10,TIME_EXIT,Candlestick Patterns
2025-02-23 05:15:00,2025-02-23 05:30:00,2025-02-23 08:00:00,LONG,96340.0,9.56404401079504,1.5640440107950404,22.629229811085196,-20.34565082001191,10,TIME_EXIT,Candlestick Patterns
2025-02-23 08:45:00,2025-02-23 09:00:00,2025-02-23 10:30:00,LONG,96364.32,-19.50085259772521,-27.50085259772521,0.49914740227479126,-29.159132757851165,6,TRAILING_STOP,Candlestick Patterns
2025-02-23 15:30:00,2025-02-23 15:45:00,2025-02-23 17:30:00,SHORT,95608.25,9.77794803272706,1.7779480327270605,39.77794803272706,-1.67977135864297,7,TRAILING_STOP,Candlestick Patterns
2025-02-23 18:45:00,2025-02-23 19:00:00,2025-02-23 21:30:00,LONG,95739.99,-5.707124055475608,-13.707124055475608,11.398580676683808,-10.710258064577628,10,TIME_EXIT,Candlestick Patterns
2025-02-24 00:45:00,2025-02-24 01:00:00,2025-02-24 02:00:00,SHORT,96247.36,20.279820662094792,12.279820662094792,50.27982066209479,-5.365341968860177,4,TRAILING_STOP,Candlestick Patterns
2025-02-24 04:15:00,2025-02-24 04:30:00,2025-02-24 05:30:00,SHORT,95350.0,-17.834294703723124,-25.834294703723124,12.165705296276876,-39.56685894074505,4,TRAILING_STOP,Candlestick Patterns
2025-02-24 07:30:00,2025-02-24 07:45:00,2025-02-24 09:00:00,SHORT,95753.88,9.47516278191602,1.4751627819160191,39.47516278191602,-19.959504513028122,5,TRAILING_STOP,Candlestick Patterns
2025-02-24 10:45:00,2025-02-24 11:00:00,2025-02-24 13:30:00,LONG,95631.66,28.483943497373517,20.483943497373517,48.48394349737352,-30.566237164553836,10,TRAILING_STOP,Candlestick Patterns
2025-02-24 14:15:00,2025-02-24 14:30:00,2025-02-24 15:00:00,SHORT,95389.0,95.90550273092286,87.90550273092286,125.90550273092286,0.0,2,TRAILING_STOP,Candlestick Patterns
2025-02-24 21:15:00,2025-02-24 21:30:00,2025-02-24 21:45:00,LONG,94100.39,-2.9479984089325875,-10.947998408932587,17.052001591067413,-14.421831833003711,1,TRAILING_STOP,Candlestick Patterns
2025-02-25 00:15:00,2025-02-25 00:30:00,2025-02-25 00:45:00,LONG,91662.16,34.57104654745118,26.571046547451182,54.57104654745118,-21.727613663043016,1,TRAILING_STOP,Candlestick Patterns
2025-02-25 04:00:00,2025-02-25 04:15:00,2025-02-25 04:30:00,LONG,92076.92,5.585130345367954,-2.414869654632046,25.585130345367954,-23.85614114807527,1,TRAILING_STOP,Candlestick Patterns
2025-02-25 06:45:00,2025-02-25 07:00:00,2025-02-25 07:15:00,SHORT,91276.0,220.12927823305162,212.12927823305162,250.12927823305162,0.0,1,TRAILING_STOP,Candlestick Patterns
2025-02-25 11:30:00,2025-02-25 11:45:00,2025-02-25 12:15:00,LONG,88848.86,56.80346151880839,48.80346151880839,76.80346151880839,0.0,2,TRAILING_STOP,Candlestick Patterns
2025-02-25 14:30:00,2025-02-25 14:45:00,2025-02-25 15:15:00,SHORT,88022.01,171.7995271864388,163.7995271864388,201.7995271864388,0.0,2,TRAILING_STOP,Candlestick Patterns
2025-02-25 17:45:00,2025-02-25 18:00:00,2025-02-25 18:15:00,LONG,87259.99,4.261978485213195,-3.738021514786805,24.261978485213195,-39.145088144062555,1,TRAILING_STOP,Candlestick Patterns
2025-02-25 22:00:00,2025-02-25 22:15:00,2025-02-25 22:45:00,SHORT,88987.38,23.382850467112092,15.382850467112092,53.38285046711209,-7.0729130355340635,2,TRAILING_STOP,Candlestick Patterns
2025-02-26 04:00:00,2025-02-26 04:15:00,2025-02-26 06:15:00,SHORT,88934.91,30.995170512907293,22.995170512907293,60.99517051290729,-34.89968112634174,8,TRAILING_STOP,Candlestick Patterns
2025-02-26 10:30:00,2025-02-26 10:45:00,2025-02-26 11:15:00,LONG,89168.88,-8.659720745623883,-16.659720745623883,11.340279254376117,-29.514781390100175,2,TRAILING_STOP,Candlestick Patterns
2025-02-26 14:30:00,2025-02-26 14:45:00,2025-02-26 15:00:00,LONG,86716.99,189.0720630409329,181.0720630409329,209.0720630409329,0.0,1,TRAILING_STOP,Candlestick Patterns
2025-02-26 18:15:00,2025-02-26 18:30:00,2025-02-26 18:45:00,SHORT,85152.72,132.3964566252265,124.3964566252265,162.3964566252265,0.0,1,TRAILING_STOP,Candlestick Patterns
2025-02-26 22:45:00,2025-02-26 23:00:00,2025-02-26 23:15:00,SHORT,84433.5,30.28057583778964,22.28057583778964,60.28057583778964,0.0,1,TRAILING_STOP,Candlestick Patterns
2025-02-27 02:15:00,2025-02-27 02:30:00,2025-02-27 03:15:00,LONG,84938.76,-12.45809569152973,-20.458095691529728,7.54190430847027,-87.03917975727317,3,TRAILING_STOP,Candlestick Patterns
2025-02-27 07:45:00,2025-02-27 08:00:00,2025-02-27 09:15:00,SHORT,86272.01,19.27901876865966,11.279018768659661,49.27901876865966,-9.330952182521308,5,TRAILING_STOP,Candlestick Patterns
2025-02-27 14:15:00,2025-02-27 14:30:00,2025-02-27 17:00:00,LONG,86318.0,-196.58472161078856,-204.58472161078856,0.0,-227.41027363933435,10,TIME_EXIT,Candlestick Patterns
2025-02-27 17:15:00,2025-02-27 17:30:00,2025-02-27 18:15:00,LONG,84743.54,9.111363532844116,1.1113635328441163,29.111363532844116,-42.91890567705714,3,TRAILING_STOP,Candlestick Patterns
2025-02-27 21:15:00,2025-02-27 21:30:00,2025-02-27 22:30:00,SHORT,83943.4,-22.57594998534817,-30.57594998534817,7.424050014651829,-58.440568287680385,4,TRAILING_STOP,Candlestick Patterns
2025-02-28 00:15:00,2025-02-28 00:30:00,2025-02-28 01:30:00,SHORT,84547.17,376.42046327511594,368.42046327511594,406.42046327511594,0.0,4,TRAILING_STOP,Candlestick Patterns
2025-02-28 04:30:00,2025-02-28 04:45:00,2025-02-28 07:15:00,LONG,80716.43,-150.70289902563806,-158.70289902563806,0.0,-208.31694365075262,10,TIME_EXIT,Candlestick Patterns
2025-02-28 07:15:00,2025-02-28 07:30:00,2025-02-28 07:45:00,SHORT,79500.02,55.52953823156351,47.52953823156351,85.5295382315635,0.0,1,TRAILING_STOP,Candlestick Patterns
2025-02-28 10:45:00,2025-02-28 11:00:00,2025-02-28 11:30:00,LONG,80011.02,85.41547901776558,77.41547901776558,105.41547901776558,0.0,2,TRAILING_STOP,Candlestick Patterns
2025-02-28 14:30:00,2025-02-28 14:45:00,2025-02-28 15:30:00,LONG,82332.81,234.22185881910283,226.22185881910283,254.22185881910283,-40.63386151887722,3,TRAILING_STOP,Candlestick Patterns
2025-02-28 17:45:00,2025-02-28 18:00:00,2025-02-28 18:15:00,SHORT,83605.11,18.848688794260802,10.848688794260802,48.8486887942608,-62.05960377302367,1,TRAILING_STOP,Candlestick Patterns
2025-02-28 22:15:00,2025-02-28 22:30:00,2025-02-28 23:15:00,SHORT,84166.49,1.6622446771874664,-6.337755322812534,31.662244677187466,-13.393691479827176,3,TRAILING_STOP,Candlestick Patterns
2025-03-01 07:00:00,2025-03-01 07:15:00,2025-03-01 08:00:00,SHORT,85000.01,0.5717611092046475,-7.4282388907953525,30.571761109204648,-4.91999942117736,3,TRAILING_STOP,Candlestick Patterns
2025-03-01 10:15:00,2025-03-01 10:30:00,2025-03-01 13:00:00,LONG,85300.0,-83.25556858147694,-91.25556858147694,0.0,-107.54747948417406,10,TIME_EXIT,Candlestick Patterns
2025-03-01 14:00:00,2025-03-01 14:15:00,2025-03-01 14:45:00,SHORT,84635.94,-4.956265624271861,-12.956265624271861,25.04373437572814,-14.103937405314495,2,TRAILING_STOP,Candlestick Patterns
2025-03-01 21:30:00,2025-03-01 21:45:00,2025-03-02 00:15:00,SHORT,85621.52,-40.33565393373075,-48.33565393373075,0.0,-79.24176071623067,10,TIME_EXIT,Candlestick Patterns
2025-03-02 03:45:00,2025-03-02 04:00:00,2025-03-02 05:00:00,SHORT,85873.06,9.731901949226256,1.7319019492262555,39.731901949226256,-7.795227047924265,4,TRAILING_STOP,Candlestick Patterns
2025-03-02 06:30:00,2025-03-02 06:45:00,2025-03-02 07:00:00,LONG,86349.99,-19.998841922275293,-27.998841922275293,0.0011580777247063156,-24.860454529293893,1,TRAILING_STOP,Candlestick Patterns
2025-03-02 10:30:00,2025-03-02 10:45:00,2025-03-02 13:15:00,SHORT,85876.99,18.81994233845526,10.81994233845526,28.92043607955991,-39.967632773341954,10,TIME_EXIT,Candlestick Patterns
2025-03-02 13:45:00,2025-03-02 14:00:00,2025-03-02 15:15:00,LONG,85710.81,165.41301849790037,157.41301849790037,185.41301849790037,-77.02762347013076,5,TRAILING_STOP,Candlestick Patterns
2025-03-02 21:15:00,2025-03-02 21:30:00,2025-03-02 21:45:00,SHORT,93920.0,-7.64054514480409,-15.64054514480409,22.35945485519591,-43.88522146507648,1,TRAILING_STOP,Candlestick Patterns
2025-03-03 00:30:00,2025-03-03 00:45:00,2025-03-03 03:15:00,LONG,93706.0,-105.43615136704159,-113.43615136704159,0.0,-135.79706742364417,10,TIME_EXIT,Candlestick Patterns
2025-03-03 06:00:00,2025-03-03 06:15:00,2025-03-03 06:45:00,SHORT,92986.63,146.9060777877427,138.9060777877427,176.9060777877427,0.0,2,TRAILING_STOP,Candlestick Patterns
2025-03-03 13:00:00,2025-03-03 13:15:00,2025-03-03 14:15:00,SHORT,92920.59,-8.521445031719907,-16.521445031719907,21.478554968280093,-86.1789620578172,4,TRAILING_STOP,Candlestick Patterns
2025-03-03 21:45:00,2025-03-03 22:00:00,2025-03-04 00:30:00,SHORT,85374.33,-75.99708249540494,-83.99708249540494,0.0,-194.92158825726708,10,TIME_EXIT,Candlestick Patterns
2025-03-04 00:30:00,2025-03-04 00:45:00,2025-03-04 01:15:00,SHORT,86023.16,53.94948523165198,45.94948523165198,83.94948523165198,-20.092263525310685,2,TRAILING_STOP,Candlestick Patterns
2025-03-04 03:15:00,2025-03-04 03:30:00,2025-03-04 03:45:00,LONG,84022.73,27.464537274615772,19.464537274615772,47.46453727461577,-49.97695266507031,1,TRAILING_STOP,Candlestick Patterns
2025-03-04 06:00:00,2025-03-04 06:15:00,2025-03-04 06:45:00,SHORT,84060.01,26.52033588861108,18.52033588861108,56.52033588861108,-32.11277276793119,2,TRAILING_STOP,Candlestick Patterns
2025-03-04 10:30:00,2025-03-04 10:45:00,2025-03-04 11:00:00,LONG,83859.98,41.27595069781803,33.27595069781803,61.27595069781803,-1.6372529542692384,1,TRAILING_STOP,Candlestick Patterns
2025-03-04 14:15:00,2025-03-04 14:30:00,2025-03-04 15:15:00,SHORT,82783.22,125.00967466595299,117.00967466595299,155.00967466595299,-246.79397588061852,3,TRAILING_STOP,Candlestick Patterns
2025-03-04 23:15:00,2025-03-04 23:30:00,2025-03-05 00:15:00,SHORT,87391.87,42.744753030229916,34.744753030229916,72.74475303022992,-1.8457094464284445,3,TRAILING_STOP,Candlestick Patterns
2025-03-05 05:00:00,2025-03-05 05:15:00,2025-03-05 05:30:00,LONG,87113.59,-15.208554715744668,-23.20855471574467,4.791445284255332,-20.661529389385823,1,TRAILING_STOP,Candlestick Patterns
2025-03-05 08:45:00,2025-03-05 09:00:00,2025-03-05 11:30:00,SHORT,87760.0,-237.94097538742002,-245.94097538742002,0.0,-330.4466727438469,10,TIME_EXIT,Candlestick Patterns
2025-03-05 14:30:00,2025-03-05 14:45:00,2025-03-05 15:00:00,LONG,89358.49,1.5122256430246175,-6.4877743569753825,21.512225643024617,-95.05420246022503,1,TRAILING_STOP,Candlestick Patterns
2025-03-05 19:30:00,2025-03-05 19:45:00,2025-03-05 20:15:00,LONG,89867.7,24.544369111482517,16.544369111482517,44.54436911148252,-21.13106266211266,2,TRAILING_STOP,Candlestick Patterns
2025-03-05 23:15:00,2025-03-05 23:30:00,2025-03-05 23:45:00,LONG,90543.14,30.457715515499082,22.457715515499082,50.45771551549908,-0.015462242639190327,1,TRAILING_STOP,Candlestick Patterns
2025-03-06 03:45:00,2025-03-06 04:00:00,2025-03-06 04:15:00,LONG,91605.02,1.284859716202881,-6.715140283797119,21.28485971620288,-8.586865654306227,1,TRAILING_STOP,Candlestick Patterns
2025-03-06 07:00:00,2025-03-06 07:15:00,2025-03-06 08:15:00,SHORT,91700.0,29.068702290076722,21.068702290076722,59.06870229007672,-12.213740458015268,4,TRAILING_STOP,Candlestick Patterns
2025-03-06 11:00:00,2025-03-06 11:15:00,2025-03-06 13:00:00,SHORT,91229.29,123.48908228925049,115.48908228925049,153.4890822892505,-41.35075478500438,7,TRAILING_STOP,Candlestick Patterns
2025-03-06 18:15:00,2025-03-06 18:30:00,2025-03-06 19:30:00,SHORT,88491.72,44.099588074455,36.099588074455,74.099588074455,-19.810893041744205,4,TRAILING_STOP,Candlestick Patterns
2025-03-06 23:15:00,2025-03-06 23:30:00,2025-03-07 00:00:00,SHORT,90356.3,24.92367438684453,16.92367438684453,54.92367438684453,-102.56285394598952,2,TRAILING_STOP,Candlestick Patterns
2025-03-07 02:45:00,2025-03-07 03:00:00,2025-03-07 04:00:00,SHORT,87235.01,22.323029480937507,14.323029480937507,52.32302948093751,-46.195902310323035,4,TRAILING_STOP,Candlestick Patterns
2025-03-07 05:45:00,2025-03-07 06:00:00,2025-03-07 06:45:00,SHORT,88221.21,17.578127754086026,9.578127754086026,47.578127754086026,-15.450932944583016,3,TRAILING_STOP,Candlestick Patterns
2025-03-07 08:30:00,2025-03-07 08:45:00,2025-03-07 09:30:00,LONG,88174.94,153.41208284349247,145.41208284349247,173.41208284349247,0.0,3,TRAILING_STOP,Candlestick Patterns
2025-03-07 11:15:00,2025-03-07 11:30:00,2025-03-07 12:00:00,SHORT,89097.33,0.90552769650904,-7.09447230349096,30.90552769650904,-18.56621292691916,2,TRAILING_STOP,Candlestick Patterns
2025-03-07 19:15:00,2025-03-07 19:30:00,2025-03-07 19:45:00,SHORT,88280.39,79.2484978827118,71.2484978827118,109.2484978827118,0.0,1,TRAILING_STOP,Candlestick Patterns
2025-03-07 22:00:00,2025-03-07 22:15:00,2025-03-08 00:45:00,SHORT,85899.14,-96.3525362419232,-104.3525362419232,0.0,-116.19557541553975,10,TIME_EXIT,Candlestick Patterns
2025-03-08 04:00:00,2025-03-08 04:15:00,2025-03-08 05:00:00,LONG,86007.62,37.24841589617347,29.24841589617347,57.24841589617347,0.0,3,TRAILING_STOP,Candlestick Patterns
2025-03-08 06:45:00,2025-03-08 07:00:00,2025-03-08 07:45:00,LONG,86464.99,-13.637887427038995,-21.637887427038997,6.362112572961005,-41.475746426387126,3,TRAILING_STOP,Candlestick Patterns
2025-03-08 09:30:00,2025-03-08 09:45:00,2025-03-08 10:15:00,SHORT,86085.08,-13.527923770297605,-21.527923770297605,16.472076229702395,-15.77509133987015,2,TRAILING_STOP,Candlestick Patterns
2025-03-08 13:00:00,2025-03-08 13:15:00,2025-03-08 15:45:00,SHORT,86168.01,-26.922984527553236,-34.92298452755324,0.0,-53.326054529981604,10,TIME_EXIT,Candlestick Patterns
2025-03-08 17:00:00,2025-03-08 17:15:00,2025-03-08 19:45:00,SHORT,85792.01,-51.462834359517785,-59.462834359517785,0.0,-82.52400194377138,10,TIME_EXIT,Candlestick Patterns
2025-03-09 01:15:00,2025-03-09 01:30:00,2025-03-09 04:00:00,SHORT,86297.18,31.569977141777727,23.569977141777727,41.40691503476559,-0.32677776956407906,10,TIME_EXIT,Candlestick Patterns
2025-03-09 04:15:00,2025-03-09 04:30:00,2025-03-09 06:00:00,LONG,86061.49,-8.689482368943821,-16.68948236894382,11.310517631056179,-28.02182486034154,6,TRAILING_STOP,Candlestick Patterns
2025-03-09 16:00:00,2025-03-09 16:15:00,2025-03-09 18:45:00,LONG,83516.87,-101.40107022688893,-109.40107022688893,0.0,-154.92319096728545,10,TIME_EXIT,Candlestick Patterns
2025-03-09 19:15:00,2025-03-09 19:30:00,2025-03-09 19:45:00,LONG,82698.52,-3.1750314274065126,-11.175031427406513,16.824968572593487,-18.919322860917752,1,TRAILING_STOP,Candlestick Patterns
2025-03-10 00:00:00,2025-03-10 00:15:00,2025-03-10 00:30:00,SHORT,80917.32,78.71590902911906,70.71590902911906,108.71590902911906,-10.217837170088309,1,TRAILING_STOP,Candlestick Patterns
2025-03-10 04:45:00,2025-03-10 05:00:00,2025-03-10 05:30:00,LONG,82634.05,-16.61882722679061,-24.61882722679061,3.381172773209389,-51.317828425449036,2,TRAILING_STOP,Candlestick Patterns
2025-03-10 08:00:00,2025-03-10 08:15:00,2025-03-10 09:00:00,SHORT,82142.59,90.71569693626614,82.71569693626614,120.71569693626614,0.0,3,TRAILING_STOP,Candlestick Patterns
2025-03-10 11:15:00,2025-03-10 11:30:00,2025-03-10 11:45:00,LONG,82601.87,128.19882407020674,120.19882407020674,148.19882407020674,-14.61710249416759,1,TRAILING_STOP,Candlestick Patterns
2025-03-10 15:45:00,2025-03-10 16:00:00,2025-03-10 16:15:00,SHORT,80043.84,61.679759491798066,53.679759491798066,91.67975949179807,0.0,1,TRAILING_STOP,Candlestick Patterns
2025-03-10 19:30:00,2025-03-10 19:45:00,2025-03-10 20:00:00,SHORT,78739.16,-17.042025848383595,-25.042025848383595,12.957974151616405,-50.441228989488614,1,TRAILING_STOP,Candlestick Patterns
2025-03-10 23:00:00,2025-03-10 23:15:00,2025-03-11 00:00:00,SHORT,79409.09,90.7808828938854,82.7808828938854,120.7808828938854,0.0,3,TRAILING_STOP,Candlestick Patterns
2025-03-11 07:00:00,2025-03-11 07:15:00,2025-03-11 08:45:00,LONG,80454.94,113.0782174469328,105.0782174469328,133.0782174469328,-23.74869709678573,6,TRAILING_STOP,Candlestick Patterns
2025-03-11 10:00:00,2025-03-11 10:15:00,2025-03-11 11:00:00,LONG,81537.7,28.84856943475262,20.84856943475262,48.84856943475262,-16.887893575609453,3,TRAILING_STOP,Candlestick Patterns
2025-03-11 13:15:00,2025-03-11 13:30:00,2025-03-11 13:45:00,LONG,81448.97,-6.199948262084323,-14.199948262084323,13.800051737915677,-82.3791878522222,1,TRAILING_STOP,Candlestick Patterns
2025-03-11 16:45:00,2025-03-11 17:00:00,2025-03-11 17:30:00,SHORT,81386.79,44.83278305975621,36.83278305975621,74.83278305975621,-37.76657120891608,2,TRAILING_STOP,Candlestick Patterns
2025-03-11 19:45:00,2025-03-11 20:00:00,2025-03-11 20:30:00,SHORT,83104.01,32.231654044130764,24.231654044130764,62.231654044130764,0.0,2,TRAILING_STOP,Candlestick Patterns
2025-03-12 00:30:00,2025-03-12 00:45:00,2025-03-12 03:00:00,SHORT,82737.23,32.876168322289885,24.876168322289885,62.876168322289885,-126.4279696093281,9,TRAILING_STOP,Candlestick Patterns
2025-03-12 03:15:00,2025-03-12 03:30:00,2025-03-12 04:00:00,SHORT,82362.81,41.45700832693707,33.45700832693707,71.45700832693707,0.0,2,TRAILING_STOP,Candlestick Patterns
2025-03-12 06:00:00,2025-03-12 06:15:00,2025-03-12 07:15:00,SHORT,81617.16,9.349568154540478,1.3495681545404778,39.34956815454048,-31.533809801761706,4,TRAILING_STOP,Candlestick Patterns
2025-03-12 12:30:00,2025-03-12 12:45:00,2025-03-12 13:30:00,SHORT,83631.2,22.841523259261884,14.841523259261884,52.84152325926188,-70.05997761600914,3,TRAILING_STOP,Candlestick Patterns
2025-03-12 16:30:00,2025-03-12 16:45:00,2025-03-12 19:15:00,SHORT,81663.49,-135.67384886440584,-143.67384886440584,0.0,-167.99796334934902,10,TIME_EXIT,Candlestick Patterns
2025-03-12 23:30:00,2025-03-12 23:45:00,2025-03-13 00:00:00,LONG,83696.57,-3.887033841412375,-11.887033841412375,16.112966158587625,-14.198909226508452,1,TRAILING_STOP,Candlestick Patterns
2025-03-13 03:15:00,2025-03-13 03:30:00,2025-03-13 05:15:00,SHORT,83895.16,52.63289562830562,44.63289562830562,82.63289562830562,0.0,7,TRAILING_STOP,Candlestick Patterns
2025-03-13 08:00:00,2025-03-13 08:15:00,2025-03-13 08:30:00,SHORT,83101.01,54.35156203276003,46.35156203276003,84.35156203276003,0.0,1,TRAILING_STOP,Candlestick Patterns
2025-03-13 14:15:00,2025-03-13 14:30:00,2025-03-13 15:30:00,SHORT,81897.18,85.13094834278782,77.13094834278782,115.13094834278782,-45.776911976701605,4,TRAILING_STOP,Candlestick Patterns
2025-03-13 18:00:00,2025-03-13 18:15:00,2025-03-13 18:30:00,LONG,80730.29,8.186446499820939,0.18644649982093853,28.18644649982094,-10.646561532232461,1,TRAILING_STOP,Candlestick Patterns
2025-03-13 23:45:00,2025-03-14 00:00:00,2025-03-14 00:15:00,SHORT,81115.78,-4.051904573931736,-12.051904573931736,25.948095426068264,-18.29237171854905,1,TRAILING_STOP,Candlestick Patterns
2025-03-14 05:00:00,2025-03-14 05:15:00,2025-03-14 06:45:00,SHORT,81830.22,-23.87267931089524,-31.87267931089524,6.127320689104761,-47.39202705308597,6,TRAILING_STOP,Candlestick Patterns
2025-03-14 09:00:00,2025-03-14 09:15:00,2025-03-14 11:45:00,SHORT,82643.98,-73.71014803498068,-81.71014803498068,0.0,-85.2427484736348,10,TIME_EXIT,Candlestick Patterns
2025-03-14 13:45:00,2025-03-14 14:00:00,2025-03-14 15:00:00,LONG,83602.15,85.84057945878257,77.84057945878257,105.84057945878257,-115.01618080396231,4,TRAILING_STOP,Candlestick Patterns
2025-03-14 16:30:00,2025-03-14 16:45:00,2025-03-14 17:00:00,LONG,84488.38,21.38083840641699,13.380838406416991,41.38083840641699,-1.0226258332801998,1,TRAILING_STOP,Candlestick Patterns
2025-03-14 23:00:00,2025-03-14 23:15:00,2025-03-15 00:15:00,SHORT,84252.15,5.855464816030988,-2.144535183969012,35.85546481603099,-4.119776171884801,4,TRAILING_STOP,Candlestick Patterns
2025-03-15 02:00:00,2025-03-15 02:15:00,2025-03-15 03:30:00,LONG,84392.46,13.630966557911975,5.630966557911975,33.630966557911975,-17.55725570744268,5,TRAILING_STOP,Candlestick Patterns
2025-03-15 14:45:00,2025-03-15 15:00:00,2025-03-15 17:30:00,SHORT,84131.75,-35.965019151509594,-43.965019151509594,0.0,-43.61849123547307,10,TIME_EXIT,Candlestick Patterns
2025-03-15 19:00:00,2025-03-15 19:15:00,2025-03-15 21:00:00,LONG,84207.55,8.791955115663274,0.7919551156632743,28.791955115663274,-3.831010402275011,7,TRAILING_STOP,Candlestick Patterns
2025-03-15 22:00:00,2025-03-15 22:15:00,2025-03-16 00:45:00,SHORT,84367.14,13.467328630553952,5.467328630553952,18.26659052327726,-9.833212314653123,10,TIME_EXIT,Candlestick Patterns
2025-03-16 00:45:00,2025-03-16 01:00:00,2025-03-16 02:30:00,SHORT,84253.53,31.679314801409305,23.679314801409305,61.679314801409305,0.0,6,TRAILING_STOP,Candlestick Patterns
2025-03-16 04:30:00,2025-03-16 04:45:00,2025-03-16 06:45:00,LONG,84382.09,-16.473185245825352,-24.473185245825352,3.5268147541746493,-18.260984054791308,8,TRAILING_STOP,Candlestick Patterns
2025-03-16 10:15:00,2025-03-16 10:30:00,2025-03-16 12:00:00,SHORT,83759.46,134.51873018283547,126.51873018283547,164.51873018283547,-6.764609036398866,6,TRAILING_STOP,Candlestick Patterns
2025-03-16 13:15:00,2025-03-16 13:30:00,2025-03-16 15:00:00,LONG,82959.34,46.25052706542755,38.25052706542755,66.25052706542755,-55.564569342040556,6,TRAILING_STOP,Candlestick Patterns
2025-03-16 20:15:00,2025-03-16 20:30:00,2025-03-16 20:45:00,SHORT,83064.35,-11.510720302993793,-19.510720302993793,18.489279697006207,-18.376114422131685,1,TRAILING_STOP,Candlestick Patterns
2025-03-17 00:00:00,2025-03-17 00:15:00,2025-03-17 01:00:00,LONG,82743.46,41.21813131817228,33.21813131817228,61.21813131817228,0.0,3,TRAILING_STOP,Candlestick Patterns
2025-03-17 02:45:00,2025-03-17 03:00:00,2025-03-17 05:30:00,SHORT,83212.51,-5.719091997106092,-13.71909199710609,6.363225913987824,-78.98571981544714,10,TIME_EXIT,Candlestick Patterns
2025-03-17 07:30:00,2025-03-17 07:45:00,2025-03-17 08:00:00,LONG,83418.54,1.0744517945294803,-6.92554820547052,21.07445179452948,-10.875280243455066,1,TRAILING_STOP,Candlestick Patterns
2025-03-17 11:00:00,2025-03-17 11:15:00,2025-03-17 11:45:00,LONG,83405.67,15.169071838881187,7.169071838881187,35.16907183888119,0.0,2,TRAILING_STOP,Candlestick Patterns
2025-03-17 19:30:00,2025-03-17 19:45:00,2025-03-17 22:15:00,LONG,84570.66,-45.133856115110966,-53.133856115110966,0.0,-85.66919070987612,10,TIME_EXIT,Candlestick Patterns
2025-03-18 02:45:00,2025-03-18 03:00:00,2025-03-18 05:30:00,SHORT,83367.65,33.43587710580679,25.43587710580679,63.43587710580679,0.0,10,TRAILING_STOP,Candlestick Patterns
2025-03-18 07:45:00,2025-03-18 08:00:00,2025-03-18 08:30:00,LONG,83163.81,14.689367887306418,6.6893678873064175,34.68936788730642,-13.84015475000379,2,TRAILING_STOP,Candlestick Patterns
2025-03-18 10:45:00,2025-03-18 11:00:00,2025-03-18 12:15:00,LONG,82819.65,-19.764548630667765,-27.764548630667765,0.23545136933223476,-38.59591292646059,5,TRAILING_STOP,Candlestick Patterns
2025-03-18 13:30:00,2025-03-18 13:45:00,2025-03-18 14:15:00,SHORT,81404.94,1.2831137766336411,-6.716886223366359,31.28311377663364,-27.447965688569063,2,TRAILING_STOP,Candlestick Patterns
2025-03-18 18:15:00,2025-03-18 18:30:00,2025-03-18 21:00:00,SHORT,81359.22,-102.54523089085698,-110.54523089085698,0.0,-137.2972848068103,10,TIME_EXIT,Candlestick Patterns
2025-03-19 00:30:00,2025-03-19 00:45:00,2025-03-19 02:30:00,SHORT,82984.24,22.670241964016505,14.670241964016505,52.670241964016505,-21.939105545823843,7,TRAILING_STOP,Candlestick Patterns
2025-03-19 03:15:00,2025-03-19 03:30:00,2025-03-19 06:00:00,SHORT,82792.67,-59.369990121107115,-67.36999012110712,0.0,-63.692836575991784,10,TIME_EXIT,Candlestick Patterns
2025-03-19 06:45:00,2025-03-19 07:00:00,2025-03-19 07:30:00,LONG,83200.0,-0.26923076923035083,-8.26923076923035,19.73076923076965,-8.653846153846153,2,TRAILING_STOP,Candlestick Patterns
2025-03-19 10:45:00,2025-03-19 11:00:00,2025-03-19 13:30:00,SHORT,83467.41,-56.56459209648293,-64.56459209648293,0.0,-104.9691130945592,10,TIME_EXIT,Candlestick Patterns
2025-03-19 17:15:00,2025-03-19 17:30:00,2025-03-19 17:45:00,SHORT,84467.4,54.5308367488516,46.5308367488516,84.5308367488516,0.0,1,TRAILING_STOP,Candlestick Patterns
2025-03-19 20:45:00,2025-03-19 21:00:00,2025-03-19 21:15:00,LONG,85354.0,45.69229327272376,37.69229327272376,65.69229327272376,0.0,1,TRAILING_STOP,Candlestick Patterns
2025-03-20 00:00:00,2025-03-20 00:15:00,2025-03-20 02:45:00,LONG,87271.09,-138.14196660085278,-146.14196660085278,0.0,-189.24136274681555,10,TIME_EXIT,Candlestick Patterns
2025-03-20 11:45:00,2025-03-20 12:00:00,2025-03-20 12:15:00,LONG,85502.16,-12.767434179441022,-20.76743417944102,7.232565820558978,-16.77969305102949,1,TRAILING_STOP,Candlestick Patterns
2025-03-20 15:00:00,2025-03-20 15:15:00,2025-03-20 17:45:00,LONG,85972.56,-218.5732284812741,-226.5732284812741,0.0,-269.5429797600539,10,TIME_EXIT,Candlestick Patterns
2025-03-20 18:15:00,2025-03-20 18:30:00,2025-03-20 19:30:00,SHORT,83978.27,-23.29945710955893,-31.29945710955893,6.7005428904410715,-45.22003132477008,4,TRAILING_STOP,Candlestick Patterns
2025-03-20 21:30:00,2025-03-20 21:45:00,2025-03-20 23:30:00,SHORT,84475.44,35.513716175968725,27.513716175968725,65.51371617596872,-2.9073539007311084,7,TRAILING_STOP,Candlestick Patterns
2025-03-21 02:45:00,2025-03-21 03:00:00,2025-03-21 05:00:00,LONG,84685.39,-6.592728686731727,-14.592728686731727,13.407271313268273,-49.02144277779195,8,TRAILING_STOP,Candlestick Patterns
2025-03-21 05:45:00,2025-03-21 06:00:00,2025-03-21 08:30:00,LONG,84469.67,-71.32145774927227,-79.32145774927227,0.0,-91.06227122705667,10,TIME_EXIT,Candlestick Patterns
2025-03-21 09:00:00,2025-03-21 09:15:00,2025-03-21 09:45:00,LONG,83953.13,25.802937901183526,17.802937901183526,45.802937901183526,0.0,2,TRAILING_STOP,Candlestick Patterns
2025-03-21 14:00:00,2025-03-21 14:15:00,2025-03-21 16:00:00,SHORT,83762.41,15.773515828878786,7.773515828878786,45.773515828878786,-62.74771702485596,7,TRAILING_STOP,Candlestick Patterns
2025-03-21 17:30:00,2025-03-21 17:45:00,2025-03-21 18:45:00,LONG,84076.06,22.795773255787395,14.795773255787395,42.795773255787395,-20.287582458073373,4,TRAILING_STOP,Candlestick Patterns
2025-03-21 20:15:00,2025-03-21 20:30:00,2025-03-21 21:30:00,LONG,84090.9,38.63892525826289,30.638925258262887,58.63892525826289,-1.8349191172877226,4,TRAILING_STOP,Candlestick Patterns
2025-03-21 23:00:00,2025-03-21 23:15:00,2025-03-22 01:30:00,LONG,84226.25,-6.615811578932231,-14.615811578932231,13.384188421067769,-28.099315830871994,9,TRAILING_STOP,Candlestick Patterns
2025-03-22 02:30:00,2025-03-22 02:45:00,2025-03-22 05:15:00,SHORT,84201.2,-17.00332061775821,-25.00332061775821,7.756421523683472,-27.064934941544706,10,TIME_EXIT,Candlestick Patterns
2025-03-22 05:15:00,2025-03-22 05:30:00,2025-03-22 08:00:00,SHORT,84344.37,10.448830194592729,2.4488301945927287,22.664227618273625,-6.595579527122517,10,TIME_EXIT,Candlestick Patterns
2025-03-22 08:45:00,2025-03-22 09:00:00,2025-03-22 09:45:00,LONG,84222.01,17.657614678158772,9.657614678158772,37.65761467815877,0.0,3,TRAILING_STOP,Candlestick Patterns
2025-03-22 12:00:00,2025-03-22 12:15:00,2025-03-22 14:45:00,LONG,84294.05,-34.02612639919508,-42.02612639919508,0.0,-34.68097688982751,10,TIME_EXIT,Candlestick Patterns
2025-03-22 16:00:00,2025-03-22 16:15:00,2025-03-22 18:45:00,LONG,84102.54,16.24207782547422,8.242077825474219,25.856531800348293,-1.6063724115817146,10,TIME_EXIT,Candlestick Patterns
2025-03-22 19:30:00,2025-03-22 19:45:00,2025-03-22 22:15:00,SHORT,84211.09,23.296219060932835,15.296219060932835,43.89920614968801,0.0,10,TIME_EXIT,Candlestick Patterns
2025-03-23 02:45:00,2025-03-23 03:00:00,2025-03-23 05:30:00,SHORT,84233.78,5.942983919277714,-2.0570160807222857,19.417388130984705,-1.9279676158431023,10,TIME_EXIT,Candlestick Patterns
2025-03-23 06:45:00,2025-03-23 07:00:00,2025-03-23 09:30:00,SHORT,84242.25,-12.968552003300006,-20.968552003300005,2.1378821197195896,-15.906507720294746,10,TIME_EXIT,Candlestick Patterns
2025-03-23 12:00:00,2025-03-23 12:15:00,2025-03-23 14:45:00,SHORT,84642.01,-30.451781568041685,-38.45178156804168,0.0,-67.61890460777232,10,TIME_EXIT,Candlestick Patterns
2025-03-23 17:00:00,2025-03-23 17:15:00,2025-03-23 19:45:00,SHORT,85290.35,32.73054923564078,24.73054923564078,57.49184989861171,0.0,10,TIME_EXIT,Candlestick Patterns
2025-03-24 02:00:00,2025-03-24 02:15:00,2025-03-24 03:30:00,LONG,85713.43,74.24194084871104,66.24194084871104,94.24194084871104,-3.9223724916848326,5,TRAILING_STOP,Candlestick Patterns
2025-03-24 06:00:00,2025-03-24 06:15:00,2025-03-24 08:45:00,LONG,87186.66,26.34462657475379,18.34462657475379,38.161801358143684,-49.72779092581339,10,TIME_EXIT,Candlestick Patterns
2025-03-24 09:30:00,2025-03-24 09:45:00,2025-03-24 10:15:00,SHORT,87258.55,-15.225516582615887,-23.22551658261589,14.774483417384113,-21.530268380576498,2,TRAILING_STOP,Candlestick Patterns
2025-03-24 14:30:00,2025-03-24 14:45:00,2025-03-24 15:15:00,LONG,88253.37,-6.5999451352385385,-14.599945135238539,13.400054864761461,-65.18844549505562,2,TRAILING_STOP,Candlestick Patterns
2025-03-24 18:00:00,2025-03-24 18:15:00,2025-03-24 19:15:00,LONG,88434.44,-8.515786383676126,-16.515786383676126,11.484213616323874,-35.20461033054563,4,TRAILING_STOP,Candlestick Patterns
2025-03-25 01:00:00,2025-03-25 01:15:00,2025-03-25 01:30:00,SHORT,87382.01,35.09921206893631,27.09921206893631,65.09921206893631,0.0,1,TRAILING_STOP,Candlestick Patterns
2025-03-25 05:45:00,2025-03-25 06:00:00,2025-03-25 08:15:00,SHORT,86656.06,7.295718268289875,-0.7042817317101253,37.295718268289875,-25.815851770782842,9,TRAILING_STOP,Candlestick Patterns
2025-03-25 09:00:00,2025-03-25 09:15:00,2025-03-25 11:45:00,SHORT,86674.01,-80.34934578427817,-88.34934578427817,0.0,-95.29846374939908,10,TIME_EXIT,Candlestick Patterns
2025-03-25 13:00:00,2025-03-25 13:15:00,2025-03-25 13:30:00,LONG,87369.0,51.306756401011796,43.306756401011796,71.3067564010118,-18.86481475122835,1,TRAILING_STOP,Candlestick Patterns
2025-03-25 18:45:00,2025-03-25 19:00:00,2025-03-25 19:15:00,LONG,87822.0,11.360023684270853,3.3600236842708533,31.360023684270853,0.0,1,TRAILING_STOP,Candlestick Patterns
2025-03-26 02:15:00,2025-03-26 02:30:00,2025-03-26 05:00:00,LONG,87525.63,-30.10318234784605,-38.10318234784605,0.0,-56.5628605015476,10,TIME_EXIT,Candlestick Patterns
2025-03-26 07:15:00,2025-03-26 07:30:00,2025-03-26 08:00:00,LONG,88009.79,10.134147576082889,2.1341475760828885,30.13414757608289,-0.29087673087251675,2,TRAILING_STOP,Candlestick Patterns
2025-03-26 10:30:00,2025-03-26 10:45:00,2025-03-26 13:15:00,SHORT,88104.86,69.38436767279327,61.384367672793275,71.92906271004755,-15.56554314937898,10,TIME_EXIT,Candlestick Patterns
2025-03-26 14:15:00,2025-03-26 14:30:00,2025-03-26 14:45:00,SHORT,86699.51,-2.6918871859835427,-10.691887185983543,27.308112814016457,-32.15243084995628,1,TRAILING_STOP,Candlestick Patterns
2025-03-26 19:45:00,2025-03-26 20:00:00,2025-03-26 22:30:00,SHORT,86567.18,-37.56388968660035,-45.56388968660035,0.0,-96.70639611917629,10,TIME_EXIT,Candlestick Patterns
2025-03-26 22:45:00,2025-03-26 23:00:00,2025-03-26 23:30:00,SHORT,86829.48,0.8052057895539555,-7.1947942104460445,30.805205789553955,-7.200319522816915,2,TRAILING_STOP,Candlestick Patterns
2025-03-27 01:30:00,2025-03-27 01:45:00,2025-03-27 02:45:00,LONG,87301.84,32.06648565482731,24.06648565482731,52.06648565482731,0.0,4,TRAILING_STOP,Candlestick Patterns
2025-03-27 06:00:00,2025-03-27 06:15:00,2025-03-27 06:45:00,LONG,87455.57,-9.476942406298555,-17.476942406298555,10.523057593701445,-20.075336539457346,2,TRAILING_STOP,Candlestick Patterns
2025-03-27 08:45:00,2025-03-27 09:00:00,2025-03-27 10:45:00,LONG,87434.82,-1.3827031381778063,-9.382703138177806,18.617296861822194,-37.265473869563834,7,TRAILING_STOP,Candlestick Patterns
2025-03-27 16:15:00,2025-03-27 16:30:00,2025-03-27 18:00:00,SHORT,87012.38,-5.1322742809696,-13.1322742809696,24.8677257190304,-17.195254284504724,6,TRAILING_STOP,Candlestick Patterns
2025-03-27 19:30:00,2025-03-27 19:45:00,2025-03-27 20:15:00,SHORT,87306.96,11.682816581863896,3.6828165818638965,41.6828165818639,0.0,2,TRAILING_STOP,Candlestick Patterns
2025-03-28 02:15:00,2025-03-28 02:30:00,2025-03-28 04:45:00,SHORT,87247.94,118.47341954434782,110.47341954434782,148.47341954434782,0.0,9,TRAILING_STOP,Candlestick Patterns
2025-03-28 06:15:00,2025-03-28 06:30:00,2025-03-28 09:00:00,SHORT,86003.58,109.59776325590188,101.59776325590188,110.87561703826829,0.0,10,TIME_EXIT,Candlestick Patterns
2025-03-28 17:15:00,2025-03-28 17:30:00,2025-03-28 17:45:00,SHORT,83751.21,-25.6514061110266,-33.6514061110266,4.348593888973402,-30.948806590376073,1,TRAILING_STOP,Candlestick Patterns
2025-03-28 21:45:00,2025-03-28 22:00:00,2025-03-28 23:00:00,LONG,84052.29,37.86873861497513,29.86873861497513,57.86873861497513,0.0,4,TRAILING_STOP,Candlestick Patterns
2025-03-29 01:30:00,2025-03-29 01:45:00,2025-03-29 03:15:00,SHORT,84296.48,39.61263388459372,31.61263388459372,69.61263388459372,-15.071803709953597,6,TRAILING_STOP,Candlestick Patterns
2025-03-29 04:45:00,2025-03-29 05:00:00,2025-03-29 06:00:00,LONG,84072.97,-18.23962445956139,-26.23962445956139,1.7603755404386106,-34.05256172108683,4,TRAILING_STOP,Candlestick Patterns
2025-03-29 10:00:00,2025-03-29 10:15:00,2025-03-29 12:45:00,LONG,83499.99,-124.22636218279882,-132.22636218279882,0.0,-178.8012190181107,10,TIME_EXIT,Candlestick Patterns
2025-03-29 14:45:00,2025-03-29 15:00:00,2025-03-29 16:00:00,SHORT,82504.02,-15.355865083906581,-23.35586508390658,14.644134916093419,-21.78802923784741,4,TRAILING_STOP,Candlestick Patterns
2025-03-29 17:30:00,2025-03-29 17:45:00,2025-03-29 20:15:00,SHORT,82144.11,-62.19313837595959,-70.19313837595959,0.0,-74.78320721960502,10,TIME_EXIT,Candlestick Patterns
2025-03-29 21:00:00,2025-03-29 21:15:00,2025-03-29 22:00:00,LONG,82611.75,-16.567074296331867,-24.567074296331867,3.432925703668132,-31.25947580096115,3,TRAILING_STOP,Candlestick Patterns
2025-03-30 00:15:00,2025-03-30 00:30:00,2025-03-30 01:00:00,SHORT,82612.83,-26.81163325357617,-34.81163325357617,3.188366746423831,-53.08255388418467,2,TRAILING_STOP,Candlestick Patterns
2025-03-30 08:00:00,2025-03-30 08:15:00,2025-03-30 10:15:00,LONG,83261.86,12.761699054044534,4.761699054044534,32.761699054044534,-16.06978273125329,8,TRAILING_STOP,Candlestick Patterns
2025-03-30 11:15:00,2025-03-30 11:30:00,2025-03-30 12:15:00,SHORT,83083.81,-18.317820282917012,-26.317820282917012,11.682179717082986,-19.71864313877779,3,TRAILING_STOP,Candlestick Patterns
2025-03-30 14:15:00,2025-03-30 14:30:00,2025-03-30 14:45:00,LONG,82748.99,15.601642992862061,7.601642992862061,35.60164299286206,0.0,1,TRAILING_STOP,Candlestick Patterns
2025-03-30 17:00:00,2025-03-30 17:15:00,2025-03-30 17:30:00,LONG,82376.91,4.409752684338578,-3.590247315661422,24.409752684338578,-0.18330379228952787,1,TRAILING_STOP,Candlestick Patterns
2025-03-30 20:00:00,2025-03-30 20:15:00,2025-03-30 21:30:00,LONG,82575.16,-4.40451099337878,-12.40451099337878,15.59548900662122,-40.58968823069773,5,TRAILING_STOP,Candlestick Patterns
2025-03-31 00:00:00,2025-03-31 00:15:00,2025-03-31 00:45:00,SHORT,82280.55,91.78212226340231,83.78212226340231,121.78212226340231,0.0,2,TRAILING_STOP,Candlestick Patterns
2025-03-31 04:15:00,2025-03-31 04:30:00,2025-03-31 07:00:00,SHORT,81512.0,-68.70031406418751,-76.70031406418751,0.0,-97.35621748945026,10,TIME_EXIT,Candlestick Patterns
2025-03-31 07:00:00,2025-03-31 07:15:00,2025-03-31 08:30:00,LONG,82073.07,3.2317372799626263,-4.768262720037374,23.231737279962626,-41.71039294618828,5,TRAILING_STOP,Candlestick Patterns
2025-03-31 09:45:00,2025-03-31 10:00:00,2025-03-31 11:15:00,LONG,81455.59,75.92957340312786,67.92957340312786,95.92957340312786,-2.5117981466946406,5,TRAILING_STOP,Candlestick Patterns
2025-03-31 15:45:00,2025-03-31 16:00:00,2025-03-31 16:15:00,SHORT,83418.78,-13.72308969275278,-21.72308969275278,16.27691030724722,-24.121666607927033,1,TRAILING_STOP,Candlestick Patterns
2025-04-01 00:00:00,2025-04-01 00:15:00,2025-04-01 02:00:00,SHORT,82483.5,-27.15094534058327,-35.15094534058327,2.8490546594167316,-43.840283208156855,7,TRAILING_STOP,Candlestick Patterns
2025-04-01 04:15:00,2025-04-01 04:30:00,2025-04-01 05:45:00,LONG,83047.62,14.000974380723967,6.000974380723967,34.00097438072397,-6.448107724217547,5,TRAILING_STOP,Candlestick Patterns
2025-04-01 08:30:00,2025-04-01 08:45:00,2025-04-01 11:15:00,SHORT,83989.51,-7.083027392349978,-15.083027392349978,4.006452710581855,-61.34456552967275,10,TIME_EXIT,Candlestick Patterns
2025-04-01 11:30:00,2025-04-01 11:45:00,2025-04-01 12:30:00,LONG,83982.01,0.5055820883551618,-7.494417911644838,20.505582088355162,-35.827911239561836,3,TRAILING_STOP,Candlestick Patterns
2025-04-01 15:15:00,2025-04-01 15:30:00,2025-04-01 18:00:00,SHORT,84750.49,-13.275439469434898,-21.2754394694349,0.0,-88.38414975535805,10,TIME_EXIT,Candlestick Patterns
2025-04-01 18:00:00,2025-04-01 18:15:00,2025-04-01 18:30:00,SHORT,84863.01,-29.52865211827862,-37.52865211827862,0.47134788172137665,-37.76085717440515,1,TRAILING_STOP,Candlestick Patterns
2025-04-01 23:30:00,2025-04-01 23:45:00,2025-04-02 01:30:00,SHORT,85247.55,16.059974744143226,8.059974744143226,46.059974744143226,-0.9853655618248476,7,TRAILING_STOP,Candlestick Patterns
2025-04-02 02:45:00,2025-04-02 03:00:00,2025-04-02 05:30:00,SHORT,84714.36,61.18915376330537,53.18915376330537,64.96655348632753,-21.09441657825156,10,TIME_EXIT,Candlestick Patterns
2025-04-02 07:30:00,2025-04-02 07:45:00,2025-04-02 10:15:00,SHORT,84254.0,-100.66465687089034,-108.66465687089034,0.0,-141.95171742587888,10,TIME_EXIT,Candlestick Patterns
2025-04-02 11:15:00,2025-04-02 11:30:00,2025-04-02 12:00:00,SHORT,84820.75,12.213727183501405,4.213727183501405,42.213727183501405,0.0,2,TRAILING_STOP,Candlestick Patterns
2025-04-02 17:15:00,2025-04-02 17:30:00,2025-04-02 17:45:00,SHORT,86757.05,16.918377238507183,8.918377238507183,46.91837723850718,0.0,1,TRAILING_STOP,Candlestick Patterns
2025-04-02 20:30:00,2025-04-02 20:45:00,2025-04-02 21:15:00,SHORT,85370.0,106.2000702823012,98.2000702823012,136.2000702823012,-43.71793370036326,2,TRAILING_STOP,Candlestick Patterns
2025-04-02 23:15:00,2025-04-02 23:30:00,2025-04-03 00:15:00,LONG,82842.6,32.237616878272775,24.237616878272775,52.237616878272775,-80.46826149831244,3,TRAILING_STOP,Candlestick Patterns
2025-04-03 05:30:00,2025-04-03 05:45:00,2025-04-03 08:15:00,LONG,83509.66,17.290215287668445,9.290215287668445,25.08931302079179,-61.030065264306366,10,TIME_EXIT,Candlestick Patterns
2025-04-03 09:15:00,2025-04-03 09:30:00,2025-04-03 11:00:00,SHORT,83632.31,38.107648826152385,30.107648826152385,68.10764882615238,-14.071116772932323,6,TRAILING_STOP,Candlestick Patterns
2025-04-03 13:15:00,2025-04-03 13:30:00,2025-04-03 13:45:00,LONG,82000.01,51.60121078034072,43.60121078034072,71.60121078034072,0.0,1,TRAILING_STOP,Candlestick Patterns
2025-04-03 19:30:00,2025-04-03 19:45:00,2025-04-03 22:15:00,LONG,82268.3,60.922615393778294,52.922615393778294,73.13752684813012,-56.92350516541644,10,TIME_EXIT,Candlestick Patterns
2025-04-04 02:00:00,2025-04-04 02:15:00,2025-04-04 03:30:00,LONG,83059.87,-18.785213605558127,-26.785213605558127,1.2147863944418718,-45.78865822929803,5,TRAILING_STOP,Candlestick Patterns
2025-04-04 05:45:00,2025-04-04 06:00:00,2025-04-04 06:30:00,LONG,83200.0,-12.288461538461117,-20.288461538461117,7.711538461538882,-16.435096153846782,2,TRAILING_STOP,Candlestick Patterns
2025-04-04 09:15:00,2025-04-04 09:30:00,2025-04-04 11:30:00,SHORT,84325.59,286.2254779361753,278.2254779361753,316.2254779361753,-46.7722787353167,8,TRAILING_STOP,Candlestick Patterns
2025-04-04 12:45:00,2025-04-04 13:00:00,2025-04-04 13:15:00,LONG,82879.99,2.140446686829957,-5.859553313170043,22.140446686829957,-33.99252340643507,1,TRAILING_STOP,Candlestick Patterns
2025-04-04 18:15:00,2025-04-04 18:30:00,2025-04-04 18:45:00,LONG,83966.82,18.727202006696572,10.727202006696572,38.72720200669657,-14.879687000174869,1,TRAILING_STOP,Candlestick Patterns
2025-04-04 22:30:00,2025-04-04 22:45:00,2025-04-05 00:45:00,SHORT,84079.78,51.38936614724639,43.38936614724639,81.38936614724639,-2.4048588138552653,8,TRAILING_STOP,Candlestick Patterns
2025-04-05 07:30:00,2025-04-05 07:45:00,2025-04-05 08:15:00,LONG,83456.42,3.031182022905657,-4.968817977094343,23.031182022905657,-11.596471547665097,2,TRAILING_STOP,Candlestick Patterns
2025-04-05 17:45:00,2025-04-05 18:00:00,2025-04-05 20:15:00,SHORT,82869.53,-19.150415116387954,-27.150415116387954,10.849584883612046,-33.362081334357896,9,TRAILING_STOP,Candlestick Patterns
2025-04-06 02:30:00,2025-04-06 02:45:00,2025-04-06 04:30:00,SHORT,83365.32,-5.784894726007181,-13.784894726007181,24.21510527399282,-11.88983620527041,7,TRAILING_STOP,Candlestick Patterns
2025-04-06 08:30:00,2025-04-06 08:45:00,2025-04-06 10:00:00,LONG,82961.77,5.340587598359573,-2.6594124016404272,25.340587598359573,-13.541176857727487,5,TRAILING_STOP,Candlestick Patterns
2025-04-06 11:15:00,2025-04-06 11:30:00,2025-04-06 12:30:00,LONG,82782.67,3.974824682509176,-4.025175317490824,23.974824682509176,-16.945575686311983,4,TRAILING_STOP,Candlestick Patterns
2025-04-06 19:00:00,2025-04-06 19:15:00,2025-04-06 19:30:00,LONG,79401.6,37.69782976665332,29.69782976665332,57.69782976665332,0.0,1,TRAILING_STOP,Candlestick Patterns
2025-04-06 23:30:00,2025-04-06 23:45:00,2025-04-07 00:00:00,LONG,78328.7,4.422721173720863,-3.5772788262791373,24.422721173720863,-116.02388396590304,1,TRAILING_STOP,Candlestick Patterns
2025-04-07 04:00:00,2025-04-07 04:15:00,2025-04-07 04:45:00,SHORT,77416.0,66.87919809858427,58.87919809858427,96.87919809858427,-15.908856050429302,2,TRAILING_STOP,Candlestick Patterns
2025-04-07 07:00:00,2025-04-07 07:15:00,2025-04-07 07:30:00,LONG,75087.88,33.694417794189015,25.694417794189015,53.694417794189015,-28.882157812953288,1,TRAILING_STOP,Candlestick Patterns
2025-04-07 10:00:00,2025-04-07 10:15:00,2025-04-07 10:30:00,LONG,76978.33,52.964690192681275,44.964690192681275,72.96469019268127,0.0,1,TRAILING_STOP,Candlestick Patterns
2025-04-07 14:30:00,2025-04-07 14:45:00,2025-04-07 15:15:00,SHORT,78699.9,118.65330197369937,110.65330197369937,148.65330197369937,-85.90862250142705,2,TRAILING_STOP,Candlestick Patterns
2025-04-07 18:00:00,2025-04-07 18:15:00,2025-04-07 18:30:00,SHORT,78826.09,9.338498205352636,1.3384982053526358,39.338498205352636,-38.88560246994416,1,TRAILING_STOP,Candlestick Patterns
2025-04-08 06:30:00,2025-04-08 06:45:00,2025-04-08 07:30:00,LONG,79534.0,2.6582342142990925,-5.3417657857009075,22.658234214299092,-39.49254406920384,3,TRAILING_STOP,Candlestick Patterns
2025-04-08 16:15:00,2025-04-08 16:30:00,2025-04-08 19:00:00,LONG,78119.8,-170.2270103098059,-178.2270103098059,0.0,-200.05427561258566,10,TIME_EXIT,Candlestick Patterns
2025-04-08 21:30:00,2025-04-08 21:45:00,2025-04-08 22:00:00,LONG,77060.0,-10.242668050869149,-18.24266805086915,9.757331949130851,-58.58551777835535,1,TRAILING_STOP,Candlestick Patterns
2025-04-09 02:15:00,2025-04-09 02:30:00,2025-04-09 03:00:00,SHORT,75855.19,13.53953895573975,5.539538955739751,43.53953895573975,-10.444901660650501,2,TRAILING_STOP,Candlestick Patterns
2025-04-09 07:00:00,2025-04-09 07:15:00,2025-04-09 07:45:00,LONG,77638.52,23.893160250865016,15.893160250865016,43.893160250865016,-3.0667766464375767,2,TRAILING_STOP,Candlestick Patterns
2025-04-09 11:00:00,2025-04-09 11:15:00,2025-04-09 11:45:00,SHORT,76563.99,75.41900964147827,67.41900964147827,105.41900964147827,-9.828380156258836,2,TRAILING_STOP,Candlestick Patterns
2025-04-09 14:30:00,2025-04-09 14:45:00,2025-04-09 15:00:00,SHORT,77470.01,50.80546265580708,42.80546265580708,80.80546265580708,-0.5150380127749098,1,TRAILING_STOP,Candlestick Patterns
2025-04-09 17:30:00,2025-04-09 17:45:00,2025-04-09 20:15:00,SHORT,80955.31,-137.15962547731638,-145.15962547731638,0.0,-251.33496493312205,10,TIME_EXIT,Candlestick Patterns
2025-04-09 20:30:00,2025-04-09 20:45:00,2025-04-09 21:15:00,LONG,82775.6,78.14486394541315,70.14486394541315,98.14486394541315,0.0,2,TRAILING_STOP,Candlestick Patterns
2025-04-09 23:45:00,2025-04-10 00:00:00,2025-04-10 00:45:00,SHORT,82615.22,37.666708386178584,29.666708386178584,67.66670838617858,-0.1900376226066375,3,TRAILING_STOP,Candlestick Patterns
2025-04-10 04:00:00,2025-04-10 04:15:00,2025-04-10 04:45:00,SHORT,81691.72,-23.99082306015879,-31.99082306015879,6.009176939841211,-48.601008768085535,2,TRAILING_STOP,Candlestick Patterns
2025-04-10 14:00:00,2025-04-10 14:15:00,2025-04-10 14:30:00,LONG,81103.47,71.00843650709403,63.00843650709403,91.00843650709403,0.0,1,TRAILING_STOP,Candlestick Patterns
2025-04-10 17:00:00,2025-04-10 17:15:00,2025-04-10 19:45:00,SHORT,78794.33,-108.51161498549385,-116.51161498549385,0.0,-160.4975891031759,10,TIME_EXIT,Candlestick Patterns
2025-04-10 21:00:00,2025-04-10 21:15:00,2025-04-10 22:30:00,SHORT,79809.99,3.1462264310530728,-4.853773568946927,33.14622643105307,-16.138330552351697,5,TRAILING_STOP,Candlestick Patterns
2025-04-11 02:15:00,2025-04-11 02:30:00,2025-04-11 04:30:00,LONG,80700.17,29.545124873962685,21.545124873962685,49.545124873962685,-51.319594494038135,8,TRAILING_STOP,Candlestick Patterns
2025-04-11 06:45:00,2025-04-11 07:00:00,2025-04-11 07:30:00,SHORT,81102.0,1.0719834282755052,-6.928016571724495,31.071983428275505,-38.18031614510051,2,TRAILING_STOP,Candlestick Patterns
2025-04-11 10:30:00,2025-04-11 10:45:00,2025-04-11 12:15:00,SHORT,82635.99,68.84918181533322,60.849181815333225,98.84918181533322,-32.071982195650925,6,TRAILING_STOP,Candlestick Patterns
2025-04-11 14:45:00,2025-04-11 15:00:00,2025-04-11 15:15:00,SHORT,81898.0,-20.253730249822098,-28.253730249822098,9.746269750177904,-40.758016068768825,1,TRAILING_STOP,Candlestick Patterns
2025-04-11 18:15:00,2025-04-11 18:30:00,2025-04-11 21:00:00,LONG,84034.0,-12.31406335530808,-20.31406335530808,0.0,-61.16571863769427,10,TIME_EXIT,Candlestick Patterns
2025-04-11 22:45:00,2025-04-11 23:00:00,2025-04-11 23:30:00,SHORT,83415.35,0.3721077715319545,-7.6278922284680455,30.372107771531955,-6.300998557219705,2,TRAILING_STOP,Candlestick Patterns
2025-04-12 02:15:00,2025-04-12 02:30:00,2025-04-12 02:45:00,LONG,83221.51,-18.684234400455885,-26.684234400455885,1.3157655995441135,-50.647963489246955,1,TRAILING_STOP,Candlestick Patterns
2025-04-12 05:15:00,2025-04-12 05:30:00,2025-04-12 06:00:00,SHORT,83369.75,-19.823647066232475,-27.823647066232475,10.176352933767523,-22.815229744602377,2,TRAILING_STOP,Candlestick Patterns
2025-04-12 09:15:00,2025-04-12 09:30:00,2025-04-12 11:15:00,SHORT,83450.01,-12.732177024305773,-20.732177024305773,17.267822975694227,-24.988612943245766,7,TRAILING_STOP,Candlestick Patterns
2025-04-12 15:45:00,2025-04-12 16:00:00,2025-04-12 17:30:00,SHORT,85008.4,38.987300078580134,30.987300078580134,68.98730007858013,-12.705803191215141,6,TRAILING_STOP,Candlestick Patterns
2025-04-12 23:45:00,2025-04-13 00:00:00,2025-04-13 00:45:00,SHORT,85276.91,1.0646809318024637,-6.935319068197536,31.064680931802464,-34.50054651370363,3,TRAILING_STOP,Candlestick Patterns
2025-04-13 03:30:00,2025-04-13 03:45:00,2025-04-13 06:15:00,LONG,85500.0,-94.0900584795323,-102.0900584795323,0.0,-128.72280701754406,10,TIME_EXIT,Candlestick Patterns
2025-04-13 06:45:00,2025-04-13 07:00:00,2025-04-13 08:15:00,SHORT,84608.7,9.20046047274078,1.2004604727407795,39.20046047274078,-19.04886849697469,5,TRAILING_STOP,Candlestick Patterns
2025-04-13 10:00:00,2025-04-13 10:15:00,2025-04-13 11:45:00,SHORT,84820.81,41.28675144696254,33.28675144696254,71.28675144696254,0.0,6,TRAILING_STOP,Candlestick Patterns
2025-04-13 14:00:00,2025-04-13 14:15:00,2025-04-13 15:00:00,LONG,83770.26,27.355708338497656,19.355708338497656,47.35570833849766,-7.298532916096884,3,TRAILING_STOP,Candlestick Patterns
2025-04-13 19:15:00,2025-04-13 19:30:00,2025-04-13 22:00:00,LONG,84480.74,-132.1875258194957,-140.1875258194957,0.0,-171.22364221715023,10,TIME_EXIT,Candlestick Patterns
2025-04-14 00:45:00,2025-04-14 01:00:00,2025-04-14 01:15:00,SHORT,84325.73,-24.93393060457334,-32.93393060457334,5.066069395426658,-28.189498033400533,1,TRAILING_STOP,Candlestick Patterns
2025-04-14 07:45:00,2025-04-14 08:00:00,2025-04-14 08:45:00,LONG,84580.77,24.513664276170573,16.513664276170573,44.51366427617057,-16.643263001744256,3,TRAILING_STOP,Candlestick Patterns
2025-04-14 11:45:00,2025-04-14 12:00:00,2025-04-14 13:00:00,LONG,84927.56,21.497718761731477,13.497718761731477,41.49771876173148,-20.670557354997943,4,TRAILING_STOP,Candlestick Patterns
2025-04-14 14:45:00,2025-04-14 15:00:00,2025-04-14 15:30:00,SHORT,85423.6,153.92107099209233,145.92107099209233,183.92107099209233,0.0,2,TRAILING_STOP,Candlestick Patterns
2025-04-14 18:45:00,2025-04-14 19:00:00,2025-04-14 19:45:00,LONG,84988.03,1.0511997983720178,-6.948800201627982,21.051199798372018,-25.33415588053961,3,TRAILING_STOP,Candlestick Patterns
2025-04-14 22:30:00,2025-04-14 22:45:00,2025-04-14 23:30:00,LONG,84632.0,-2.217128272993669,-10.21712827299367,17.78287172700633,-19.636780414028063,3,TRAILING_STOP,Candlestick Patterns
2025-04-15 02:45:00,2025-04-15 03:00:00,2025-04-15 04:00:00,LONG,85232.83,10.876600014336994,2.8766000143369936,30.876600014336994,-11.326621443874167,4,TRAILING_STOP,Candlestick Patterns
2025-04-15 05:30:00,2025-04-15 05:45:00,2025-04-15 08:15:00,LONG,85802.01,4.886831905220818,-3.1131680947791818,21.909743140050594,-51.474318608618724,10,TIME_EXIT,Candlestick Patterns
2025-04-15 08:30:00,2025-04-15 08:45:00,2025-04-15 09:30:00,LONG,85878.94,-9.629587882663937,-17.629587882663937,10.370412117336063,-33.714901464783814,3,TRAILING_STOP,Candlestick Patterns
2025-04-15 11:45:00,2025-04-15 12:00:00,2025-04-15 12:15:00,LONG,85589.23,-0.04655492285666796,-8.046554922856668,19.953445077143332,-16.267233622734533,1,TRAILING_STOP,Candlestick Patterns
2025-04-15 15:45:00,2025-04-15 16:00:00,2025-04-15 16:45:00,LONG,84918.15,6.8964879710649285,-1.1035120289350715,26.89648797106493,-16.352216811129374,3,TRAILING_STOP,Candlestick Patterns
2025-04-15 20:00:00,2025-04-15 20:15:00,2025-04-15 22:00:00,LONG,84168.18,-11.960144558191372,-19.960144558191374,8.039855441808628,-43.74218380390289,7,TRAILING_STOP,Candlestick Patterns
2025-04-15 23:30:00,2025-04-15 23:45:00,2025-04-16 00:15:00,SHORT,83632.77,19.115914730554074,11.115914730554074,49.115914730554074,-8.03871496782851,2,TRAILING_STOP,Candlestick Patterns
2025-04-16 02:15:00,2025-04-16 02:30:00,2025-04-16 03:30:00,LONG,83864.0,-8.552895163598206,-16.55289516359821,11.447104836401794,-21.46332156825336,4,TRAILING_STOP,Candlestick Patterns
2025-04-16 05:30:00,2025-04-16 05:45:00,2025-04-16 07:00:00,LONG,83464.92,16.224799592452236,8.224799592452236,36.224799592452236,-23.231316821485503,5,TRAILING_STOP,Candlestick Patterns
2025-04-16 10:00:00,2025-04-16 10:15:00,2025-04-16 11:15:00,LONG,83764.16,18.183394903022545,10.183394903022545,38.183394903022545,0.0,4,TRAILING_STOP,Candlestick Patterns
2025-04-16 15:00:00,2025-04-16 15:15:00,2025-04-16 15:30:00,LONG,84770.0,27.374071015689104,19.374071015689104,47.374071015689104,0.0,1,TRAILING_STOP,Candlestick Patterns
2025-04-16 18:30:00,2025-04-16 18:45:00,2025-04-16 21:15:00,SHORT,83744.79,-99.83546439127821,-107.83546439127821,0.0,-111.61768988852981,10,TIME_EXIT,Candlestick Patterns
2025-04-17 00:30:00,2025-04-17 00:45:00,2025-04-17 03:15:00,SHORT,84055.97,27.44837755129126,19.44837755129126,28.729666673289863,-52.34964274399532,10,TIME_EXIT,Candlestick Patterns
2025-04-17 09:00:00,2025-04-17 09:15:00,2025-04-17 10:00:00,LONG,84463.7,-11.936180868230899,-19.9361808682309,8.063819131769101,-26.60432824988627,3,TRAILING_STOP,Candlestick Patterns
2025-04-17 14:30:00,2025-04-17 14:45:00,2025-04-17 15:15:00,LONG,84136.62,44.85760896979251,36.85760896979251,64.85760896979251,-5.886854023848216,2,TRAILING_STOP,Candlestick Patterns
2025-04-17 18:30:00,2025-04-17 18:45:00,2025-04-17 21:15:00,LONG,85373.21,-55.86764278864604,-63.86764278864604,0.0,-102.82265361698379,10,TIME_EXIT,Candlestick Patterns
2025-04-18 02:45:00,2025-04-18 03:00:00,2025-04-18 05:30:00,SHORT,84888.0,25.874092922438912,17.874092922438912,43.979125435868646,0.0,10,TIME_EXIT,Candlestick Patterns
2025-04-18 08:45:00,2025-04-18 09:00:00,2025-04-18 11:30:00,SHORT,84647.32,6.154949737334367,-1.8450502626656329,20.68228503867659,-1.5428722374196453,10,TIME_EXIT,Candlestick Patterns
2025-04-18 12:45:00,2025-04-18 13:00:00,2025-04-18 15:30:00,SHORT,84645.6,29.90822913417868,21.90822913417868,36.33975067812217,0.0,10,TIME_EXIT,Candlestick Patterns
2025-04-18 18:30:00,2025-04-18 18:45:00,2025-04-18 21:15:00,LONG,84631.96,-13.42991465635482,-21.429914656354818,0.949995722655318,-19.51626784964129,10,TIME_EXIT,Candlestick Patterns
2025-04-18 21:15:00,2025-04-18 21:30:00,2025-04-19 00:00:00,SHORT,84518.3,12.82207521921405,4.8220752192140495,20.84164021283068,-16.740753185995302,10,TIME_EXIT,Candlestick Patterns
2025-04-19 01:00:00,2025-04-19 01:15:00,2025-04-19 03:30:00,LONG,84549.88,31.671273809021386,23.671273809021386,51.671273809021386,-7.218224319182811,9,TRAILING_STOP,Candlestick Patterns
2025-04-19 05:00:00,2025-04-19 05:15:00,2025-04-19 07:15:00,SHORT,85043.47,-11.9492313754372,-19.9492313754372,18.0507686245628,-21.480779182692455,8,TRAILING_STOP,Candlestick Patterns
2025-04-19 07:45:00,2025-04-19 08:00:00,2025-04-19 10:15:00,LONG,85217.38,5.73888096536135,-2.26111903463865,25.73888096536135,-11.96117505607513,9,TRAILING_STOP,Candlestick Patterns
2025-04-19 11:45:00,2025-04-19 12:00:00,2025-04-19 14:30:00,LONG,85217.4,17.663059422137273,9.663059422137273,33.16224151405767,-2.803418081283801,10,TIME_EXIT,Candlestick Patterns
2025-04-19 16:00:00,2025-04-19 16:15:00,2025-04-19 17:00:00,SHORT,85228.88,32.7005775507081,24.700577550708097,62.7005775507081,0.0,3,TRAILING_STOP,Candlestick Patterns
2025-04-19 19:15:00,2025-04-19 19:30:00,2025-04-19 22:00:00,LONG,85158.54,15.24333319946681,7.243333199466811,24.58825621012284,-16.781640455553717,10,TIME_EXIT,Candlestick Patterns
2025-04-19 22:30:00,2025-04-19 22:45:00,2025-04-20 01:15:00,SHORT,85241.63,-2.609053815605202,-10.609053815605202,22.44912491701538,-9.283022861011704,10,TIME_EXIT,Candlestick Patterns
2025-04-20 01:15:00,2025-04-20 01:30:00,2025-04-20 04:00:00,SHORT,85263.87,12.185700695968196,4.185700695968196,18.650338062298783,-6.672228225155558,10,TIME_EXIT,Candlestick Patterns
2025-04-20 04:00:00,2025-04-20 04:15:00,2025-04-20 06:15:00,LONG,85159.97,-9.662983676485696,-17.662983676485695,10.337016323514304,-10.564822885682224,8,TRAILING_STOP,Candlestick Patterns
2025-04-20 06:45:00,2025-04-20 07:00:00,2025-04-20 09:30:00,LONG,84955.43,-53.844704217256954,-61.844704217256954,0.0,-54.841697581895474,10,TIME_EXIT,Candlestick Patterns
2025-04-20 10:00:00,2025-04-20 10:15:00,2025-04-20 12:00:00,SHORT,84453.17,29.636600970691113,21.636600970691113,59.63660097069111,0.0,7,TRAILING_STOP,Candlestick Patterns
2025-04-20 14:15:00,2025-04-20 14:30:00,2025-04-20 15:15:00,LONG,84549.77,-8.463599605298324,-16.463599605298324,11.536400394701676,-23.885339960120184,3,TRAILING_STOP,Candlestick Patterns
2025-04-20 18:15:00,2025-04-20 18:30:00,2025-04-20 20:00:00,SHORT,84569.97,-17.935433818884075,-25.935433818884075,12.064566181115925,-46.95638416331477,6,TRAILING_STOP,Candlestick Patterns
2025-04-21 02:00:00,2025-04-21 02:15:00,2025-04-21 03:00:00,SHORT,87273.58,-12.803501357455286,-20.803501357455286,17.196498642544714,-38.776912783914476,3,TRAILING_STOP,Candlestick Patterns
2025-04-21 05:45:00,2025-04-21 06:00:00,2025-04-21 08:15:00,SHORT,87550.0,-5.25185608223892,-13.25185608223892,24.74814391776108,-17.018846373500857,9,TRAILING_STOP,Candlestick Patterns
2025-04-21 09:00:00,2025-04-21 09:15:00,2025-04-21 11:30:00,SHORT,87534.99,71.75359590490747,63.75359590490747,101.75359590490747,-4.799223716138513,9,TRAILING_STOP,Candlestick Patterns
2025-04-21 14:00:00,2025-04-21 14:15:00,2025-04-21 14:30:00,LONG,87673.01,70.44744785196842,62.44744785196842,90.44744785196842,0.0,1,TRAILING_STOP,Candlestick Patterns
2025-04-21 19:45:00,2025-04-21 20:00:00,2025-04-21 22:30:00,LONG,87415.09,-38.85141569950856,-46.85141569950856,0.0,-60.394606926561806,10,TIME_EXIT,Candlestick Patterns
2025-04-21 23:00:00,2025-04-21 23:15:00,2025-04-22 00:00:00,LONG,87230.11,35.16329166614628,27.16329166614628,55.16329166614628,-4.279485604225622,3,TRAILING_STOP,Candlestick Patterns
2025-04-22 02:00:00,2025-04-22 02:15:00,2025-04-22 02:45:00,SHORT,88352.55,21.58311786134073,13.583117861340732,51.58311786134073,0.0,2,TRAILING_STOP,Candlestick Patterns
2025-04-22 05:15:00,2025-04-22 05:30:00,2025-04-22 06:00:00,LONG,88137.03,16.534019809834753,8.534019809834753,36.53401980983475,0.0,2,TRAILING_STOP,Candlestick Patterns
2025-04-22 10:00:00,2025-04-22 10:15:00,2025-04-22 12:30:00,LONG,88590.07,17.237807803967122,9.237807803967122,37.23780780396712,-31.590448003935492,9,TRAILING_STOP,Candlestick Patterns
2025-04-22 14:30:00,2025-04-22 14:45:00,2025-04-22 15:15:00,LONG,90682.44,63.480329819092205,55.480329819092205,83.4803298190922,0.0,2,TRAILING_STOP,Candlestick Patterns
2025-04-22 18:45:00,2025-04-22 19:00:00,2025-04-22 19:30:00,LONG,91504.36,-2.263140248180207,-10.263140248180207,17.736859751819793,-65.50070401016963,2,TRAILING_STOP,Candlestick Patterns
2025-04-22 22:30:00,2025-04-22 22:45:00,2025-04-23 01:15:00,SHORT,92739.13,-59.223113264055414,-67.22311326405541,0.0,-126.15171179630413,10,TIME_EXIT,Candlestick Patterns
2025-04-23 02:15:00,2025-04-23 02:30:00,2025-04-23 03:30:00,SHORT,92999.12,3.3035409367315722,-4.696459063268428,33.30354093673157,-12.168932351187653,4,TRAILING_STOP,Candlestick Patterns
2025-04-23 05:45:00,2025-04-23 06:00:00,2025-04-23 06:30:00,LONG,93478.43,21.207367303880865,13.207367303880865,41.207367303880865,0.0,2,TRAILING_STOP,Candlestick Patterns
2025-04-23 08:30:00,2025-04-23 08:45:00,2025-04-23 09:15:00,LONG,94281.35,-7.524574054148003,-15.524574054148003,12.475425945851997,-14.203233195112658,2,TRAILING_STOP,Candlestick Patterns
2025-04-23 11:15:00,2025-04-23 11:30:00,2025-04-23 12:00:00,SHORT,93614.43,0.9759937650633503,-7.02400623493665,30.97599376506335,-24.15439585542634,2,TRAILING_STOP,Candlestick Patterns
2025-04-23 14:15:00,2025-04-23 14:30:00,2025-04-23 14:45:00,LONG,93138.69,-11.704843604736682,-19.70484360473668,8.295156395263318,-26.920069414761567,1,TRAILING_STOP,Candlestick Patterns
2025-04-23 20:30:00,2025-04-23 20:45:00,2025-04-23 22:30:00,SHORT,93688.74,18.09969693263026,10.099696932630259,48.09969693263026,-24.42022381771743,7,TRAILING_STOP,Candlestick Patterns
2025-04-23 23:15:00,2025-04-23 23:30:00,2025-04-24 00:30:00,SHORT,93695.65,19.238144993924102,11.238144993924102,49.2381449939241,-9.819025749861387,4,TRAILING_STOP,Candlestick Patterns
2025-04-24 03:00:00,2025-04-24 03:15:00,2025-04-24 04:00:00,SHORT,93140.0,51.047884904445425,43.047884904445425,81.04788490444543,-15.370410135280599,3,TRAILING_STOP,Candlestick Patterns
2025-04-24 06:15:00,2025-04-24 06:30:00,2025-04-24 07:15:00,LONG,92624.97,-18.751956410890315,-26.751956410890315,1.248043589109683,-36.53874327840563,3,TRAILING_STOP,Candlestick Patterns
2025-04-24 09:30:00,2025-04-24 09:45:00,2025-04-24 11:45:00,SHORT,92347.82,-21.645715080225095,-29.645715080225095,8.354284919774903,-33.55466322864961,8,TRAILING_STOP,Candlestick Patterns
2025-04-24 20:30:00,2025-04-24 20:45:00,2025-04-24 21:15:00,LONG,93419.21,-4.568484362050489,-12.568484362050489,15.431515637949511,-42.30500343558957,2,TRAILING_STOP,Candlestick Patterns
2025-04-25 02:00:00,2025-04-25 02:15:00,2025-04-25 03:30:00,SHORT,93571.65,46.48577320160409,38.48577320160409,76.48577320160409,0.0,5,TRAILING_STOP,Candlestick Patterns
2025-04-25 07:00:00,2025-04-25 07:15:00,2025-04-25 08:15:00,SHORT,93589.99,-20.13249173335676,-28.13249173335676,9.86750826664324,-31.842080547288738,4,TRAILING_STOP,Candlestick Patterns
2025-04-25 10:15:00,2025-04-25 10:30:00,2025-04-25 11:00:00,SHORT,93690.09,-18.3979191395806,-26.3979191395806,11.602080860419399,-34.774222118903175,2,TRAILING_STOP,Candlestick Patterns
2025-04-25 19:00:00,2025-04-25 19:15:00,2025-04-25 19:45:00,SHORT,95034.37,-23.554963325373755,-31.554963325373755,6.445036674626244,-29.872350392810457,2,TRAILING_STOP,Candlestick Patterns
2025-04-25 23:30:00,2025-04-25 23:45:00,2025-04-26 00:30:00,LONG,94759.64,-14.68550112685099,-22.68550112685099,5.3144988731490095,-23.231409490369465,3,TRAILING_STOP,Candlestick Patterns
2025-04-26 04:45:00,2025-04-26 05:00:00,2025-04-26 06:00:00,SHORT,94537.0,-13.46890635412602,-21.46890635412602,16.53109364587398,-17.94006579434569,4,TRAILING_STOP,Candlestick Patterns
2025-04-26 09:00:00,2025-04-26 09:15:00,2025-04-26 11:00:00,LONG,94355.96,-15.92182624181918,-23.92182624181918,4.078173758180821,-24.954438490160705,7,TRAILING_STOP,Candlestick Patterns
2025-04-26 13:45:00,2025-04-26 14:00:00,2025-04-26 16:30:00,LONG,94149.19,6.002347975590407,-1.997652024409593,26.002347975590407,-24.102172307589502,10,TRAILING_STOP,Candlestick Patterns
2025-04-26 16:30:00,2025-04-26 16:45:00,2025-04-26 19:15:00,SHORT,94141.21,-7.873278875425049,-15.873278875425049,4.884152221966392,-25.245054742762377,10,TIME_EXIT,Candlestick Patterns
2025-04-26 20:30:00,2025-04-26 20:45:00,2025-04-26 23:00:00,LONG,94227.97,50.046080797453115,42.046080797453115,70.04608079745311,-14.960526051871982,9,TRAILING_STOP,Candlestick Patterns
2025-04-27 02:45:00,2025-04-27 03:00:00,2025-04-27 03:15:00,LONG,94345.86,-13.217508431212007,-21.217508431212007,6.782491568787994,-20.300837789808565,1,TRAILING_STOP,Candlestick Patterns
2025-04-27 07:15:00,2025-04-27 07:30:00,2025-04-27 09:00:00,LONG,94103.95,4.2178994611818865,-3.7821005388181135,24.217899461181887,-9.922006462002427,6,TRAILING_STOP,Candlestick Patterns
2025-04-27 12:30:00,2025-04-27 12:45:00,2025-04-27 14:45:00,LONG,93845.28,15.018276891496797,7.018276891496797,35.0182768914968,-25.8617162205704,8,TRAILING_STOP,Candlestick Patterns
2025-04-27 16:30:00,2025-04-27 16:45:00,2025-04-27 19:15:00,LONG,93869.56,50.3826799656888,42.3826799656888,58.16369012489202,-8.143214903745402,10,TIME_EXIT,Candlestick Patterns
2025-04-27 20:45:00,2025-04-27 21:00:00,2025-04-27 21:30:00,SHORT,94260.87,-19.350830307423422,-27.350830307423422,10.64916969257658,-26.354520173641326,2,TRAILING_STOP,Candlestick Patterns
2025-04-28 05:00:00,2025-04-28 05:15:00,2025-04-28 07:45:00,LONG,94130.43,59.710765158515926,51.710765158515926,71.13215142011005,-10.281478582430658,10,TIME_EXIT,Candlestick Patterns
2025-04-28 09:00:00,2025-04-28 09:15:00,2025-04-28 10:30:00,SHORT,94669.67,4.878118831511969,-3.1218811684880308,34.87811883151197,-58.025976006888136,5,TRAILING_STOP,Candlestick Patterns
2025-04-28 22:15:00,2025-04-28 22:30:00,2025-04-29 01:00:00,SHORT,94518.15,-54.67415517548789,-62.67415517548789,0.0,-95.86624367912412,10,TIME_EXIT,Candlestick Patterns
2025-04-29 01:15:00,2025-04-29 01:30:00,2025-04-29 01:45:00,LONG,95010.69,27.451502562500757,19.451502562500757,47.45150256250076,-17.14859664738858,1,TRAILING_STOP,Candlestick Patterns
2025-04-29 06:30:00,2025-04-29 06:45:00,2025-04-29 09:15:00,SHORT,94584.01,-37.27902845311864,-45.27902845311864,0.0,-53.94569335768332,10,TIME_EXIT,Candlestick Patterns
2025-04-29 09:15:00,2025-04-29 09:30:00,2025-04-29 10:45:00,LONG,94936.61,-8.834655039820783,-16.83465503982078,11.165344960179217,-20.392554568780774,5,TRAILING_STOP,Candlestick Patterns
2025-04-29 12:45:00,2025-04-29 13:00:00,2025-04-29 14:00:00,SHORT,94813.14,-0.3321712581195406,-8.33217125811954,29.66782874188046,-26.816958071422878,4,TRAILING_STOP,Candlestick Patterns
2025-04-29 15:45:00,2025-04-29 16:00:00,2025-04-29 17:00:00,SHORT,94843.1,-10.587939449469644,-18.587939449469644,19.412060550530356,-65.04321347572984,4,TRAILING_STOP,Candlestick Patterns
2025-04-29 21:15:00,2025-04-29 21:30:00,2025-04-29 22:00:00,LONG,94586.41,-1.813455019596418,-9.813455019596418,18.186544980403582,-38.7381231616681,2,TRAILING_STOP,Candlestick Patterns
2025-04-30 00:45:00,2025-04-30 01:00:00,2025-04-30 01:30:00,LONG,94546.79,-13.874990361914614,-21.874990361914612,6.125009638085386,-19.756355556861696,2,TRAILING_STOP,Candlestick Patterns
2025-04-30 06:45:00,2025-04-30 07:00:00,2025-04-30 09:30:00,SHORT,94752.0,-3.4042553191489375,-11.404255319148938,26.595744680851062,-30.73602668017519,10,TRAILING_STOP,Candlestick Patterns
2025-04-30 10:15:00,2025-04-30 10:30:00,2025-04-30 12:15:00,LONG,94919.18,12.582455937778235,4.582455937778235,32.582455937778235,-3.3091309891203173,7,TRAILING_STOP,Candlestick Patterns
2025-04-30 13:00:00,2025-04-30 13:15:00,2025-04-30 14:00:00,SHORT,94282.01,115.5219293691336,107.5219293691336,145.5219293691336,-29.45418749557966,3,TRAILING_STOP,Candlestick Patterns
2025-04-30 16:30:00,2025-04-30 16:45:00,2025-04-30 18:15:00,LONG,94086.96,23.899813534202146,15.899813534202146,43.899813534202146,-35.58516504306359,6,TRAILING_STOP,Candlestick Patterns
2025-04-30 19:15:00,2025-04-30 19:30:00,2025-04-30 22:00:00,SHORT,93797.91,-83.87713542871052,-91.87713542871052,0.0,-105.13986932118235,10,TIME_EXIT,Candlestick Patterns
2025-04-30 22:00:00,2025-04-30 22:15:00,2025-05-01 00:45:00,LONG,94584.67,-18.945987758903964,-26.945987758903964,0.0,-61.28582993417414,10,TIME_EXIT,Candlestick Patterns
2025-05-01 00:45:00,2025-05-01 01:00:00,2025-05-01 03:00:00,LONG,94405.46,47.2461105533511,39.2461105533511,67.2461105533511,0.0,8,TRAILING_STOP,Candlestick Patterns
2025-05-01 06:00:00,2025-05-01 06:15:00,2025-05-01 08:15:00,SHORT,95069.21,-1.6827351358019698,-9.68273513580197,28.31726486419803,-8.62108773176845,8,TRAILING_STOP,Candlestick Patterns
2025-05-01 09:45:00,2025-05-01 10:00:00,2025-05-01 12:30:00,SHORT,95520.99,-94.49441426434079,-102.49441426434079,0.0,-98.63695926936977,10,TIME_EXIT,Candlestick Patterns
2025-05-01 12:30:00,2025-05-01 12:45:00,2025-05-01 13:30:00,LONG,96423.62,12.281509447581833,4.281509447581833,32.28150944758183,-51.687542948501566,3,TRAILING_STOP,Candlestick Patterns
2025-05-01 19:00:00,2025-05-01 19:15:00,2025-05-01 20:00:00,SHORT,96495.49,-11.009475157854528,-19.009475157854528,18.990524842145472,-23.680899490742497,3,TRAILING_STOP,Candlestick Patterns
2025-05-01 23:45:00,2025-05-02 00:00:00,2025-05-02 00:30:00,LONG,96489.9,38.30454793714179,30.30454793714179,58.30454793714179,0.0,2,TRAILING_STOP,Candlestick Patterns
2025-05-02 02:45:00,2025-05-02 03:00:00,2025-05-02 05:30:00,SHORT,96952.59,14.648396706059067,6.648396706059067,16.40492533515638,-36.8417182047434,10,TIME_EXIT,Candlestick Patterns
2025-05-02 09:45:00,2025-05-02 10:00:00,2025-05-02 12:30:00,SHORT,96596.68,-39.477547261459826,-47.477547261459826,0.0,-56.15513907931436,10,TIME_EXIT,Candlestick Patterns
2025-05-02 13:00:00,2025-05-02 13:15:00,2025-05-02 14:15:00,SHORT,96769.85,-19.935914956983048,-27.935914956983048,10.064085043016954,-47.32052390284766,4,TRAILING_STOP,Candlestick Patterns
2025-05-02 17:30:00,2025-05-02 17:45:00,2025-05-02 20:15:00,SHORT,97254.07,26.467786900846768,18.467786900846768,49.79020415289668,-37.52336534604598,10,TIME_EXIT,Candlestick Patterns
2025-05-02 20:15:00,2025-05-02 20:30:00,2025-05-02 21:30:00,LONG,96996.65,-9.050137298555526,-17.050137298555526,10.949862701444474,-20.273896057234367,4,TRAILING_STOP,Candlestick Patterns
2025-05-03 01:00:00,2025-05-03 01:15:00,2025-05-03 03:45:00,SHORT,96570.28,24.10472455914996,16.10472455914996,27.985835807869123,-13.43063310989645,10,TIME_EXIT,Candlestick Patterns
2025-05-03 05:45:00,2025-05-03 06:00:00,2025-05-03 08:30:00,SHORT,96417.15,5.7178624342235915,-2.2821375657764085,29.505124347690835,-0.49368810424383147,10,TIME_EXIT,Candlestick Patterns
2025-05-03 08:30:00,2025-05-03 08:45:00,2025-05-03 11:15:00,SHORT,96362.02,35.82116688712083,27.82116688712083,52.897396712938395,-3.550153888429471,10,TIME_EXIT,Candlestick Patterns
2025-05-03 11:30:00,2025-05-03 11:45:00,2025-05-03 13:00:00,SHORT,95942.54,-23.549263965702867,-31.549263965702867,6.450736034297134,-28.706765528618778,5,TRAILING_STOP,Candlestick Patterns
2025-05-03 14:30:00,2025-05-03 14:45:00,2025-05-03 16:00:00,LONG,96383.02,-6.883581776126308,-14.883581776126308,13.116418223873692,-9.772468221062416,5,TRAILING_STOP,Candlestick Patterns
2025-05-03 18:00:00,2025-05-03 18:15:00,2025-05-03 20:45:00,LONG,96211.49,13.49111213223996,5.4911121322399605,18.438546165327466,-11.588013032539589,10,TIME_EXIT,Candlestick Patterns
2025-05-04 03:45:00,2025-05-04 04:00:00,2025-05-04 05:45:00,SHORT,95722.22,-26.91607653896827,-34.91607653896827,3.083923461031731,-43.1153811518362,7,TRAILING_STOP,Candlestick Patterns
2025-05-04 06:45:00,2025-05-04 07:00:00,2025-05-04 09:30:00,SHORT,95905.75,42.30716093664874,34.30716093664874,50.31919358328322,-18.460832640379007,10,TIME_EXIT,Candlestick Patterns
2025-05-04 09:45:00,2025-05-04 10:00:00,2025-05-04 12:30:00,SHORT,95485.01,-4.8143682448167695,-12.81436824481677,20.760326673264835,-10.581765661438183,10,TIME_EXIT,Candlestick Patterns
2025-05-04 13:00:00,2025-05-04 13:15:00,2025-05-04 14:15:00,SHORT,95450.04,-4.754332214005714,-12.754332214005714,25.245667785994286,-12.996327712382616,4,TRAILING_STOP,Candlestick Patterns
2025-05-04 17:45:00,2025-05-04 18:00:00,2025-05-04 20:00:00,SHORT,95410.08,-23.52479318747046,-31.52479318747046,6.47520681252954,-26.557990518402185,8,TRAILING_STOP,Candlestick Patterns
2025-05-04 20:45:00,2025-05-04 21:00:00,2025-05-04 22:00:00,LONG,95719.99,-17.038236213774024,-25.038236213774024,2.961763786225977,-64.56227168431643,4,TRAILING_STOP,Candlestick Patterns
2025-05-05 01:00:00,2025-05-05 01:15:00,2025-05-05 02:00:00,SHORT,94484.34,72.68791632560387,64.68791632560387,102.68791632560387,0.0,3,TRAILING_STOP,Candlestick Patterns
2025-05-05 06:30:00,2025-05-05 06:45:00,2025-05-05 07:00:00,LONG,94707.17,-7.5099213713166435,-15.509921371316644,12.490078628683356,-14.4656418304971,1,TRAILING_STOP,Candlestick Patterns
2025-05-05 11:00:00,2025-05-05 11:15:00,2025-05-05 13:00:00,LONG,94222.07,0.3614715745463073,-7.638528425453693,20.361471574546307,-35.4555997336937,7,TRAILING_STOP,Candlestick Patterns
2025-05-05 15:30:00,2025-05-05 15:45:00,2025-05-05 18:15:00,SHORT,93731.68,-91.04819203069907,-99.04819203069907,0.0,-103.81655380550217,10,TIME_EXIT,Candlestick Patterns
2025-05-05 19:15:00,2025-05-05 19:30:00,2025-05-05 20:45:00,SHORT,94639.96,50.722772917487106,42.722772917487106,80.7227729174871,0.0,5,TRAILING_STOP,Candlestick Patterns
2025-05-05 22:15:00,2025-05-05 22:30:00,2025-05-06 01:00:00,SHORT,94887.62,18.377227714215373,10.377227714215373,48.37722771421537,-31.446673443806414,10,TRAILING_STOP,Candlestick Patterns
2025-05-06 06:45:00,2025-05-06 07:00:00,2025-05-06 08:00:00,LONG,94498.12,-16.007327976470805,-24.007327976470805,3.992672023529196,-34.97847364582423,4,TRAILING_STOP,Candlestick Patterns
2025-05-06 13:15:00,2025-05-06 13:30:00,2025-05-06 14:00:00,SHORT,93741.0,8.83039438452758,0.8303943845275796,38.83039438452758,-48.5625286694185,2,TRAILING_STOP,Candlestick Patterns
2025-05-06 16:00:00,2025-05-06 16:15:00,2025-05-06 17:30:00,LONG,94818.0,-15.936425573203522,-23.936425573203522,4.063574426796477,-63.49005463097724,5,TRAILING_STOP,Candlestick Patterns
2025-05-06 23:15:00,2025-05-06 23:30:00,2025-05-07 00:15:00,LONG,96628.24,70.11651252263302,62.116512522633016,90.11651252263302,0.0,3,TRAILING_STOP,Candlestick Patterns
2025-05-07 03:30:00,2025-05-07 03:45:00,2025-05-07 06:00:00,SHORT,96505.48,-9.836378203600816,-17.836378203600816,20.163621796399184,-21.636077039355996,9,TRAILING_STOP,Candlestick Patterns
2025-05-07 09:00:00,2025-05-07 09:15:00,2025-05-07 11:45:00,SHORT,96945.26,-10.53893712802444,-18.53893712802444,11.545690836250584,-17.096245860809002,10,TIME_EXIT,Candlestick Patterns
2025-05-07 12:15:00,2025-05-07 12:30:00,2025-05-07 13:30:00,SHORT,96978.98,-2.5878741970686328,-10.587874197068633,27.412125802931367,-34.7549541147992,4,TRAILING_STOP,Candlestick Patterns
2025-05-07 15:45:00,2025-05-07 16:00:00,2025-05-07 16:45:00,SHORT,96923.91,12.704632943512443,4.704632943512443,42.70463294351244,-3.8308400888893264,3,TRAILING_STOP,Candlestick Patterns
2025-05-07 18:45:00,2025-05-07 19:00:00,2025-05-07 19:45:00,LONG,96593.58,-16.747195828128717,-24.747195828128717,3.2528041718712832,-83.74987240352839,3,TRAILING_STOP,Candlestick Patterns
2025-05-07 22:30:00,2025-05-07 22:45:00,2025-05-07 23:30:00,LONG,97239.36,-4.508330782925821,-12.508330782925821,15.491669217074179,-24.405755035821603,3,TRAILING_STOP,Candlestick Patterns
2025-05-08 05:15:00,2025-05-08 05:30:00,2025-05-08 08:00:00,LONG,98935.99,55.22459521555253,47.22459521555253,69.32361014429638,-21.502791855623542,10,TIME_EXIT,Candlestick Patterns
2025-05-08 09:00:00,2025-05-08 09:15:00,2025-05-08 11:45:00,SHORT,99581.62,17.32046536298525,9.32046536298525,17.581557721194105,-30.766721810712127,10,TIME_EXIT,Candlestick Patterns
2025-05-08 12:00:00,2025-05-08 12:15:00,2025-05-08 14:15:00,SHORT,99383.83,-0.5012374749495727,-8.501237474949573,29.498762525050427,-25.158016148099627,8,TRAILING_STOP,Candlestick Patterns
2025-05-08 19:00:00,2025-05-08 19:15:00,2025-05-08 19:45:00,SHORT,101065.28,-20.770321914707125,-28.770321914707125,9.229678085292877,-28.070965617469923,2,TRAILING_STOP,Candlestick Patterns
2025-05-09 00:00:00,2025-05-09 00:15:00,2025-05-09 01:30:00,SHORT,103054.25,19.888286994470903,11.888286994470903,49.8882869944709,-0.1183842490728101,5,TRAILING_STOP,Candlestick Patterns
2025-05-09 05:15:00,2025-05-09 05:30:00,2025-05-09 07:45:00,LONG,102730.16,138.77907714735375,130.77907714735375,158.77907714735375,0.0,9,TRAILING_STOP,Candlestick Patterns
2025-05-09 08:15:00,2025-05-09 08:30:00,2025-05-09 09:30:00,SHORT,103623.08,86.00504443604665,78.00504443604665,116.00504443604665,0.0,4,TRAILING_STOP,Candlestick Patterns
2025-05-09 11:30:00,2025-05-09 11:45:00,2025-05-09 12:45:00,LONG,103145.68,-18.03772683451161,-26.03772683451161,1.962273165488389,-32.736223174832816,4,TRAILING_STOP,Candlestick Patterns
2025-05-09 16:00:00,2025-05-09 16:15:00,2025-05-09 16:45:00,LONG,102821.64,-11.915126037670216,-19.915126037670216,8.084873962329784,-49.26005848574289,2,TRAILING_STOP,Candlestick Patterns
2025-05-09 19:00:00,2025-05-09 19:15:00,2025-05-09 20:00:00,SHORT,103142.85,-6.598474833688435,-14.598474833688435,23.401525166311565,-25.707065492178486,3,TRAILING_STOP,Candlestick Patterns
2025-05-09 22:15:00,2025-05-09 22:30:00,2025-05-10 00:30:00,LONG,103047.61,-14.915942252324006,-22.915942252324008,5.084057747675994,-31.088542470805542,8,TRAILING_STOP,Candlestick Patterns
2025-05-10 02:30:00,2025-05-10 02:45:00,2025-05-10 05:15:00,LONG,103185.23,-0.29849233267219993,-8.2984923326722,11.215752487057545,-20.648304025682517,10,TIME_EXIT,Candlestick Patterns
2025-05-10 06:00:00,2025-05-10 06:15:00,2025-05-10 08:45:00,SHORT,103389.88,-23.7005788187387,-31.7005788187387,0.0,-68.68370482681625,10,TIME_EXIT,Candlestick Patterns
2025-05-10 09:45:00,2025-05-10 10:00:00,2025-05-10 12:15:00,SHORT,103761.91,6.421843044330842,-1.578156955669158,36.42184304433084,-11.689260538861861,9,TRAILING_STOP,Candlestick Patterns
2025-05-10 13:00:00,2025-05-10 13:15:00,2025-05-10 15:45:00,SHORT,103680.0,52.2019675925922,44.2019675925922,55.941358024691354,-3.666087962962458,10,TIME_EXIT,Candlestick Patterns
2025-05-10 16:15:00,2025-05-10 16:30:00,2025-05-10 19:00:00,SHORT,103318.32,22.53133810151076,14.531338101510759,30.293756228324774,-29.1681088116789,10,TIME_EXIT,Candlestick Patterns
2025-05-10 20:00:00,2025-05-10 20:15:00,2025-05-10 22:00:00,LONG,103214.17,36.758679549523265,28.758679549523265,56.758679549523265,-4.666994851578834,7,TRAILING_STOP,Candlestick Patterns
2025-05-10 23:00:00,2025-05-10 23:15:00,2025-05-10 23:30:00,LONG,103988.99,61.95867658681931,53.95867658681931,81.95867658681931,0.0,1,TRAILING_STOP,Candlestick Patterns
2025-05-11 03:30:00,2025-05-11 03:45:00,2025-05-11 04:30:00,LONG,104045.43,14.078382875634901,6.078382875634901,34.0783828756349,-4.612408252817129,3,TRAILING_STOP,Candlestick Patterns
2025-05-11 06:15:00,2025-05-11 06:30:00,2025-05-11 09:00:00,LONG,103952.39,28.629452386809056,20.629452386809056,28.629452386809056,-58.423861154130435,10,TIME_EXIT,Candlestick Patterns
2025-05-11 09:15:00,2025-05-11 09:30:00,2025-05-11 11:00:00,LONG,104301.57,25.58224770729654,17.58224770729654,45.58224770729654,-10.345961235291423,6,TRAILING_STOP,Candlestick Patterns
2025-05-11 12:45:00,2025-05-11 13:00:00,2025-05-11 14:30:00,SHORT,104601.89,48.964156383789614,40.964156383789614,78.96415638378961,0.0,6,TRAILING_STOP,Candlestick Patterns
2025-05-11 16:00:00,2025-05-11 16:15:00,2025-05-11 17:15:00,LONG,104038.28,-9.364491608281664,-17.364491608281664,10.635508391718336,-23.513460622379057,4,TRAILING_STOP,Candlestick Patterns
2025-05-11 18:45:00,2025-05-11 19:00:00,2025-05-11 21:30:00,SHORT,104528.19,42.93865606971686,34.93865606971686,55.08657520999815,-10.229776292882619,10,TIME_EXIT,Candlestick Patterns
2025-05-11 23:30:00,2025-05-11 23:45:00,2025-05-12 00:30:00,LONG,104006.98,40.066160944199176,32.066160944199176,60.066160944199176,0.0,3,TRAILING_STOP,Candlestick Patterns
2025-05-12 02:30:00,2025-05-12 02:45:00,2025-05-12 03:45:00,SHORT,103908.53,-10.138300484088777,-18.138300484088777,19.861699515911223,-18.43929463731282,4,TRAILING_STOP,Candlestick Patterns
2025-05-12 06:15:00,2025-05-12 06:30:00,2025-05-12 07:00:00,LONG,104201.44,135.27712476910057,127.27712476910057,155.27712476910057,0.0,2,TRAILING_STOP,Candlestick Patterns
2025-05-12 09:00:00,2025-05-12 09:15:00,2025-05-12 10:45:00,SHORT,104412.64,-4.845957347692828,-12.845957347692828,25.154042652307172,-12.16806700797939,6,TRAILING_STOP,Candlestick Patterns
2025-05-12 12:45:00,2025-05-12 13:00:00,2025-05-12 13:45:00,SHORT,103881.14,-10.21103734518196,-18.21103734518196,19.78896265481804,-72.08430712254477,3,TRAILING_STOP,Candlestick Patterns
2025-05-12 16:45:00,2025-05-12 17:00:00,2025-05-12 18:45:00,SHORT,102856.07,177.83411226969994,169.83411226969994,207.83411226969994,-17.650878552912662,7,TRAILING_STOP,Candlestick Patterns
2025-05-12 21:00:00,2025-05-12 21:15:00,2025-05-12 22:15:00,SHORT,102517.55,-13.935433494069812,-21.935433494069812,16.064566505930188,-26.51350915038427,4,TRAILING_STOP,Candlestick Patterns
2025-05-13 01:15:00,2025-05-13 01:30:00,2025-05-13 02:15:00,SHORT,102478.38,46.26389097876138,38.26389097876138,76.26389097876138,-21.803623359385885,3,TRAILING_STOP,Candlestick Patterns
2025-05-13 15:45:00,2025-05-13 16:00:00,2025-05-13 16:15:00,LONG,103682.54,48.677908546608435,40.677908546608435,68.67790854660844,0.0,1,TRAILING_STOP,Candlestick Patterns
2025-05-13 18:45:00,2025-05-13 19:00:00,2025-05-13 20:00:00,LONG,104354.19,39.610447841145394,31.610447841145394,59.610447841145394,-16.94230006480841,4,TRAILING_STOP,Candlestick Patterns
2025-05-13 23:45:00,2025-05-14 00:00:00,2025-05-14 02:30:00,SHORT,104103.72,33.78553619409577,25.78553619409577,58.297628557365115,0.0,10,TIME_EXIT,Candlestick Patterns
2025-05-14 02:45:00,2025-05-14 03:00:00,2025-05-14 05:30:00,LONG,103713.27,11.610857511290334,3.610857511290334,17.618767588756572,-25.070080231778373,10,TIME_EXIT,Candlestick Patterns
2025-05-14 12:15:00,2025-05-14 12:30:00,2025-05-14 13:45:00,SHORT,104016.69,20.437098123388147,12.437098123388147,50.43709812338815,-32.71205803607044,5,TRAILING_STOP,Candlestick Patterns
2025-05-14 15:00:00,2025-05-14 15:15:00,2025-05-14 16:30:00,LONG,103290.99,11.33090311168431,3.330903111684311,31.33090311168431,-8.142046077785276,5,TRAILING_STOP,Candlestick Patterns
2025-05-14 19:15:00,2025-05-14 19:30:00,2025-05-14 20:45:00,SHORT,103540.21,-1.2952098513218786,-9.295209851321879,28.70479014867812,-11.410059917784542,5,TRAILING_STOP,Candlestick Patterns
2025-05-14 23:00:00,2025-05-14 23:15:00,2025-05-15 01:00:00,LONG,103544.51,11.09773758164484,3.0977375816448394,31.09773758164484,-5.06545446011547,7,TRAILING_STOP,Candlestick Patterns
2025-05-15 02:15:00,2025-05-15 02:30:00,2025-05-15 05:00:00,SHORT,103009.72,37.347931826239424,29.347931826239424,37.347931826239424,-14.52095976962191,10,TIME_EXIT,Candlestick Patterns
2025-05-15 07:00:00,2025-05-15 07:15:00,2025-05-15 08:15:00,SHORT,102088.0,5.638860590862961,-2.3611394091370386,35.63886059086296,-0.7091920695875362,4,TRAILING_STOP,Candlestick Patterns
2025-05-15 13:45:00,2025-05-15 14:00:00,2025-05-15 14:15:00,LONG,102133.49,-1.0522483859124456,-9.052248385912446,18.947751614087554,-31.868097330269478,1,TRAILING_STOP,Candlestick Patterns
2025-05-15 20:15:00,2025-05-15 20:30:00,2025-05-15 21:00:00,LONG,103333.33,-4.699999506452441,-12.699999506452441,15.300000493547559,-20.643871633673957,2,TRAILING_STOP,Candlestick Patterns
2025-05-16 00:15:00,2025-05-16 00:30:00,2025-05-16 01:30:00,SHORT,103742.0,-3.579649515143675,-11.579649515143675,26.420350484856325,-35.366582483468044,4,TRAILING_STOP,Candlestick Patterns
2025-05-16 04:00:00,2025-05-16 04:15:00,2025-05-16 06:45:00,SHORT,104042.83,5.282439933631794,-2.717560066368206,21.743929879646288,-10.10833711462849,10,TIME_EXIT,Candlestick Patterns
2025-05-16 12:15:00,2025-05-16 12:30:00,2025-05-16 13:45:00,SHORT,103604.05,-14.165676920930899,-22.1656769209309,15.834323079069101,-47.858167706764526,5,TRAILING_STOP,Candlestick Patterns
2025-05-16 16:00:00,2025-05-16 16:15:00,2025-05-16 17:15:00,SHORT,104301.99,14.502506615645423,6.502506615645423,44.50250661564542,-9.040095975157673,4,TRAILING_STOP,Candlestick Patterns
2025-05-16 19:00:00,2025-05-16 19:15:00,2025-05-16 19:45:00,SHORT,103726.06,-24.273377394263875,-32.273377394263875,5.726622605736126,-31.00088830135818,2,TRAILING_STOP,Candlestick Patterns
2025-05-16 22:45:00,2025-05-16 23:00:00,2025-05-16 23:45:00,LONG,103521.96,-3.7503076641915776,-11.750307664191578,16.249692335808422,-9.760247970576305,3,TRAILING_STOP,Candlestick Patterns
2025-05-17 02:00:00,2025-05-17 02:15:00,2025-05-17 04:45:00,SHORT,102771.42,-86.27203944442965,-94.27203944442965,0.0,-87.1107940320373,10,TIME_EXIT,Candlestick Patterns
2025-05-17 06:15:00,2025-05-17 06:30:00,2025-05-17 08:15:00,SHORT,103328.24,-9.84674857521959,-17.84674857521959,20.15325142478041,-30.185358813814513,7,TRAILING_STOP,Candlestick Patterns
2025-05-17 10:45:00,2025-05-17 11:00:00,2025-05-17 13:00:00,SHORT,102873.74,-18.32841111832748,-26.32841111832748,11.671588881672522,-21.978397985724175,8,TRAILING_STOP,Candlestick Patterns
2025-05-17 14:00:00,2025-05-17 14:15:00,2025-05-17 15:45:00,LONG,102919.93,5.269158267014657,-2.7308417329853434,25.269158267014657,0.0,6,TRAILING_STOP,Candlestick Patterns
2025-05-17 21:15:00,2025-05-17 21:30:00,2025-05-18 00:00:00,SHORT,103199.91,-1.0086956471180706,-9.00869564711807,28.99130435288193,-9.698651868979004,10,TRAILING_STOP,Candlestick Patterns
2025-05-18 06:30:00,2025-05-18 06:45:00,2025-05-18 08:30:00,LONG,103478.26,38.94378200793117,30.94378200793117,58.94378200793117,-3.363991624907268,7,TRAILING_STOP,Candlestick Patterns
2025-05-18 13:30:00,2025-05-18 13:45:00,2025-05-18 14:00:00,LONG,104460.0,17.90158912502377,9.901589125023769,37.90158912502377,0.0,1,TRAILING_STOP,Candlestick Patterns
2025-05-18 16:30:00,2025-05-18 16:45:00,2025-05-18 17:15:00,LONG,105509.45,17.01564172687877,9.01564172687877,37.01564172687877,-9.311962103868423,2,TRAILING_STOP,Candlestick Patterns
2025-05-18 21:45:00,2025-05-18 22:00:00,2025-05-18 22:15:00,SHORT,104180.37,-12.791383827874789,-20.79138382787479,17.20861617212521,-84.96034329691956,1,TRAILING_STOP,Candlestick Patterns
2025-05-19 03:30:00,2025-05-19 03:45:00,2025-05-19 04:00:00,SHORT,103819.09,56.255812876032735,48.255812876032735,86.25581287603273,0.0,1,TRAILING_STOP,Candlestick Patterns
2025-05-19 07:45:00,2025-05-19 08:00:00,2025-05-19 08:45:00,SHORT,103226.29,-0.3835137347291422,-8.383513734729142,29.616486265270858,-12.720596661956195,3,TRAILING_STOP,Candlestick Patterns
2025-05-19 11:15:00,2025-05-19 11:30:00,2025-05-19 12:00:00,LONG,103047.91,-18.199866450469212,-26.199866450469212,1.8001335495307873,-37.7416679290243,2,TRAILING_STOP,Candlestick Patterns
2025-05-19 16:45:00,2025-05-19 17:00:00,2025-05-19 18:00:00,LONG,105356.43,-0.5109189823533562,-8.510918982353356,19.489081017646644,-39.45274151753139,4,TRAILING_STOP,Candlestick Patterns
2025-05-19 20:00:00,2025-05-19 20:15:00,2025-05-19 21:45:00,SHORT,105397.32,6.153670700545604,-1.8463292994543963,36.153670700545604,-30.90021643814027,6,TRAILING_STOP,Candlestick Patterns
2025-05-19 23:15:00,2025-05-19 23:30:00,2025-05-20 02:00:00,SHORT,105466.14,-112.23981459831563,-120.23981459831563,0.0,-125.48482384962628,10,TIME_EXIT,Candlestick Patterns
2025-05-20 03:45:00,2025-05-20 04:00:00,2025-05-20 05:30:00,LONG,105761.92,40.23718177582269,32.23718177582269,60.23718177582269,-20.46766927075465,6,TRAILING_STOP,Candlestick Patterns
2025-05-20 06:45:00,2025-05-20 07:00:00,2025-05-20 08:45:00,SHORT,105454.55,27.59732510356352,19.59732510356352,57.59732510356352,-25.059136850898774,7,TRAILING_STOP,Candlestick Patterns
2025-05-20 09:45:00,2025-05-20 10:00:00,2025-05-20 11:30:00,SHORT,105285.72,5.3970130042333935,-2.6029869957666065,35.39701300423339,-5.978968467898314,6,TRAILING_STOP,Candlestick Patterns
2025-05-20 13:00:00,2025-05-20 13:15:00,2025-05-20 14:00:00,SHORT,104588.8,8.635111981397792,0.6351119813977917,38.63511198139779,-4.894405519520477,3,TRAILING_STOP,Candlestick Patterns
2025-05-20 16:15:00,2025-05-20 16:30:00,2025-05-20 17:00:00,SHORT,105253.49,-23.28193297913386,-31.28193297913386,6.7180670208661395,-87.69780460486282,2,TRAILING_STOP,Candlestick Patterns
2025-05-20 19:00:00,2025-05-20 19:15:00,2025-05-20 19:45:00,LONG,105844.94,111.6482393962331,103.6482393962331,131.6482393962331,0.0,2,TRAILING_STOP,Candlestick Patterns
2025-05-20 23:15:00,2025-05-20 23:30:00,2025-05-21 00:00:00,SHORT,106972.35,1.3024814356238608,-6.697518564376139,31.30248143562386,-2.5847800856944976,2,TRAILING_STOP,Candlestick Patterns
2025-05-21 06:00:00,2025-05-21 06:15:00,2025-05-21 08:45:00,SHORT,107410.0,96.5971511032495,88.5971511032495,98.96192160878849,-53.537845638209,10,TIME_EXIT,Candlestick Patterns
2025-05-21 09:00:00,2025-05-21 09:15:00,2025-05-21 11:00:00,SHORT,106314.92,-9.785527750949399,-17.7855277509494,20.2144722490506,-17.670144510290804,7,TRAILING_STOP,Candlestick Patterns
2025-05-21 12:00:00,2025-05-21 12:15:00,2025-05-21 12:45:00,LONG,106524.19,9.6477260235438,1.6477260235438003,29.6477260235438,-4.2628815107632825,2,TRAILING_STOP,Candlestick Patterns
2025-05-21 15:15:00,2025-05-21 15:30:00,2025-05-21 15:45:00,SHORT,108915.0,3.5132901804154386,-4.486709819584561,33.51329018041544,-29.94169765413401,1,TRAILING_STOP,Candlestick Patterns
2025-05-21 23:15:00,2025-05-21 23:30:00,2025-05-22 00:00:00,SHORT,109752.66,7.903409357003284,-0.09659064299671627,37.903409357003284,-38.79905963099225,2,TRAILING_STOP,Candlestick Patterns
2025-05-22 06:15:00,2025-05-22 06:30:00,2025-05-22 07:00:00,SHORT,110835.54,3.713915229717678,-4.286084770282322,33.71391522971768,-10.542647241129139,2,TRAILING_STOP,Candlestick Patterns
2025-05-22 15:00:00,2025-05-22 15:15:00,2025-05-22 15:45:00,LONG,110952.38,32.034936068969095,24.034936068969095,52.034936068969095,0.0,2,TRAILING_STOP,Candlestick Patterns
2025-05-23 00:00:00,2025-05-23 00:15:00,2025-05-23 02:45:00,LONG,111783.37,-45.68210817047242,-53.68210817047242,0.0,-52.73324645696414,10,TIME_EXIT,Candlestick Patterns
2025-05-23 03:00:00,2025-05-23 03:15:00,2025-05-23 05:00:00,SHORT,111204.0,28.992482284810265,20.992482284810265,58.992482284810265,0.0,7,TRAILING_STOP,Candlestick Patterns
2025-05-23 06:45:00,2025-05-23 07:00:00,2025-05-23 09:30:00,SHORT,110526.01,-58.62059075506331,-66.62059075506332,0.0,-65.31946643147722,10,TIME_EXIT,Candlestick Patterns
2025-05-23 12:15:00,2025-05-23 12:30:00,2025-05-23 12:45:00,LONG,108400.02,12.560879601312976,4.560879601312976,32.560879601312976,-4.723246361024388,1,TRAILING_STOP,Candlestick Patterns
2025-05-23 15:30:00,2025-05-23 15:45:00,2025-05-23 16:15:00,SHORT,109491.76,106.15271140038254,98.15271140038254,136.15271140038254,0.0,2,TRAILING_STOP,Candlestick Patterns
2025-05-23 21:15:00,2025-05-23 21:30:00,2025-05-23 22:00:00,SHORT,108410.98,2.836157370775169,-5.163842629224831,32.83615737077517,-23.3989214007657,2,TRAILING_STOP,Candlestick Patterns
2025-05-24 03:45:00,2025-05-24 04:00:00,2025-05-24 05:00:00,LONG,108366.31,-0.06576029025957553,-8.065760290259576,19.934239709740424,-7.6204495659215254,4,TRAILING_STOP,Candlestick Patterns
2025-05-24 06:45:00,2025-05-24 07:00:00,2025-05-24 07:45:00,LONG,107959.99,4.757319818202912,-3.2426801817970876,24.757319818202912,-36.45980330305791,3,TRAILING_STOP,Candlestick Patterns
2025-05-24 12:00:00,2025-05-24 12:15:00,2025-05-24 14:45:00,SHORT,108925.1,5.354569332505164,-2.6454306674948356,35.354569332505164,-10.255671098763449,10,TRAILING_STOP,Candlestick Patterns
2025-05-24 15:15:00,2025-05-24 15:30:00,2025-05-24 17:00:00,SHORT,108953.05,-5.155353613322223,-13.155353613322223,24.844646386677777,-22.665726200413584,6,TRAILING_STOP,Candlestick Patterns
2025-05-24 20:30:00,2025-05-24 20:45:00,2025-05-24 23:00:00,SHORT,108956.15,87.88045007096801,79.88045007096801,117.88045007096801,0.0,9,TRAILING_STOP,Candlestick Patterns
2025-05-25 00:30:00,2025-05-25 00:45:00,2025-05-25 01:15:00,SHORT,107502.45,-2.423884292869875,-10.423884292869875,27.576115707130125,-36.608467993055314,2,TRAILING_STOP,Candlestick Patterns
2025-05-25 04:30:00,2025-05-25 04:45:00,2025-05-25 05:30:00,LONG,108178.54,-9.817758679308415,-17.817758679308415,10.182241320691585,-19.09066252881482,3,TRAILING_STOP,Candlestick Patterns
2025-05-25 08:00:00,2025-05-25 08:15:00,2025-05-25 09:45:00,SHORT,107496.36,43.247131344726895,35.247131344726895,73.2471313447269,-4.527595166943165,6,TRAILING_STOP,Candlestick Patterns
2025-05-25 12:30:00,2025-05-25 12:45:00,2025-05-25 13:30:00,SHORT,107421.84,-18.657799940868962,-26.657799940868962,11.34220005913104,-29.764896970672375,3,TRAILING_STOP,Candlestick Patterns
2025-05-25 16:30:00,2025-05-25 16:45:00,2025-05-25 19:15:00,LONG,107112.0,47.70427216371659,39.70427216371659,47.70520576592687,-0.041078497274098916,10,TIME_EXIT,Candlestick Patterns
2025-05-25 19:45:00,2025-05-25 20:00:00,2025-05-25 21:00:00,SHORT,107717.02,-1.4130598859857493,-9.41305988598575,28.58694011401425,-18.327651470491688,4,TRAILING_STOP,Candlestick Patterns
2025-05-26 05:15:00,2025-05-26 05:30:00,2025-05-26 07:00:00,LONG,109577.99,39.32943285417038,31.329432854170378,59.32943285417038,-5.346876685729594,6,TRAILING_STOP,Candlestick Patterns
2025-05-26 09:00:00,2025-05-26 09:15:00,2025-05-26 09:30:00,LONG,109826.88,-8.572014428526535,-16.572014428526536,11.427985571473465,-13.373775163239149,1,TRAILING_STOP,Candlestick Patterns
2025-05-26 12:30:00,2025-05-26 12:45:00,2025-05-26 15:15:00,SHORT,109716.13,-9.82156315575482,-17.82156315575482,20.17843684424518,-24.05024675952345,10,TRAILING_STOP,Candlestick Patterns
2025-05-26 15:15:00,2025-05-26 15:30:00,2025-05-26 15:45:00,LONG,109874.07,12.684690755516321,4.684690755516321,32.68469075551632,0.0,1,TRAILING_STOP,Candlestick Patterns
2025-05-26 18:00:00,2025-05-26 18:15:00,2025-05-26 18:45:00,LONG,109269.72,-2.504759781575512,-10.504759781575512,17.495240218424488,-19.19287429307965,2,TRAILING_STOP,Candlestick Patterns
2025-05-26 21:15:00,2025-05-26 21:30:00,2025-05-26 22:15:00,LONG,109304.35,33.47820100480846,25.47820100480846,53.47820100480846,-11.376491420515817,3,TRAILING_STOP,Candlestick Patterns
2025-05-27 01:15:00,2025-05-27 01:30:00,2025-05-27 02:45:00,LONG,108355.99,11.558015389827279,3.558015389827279,31.55801538982728,-42.54863990444904,5,TRAILING_STOP,Candlestick Patterns
2025-05-27 11:30:00,2025-05-27 11:45:00,2025-05-27 12:30:00,LONG,109507.99,9.122989107917899,1.122989107917899,29.1229891079179,-4.70194001369263,3,TRAILING_STOP,Candlestick Patterns
2025-05-27 14:30:00,2025-05-27 14:45:00,2025-05-27 16:15:00,LONG,109653.96,43.74963567207181,35.74963567207181,63.74963567207181,-58.696466593637346,6,TRAILING_STOP,Candlestick Patterns
2025-05-27 19:30:00,2025-05-27 19:45:00,2025-05-27 22:15:00,LONG,109913.05,-91.94176669649306,-99.94176669649306,0.0,-119.46261158251936,10,TIME_EXIT,Candlestick Patterns
2025-05-27 22:15:00,2025-05-27 22:30:00,2025-05-27 23:15:00,LONG,108902.48,3.5807302092663953,-4.419269790733605,23.580730209266395,-0.9265170086114207,3,TRAILING_STOP,Candlestick Patterns
2025-05-28 03:00:00,2025-05-28 03:15:00,2025-05-28 04:15:00,LONG,108839.03,-8.69247548420755,-16.69247548420755,11.30752451579245,-19.717191525871353,4,TRAILING_STOP,Candlestick Patterns
2025-05-28 07:15:00,2025-05-28 07:30:00,2025-05-28 08:30:00,SHORT,108881.3,-4.430871049481524,-12.430871049481524,25.569128950518476,-20.481019238381613,4,TRAILING_STOP,Candlestick Patterns
2025-05-28 10:15:00,2025-05-28 10:30:00,2025-05-28 13:00:00,LONG,108636.36,18.676988072869356,10.676988072869356,38.3877000297137,0.0,10,TIME_EXIT,Candlestick Patterns
2025-05-28 14:15:00,2025-05-28 14:30:00,2025-05-28 17:00:00,LONG,107954.55,-28.21279881209333,-36.212798812093325,0.0,-84.21136487531149,10,TIME_EXIT,Candlestick Patterns
2025-05-29 01:30:00,2025-05-29 01:45:00,2025-05-29 03:00:00,LONG,108045.45,20.645857831126023,12.645857831126023,40.64585783112602,-10.578881387416398,5,TRAILING_STOP,Candlestick Patterns
2025-05-29 04:15:00,2025-05-29 04:30:00,2025-05-29 07:00:00,LONG,107867.4,11.696768439770757,3.696768439770757,11.697695503924965,-85.23335131837788,10,TIME_EXIT,Candlestick Patterns
2025-05-29 07:00:00,2025-05-29 07:15:00,2025-05-29 09:30:00,LONG,107993.57,39.58132507333425,31.58132507333425,59.58132507333425,-28.86838540479857,9,TRAILING_STOP,Candlestick Patterns
2025-05-29 10:15:00,2025-05-29 10:30:00,2025-05-29 13:00:00,SHORT,108434.78,-1.3132317878087858,-9.313231787808785,5.653167738248088,-42.157138143315706,10,TIME_EXIT,Candlestick Patterns
2025-05-29 14:30:00,2025-05-29 14:45:00,2025-05-29 15:00:00,LONG,107200.0,30.158582089551963,22.158582089551963,50.15858208955196,0.0,1,TRAILING_STOP,Candlestick Patterns
2025-05-29 17:45:00,2025-05-29 18:00:00,2025-05-29 19:15:00,SHORT,106303.6,32.49082815633741,24.490828156337408,62.49082815633741,-29.55403203654422,5,TRAILING_STOP,Candlestick Patterns
2025-05-29 22:00:00,2025-05-29 22:15:00,2025-05-30 00:00:00,SHORT,106301.05,62.02072792319571,54.02072792319571,92.02072792319571,0.0,7,TRAILING_STOP,Candlestick Patterns
2025-05-30 05:00:00,2025-05-30 05:15:00,2025-05-30 07:45:00,SHORT,106095.24,100.59075223355931,92.59075223355931,128.89550935555675,-20.53626534046109,10,TIME_EXIT,Candlestick Patterns
2025-05-30 07:45:00,2025-05-30 08:00:00,2025-05-30 09:00:00,LONG,105028.03,12.303757387432562,4.303757387432562,32.30375738743256,-13.872487182707044,4,TRAILING_STOP,Candlestick Patterns
2025-05-30 14:00:00,2025-05-30 14:15:00,2025-05-30 15:00:00,SHORT,105571.42,8.35791921715149,0.35791921715149044,38.35791921715149,-7.087145365668756,3,TRAILING_STOP,Candlestick Patterns
2025-05-30 17:30:00,2025-05-30 17:45:00,2025-05-30 19:30:00,LONG,104094.46,65.93252705283207,57.93252705283207,85.93252705283207,-2.8224364678009426,7,TRAILING_STOP,Candlestick Patterns
2025-05-30 20:30:00,2025-05-30 20:45:00,2025-05-30 21:30:00,LONG,104714.29,-4.361255756018656,-12.361255756018656,15.638744243981344,-15.336015743409664,3,TRAILING_STOP,Candlestick Patterns
2025-05-31 00:30:00,2025-05-31 00:45:00,2025-05-31 01:15:00,LONG,104158.46,-16.479402633257227,-24.479402633257227,3.5205973667427735,-40.81569562376447,2,TRAILING_STOP,Candlestick Patterns
2025-05-31 03:30:00,2025-05-31 03:45:00,2025-05-31 05:15:00,LONG,103545.11,15.345947288095523,7.345947288095523,35.34594728809552,-5.5164362662800155,6,TRAILING_STOP,Candlestick Patterns
2025-05-31 07:30:00,2025-05-31 07:45:00,2025-05-31 10:15:00,SHORT,103715.54,30.07071071509536,22.07071071509536,36.253005094511394,-9.06035874662574,10,TIME_EXIT,Candlestick Patterns
2025-05-31 11:45:00,2025-05-31 12:00:00,2025-05-31 14:30:00,LONG,103498.17,89.8953092600583,81.8953092600583,93.82388113722182,0.0,10,TIME_EXIT,Candlestick Patterns
2025-05-31 17:15:00,2025-05-31 17:30:00,2025-05-31 19:00:00,SHORT,104475.24,-9.531035296017905,-17.531035296017905,20.468964703982095,-24.042060109169693,6,TRAILING_STOP,Candlestick Patterns
2025-05-31 21:00:00,2025-05-31 21:15:00,2025-05-31 23:45:00,SHORT,104676.12,8.04768078908453,0.04768078908453077,19.385510276842346,-21.387877196824327,10,TIME_EXIT,Candlestick Patterns
2025-06-01 01:00:00,2025-06-01 01:15:00,2025-06-01 03:45:00,LONG,104470.65,-8.57848591925056,-16.57848591925056,0.0,-52.27592630083091,10,TIME_EXIT,Candlestick Patterns
2025-06-01 06:15:00,2025-06-01 06:30:00,2025-06-01 09:00:00,LONG,104323.5,-7.004845504607593,-15.004845504607593,12.995154495392407,-16.981792213643473,10,TRAILING_STOP,Candlestick Patterns
2025-06-01 10:15:00,2025-06-01 10:30:00,2025-06-01 11:30:00,SHORT,103928.83,-18.131301006659477,-26.131301006659477,11.868698993340523,-21.496441362806017,4,TRAILING_STOP,Candlestick Patterns
2025-06-01 13:15:00,2025-06-01 13:30:00,2025-06-01 16:00:00,SHORT,104189.58,-87.1488300461524,-95.1488300461524,0.0,-106.50105317633536,10,TIME_EXIT,Candlestick Patterns
2025-06-01 18:00:00,2025-06-01 18:15:00,2025-06-01 18:45:00,SHORT,105004.01,35.161320981932136,27.161320981932136,65.16132098193214,0.0,2,TRAILING_STOP,Candlestick Patterns
2025-06-01 20:45:00,2025-06-01 21:00:00,2025-06-01 23:30:00,SHORT,104948.91,-66.29225591766469,-74.29225591766469,0.0,-87.47113238241349,10,TIME_EXIT,Candlestick Patterns
2025-06-02 04:30:00,2025-06-02 04:45:00,2025-06-02 06:15:00,SHORT,104898.24,-2.5343342271518985,-10.534334227151898,27.4656657728481,-7.375719554493511,6,TRAILING_STOP,Candlestick Patterns
2025-06-02 07:15:00,2025-06-02 07:30:00,2025-06-02 10:00:00,SHORT,105273.18,61.07348519347357,53.07348519347357,81.55828483570048,-62.926758743301164,10,TIME_EXIT,Candlestick Patterns
2025-06-02 13:45:00,2025-06-02 14:00:00,2025-06-02 16:30:00,SHORT,103799.99,-30.174376702733,-38.174376702733,0.0,-84.70713725502235,10,TIME_EXIT,Candlestick Patterns
2025-06-02 18:45:00,2025-06-02 19:00:00,2025-06-02 19:30:00,LONG,104361.54,-9.13871911050701,-17.13871911050701,10.86128088949299,-29.526202852123436,2,TRAILING_STOP,Candlestick Patterns
2025-06-02 23:45:00,2025-06-03 00:00:00,2025-06-03 02:30:00,SHORT,105858.0,-17.912675470913424,-25.912675470913424,0.0,-60.64728220824123,10,TIME_EXIT,Candlestick Patterns
2025-06-03 03:15:00,2025-06-03 03:30:00,2025-06-03 05:45:00,SHORT,105474.43,3.963682003306012,-4.036317996693988,33.96368200330601,-10.772279120163047,9,TRAILING_STOP,Candlestick Patterns
2025-06-03 07:30:00,2025-06-03 07:45:00,2025-06-03 09:30:00,SHORT,105233.16,4.272466967636767,-3.727533032363233,34.27246696763677,-4.901496828566371,7,TRAILING_STOP,Candlestick Patterns
2025-06-03 11:15:00,2025-06-03 11:30:00,2025-06-03 13:30:00,SHORT,105228.98,-11.24280972789149,-19.24280972789149,18.75719027210851,-41.59405517377459,8,TRAILING_STOP,Candlestick Patterns
2025-06-03 15:45:00,2025-06-03 16:00:00,2025-06-03 18:30:00,LONG,106610.66,-55.75333648623875,-63.75333648623875,0.0,-95.53359861012072,10,TIME_EXIT,Candlestick Patterns
2025-06-03 18:45:00,2025-06-03 19:00:00,2025-06-03 20:00:00,LONG,106013.15,19.186648071489955,11.186648071489955,39.186648071489955,-5.013528982017249,4,TRAILING_STOP,Candlestick Patterns
2025-06-03 22:00:00,2025-06-03 22:15:00,2025-06-03 23:00:00,LONG,105708.14,-1.572847653927731,-9.572847653927731,18.42715234607227,-7.325831293597856,3,TRAILING_STOP,Candlestick Patterns
2025-06-04 03:15:00,2025-06-04 03:30:00,2025-06-04 06:00:00,SHORT,105620.34,29.218803878116717,21.218803878116717,32.98607067540156,0.0,10,TIME_EXIT,Candlestick Patterns
2025-06-04 06:45:00,2025-06-04 07:00:00,2025-06-04 09:30:00,SHORT,105301.03,-26.5052573559819,-34.5052573559819,3.4947426440180984,-36.408950605706266,10,TRAILING_STOP,Candlestick Patterns
2025-06-04 10:30:00,2025-06-04 10:45:00,2025-06-04 11:15:00,LONG,105756.04,-13.948336189592576,-21.948336189592574,6.051663810407424,-33.66143437292005,2,TRAILING_STOP,Candlestick Patterns
2025-06-04 15:45:00,2025-06-04 16:00:00,2025-06-04 16:45:00,SHORT,105298.26,-10.601768728182712,-18.601768728182712,19.398231271817288,-15.8207742464131,3,TRAILING_STOP,Candlestick Patterns
2025-06-04 20:15:00,2025-06-04 20:30:00,2025-06-04 22:15:00,LONG,104681.96,14.755749701284458,6.755749701284458,34.75574970128446,-12.622041085207485,7,TRAILING_STOP,Candlestick Patterns
2025-06-05 00:45:00,2025-06-05 01:00:00,2025-06-05 01:30:00,LONG,104976.75,-2.9676571240771956,-10.967657124077196,17.032342875922804,-15.535821027036606,2,TRAILING_STOP,Candlestick Patterns
2025-06-05 04:15:00,2025-06-05 04:30:00,2025-06-05 07:00:00,SHORT,105127.14,53.94705877093247,45.94705877093247,71.07013469595002,-9.417168582727543,10,TIME_EXIT,Candlestick Patterns
2025-06-05 07:45:00,2025-06-05 08:00:00,2025-06-05 10:15:00,LONG,104518.05,18.45747217825027,10.45747217825027,38.45747217825027,-8.94869355101811,9,TRAILING_STOP,Candlestick Patterns
2025-06-05 15:00:00,2025-06-05 15:15:00,2025-06-05 17:15:00,SHORT,104356.88,86.60754901833062,78.60754901833062,116.60754901833062,-49.29526448088453,8,TRAILING_STOP,Candlestick Patterns
2025-06-05 18:15:00,2025-06-05 18:30:00,2025-06-05 21:00:00,LONG,103275.16,-269.7570257940049,-277.7570257940049,0.0,-281.0840477032433,10,TIME_EXIT,Candlestick Patterns
2025-06-05 21:45:00,2025-06-05 22:00:00,2025-06-05 22:45:00,LONG,101542.82,-3.755621520064434,-11.755621520064434,16.244378479935566,-46.587242702143996,3,TRAILING_STOP,Candlestick Patterns
2025-06-06 01:30:00,2025-06-06 01:45:00,2025-06-06 04:15:00,LONG,101919.12,61.071955880310036,53.071955880310036,67.40050345803637,-37.62885707804333,10,TIME_EXIT,Candlestick Patterns
2025-06-06 05:15:00,2025-06-06 05:30:00,2025-06-06 08:00:00,SHORT,102737.64,-61.183028926886166,-69.18302892688617,0.0,-71.15405804532828,10,TIME_EXIT,Candlestick Patterns
2025-06-06 09:15:00,2025-06-06 09:30:00,2025-06-06 11:45:00,SHORT,103576.57,-27.754318375284168,-35.75431837528417,2.245681624715832,-40.055390905490505,9,TRAILING_STOP,Candlestick Patterns
2025-06-06 12:45:00,2025-06-06 13:00:00,2025-06-06 15:30:00,SHORT,103753.26,-90.91858896771168,-98.91858896771168,0.0,-152.25931214113228,10,TIME_EXIT,Candlestick Patterns
2025-06-06 16:15:00,2025-06-06 16:30:00,2025-06-06 17:45:00,SHORT,105071.41,34.83495367579158,26.83495367579158,64.83495367579158,-1.7283483680292757,5,TRAILING_STOP,Candlestick Patterns
2025-06-06 20:15:00,2025-06-06 20:30:00,2025-06-06 23:00:00,SHORT,104357.09,8.423002212882151,0.42300221288215134,15.693231767960329,-22.865720000434077,10,TIME_EXIT,Candlestick Patterns
2025-06-06 23:00:00,2025-06-06 23:15:00,2025-06-07 00:30:00,SHORT,104269.19,8.180022305726723,0.18002230572672318,38.18002230572672,-10.193807010488294,5,TRAILING_STOP,Candlestick Patterns
2025-06-07 01:45:00,2025-06-07 02:00:00,2025-06-07 03:00:00,SHORT,104453.55,-17.99753574674964,-25.99753574674964,12.002464253250357,-32.16166420384968,4,TRAILING_STOP,Candlestick Patterns
2025-06-07 04:30:00,2025-06-07 04:45:00,2025-06-07 06:15:00,LONG,104741.77,4.653965652861885,-3.346034347138115,24.653965652861885,0.0,6,TRAILING_STOP,Candlestick Patterns
2025-06-07 09:30:00,2025-06-07 09:45:00,2025-06-07 12:15:00,SHORT,104782.88,-49.25518367122573,-57.25518367122573,0.0,-49.256138025600684,10,TIME_EXIT,Candlestick Patterns
2025-06-07 12:15:00,2025-06-07 12:30:00,2025-06-07 14:00:00,LONG,105299.0,27.5787994187979,19.5787994187979,47.5787994187979,0.0,6,TRAILING_STOP,Candlestick Patterns
2025-06-07 15:15:00,2025-06-07 15:30:00,2025-06-07 16:30:00,LONG,105456.54,-0.07520443966681611,-8.075204439666816,19.924795560333184,-5.803338512717854,4,TRAILING_STOP,Candlestick Patterns
2025-06-07 19:45:00,2025-06-07 20:00:00,2025-06-07 22:30:00,LONG,105725.91,13.598369595493624,5.598369595493624,16.466162362659873,-5.855707460924526,10,TIME_EXIT,Candlestick Patterns
2025-06-08 00:30:00,2025-06-08 00:45:00,2025-06-08 03:15:00,SHORT,105494.22,8.733179884168504,0.7331798841685035,9.497202785138592,-27.689668685165937,10,TIME_EXIT,Candlestick Patterns
2025-06-08 03:30:00,2025-06-08 03:45:00,2025-06-08 05:45:00,LONG,105479.99,-3.5855122853159713,-11.585512285315971,16.41448771468403,-6.788965376276636,8,TRAILING_STOP,Candlestick Patterns
2025-06-08 13:45:00,2025-06-08 14:00:00,2025-06-08 16:30:00,SHORT,105627.9,-52.820324933091314,-60.820324933091314,0.0,-65.59535880198412,10,TIME_EXIT,Candlestick Patterns
2025-06-08 17:00:00,2025-06-08 17:15:00,2025-06-08 19:45:00,SHORT,106176.64,-10.67560623504434,-18.67560623504434,14.709450214283764,-17.269335326489948,10,TIME_EXIT,Candlestick Patterns
2025-06-08 21:45:00,2025-06-08 22:00:00,2025-06-09 00:30:00,SHORT,106331.92,53.085658568001136,45.085658568001136,73.93922728001073,0.0,10,TIME_EXIT,Candlestick Patterns
2025-06-09 02:45:00,2025-06-09 03:00:00,2025-06-09 03:45:00,SHORT,105560.9,-7.0246369631180805,-15.02463696311808,22.97536303688192,-13.212278409903778,3,TRAILING_STOP,Candlestick Patterns
2025-06-09 05:45:00,2025-06-09 06:00:00,2025-06-09 08:30:00,SHORT,105379.12,-33.194431686277404,-41.194431686277404,0.0,-35.511778803998475,10,TIME_EXIT,Candlestick Patterns
2025-06-09 10:15:00,2025-06-09 10:30:00,2025-06-09 13:00:00,SHORT,107088.43,-52.54816043152473,-60.54816043152473,0.0,-84.18930037540068,10,TIME_EXIT,Candlestick Patterns
2025-06-09 15:00:00,2025-06-09 15:15:00,2025-06-09 15:30:00,LONG,107852.0,-8.291362237139891,-16.291362237139893,11.708637762860109,-13.314542150354729,1,TRAILING_STOP,Candlestick Patterns
2025-06-09 23:15:00,2025-06-09 23:30:00,2025-06-10 00:15:00,SHORT,110037.41,-21.49016684416696,-29.49016684416696,8.50983315583304,-25.135088148657967,3,TRAILING_STOP,Candlestick Patterns
2025-06-10 03:00:00,2025-06-10 03:15:00,2025-06-10 05:45:00,SHORT,109400.14,8.194687867857771,0.19468786785777148,18.29430931258401,-30.853708231085776,10,TIME_EXIT,Candlestick Patterns
2025-06-10 21:45:00,2025-06-10 22:00:00,2025-06-10 22:30:00,LONG,109863.06,1.566848766091379,-6.433151233908621,21.56684876609138,-9.761242768951702,2,TRAILING_STOP,Candlestick Patterns
2025-06-11 01:30:00,2025-06-11 01:45:00,2025-06-11 02:15:00,LONG,109685.16,-4.222113547539369,-12.222113547539369,15.777886452460631,-13.783997762322846,2,TRAILING_STOP,Candlestick Patterns
2025-06-11 06:15:00,2025-06-11 06:30:00,2025-06-11 09:00:00,SHORT,109456.36,-3.2341656528678806,-11.23416565286788,7.554608978409508,-26.396821527775362,10,TIME_EXIT,Candlestick Patterns
2025-06-11 12:15:00,2025-06-11 12:30:00,2025-06-11 14:30:00,LONG,109276.25,82.10452866016126,74.10452866016126,102.10452866016126,0.0,8,TRAILING_STOP,Candlestick Patterns
2025-06-11 18:30:00,2025-06-11 18:45:00,2025-06-11 19:30:00,LONG,108812.76,-6.4684987312144955,-14.468498731214495,13.531501268785505,-21.691389870084986,3,TRAILING_STOP,Candlestick Patterns
2025-06-11 22:15:00,2025-06-11 22:30:00,2025-06-12 01:00:00,SHORT,108286.29,-26.01622052062188,-34.01622052062188,0.0,-48.691297854974,10,TIME_EXIT,Candlestick Patterns
2025-06-12 01:00:00,2025-06-12 01:15:00,2025-06-12 02:00:00,SHORT,108568.01,-1.4906812789522874,-9.490681278952287,28.509318721047713,-17.591738118807303,3,TRAILING_STOP,Candlestick Patterns
2025-06-12 04:15:00,2025-06-12 04:30:00,2025-06-12 05:30:00,LONG,107614.86,8.580625389466888,0.5806253894668885,28.58062538946689,-2.49593782866052,4,TRAILING_STOP,Candlestick Patterns
2025-06-12 08:30:00,2025-06-12 08:45:00,2025-06-12 11:15:00,SHORT,107719.0,64.02120331603567,56.02120331603567,66.0979028769298,-4.878433702504006,10,TIME_EXIT,Candlestick Patterns
2025-06-12 14:30:00,2025-06-12 14:45:00,2025-06-12 15:15:00,LONG,107561.49,4.266119779485646,-3.7338802205143544,24.266119779485646,-45.503274452594724,2,TRAILING_STOP,Candlestick Patterns
2025-06-12 20:15:00,2025-06-12 20:30:00,2025-06-12 23:00:00,LONG,106901.99,-102.00184299656145,-110.00184299656145,0.0,-109.94556789822256,10,TIME_EXIT,Candlestick Patterns
2025-06-12 23:00:00,2025-06-12 23:15:00,2025-06-13 00:30:00,SHORT,105811.58,215.50337496141785,207.50337496141785,245.50337496141785,-27.508331318745302,5,TRAILING_STOP,Candlestick Patterns
2025-06-13 03:15:00,2025-06-13 03:30:00,2025-06-13 03:45:00,SHORT,104090.52,-17.506066834904573,-25.506066834904573,12.493933165095429,-47.98515753403825,1,TRAILING_STOP,Candlestick Patterns
2025-06-13 15:45:00,2025-06-13 16:00:00,2025-06-13 16:45:00,SHORT,105436.87,-23.87690472981627,-31.87690472981627,6.12309527018373,-51.60718446972152,3,TRAILING_STOP,Candlestick Patterns
2025-06-13 19:15:00,2025-06-13 19:30:00,2025-06-13 20:30:00,SHORT,105042.97,-27.89609909163785,-35.89609909163785,2.103900908362151,-44.3028219784718,4,TRAILING_STOP,Candlestick Patterns
2025-06-13 22:00:00,2025-06-13 22:15:00,2025-06-14 00:00:00,LONG,105714.31,24.007287187515217,16.007287187515217,44.00728718751522,-16.299590850093775,7,TRAILING_STOP,Candlestick Patterns
2025-06-14 03:00:00,2025-06-14 03:15:00,2025-06-14 05:45:00,SHORT,105280.0,-0.7883738601826472,-8.788373860182647,7.792553191488754,-15.19756838905775,10,TIME_EXIT,Candlestick Patterns
2025-06-14 05:45:00,2025-06-14 06:00:00,2025-06-14 07:30:00,SHORT,105288.3,17.04416350154832,9.044163501548319,47.04416350154832,0.0,6,TRAILING_STOP,Candlestick Patterns
2025-06-14 08:30:00,2025-06-14 08:45:00,2025-06-14 09:45:00,LONG,105067.99,-15.987360184582485,-23.987360184582485,4.012639815417516,-20.696122577391233,4,TRAILING_STOP,Candlestick Patterns
2025-06-14 11:15:00,2025-06-14 11:30:00,2025-06-14 14:00:00,SHORT,105009.55,-4.212950155484972,-12.212950155484972,25.18342379335947,-11.589422104941606,10,TIME_EXIT,Candlestick Patterns
2025-06-14 15:00:00,2025-06-14 15:15:00,2025-06-14 17:45:00,SHORT,104921.02,29.817666660122615,21.817666660122615,53.51835123219389,0.0,10,TIME_EXIT,Candlestick Patterns
2025-06-14 23:15:00,2025-06-14 23:30:00,2025-06-15 00:45:00,SHORT,105378.0,-19.25297500427034,-27.25297500427034,10.74702499572966,-27.1384919053309,5,TRAILING_STOP,Candlestick Patterns
2025-06-15 02:15:00,2025-06-15 02:30:00,2025-06-15 05:00:00,LONG,105596.81,-5.314554483226846,-13.314554483226846,0.0,-12.620646400208877,10,TIME_EXIT,Candlestick Patterns
2025-06-15 06:00:00,2025-06-15 06:15:00,2025-06-15 08:45:00,SHORT,105808.56,57.78076934418117,49.78076934418117,63.68766383362512,0.0,10,TIME_EXIT,Candlestick Patterns
2025-06-15 09:45:00,2025-06-15 10:00:00,2025-06-15 12:30:00,SHORT,104915.15,-18.860002583040668,-26.860002583040668,0.000953151188818899,-26.09823271472349,10,TIME_EXIT,Candlestick Patterns
2025-06-15 13:30:00,2025-06-15 13:45:00,2025-06-15 15:00:00,LONG,105505.6,11.528184285952538,3.5281842859525376,31.528184285952538,-18.651142688160515,5,TRAILING_STOP,Candlestick Patterns
2025-06-15 17:45:00,2025-06-15 18:00:00,2025-06-15 20:30:00,SHORT,105689.65,93.07060814374813,85.07060814374813,93.63736184195844,0.0,10,TIME_EXIT,Candlestick Patterns
2025-06-16 00:30:00,2025-06-16 00:45:00,2025-06-16 03:15:00,LONG,105552.01,36.10731808896959,28.107318088969592,39.65627940197461,-54.157187532478005,10,TIME_EXIT,Candlestick Patterns
2025-06-16 07:00:00,2025-06-16 07:15:00,2025-06-16 08:15:00,LONG,106695.83,33.0929840463302,25.0929840463302,53.0929840463302,0.0,4,TRAILING_STOP,Candlestick Patterns
2025-06-16 11:30:00,2025-06-16 11:45:00,2025-06-16 14:00:00,LONG,106955.09,5.351762127450758,-2.6482378725492417,25.35176212745076,-43.00870580352932,9,TRAILING_STOP,Candlestick Patterns
2025-06-16 15:15:00,2025-06-16 15:30:00,2025-06-16 16:00:00,SHORT,107486.29,-13.395091597263622,-21.395091597263622,16.604908402736378,-21.315276580855155,2,TRAILING_STOP,Candlestick Patterns
2025-06-16 20:15:00,2025-06-16 20:30:00,2025-06-16 21:00:00,LONG,108626.77,0.5290095618234787,-7.470990438176521,20.52900956182348,-6.830728742095258,2,TRAILING_STOP,Candlestick Patterns
2025-06-17 04:15:00,2025-06-17 04:30:00,2025-06-17 07:00:00,SHORT,107489.88,71.77885025083319,63.77885025083319,73.48412706386914,0.0,10,TIME_EXIT,Candlestick Patterns
2025-06-17 08:15:00,2025-06-17 08:30:00,2025-06-17 11:00:00,LONG,106812.01,-101.97729637331895,-109.97729637331895,0.0,-103.70463021901637,10,TIME_EXIT,Candlestick Patterns
2025-06-17 12:45:00,2025-06-17 13:00:00,2025-06-17 14:00:00,SHORT,105506.99,18.05274039189301,10.05274039189301,48.05274039189301,-23.4164579996072,4,TRAILING_STOP,Candlestick Patterns
2025-06-17 16:30:00,2025-06-17 16:45:00,2025-06-17 17:15:00,SHORT,104128.24,42.71994609723559,34.71994609723559,72.71994609723559,0.0,2,TRAILING_STOP,Candlestick Patterns
2025-06-18 00:00:00,2025-06-18 00:15:00,2025-06-18 00:30:00,SHORT,104574.75,-11.331057449336868,-19.331057449336868,18.668942550663132,-25.547275991575738,1,TRAILING_STOP,Candlestick Patterns
2025-06-18 03:15:00,2025-06-18 03:30:00,2025-06-18 06:00:00,SHORT,105043.41,-37.66252447440495,-45.66252447440495,0.0,-48.25243201834371,10,TIME_EXIT,Candlestick Patterns
2025-06-18 09:00:00,2025-06-18 09:15:00,2025-06-18 11:30:00,SHORT,104994.28,47.94805583694688,39.94805583694688,77.94805583694688,0.0,9,TRAILING_STOP,Candlestick Patterns
2025-06-18 12:45:00,2025-06-18 13:00:00,2025-06-18 13:30:00,SHORT,104513.99,36.97189534147644,28.97189534147644,66.97189534147644,0.0,2,TRAILING_STOP,Candlestick Patterns
2025-06-18 17:30:00,2025-06-18 17:45:00,2025-06-18 18:00:00,LONG,104191.07,29.429380080269333,21.429380080269333,49.42938008026933,-22.634377399138117,1,TRAILING_STOP,Candlestick Patterns
2025-06-18 21:00:00,2025-06-18 21:15:00,2025-06-18 23:45:00,SHORT,104417.36,-44.956126069458016,-52.956126069458016,0.0,-69.19443280312726,10,TIME_EXIT,Candlestick Patterns
2025-06-19 03:30:00,2025-06-19 03:45:00,2025-06-19 04:15:00,LONG,104964.21,-5.979983081853431,-13.979983081853431,14.020016918146569,-11.932638753723767,2,TRAILING_STOP,Candlestick Patterns
2025-06-19 08:30:00,2025-06-19 08:45:00,2025-06-19 11:00:00,LONG,104922.22,-5.578841164436126,-13.578841164436126,14.421158835563874,-18.33644007913666,9,TRAILING_STOP,Candlestick Patterns
2025-06-19 11:15:00,2025-06-19 11:30:00,2025-06-19 14:00:00,SHORT,104831.51,33.86863358163861,25.868633581638612,56.032771062822064,-8.159760362128539,10,TIME_EXIT,Candlestick Patterns
2025-06-19 14:30:00,2025-06-19 14:45:00,2025-06-19 17:15:00,SHORT,104350.01,23.395302022490473,15.395302022490473,40.32007280114211,-9.00143660743373,10,TIME_EXIT,Candlestick Patterns
2025-06-19 18:45:00,2025-06-19 19:00:00,2025-06-19 19:30:00,LONG,104392.54,-17.004575231141605,-25.004575231141605,2.995424768858395,-25.43859934819075,2,TRAILING_STOP,Candlestick Patterns
2025-06-19 23:15:00,2025-06-19 23:30:00,2025-06-20 01:45:00,SHORT,104650.18,-5.269989979951454,-13.269989979951454,24.730010020048546,-16.22739683773186,9,TRAILING_STOP,Candlestick Patterns
2025-06-20 02:15:00,2025-06-20 02:30:00,2025-06-20 05:00:00,SHORT,104684.08,30.957906875620605,22.957906875620605,42.61010843291527,-1.5207660992959247,10,TIME_EXIT,Candlestick Patterns
2025-06-20 07:00:00,2025-06-20 07:15:00,2025-06-20 08:30:00,LONG,104743.99,150.001161880504,142.001161880504,170.001161880504,0.0,5,TRAILING_STOP,Candlestick Patterns
2025-06-20 11:00:00,2025-06-20 11:15:00,2025-06-20 13:45:00,SHORT,105939.18,25.03134345574442,17.03134345574442,54.51807348329463,-19.821750555366318,10,TIME_EXIT,Candlestick Patterns
2025-06-20 17:30:00,2025-06-20 17:45:00,2025-06-20 18:15:00,LONG,102895.94,31.757144159429195,23.757144159429195,51.757144159429195,0.0,2,TRAILING_STOP,Candlestick Patterns
2025-06-20 21:00:00,2025-06-20 21:15:00,2025-06-20 23:30:00,SHORT,103534.49,25.133318375355586,17.133318375355586,55.133318375355586,-14.054253804697812,9,TRAILING_STOP,Candlestick Patterns
2025-06-21 01:00:00,2025-06-21 01:15:00,2025-06-21 03:45:00,LONG,103257.0,23.133540583204564,15.133540583204564,42.09593538452582,0.0,10,TIME_EXIT,Candlestick Patterns
2025-06-21 04:15:00,2025-06-21 04:30:00,2025-06-21 07:00:00,SHORT,103407.26,2.582990788073473,-5.417009211926527,7.471428988641104,-18.54608660939269,10,TIME_EXIT,Candlestick Patterns
2025-06-21 09:45:00,2025-06-21 10:00:00,2025-06-21 12:30:00,SHORT,103843.37,1.473372830637946,-6.526627169362054,11.482678191201874,-13.411544713928688,10,TIME_EXIT,Candlestick Patterns
2025-06-21 14:30:00,2025-06-21 14:45:00,2025-06-21 17:15:00,LONG,103687.99,-30.137530875080635,-38.137530875080635,0.0,-39.172328444210194,10,TIME_EXIT,Candlestick Patterns
2025-06-21 17:15:00,2025-06-21 17:30:00,2025-06-21 20:00:00,SHORT,103375.5,88.12532950263845,80.12532950263845,113.13125450421037,-4.615213469342969,10,TIME_EXIT,Candlestick Patterns
2025-06-21 21:00:00,2025-06-21 21:15:00,2025-06-21 21:30:00,SHORT,102494.07,105.03903201424305,97.03903201424305,135.03903201424305,0.0,1,TRAILING_STOP,Candlestick Patterns
2025-06-22 01:30:00,2025-06-22 01:45:00,2025-06-22 02:00:00,LONG,102602.63,7.4232736529263725,-0.5767263470736275,27.423273652926373,-69.84713744667253,1,TRAILING_STOP,Candlestick Patterns
2025-06-22 04:45:00,2025-06-22 05:00:00,2025-06-22 05:30:00,LONG,102548.14,16.209335439921873,8.209335439921873,36.20933543992187,0.0,2,TRAILING_STOP,Candlestick Patterns
2025-06-22 09:45:00,2025-06-22 10:00:00,2025-06-22 12:30:00,SHORT,102199.99,-45.00000440313097,-53.00000440313097,0.0,-61.74266748949728,10,TIME_EXIT,Candlestick Patterns
2025-06-22 15:30:00,2025-06-22 15:45:00,2025-06-22 16:30:00,SHORT,99287.14,31.788465253405022,23.788465253405022,61.78846525340502,-4.328858702143694,3,TRAILING_STOP,Candlestick Patterns
2025-06-22 22:45:00,2025-06-22 23:00:00,2025-06-22 23:30:00,LONG,100980.05,-14.599923450226175,-22.599923450226175,5.400076549773824,-24.05227567227434,2,TRAILING_STOP,Candlestick Patterns
2025-06-23 01:30:00,2025-06-23 01:45:00,2025-06-23 03:15:00,LONG,100860.0,33.47709696609115,25.477096966091153,53.47709696609115,0.0,6,TRAILING_STOP,Candlestick Patterns
2025-06-23 05:45:00,2025-06-23 06:00:00,2025-06-23 06:15:00,LONG,101771.01,8.856940694605232,0.8569406946052318,28.856940694605232,0.0,1,TRAILING_STOP,Candlestick Patterns
2025-06-23 09:00:00,2025-06-23 09:15:00,2025-06-23 11:45:00,SHORT,101676.97,38.1561330948401,30.1561330948401,56.47394882046607,0.0,10,TIME_EXIT,Candlestick Patterns
2025-06-23 17:45:00,2025-06-23 18:00:00,2025-06-23 18:15:00,LONG,102484.02,48.486774816209405,40.486774816209405,68.4867748162094,0.0,1,TRAILING_STOP,Candlestick Patterns
2025-06-23 21:15:00,2025-06-23 21:30:00,2025-06-23 22:00:00,SHORT,103710.37,-22.6545436102491,-30.6545436102491,7.345456389750901,-177.0430478649348,2,TRAILING_STOP,Candlestick Patterns
2025-06-24 02:15:00,2025-06-24 02:30:00,2025-06-24 02:45:00,LONG,105013.69,-18.126910881809955,-26.126910881809955,1.8730891181900429,-25.763307622082692,1,TRAILING_STOP,Candlestick Patterns
2025-06-24 10:30:00,2025-06-24 10:45:00,2025-06-24 11:30:00,LONG,105264.92,-4.504809389490765,-12.504809389490765,15.495190610509235,-25.014981249213168,3,TRAILING_STOP,Candlestick Patterns
2025-06-24 13:15:00,2025-06-24 13:30:00,2025-06-24 14:00:00,SHORT,105105.44,-3.4628388406919512,-11.462838840691951,26.53716115930805,-17.654652318661878,2,TRAILING_STOP,Candlestick Patterns
2025-06-24 16:00:00,2025-06-24 16:15:00,2025-06-24 17:00:00,LONG,105253.93,78.43527932876303,70.43527932876303,98.43527932876303,0.0,3,TRAILING_STOP,Candlestick Patterns
2025-06-24 19:45:00,2025-06-24 20:00:00,2025-06-24 21:00:00,LONG,105643.2,23.05057022127339,15.05057022127339,43.05057022127339,-16.47905402335375,4,TRAILING_STOP,Candlestick Patterns
2025-06-24 23:15:00,2025-06-24 23:30:00,2025-06-25 00:15:00,LONG,105837.9,37.83372496997822,29.83372496997822,57.83372496997822,0.0,3,TRAILING_STOP,Candlestick Patterns
2025-06-25 02:00:00,2025-06-25 02:15:00,2025-06-25 04:45:00,LONG,106725.56,-49.472684893852986,-57.472684893852986,0.0,-67.89001622479168,10,TIME_EXIT,Candlestick Patterns
2025-06-25 05:15:00,2025-06-25 05:30:00,2025-06-25 08:00:00,LONG,106144.29,44.91056466626812,36.91056466626812,52.54262852952395,-1.8126269439449534,10,TIME_EXIT,Candlestick Patterns
2025-06-25 08:15:00,2025-06-25 08:30:00,2025-06-25 09:00:00,SHORT,106462.0,-18.83451372320684,-26.83451372320684,11.16548627679316,-40.427570400705804,2,TRAILING_STOP,Candlestick Patterns
2025-06-25 11:00:00,2025-06-25 11:15:00,2025-06-25 13:00:00,SHORT,106949.02,-28.015877097330936,-36.015877097330936,1.9841229026690625,-46.15096052306059,7,TRAILING_STOP,Candlestick Patterns
2025-06-25 16:45:00,2025-06-25 17:00:00,2025-06-25 17:30:00,LONG,107139.81,16.358100691051078,8.358100691051078,36.35810069105108,-19.48948761436087,2,TRAILING_STOP,Candlestick Patterns
2025-06-25 20:45:00,2025-06-25 21:00:00,2025-06-25 23:30:00,LONG,107781.2,-54.499300434583596,-62.499300434583596,0.0,-65.06700611980595,10,TIME_EXIT,Candlestick Patterns
2025-06-26 01:15:00,2025-06-26 01:30:00,2025-06-26 02:30:00,LONG,107439.31,27.532881586823514,19.532881586823514,47.532881586823514,0.0,4,TRAILING_STOP,Candlestick Patterns
2025-06-26 04:45:00,2025-06-26 05:00:00,2025-06-26 07:30:00,LONG,107845.4,12.109927729880535,4.1099277298805355,21.617055525780856,-30.172821464800002,10,TIME_EXIT,Candlestick Patterns
2025-06-26 16:30:00,2025-06-26 16:45:00,2025-06-26 18:00:00,SHORT,107169.51,-26.969287253436548,-34.96928725343655,3.030712746563452,-38.30287177761709,5,TRAILING_STOP,Candlestick Patterns
2025-06-26 22:30:00,2025-06-26 22:45:00,2025-06-27 01:00:00,SHORT,106971.62,19.853409717455307,11.853409717455307,49.85340971745531,-19.46123654105711,9,TRAILING_STOP,Candlestick Patterns
2025-06-27 03:45:00,2025-06-27 04:00:00,2025-06-27 06:30:00,SHORT,107477.76,14.134086903187129,6.134086903187129,25.595062643657304,-8.45942453582939,10,TIME_EXIT,Candlestick Patterns
2025-06-27 08:15:00,2025-06-27 08:30:00,2025-06-27 11:00:00,SHORT,106715.52,-27.512399321110113,-35.51239932111011,0.0,-41.64623852275592,10,TIME_EXIT,Candlestick Patterns
2025-06-27 13:00:00,2025-06-27 13:15:00,2025-06-27 14:00:00,LONG,106793.0,9.255662824341766,1.2556628243417656,29.255662824341766,-40.849119324300766,3,TRAILING_STOP,Candlestick Patterns
2025-06-27 17:45:00,2025-06-27 18:00:00,2025-06-27 18:15:00,LONG,106875.75,-16.04681136740561,-24.04681136740561,3.953188632594391,-25.719585593551823,1,TRAILING_STOP,Candlestick Patterns
2025-06-27 23:45:00,2025-06-28 00:00:00,2025-06-28 01:00:00,LONG,107047.58,-7.9399422200865,-15.9399422200865,12.0600577799135,-18.682346672386732,4,TRAILING_STOP,Candlestick Patterns
2025-06-28 03:15:00,2025-06-28 03:30:00,2025-06-28 06:00:00,LONG,107179.14,19.051281807262338,11.051281807262338,19.051281807262338,0.0,10,TIME_EXIT,Candlestick Patterns
2025-06-28 08:00:00,2025-06-28 08:15:00,2025-06-28 10:45:00,SHORT,107382.76,10.090074049129607,2.0900740491296066,12.121126333499806,-3.716611493316385,10,TIME_EXIT,Candlestick Patterns
2025-06-28 11:15:00,2025-06-28 11:30:00,2025-06-28 13:30:00,LONG,107290.02,-12.228540921141583,-20.228540921141583,7.771459078858416,-19.18817798710541,8,TRAILING_STOP,Candlestick Patterns
2025-06-29 03:30:00,2025-06-29 03:45:00,2025-06-29 06:15:00,SHORT,107190.0,-13.508722828622345,-21.508722828622346,0.0,-14.927698479335271,10,TIME_EXIT,Candlestick Patterns
2025-06-29 10:45:00,2025-06-29 11:00:00,2025-06-29 12:00:00,LONG,108153.25,14.696137194212838,6.696137194212838,34.69613719421284,-5.241636289247186,4,TRAILING_STOP,Candlestick Patterns
2025-06-29 13:30:00,2025-06-29 13:45:00,2025-06-29 14:30:00,LONG,108152.57,-14.216503593027113,-22.216503593027113,5.783496406972887,-34.654747455377425,3,TRAILING_STOP,Candlestick Patterns
2025-06-29 18:45:00,2025-06-29 19:00:00,2025-06-29 21:30:00,SHORT,107640.01,6.232809714528528,-1.7671902854714716,36.23280971452853,-8.786695579088272,10,TRAILING_STOP,Candlestick Patterns
2025-06-29 23:15:00,2025-06-29 23:30:00,2025-06-30 01:00:00,LONG,108388.99,16.996377584107016,8.996377584107016,36.996377584107016,-12.287225851999132,6,TRAILING_STOP,Candlestick Patterns
2025-06-30 03:30:00,2025-06-30 03:45:00,2025-06-30 04:45:00,LONG,108524.99,-18.731167816740687,-26.731167816740687,1.268832183259314,-20.58419908631177,4,TRAILING_STOP,Candlestick Patterns
2025-06-30 09:45:00,2025-06-30 10:00:00,2025-06-30 11:15:00,SHORT,107478.78,-22.670181034805303,-30.670181034805303,7.329818965194696,-42.82984976197178,5,TRAILING_STOP,Candlestick Patterns
2025-06-30 12:30:00,2025-06-30 12:45:00,2025-06-30 14:00:00,SHORT,107628.42,16.160670202163374,8.160670202163374,46.160670202163374,-21.404197887509206,5,TRAILING_STOP,Candlestick Patterns
2025-06-30 18:30:00,2025-06-30 18:45:00,2025-06-30 20:00:00,LONG,107259.53,29.84731892821118,21.84731892821118,49.84731892821118,-4.375368790073294,5,TRAILING_STOP,Candlestick Patterns
2025-06-30 23:30:00,2025-06-30 23:45:00,2025-07-01 00:15:00,LONG,107139.99,8.865039095112362,0.8650390951123619,28.865039095112362,-4.3531831578479165,2,TRAILING_STOP,Candlestick Patterns
2025-07-01 06:30:00,2025-07-01 06:45:00,2025-07-01 08:00:00,LONG,106828.61,12.798329960485738,4.798329960485738,32.79832996048574,-19.90478018950162,5,TRAILING_STOP,Candlestick Patterns
2025-07-01 10:45:00,2025-07-01 11:00:00,2025-07-01 12:15:00,LONG,106490.42,0.2487697954430672,-7.751230204556933,20.248769795443067,-16.269069086214515,5,TRAILING_STOP,Candlestick Patterns
2025-07-01 16:15:00,2025-07-01 16:30:00,2025-07-01 18:15:00,LONG,106208.73,-12.541102788819604,-20.541102788819604,7.458897211180396,-37.07134055740954,7,TRAILING_STOP,Candlestick Patterns
2025-07-01 19:00:00,2025-07-01 19:15:00,2025-07-01 19:30:00,LONG,105657.5,-9.920261221399333,-17.920261221399333,10.079738778600667,-24.37119939426922,1,TRAILING_STOP,Candlestick Patterns
2025-07-01 22:45:00,2025-07-01 23:00:00,2025-07-02 00:00:00,SHORT,105613.21,-8.365395768199335,-16.365395768199335,21.634604231800665,-11.697400353610462,4,TRAILING_STOP,Candlestick Patterns
2025-07-02 02:45:00,2025-07-02 03:00:00,2025-07-02 05:30:00,LONG,105908.71,63.160055485521276,55.160055485521276,67.253203254009,0.0,10,TIME_EXIT,Candlestick Patterns
2025-07-02 07:00:00,2025-07-02 07:15:00,2025-07-02 08:00:00,SHORT,106922.17,-26.00924672591304,-34.009246725913044,3.99075327408696,-46.731187741513615,3,TRAILING_STOP,Candlestick Patterns
2025-07-02 10:00:00,2025-07-02 10:15:00,2025-07-02 11:30:00,LONG,107675.94,-2.884755870253503,-10.884755870253503,17.115244129746497,-14.885405226088468,5,TRAILING_STOP,Candlestick Patterns
2025-07-02 21:15:00,2025-07-02 21:30:00,2025-07-03 00:00:00,SHORT,109250.75,31.854243563544852,23.854243563544852,48.580902190602814,-26.687230980107476,10,TIME_EXIT,Candlestick Patterns
2025-07-03 01:45:00,2025-07-03 02:00:00,2025-07-03 04:15:00,SHORT,108975.96,10.886081664250739,2.8860816642507388,40.88608166425074,-2.206908753085392,9,TRAILING_STOP,Candlestick Patterns
2025-07-03 05:15:00,2025-07-03 05:30:00,2025-07-03 08:00:00,SHORT,109114.01,-25.649318543055095,-33.649318543055095,0.0,-39.773994191947054,10,TIME_EXIT,Candlestick Patterns
2025-07-03 08:00:00,2025-07-03 08:15:00,2025-07-03 09:45:00,LONG,109393.88,60.382010401313295,52.382010401313295,80.3820104013133,-1.4909426377414963,6,TRAILING_STOP,Candlestick Patterns
2025-07-03 11:00:00,2025-07-03 11:15:00,2025-07-03 12:45:00,SHORT,109657.39,52.748641017262415,44.748641017262415,82.74864101726241,-23.583453883044324,6,TRAILING_STOP,Candlestick Patterns
2025-07-03 14:00:00,2025-07-03 14:15:00,2025-07-03 16:30:00,SHORT,109949.32,54.44981742497397,46.44981742497397,84.44981742497397,0.0,9,TRAILING_STOP,Candlestick Patterns
2025-07-03 17:45:00,2025-07-03 18:00:00,2025-07-03 18:45:00,SHORT,109556.0,-9.562963233415406,-17.562963233415406,20.437036766584594,-11.205228376354993,3,TRAILING_STOP,Candlestick Patterns
2025-07-03 22:30:00,2025-07-03 22:45:00,2025-07-04 01:15:00,SHORT,109721.21,7.500828691189508,-0.4991713088104923,30.698713585094602,-9.00372863186558,10,TIME_EXIT,Candlestick Patterns
2025-07-04 01:30:00,2025-07-04 01:45:00,2025-07-04 04:15:00,SHORT,109518.48,29.190507391994696,21.190507391994696,37.87214723944211,0.0,10,TIME_EXIT,Candlestick Patterns
2025-07-04 05:30:00,2025-07-04 05:45:00,2025-07-04 08:15:00,SHORT,109130.0,30.279483185192188,22.279483185192188,56.00384862091068,-1.31311280124638,10,TIME_EXIT,Candlestick Patterns
2025-07-04 08:15:00,2025-07-04 08:30:00,2025-07-04 11:00:00,LONG,108799.57,17.082788102929637,9.082788102929637,24.855796764637304,-5.000019761108314,10,TIME_EXIT,Candlestick Patterns
2025-07-04 11:00:00,2025-07-04 11:15:00,2025-07-04 12:15:00,LONG,108985.42,-9.157265256215165,-17.157265256215165,10.842734743784835,-17.431689486538286,4,TRAILING_STOP,Candlestick Patterns
2025-07-04 14:30:00,2025-07-04 14:45:00,2025-07-04 17:15:00,LONG,107981.13,-20.477651974933945,-28.477651974933945,0.0,-59.99196341064433,10,TIME_EXIT,Candlestick Patterns
2025-07-04 17:15:00,2025-07-04 17:30:00,2025-07-04 20:00:00,SHORT,107760.01,17.792311823281636,9.792311823281636,47.792311823281636,-12.660540770180662,10,TRAILING_STOP,Candlestick Patterns
2025-07-04 20:00:00,2025-07-04 20:15:00,2025-07-04 22:45:00,LONG,107619.46,59.04972948200917,51.04972948200917,61.3151190314461,0.0,10,TIME_EXIT,Candlestick Patterns
2025-07-05 03:00:00,2025-07-05 03:15:00,2025-07-05 04:15:00,SHORT,108114.53,-22.366428453233915,-30.366428453233915,7.633571546766086,-25.109483433910423,4,TRAILING_STOP,Candlestick Patterns
2025-07-05 09:15:00,2025-07-05 09:30:00,2025-07-05 12:00:00,LONG,107928.81,10.586607968716539,2.586607968716539,26.904771765759733,0.0,10,TIME_EXIT,Candlestick Patterns
2025-07-05 14:15:00,2025-07-05 14:30:00,2025-07-05 17:00:00,SHORT,108176.99,14.749901989324368,6.749901989324368,28.863809207485364,-1.5021678824674267,10,TIME_EXIT,Candlestick Patterns
2025-07-05 21:45:00,2025-07-05 22:00:00,2025-07-06 00:30:00,SHORT,108089.99,-14.802480784760919,-22.802480784760917,0.0,-14.803405939809483,10,TIME_EXIT,Candlestick Patterns
2025-07-06 00:45:00,2025-07-06 01:00:00,2025-07-06 03:30:00,SHORT,108206.99,13.731090754858048,5.731090754858048,16.72904865018462,-5.670613330987266,10,TIME_EXIT,Candlestick Patterns
2025-07-06 04:15:00,2025-07-06 04:30:00,2025-07-06 07:00:00,SHORT,108005.0,-13.409564372019975,-21.409564372019975,3.9637053840097836,-19.72130919864821,10,TIME_EXIT,Candlestick Patterns
2025-07-06 13:45:00,2025-07-06 14:00:00,2025-07-06 16:30:00,SHORT,108772.18,2.0391243422714354,-5.960875657728565,14.726191936209519,-25.47434463481481,10,TIME_EXIT,Candlestick Patterns
2025-07-06 18:45:00,2025-07-06 19:00:00,2025-07-06 21:30:00,LONG,108464.0,93.95486059890838,85.95486059890838,113.95486059890838,-14.411233220238758,10,TRAILING_STOP,Candlestick Patterns
2025-07-06 22:30:00,2025-07-06 22:45:00,2025-07-07 01:15:00,SHORT,109331.49,39.29243075348292,31.29243075348292,59.6113708868328,0.0,10,TIME_EXIT,Candlestick Patterns
2025-07-07 02:30:00,2025-07-07 02:45:00,2025-07-07 03:45:00,LONG,109477.2,0.35126948807632274,-7.648730511923677,20.351269488076323,-10.292554066051471,4,TRAILING_STOP,Candlestick Patterns
2025-07-07 05:15:00,2025-07-07 05:30:00,2025-07-07 07:45:00,SHORT,109125.31,13.103657620766015,5.103657620766015,43.103657620766015,-4.541567854423294,9,TRAILING_STOP,Candlestick Patterns
2025-07-07 08:30:00,2025-07-07 08:45:00,2025-07-07 11:15:00,LONG,109043.99,-26.96067889665494,-34.96067889665494,0.0,-43.23667906869523,10,TIME_EXIT,Candlestick Patterns
2025-07-07 13:30:00,2025-07-07 13:45:00,2025-07-07 15:00:00,SHORT,108150.99,-13.26506303825742,-21.26506303825742,16.73493696174258,-47.064756411383264,5,TRAILING_STOP,Candlestick Patterns
2025-07-07 17:00:00,2025-07-07 17:15:00,2025-07-07 17:30:00,LONG,108028.95,10.089156656618702,2.0891566566187016,30.0891566566187,-8.420890881564725,1,TRAILING_STOP,Candlestick Patterns
2025-07-07 20:30:00,2025-07-07 20:45:00,2025-07-07 21:45:00,SHORT,108004.98,-11.022171385060098,-19.022171385060098,18.977828614939902,-19.260223000828674,4,TRAILING_STOP,Candlestick Patterns
2025-07-07 23:30:00,2025-07-07 23:45:00,2025-07-08 00:30:00,SHORT,108212.74,-28.220172597051945,-36.22017259705194,1.7798274029480552,-28.611233760461158,3,TRAILING_STOP,Candlestick Patterns
2025-07-08 02:45:00,2025-07-08 03:00:00,2025-07-08 05:30:00,LONG,107766.2,33.29337027750892,25.29337027750892,33.294298212241216,-1.5032542671075986,10,TIME_EXIT,Candlestick Patterns
2025-07-08 05:30:00,2025-07-08 05:45:00,2025-07-08 08:15:00,LONG,108125.0,24.68069364161855,16.68069364161855,36.99421965317919,0.0,10,TIME_EXIT,Candlestick Patterns
2025-07-08 09:00:00,2025-07-08 09:15:00,2025-07-08 11:45:00,LONG,108339.08,41.46627791190383,33.46627791190383,61.46627791190383,0.0,10,TRAILING_STOP,Candlestick Patterns
2025-07-08 15:15:00,2025-07-08 15:30:00,2025-07-08 16:15:00,SHORT,108271.95,-13.800051629254465,-21.800051629254465,16.199948370745535,-26.876767251351804,3,TRAILING_STOP,Candlestick Patterns
2025-07-08 19:15:00,2025-07-08 19:30:00,2025-07-08 22:00:00,SHORT,108950.0,10.190913262964555,2.190913262964555,29.92198256080771,-2.164295548416865,10,TIME_EXIT,Candlestick Patterns
2025-07-09 04:00:00,2025-07-09 04:15:00,2025-07-09 06:45:00,SHORT,108352.01,-45.03838922785097,-53.03838922785097,0.0,-54.46968634915054,10,TIME_EXIT,Candlestick Patterns
2025-07-09 10:45:00,2025-07-09 11:00:00,2025-07-09 13:30:00,LONG,108900.0,59.83379247015604,51.83379247015604,79.83379247015604,0.0,10,TRAILING_STOP,Candlestick Patterns
2025-07-09 15:00:00,2025-07-09 15:15:00,2025-07-09 16:15:00,SHORT,108829.1,-28.844059171673592,-36.84405917167359,1.1559408283264077,-41.2858325576521,4,TRAILING_STOP,Candlestick Patterns
2025-07-09 22:30:00,2025-07-09 22:45:00,2025-07-09 23:45:00,LONG,111306.6,-0.7378897567624776,-8.737889756762478,19.262110243237522,-6.88907935378563,4,TRAILING_STOP,Candlestick Patterns
2025-07-10 02:15:00,2025-07-10 02:30:00,2025-07-10 05:00:00,SHORT,111295.97,27.76919954963308,19.76919954963308,30.942719669005506,0.0,10,TIME_EXIT,Candlestick Patterns
2025-07-10 05:30:00,2025-07-10 05:45:00,2025-07-10 08:15:00,SHORT,110950.7,-27.906989320482403,-35.9069893204824,0.0,-43.42108702333643,10,TIME_EXIT,Candlestick Patterns
2025-07-10 10:15:00,2025-07-10 10:30:00,2025-07-10 13:00:00,SHORT,111009.87,9.910830451381443,1.9108304513814431,23.19793726449635,-14.780667700989268,10,TIME_EXIT,Candlestick Patterns
2025-07-10 17:15:00,2025-07-10 17:30:00,2025-07-10 18:00:00,LONG,113454.03,9.456864599697084,1.4568645996970844,29.456864599697084,-15.001670720731305,2,TRAILING_STOP,Candlestick Patterns
2025-07-10 23:15:00,2025-07-10 23:30:00,2025-07-11 00:45:00,SHORT,115788.0,18.863440080146376,10.863440080146376,48.863440080146376,-26.842159809306914,5,TRAILING_STOP,Candlestick Patterns
2025-07-11 06:00:00,2025-07-11 06:15:00,2025-07-11 07:15:00,SHORT,118030.36,17.60046482955756,9.60046482955756,47.60046482955756,-12.822124748242445,4,TRAILING_STOP,Candlestick Patterns
2025-07-11 09:00:00,2025-07-11 09:15:00,2025-07-11 09:30:00,LONG,118033.16,50.897025886623084,42.897025886623084,70.89702588662308,0.0,1,TRAILING_STOP,Candlestick Patterns
2025-07-11 12:15:00,2025-07-11 12:30:00,2025-07-11 13:45:00,SHORT,117751.04,10.559302066461285,2.559302066461285,40.559302066461285,-37.20901318578583,5,TRAILING_STOP,Candlestick Patterns
2025-07-11 16:45:00,2025-07-11 17:00:00,2025-07-11 17:30:00,LONG,117393.38,3.123961504472554,-4.876038495527446,23.123961504472554,-12.213635896675319,2,TRAILING_STOP,Candlestick Patterns
2025-07-11 19:45:00,2025-07-11 20:00:00,2025-07-11 22:30:00,LONG,118108.81,-59.7914753353287,-67.7914753353287,0.0,-81.45116354994981,10,TIME_EXIT,Candlestick Patterns
2025-07-12 03:00:00,2025-07-12 03:15:00,2025-07-12 05:00:00,LONG,117796.43,-13.196737795872593,-21.196737795872593,6.803262204127407,-21.76975991547348,7,TRAILING_STOP,Candlestick Patterns
2025-07-12 06:45:00,2025-07-12 07:00:00,2025-07-12 09:15:00,SHORT,117847.66,-11.159574997076835,-19.159574997076835,18.840425002923165,-15.982498082693477,9,TRAILING_STOP,Candlestick Patterns
2025-07-12 10:00:00,2025-07-12 10:15:00,2025-07-12 12:45:00,SHORT,117980.94,35.681187147686835,27.681187147686835,56.9015639305808,-13.563207752032158,10,TIME_EXIT,Candlestick Patterns
2025-07-12 12:45:00,2025-07-12 13:00:00,2025-07-12 14:30:00,LONG,117559.98,-5.770667875241315,-13.770667875241315,14.229332124758685,-27.313716793758495,6,TRAILING_STOP,Candlestick Patterns
2025-07-12 16:15:00,2025-07-12 16:30:00,2025-07-12 18:45:00,SHORT,117295.5,-16.657629661836985,-24.657629661836985,13.342370338163017,-21.585653328559268,9,TRAILING_STOP,Candlestick Patterns
2025-07-12 22:15:00,2025-07-12 22:30:00,2025-07-13 01:00:00,LONG,117456.01,-9.958621955573083,-17.958621955573083,0.3414044117460923,-20.133495084670077,10,TIME_EXIT,Candlestick Patterns
2025-07-13 01:45:00,2025-07-13 02:00:00,2025-07-13 03:15:00,SHORT,117553.37,-17.628597972138696,-25.628597972138696,12.371402027861304,-22.440020222304828,5,TRAILING_STOP,Candlestick Patterns
2025-07-13 05:45:00,2025-07-13 06:00:00,2025-07-13 08:30:00,LONG,117759.99,5.033969517149956,-2.9660304828500443,25.033969517149956,0.0,10,TRAILING_STOP,Candlestick Patterns
2025-07-13 09:15:00,2025-07-13 09:30:00,2025-07-13 12:00:00,LONG,117850.01,14.8646572028299,6.8646572028299,24.14000643699608,-9.406023809415991,10,TIME_EXIT,Candlestick Patterns
2025-07-13 16:15:00,2025-07-13 16:30:00,2025-07-13 17:30:00,SHORT,118823.07,7.072767098174566,-0.9272329018254339,37.072767098174566,-3.1079823135349907,4,TRAILING_STOP,Candlestick Patterns
2025-07-13 20:15:00,2025-07-13 20:30:00,2025-07-13 23:00:00,LONG,119280.0,-59.828135479544315,-67.82813547954431,0.0,-86.88128772635874,10,TIME_EXIT,Candlestick Patterns
2025-07-14 00:00:00,2025-07-14 00:15:00,2025-07-14 00:45:00,LONG,119132.0,4.414095289259464,-3.585904710740536,24.414095289259464,-6.882281838633216,2,TRAILING_STOP,Candlestick Patterns
2025-07-14 04:00:00,2025-07-14 04:15:00,2025-07-14 05:15:00,LONG,120825.73,132.30779073298413,124.30779073298413,152.30779073298413,0.0,4,TRAILING_STOP,Candlestick Patterns
2025-07-14 07:00:00,2025-07-14 07:15:00,2025-07-14 09:45:00,SHORT,122230.55,21.010295707578642,13.010295707578642,27.988911119192426,-80.78585918168551,10,TIME_EXIT,Candlestick Patterns
2025-07-14 12:00:00,2025-07-14 12:15:00,2025-07-14 13:15:00,LONG,121792.0,-5.7617905937989775,-13.761790593798978,14.238209406201022,-15.330235155018917,4,TRAILING_STOP,Candlestick Patterns
2025-07-14 20:00:00,2025-07-14 20:15:00,2025-07-14 22:45:00,SHORT,119729.24,-27.375935903375773,-35.375935903375776,0.0,-59.94859735182439,10,TIME_EXIT,Candlestick Patterns
2025-07-14 23:30:00,2025-07-14 23:45:00,2025-07-15 00:45:00,SHORT,119843.59,31.21228511262025,23.21228511262025,61.21228511262025,-8.113909137735714,4,TRAILING_STOP,Candlestick Patterns
2025-07-15 03:15:00,2025-07-15 03:30:00,2025-07-15 03:45:00,LONG,117457.51,-13.024711659560332,-21.02471165956033,6.975288340439668,-28.715916078928764,1,TRAILING_STOP,Candlestick Patterns
2025-07-15 06:45:00,2025-07-15 07:00:00,2025-07-15 09:15:00,LONG,117070.54,-6.884830291206638,-14.884830291206638,13.115169708793362,-65.81843732846826,9,TRAILING_STOP,Candlestick Patterns
2025-07-15 15:45:00,2025-07-15 16:00:00,2025-07-15 18:30:00,SHORT,116391.43,1.9937644893606077,-6.006235510639392,31.993764489360608,-121.07162872730518,10,TRAILING_STOP,Candlestick Patterns
2025-07-15 21:00:00,2025-07-15 21:15:00,2025-07-15 23:15:00,LONG,116955.34,67.00073036425735,59.00073036425735,87.00073036425735,0.0,8,TRAILING_STOP,Candlestick Patterns
2025-07-15 23:45:00,2025-07-16 00:00:00,2025-07-16 01:00:00,LONG,117758.08,17.10318646499656,9.103186464996561,37.10318646499656,-27.504694370016853,4,TRAILING_STOP,Candlestick Patterns
2025-07-16 06:45:00,2025-07-16 07:00:00,2025-07-16 09:30:00,LONG,118276.3,58.09679538504308,50.09679538504308,78.09679538504308,-19.455292395856194,10,TRAILING_STOP,Candlestick Patterns
2025-07-16 09:45:00,2025-07-16 10:00:00,2025-07-16 10:30:00,LONG,119193.38,-10.152976616654772,-18.152976616654772,9.847023383345228,-31.9338204856683,2,TRAILING_STOP,Candlestick Patterns
2025-07-16 13:30:00,2025-07-16 13:45:00,2025-07-16 14:30:00,SHORT,118353.62,-17.020253372901028,-25.020253372901028,12.979746627098972,-36.353767632963766,3,TRAILING_STOP,Candlestick Patterns
2025-07-16 21:00:00,2025-07-16 21:15:00,2025-07-16 23:30:00,SHORT,119901.16,93.53174898391337,85.53174898391337,123.53174898391337,-4.085865391126382,9,TRAILING_STOP,Candlestick Patterns
2025-07-17 01:15:00,2025-07-17 01:30:00,2025-07-17 01:45:00,SHORT,118684.57,54.34457823793001,46.34457823793001,84.34457823793001,0.0,1,TRAILING_STOP,Candlestick Patterns
2025-07-17 06:45:00,2025-07-17 07:00:00,2025-07-17 07:45:00,LONG,118452.51,-11.225175388853952,-19.225175388853952,8.774824611146048,-50.27162362367804,3,TRAILING_STOP,Candlestick Patterns
2025-07-17 13:15:00,2025-07-17 13:30:00,2025-07-17 14:30:00,LONG,117903.99,58.89554882748173,50.89554882748173,78.89554882748173,-32.51713534037307,4,TRAILING_STOP,Candlestick Patterns
2025-07-17 18:00:00,2025-07-17 18:15:00,2025-07-17 20:00:00,SHORT,119211.95,39.45444647117978,31.45444647117978,69.45444647117978,-56.049750046032095,7,TRAILING_STOP,Candlestick Patterns
2025-07-18 06:45:00,2025-07-18 07:00:00,2025-07-18 09:00:00,SHORT,120251.0,124.34383082053373,116.34383082053373,154.34383082053373,0.0,8,TRAILING_STOP,Candlestick Patterns
2025-07-18 21:45:00,2025-07-18 22:00:00,2025-07-18 23:15:00,SHORT,117676.81,-11.230796450040128,-19.230796450040128,18.769203549959872,-24.242669392550564,5,TRAILING_STOP,Candlestick Patterns
2025-07-19 00:30:00,2025-07-19 00:45:00,2025-07-19 01:15:00,SHORT,117905.21,-5.246216855048171,-13.246216855048171,24.75378314495183,-8.938536303866421,2,TRAILING_STOP,Candlestick Patterns
2025-07-19 03:45:00,2025-07-19 04:00:00,2025-07-19 05:00:00,LONG,118322.53,-17.788248780684604,-25.788248780684604,2.211751219315396,-23.523837767836483,4,TRAILING_STOP,Candlestick Patterns
2025-07-19 07:15:00,2025-07-19 07:30:00,2025-07-19 09:30:00,SHORT,118273.55,-2.073215017220427,-10.073215017220427,27.926784982779573,-2.6751543350139926,8,TRAILING_STOP,Candlestick Patterns
2025-07-19 11:30:00,2025-07-19 11:45:00,2025-07-19 14:15:00,LONG,118433.72,-46.95875465196856,-54.95875465196856,0.0,-50.67644586356044,10,TIME_EXIT,Candlestick Patterns
2025-07-19 16:15:00,2025-07-19 16:30:00,2025-07-19 17:00:00,LONG,118110.62,-17.512501416045005,-25.512501416045005,2.487498583954996,-19.09904460750454,2,TRAILING_STOP,Candlestick Patterns
2025-07-19 20:15:00,2025-07-19 20:30:00,2025-07-19 20:45:00,LONG,118003.32,-13.840851257405891,-21.84085125740589,6.159148742594108,-24.979805652926043,1,TRAILING_STOP,Candlestick Patterns
2025-07-19 23:30:00,2025-07-19 23:45:00,2025-07-20 02:15:00,SHORT,117813.87,0.8980266924430669,-7.101973307556933,13.909228174916532,-26.93485919781786,10,TIME_EXIT,Candlestick Patterns
2025-07-20 03:00:00,2025-07-20 03:15:00,2025-07-20 05:45:00,SHORT,117985.58,11.753131187726353,3.7531311877263533,15.729040786170795,-15.239150411431881,10,TIME_EXIT,Candlestick Patterns
2025-07-20 06:45:00,2025-07-20 07:00:00,2025-07-20 09:30:00,SHORT,117824.49,-22.021737586133504,-30.021737586133504,0.0,-38.419856517095305,10,TIME_EXIT,Candlestick Patterns
2025-07-20 12:45:00,2025-07-20 13:00:00,2025-07-20 14:45:00,LONG,118085.43,40.496032406369686,32.496032406369686,60.496032406369686,0.0,7,TRAILING_STOP,Candlestick Patterns
2025-07-20 16:15:00,2025-07-20 16:30:00,2025-07-20 17:00:00,LONG,118653.22,-12.456167645513982,-20.456167645513982,7.543832354486018,-41.568193429558946,2,TRAILING_STOP,Candlestick Patterns
2025-07-20 20:00:00,2025-07-20 20:15:00,2025-07-20 21:00:00,LONG,118061.0,-2.8902008283853284,-10.890200828385328,17.10979917161467,-16.221275442355626,3,TRAILING_STOP,Candlestick Patterns
2025-07-21 03:45:00,2025-07-21 04:00:00,2025-07-21 04:45:00,LONG,118404.01,-0.5276865200754379,-8.527686520075438,19.472313479924562,-10.28343550188839,3,TRAILING_STOP,Candlestick Patterns
2025-07-21 06:30:00,2025-07-21 06:45:00,2025-07-21 09:15:00,SHORT,118966.66,14.850379089401875,6.850379089401875,15.690110153550876,-59.68647014213835,10,TIME_EXIT,Candlestick Patterns
2025-07-21 10:15:00,2025-07-21 10:30:00,2025-07-21 12:00:00,SHORT,118533.49,33.67736240618648,25.677362406186482,63.67736240618648,-22.332085219121772,6,TRAILING_STOP,Candlestick Patterns
2025-07-21 14:15:00,2025-07-21 14:30:00,2025-07-21 14:45:00,LONG,118920.54,6.334391014370841,-1.6656089856291594,26.33439101437084,-11.817975263145762,1,TRAILING_STOP,Candlestick Patterns
2025-07-21 17:15:00,2025-07-21 17:30:00,2025-07-21 17:45:00,SHORT,117581.43,-7.922534196088911,-15.922534196088911,22.07746580391109,-26.68363533255209,1,TRAILING_STOP,Candlestick Patterns
2025-07-21 23:15:00,2025-07-21 23:30:00,2025-07-22 00:30:00,LONG,117348.63,-5.049676336229718,-13.049676336229718,14.950323663770282,-28.66160431527927,4,TRAILING_STOP,Candlestick Patterns
2025-07-22 03:15:00,2025-07-22 03:30:00,2025-07-22 04:15:00,LONG,117129.67,-7.906565432993302,-15.906565432993302,12.093434567006698,-24.729857089156276,3,TRAILING_STOP,Candlestick Patterns
2025-07-22 06:30:00,2025-07-22 06:45:00,2025-07-22 08:30:00,SHORT,117551.28,-24.632980602168132,-32.63298060216813,5.367019397831866,-88.75020331552358,7,TRAILING_STOP,Candlestick Patterns
2025-07-22 11:15:00,2025-07-22 11:30:00,2025-07-22 13:15:00,LONG,119055.82,13.508651656003693,5.508651656003693,33.50865165600369,-1.5790912195643112,7,TRAILING_STOP,Candlestick Patterns
2025-07-22 14:00:00,2025-07-22 14:15:00,2025-07-22 15:15:00,LONG,118406.91,45.082350345938025,37.082350345938025,65.08235034593802,-7.986864955770486,4,TRAILING_STOP,Candlestick Patterns
2025-07-22 20:45:00,2025-07-22 21:00:00,2025-07-22 22:15:00,SHORT,119703.29,-3.4276309364607123,-11.427630936460712,26.572369063539288,-16.43229689008645,5,TRAILING_STOP,Candlestick Patterns
2025-07-23 00:15:00,2025-07-23 00:30:00,2025-07-23 03:00:00,SHORT,119650.64,55.372039798533365,47.372039798533365,59.89437248308905,-17.997396420110793,10,TIME_EXIT,Candlestick Patterns
2025-07-23 06:15:00,2025-07-23 06:30:00,2025-07-23 07:45:00,LONG,118592.38,-19.99915677550322,-27.99915677550322,0.0008432244967814382,-25.64920275653525,5,TRAILING_STOP,Candlestick Patterns
2025-07-23 09:45:00,2025-07-23 10:00:00,2025-07-23 10:15:00,SHORT,118040.01,-13.41494549178795,-21.41494549178795,16.58505450821205,-21.247033103436955,1,TRAILING_STOP,Candlestick Patterns
2025-07-23 13:15:00,2025-07-23 13:30:00,2025-07-23 15:00:00,LONG,118071.0,-3.4845135554031046,-11.484513555403105,16.515486444596895,-65.21499775558775,6,TRAILING_STOP,Candlestick Patterns
2025-07-23 16:30:00,2025-07-23 16:45:00,2025-07-23 17:00:00,LONG,117771.11,-8.17621741019508,-16.17621741019508,11.82378258980492,-25.575881894974614,1,TRAILING_STOP,Candlestick Patterns
2025-07-23 20:30:00,2025-07-23 20:45:00,2025-07-23 21:15:00,LONG,117883.38,-0.793730210315573,-8.793730210315573,19.206269789684427,-40.53582447330623,2,TRAILING_STOP,Candlestick Patterns
2025-07-23 23:30:00,2025-07-23 23:45:00,2025-07-24 01:00:00,LONG,118571.68,27.809898619975186,19.809898619975186,47.809898619975186,-0.043011956986251806,5,TRAILING_STOP,Candlestick Patterns
2025-07-24 04:00:00,2025-07-24 04:15:00,2025-07-24 06:45:00,LONG,118575.0,-93.45899219903035,-101.45899219903035,0.0,-100.7775669407549,10,TIME_EXIT,Candlestick Patterns
2025-07-24 08:45:00,2025-07-24 09:00:00,2025-07-24 11:30:00,LONG,118775.29,-11.390416306286738,-19.39041630628674,0.0,-69.01267090149787,10,TIME_EXIT,Candlestick Patterns
2025-07-24 11:45:00,2025-07-24 12:00:00,2025-07-24 13:15:00,SHORT,118600.0,-3.112984822933843,-11.112984822933843,26.887015177066157,-10.752951096121318,5,TRAILING_STOP,Candlestick Patterns
2025-07-24 15:15:00,2025-07-24 15:30:00,2025-07-24 17:00:00,SHORT,119000.01,24.622684485488257,16.622684485488257,54.62268448548826,-15.999998655463033,6,TRAILING_STOP,Candlestick Patterns
2025-07-24 21:15:00,2025-07-24 21:30:00,2025-07-25 00:00:00,SHORT,118550.01,32.69506261534616,24.69506261534616,42.73048985824568,-6.417544798182788,10,TIME_EXIT,Candlestick Patterns
2025-07-25 05:00:00,2025-07-25 05:15:00,2025-07-25 07:00:00,SHORT,115350.0,5.295188556567375,-2.704811443432625,35.295188556567375,-26.86345903771091,7,TRAILING_STOP,Candlestick Patterns
2025-07-25 12:00:00,2025-07-25 12:15:00,2025-07-25 12:30:00,SHORT,116519.55,17.68126893727291,9.681268937272911,47.68126893727291,0.0,1,TRAILING_STOP,Candlestick Patterns
2025-07-25 17:30:00,2025-07-25 17:45:00,2025-07-25 19:45:00,LONG,116219.99,46.87489819952671,38.87489819952671,66.87489819952671,-15.271899438298457,8,TRAILING_STOP,Candlestick Patterns
2025-07-25 22:15:00,2025-07-25 22:30:00,2025-07-26 01:00:00,LONG,117238.83,26.588460495554344,18.588460495554344,33.36522549738839,-4.435390561301235,10,TIME_EXIT,Candlestick Patterns
2025-07-26 02:45:00,2025-07-26 03:00:00,2025-07-26 05:30:00,SHORT,117469.01,-1.7570591596881102,-9.75705915968811,6.134383868562242,-10.950122079006595,10,TIME_EXIT,Candlestick Patterns
2025-07-26 07:30:00,2025-07-26 07:45:00,2025-07-26 10:15:00,LONG,117348.16,35.946878076315954,27.946878076315954,37.659729815959025,-3.7239612448969877,10,TIME_EXIT,Candlestick Patterns
2025-07-26 12:00:00,2025-07-26 12:15:00,2025-07-26 14:45:00,LONG,117809.15,21.716479577351258,13.716479577351258,34.874201197445686,0.0,10,TIME_EXIT,Candlestick Patterns
2025-07-26 16:45:00,2025-07-26 17:00:00,2025-07-26 19:30:00,LONG,118081.19,6.334624507087277,-1.6653754929127231,6.335471382020936,-11.791039707509377,10,TIME_EXIT,Candlestick Patterns
2025-07-26 22:15:00,2025-07-26 22:30:00,2025-07-27 01:00:00,SHORT,118060.68,-2.9493308017544018,-10.949330801754401,19.920264731661128,-6.961674284783244,10,TIME_EXIT,Candlestick Patterns
2025-07-27 03:45:00,2025-07-27 04:00:00,2025-07-27 06:30:00,SHORT,118182.83,-13.14404131293831,-21.14404131293831,1.860676377440381,-14.14503274291183,10,TIME_EXIT,Candlestick Patterns
2025-07-27 06:45:00,2025-07-27 07:00:00,2025-07-27 09:30:00,SHORT,118263.4,31.705498066180397,23.705498066180397,33.93780324259244,0.0,10,TIME_EXIT,Candlestick Patterns
2025-07-27 10:45:00,2025-07-27 11:00:00,2025-07-27 13:30:00,SHORT,118184.92,3.7195946826373323,-4.280405317362668,24.954114281246564,-5.20032504993077,10,TIME_EXIT,Candlestick Patterns
2025-07-27 13:30:00,2025-07-27 13:45:00,2025-07-27 16:15:00,SHORT,118140.96,-103.18521197051332,-111.18521197051332,0.0,-103.18521197051332,10,TIME_EXIT,Candlestick Patterns
2025-07-27 16:30:00,2025-07-27 16:45:00,2025-07-27 18:00:00,SHORT,119312.33,8.281877489107785,0.2818774891077851,38.281877489107785,-5.074077423514703,5,TRAILING_STOP,Candlestick Patterns
2025-07-27 19:30:00,2025-07-27 19:45:00,2025-07-27 20:30:00,LONG,118991.08,-4.966099979931318,-12.966099979931318,15.033900020068682,-12.24293451240274,3,TRAILING_STOP,Candlestick Patterns
2025-07-28 01:15:00,2025-07-28 01:30:00,2025-07-28 02:45:00,LONG,119390.01,14.340394141855363,6.340394141855363,34.34039414185536,-35.975371808746374,5,TRAILING_STOP,Candlestick Patterns
2025-07-28 04:00:00,2025-07-28 04:15:00,2025-07-28 05:30:00,SHORT,119258.3,-19.112707459355324,-27.112707459355324,10.887292540644676,-22.04374873698513,5,TRAILING_STOP,Candlestick Patterns
2025-07-28 10:15:00,2025-07-28 10:30:00,2025-07-28 12:45:00,LONG,118934.71,-6.633843055573379,-14.63384305557338,13.36615694442662,-38.61278175227444,9,TRAILING_STOP,Candlestick Patterns
2025-07-28 14:15:00,2025-07-28 14:30:00,2025-07-28 15:15:00,SHORT,118094.34,-14.13641161803381,-22.13641161803381,15.86358838196619,-28.59239485990637,3,TRAILING_STOP,Candlestick Patterns
2025-07-28 20:30:00,2025-07-28 20:45:00,2025-07-28 21:45:00,LONG,117845.16,22.840113246907315,14.840113246907315,42.840113246907315,0.0,4,TRAILING_STOP,Candlestick Patterns
2025-07-28 23:15:00,2025-07-28 23:30:00,2025-07-29 00:00:00,SHORT,117980.61,-16.170608882255863,-24.170608882255863,13.829391117744136,-25.800002220703846,2,TRAILING_STOP,Candlestick Patterns
2025-07-29 02:15:00,2025-07-29 02:30:00,2025-07-29 04:30:00,LONG,117905.05,55.90429756825489,47.90429756825489,75.90429756825489,-4.55790485649302,8,TRAILING_STOP,Candlestick Patterns
2025-07-29 05:15:00,2025-07-29 05:30:00,2025-07-29 06:45:00,LONG,118649.27,14.758747356809607,6.758747356809607,34.75874735680961,0.0,5,TRAILING_STOP,Candlestick Patterns
2025-07-29 08:15:00,2025-07-29 08:30:00,2025-07-29 11:00:00,SHORT,118796.71,32.62127377096667,24.621273770966667,53.52336777676848,-19.045140223159375,10,TIME_EXIT,Candlestick Patterns
2025-07-29 11:45:00,2025-07-29 12:00:00,2025-07-29 13:30:00,LONG,118592.38,21.18561411787107,13.185614117871069,41.18561411787107,-8.921315180621463,6,TRAILING_STOP,Candlestick Patterns
2025-07-29 16:15:00,2025-07-29 16:30:00,2025-07-29 19:00:00,SHORT,117332.22,-38.163430300730596,-46.163430300730596,0.0,-61.77587025967818,10,TIME_EXIT,Candlestick Patterns
2025-07-29 19:45:00,2025-07-29 20:00:00,2025-07-29 20:15:00,SHORT,117525.28,-0.620788991100568,-8.620788991100568,29.379211008899432,-29.449834112286357,1,TRAILING_STOP,Candlestick Patterns
2025-07-29 23:45:00,2025-07-30 00:00:00,2025-07-30 00:15:00,LONG,117950.75,-16.165348673069403,-24.165348673069403,3.834651326930598,-19.899831073562584,1,TRAILING_STOP,Candlestick Patterns
2025-07-30 08:15:00,2025-07-30 08:30:00,2025-07-30 09:15:00,LONG,118160.0,7.235104942450718,-0.7648950575492819,27.235104942450718,-1.2254570074471838,3,TRAILING_STOP,Candlestick Patterns
2025-07-30 11:30:00,2025-07-30 11:45:00,2025-07-30 12:15:00,SHORT,117798.01,7.281614519633926,-0.7183854803660736,37.281614519633926,-4.133346565022816,2,TRAILING_STOP,Candlestick Patterns
2025-07-30 19:00:00,2025-07-30 19:15:00,2025-07-30 20:30:00,LONG,116282.9,69.69848533189388,61.69848533189388,89.69848533189388,-2.519717000521002,5,TRAILING_STOP,Candlestick Patterns
2025-07-30 22:15:00,2025-07-30 22:30:00,2025-07-31 01:00:00,SHORT,117303.05,-96.5601491180317,-104.5601491180317,0.0,-105.6528368188207,10,TIME_EXIT,Candlestick Patterns
2025-07-31 03:30:00,2025-07-31 03:45:00,2025-07-31 06:00:00,LONG,118475.03,-13.672084320214887,-21.672084320214886,6.327915679785113,-15.817679050175737,9,TRAILING_STOP,Candlestick Patterns
2025-07-31 07:30:00,2025-07-31 07:45:00,2025-07-31 10:15:00,SHORT,118647.88,15.073172820282254,7.073172820282254,17.42719718211603,-10.29854052175246,10,TIME_EXIT,Candlestick Patterns
2025-07-31 10:45:00,2025-07-31 11:00:00,2025-07-31 13:30:00,SHORT,118505.02,28.87261147249275,20.87261147249275,58.87261147249275,-11.820596292039085,10,TRAILING_STOP,Candlestick Patterns
2025-07-31 14:45:00,2025-07-31 15:00:00,2025-07-31 15:30:00,SHORT,117913.19,-28.456491593519175,-36.456491593519175,1.5435084064808262,-36.457329328466535,2,TRAILING_STOP,Candlestick Patterns
2025-07-31 20:30:00,2025-07-31 20:45:00,2025-07-31 23:00:00,SHORT,116568.84,23.944090032979005,15.944090032979005,53.944090032979005,-29.238516914125743,9,TRAILING_STOP,Candlestick Patterns
2025-08-01 00:45:00,2025-08-01 01:00:00,2025-08-01 03:30:00,LONG,115427.27,35.9733016296752,27.9733016296752,54.123258741196594,-68.32180991545671,10,TIME_EXIT,Candlestick Patterns
2025-08-01 05:15:00,2025-08-01 05:30:00,2025-08-01 07:45:00,SHORT,115588.93,52.68525368303003,44.68525368303003,82.68525368303003,-6.180522650395875,9,TRAILING_STOP,Candlestick Patterns
2025-08-01 10:30:00,2025-08-01 10:45:00,2025-08-01 13:00:00,LONG,114945.9,73.38306107481945,65.38306107481945,93.38306107481945,-29.883623513322355,9,TRAILING_STOP,Candlestick Patterns
2025-08-01 14:00:00,2025-08-01 14:15:00,2025-08-01 14:30:00,LONG,115054.42,47.521091323566765,39.521091323566765,67.52109132356676,0.0,1,TRAILING_STOP,Candlestick Patterns
2025-08-01 17:30:00,2025-08-01 17:45:00,2025-08-01 18:15:00,SHORT,114454.95,38.66806547030096,30.66806547030096,68.66806547030096,-3.6381126373301824,2,TRAILING_STOP,Candlestick Patterns
2025-08-02 00:00:00,2025-08-02 00:15:00,2025-08-02 01:15:00,LONG,113352.74,29.099827670685123,21.099827670685123,49.09982767068512,0.0,4,TRAILING_STOP,Candlestick Patterns
2025-08-02 05:00:00,2025-08-02 05:15:00,2025-08-02 07:15:00,SHORT,113886.38,6.611050417092159,-1.3889495829078413,36.61105041709216,-14.366072571628019,8,TRAILING_STOP,Candlestick Patterns
2025-08-02 08:45:00,2025-08-02 09:00:00,2025-08-02 11:15:00,SHORT,113682.01,-7.443220787528912,-15.443220787528912,22.55677921247109,-16.357029577504097,9,TRAILING_STOP,Candlestick Patterns
2025-08-02 14:00:00,2025-08-02 14:15:00,2025-08-02 16:30:00,SHORT,113350.56,27.387453577643612,19.387453577643612,57.38745357764361,-6.1261276521264945,9,TRAILING_STOP,Candlestick Patterns
2025-08-02 18:15:00,2025-08-02 18:30:00,2025-08-02 19:15:00,SHORT,112386.18,4.09493943116432,-3.9050605688356796,34.09493943116432,-30.59361925105042,3,TRAILING_STOP,Candlestick Patterns
2025-08-02 22:00:00,2025-08-02 22:15:00,2025-08-02 23:30:00,SHORT,112824.27,18.164282383569024,10.164282383569024,48.164282383569024,-12.622284194702871,5,TRAILING_STOP,Candlestick Patterns
2025-08-03 05:00:00,2025-08-03 05:15:00,2025-08-03 07:45:00,LONG,113495.01,18.061587024839707,10.061587024839707,19.8378765727241,-1.9798227252459086,10,TIME_EXIT,Candlestick Patterns
2025-08-03 08:15:00,2025-08-03 08:30:00,2025-08-03 10:45:00,SHORT,113680.63,-18.597001969464397,-26.597001969464397,11.402998030535603,-19.297042952699623,9,TRAILING_STOP,Candlestick Patterns
2025-08-03 13:15:00,2025-08-03 13:30:00,2025-08-03 15:30:00,SHORT,113846.05,-6.603492172104293,-14.603492172104293,23.396507827895707,-19.279544613097308,8,TRAILING_STOP,Candlestick Patterns
2025-08-03 18:00:00,2025-08-03 18:15:00,2025-08-03 19:30:00,LONG,114119.98,39.58553445242501,31.58553445242501,59.58553445242501,0.0,5,TRAILING_STOP,Candlestick Patterns
2025-08-03 23:15:00,2025-08-03 23:30:00,2025-08-04 00:30:00,SHORT,114270.72,-15.72512713668074,-23.72512713668074,14.27487286331926,-28.020301263525976,4,TRAILING_STOP,Candlestick Patterns
2025-08-04 03:15:00,2025-08-04 03:30:00,2025-08-04 06:00:00,SHORT,114691.74,37.157863330000765,29.157863330000765,43.921210019135216,0.0,10,TIME_EXIT,Candlestick Patterns
2025-08-04 07:45:00,2025-08-04 08:00:00,2025-08-04 10:30:00,SHORT,114652.98,26.861927182354613,18.861927182354613,31.88403825177485,-8.462056546633509,10,TIME_EXIT,Candlestick Patterns
2025-08-04 21:00:00,2025-08-04 21:15:00,2025-08-04 23:45:00,LONG,115027.14,7.198798474864333,-0.8012015251356672,27.198798474864333,-4.786696426599642,10,TRAILING_STOP,Candlestick Patterns
2025-08-05 00:45:00,2025-08-05 01:00:00,2025-08-05 03:30:00,SHORT,114886.97,49.984780693580376,41.984780693580376,53.984363936137086,-7.070427568939795,10,TIME_EXIT,Candlestick Patterns
2025-08-05 05:45:00,2025-08-05 06:00:00,2025-08-05 06:45:00,LONG,114406.0,-11.725958428753431,-19.72595842875343,8.274041571246569,-26.247749243920214,3,TRAILING_STOP,Candlestick Patterns
2025-08-05 12:45:00,2025-08-05 13:00:00,2025-08-05 14:45:00,SHORT,113937.35,82.98753218325736,74.98753218325736,112.98753218325736,-55.80435212860334,7,TRAILING_STOP,Candlestick Patterns
2025-08-05 19:00:00,2025-08-05 19:15:00,2025-08-05 20:00:00,SHORT,113603.67,-12.718868149242677,-20.718868149242677,17.281131850757323,-18.530211215887196,3,TRAILING_STOP,Candlestick Patterns
2025-08-05 22:00:00,2025-08-05 22:15:00,2025-08-06 00:15:00,LONG,113769.77,20.354305014416447,12.354305014416447,40.35430501441645,0.0,8,TRAILING_STOP,Candlestick Patterns
2025-08-06 00:45:00,2025-08-06 01:00:00,2025-08-06 01:15:00,LONG,113879.69,-18.830344550464403,-26.830344550464403,1.1696554495355962,-25.54625851194346,1,TRAILING_STOP,Candlestick Patterns
2025-08-06 03:45:00,2025-08-06 04:00:00,2025-08-06 05:00:00,SHORT,113509.98,-16.358027725844785,-24.358027725844785,13.641972274155213,-37.19584832981262,4,TRAILING_STOP,Candlestick Patterns
2025-08-06 06:30:00,2025-08-06 06:45:00,2025-08-06 08:00:00,LONG,114057.55,1.256812898400593,-6.743187101599407,21.256812898400593,-3.322007179708789,5,TRAILING_STOP,Candlestick Patterns
2025-08-06 09:15:00,2025-08-06 09:30:00,2025-08-06 11:30:00,SHORT,114100.69,-12.341035799169557,-20.341035799169557,17.658964200830443,-26.602818966300166,8,TRAILING_STOP,Candlestick Patterns
2025-08-06 12:30:00,2025-08-06 12:45:00,2025-08-06 13:30:00,SHORT,114060.48,12.133787267947824,4.133787267947824,42.133787267947824,-12.933489320753697,3,TRAILING_STOP,Candlestick Patterns
2025-08-06 16:45:00,2025-08-06 17:00:00,2025-08-06 18:15:00,LONG,115132.49,30.681610377747823,22.681610377747823,50.68161037774782,0.0,5,TRAILING_STOP,Candlestick Patterns
2025-08-07 00:15:00,2025-08-07 00:30:00,2025-08-07 01:45:00,LONG,114938.8,1.4705565048529152,-6.529443495147085,21.470556504852915,-31.170501171058344,5,TRAILING_STOP,Candlestick Patterns
2025-08-07 03:45:00,2025-08-07 04:00:00,2025-08-07 06:00:00,SHORT,114546.03,-4.9419512836892885,-12.941951283689288,25.05804871631071,-14.696275375060708,8,TRAILING_STOP,Candlestick Patterns
2025-08-07 09:30:00,2025-08-07 09:45:00,2025-08-07 11:45:00,LONG,115007.42,138.38195483387028,130.38195483387028,158.38195483387028,0.0,8,TRAILING_STOP,Candlestick Patterns
2025-08-07 13:00:00,2025-08-07 13:15:00,2025-08-07 15:30:00,SHORT,116244.16,-26.572731051607537,-34.57273105160753,3.4272689483924617,-43.51530433872949,9,TRAILING_STOP,Candlestick Patterns
2025-08-07 16:45:00,2025-08-07 17:00:00,2025-08-07 18:00:00,LONG,116259.24,5.869771727390852,-2.1302282726091484,25.86977172739085,-8.653075660911409,4,TRAILING_STOP,Candlestick Patterns
2025-08-07 22:00:00,2025-08-07 22:15:00,2025-08-07 23:00:00,LONG,117462.99,-6.548103364302683,-14.548103364302683,13.451896635697317,-12.17234466788309,3,TRAILING_STOP,Candlestick Patterns
2025-08-08 01:00:00,2025-08-08 01:15:00,2025-08-08 03:45:00,LONG,117174.53,-37.31015605524452,-45.31015605524452,0.0,-40.985869540078376,10,TIME_EXIT,Candlestick Patterns
2025-08-08 04:00:00,2025-08-08 04:15:00,2025-08-08 05:30:00,LONG,116815.4,-19.090873292390395,-27.090873292390395,0.9091267076096042,-20.205383879180214,5,TRAILING_STOP,Candlestick Patterns
2025-08-08 07:45:00,2025-08-08 08:00:00,2025-08-08 10:30:00,SHORT,116817.2,31.138394003622757,23.138394003622757,32.81537307862169,-7.824190273350905,10,TIME_EXIT,Candlestick Patterns
2025-08-08 11:15:00,2025-08-08 11:30:00,2025-08-08 13:45:00,SHORT,116761.23,-6.980372680212529,-14.980372680212529,23.01962731978747,-15.792913452522617,9,TRAILING_STOP,Candlestick Patterns
2025-08-08 14:00:00,2025-08-08 14:15:00,2025-08-08 16:45:00,SHORT,116763.59,48.813161705630314,40.813161705630314,75.78389804561424,0.0,10,TIME_EXIT,Candlestick Patterns
2025-08-08 18:00:00,2025-08-08 18:15:00,2025-08-08 20:30:00,SHORT,116745.72,6.546093509895137,-1.4539064901048633,36.54609350989514,-2.52514610385682,9,TRAILING_STOP,Candlestick Patterns
2025-08-08 22:00:00,2025-08-08 22:15:00,2025-08-08 23:30:00,LONG,116938.25,-18.14004399757992,-26.14004399757992,1.8599560024200805,-24.02892124689785,5,TRAILING_STOP,Candlestick Patterns
2025-08-09 02:45:00,2025-08-09 03:00:00,2025-08-09 05:15:00,SHORT,116404.0,-20.990859420638866,-28.990859420638866,9.009140579361134,-49.48283564138689,9,TRAILING_STOP,Candlestick Patterns
2025-08-09 05:30:00,2025-08-09 05:45:00,2025-08-09 08:15:00,LONG,116894.74,-2.244754554396993,-10.244754554396993,0.6398919232803739,-30.965465169775918,10,TIME_EXIT,Candlestick Patterns
2025-08-09 11:30:00,2025-08-09 11:45:00,2025-08-09 13:00:00,LONG,117234.99,-19.739838763155234,-27.739838763155234,0.2601612368447644,-30.39280337721803,5,TRAILING_STOP,Candlestick Patterns
2025-08-09 18:00:00,2025-08-09 18:15:00,2025-08-09 20:30:00,SHORT,116652.44,-16.932120751181685,-24.932120751181685,13.067879248818313,-31.608425850329507,9,TRAILING_STOP,Candlestick Patterns
2025-08-09 21:30:00,2025-08-09 21:45:00,2025-08-10 00:15:00,SHORT,116435.94,-13.432278727684439,-21.43227872768444,0.0,-26.309745942704332,10,TIME_EXIT,Candlestick Patterns
2025-08-10 01:15:00,2025-08-10 01:30:00,2025-08-10 02:30:00,SHORT,116614.87,-23.57886348456332,-31.57886348456332,6.421136515436677,-43.25263150402684,4,TRAILING_STOP,Candlestick Patterns
2025-08-10 06:00:00,2025-08-10 06:15:00,2025-08-10 07:00:00,SHORT,118016.01,-6.903981078500074,-14.903981078500074,23.096018921499926,-18.719494075422332,3,TRAILING_STOP,Candlestick Patterns
2025-08-10 13:30:00,2025-08-10 13:45:00,2025-08-10 15:15:00,LONG,118546.0,27.908828640359218,19.908828640359218,47.90882864035922,-20.074907630792765,6,TRAILING_STOP,Candlestick Patterns
2025-08-10 22:15:00,2025-08-10 22:30:00,2025-08-11 01:00:00,SHORT,118837.0,-22.995363396922176,-30.995363396922176,0.0,-55.79070491513586,10,TIME_EXIT,Candlestick Patterns
2025-08-11 03:00:00,2025-08-11 03:15:00,2025-08-11 05:15:00,LONG,121991.54,8.167527026874971,0.16752702687497134,28.16752702687497,-35.44754005072754,8,TRAILING_STOP,Candlestick Patterns
2025-08-11 07:00:00,2025-08-11 07:15:00,2025-08-11 08:00:00,SHORT,121986.0,33.83191513780299,25.831915137802987,63.83191513780299,0.0,3,TRAILING_STOP,Candlestick Patterns
2025-08-11 11:45:00,2025-08-11 12:00:00,2025-08-11 14:30:00,LONG,120561.53,-17.92554059325601,-25.92554059325601,2.0744594067439888,-97.7608694912876,10,TRAILING_STOP,Candlestick Patterns
2025-08-11 14:30:00,2025-08-11 14:45:00,2025-08-11 15:30:00,SHORT,120105.36,-8.170832675576879,-16.17083267557688,21.82916732442312,-25.198708866947666,3,TRAILING_STOP,Candlestick Patterns
2025-08-11 18:15:00,2025-08-11 18:30:00,2025-08-11 19:15:00,LONG,119600.0,-3.7566889632103617,-11.756688963210362,16.24331103678964,-9.909698996655859,3,TRAILING_STOP,Candlestick Patterns
2025-08-11 21:00:00,2025-08-11 21:15:00,2025-08-11 23:45:00,LONG,119069.99,-32.24909987814774,-40.24909987814774,0.0,-85.65382427595775,10,TIME_EXIT,Candlestick Patterns
2025-08-12 01:30:00,2025-08-12 01:45:00,2025-08-12 03:00:00,LONG,119042.06,-0.39348445414933764,-8.393484454149338,19.606515545850662,-17.43501414542078,5,TRAILING_STOP,Candlestick Patterns
2025-08-12 06:15:00,2025-08-12 06:30:00,2025-08-12 08:15:00,LONG,118992.07,-6.727686979477456,-14.727686979477456,13.272313020522544,-16.14141177643241,7,TRAILING_STOP,Candlestick Patterns
2025-08-12 09:30:00,2025-08-12 09:45:00,2025-08-12 12:15:00,SHORT,118552.89,5.225515801428129,-2.774484198571871,29.13636268166877,-9.279402636240649,10,TIME_EXIT,Candlestick Patterns
2025-08-12 14:30:00,2025-08-12 14:45:00,2025-08-12 17:15:00,SHORT,119118.04,-24.715819702876534,-32.71581970287653,0.0,-90.16770255790074,10,TIME_EXIT,Candlestick Patterns
2025-08-12 20:00:00,2025-08-12 20:15:00,2025-08-12 21:00:00,LONG,119753.43,27.681306497859815,19.681306497859815,47.681306497859815,0.0,3,TRAILING_STOP,Candlestick Patterns
2025-08-12 23:00:00,2025-08-12 23:15:00,2025-08-13 00:15:00,LONG,120110.88,-4.255381360955763,-12.255381360955763,15.744618639044237,-17.609562097955596,4,TRAILING_STOP,Candlestick Patterns
2025-08-13 02:15:00,2025-08-13 02:30:00,2025-08-13 03:00:00,LONG,119279.99,17.726361311733847,9.726361311733847,37.72636131173385,0.0,2,TRAILING_STOP,Candlestick Patterns
2025-08-13 06:00:00,2025-08-13 06:15:00,2025-08-13 08:45:00,LONG,119240.0,67.46813149949725,59.46813149949725,67.4689701442469,-8.774740020127865,10,TIME_EXIT,Candlestick Patterns
2025-08-13 09:15:00,2025-08-13 09:30:00,2025-08-13 12:00:00,SHORT,119854.11,-51.13049523291211,-59.13049523291211,0.0,-73.3249781755504,10,TIME_EXIT,Candlestick Patterns
2025-08-13 13:30:00,2025-08-13 13:45:00,2025-08-13 15:30:00,SHORT,120344.03,-27.14983784405401,-35.149837844054005,2.8501621559459918,-154.22202497290485,7,TRAILING_STOP,Candlestick Patterns
2025-08-13 16:15:00,2025-08-13 16:30:00,2025-08-13 17:15:00,SHORT,121538.15,-7.047536102862196,-15.047536102862196,22.952463897137804,-25.684116468779845,3,TRAILING_STOP,Candlestick Patterns
2025-08-13 21:15:00,2025-08-13 21:30:00,2025-08-13 22:00:00,SHORT,122689.18,1.8675208359853706,-6.1324791640146294,31.86752083598537,-22.95882978433857,2,TRAILING_STOP,Candlestick Patterns
2025-08-14 00:45:00,2025-08-14 01:00:00,2025-08-14 03:15:00,LONG,123847.82,-19.825592408490603,-27.825592408490603,0.1744075915093976,-48.230158593022225,9,TRAILING_STOP,Candlestick Patterns
2025-08-14 03:30:00,2025-08-14 03:45:00,2025-08-14 06:15:00,LONG,123524.86,-157.2039830686714,-165.2039830686714,0.0,-178.99230972615553,10,TIME_EXIT,Candlestick Patterns
2025-08-14 10:15:00,2025-08-14 10:30:00,2025-08-14 12:15:00,SHORT,121511.97,57.3963281148352,49.3963281148352,87.3963281148352,0.0,7,TRAILING_STOP,Candlestick Patterns
2025-08-14 13:00:00,2025-08-14 13:15:00,2025-08-14 14:30:00,LONG,119249.2,-14.929106442642706,-22.929106442642706,5.070893557357295,-127.58743874172751,5,TRAILING_STOP,Candlestick Patterns
2025-08-14 16:00:00,2025-08-14 16:15:00,2025-08-14 16:45:00,SHORT,117646.41,-9.657687812147692,-17.657687812147692,20.342312187852308,-29.974565309727634,2,TRAILING_STOP,Candlestick Patterns
2025-08-14 21:15:00,2025-08-14 21:30:00,2025-08-14 21:45:00,SHORT,117643.7,-15.065073607851751,-23.06507360785175,14.934926392148249,-24.08798771204958,1,TRAILING_STOP,Candlestick Patterns
2025-08-15 01:15:00,2025-08-15 01:30:00,2025-08-15 04:00:00,LONG,118405.14,59.25756263621659,51.25756263621659,59.435764359553986,0.0,10,TIME_EXIT,Candlestick Patterns
2025-08-15 05:30:00,2025-08-15 05:45:00,2025-08-15 08:15:00,SHORT,118696.03,-32.3490179073387,-40.3490179073387,0.0,-43.87594092237189,10,TIME_EXIT,Candlestick Patterns
2025-08-15 09:00:00,2025-08-15 09:15:00,2025-08-15 10:15:00,SHORT,118922.78,-2.858017614455459,-10.85801761445546,27.14198238554454,-8.724148560940133,4,TRAILING_STOP,Candlestick Patterns
2025-08-15 16:30:00,2025-08-15 16:45:00,2025-08-15 17:45:00,LONG,117189.03,39.16253424062021,31.16253424062021,59.16253424062021,-16.130349402158107,4,TRAILING_STOP,Candlestick Patterns
2025-08-15 20:30:00,2025-08-15 20:45:00,2025-08-15 22:15:00,SHORT,117226.07,-10.715040604875096,-18.715040604875096,19.284959395124904,-12.869151034406086,6,TRAILING_STOP,Candlestick Patterns
2025-08-16 01:00:00,2025-08-16 01:15:00,2025-08-16 02:00:00,LONG,117771.39,-9.165450114836394,-17.165450114836396,10.834549885163606,-13.698573142424637,3,TRAILING_STOP,Candlestick Patterns
2025-08-16 07:15:00,2025-08-16 07:30:00,2025-08-16 09:45:00,LONG,117518.45,-4.217797290553001,-12.217797290553001,15.782202709446999,-18.078012431239273,9,TRAILING_STOP,Candlestick Patterns
2025-08-16 11:30:00,2025-08-16 11:45:00,2025-08-16 12:45:00,SHORT,117405.48,-23.369134047236017,-31.369134047236017,6.630865952763983,-29.11959475826892,4,TRAILING_STOP,Candlestick Patterns
2025-08-16 15:30:00,2025-08-16 15:45:00,2025-08-16 18:15:00,SHORT,117651.99,-3.6973450257832443,-11.697345025783244,0.02294903809141473,-14.080509815430146,10,TIME_EXIT,Candlestick Patterns
2025-08-16 20:45:00,2025-08-16 21:00:00,2025-08-16 23:30:00,SHORT,117655.41,25.216010041527845,17.216010041527845,37.0633190602971,0.0,10,TIME_EXIT,Candlestick Patterns
2025-08-16 23:45:00,2025-08-17 00:00:00,2025-08-17 02:15:00,SHORT,117380.66,-12.241537916041956,-20.241537916041956,17.758462083958044,-14.208473525366005,9,TRAILING_STOP,Candlestick Patterns
2025-08-17 02:30:00,2025-08-17 02:45:00,2025-08-17 05:15:00,LONG,117541.16,50.229213324081044,42.229213324081044,58.67391473761221,-2.9972479427640906,10,TIME_EXIT,Candlestick Patterns
2025-08-17 06:00:00,2025-08-17 06:15:00,2025-08-17 08:45:00,LONG,118106.66,21.963198349694604,13.963198349694604,24.836025335065926,-22.26123404048495,10,TIME_EXIT,Candlestick Patterns
2025-08-17 10:30:00,2025-08-17 10:45:00,2025-08-17 13:00:00,LONG,118291.99,-11.431372487689101,-19.431372487689103,8.568627512310899,-18.45940709933112,9,TRAILING_STOP,Candlestick Patterns
2025-08-17 14:30:00,2025-08-17 14:45:00,2025-08-17 16:15:00,LONG,118267.67,-15.912661507578825,-23.912661507578825,4.087338492421176,-25.41522970732422,6,TRAILING_STOP,Candlestick Patterns
2025-08-17 23:00:00,2025-08-17 23:15:00,2025-08-18 01:45:00,SHORT,117779.55,128.2064670819348,120.20646708193479,136.9949197462551,0.0,10,TIME_EXIT,Candlestick Patterns
2025-08-18 04:45:00,2025-08-18 05:00:00,2025-08-18 05:30:00,LONG,115469.52,-1.629784206256737,-9.629784206256737,18.370215793743263,-30.17246456034534,2,TRAILING_STOP,Candlestick Patterns
2025-08-18 07:45:00,2025-08-18 08:00:00,2025-08-18 09:30:00,SHORT,115205.99,19.116369730428588,11.116369730428588,49.11636973042859,-17.05814081368421,6,TRAILING_STOP,Candlestick Patterns
2025-08-18 16:00:00,2025-08-18 16:15:00,2025-08-18 17:00:00,SHORT,116087.49,-6.859694356385457,-14.859694356385457,23.140305643614543,-13.48379571304357,3,TRAILING_STOP,Candlestick Patterns
2025-08-18 18:45:00,2025-08-18 19:00:00,2025-08-18 20:45:00,SHORT,116481.8,13.052219316665429,5.052219316665429,43.05221931666543,-4.09506034419086,7,TRAILING_STOP,Candlestick Patterns
2025-08-18 21:30:00,2025-08-18 21:45:00,2025-08-19 00:15:00,SHORT,116464.72,47.363699496293414,39.363699496293414,47.503656042791334,-44.24344127560679,10,TIME_EXIT,Candlestick Patterns
2025-08-19 02:30:00,2025-08-19 02:45:00,2025-08-19 05:15:00,LONG,115880.01,-43.148943463155966,-51.148943463155966,0.0,-130.65325072029202,10,TIME_EXIT,Candlestick Patterns
2025-08-19 05:30:00,2025-08-19 05:45:00,2025-08-19 07:45:00,SHORT,115101.74,13.526709500655684,5.526709500655684,43.526709500655684,-10.273519757390288,8,TRAILING_STOP,Candlestick Patterns
2025-08-19 12:15:00,2025-08-19 12:30:00,2025-08-19 13:15:00,SHORT,115503.15,-10.913940442317191,-18.91394044231719,19.08605955768281,-24.175964032150226,3,TRAILING_STOP,Candlestick Patterns
2025-08-19 16:15:00,2025-08-19 16:30:00,2025-08-19 17:30:00,SHORT,113646.17,17.436706401983564,9.436706401983564,47.436706401983564,0.0,4,TRAILING_STOP,Candlestick Patterns
2025-08-19 19:15:00,2025-08-19 19:30:00,2025-08-19 19:45:00,LONG,113393.83,-9.487964204049101,-17.4879642040491,10.512035795950899,-27.654061953811926,1,TRAILING_STOP,Candlestick Patterns
2025-08-20 00:45:00,2025-08-20 01:00:00,2025-08-20 01:45:00,SHORT,113215.49,27.366708389462467,19.366708389462467,57.36670838946247,-13.39834328323693,3,TRAILING_STOP,Candlestick Patterns
2025-08-20 04:30:00,2025-08-20 04:45:00,2025-08-20 07:15:00,SHORT,113550.01,-15.047114482860952,-23.04711448286095,7.572874718372168,-25.356228502313495,10,TIME_EXIT,Candlestick Patterns
2025-08-20 07:15:00,2025-08-20 07:30:00,2025-08-20 08:15:00,SHORT,113720.87,-1.872357290267356,-9.872357290267356,28.127642709732644,-12.767225576097188,3,TRAILING_STOP,Candlestick Patterns
2025-08-20 12:45:00,2025-08-20 13:00:00,2025-08-20 14:15:00,SHORT,113659.01,82.53045403087664,74.53045403087664,112.53045403087664,0.0,5,TRAILING_STOP,Candlestick Patterns
2025-08-20 19:00:00,2025-08-20 19:15:00,2025-08-20 20:00:00,LONG,113948.07,14.15942016393877,6.159420163938769,34.15942016393877,-4.125563513274891,3,TRAILING_STOP,Candlestick Patterns
2025-08-21 01:15:00,2025-08-21 01:30:00,2025-08-21 02:00:00,LONG,114121.84,41.330942438362214,33.330942438362214,61.330942438362214,0.0,2,TRAILING_STOP,Candlestick Patterns
2025-08-21 04:45:00,2025-08-21 05:00:00,2025-08-21 07:30:00,SHORT,113800.01,-6.687169886892438,-14.687169886892438,19.119506228514545,-18.52548167614458,10,TIME_EXIT,Candlestick Patterns
2025-08-21 09:15:00,2025-08-21 09:30:00,2025-08-21 09:45:00,LONG,113432.01,-3.834369152057704,-11.834369152057704,16.165630847942296,-4.863706461694389,1,TRAILING_STOP,Candlestick Patterns
2025-08-21 12:30:00,2025-08-21 12:45:00,2025-08-21 13:30:00,SHORT,113162.97,-20.541075406556743,-28.541075406556743,9.458924593443257,-38.61952368340976,3,TRAILING_STOP,Candlestick Patterns
2025-08-21 19:00:00,2025-08-21 19:15:00,2025-08-21 20:15:00,SHORT,112565.88,18.87893205294592,10.87893205294592,48.87893205294592,0.0,4,TRAILING_STOP,Candlestick Patterns
2025-08-22 04:15:00,2025-08-22 04:30:00,2025-08-22 05:30:00,SHORT,113047.77,-0.016215268995896537,-8.016215268995897,29.983784731004103,-15.045851855370213,4,TRAILING_STOP,Candlestick Patterns
2025-08-22 12:00:00,2025-08-22 12:15:00,2025-08-22 12:30:00,SHORT,112079.02,5.174290424738764,-2.825709575261236,35.174290424738764,-18.799236467270777,1,TRAILING_STOP,Candlestick Patterns
2025-08-22 18:30:00,2025-08-22 18:45:00,2025-08-22 20:15:00,SHORT,116918.59,4.0912424619554955,-3.9087575380445045,34.091242461955495,-17.86285653975179,6,TRAILING_STOP,Candlestick Patterns
2025-08-23 00:00:00,2025-08-23 00:15:00,2025-08-23 02:30:00,SHORT,116726.65,75.08739863604363,67.08739863604363,105.08739863604363,-25.988066992413973,9,TRAILING_STOP,Candlestick Patterns
2025-08-23 04:45:00,2025-08-23 05:00:00,2025-08-23 06:15:00,LONG,115926.77,-10.70447662778884,-18.70447662778884,9.29552337221116,-15.11557684217463,5,TRAILING_STOP,Candlestick Patterns
2025-08-23 13:30:00,2025-08-23 13:45:00,2025-08-23 14:30:00,LONG,114948.39,-8.412190897149834,-16.412190897149834,11.587809102850166,-20.564881335006035,3,TRAILING_STOP,Candlestick Patterns
2025-08-23 21:30:00,2025-08-23 21:45:00,2025-08-24 00:15:00,LONG,115062.45,31.223913622559238,23.223913622559238,34.039775791320125,-2.9940262874636416,10,TIME_EXIT,Candlestick Patterns
2025-08-24 01:45:00,2025-08-24 02:00:00,2025-08-24 04:30:00,SHORT,115473.99,30.338433789288974,22.338433789288974,46.74472580362026,-13.145817512670027,10,TIME_EXIT,Candlestick Patterns
2025-08-24 06:45:00,2025-08-24 07:00:00,2025-08-24 09:30:00,SHORT,114862.4,-13.075401523910855,-21.075401523910855,16.924598476089145,-22.84994915655658,10,TRAILING_STOP,Candlestick Patterns
2025-08-24 13:15:00,2025-08-24 13:30:00,2025-08-24 15:00:00,SHORT,114654.05,-3.5308085497201454,-11.530808549720145,26.469191450279855,-18.42673677903258,6,TRAILING_STOP,Candlestick Patterns
2025-08-24 19:15:00,2025-08-24 19:30:00,2025-08-24 22:00:00,LONG,114715.24,-155.97230150065548,-163.97230150065548,0.0,-268.6992591394133,10,TIME_EXIT,Candlestick Patterns
2025-08-24 22:00:00,2025-08-24 22:15:00,2025-08-24 22:30:00,SHORT,112926.0,-4.815365814781877,-12.815365814781877,25.184634185218123,-40.63191824734751,1,TRAILING_STOP,Candlestick Patterns
2025-08-25 07:15:00,2025-08-25 07:30:00,2025-08-25 08:00:00,SHORT,111902.66,51.44399784598549,43.44399784598549,81.44399784598549,0.0,2,TRAILING_STOP,Candlestick Patterns
2025-08-25 12:30:00,2025-08-25 12:45:00,2025-08-25 13:30:00,LONG,111606.69,-6.727498145496057,-14.727498145496057,13.272501854503943,-70.93571182874453,3,TRAILING_STOP,Candlestick Patterns
2025-08-25 16:15:00,2025-08-25 16:30:00,2025-08-25 17:00:00,SHORT,112635.41,12.296645433261482,4.296645433261482,42.29664543326148,-14.358717209800712,2,TRAILING_STOP,Candlestick Patterns
2025-08-25 20:30:00,2025-08-25 20:45:00,2025-08-25 21:30:00,SHORT,109945.99,31.11091454995306,23.11091454995306,61.11091454995306,-19.692396239280285,3,TRAILING_STOP,Candlestick Patterns
2025-08-26 02:00:00,2025-08-26 02:15:00,2025-08-26 04:45:00,LONG,109991.42,9.872588243700873,1.8725882437008732,22.17172939489238,-50.860330742161366,10,TIME_EXIT,Candlestick Patterns
2025-08-26 08:45:00,2025-08-26 09:00:00,2025-08-26 11:30:00,SHORT,110102.02,40.295355162421494,32.295355162421494,44.73124107986393,-28.29375882476902,10,TIME_EXIT,Candlestick Patterns
2025-08-26 12:00:00,2025-08-26 12:15:00,2025-08-26 13:45:00,SHORT,109625.99,-8.831662090348079,-16.83166209034808,21.16833790965192,-108.78898334236257,6,TRAILING_STOP,Candlestick Patterns
2025-08-26 16:00:00,2025-08-26 16:15:00,2025-08-26 18:45:00,SHORT,109509.45,-108.31302686663157,-116.31302686663157,0.0,-135.20294367289816,10,TIME_EXIT,Candlestick Patterns
2025-08-26 19:00:00,2025-08-26 19:15:00,2025-08-26 19:30:00,LONG,110661.42,22.62551483615492,14.62551483615492,42.62551483615492,0.0,1,TRAILING_STOP,Candlestick Patterns
2025-08-26 22:45:00,2025-08-26 23:00:00,2025-08-26 23:15:00,LONG,111910.0,17.430077741042325,9.430077741042325,37.430077741042325,0.0,1,TRAILING_STOP,Candlestick Patterns
2025-08-27 01:45:00,2025-08-27 02:00:00,2025-08-27 02:45:00,LONG,111299.48,-3.78069690891601,-11.78069690891601,16.21930309108399,-17.43314524021126,3,TRAILING_STOP,Candlestick Patterns
2025-08-27 05:00:00,2025-08-27 05:15:00,2025-08-27 07:45:00,LONG,111593.46,-77.80742706606762,-85.80742706606762,0.0,-87.00868312533784,10,TIME_EXIT,Candlestick Patterns
2025-08-27 08:45:00,2025-08-27 09:00:00,2025-08-27 09:45:00,LONG,110756.0,13.345371808299952,5.3453718082999515,33.34537180829995,0.0,3,TRAILING_STOP,Candlestick Patterns
2025-08-27 12:45:00,2025-08-27 13:00:00,2025-08-27 13:30:00,LONG,111344.43,23.90879723395313,15.90879723395313,43.90879723395313,-29.225530185927486,2,TRAILING_STOP,Candlestick Patterns
2025-08-27 17:15:00,2025-08-27 17:30:00,2025-08-27 18:30:00,LONG,112309.17,5.895481197127694,-2.104518802872306,25.895481197127694,-7.582639957182792,4,TRAILING_STOP,Candlestick Patterns
2025-08-27 20:00:00,2025-08-27 20:15:00,2025-08-27 21:00:00,LONG,111914.28,28.05195547878288,20.05195547878288,48.05195547878288,0.0,3,TRAILING_STOP,Candlestick Patterns
2025-08-27 23:00:00,2025-08-27 23:15:00,2025-08-28 00:00:00,SHORT,111367.91,-6.148425520421039,-14.14842552042104,23.85157447957896,-8.982838952440932,3,TRAILING_STOP,Candlestick Patterns
2025-08-28 03:00:00,2025-08-28 03:15:00,2025-08-28 05:00:00,LONG,111855.74,96.60197322014898,88.60197322014898,116.60197322014898,0.0,7,TRAILING_STOP,Candlestick Patterns
2025-08-28 07:30:00,2025-08-28 07:45:00,2025-08-28 08:15:00,LONG,113129.96,-0.41632826529874833,-8.416328265298748,19.58367173470125,-7.110406474111926,2,TRAILING_STOP,Candlestick Patterns
2025-08-28 10:30:00,2025-08-28 10:45:00,2025-08-28 11:30:00,LONG,113056.8,-11.493656286043985,-19.493656286043986,8.506343713956015,-17.63803680981626,3,TRAILING_STOP,Candlestick Patterns
2025-08-28 13:15:00,2025-08-28 13:30:00,2025-08-28 14:00:00,SHORT,113050.01,11.979651306532553,3.9796513065325527,41.97965130653255,-9.020786464327644,2,TRAILING_STOP,Candlestick Patterns
2025-08-28 19:15:00,2025-08-28 19:30:00,2025-08-28 22:00:00,LONG,112361.31,-6.520927888790553,-14.520927888790553,0.0,-43.54256816692508,10,TIME_EXIT,Candlestick Patterns
2025-08-29 06:45:00,2025-08-29 07:00:00,2025-08-29 09:30:00,LONG,111279.45,-130.9199497301609,-138.9199497301609,0.0,-167.62034679359076,10,TIME_EXIT,Candlestick Patterns
2025-08-29 09:45:00,2025-08-29 10:00:00,2025-08-29 12:30:00,SHORT,109772.71,-70.8090380569081,-78.8090380569081,0.0,-158.90652603912218,10,TIME_EXIT,Candlestick Patterns
2025-08-29 12:30:00,2025-08-29 12:45:00,2025-08-29 14:15:00,SHORT,110550.0,173.527815468114,165.527815468114,203.527815468114,-20.856625961104204,6,TRAILING_STOP,Candlestick Patterns
2025-08-29 15:15:00,2025-08-29 15:30:00,2025-08-29 16:00:00,SHORT,108358.0,-9.881503903726536,-17.881503903726536,20.118496096273464,-30.684398013991142,2,TRAILING_STOP,Candlestick Patterns
2025-08-29 20:30:00,2025-08-29 20:45:00,2025-08-29 21:00:00,SHORT,107624.0,-15.124135880472215,-23.124135880472217,14.875864119527785,-24.85783840035669,1,TRAILING_STOP,Candlestick Patterns
2025-08-29 23:15:00,2025-08-29 23:30:00,2025-08-30 02:00:00,SHORT,108443.36,70.81391797524485,62.81391797524485,100.81391797524485,-8.911564525481266,10,TRAILING_STOP,Candlestick Patterns
2025-08-30 02:45:00,2025-08-30 03:00:00,2025-08-30 05:30:00,SHORT,107782.01,-54.88114389405097,-62.88114389405097,0.0,-84.91862417485109,10,TIME_EXIT,Candlestick Patterns
2025-08-30 05:30:00,2025-08-30 05:45:00,2025-08-30 06:00:00,LONG,108373.53,-3.2800500269764115,-11.280050026976411,16.71994997302359,-5.092571959223099,1,TRAILING_STOP,Candlestick Patterns
2025-08-30 11:00:00,2025-08-30 11:15:00,2025-08-30 12:30:00,LONG,108526.65,-2.704708935546094,-10.704708935546094,17.295291064453906,-17.843543498301493,5,TRAILING_STOP,Candlestick Patterns
2025-08-30 14:15:00,2025-08-30 14:30:00,2025-08-30 16:00:00,LONG,108550.0,14.652233993550823,6.652233993550823,34.65223399355082,0.0,6,TRAILING_STOP,Candlestick Patterns
2025-08-30 18:30:00,2025-08-30 18:45:00,2025-08-30 20:30:00,LONG,108731.49,-4.502189752021723,-12.502189752021723,15.497810247978277,-13.84695454831091,7,TRAILING_STOP,Candlestick Patterns
2025-08-30 22:30:00,2025-08-30 22:45:00,2025-08-31 01:00:00,LONG,108567.88,57.59200971779076,49.59200971779076,77.59200971779076,-3.475245164592924,9,TRAILING_STOP,Candlestick Patterns
2025-08-31 02:45:00,2025-08-31 03:00:00,2025-08-31 04:00:00,LONG,109224.88,-5.896070565608463,-13.896070565608463,14.103929434391537,-19.21174003578773,4,TRAILING_STOP,Candlestick Patterns
2025-08-31 06:00:00,2025-08-31 06:15:00,2025-08-31 08:45:00,LONG,108774.17,21.834227739912887,13.834227739912887,23.566256584628178,-23.045912462489305,10,TIME_EXIT,Candlestick Patterns
2025-08-31 10:45:00,2025-08-31 11:00:00,2025-08-31 13:30:00,LONG,108560.23,-16.926087942149717,-24.926087942149717,0.0,-33.98482114490752,10,TIME_EXIT,Candlestick Patterns
2025-08-31 16:30:00,2025-08-31 16:45:00,2025-08-31 19:00:00,LONG,108872.7,13.507940925502687,5.507940925502687,33.50794092550269,-1.819556234023559,9,TRAILING_STOP,Candlestick Patterns
2025-08-31 20:30:00,2025-08-31 20:45:00,2025-08-31 23:15:00,SHORT,109043.23,60.09268067352642,52.09268067352642,63.115335083158854,-17.12806929875464,10,TIME_EXIT,Candlestick Patterns
2025-09-01 01:30:00,2025-09-01 01:45:00,2025-09-01 04:15:00,LONG,108299.29,-76.81213791890929,-84.81213791890929,0.0,-92.23421501655268,10,TIME_EXIT,Candlestick Patterns
2025-09-01 04:15:00,2025-09-01 04:30:00,2025-09-01 05:15:00,SHORT,107467.41,-10.234938201264601,-18.2349382012646,19.7650617987354,-24.62420933006482,3,TRAILING_STOP,Candlestick Patterns
2025-09-01 08:00:00,2025-09-01 08:15:00,2025-09-01 09:00:00,SHORT,109514.48,-23.150677426401078,-31.150677426401078,6.849322573598921,-26.071438224425126,3,TRAILING_STOP,Candlestick Patterns
2025-09-01 11:45:00,2025-09-01 12:00:00,2025-09-01 13:30:00,LONG,108782.89,47.75973684832243,39.75973684832243,67.75973684832243,0.0,6,TRAILING_STOP,Candlestick Patterns
2025-09-01 18:45:00,2025-09-01 19:00:00,2025-09-01 20:00:00,LONG,109240.0,-11.793299157818183,-19.793299157818183,8.206700842181817,-16.8528011717325,4,TRAILING_STOP,Candlestick Patterns
2025-09-01 23:15:00,2025-09-01 23:30:00,2025-09-02 00:00:00,LONG,108799.99,39.09559366687366,31.09559366687366,59.09559366687366,0.0,2,TRAILING_STOP,Candlestick Patterns
2025-09-02 04:00:00,2025-09-02 04:15:00,2025-09-02 05:30:00,LONG,110359.99,-19.473541090389944,-27.473541090389944,0.5264589096100563,-28.541140679698366,5,TRAILING_STOP,Candlestick Patterns
2025-09-02 09:15:00,2025-09-02 09:30:00,2025-09-02 12:00:00,SHORT,110322.28,82.74937755093563,74.74937755093563,86.09684281361811,-14.101412697417693,10,TIME_EXIT,Candlestick Patterns
2025-09-02 15:00:00,2025-09-02 15:15:00,2025-09-02 17:45:00,LONG,111395.04,-43.183251247092656,-51.183251247092656,0.0,-83.06833051094524,10,TIME_EXIT,Candlestick Patterns
2025-09-02 17:45:00,2025-09-02 18:00:00,2025-09-02 18:45:00,SHORT,110914.01,34.375095625881244,26.375095625881244,64.37509562588124,0.0,3,TRAILING_STOP,Candlestick Patterns
2025-09-02 21:30:00,2025-09-02 21:45:00,2025-09-02 22:45:00,SHORT,111360.86,14.054077886970028,6.054077886970028,44.05407788697003,0.0,4,TRAILING_STOP,Candlestick Patterns
2025-09-03 02:15:00,2025-09-03 02:30:00,2025-09-03 03:00:00,LONG,111374.54,-10.167411690319053,-18.167411690319053,9.832588309680947,-29.358594881738316,2,TRAILING_STOP,Candlestick Patterns
2025-09-03 07:15:00,2025-09-03 07:30:00,2025-09-03 08:45:00,LONG,110780.0,25.08756093157573,17.08756093157573,45.08756093157573,0.0,5,TRAILING_STOP,Candlestick Patterns
2025-09-03 12:00:00,2025-09-03 12:15:00,2025-09-03 13:30:00,SHORT,111466.43,9.009054116113028,1.0090541161130275,39.00905411611303,-35.18009861803361,5,TRAILING_STOP,Candlestick Patterns
2025-09-03 15:30:00,2025-09-03 15:45:00,2025-09-03 16:15:00,LONG,112320.0,-18.575498575498575,-26.575498575498575,1.4245014245014245,-37.39316239316239,2,TRAILING_STOP,Candlestick Patterns
2025-09-04 03:15:00,2025-09-04 03:30:00,2025-09-04 06:00:00,SHORT,111378.66,64.27443102655434,56.27443102655434,72.92689640906076,0.0,10,TIME_EXIT,Candlestick Patterns
2025-09-04 06:15:00,2025-09-04 06:30:00,2025-09-04 08:00:00,SHORT,110527.02,-7.621761628965384,-15.621761628965384,22.378238371034616,-17.21931885976772,6,TRAILING_STOP,Candlestick Patterns
2025-09-04 09:00:00,2025-09-04 09:15:00,2025-09-04 10:15:00,LONG,110832.0,9.136891872382797,1.1368918723827974,29.136891872382797,-8.631081276166043,4,TRAILING_STOP,Candlestick Patterns
2025-09-04 11:45:00,2025-09-04 12:00:00,2025-09-04 12:45:00,SHORT,110810.0,-4.977890082122183,-12.977890082122183,25.022109917877817,-28.33589026261215,3,TRAILING_STOP,Candlestick Patterns
2025-09-04 15:45:00,2025-09-04 16:00:00,2025-09-04 17:15:00,SHORT,109510.32,-16.57112863883402,-24.57112863883402,13.428871361165982,-34.89899399435533,5,TRAILING_STOP,Candlestick Patterns
2025-09-04 22:30:00,2025-09-04 22:45:00,2025-09-05 01:15:00,SHORT,110760.0,-0.7249909714698468,-8.724990971469847,29.275009028530153,-90.76471650415291,10,TRAILING_STOP,Candlestick Patterns
2025-09-05 02:45:00,2025-09-05 03:00:00,2025-09-05 04:45:00,SHORT,111340.64,-8.087965005410318,-16.087965005410318,21.912034994589682,-11.456733138950671,7,TRAILING_STOP,Candlestick Patterns
2025-09-05 06:00:00,2025-09-05 06:15:00,2025-09-05 08:15:00,LONG,111599.99,105.3593302293302,97.3593302293302,125.3593302293302,-5.045699376855878,8,TRAILING_STOP,Candlestick Patterns
2025-09-05 10:00:00,2025-09-05 10:15:00,2025-09-05 12:15:00,SHORT,112233.38,-21.515002043063262,-29.515002043063262,8.48499795693674,-40.4353856223516,8,TRAILING_STOP,Candlestick Patterns
2025-09-05 16:00:00,2025-09-05 16:15:00,2025-09-05 17:00:00,LONG,110789.73,-7.40226192445753,-15.40226192445753,12.59773807554247,-22.96061196285884,3,TRAILING_STOP,Candlestick Patterns
2025-09-05 21:00:00,2025-09-05 21:15:00,2025-09-05 22:30:00,SHORT,111318.84,43.558078758276366,35.558078758276366,73.55807875827637,0.0,5,TRAILING_STOP,Candlestick Patterns
2025-09-05 23:45:00,2025-09-06 00:00:00,2025-09-06 02:30:00,SHORT,110660.0,-20.29098138442054,-28.29098138442054,9.709018615579462,-23.265859389120404,10,TRAILING_STOP,Candlestick Patterns
2025-09-06 04:00:00,2025-09-06 04:15:00,2025-09-06 06:45:00,SHORT,110887.74,12.166358517181745,4.166358517181745,18.040768077697578,-7.462502166605614,10,TIME_EXIT,Candlestick Patterns
2025-09-06 09:00:00,2025-09-06 09:15:00,2025-09-06 11:45:00,SHORT,110722.01,-5.3295636522502905,-13.32956365225029,4.193384856361713,-13.257526665204882,10,TIME_EXIT,Candlestick Patterns
2025-09-06 12:45:00,2025-09-06 13:00:00,2025-09-06 15:30:00,SHORT,110832.59,20.167353302849776,12.167353302849776,22.478045491853084,-15.089424509524253,10,TIME_EXIT,Candlestick Patterns
2025-09-06 15:30:00,2025-09-06 15:45:00,2025-09-06 18:15:00,SHORT,110609.07,36.636236069972426,28.636236069972426,57.14449999444051,0.0,10,TIME_EXIT,Candlestick Patterns
2025-09-06 21:30:00,2025-09-06 21:45:00,2025-09-07 00:15:00,LONG,110165.25,6.844263504144382,-1.155736495855618,10.672149339288659,-8.196777114380707,10,TIME_EXIT,Candlestick Patterns
2025-09-07 02:00:00,2025-09-07 02:15:00,2025-09-07 04:30:00,LONG,110529.57,-1.5841136448835975,-9.584113644883598,18.415886355116402,-3.583656391678768,9,TRAILING_STOP,Candlestick Patterns
2025-09-07 08:00:00,2025-09-07 08:15:00,2025-09-07 08:45:00,LONG,110831.26,29.257763558765603,21.257763558765603,49.2577635587656,0.0,2,TRAILING_STOP,Candlestick Patterns
2025-09-07 11:45:00,2025-09-07 12:00:00,2025-09-07 14:00:00,LONG,111292.12,-9.228347883030294,-17.228347883030295,10.771652116969706,-22.42027557746133,8,TRAILING_STOP,Candlestick Patterns
2025-09-07 14:30:00,2025-09-07 14:45:00,2025-09-07 17:00:00,LONG,111249.6,-8.869173462197871,-16.86917346219787,11.130826537802129,-15.27556054134148,9,TRAILING_STOP,Candlestick Patterns
2025-09-07 17:45:00,2025-09-07 18:00:00,2025-09-07 19:30:00,SHORT,110962.84,-20.840176765482983,-28.840176765482983,9.159823234517017,-29.84332412544675,6,TRAILING_STOP,Candlestick Patterns
2025-09-07 20:45:00,2025-09-07 21:00:00,2025-09-07 23:30:00,LONG,111330.31,6.783417741314479,-1.2165822586855208,24.224310522444636,-29.539125508587965,10,TIME_EXIT,Candlestick Patterns
2025-09-08 01:15:00,2025-09-08 01:30:00,2025-09-08 02:30:00,SHORT,110803.86,-13.567359476465736,-21.567359476465736,16.432640523534264,-51.274387011427166,4,TRAILING_STOP,Candlestick Patterns
2025-09-08 10:30:00,2025-09-08 10:45:00,2025-09-08 13:15:00,LONG,112118.99,6.903380060772414,-1.096619939227586,22.41457936786602,-32.526158146805244,10,TIME_EXIT,Candlestick Patterns
2025-09-08 14:45:00,2025-09-08 15:00:00,2025-09-08 15:30:00,LONG,112645.06,4.795583579075519,-3.204416420924481,24.79558357907552,-4.578096900120825,2,TRAILING_STOP,Candlestick Patterns
2025-09-08 21:30:00,2025-09-08 21:45:00,2025-09-08 22:45:00,LONG,112252.8,3.1539881410533646,-4.846011858946635,23.153988141053365,-3.731755466233307,4,TRAILING_STOP,Candlestick Patterns
2025-09-09 02:45:00,2025-09-09 03:00:00,2025-09-09 05:00:00,LONG,111330.72,50.08577686374471,42.08577686374471,70.08577686374471,0.0,8,TRAILING_STOP,Candlestick Patterns
2025-09-09 07:15:00,2025-09-09 07:30:00,2025-09-09 10:00:00,LONG,113232.0,-22.120072064434186,-30.120072064434186,0.0,-42.24865762328665,10,TIME_EXIT,Candlestick Patterns
2025-09-09 10:15:00,2025-09-09 10:30:00,2025-09-09 12:15:00,SHORT,112698.73,-2.9074143071530827,-10.907414307153083,27.092585692846917,-11.119912353937528,7,TRAILING_STOP,Candlestick Patterns
2025-09-09 13:00:00,2025-09-09 13:15:00,2025-09-09 14:00:00,LONG,112763.15,-3.4298704851712785,-11.429870485171278,16.57012951482872,-66.7904364147325,3,TRAILING_STOP,Candlestick Patterns
2025-09-09 15:45:00,2025-09-09 16:00:00,2025-09-09 18:15:00,SHORT,110880.76,-21.6342564751545,-29.6342564751545,8.365743524845497,-37.644042122367196,9,TRAILING_STOP,Candlestick Patterns
2025-09-09 18:30:00,2025-09-09 18:45:00,2025-09-09 21:15:00,SHORT,111088.86,-28.405188423033856,-36.405188423033856,0.0,-59.12654068103694,10,TIME_EXIT,Candlestick Patterns
2025-09-10 00:45:00,2025-09-10 01:00:00,2025-09-10 02:00:00,SHORT,111010.47,-21.62061020010058,-29.62061020010058,8.379389799899421,-31.004282749185098,4,TRAILING_STOP,Candlestick Patterns
2025-09-10 04:00:00,2025-09-10 04:15:00,2025-09-10 06:45:00,LONG,111541.54,22.48400013125228,14.48400013125228,38.3740443246537,-15.16206428564599,10,TIME_EXIT,Candlestick Patterns
2025-09-10 11:00:00,2025-09-10 11:15:00,2025-09-10 12:30:00,LONG,112365.43,85.43367297219496,77.43367297219496,105.43367297219496,-19.306649740937917,5,TRAILING_STOP,Candlestick Patterns
2025-09-10 14:00:00,2025-09-10 14:15:00,2025-09-10 14:45:00,LONG,114028.99,-5.635231882700326,-13.635231882700326,14.364768117299674,-19.894063781500286,2,TRAILING_STOP,Candlestick Patterns
2025-09-10 19:30:00,2025-09-10 19:45:00,2025-09-10 20:45:00,LONG,113482.02,16.832266468291266,8.832266468291266,36.832266468291266,0.0,4,TRAILING_STOP,Candlestick Patterns
2025-09-10 23:00:00,2025-09-10 23:15:00,2025-09-11 01:00:00,SHORT,113906.13,-9.25396991364752,-17.25396991364752,20.74603008635248,-13.320617599772367,7,TRAILING_STOP,Candlestick Patterns
2025-09-11 04:30:00,2025-09-11 04:45:00,2025-09-11 07:00:00,LONG,114199.99,2.737304968239396,-5.262695031760604,22.737304968239396,-21.26007191419265,9,TRAILING_STOP,Candlestick Patterns
2025-09-11 07:30:00,2025-09-11 07:45:00,2025-09-11 10:15:00,LONG,114215.85,-20.871884243736698,-28.871884243736698,0.0,-38.51041689923122,10,TIME_EXIT,Candlestick Patterns
2025-09-11 11:15:00,2025-09-11 11:30:00,2025-09-11 12:30:00,SHORT,113923.75,7.195931489263657,-0.804068510736343,37.19593148926366,-50.58207792492786,4,TRAILING_STOP,Candlestick Patterns
2025-09-11 14:15:00,2025-09-11 14:30:00,2025-09-11 15:15:00,LONG,114154.7,27.702810309168434,19.702810309168434,47.702810309168434,0.0,3,TRAILING_STOP,Candlestick Patterns
2025-09-11 17:45:00,2025-09-11 18:00:00,2025-09-11 20:30:00,LONG,114589.84,-25.515351099189083,-33.51535109918908,0.0,-42.5727097620519,10,TIME_EXIT,Candlestick Patterns
2025-09-11 22:45:00,2025-09-11 23:00:00,2025-09-12 01:30:00,SHORT,115084.01,-47.31673844177033,-55.31673844177033,0.0,-108.42514090358887,10,TIME_EXIT,Candlestick Patterns
2025-09-12 03:30:00,2025-09-12 03:45:00,2025-09-12 06:00:00,LONG,115252.33,15.100374977234175,7.100374977234175,35.100374977234175,-14.360664118460319,9,TRAILING_STOP,Candlestick Patterns
2025-09-12 06:15:00,2025-09-12 06:30:00,2025-09-12 09:00:00,SHORT,115344.0,22.356602857538785,14.356602857538785,34.15869052573173,-5.357019004022194,10,TIME_EXIT,Candlestick Patterns
2025-09-12 09:00:00,2025-09-12 09:15:00,2025-09-12 11:45:00,LONG,115086.13,-14.624026370510908,-22.624026370510908,5.375973629489091,-17.21493285072753,10,TRAILING_STOP,Candlestick Patterns
2025-09-12 13:00:00,2025-09-12 13:15:00,2025-09-12 14:15:00,SHORT,114988.27,-15.607227589388032,-23.60722758938803,14.392772410611968,-44.585417277779115,4,TRAILING_STOP,Candlestick Patterns
2025-09-12 19:00:00,2025-09-12 19:15:00,2025-09-12 21:45:00,SHORT,116331.98,40.065509071537896,32.065509071537896,49.79714090656782,-28.68084941045521,10,TIME_EXIT,Candlestick Patterns
2025-09-12 22:15:00,2025-09-12 22:30:00,2025-09-13 01:00:00,SHORT,116130.96,-1.8117477027653603,-9.811747702765361,17.38554473329151,-14.450926781281446,10,TIME_EXIT,Candlestick Patterns
2025-09-13 01:45:00,2025-09-13 02:00:00,2025-09-13 04:15:00,LONG,115764.3,1.4755326123857344,-6.524467387614266,21.475532612385734,-1.1929411744378597,9,TRAILING_STOP,Candlestick Patterns
2025-09-13 06:00:00,2025-09-13 06:15:00,2025-09-13 08:45:00,SHORT,115716.08,-22.635574934788064,-30.635574934788064,3.4714276529241443,-29.390038100149653,10,TIME_EXIT,Candlestick Patterns
2025-09-13 13:30:00,2025-09-13 13:45:00,2025-09-13 16:15:00,SHORT,115842.33,25.84806434746328,17.84806434746328,32.700481766897965,-9.294529901116306,10,TIME_EXIT,Candlestick Patterns
2025-09-13 16:30:00,2025-09-13 16:45:00,2025-09-13 19:15:00,LONG,115435.42,18.243100774441373,10.243100774441373,19.834466752059846,-22.12665748519807,10,TIME_EXIT,Candlestick Patterns
2025-09-13 21:15:00,2025-09-13 21:30:00,2025-09-14 00:00:00,LONG,115949.76,1.9448078202147994,-6.055192179785201,3.5817236706655398,-12.06212069779192,10,TIME_EXIT,Candlestick Patterns
2025-09-14 00:30:00,2025-09-14 00:45:00,2025-09-14 02:00:00,SHORT,115923.95,-14.534688474642312,-22.534688474642312,15.465311525357688,-15.963051638596072,5,TRAILING_STOP,Candlestick Patterns
2025-09-14 04:15:00,2025-09-14 04:30:00,2025-09-14 07:00:00,LONG,115717.94,1.6471084777345388,-6.352891522265461,18.844096256811834,-2.0731444061314295,10,TIME_EXIT,Candlestick Patterns
2025-09-14 08:15:00,2025-09-14 08:30:00,2025-09-14 11:00:00,LONG,115874.96,15.32686613225077,7.326866132250769,25.046826337631177,0.0,10,TIME_EXIT,Candlestick Patterns
2025-09-14 12:00:00,2025-09-14 12:15:00,2025-09-14 14:00:00,SHORT,115786.32,19.169021003518573,11.169021003518573,49.16902100351857,-1.7532295697789133,7,TRAILING_STOP,Candlestick Patterns
2025-09-14 17:30:00,2025-09-14 17:45:00,2025-09-14 20:15:00,LONG,115633.79,4.720073604782975,-3.279926395217025,12.24209636301052,-26.186117396998608,10,TIME_EXIT,Candlestick Patterns
2025-09-14 22:00:00,2025-09-14 22:15:00,2025-09-15 00:45:00,SHORT,115928.87,73.97208305403032,65.97208305403032,82.51439007384457,-12.15918002133605,10,TIME_EXIT,Candlestick Patterns
2025-09-15 02:30:00,2025-09-15 02:45:00,2025-09-15 05:15:00,LONG,115423.13,77.52259014289368,69.52259014289368,85.62581867256523,-6.516891371772813,10,TIME_EXIT,Candlestick Patterns
2025-09-15 06:15:00,2025-09-15 06:30:00,2025-09-15 09:00:00,SHORT,116411.8,133.81804937300194,125.81804937300194,153.41486000560144,0.0,10,TIME_EXIT,Candlestick Patterns
2025-09-15 11:00:00,2025-09-15 11:15:00,2025-09-15 12:00:00,LONG,115067.49,-8.843938457335314,-16.843938457335312,11.156061542664686,-18.901950498789883,3,TRAILING_STOP,Candlestick Patterns
2025-09-15 14:15:00,2025-09-15 14:30:00,2025-09-15 17:00:00,LONG,115017.55,-16.59659764966298,-24.59659764966298,0.0,-53.3066475507442,10,TIME_EXIT,Candlestick Patterns
2025-09-15 22:30:00,2025-09-15 22:45:00,2025-09-16 01:15:00,SHORT,115252.73,-3.3004155302871183,-11.300415530287118,26.69958446971288,-23.189906217406225,10,TRAILING_STOP,Candlestick Patterns
2025-09-16 05:30:00,2025-09-16 05:45:00,2025-09-16 06:15:00,LONG,115846.31,-5.902874247785908,-13.902874247785908,14.097125752214092,-12.18856258779387,2,TRAILING_STOP,Candlestick Patterns
2025-09-16 08:15:00,2025-09-16 08:30:00,2025-09-16 11:00:00,SHORT,115755.28,44.13880731833512,36.13880731833512,46.346050046269674,0.0,10,TIME_EXIT,Candlestick Patterns
2025-09-16 11:30:00,2025-09-16 11:45:00,2025-09-16 13:45:00,SHORT,115346.59,22.8390132729538,14.8390132729538,52.8390132729538,-18.33344184687221,8,TRAILING_STOP,Candlestick Patterns
2025-09-16 18:00:00,2025-09-16 18:15:00,2025-09-16 19:00:00,SHORT,116549.14,-2.284651778639976,-10.284651778639976,27.715348221360024,-2.382685964049505,3,TRAILING_STOP,Candlestick Patterns
2025-09-16 23:15:00,2025-09-16 23:30:00,2025-09-17 02:00:00,SHORT,116735.73,7.008993733109172,-0.9910062668908282,18.744046916912044,-8.246832396559654,10,TIME_EXIT,Candlestick Patterns
2025-09-17 02:00:00,2025-09-17 02:15:00,2025-09-17 02:45:00,LONG,116653.92,16.281678318225843,8.281678318225843,36.28167831822584,0.0,2,TRAILING_STOP,Candlestick Patterns
2025-09-17 09:00:00,2025-09-17 09:15:00,2025-09-17 11:45:00,SHORT,116710.36,38.74805972665973,30.748059726659733,39.164475201687026,-6.223954754316534,10,TIME_EXIT,Candlestick Patterns
2025-09-17 12:00:00,2025-09-17 12:15:00,2025-09-17 12:30:00,LONG,116338.15,-4.632727957252298,-12.632727957252298,15.367272042747702,-20.77908235604492,1,TRAILING_STOP,Candlestick Patterns
2025-09-17 16:00:00,2025-09-17 16:15:00,2025-09-17 17:30:00,SHORT,115570.8,-14.027972463632985,-22.027972463632985,15.972027536367015,-62.08056014148913,5,TRAILING_STOP,Candlestick Patterns
2025-09-17 21:00:00,2025-09-17 21:15:00,2025-09-17 22:45:00,LONG,115777.96,70.32461791518823,62.32461791518823,90.32461791518823,-2.5928941916064225,6,TRAILING_STOP,Candlestick Patterns
2025-09-18 00:00:00,2025-09-18 00:15:00,2025-09-18 01:00:00,SHORT,116281.12,-21.13527630280808,-29.13527630280808,8.864723697191922,-29.319463039228342,3,TRAILING_STOP,Candlestick Patterns
2025-09-18 06:00:00,2025-09-18 06:15:00,2025-09-18 08:15:00,SHORT,117076.9,-13.867013902828813,-21.867013902828813,16.132986097171187,-28.711043766959957,8,TRAILING_STOP,Candlestick Patterns
2025-09-18 09:15:00,2025-09-18 09:30:00,2025-09-18 12:00:00,SHORT,117257.3,1.1555783733723113,-6.844421626627689,23.854378362797576,-5.8776724348930305,10,TIME_EXIT,Candlestick Patterns
2025-09-18 12:30:00,2025-09-18 12:45:00,2025-09-18 13:30:00,LONG,117209.46,18.05921467431012,10.05921467431012,38.05921467431012,-12.551887876627868,3,TRAILING_STOP,Candlestick Patterns
2025-09-18 15:15:00,2025-09-18 15:30:00,2025-09-18 18:00:00,SHORT,117336.0,-41.41951319288198,-49.41951319288198,0.0,-41.41951319288198,10,TIME_EXIT,Candlestick Patterns
2025-09-18 18:45:00,2025-09-18 19:00:00,2025-09-18 21:30:00,LONG,117822.98,-38.447508287432555,-46.447508287432555,0.0,-53.18571979761454,10,TIME_EXIT,Candlestick Patterns
2025-09-18 22:45:00,2025-09-18 23:00:00,2025-09-18 23:45:00,SHORT,117061.02,6.088870573655214,-1.911129426344786,36.088870573655214,-9.498464988601869,3,TRAILING_STOP,Candlestick Patterns
2025-09-19 01:30:00,2025-09-19 01:45:00,2025-09-19 04:15:00,SHORT,117132.16,11.624476147285552,3.6244761472855522,36.893368994475935,-13.561604259666284,10,TIME_EXIT,Candlestick Patterns
2025-09-19 04:45:00,2025-09-19 05:00:00,2025-09-19 07:30:00,SHORT,116990.65,1.7403100162278424,-6.259689983772158,30.497308972981482,-1.6539783307474418,10,TIME_EXIT,Candlestick Patterns
2025-09-19 11:45:00,2025-09-19 12:00:00,2025-09-19 12:15:00,LONG,116394.72,-8.456521051813985,-16.456521051813986,11.543478948186015,-16.729281190762016,1,TRAILING_STOP,Candlestick Patterns
2025-09-19 16:30:00,2025-09-19 16:45:00,2025-09-19 17:00:00,LONG,115996.3,-11.648009462371636,-19.648009462371636,8.351990537628364,-16.90053906891928,1,TRAILING_STOP,Candlestick Patterns
2025-09-19 23:30:00,2025-09-19 23:45:00,2025-09-20 02:15:00,LONG,115521.69,1.0500192647808957,-6.949980735219104,18.067602715992223,-6.725143996768254,10,TIME_EXIT,Candlestick Patterns
2025-09-20 03:00:00,2025-09-20 03:15:00,2025-09-20 05:45:00,SHORT,115491.27,-19.587627705540097,-27.587627705540097,7.1693730617043965,-19.58849357185144,10,TIME_EXIT,Candlestick Patterns
2025-09-20 08:30:00,2025-09-20 08:45:00,2025-09-20 11:15:00,LONG,115884.07,-8.363530897733641,-16.36353089773364,0.0,-18.9810385499928,10,TIME_EXIT,Candlestick Patterns
2025-09-20 14:45:00,2025-09-20 15:00:00,2025-09-20 17:30:00,SHORT,115970.36,8.019290446282998,0.01929044628299792,11.862513835432344,-13.059371377306848,10,TIME_EXIT,Candlestick Patterns
2025-09-20 21:30:00,2025-09-20 21:45:00,2025-09-21 00:15:00,SHORT,115888.49,25.079280953613203,17.079280953613203,25.080143852077864,0.0,10,TIME_EXIT,Candlestick Patterns
2025-09-21 03:15:00,2025-09-21 03:30:00,2025-09-21 06:00:00,SHORT,115649.54,-11.91876768381535,-19.91876768381535,14.006108454905739,-11.919632365161663,10,TIME_EXIT,Candlestick Patterns
2025-09-21 08:00:00,2025-09-21 08:15:00,2025-09-21 09:45:00,SHORT,115651.63,-2.105883851355504,-10.105883851355504,27.894116148644496,-4.574081662315885,6,TRAILING_STOP,Candlestick Patterns
2025-09-21 11:30:00,2025-09-21 11:45:00,2025-09-21 14:15:00,LONG,115687.39,-9.916378958847734,-17.916378958847734,5.172560293736121,-11.50946529262992,10,TIME_EXIT,Candlestick Patterns
2025-09-21 14:45:00,2025-09-21 15:00:00,2025-09-21 17:30:00,SHORT,115500.0,7.885714285714437,-0.11428571428556289,25.19307359307324,-8.623376623377126,10,TIME_EXIT,Candlestick Patterns
2025-09-21 18:30:00,2025-09-21 18:45:00,2025-09-21 21:15:00,SHORT,115531.76,24.387233432607626,16.387233432607626,24.387233432607626,0.0,10,TIME_EXIT,Candlestick Patterns
2025-09-21 23:00:00,2025-09-21 23:15:00,2025-09-22 01:15:00,SHORT,115300.01,57.71204790008191,49.71204790008191,87.71204790008191,-6.8725059087163345,8,TRAILING_STOP,Candlestick Patterns
2025-09-22 02:00:00,2025-09-22 02:15:00,2025-09-22 03:30:00,SHORT,114367.17,-11.011159059020322,-19.011159059020322,18.988840940979678,-13.864992899623816,5,TRAILING_STOP,Candlestick Patterns
2025-09-22 10:15:00,2025-09-22 10:30:00,2025-09-22 11:00:00,SHORT,112562.27,-22.32957899658464,-30.32957899658464,7.670421003415359,-32.1679724476058,2,TRAILING_STOP,Candlestick Patterns
2025-09-22 14:45:00,2025-09-22 15:00:00,2025-09-22 17:30:00,LONG,112933.16,-40.630227649700565,-48.630227649700565,0.0,-60.41361102443287,10,TIME_EXIT,Candlestick Patterns
2025-09-22 17:45:00,2025-09-22 18:00:00,2025-09-22 20:15:00,SHORT,112398.65,11.125938790190098,3.125938790190098,41.1259387901901,-37.180161861375446,9,TRAILING_STOP,Candlestick Patterns
2025-09-22 21:00:00,2025-09-22 21:15:00,2025-09-22 22:15:00,LONG,112739.14,0.47736039143110176,-7.522639608568898,20.4773603914311,-7.561703947715052,4,TRAILING_STOP,Candlestick Patterns
2025-09-23 02:45:00,2025-09-23 03:00:00,2025-09-23 03:15:00,SHORT,111811.88,-28.517152202431284,-36.517152202431284,1.482847797568715,-53.039086723163365,1,TRAILING_STOP,Candlestick Patterns
2025-09-23 06:30:00,2025-09-23 06:45:00,2025-09-23 09:00:00,SHORT,112924.2,-26.305486335081305,-34.305486335081305,3.694513664918695,-31.640693491740738,9,TRAILING_STOP,Candlestick Patterns
2025-09-23 12:00:00,2025-09-23 12:15:00,2025-09-23 13:30:00,LONG,113000.0,-15.584070796460692,-23.584070796460693,4.415929203539308,-24.07168141592874,5,TRAILING_STOP,Candlestick Patterns
2025-09-23 15:30:00,2025-09-23 15:45:00,2025-09-23 18:15:00,SHORT,112854.62,74.80508994669353,66.80508994669353,96.46215635655814,-9.211851495313741,10,TIME_EXIT,Candlestick Patterns
2025-09-23 18:15:00,2025-09-23 18:30:00,2025-09-23 21:00:00,LONG,112010.4,-0.9293779863288535,-8.929377986328854,0.0,-49.251676630027056,10,TIME_EXIT,Candlestick Patterns
2025-09-23 21:00:00,2025-09-23 21:15:00,2025-09-23 23:15:00,LONG,112000.0,-0.3089285714291421,-8.308928571429142,19.691071428570858,-10.73839285714322,8,TRAILING_STOP,Candlestick Patterns
2025-09-24 00:00:00,2025-09-24 00:15:00,2025-09-24 02:00:00,LONG,112031.04,21.859827419258664,13.859827419258664,41.859827419258664,0.0,7,TRAILING_STOP,Candlestick Patterns
2025-09-24 04:00:00,2025-09-24 04:15:00,2025-09-24 06:45:00,LONG,111475.67,100.56185354167452,92.56185354167452,116.949285884534,0.0,10,TIME_EXIT,Candlestick Patterns
2025-09-24 06:45:00,2025-09-24 07:00:00,2025-09-24 09:30:00,SHORT,112596.7,-12.726838353166913,-20.72683835316691,16.970301971549944,-21.378956932130443,10,TIME_EXIT,Candlestick Patterns
2025-09-24 09:45:00,2025-09-24 10:00:00,2025-09-24 12:30:00,LONG,112735.05,30.598292190405473,22.598292190405473,37.88706351751255,-5.902334721988249,10,TIME_EXIT,Candlestick Patterns
2025-09-24 13:15:00,2025-09-24 13:30:00,2025-09-24 14:00:00,SHORT,113056.26,-8.041021346363767,-16.041021346363767,21.958978653636233,-10.591187078009234,2,TRAILING_STOP,Candlestick Patterns
2025-09-24 20:30:00,2025-09-24 20:45:00,2025-09-24 21:30:00,LONG,113540.48,-16.16524432519502,-24.16524432519502,3.8347556748049816,-17.749616700581047,3,TRAILING_STOP,Candlestick Patterns
2025-09-25 00:15:00,2025-09-25 00:30:00,2025-09-25 01:00:00,SHORT,113131.0,-11.585065101519323,-19.585065101519323,18.414934898480677,-21.124183468721743,2,TRAILING_STOP,Candlestick Patterns
2025-09-25 04:00:00,2025-09-25 04:15:00,2025-09-25 05:15:00,SHORT,112279.96,31.9638624737674,23.9638624737674,61.9638624737674,0.0,4,TRAILING_STOP,Candlestick Patterns
2025-09-25 08:15:00,2025-09-25 08:30:00,2025-09-25 09:30:00,LONG,112031.17,-0.7830267237226813,-8.783026723722681,19.21697327627732,-30.50847366853293,4,TRAILING_STOP,Candlestick Patterns
2025-09-25 12:00:00,2025-09-25 12:15:00,2025-09-25 12:30:00,LONG,111559.59,-11.285374928322955,-19.285374928322955,8.714625071677045,-48.36787227346358,1,TRAILING_STOP,Candlestick Patterns
2025-09-25 15:00:00,2025-09-25 15:15:00,2025-09-25 15:30:00,SHORT,111317.94,6.198118650057403,-1.8018813499425974,36.1981186500574,-8.730847875913112,1,TRAILING_STOP,Candlestick Patterns
2025-09-25 19:15:00,2025-09-25 19:30:00,2025-09-25 22:00:00,LONG,109819.34,-26.3296064245145,-34.329606424514495,0.0,-69.41218186159185,10,TIME_EXIT,Candlestick Patterns
2025-09-25 22:30:00,2025-09-25 22:45:00,2025-09-25 23:15:00,LONG,109438.3,2.6081728243218514,-5.391827175678149,22.60817282432185,-13.36095315808096,2,TRAILING_STOP,Candlestick Patterns
2025-09-26 01:30:00,2025-09-26 01:45:00,2025-09-26 02:15:00,LONG,109650.0,-6.425900592795575,-14.425900592795575,13.574099407204425,-7.631554947559782,2,TRAILING_STOP,Candlestick Patterns
2025-09-26 05:00:00,2025-09-26 05:15:00,2025-09-26 06:15:00,SHORT,109379.54,3.2365632548823697,-4.76343674511763,33.23656325488237,-22.36432883151729,4,TRAILING_STOP,Candlestick Patterns
2025-09-26 11:30:00,2025-09-26 11:45:00,2025-09-26 12:00:00,LONG,109042.04,-11.612409305621355,-19.612409305621355,8.387590694378645,-14.525590313607434,1,TRAILING_STOP,Candlestick Patterns
2025-09-26 17:30:00,2025-09-26 17:45:00,2025-09-26 18:30:00,LONG,109944.77,12.309858850038609,4.309858850038609,32.30985885003861,-10.590772075834286,3,TRAILING_STOP,Candlestick Patterns
2025-09-26 21:45:00,2025-09-26 22:00:00,2025-09-27 00:30:00,LONG,109469.07,0.5864670267134136,-7.4135329732865864,19.970937909675794,-3.379950153956729,10,TIME_EXIT,Candlestick Patterns
2025-09-27 02:15:00,2025-09-27 02:30:00,2025-09-27 05:00:00,SHORT,109342.45,-24.564110279218777,-32.56411027921878,0.0,-36.715840919972656,10,TIME_EXIT,Candlestick Patterns
2025-09-27 07:15:00,2025-09-27 07:30:00,2025-09-27 10:00:00,SHORT,109494.19,18.35074536831658,10.35074536831658,39.252311013032575,0.0,10,TIME_EXIT,Candlestick Patterns
2025-09-27 11:00:00,2025-09-27 11:15:00,2025-09-27 13:45:00,SHORT,109335.0,2.596606759043254,-5.403393240956746,9.865093519915908,-13.041569488269676,10,TIME_EXIT,Candlestick Patterns
2025-09-27 17:00:00,2025-09-27 17:15:00,2025-09-27 19:45:00,SHORT,109325.22,-9.053720632805122,-17.053720632805124,4.7884650952457095,-10.498949830606225,10,TIME_EXIT,Candlestick Patterns
2025-09-27 20:00:00,2025-09-27 20:15:00,2025-09-27 22:15:00,SHORT,109394.42,-27.679040667705042,-35.67904066770504,2.3209593322949575,-27.931954847422535,8,TRAILING_STOP,Candlestick Patterns
2025-09-27 22:45:00,2025-09-27 23:00:00,2025-09-28 01:00:00,LONG,109605.63,-3.3840652163583798,-11.38406521635838,16.61593478364162,-13.147134868893671,8,TRAILING_STOP,Candlestick Patterns
2025-09-28 02:00:00,2025-09-28 02:15:00,2025-09-28 04:45:00,SHORT,109378.27,1.130937616768842,-6.869062383231158,1.1327661335290289,-14.329171598709316,10,TIME_EXIT,Candlestick Patterns
2025-09-28 06:15:00,2025-09-28 06:30:00,2025-09-28 09:00:00,SHORT,109280.01,-7.679355080585942,-15.679355080585943,0.0,-27.944726578996896,10,TIME_EXIT,Candlestick Patterns
2025-09-28 12:30:00,2025-09-28 12:45:00,2025-09-28 15:15:00,SHORT,109242.64,-60.17339017072508,-68.17339017072507,0.0,-61.23707739029386,10,TIME_EXIT,Candlestick Patterns
2025-09-28 15:30:00,2025-09-28 15:45:00,2025-09-28 16:15:00,LONG,109929.99,22.175933973977386,14.175933973977386,42.175933973977386,0.0,2,TRAILING_STOP,Candlestick Patterns
2025-09-28 19:15:00,2025-09-28 19:30:00,2025-09-28 21:30:00,LONG,110338.02,35.01095633218685,27.01095633218685,55.01095633218685,-3.918866769587241,8,TRAILING_STOP,Candlestick Patterns
2025-09-29 00:15:00,2025-09-29 00:30:00,2025-09-29 01:15:00,LONG,112198.88,-10.096157822609698,-18.096157822609698,9.903842177390302,-15.635628448341691,3,TRAILING_STOP,Candlestick Patterns
2025-09-29 03:15:00,2025-09-29 03:30:00,2025-09-29 05:15:00,LONG,111756.69,-6.788262966629185,-14.788262966629185,13.211737033370815,-16.223637260552156,7,TRAILING_STOP,Candlestick Patterns
2025-09-29 07:30:00,2025-09-29 07:45:00,2025-09-29 08:45:00,LONG,111732.78,41.683778028256924,33.683778028256924,61.683778028256924,0.0,4,TRAILING_STOP,Candlestick Patterns
2025-09-29 11:00:00,2025-09-29 11:15:00,2025-09-29 13:30:00,SHORT,111923.15,-28.044193716849517,-36.04419371684952,1.9558062831504848,-123.01744545252754,9,TRAILING_STOP,Candlestick Patterns
2025-09-29 14:30:00,2025-09-29 14:45:00,2025-09-29 15:15:00,LONG,114079.27,-15.8046716112401,-23.8046716112401,4.1953283887599016,-27.388849876055225,2,TRAILING_STOP,Candlestick Patterns
2025-09-29 17:15:00,2025-09-29 17:30:00,2025-09-29 20:00:00,LONG,113890.25,42.036082983398494,34.036082983398494,44.75800167266294,-3.6543953499088238,10,TIME_EXIT,Candlestick Patterns
2025-09-29 21:30:00,2025-09-29 21:45:00,2025-09-30 00:15:00,LONG,114181.42,2.548327039548674,-5.451672960451326,22.548327039548674,-14.137151210766012,10,TRAILING_STOP,Candlestick Patterns
2025-09-30 00:30:00,2025-09-30 00:45:00,2025-09-30 01:30:00,LONG,114386.0,15.493854142989527,7.493854142989527,35.49385414298953,-4.014477296172456,3,TRAILING_STOP,Candlestick Patterns
2025-09-30 05:15:00,2025-09-30 05:30:00,2025-09-30 08:00:00,SHORT,113939.98,20.768829343308592,12.768829343308592,31.1549993250829,-12.659296587554714,10,TIME_EXIT,Candlestick Patterns
2025-09-30 09:15:00,2025-09-30 09:30:00,2025-09-30 11:30:00,SHORT,113254.29,22.803297782361227,14.803297782361227,52.80329778236123,0.0,8,TRAILING_STOP,Candlestick Patterns
2025-09-30 17:00:00,2025-09-30 17:15:00,2025-09-30 17:45:00,LONG,113133.6,12.73916855823552,4.739168558235519,32.73916855823552,0.0,2,TRAILING_STOP,Candlestick Patterns
2025-09-30 22:00:00,2025-09-30 22:15:00,2025-10-01 00:00:00,SHORT,114130.32,1.9722226311122846,-6.027777368887715,31.972222631112285,-15.568168038080767,7,TRAILING_STOP,Candlestick Patterns
2025-10-01 05:30:00,2025-10-01 05:45:00,2025-10-01 07:15:00,SHORT,114569.25,0.05780346820768756,-7.942196531792312,30.057803468207688,-4.804954208917568,6,TRAILING_STOP,Candlestick Patterns
2025-10-01 10:15:00,2025-10-01 10:30:00,2025-10-01 11:30:00,SHORT,116240.63,-28.627846390714534,-36.62784639071454,1.3721536092854658,-30.916040286429563,4,TRAILING_STOP,Candlestick Patterns
2025-10-01 13:30:00,2025-10-01 13:45:00,2025-10-01 16:15:00,SHORT,116513.96,-115.6711178643311,-123.6711178643311,0.0,-116.36202219888492,10,TIME_EXIT,Candlestick Patterns
2025-10-01 16:45:00,2025-10-01 17:00:00,2025-10-01 18:45:00,SHORT,117535.79,39.01982791794704,31.01982791794704,69.01982791794704,-1.8045567226805046,7,TRAILING_STOP,Candlestick Patterns
2025-10-01 20:30:00,2025-10-01 20:45:00,2025-10-01 22:00:00,LONG,117376.76,39.91305263495135,31.91305263495135,59.91305263495135,-3.170985465947532,5,TRAILING_STOP,Candlestick Patterns
2025-10-01 23:30:00,2025-10-01 23:45:00,2025-10-02 00:00:00,LONG,118310.5,76.89926084328933,68.89926084328933,96.89926084328933,0.0,1,TRAILING_STOP,Candlestick Patterns
2025-10-02 05:30:00,2025-10-02 05:45:00,2025-10-02 07:00:00,SHORT,118473.16,-15.03542912166704,-23.03542912166704,14.96457087833296,-17.372711253755064,5,TRAILING_STOP,Candlestick Patterns
2025-10-02 08:15:00,2025-10-02 08:30:00,2025-10-02 10:15:00,LONG,118628.9,5.085792753705974,-2.9142072462940263,25.085792753705974,-5.217952792278625,7,TRAILING_STOP,Candlestick Patterns
2025-10-02 13:00:00,2025-10-02 13:15:00,2025-10-02 13:30:00,SHORT,119113.0,-28.74908700141931,-36.74908700141931,1.2509129985806906,-36.68785103221311,1,TRAILING_STOP,Candlestick Patterns
2025-10-02 17:00:00,2025-10-02 17:15:00,2025-10-02 19:15:00,LONG,119801.0,81.9248587240513,73.9248587240513,101.9248587240513,-34.71924274421769,8,TRAILING_STOP,Candlestick Patterns
2025-10-02 19:45:00,2025-10-02 20:00:00,2025-10-02 22:30:00,LONG,120836.49,-54.94863347983795,-62.94863347983795,0.0,-60.64889835843465,10,TIME_EXIT,Candlestick Patterns
2025-10-03 04:15:00,2025-10-03 04:30:00,2025-10-03 07:00:00,SHORT,120200.01,27.29617077402833,19.29617077402833,37.70382381831725,0.0,10,TIME_EXIT,Candlestick Patterns
2025-10-03 09:00:00,2025-10-03 09:15:00,2025-10-03 11:45:00,SHORT,120069.43,-22.076393633250945,-30.076393633250945,0.0,-37.183486254578405,10,TIME_EXIT,Candlestick Patterns
2025-10-03 11:45:00,2025-10-03 12:00:00,2025-10-03 13:15:00,SHORT,120334.51,-10.692986575505085,-18.692986575505085,19.307013424494915,-17.49207272294583,5,TRAILING_STOP,Candlestick Patterns
2025-10-03 15:00:00,2025-10-03 15:15:00,2025-10-03 16:45:00,LONG,120849.99,231.96526702236383,223.96526702236383,251.96526702236383,0.0,6,TRAILING_STOP,Candlestick Patterns
2025-10-03 17:45:00,2025-10-03 18:00:00,2025-10-03 18:15:00,SHORT,122073.26,-23.852052447850713,-31.852052447850713,6.1479475521492875,-42.54084801208817,1,TRAILING_STOP,Candlestick Patterns
2025-10-03 21:00:00,2025-10-03 21:15:00,2025-10-03 23:00:00,LONG,122451.82,-2.5907038376405502,-10.59070383764055,17.40929616235945,-36.95249282534186,7,TRAILING_STOP,Candlestick Patterns
2025-10-03 23:45:00,2025-10-04 00:00:00,2025-10-04 02:30:00,SHORT,122232.21,39.23597552560091,31.235975525600907,44.770523252423004,-5.182758292596629,10,TIME_EXIT,Candlestick Patterns
2025-10-04 12:15:00,2025-10-04 12:30:00,2025-10-04 14:30:00,LONG,122077.33,15.402969576743061,7.402969576743061,35.40296957674306,-10.839850445615228,8,TRAILING_STOP,Candlestick Patterns
2025-10-04 18:30:00,2025-10-04 18:45:00,2025-10-04 19:45:00,SHORT,121677.82,-21.521051248287257,-29.521051248287257,8.478948751712744,-23.129112602444142,4,TRAILING_STOP,Candlestick Patterns
2025-10-04 23:30:00,2025-10-04 23:45:00,2025-10-05 00:45:00,LONG,122340.0,-14.27824096779467,-22.27824096779467,5.7217590322053296,-14.901095308157831,4,TRAILING_STOP,Candlestick Patterns
2025-10-05 03:45:00,2025-10-05 04:00:00,2025-10-05 06:30:00,SHORT,123776.23,-104.56369530724922,-112.56369530724922,0.0,-156.10347802643548,10,TIME_EXIT,Candlestick Patterns
2025-10-05 06:30:00,2025-10-05 06:45:00,2025-10-05 07:15:00,LONG,125070.48,-12.501827769430577,-20.501827769430577,7.498172230569423,-23.997669154224035,2,TRAILING_STOP,Candlestick Patterns
2025-10-05 10:00:00,2025-10-05 10:15:00,2025-10-05 11:00:00,LONG,122859.47,13.874474633497364,5.874474633497364,33.874474633497364,-15.858769372844968,3,TRAILING_STOP,Candlestick Patterns
2025-10-05 12:45:00,2025-10-05 13:00:00,2025-10-05 15:30:00,SHORT,123085.89,25.449708329687507,17.449708329687507,33.38238038494903,-22.174759430183453,10,TIME_EXIT,Candlestick Patterns
2025-10-05 16:45:00,2025-10-05 17:00:00,2025-10-05 17:30:00,LONG,123265.55,-11.010464805454754,-19.010464805454752,8.989535194545246,-30.43591660443638,2,TRAILING_STOP,Candlestick Patterns
2025-10-05 21:30:00,2025-10-05 21:45:00,2025-10-06 00:15:00,LONG,122669.2,117.70856906216144,109.70856906216144,137.70856906216144,0.0,10,TRAILING_STOP,Candlestick Patterns
2025-10-06 00:15:00,2025-10-06 00:30:00,2025-10-06 01:00:00,SHORT,123660.66,16.632453684138788,8.632453684138788,46.63245368413879,-6.7539668638344255,2,TRAILING_STOP,Candlestick Patterns
2025-10-06 05:15:00,2025-10-06 05:30:00,2025-10-06 07:15:00,LONG,123603.56,25.46794606886727,17.46794606886727,45.46794606886727,-8.82903372686067,7,TRAILING_STOP,Candlestick Patterns
2025-10-06 09:15:00,2025-10-06 09:30:00,2025-10-06 11:00:00,LONG,123907.93,-1.0407614750716263,-9.040761475071626,18.959238524928374,-13.326830655631978,6,TRAILING_STOP,Candlestick Patterns
2025-10-06 12:15:00,2025-10-06 12:30:00,2025-10-06 13:15:00,SHORT,124382.2,-25.4784527046482,-33.4784527046482,4.521547295351802,-43.563307289950316,3,TRAILING_STOP,Candlestick Patterns
2025-10-06 15:45:00,2025-10-06 16:00:00,2025-10-06 16:45:00,SHORT,125000.0,-18.0,-26.0,11.999999999999998,-39.970400000000375,3,TRAILING_STOP,Candlestick Patterns
2025-10-06 18:30:00,2025-10-06 18:45:00,2025-10-06 19:00:00,LONG,125448.94,34.66526859453767,26.66526859453767,54.66526859453767,0.0,1,TRAILING_STOP,Candlestick Patterns
2025-10-06 23:15:00,2025-10-06 23:30:00,2025-10-07 01:15:00,LONG,124846.4,-1.1071845083230336,-9.107184508323034,18.892815491676966,-32.32211741788301,7,TRAILING_STOP,Candlestick Patterns
2025-10-07 05:45:00,2025-10-07 06:00:00,2025-10-07 08:30:00,SHORT,124414.17,57.71267774402257,49.71267774402257,87.71267774402257,0.0,10,TRAILING_STOP,Candlestick Patterns
2025-10-07 09:30:00,2025-10-07 09:45:00,2025-10-07 11:45:00,SHORT,124096.42,-23.84188520506891,-31.84188520506891,6.158114794931091,-33.29507813360028,8,TRAILING_STOP,Candlestick Patterns
2025-10-07 15:30:00,2025-10-07 15:45:00,2025-10-07 16:30:00,SHORT,121683.26,42.58516906926974,34.58516906926974,72.58516906926974,-14.545139569732536,3,TRAILING_STOP,Candlestick Patterns
2025-10-07 21:45:00,2025-10-07 22:00:00,2025-10-07 22:15:00,LONG,122016.0,-7.091856805664831,-15.09185680566483,12.90814319433517,-11.115755310779296,1,TRAILING_STOP,Candlestick Patterns
2025-10-08 01:45:00,2025-10-08 02:00:00,2025-10-08 02:30:00,LONG,121950.0,2.932349323493522,-5.067650676506478,22.932349323493522,-6.537105371053806,2,TRAILING_STOP,Candlestick Patterns
2025-10-08 07:30:00,2025-10-08 07:45:00,2025-10-08 08:00:00,LONG,121481.3,7.286504178008954,-0.7134958219910459,27.286504178008954,0.0,1,TRAILING_STOP,Candlestick Patterns
2025-10-08 14:00:00,2025-10-08 14:15:00,2025-10-08 15:00:00,SHORT,122825.0,28.037044575615433,20.037044575615433,58.03704457561543,-2.526358640341855,3,TRAILING_STOP,Candlestick Patterns
2025-10-08 18:45:00,2025-10-08 19:00:00,2025-10-08 19:15:00,SHORT,123460.21,-5.750081746985572,-13.750081746985572,24.249918253014428,-15.978427381582252,1,TRAILING_STOP,Candlestick Patterns
2025-10-09 00:15:00,2025-10-09 00:30:00,2025-10-09 03:00:00,SHORT,123062.25,101.06267356561392,93.06267356561392,128.8998047736007,-4.067859965180035,10,TIME_EXIT,Candlestick Patterns
2025-10-09 09:30:00,2025-10-09 09:45:00,2025-10-09 10:30:00,SHORT,121672.1,-28.20172414218176,-36.20172414218176,1.798275857818239,-52.78695773311955,3,TRAILING_STOP,Candlestick Patterns
2025-10-09 15:00:00,2025-10-09 15:15:00,2025-10-09 15:45:00,SHORT,121346.26,25.400965798203387,17.400965798203387,55.40096579820339,0.0,2,TRAILING_STOP,Candlestick Patterns
2025-10-09 19:30:00,2025-10-09 19:45:00,2025-10-09 21:00:00,SHORT,120846.0,-29.33800043029972,-37.338000430299715,0.6619995697002797,-44.95308078049792,5,TRAILING_STOP,Candlestick Patterns
2025-10-09 23:30:00,2025-10-09 23:45:00,2025-10-10 01:30:00,LONG,121525.63,8.677078242671936,0.6770782426719357,28.677078242671936,-3.00924175418856,7,TRAILING_STOP,Candlestick Patterns
2025-10-10 02:30:00,2025-10-10 02:45:00,2025-10-10 03:15:00,SHORT,121220.96,-4.277550681003337,-12.277550681003337,25.722449318996663,-19.224398156885872,2,TRAILING_STOP,Candlestick Patterns
2025-10-10 05:30:00,2025-10-10 05:45:00,2025-10-10 06:45:00,LONG,121437.68,6.0759263516894855,-1.9240736483105145,26.075926351689485,-14.19822908342767,4,TRAILING_STOP,Candlestick Patterns
2025-10-10 10:00:00,2025-10-10 10:15:00,2025-10-10 12:45:00,SHORT,121339.42,-20.885896767926162,-28.885896767926162,9.11410323207384,-28.267812719065248,10,TRAILING_STOP,Candlestick Patterns
2025-10-10 15:30:00,2025-10-10 15:45:00,2025-10-10 18:15:00,LONG,119570.7,-163.7892895165791,-171.7892895165791,0.0,-171.92338925840502,10,TIME_EXIT,Candlestick Patterns
2025-10-10 18:15:00,2025-10-10 18:30:00,2025-10-10 19:30:00,SHORT,117612.26,111.12389303632068,103.12389303632068,141.12389303632068,-2.618774607341353,4,TRAILING_STOP,Candlestick Patterns
2025-10-10 22:00:00,2025-10-10 22:15:00,2025-10-10 22:45:00,LONG,113688.22,17.014389001780273,9.014389001780273,37.01438900178027,-143.70618169587,2,TRAILING_STOP,Candlestick Patterns
2025-10-11 00:45:00,2025-10-11 01:00:00,2025-10-11 02:00:00,SHORT,112514.57,102.88412336286882,94.88412336286882,132.88412336286882,0.0,4,TRAILING_STOP,Candlestick Patterns
2025-10-11 04:30:00,2025-10-11 04:45:00,2025-10-11 05:00:00,LONG,112110.48,54.50775342323017,46.50775342323017,74.50775342323017,0.0,1,TRAILING_STOP,Candlestick Patterns
2025-10-11 08:45:00,2025-10-11 09:00:00,2025-10-11 11:30:00,SHORT,111328.38,-90.61750471892267,-98.61750471892267,0.0,-92.1786520202658,10,TIME_EXIT,Candlestick Patterns
2025-10-11 11:30:00,2025-10-11 11:45:00,2025-10-11 13:30:00,LONG,112337.2,-5.507917234896105,-13.507917234896105,14.492082765103895,-39.779342906890626,7,TRAILING_STOP,Candlestick Patterns
2025-10-11 19:15:00,2025-10-11 19:30:00,2025-10-11 22:00:00,LONG,111391.54,-39.78399077703648,-47.78399077703648,0.0,-164.28087806309142,10,TIME_EXIT,Candlestick Patterns
2025-10-12 00:30:00,2025-10-12 00:45:00,2025-10-12 01:00:00,SHORT,109742.33,-20.808469257031874,-28.808469257031874,9.191530742968128,-27.47800233510651,1,TRAILING_STOP,Candlestick Patterns
2025-10-12 06:45:00,2025-10-12 07:00:00,2025-10-12 09:30:00,SHORT,111686.02,18.900480113805536,10.900480113805536,48.900480113805536,-22.189885538046905,10,TRAILING_STOP,Candlestick Patterns
2025-10-12 12:00:00,2025-10-12 12:15:00,2025-10-12 14:45:00,LONG,112133.57,56.45614065439878,48.45614065439878,76.45614065439878,-85.23941581455107,10,TRAILING_STOP,Candlestick Patterns
2025-10-12 14:45:00,2025-10-12 15:00:00,2025-10-12 15:15:00,LONG,112338.11,105.31188213866122,97.31188213866122,125.31188213866122,0.0,1,TRAILING_STOP,Candlestick Patterns
2025-10-12 22:45:00,2025-10-12 23:00:00,2025-10-12 23:15:00,SHORT,115221.4,12.331546049605365,4.331546049605365,42.331546049605365,-8.731016981221009,1,TRAILING_STOP,Candlestick Patterns
2025-10-13 04:30:00,2025-10-13 04:45:00,2025-10-13 06:00:00,SHORT,114616.31,-12.677857976757966,-20.677857976757966,17.322142023242034,-19.516419609041883,5,TRAILING_STOP,Candlestick Patterns
2025-10-13 07:45:00,2025-10-13 08:00:00,2025-10-13 09:00:00,LONG,115399.66,-16.662901779780395,-24.662901779780395,3.3370982202196053,-56.43690804634943,4,TRAILING_STOP,Candlestick Patterns
2025-10-13 12:15:00,2025-10-13 12:30:00,2025-10-13 12:45:00,LONG,114353.92,14.546257793349184,6.546257793349184,34.546257793349184,-2.318241473488164,1,TRAILING_STOP,Candlestick Patterns
2025-10-13 15:45:00,2025-10-13 16:00:00,2025-10-13 17:45:00,SHORT,114312.09,-21.575694224468915,-29.575694224468915,8.424305775531085,-64.85228290375905,7,TRAILING_STOP,Candlestick Patterns
2025-10-13 20:45:00,2025-10-13 21:00:00,2025-10-13 22:15:00,LONG,115713.37,-9.48522543246314,-17.48522543246314,10.51477456753686,-13.830726734515952,5,TRAILING_STOP,Candlestick Patterns
2025-10-14 04:45:00,2025-10-14 05:00:00,2025-10-14 05:15:00,LONG,113062.09,22.97727027688976,14.977270276889762,42.97727027688976,-5.996704996343418,1,TRAILING_STOP,Candlestick Patterns
2025-10-14 08:15:00,2025-10-14 08:30:00,2025-10-14 08:45:00,LONG,111972.9,-7.5514521817333105,-15.55145218173331,12.44854781826669,-21.204237811112602,1,TRAILING_STOP,Candlestick Patterns
2025-10-14 14:15:00,2025-10-14 14:30:00,2025-10-14 15:15:00,SHORT,111818.85,37.671953342393664,29.671953342393664,67.67195334239366,-25.587814576879957,3,TRAILING_STOP,Candlestick Patterns
2025-10-14 19:30:00,2025-10-14 19:45:00,2025-10-14 22:15:00,SHORT,112104.75,-96.32865690347637,-104.32865690347637,0.0,-131.32806593833,10,TIME_EXIT,Candlestick Patterns
2025-10-15 01:30:00,2025-10-15 01:45:00,2025-10-15 02:30:00,LONG,112511.47,77.84602405425906,69.84602405425906,97.84602405425906,0.0,3,TRAILING_STOP,Candlestick Patterns
2025-10-15 08:30:00,2025-10-15 08:45:00,2025-10-15 11:15:00,SHORT,113225.87,105.35864197819814,97.35864197819814,135.35864197819814,0.0,10,TRAILING_STOP,Candlestick Patterns
2025-10-15 11:30:00,2025-10-15 11:45:00,2025-10-15 14:15:00,LONG,112099.65,-7.621727632511849,-15.621727632511849,12.378272367488151,-122.59181897534917,10,TRAILING_STOP,Candlestick Patterns
2025-10-15 15:45:00,2025-10-15 16:00:00,2025-10-15 16:30:00,LONG,110798.01,4.809109838706007,-3.190890161293993,24.809109838706007,-13.384716927676621,2,TRAILING_STOP,Candlestick Patterns
2025-10-15 19:45:00,2025-10-15 20:00:00,2025-10-15 20:15:00,LONG,111271.73,5.571634412443139,-2.4283655875568613,25.57163441244314,-21.185075490422943,1,TRAILING_STOP,Candlestick Patterns
2025-10-15 22:30:00,2025-10-15 22:45:00,2025-10-15 23:30:00,SHORT,111204.57,25.255822669877787,17.255822669877787,55.25582266987779,0.0,3,TRAILING_STOP,Candlestick Patterns
2025-10-16 01:30:00,2025-10-16 01:45:00,2025-10-16 03:30:00,LONG,111021.47,56.174455265274105,48.174455265274105,76.1744552652741,-0.6620341092588506,7,TRAILING_STOP,Candlestick Patterns
2025-10-16 06:00:00,2025-10-16 06:15:00,2025-10-16 08:45:00,SHORT,110938.47,18.087016163103847,10.087016163103847,48.08701616310385,-75.28767973814637,10,TRAILING_STOP,Candlestick Patterns
2025-10-16 10:45:00,2025-10-16 11:00:00,2025-10-16 11:45:00,SHORT,111469.63,12.001574778708992,4.001574778708992,42.00157477870899,0.0,3,TRAILING_STOP,Candlestick Patterns
2025-10-16 18:30:00,2025-10-16 18:45:00,2025-10-16 19:00:00,LONG,108458.2,6.998419667669847,-1.0015803323301533,26.998419667669847,-69.90711628996213,1,TRAILING_STOP,Candlestick Patterns
2025-10-16 22:00:00,2025-10-16 22:15:00,2025-10-16 23:15:00,SHORT,108095.01,3.1606426605628783,-4.839357339437122,33.16064266056288,-30.132750808756217,4,TRAILING_STOP,Candlestick Patterns
2025-10-17 01:45:00,2025-10-17 02:00:00,2025-10-17 04:15:00,LONG,108839.84,16.765948939285785,8.765948939285785,36.765948939285785,-41.31115959009036,9,TRAILING_STOP,Candlestick Patterns
2025-10-17 07:30:00,2025-10-17 07:45:00,2025-10-17 08:15:00,SHORT,105759.74,88.64060936609765,80.64060936609765,118.64060936609765,0.0,2,TRAILING_STOP,Candlestick Patterns
2025-10-17 15:00:00,2025-10-17 15:15:00,2025-10-17 16:00:00,LONG,105481.75,178.5035326016117,170.5035326016117,198.5035326016117,0.0,3,TRAILING_STOP,Candlestick Patterns
2025-10-17 18:00:00,2025-10-17 18:15:00,2025-10-17 20:00:00,SHORT,106589.1,3.3476875215206476,-4.652312478479352,33.34768752152065,-46.99260993853962,7,TRAILING_STOP,Candlestick Patterns
2025-10-17 20:45:00,2025-10-17 21:00:00,2025-10-17 23:30:00,SHORT,107021.38,42.17848807406602,34.17848807406602,49.5770097526309,-39.11741747303196,10,TIME_EXIT,Candlestick Patterns
2025-10-18 03:00:00,2025-10-18 03:15:00,2025-10-18 04:00:00,LONG,106791.81,11.345100340560315,3.3451003405603146,31.345100340560315,-30.883454452171723,3,TRAILING_STOP,Candlestick Patterns
2025-10-18 08:45:00,2025-10-18 09:00:00,2025-10-18 10:15:00,SHORT,106719.2,-21.868379822937314,-29.868379822937314,8.131620177062688,-23.897293083156434,5,TRAILING_STOP,Candlestick Patterns
2025-10-18 13:00:00,2025-10-18 13:15:00,2025-10-18 15:30:00,LONG,107049.81,-10.99764866467345,-18.99764866467345,9.00235133532655,-29.00332097740257,9,TRAILING_STOP,Candlestick Patterns
2025-10-18 18:00:00,2025-10-18 18:15:00,2025-10-18 20:45:00,SHORT,106735.78,-26.488774429717566,-34.488774429717566,0.0,-56.51806732475277,10,TIME_EXIT,Candlestick Patterns
2025-10-19 04:00:00,2025-10-19 04:15:00,2025-10-19 06:45:00,SHORT,107039.87,24.488071594256922,16.488071594256922,44.96081693671664,-13.091383612480533,10,TIME_EXIT,Candlestick Patterns
2025-10-19 10:30:00,2025-10-19 10:45:00,2025-10-19 11:00:00,SHORT,108340.96,-22.896500086393328,-30.896500086393328,7.103499913606672,-59.74748608467173,1,TRAILING_STOP,Candlestick Patterns
2025-10-19 14:45:00,2025-10-19 15:00:00,2025-10-19 15:45:00,LONG,108921.18,-14.191212397808757,-22.191212397808755,5.808787602191243,-27.65118776715355,3,TRAILING_STOP,Candlestick Patterns
2025-10-19 21:30:00,2025-10-19 21:45:00,2025-10-19 22:00:00,SHORT,108700.0,-25.71573137074453,-33.71573137074453,4.284268629255473,-49.677092916283826,1,TRAILING_STOP,Candlestick Patterns
2025-10-20 02:45:00,2025-10-20 03:00:00,2025-10-20 03:15:00,LONG,111258.46,-7.025705730603205,-15.025705730603205,12.974294269396795,-16.784341613213524,1,TRAILING_STOP,Candlestick Patterns
2025-10-20 09:30:00,2025-10-20 09:45:00,2025-10-20 10:30:00,SHORT,111038.52,12.195267011844066,4.1952670118440665,42.19526701184407,-60.07284679226574,3,TRAILING_STOP,Candlestick Patterns
2025-10-20 15:30:00,2025-10-20 15:45:00,2025-10-20 17:00:00,SHORT,111022.6,24.434862811716336,16.434862811716336,54.434862811716336,0.0,5,TRAILING_STOP,Candlestick Patterns
2025-10-20 18:15:00,2025-10-20 18:30:00,2025-10-20 21:00:00,SHORT,110532.09,83.33959848221437,75.33959848221437,111.11976621449898,0.0,10,TIME_EXIT,Candlestick Patterns
2025-10-20 22:15:00,2025-10-20 22:30:00,2025-10-20 23:45:00,SHORT,109059.23,110.86198848093792,102.86198848093792,140.86198848093792,0.0,5,TRAILING_STOP,Candlestick Patterns
2025-10-21 01:45:00,2025-10-21 02:00:00,2025-10-21 02:30:00,LONG,108038.01,-5.006202909512565,-13.006202909512565,14.993797090487435,-25.760378222442053,2,TRAILING_STOP,Candlestick Patterns
2025-10-21 10:30:00,2025-10-21 10:45:00,2025-10-21 11:00:00,LONG,113534.63,20.98925587725924,12.98925587725924,40.98925587725924,-15.095834636533313,1,TRAILING_STOP,Candlestick Patterns
2025-10-21 14:15:00,2025-10-21 14:30:00,2025-10-21 15:00:00,SHORT,111780.4,79.69543855631159,71.69543855631159,109.69543855631159,0.0,2,TRAILING_STOP,Candlestick Patterns
2025-10-21 18:30:00,2025-10-21 18:45:00,2025-10-21 21:00:00,LONG,108549.94,-8.183319124819041,-16.183319124819043,11.816680875180959,-65.29160679407148,9,TRAILING_STOP,Candlestick Patterns
2025-10-21 23:30:00,2025-10-21 23:45:00,2025-10-22 00:45:00,SHORT,108353.39,13.695910206409458,5.695910206409458,43.69591020640946,0.0,4,TRAILING_STOP,Candlestick Patterns
2025-10-22 02:30:00,2025-10-22 02:45:00,2025-10-22 03:45:00,SHORT,108096.25,-8.57187460249503,-16.57187460249503,21.42812539750497,-24.284838743249168,4,TRAILING_STOP,Candlestick Patterns
2025-10-22 05:30:00,2025-10-22 05:45:00,2025-10-22 06:00:00,LONG,107966.46,-17.97159228893916,-25.97159228893916,2.0284077110608405,-24.865129411486343,1,TRAILING_STOP,Candlestick Patterns
2025-10-22 13:45:00,2025-10-22 14:00:00,2025-10-22 15:00:00,SHORT,108099.37,21.99105230677936,13.991052306779359,51.99105230677936,0.0,4,TRAILING_STOP,Candlestick Patterns
2025-10-22 20:15:00,2025-10-22 20:30:00,2025-10-22 21:30:00,SHORT,108150.01,-29.61997229588785,-37.61997229588785,0.38002770411214776,-40.998609246546415,4,TRAILING_STOP,Candlestick Patterns
2025-10-23 07:00:00,2025-10-23 07:15:00,2025-10-23 08:00:00,LONG,109070.7,33.11325589732144,25.113255897321437,53.11325589732144,-24.817847506250747,3,TRAILING_STOP,Candlestick Patterns
2025-10-23 10:45:00,2025-10-23 11:00:00,2025-10-23 11:45:00,SHORT,109820.1,-14.511032133461379,-22.511032133461377,15.488967866538621,-68.8762803894728,3,TRAILING_STOP,Candlestick Patterns
2025-10-23 14:00:00,2025-10-23 14:15:00,2025-10-23 15:30:00,SHORT,110344.87,60.950308790974745,52.950308790974745,90.95030879097474,0.0,5,TRAILING_STOP,Candlestick Patterns
2025-10-23 17:00:00,2025-10-23 17:15:00,2025-10-23 18:30:00,SHORT,110005.62,-14.853501121124962,-22.853501121124964,15.146498878875038,-25.567784627731687,5,TRAILING_STOP,Candlestick Patterns
2025-10-23 21:45:00,2025-10-23 22:00:00,2025-10-23 23:15:00,SHORT,110467.89,-14.801918457933848,-22.801918457933848,15.198081542066152,-69.37491066408487,4,TRAILING_STOP,Candlestick Patterns
2025-10-24 04:30:00,2025-10-24 04:45:00,2025-10-24 06:45:00,LONG,111279.1,-19.685475529546878,-27.685475529546878,0.3145244704531219,-61.02673368134769,8,TRAILING_STOP,Candlestick Patterns
2025-10-24 08:00:00,2025-10-24 08:15:00,2025-10-24 09:00:00,SHORT,110684.47,58.94292035730092,50.94292035730092,88.94292035730092,-22.901135091489884,3,TRAILING_STOP,Candlestick Patterns
2025-10-24 13:15:00,2025-10-24 13:30:00,2025-10-24 14:15:00,LONG,110619.39,9.470421053668801,1.470421053668801,29.4704210536688,-8.527438092001931,3,TRAILING_STOP,Candlestick Patterns
2025-10-24 18:30:00,2025-10-24 18:45:00,2025-10-24 19:45:00,SHORT,110867.84,-12.413294964527502,-20.413294964527502,17.586705035472498,-25.024389399126235,4,TRAILING_STOP,Candlestick Patterns
2025-10-24 21:30:00,2025-10-24 21:45:00,2025-10-25 00:15:00,SHORT,111054.67,-24.916017489404826,-32.91601748940482,5.083982510595173,-36.39108557974189,10,TRAILING_STOP,Candlestick Patterns
2025-10-25 02:30:00,2025-10-25 02:45:00,2025-10-25 04:15:00,LONG,111580.86,4.132275015625805,-3.8677249843741954,24.132275015625805,-7.9977874341536035,6,TRAILING_STOP,Candlestick Patterns
2025-10-25 05:45:00,2025-10-25 06:00:00,2025-10-25 08:00:00,LONG,111633.02,7.784789840855176,-0.21521015914482433,27.784789840855176,-9.194412190944885,8,TRAILING_STOP,Candlestick Patterns
2025-10-25 10:15:00,2025-10-25 10:30:00,2025-10-25 12:45:00,SHORT,111385.18,-15.438816905445789,-23.43881690544579,14.561183094554211,-19.28533041828475,9,TRAILING_STOP,Candlestick Patterns
2025-10-25 14:15:00,2025-10-25 14:30:00,2025-10-25 20:30:00,LONG,111623.46,-5.777459326203043,-13.777459326203044,13.260653271273755,-22.706696244678888,10,TIME_EXIT,Candlestick Patterns
2025-10-25 22:00:00,2025-10-25 22:15:00,2025-10-26 00:00:00,SHORT,111282.38,-28.030236233265477,-36.03023623326548,1.969763766734523,-31.683362631173214,7,TRAILING_STOP,Candlestick Patterns
2025-10-26 01:15:00,2025-10-26 01:30:00,2025-10-26 04:00:00,LONG,111635.96,82.4625040175219,74.4625040175219,102.4625040175219,0.0,10,TRAILING_STOP,Candlestick Patterns
2025-10-26 07:15:00,2025-10-26 07:30:00,2025-10-26 07:45:00,SHORT,113575.06,-4.3552853945228165,-12.355285394522816,25.644714605477184,-9.944084555183359,1,TRAILING_STOP,Candlestick Patterns
2025-10-26 10:45:00,2025-10-26 11:00:00,2025-10-26 11:15:00,LONG,113400.0,11.920634920634562,3.920634920634562,31.920634920634562,0.0,1,TRAILING_STOP,Candlestick Patterns
2025-10-26 15:45:00,2025-10-26 16:00:00,2025-10-26 18:30:00,SHORT,113065.85,-159.7538071840427,-167.7538071840427,0.0,-212.3497059456942,10,TIME_EXIT,Candlestick Patterns
2025-10-26 19:30:00,2025-10-26 19:45:00,2025-10-26 21:15:00,LONG,115000.55,13.774621077899496,5.774621077899496,33.774621077899496,-9.592997598707743,4,TRAILING_STOP,Candlestick Patterns
2025-10-27 03:00:00,2025-10-27 03:15:00,2025-10-27 03:45:00,SHORT,115221.54,5.3102379989011865,-2.6897620010988135,35.31023799890119,-5.863486983424473,2,TRAILING_STOP,Candlestick Patterns
2025-10-27 08:00:00,2025-10-27 08:15:00,2025-10-27 08:45:00,SHORT,114882.66,2.9614582392154034,-5.038541760784597,32.9614582392154,-41.37613108888639,2,TRAILING_STOP,Candlestick Patterns
2025-10-27 13:30:00,2025-10-27 13:45:00,2025-10-27 16:15:00,LONG,115318.14,-88.05553055226197,-96.05553055226197,0.0,-102.5450115653963,10,TIME_EXIT,Candlestick Patterns
2025-10-27 16:15:00,2025-10-27 16:30:00,2025-10-27 18:45:00,SHORT,114302.69,11.353357475664623,3.353357475664623,41.35335747566462,-24.699331223087786,9,TRAILING_STOP,Candlestick Patterns
2025-10-27 19:15:00,2025-10-27 19:30:00,2025-10-27 20:30:00,LONG,113961.67,31.379555950698055,23.379555950698055,51.379555950698055,0.0,4,TRAILING_STOP,Candlestick Patterns
2025-10-27 23:30:00,2025-10-27 23:45:00,2025-10-28 00:45:00,SHORT,113824.04,-0.06432033162847617,-8.064320331628476,29.935679668371524,-11.815605912424585,4,TRAILING_STOP,Candlestick Patterns
2025-10-28 04:00:00,2025-10-28 04:15:00,2025-10-28 06:15:00,LONG,114478.0,-2.906759377348223,-10.906759377348223,17.093240622651777,-15.805656982127774,8,TRAILING_STOP,Candlestick Patterns
2025-10-28 09:00:00,2025-10-28 09:15:00,2025-10-28 10:30:00,SHORT,114773.42,-7.5714621033338325,-15.571462103333833,22.428537896666167,-56.84417176032554,5,TRAILING_STOP,Candlestick Patterns
2025-10-28 15:30:00,2025-10-28 15:45:00,2025-10-28 16:15:00,LONG,112692.28,27.319124255894017,19.319124255894017,47.31912425589402,-3.3090110520431035,2,TRAILING_STOP,Candlestick Patterns
2025-10-28 20:00:00,2025-10-28 20:15:00,2025-10-28 21:30:00,LONG,112689.65,-11.98240477275368,-19.982404772753682,8.01759522724632,-31.048104240273183,5,TRAILING_STOP,Candlestick Patterns
2025-10-29 03:45:00,2025-10-29 04:00:00,2025-10-29 05:45:00,SHORT,112943.68,-11.338486580215065,-19.338486580215065,18.661513419784935,-21.506294110481324,7,TRAILING_STOP,Candlestick Patterns
2025-10-29 08:00:00,2025-10-29 08:15:00,2025-10-29 10:45:00,SHORT,113017.11,164.26450826781902,156.26450826781902,182.01757238350908,0.0,10,TIME_EXIT,Candlestick Patterns
2025-10-29 12:30:00,2025-10-29 12:45:00,2025-10-29 13:00:00,SHORT,111214.0,151.09230852230834,143.09230852230834,181.09230852230834,-50.177135972089275,1,TRAILING_STOP,Candlestick Patterns
2025-10-29 15:15:00,2025-10-29 15:30:00,2025-10-29 16:30:00,LONG,111433.45,12.894072650537424,4.894072650537424,32.894072650537424,-17.133096031756917,4,TRAILING_STOP,Candlestick Patterns
2025-10-29 18:30:00,2025-10-29 18:45:00,2025-10-29 19:45:00,LONG,110150.92,21.83532920106404,13.835329201064042,41.83532920106404,0.0,4,TRAILING_STOP,Candlestick Patterns
2025-10-29 21:30:00,2025-10-29 21:45:00,2025-10-29 22:45:00,SHORT,110778.0,220.63731065735027,212.63731065735027,250.63731065735027,-12.297568109190989,4,TRAILING_STOP,Candlestick Patterns
2025-10-30 07:45:00,2025-10-30 08:00:00,2025-10-30 10:30:00,LONG,108461.23,-35.50761871315634,-43.50761871315634,0.0,-104.48249572681371,10,TIME_EXIT,Candlestick Patterns
2025-10-30 11:30:00,2025-10-30 11:45:00,2025-10-30 12:00:00,SHORT,107507.13,31.1243179870958,23.1243179870958,61.1243179870958,0.0,1,TRAILING_STOP,Candlestick Patterns
2025-10-30 19:00:00,2025-10-30 19:15:00,2025-10-30 19:30:00,LONG,108698.49,103.61441267491372,95.61441267491372,123.61441267491372,0.0,1,TRAILING_STOP,Candlestick Patterns
2025-10-31 02:45:00,2025-10-31 03:00:00,2025-10-31 03:45:00,LONG,109830.82,36.37579688469894,28.375796884698943,56.37579688469894,-5.92638751126606,3,TRAILING_STOP,Candlestick Patterns
2025-10-31 08:30:00,2025-10-31 08:45:00,2025-10-31 09:00:00,SHORT,109971.02,4.605480607527113,-3.394519392472887,34.60548060752711,-11.72854448381,1,TRAILING_STOP,Candlestick Patterns
2025-10-31 13:30:00,2025-10-31 13:45:00,2025-10-31 14:00:00,LONG,109358.09,55.54539403532091,47.54539403532091,75.54539403532091,0.0,1,TRAILING_STOP,Candlestick Patterns
2025-10-31 17:00:00,2025-10-31 17:15:00,2025-10-31 19:15:00,SHORT,109630.0,-8.546930584693758,-16.546930584693758,21.453069415306242,-11.127428623552424,8,TRAILING_STOP,Candlestick Patterns
2025-10-31 20:45:00,2025-10-31 21:00:00,2025-10-31 21:45:00,SHORT,109651.54,-27.03241741976505,-35.03241741976505,2.9675825802349514,-51.649981386490865,3,TRAILING_STOP,Candlestick Patterns
2025-11-01 00:15:00,2025-11-01 00:30:00,2025-11-01 03:00:00,SHORT,110140.78,-3.5618051733423286,-11.561805173342329,18.786865319094186,-11.628753673253607,10,TIME_EXIT,Candlestick Patterns
2025-11-01 03:30:00,2025-11-01 03:45:00,2025-11-01 06:15:00,LONG,110233.45,-8.696089979947157,-16.696089979947157,0.4835192947332907,-34.35708489573682,10,TIME_EXIT,Candlestick Patterns
2025-11-01 10:45:00,2025-11-01 11:00:00,2025-11-01 13:30:00,SHORT,110208.49,-2.0842314416975647,-10.084231441697565,1.4962549618459735,-29.171981214877363,10,TIME_EXIT,Candlestick Patterns
2025-11-01 13:30:00,2025-11-01 13:45:00,2025-11-01 16:15:00,SHORT,110231.46,33.439636923978014,25.439636923978014,33.839704200597915,-25.828379665840572,10,TIME_EXIT,Candlestick Patterns
2025-11-01 17:30:00,2025-11-01 17:45:00,2025-11-01 20:15:00,SHORT,110036.13,5.281901499081246,-2.718098500918754,12.801249916731948,-9.847674577432029,10,TIME_EXIT,Candlestick Patterns
2025-11-01 20:30:00,2025-11-01 20:45:00,2025-11-01 21:00:00,LONG,110012.17,2.882922862080189,-5.117077137919811,22.88292286208019,-1.4780182956117274,1,TRAILING_STOP,Candlestick Patterns
2025-11-02 02:00:00,2025-11-02 02:15:00,2025-11-02 04:00:00,LONG,110690.75,11.365764528653237,3.365764528653237,31.365764528653237,-9.335016701937763,7,TRAILING_STOP,Candlestick Patterns
2025-11-02 09:00:00,2025-11-02 09:15:00,2025-11-02 10:45:00,SHORT,110356.73,26.28474131120045,18.28474131120045,56.28474131120045,-19.040977383074384,6,TRAILING_STOP,Candlestick Patterns
2025-11-02 13:00:00,2025-11-02 13:15:00,2025-11-02 13:45:00,LONG,110282.48,-15.600389109856426,-23.600389109856426,4.399610890143573,-29.155129627117457,2,TRAILING_STOP,Candlestick Patterns
2025-11-02 20:00:00,2025-11-02 20:15:00,2025-11-02 20:45:00,LONG,109735.04,-18.25944383854001,-26.25944383854001,1.7405561614599878,-45.754756183621616,2,TRAILING_STOP,Candlestick Patterns
2025-11-02 23:00:00,2025-11-02 23:15:00,2025-11-03 01:15:00,SHORT,107718.49,36.139063033653954,28.139063033653954,66.13906303365395,-33.09645354293351,8,TRAILING_STOP,Candlestick Patterns
2025-11-03 07:00:00,2025-11-03 07:15:00,2025-11-03 08:15:00,SHORT,107841.99,-5.22115457995525,-13.22115457995525,24.77884542004475,-21.01222353185353,4,TRAILING_STOP,Candlestick Patterns
2025-11-03 11:45:00,2025-11-03 12:00:00,2025-11-03 13:30:00,SHORT,107080.01,28.347024808832096,20.347024808832096,58.347024808832096,-55.974966756167156,6,TRAILING_STOP,Candlestick Patterns
2025-11-03 15:00:00,2025-11-03 15:15:00,2025-11-03 15:45:00,SHORT,106660.0,23.559909994375026,15.559909994375026,53.559909994375026,-40.715357209825996,2,TRAILING_STOP,Candlestick Patterns
2025-11-03 19:00:00,2025-11-03 19:15:00,2025-11-03 19:45:00,LONG,106733.61,22.23974060279574,14.239740602795742,42.23974060279574,-42.73724087473423,2,TRAILING_STOP,Candlestick Patterns
2025-11-03 22:45:00,2025-11-03 23:00:00,2025-11-04 00:30:00,SHORT,106939.09,226.13552537243368,218.13552537243368,256.1355253724337,0.0,6,TRAILING_STOP,Candlestick Patterns
2025-11-04 01:45:00,2025-11-04 02:00:00,2025-11-04 02:45:00,SHORT,104370.73,28.516405892724016,20.516405892724016,58.516405892724016,-21.77813645645699,3,TRAILING_STOP,Candlestick Patterns
2025-11-04 04:45:00,2025-11-04 05:00:00,2025-11-04 05:30:00,SHORT,103745.14,-16.973847642405282,-24.973847642405282,13.026152357594718,-49.84908208712269,2,TRAILING_STOP,Candlestick Patterns
2025-11-04 08:00:00,2025-11-04 08:15:00,2025-11-04 09:30:00,LONG,104193.56,40.52389418309494,32.52389418309494,60.52389418309494,-122.70528044151622,5,TRAILING_STOP,Candlestick Patterns
2025-11-04 18:30:00,2025-11-04 18:45:00,2025-11-04 19:30:00,SHORT,101105.43,75.46713465339965,67.46713465339965,105.46713465339965,0.0,3,TRAILING_STOP,Candlestick Patterns
2025-11-04 22:00:00,2025-11-04 22:15:00,2025-11-04 22:30:00,LONG,102223.42,-18.679363300503937,-26.679363300503937,1.3206366994960645,-32.32429515662781,1,TRAILING_STOP,Candlestick Patterns
2025-11-05 01:45:00,2025-11-05 02:00:00,2025-11-05 02:30:00,LONG,101827.53,11.921622767438524,3.9216227674385244,31.921622767438524,-16.984601315577144,2,TRAILING_STOP,Candlestick Patterns
2025-11-05 07:15:00,2025-11-05 07:30:00,2025-11-05 08:15:00,LONG,102673.34,36.49470446758652,28.494704467586523,56.49470446758652,-37.15862365050066,3,TRAILING_STOP,Candlestick Patterns
2025-11-05 11:00:00,2025-11-05 11:15:00,2025-11-05 11:45:00,SHORT,103600.0,-9.581081081081699,-17.5810810810817,20.4189189189183,-38.61003861003861,2,TRAILING_STOP,Candlestick Patterns
2025-11-05 13:45:00,2025-11-05 14:00:00,2025-11-05 14:30:00,SHORT,104211.1,-3.985496746507252,-11.985496746507252,26.014503253492748,-31.056192670454436,2,TRAILING_STOP,Candlestick Patterns
2025-11-05 16:30:00,2025-11-05 16:45:00,2025-11-05 19:15:00,SHORT,103312.65,-35.33642782369894,-43.33642782369894,0.0,-76.21041566545877,10,TIME_EXIT,Candlestick Patterns
2025-11-05 20:15:00,2025-11-05 20:30:00,2025-11-05 21:00:00,SHORT,103365.64,19.337478102007196,11.337478102007196,49.337478102007196,-7.957189642515637,2,TRAILING_STOP,Candlestick Patterns
2025-11-05 23:00:00,2025-11-05 23:15:00,2025-11-05 23:30:00,LONG,103870.76,-4.592391545030752,-12.592391545030752,15.407608454969248,-42.95434056706606,1,TRAILING_STOP,Candlestick Patterns
2025-11-06 01:45:00,2025-11-06 02:00:00,2025-11-06 04:30:00,LONG,103442.38,-55.601968941550204,-63.601968941550204,0.0,-76.44352343787914,10,TIME_EXIT,Candlestick Patterns
2025-11-06 06:30:00,2025-11-06 06:45:00,2025-11-06 07:30:00,SHORT,103014.41,31.231239396508123,23.231239396508123,61.23123939650812,0.0,3,TRAILING_STOP,Candlestick Patterns
2025-11-06 10:00:00,2025-11-06 10:15:00,2025-11-06 11:15:00,SHORT,101806.6,117.89316213290775,109.89316213290775,147.89316213290775,-57.649504059657126,4,TRAILING_STOP,Candlestick Patterns
2025-11-06 13:00:00,2025-11-06 13:15:00,2025-11-06 14:00:00,LONG,101666.12,12.785750061082986,4.785750061082986,32.785750061082986,-41.67071586876673,3,TRAILING_STOP,Candlestick Patterns
2025-11-06 16:30:00,2025-11-06 16:45:00,2025-11-06 19:00:00,SHORT,101009.7,-4.283657906122407,-12.283657906122407,25.716342093877593,-62.39994772779277,9,TRAILING_STOP,Candlestick Patterns
2025-11-06 19:30:00,2025-11-06 19:45:00,2025-11-06 20:15:00,SHORT,101315.19,10.47665508005231,2.4766550800523106,40.47665508005231,-36.03210930167507,2,TRAILING_STOP,Candlestick Patterns
2025-11-07 00:45:00,2025-11-07 01:00:00,2025-11-07 02:15:00,SHORT,102250.0,29.81124694376596,21.81124694376596,59.81124694376596,0.0,5,TRAILING_STOP,Candlestick Patterns
2025-11-07 04:15:00,2025-11-07 04:30:00,2025-11-07 07:00:00,LONG,101013.67,-120.1510647024311,-128.15106470243109,0.0,-136.33996270009803,10,TIME_EXIT,Candlestick Patterns
2025-11-07 07:15:00,2025-11-07 07:30:00,2025-11-07 07:45:00,LONG,99638.29,72.02486313243762,64.02486313243762,92.02486313243762,0.0,1,TRAILING_STOP,Candlestick Patterns
2025-11-07 11:30:00,2025-11-07 11:45:00,2025-11-07 12:00:00,LONG,101631.77,88.73273190066378,80.73273190066378,108.73273190066378,0.0,1,TRAILING_STOP,Candlestick Patterns
2025-11-07 18:00:00,2025-11-07 18:15:00,2025-11-07 19:00:00,SHORT,103420.0,55.139238058402114,47.139238058402114,85.13923805840211,0.0,3,TRAILING_STOP,Candlestick Patterns
2025-11-07 23:15:00,2025-11-07 23:30:00,2025-11-08 01:00:00,SHORT,102565.03,16.094658189053725,8.094658189053725,46.094658189053725,-5.3595265364814075,6,TRAILING_STOP,Candlestick Patterns
2025-11-08 05:15:00,2025-11-08 05:30:00,2025-11-08 07:15:00,SHORT,102480.04,44.578425223096986,36.578425223096986,74.57842522309699,-14.646754626560044,7,TRAILING_STOP,Candlestick Patterns
2025-11-08 11:30:00,2025-11-08 11:45:00,2025-11-08 14:00:00,SHORT,101648.56,-17.55712820722734,-25.55712820722734,12.44287179277266,-56.15721462261755,9,TRAILING_STOP,Candlestick Patterns
2025-11-08 14:15:00,2025-11-08 14:30:00,2025-11-08 17:00:00,LONG,101989.65,25.277074683558862,17.277074683558862,37.104745432502966,-2.356121429968515,10,TIME_EXIT,Candlestick Patterns
2025-11-08 20:00:00,2025-11-08 20:15:00,2025-11-08 22:45:00,LONG,102072.14,-0.12148270821060857,-8.121482708210609,5.728301571810013,-65.84950604543016,10,TIME_EXIT,Candlestick Patterns
2025-11-09 01:15:00,2025-11-09 01:30:00,2025-11-09 03:30:00,SHORT,101752.83,-28.597582003369922,-36.59758200336992,1.4024179966300765,-35.29926391236421,8,TRAILING_STOP,Candlestick Patterns
2025-11-09 04:30:00,2025-11-09 04:45:00,2025-11-09 06:45:00,LONG,101618.38,59.39606988420772,51.39606988420772,79.39606988420772,-2.8862888780555,8,TRAILING_STOP,Candlestick Patterns
2025-11-09 12:30:00,2025-11-09 12:45:00,2025-11-09 15:15:00,SHORT,103596.91,-100.02325358931958,-108.02325358931958,0.0,-141.3333660241409,10,TIME_EXIT,Candlestick Patterns
2025-11-09 15:30:00,2025-11-09 15:45:00,2025-11-09 16:30:00,SHORT,104382.73,1.0530295576671946,-6.946970442332805,31.053029557667195,-44.30138970306751,3,TRAILING_STOP,Candlestick Patterns
2025-11-09 20:15:00,2025-11-09 20:30:00,2025-11-09 21:15:00,SHORT,105700.0,-27.337748344370915,-35.337748344370915,2.6622516556290843,-33.515610217596475,3,TRAILING_STOP,Candlestick Patterns
2025-11-10 02:30:00,2025-11-10 02:45:00,2025-11-10 03:45:00,SHORT,106255.78,9.506556725666961,1.506556725666961,39.50655672566696,-16.909197786699064,4,TRAILING_STOP,Candlestick Patterns
2025-11-10 11:15:00,2025-11-10 11:30:00,2025-11-10 12:30:00,LONG,105242.04,60.98189658809389,52.98189658809389,80.98189658809389,0.0,4,TRAILING_STOP,Candlestick Patterns
2025-11-10 17:00:00,2025-11-10 17:15:00,2025-11-10 19:15:00,SHORT,105657.09,-15.132090993609939,-23.13209099360994,14.867909006390061,-58.49773072493356,8,TRAILING_STOP,Candlestick Patterns
2025-11-11 00:45:00,2025-11-11 01:00:00,2025-11-11 01:15:00,SHORT,105042.69,-15.273606378511221,-23.27360637851122,14.726393621488779,-25.153582795718687,1,TRAILING_STOP,Candlestick Patterns
2025-11-11 03:30:00,2025-11-11 03:45:00,2025-11-11 05:30:00,SHORT,105214.65,-1.0201953815377465,-9.020195381537746,28.979804618462254,-25.76257203726023,7,TRAILING_STOP,Candlestick Patterns
2025-11-11 07:45:00,2025-11-11 08:00:00,2025-11-11 09:15:00,SHORT,104324.31,16.33627579228601,8.33627579228601,46.33627579228601,-32.7210407622155,5,TRAILING_STOP,Candlestick Patterns
2025-11-11 11:30:00,2025-11-11 11:45:00,2025-11-11 12:30:00,LONG,103569.97,-19.76827259870847,-27.76827259870847,0.23172740129153066,-70.45961295537693,3,TRAILING_STOP,Candlestick Patterns
2025-11-11 14:30:00,2025-11-11 14:45:00,2025-11-11 15:45:00,LONG,103020.0,-13.138225587264383,-21.138225587264383,6.861774412735617,-35.10386332750917,4,TRAILING_STOP,Candlestick Patterns
2025-11-11 17:45:00,2025-11-11 18:00:00,2025-11-11 18:30:00,LONG,103121.48,1.2477555597534682,-6.752244440246532,21.247755559753468,-29.949143476218197,2,TRAILING_STOP,Candlestick Patterns
2025-11-11 22:45:00,2025-11-11 23:00:00,2025-11-11 23:45:00,SHORT,103209.13,-13.353216910170868,-21.353216910170868,16.646783089829132,-22.541610417604932,3,TRAILING_STOP,Candlestick Patterns
2025-11-12 05:00:00,2025-11-12 05:15:00,2025-11-12 06:30:00,SHORT,104830.51,-22.019498903516833,-30.019498903516833,7.980501096483166,-35.24641824217065,5,TRAILING_STOP,Candlestick Patterns
2025-11-12 07:45:00,2025-11-12 08:00:00,2025-11-12 08:30:00,LONG,104974.47,0.2582589843038505,-7.7417410156961495,20.25825898430385,-21.09751066140188,2,TRAILING_STOP,Candlestick Patterns
2025-11-12 11:30:00,2025-11-12 11:45:00,2025-11-12 14:00:00,SHORT,101536.83,41.22932634394881,33.22932634394881,71.22932634394881,-62.07993690565251,9,TRAILING_STOP,Candlestick Patterns
2025-11-12 16:30:00,2025-11-12 16:45:00,2025-11-12 19:00:00,SHORT,101469.1,-29.671821273668364,-37.671821273668364,0.3281787263316365,-56.53642340377497,9,TRAILING_STOP,Candlestick Patterns
2025-11-12 21:45:00,2025-11-12 22:00:00,2025-11-12 22:15:00,LONG,102124.06,21.062801459323673,13.062801459323673,41.06280145932367,-0.4210565071544268,1,TRAILING_STOP,Candlestick Patterns
2025-11-13 02:15:00,2025-11-13 02:30:00,2025-11-13 03:30:00,LONG,103475.66,12.454975401944935,4.454975401944935,32.454975401944935,-89.1059791259122,4,TRAILING_STOP,Candlestick Patterns
2025-11-13 05:45:00,2025-11-13 06:00:00,2025-11-13 07:00:00,SHORT,102918.09,-12.240245616684216,-20.240245616684216,17.759754383315784,-34.38754061603781,4,TRAILING_STOP,Candlestick Patterns
2025-11-13 08:45:00,2025-11-13 09:00:00,2025-11-13 09:15:00,LONG,102449.99,80.91167407629776,72.91167407629776,100.91167407629776,-67.29820080997578,1,TRAILING_STOP,Candlestick Patterns
2025-11-13 15:45:00,2025-11-13 16:00:00,2025-11-13 18:15:00,LONG,98515.9,181.53193545407427,173.53193545407427,201.53193545407427,0.0,9,TRAILING_STOP,Candlestick Patterns
2025-11-13 21:15:00,2025-11-13 21:30:00,2025-11-13 22:15:00,SHORT,99620.01,51.788789220157554,43.788789220157554,81.78878922015755,0.0,3,TRAILING_STOP,Candlestick Patterns
2025-11-14 04:00:00,2025-11-14 04:15:00,2025-11-14 05:15:00,LONG,97153.07,-6.2227719618133275,-14.222771961813327,13.777228038186673,-49.853288218273605,4,TRAILING_STOP,Candlestick Patterns
2025-11-14 09:45:00,2025-11-14 10:00:00,2025-11-14 10:15:00,LONG,96543.47,60.676611271586225,52.676611271586225,80.67661127158622,0.0,1,TRAILING_STOP,Candlestick Patterns
2025-11-14 14:15:00,2025-11-14 14:30:00,2025-11-14 17:00:00,LONG,95778.3,-41.37576048019313,-49.37576048019313,0.0,-164.6020027501009,10,TIME_EXIT,Candlestick Patterns
2025-11-14 20:45:00,2025-11-14 21:00:00,2025-11-14 22:00:00,LONG,95880.0,80.82186065915654,72.82186065915654,100.82186065915654,0.0,4,TRAILING_STOP,Candlestick Patterns
2025-11-14 23:45:00,2025-11-15 00:00:00,2025-11-15 01:45:00,SHORT,96074.11,-16.84036729562131,-24.84036729562131,13.15963270437869,-51.68301845314972,7,TRAILING_STOP,Candlestick Patterns
2025-11-15 02:30:00,2025-11-15 02:45:00,2025-11-15 03:30:00,SHORT,96148.55,22.620658345861933,14.620658345861933,52.62065834586193,-14.60136424314245,3,TRAILING_STOP,Candlestick Patterns
2025-11-15 07:00:00,2025-11-15 07:15:00,2025-11-15 09:45:00,SHORT,95694.02,-71.83520976545852,-79.83520976545852,0.0,-81.21719622605436,10,TIME_EXIT,Candlestick Patterns
2025-11-15 11:45:00,2025-11-15 12:00:00,2025-11-15 14:30:00,SHORT,96013.71,14.681236669222175,6.681236669222175,15.1436706278727,-35.01062504511014,10,TIME_EXIT,Candlestick Patterns
2025-11-15 15:30:00,2025-11-15 15:45:00,2025-11-15 18:15:00,LONG,95561.77,3.607090994652063,-4.392909005347937,13.838169803676793,-45.675169055576355,10,TIME_EXIT,Candlestick Patterns
2025-11-15 19:30:00,2025-11-15 19:45:00,2025-11-15 21:30:00,LONG,95488.88,31.410174671646466,23.410174671646466,51.410174671646466,-67.78380896288753,7,TRAILING_STOP,Candlestick Patterns
2025-11-15 22:15:00,2025-11-15 22:30:00,2025-11-15 23:00:00,LONG,95825.02,-11.853902039363241,-19.85390203936324,8.146097960636759,-18.18940397820975,2,TRAILING_STOP,Candlestick Patterns
2025-11-16 03:30:00,2025-11-16 03:45:00,2025-11-16 05:00:00,LONG,96062.7,39.5871238264179,31.5871238264179,59.5871238264179,-0.6974611373610247,5,TRAILING_STOP,Candlestick Patterns
2025-11-16 06:15:00,2025-11-16 06:30:00,2025-11-16 07:45:00,LONG,95627.13,8.534789238158183,0.5347892381581829,28.534789238158183,-27.054037907443877,5,TRAILING_STOP,Candlestick Patterns
2025-11-16 10:30:00,2025-11-16 10:45:00,2025-11-16 11:00:00,SHORT,94415.08,11.538915181769944,3.5389151817699442,41.538915181769944,-5.9418474252197075,1,TRAILING_STOP,Candlestick Patterns
2025-11-16 18:45:00,2025-11-16 19:00:00,2025-11-16 19:30:00,LONG,94723.65,60.671511285725245,52.671511285725245,80.67151128572524,-18.953028098051423,2,TRAILING_STOP,Candlestick Patterns
2025-11-16 22:15:00,2025-11-16 22:30:00,2025-11-17 01:00:00,LONG,95496.77,-58.04070650766555,-66.04070650766555,0.0,-67.79286880593015,10,TIME_EXIT,Candlestick Patterns
2025-11-17 04:30:00,2025-11-17 04:45:00,2025-11-17 05:15:00,LONG,95825.29,-13.081158429053238,-21.08115842905324,6.918841570946762,-29.239671489644103,2,TRAILING_STOP,Candlestick Patterns
2025-11-17 13:15:00,2025-11-17 13:30:00,2025-11-17 14:45:00,SHORT,92549.02,105.82207569566961,97.82207569566961,135.8220756956696,0.0,5,TRAILING_STOP,Candlestick Patterns
2025-11-17 16:15:00,2025-11-17 16:30:00,2025-11-17 17:30:00,LONG,91959.72,27.82093725383187,19.82093725383187,47.82093725383187,-80.43956636666587,4,TRAILING_STOP,Candlestick Patterns
2025-11-17 19:15:00,2025-11-17 19:30:00,2025-11-17 19:45:00,LONG,92169.86,-16.729950549995472,-24.729950549995472,3.2700494500045263,-55.507299240771395,1,TRAILING_STOP,Candlestick Patterns
2025-11-17 22:00:00,2025-11-17 22:15:00,2025-11-17 22:30:00,LONG,90627.81,4.699923787191352,-3.300076212808648,24.699923787191352,-40.58025897348772,1,TRAILING_STOP,Candlestick Patterns
2025-11-18 06:45:00,2025-11-18 07:00:00,2025-11-18 08:15:00,SHORT,91222.71,4.75121491128791,-3.24878508871209,34.75121491128791,-67.66845668145504,5,TRAILING_STOP,Candlestick Patterns
2025-11-18 10:15:00,2025-11-18 10:30:00,2025-11-18 11:00:00,LONG,92910.1,79.65654971849011,71.65654971849011,99.65654971849011,0.0,2,TRAILING_STOP,Candlestick Patterns
2025-11-18 17:00:00,2025-11-18 17:15:00,2025-11-18 18:45:00,SHORT,93264.01,113.05089390859285,105.05089390859285,143.05089390859285,0.0,6,TRAILING_STOP,Candlestick Patterns
2025-11-18 20:15:00,2025-11-18 20:30:00,2025-11-18 20:45:00,LONG,92440.0,26.001730852445398,18.001730852445398,46.0017308524454,-17.308524448290783,1,TRAILING_STOP,Candlestick Patterns
2025-11-18 23:45:00,2025-11-19 00:00:00,2025-11-19 00:15:00,SHORT,90840.55,59.771583285218455,51.771583285218455,89.77158328521845,0.0,1,TRAILING_STOP,Candlestick Patterns
2025-11-19 03:00:00,2025-11-19 03:15:00,2025-11-19 03:30:00,SHORT,91599.99,27.59607615677706,19.59607615677706,57.59607615677706,0.0,1,TRAILING_STOP,Candlestick Patterns
2025-11-19 07:45:00,2025-11-19 08:00:00,2025-11-19 09:30:00,LONG,91789.76,39.460881039454534,31.460881039454534,59.460881039454534,-81.95467555422248,6,TRAILING_STOP,Candlestick Patterns
2025-11-19 12:00:00,2025-11-19 12:15:00,2025-11-19 12:45:00,LONG,89328.63,26.556182491547233,18.556182491547233,46.55618249154723,-53.58080606408099,2,TRAILING_STOP,Candlestick Patterns
2025-11-19 18:30:00,2025-11-19 18:45:00,2025-11-19 19:15:00,LONG,91492.91,68.21339270988281,60.21339270988281,88.21339270988281,0.0,2,TRAILING_STOP,Candlestick Patterns
2025-11-19 21:45:00,2025-11-19 22:00:00,2025-11-19 23:15:00,SHORT,92380.55,-2.229002750037438,-10.229002750037438,27.770997249962562,-65.97167910344731,5,TRAILING_STOP,Candlestick Patterns
2025-11-20 01:45:00,2025-11-20 02:00:00,2025-11-20 04:15:00,SHORT,91936.45,23.939433162798238,15.939433162798238,53.93943316279824,-55.402400244952446,9,TRAILING_STOP,Candlestick Patterns
2025-11-20 04:30:00,2025-11-20 04:45:00,2025-11-20 06:00:00,SHORT,91633.96,-13.787669986104255,-21.787669986104255,16.212330013895745,-46.80251731999744,5,TRAILING_STOP,Candlestick Patterns
2025-11-20 08:00:00,2025-11-20 08:15:00,2025-11-20 08:45:00,SHORT,91627.72,100.54782984887188,92.54782984887188,130.54782984887188,0.0,2,TRAILING_STOP,Candlestick Patterns
2025-11-20 12:15:00,2025-11-20 12:30:00,2025-11-20 12:45:00,LONG,87233.8,41.37873163842376,33.37873163842376,61.37873163842376,-41.702872051889074,1,TRAILING_STOP,Candlestick Patterns
2025-11-20 16:30:00,2025-11-20 16:45:00,2025-11-20 17:15:00,LONG,87894.11,20.490767811403906,12.490767811403906,40.490767811403906,-27.932474656150994,2,TRAILING_STOP,Candlestick Patterns
2025-11-20 19:15:00,2025-11-20 19:30:00,2025-11-20 19:45:00,SHORT,87285.24,21.604372056490597,13.604372056490597,51.6043720564906,-12.542785011531837,1,TRAILING_STOP,Candlestick Patterns
2025-11-20 22:00:00,2025-11-20 22:15:00,2025-11-21 00:00:00,LONG,86056.99,26.77597949916602,18.77597949916602,46.77597949916602,-75.87297673320927,7,TRAILING_STOP,Candlestick Patterns
2025-11-21 02:00:00,2025-11-21 02:15:00,2025-11-21 02:30:00,LONG,84373.38,17.90650558268517,9.90650558268517,37.90650558268517,-79.5310084768441,1,TRAILING_STOP,Candlestick Patterns
2025-11-21 06:45:00,2025-11-21 07:00:00,2025-11-21 09:30:00,SHORT,80945.66,-398.71069060404216,-406.71069060404216,0.0,-562.1474949984961,10,TIME_EXIT,Candlestick Patterns
2025-11-21 10:45:00,2025-11-21 11:00:00,2025-11-21 11:30:00,LONG,83282.11,246.07034812158332,238.07034812158332,266.0703481215833,-16.75750050040731,2,TRAILING_STOP,Candlestick Patterns
2025-11-21 13:45:00,2025-11-21 14:00:00,2025-11-21 16:15:00,LONG,84894.67,41.486781207819675,33.486781207819675,61.486781207819675,-168.4098660139667,9,TRAILING_STOP,Candlestick Patterns
2025-11-21 17:00:00,2025-11-21 17:15:00,2025-11-21 18:15:00,LONG,84668.09,60.89706523437606,52.89706523437606,80.89706523437606,-64.57096174013041,4,TRAILING_STOP,Candlestick Patterns
2025-11-21 21:30:00,2025-11-21 21:45:00,2025-11-22 00:15:00,LONG,84597.99,-37.47961387735181,-45.47961387735181,0.0,-90.43713686341741,10,TIME_EXIT,Candlestick Patterns
2025-11-22 06:15:00,2025-11-22 06:30:00,2025-11-22 07:15:00,SHORT,84098.94,26.930562977369135,18.930562977369135,56.930562977369135,0.0,3,TRAILING_STOP,Candlestick Patterns
2025-11-22 13:00:00,2025-11-22 13:15:00,2025-11-22 13:45:00,LONG,84563.1,6.925455665649409,-1.0745443343505912,26.92545566564941,0.0,2,TRAILING_STOP,Candlestick Patterns
2025-11-22 15:45:00,2025-11-22 16:00:00,2025-11-22 16:30:00,SHORT,84308.01,-25.377663403512766,-33.37766340351277,4.622336596487234,-34.63490598342909,2,TRAILING_STOP,Candlestick Patterns
2025-11-22 21:15:00,2025-11-22 21:30:00,2025-11-22 22:00:00,SHORT,86000.34,-9.109384916384808,-17.10938491638481,20.89061508361519,-18.70574000056394,2,TRAILING_STOP,Candlestick Patterns
2025-11-23 10:30:00,2025-11-23 10:45:00,2025-11-23 11:00:00,SHORT,87193.97,-0.7078367919245458,-8.707836791924546,29.292163208075454,-25.922664147532085,1,TRAILING_STOP,Candlestick Patterns
2025-11-23 13:45:00,2025-11-23 14:00:00,2025-11-23 14:45:00,SHORT,87332.64,-18.66288709467677,-26.66288709467677,11.33711290532323,-41.45529094276706,3,TRAILING_STOP,Candlestick Patterns
2025-11-23 17:15:00,2025-11-23 17:30:00,2025-11-23 20:00:00,LONG,88004.01,-167.33442032925552,-175.33442032925552,0.0,-233.78025614969144,10,TIME_EXIT,Candlestick Patterns
2025-11-23 21:30:00,2025-11-23 21:45:00,2025-11-23 23:00:00,SHORT,87325.5,70.25708412777482,62.25708412777482,100.25708412777482,-42.12973301040294,5,TRAILING_STOP,Candlestick Patterns
2025-11-24 00:15:00,2025-11-24 00:30:00,2025-11-24 03:00:00,LONG,87468.28,-72.29363604726154,-80.29363604726154,0.0,-87.83527011163348,10,TIME_EXIT,Candlestick Patterns
2025-11-24 04:15:00,2025-11-24 04:30:00,2025-11-24 05:15:00,SHORT,85944.91,-1.1035825158225414,-9.103582515822541,28.89641748417746,-19.909265132746146,3,TRAILING_STOP,Candlestick Patterns
2025-11-24 09:00:00,2025-11-24 09:15:00,2025-11-24 11:45:00,SHORT,85573.93,-250.4828281230055,-258.4828281230055,0.0,-253.00579276889667,10,TIME_EXIT,Candlestick Patterns
2025-11-24 11:45:00,2025-11-24 12:00:00,2025-11-24 12:15:00,LONG,87717.41,74.99482485859872,66.99482485859872,94.99482485859872,0.0,1,TRAILING_STOP,Candlestick Patterns
2025-11-24 23:00:00,2025-11-24 23:15:00,2025-11-24 23:45:00,LONG,88161.27,0.4023830418953054,-7.597616958104695,20.402383041895305,-25.38643102577783,2,TRAILING_STOP,Candlestick Patterns
2025-11-25 01:45:00,2025-11-25 02:00:00,2025-11-25 04:00:00,SHORT,87699.77,87.87602179572467,79.87602179572467,117.87602179572467,-6.481202858342331,8,TRAILING_STOP,Candlestick Patterns
2025-11-25 05:30:00,2025-11-25 05:45:00,2025-11-25 07:15:00,LONG,87454.82,18.577633571253145,10.577633571253145,38.577633571253145,-14.782489975968549,6,TRAILING_STOP,Candlestick Patterns
2025-11-25 09:15:00,2025-11-25 09:30:00,2025-11-25 10:15:00,LONG,86741.55,44.38091087835035,36.38091087835035,64.38091087835035,-45.139843592834445,3,TRAILING_STOP,Candlestick Patterns
2025-11-25 15:30:00,2025-11-25 15:45:00,2025-11-25 16:45:00,SHORT,87176.5,40.08998984818203,32.08998984818203,70.08998984818203,-20.131572155340027,4,TRAILING_STOP,Candlestick Patterns
2025-11-25 19:30:00,2025-11-25 19:45:00,2025-11-25 20:15:00,LONG,87522.66,60.13239085740727,52.13239085740727,80.13239085740727,0.0,2,TRAILING_STOP,Candlestick Patterns
2025-11-25 23:15:00,2025-11-25 23:30:00,2025-11-26 02:00:00,SHORT,87230.23,-64.09475247285326,-72.09475247285326,0.0,-75.52083721434691,10,TIME_EXIT,Candlestick Patterns
2025-11-26 02:00:00,2025-11-26 02:15:00,2025-11-26 02:30:00,LONG,87789.34,-2.6584867821075733,-10.658486782107573,17.341513217892427,-23.268200900016964,1,TRAILING_STOP,Candlestick Patterns
2025-11-26 05:30:00,2025-11-26 05:45:00,2025-11-26 06:30:00,LONG,86989.84,1.399050739719577,-6.600949260280423,21.399050739719577,-52.04170969851098,3,TRAILING_STOP,Candlestick Patterns
2025-11-26 10:00:00,2025-11-26 10:15:00,2025-11-26 12:45:00,SHORT,86884.16,-398.8183807036853,-406.8183807036853,0.0,-406.7749518439259,10,TIME_EXIT,Candlestick Patterns
2025-11-26 15:00:00,2025-11-26 15:15:00,2025-11-26 17:45:00,SHORT,89678.07,-73.52633704092821,-81.52633704092821,0.0,-109.05787780669172,10,TIME_EXIT,Candlestick Patterns
2025-11-26 17:45:00,2025-11-26 18:00:00,2025-11-26 19:00:00,SHORT,90337.43,-2.600504574904388,-10.600504574904388,27.399495425095612,-26.403230643156895,4,TRAILING_STOP,Candlestick Patterns
2025-11-27 04:30:00,2025-11-27 04:45:00,2025-11-27 07:15:00,SHORT,91593.13,66.22439914434706,58.22439914434706,70.21596488732338,-8.542125375559355,10,TIME_EXIT,Candlestick Patterns
2025-11-27 11:00:00,2025-11-27 11:15:00,2025-11-27 13:00:00,SHORT,91300.0,-29.897042716319568,-37.89704271631957,0.10295728368043026,-54.76451259583789,7,TRAILING_STOP,Candlestick Patterns
2025-11-27 14:15:00,2025-11-27 14:30:00,2025-11-27 15:45:00,SHORT,91528.22,3.9840543168000977,-4.015945683199902,33.9840543168001,-7.488400845115702,5,TRAILING_STOP,Candlestick Patterns
2025-11-27 17:00:00,2025-11-27 17:15:00,2025-11-27 19:45:00,SHORT,91232.38,31.49978110841837,23.49978110841837,46.2522187846027,-36.56815705125695,10,TIME_EXIT,Candlestick Patterns
2025-11-27 20:15:00,2025-11-27 20:30:00,2025-11-27 21:15:00,SHORT,90804.56,-13.259651277425409,-21.25965127742541,16.74034872257459,-36.46623033028349,3,TRAILING_STOP,Candlestick Patterns
2025-11-28 00:15:00,2025-11-28 00:30:00,2025-11-28 01:45:00,SHORT,91612.09,19.7587163440973,11.758716344097301,49.7587163440973,0.0,5,TRAILING_STOP,Candlestick Patterns
2025-11-28 03:45:00,2025-11-28 04:00:00,2025-11-28 05:30:00,LONG,91630.8,23.566137150390162,15.566137150390162,43.56613715039016,-28.2917970813313,6,TRAILING_STOP,Candlestick Patterns
2025-11-28 07:15:00,2025-11-28 07:30:00,2025-11-28 08:15:00,LONG,91513.4,102.56128610673474,94.56128610673474,122.56128610673474,-8.51241457535117,3,TRAILING_STOP,Candlestick Patterns
2025-11-28 12:15:00,2025-11-28 12:30:00,2025-11-28 15:00:00,LONG,90661.57,51.02603010294064,43.02603010294064,62.19614330526044,-6.7911905783240885,10,TIME_EXIT,Candlestick Patterns
2025-11-28 15:15:00,2025-11-28 15:30:00,2025-11-28 16:15:00,LONG,91201.09,-15.768690922444403,-23.768690922444403,4.231309077555598,-34.329633560300266,3,TRAILING_STOP,Candlestick Patterns
2025-11-28 18:30:00,2025-11-28 18:45:00,2025-11-28 21:15:00,SHORT,90869.01,7.716602172731424,-0.2833978272685762,35.50715474945685,-27.619977371824618,10,TIME_EXIT,Candlestick Patterns
2025-11-29 01:15:00,2025-11-29 01:30:00,2025-11-29 02:00:00,LONG,90565.3,-13.423529762503115,-21.423529762503115,6.576470237496886,-21.01135865502661,2,TRAILING_STOP,Candlestick Patterns
2025-11-29 05:15:00,2025-11-29 05:30:00,2025-11-29 08:00:00,SHORT,90552.47,-21.261706058376852,-29.261706058376852,6.335553298545621,-28.489559699475443,10,TIME_EXIT,Candlestick Patterns
2025-11-29 14:00:00,2025-11-29 14:15:00,2025-11-29 15:00:00,SHORT,90637.95,-3.770368813505744,-11.770368813505744,26.229631186494256,-19.704770463145493,3,TRAILING_STOP,Candlestick Patterns
2025-11-29 18:15:00,2025-11-29 18:30:00,2025-11-29 21:00:00,SHORT,90802.44,-5.709097685039797,-13.709097685039797,0.0,-27.86929514228887,10,TIME_EXIT,Candlestick Patterns
2025-11-29 21:00:00,2025-11-29 21:15:00,2025-11-29 22:00:00,SHORT,90854.28,12.186234924760704,4.186234924760704,42.186234924760704,-6.020629958214086,3,TRAILING_STOP,Candlestick Patterns
2025-11-30 05:00:00,2025-11-30 05:15:00,2025-11-30 07:00:00,SHORT,91224.56,-5.2018535359336155,-13.201853535933616,24.798146464066384,-26.800896600652855,7,TRAILING_STOP,Candlestick Patterns
2025-11-30 07:45:00,2025-11-30 08:00:00,2025-11-30 10:30:00,LONG,91851.19,-38.236848101805364,-46.236848101805364,0.0,-64.70357106968322,10,TIME_EXIT,Candlestick Patterns
2025-11-30 12:30:00,2025-11-30 12:45:00,2025-11-30 15:15:00,SHORT,91303.55,-1.3197734370682093,-9.319773437068209,13.75083444181556,-35.398404552725175,10,TIME_EXIT,Candlestick Patterns
2025-11-30 19:45:00,2025-11-30 20:00:00,2025-11-30 20:30:00,SHORT,87268.1,-7.223063181161955,-15.223063181161955,22.776936818838045,-26.573283937658108,2,TRAILING_STOP,Candlestick Patterns
2025-12-01 01:00:00,2025-12-01 01:15:00,2025-12-01 02:30:00,LONG,86289.85,23.538144984605687,15.538144984605687,43.53814498460569,-27.807442010851986,5,TRAILING_STOP,Candlestick Patterns
2025-12-01 04:30:00,2025-12-01 04:45:00,2025-12-01 07:15:00,SHORT,86675.45,191.4525566351253,183.4525566351253,221.4525566351253,-2.832405254313985,10,TRAILING_STOP,Candlestick Patterns
2025-12-01 12:15:00,2025-12-01 12:30:00,2025-12-01 13:15:00,SHORT,84925.01,-6.310865315177114,-14.310865315177114,23.689134684822886,-74.18191649315146,3,TRAILING_STOP,Candlestick Patterns
2025-12-01 16:30:00,2025-12-01 16:45:00,2025-12-01 17:15:00,LONG,86510.11,20.4449838290576,12.444983829057598,40.4449838290576,-24.287334740413645,2,TRAILING_STOP,Candlestick Patterns
2025-12-01 19:30:00,2025-12-01 19:45:00,2025-12-01 20:30:00,SHORT,86771.04,27.44889078199256,19.44889078199256,57.44889078199256,-6.811028195582976,3,TRAILING_STOP,Candlestick Patterns
2025-12-01 22:45:00,2025-12-01 23:00:00,2025-12-02 01:00:00,SHORT,87032.0,-5.4274289916351925,-13.427428991635193,24.572571008364807,-16.91561724423214,8,TRAILING_STOP,Candlestick Patterns
2025-12-02 06:15:00,2025-12-02 06:30:00,2025-12-02 07:45:00,SHORT,87368.92,8.47706942010938,0.47706942010938036,38.47706942010938,-21.958609537579935,5,TRAILING_STOP,Candlestick Patterns
2025-12-02 13:30:00,2025-12-02 13:45:00,2025-12-02 15:15:00,SHORT,92036.91,112.9904589365297,104.9904589365297,142.9904589365297,-29.41645911406529,6,TRAILING_STOP,Candlestick Patterns
2025-12-02 19:00:00,2025-12-02 19:15:00,2025-12-02 20:15:00,LONG,91473.55,90.24716981028955,82.24716981028955,110.24716981028955,-0.5837753099116091,4,TRAILING_STOP,Candlestick Patterns
2025-12-03 01:30:00,2025-12-03 01:45:00,2025-12-03 03:30:00,SHORT,93200.0,25.56866952789637,17.56866952789637,55.56866952789637,0.0,7,TRAILING_STOP,Candlestick Patterns
2025-12-03 04:30:00,2025-12-03 04:45:00,2025-12-03 05:00:00,LONG,93135.19,-11.529517468102076,-19.52951746810208,8.470482531897924,-29.345513763379625,1,TRAILING_STOP,Candlestick Patterns
2025-12-03 09:15:00,2025-12-03 09:30:00,2025-12-03 09:45:00,SHORT,92357.54,17.135296154486923,9.135296154486923,47.13529615448692,-12.601028567890037,1,TRAILING_STOP,Candlestick Patterns
2025-12-03 13:15:00,2025-12-03 13:30:00,2025-12-03 14:00:00,SHORT,92623.85,-19.732666046595362,-27.732666046595362,10.26733395340464,-22.602169959464142,2,TRAILING_STOP,Candlestick Patterns
2025-12-03 20:45:00,2025-12-03 21:00:00,2025-12-03 23:30:00,SHORT,93800.01,63.574620087993786,55.574620087993786,82.23986330065306,-29.849676988307916,10,TIME_EXIT,Candlestick Patterns
2025-12-04 01:30:00,2025-12-04 01:45:00,2025-12-04 03:00:00,SHORT,93050.0,-29.399247716281945,-37.39924771628195,0.6007522837180556,-59.108006448146156,5,TRAILING_STOP,Candlestick Patterns
2025-12-04 09:00:00,2025-12-04 09:15:00,2025-12-04 09:30:00,SHORT,92581.9,45.106473295535224,37.106473295535224,75.10647329553522,-11.93105779855527,1,TRAILING_STOP,Candlestick Patterns
2025-12-04 12:30:00,2025-12-04 12:45:00,2025-12-04 13:00:00,LONG,92378.82,-1.3766835298401112,-9.376683529840111,18.62331647015989,-52.880086582617096,1,TRAILING_STOP,Candlestick Patterns
2025-12-04 21:15:00,2025-12-04 21:30:00,2025-12-04 22:30:00,SHORT,92518.4,30.364208633093092,22.364208633093092,60.36420863309309,-5.994483259546901,4,TRAILING_STOP,Candlestick Patterns
2025-12-05 08:30:00,2025-12-05 08:45:00,2025-12-05 09:00:00,SHORT,90500.02,39.09611732682566,31.096117326825663,69.09611732682566,-23.062978328623704,1,TRAILING_STOP,Candlestick Patterns
2025-12-05 11:45:00,2025-12-05 12:00:00,2025-12-05 14:30:00,SHORT,88763.16,-102.69125164088226,-110.69125164088226,0.0,-116.80972151059026,10,TIME_EXIT,Candlestick Patterns
2025-12-05 17:15:00,2025-12-05 17:30:00,2025-12-05 19:00:00,SHORT,89232.48,-7.383795676193504,-15.383795676193504,22.616204323806496,-26.20794580628047,4,TRAILING_STOP,Candlestick Patterns
2025-12-05 20:30:00,2025-12-05 20:45:00,2025-12-05 21:45:00,LONG,89295.6,37.206626082358724,29.206626082358724,57.206626082358724,-9.87282688060817,4,TRAILING_STOP,Candlestick Patterns
2025-12-05 23:45:00,2025-12-06 00:00:00,2025-12-06 02:30:00,SHORT,89613.58,7.814663804302745,-0.18533619569725523,17.228415603974245,-16.80660453471456,10,TIME_EXIT,Candlestick Patterns
2025-12-06 03:15:00,2025-12-06 03:30:00,2025-12-06 06:00:00,SHORT,89277.14,-45.6298219230584,-53.6298219230584,0.0,-52.96652648147055,10,TIME_EXIT,Candlestick Patterns
2025-12-06 09:15:00,2025-12-06 09:30:00,2025-12-06 10:00:00,SHORT,90004.76,27.08364757597252,19.08364757597252,57.08364757597252,0.0,2,TRAILING_STOP,Candlestick Patterns
2025-12-06 13:15:00,2025-12-06 13:30:00,2025-12-06 16:00:00,LONG,89646.7,-20.073243075316448,-28.073243075316448,0.0,-63.48253756133703,10,TIME_EXIT,Candlestick Patterns
2025-12-06 16:15:00,2025-12-06 16:30:00,2025-12-06 18:15:00,SHORT,89420.29,27.289011252367764,19.289011252367764,57.289011252367764,-11.527585070457919,7,TRAILING_STOP,Candlestick Patterns
2025-12-07 01:30:00,2025-12-07 01:45:00,2025-12-07 03:00:00,SHORT,89476.06,1.8621539660995943,-6.137846033900406,31.862153966099594,-7.000755285827228,5,TRAILING_STOP,Candlestick Patterns
2025-12-07 12:00:00,2025-12-07 12:15:00,2025-12-07 14:45:00,SHORT,90854.88,-63.311954184519436,-71.31195418451944,0.0,-99.62260695297768,10,TIME_EXIT,Candlestick Patterns
2025-12-07 19:00:00,2025-12-07 19:15:00,2025-12-07 19:30:00,SHORT,90318.38,-28.170914934479107,-36.17091493447911,1.829085065520891,-49.91785725120305,1,TRAILING_STOP,Candlestick Patterns
2025-12-08 02:30:00,2025-12-08 02:45:00,2025-12-08 03:30:00,LONG,91593.95,55.6818545329683,47.6818545329683,75.6818545329683,0.0,3,TRAILING_STOP,Candlestick Patterns
2025-12-08 07:00:00,2025-12-08 07:15:00,2025-12-08 08:00:00,SHORT,91753.03,19.21690324559328,11.21690324559328,49.21690324559328,-40.222104926671406,3,TRAILING_STOP,Candlestick Patterns
2025-12-08 10:45:00,2025-12-08 11:00:00,2025-12-08 12:45:00,LONG,90302.86,4.144307278861252,-3.855692721138748,24.144307278861252,-67.39764388414667,7,TRAILING_STOP,Candlestick Patterns
2025-12-08 19:30:00,2025-12-08 19:45:00,2025-12-08 22:15:00,LONG,90481.01,-8.399552569097096,-16.399552569097096,0.0,-75.72528202326635,10,TIME_EXIT,Candlestick Patterns
2025-12-08 22:45:00,2025-12-08 23:00:00,2025-12-08 23:45:00,SHORT,90400.47,69.60899539570991,61.60899539570991,99.60899539570991,0.0,3,TRAILING_STOP,Candlestick Patterns
2025-12-09 01:30:00,2025-12-09 01:45:00,2025-12-09 04:15:00,SHORT,90115.99,-1.7311023271221089,-9.731102327122109,0.0,-53.70966906095075,10,TIME_EXIT,Candlestick Patterns
2025-12-09 05:00:00,2025-12-09 05:15:00,2025-12-09 07:45:00,SHORT,90098.0,-66.24231392483759,-74.24231392483759,0.0,-71.59981353637215,10,TIME_EXIT,Candlestick Patterns
2025-12-09 09:30:00,2025-12-09 09:45:00,2025-12-09 12:15:00,SHORT,90599.99,-366.22520598512205,-374.22520598512205,0.0,-440.2870243142411,10,TIME_EXIT,Candlestick Patterns
2025-12-09 14:15:00,2025-12-09 14:30:00,2025-12-09 14:45:00,SHORT,93800.83,80.13975036254959,72.13975036254959,110.13975036254959,0.0,1,TRAILING_STOP,Candlestick Patterns
2025-12-09 20:00:00,2025-12-09 20:15:00,2025-12-09 21:00:00,LONG,92253.48,14.36835119932578,6.3683511993257795,34.36835119932578,-24.453278076880842,3,TRAILING_STOP,Candlestick Patterns
2025-12-09 22:45:00,2025-12-09 23:00:00,2025-12-10 01:00:00,SHORT,92434.9,-25.81759703315642,-33.81759703315642,4.182402966843578,-31.3842498883004,8,TRAILING_STOP,Candlestick Patterns
2025-12-10 01:30:00,2025-12-10 01:45:00,2025-12-10 04:15:00,SHORT,92600.71,-12.580047172423171,-20.58004717242317,17.41995282757683,-40.10336421826577,10,TRAILING_STOP,Candlestick Patterns
2025-12-10 10:15:00,2025-12-10 10:30:00,2025-12-10 11:00:00,LONG,92063.69,37.723082791923524,29.723082791923524,57.723082791923524,0.0,2,TRAILING_STOP,Candlestick Patterns
2025-12-10 15:15:00,2025-12-10 15:30:00,2025-12-10 16:00:00,SHORT,92453.89,1.341028484576988,-6.658971515423012,31.341028484576988,-20.874189285059312,2,TRAILING_STOP,Candlestick Patterns
2025-12-10 19:45:00,2025-12-10 20:00:00,2025-12-10 22:30:00,LONG,91086.68,-113.45676447972282,-121.45676447972282,0.0,-186.31154412478185,10,TIME_EXIT,Candlestick Patterns
2025-12-11 02:30:00,2025-12-11 02:45:00,2025-12-11 03:30:00,SHORT,90066.74,-19.382318045484418,-27.382318045484418,10.61768195451558,-23.136176573060165,3,TRAILING_STOP,Candlestick Patterns
2025-12-11 08:15:00,2025-12-11 08:30:00,2025-12-11 09:00:00,LONG,90103.53,22.005013566060725,14.005013566060725,42.005013566060725,-36.57126418909493,2,TRAILING_STOP,Candlestick Patterns
2025-12-11 16:30:00,2025-12-11 16:45:00,2025-12-11 17:15:00,SHORT,92934.37,63.1270099533683,55.1270099533683,93.1270099533683,0.0,2,TRAILING_STOP,Candlestick Patterns
2025-12-12 01:00:00,2025-12-12 01:15:00,2025-12-12 03:45:00,LONG,92575.22,-49.86863655306501,-57.86863655306501,0.0,-57.29611012536598,10,TIME_EXIT,Candlestick Patterns
2025-12-12 04:45:00,2025-12-12 05:00:00,2025-12-12 07:15:00,SHORT,92460.05,12.126302116427581,4.126302116427581,42.12630211642758,-12.269082701123601,9,TRAILING_STOP,Candlestick Patterns
2025-12-12 08:15:00,2025-12-12 08:30:00,2025-12-12 09:00:00,SHORT,92302.79,13.276048318799155,5.276048318799155,43.276048318799155,-32.1994600596587,2,TRAILING_STOP,Candlestick Patterns
2025-12-12 14:30:00,2025-12-12 14:45:00,2025-12-12 15:15:00,SHORT,90039.01,-14.406758803768035,-22.406758803768035,15.593241196231965,-32.847984445854,2,TRAILING_STOP,Candlestick Patterns
2025-12-12 17:15:00,2025-12-12 17:30:00,2025-12-12 20:00:00,LONG,90335.93,-8.005879830981334,-16.005879830981335,11.994120169018666,-23.308555078803938,10,TRAILING_STOP,Candlestick Patterns
2025-12-12 20:00:00,2025-12-12 20:15:00,2025-12-12 22:45:00,SHORT,90148.09,-19.761927290972967,-27.761927290972967,0.0,-35.67685127882464,10,TIME_EXIT,Candlestick Patterns
2025-12-12 23:45:00,2025-12-13 00:00:00,2025-12-13 02:30:00,SHORT,90351.07,-1.7531613073311147,-9.753161307331116,9.083456344236652,-5.415541841396345,10,TIME_EXIT,Candlestick Patterns
2025-12-13 03:15:00,2025-12-13 03:30:00,2025-12-13 06:00:00,SHORT,90458.2,10.9918172150223,2.9918172150222997,14.963817542246096,-19.495192254544733,10,TIME_EXIT,Candlestick Patterns
2025-12-13 06:45:00,2025-12-13 07:00:00,2025-12-13 10:00:00,SHORT,90325.42,24.670795884480416,16.670795884480416,43.44624137922559,-2.65595222253107,10,TIME_EXIT,Candlestick Patterns
2025-12-13 10:15:00,2025-12-13 10:30:00,2025-12-13 13:00:00,LONG,90092.17,5.310117405319076,-2.689882594680924,10.601365246279979,-12.339585115998233,10,TIME_EXIT,Candlestick Patterns
2025-12-13 14:00:00,2025-12-13 14:15:00,2025-12-13 16:30:00,LONG,90218.41,-16.498497368774675,-24.498497368774675,3.5015026312253235,-50.10285594702945,9,TRAILING_STOP,Candlestick Patterns
2025-12-13 17:30:00,2025-12-13 17:45:00,2025-12-13 20:00:00,LONG,90183.0,12.090305268176287,4.090305268176287,32.09030526817629,-7.312908197775311,9,TRAILING_STOP,Candlestick Patterns
2025-12-13 23:00:00,2025-12-13 23:15:00,2025-12-14 01:45:00,SHORT,90164.78,5.880344853057267,-2.1196551469427334,12.647954112458722,-8.934752571901987,10,TIME_EXIT,Candlestick Patterns
2025-12-14 02:45:00,2025-12-14 03:00:00,2025-12-14 05:30:00,SHORT,90180.01,48.29673449803273,40.29673449803273,75.40584659504859,0.0,10,TIME_EXIT,Candlestick Patterns
2025-12-14 05:30:00,2025-12-14 05:45:00,2025-12-14 08:15:00,LONG,89744.46,-28.409553079934557,-36.409553079934554,0.0,-117.80002910486087,10,TIME_EXIT,Candlestick Patterns
2025-12-14 11:00:00,2025-12-14 11:15:00,2025-12-14 12:30:00,SHORT,88815.67,-6.474872058049854,-14.474872058049854,23.525127941950146,-24.401099490664336,5,TRAILING_STOP,Candlestick Patterns
2025-12-14 13:45:00,2025-12-14 14:00:00,2025-12-14 15:15:00,LONG,88711.11,-6.856212260222442,-14.856212260222442,13.143787739777558,-39.92848246403482,5,TRAILING_STOP,Candlestick Patterns
2025-12-14 16:45:00,2025-12-14 17:00:00,2025-12-14 17:15:00,SHORT,88382.68,-1.5860618845241952,-9.586061884524195,28.413938115475805,-7.616876971823777,1,TRAILING_STOP,Candlestick Patterns
2025-12-14 20:45:00,2025-12-14 21:00:00,2025-12-14 23:00:00,SHORT,89688.7,21.599588353939076,13.599588353939076,51.599588353939076,0.0,8,TRAILING_STOP,Candlestick Patterns
2025-12-14 23:30:00,2025-12-14 23:45:00,2025-12-15 00:30:00,LONG,89649.01,-13.782418790792532,-21.782418790792534,6.217581209207468,-19.189280506276518,3,TRAILING_STOP,Candlestick Patterns
2025-12-15 04:00:00,2025-12-15 04:15:00,2025-12-15 06:45:00,SHORT,89848.0,30.59277891550122,22.59277891550122,46.35384204434111,-14.874009438162163,10,TIME_EXIT,Candlestick Patterns
2025-12-15 08:15:00,2025-12-15 08:30:00,2025-12-15 10:00:00,SHORT,89432.01,284.2163527354458,276.2163527354458,314.2163527354458,-31.307582150955266,6,TRAILING_STOP,Candlestick Patterns
2025-12-15 12:30:00,2025-12-15 12:45:00,2025-12-15 16:30:00,LONG,85889.15,28.691831273217446,20.691831273217446,48.691831273217446,-52.36749927086237,5,TRAILING_STOP,Candlestick Patterns
2025-12-15 18:15:00,2025-12-15 18:30:00,2025-12-15 21:00:00,LONG,86432.08,-34.92916056168135,-42.92916056168135,0.0,-90.26278205962456,10,TIME_EXIT,Candlestick Patterns
2025-12-16 01:15:00,2025-12-16 01:30:00,2025-12-16 04:00:00,LONG,86508.01,-16.459747484654823,-24.459747484654823,0.0,-76.06347666533941,10,TIME_EXIT,Candlestick Patterns
2025-12-16 06:15:00,2025-12-16 06:30:00,2025-12-16 07:15:00,LONG,87261.46,5.044274986917888,-2.9557250130821124,25.044274986917888,-21.091785537395648,3,TRAILING_STOP,Candlestick Patterns
2025-12-16 11:00:00,2025-12-16 11:15:00,2025-12-16 12:30:00,SHORT,87530.54,23.61671480605486,15.616714806054858,53.61671480605486,-35.81264322144033,5,TRAILING_STOP,Candlestick Patterns
2025-12-16 18:30:00,2025-12-16 18:45:00,2025-12-16 19:45:00,SHORT,87540.57,-16.919207859851802,-24.919207859851802,13.080792140148198,-46.7703146095568,4,TRAILING_STOP,Candlestick Patterns
2025-12-16 21:30:00,2025-12-16 21:45:00,2025-12-17 00:00:00,SHORT,87429.23,109.55515792601574,101.55515792601574,139.55515792601574,0.0,9,TRAILING_STOP,Candlestick Patterns
2025-12-17 04:30:00,2025-12-17 04:45:00,2025-12-17 05:15:00,LONG,86680.86,-1.9141157575035521,-9.914115757503552,18.085884242496448,-22.06138702361697,2,TRAILING_STOP,Candlestick Patterns
2025-12-17 07:30:00,2025-12-17 07:45:00,2025-12-17 10:15:00,SHORT,86900.02,-38.36823052514812,-46.36823052514812,0.0,-398.82959750757266,10,TIME_EXIT,Candlestick Patterns
2025-12-17 10:30:00,2025-12-17 10:45:00,2025-12-17 11:00:00,SHORT,86976.0,63.053256070639776,55.053256070639776,93.05325607063978,0.0,1,TRAILING_STOP,Candlestick Patterns
2025-12-17 17:30:00,2025-12-17 17:45:00,2025-12-17 18:15:00,SHORT,86001.01,-24.068674309755806,-32.06867430975581,5.931325690244192,-28.951985563891082,2,TRAILING_STOP,Candlestick Patterns
2025-12-17 21:00:00,2025-12-17 21:15:00,2025-12-17 21:45:00,LONG,86698.02,-19.813144521640133,-27.813144521640133,0.18685547835986835,-45.10137601758426,2,TRAILING_STOP,Candlestick Patterns
2025-12-18 00:15:00,2025-12-18 00:30:00,2025-12-18 01:30:00,SHORT,86440.9,-26.797812146797057,-34.79781214679706,3.202187853202942,-47.21723165770008,4,TRAILING_STOP,Candlestick Patterns
2025-12-18 11:00:00,2025-12-18 11:15:00,2025-12-18 13:45:00,LONG,88284.57,-297.674893812136,-305.674893812136,0.0,-345.43635428025675,10,TIME_EXIT,Candlestick Patterns
2025-12-18 14:00:00,2025-12-18 14:15:00,2025-12-18 14:30:00,SHORT,84692.65,-1.3505245142288693,-9.35052451422887,28.64947548577113,-67.98228653844335,1,TRAILING_STOP,Candlestick Patterns
2025-12-18 17:30:00,2025-12-18 17:45:00,2025-12-18 20:15:00,LONG,85619.99,-34.987156620785896,-42.987156620785896,0.0,-59.53633024250528,10,TIME_EXIT,Candlestick Patterns
2025-12-18 23:00:00,2025-12-18 23:15:00,2025-12-19 00:15:00,SHORT,86982.06,8.461954108698151,0.46195410869815134,38.46195410869815,-27.812631708193422,4,TRAILING_STOP,Candlestick Patterns
2025-12-19 06:15:00,2025-12-19 06:30:00,2025-12-19 08:00:00,SHORT,88198.7,12.348696749497982,4.348696749497982,42.34869674949798,-9.224625759790175,6,TRAILING_STOP,Candlestick Patterns
2025-12-19 09:00:00,2025-12-19 09:15:00,2025-12-19 09:45:00,LONG,88501.79,81.48721285750352,73.48721285750352,101.48721285750352,-60.958089096275984,2,TRAILING_STOP,Candlestick Patterns
2025-12-19 11:45:00,2025-12-19 12:00:00,2025-12-19 12:30:00,SHORT,87609.86,57.170553634031265,49.170553634031265,87.17055363403126,0.0,2,TRAILING_STOP,Candlestick Patterns
2025-12-19 16:30:00,2025-12-19 16:45:00,2025-12-19 18:00:00,LONG,88049.9,22.81095151726597,14.81095151726597,42.81095151726597,0.0,5,TRAILING_STOP,Candlestick Patterns
2025-12-19 20:00:00,2025-12-19 20:15:00,2025-12-19 21:00:00,SHORT,88042.23,-23.916555725587862,-31.916555725587862,6.083444274412139,-30.625076170833548,3,TRAILING_STOP,Candlestick Patterns
2025-12-19 23:45:00,2025-12-20 00:00:00,2025-12-20 02:30:00,SHORT,88400.0,10.049773755655712,2.0497737556557123,23.792986425339564,-12.376696832579581,10,TIME_EXIT,Candlestick Patterns
2025-12-20 02:30:00,2025-12-20 02:45:00,2025-12-20 05:15:00,SHORT,88311.17,16.66606840335068,8.666068403350678,20.597620889859595,-13.229357056417863,10,TIME_EXIT,Candlestick Patterns
2025-12-20 13:15:00,2025-12-20 13:30:00,2025-12-20 16:00:00,LONG,88313.22,-2.5613379287942784,-10.561337928794279,14.745244256749007,-12.69119164718507,10,TIME_EXIT,Candlestick Patterns
2025-12-20 17:15:00,2025-12-20 17:30:00,2025-12-20 20:00:00,SHORT,88279.34,21.205414539800262,13.205414539800262,24.458723864496296,-17.478608245145796,10,TIME_EXIT,Candlestick Patterns
2025-12-20 21:45:00,2025-12-20 22:00:00,2025-12-21 00:30:00,SHORT,88062.86,-13.161053365742855,-21.161053365742855,1.5466224921601848,-14.782622322281268,10,TIME_EXIT,Candlestick Patterns
2025-12-21 03:45:00,2025-12-21 04:00:00,2025-12-21 06:30:00,SHORT,88643.84,-12.432900018772472,-20.43290001877247,7.1431923526770085,-49.40332007277748,10,TIME_EXIT,Candlestick Patterns
2025-12-21 07:00:00,2025-12-21 07:15:00,2025-12-21 08:30:00,SHORT,88572.6,79.80370904772042,71.80370904772042,109.80370904772042,-13.74239889085351,5,TRAILING_STOP,Candlestick Patterns
2025-12-21 10:15:00,2025-12-21 10:30:00,2025-12-21 11:15:00,SHORT,88067.96,-20.592492434251252,-28.592492434251252,9.407507565748748,-34.182692547890696,3,TRAILING_STOP,Candlestick Patterns
2025-12-21 14:00:00,2025-12-21 14:15:00,2025-12-21 14:30:00,LONG,88420.95,-11.059811051566069,-19.05981105156607,8.940188948433931,-12.286680927992679,1,TRAILING_STOP,Candlestick Patterns
2025-12-21 17:30:00,2025-12-21 17:45:00,2025-12-21 18:15:00,SHORT,88521.7,-13.398420952151636,-21.398420952151636,16.601579047848364,-15.49563553343398,2,TRAILING_STOP,Candlestick Patterns
2025-12-21 23:00:00,2025-12-21 23:15:00,2025-12-22 01:45:00,LONG,89001.94,12.280631186241886,4.2806311862418855,21.829861236731873,-30.546525165630698,10,TIME_EXIT,Candlestick Patterns
2025-12-22 06:15:00,2025-12-22 06:30:00,2025-12-22 09:00:00,SHORT,89945.43,26.13737129279309,18.13737129279309,56.13737129279309,-71.4655541699009,10,TRAILING_STOP,Candlestick Patterns
2025-12-22 09:15:00,2025-12-22 09:30:00,2025-12-22 11:00:00,LONG,90126.44,-19.937865070450172,-27.937865070450172,0.06213492954982708,-103.19058425030481,6,TRAILING_STOP,Candlestick Patterns
2025-12-22 12:30:00,2025-12-22 12:45:00,2025-12-22 13:15:00,LONG,89382.94,-5.32158373846317,-13.32158373846317,14.67841626153683,-27.179683281843527,2,TRAILING_STOP,Candlestick Patterns
2025-12-22 18:00:00,2025-12-22 18:15:00,2025-12-22 19:15:00,SHORT,88504.8,-29.997740235557384,-37.99774023555739,0.0022597644426149244,-49.17247426128268,4,TRAILING_STOP,Candlestick Patterns
2025-12-22 21:30:00,2025-12-22 21:45:00,2025-12-22 22:15:00,LONG,88128.0,5.821532316630094,-2.178467683369906,25.821532316630094,0.0,2,TRAILING_STOP,Candlestick Patterns
2025-12-23 02:15:00,2025-12-23 02:30:00,2025-12-23 04:45:00,SHORT,87574.78,1.640387792010042,-6.359612207989958,31.640387792010042,-14.297495237784942,9,TRAILING_STOP,Candlestick Patterns
2025-12-23 06:30:00,2025-12-23 06:45:00,2025-12-23 07:00:00,SHORT,87819.76,-4.9760190645027045,-12.976019064502704,25.023980935497296,-8.974062329481683,1,TRAILING_STOP,Candlestick Patterns
2025-12-23 10:45:00,2025-12-23 11:00:00,2025-12-23 12:30:00,SHORT,87852.73,48.57923140237037,40.57923140237037,78.57923140237037,-48.11119699979708,6,TRAILING_STOP,Candlestick Patterns
2025-12-23 16:30:00,2025-12-23 16:45:00,2025-12-23 17:00:00,SHORT,87483.37,-3.324072906656962,-11.324072906656962,26.675927093343038,-20.943409015907957,1,TRAILING_STOP,Candlestick Patterns
2025-12-23 21:00:00,2025-12-23 21:15:00,2025-12-23 21:45:00,SHORT,87096.43,-3.2997092992229007,-11.2997092992229,26.7002907007771,-18.891704286847137,2,TRAILING_STOP,Candlestick Patterns
2025-12-24 00:00:00,2025-12-24 00:15:00,2025-12-24 02:00:00,SHORT,86846.68,-24.858755683004325,-32.858755683004325,5.141244316995674,-37.793039411523985,7,TRAILING_STOP,Candlestick Patterns
2025-12-24 04:00:00,2025-12-24 04:15:00,2025-12-24 06:45:00,LONG,86808.74,59.132294743592915,51.132294743592915,68.11065337430249,0.0,10,TIME_EXIT,Candlestick Patterns
2025-12-24 09:00:00,2025-12-24 09:15:00,2025-12-24 09:30:00,LONG,86994.31,3.6440751124990065,-4.3559248875009935,23.644075112499007,-12.589329118192223,1,TRAILING_STOP,Candlestick Patterns
2025-12-24 17:30:00,2025-12-24 17:45:00,2025-12-24 20:15:00,SHORT,87826.19,14.369290071674188,6.369290071674188,36.17030409721727,0.0,10,TIME_EXIT,Candlestick Patterns
2025-12-24 20:30:00,2025-12-24 20:45:00,2025-12-24 22:30:00,LONG,87746.26,5.213610243901595,-2.786389756098405,25.213610243901595,-1.487242875079617,7,TRAILING_STOP,Candlestick Patterns
2025-12-24 23:15:00,2025-12-24 23:30:00,2025-12-25 02:00:00,SHORT,87773.34,1.738568909419963,-6.261431090580037,11.754138557333953,-7.882803593893354,10,TIME_EXIT,Candlestick Patterns
2025-12-25 07:45:00,2025-12-25 08:00:00,2025-12-25 10:15:00,LONG,87514.24,103.23708690151454,95.23708690151454,123.23708690151454,0.0,9,TRAILING_STOP,Candlestick Patterns
2025-12-25 10:45:00,2025-12-25 11:00:00,2025-12-25 13:30:00,LONG,88422.03,-26.941249822018467,-34.94124982201846,0.0,-48.49696393534422,10,TIME_EXIT,Candlestick Patterns
2025-12-25 14:30:00,2025-12-25 14:45:00,2025-12-25 15:30:00,SHORT,88114.58,16.82312507192359,8.823125071923592,46.82312507192359,0.0,3,TRAILING_STOP,Candlestick Patterns
2025-12-25 17:15:00,2025-12-25 17:30:00,2025-12-25 17:45:00,LONG,87649.99,-14.78722131057998,-22.78722131057998,5.212778689420019,-21.247007558130978,1,TRAILING_STOP,Candlestick Patterns
2025-12-25 22:30:00,2025-12-25 22:45:00,2025-12-25 23:00:00,SHORT,88720.01,-29.283138042928467,-37.28313804292847,0.7168619570715312,-40.775468803487435,1,TRAILING_STOP,Candlestick Patterns
2025-12-26 04:15:00,2025-12-26 04:30:00,2025-12-26 07:00:00,SHORT,88811.77,8.396409620032005,0.39640962003200464,31.5014552688235,-6.84706542837708,10,TIME_EXIT,Candlestick Patterns
2025-12-26 07:30:00,2025-12-26 07:45:00,2025-12-26 09:00:00,LONG,88833.7,4.348867603173449,-3.6511323968265508,24.34886760317345,-62.90405555549334,5,TRAILING_STOP,Candlestick Patterns
2025-12-26 16:30:00,2025-12-26 16:45:00,2025-12-26 19:15:00,SHORT,87471.0,7.994649655313534,-0.005350344686466002,24.916829577802595,-9.041853871568463,10,TIME_EXIT,Candlestick Patterns
2025-12-26 19:30:00,2025-12-26 19:45:00,2025-12-26 22:15:00,LONG,87394.9,13.652970596683216,5.652970596683216,15.687414254150509,-0.9073756020080137,10,TIME_EXIT,Candlestick Patterns
2025-12-26 22:30:00,2025-12-26 22:45:00,2025-12-27 01:15:00,SHORT,87499.54,3.4880183370094886,-4.511981662990511,9.326906175735392,-7.595468501892285,10,TIME_EXIT,Candlestick Patterns
2025-12-27 01:45:00,2025-12-27 02:00:00,2025-12-27 04:30:00,SHORT,87592.67,5.663715925088319,-2.3362840749116813,8.498428007731963,-9.627517919022418,10,TIME_EXIT,Candlestick Patterns
2025-12-27 04:45:00,2025-12-27 05:00:00,2025-12-27 07:30:00,SHORT,87542.82,11.259632714596922,3.259632714596922,16.208068234495297,-0.8167431663720883,10,TIME_EXIT,Candlestick Patterns
2025-12-27 09:30:00,2025-12-27 09:45:00,2025-12-27 12:15:00,LONG,87551.99,1.2095670241186416,-6.790432975881359,4.34027827351497,-12.553683816895935,10,TIME_EXIT,Candlestick Patterns
2025-12-27 14:15:00,2025-12-27 14:30:00,2025-12-27 16:45:00,LONG,87569.39,24.034793436382344,16.034793436382344,44.034793436382344,-5.208440986056952,9,TRAILING_STOP,Candlestick Patterns
2025-12-27 19:00:00,2025-12-27 19:15:00,2025-12-27 21:45:00,LONG,87885.99,-13.241243570221581,-21.24124357022158,6.758756429778418,-18.264572089363057,10,TRAILING_STOP,Candlestick Patterns
2025-12-27 22:30:00,2025-12-27 22:45:00,2025-12-28 01:15:00,LONG,87813.93,-9.329954826072926,-17.329954826072928,0.0,-22.677495472529177,10,TIME_EXIT,Candlestick Patterns
2025-12-28 03:00:00,2025-12-28 03:15:00,2025-12-28 05:45:00,LONG,87836.6,6.324242969330365,-1.6757570306696348,19.74120127600501,-13.274648608894903,10,TIME_EXIT,Candlestick Patterns
2025-12-28 07:30:00,2025-12-28 07:45:00,2025-12-28 10:15:00,SHORT,87860.45,2.752091526960426,-5.247908473039574,4.128137290442296,-25.9843877421528,10,TIME_EXIT,Candlestick Patterns
2025-12-28 12:45:00,2025-12-28 13:00:00,2025-12-28 15:30:00,LONG,87717.94,-18.423825274510616,-26.423825274510616,0.0,-32.255659446631135,10,TIME_EXIT,Candlestick Patterns
2025-12-28 16:00:00,2025-12-28 16:15:00,2025-12-28 17:30:00,LONG,87587.23,32.78166691651316,24.78166691651316,52.78166691651316,-12.065685831141481,5,TRAILING_STOP,Candlestick Patterns
2025-12-28 20:00:00,2025-12-28 20:15:00,2025-12-28 20:45:00,LONG,88304.04,102.27073642383878,94.27073642383878,122.27073642383878,0.0,2,TRAILING_STOP,Candlestick Patterns
2025-12-28 23:45:00,2025-12-29 00:00:00,2025-12-29 02:30:00,SHORT,90069.41,45.53377223188315,37.53377223188315,65.36625475841355,-6.758121319990365,10,TIME_EXIT,Candlestick Patterns
2025-12-29 02:30:00,2025-12-29 02:45:00,2025-12-29 03:15:00,LONG,89659.3,-3.7930922949434525,-11.793092294943452,16.206907705056548,-23.960704578331722,2,TRAILING_STOP,Candlestick Patterns
2025-12-29 05:30:00,2025-12-29 05:45:00,2025-12-29 08:15:00,LONG,87783.91,-45.13355579627259,-53.13355579627259,0.0,-111.3427278415832,10,TIME_EXIT,Candlestick Patterns
2025-12-29 08:15:00,2025-12-29 08:30:00,2025-12-29 09:15:00,LONG,87387.7,71.89050632983924,63.89050632983924,91.89050632983924,-9.924737691917274,3,TRAILING_STOP,Candlestick Patterns
2025-12-29 19:45:00,2025-12-29 20:00:00,2025-12-29 21:45:00,SHORT,87192.64,9.79464321759221,1.7946432175922098,39.79464321759221,-18.806633220418135,7,TRAILING_STOP,Candlestick Patterns
2025-12-30 00:00:00,2025-12-30 00:15:00,2025-12-30 02:45:00,LONG,87239.15,92.9779462546346,84.9779462546346,112.9779462546346,0.0,10,TRAILING_STOP,Candlestick Patterns
2025-12-30 08:15:00,2025-12-30 08:30:00,2025-12-30 08:45:00,LONG,88110.02,11.61274960554924,3.61274960554924,31.61274960554924,-10.216772167343064,1,TRAILING_STOP,Candlestick Patterns
2025-12-30 13:15:00,2025-12-30 13:30:00,2025-12-30 14:15:00,LONG,88304.01,-6.613291967147767,-14.613291967147767,13.386708032852233,-30.97254586739606,3,TRAILING_STOP,Candlestick Patterns
