signal_time,entry_time,exit_time,direction,entry_price,gross_profit_bps,net_profit_bps,mfe_bps,mae_bps,exit_bar,exit_reason,strategy
2024-01-01 05:45:00,2024-01-01 06:00:00,2024-01-01 08:30:00,LONG,42234.01,61.30130669571784,53.30130669571784,71.86625186668203,0.0,10,TIME_EXIT,MACD Divergence
2024-01-01 08:30:00,2024-01-01 08:45:00,2024-01-01 11:15:00,SHORT,42492.91,-44.28738817840318,-52.28738817840318,0.0,-63.417638377789594,10,TIME_EXIT,MACD Divergence
2024-01-01 11:15:00,2024-01-01 11:30:00,2024-01-01 12:30:00,SHORT,42681.11,-12.826126124647903,-20.826126124647903,17.173873875352097,-23.169500512053087,4,TRAILING_STOP,MACD Divergence
2024-01-01 15:00:00,2024-01-01 15:15:00,2024-01-01 16:15:00,LONG,42650.0,28.30011723329425,20.30011723329425,48.30011723329425,-11.465416178194948,4,TRAILING_STOP,MACD Divergence
2024-01-01 17:45:00,2024-01-01 18:00:00,2024-01-01 20:30:00,SHORT,42812.71,-230.60675206031127,-238.60675206031127,0.0,-230.60675206031127,10,TIME_EXIT,MACD Divergence
2024-01-01 20:45:00,2024-01-01 21:00:00,2024-01-01 21:45:00,SHORT,43687.85,17.402195347218168,9.402195347218168,47.40219534721817,-23.974629101683412,3,TRAILING_STOP,MACD Divergence
2024-01-01 23:30:00,2024-01-01 23:45:00,2024-01-02 02:15:00,SHORT,44084.86,-230.26726182185843,-238.26726182185843,0.0,-292.14791654096217,10,TIME_EXIT,MACD Divergence
2024-01-02 02:30:00,2024-01-02 02:45:00,2024-01-02 03:15:00,SHORT,45294.75,6.130015067971776,-1.869984932028224,36.130015067971776,-38.56517587579141,2,TRAILING_STOP,MACD Divergence
2024-01-02 07:15:00,2024-01-02 07:30:00,2024-01-02 08:00:00,SHORT,45461.1,-0.41426626280490453,-8.414266262804905,29.585733737195095,-45.21887943758504,2,TRAILING_STOP,MACD Divergence
2024-01-02 11:30:00,2024-01-02 11:45:00,2024-01-02 12:00:00,LONG,45245.99,33.7086269965586,25.7086269965586,53.7086269965586,0.0,1,TRAILING_STOP,MACD Divergence
2024-01-02 14:15:00,2024-01-02 14:30:00,2024-01-02 14:45:00,SHORT,45638.04,116.37789002332283,108.37789002332283,146.37789002332283,0.0,1,TRAILING_STOP,MACD Divergence
2024-01-02 19:15:00,2024-01-02 19:30:00,2024-01-02 20:15:00,LONG,44873.99,48.31574370810462,40.31574370810462,68.31574370810462,0.0,3,TRAILING_STOP,MACD Divergence
2024-01-03 02:00:00,2024-01-03 02:15:00,2024-01-03 04:45:00,SHORT,45274.51,20.112862624025073,12.112862624025073,35.101429038106765,-17.59268073801383,10,TIME_EXIT,MACD Divergence
2024-01-03 07:00:00,2024-01-03 07:15:00,2024-01-03 08:15:00,SHORT,45353.77,61.026611459200964,53.026611459200964,91.02661145920096,-3.391118312767529,4,TRAILING_STOP,MACD Divergence
2024-01-03 18:45:00,2024-01-03 19:00:00,2024-01-03 19:30:00,LONG,42255.72,158.76396378999038,150.76396378999038,178.76396378999038,0.0,2,TRAILING_STOP,MACD Divergence
2024-01-04 00:15:00,2024-01-04 00:30:00,2024-01-04 02:00:00,SHORT,42890.35,34.485367920756474,26.485367920756474,64.48536792075647,-10.827610406537211,6,TRAILING_STOP,MACD Divergence
2024-01-04 03:00:00,2024-01-04 03:15:00,2024-01-04 04:15:00,SHORT,43155.23,16.2817600555027,8.281760055502701,46.2817600555027,0.0,4,TRAILING_STOP,MACD Divergence
2024-01-04 05:45:00,2024-01-04 06:00:00,2024-01-04 07:30:00,SHORT,43183.74,55.04358353398756,47.04358353398756,85.04358353398756,-18.03919716078354,6,TRAILING_STOP,MACD Divergence
2024-01-04 10:15:00,2024-01-04 10:30:00,2024-01-04 11:00:00,LONG,42786.61,64.93545060008171,56.93545060008171,84.93545060008171,0.0,2,TRAILING_STOP,MACD Divergence
2024-01-04 13:00:00,2024-01-04 13:15:00,2024-01-04 13:45:00,SHORT,43299.32,0.4970147337193538,-7.502985266280646,30.497014733719354,-42.84593845815519,2,TRAILING_STOP,MACD Divergence
2024-01-04 19:15:00,2024-01-04 19:30:00,2024-01-04 20:15:00,SHORT,44384.21,81.14538255834624,73.14538255834624,111.14538255834624,0.0,3,TRAILING_STOP,MACD Divergence
2024-01-04 22:15:00,2024-01-04 22:30:00,2024-01-04 22:45:00,SHORT,44469.34,41.66735553079877,33.66735553079877,71.66735553079877,0.0,1,TRAILING_STOP,MACD Divergence
2024-01-05 08:15:00,2024-01-05 08:30:00,2024-01-05 09:00:00,SHORT,43887.6,-13.32102917452832,-21.32102917452832,16.67897082547168,-99.61811536743964,2,TRAILING_STOP,MACD Divergence
2024-01-05 17:00:00,2024-01-05 17:15:00,2024-01-05 18:00:00,LONG,43319.81,55.044188790302584,47.044188790302584,75.04418879030258,0.0,3,TRAILING_STOP,MACD Divergence
2024-01-05 19:45:00,2024-01-05 20:00:00,2024-01-05 21:00:00,SHORT,43600.0,-25.529816513761936,-33.529816513761936,4.470183486238065,-173.72935779816495,4,TRAILING_STOP,MACD Divergence
2024-01-05 23:00:00,2024-01-05 23:15:00,2024-01-05 23:45:00,SHORT,44200.62,20.116944060966574,12.116944060966574,50.116944060966574,0.0,2,TRAILING_STOP,MACD Divergence
2024-01-06 04:45:00,2024-01-06 05:00:00,2024-01-06 07:30:00,LONG,43850.01,-47.0148125393822,-55.0148125393822,0.0,-103.29758191617269,10,TIME_EXIT,MACD Divergence
2024-01-06 10:30:00,2024-01-06 10:45:00,2024-01-06 13:15:00,SHORT,43722.86,14.734036154085935,6.734036154085935,44.734036154085935,-6.207279212750359,10,TRAILING_STOP,MACD Divergence
2024-01-06 13:45:00,2024-01-06 14:00:00,2024-01-06 16:30:00,SHORT,43704.08,-42.735140517772436,-50.735140517772436,0.0,-62.8545435574887,10,TIME_EXIT,MACD Divergence
2024-01-06 17:30:00,2024-01-06 17:45:00,2024-01-06 18:30:00,SHORT,43961.26,-12.43453440597445,-20.43453440597445,17.56546559402555,-27.010144841161956,3,TRAILING_STOP,MACD Divergence
2024-01-06 23:45:00,2024-01-07 00:00:00,2024-01-07 00:30:00,SHORT,43968.32,-18.00045123397891,-26.00045123397891,11.999548766021089,-52.692484043056524,2,TRAILING_STOP,MACD Divergence
2024-01-07 05:45:00,2024-01-07 06:00:00,2024-01-07 06:15:00,LONG,43885.48,26.149660434384863,18.149660434384863,46.14966043438486,0.0,1,TRAILING_STOP,MACD Divergence
2024-01-07 08:30:00,2024-01-07 08:45:00,2024-01-07 11:15:00,SHORT,44098.0,19.28794956687345,11.28794956687345,49.28794956687345,0.0,10,TRAILING_STOP,MACD Divergence
2024-01-07 12:30:00,2024-01-07 12:45:00,2024-01-07 13:00:00,SHORT,44127.99,-19.727608259520892,-27.727608259520892,10.27239174047911,-27.59473069133765,1,TRAILING_STOP,MACD Divergence
2024-01-07 17:00:00,2024-01-07 17:15:00,2024-01-07 19:00:00,LONG,44030.08,13.15006468305284,5.15006468305284,33.15006468305284,-20.22480994810886,7,TRAILING_STOP,MACD Divergence
2024-01-07 20:15:00,2024-01-07 20:30:00,2024-01-07 21:15:00,SHORT,44204.65,-8.690024691971466,-16.690024691971466,21.309975308028534,-10.032881156167631,3,TRAILING_STOP,MACD Divergence
2024-01-08 01:00:00,2024-01-08 01:15:00,2024-01-08 03:45:00,LONG,43806.72,-65.86204125759794,-73.86204125759794,0.0,-144.20618571762532,10,TIME_EXIT,MACD Divergence
2024-01-08 11:15:00,2024-01-08 11:30:00,2024-01-08 14:00:00,SHORT,44196.7,-176.46340111365862,-184.46340111365862,0.0,-227.0078987797738,10,TIME_EXIT,MACD Divergence
2024-01-08 15:30:00,2024-01-08 15:45:00,2024-01-08 16:45:00,SHORT,44982.64,11.942847285085591,3.942847285085591,41.94284728508559,-41.96730116329296,4,TRAILING_STOP,MACD Divergence
2024-01-08 18:15:00,2024-01-08 18:30:00,2024-01-08 21:00:00,SHORT,45998.81,-187.82442415358165,-195.82442415358165,0.0,-271.7852918368976,10,TIME_EXIT,MACD Divergence
2024-01-08 21:45:00,2024-01-08 22:00:00,2024-01-08 22:45:00,SHORT,47071.41,27.833406732452502,19.833406732452502,57.8334067324525,0.0,3,TRAILING_STOP,MACD Divergence
2024-01-09 08:45:00,2024-01-09 09:00:00,2024-01-09 09:15:00,LONG,46544.65,12.218525652249859,4.218525652249859,32.21852565224986,-29.38039065714319,1,TRAILING_STOP,MACD Divergence
2024-01-09 12:45:00,2024-01-09 13:00:00,2024-01-09 13:15:00,LONG,46166.36,125.69266452889087,117.69266452889087,145.69266452889087,0.0,1,TRAILING_STOP,MACD Divergence
2024-01-09 15:30:00,2024-01-09 15:45:00,2024-01-09 16:00:00,SHORT,46955.78,12.444188979502762,4.444188979502762,42.44418897950276,0.0,1,TRAILING_STOP,MACD Divergence
2024-01-09 21:15:00,2024-01-09 21:30:00,2024-01-09 21:45:00,LONG,45889.91,43.30803438054178,35.30803438054178,63.30803438054178,-138.7930375108614,1,TRAILING_STOP,MACD Divergence
2024-01-10 11:45:00,2024-01-10 12:00:00,2024-01-10 14:30:00,LONG,45515.88,-96.92441407262613,-104.92441407262613,0.0,-267.0540479498577,10,TIME_EXIT,MACD Divergence
2024-01-10 16:00:00,2024-01-10 16:15:00,2024-01-10 17:00:00,SHORT,45296.01,-14.766870194527069,-22.76687019452707,15.233129805472931,-60.73161852445646,3,TRAILING_STOP,MACD Divergence
2024-01-10 19:00:00,2024-01-10 19:15:00,2024-01-10 19:30:00,SHORT,46291.32,16.13823930706701,8.13823930706701,46.13823930706701,-19.150458444477596,1,TRAILING_STOP,MACD Divergence
2024-01-10 22:15:00,2024-01-10 22:30:00,2024-01-10 22:45:00,SHORT,46404.53,-29.023802202069746,-37.023802202069746,0.976197797930253,-117.32690752390002,1,TRAILING_STOP,MACD Divergence
2024-01-11 05:00:00,2024-01-11 05:15:00,2024-01-11 05:30:00,LONG,46280.11,-10.71955533381466,-18.71955533381466,9.28044466618534,-60.52492096496758,1,TRAILING_STOP,MACD Divergence
2024-01-11 12:00:00,2024-01-11 12:15:00,2024-01-11 12:30:00,SHORT,47016.52,-29.159869764925798,-37.1598697649258,0.8401302350742016,-67.39971397287735,1,TRAILING_STOP,MACD Divergence
2024-01-11 17:15:00,2024-01-11 17:30:00,2024-01-11 18:00:00,LONG,45823.99,138.43447940696612,130.43447940696612,158.43447940696612,0.0,2,TRAILING_STOP,MACD Divergence
2024-01-12 00:30:00,2024-01-12 00:45:00,2024-01-12 03:15:00,LONG,46426.22,-86.31329451331621,-94.31329451331621,0.0,-113.77622386659976,10,TIME_EXIT,MACD Divergence
2024-01-12 03:15:00,2024-01-12 03:30:00,2024-01-12 03:45:00,LONG,46025.49,14.563456032733548,6.563456032733548,34.56345603273355,-6.841860890562591,1,TRAILING_STOP,MACD Divergence
2024-01-12 07:15:00,2024-01-12 07:30:00,2024-01-12 08:00:00,LONG,46012.28,-17.259427265938445,-25.259427265938445,2.7405727340615553,-58.63434717862294,2,TRAILING_STOP,MACD Divergence
2024-01-12 11:30:00,2024-01-12 11:45:00,2024-01-12 12:45:00,SHORT,46065.49,56.403075273919114,48.403075273919114,86.40307527391911,-9.445248492961225,4,TRAILING_STOP,MACD Divergence
2024-01-12 18:00:00,2024-01-12 18:15:00,2024-01-12 19:30:00,LONG,43687.79,-12.627230628969986,-20.627230628969986,7.372769371030013,-94.55960120665307,5,TRAILING_STOP,MACD Divergence
2024-01-12 21:30:00,2024-01-12 21:45:00,2024-01-12 22:00:00,LONG,43270.99,23.21833172756206,15.21833172756206,43.21833172756206,-242.4233880482046,1,TRAILING_STOP,MACD Divergence
2024-01-13 06:00:00,2024-01-13 06:15:00,2024-01-13 06:45:00,SHORT,43045.96,-7.856226228895881,-15.856226228895881,22.14377377110412,-24.16951555964854,2,TRAILING_STOP,MACD Divergence
2024-01-13 11:30:00,2024-01-13 11:45:00,2024-01-13 12:00:00,LONG,42556.54,26.296056963276804,18.296056963276804,46.296056963276804,-5.76644623834571,1,TRAILING_STOP,MACD Divergence
2024-01-13 20:00:00,2024-01-13 20:15:00,2024-01-13 22:15:00,LONG,42824.0,30.441341303942195,22.441341303942195,50.441341303942195,-5.134971044273763,8,TRAILING_STOP,MACD Divergence
2024-01-14 01:00:00,2024-01-14 01:15:00,2024-01-14 02:00:00,LONG,42744.75,2.250685756730494,-5.749314243269506,22.250685756730494,-5.44862234543444,3,TRAILING_STOP,MACD Divergence
2024-01-14 03:45:00,2024-01-14 04:00:00,2024-01-14 06:30:00,LONG,42681.82,40.230243227678464,32.230243227678464,49.49179767873019,-27.941638852326832,10,TIME_EXIT,MACD Divergence
2024-01-14 07:15:00,2024-01-14 07:30:00,2024-01-14 09:45:00,SHORT,42989.99,9.927899494743187,1.927899494743187,39.92789949474319,-20.704819889467768,9,TRAILING_STOP,MACD Divergence
2024-01-14 10:00:00,2024-01-14 10:15:00,2024-01-14 11:15:00,SHORT,42994.5,24.695368012188418,16.695368012188418,54.69536801218842,-0.35120771261487804,4,TRAILING_STOP,MACD Divergence
2024-01-14 13:00:00,2024-01-14 13:15:00,2024-01-14 14:15:00,LONG,42797.0,28.659952800429934,20.659952800429934,48.659952800429934,-14.311750823655863,4,TRAILING_STOP,MACD Divergence
2024-01-14 16:15:00,2024-01-14 16:30:00,2024-01-14 19:00:00,SHORT,42890.36,15.96862325240403,7.968623252404029,21.06767115034721,-28.090228200461812,10,TIME_EXIT,MACD Divergence
2024-01-14 23:00:00,2024-01-14 23:15:00,2024-01-14 23:30:00,LONG,42035.99,0.46103826744702303,-7.538961732552977,20.461038267447023,-68.03455800612713,1,TRAILING_STOP,MACD Divergence
2024-01-15 04:00:00,2024-01-15 04:15:00,2024-01-15 05:00:00,SHORT,42621.11,-6.277013902265669,-14.277013902265669,23.72298609773433,-47.76271664440454,3,TRAILING_STOP,MACD Divergence
2024-01-15 10:00:00,2024-01-15 10:15:00,2024-01-15 11:45:00,SHORT,42679.32,2.6434441785857246,-5.356555821414275,32.643444178585725,-7.523550047189267,6,TRAILING_STOP,MACD Divergence
2024-01-15 12:45:00,2024-01-15 13:00:00,2024-01-15 13:45:00,LONG,42663.79,48.967149894558816,40.967149894558816,68.96714989455882,-1.4016570023439552,3,TRAILING_STOP,MACD Divergence
2024-01-15 15:45:00,2024-01-15 16:00:00,2024-01-15 17:30:00,LONG,42278.99,84.78254092635657,76.78254092635657,104.78254092635657,0.0,6,TRAILING_STOP,MACD Divergence
2024-01-15 18:45:00,2024-01-15 19:00:00,2024-01-15 19:45:00,SHORT,43015.82,14.16514668324426,6.165146683244259,44.16514668324426,-27.427118674014164,3,TRAILING_STOP,MACD Divergence
2024-01-16 04:15:00,2024-01-16 04:30:00,2024-01-16 05:15:00,SHORT,42856.96,-6.286232154591136,-14.286232154591136,23.713767845408864,-7.515698733647726,3,TRAILING_STOP,MACD Divergence
2024-01-16 07:30:00,2024-01-16 07:45:00,2024-01-16 09:00:00,LONG,42781.3,45.64316652369013,37.64316652369013,65.64316652369013,-14.314665519749338,5,TRAILING_STOP,MACD Divergence
2024-01-16 12:45:00,2024-01-16 13:00:00,2024-01-16 14:00:00,SHORT,43156.11,75.68839499204182,67.68839499204182,105.68839499204182,0.0,4,TRAILING_STOP,MACD Divergence
2024-01-16 15:30:00,2024-01-16 15:45:00,2024-01-16 16:30:00,SHORT,43118.01,-5.205256457799543,-13.205256457799543,24.794743542200457,-73.28492200822764,3,TRAILING_STOP,MACD Divergence
2024-01-16 21:00:00,2024-01-16 21:15:00,2024-01-16 23:45:00,SHORT,43328.62,44.00555568121152,36.00555568121152,49.99466865088309,-57.55779897905804,10,TIME_EXIT,MACD Divergence
2024-01-17 00:30:00,2024-01-17 00:45:00,2024-01-17 01:30:00,LONG,43074.06,8.773698137580329,0.7736981375803289,28.77369813758033,-2.4353404345905547,3,TRAILING_STOP,MACD Divergence
2024-01-17 03:30:00,2024-01-17 03:45:00,2024-01-17 04:15:00,LONG,42917.55,-19.17283255917553,-27.17283255917553,0.8271674408244726,-22.335850951417445,2,TRAILING_STOP,MACD Divergence
2024-01-17 06:15:00,2024-01-17 06:30:00,2024-01-17 07:30:00,LONG,42815.25,-8.363959103356933,-16.363959103356933,11.636040896643067,-22.24674619440503,4,TRAILING_STOP,MACD Divergence
2024-01-17 11:00:00,2024-01-17 11:15:00,2024-01-17 12:30:00,SHORT,42781.21,56.535654321137514,48.535654321137514,86.53565432113751,-11.404539516297195,5,TRAILING_STOP,MACD Divergence
2024-01-17 14:30:00,2024-01-17 14:45:00,2024-01-17 15:15:00,LONG,42733.69,-11.971205856550728,-19.97120585655073,8.028794143449272,-59.531484409607835,2,TRAILING_STOP,MACD Divergence
2024-01-17 20:00:00,2024-01-17 20:15:00,2024-01-17 20:45:00,SHORT,42665.81,-5.033873726996671,-13.03387372699667,24.96612627300333,-49.37677264301452,2,TRAILING_STOP,MACD Divergence
2024-01-18 06:15:00,2024-01-18 06:30:00,2024-01-18 07:00:00,SHORT,42802.0,-22.061118639315172,-30.061118639315172,7.938881360684828,-27.43329750946177,2,TRAILING_STOP,MACD Divergence
2024-01-18 11:30:00,2024-01-18 11:45:00,2024-01-18 12:00:00,LONG,42513.5,-12.028414503628396,-20.028414503628397,7.971585496371604,-19.146859232949875,1,TRAILING_STOP,MACD Divergence
2024-01-18 16:30:00,2024-01-18 16:45:00,2024-01-18 17:30:00,LONG,42132.63,-9.139059204231485,-17.139059204231486,10.860940795768515,-114.83023965036071,3,TRAILING_STOP,MACD Divergence
2024-01-18 19:15:00,2024-01-18 19:30:00,2024-01-18 22:00:00,LONG,41543.98,-68.57792633252795,-76.57792633252795,0.0,-207.17803157039944,10,TIME_EXIT,MACD Divergence
2024-01-19 00:45:00,2024-01-19 01:00:00,2024-01-19 01:30:00,SHORT,41290.5,10.772090432423568,2.7720904324235676,40.77209043242357,-2.3128806868415035,2,TRAILING_STOP,MACD Divergence
2024-01-19 07:00:00,2024-01-19 07:15:00,2024-01-19 08:45:00,SHORT,41411.1,34.66140720724559,26.66140720724559,64.66140720724559,-13.790988406490188,6,TRAILING_STOP,MACD Divergence
2024-01-19 12:00:00,2024-01-19 12:15:00,2024-01-19 13:45:00,SHORT,41367.05,-4.172680913914874,-12.172680913914874,25.827319086085126,-15.183582102179795,6,TRAILING_STOP,MACD Divergence
2024-01-19 15:30:00,2024-01-19 15:45:00,2024-01-19 16:00:00,LONG,40840.83,7.609624975788876,-0.39037502421112436,27.609624975788876,-9.062009758372206,1,TRAILING_STOP,MACD Divergence
2024-01-19 20:15:00,2024-01-19 20:30:00,2024-01-19 21:00:00,SHORT,41908.0,63.156437911616266,55.156437911616266,93.15643791161627,-13.746778658012929,2,TRAILING_STOP,MACD Divergence
2024-01-20 00:00:00,2024-01-20 00:15:00,2024-01-20 00:30:00,LONG,41603.69,-15.120625117628837,-23.120625117628837,4.879374882371163,-35.4271460055585,1,TRAILING_STOP,MACD Divergence
2024-01-20 08:15:00,2024-01-20 08:30:00,2024-01-20 09:00:00,LONG,41585.97,-6.271812344404493,-14.271812344404493,13.728187655595507,-12.21084899546622,2,TRAILING_STOP,MACD Divergence
2024-01-20 11:00:00,2024-01-20 11:15:00,2024-01-20 13:45:00,LONG,41527.37,25.465132995419644,17.465132995419644,41.57017408037093,-0.02167245361403419,10,TIME_EXIT,MACD Divergence
2024-01-20 14:15:00,2024-01-20 14:30:00,2024-01-20 15:30:00,LONG,41559.99,10.928785112797396,2.928785112797396,30.928785112797396,-19.728108692999676,4,TRAILING_STOP,MACD Divergence
2024-01-20 19:45:00,2024-01-20 20:00:00,2024-01-20 22:30:00,SHORT,41632.97,-42.8290366985583,-50.8290366985583,0.0,-57.54814033204849,10,TIME_EXIT,MACD Divergence
2024-01-21 01:00:00,2024-01-21 01:15:00,2024-01-21 03:45:00,LONG,41673.99,1.6389119448369946,-6.361088055163005,13.44003777896046,-6.838798012861259,10,TIME_EXIT,MACD Divergence
2024-01-21 04:15:00,2024-01-21 04:30:00,2024-01-21 06:45:00,LONG,41660.79,-12.722173535355495,-20.722173535355495,7.277826464644504,-23.16326694717023,9,TRAILING_STOP,MACD Divergence
2024-01-21 07:15:00,2024-01-21 07:30:00,2024-01-21 10:00:00,LONG,41630.0,19.714148450636493,11.714148450636493,31.227480182560654,0.0,10,TIME_EXIT,MACD Divergence
2024-01-21 10:00:00,2024-01-21 10:15:00,2024-01-21 12:45:00,SHORT,41712.07,-5.734551174275996,-13.734551174275996,6.249989511429116,-27.545983692490317,10,TIME_EXIT,MACD Divergence
2024-01-21 13:00:00,2024-01-21 13:15:00,2024-01-21 15:45:00,SHORT,41802.0,34.85957609683775,26.85957609683775,47.12693172575475,-18.99191426247534,10,TIME_EXIT,MACD Divergence
2024-01-21 16:30:00,2024-01-21 16:45:00,2024-01-21 19:15:00,LONG,41628.0,7.588642260016457,-0.41135773998354264,24.447487268184105,-6.872777937926536,10,TIME_EXIT,MACD Divergence
2024-01-21 20:30:00,2024-01-21 20:45:00,2024-01-21 21:45:00,SHORT,41717.88,-6.602358509109141,-14.602358509109141,23.39764149089086,-22.34533490196558,4,TRAILING_STOP,MACD Divergence
2024-01-21 23:45:00,2024-01-22 00:00:00,2024-01-22 00:15:00,LONG,41580.32,-0.837088314856576,-8.837088314856576,19.162911685143424,-11.71948652631899,1,TRAILING_STOP,MACD Divergence
2024-01-22 02:30:00,2024-01-22 02:45:00,2024-01-22 05:15:00,LONG,41363.91,-85.29174345462091,-93.29174345462091,0.0,-164.37275876482744,10,TIME_EXIT,MACD Divergence
2024-01-22 09:45:00,2024-01-22 10:00:00,2024-01-22 10:15:00,LONG,40744.86,-0.009748468887345041,-8.009748468887345,19.990251531112655,-93.31974634346594,1,TRAILING_STOP,MACD Divergence
2024-01-22 15:15:00,2024-01-22 15:30:00,2024-01-22 16:00:00,LONG,40455.16,83.77662577530144,75.77662577530144,103.77662577530144,0.0,2,TRAILING_STOP,MACD Divergence
2024-01-22 18:45:00,2024-01-22 19:00:00,2024-01-22 20:15:00,LONG,40316.0,-13.258259747990799,-21.2582597479908,6.7417402520092,-219.37196150411702,5,TRAILING_STOP,MACD Divergence
2024-01-23 03:15:00,2024-01-23 03:30:00,2024-01-23 04:15:00,SHORT,40000.0,-24.8799999999992,-32.8799999999992,5.1200000000007995,-44.18499999999949,3,TRAILING_STOP,MACD Divergence
2024-01-23 09:30:00,2024-01-23 09:45:00,2024-01-23 10:30:00,LONG,39093.54,-5.55771618533417,-13.55771618533417,14.44228381466583,-60.987058219848656,3,TRAILING_STOP,MACD Divergence
2024-01-23 14:00:00,2024-01-23 14:15:00,2024-01-23 14:30:00,LONG,38725.0,11.245965138799225,3.2459651387992245,31.245965138799225,-39.5377663008394,1,TRAILING_STOP,MACD Divergence
2024-01-23 17:00:00,2024-01-23 17:15:00,2024-01-23 19:00:00,SHORT,39316.49,55.30517347810027,47.30517347810027,85.30517347810027,-85.93086514080952,7,TRAILING_STOP,MACD Divergence
2024-01-23 23:00:00,2024-01-23 23:15:00,2024-01-24 01:45:00,SHORT,39586.67,-46.303465282632494,-54.303465282632494,0.0,-167.56398050151773,10,TIME_EXIT,MACD Divergence
2024-01-24 04:15:00,2024-01-24 04:30:00,2024-01-24 04:45:00,LONG,39666.0,0.4482428276106951,-7.551757172389305,20.448242827610695,-4.684112338022928,1,TRAILING_STOP,MACD Divergence
2024-01-24 10:15:00,2024-01-24 10:30:00,2024-01-24 12:00:00,SHORT,40161.35,-14.724119084642687,-22.724119084642687,15.275880915357313,-98.01712342837116,6,TRAILING_STOP,MACD Divergence
2024-01-24 14:15:00,2024-01-24 14:30:00,2024-01-24 14:45:00,LONG,39972.76,6.828270051904834,-1.171729948095166,26.828270051904834,-38.028397338588086,1,TRAILING_STOP,MACD Divergence
2024-01-24 18:15:00,2024-01-24 18:30:00,2024-01-24 18:45:00,LONG,39766.0,3.135341749233014,-4.864658250766986,23.135341749233014,-9.052959814917266,1,TRAILING_STOP,MACD Divergence
2024-01-24 21:00:00,2024-01-24 21:15:00,2024-01-24 23:45:00,LONG,39691.9,101.74020392069896,93.74020392069896,121.74020392069896,-9.168117424461771,10,TRAILING_STOP,MACD Divergence
2024-01-24 23:45:00,2024-01-25 00:00:00,2024-01-25 00:30:00,SHORT,40084.89,-11.81609080129709,-19.81609080129709,18.18390919870291,-19.735616088755783,2,TRAILING_STOP,MACD Divergence
2024-01-25 04:00:00,2024-01-25 04:15:00,2024-01-25 05:00:00,LONG,39963.19,-10.964184791053823,-18.964184791053825,9.035815208946177,-33.328170248671924,3,TRAILING_STOP,MACD Divergence
2024-01-25 08:15:00,2024-01-25 08:30:00,2024-01-25 10:45:00,SHORT,40083.11,1.3523576389153078,-6.647642361084692,31.352357638915308,-11.698194077255836,9,TRAILING_STOP,MACD Divergence
2024-01-25 11:00:00,2024-01-25 11:15:00,2024-01-25 13:45:00,SHORT,40207.47,88.34368091302481,80.34368091302481,118.34368091302481,-19.28248656282,10,TRAILING_STOP,MACD Divergence
2024-01-25 13:45:00,2024-01-25 14:00:00,2024-01-25 14:30:00,LONG,39913.84,24.182669470039926,16.182669470039926,44.182669470039926,0.0,2,TRAILING_STOP,MACD Divergence
2024-01-25 17:00:00,2024-01-25 17:15:00,2024-01-25 18:15:00,LONG,39618.95,87.51420721649778,79.51420721649778,107.51420721649778,0.0,4,TRAILING_STOP,MACD Divergence
2024-01-25 23:15:00,2024-01-25 23:30:00,2024-01-26 02:00:00,SHORT,39909.12,-8.300699188554944,-16.300699188554944,21.699300811445056,-47.82866673081174,10,TRAILING_STOP,MACD Divergence
2024-01-26 02:00:00,2024-01-26 02:15:00,2024-01-26 04:45:00,SHORT,40062.23,-21.723703348515254,-29.723703348515254,0.0,-45.62152431354839,10,TIME_EXIT,MACD Divergence
2024-01-26 09:00:00,2024-01-26 09:15:00,2024-01-26 09:30:00,SHORT,40192.01,-25.832505017788364,-33.832505017788364,4.167494982211638,-29.2147618394796,1,TRAILING_STOP,MACD Divergence
2024-01-26 12:30:00,2024-01-26 12:45:00,2024-01-26 14:00:00,SHORT,41214.95,42.89830510530696,34.89830510530696,72.89830510530696,-3.5933562942585033,5,TRAILING_STOP,MACD Divergence
2024-01-26 16:00:00,2024-01-26 16:15:00,2024-01-26 18:45:00,SHORT,41639.63,-111.76372124344157,-119.76372124344157,0.0,-133.08715759482146,10,TIME_EXIT,MACD Divergence
2024-01-26 18:45:00,2024-01-26 19:00:00,2024-01-26 19:45:00,SHORT,42105.0,10.13775086094288,2.13775086094288,40.13775086094288,-4.750029687685548,3,TRAILING_STOP,MACD Divergence
2024-01-26 22:45:00,2024-01-26 23:00:00,2024-01-26 23:45:00,LONG,41906.28,-17.785534769490674,-25.785534769490674,2.214465230509326,-25.35658140021067,3,TRAILING_STOP,MACD Divergence
2024-01-27 05:45:00,2024-01-27 06:00:00,2024-01-27 06:45:00,LONG,41762.49,-8.144863967641287,-16.144863967641285,11.855136032358713,-17.06076433660924,3,TRAILING_STOP,MACD Divergence
2024-01-27 08:30:00,2024-01-27 08:45:00,2024-01-27 11:15:00,LONG,41630.0,22.90655777083848,14.906557770838479,40.83593562334855,-56.60821522940271,10,TIME_EXIT,MACD Divergence
2024-01-27 11:15:00,2024-01-27 11:30:00,2024-01-27 14:00:00,SHORT,41725.36,-5.998749920911129,-13.998749920911129,2.7225648861988443,-19.573228367591856,10,TIME_EXIT,MACD Divergence
2024-01-27 14:15:00,2024-01-27 14:30:00,2024-01-27 15:30:00,SHORT,41773.02,-20.56328702114469,-28.56328702114469,9.436712978855313,-29.169545318965643,4,TRAILING_STOP,MACD Divergence
2024-01-27 19:00:00,2024-01-27 19:15:00,2024-01-27 20:15:00,SHORT,41848.07,-26.157528889623407,-34.15752888962341,3.8424711103765947,-36.066179396086916,4,TRAILING_STOP,MACD Divergence
2024-01-27 21:45:00,2024-01-27 22:00:00,2024-01-28 00:30:00,SHORT,42150.59,39.866583124932205,31.866583124932205,45.21644892752309,-11.722255845055429,10,TIME_EXIT,MACD Divergence
2024-01-28 01:15:00,2024-01-28 01:30:00,2024-01-28 03:45:00,SHORT,42180.47,-10.922450603323966,-18.922450603323966,19.077549396676034,-15.061472762157187,9,TRAILING_STOP,MACD Divergence
2024-01-28 05:15:00,2024-01-28 05:30:00,2024-01-28 07:00:00,SHORT,42668.91,57.94459478810215,49.94459478810215,87.94459478810215,0.0,6,TRAILING_STOP,MACD Divergence
2024-01-28 12:45:00,2024-01-28 13:00:00,2024-01-28 14:30:00,LONG,42417.04,9.93136720525504,1.9313672052550395,29.93136720525504,-41.68607710486157,6,TRAILING_STOP,MACD Divergence
2024-01-28 15:30:00,2024-01-28 15:45:00,2024-01-28 17:00:00,LONG,42214.15,13.294523281884302,5.294523281884302,33.2945232818843,-18.3753551830369,5,TRAILING_STOP,MACD Divergence
2024-01-28 19:00:00,2024-01-28 19:15:00,2024-01-28 21:45:00,LONG,42004.01,-5.813730641432931,-13.813730641432931,5.711359463060304,-76.72838855147423,10,TIME_EXIT,MACD Divergence
2024-01-28 22:30:00,2024-01-28 22:45:00,2024-01-29 00:00:00,LONG,41769.76,52.79189538077203,44.79189538077203,72.79189538077203,-3.966984727707248,5,TRAILING_STOP,MACD Divergence
2024-01-29 02:15:00,2024-01-29 02:30:00,2024-01-29 03:00:00,SHORT,42264.71,-17.535700588031887,-25.535700588031887,12.464299411968115,-28.2363229275686,2,TRAILING_STOP,MACD Divergence
2024-01-29 06:15:00,2024-01-29 06:30:00,2024-01-29 07:30:00,LONG,42188.55,-7.295131024887429,-15.295131024887429,12.704868975112571,-30.60783079769384,4,TRAILING_STOP,MACD Divergence
2024-01-29 09:00:00,2024-01-29 09:15:00,2024-01-29 09:30:00,LONG,42079.17,39.592430173884615,31.592430173884615,59.592430173884615,0.0,1,TRAILING_STOP,MACD Divergence
2024-01-29 12:00:00,2024-01-29 12:15:00,2024-01-29 12:45:00,SHORT,42320.5,51.638922035420194,43.638922035420194,81.6389220354202,0.0,2,TRAILING_STOP,MACD Divergence
2024-01-29 14:45:00,2024-01-29 15:00:00,2024-01-29 16:00:00,LONG,41951.86,182.16982036076573,174.16982036076573,202.16982036076573,0.0,4,TRAILING_STOP,MACD Divergence
2024-01-29 23:30:00,2024-01-29 23:45:00,2024-01-30 00:15:00,SHORT,43262.14,-0.35745342232308275,-8.357453422323083,29.642546577676917,-11.287005219806913,2,TRAILING_STOP,MACD Divergence
2024-01-30 02:15:00,2024-01-30 02:30:00,2024-01-30 05:00:00,SHORT,43515.94,19.273397288442492,11.273397288442492,25.650370875592394,-60.2216107476933,10,TIME_EXIT,MACD Divergence
2024-01-30 06:15:00,2024-01-30 06:30:00,2024-01-30 07:45:00,LONG,43357.01,0.5503100882645136,-7.4496899117354864,20.550310088264514,-14.463635753480032,5,TRAILING_STOP,MACD Divergence
2024-01-30 12:15:00,2024-01-30 12:30:00,2024-01-30 12:45:00,SHORT,43416.93,6.7460343234772395,-1.2539656765227605,36.74603432347724,-3.2637038132355864,1,TRAILING_STOP,MACD Divergence
2024-01-30 20:00:00,2024-01-30 20:15:00,2024-01-30 21:15:00,SHORT,43494.01,-28.691773878747366,-36.69177387874737,1.308226121252634,-61.15554762598297,4,TRAILING_STOP,MACD Divergence
2024-01-30 23:45:00,2024-01-31 00:00:00,2024-01-31 00:30:00,LONG,42941.1,6.4827868871550045,-1.5172131128449955,26.482786887155005,-20.31387179182553,2,TRAILING_STOP,MACD Divergence
2024-01-31 05:00:00,2024-01-31 05:15:00,2024-01-31 07:30:00,SHORT,42974.8,-14.735240187271186,-22.735240187271188,15.264759812728814,-20.12807505794093,9,TRAILING_STOP,MACD Divergence
2024-01-31 07:45:00,2024-01-31 08:00:00,2024-01-31 10:15:00,SHORT,43050.01,77.97674611457785,69.97674611457785,107.97674611457785,0.0,9,TRAILING_STOP,MACD Divergence
2024-01-31 11:00:00,2024-01-31 11:15:00,2024-01-31 12:45:00,LONG,42508.01,32.07253879915774,24.07253879915774,52.07253879915774,-3.2793819329585947,6,TRAILING_STOP,MACD Divergence
2024-01-31 17:15:00,2024-01-31 17:30:00,2024-01-31 17:45:00,SHORT,43552.31,-26.415804351135318,-34.41580435113532,3.5841956488646836,-44.266308721627134,1,TRAILING_STOP,MACD Divergence
2024-01-31 21:30:00,2024-01-31 21:45:00,2024-01-31 23:00:00,LONG,42430.54,41.24833669333395,33.24833669333395,61.24833669333395,-11.651984631824702,5,TRAILING_STOP,MACD Divergence
2024-02-01 00:30:00,2024-02-01 00:45:00,2024-02-01 01:00:00,LONG,42378.97,2.89579005813469,-5.10420994186531,22.89579005813469,-28.905846461110308,1,TRAILING_STOP,MACD Divergence
2024-02-01 04:30:00,2024-02-01 04:45:00,2024-02-01 05:15:00,LONG,42087.21,6.323911706193133,-1.6760882938068669,26.323911706193133,-13.970990236700327,2,TRAILING_STOP,MACD Divergence
2024-02-01 07:15:00,2024-02-01 07:30:00,2024-02-01 10:00:00,SHORT,42234.9,4.408676236951577,-3.5913237630484227,28.87422487090164,-15.413792858512402,10,TIME_EXIT,MACD Divergence
2024-02-01 10:15:00,2024-02-01 10:30:00,2024-02-01 12:00:00,SHORT,42258.0,44.094845946329826,36.094845946329826,74.09484594632983,-9.472762553835684,6,TRAILING_STOP,MACD Divergence
2024-02-01 13:15:00,2024-02-01 13:30:00,2024-02-01 15:30:00,LONG,42172.87,163.4662900580387,155.4662900580387,183.4662900580387,-5.422917624530324,8,TRAILING_STOP,MACD Divergence
2024-02-01 17:00:00,2024-02-01 17:15:00,2024-02-01 18:00:00,SHORT,42932.98,2.1966935442178013,-5.803306455782199,32.1966935442178,-55.02762678015828,3,TRAILING_STOP,MACD Divergence
2024-02-01 19:45:00,2024-02-01 20:00:00,2024-02-01 21:00:00,SHORT,43218.94,44.754262830139226,36.754262830139226,74.75426283013923,0.0,4,TRAILING_STOP,MACD Divergence
2024-02-02 00:15:00,2024-02-02 00:30:00,2024-02-02 03:00:00,SHORT,43284.01,52.213276912189976,44.213276912189976,56.605199009981284,-2.850937332284256,10,TIME_EXIT,MACD Divergence
2024-02-02 04:30:00,2024-02-02 04:45:00,2024-02-02 06:45:00,LONG,42993.19,44.640469804635615,36.640469804635615,64.64046980463561,-9.789922543547894,8,TRAILING_STOP,MACD Divergence
2024-02-02 08:45:00,2024-02-02 09:00:00,2024-02-02 09:45:00,LONG,43015.99,-4.866092818043116,-12.866092818043116,15.133907181956884,-12.155944800991648,3,TRAILING_STOP,MACD Divergence
2024-02-02 12:30:00,2024-02-02 12:45:00,2024-02-02 13:45:00,SHORT,43171.1,114.61294708728701,106.61294708728701,144.612947087287,0.0,4,TRAILING_STOP,MACD Divergence
2024-02-02 23:45:00,2024-02-03 00:00:00,2024-02-03 02:30:00,SHORT,43199.99,1.4884262704691116,-6.511573729530888,10.581020967828724,-41.67130594243288,10,TIME_EXIT,MACD Divergence
2024-02-03 03:45:00,2024-02-03 04:00:00,2024-02-03 05:15:00,LONG,43173.95,-8.696887822401491,-16.696887822401493,11.303112177598509,-14.670883715758348,5,TRAILING_STOP,MACD Divergence
2024-02-03 06:30:00,2024-02-03 06:45:00,2024-02-03 08:15:00,LONG,43113.76,-15.314720868697815,-23.314720868697815,4.6852791313021855,-18.664574836433,6,TRAILING_STOP,MACD Divergence
2024-02-03 09:15:00,2024-02-03 09:30:00,2024-02-03 11:00:00,LONG,43077.35,-8.873503128674281,-16.87350312867428,11.126496871325719,-10.49971736887156,6,TRAILING_STOP,MACD Divergence
2024-02-03 12:00:00,2024-02-03 12:15:00,2024-02-03 14:45:00,LONG,43018.13,5.611587486485214,-2.388412513514786,17.52516903919334,0.0,10,TIME_EXIT,MACD Divergence
2024-02-03 15:00:00,2024-02-03 15:15:00,2024-02-03 16:30:00,LONG,42970.31,31.12599839284435,23.12599839284435,51.12599839284435,0.0,5,TRAILING_STOP,MACD Divergence
2024-02-03 18:15:00,2024-02-03 18:30:00,2024-02-03 21:00:00,SHORT,43209.99,29.581122328424446,21.581122328424446,46.87573406057156,0.0,10,TIME_EXIT,MACD Divergence
2024-02-03 21:15:00,2024-02-03 21:30:00,2024-02-03 23:30:00,LONG,43047.15,-13.070389096606455,-21.070389096606455,6.929610903393546,-21.7947065020564,8,TRAILING_STOP,MACD Divergence
2024-02-04 00:00:00,2024-02-04 00:15:00,2024-02-04 02:45:00,LONG,42958.52,14.928354142555344,6.928354142555344,25.668947626688276,-18.275769276966425,10,TIME_EXIT,MACD Divergence
2024-02-04 03:00:00,2024-02-04 03:15:00,2024-02-04 05:45:00,SHORT,43039.65,34.21728568889479,26.21728568889479,41.1573978877615,-1.935424660749273,10,TIME_EXIT,MACD Divergence
2024-02-04 06:00:00,2024-02-04 06:15:00,2024-02-04 08:45:00,LONG,42920.01,-29.06802677818622,-37.06802677818622,0.0,-46.5843321098952,10,TIME_EXIT,MACD Divergence
2024-02-04 09:00:00,2024-02-04 09:15:00,2024-02-04 11:45:00,LONG,42745.91,73.50176894116771,65.50176894116771,87.29022262012842,0.0,10,TIME_EXIT,MACD Divergence
2024-02-04 12:00:00,2024-02-04 12:15:00,2024-02-04 14:45:00,SHORT,43073.89,46.406303215242325,38.406303215242325,51.97812410255944,-9.7205058563326,10,TIME_EXIT,MACD Divergence
2024-02-04 15:30:00,2024-02-04 15:45:00,2024-02-04 17:15:00,LONG,42919.22,-8.217400036627014,-16.217400036627012,11.782599963372986,-18.201635537645515,6,TRAILING_STOP,MACD Divergence
2024-02-04 18:15:00,2024-02-04 18:30:00,2024-02-04 21:00:00,LONG,42819.48,18.82578676807845,10.825786768078451,38.82578676807845,-64.94240471860044,10,TRAILING_STOP,MACD Divergence
2024-02-04 22:30:00,2024-02-04 22:45:00,2024-02-04 23:30:00,LONG,42505.65,14.548348278404994,6.548348278404994,34.548348278404994,0.0,3,TRAILING_STOP,MACD Divergence
2024-02-05 04:30:00,2024-02-05 04:45:00,2024-02-05 05:45:00,SHORT,42739.54,-7.178041691604339,-15.178041691604339,22.82195830839566,-8.82321148051643,4,TRAILING_STOP,MACD Divergence
2024-02-05 07:15:00,2024-02-05 07:30:00,2024-02-05 10:00:00,SHORT,42909.5,-62.440718255864155,-70.44071825586416,0.0,-76.26283223994639,10,TIME_EXIT,MACD Divergence
2024-02-05 10:00:00,2024-02-05 10:15:00,2024-02-05 12:45:00,SHORT,43177.43,-7.434970075801111,-15.434970075801111,22.56502992419889,-28.155913865183663,10,TRAILING_STOP,MACD Divergence
2024-02-05 12:45:00,2024-02-05 13:00:00,2024-02-05 15:30:00,SHORT,43255.35,112.20577338988092,104.20577338988092,125.72317643944616,-72.68696242199023,10,TIME_EXIT,MACD Divergence
2024-02-05 16:30:00,2024-02-05 16:45:00,2024-02-05 17:15:00,LONG,42581.11,27.24160549126038,19.24160549126038,47.24160549126038,0.0,2,TRAILING_STOP,MACD Divergence
2024-02-05 20:15:00,2024-02-05 20:30:00,2024-02-05 21:45:00,LONG,42432.98,9.201342917701329,1.2013429177013286,29.20134291770133,-15.829668338166568,5,TRAILING_STOP,MACD Divergence
2024-02-06 01:15:00,2024-02-06 01:30:00,2024-02-06 02:00:00,SHORT,42706.23,-16.833302775730097,-24.833302775730097,13.166697224269901,-28.080212184498198,2,TRAILING_STOP,MACD Divergence
2024-02-06 04:15:00,2024-02-06 04:30:00,2024-02-06 07:00:00,SHORT,42918.95,28.70367285313297,20.70367285313297,58.70367285313297,0.0,10,TRAILING_STOP,MACD Divergence
2024-02-06 08:00:00,2024-02-06 08:15:00,2024-02-06 08:45:00,SHORT,42963.59,-21.676673201658716,-29.676673201658716,8.323326798341284,-29.278279585109363,2,TRAILING_STOP,MACD Divergence
2024-02-06 10:45:00,2024-02-06 11:00:00,2024-02-06 12:00:00,LONG,42799.49,2.4862492520367034,-5.513750747963297,22.486249252036703,-21.843718231221438,4,TRAILING_STOP,MACD Divergence
2024-02-06 16:00:00,2024-02-06 16:15:00,2024-02-06 18:00:00,SHORT,43189.99,-9.55776326875721,-17.55776326875721,20.44223673124279,-48.62006219496815,7,TRAILING_STOP,MACD Divergence
2024-02-06 23:15:00,2024-02-06 23:30:00,2024-02-07 00:30:00,LONG,43110.45,-1.0834728006775833,-9.083472800677583,18.916527199322417,-14.200733232892233,4,TRAILING_STOP,MACD Divergence
2024-02-07 02:00:00,2024-02-07 02:15:00,2024-02-07 03:00:00,LONG,43094.77,-18.526503332073517,-26.526503332073517,1.4734966679264843,-26.891894306431944,3,TRAILING_STOP,MACD Divergence
2024-02-07 13:45:00,2024-02-07 14:00:00,2024-02-07 15:15:00,SHORT,43141.97,21.196085853289176,13.196085853289176,51.196085853289176,-42.43199835334308,5,TRAILING_STOP,MACD Divergence
2024-02-07 17:00:00,2024-02-07 17:15:00,2024-02-07 19:45:00,SHORT,43268.17,-80.26685667547366,-88.26685667547366,0.0,-102.11432561164519,10,TIME_EXIT,MACD Divergence
2024-02-07 20:00:00,2024-02-07 20:15:00,2024-02-07 22:45:00,SHORT,43837.74,-73.66939992800823,-81.66939992800823,0.0,-127.46095031358871,10,TIME_EXIT,MACD Divergence
2024-02-07 23:45:00,2024-02-08 00:00:00,2024-02-08 00:15:00,SHORT,44349.6,-28.73505059797595,-36.73505059797595,1.2649494020240502,-76.75379259339464,1,TRAILING_STOP,MACD Divergence
2024-02-08 05:15:00,2024-02-08 05:30:00,2024-02-08 06:00:00,LONG,44599.99,-12.423765117435929,-20.423765117435927,7.576234882564071,-22.775789860041332,2,TRAILING_STOP,MACD Divergence
2024-02-08 09:00:00,2024-02-08 09:15:00,2024-02-08 11:45:00,SHORT,44624.15,-16.76670592044884,-24.76670592044884,0.0,-58.454894939174984,10,TIME_EXIT,MACD Divergence
2024-02-08 12:00:00,2024-02-08 12:15:00,2024-02-08 13:00:00,SHORT,44841.1,22.429579113803754,14.429579113803754,52.429579113803754,0.0,3,TRAILING_STOP,MACD Divergence
2024-02-08 14:45:00,2024-02-08 15:00:00,2024-02-08 15:15:00,SHORT,45077.99,-13.142549168674563,-21.142549168674563,16.857450831325437,-81.19483588332179,1,TRAILING_STOP,MACD Divergence
2024-02-08 20:00:00,2024-02-08 20:15:00,2024-02-08 22:45:00,SHORT,45484.88,46.68144666974926,38.68144666974926,56.69576351525988,-19.289926674535636,10,TIME_EXIT,MACD Divergence
2024-02-09 00:30:00,2024-02-09 00:45:00,2024-02-09 02:15:00,LONG,45257.99,119.03401366256108,111.03401366256108,139.03401366256108,0.0,6,TRAILING_STOP,MACD Divergence
2024-02-09 07:30:00,2024-02-09 07:45:00,2024-02-09 08:00:00,SHORT,46309.59,-6.665740292669902,-14.665740292669902,23.334259707330098,-8.026415263016911,1,TRAILING_STOP,MACD Divergence
2024-02-09 10:45:00,2024-02-09 11:00:00,2024-02-09 11:30:00,SHORT,46779.53,-8.242620222990944,-16.242620222990944,21.757379777009056,-50.162966579613666,2,TRAILING_STOP,MACD Divergence
2024-02-09 14:00:00,2024-02-09 14:15:00,2024-02-09 14:30:00,SHORT,47586.66,108.74476586505654,100.74476586505654,138.74476586505654,0.0,1,TRAILING_STOP,MACD Divergence
2024-02-09 18:00:00,2024-02-09 18:15:00,2024-02-09 19:00:00,SHORT,47750.01,75.12458531422321,67.12458531422321,105.12458531422321,-70.21569210142549,3,TRAILING_STOP,MACD Divergence
2024-02-09 22:30:00,2024-02-09 22:45:00,2024-02-09 23:15:00,LONG,47231.1,-8.865387424810393,-16.865387424810393,11.134612575189607,-19.28813853583731,2,TRAILING_STOP,MACD Divergence
2024-02-10 01:15:00,2024-02-10 01:30:00,2024-02-10 03:45:00,LONG,47218.0,40.57012156381042,32.57012156381042,60.57012156381042,0.0,9,TRAILING_STOP,MACD Divergence
2024-02-10 06:45:00,2024-02-10 07:00:00,2024-02-10 09:30:00,LONG,47349.99,-36.35903618986957,-44.35903618986957,0.0,-63.43401550876792,10,TIME_EXIT,MACD Divergence
2024-02-10 09:45:00,2024-02-10 10:00:00,2024-02-10 10:30:00,LONG,47066.0,2.668168104364579,-5.331831895635421,22.66816810436458,-3.1445204606303725,2,TRAILING_STOP,MACD Divergence
2024-02-10 13:00:00,2024-02-10 13:15:00,2024-02-10 13:30:00,SHORT,47221.99,-5.318702155500937,-13.318702155500937,24.681297844499063,-5.931558581076748,1,TRAILING_STOP,MACD Divergence
2024-02-10 15:45:00,2024-02-10 16:00:00,2024-02-10 18:30:00,SHORT,47353.48,12.015919421340605,4.015919421340605,42.015919421340605,0.0,10,TRAILING_STOP,MACD Divergence
2024-02-10 18:45:00,2024-02-10 19:00:00,2024-02-10 21:30:00,SHORT,47329.38,-124.5780105296124,-132.5780105296124,0.0,-177.6106088860667,10,TIME_EXIT,MACD Divergence
2024-02-10 21:30:00,2024-02-10 21:45:00,2024-02-10 22:45:00,SHORT,47919.0,35.260126463407246,27.260126463407246,65.26012646340725,-7.303992153425572,4,TRAILING_STOP,MACD Divergence
2024-02-11 01:30:00,2024-02-11 01:45:00,2024-02-11 03:30:00,LONG,47695.32,137.15588028343194,129.15588028343194,157.15588028343194,-15.07695094612977,7,TRAILING_STOP,MACD Divergence
2024-02-11 08:45:00,2024-02-11 09:00:00,2024-02-11 10:15:00,LONG,48139.99,-2.633980605314097,-10.633980605314097,17.366019394685903,-10.38429796100871,5,TRAILING_STOP,MACD Divergence
2024-02-11 12:15:00,2024-02-11 12:30:00,2024-02-11 14:15:00,SHORT,48345.87,55.64330314047568,47.64330314047568,85.64330314047568,-2.922690190495565,7,TRAILING_STOP,MACD Divergence
2024-02-11 16:15:00,2024-02-11 16:30:00,2024-02-11 17:30:00,LONG,48102.01,40.76253362385456,32.76253362385456,60.76253362385456,-3.692153404816563,4,TRAILING_STOP,MACD Divergence
2024-02-11 19:30:00,2024-02-11 19:45:00,2024-02-11 22:00:00,SHORT,48319.67,42.12176738789772,34.12176738789772,72.12176738789772,-11.450823236168986,9,TRAILING_STOP,MACD Divergence
2024-02-12 04:00:00,2024-02-12 04:15:00,2024-02-12 05:45:00,LONG,48059.6,5.765923977728022,-2.234076022271978,25.765923977728022,-0.6928896620033762,6,TRAILING_STOP,MACD Divergence
2024-02-12 06:45:00,2024-02-12 07:00:00,2024-02-12 07:30:00,LONG,48149.43,28.357789489926773,20.357789489926773,48.35778948992677,0.0,2,TRAILING_STOP,MACD Divergence
2024-02-12 10:00:00,2024-02-12 10:15:00,2024-02-12 10:45:00,LONG,47969.53,0.9466300795532483,-7.053369920446752,20.94663007955325,-20.31914842609489,2,TRAILING_STOP,MACD Divergence
2024-02-12 16:00:00,2024-02-12 16:15:00,2024-02-12 17:00:00,SHORT,49637.75,7.441261942775114,-0.5587380572248861,37.441261942775114,-48.32209356789955,3,TRAILING_STOP,MACD Divergence
2024-02-13 02:45:00,2024-02-13 03:00:00,2024-02-13 05:00:00,LONG,49947.57,-15.289060108429933,-23.289060108429933,4.710939891570067,-44.69486703757519,8,TRAILING_STOP,MACD Divergence
2024-02-13 07:30:00,2024-02-13 07:45:00,2024-02-13 10:15:00,SHORT,49914.29,-34.88780467477338,-42.88780467477338,0.0,-66.65626216460238,10,TIME_EXIT,MACD Divergence
2024-02-13 13:30:00,2024-02-13 13:45:00,2024-02-13 14:00:00,LONG,49540.18,2.430277806823195,-5.569722193176805,22.430277806823195,-102.37750448222035,1,TRAILING_STOP,MACD Divergence
2024-02-13 17:00:00,2024-02-13 17:15:00,2024-02-13 18:00:00,LONG,48478.77,122.58406308575965,114.58406308575965,142.58406308575965,0.0,3,TRAILING_STOP,MACD Divergence
2024-02-13 19:45:00,2024-02-13 20:00:00,2024-02-13 22:30:00,SHORT,49036.74,-100.15143747320899,-108.15143747320899,0.0,-144.09603901074962,10,TIME_EXIT,MACD Divergence
2024-02-13 23:45:00,2024-02-14 00:00:00,2024-02-14 02:30:00,SHORT,49699.6,43.7631691200731,35.7631691200731,73.7631691200731,0.0,10,TRAILING_STOP,MACD Divergence
2024-02-14 04:15:00,2024-02-14 04:30:00,2024-02-14 07:00:00,LONG,49391.1,54.947146348228614,46.947146348228614,67.8219355308959,-14.304196505038652,10,TIME_EXIT,MACD Divergence
2024-02-14 08:00:00,2024-02-14 08:15:00,2024-02-14 10:45:00,SHORT,49761.11,-309.2555612203987,-317.2555612203987,0.0,-386.82617811379197,10,TIME_EXIT,MACD Divergence
2024-02-14 11:45:00,2024-02-14 12:00:00,2024-02-14 12:15:00,SHORT,51555.12,-3.0346859826911334,-11.034685982691133,26.965314017308867,-53.110146965034254,1,TRAILING_STOP,MACD Divergence
2024-02-14 14:30:00,2024-02-14 14:45:00,2024-02-14 15:15:00,SHORT,51757.98,63.075502560185924,55.075502560185924,93.07550256018592,-41.506643033594905,2,TRAILING_STOP,MACD Divergence
2024-02-14 19:15:00,2024-02-14 19:30:00,2024-02-14 20:30:00,LONG,51446.59,61.52532558523423,53.52532558523423,81.52532558523423,0.0,4,TRAILING_STOP,MACD Divergence
2024-02-14 23:00:00,2024-02-14 23:15:00,2024-02-15 00:15:00,SHORT,51772.06,-25.739014441380608,-33.739014441380604,4.260985558619393,-120.24825745778764,4,TRAILING_STOP,MACD Divergence
2024-02-15 07:30:00,2024-02-15 07:45:00,2024-02-15 09:15:00,LONG,51728.0,83.1085678935974,75.1085678935974,103.1085678935974,-15.078874110733066,6,TRAILING_STOP,MACD Divergence
2024-02-15 11:00:00,2024-02-15 11:15:00,2024-02-15 11:45:00,SHORT,52236.31,-15.601969204945922,-23.601969204945924,14.398030795054078,-50.12030903408088,2,TRAILING_STOP,MACD Divergence
2024-02-15 14:15:00,2024-02-15 14:30:00,2024-02-15 15:00:00,SHORT,52424.8,10.053562436099547,2.053562436099547,40.05356243609955,-74.73943629732487,2,TRAILING_STOP,MACD Divergence
2024-02-15 19:15:00,2024-02-15 19:30:00,2024-02-15 20:00:00,LONG,51866.82,16.474185230557858,8.474185230557858,36.47418523055786,-3.094463859554704,2,TRAILING_STOP,MACD Divergence
2024-02-15 22:00:00,2024-02-15 22:15:00,2024-02-15 22:30:00,LONG,51580.0,27.21209771229097,19.21209771229097,47.21209771229097,0.0,1,TRAILING_STOP,MACD Divergence
2024-02-16 00:45:00,2024-02-16 01:00:00,2024-02-16 02:00:00,SHORT,51914.08,-17.282833481782962,-25.282833481782962,12.717166518217038,-46.50376159993555,4,TRAILING_STOP,MACD Divergence
2024-02-16 03:30:00,2024-02-16 03:45:00,2024-02-16 06:15:00,SHORT,52319.99,30.581045600352756,22.581045600352756,59.31958320328437,-4.451453450201515,10,TIME_EXIT,MACD Divergence
2024-02-16 07:15:00,2024-02-16 07:30:00,2024-02-16 08:45:00,LONG,51944.42,-9.300101916625165,-17.300101916625167,10.699898083374835,-49.27959538291041,5,TRAILING_STOP,MACD Divergence
2024-02-16 12:45:00,2024-02-16 13:00:00,2024-02-16 13:45:00,SHORT,52383.45,18.353058074638767,10.353058074638767,48.35305807463877,-21.103993723208934,3,TRAILING_STOP,MACD Divergence
2024-02-16 22:00:00,2024-02-16 22:15:00,2024-02-16 23:15:00,SHORT,51911.02,-28.34909812983838,-36.34909812983838,1.6509018701616167,-38.56984509262218,4,TRAILING_STOP,MACD Divergence
2024-02-17 02:45:00,2024-02-17 03:00:00,2024-02-17 05:00:00,LONG,51935.84,3.432758572886158,-4.567241427113842,23.432758572886158,-7.395663572591917,8,TRAILING_STOP,MACD Divergence
2024-02-17 05:30:00,2024-02-17 05:45:00,2024-02-17 08:15:00,LONG,51890.26,-6.560098176421171,-14.560098176421171,13.439901823578829,-17.39440118434597,10,TRAILING_STOP,MACD Divergence
2024-02-17 08:15:00,2024-02-17 08:30:00,2024-02-17 11:00:00,LONG,51806.11,-14.301401900278517,-22.301401900278517,0.0,-59.08762499249617,10,TIME_EXIT,MACD Divergence
2024-02-17 13:15:00,2024-02-17 13:30:00,2024-02-17 16:00:00,LONG,51381.74,-110.20452012718916,-118.20452012718916,0.0,-147.27800187381703,10,TIME_EXIT,MACD Divergence
2024-02-17 18:45:00,2024-02-17 19:00:00,2024-02-17 21:30:00,SHORT,51263.96,-113.53980457225757,-121.53980457225757,0.0,-149.46562848441695,10,TIME_EXIT,MACD Divergence
2024-02-18 07:15:00,2024-02-18 07:30:00,2024-02-18 09:00:00,SHORT,51669.15,-24.631225789470513,-32.63122578947051,5.3687742105294864,-54.355451947631906,6,TRAILING_STOP,MACD Divergence
2024-02-18 10:00:00,2024-02-18 10:15:00,2024-02-18 11:45:00,SHORT,51963.25,28.146863408274392,20.146863408274392,58.14686340827439,0.0,6,TRAILING_STOP,MACD Divergence
2024-02-18 13:15:00,2024-02-18 13:30:00,2024-02-18 15:00:00,LONG,51617.25,44.18784417999791,36.18784417999791,64.18784417999791,-3.7274360799922435,6,TRAILING_STOP,MACD Divergence
2024-02-18 18:30:00,2024-02-18 18:45:00,2024-02-18 19:45:00,LONG,51673.63,18.55351365870777,10.553513658707772,38.55351365870777,0.0,4,TRAILING_STOP,MACD Divergence
2024-02-18 22:30:00,2024-02-18 22:45:00,2024-02-18 23:45:00,SHORT,52111.1,-3.892318527147644,-11.892318527147644,26.107681472852356,-45.844359455087584,4,TRAILING_STOP,MACD Divergence
2024-02-19 07:30:00,2024-02-19 07:45:00,2024-02-19 09:15:00,SHORT,52380.05,30.42949558085685,22.42949558085685,60.42949558085685,-5.857191812531735,6,TRAILING_STOP,MACD Divergence
2024-02-19 10:30:00,2024-02-19 10:45:00,2024-02-19 13:15:00,SHORT,52427.32,30.852235056073816,22.852235056073816,39.53473112873151,-5.109931234326087,10,TIME_EXIT,MACD Divergence
2024-02-19 13:45:00,2024-02-19 14:00:00,2024-02-19 14:15:00,LONG,52150.18,-11.213836654063378,-19.21383665406338,8.786163345936622,-23.428490563215753,1,TRAILING_STOP,MACD Divergence
2024-02-19 16:30:00,2024-02-19 16:45:00,2024-02-19 18:00:00,LONG,52205.83,-19.201238635608657,-27.201238635608657,0.7987613643913436,-99.05790215383979,5,TRAILING_STOP,MACD Divergence
2024-02-19 21:30:00,2024-02-19 21:45:00,2024-02-19 22:15:00,LONG,51757.01,48.201389531581896,40.201389531581896,68.2013895315819,0.0,2,TRAILING_STOP,MACD Divergence
2024-02-20 00:15:00,2024-02-20 00:30:00,2024-02-20 03:00:00,LONG,51800.01,-28.18918374726261,-36.18918374726261,0.0,-94.40345667886976,10,TIME_EXIT,MACD Divergence
2024-02-20 05:45:00,2024-02-20 06:00:00,2024-02-20 08:30:00,SHORT,51909.1,32.20103989473857,24.20103989473857,62.20103989473857,-25.199820455373903,10,TRAILING_STOP,MACD Divergence
2024-02-20 09:45:00,2024-02-20 10:00:00,2024-02-20 12:30:00,LONG,51761.34,102.41955096216665,94.41955096216665,122.41955096216665,0.0,10,TRAILING_STOP,MACD Divergence
2024-02-20 13:00:00,2024-02-20 13:15:00,2024-02-20 13:30:00,SHORT,52352.94,-18.187864903097363,-26.187864903097363,11.812135096902635,-120.73056451079876,1,TRAILING_STOP,MACD Divergence
2024-02-20 16:45:00,2024-02-20 17:00:00,2024-02-20 19:30:00,LONG,51396.34,80.0718494741067,72.0718494741067,87.15212017042465,-123.73838292765475,10,TIME_EXIT,MACD Divergence
2024-02-20 20:45:00,2024-02-20 21:00:00,2024-02-20 21:15:00,SHORT,51990.62,-23.008354199275598,-31.008354199275598,6.991645800724403,-34.713954170963135,1,TRAILING_STOP,MACD Divergence
2024-02-21 02:15:00,2024-02-21 02:30:00,2024-02-21 05:00:00,LONG,52124.42,-12.604456797792109,-20.60445679779211,0.0,-58.784347144773264,10,TIME_EXIT,MACD Divergence
2024-02-21 05:30:00,2024-02-21 05:45:00,2024-02-21 06:30:00,LONG,51855.99,-11.156277220818543,-19.156277220818545,8.843722779181457,-29.082464725868252,3,TRAILING_STOP,MACD Divergence
2024-02-21 09:00:00,2024-02-21 09:15:00,2024-02-21 11:45:00,LONG,51527.52,-109.06599036786518,-117.06599036786518,0.0,-138.66764788990366,10,TIME_EXIT,MACD Divergence
2024-02-21 11:45:00,2024-02-21 12:00:00,2024-02-21 13:00:00,LONG,50965.53,73.5396924156392,65.5396924156392,93.5396924156392,0.0,4,TRAILING_STOP,MACD Divergence
2024-02-21 19:00:00,2024-02-21 19:15:00,2024-02-21 20:30:00,LONG,50914.01,22.261452201466405,14.261452201466405,42.261452201466405,-4.432964521945866,5,TRAILING_STOP,MACD Divergence
2024-02-21 22:00:00,2024-02-21 22:15:00,2024-02-22 00:45:00,SHORT,51269.99,-51.215145546157075,-59.215145546157075,0.0,-132.63509511119548,10,TIME_EXIT,MACD Divergence
2024-02-22 05:15:00,2024-02-22 05:30:00,2024-02-22 06:30:00,SHORT,51620.88,-0.9846093286284834,-8.984609328628483,29.015390671371517,-25.782202860548637,4,TRAILING_STOP,MACD Divergence
2024-02-22 08:00:00,2024-02-22 08:15:00,2024-02-22 08:45:00,SHORT,51782.12,-8.815081344679523,-16.815081344679523,21.184918655320477,-28.449974624445602,2,TRAILING_STOP,MACD Divergence
2024-02-22 11:45:00,2024-02-22 12:00:00,2024-02-22 12:30:00,LONG,51622.05,1.5024393645738563,-6.497560635426144,21.502439364573856,-38.311148046232965,2,TRAILING_STOP,MACD Divergence
2024-02-22 16:15:00,2024-02-22 16:30:00,2024-02-22 17:30:00,SHORT,51444.6,-28.252489085346575,-36.252489085346575,1.7475109146534258,-45.45277832853239,4,TRAILING_STOP,MACD Divergence
2024-02-22 19:00:00,2024-02-22 19:15:00,2024-02-22 20:00:00,SHORT,51604.37,-2.1787127718060084,-10.178712771806008,27.82128722819399,-3.5113305326652267,3,TRAILING_STOP,MACD Divergence
2024-02-22 23:15:00,2024-02-22 23:30:00,2024-02-23 01:45:00,LONG,51335.22,21.55431689978142,13.55431689978142,41.55431689978142,-13.965071153878824,9,TRAILING_STOP,MACD Divergence
2024-02-23 02:45:00,2024-02-23 03:00:00,2024-02-23 04:45:00,LONG,51096.38,24.140113252641555,16.140113252641555,44.140113252641555,-22.77656460203196,7,TRAILING_STOP,MACD Divergence
2024-02-23 07:45:00,2024-02-23 08:00:00,2024-02-23 08:15:00,LONG,50915.95,29.550288269196763,21.550288269196763,49.55028826919676,0.0,1,TRAILING_STOP,MACD Divergence
2024-02-23 12:00:00,2024-02-23 12:15:00,2024-02-23 14:15:00,SHORT,51089.07,2.1105864718232112,-5.889413528176789,32.11058647182321,-47.83802093089607,8,TRAILING_STOP,MACD Divergence
2024-02-23 14:45:00,2024-02-23 15:00:00,2024-02-23 17:15:00,LONG,51126.0,-15.305715291632438,-23.30571529163244,4.6942847083675625,-97.14626608770455,9,TRAILING_STOP,MACD Divergence
2024-02-23 19:45:00,2024-02-23 20:00:00,2024-02-23 22:30:00,SHORT,51099.09,51.73869045417392,43.73869045417392,55.290612807390275,-12.141116407356936,10,TIME_EXIT,MACD Divergence
2024-02-23 23:15:00,2024-02-23 23:30:00,2024-02-23 23:45:00,LONG,50790.66,4.807710709016185,-3.1922892909838154,24.807710709016185,-14.211274277593615,1,TRAILING_STOP,MACD Divergence
2024-02-24 04:45:00,2024-02-24 05:00:00,2024-02-24 07:30:00,SHORT,50953.96,-15.376626272030386,-23.376626272030386,2.979160010330952,-21.203455040589755,10,TIME_EXIT,MACD Divergence
2024-02-24 07:30:00,2024-02-24 07:45:00,2024-02-24 10:00:00,SHORT,51032.31,-14.458865373721537,-22.458865373721537,15.541134626278463,-24.79017704665966,9,TRAILING_STOP,MACD Divergence
2024-02-24 10:15:00,2024-02-24 10:30:00,2024-02-24 13:00:00,SHORT,51111.95,3.4101614201767476,-4.589838579823253,15.575613921989003,-4.517534549161945,10,TIME_EXIT,MACD Divergence
2024-02-24 13:15:00,2024-02-24 13:30:00,2024-02-24 16:00:00,SHORT,51167.39,2.577813720809744,-5.422186279190257,18.515699159171096,0.0,10,TIME_EXIT,MACD Divergence
2024-02-24 22:00:00,2024-02-24 22:15:00,2024-02-25 00:45:00,SHORT,51622.69,26.312073237563123,18.312073237563123,34.941999341763214,-8.002295114802749,10,TIME_EXIT,MACD Divergence
2024-02-25 01:15:00,2024-02-25 01:30:00,2024-02-25 02:30:00,LONG,51511.0,55.26935994253677,47.26935994253677,75.26935994253677,0.0,4,TRAILING_STOP,MACD Divergence
2024-02-25 07:45:00,2024-02-25 08:00:00,2024-02-25 10:30:00,SHORT,51719.28,23.61981837334089,15.619818373340891,36.263072494434496,-11.283993125967838,10,TIME_EXIT,MACD Divergence
2024-02-25 10:30:00,2024-02-25 10:45:00,2024-02-25 12:15:00,LONG,51597.13,-0.060906488402615366,-8.060906488402615,19.939093511597385,-8.496596613027995,6,TRAILING_STOP,MACD Divergence
2024-02-25 13:15:00,2024-02-25 13:30:00,2024-02-25 15:30:00,LONG,51603.21,14.259496647592442,6.259496647592442,34.25949664759244,-15.349820292187081,8,TRAILING_STOP,MACD Divergence
2024-02-25 20:30:00,2024-02-25 20:45:00,2024-02-25 22:15:00,SHORT,51809.99,2.6404232079567223,-5.359576792043278,32.64042320795672,-9.652578585713304,6,TRAILING_STOP,MACD Divergence
2024-02-26 02:00:00,2024-02-26 02:15:00,2024-02-26 04:15:00,LONG,51536.58,-9.851868323432475,-17.851868323432477,10.148131676567525,-26.501564519803555,8,TRAILING_STOP,MACD Divergence
2024-02-26 05:15:00,2024-02-26 05:30:00,2024-02-26 06:30:00,LONG,51445.36,9.681977150125316,1.6819771501253165,29.681977150125316,0.0,4,TRAILING_STOP,MACD Divergence
2024-02-26 08:15:00,2024-02-26 08:30:00,2024-02-26 11:00:00,LONG,51374.66,-42.17254187181063,-50.17254187181063,0.0,-92.1115584998521,10,TIME_EXIT,MACD Divergence
2024-02-26 13:30:00,2024-02-26 13:45:00,2024-02-26 14:15:00,SHORT,51298.62,-12.217845236382352,-20.217845236382352,17.782154763617648,-15.863974508475543,2,TRAILING_STOP,MACD Divergence
2024-02-26 18:00:00,2024-02-26 18:15:00,2024-02-26 18:30:00,SHORT,53539.9,15.855520835862983,7.855520835862983,45.85552083586298,-12.979105302773812,1,TRAILING_STOP,MACD Divergence
2024-02-27 01:30:00,2024-02-27 01:45:00,2024-02-27 04:15:00,SHORT,55100.01,-159.92737569376067,-167.92737569376067,0.0,-358.226795240145,10,TIME_EXIT,MACD Divergence
2024-02-27 08:30:00,2024-02-27 08:45:00,2024-02-27 09:15:00,SHORT,56396.61,11.670944406055973,3.6709444060559733,41.67094440605597,-9.750586072460377,2,TRAILING_STOP,MACD Divergence
2024-02-27 12:15:00,2024-02-27 12:30:00,2024-02-27 13:00:00,SHORT,56916.95,24.644530320053484,16.644530320053484,54.644530320053484,-87.84377940139153,2,TRAILING_STOP,MACD Divergence
2024-02-28 05:15:00,2024-02-28 05:30:00,2024-02-28 07:00:00,SHORT,57134.21,-15.789599611160751,-23.789599611160753,14.210400388839249,-23.693335393978952,6,TRAILING_STOP,MACD Divergence
2024-02-28 09:00:00,2024-02-28 09:15:00,2024-02-28 09:45:00,SHORT,59265.3,10.357511056216751,2.357511056216751,40.35751105621675,-20.234437352042132,2,TRAILING_STOP,MACD Divergence
2024-02-28 13:00:00,2024-02-28 13:15:00,2024-02-28 14:15:00,SHORT,59801.13,-29.811040359940126,-37.81104035994012,0.18895964005987526,-146.89187311343454,4,TRAILING_STOP,MACD Divergence
2024-02-28 16:00:00,2024-02-28 16:15:00,2024-02-28 17:30:00,SHORT,61047.37,354.5161552414138,346.5161552414138,384.5161552414138,-483.66211353576693,5,TRAILING_STOP,MACD Divergence
2024-02-29 04:45:00,2024-02-29 05:00:00,2024-02-29 05:15:00,SHORT,62443.89,71.3373766432554,63.337376643255396,101.3373766432554,0.0,1,TRAILING_STOP,MACD Divergence
2024-02-29 13:15:00,2024-02-29 13:30:00,2024-02-29 14:00:00,LONG,62233.21,141.77536077602278,133.77536077602278,161.77536077602278,0.0,2,TRAILING_STOP,MACD Divergence
2024-02-29 18:30:00,2024-02-29 18:45:00,2024-02-29 19:30:00,LONG,60745.87,95.24075628515995,87.24075628515995,115.24075628515995,-23.036957080374734,3,TRAILING_STOP,MACD Divergence
2024-03-01 06:15:00,2024-03-01 06:30:00,2024-03-01 07:00:00,SHORT,61668.57,3.4984255350824185,-4.5015744649175815,33.49842553508242,-10.608321224247335,2,TRAILING_STOP,MACD Divergence
2024-03-01 09:15:00,2024-03-01 09:30:00,2024-03-01 10:15:00,SHORT,62131.09,4.351562156722672,-3.6484378432773283,34.35156215672267,-9.159665475046953,3,TRAILING_STOP,MACD Divergence
2024-03-01 12:30:00,2024-03-01 12:45:00,2024-03-01 13:15:00,SHORT,62493.49,17.995399200779964,9.995399200779964,47.995399200779964,-29.374259622882274,2,TRAILING_STOP,MACD Divergence
2024-03-01 20:15:00,2024-03-01 20:30:00,2024-03-01 20:45:00,SHORT,62498.87,-16.49095575648003,-24.49095575648003,13.50904424351997,-98.45938014559313,1,TRAILING_STOP,MACD Divergence
2024-03-02 00:45:00,2024-03-02 01:00:00,2024-03-02 03:30:00,LONG,62300.0,5.951845906902366,-2.048154093097634,20.337078651684923,-56.335473515248985,10,TIME_EXIT,MACD Divergence
2024-03-02 05:00:00,2024-03-02 05:15:00,2024-03-02 06:30:00,LONG,61947.99,29.720741544641243,21.720741544641243,49.72074154464124,-17.760059688780345,5,TRAILING_STOP,MACD Divergence
2024-03-02 08:15:00,2024-03-02 08:30:00,2024-03-02 08:45:00,LONG,61907.13,14.869973781695684,6.869973781695684,34.869973781695684,0.0,1,TRAILING_STOP,MACD Divergence
2024-03-02 19:30:00,2024-03-02 19:45:00,2024-03-02 22:15:00,SHORT,62014.79,22.202768081614455,14.202768081614455,40.754794138623694,-29.865456288733565,10,TIME_EXIT,MACD Divergence
2024-03-02 23:00:00,2024-03-02 23:15:00,2024-03-03 00:00:00,LONG,61910.0,6.128250686480705,-1.8717493135192953,26.128250686480705,-13.115813277337601,3,TRAILING_STOP,MACD Divergence
2024-03-03 02:15:00,2024-03-03 02:30:00,2024-03-03 05:00:00,LONG,61688.26,46.74527697814753,38.74527697814753,66.74527697814753,0.0,10,TRAILING_STOP,MACD Divergence
2024-03-03 05:00:00,2024-03-03 05:15:00,2024-03-03 06:15:00,SHORT,61952.88,0.5974476085692366,-7.402552391430763,30.597447608569237,-14.546539240791166,4,TRAILING_STOP,MACD Divergence
2024-03-03 16:30:00,2024-03-03 16:45:00,2024-03-03 17:30:00,SHORT,62635.5,-1.663034541115188,-9.663034541115188,28.336965458884812,-56.43764318956502,3,TRAILING_STOP,MACD Divergence
2024-03-03 22:00:00,2024-03-03 22:15:00,2024-03-03 23:15:00,SHORT,62998.04,17.309408356196613,9.309408356196613,47.30940835619661,-35.29157415056115,4,TRAILING_STOP,MACD Divergence
2024-03-04 00:45:00,2024-03-04 01:00:00,2024-03-04 01:30:00,LONG,63459.29,38.89287447117608,30.89287447117608,58.89287447117608,-10.598920977527802,2,TRAILING_STOP,MACD Divergence
2024-03-04 09:30:00,2024-03-04 09:45:00,2024-03-04 10:00:00,SHORT,65225.27,32.8038795393257,24.8038795393257,62.8038795393257,-13.15901030382883,1,TRAILING_STOP,MACD Divergence
2024-03-04 13:30:00,2024-03-04 13:45:00,2024-03-04 14:00:00,SHORT,65579.32,129.44813090468284,121.44813090468284,159.44813090468284,0.0,1,TRAILING_STOP,MACD Divergence
2024-03-04 16:15:00,2024-03-04 16:30:00,2024-03-04 16:45:00,SHORT,66344.95,-24.897878436868027,-32.89787843686803,5.102121563131974,-33.829251510477036,1,TRAILING_STOP,MACD Divergence
2024-03-04 20:30:00,2024-03-04 20:45:00,2024-03-04 21:15:00,SHORT,67474.03,76.44688037753271,68.44688037753271,106.44688037753271,-25.277873575951766,2,TRAILING_STOP,MACD Divergence
2024-03-05 00:15:00,2024-03-05 00:30:00,2024-03-05 01:00:00,SHORT,67997.19,-18.18333522311645,-26.18333522311645,11.816664776883547,-72.85742249054755,2,TRAILING_STOP,MACD Divergence
2024-03-05 12:15:00,2024-03-05 12:30:00,2024-03-05 15:00:00,SHORT,66928.23,-207.5222966452278,-215.5222966452278,0.0,-309.55099215981124,10,TIME_EXIT,MACD Divergence
2024-03-05 15:00:00,2024-03-05 15:15:00,2024-03-05 15:30:00,SHORT,68317.15,255.0162806850102,247.0162806850102,285.0162806850102,0.0,1,TRAILING_STOP,MACD Divergence
2024-03-05 19:00:00,2024-03-05 19:15:00,2024-03-05 21:30:00,LONG,63401.1,71.30598680464526,63.30598680464526,91.30598680464526,-693.3791369550369,9,TRAILING_STOP,MACD Divergence
2024-03-05 23:45:00,2024-03-06 00:00:00,2024-03-06 00:15:00,SHORT,63724.01,-2.3526501235562094,-10.35265012355621,27.64734987644379,-60.438757699021046,1,TRAILING_STOP,MACD Divergence
2024-03-06 03:15:00,2024-03-06 03:30:00,2024-03-06 04:15:00,LONG,63246.0,44.48471049552485,36.48471049552485,64.48471049552485,-24.55649369130027,3,TRAILING_STOP,MACD Divergence
2024-03-06 06:00:00,2024-03-06 06:15:00,2024-03-06 06:30:00,SHORT,66305.14,50.49149734092968,42.49149734092968,80.49149734092968,0.0,1,TRAILING_STOP,MACD Divergence
2024-03-06 12:00:00,2024-03-06 12:15:00,2024-03-06 12:45:00,SHORT,67130.0,337.2098912557727,329.2098912557727,367.2098912557727,0.0,2,TRAILING_STOP,MACD Divergence
2024-03-06 18:00:00,2024-03-06 18:15:00,2024-03-06 18:45:00,SHORT,66963.56,22.79886553223838,14.79886553223838,52.79886553223838,-37.51293987356662,2,TRAILING_STOP,MACD Divergence
2024-03-06 22:15:00,2024-03-06 22:30:00,2024-03-07 01:00:00,LONG,66459.99,-99.90522117141474,-107.90522117141474,0.0,-136.77251531334946,10,TIME_EXIT,MACD Divergence
2024-03-07 01:00:00,2024-03-07 01:15:00,2024-03-07 01:30:00,LONG,65796.02,29.240060417027642,21.240060417027642,49.24006041702764,0.0,1,TRAILING_STOP,MACD Divergence
2024-03-07 06:00:00,2024-03-07 06:15:00,2024-03-07 06:45:00,LONG,65915.39,12.487102025793888,4.487102025793888,32.48710202579389,-17.06733435090045,2,TRAILING_STOP,MACD Divergence
2024-03-07 11:00:00,2024-03-07 11:15:00,2024-03-07 11:45:00,SHORT,67018.65,27.991320326505267,19.991320326505267,57.99132032650527,0.0,2,TRAILING_STOP,MACD Divergence
2024-03-07 14:15:00,2024-03-07 14:30:00,2024-03-07 14:45:00,SHORT,67249.59,75.35231515909476,67.35231515909476,105.35231515909476,0.0,1,TRAILING_STOP,MACD Divergence
2024-03-07 20:45:00,2024-03-07 21:00:00,2024-03-07 22:00:00,SHORT,67537.67,33.1751139771328,25.175113977132803,63.1751139771328,0.0,4,TRAILING_STOP,MACD Divergence
2024-03-08 00:15:00,2024-03-08 00:30:00,2024-03-08 01:00:00,LONG,66869.71,37.79447824732402,29.794478247324022,57.79447824732402,-10.424749860588058,2,TRAILING_STOP,MACD Divergence
2024-03-08 03:30:00,2024-03-08 03:45:00,2024-03-08 06:15:00,SHORT,67111.07,26.56640700260153,18.56640700260153,49.00085783165218,-18.94322352482088,10,TIME_EXIT,MACD Divergence
2024-03-08 06:30:00,2024-03-08 06:45:00,2024-03-08 08:30:00,SHORT,67189.17,-7.606510096792107,-15.606510096792107,22.393489903207893,-67.16558635863471,7,TRAILING_STOP,MACD Divergence
2024-03-08 11:45:00,2024-03-08 12:00:00,2024-03-08 13:30:00,SHORT,67741.22,35.13316412075264,27.13316412075264,65.13316412075264,0.0,6,TRAILING_STOP,MACD Divergence
2024-03-08 15:30:00,2024-03-08 15:45:00,2024-03-08 16:00:00,SHORT,68223.99,283.86759994541535,275.86759994541535,313.86759994541535,0.0,1,TRAILING_STOP,MACD Divergence
2024-03-09 01:45:00,2024-03-09 02:00:00,2024-03-09 04:30:00,LONG,67910.94,42.32160532603488,34.32160532603488,59.37187734406225,-1.448956530420063,10,TIME_EXIT,MACD Divergence
2024-03-09 04:30:00,2024-03-09 04:45:00,2024-03-09 06:30:00,SHORT,68198.35,-22.910385661822346,-30.910385661822346,7.089614338177656,-29.56816403915845,7,TRAILING_STOP,MACD Divergence
2024-03-09 07:30:00,2024-03-09 07:45:00,2024-03-09 10:15:00,SHORT,68503.53,62.67706204337216,54.67706204337216,80.73744520902817,0.0,10,TIME_EXIT,MACD Divergence
2024-03-09 16:00:00,2024-03-09 16:15:00,2024-03-09 17:00:00,LONG,68156.01,-13.303598611479835,-21.303598611479835,6.696401388520164,-22.89013103906681,3,TRAILING_STOP,MACD Divergence
2024-03-09 19:15:00,2024-03-09 19:30:00,2024-03-09 21:30:00,SHORT,68236.42,-20.26619509053988,-28.26619509053988,9.733804909460117,-27.73885265375863,8,TRAILING_STOP,MACD Divergence
2024-03-09 22:00:00,2024-03-09 22:15:00,2024-03-10 00:45:00,SHORT,68385.13,6.1431483715844815,-1.8568516284155185,27.071674792459216,-9.366071249698342,10,TIME_EXIT,MACD Divergence
2024-03-10 00:45:00,2024-03-10 01:00:00,2024-03-10 01:15:00,LONG,68343.11,107.72172644762573,99.72172644762573,127.72172644762573,0.0,1,TRAILING_STOP,MACD Divergence
2024-03-10 04:00:00,2024-03-10 04:15:00,2024-03-10 04:30:00,SHORT,69479.08,-3.50569408806194,-11.50569408806194,26.49430591193806,-17.403799820031907,1,TRAILING_STOP,MACD Divergence
2024-03-10 08:45:00,2024-03-10 09:00:00,2024-03-10 09:30:00,SHORT,69635.35,37.97553254202151,29.97553254202151,67.97553254202151,-17.325970214839757,2,TRAILING_STOP,MACD Divergence
2024-03-10 12:15:00,2024-03-10 12:30:00,2024-03-10 14:30:00,SHORT,69721.11,124.90430373239823,116.90430373239823,154.90430373239823,-14.578081157916078,8,TRAILING_STOP,MACD Divergence
2024-03-10 21:15:00,2024-03-10 21:30:00,2024-03-10 21:45:00,LONG,69128.65,-3.986379019406332,-11.986379019406332,16.013620980593668,-6.058269617588382,1,TRAILING_STOP,MACD Divergence
2024-03-11 00:45:00,2024-03-11 01:00:00,2024-03-11 01:15:00,LONG,68095.99,19.272503417601094,11.272503417601094,39.272503417601094,-24.375884688658648,1,TRAILING_STOP,MACD Divergence
2024-03-11 05:15:00,2024-03-11 05:30:00,2024-03-11 06:15:00,SHORT,68657.04,0.7513985455810683,-7.248601454418932,30.75139854558107,-13.398480330641293,3,TRAILING_STOP,MACD Divergence
2024-03-11 08:30:00,2024-03-11 08:45:00,2024-03-11 09:00:00,SHORT,71208.11,-21.839412673640602,-29.839412673640602,8.160587326359398,-38.60374892691288,1,TRAILING_STOP,MACD Divergence
2024-03-11 11:15:00,2024-03-11 11:30:00,2024-03-11 11:45:00,SHORT,71592.99,15.102181093429493,7.102181093429493,45.10218109342949,-88.45977797546905,1,TRAILING_STOP,MACD Divergence
2024-03-11 14:15:00,2024-03-11 14:30:00,2024-03-11 14:45:00,SHORT,72104.05,4.215831149568764,-3.784168850431236,34.215831149568764,-19.06411637071591,1,TRAILING_STOP,MACD Divergence
2024-03-12 01:00:00,2024-03-12 01:15:00,2024-03-12 02:00:00,LONG,72252.0,10.228920998727162,2.228920998727162,30.228920998727162,-8.581077340419643,3,TRAILING_STOP,MACD Divergence
2024-03-12 04:00:00,2024-03-12 04:15:00,2024-03-12 04:45:00,LONG,71749.13,26.62077435642773,18.62077435642773,46.62077435642773,-2.2843482562087396,2,TRAILING_STOP,MACD Divergence
2024-03-12 11:15:00,2024-03-12 11:30:00,2024-03-12 12:30:00,SHORT,72062.99,52.28773188567463,44.28773188567463,82.28773188567463,-32.08026755481461,4,TRAILING_STOP,MACD Divergence
2024-03-12 14:00:00,2024-03-12 14:15:00,2024-03-12 15:00:00,SHORT,71765.91,104.59175812025563,96.59175812025563,134.59175812025563,-68.46286767631062,3,TRAILING_STOP,MACD Divergence
2024-03-13 00:00:00,2024-03-13 00:15:00,2024-03-13 01:15:00,SHORT,71437.33,-17.888685089433764,-25.888685089433764,12.111314910566236,-57.510548056596804,4,TRAILING_STOP,MACD Divergence
2024-03-13 03:00:00,2024-03-13 03:15:00,2024-03-13 04:30:00,SHORT,72006.79,-17.63588822665212,-25.63588822665212,12.364111773347881,-26.582215371634188,5,TRAILING_STOP,MACD Divergence
2024-03-13 05:45:00,2024-03-13 06:00:00,2024-03-13 08:30:00,SHORT,72152.39,-197.0884124559136,-205.0884124559136,0.0,-207.59672687211062,10,TIME_EXIT,MACD Divergence
2024-03-13 08:45:00,2024-03-13 09:00:00,2024-03-13 10:00:00,SHORT,73433.49,12.540535660227974,4.540535660227974,42.540535660227974,-23.73712593531884,4,TRAILING_STOP,MACD Divergence
2024-03-13 19:45:00,2024-03-13 20:00:00,2024-03-13 21:00:00,SHORT,73349.24,27.93925063163715,19.93925063163715,57.93925063163715,-8.31365123892162,4,TRAILING_STOP,MACD Divergence
2024-03-14 00:30:00,2024-03-14 00:45:00,2024-03-14 02:45:00,LONG,72908.61,22.709633334115047,14.709633334115047,42.70963333411505,-56.04413525371017,8,TRAILING_STOP,MACD Divergence
2024-03-14 06:30:00,2024-03-14 06:45:00,2024-03-14 08:15:00,SHORT,73512.59,26.125080071317925,18.125080071317925,56.125080071317925,-35.9679886125633,6,TRAILING_STOP,MACD Divergence
2024-03-14 11:15:00,2024-03-14 11:30:00,2024-03-14 12:15:00,LONG,72888.0,1.8362419053895707,-6.163758094610429,21.83624190538957,-66.81483920535617,3,TRAILING_STOP,MACD Divergence
2024-03-14 14:45:00,2024-03-14 15:00:00,2024-03-14 15:15:00,LONG,71689.99,19.645702280053484,11.645702280053484,39.645702280053484,-125.26016533131127,1,TRAILING_STOP,MACD Divergence
2024-03-14 18:45:00,2024-03-14 19:00:00,2024-03-14 19:15:00,LONG,70098.49,-4.09238201850072,-12.09238201850072,15.90761798149928,-97.84804209049419,1,TRAILING_STOP,MACD Divergence
2024-03-14 22:45:00,2024-03-14 23:00:00,2024-03-15 00:15:00,SHORT,71539.21,9.86764740622749,1.8676474062274906,39.86764740622749,-79.70733811569718,5,TRAILING_STOP,MACD Divergence
2024-03-15 09:00:00,2024-03-15 09:15:00,2024-03-15 09:30:00,LONG,66136.0,231.60275795330833,223.60275795330833,251.60275795330833,0.0,1,TRAILING_STOP,MACD Divergence
2024-03-15 14:45:00,2024-03-15 15:00:00,2024-03-15 15:30:00,SHORT,68622.81,32.48796865065678,24.487968650656782,62.48796865065678,0.0,2,TRAILING_STOP,MACD Divergence
2024-03-15 18:30:00,2024-03-15 18:45:00,2024-03-15 19:45:00,SHORT,69259.97,72.3563827705958,64.3563827705958,102.3563827705958,-200.69745915281206,4,TRAILING_STOP,MACD Divergence
2024-03-16 00:15:00,2024-03-16 00:30:00,2024-03-16 01:30:00,SHORT,69912.86,92.56114254230204,84.56114254230204,122.56114254230204,0.0,4,TRAILING_STOP,MACD Divergence
2024-03-16 04:30:00,2024-03-16 04:45:00,2024-03-16 05:00:00,LONG,68927.99,-2.394670147788837,-10.394670147788837,17.605329852211163,-29.574342730726055,1,TRAILING_STOP,MACD Divergence
2024-03-16 08:00:00,2024-03-16 08:15:00,2024-03-16 10:15:00,SHORT,69338.56,118.28689837227614,110.28689837227614,148.28689837227614,0.0,8,TRAILING_STOP,MACD Divergence
2024-03-16 11:30:00,2024-03-16 11:45:00,2024-03-16 12:15:00,LONG,68310.36,1.4857599930675356,-6.514240006932464,21.485759993067536,-49.484441305828106,2,TRAILING_STOP,MACD Divergence
2024-03-16 17:30:00,2024-03-16 17:45:00,2024-03-16 19:00:00,LONG,67609.99,-6.83478580606287,-14.83478580606287,13.16521419393713,-139.03122896483274,5,TRAILING_STOP,MACD Divergence
2024-03-16 21:00:00,2024-03-16 21:15:00,2024-03-16 23:45:00,LONG,66981.1,-250.88719056569815,-258.8871905656981,0.0,-328.6150869424368,10,TIME_EXIT,MACD Divergence
2024-03-17 03:45:00,2024-03-17 04:00:00,2024-03-17 05:45:00,SHORT,66538.99,51.0036341098663,43.0036341098663,81.0036341098663,0.0,7,TRAILING_STOP,MACD Divergence
2024-03-17 07:15:00,2024-03-17 07:30:00,2024-03-17 07:45:00,LONG,65288.37,54.821901664874275,46.821901664874275,74.82190166487428,0.0,1,TRAILING_STOP,MACD Divergence
2024-03-17 10:00:00,2024-03-17 10:15:00,2024-03-17 12:45:00,SHORT,66647.07,9.434773351627408,1.434773351627408,31.531768763429316,-130.22778045606398,10,TIME_EXIT,MACD Divergence
2024-03-17 13:15:00,2024-03-17 13:30:00,2024-03-17 14:15:00,SHORT,66961.1,-19.680575737255538,-27.680575737255538,10.319424262744462,-55.98922359399546,3,TRAILING_STOP,MACD Divergence
2024-03-17 16:00:00,2024-03-17 16:15:00,2024-03-17 17:15:00,SHORT,67864.51,-28.156621185359658,-36.156621185359654,1.8433788146403418,-76.81629175544217,4,TRAILING_STOP,MACD Divergence
2024-03-17 20:00:00,2024-03-17 20:15:00,2024-03-17 22:00:00,SHORT,68639.99,70.03497960882561,62.03497960882561,100.03497960882561,0.0,7,TRAILING_STOP,MACD Divergence
2024-03-18 00:00:00,2024-03-18 00:15:00,2024-03-18 00:30:00,LONG,67866.88,-2.1532977499488197,-10.15329774994882,17.84670225005118,-85.47026178306675,1,TRAILING_STOP,MACD Divergence
2024-03-18 12:00:00,2024-03-18 12:15:00,2024-03-18 13:45:00,SHORT,68193.66,120.23830661090764,112.23830661090764,150.23830661090764,-63.664276121855636,6,TRAILING_STOP,MACD Divergence
2024-03-18 15:15:00,2024-03-18 15:30:00,2024-03-18 16:15:00,LONG,67032.15,136.2489044436155,128.2489044436155,156.2489044436155,0.0,3,TRAILING_STOP,MACD Divergence
2024-03-18 23:00:00,2024-03-18 23:15:00,2024-03-19 00:00:00,SHORT,67802.38,11.205043244795334,3.205043244795334,41.205043244795334,-18.132106867045422,3,TRAILING_STOP,MACD Divergence
2024-03-19 02:00:00,2024-03-19 02:15:00,2024-03-19 02:30:00,LONG,66056.0,29.747184207339316,21.747184207339316,49.747184207339316,0.0,1,TRAILING_STOP,MACD Divergence
2024-03-19 05:15:00,2024-03-19 05:30:00,2024-03-19 06:15:00,LONG,64774.04,82.135052869946,74.135052869946,102.135052869946,-22.546069382116798,3,TRAILING_STOP,MACD Divergence
2024-03-19 08:15:00,2024-03-19 08:30:00,2024-03-19 08:45:00,LONG,63707.66,-13.354017397594497,-21.354017397594497,6.645982602405504,-90.83052179282734,1,TRAILING_STOP,MACD Divergence
2024-03-19 11:00:00,2024-03-19 11:15:00,2024-03-19 11:45:00,LONG,62692.0,92.29502966885727,84.29502966885727,112.29502966885727,-25.521597652013018,2,TRAILING_STOP,MACD Divergence
2024-03-19 14:15:00,2024-03-19 14:30:00,2024-03-19 14:45:00,LONG,62581.12,72.36331979996471,64.36331979996471,92.36331979996471,0.0,1,TRAILING_STOP,MACD Divergence
2024-03-19 21:15:00,2024-03-19 21:30:00,2024-03-19 21:45:00,LONG,63779.99,31.73879770128613,23.73879770128613,51.73879770128613,-13.81310972297088,1,TRAILING_STOP,MACD Divergence
2024-03-20 04:30:00,2024-03-20 04:45:00,2024-03-20 05:00:00,LONG,61320.31,54.02767533301811,46.02767533301811,74.02767533301811,-46.527814357102514,1,TRAILING_STOP,MACD Divergence
2024-03-20 08:30:00,2024-03-20 08:45:00,2024-03-20 09:15:00,SHORT,62796.01,-5.1560648518907435,-13.156064851890743,24.843935148109257,-70.71468394249852,2,TRAILING_STOP,MACD Divergence
2024-03-20 11:15:00,2024-03-20 11:30:00,2024-03-20 11:45:00,SHORT,63831.65,83.45938887683512,75.45938887683512,113.45938887683512,0.0,1,TRAILING_STOP,MACD Divergence
2024-03-20 14:30:00,2024-03-20 14:45:00,2024-03-20 15:00:00,SHORT,64032.41,-15.615097104731717,-23.615097104731717,14.384902895268283,-56.62601173374491,1,TRAILING_STOP,MACD Divergence
2024-03-20 17:15:00,2024-03-20 17:30:00,2024-03-20 17:45:00,SHORT,64086.21,5.684744034637461,-2.315255965362539,35.68474403463746,-29.01248178040179,1,TRAILING_STOP,MACD Divergence
2024-03-20 21:15:00,2024-03-20 21:30:00,2024-03-20 21:45:00,SHORT,67773.79,20.937095298932917,12.937095298932917,50.93709529893292,-12.102023510859299,1,TRAILING_STOP,MACD Divergence
2024-03-21 00:30:00,2024-03-21 00:45:00,2024-03-21 01:00:00,SHORT,68052.01,28.19225618758282,20.19225618758282,58.19225618758282,0.0,1,TRAILING_STOP,MACD Divergence
2024-03-21 05:00:00,2024-03-21 05:15:00,2024-03-21 05:30:00,LONG,66535.99,9.026396090294902,1.0263960902949023,29.026396090294902,-29.290914586226105,1,TRAILING_STOP,MACD Divergence
2024-03-21 13:00:00,2024-03-21 13:15:00,2024-03-21 14:00:00,SHORT,67487.94,111.71569024036049,103.71569024036049,141.7156902403605,-19.567940583161622,3,TRAILING_STOP,MACD Divergence
2024-03-21 17:45:00,2024-03-21 18:00:00,2024-03-21 20:15:00,LONG,65724.99,13.726897486024455,5.7268974860244555,33.726897486024455,-181.96731562834825,9,TRAILING_STOP,MACD Divergence
2024-03-22 00:15:00,2024-03-22 00:30:00,2024-03-22 00:45:00,SHORT,65790.01,3.950443235986832,-4.049556764013168,33.95044323598683,-10.203676819627274,1,TRAILING_STOP,MACD Divergence
2024-03-22 03:15:00,2024-03-22 03:30:00,2024-03-22 04:45:00,SHORT,65988.0,5.060920167303237,-2.9390798326967627,35.06092016730324,-45.46584227435353,5,TRAILING_STOP,MACD Divergence
2024-03-22 06:15:00,2024-03-22 06:30:00,2024-03-22 09:00:00,SHORT,66412.98,68.20805210065724,60.20805210065724,91.5107257647526,-5.286617164295381,10,TIME_EXIT,MACD Divergence
2024-03-22 11:00:00,2024-03-22 11:15:00,2024-03-22 11:30:00,LONG,64838.32,-4.317915701702281,-12.317915701702281,15.682084298297719,-33.59124665784106,1,TRAILING_STOP,MACD Divergence
2024-03-22 13:45:00,2024-03-22 14:00:00,2024-03-22 14:15:00,LONG,63058.61,18.280260221403452,10.280260221403452,38.28026022140345,-56.86614405233541,1,TRAILING_STOP,MACD Divergence
2024-03-23 01:00:00,2024-03-23 01:15:00,2024-03-23 03:30:00,SHORT,63798.29,95.12717817358441,87.12717817358441,125.12717817358441,-90.38173280192974,9,TRAILING_STOP,MACD Divergence
2024-03-23 07:00:00,2024-03-23 07:15:00,2024-03-23 08:30:00,SHORT,64503.7,13.981973127122487,5.981973127122487,43.98197312712249,-54.79375601709705,5,TRAILING_STOP,MACD Divergence
2024-03-23 12:45:00,2024-03-23 13:00:00,2024-03-23 13:45:00,SHORT,64697.94,34.884600653436706,26.884600653436706,64.8846006534367,0.0,3,TRAILING_STOP,MACD Divergence
2024-03-23 17:30:00,2024-03-23 17:45:00,2024-03-23 20:00:00,SHORT,65639.71,117.28584267054288,109.28584267054288,147.28584267054288,-6.40008921428732,9,TRAILING_STOP,MACD Divergence
2024-03-23 23:00:00,2024-03-23 23:15:00,2024-03-24 01:30:00,LONG,64613.75,-3.067071637228377,-11.067071637228377,16.932928362771623,-116.3978255402289,9,TRAILING_STOP,MACD Divergence
2024-03-24 03:00:00,2024-03-24 03:15:00,2024-03-24 03:30:00,LONG,63975.68,18.189512014565487,10.189512014565487,38.18951201456549,0.0,1,TRAILING_STOP,MACD Divergence
2024-03-24 07:30:00,2024-03-24 07:45:00,2024-03-24 10:15:00,SHORT,64395.19,-119.76205055066987,-127.76205055066987,0.0,-134.20722883184223,10,TIME_EXIT,MACD Divergence
2024-03-24 10:30:00,2024-03-24 10:45:00,2024-03-24 11:45:00,SHORT,65170.0,2.5303053552247974,-5.469694644775203,32.5303053552248,-27.55255485652872,4,TRAILING_STOP,MACD Divergence
2024-03-24 14:15:00,2024-03-24 14:30:00,2024-03-24 15:15:00,SHORT,65768.02,20.90620030829617,12.906200308296171,50.90620030829617,0.0,3,TRAILING_STOP,MACD Divergence
2024-03-24 18:30:00,2024-03-24 18:45:00,2024-03-24 20:00:00,SHORT,65804.19,-9.252081060491918,-17.252081060491918,20.747918939508082,-74.8903679233796,5,TRAILING_STOP,MACD Divergence
2024-03-24 21:15:00,2024-03-24 21:30:00,2024-03-24 21:45:00,SHORT,66456.01,4.660522050601074,-3.339477949398926,34.660522050601074,-31.598346033715423,1,TRAILING_STOP,MACD Divergence
2024-03-25 04:30:00,2024-03-25 04:45:00,2024-03-25 06:45:00,SHORT,67296.22,24.631597435932385,16.631597435932385,54.631597435932385,-65.94426848937412,8,TRAILING_STOP,MACD Divergence
2024-03-25 09:00:00,2024-03-25 09:15:00,2024-03-25 10:15:00,LONG,66784.4,63.82646246728305,55.82646246728305,83.82646246728305,-5.50278208683465,4,TRAILING_STOP,MACD Divergence
2024-03-25 11:45:00,2024-03-25 12:00:00,2024-03-25 12:30:00,LONG,66810.15,48.518032065487674,40.518032065487674,68.51803206548767,0.0,2,TRAILING_STOP,MACD Divergence
2024-03-25 15:00:00,2024-03-25 15:15:00,2024-03-25 17:45:00,SHORT,69269.2,-186.21407494239858,-194.21407494239858,0.0,-227.40842972056922,10,TIME_EXIT,MACD Divergence
2024-03-25 18:15:00,2024-03-25 18:30:00,2024-03-25 18:45:00,SHORT,70643.95,-27.641694724034615,-35.641694724034615,2.358305275965386,-38.18869131751535,1,TRAILING_STOP,MACD Divergence
2024-03-26 03:45:00,2024-03-26 04:00:00,2024-03-26 06:30:00,SHORT,70423.11,3.565590897647176,-4.434409102352824,23.118831304098563,-27.958151805564878,10,TIME_EXIT,MACD Divergence
2024-03-26 06:45:00,2024-03-26 07:00:00,2024-03-26 08:00:00,SHORT,70616.01,19.18856219715491,11.188562197154909,49.18856219715491,-133.83508923826355,4,TRAILING_STOP,MACD Divergence
2024-03-26 13:30:00,2024-03-26 13:45:00,2024-03-26 14:00:00,LONG,70554.0,-2.679933100887677,-10.679933100887677,17.320066899112323,-63.206905349093894,1,TRAILING_STOP,MACD Divergence
2024-03-26 19:45:00,2024-03-26 20:00:00,2024-03-26 21:30:00,LONG,69477.66,83.54263514344026,75.54263514344026,103.54263514344026,0.0,6,TRAILING_STOP,MACD Divergence
2024-03-27 00:30:00,2024-03-27 00:45:00,2024-03-27 01:00:00,SHORT,70453.86,-25.19401775857269,-33.19401775857269,4.805982241427309,-40.564136585276316,1,TRAILING_STOP,MACD Divergence
2024-03-27 08:30:00,2024-03-27 08:45:00,2024-03-27 10:30:00,LONG,69684.01,54.10451838233756,46.10451838233756,74.10451838233756,-39.75230472528702,7,TRAILING_STOP,MACD Divergence
2024-03-27 11:45:00,2024-03-27 12:00:00,2024-03-27 13:00:00,SHORT,70220.73,2.286762043060669,-5.713237956939331,32.28676204306067,-151.61477244682715,4,TRAILING_STOP,MACD Divergence
2024-03-27 18:15:00,2024-03-27 18:30:00,2024-03-27 18:45:00,LONG,68624.05,19.0475350842732,11.0475350842732,39.0475350842732,-23.612713035737197,1,TRAILING_STOP,MACD Divergence
2024-03-27 22:15:00,2024-03-27 22:30:00,2024-03-27 23:45:00,SHORT,69324.6,6.379582428172917,-1.6204175718270832,36.37958242817292,-45.15857285869628,5,TRAILING_STOP,MACD Divergence
2024-03-28 05:15:00,2024-03-28 05:30:00,2024-03-28 06:00:00,SHORT,69811.21,-3.9483100206958355,-11.948310020695835,26.051689979304165,-26.339609355000448,2,TRAILING_STOP,MACD Divergence
2024-03-28 08:00:00,2024-03-28 08:15:00,2024-03-28 10:30:00,SHORT,70341.34,-29.44413910795508,-37.44413910795508,0.5558608920449187,-85.14907449872253,9,TRAILING_STOP,MACD Divergence
2024-03-28 11:00:00,2024-03-28 11:15:00,2024-03-28 12:45:00,SHORT,70797.18,33.34009348959846,25.34009348959846,63.34009348959846,-7.559623137532326,6,TRAILING_STOP,MACD Divergence
2024-03-28 15:00:00,2024-03-28 15:15:00,2024-03-28 15:30:00,SHORT,71310.0,16.983592763987318,8.983592763987318,46.98359276398732,0.0,1,TRAILING_STOP,MACD Divergence
2024-03-28 18:45:00,2024-03-28 19:00:00,2024-03-28 20:00:00,LONG,70550.0,31.58469170800752,23.58469170800752,51.58469170800752,0.0,4,TRAILING_STOP,MACD Divergence
2024-03-29 00:45:00,2024-03-29 01:00:00,2024-03-29 02:00:00,LONG,70735.79,5.499114380430317,-2.500885619569683,25.499114380430317,0.0,4,TRAILING_STOP,MACD Divergence
2024-03-29 04:15:00,2024-03-29 04:30:00,2024-03-29 07:00:00,LONG,70498.0,-19.988652160344728,-27.988652160344728,0.011347839655273374,-67.0941019603393,10,TRAILING_STOP,MACD Divergence
2024-03-29 07:30:00,2024-03-29 07:45:00,2024-03-29 08:00:00,LONG,69991.57,-6.7926951774352595,-14.79269517743526,13.20730482256474,-39.943381752974965,1,TRAILING_STOP,MACD Divergence
2024-03-29 13:15:00,2024-03-29 13:30:00,2024-03-29 15:30:00,SHORT,70164.04,134.61993921672607,126.61993921672607,164.61993921672607,-47.943362440361106,8,TRAILING_STOP,MACD Divergence
2024-03-29 20:30:00,2024-03-29 20:45:00,2024-03-29 22:00:00,SHORT,69606.22,15.429848079668915,7.429848079668915,45.429848079668915,-2.735387728279685,5,TRAILING_STOP,MACD Divergence
2024-03-29 23:15:00,2024-03-29 23:30:00,2024-03-30 00:45:00,SHORT,69847.99,-10.244241817122404,-18.244241817122404,19.755758182877596,-12.736229059704058,5,TRAILING_STOP,MACD Divergence
2024-03-30 05:00:00,2024-03-30 05:15:00,2024-03-30 06:15:00,SHORT,70095.9,2.7023406504511556,-5.297659349548844,32.702340650451156,-0.3552276238703318,4,TRAILING_STOP,MACD Divergence
2024-03-30 08:45:00,2024-03-30 09:00:00,2024-03-30 09:45:00,LONG,69966.0,8.126518594745104,0.12651859474510374,28.126518594745104,0.0,3,TRAILING_STOP,MACD Divergence
2024-03-30 12:00:00,2024-03-30 12:15:00,2024-03-30 14:45:00,SHORT,70148.2,15.708172127011432,7.708172127011432,23.222263721662735,-17.242067508503013,10,TIME_EXIT,MACD Divergence
2024-03-30 16:15:00,2024-03-30 16:30:00,2024-03-30 17:00:00,LONG,70010.36,18.52287004380453,10.52287004380453,38.52287004380453,-6.334776738757781,2,TRAILING_STOP,MACD Divergence
2024-03-30 19:00:00,2024-03-30 19:15:00,2024-03-30 21:00:00,LONG,69765.99,4.403007826592869,-3.5969921734071306,24.40300782659287,-8.178770200209618,7,TRAILING_STOP,MACD Divergence
2024-03-30 21:45:00,2024-03-30 22:00:00,2024-03-30 23:00:00,LONG,69722.07,-3.946259771117955,-11.946259771117955,16.053740228882045,-7.231569573309112,4,TRAILING_STOP,MACD Divergence
2024-03-31 02:15:00,2024-03-31 02:30:00,2024-03-31 04:30:00,SHORT,70110.01,19.25116969744954,11.25116969744954,49.25116969744954,0.0,8,TRAILING_STOP,MACD Divergence
2024-03-31 05:00:00,2024-03-31 05:15:00,2024-03-31 07:45:00,SHORT,70229.07,-10.346142986086663,-18.34614298608666,9.343709093685833,-32.882394712046306,10,TIME_EXIT,MACD Divergence
2024-03-31 08:15:00,2024-03-31 08:30:00,2024-03-31 11:00:00,SHORT,70379.94,2.9880929139749526,-5.011907086025047,32.98809291397495,-2.850243975768901,10,TRAILING_STOP,MACD Divergence
2024-03-31 11:00:00,2024-03-31 11:15:00,2024-03-31 12:00:00,SHORT,70382.01,-18.222842740637923,-26.222842740637923,11.777157259362076,-28.130768075535958,3,TRAILING_STOP,MACD Divergence
2024-03-31 16:00:00,2024-03-31 16:15:00,2024-03-31 18:30:00,LONG,70564.0,55.23666458817445,47.23666458817445,75.23666458817445,-17.57269996031971,9,TRAILING_STOP,MACD Divergence
2024-03-31 23:30:00,2024-03-31 23:45:00,2024-04-01 00:45:00,SHORT,71281.31,31.330242106941952,23.330242106941952,61.33024210694195,-0.970801462543022,4,TRAILING_STOP,MACD Divergence
2024-04-01 03:00:00,2024-04-01 03:15:00,2024-04-01 05:45:00,LONG,70705.89,-217.57876182592474,-225.57876182592474,0.0,-241.2656145053827,10,TIME_EXIT,MACD Divergence
2024-04-01 12:15:00,2024-04-01 12:30:00,2024-04-01 13:15:00,SHORT,69731.67,-18.893138512243134,-26.893138512243134,11.106861487756866,-41.348500616721466,3,TRAILING_STOP,MACD Divergence
2024-04-01 16:00:00,2024-04-01 16:15:00,2024-04-01 16:45:00,LONG,68387.38,38.07358024243568,30.073580242435682,58.07358024243568,0.0,2,TRAILING_STOP,MACD Divergence
2024-04-01 20:00:00,2024-04-01 20:15:00,2024-04-01 20:45:00,SHORT,69494.0,-12.450283477709384,-20.450283477709384,17.549716522290616,-33.96983912280297,2,TRAILING_STOP,MACD Divergence
2024-04-01 22:45:00,2024-04-01 23:00:00,2024-04-02 00:45:00,SHORT,69711.8,66.36819017727312,58.36819017727312,96.36819017727312,-23.559856437502788,7,TRAILING_STOP,MACD Divergence
2024-04-02 08:45:00,2024-04-02 09:00:00,2024-04-02 09:15:00,LONG,66240.02,24.690505830161108,16.690505830161108,44.69050583016111,-34.57275526185066,1,TRAILING_STOP,MACD Divergence
2024-04-02 12:45:00,2024-04-02 13:00:00,2024-04-02 13:15:00,LONG,65345.58,-4.1978600541926845,-12.197860054192684,15.802139945807316,-86.24607815861482,1,TRAILING_STOP,MACD Divergence
2024-04-02 16:00:00,2024-04-02 16:15:00,2024-04-02 16:30:00,LONG,65447.47,-8.99728285906208,-16.997282859062082,11.00271714093792,-46.27069617817185,1,TRAILING_STOP,MACD Divergence
2024-04-02 19:30:00,2024-04-02 19:45:00,2024-04-02 20:00:00,SHORT,66165.44,15.407390927953074,7.407390927953074,45.407390927953074,0.0,1,TRAILING_STOP,MACD Divergence
2024-04-03 03:15:00,2024-04-03 03:30:00,2024-04-03 06:00:00,SHORT,65833.31,-48.13520693399731,-56.13520693399731,0.0,-98.01724993016435,10,TIME_EXIT,MACD Divergence
2024-04-03 07:00:00,2024-04-03 07:15:00,2024-04-03 08:30:00,SHORT,66432.01,36.535695668397636,28.535695668397636,66.53569566839764,-31.663952362724814,5,TRAILING_STOP,MACD Divergence
2024-04-03 09:45:00,2024-04-03 10:00:00,2024-04-03 11:15:00,SHORT,66484.57,112.36536387315272,104.36536387315272,142.36536387315272,0.0,5,TRAILING_STOP,MACD Divergence
2024-04-03 18:00:00,2024-04-03 18:15:00,2024-04-03 19:00:00,LONG,65768.01,38.08142895003289,30.081428950032887,58.08142895003289,-48.10697480431477,3,TRAILING_STOP,MACD Divergence
2024-04-03 21:00:00,2024-04-03 21:15:00,2024-04-03 23:15:00,LONG,65599.99,86.31251620617456,78.31251620617456,106.31251620617456,0.0,8,TRAILING_STOP,MACD Divergence
2024-04-04 00:15:00,2024-04-04 00:30:00,2024-04-04 02:30:00,SHORT,66181.26,79.80600852869709,71.80600852869709,109.80600852869709,-26.22645745940875,8,TRAILING_STOP,MACD Divergence
2024-04-04 04:00:00,2024-04-04 04:15:00,2024-04-04 05:15:00,LONG,65475.26,-5.941254757904645,-13.941254757904645,14.058745242095355,-42.04030652188354,4,TRAILING_STOP,MACD Divergence
2024-04-04 08:15:00,2024-04-04 08:30:00,2024-04-04 10:15:00,SHORT,66316.77,-3.536105573296169,-11.536105573296169,26.46389442670383,-22.953470140358338,7,TRAILING_STOP,MACD Divergence
2024-04-04 11:30:00,2024-04-04 11:45:00,2024-04-04 12:00:00,SHORT,66411.8,-17.76723413610153,-25.76723413610153,12.23276586389847,-25.471377074556553,1,TRAILING_STOP,MACD Divergence
2024-04-04 14:45:00,2024-04-04 15:00:00,2024-04-04 15:30:00,SHORT,67691.98,8.913029283526491,0.913029283526491,38.91302928352649,-7.093897977279448,2,TRAILING_STOP,MACD Divergence
2024-04-04 17:30:00,2024-04-04 17:45:00,2024-04-04 20:15:00,SHORT,68067.48,79.81455461550743,71.81455461550743,109.81455461550743,-182.52916076810948,10,TRAILING_STOP,MACD Divergence
2024-04-05 00:45:00,2024-04-05 01:00:00,2024-04-05 01:30:00,SHORT,68606.01,93.17871276875042,85.17871276875042,123.17871276875042,0.0,2,TRAILING_STOP,MACD Divergence
2024-04-05 04:45:00,2024-04-05 05:00:00,2024-04-05 07:30:00,LONG,67648.0,-107.32172421948835,-115.32172421948835,0.0,-187.44087038789027,10,TIME_EXIT,MACD Divergence
2024-04-05 09:15:00,2024-04-05 09:30:00,2024-04-05 10:45:00,LONG,66646.0,65.20241274795134,57.20241274795134,85.20241274795134,-2.010623293220025,5,TRAILING_STOP,MACD Divergence
2024-04-05 12:00:00,2024-04-05 12:15:00,2024-04-05 12:30:00,LONG,66595.74,1.565944007829227,-6.434055992170773,21.565944007829227,-96.57975119729994,1,TRAILING_STOP,MACD Divergence
2024-04-05 19:45:00,2024-04-05 20:00:00,2024-04-05 21:45:00,LONG,67412.41,43.142676548725,35.142676548725,63.142676548725,-2.412018795947113,7,TRAILING_STOP,MACD Divergence
2024-04-06 00:30:00,2024-04-06 00:45:00,2024-04-06 03:00:00,SHORT,67917.99,39.224663450729835,31.224663450729835,69.22466345072984,-8.795902234443433,9,TRAILING_STOP,MACD Divergence
2024-04-06 07:45:00,2024-04-06 08:00:00,2024-04-06 09:00:00,SHORT,67992.02,-10.513889718233813,-18.513889718233813,19.486110281766187,-18.822797145899756,4,TRAILING_STOP,MACD Divergence
2024-04-06 10:45:00,2024-04-06 11:00:00,2024-04-06 13:30:00,LONG,67842.18,-24.200283658336602,-32.2002836583366,0.0,-46.342850421374166,10,TIME_EXIT,MACD Divergence
2024-04-06 13:30:00,2024-04-06 13:45:00,2024-04-06 15:15:00,LONG,67678.01,71.75653953182213,63.75653953182213,91.75653953182213,0.0,6,TRAILING_STOP,MACD Divergence
2024-04-06 17:15:00,2024-04-06 17:30:00,2024-04-06 20:00:00,SHORT,68146.36,-5.815424330808668,-13.815424330808668,0.0,-49.559506920104894,10,TIME_EXIT,MACD Divergence
2024-04-06 21:00:00,2024-04-06 21:15:00,2024-04-06 22:15:00,SHORT,68387.39,-15.222421852917963,-23.22242185291796,14.777578147082037,-51.560675147859946,4,TRAILING_STOP,MACD Divergence
2024-04-07 01:30:00,2024-04-07 01:45:00,2024-04-07 04:15:00,SHORT,69415.58,30.480189029610028,22.480189029610028,34.99070381605965,-52.066121179135614,10,TIME_EXIT,MACD Divergence
2024-04-07 06:30:00,2024-04-07 06:45:00,2024-04-07 09:15:00,LONG,69261.77,22.3364866361336,14.3364866361336,42.3364866361336,-6.920123467824684,10,TRAILING_STOP,MACD Divergence
2024-04-07 09:15:00,2024-04-07 09:30:00,2024-04-07 10:30:00,SHORT,69365.95,-5.933437082602872,-13.933437082602872,24.06656291739713,-18.625853174359623,4,TRAILING_STOP,MACD Divergence
2024-04-07 12:00:00,2024-04-07 12:15:00,2024-04-07 13:30:00,LONG,69293.65,16.9947318405086,8.9947318405086,36.9947318405086,-11.494559746815789,5,TRAILING_STOP,MACD Divergence
2024-04-07 16:00:00,2024-04-07 16:15:00,2024-04-07 18:45:00,SHORT,69900.01,72.96136295259473,64.96136295259473,95.26035833185081,-60.98425450869018,10,TIME_EXIT,MACD Divergence
2024-04-07 19:15:00,2024-04-07 19:30:00,2024-04-07 22:00:00,LONG,69445.68,-35.78336334239941,-43.78336334239941,0.0,-85.8095132771382,10,TIME_EXIT,MACD Divergence
2024-04-07 22:00:00,2024-04-07 22:15:00,2024-04-07 22:45:00,LONG,69197.19,1.273985258648775,-6.726014741351225,21.273985258648775,-6.790738178819868,2,TRAILING_STOP,MACD Divergence
2024-04-08 05:45:00,2024-04-08 06:00:00,2024-04-08 07:00:00,SHORT,69702.0,-20.061978135490506,-28.061978135490506,9.938021864509492,-35.293104932426616,4,TRAILING_STOP,MACD Divergence
2024-04-08 11:15:00,2024-04-08 11:30:00,2024-04-08 12:00:00,SHORT,72522.08,11.785894723373644,3.7858947233736444,41.785894723373644,-38.04496506443327,2,TRAILING_STOP,MACD Divergence
2024-04-08 14:45:00,2024-04-08 15:00:00,2024-04-08 15:15:00,LONG,71725.99,14.52444504425663,6.52444504425663,34.52444504425663,-17.781560073274434,1,TRAILING_STOP,MACD Divergence
2024-04-08 17:30:00,2024-04-08 17:45:00,2024-04-08 18:45:00,LONG,71518.11,61.92889884813823,53.92889884813823,81.92889884813823,0.0,4,TRAILING_STOP,MACD Divergence
2024-04-09 00:15:00,2024-04-09 00:30:00,2024-04-09 01:00:00,LONG,71436.39,-11.24535828308323,-19.245358283083227,8.75464171691677,-84.41915947880312,2,TRAILING_STOP,MACD Divergence
2024-04-09 06:00:00,2024-04-09 06:15:00,2024-04-09 06:30:00,LONG,71082.36,5.760258944694659,-2.239741055305341,25.76025894469466,-64.83324414102259,1,TRAILING_STOP,MACD Divergence
2024-04-09 12:00:00,2024-04-09 12:15:00,2024-04-09 13:15:00,SHORT,70712.01,11.407393171257382,3.4073931712573824,41.40739317125738,-37.47453933214531,4,TRAILING_STOP,MACD Divergence
2024-04-09 16:45:00,2024-04-09 17:00:00,2024-04-09 17:45:00,LONG,68601.25,32.649186421529194,24.649186421529194,52.649186421529194,-50.328528999106396,3,TRAILING_STOP,MACD Divergence
2024-04-09 21:00:00,2024-04-09 21:15:00,2024-04-09 23:30:00,SHORT,69040.0,-8.05185399768267,-16.05185399768267,21.94814600231733,-57.879490150638155,9,TRAILING_STOP,MACD Divergence
2024-04-10 02:00:00,2024-04-10 02:15:00,2024-04-10 03:00:00,SHORT,69363.74,99.33414490049131,91.33414490049131,129.3341449004913,0.0,3,TRAILING_STOP,MACD Divergence
2024-04-10 07:00:00,2024-04-10 07:15:00,2024-04-10 08:00:00,SHORT,69461.17,65.18555474950945,57.18555474950945,95.18555474950945,0.0,3,TRAILING_STOP,MACD Divergence
2024-04-10 10:15:00,2024-04-10 10:30:00,2024-04-10 12:00:00,LONG,68848.0,31.748779920985193,23.748779920985193,51.74877992098519,-25.61875435742573,6,TRAILING_STOP,MACD Divergence
2024-04-10 13:30:00,2024-04-10 13:45:00,2024-04-10 14:15:00,LONG,67886.02,116.8087273344336,108.8087273344336,136.8087273344336,0.0,2,TRAILING_STOP,MACD Divergence
2024-04-10 17:00:00,2024-04-10 17:15:00,2024-04-10 18:00:00,SHORT,69261.23,-12.902411637795307,-20.902411637795307,17.097588362204693,-56.12952585450899,3,TRAILING_STOP,MACD Divergence
2024-04-10 19:45:00,2024-04-10 20:00:00,2024-04-10 21:45:00,SHORT,70084.0,41.76673705838725,33.76673705838725,71.76673705838725,-7.419667827178815,7,TRAILING_STOP,MACD Divergence
2024-04-11 05:45:00,2024-04-11 06:00:00,2024-04-11 06:15:00,LONG,70583.99,15.136863189512908,7.136863189512908,35.13686318951291,0.0,1,TRAILING_STOP,MACD Divergence
2024-04-11 11:00:00,2024-04-11 11:15:00,2024-04-11 11:30:00,LONG,70514.56,-14.52878951524313,-22.52878951524313,5.471210484756871,-67.7860005082625,1,TRAILING_STOP,MACD Divergence
2024-04-11 13:45:00,2024-04-11 14:00:00,2024-04-11 16:30:00,LONG,70284.01,-80.40093329905287,-88.40093329905287,0.0,-101.98621279576797,10,TIME_EXIT,MACD Divergence
2024-04-11 16:30:00,2024-04-11 16:45:00,2024-04-11 17:30:00,LONG,69718.92,84.29163274474139,76.29163274474139,104.29163274474139,0.0,3,TRAILING_STOP,MACD Divergence
2024-04-11 19:30:00,2024-04-11 19:45:00,2024-04-11 20:15:00,SHORT,70502.54,-13.158053596368202,-21.1580535963682,16.8419464036318,-34.54485469601562,2,TRAILING_STOP,MACD Divergence
2024-04-12 02:45:00,2024-04-12 03:00:00,2024-04-12 05:30:00,SHORT,70635.92,-44.740692837298475,-52.740692837298475,0.0,-83.74492750997058,10,TIME_EXIT,MACD Divergence
2024-04-12 07:45:00,2024-04-12 08:00:00,2024-04-12 09:00:00,LONG,70764.0,-1.688429144762626,-9.688429144762626,18.311570855237374,-25.64580860324401,4,TRAILING_STOP,MACD Divergence
2024-04-12 12:00:00,2024-04-12 12:15:00,2024-04-12 13:00:00,SHORT,70872.58,89.30989389690649,81.30989389690649,119.30989389690649,0.0,3,TRAILING_STOP,MACD Divergence
2024-04-12 15:00:00,2024-04-12 15:15:00,2024-04-12 15:30:00,LONG,69383.99,27.85109648493762,19.85109648493762,47.85109648493762,-4.591837396494578,1,TRAILING_STOP,MACD Divergence
2024-04-12 18:15:00,2024-04-12 18:30:00,2024-04-12 21:00:00,LONG,67624.44,-113.62903707594525,-121.62903707594525,0.0,-233.26182072635254,10,TIME_EXIT,MACD Divergence
2024-04-13 00:45:00,2024-04-13 01:00:00,2024-04-13 03:30:00,LONG,66913.27,8.971314658512256,0.9713146585122558,14.375324954228411,-176.6465754849524,10,TIME_EXIT,MACD Divergence
2024-04-13 04:45:00,2024-04-13 05:00:00,2024-04-13 06:45:00,SHORT,67587.63,18.677546468192475,10.677546468192475,48.677546468192475,-23.727714672048027,7,TRAILING_STOP,MACD Divergence
2024-04-13 09:15:00,2024-04-13 09:30:00,2024-04-13 10:15:00,LONG,67201.02,20.770214499719785,12.770214499719785,40.770214499719785,0.0,3,TRAILING_STOP,MACD Divergence
2024-04-13 15:15:00,2024-04-13 15:30:00,2024-04-13 16:30:00,SHORT,67884.31,67.26989933314454,59.26989933314454,97.26989933314454,0.0,4,TRAILING_STOP,MACD Divergence
2024-04-14 03:00:00,2024-04-14 03:15:00,2024-04-14 03:45:00,LONG,62183.57,203.9803858157389,195.9803858157389,223.9803858157389,0.0,2,TRAILING_STOP,MACD Divergence
2024-04-14 05:45:00,2024-04-14 06:00:00,2024-04-14 06:15:00,SHORT,64384.0,9.845303180914648,1.845303180914648,39.84530318091465,-44.132082504970086,1,TRAILING_STOP,MACD Divergence
2024-04-14 08:30:00,2024-04-14 08:45:00,2024-04-14 09:45:00,SHORT,64649.99,84.7223688665691,76.7223688665691,114.7223688665691,-11.084301791849233,4,TRAILING_STOP,MACD Divergence
2024-04-14 11:15:00,2024-04-14 11:30:00,2024-04-14 12:00:00,LONG,64110.13,28.14839714098229,20.14839714098229,48.14839714098229,-37.457418975753036,2,TRAILING_STOP,MACD Divergence
2024-04-14 14:00:00,2024-04-14 14:15:00,2024-04-14 14:30:00,LONG,64036.56,2.399704168993825,-5.600295831006175,22.399704168993825,-93.54187670293264,1,TRAILING_STOP,MACD Divergence
2024-04-14 18:30:00,2024-04-14 18:45:00,2024-04-14 19:30:00,SHORT,64505.15,57.56665165494516,49.56665165494516,87.56665165494516,0.0,3,TRAILING_STOP,MACD Divergence
2024-04-14 22:00:00,2024-04-14 22:15:00,2024-04-14 22:45:00,SHORT,64933.47,-24.70843002845827,-32.70843002845827,5.291569971541731,-81.63586514011902,2,TRAILING_STOP,MACD Divergence
2024-04-15 06:00:00,2024-04-15 06:15:00,2024-04-15 08:45:00,SHORT,65624.31,-101.01439542754946,-109.01439542754946,0.0,-146.06325003645733,10,TIME_EXIT,MACD Divergence
2024-04-15 09:15:00,2024-04-15 09:30:00,2024-04-15 12:00:00,SHORT,66644.5,97.05774670077862,89.05774670077862,127.05774670077862,-21.206551178267038,10,TRAILING_STOP,MACD Divergence
2024-04-15 12:00:00,2024-04-15 12:15:00,2024-04-15 12:30:00,LONG,66131.32,-3.0942433932986155,-11.094243393298616,16.905756606701384,-34.978887462099195,1,TRAILING_STOP,MACD Divergence
2024-04-15 17:15:00,2024-04-15 17:30:00,2024-04-15 17:45:00,LONG,63797.69,17.966891904707076,9.966891904707076,37.966891904707076,-76.28802861044096,1,TRAILING_STOP,MACD Divergence
2024-04-16 00:00:00,2024-04-16 00:15:00,2024-04-16 00:45:00,SHORT,63581.82,71.99299107826702,63.992991078267025,101.99299107826702,0.0,2,TRAILING_STOP,MACD Divergence
2024-04-16 04:45:00,2024-04-16 05:00:00,2024-04-16 05:45:00,LONG,62487.0,44.173348056395724,36.173348056395724,64.17334805639572,-3.1558564181351585,3,TRAILING_STOP,MACD Divergence
2024-04-16 15:30:00,2024-04-16 15:45:00,2024-04-16 16:15:00,LONG,61947.15,6.391851763962983,-1.6081482360370174,26.391851763962983,-40.86225112858374,2,TRAILING_STOP,MACD Divergence
2024-04-16 21:00:00,2024-04-16 21:15:00,2024-04-16 23:45:00,SHORT,63263.62,-83.74007051762084,-91.74007051762084,0.0,-174.0937366530713,10,TIME_EXIT,MACD Divergence
2024-04-17 06:15:00,2024-04-17 06:30:00,2024-04-17 07:00:00,LONG,63844.61,-2.128483516463092,-10.128483516463092,17.871516483536908,-90.31459351071307,2,TRAILING_STOP,MACD Divergence
2024-04-17 10:00:00,2024-04-17 10:15:00,2024-04-17 10:30:00,LONG,62898.6,10.848063390917897,2.848063390917897,30.848063390917897,-1.6470954838423402,1,TRAILING_STOP,MACD Divergence
2024-04-17 14:00:00,2024-04-17 14:15:00,2024-04-17 16:45:00,LONG,62115.22,-309.14645396088173,-317.14645396088173,0.0,-392.34506454295706,10,TIME_EXIT,MACD Divergence
2024-04-18 02:00:00,2024-04-18 02:15:00,2024-04-18 03:00:00,SHORT,61722.51,7.508195956386423,-0.4918040436135769,37.50819595638642,-69.39769623756334,3,TRAILING_STOP,MACD Divergence
2024-04-18 08:15:00,2024-04-18 08:30:00,2024-04-18 08:45:00,LONG,61138.81,35.52283402310237,27.52283402310237,55.52283402310237,0.0,1,TRAILING_STOP,MACD Divergence
2024-04-18 14:00:00,2024-04-18 14:15:00,2024-04-18 14:45:00,SHORT,63462.04,-17.914034909687057,-25.914034909687057,12.085965090312943,-80.16918460232239,2,TRAILING_STOP,MACD Divergence
2024-04-18 21:15:00,2024-04-18 21:30:00,2024-04-18 22:15:00,SHORT,63378.92,4.104399380740709,-3.895600619259291,34.10439938074071,-49.447040119964086,3,TRAILING_STOP,MACD Divergence
2024-04-19 00:00:00,2024-04-19 00:15:00,2024-04-19 00:30:00,LONG,62914.0,24.58467113837937,16.58467113837937,44.58467113837937,0.0,1,TRAILING_STOP,MACD Divergence
2024-04-19 06:30:00,2024-04-19 06:45:00,2024-04-19 09:15:00,SHORT,63630.76,-153.70239173632325,-161.70239173632325,0.0,-243.3162828795378,10,TIME_EXIT,MACD Divergence
2024-04-19 10:00:00,2024-04-19 10:15:00,2024-04-19 10:45:00,SHORT,64772.84,24.473449056733735,16.473449056733735,54.473449056733735,-3.283783758748895,2,TRAILING_STOP,MACD Divergence
2024-04-19 12:45:00,2024-04-19 13:00:00,2024-04-19 13:15:00,SHORT,64965.19,51.37896618173521,43.37896618173521,81.37896618173521,0.0,1,TRAILING_STOP,MACD Divergence
2024-04-19 16:15:00,2024-04-19 16:30:00,2024-04-19 16:45:00,LONG,63798.45,68.21844417850272,60.21844417850272,88.21844417850272,0.0,1,TRAILING_STOP,MACD Divergence
2024-04-20 04:30:00,2024-04-20 04:45:00,2024-04-20 05:30:00,SHORT,64185.81,0.9476502672474538,-7.052349732752546,30.947650267247454,-10.013116606303493,3,TRAILING_STOP,MACD Divergence
2024-04-20 09:45:00,2024-04-20 10:00:00,2024-04-20 10:45:00,LONG,63615.0,1.8266132201522502,-6.17338677984775,21.82661322015225,-37.37797689224221,3,TRAILING_STOP,MACD Divergence
2024-04-20 14:45:00,2024-04-20 15:00:00,2024-04-20 15:30:00,SHORT,63935.33,-18.050425328218147,-26.050425328218147,11.949574671781853,-115.92338695991656,2,TRAILING_STOP,MACD Divergence
2024-04-20 17:45:00,2024-04-20 18:00:00,2024-04-20 20:30:00,SHORT,65199.99,65.52301618451156,57.52301618451156,88.63038169177563,0.0,10,TIME_EXIT,MACD Divergence
2024-04-20 21:30:00,2024-04-20 21:45:00,2024-04-21 00:15:00,LONG,64802.1,11.405494575022027,3.4054945750220273,28.829312630300517,-38.13148030696514,10,TIME_EXIT,MACD Divergence
2024-04-21 00:45:00,2024-04-21 01:00:00,2024-04-21 01:45:00,LONG,64759.97,32.506200975695144,24.506200975695144,52.506200975695144,0.0,3,TRAILING_STOP,MACD Divergence
2024-04-21 07:30:00,2024-04-21 07:45:00,2024-04-21 08:15:00,LONG,65064.47,4.222129220448355,-3.7778707795516446,24.222129220448355,-17.57180224475843,2,TRAILING_STOP,MACD Divergence
2024-04-21 10:15:00,2024-04-21 10:30:00,2024-04-21 11:15:00,LONG,64886.2,65.4958373275057,57.4958373275057,85.4958373275057,0.0,3,TRAILING_STOP,MACD Divergence
2024-04-21 13:45:00,2024-04-21 14:00:00,2024-04-21 14:45:00,LONG,64882.0,3.86177984649051,-4.13822015350949,23.86177984649051,-14.179587558953177,3,TRAILING_STOP,MACD Divergence
2024-04-22 00:00:00,2024-04-22 00:15:00,2024-04-22 02:00:00,SHORT,65110.01,63.68912706356549,55.68912706356549,93.6891270635655,-81.39915813252033,7,TRAILING_STOP,MACD Divergence
2024-04-22 05:15:00,2024-04-22 05:30:00,2024-04-22 08:00:00,SHORT,65958.34,-13.287174904644267,-21.287174904644267,3.1595701165306025,-79.05899390433513,10,TIME_EXIT,MACD Divergence
2024-04-22 11:00:00,2024-04-22 11:15:00,2024-04-22 13:15:00,LONG,65930.23,30.09993139717512,22.09993139717512,50.09993139717512,-46.012276917584025,8,TRAILING_STOP,MACD Divergence
2024-04-22 14:30:00,2024-04-22 14:45:00,2024-04-22 15:30:00,SHORT,66259.67,59.61861717693398,51.61861717693398,89.61861717693398,0.0,3,TRAILING_STOP,MACD Divergence
2024-04-22 17:45:00,2024-04-22 18:00:00,2024-04-22 19:30:00,SHORT,66540.01,29.95490532688345,21.95490532688345,59.95490532688345,-12.02133874040675,6,TRAILING_STOP,MACD Divergence
2024-04-22 22:00:00,2024-04-22 22:15:00,2024-04-22 22:45:00,SHORT,66767.45,-11.052144420672832,-19.052144420672832,18.947855579327168,-64.78456193848993,2,TRAILING_STOP,MACD Divergence
2024-04-23 01:00:00,2024-04-23 01:15:00,2024-04-23 03:45:00,SHORT,67156.3,107.40466642742498,99.40466642742498,109.70675871064962,0.0,10,TIME_EXIT,MACD Divergence
2024-04-23 04:00:00,2024-04-23 04:15:00,2024-04-23 06:45:00,LONG,66535.54,-3.398346207153889,-11.398346207153889,16.60165379284611,-53.27077829382429,10,TRAILING_STOP,MACD Divergence
2024-04-23 07:30:00,2024-04-23 07:45:00,2024-04-23 08:00:00,LONG,66170.0,-18.198579416654336,-26.198579416654336,1.8014205833456631,-31.222608432825425,1,TRAILING_STOP,MACD Divergence
2024-04-23 11:00:00,2024-04-23 11:15:00,2024-04-23 13:45:00,LONG,66183.99,49.15085959610297,41.15085959610297,61.48465814768692,-63.18446500430203,10,TIME_EXIT,MACD Divergence
2024-04-23 14:30:00,2024-04-23 14:45:00,2024-04-23 16:00:00,SHORT,66647.92,17.935479456822648,9.935479456822648,47.93547945682265,-42.39442131127317,5,TRAILING_STOP,MACD Divergence
2024-04-24 01:45:00,2024-04-24 02:00:00,2024-04-24 03:00:00,SHORT,66743.25,15.237533383524628,7.237533383524628,45.23753338352463,0.0,4,TRAILING_STOP,MACD Divergence
2024-04-24 04:45:00,2024-04-24 05:00:00,2024-04-24 06:30:00,SHORT,67008.0,37.99635864374473,29.996358643744728,67.99635864374473,0.0,6,TRAILING_STOP,MACD Divergence
2024-04-24 08:15:00,2024-04-24 08:30:00,2024-04-24 11:00:00,LONG,66692.0,-41.68565944940844,-49.68565944940844,0.0,-73.31464043663364,10,TIME_EXIT,MACD Divergence
2024-04-24 12:30:00,2024-04-24 12:45:00,2024-04-24 13:30:00,SHORT,66469.94,65.63119810248114,57.631198102481136,95.63119810248114,0.0,3,TRAILING_STOP,MACD Divergence
2024-04-24 15:45:00,2024-04-24 16:00:00,2024-04-24 16:15:00,LONG,64610.1,5.376837367532186,-2.623162632467814,25.376837367532186,-37.47092172895547,1,TRAILING_STOP,MACD Divergence
2024-04-24 18:45:00,2024-04-24 19:00:00,2024-04-24 19:30:00,LONG,64127.04,35.976386872058825,27.976386872058825,55.976386872058825,0.0,2,TRAILING_STOP,MACD Divergence
2024-04-25 00:15:00,2024-04-25 00:30:00,2024-04-25 02:00:00,SHORT,64484.4,66.82962080751336,58.829620807513365,96.82962080751336,-39.865455831177734,6,TRAILING_STOP,MACD Divergence
2024-04-25 08:45:00,2024-04-25 09:00:00,2024-04-25 09:15:00,LONG,63948.78,13.342309266885337,5.342309266885337,33.34230926688534,0.0,1,TRAILING_STOP,MACD Divergence
2024-04-25 12:30:00,2024-04-25 12:45:00,2024-04-25 13:00:00,SHORT,63764.79,105.6218690597116,97.6218690597116,135.6218690597116,0.0,1,TRAILING_STOP,MACD Divergence
2024-04-25 18:00:00,2024-04-25 18:15:00,2024-04-25 18:45:00,SHORT,64733.85,13.50737674338842,5.50737674338842,43.50737674338842,0.0,2,TRAILING_STOP,MACD Divergence
2024-04-25 21:00:00,2024-04-25 21:15:00,2024-04-25 23:45:00,SHORT,64931.71,66.74242831430169,58.74242831430169,74.53369085767171,-29.678873388672365,10,TIME_EXIT,MACD Divergence
2024-04-25 23:45:00,2024-04-26 00:00:00,2024-04-26 01:45:00,LONG,64498.33,5.453372203590117,-2.546627796409883,25.453372203590117,-94.19003561797679,7,TRAILING_STOP,MACD Divergence
2024-04-26 07:15:00,2024-04-26 07:30:00,2024-04-26 09:00:00,SHORT,64483.64,8.684230604847535,0.6842306048475351,38.684230604847535,-1.7694410551270823,6,TRAILING_STOP,MACD Divergence
2024-04-26 10:00:00,2024-04-26 10:15:00,2024-04-26 12:00:00,SHORT,64412.5,24.756452551911053,16.756452551911053,54.75645255191105,-9.198525130991655,7,TRAILING_STOP,MACD Divergence
2024-04-26 12:45:00,2024-04-26 13:00:00,2024-04-26 14:15:00,LONG,64142.78,85.58164145676307,77.58164145676307,105.58164145676307,-71.22235737209964,5,TRAILING_STOP,MACD Divergence
2024-04-26 16:00:00,2024-04-26 16:15:00,2024-04-26 16:30:00,LONG,63463.08,28.558941671283243,20.558941671283243,48.55894167128324,0.0,1,TRAILING_STOP,MACD Divergence
2024-04-26 20:15:00,2024-04-26 20:30:00,2024-04-26 21:45:00,SHORT,63915.93,-16.555777253025923,-24.555777253025923,13.444222746974079,-25.757272091636214,5,TRAILING_STOP,MACD Divergence
2024-04-27 00:00:00,2024-04-27 00:15:00,2024-04-27 02:45:00,LONG,63903.99,-152.41927773210983,-160.41927773210983,0.0,-236.7223079497853,10,TIME_EXIT,MACD Divergence
2024-04-27 07:30:00,2024-04-27 07:45:00,2024-04-27 10:15:00,SHORT,63039.66,13.481988957428582,5.481988957428582,25.520442210507582,-3.2265402446644713,10,TIME_EXIT,MACD Divergence
2024-04-27 12:00:00,2024-04-27 12:15:00,2024-04-27 13:30:00,SHORT,63140.0,1.6724738675963273,-6.327526132403673,31.672473867596327,-20.87266392144455,5,TRAILING_STOP,MACD Divergence
2024-04-27 17:00:00,2024-04-27 17:15:00,2024-04-27 17:45:00,LONG,62839.99,108.90040243481931,100.90040243481931,128.9004024348193,0.0,2,TRAILING_STOP,MACD Divergence
2024-04-27 23:00:00,2024-04-27 23:15:00,2024-04-28 00:15:00,SHORT,63430.0,-29.443481002680304,-37.4434810026803,0.5565189973196967,-50.220715749645734,4,TRAILING_STOP,MACD Divergence
2024-04-28 01:45:00,2024-04-28 02:00:00,2024-04-28 02:45:00,SHORT,63603.6,-23.38873900219553,-31.38873900219553,6.61126099780447,-70.18470652604593,3,TRAILING_STOP,MACD Divergence
2024-04-28 08:00:00,2024-04-28 08:15:00,2024-04-28 10:45:00,LONG,63915.08,-34.51141733687914,-42.51141733687914,0.0,-89.1072967443675,10,TIME_EXIT,MACD Divergence
2024-04-28 11:15:00,2024-04-28 11:30:00,2024-04-28 13:15:00,LONG,63469.99,42.88011074210009,34.88011074210009,62.88011074210009,-11.865450112722197,7,TRAILING_STOP,MACD Divergence
2024-04-28 17:45:00,2024-04-28 18:00:00,2024-04-28 18:45:00,SHORT,63768.47,-18.400223496031636,-26.400223496031636,11.599776503968366,-32.54429657791677,3,TRAILING_STOP,MACD Divergence
2024-04-28 21:30:00,2024-04-28 21:45:00,2024-04-28 22:00:00,LONG,63665.52,-12.265829290327757,-20.26582929032776,7.734170709672243,-48.41081954565032,1,TRAILING_STOP,MACD Divergence
2024-04-29 02:30:00,2024-04-29 02:45:00,2024-04-29 03:00:00,LONG,62744.68,-16.78697859324548,-24.78697859324548,3.2130214067545197,-48.16025836772142,1,TRAILING_STOP,MACD Divergence
2024-04-29 05:30:00,2024-04-29 05:45:00,2024-04-29 06:00:00,LONG,62403.75,-8.774713058109024,-16.774713058109022,11.225286941890976,-12.758848626885824,1,TRAILING_STOP,MACD Divergence
2024-04-29 10:15:00,2024-04-29 10:30:00,2024-04-29 12:30:00,SHORT,62524.0,45.970827202354286,37.970827202354286,75.97082720235429,-1.031603864115714,8,TRAILING_STOP,MACD Divergence
2024-04-29 13:00:00,2024-04-29 13:15:00,2024-04-29 13:45:00,SHORT,62512.0,89.41227284361422,81.41227284361422,119.41227284361422,-14.077297158945482,2,TRAILING_STOP,MACD Divergence
2024-04-29 16:00:00,2024-04-29 16:15:00,2024-04-29 17:15:00,SHORT,63066.63,19.571381886109563,11.571381886109563,49.57138188610956,-24.594623178692217,4,TRAILING_STOP,MACD Divergence
2024-04-29 21:45:00,2024-04-29 22:00:00,2024-04-30 00:30:00,SHORT,63092.23,-172.09092149698856,-180.09092149698856,0.0,-180.07288694661693,10,TIME_EXIT,MACD Divergence
2024-04-30 00:30:00,2024-04-30 00:45:00,2024-04-30 02:00:00,SHORT,64178.0,154.22200754152558,146.22200754152558,184.22200754152558,-67.93605285300258,5,TRAILING_STOP,MACD Divergence
2024-04-30 08:00:00,2024-04-30 08:15:00,2024-04-30 10:45:00,LONG,62837.61,-167.95992081812122,-175.95992081812122,0.0,-220.6640258915001,10,TIME_EXIT,MACD Divergence
2024-04-30 11:15:00,2024-04-30 11:30:00,2024-04-30 11:45:00,LONG,61288.94,-10.40446775552038,-18.40446775552038,9.59553224447962,-22.315608656309614,1,TRAILING_STOP,MACD Divergence
2024-04-30 14:00:00,2024-04-30 14:15:00,2024-04-30 14:45:00,LONG,60573.9,142.687229978588,134.687229978588,162.687229978588,0.0,2,TRAILING_STOP,MACD Divergence
2024-04-30 17:00:00,2024-04-30 17:15:00,2024-04-30 17:30:00,LONG,60264.7,12.309129556773108,4.309129556773108,32.30912955677311,-30.648124026170727,1,TRAILING_STOP,MACD Divergence
2024-05-01 06:30:00,2024-05-01 06:45:00,2024-05-01 09:15:00,LONG,59808.0,-398.8914526484755,-406.8914526484755,0.0,-544.2716693418942,10,TIME_EXIT,MACD Divergence
2024-05-01 15:00:00,2024-05-01 15:15:00,2024-05-01 15:30:00,LONG,56974.93,10.725794660914485,2.7257946609144845,30.725794660914485,-6.048274214641269,1,TRAILING_STOP,MACD Divergence
2024-05-01 18:00:00,2024-05-01 18:15:00,2024-05-01 18:30:00,SHORT,57861.36,0.41235117874884963,-7.58764882125115,30.41235117874885,-152.05829935556332,1,TRAILING_STOP,MACD Divergence
2024-05-02 00:00:00,2024-05-02 00:15:00,2024-05-02 01:00:00,SHORT,58267.69,77.42831919370737,69.42831919370737,107.42831919370737,0.0,3,TRAILING_STOP,MACD Divergence
2024-05-02 08:15:00,2024-05-02 08:30:00,2024-05-02 09:45:00,SHORT,57905.85,18.174752637254976,10.174752637254976,48.174752637254976,-8.197790033304264,5,TRAILING_STOP,MACD Divergence
2024-05-02 11:00:00,2024-05-02 11:15:00,2024-05-02 11:30:00,SHORT,58135.45,-19.6844352284202,-27.6844352284202,10.315564771579801,-72.16767050052987,1,TRAILING_STOP,MACD Divergence
2024-05-02 14:30:00,2024-05-02 14:45:00,2024-05-02 15:00:00,SHORT,59261.07,18.70482426321317,10.704824263213169,48.70482426321317,-3.3816466695591005,1,TRAILING_STOP,MACD Divergence
2024-05-02 18:00:00,2024-05-02 18:15:00,2024-05-02 18:30:00,SHORT,59287.91,12.195786628337132,4.195786628337132,42.19578662833713,-8.484023133889462,1,TRAILING_STOP,MACD Divergence
2024-05-03 03:15:00,2024-05-03 03:30:00,2024-05-03 06:00:00,SHORT,59731.1,36.34622499836744,28.34622499836744,45.252808001191276,-19.05874829025479,10,TIME_EXIT,MACD Divergence
2024-05-03 07:00:00,2024-05-03 07:15:00,2024-05-03 09:45:00,LONG,59415.22,11.091434147681596,3.0914341476815963,26.972886745181125,-59.51168740938834,10,TIME_EXIT,MACD Divergence
2024-05-03 10:30:00,2024-05-03 10:45:00,2024-05-03 11:30:00,LONG,59016.67,21.417111470369356,13.417111470369356,41.417111470369356,-25.20474299888489,3,TRAILING_STOP,MACD Divergence
2024-05-03 14:00:00,2024-05-03 14:15:00,2024-05-03 14:30:00,SHORT,61588.01,-19.944471334599008,-27.944471334599008,10.05552866540099,-49.188145549757984,1,TRAILING_STOP,MACD Divergence
2024-05-03 20:00:00,2024-05-03 20:15:00,2024-05-03 22:45:00,SHORT,62168.89,-98.68923186500528,-106.68923186500528,0.0,-166.33399759912098,10,TIME_EXIT,MACD Divergence
2024-05-03 23:30:00,2024-05-03 23:45:00,2024-05-04 00:45:00,SHORT,62968.56,2.262132086233855,-5.737867913766145,32.262132086233855,-32.17478690953165,4,TRAILING_STOP,MACD Divergence
2024-05-04 15:30:00,2024-05-04 15:45:00,2024-05-04 16:00:00,LONG,63570.87,-7.552474899274246,-15.552474899274246,12.447525100725754,-29.079356629852725,1,TRAILING_STOP,MACD Divergence
2024-05-05 00:15:00,2024-05-05 00:30:00,2024-05-05 01:30:00,SHORT,63914.33,140.87873720963725,132.87873720963725,170.87873720963725,0.0,4,TRAILING_STOP,MACD Divergence
2024-05-05 06:15:00,2024-05-05 06:30:00,2024-05-05 07:15:00,SHORT,63374.04,-27.784581825618048,-35.78458182561805,2.2154181743819508,-55.00359453176754,3,TRAILING_STOP,MACD Divergence
2024-05-05 11:15:00,2024-05-05 11:30:00,2024-05-05 13:15:00,SHORT,63834.0,3.6952094495091146,-4.304790550490885,33.695209449509115,-69.86715543440768,7,TRAILING_STOP,MACD Divergence
2024-05-05 15:15:00,2024-05-05 15:30:00,2024-05-05 16:00:00,SHORT,64347.99,-13.969973265675982,-21.969973265675982,16.030026734324018,-46.31224689380384,2,TRAILING_STOP,MACD Divergence
2024-05-05 19:30:00,2024-05-05 19:45:00,2024-05-05 20:15:00,LONG,63867.85,-18.105463077276198,-26.105463077276198,1.8945369227238031,-36.1527748311555,2,TRAILING_STOP,MACD Divergence
2024-05-06 01:15:00,2024-05-06 01:30:00,2024-05-06 02:00:00,SHORT,64315.01,19.481450753098734,11.481450753098734,49.481450753098734,0.0,2,TRAILING_STOP,MACD Divergence
2024-05-06 04:00:00,2024-05-06 04:15:00,2024-05-06 05:00:00,LONG,63840.68,34.02511376758541,26.02511376758541,54.02511376758541,0.0,3,TRAILING_STOP,MACD Divergence
2024-05-06 07:30:00,2024-05-06 07:45:00,2024-05-06 10:15:00,SHORT,64419.2,-62.56364562118221,-70.56364562118222,0.0,-167.77606676270474,10,TIME_EXIT,MACD Divergence
2024-05-06 12:15:00,2024-05-06 12:30:00,2024-05-06 13:45:00,LONG,63821.02,7.804319015898582,-0.19568098410141843,27.80431901589858,-74.76533593477451,5,TRAILING_STOP,MACD Divergence
2024-05-06 15:00:00,2024-05-06 15:15:00,2024-05-06 15:45:00,LONG,63174.38,72.69897069033406,64.69897069033406,92.69897069033406,0.0,2,TRAILING_STOP,MACD Divergence
2024-05-06 18:30:00,2024-05-06 18:45:00,2024-05-06 19:00:00,LONG,63334.8,-8.947624370804045,-16.947624370804043,11.052375629195955,-50.8282966078689,1,TRAILING_STOP,MACD Divergence
2024-05-06 21:45:00,2024-05-06 22:00:00,2024-05-07 00:15:00,SHORT,63550.29,62.88549273339285,54.88549273339285,92.88549273339285,-2.0755216065894158,9,TRAILING_STOP,MACD Divergence
2024-05-07 00:30:00,2024-05-07 00:45:00,2024-05-07 01:00:00,SHORT,63553.99,-18.35793000565378,-26.35793000565378,11.642069994346219,-25.217928882199857,1,TRAILING_STOP,MACD Divergence
2024-05-07 07:15:00,2024-05-07 07:30:00,2024-05-07 08:00:00,SHORT,63821.98,5.387495029142912,-2.6125049708570884,35.38749502914291,-0.8226006150232255,2,TRAILING_STOP,MACD Divergence
2024-05-07 13:45:00,2024-05-07 14:00:00,2024-05-07 14:15:00,LONG,63213.17,14.461173201724229,6.461173201724229,34.46117320172423,0.0,1,TRAILING_STOP,MACD Divergence
2024-05-07 18:30:00,2024-05-07 18:45:00,2024-05-07 19:15:00,LONG,62980.07,25.908173807999475,17.908173807999475,45.908173807999475,0.0,2,TRAILING_STOP,MACD Divergence
2024-05-07 21:45:00,2024-05-07 22:00:00,2024-05-07 22:45:00,LONG,63074.01,-12.137807632653052,-20.13780763265305,7.862192367346948,-53.14550319537304,3,TRAILING_STOP,MACD Divergence
2024-05-08 00:30:00,2024-05-08 00:45:00,2024-05-08 01:15:00,LONG,62601.99,-1.4079392683843714,-9.407939268384371,18.59206073161563,-17.889207675346736,2,TRAILING_STOP,MACD Divergence
2024-05-08 04:00:00,2024-05-08 04:15:00,2024-05-08 04:30:00,SHORT,62891.99,54.89157363282693,46.89157363282693,84.89157363282693,0.0,1,TRAILING_STOP,MACD Divergence
2024-05-08 07:30:00,2024-05-08 07:45:00,2024-05-08 08:30:00,LONG,62314.02,-1.7135854820465184,-9.713585482046518,18.28641451795348,-43.65309764961349,3,TRAILING_STOP,MACD Divergence
2024-05-08 12:45:00,2024-05-08 13:00:00,2024-05-08 14:00:00,LONG,62238.29,15.828426520072767,7.828426520072767,35.82842652007277,-76.6875182464044,4,TRAILING_STOP,MACD Divergence
2024-05-08 21:15:00,2024-05-08 21:30:00,2024-05-09 00:00:00,LONG,61650.0,-61.18085969180864,-69.18085969180865,0.0,-123.60097323600972,10,TIME_EXIT,MACD Divergence
2024-05-09 02:45:00,2024-05-09 03:00:00,2024-05-09 03:30:00,SHORT,61664.64,9.147232514452604,1.1472325144526039,39.147232514452604,-8.979214019574691,2,TRAILING_STOP,MACD Divergence
2024-05-09 06:00:00,2024-05-09 06:15:00,2024-05-09 08:30:00,SHORT,61770.01,73.77365974200133,65.77365974200133,103.77365974200133,-0.40634605692872017,9,TRAILING_STOP,MACD Divergence
2024-05-09 09:00:00,2024-05-09 09:15:00,2024-05-09 10:00:00,LONG,61251.97,-8.606080751361814,-16.606080751361816,11.393919248638186,-53.67174312924139,3,TRAILING_STOP,MACD Divergence
2024-05-09 14:45:00,2024-05-09 15:00:00,2024-05-09 17:30:00,SHORT,61540.6,-90.26561326993887,-98.26561326993887,0.0,-183.30500515107096,10,TIME_EXIT,MACD Divergence
2024-05-09 20:00:00,2024-05-09 20:15:00,2024-05-09 20:45:00,SHORT,62543.74,1.5587139496290732,-6.441286050370927,31.558713949629073,-18.51024578958727,2,TRAILING_STOP,MACD Divergence
2024-05-10 05:15:00,2024-05-10 05:30:00,2024-05-10 07:00:00,LONG,62694.0,82.05123297285273,74.05123297285273,102.05123297285273,0.0,6,TRAILING_STOP,MACD Divergence
2024-05-10 11:15:00,2024-05-10 11:30:00,2024-05-10 12:00:00,LONG,63034.0,49.030999143319065,41.030999143319065,69.03099914331906,0.0,2,TRAILING_STOP,MACD Divergence
2024-05-10 16:00:00,2024-05-10 16:15:00,2024-05-10 17:00:00,LONG,61070.76,-0.7911347427152258,-8.791134742715226,19.208865257284774,-62.80092142295246,3,TRAILING_STOP,MACD Divergence
2024-05-10 22:15:00,2024-05-10 22:30:00,2024-05-11 01:00:00,SHORT,60714.01,-19.457128593548337,-27.457128593548337,10.542871406451663,-59.622153107659656,10,TRAILING_STOP,MACD Divergence
2024-05-11 01:00:00,2024-05-11 01:15:00,2024-05-11 02:30:00,SHORT,61052.0,18.886195374434763,10.886195374434763,48.88619537443476,0.0,5,TRAILING_STOP,MACD Divergence
2024-05-11 06:15:00,2024-05-11 06:30:00,2024-05-11 09:00:00,SHORT,60980.01,27.223675430686555,19.223675430686555,32.79927307325827,-12.91242818753194,10,TIME_EXIT,MACD Divergence
2024-05-11 09:30:00,2024-05-11 09:45:00,2024-05-11 10:30:00,LONG,60780.23,0.4342760795734186,-7.565723920426581,20.43427607957342,-14.516233321263048,3,TRAILING_STOP,MACD Divergence
2024-05-11 14:15:00,2024-05-11 14:30:00,2024-05-11 15:00:00,SHORT,60860.0,-19.753532697995304,-27.753532697995304,10.246467302004698,-57.50903713440683,2,TRAILING_STOP,MACD Divergence
2024-05-11 21:30:00,2024-05-11 21:45:00,2024-05-11 23:30:00,LONG,60914.86,-7.664750440204669,-15.664750440204669,12.335249559795331,-28.129425233842536,7,TRAILING_STOP,MACD Divergence
2024-05-12 05:00:00,2024-05-12 05:15:00,2024-05-12 07:45:00,SHORT,61022.74,37.637080865264,29.637080865263997,67.637080865264,-8.31165562215023,10,TRAILING_STOP,MACD Divergence
2024-05-12 08:30:00,2024-05-12 08:45:00,2024-05-12 10:15:00,SHORT,61048.99,-13.785153529976832,-21.78515352997683,16.21484647002317,-40.70501412062673,6,TRAILING_STOP,MACD Divergence
2024-05-12 14:15:00,2024-05-12 14:30:00,2024-05-12 15:15:00,SHORT,61224.44,-13.720553426049218,-21.720553426049218,16.279446573950782,-20.384016578999436,3,TRAILING_STOP,MACD Divergence
2024-05-12 17:00:00,2024-05-12 17:15:00,2024-05-12 18:15:00,LONG,61510.0,8.531946025036579,0.5319460250365786,28.53194602503658,-21.13314908144984,4,TRAILING_STOP,MACD Divergence
2024-05-13 00:30:00,2024-05-13 00:45:00,2024-05-13 01:45:00,SHORT,61563.83,34.15617741781192,26.156177417811918,64.15617741781192,0.0,4,TRAILING_STOP,MACD Divergence
2024-05-13 05:45:00,2024-05-13 06:00:00,2024-05-13 07:00:00,LONG,60858.96,128.05379520123262,120.05379520123262,148.05379520123262,0.0,4,TRAILING_STOP,MACD Divergence
2024-05-13 08:45:00,2024-05-13 09:00:00,2024-05-13 10:30:00,SHORT,62767.19,31.871496875996172,23.871496875996172,61.87149687599617,-84.16658448466481,6,TRAILING_STOP,MACD Divergence
2024-05-13 14:30:00,2024-05-13 14:45:00,2024-05-13 15:00:00,SHORT,62811.09,-12.858122665918032,-20.85812266591803,17.14187733408197,-27.342305315829616,1,TRAILING_STOP,MACD Divergence
2024-05-13 17:15:00,2024-05-13 17:30:00,2024-05-13 18:00:00,LONG,62676.01,8.988763005174555,0.9887630051745546,28.988763005174555,-4.149913180497935,2,TRAILING_STOP,MACD Divergence
2024-05-14 00:45:00,2024-05-14 01:00:00,2024-05-14 01:30:00,LONG,62815.02,12.60048313285678,4.60048313285678,32.60048313285678,-18.310907168380556,2,TRAILING_STOP,MACD Divergence
2024-05-14 03:30:00,2024-05-14 03:45:00,2024-05-14 04:30:00,LONG,62471.95,11.618990602983597,3.6189906029835974,31.618990602983597,-11.345892036345495,3,TRAILING_STOP,MACD Divergence
2024-05-14 12:30:00,2024-05-14 12:45:00,2024-05-14 13:30:00,LONG,61800.74,21.104685801496686,13.104685801496686,41.104685801496686,-56.40385535836537,3,TRAILING_STOP,MACD Divergence
2024-05-14 17:45:00,2024-05-14 18:00:00,2024-05-14 18:15:00,LONG,61314.99,4.1637485384901005,-3.8362514615098995,24.1637485384901,-9.368019141811008,1,TRAILING_STOP,MACD Divergence
2024-05-14 21:30:00,2024-05-14 21:45:00,2024-05-15 00:15:00,SHORT,61751.69,4.2808431639688465,-3.7191568360311535,34.28084316396885,-2.3626883733864625,10,TRAILING_STOP,MACD Divergence
2024-05-15 00:15:00,2024-05-15 00:30:00,2024-05-15 01:00:00,SHORT,61733.08,36.99973498811343,28.99973498811343,66.99973498811343,0.0,2,TRAILING_STOP,MACD Divergence
2024-05-15 03:30:00,2024-05-15 03:45:00,2024-05-15 05:00:00,SHORT,61915.99,-14.202788326569975,-22.202788326569973,15.797211673430025,-26.915502764310393,5,TRAILING_STOP,MACD Divergence
2024-05-15 07:00:00,2024-05-15 07:15:00,2024-05-15 09:45:00,SHORT,61910.01,-119.52348255152943,-127.52348255152943,0.0,-162.9962586017997,10,TIME_EXIT,MACD Divergence
2024-05-15 10:30:00,2024-05-15 10:45:00,2024-05-15 11:30:00,SHORT,62710.98,44.71737804129435,36.71737804129435,74.71737804129435,-18.07020078461534,3,TRAILING_STOP,MACD Divergence
2024-05-15 15:00:00,2024-05-15 15:15:00,2024-05-15 16:00:00,SHORT,64877.11,11.173227352451832,3.173227352451832,41.17322735245183,-29.065721330681914,3,TRAILING_STOP,MACD Divergence
2024-05-15 17:45:00,2024-05-15 18:00:00,2024-05-15 20:30:00,SHORT,65046.56,-115.74785814960987,-123.74785814960987,0.0,-211.0165395372171,10,TIME_EXIT,MACD Divergence
2024-05-15 23:15:00,2024-05-15 23:30:00,2024-05-16 02:00:00,SHORT,66235.51,29.91499121845537,21.91499121845537,59.91499121845537,-64.99383789752737,10,TRAILING_STOP,MACD Divergence
2024-05-16 02:30:00,2024-05-16 02:45:00,2024-05-16 03:00:00,LONG,65884.27,-2.889694307913569,-10.889694307913569,17.11030569208643,-11.659839290927406,1,TRAILING_STOP,MACD Divergence
2024-05-16 05:15:00,2024-05-16 05:30:00,2024-05-16 07:45:00,LONG,65774.72,56.5218004728857,48.5218004728857,76.5218004728857,-18.51775271715378,9,TRAILING_STOP,MACD Divergence
2024-05-16 11:45:00,2024-05-16 12:00:00,2024-05-16 12:15:00,SHORT,66503.81,26.78170919831441,18.78170919831441,56.78170919831441,0.0,1,TRAILING_STOP,MACD Divergence
2024-05-16 16:15:00,2024-05-16 16:30:00,2024-05-16 19:00:00,LONG,65462.19,-23.76028055278946,-31.76028055278946,0.0,-131.28494479026833,10,TIME_EXIT,MACD Divergence
2024-05-17 00:45:00,2024-05-17 01:00:00,2024-05-17 01:30:00,SHORT,65508.7,31.414743385229713,23.414743385229713,61.41474338522971,0.0,2,TRAILING_STOP,MACD Divergence
2024-05-17 06:30:00,2024-05-17 06:45:00,2024-05-17 09:15:00,SHORT,65852.85,-53.64384381237786,-61.64384381237786,0.0,-98.27213248932948,10,TIME_EXIT,MACD Divergence
2024-05-17 10:30:00,2024-05-17 10:45:00,2024-05-17 12:45:00,SHORT,66380.72,9.276464612014024,1.2764646120140242,39.276464612014024,-27.64507525679064,8,TRAILING_STOP,MACD Divergence
2024-05-18 00:30:00,2024-05-18 00:45:00,2024-05-18 02:30:00,LONG,66825.61,14.371553061768132,6.371553061768132,34.37155306176813,-9.020493789731038,7,TRAILING_STOP,MACD Divergence
2024-05-18 05:30:00,2024-05-18 05:45:00,2024-05-18 07:30:00,LONG,66850.0,38.44278234854186,30.44278234854186,58.44278234854186,-17.950635751682874,7,TRAILING_STOP,MACD Divergence
2024-05-18 10:30:00,2024-05-18 10:45:00,2024-05-18 13:15:00,SHORT,67113.67,9.726630953127035,1.7266309531270352,39.726630953127035,-42.66492951435922,10,TRAILING_STOP,MACD Divergence
2024-05-18 13:30:00,2024-05-18 13:45:00,2024-05-18 14:30:00,LONG,67017.47,-13.474835740591828,-21.47483574059183,6.525164259408171,-62.279283297326,3,TRAILING_STOP,MACD Divergence
2024-05-18 20:45:00,2024-05-18 21:00:00,2024-05-18 23:30:00,SHORT,66964.01,-4.868286711026688,-12.868286711026688,22.998921360891433,-11.335940007177513,10,TIME_EXIT,MACD Divergence
2024-05-18 23:30:00,2024-05-18 23:45:00,2024-05-19 02:15:00,SHORT,66996.6,-6.236107503961936,-14.236107503961936,23.763892496038064,-15.124648116469668,10,TRAILING_STOP,MACD Divergence
2024-05-19 02:15:00,2024-05-19 02:30:00,2024-05-19 02:45:00,SHORT,67060.01,-21.39874867301794,-29.39874867301794,8.601251326982059,-28.33134083934751,1,TRAILING_STOP,MACD Divergence
2024-05-19 07:15:00,2024-05-19 07:30:00,2024-05-19 08:30:00,LONG,67183.06,3.3466591131761234,-4.653340886823877,23.346659113176123,-12.363235613262878,4,TRAILING_STOP,MACD Divergence
2024-05-19 10:15:00,2024-05-19 10:30:00,2024-05-19 11:30:00,SHORT,67282.0,19.344549805297106,11.344549805297106,49.344549805297106,-47.70072233286798,4,TRAILING_STOP,MACD Divergence
2024-05-19 13:30:00,2024-05-19 13:45:00,2024-05-19 14:15:00,LONG,66913.4,15.336718803709218,7.336718803709218,35.33671880370922,0.0,2,TRAILING_STOP,MACD Divergence
2024-05-19 16:15:00,2024-05-19 16:30:00,2024-05-19 16:45:00,LONG,66744.86,-4.18604818408445,-12.18604818408445,15.81395181591555,-33.48272810820128,1,TRAILING_STOP,MACD Divergence
2024-05-20 00:30:00,2024-05-20 00:45:00,2024-05-20 01:30:00,SHORT,66357.59,14.799698120440908,6.799698120440908,44.79969812044091,-34.96811743765983,3,TRAILING_STOP,MACD Divergence
2024-05-20 03:30:00,2024-05-20 03:45:00,2024-05-20 04:30:00,SHORT,66712.94,-16.968045479632238,-24.968045479632238,13.031954520367762,-58.01872920006189,3,TRAILING_STOP,MACD Divergence
2024-05-20 10:00:00,2024-05-20 10:15:00,2024-05-20 11:00:00,SHORT,67045.17,-27.73734632934807,-35.73734632934807,2.262653670651928,-30.551044914943425,3,TRAILING_STOP,MACD Divergence
2024-05-20 12:45:00,2024-05-20 13:00:00,2024-05-20 13:30:00,LONG,66936.4,13.404844001172137,5.404844001172137,33.40484400117214,-24.182656969899092,2,TRAILING_STOP,MACD Divergence
2024-05-20 17:15:00,2024-05-20 17:30:00,2024-05-20 18:00:00,SHORT,68342.0,-7.173626759532937,-15.173626759532937,22.826373240467063,-28.970472037693543,2,TRAILING_STOP,MACD Divergence
2024-05-20 20:00:00,2024-05-20 20:15:00,2024-05-20 20:45:00,SHORT,69672.04,44.41005028702949,36.41005028702949,74.41005028702949,-42.69287938174505,2,TRAILING_STOP,MACD Divergence
2024-05-20 23:15:00,2024-05-20 23:30:00,2024-05-21 00:15:00,SHORT,71432.01,12.927533468538748,4.927533468538748,42.92753346853875,-76.574913683656,3,TRAILING_STOP,MACD Divergence
2024-05-21 07:45:00,2024-05-21 08:00:00,2024-05-21 08:30:00,LONG,70878.3,5.635490693201881,-2.3645093067981193,25.63549069320188,-5.455830627991678,2,TRAILING_STOP,MACD Divergence
2024-05-21 11:45:00,2024-05-21 12:00:00,2024-05-21 13:30:00,SHORT,71130.0,14.429917053282558,6.4299170532825585,44.42991705328256,-45.70364122030037,6,TRAILING_STOP,MACD Divergence
2024-05-21 15:15:00,2024-05-21 15:30:00,2024-05-21 18:00:00,LONG,70309.07,-86.82805788783871,-94.82805788783871,0.0,-107.96188884307627,10,TIME_EXIT,MACD Divergence
2024-05-21 18:15:00,2024-05-21 18:30:00,2024-05-21 19:15:00,LONG,69676.01,18.519714317739982,10.519714317739982,38.51971431773998,-61.85916788289037,3,TRAILING_STOP,MACD Divergence
2024-05-21 23:30:00,2024-05-21 23:45:00,2024-05-22 02:15:00,SHORT,70317.42,14.041718254168359,6.041718254168359,44.04171825416836,-7.278424037743076,10,TRAILING_STOP,MACD Divergence
2024-05-22 02:15:00,2024-05-22 02:30:00,2024-05-22 04:45:00,SHORT,70241.12,123.203707457967,115.203707457967,153.203707457967,0.0,9,TRAILING_STOP,MACD Divergence
2024-05-22 11:00:00,2024-05-22 11:15:00,2024-05-22 12:00:00,SHORT,70202.01,49.999133927931794,41.999133927931794,79.9991339279318,0.0,3,TRAILING_STOP,MACD Divergence
2024-05-22 14:15:00,2024-05-22 14:30:00,2024-05-22 15:00:00,LONG,69704.01,63.40409683747042,55.40409683747042,83.40409683747042,0.0,2,TRAILING_STOP,MACD Divergence
2024-05-22 21:00:00,2024-05-22 21:15:00,2024-05-22 21:30:00,LONG,69086.01,63.89542253200116,55.89542253200116,83.89542253200116,0.0,1,TRAILING_STOP,MACD Divergence
2024-05-23 04:30:00,2024-05-23 04:45:00,2024-05-23 06:45:00,SHORT,69552.0,-0.5500920174830704,-8.55009201748307,29.44990798251693,-17.684610075914424,8,TRAILING_STOP,MACD Divergence
2024-05-23 07:30:00,2024-05-23 07:45:00,2024-05-23 10:15:00,SHORT,69776.0,5.271153405182131,-2.7288465948178686,28.39658335244202,-10.596766796606616,10,TIME_EXIT,MACD Divergence
2024-05-23 10:15:00,2024-05-23 10:30:00,2024-05-23 11:15:00,SHORT,69739.22,1.4313810793979442,-6.568618920602056,31.431381079397944,-30.080634684471494,3,TRAILING_STOP,MACD Divergence
2024-05-23 14:45:00,2024-05-23 15:00:00,2024-05-23 15:30:00,LONG,67748.62,63.421625414657655,55.421625414657655,83.42162541465765,0.0,2,TRAILING_STOP,MACD Divergence
2024-05-23 17:45:00,2024-05-23 18:00:00,2024-05-23 19:45:00,LONG,67639.25,-12.496959975162351,-20.49695997516235,7.50304002483765,-129.296229629986,7,TRAILING_STOP,MACD Divergence
2024-05-24 02:45:00,2024-05-24 03:00:00,2024-05-24 05:30:00,SHORT,67978.38,111.08237648499565,103.08237648499565,132.0110894081323,-3.1804229521202685,10,TIME_EXIT,MACD Divergence
2024-05-24 06:15:00,2024-05-24 06:30:00,2024-05-24 06:45:00,LONG,67154.54,-8.036549725452506,-16.036549725452506,11.963450274547494,-50.38080820745511,1,TRAILING_STOP,MACD Divergence
2024-05-24 11:15:00,2024-05-24 11:30:00,2024-05-24 12:45:00,SHORT,67342.56,-20.35082717378194,-28.35082717378194,9.64917282621806,-34.042364887821314,5,TRAILING_STOP,MACD Divergence
2024-05-24 14:15:00,2024-05-24 14:30:00,2024-05-24 15:00:00,SHORT,67805.02,-18.077578916721645,-26.077578916721645,11.922421083278355,-82.4466978993589,2,TRAILING_STOP,MACD Divergence
2024-05-24 17:00:00,2024-05-24 17:15:00,2024-05-24 19:45:00,SHORT,68516.22,-87.5354770009196,-95.5354770009196,0.0,-107.09580884643066,10,TIME_EXIT,MACD Divergence
2024-05-24 19:45:00,2024-05-24 20:00:00,2024-05-24 22:30:00,SHORT,69115.98,43.084102981683664,35.084102981683664,54.06853812967668,0.0,10,TIME_EXIT,MACD Divergence
2024-05-24 22:45:00,2024-05-24 23:00:00,2024-05-25 01:30:00,LONG,68788.0,-18.174681630517544,-26.174681630517544,0.0,-41.86776763388963,10,TIME_EXIT,MACD Divergence
2024-05-25 03:00:00,2024-05-25 03:15:00,2024-05-25 05:45:00,SHORT,68728.6,1.5117432917299956,-6.488256708270004,7.797336189011715,-15.027223019237818,10,TIME_EXIT,MACD Divergence
2024-05-25 06:15:00,2024-05-25 06:30:00,2024-05-25 08:30:00,LONG,68700.0,32.30713245997174,24.30713245997174,52.30713245997174,-9.982532751091957,8,TRAILING_STOP,MACD Divergence
2024-05-25 10:15:00,2024-05-25 10:30:00,2024-05-25 13:00:00,SHORT,69044.0,-16.27657725508439,-24.27657725508439,3.6846069173284177,-81.97671050344708,10,TIME_EXIT,MACD Divergence
2024-05-25 15:45:00,2024-05-25 16:00:00,2024-05-25 18:30:00,LONG,68930.39,29.83009380913054,21.83009380913054,44.04588455106675,-4.868679837731611,10,TIME_EXIT,MACD Divergence
2024-05-25 19:00:00,2024-05-25 19:15:00,2024-05-25 21:45:00,SHORT,69154.0,2.1676258784748876,-5.832374121525112,15.037452641930365,-9.744917141452326,10,TIME_EXIT,MACD Divergence
2024-05-25 22:30:00,2024-05-25 22:45:00,2024-05-26 00:15:00,LONG,69115.01,14.954780444944028,6.954780444944028,34.95478044494403,0.0,6,TRAILING_STOP,MACD Divergence
2024-05-26 06:45:00,2024-05-26 07:00:00,2024-05-26 09:30:00,SHORT,69105.64,8.34085322124206,0.3408532212420603,18.969508132765505,-66.0713076385656,10,TIME_EXIT,MACD Divergence
2024-05-26 12:15:00,2024-05-26 12:30:00,2024-05-26 14:15:00,LONG,69018.51,8.214170372558101,0.214170372558101,28.2141703725581,-9.926322663296379,7,TRAILING_STOP,MACD Divergence
2024-05-26 15:45:00,2024-05-26 16:00:00,2024-05-26 16:15:00,LONG,68847.98,-7.932834049742382,-15.932834049742382,12.067165950257618,-22.639734673405865,1,TRAILING_STOP,MACD Divergence
2024-05-26 18:30:00,2024-05-26 18:45:00,2024-05-26 20:30:00,LONG,68778.14,0.07614628717812622,-7.923853712821874,20.076146287178126,-8.357306551179768,7,TRAILING_STOP,MACD Divergence
2024-05-26 21:15:00,2024-05-26 21:30:00,2024-05-26 22:45:00,LONG,68611.31,-6.978823170699334,-14.978823170699334,13.021176829300666,-45.6630255274244,5,TRAILING_STOP,MACD Divergence
2024-05-27 02:30:00,2024-05-27 02:45:00,2024-05-27 05:15:00,SHORT,69152.66,113.61818909062892,105.61818909062892,113.66157136977812,-8.581014815626254,10,TIME_EXIT,MACD Divergence
2024-05-27 07:15:00,2024-05-27 07:30:00,2024-05-27 08:15:00,LONG,68540.0,38.97286256200716,30.97286256200716,58.97286256200716,0.0,3,TRAILING_STOP,MACD Divergence
2024-05-27 11:30:00,2024-05-27 11:45:00,2024-05-27 13:15:00,LONG,68349.06,80.4007955632449,72.4007955632449,100.4007955632449,0.0,6,TRAILING_STOP,MACD Divergence
2024-05-27 16:15:00,2024-05-27 16:30:00,2024-05-27 19:00:00,SHORT,70448.68,80.29674935002232,72.29674935002232,80.42308244810158,0.0,10,TIME_EXIT,MACD Divergence
2024-05-28 00:45:00,2024-05-28 01:00:00,2024-05-28 01:30:00,LONG,69377.4,10.904876804262411,2.904876804262411,30.90487680426241,-8.703122342432854,2,TRAILING_STOP,MACD Divergence
2024-05-28 04:15:00,2024-05-28 04:30:00,2024-05-28 05:15:00,LONG,67733.83,17.418524834635377,9.418524834635377,37.41852483463538,-14.444775970884342,3,TRAILING_STOP,MACD Divergence
2024-05-28 14:00:00,2024-05-28 14:15:00,2024-05-28 14:30:00,LONG,68046.74,-5.706883239374179,-13.706883239374179,14.293116760625821,-48.10810922022136,1,TRAILING_STOP,MACD Divergence
2024-05-28 18:30:00,2024-05-28 18:45:00,2024-05-28 19:45:00,LONG,67479.9,145.7426878225972,137.7426878225972,165.7426878225972,0.0,4,TRAILING_STOP,MACD Divergence
2024-05-28 21:15:00,2024-05-28 21:30:00,2024-05-28 22:15:00,SHORT,68404.0,-26.685866323607062,-34.68586632360706,3.314133676392938,-37.611835565171454,3,TRAILING_STOP,MACD Divergence
2024-05-29 00:30:00,2024-05-29 00:45:00,2024-05-29 01:30:00,SHORT,68549.99,5.009487236979204,-2.9905127630207957,35.009487236979204,-19.619258879540418,3,TRAILING_STOP,MACD Divergence
2024-05-29 03:15:00,2024-05-29 03:30:00,2024-05-29 06:00:00,SHORT,68763.94,23.07023128692152,15.07023128692152,27.816905197695014,-24.97529955380548,10,TIME_EXIT,MACD Divergence
2024-05-29 08:15:00,2024-05-29 08:30:00,2024-05-29 09:00:00,LONG,67934.0,-5.378455559807794,-13.378455559807794,14.621544440192206,-25.45706126534612,2,TRAILING_STOP,MACD Divergence
2024-05-29 12:30:00,2024-05-29 12:45:00,2024-05-29 13:15:00,LONG,67780.92,53.63134050113244,45.63134050113244,73.63134050113244,-19.539422008435753,2,TRAILING_STOP,MACD Divergence
2024-05-29 15:15:00,2024-05-29 15:30:00,2024-05-29 16:45:00,LONG,67672.8,-13.025262734806734,-21.025262734806734,6.974737265193267,-81.00004728635562,5,TRAILING_STOP,MACD Divergence
2024-05-29 20:00:00,2024-05-29 20:15:00,2024-05-29 22:00:00,LONG,67285.83,57.90198917067653,49.90198917067653,77.90198917067653,0.0,7,TRAILING_STOP,MACD Divergence
2024-05-30 00:00:00,2024-05-30 00:15:00,2024-05-30 01:00:00,SHORT,67759.16,12.428211919983248,4.428211919983248,42.42821191998325,-1.5997837045200245,3,TRAILING_STOP,MACD Divergence
2024-05-30 03:45:00,2024-05-30 04:00:00,2024-05-30 06:30:00,SHORT,68118.2,26.54582769362564,18.54582769362564,56.54582769362564,-44.72960236764952,10,TRAILING_STOP,MACD Divergence
2024-05-30 07:30:00,2024-05-30 07:45:00,2024-05-30 10:15:00,LONG,67972.2,-42.44529381129267,-50.44529381129267,0.0,-124.19783382029671,10,TIME_EXIT,MACD Divergence
2024-05-30 11:30:00,2024-05-30 11:45:00,2024-05-30 12:15:00,SHORT,67964.97,0.8938560555534956,-7.106143944446504,30.893856055553496,-14.154350395504785,2,TRAILING_STOP,MACD Divergence
2024-05-30 17:00:00,2024-05-30 17:15:00,2024-05-30 19:45:00,SHORT,68864.05,32.30391619429919,24.30391619429919,62.30391619429919,-92.34862021620818,10,TRAILING_STOP,MACD Divergence
2024-05-31 02:15:00,2024-05-31 02:30:00,2024-05-31 05:00:00,SHORT,68524.09,7.890655680358899,-0.10934431964110125,20.34175134613235,-19.00645451840444,10,TIME_EXIT,MACD Divergence
2024-05-31 06:15:00,2024-05-31 06:30:00,2024-05-31 07:30:00,LONG,68391.65,-14.117702965199628,-22.117702965199626,5.882297034800372,-32.40892711317744,4,TRAILING_STOP,MACD Divergence
2024-05-31 09:00:00,2024-05-31 09:15:00,2024-05-31 11:15:00,LONG,68174.99,18.12395131997657,10.12395131997657,38.12395131997657,-43.55702875790838,8,TRAILING_STOP,MACD Divergence
2024-05-31 11:45:00,2024-05-31 12:00:00,2024-05-31 13:30:00,SHORT,68349.73,6.561958620757416,-1.4380413792425841,36.561958620757416,-101.59074512803633,6,TRAILING_STOP,MACD Divergence
2024-05-31 15:15:00,2024-05-31 15:30:00,2024-05-31 17:30:00,LONG,67457.05,-19.613087142114786,-27.613087142114786,0.3869128578852147,-116.67423938639519,8,TRAILING_STOP,MACD Divergence
2024-05-31 23:30:00,2024-05-31 23:45:00,2024-06-01 00:15:00,LONG,67496.0,10.800343724072448,2.800343724072448,30.800343724072448,0.0,2,TRAILING_STOP,MACD Divergence
2024-06-01 02:15:00,2024-06-01 02:30:00,2024-06-01 05:00:00,SHORT,67661.6,0.25272828310391754,-7.7472717168960825,5.669390023292469,-15.10605720231148,10,TIME_EXIT,MACD Divergence
2024-06-01 05:30:00,2024-06-01 05:45:00,2024-06-01 08:15:00,SHORT,67737.48,16.016243887429926,8.016243887429926,23.95276588382089,0.0,10,TIME_EXIT,MACD Divergence
2024-06-01 08:30:00,2024-06-01 08:45:00,2024-06-01 11:15:00,LONG,67731.69,-9.010553258009482,-17.01055325800948,4.17972739200774,-15.409330551178531,10,TIME_EXIT,MACD Divergence
2024-06-01 11:45:00,2024-06-01 12:00:00,2024-06-01 14:30:00,SHORT,67660.57,-21.43198025083069,-29.43198025083069,0.0,-31.322526546848927,10,TIME_EXIT,MACD Divergence
2024-06-01 14:30:00,2024-06-01 14:45:00,2024-06-01 17:15:00,SHORT,67805.58,19.117895606822426,11.117895606822426,28.54927278846398,-2.7165905814828593,10,TIME_EXIT,MACD Divergence
2024-06-01 17:15:00,2024-06-01 17:30:00,2024-06-01 18:00:00,LONG,67675.95,13.106295515615656,5.106295515615656,33.106295515615656,-17.61778002377446,2,TRAILING_STOP,MACD Divergence
2024-06-01 22:30:00,2024-06-01 22:45:00,2024-06-02 01:15:00,SHORT,67776.04,-13.252470932206572,-21.25247093220657,7.825774418215287,-19.84624654966701,10,TIME_EXIT,MACD Divergence
2024-06-02 01:15:00,2024-06-02 01:30:00,2024-06-02 04:00:00,LONG,67865.87,-16.410310513958688,-24.410310513958688,0.0,-32.791151133845865,10,TIME_EXIT,MACD Divergence
2024-06-02 04:30:00,2024-06-02 04:45:00,2024-06-02 07:15:00,SHORT,67844.2,14.181020632565769,6.181020632565769,18.246217067928225,-3.449078919054058,10,TIME_EXIT,MACD Divergence
2024-06-02 07:15:00,2024-06-02 07:30:00,2024-06-02 10:00:00,SHORT,67748.0,37.86680049595466,29.866800495954656,54.64515557654933,-9.530908661511335,10,TIME_EXIT,MACD Divergence
2024-06-02 10:15:00,2024-06-02 10:30:00,2024-06-02 12:00:00,LONG,67506.56,100.5097697171955,92.5097697171955,120.5097697171955,-6.215692223095334,6,TRAILING_STOP,MACD Divergence
2024-06-02 14:15:00,2024-06-02 14:30:00,2024-06-02 17:00:00,SHORT,68345.67,46.12728209409532,38.12728209409532,53.50302367362823,0.0,10,TIME_EXIT,MACD Divergence
2024-06-02 17:30:00,2024-06-02 17:45:00,2024-06-02 20:15:00,LONG,68016.02,-47.553502836537966,-55.553502836537966,0.0,-111.52519656398638,10,TIME_EXIT,MACD Divergence
2024-06-02 22:30:00,2024-06-02 22:45:00,2024-06-03 00:45:00,SHORT,67895.48,11.681714305576754,3.6817143055767545,41.681714305576754,-13.039159602376893,8,TRAILING_STOP,MACD Divergence
2024-06-03 05:30:00,2024-06-03 05:45:00,2024-06-03 06:15:00,SHORT,68763.11,-10.934544699911651,-18.93454469991165,19.06545530008835,-48.88958629125312,2,TRAILING_STOP,MACD Divergence
2024-06-03 08:15:00,2024-06-03 08:30:00,2024-06-03 10:15:00,SHORT,69264.56,20.652166129402474,12.652166129402474,50.652166129402474,-4.8957215638132245,7,TRAILING_STOP,MACD Divergence
2024-06-03 12:15:00,2024-06-03 12:30:00,2024-06-03 14:45:00,SHORT,69399.99,99.68157488207206,91.68157488207206,129.68157488207206,-127.95534984947328,9,TRAILING_STOP,MACD Divergence
2024-06-03 22:00:00,2024-06-03 22:15:00,2024-06-03 23:00:00,LONG,68876.0,18.95841802659878,10.958418026598778,38.95841802659878,0.0,3,TRAILING_STOP,MACD Divergence
2024-06-04 02:30:00,2024-06-04 02:45:00,2024-06-04 03:00:00,SHORT,69129.34,-27.922734399026435,-35.92273439902644,2.077265600973564,-34.814450709351235,1,TRAILING_STOP,MACD Divergence
2024-06-04 09:00:00,2024-06-04 09:15:00,2024-06-04 11:30:00,LONG,68780.14,16.327346818427614,8.327346818427614,36.327346818427614,-30.94207135955124,9,TRAILING_STOP,MACD Divergence
2024-06-04 15:15:00,2024-06-04 15:30:00,2024-06-04 18:00:00,SHORT,69988.73,-110.197741836437,-118.197741836437,0.0,-144.3475256659185,10,TIME_EXIT,MACD Divergence
2024-06-04 18:15:00,2024-06-04 18:30:00,2024-06-04 19:30:00,SHORT,70928.99,87.9334430111024,79.9334430111024,117.9334430111024,0.0,4,TRAILING_STOP,MACD Divergence
2024-06-05 01:00:00,2024-06-05 01:15:00,2024-06-05 02:15:00,SHORT,70674.7,-29.62928742534523,-37.629287425345225,0.3707125746547695,-84.93845746780714,4,TRAILING_STOP,MACD Divergence
2024-06-05 04:30:00,2024-06-05 04:45:00,2024-06-05 06:30:00,SHORT,71208.24,20.308784488986838,12.308784488986838,50.30878448898684,0.0,7,TRAILING_STOP,MACD Divergence
2024-06-05 07:15:00,2024-06-05 07:30:00,2024-06-05 10:00:00,SHORT,71065.4,31.621576744801434,23.621576744801434,37.20375879119789,-44.157916510708766,10,TIME_EXIT,MACD Divergence
2024-06-05 10:30:00,2024-06-05 10:45:00,2024-06-05 12:00:00,LONG,70777.88,24.65802027413109,16.65802027413109,44.65802027413109,-11.764975158906156,5,TRAILING_STOP,MACD Divergence
2024-06-05 13:30:00,2024-06-05 13:45:00,2024-06-05 14:45:00,LONG,70823.79,16.175697459851612,8.175697459851612,36.17569745985161,-62.14437267477357,4,TRAILING_STOP,MACD Divergence
2024-06-05 16:30:00,2024-06-05 16:45:00,2024-06-05 17:00:00,SHORT,71516.74,9.887164879161055,1.8871648791610554,39.887164879161055,-5.360982617495779,1,TRAILING_STOP,MACD Divergence
2024-06-05 23:15:00,2024-06-05 23:30:00,2024-06-06 00:30:00,LONG,70850.0,27.140437544108003,19.140437544108003,47.140437544108,0.0,4,TRAILING_STOP,MACD Divergence
2024-06-06 02:30:00,2024-06-06 02:45:00,2024-06-06 05:15:00,SHORT,71152.54,45.305480310330545,37.305480310330545,46.68561375321149,-4.983659051385433,10,TIME_EXIT,MACD Divergence
2024-06-06 05:30:00,2024-06-06 05:45:00,2024-06-06 06:30:00,LONG,70885.47,1.4783086011844162,-6.521691398815584,21.478308601184416,-11.493187531944299,3,TRAILING_STOP,MACD Divergence
2024-06-06 08:15:00,2024-06-06 08:30:00,2024-06-06 09:15:00,LONG,70975.21,4.243676066614306,-3.756323933385694,24.243676066614306,-15.88019253483102,3,TRAILING_STOP,MACD Divergence
2024-06-06 11:00:00,2024-06-06 11:15:00,2024-06-06 13:45:00,SHORT,70973.21,-21.11782741685068,-29.11782741685068,0.0,-79.28907259513704,10,TIME_EXIT,MACD Divergence
2024-06-06 13:45:00,2024-06-06 14:00:00,2024-06-06 14:30:00,SHORT,71123.1,-17.864702185364216,-25.864702185364216,12.135297814635782,-33.307040891074685,2,TRAILING_STOP,MACD Divergence
2024-06-06 19:30:00,2024-06-06 19:45:00,2024-06-06 21:15:00,LONG,70731.2,-1.8170764811001945,-9.817076481100194,18.182923518899806,-86.74531182844314,6,TRAILING_STOP,MACD Divergence
2024-06-07 01:30:00,2024-06-07 01:45:00,2024-06-07 02:30:00,LONG,70787.73,-8.086918453240166,-16.086918453240166,11.913081546759834,-17.536937545532172,3,TRAILING_STOP,MACD Divergence
2024-06-07 04:30:00,2024-06-07 04:45:00,2024-06-07 07:15:00,SHORT,71117.45,-21.537611373860884,-29.537611373860884,0.0,-46.75786322484831,10,TIME_EXIT,MACD Divergence
2024-06-07 09:00:00,2024-06-07 09:15:00,2024-06-07 11:45:00,LONG,71115.58,82.17749190824338,74.17749190824338,82.17889806987417,0.0,10,TIME_EXIT,MACD Divergence
2024-06-07 12:30:00,2024-06-07 12:45:00,2024-06-07 14:00:00,LONG,71020.63,69.3275658072857,61.327565807285694,89.3275658072857,0.0,5,TRAILING_STOP,MACD Divergence
2024-06-08 03:30:00,2024-06-08 03:45:00,2024-06-08 06:15:00,SHORT,69516.98,15.964444945680311,7.964444945680311,40.97272349863325,0.0,10,TIME_EXIT,MACD Divergence
2024-06-08 07:15:00,2024-06-08 07:30:00,2024-06-08 10:00:00,SHORT,69499.31,10.543989573421499,2.5439895734214986,16.90664267026536,-11.926737114368391,10,TIME_EXIT,MACD Divergence
2024-06-08 11:00:00,2024-06-08 11:15:00,2024-06-08 13:45:00,SHORT,69488.35,16.098374763539745,8.098374763539745,46.098374763539745,-1.5786818941594043,10,TRAILING_STOP,MACD Divergence
2024-06-08 15:30:00,2024-06-08 15:45:00,2024-06-08 18:15:00,SHORT,69455.39,-3.5418417490717164,-11.541841749071716,23.492777162434514,-3.54328152213969,10,TIME_EXIT,MACD Divergence
2024-06-08 18:15:00,2024-06-08 18:30:00,2024-06-08 21:00:00,SHORT,69480.0,14.997121473804993,6.997121473804993,23.99107656879711,-1.4392630972941856,10,TIME_EXIT,MACD Divergence
2024-06-08 21:15:00,2024-06-08 21:30:00,2024-06-09 00:00:00,LONG,69396.97,-13.973232548914046,-21.973232548914048,3.9627090347028116,-15.373870069543717,10,TIME_EXIT,MACD Divergence
2024-06-09 00:00:00,2024-06-09 00:15:00,2024-06-09 02:30:00,LONG,69300.0,-13.232323232324072,-21.23232323232407,6.767676767675928,-23.09812409812511,9,TRAILING_STOP,MACD Divergence
2024-06-09 02:45:00,2024-06-09 03:00:00,2024-06-09 05:30:00,LONG,69174.92,24.26312889122192,16.26312889122192,24.268911333761523,-6.458988315417353,10,TIME_EXIT,MACD Divergence
2024-06-09 05:45:00,2024-06-09 06:00:00,2024-06-09 08:30:00,SHORT,69293.48,-5.270337122627422,-13.27033712262742,2.8877175745820187,-19.081160305414183,10,TIME_EXIT,MACD Divergence
2024-06-09 09:15:00,2024-06-09 09:30:00,2024-06-09 12:00:00,SHORT,69359.77,-0.7179954604803224,-8.717995460480322,3.859586039573671,-5.395058259275983,10,TIME_EXIT,MACD Divergence
2024-06-09 12:00:00,2024-06-09 12:15:00,2024-06-09 12:45:00,SHORT,69364.75,-29.53146230614253,-37.53146230614253,0.4685376938574708,-56.98139184528165,2,TRAILING_STOP,MACD Divergence
2024-06-09 18:00:00,2024-06-09 18:15:00,2024-06-09 20:45:00,SHORT,69770.68,12.015075673619235,4.015075673619235,25.848966929946975,-12.392024844821123,10,TIME_EXIT,MACD Divergence
2024-06-09 21:30:00,2024-06-09 21:45:00,2024-06-09 22:15:00,LONG,69688.01,-5.776606334431145,-13.776606334431145,14.223393665568855,-7.844965009045065,2,TRAILING_STOP,MACD Divergence
2024-06-10 00:45:00,2024-06-10 01:00:00,2024-06-10 03:30:00,LONG,69559.99,19.406270759957078,11.406270759957078,34.696669737875354,-2.5129388316488366,10,TIME_EXIT,MACD Divergence
2024-06-10 03:30:00,2024-06-10 03:45:00,2024-06-10 06:15:00,SHORT,69694.98,18.124691333578465,10.124691333578465,28.877259165580472,0.0,10,TIME_EXIT,MACD Divergence
2024-06-10 06:15:00,2024-06-10 06:30:00,2024-06-10 09:00:00,LONG,69568.65,-21.252388827437542,-29.252388827437542,0.0,-45.80511480386481,10,TIME_EXIT,MACD Divergence
2024-06-10 09:15:00,2024-06-10 09:30:00,2024-06-10 12:00:00,LONG,69293.47,17.020804413460432,9.020804413460432,37.02080441346043,0.0,10,TRAILING_STOP,MACD Divergence
2024-06-10 12:00:00,2024-06-10 12:15:00,2024-06-10 13:30:00,SHORT,69372.01,-5.433896178012102,-13.433896178012102,24.566103821987898,-21.334252820409848,5,TRAILING_STOP,MACD Divergence
2024-06-10 18:00:00,2024-06-10 18:15:00,2024-06-10 19:15:00,SHORT,70090.0,54.17748608931373,46.17748608931373,84.17748608931373,0.0,4,TRAILING_STOP,MACD Divergence
2024-06-10 23:15:00,2024-06-10 23:30:00,2024-06-11 00:30:00,LONG,69486.91,-5.162673084759236,-13.162673084759236,14.837326915240764,-9.629151735197821,4,TRAILING_STOP,MACD Divergence
2024-06-11 04:00:00,2024-06-11 04:15:00,2024-06-11 05:00:00,LONG,68044.81,-9.478991858453789,-17.47899185845379,10.521008141546211,-59.90170301011808,3,TRAILING_STOP,MACD Divergence
2024-06-11 06:45:00,2024-06-11 07:00:00,2024-06-11 07:30:00,LONG,67691.99,2.568401372154888,-5.431598627845112,22.568401372154888,-17.813038145281553,2,TRAILING_STOP,MACD Divergence
2024-06-11 09:30:00,2024-06-11 09:45:00,2024-06-11 10:30:00,LONG,67210.74,-6.20458575519312,-14.20458575519312,13.79541424480688,-71.22968739817553,3,TRAILING_STOP,MACD Divergence
2024-06-11 13:45:00,2024-06-11 14:00:00,2024-06-11 14:45:00,LONG,66812.01,23.616409684427026,15.616409684427026,43.616409684427026,0.0,3,TRAILING_STOP,MACD Divergence
2024-06-11 19:15:00,2024-06-11 19:30:00,2024-06-11 22:00:00,SHORT,67164.58,-54.09696599010915,-62.09696599010915,0.0,-62.83966936143986,10,TIME_EXIT,MACD Divergence
2024-06-11 22:00:00,2024-06-11 22:15:00,2024-06-12 00:45:00,SHORT,67528.01,48.57539856423868,40.57539856423868,51.021790809472044,-8.916300065707016,10,TIME_EXIT,MACD Divergence
2024-06-12 01:45:00,2024-06-12 02:00:00,2024-06-12 02:30:00,LONG,67180.0,41.94551949985028,33.94551949985028,61.94551949985028,0.0,2,TRAILING_STOP,MACD Divergence
2024-06-12 04:45:00,2024-06-12 05:00:00,2024-06-12 07:30:00,SHORT,67481.6,13.784498292868586,5.7844982928685855,42.327093607739684,-2.151697647949889,10,TIME_EXIT,MACD Divergence
2024-06-12 11:00:00,2024-06-12 11:15:00,2024-06-12 12:15:00,SHORT,67892.17,-4.083903931779304,-12.083903931779304,25.916096068220696,-17.355462345658086,4,TRAILING_STOP,MACD Divergence
2024-06-12 14:00:00,2024-06-12 14:15:00,2024-06-12 16:30:00,SHORT,69570.01,10.320534667164026,2.3205346671640257,40.320534667164026,-61.66306430026462,9,TRAILING_STOP,MACD Divergence
2024-06-13 01:30:00,2024-06-13 01:45:00,2024-06-13 02:30:00,LONG,68120.01,-11.63388261393308,-19.633882613933082,8.36611738606692,-51.390186231621584,3,TRAILING_STOP,MACD Divergence
2024-06-13 09:15:00,2024-06-13 09:30:00,2024-06-13 10:00:00,LONG,67385.07,-5.0174526790590495,-13.01745267905905,14.98254732094095,-32.2133671449784,2,TRAILING_STOP,MACD Divergence
2024-06-13 12:30:00,2024-06-13 12:45:00,2024-06-13 13:15:00,SHORT,67729.88,-13.4386241345772,-21.4386241345772,16.5613758654228,-54.53132354582593,2,TRAILING_STOP,MACD Divergence
2024-06-13 16:00:00,2024-06-13 16:15:00,2024-06-13 17:15:00,LONG,66708.13,35.76531676124034,27.765316761240342,55.76531676124034,-19.807180923825126,4,TRAILING_STOP,MACD Divergence
2024-06-13 22:45:00,2024-06-13 23:00:00,2024-06-14 01:30:00,SHORT,66895.99,38.66599477786389,30.665994777863887,62.18459432321806,-1.9836764505599696,10,TIME_EXIT,MACD Divergence
2024-06-14 02:45:00,2024-06-14 03:00:00,2024-06-14 05:30:00,SHORT,66952.01,11.18322959982769,3.1832295998276905,41.18322959982769,-29.571927713597436,10,TRAILING_STOP,MACD Divergence
2024-06-14 08:00:00,2024-06-14 08:15:00,2024-06-14 10:45:00,SHORT,67188.9,46.99585794677317,38.99585794677317,52.443186300118114,-6.414750055441572,10,TIME_EXIT,MACD Divergence
2024-06-14 11:00:00,2024-06-14 11:15:00,2024-06-14 12:30:00,LONG,66912.0,36.19320899091343,28.193208990913433,56.19320899091343,0.0,5,TRAILING_STOP,MACD Divergence
2024-06-14 17:00:00,2024-06-14 17:15:00,2024-06-14 17:30:00,LONG,65419.89,30.95392242328694,22.95392242328694,50.95392242328694,0.0,1,TRAILING_STOP,MACD Divergence
2024-06-15 02:45:00,2024-06-15 03:00:00,2024-06-15 05:30:00,SHORT,66215.34,-15.503960260568547,-23.503960260568547,3.5248629698188534,-26.241653369145176,10,TIME_EXIT,MACD Divergence
2024-06-15 05:30:00,2024-06-15 05:45:00,2024-06-15 08:15:00,SHORT,66317.99,22.827893306175202,14.827893306175202,38.02738894830834,-14.878315823504035,10,TIME_EXIT,MACD Divergence
2024-06-15 09:30:00,2024-06-15 09:45:00,2024-06-15 12:15:00,LONG,66164.01,20.554981477090042,12.554981477090042,29.62184426246312,0.0,10,TIME_EXIT,MACD Divergence
2024-06-15 12:15:00,2024-06-15 12:30:00,2024-06-15 15:00:00,SHORT,66300.0,-7.95475113122119,-15.95475113122119,22.04524886877881,-9.048265460030956,10,TRAILING_STOP,MACD Divergence
2024-06-15 15:00:00,2024-06-15 15:15:00,2024-06-15 16:45:00,LONG,66358.01,-18.22176704816752,-26.22176704816752,1.7782329518324782,-26.82720593941704,6,TRAILING_STOP,MACD Divergence
2024-06-15 18:00:00,2024-06-15 18:15:00,2024-06-15 20:15:00,LONG,66174.27,-14.902852725085456,-22.902852725085456,5.097147274914543,-47.92950492691468,8,TRAILING_STOP,MACD Divergence
2024-06-15 23:45:00,2024-06-16 00:00:00,2024-06-16 02:30:00,SHORT,66228.25,10.213164321871622,2.2131643218716217,19.058332358170595,-6.264698221681116,10,TIME_EXIT,MACD Divergence
2024-06-16 03:45:00,2024-06-16 04:00:00,2024-06-16 06:30:00,LONG,66145.99,8.308893706178084,0.3088937061780843,20.25973154230434,-16.85514118089475,10,TIME_EXIT,MACD Divergence
2024-06-16 06:30:00,2024-06-16 06:45:00,2024-06-16 09:15:00,SHORT,66200.95,-25.702478589809196,-33.702478589809196,4.297521410190804,-34.36506575811978,10,TRAILING_STOP,MACD Divergence
2024-06-16 09:15:00,2024-06-16 09:30:00,2024-06-16 10:30:00,SHORT,66384.5,-22.804043112472932,-30.804043112472932,7.195956887527069,-36.74351693542894,4,TRAILING_STOP,MACD Divergence
2024-06-16 13:15:00,2024-06-16 13:30:00,2024-06-16 15:45:00,SHORT,66692.1,-1.7957599175905656,-9.795759917590566,28.204240082409434,-15.237187013153783,9,TRAILING_STOP,MACD Divergence
2024-06-16 16:00:00,2024-06-16 16:15:00,2024-06-16 18:45:00,SHORT,66659.99,10.498051379847263,2.498051379847263,20.700573162402996,-1.5001502400465407,10,TIME_EXIT,MACD Divergence
2024-06-16 19:30:00,2024-06-16 19:45:00,2024-06-16 21:30:00,LONG,66552.0,-9.780923187883946,-17.780923187883946,10.219076812116054,-13.823776896261569,7,TRAILING_STOP,MACD Divergence
2024-06-17 02:30:00,2024-06-17 02:45:00,2024-06-17 03:45:00,LONG,66364.0,-9.849918630582758,-17.849918630582756,10.150081369417242,-31.492978120667832,4,TRAILING_STOP,MACD Divergence
2024-06-17 06:15:00,2024-06-17 06:30:00,2024-06-17 07:30:00,LONG,66306.02,-9.44590551506546,-17.445905515065462,10.55409448493454,-55.25139346321885,4,TRAILING_STOP,MACD Divergence
2024-06-17 09:45:00,2024-06-17 10:00:00,2024-06-17 10:15:00,LONG,65722.07,-7.215862190586888,-15.215862190586888,12.784137809413112,-25.26852851713389,1,TRAILING_STOP,MACD Divergence
2024-06-17 12:30:00,2024-06-17 12:45:00,2024-06-17 13:30:00,LONG,65660.61,2.302564657867528,-5.697435342132472,22.302564657867528,-45.17320201563778,3,TRAILING_STOP,MACD Divergence
2024-06-17 16:15:00,2024-06-17 16:30:00,2024-06-17 16:45:00,LONG,65828.02,14.731410727527596,6.731410727527596,34.731410727527596,-6.383299998998006,1,TRAILING_STOP,MACD Divergence
2024-06-18 01:45:00,2024-06-18 02:00:00,2024-06-18 02:30:00,LONG,65133.99,50.62057767380797,42.62057767380797,70.62057767380797,-53.11973057385214,2,TRAILING_STOP,MACD Divergence
2024-06-18 07:45:00,2024-06-18 08:00:00,2024-06-18 10:30:00,SHORT,65672.51,24.74399105500806,16.74399105500806,49.871704309763224,-11.800980349312065,10,TIME_EXIT,MACD Divergence
2024-06-18 12:00:00,2024-06-18 12:15:00,2024-06-18 12:30:00,LONG,65158.0,9.821357316062137,1.8213573160621372,29.821357316062137,-23.327910617268792,1,TRAILING_STOP,MACD Divergence
2024-06-18 15:00:00,2024-06-18 15:15:00,2024-06-18 15:45:00,LONG,64416.0,59.786077993044756,51.786077993044756,79.78607799304476,0.0,2,TRAILING_STOP,MACD Divergence
2024-06-18 18:00:00,2024-06-18 18:15:00,2024-06-18 18:45:00,LONG,64712.0,4.088268018296045,-3.911731981703955,24.088268018296045,-13.856780813450095,2,TRAILING_STOP,MACD Divergence
2024-06-18 20:45:00,2024-06-18 21:00:00,2024-06-18 21:45:00,SHORT,64936.5,-28.38303573491026,-36.38303573491026,1.6169642650897416,-56.74774587481617,3,TRAILING_STOP,MACD Divergence
2024-06-19 01:00:00,2024-06-19 01:15:00,2024-06-19 01:45:00,SHORT,65345.47,51.849591104019694,43.849591104019694,81.8495911040197,0.0,2,TRAILING_STOP,MACD Divergence
2024-06-19 04:00:00,2024-06-19 04:15:00,2024-06-19 06:45:00,SHORT,65616.01,12.826438242739052,4.8264382427390515,42.82643824273905,-0.608083301621851,10,TRAILING_STOP,MACD Divergence
2024-06-19 08:45:00,2024-06-19 09:00:00,2024-06-19 09:30:00,LONG,65183.89,-9.949970767316582,-17.949970767316582,10.050029232683418,-17.165284244312424,2,TRAILING_STOP,MACD Divergence
2024-06-19 11:30:00,2024-06-19 11:45:00,2024-06-19 12:00:00,LONG,65195.18,-2.3852008691445405,-10.38520086914454,17.61479913085546,-13.066916910115491,1,TRAILING_STOP,MACD Divergence
2024-06-19 14:15:00,2024-06-19 14:30:00,2024-06-19 15:15:00,LONG,64899.99,15.374427638586965,7.374427638586965,35.374427638586965,-0.446841363149895,3,TRAILING_STOP,MACD Divergence
2024-06-19 19:15:00,2024-06-19 19:30:00,2024-06-19 20:30:00,LONG,64842.46,-5.922804285957252,-13.922804285957252,14.077195714042748,-27.2136498214286,4,TRAILING_STOP,MACD Divergence
2024-06-20 00:30:00,2024-06-20 00:45:00,2024-06-20 02:45:00,SHORT,65024.49,-20.082198260993977,-28.082198260993977,9.917801739006022,-58.88704394298264,8,TRAILING_STOP,MACD Divergence
2024-06-20 05:00:00,2024-06-20 05:15:00,2024-06-20 07:45:00,SHORT,65320.0,-82.49234537660693,-90.49234537660693,0.0,-99.11053276178804,10,TIME_EXIT,MACD Divergence
2024-06-20 08:00:00,2024-06-20 08:15:00,2024-06-20 10:30:00,SHORT,65784.0,4.1344399854072265,-3.8655600145927735,34.13443998540723,-5.472455308281648,9,TRAILING_STOP,MACD Divergence
2024-06-20 10:45:00,2024-06-20 11:00:00,2024-06-20 13:30:00,SHORT,66209.49,128.70232499902988,120.70232499902988,158.70232499902988,-41.300725923126286,10,TRAILING_STOP,MACD Divergence
2024-06-20 14:15:00,2024-06-20 14:30:00,2024-06-20 15:45:00,LONG,65064.99,-10.483361328418626,-18.483361328418624,9.516638671581374,-42.50980442784922,5,TRAILING_STOP,MACD Divergence
2024-06-20 20:00:00,2024-06-20 20:15:00,2024-06-20 22:45:00,SHORT,65100.01,16.906295406099776,8.906295406099776,19.970811064391857,-13.551457211757905,10,TIME_EXIT,MACD Divergence
2024-06-21 00:15:00,2024-06-21 00:30:00,2024-06-21 01:00:00,LONG,64838.61,-4.362712278995584,-12.362712278995584,15.637287721004416,-28.29178478687349,2,TRAILING_STOP,MACD Divergence
2024-06-21 03:30:00,2024-06-21 03:45:00,2024-06-21 06:15:00,LONG,64748.09,-16.714006544439208,-24.714006544439208,0.0,-66.42512543613202,10,TIME_EXIT,MACD Divergence
2024-06-21 07:45:00,2024-06-21 08:00:00,2024-06-21 08:15:00,LONG,64201.63,6.560073319011384,-1.4399266809886164,26.560073319011384,0.0,1,TRAILING_STOP,MACD Divergence
2024-06-21 12:00:00,2024-06-21 12:15:00,2024-06-21 13:00:00,LONG,63608.14,19.93356825085627,11.933568250856268,39.93356825085627,-3.5058406046777835,3,TRAILING_STOP,MACD Divergence
2024-06-21 20:00:00,2024-06-21 20:15:00,2024-06-21 21:30:00,SHORT,64284.01,40.92276913030247,32.92276913030247,70.92276913030247,0.0,5,TRAILING_STOP,MACD Divergence
2024-06-22 01:30:00,2024-06-22 01:45:00,2024-06-22 04:15:00,SHORT,64165.5,-16.28445192509962,-24.28445192509962,3.2977222962500865,-31.429662357497136,10,TIME_EXIT,MACD Divergence
2024-06-22 04:45:00,2024-06-22 05:00:00,2024-06-22 06:30:00,SHORT,64364.12,-16.517332948853166,-24.517332948853166,13.482667051146835,-21.111140803291864,6,TRAILING_STOP,MACD Divergence
2024-06-22 07:30:00,2024-06-22 07:45:00,2024-06-22 10:15:00,SHORT,64487.37,27.873675108784866,19.873675108784866,42.32456681052465,-9.217308753635798,10,TIME_EXIT,MACD Divergence
2024-06-22 11:15:00,2024-06-22 11:30:00,2024-06-22 14:00:00,LONG,64257.85,6.288725813266939,-1.7112741867330614,12.16193819120955,-3.1544784022491883,10,TIME_EXIT,MACD Divergence
2024-06-22 14:00:00,2024-06-22 14:15:00,2024-06-22 16:45:00,LONG,64298.26,3.5801901948819137,-4.419809805118087,10.224226907539638,-6.7264650707499705,10,TIME_EXIT,MACD Divergence
2024-06-22 16:45:00,2024-06-22 17:00:00,2024-06-22 19:30:00,SHORT,64321.29,7.6630925779008585,-0.3369074220991415,15.980711829629174,-1.1893418182380135,10,TIME_EXIT,MACD Divergence
2024-06-22 19:30:00,2024-06-22 19:45:00,2024-06-22 22:15:00,LONG,64272.0,3.1102190689566163,-4.889780931043384,9.024147373661936,-4.0437515558871615,10,TIME_EXIT,MACD Divergence
2024-06-22 22:15:00,2024-06-22 22:30:00,2024-06-23 01:00:00,LONG,64291.99,15.620300444892443,7.620300444892443,35.62030044489244,-4.975736479769558,10,TRAILING_STOP,MACD Divergence
2024-06-23 01:00:00,2024-06-23 01:15:00,2024-06-23 03:45:00,SHORT,64375.99,-6.236797290418594,-14.236797290418593,0.9304711275116644,-22.303346325237367,10,TIME_EXIT,MACD Divergence
2024-06-23 03:45:00,2024-06-23 04:00:00,2024-06-23 06:30:00,SHORT,64416.14,2.001051289319636,-5.998948710680364,10.346785758973056,-1.8799636240235105,10,TIME_EXIT,MACD Divergence
2024-06-23 06:30:00,2024-06-23 06:45:00,2024-06-23 09:15:00,LONG,64403.26,3.841420449834055,-4.158579550165944,5.2823412976294675,-4.169043616735945,10,TIME_EXIT,MACD Divergence
2024-06-23 09:30:00,2024-06-23 09:45:00,2024-06-23 11:15:00,LONG,64418.8,-19.998447658137877,-27.998447658137877,0.0015523418621211991,-25.761113215397426,6,TRAILING_STOP,MACD Divergence
2024-06-23 12:45:00,2024-06-23 13:00:00,2024-06-23 15:30:00,SHORT,64376.0,35.67012551261299,27.67012551261299,43.80048465266577,0.0,10,TIME_EXIT,MACD Divergence
2024-06-23 16:00:00,2024-06-23 16:15:00,2024-06-23 18:45:00,LONG,64142.85,-4.8126954134397435,-12.812695413439744,5.598441603390478,-34.96414643253251,10,TIME_EXIT,MACD Divergence
2024-06-23 20:00:00,2024-06-23 20:15:00,2024-06-23 21:15:00,SHORT,64112.22,59.876781680622074,51.876781680622074,89.87678168062207,0.0,4,TRAILING_STOP,MACD Divergence
2024-06-23 23:00:00,2024-06-23 23:15:00,2024-06-24 01:45:00,LONG,63689.4,-58.62985049317523,-66.62985049317524,0.0,-123.36589762189612,10,TIME_EXIT,MACD Divergence
2024-06-24 02:45:00,2024-06-24 03:00:00,2024-06-24 03:30:00,LONG,62880.95,11.247937570918577,3.2479375709185767,31.247937570918577,0.0,2,TRAILING_STOP,MACD Divergence
2024-06-24 05:30:00,2024-06-24 05:45:00,2024-06-24 07:00:00,LONG,62283.25,2.9194847731934352,-5.080515226806565,22.919484773193435,-19.67302605435632,5,TRAILING_STOP,MACD Divergence
2024-06-24 09:15:00,2024-06-24 09:30:00,2024-06-24 12:00:00,LONG,62149.5,-122.20532747648815,-130.20532747648815,0.0,-211.3307428056547,10,TIME_EXIT,MACD Divergence
2024-06-24 15:45:00,2024-06-24 16:00:00,2024-06-24 16:15:00,LONG,60843.99,12.9449137047068,4.944913704706799,32.9449137047068,-21.51732652641588,1,TRAILING_STOP,MACD Divergence
2024-06-24 19:45:00,2024-06-24 20:00:00,2024-06-24 20:15:00,LONG,59306.72,-6.472022057534808,-14.472022057534808,13.527977942465192,-83.40538812465121,1,TRAILING_STOP,MACD Divergence
2024-06-24 23:30:00,2024-06-24 23:45:00,2024-06-25 01:00:00,SHORT,60403.81,-5.705174888802542,-13.705174888802542,24.294825111197458,-43.124763156497124,5,TRAILING_STOP,MACD Divergence
2024-06-25 02:30:00,2024-06-25 02:45:00,2024-06-25 05:15:00,SHORT,60539.06,-124.64845010807909,-132.6484501080791,0.0,-175.06218299392245,10,TIME_EXIT,MACD Divergence
2024-06-25 08:00:00,2024-06-25 08:15:00,2024-06-25 10:00:00,LONG,60888.02,94.17024235637874,86.17024235637874,114.17024235637874,-35.38298666962648,7,TRAILING_STOP,MACD Divergence
2024-06-25 18:45:00,2024-06-25 19:00:00,2024-06-25 20:30:00,SHORT,62159.09,26.784936845116924,18.784936845116924,56.784936845116924,0.0,6,TRAILING_STOP,MACD Divergence
2024-06-25 23:45:00,2024-06-26 00:00:00,2024-06-26 00:30:00,LONG,61806.01,-14.604084618955575,-22.604084618955575,5.395915381044424,-26.2967954087311,2,TRAILING_STOP,MACD Divergence
2024-06-26 05:00:00,2024-06-26 05:15:00,2024-06-26 07:45:00,LONG,61759.99,-6.471827472770181,-14.47182747277018,6.478304157756833,-38.85849074781229,10,TIME_EXIT,MACD Divergence
2024-06-26 08:00:00,2024-06-26 08:15:00,2024-06-26 09:30:00,LONG,61550.35,-16.024393037569865,-24.024393037569865,3.9756069624301347,-33.31418911508962,5,TRAILING_STOP,MACD Divergence
2024-06-26 10:45:00,2024-06-26 11:00:00,2024-06-26 11:15:00,LONG,61264.3,28.506226301450965,20.506226301450965,48.506226301450965,0.0,1,TRAILING_STOP,MACD Divergence
2024-06-26 14:15:00,2024-06-26 14:30:00,2024-06-26 15:45:00,SHORT,61659.8,47.35996548804893,39.35996548804893,77.35996548804893,-35.71208469699822,5,TRAILING_STOP,MACD Divergence
2024-06-26 17:15:00,2024-06-26 17:30:00,2024-06-26 18:00:00,LONG,61158.01,-3.509927808311854,-11.509927808311854,16.490072191688146,-28.544094224125296,2,TRAILING_STOP,MACD Divergence
2024-06-26 20:00:00,2024-06-26 20:15:00,2024-06-26 22:15:00,LONG,60793.47,27.131706744161633,19.131706744161633,47.13170674416163,-7.1504390191909035,8,TRAILING_STOP,MACD Divergence
2024-06-27 00:15:00,2024-06-27 00:30:00,2024-06-27 02:00:00,LONG,60845.99,29.96385135651537,21.96385135651537,49.96385135651537,-1.0584099297250407,6,TRAILING_STOP,MACD Divergence
2024-06-27 03:15:00,2024-06-27 03:30:00,2024-06-27 06:00:00,SHORT,61134.02,61.17870213671451,53.17870213671451,66.90546442062814,-9.484081040311631,10,TIME_EXIT,MACD Divergence
2024-06-27 06:45:00,2024-06-27 07:00:00,2024-06-27 08:30:00,LONG,60742.0,8.400447795594815,0.4004477955948147,28.400447795594815,-0.9861380922587275,6,TRAILING_STOP,MACD Divergence
2024-06-27 10:30:00,2024-06-27 10:45:00,2024-06-27 12:00:00,SHORT,61230.12,-8.09574764837916,-16.09574764837916,21.90425235162084,-44.02735124477863,5,TRAILING_STOP,MACD Divergence
2024-06-27 13:15:00,2024-06-27 13:30:00,2024-06-27 16:00:00,SHORT,61584.65,-21.52386187142342,-29.52386187142342,8.47613812857658,-130.64456808636564,10,TRAILING_STOP,MACD Divergence
2024-06-27 19:15:00,2024-06-27 19:30:00,2024-06-27 22:00:00,LONG,61589.06,-1.2518457011682151,-9.251845701168214,0.0,-40.672807800606144,10,TIME_EXIT,MACD Divergence
2024-06-28 00:00:00,2024-06-28 00:15:00,2024-06-28 01:15:00,SHORT,61678.94,3.491172189405283,-4.508827810594717,33.49117218940528,-79.2912459260807,4,TRAILING_STOP,MACD Divergence
2024-06-28 05:45:00,2024-06-28 06:00:00,2024-06-28 07:15:00,LONG,61604.0,-9.82695928835818,-17.826959288358182,10.17304071164182,-21.699889617557346,5,TRAILING_STOP,MACD Divergence
2024-06-28 12:30:00,2024-06-28 12:45:00,2024-06-28 13:15:00,SHORT,61510.01,8.499424727780884,0.49942472778088387,38.499424727780884,-1.9492762234956493,2,TRAILING_STOP,MACD Divergence
2024-06-28 15:15:00,2024-06-28 15:30:00,2024-06-28 15:45:00,LONG,61015.34,8.891095255718664,0.891095255718664,28.891095255718664,-13.986646636730454,1,TRAILING_STOP,MACD Divergence
2024-06-28 18:15:00,2024-06-28 18:30:00,2024-06-28 19:15:00,LONG,60746.0,-1.4967240641356696,-9.49672406413567,18.50327593586433,-75.02222368551068,3,TRAILING_STOP,MACD Divergence
2024-06-29 01:15:00,2024-06-29 01:30:00,2024-06-29 04:00:00,SHORT,60835.98,17.08692783448288,9.086927834482879,21.77165552359054,-28.488075642078527,10,TIME_EXIT,MACD Divergence
2024-06-29 05:45:00,2024-06-29 06:00:00,2024-06-29 08:00:00,LONG,60762.02,43.29940972996004,35.29940972996004,63.29940972996004,0.0,8,TRAILING_STOP,MACD Divergence
2024-06-29 11:30:00,2024-06-29 11:45:00,2024-06-29 14:15:00,SHORT,61170.0,24.850416871015536,16.850416871015536,36.01929050188029,-2.0761811345426007,10,TIME_EXIT,MACD Divergence
2024-06-29 14:15:00,2024-06-29 14:30:00,2024-06-29 16:15:00,LONG,61017.98,-2.624793544460701,-10.624793544460701,17.3752064555393,-16.85732631594828,7,TRAILING_STOP,MACD Divergence
2024-06-29 17:00:00,2024-06-29 17:15:00,2024-06-29 19:45:00,LONG,60971.01,14.16738873113589,6.16738873113589,17.875708471943955,-6.073378151354034,10,TIME_EXIT,MACD Divergence
2024-06-29 20:00:00,2024-06-29 20:15:00,2024-06-29 22:45:00,SHORT,61058.68,14.523733562533662,6.523733562533662,35.894978404380545,-5.129491826551067,10,TIME_EXIT,MACD Divergence
2024-06-29 23:00:00,2024-06-29 23:15:00,2024-06-30 01:45:00,SHORT,61034.0,11.798341907789435,3.7983419077894354,18.35042763050103,-7.210735000164178,10,TIME_EXIT,MACD Divergence
2024-06-30 02:15:00,2024-06-30 02:30:00,2024-06-30 04:15:00,LONG,60900.0,-11.89490968801304,-19.89490968801304,8.10509031198696,-26.11822660098484,7,TRAILING_STOP,MACD Divergence
2024-06-30 05:00:00,2024-06-30 05:15:00,2024-06-30 07:15:00,LONG,60739.83,151.5793409365812,143.5793409365812,171.5793409365812,0.0,8,TRAILING_STOP,MACD Divergence
2024-06-30 12:15:00,2024-06-30 12:30:00,2024-06-30 13:15:00,SHORT,61604.68,6.144981192987004,-1.8550188070129963,36.144981192987004,-4.921704000410311,3,TRAILING_STOP,MACD Divergence
2024-06-30 19:45:00,2024-06-30 20:00:00,2024-06-30 22:00:00,SHORT,62026.83,0.894695085982093,-7.105304914017907,30.894695085982093,-62.165034066708955,8,TRAILING_STOP,MACD Divergence
2024-07-01 01:00:00,2024-07-01 01:15:00,2024-07-01 02:15:00,SHORT,63644.0,12.21921940795631,4.2192194079563095,42.21921940795631,-27.39142731443683,4,TRAILING_STOP,MACD Divergence
2024-07-01 07:45:00,2024-07-01 08:00:00,2024-07-01 08:15:00,LONG,63277.84,-17.446183371618957,-25.446183371618957,2.553816628381041,-29.26142864547782,1,TRAILING_STOP,MACD Divergence
2024-07-01 10:30:00,2024-07-01 10:45:00,2024-07-01 11:45:00,LONG,62840.0,-17.135582431572246,-25.135582431572246,2.8644175684277533,-39.29503500954811,4,TRAILING_STOP,MACD Divergence
2024-07-01 13:30:00,2024-07-01 13:45:00,2024-07-01 14:15:00,SHORT,62705.99,-14.747868584803554,-22.747868584803555,15.252131415196446,-30.939627936661562,2,TRAILING_STOP,MACD Divergence
2024-07-01 16:15:00,2024-07-01 16:30:00,2024-07-01 17:15:00,SHORT,63183.42,-9.964680607666299,-17.9646806076663,20.0353193923337,-31.112592512403058,3,TRAILING_STOP,MACD Divergence
2024-07-01 21:30:00,2024-07-01 21:45:00,2024-07-02 00:15:00,LONG,63179.47,-30.305730643198046,-38.305730643198046,0.0,-62.053385379776515,10,TIME_EXIT,MACD Divergence
2024-07-02 00:15:00,2024-07-02 00:30:00,2024-07-02 02:30:00,LONG,62988.0,2.0835714739313147,-5.916428526068685,22.083571473931315,-27.352829110306864,8,TRAILING_STOP,MACD Divergence
2024-07-02 03:45:00,2024-07-02 04:00:00,2024-07-02 06:30:00,SHORT,63138.68,35.578824264301915,27.578824264301915,47.93891795013774,-16.96582823714443,10,TIME_EXIT,MACD Divergence
2024-07-02 07:45:00,2024-07-02 08:00:00,2024-07-02 09:30:00,LONG,62630.0,6.453776145617162,-1.5462238543828377,26.453776145617162,-28.741817020597484,6,TRAILING_STOP,MACD Divergence
2024-07-02 12:00:00,2024-07-02 12:15:00,2024-07-02 13:30:00,SHORT,62756.87,-21.73636288744155,-29.73636288744155,8.263637112558447,-62.962031089185515,5,TRAILING_STOP,MACD Divergence
2024-07-02 15:15:00,2024-07-02 15:30:00,2024-07-02 15:45:00,LONG,61966.0,-0.2262531065424831,-8.226253106542483,19.773746893457517,-10.326630732982274,1,TRAILING_STOP,MACD Divergence
2024-07-03 00:00:00,2024-07-03 00:15:00,2024-07-03 01:15:00,SHORT,62221.97,27.66934090965004,19.66934090965004,57.66934090965004,-10.28093453164552,4,TRAILING_STOP,MACD Divergence
2024-07-03 08:30:00,2024-07-03 08:45:00,2024-07-03 11:15:00,LONG,60818.0,-99.63990923739648,-107.63990923739648,0.0,-200.269657009438,10,TIME_EXIT,MACD Divergence
2024-07-03 20:15:00,2024-07-03 20:30:00,2024-07-03 20:45:00,LONG,59745.02,-6.77044546976453,-14.77044546976453,13.22955453023547,-27.334495829108043,1,TRAILING_STOP,MACD Divergence
2024-07-04 00:00:00,2024-07-04 00:15:00,2024-07-04 01:15:00,SHORT,60284.01,33.70014204430031,25.700142044300307,63.70014204430031,-35.52849254719457,4,TRAILING_STOP,MACD Divergence
2024-07-04 07:15:00,2024-07-04 07:30:00,2024-07-04 07:45:00,LONG,58444.09,-3.401230132935247,-11.401230132935247,16.598769867064753,-58.19065708782471,1,TRAILING_STOP,MACD Divergence
2024-07-04 13:15:00,2024-07-04 13:30:00,2024-07-04 14:00:00,LONG,56934.01,86.27039971363352,78.27039971363352,106.27039971363352,-28.63139272993454,2,TRAILING_STOP,MACD Divergence
2024-07-04 17:00:00,2024-07-04 17:15:00,2024-07-04 18:15:00,SHORT,58149.99,6.45572424002102,-1.54427575997898,36.45572424002102,-31.987967667750596,4,TRAILING_STOP,MACD Divergence
2024-07-04 21:15:00,2024-07-04 21:30:00,2024-07-04 23:00:00,SHORT,58468.0,71.02278169255037,63.02278169255037,101.02278169255037,-59.02887049326082,6,TRAILING_STOP,MACD Divergence
2024-07-05 00:30:00,2024-07-05 00:45:00,2024-07-05 01:00:00,LONG,56942.01,67.80687580224125,59.80687580224125,87.80687580224125,0.0,1,TRAILING_STOP,MACD Divergence
2024-07-05 04:00:00,2024-07-05 04:15:00,2024-07-05 06:45:00,LONG,55034.88,-136.4389274583681,-144.4389274583681,0.0,-234.680260954507,10,TIME_EXIT,MACD Divergence
2024-07-05 11:00:00,2024-07-05 11:15:00,2024-07-05 11:30:00,SHORT,55351.12,33.43322411542903,25.433224115429027,63.43322411542903,-28.05543952859506,1,TRAILING_STOP,MACD Divergence
2024-07-05 14:00:00,2024-07-05 14:15:00,2024-07-05 14:30:00,SHORT,55564.35,8.576893277793864,0.5768932777938645,38.576893277793864,-25.321991528741787,1,TRAILING_STOP,MACD Divergence
2024-07-05 17:15:00,2024-07-05 17:30:00,2024-07-05 18:15:00,SHORT,56850.0,158.33245382585721,150.33245382585721,188.33245382585721,0.0,3,TRAILING_STOP,MACD Divergence
2024-07-05 22:30:00,2024-07-05 22:45:00,2024-07-06 00:30:00,SHORT,56599.99,13.27032566613461,5.27032566613461,43.27032566613461,-70.3198004098591,7,TRAILING_STOP,MACD Divergence
2024-07-06 01:30:00,2024-07-06 01:45:00,2024-07-06 02:00:00,LONG,56308.0,-10.454287135042977,-18.454287135042975,9.545712864957023,-24.419265468494707,1,TRAILING_STOP,MACD Divergence
2024-07-06 04:15:00,2024-07-06 04:30:00,2024-07-06 05:45:00,LONG,56286.0,16.159968731122987,8.159968731122987,36.15996873112299,-47.61397150268272,5,TRAILING_STOP,MACD Divergence
2024-07-06 07:45:00,2024-07-06 08:00:00,2024-07-06 09:45:00,SHORT,56606.0,-0.10564251139434333,-8.105642511394343,29.894357488605657,-30.74055753807053,7,TRAILING_STOP,MACD Divergence
2024-07-06 10:45:00,2024-07-06 11:00:00,2024-07-06 12:45:00,SHORT,56780.01,19.314890927282683,11.314890927282683,49.31489092728268,-2.986966715926807,7,TRAILING_STOP,MACD Divergence
2024-07-06 13:30:00,2024-07-06 13:45:00,2024-07-06 14:30:00,SHORT,56812.0,-10.280574526508687,-18.280574526508687,19.719425473491313,-52.647328029289326,3,TRAILING_STOP,MACD Divergence
2024-07-06 20:15:00,2024-07-06 20:30:00,2024-07-06 22:15:00,SHORT,58102.0,20.786547795256915,12.786547795256915,50.786547795256915,-30.303604006746706,7,TRAILING_STOP,MACD Divergence
2024-07-06 23:00:00,2024-07-06 23:15:00,2024-07-07 01:45:00,SHORT,58222.11,35.97321876517367,27.97321876517367,65.97321876517367,-42.7655404450299,10,TRAILING_STOP,MACD Divergence
2024-07-07 03:15:00,2024-07-07 03:30:00,2024-07-07 04:00:00,LONG,58008.01,-17.215901734949803,-25.215901734949803,2.7840982650501984,-37.63790552373745,2,TRAILING_STOP,MACD Divergence
2024-07-07 07:00:00,2024-07-07 07:15:00,2024-07-07 09:00:00,LONG,57424.38,31.540826387677356,23.540826387677356,51.540826387677356,-61.12734695611808,7,TRAILING_STOP,MACD Divergence
2024-07-07 10:00:00,2024-07-07 10:15:00,2024-07-07 12:00:00,SHORT,57670.47,25.406172344355582,17.406172344355582,55.40617234435558,-41.83076711530146,7,TRAILING_STOP,MACD Divergence
2024-07-07 12:45:00,2024-07-07 13:00:00,2024-07-07 15:30:00,LONG,57341.1,-83.20733296012727,-91.20733296012727,0.0,-135.61651241430658,10,TIME_EXIT,MACD Divergence
2024-07-07 23:00:00,2024-07-07 23:15:00,2024-07-07 23:30:00,LONG,56422.78,-12.694440082533834,-20.694440082533834,7.305559917466166,-67.85025480843052,1,TRAILING_STOP,MACD Divergence
2024-07-08 06:15:00,2024-07-08 06:30:00,2024-07-08 07:15:00,SHORT,55695.22,0.7836112327062104,-7.21638876729379,30.78361123270621,-36.76796680217779,3,TRAILING_STOP,MACD Divergence
2024-07-08 21:15:00,2024-07-08 21:30:00,2024-07-08 21:45:00,SHORT,56603.44,9.794401188337666,1.794401188337666,39.794401188337666,-16.4442302446626,1,TRAILING_STOP,MACD Divergence
2024-07-09 01:00:00,2024-07-09 01:15:00,2024-07-09 02:00:00,SHORT,57079.54,100.43377714676782,92.43377714676782,130.43377714676782,0.0,3,TRAILING_STOP,MACD Divergence
2024-07-09 04:15:00,2024-07-09 04:30:00,2024-07-09 04:45:00,SHORT,57229.05,-9.865120948189215,-17.865120948189215,20.134879051810785,-17.63964280378533,1,TRAILING_STOP,MACD Divergence
2024-07-09 08:30:00,2024-07-09 08:45:00,2024-07-09 11:15:00,SHORT,57840.01,77.1939648696468,69.1939648696468,107.1939648696468,0.0,10,TRAILING_STOP,MACD Divergence
2024-07-09 13:00:00,2024-07-09 13:15:00,2024-07-09 13:30:00,LONG,57296.01,0.03455388952928473,-7.965446110470715,20.034553889529285,-42.93667220457446,1,TRAILING_STOP,MACD Divergence
2024-07-09 22:45:00,2024-07-09 23:00:00,2024-07-09 23:45:00,SHORT,57936.0,-17.714029273681255,-25.714029273681255,12.285970726318746,-31.091204087268256,3,TRAILING_STOP,MACD Divergence
2024-07-10 05:00:00,2024-07-10 05:15:00,2024-07-10 06:00:00,SHORT,59181.99,31.091220487853768,23.091220487853768,61.09122048785377,0.0,3,TRAILING_STOP,MACD Divergence
2024-07-10 09:00:00,2024-07-10 09:15:00,2024-07-10 11:00:00,LONG,58733.88,-19.42792813960178,-27.42792813960178,0.5720718603982202,-71.88695860038429,7,TRAILING_STOP,MACD Divergence
2024-07-10 12:30:00,2024-07-10 12:45:00,2024-07-10 13:15:00,LONG,57977.88,33.54110912644711,25.54110912644711,53.54110912644711,-13.270578365403333,2,TRAILING_STOP,MACD Divergence
2024-07-10 17:15:00,2024-07-10 17:30:00,2024-07-10 18:15:00,LONG,57623.06,7.851696872745954,-0.14830312725404582,27.851696872745954,-11.63423115676274,3,TRAILING_STOP,MACD Divergence
2024-07-10 20:00:00,2024-07-10 20:15:00,2024-07-10 21:45:00,LONG,57506.43,-12.423455950925886,-20.423455950925884,7.576544049074114,-60.626263880404224,6,TRAILING_STOP,MACD Divergence
2024-07-10 23:45:00,2024-07-11 00:00:00,2024-07-11 00:45:00,SHORT,57725.85,33.688971232125894,25.688971232125894,63.688971232125894,0.0,3,TRAILING_STOP,MACD Divergence
2024-07-11 07:15:00,2024-07-11 07:30:00,2024-07-11 09:00:00,SHORT,58195.99,-3.4947373521783867,-11.494737352178387,26.505262647821613,-22.683693498469918,6,TRAILING_STOP,MACD Divergence
2024-07-11 10:00:00,2024-07-11 10:15:00,2024-07-11 12:45:00,SHORT,58238.54,-99.21436904153121,-107.21436904153121,0.0,-242.35841077059953,10,TIME_EXIT,MACD Divergence
2024-07-11 15:30:00,2024-07-11 15:45:00,2024-07-11 16:30:00,LONG,57560.3,13.257297130140095,5.2572971301400955,33.257297130140095,-66.4173049827751,3,TRAILING_STOP,MACD Divergence
2024-07-11 20:00:00,2024-07-11 20:15:00,2024-07-11 21:00:00,LONG,57217.54,53.13491632111396,45.13491632111396,73.13491632111396,0.0,3,TRAILING_STOP,MACD Divergence
2024-07-11 22:45:00,2024-07-11 23:00:00,2024-07-12 00:00:00,LONG,57338.58,-1.614473187163295,-9.614473187163295,18.385526812836705,-32.47377245826534,4,TRAILING_STOP,MACD Divergence
2024-07-12 12:00:00,2024-07-12 12:15:00,2024-07-12 12:30:00,SHORT,57280.67,18.999077699335267,10.999077699335267,48.99907769933527,-28.456371058508918,1,TRAILING_STOP,MACD Divergence
2024-07-12 14:45:00,2024-07-12 15:00:00,2024-07-12 17:30:00,SHORT,57820.0,-62.95399515738499,-70.95399515738498,0.0,-105.31131096506459,10,TIME_EXIT,MACD Divergence
2024-07-12 18:30:00,2024-07-12 18:45:00,2024-07-12 20:30:00,SHORT,58401.37,184.26038464508707,176.26038464508707,214.26038464508707,0.0,7,TRAILING_STOP,MACD Divergence
2024-07-13 00:15:00,2024-07-13 00:30:00,2024-07-13 02:45:00,SHORT,57818.86,-20.992558483511825,-28.992558483511825,9.007441516488175,-26.088373240149757,9,TRAILING_STOP,MACD Divergence
2024-07-13 03:00:00,2024-07-13 03:15:00,2024-07-13 05:30:00,SHORT,57914.0,-2.826950305625129,-10.826950305625129,27.17304969437487,-7.706254100907791,9,TRAILING_STOP,MACD Divergence
2024-07-13 05:45:00,2024-07-13 06:00:00,2024-07-13 08:30:00,SHORT,58076.02,1.0314067665101643,-6.968593233489836,12.745363749099335,-24.11666639690615,10,TIME_EXIT,MACD Divergence
2024-07-13 09:15:00,2024-07-13 09:30:00,2024-07-13 12:00:00,SHORT,58206.0,-40.890973439164696,-48.890973439164696,0.0,-111.49709651925974,10,TIME_EXIT,MACD Divergence
2024-07-13 12:30:00,2024-07-13 12:45:00,2024-07-13 14:30:00,SHORT,58774.0,20.11059311940599,12.11059311940599,50.11059311940599,-9.52802259502501,7,TRAILING_STOP,MACD Divergence
2024-07-13 15:30:00,2024-07-13 15:45:00,2024-07-13 18:15:00,SHORT,58793.78,28.83808457289115,20.83808457289115,37.55499306219053,-29.1034187630053,10,TIME_EXIT,MACD Divergence
2024-07-13 19:30:00,2024-07-13 19:45:00,2024-07-13 22:15:00,LONG,58626.7,-8.080516215307249,-16.08051621530725,11.919483784692751,-57.73990349107058,10,TRAILING_STOP,MACD Divergence
2024-07-13 22:15:00,2024-07-13 22:30:00,2024-07-13 23:15:00,LONG,58406.39,227.16644873959862,219.16644873959862,247.16644873959862,0.0,3,TRAILING_STOP,MACD Divergence
2024-07-14 01:00:00,2024-07-14 01:15:00,2024-07-14 01:30:00,SHORT,59612.18,-17.836378404547187,-25.836378404547187,12.163621595452813,-23.119436329958024,1,TRAILING_STOP,MACD Divergence
2024-07-14 04:15:00,2024-07-14 04:30:00,2024-07-14 04:45:00,SHORT,59740.0,-26.7743555406768,-34.7743555406768,3.2256444593232003,-45.195848677602946,1,TRAILING_STOP,MACD Divergence
2024-07-14 08:15:00,2024-07-14 08:30:00,2024-07-14 11:00:00,SHORT,60315.53,48.66408369453055,40.66408369453055,68.2295256296345,-7.3016020915344475,10,TIME_EXIT,MACD Divergence
2024-07-14 12:00:00,2024-07-14 12:15:00,2024-07-14 14:45:00,LONG,59876.01,40.144288171505636,32.144288171505636,60.144288171505636,-68.36460879741382,10,TRAILING_STOP,MACD Divergence
2024-07-14 17:00:00,2024-07-14 17:15:00,2024-07-14 19:45:00,SHORT,59980.01,10.673556073099032,2.673556073099032,13.339444258179023,-15.383458588952685,10,TIME_EXIT,MACD Divergence
2024-07-14 20:15:00,2024-07-14 20:30:00,2024-07-14 20:45:00,LONG,59994.01,15.190179819617882,7.190179819617882,35.19017981961788,0.0,1,TRAILING_STOP,MACD Divergence
2024-07-15 01:00:00,2024-07-15 01:15:00,2024-07-15 01:45:00,SHORT,61474.0,15.993428115951126,7.993428115951126,45.993428115951126,0.0,2,TRAILING_STOP,MACD Divergence
2024-07-15 03:45:00,2024-07-15 04:00:00,2024-07-15 05:00:00,SHORT,62647.87,4.296457325684109,-3.703542674315891,34.29645732568411,-29.51417183058166,4,TRAILING_STOP,MACD Divergence
2024-07-15 06:30:00,2024-07-15 06:45:00,2024-07-15 07:30:00,SHORT,62963.42,4.53116110910085,-3.46883889089915,34.53116110910085,-19.15080216417751,3,TRAILING_STOP,MACD Divergence
2024-07-15 10:45:00,2024-07-15 11:00:00,2024-07-15 12:45:00,LONG,62535.95,23.82119404918305,15.821194049183049,43.82119404918305,-39.32937774192238,7,TRAILING_STOP,MACD Divergence
2024-07-15 15:00:00,2024-07-15 15:15:00,2024-07-15 16:15:00,SHORT,62964.0,-12.212057683755795,-20.212057683755795,17.787942316244205,-46.77911187345163,4,TRAILING_STOP,MACD Divergence
2024-07-15 19:15:00,2024-07-15 19:30:00,2024-07-15 20:15:00,SHORT,63349.99,-6.353587427559873,-14.353587427559873,23.646412572440127,-55.880040391482304,3,TRAILING_STOP,MACD Divergence
2024-07-15 22:00:00,2024-07-15 22:15:00,2024-07-15 22:30:00,SHORT,64135.63,-29.290565945949915,-37.290565945949915,0.7094340540500865,-100.80044430841409,1,TRAILING_STOP,MACD Divergence
2024-07-16 04:00:00,2024-07-16 04:15:00,2024-07-16 06:15:00,SHORT,64778.02,172.71073428919183,164.71073428919183,202.71073428919183,0.0,8,TRAILING_STOP,MACD Divergence
2024-07-16 07:00:00,2024-07-16 07:15:00,2024-07-16 09:45:00,LONG,63228.02,-6.402224836393095,-14.402224836393096,4.9187053461433425,-135.1900628866757,10,TIME_EXIT,MACD Divergence
2024-07-16 11:45:00,2024-07-16 12:00:00,2024-07-16 12:15:00,SHORT,63746.11,-22.21756433451381,-30.21756433451381,7.782435665486188,-64.61413880784247,1,TRAILING_STOP,MACD Divergence
2024-07-16 15:00:00,2024-07-16 15:15:00,2024-07-16 17:15:00,SHORT,64202.0,-15.913211426434952,-23.913211426434952,14.086788573565048,-155.44687081399334,8,TRAILING_STOP,MACD Divergence
2024-07-16 19:30:00,2024-07-16 19:45:00,2024-07-16 21:15:00,SHORT,64828.61,23.90675505768227,15.906755057682268,53.90675505768227,-54.66413671371287,6,TRAILING_STOP,MACD Divergence
2024-07-16 23:15:00,2024-07-16 23:30:00,2024-07-17 00:00:00,SHORT,65227.9,15.316498001622584,7.316498001622584,45.316498001622584,-11.085747049958325,2,TRAILING_STOP,MACD Divergence
2024-07-17 08:15:00,2024-07-17 08:30:00,2024-07-17 08:45:00,LONG,65279.63,-5.39054219516829,-13.39054219516829,14.60945780483171,-17.10028074607613,1,TRAILING_STOP,MACD Divergence
2024-07-17 11:15:00,2024-07-17 11:30:00,2024-07-17 12:30:00,LONG,64896.86,-1.9498200683362157,-9.949820068336216,18.050179931663784,-50.071760020438134,4,TRAILING_STOP,MACD Divergence
2024-07-17 15:30:00,2024-07-17 15:45:00,2024-07-17 16:45:00,SHORT,65050.01,153.86007934510724,145.86007934510724,183.86007934510724,0.0,4,TRAILING_STOP,MACD Divergence
2024-07-17 22:15:00,2024-07-17 22:30:00,2024-07-17 23:30:00,LONG,64366.0,-19.088027840785102,-27.088027840785102,0.911972159214899,-39.144890159400795,4,TRAILING_STOP,MACD Divergence
2024-07-18 02:00:00,2024-07-18 02:15:00,2024-07-18 04:45:00,SHORT,64523.13,-7.883994468340674,-15.883994468340674,0.0,-67.7059528885224,10,TIME_EXIT,MACD Divergence
2024-07-18 07:00:00,2024-07-18 07:15:00,2024-07-18 08:45:00,SHORT,64882.99,7.450493573122628,-0.5495064268773717,37.45049357312263,-10.327822438516172,6,TRAILING_STOP,MACD Divergence
2024-07-18 10:45:00,2024-07-18 11:00:00,2024-07-18 12:30:00,LONG,64609.99,42.21948030018268,34.21948030018268,62.21948030018268,-22.90512659110425,6,TRAILING_STOP,MACD Divergence
2024-07-18 13:45:00,2024-07-18 14:00:00,2024-07-18 16:30:00,LONG,64594.2,-121.40408891200714,-129.40408891200713,0.0,-195.24972830377914,10,TIME_EXIT,MACD Divergence
2024-07-18 18:30:00,2024-07-18 18:45:00,2024-07-18 19:00:00,LONG,63359.0,24.45777237645801,16.45777237645801,44.45777237645801,0.0,1,TRAILING_STOP,MACD Divergence
2024-07-18 21:30:00,2024-07-18 21:45:00,2024-07-18 22:15:00,SHORT,63782.28,-19.294832357827467,-27.294832357827467,10.705167642172533,-50.75390845231641,2,TRAILING_STOP,MACD Divergence
2024-07-19 01:15:00,2024-07-19 01:30:00,2024-07-19 02:30:00,LONG,63644.12,26.48976213356353,18.48976213356353,46.48976213356353,0.0,4,TRAILING_STOP,MACD Divergence
2024-07-19 04:00:00,2024-07-19 04:15:00,2024-07-19 06:00:00,SHORT,64219.26,-9.67743633296272,-17.67743633296272,20.32256366703728,-41.53582585660407,7,TRAILING_STOP,MACD Divergence
2024-07-19 13:00:00,2024-07-19 13:15:00,2024-07-19 13:30:00,SHORT,64250.0,8.043579766537007,0.04357976653700746,38.04357976653701,-100.85603112840467,1,TRAILING_STOP,MACD Divergence
2024-07-19 15:45:00,2024-07-19 16:00:00,2024-07-19 18:30:00,SHORT,65836.76,-106.81570599768357,-114.81570599768357,0.0,-150.8367058160232,10,TIME_EXIT,MACD Divergence
2024-07-19 18:45:00,2024-07-19 19:00:00,2024-07-19 21:30:00,SHORT,66788.0,-29.080074264838167,-37.08007426483817,0.0,-89.53704258249985,10,TIME_EXIT,MACD Divergence
2024-07-19 23:45:00,2024-07-20 00:00:00,2024-07-20 00:15:00,LONG,66660.01,4.158412217461137,-3.8415877825388627,24.158412217461137,-38.44883911658405,1,TRAILING_STOP,MACD Divergence
2024-07-20 08:30:00,2024-07-20 08:45:00,2024-07-20 09:45:00,LONG,66553.52,6.981292649884246,-1.0187073501157542,26.981292649884246,-11.786003204639261,4,TRAILING_STOP,MACD Divergence
2024-07-20 11:15:00,2024-07-20 11:30:00,2024-07-20 13:00:00,LONG,66540.52,-15.83411731678665,-23.83411731678665,4.165882683213351,-18.05215829392525,6,TRAILING_STOP,MACD Divergence
2024-07-20 14:45:00,2024-07-20 15:00:00,2024-07-20 17:30:00,SHORT,66589.99,-111.43116255160716,-119.43116255160716,0.0,-151.37560465168934,10,TIME_EXIT,MACD Divergence
2024-07-20 18:45:00,2024-07-20 19:00:00,2024-07-20 20:00:00,SHORT,67467.99,18.94320995778982,10.943209957789819,48.94320995778982,-3.2637699744707858,4,TRAILING_STOP,MACD Divergence
2024-07-21 02:45:00,2024-07-21 03:00:00,2024-07-21 05:30:00,SHORT,67287.01,33.14161232606413,25.141612326064127,59.00247313708765,-13.076818244711014,10,TIME_EXIT,MACD Divergence
2024-07-21 06:00:00,2024-07-21 06:15:00,2024-07-21 08:45:00,LONG,67022.0,-33.71877890841891,-41.71877890841891,0.0,-64.14311718540094,10,TIME_EXIT,MACD Divergence
2024-07-21 14:00:00,2024-07-21 14:15:00,2024-07-21 15:00:00,LONG,66950.0,46.12098581030516,38.12098581030516,66.12098581030516,0.0,3,TRAILING_STOP,MACD Divergence
2024-07-21 16:45:00,2024-07-21 17:00:00,2024-07-21 18:00:00,SHORT,67553.99,233.04737884468483,225.04737884468483,263.04737884468483,0.0,4,TRAILING_STOP,MACD Divergence
2024-07-21 19:30:00,2024-07-21 19:45:00,2024-07-21 20:15:00,SHORT,67309.98,-24.757092484651814,-32.757092484651814,5.242907515348185,-130.1471193424815,2,TRAILING_STOP,MACD Divergence
2024-07-22 00:30:00,2024-07-22 00:45:00,2024-07-22 02:15:00,SHORT,68349.99,57.23775965439117,49.23775965439117,87.23775965439117,0.0,6,TRAILING_STOP,MACD Divergence
2024-07-22 04:00:00,2024-07-22 04:15:00,2024-07-22 06:45:00,LONG,67964.0,-81.21946913071626,-89.21946913071626,0.0,-123.85674768995334,10,TIME_EXIT,MACD Divergence
2024-07-22 08:00:00,2024-07-22 08:15:00,2024-07-22 10:30:00,LONG,67384.0,0.7764454469903832,-7.223554553009617,20.776445446990383,-65.2825596580782,9,TRAILING_STOP,MACD Divergence
2024-07-22 11:30:00,2024-07-22 11:45:00,2024-07-22 12:15:00,SHORT,67443.94,-18.446701067583202,-26.446701067583202,11.553298932416798,-28.74387231825433,2,TRAILING_STOP,MACD Divergence
2024-07-22 19:00:00,2024-07-22 19:15:00,2024-07-22 19:30:00,SHORT,67689.99,-20.842072808696642,-28.842072808696642,9.157927191303356,-37.6732216979194,1,TRAILING_STOP,MACD Divergence
2024-07-23 01:00:00,2024-07-23 01:15:00,2024-07-23 02:00:00,LONG,67388.0,-0.41194277912981647,-8.411942779129816,19.588057220870184,-25.522348192557313,3,TRAILING_STOP,MACD Divergence
2024-07-23 04:30:00,2024-07-23 04:45:00,2024-07-23 07:15:00,LONG,67050.0,-108.583146905295,-116.583146905295,0.0,-111.85682326621925,10,TIME_EXIT,MACD Divergence
2024-07-23 07:15:00,2024-07-23 07:30:00,2024-07-23 08:30:00,LONG,66321.95,82.08535786417663,74.08535786417663,102.08535786417663,0.0,4,TRAILING_STOP,MACD Divergence
2024-07-23 12:45:00,2024-07-23 13:00:00,2024-07-23 13:30:00,LONG,66504.69,16.054600059033255,8.054600059033255,36.054600059033255,-57.46060916906754,2,TRAILING_STOP,MACD Divergence
2024-07-23 17:45:00,2024-07-23 18:00:00,2024-07-23 18:15:00,LONG,65940.29,-0.6688748259977046,-8.668874825997705,19.331125174002295,-24.611660033644622,1,TRAILING_STOP,MACD Divergence
2024-07-23 22:45:00,2024-07-23 23:00:00,2024-07-24 00:00:00,SHORT,65917.99,-11.040077223226852,-19.040077223226852,18.959922776773148,-34.591467367252775,4,TRAILING_STOP,MACD Divergence
2024-07-24 01:30:00,2024-07-24 01:45:00,2024-07-24 02:30:00,SHORT,65830.0,23.64727327966026,15.647273279660261,53.64727327966026,0.0,3,TRAILING_STOP,MACD Divergence
2024-07-24 07:15:00,2024-07-24 07:30:00,2024-07-24 08:00:00,SHORT,66017.65,-23.372984345852963,-31.372984345852963,6.627015654147036,-47.647863866710225,2,TRAILING_STOP,MACD Divergence
2024-07-24 10:00:00,2024-07-24 10:15:00,2024-07-24 12:45:00,SHORT,66474.0,38.947558443902004,30.947558443902004,49.23729578481856,-15.494779913951318,10,TIME_EXIT,MACD Divergence
2024-07-24 13:00:00,2024-07-24 13:15:00,2024-07-24 13:30:00,LONG,66440.0,49.23540036122817,41.23540036122817,69.23540036122817,0.0,1,TRAILING_STOP,MACD Divergence
2024-07-24 18:30:00,2024-07-24 18:45:00,2024-07-24 19:30:00,LONG,65897.0,11.109155196746435,3.1091551967464355,31.109155196746435,-32.29130309422183,3,TRAILING_STOP,MACD Divergence
2024-07-24 21:30:00,2024-07-24 21:45:00,2024-07-24 22:00:00,LONG,65410.63,19.654105150798486,11.654105150798486,39.654105150798486,-8.351853513717478,1,TRAILING_STOP,MACD Divergence
2024-07-25 01:00:00,2024-07-25 01:15:00,2024-07-25 03:45:00,LONG,64550.0,-70.70642912471007,-78.70642912471007,0.0,-106.73896204492642,10,TIME_EXIT,MACD Divergence
2024-07-25 03:45:00,2024-07-25 04:00:00,2024-07-25 05:15:00,LONG,64093.58,19.84174390009118,11.841743900091181,39.84174390009118,-7.836978368192758,5,TRAILING_STOP,MACD Divergence
2024-07-25 07:00:00,2024-07-25 07:15:00,2024-07-25 08:00:00,SHORT,64209.99,18.27753438366802,10.27753438366802,48.27753438366802,-28.034578419962696,3,TRAILING_STOP,MACD Divergence
2024-07-25 14:30:00,2024-07-25 14:45:00,2024-07-25 15:00:00,SHORT,64740.0,-8.37503861600247,-16.37503861600247,21.62496138399753,-32.82360210071054,1,TRAILING_STOP,MACD Divergence
2024-07-25 18:00:00,2024-07-25 18:15:00,2024-07-25 19:00:00,SHORT,65061.8,73.4923718679784,65.4923718679784,103.4923718679784,0.0,3,TRAILING_STOP,MACD Divergence
2024-07-25 20:45:00,2024-07-25 21:00:00,2024-07-25 23:30:00,SHORT,65298.01,-59.72616929673549,-67.72616929673549,0.0,-134.38081803718111,10,TIME_EXIT,MACD Divergence
2024-07-26 00:15:00,2024-07-26 00:30:00,2024-07-26 03:00:00,SHORT,65981.99,-196.41571889541228,-204.41571889541228,0.0,-227.03316465599093,10,TIME_EXIT,MACD Divergence
2024-07-26 03:00:00,2024-07-26 03:15:00,2024-07-26 05:45:00,SHORT,67277.98,52.614540448449254,44.614540448449254,60.519058390277024,0.0,10,TIME_EXIT,MACD Divergence
2024-07-26 07:45:00,2024-07-26 08:00:00,2024-07-26 09:45:00,LONG,66890.56,70.81102026952716,62.81102026952716,90.81102026952716,0.0,7,TRAILING_STOP,MACD Divergence
2024-07-26 14:30:00,2024-07-26 14:45:00,2024-07-26 15:30:00,LONG,67167.65,66.85133393828734,58.85133393828734,86.85133393828734,0.0,3,TRAILING_STOP,MACD Divergence
2024-07-26 21:45:00,2024-07-26 22:00:00,2024-07-27 00:30:00,SHORT,67946.0,17.366732405145264,9.366732405145264,20.30877461513632,-20.607541282783984,10,TIME_EXIT,MACD Divergence
2024-07-27 02:15:00,2024-07-27 02:30:00,2024-07-27 03:00:00,LONG,67813.99,19.457934859754126,11.457934859754126,39.457934859754126,-2.2296284291795683,2,TRAILING_STOP,MACD Divergence
2024-07-27 07:45:00,2024-07-27 08:00:00,2024-07-27 09:15:00,SHORT,68036.68,-8.770275092789976,-16.770275092789976,21.229724907210024,-23.487330657522225,5,TRAILING_STOP,MACD Divergence
2024-07-27 12:00:00,2024-07-27 12:15:00,2024-07-27 13:00:00,SHORT,68363.57,-18.732302891728246,-26.732302891728246,11.267697108271756,-75.80060549792778,3,TRAILING_STOP,MACD Divergence
2024-07-27 19:00:00,2024-07-27 19:15:00,2024-07-27 19:30:00,LONG,68321.14,26.894709309592812,18.894709309592812,46.89470930959281,-96.96266777749996,1,TRAILING_STOP,MACD Divergence
2024-07-28 04:45:00,2024-07-28 05:00:00,2024-07-28 07:00:00,LONG,67338.0,17.54492262912575,9.54492262912575,37.54492262912575,-23.463720336214323,8,TRAILING_STOP,MACD Divergence
2024-07-28 10:45:00,2024-07-28 11:00:00,2024-07-28 13:30:00,SHORT,67560.01,-53.28447997565502,-61.28447997565502,0.0,-83.37920613096598,10,TIME_EXIT,MACD Divergence
2024-07-28 15:30:00,2024-07-28 15:45:00,2024-07-28 18:15:00,LONG,67762.0,73.46300286296197,65.46300286296197,73.46300286296197,-20.36539653493108,10,TIME_EXIT,MACD Divergence
2024-07-28 19:15:00,2024-07-28 19:30:00,2024-07-28 21:30:00,SHORT,68262.0,37.44308692977127,29.44308692977127,67.44308692977127,0.0,8,TRAILING_STOP,MACD Divergence
2024-07-28 22:30:00,2024-07-28 22:45:00,2024-07-28 23:30:00,SHORT,68089.99,-10.32163024256499,-18.32163024256499,19.67836975743501,-16.156559870253286,3,TRAILING_STOP,MACD Divergence
2024-07-29 02:15:00,2024-07-29 02:30:00,2024-07-29 05:00:00,SHORT,69238.0,-30.619024235246542,-38.61902423524654,0.0,-81.16930009532338,10,TIME_EXIT,MACD Divergence
2024-07-29 05:30:00,2024-07-29 05:45:00,2024-07-29 06:15:00,SHORT,69658.99,-15.071560756191666,-23.071560756191666,14.928439243808334,-32.875871441718395,2,TRAILING_STOP,MACD Divergence
2024-07-29 10:00:00,2024-07-29 10:15:00,2024-07-29 11:45:00,LONG,69431.99,38.56522332140993,30.56522332140993,58.56522332140993,0.0,6,TRAILING_STOP,MACD Divergence
2024-07-29 13:30:00,2024-07-29 13:45:00,2024-07-29 16:15:00,LONG,69351.0,-289.119118686105,-297.119118686105,0.0,-290.26257732404724,10,TIME_EXIT,MACD Divergence
2024-07-29 16:15:00,2024-07-29 16:30:00,2024-07-29 18:15:00,LONG,67345.93,9.903811559215828,1.9038115592158285,29.90381155921583,-136.300738589547,7,TRAILING_STOP,MACD Divergence
2024-07-29 21:45:00,2024-07-29 22:00:00,2024-07-29 23:15:00,SHORT,67499.99,103.3318716047225,95.3318716047225,133.3318716047225,-7.951112289053413,5,TRAILING_STOP,MACD Divergence
2024-07-30 06:45:00,2024-07-30 07:00:00,2024-07-30 09:30:00,SHORT,66766.0,12.579756163317443,4.579756163317443,23.591348890152886,-35.047778809573735,10,TIME_EXIT,MACD Divergence
2024-07-30 12:00:00,2024-07-30 12:15:00,2024-07-30 12:45:00,LONG,66562.0,18.762356900332733,10.762356900332733,38.76235690033273,-46.573119798082985,2,TRAILING_STOP,MACD Divergence
2024-07-30 18:00:00,2024-07-30 18:15:00,2024-07-30 18:30:00,LONG,65988.54,-19.171068188506496,-27.171068188506496,0.8289318114935055,-35.14095023166135,1,TRAILING_STOP,MACD Divergence
2024-07-30 22:00:00,2024-07-30 22:15:00,2024-07-31 00:30:00,SHORT,66220.0,21.048021745695195,13.048021745695195,51.048021745695195,-13.213530655391121,9,TRAILING_STOP,MACD Divergence
2024-07-31 00:45:00,2024-07-31 01:00:00,2024-07-31 02:15:00,SHORT,66344.01,6.176589265556117,-1.8234107344438826,36.17658926555612,-10.441033033728903,5,TRAILING_STOP,MACD Divergence
2024-07-31 04:45:00,2024-07-31 05:00:00,2024-07-31 06:15:00,LONG,65804.0,94.03562093489668,86.03562093489668,114.03562093489668,-34.26691386541931,5,TRAILING_STOP,MACD Divergence
2024-07-31 11:00:00,2024-07-31 11:15:00,2024-07-31 12:45:00,LONG,66102.0,9.04601978760098,1.0460197876009794,29.04601978760098,-15.43069801216302,6,TRAILING_STOP,MACD Divergence
2024-07-31 13:45:00,2024-07-31 14:00:00,2024-07-31 14:30:00,SHORT,66508.01,51.908930969366665,43.908930969366665,81.90893096936666,0.0,2,TRAILING_STOP,MACD Divergence
2024-07-31 17:45:00,2024-07-31 18:00:00,2024-07-31 18:30:00,SHORT,66686.01,52.17765615306641,44.17765615306641,82.17765615306641,0.0,2,TRAILING_STOP,MACD Divergence
2024-07-31 21:00:00,2024-07-31 21:15:00,2024-07-31 22:00:00,LONG,64960.0,-4.913793103448276,-12.913793103448276,15.086206896551724,-53.26508620689687,3,TRAILING_STOP,MACD Divergence
2024-08-01 00:15:00,2024-08-01 00:30:00,2024-08-01 01:00:00,LONG,64566.0,18.72161818914011,10.72161818914011,38.72161818914011,-32.75717870086423,2,TRAILING_STOP,MACD Divergence
2024-08-01 03:00:00,2024-08-01 03:15:00,2024-08-01 03:45:00,LONG,63830.01,19.164963314277706,11.164963314277706,39.164963314277706,0.0,2,TRAILING_STOP,MACD Divergence
2024-08-01 06:45:00,2024-08-01 07:00:00,2024-08-01 09:30:00,SHORT,64226.0,-45.46601064989288,-53.46601064989288,0.0,-74.02142434528128,10,TIME_EXIT,MACD Divergence
2024-08-01 11:00:00,2024-08-01 11:15:00,2024-08-01 12:00:00,SHORT,64494.0,-28.785933575216028,-36.78593357521603,1.2140664247839716,-49.65578193320309,3,TRAILING_STOP,MACD Divergence
2024-08-01 13:45:00,2024-08-01 14:00:00,2024-08-01 14:30:00,SHORT,64754.02,75.11316517491798,67.11316517491798,105.11316517491798,0.0,2,TRAILING_STOP,MACD Divergence
2024-08-01 16:45:00,2024-08-01 17:00:00,2024-08-01 18:15:00,LONG,62908.01,63.89074777599832,55.89074777599832,83.89074777599832,-96.33272456083128,5,TRAILING_STOP,MACD Divergence
2024-08-01 21:45:00,2024-08-01 22:00:00,2024-08-02 00:30:00,SHORT,64889.04,-33.87937315762361,-41.87937315762361,0.0,-118.7781480508878,10,TIME_EXIT,MACD Divergence
2024-08-02 09:45:00,2024-08-02 10:00:00,2024-08-02 10:45:00,SHORT,64512.0,-9.538690476190474,-17.538690476190474,20.461309523809526,-56.053137400793744,3,TRAILING_STOP,MACD Divergence
2024-08-02 12:45:00,2024-08-02 13:00:00,2024-08-02 13:15:00,SHORT,64846.0,2.0759954353391095,-5.9240045646608905,32.07599543533911,-16.88616105850785,1,TRAILING_STOP,MACD Divergence
2024-08-02 20:15:00,2024-08-02 20:30:00,2024-08-02 21:00:00,LONG,62542.0,11.020754053276523,3.020754053276523,31.020754053276523,-102.65101851555755,2,TRAILING_STOP,MACD Divergence
2024-08-03 00:45:00,2024-08-03 01:00:00,2024-08-03 01:30:00,LONG,61132.01,4.821693250393363,-3.1783067496066373,24.821693250393363,-77.86591672676917,2,TRAILING_STOP,MACD Divergence
2024-08-03 04:00:00,2024-08-03 04:15:00,2024-08-03 05:00:00,SHORT,61839.99,41.471551014157015,33.471551014157015,71.47155101415701,0.0,3,TRAILING_STOP,MACD Divergence
2024-08-03 10:45:00,2024-08-03 11:00:00,2024-08-03 13:30:00,SHORT,61822.01,-9.829832449639989,-17.829832449639987,0.0,-60.85373154318326,10,TIME_EXIT,MACD Divergence
2024-08-03 14:30:00,2024-08-03 14:45:00,2024-08-03 16:15:00,SHORT,62135.98,244.9550260573675,236.9550260573675,274.9550260573675,0.0,6,TRAILING_STOP,MACD Divergence
2024-08-03 18:15:00,2024-08-03 18:30:00,2024-08-03 19:45:00,LONG,60591.99,-14.017361040625996,-22.017361040625996,5.982638959374004,-110.90409804992342,5,TRAILING_STOP,MACD Divergence
2024-08-03 21:00:00,2024-08-03 21:15:00,2024-08-03 21:45:00,LONG,60254.27,78.85772410818412,70.85772410818412,98.85772410818412,0.0,2,TRAILING_STOP,MACD Divergence
2024-08-03 23:45:00,2024-08-04 00:00:00,2024-08-04 00:30:00,SHORT,60697.99,-13.41460730413013,-21.41460730413013,16.58539269586987,-19.139019265713006,2,TRAILING_STOP,MACD Divergence
2024-08-04 02:30:00,2024-08-04 02:45:00,2024-08-04 05:15:00,SHORT,60784.0,18.511450381678863,10.511450381678863,39.73085022374309,-19.47222953408801,10,TIME_EXIT,MACD Divergence
2024-08-04 07:15:00,2024-08-04 07:30:00,2024-08-04 10:00:00,LONG,60595.66,3.8201877824247674,-4.179812217575233,23.820187782424767,-84.83940929102904,10,TRAILING_STOP,MACD Divergence
2024-08-04 11:30:00,2024-08-04 11:45:00,2024-08-04 12:45:00,SHORT,60872.01,-18.170260847308633,-26.170260847308633,11.829739152691367,-37.05151185249195,4,TRAILING_STOP,MACD Divergence
2024-08-04 15:30:00,2024-08-04 15:45:00,2024-08-04 16:15:00,LONG,59300.0,-17.54300168634069,-25.54300168634069,2.45699831365931,-69.30860033726813,2,TRAILING_STOP,MACD Divergence
2024-08-04 20:15:00,2024-08-04 20:30:00,2024-08-04 20:45:00,SHORT,59218.0,32.077408895943904,24.077408895943904,62.077408895943904,0.0,1,TRAILING_STOP,MACD Divergence
2024-08-05 05:00:00,2024-08-05 05:15:00,2024-08-05 05:30:00,LONG,52907.99,159.19032645163895,151.19032645163895,179.19032645163895,-14.232254901385526,1,TRAILING_STOP,MACD Divergence
2024-08-05 12:30:00,2024-08-05 12:45:00,2024-08-05 13:30:00,LONG,50920.01,277.8770035591118,269.8770035591118,297.8770035591118,-259.25171656486333,3,TRAILING_STOP,MACD Divergence
2024-08-05 15:15:00,2024-08-05 15:30:00,2024-08-05 16:00:00,SHORT,54289.67,-13.740921615475504,-21.740921615475504,16.259078384524496,-140.41897841707305,2,TRAILING_STOP,MACD Divergence
2024-08-05 19:15:00,2024-08-05 19:30:00,2024-08-05 19:45:00,LONG,53290.0,38.359917432914244,30.359917432914244,58.359917432914244,-121.58003377744444,1,TRAILING_STOP,MACD Divergence
2024-08-06 00:15:00,2024-08-06 00:30:00,2024-08-06 00:45:00,SHORT,55625.55,-16.010025968282612,-24.010025968282612,13.989974031717386,-78.85944498526239,1,TRAILING_STOP,MACD Divergence
2024-08-06 05:15:00,2024-08-06 05:30:00,2024-08-06 06:00:00,LONG,55534.01,72.91423399822881,64.91423399822881,92.91423399822881,0.0,2,TRAILING_STOP,MACD Divergence
2024-08-06 08:30:00,2024-08-06 08:45:00,2024-08-06 09:00:00,LONG,54936.01,-9.080022375123718,-17.08002237512372,10.919977624876282,-60.76160245347321,1,TRAILING_STOP,MACD Divergence
2024-08-06 13:15:00,2024-08-06 13:30:00,2024-08-06 13:45:00,LONG,55152.01,11.13213824845134,3.1321382484513407,31.13213824845134,-131.6815107917191,1,TRAILING_STOP,MACD Divergence
2024-08-06 16:00:00,2024-08-06 16:15:00,2024-08-06 16:30:00,SHORT,56710.0,47.848703932287634,39.848703932287634,77.84870393228763,-1.4106859460412626,1,TRAILING_STOP,MACD Divergence
2024-08-06 18:45:00,2024-08-06 19:00:00,2024-08-06 19:15:00,SHORT,56730.0,43.56601445443266,35.56601445443266,73.56601445443266,-16.428697338268478,1,TRAILING_STOP,MACD Divergence
2024-08-06 22:15:00,2024-08-06 22:30:00,2024-08-06 23:00:00,LONG,56056.0,44.30355358926772,36.30355358926772,64.30355358926772,-4.63821892393321,2,TRAILING_STOP,MACD Divergence
2024-08-07 02:30:00,2024-08-07 02:45:00,2024-08-07 03:30:00,SHORT,56694.0,-11.6559071506685,-19.6559071506685,18.3440928493315,-50.555614350725406,3,TRAILING_STOP,MACD Divergence
2024-08-07 08:30:00,2024-08-07 08:45:00,2024-08-07 11:15:00,SHORT,57030.0,-14.555497106786259,-22.55549710678626,0.0,-123.80326144134717,10,TIME_EXIT,MACD Divergence
2024-08-07 13:45:00,2024-08-07 14:00:00,2024-08-07 16:30:00,LONG,56832.06,-136.99485818391938,-144.99485818391938,0.0,-207.9917567654591,10,TIME_EXIT,MACD Divergence
2024-08-07 17:15:00,2024-08-07 17:30:00,2024-08-07 17:45:00,LONG,55726.9,7.055156486364179,-0.9448435136358206,27.05515648636418,-49.6887499573817,1,TRAILING_STOP,MACD Divergence
2024-08-07 20:00:00,2024-08-07 20:15:00,2024-08-07 20:30:00,LONG,54899.99,52.39892029124253,44.39892029124253,72.39892029124253,0.0,1,TRAILING_STOP,MACD Divergence
2024-08-08 01:00:00,2024-08-08 01:15:00,2024-08-08 01:30:00,SHORT,55890.15,21.12707695363136,13.12707695363136,51.12707695363136,-266.8108781243205,1,TRAILING_STOP,MACD Divergence
2024-08-08 08:45:00,2024-08-08 09:00:00,2024-08-08 09:45:00,SHORT,57230.0,-3.519133321683924,-11.519133321683924,26.480866678316076,-46.30438581163725,3,TRAILING_STOP,MACD Divergence
2024-08-08 12:15:00,2024-08-08 12:30:00,2024-08-08 12:45:00,LONG,57154.88,150.69758522806848,142.69758522806848,170.69758522806848,0.0,1,TRAILING_STOP,MACD Divergence
2024-08-08 16:15:00,2024-08-08 16:30:00,2024-08-08 16:45:00,SHORT,59601.52,7.307773358799125,-0.6922266412008753,37.307773358799125,-7.243103867150625,1,TRAILING_STOP,MACD Divergence
2024-08-08 19:15:00,2024-08-08 19:30:00,2024-08-08 20:00:00,SHORT,59627.68,35.42095885669269,27.420958856692693,65.42095885669269,-22.49626348031643,2,TRAILING_STOP,MACD Divergence
2024-08-09 05:00:00,2024-08-09 05:15:00,2024-08-09 06:00:00,LONG,60905.52,-0.38273049799046177,-8.382730497990462,19.61726950200954,-8.772603862507092,3,TRAILING_STOP,MACD Divergence
2024-08-09 08:00:00,2024-08-09 08:15:00,2024-08-09 09:00:00,LONG,60655.0,71.5522215810729,63.5522215810729,91.5522215810729,0.0,3,TRAILING_STOP,MACD Divergence
2024-08-09 13:15:00,2024-08-09 13:30:00,2024-08-09 14:00:00,LONG,60371.8,103.12205367406598,95.12205367406598,123.12205367406598,-74.2565237412174,2,TRAILING_STOP,MACD Divergence
2024-08-09 19:30:00,2024-08-09 19:45:00,2024-08-09 21:00:00,SHORT,60491.0,57.99821461043753,49.99821461043753,87.99821461043753,-81.83531434428242,5,TRAILING_STOP,MACD Divergence
2024-08-09 22:30:00,2024-08-09 22:45:00,2024-08-09 23:15:00,SHORT,60620.17,14.775526033661784,6.775526033661784,44.775526033661784,-26.558816974614224,2,TRAILING_STOP,MACD Divergence
2024-08-10 03:30:00,2024-08-10 03:45:00,2024-08-10 06:15:00,LONG,60463.99,-10.981743017621142,-18.98174301762114,0.9112862052276136,-36.71441464580786,10,TIME_EXIT,MACD Divergence
2024-08-10 09:00:00,2024-08-10 09:15:00,2024-08-10 11:00:00,SHORT,60859.81,5.131558905622228,-2.868441094377772,35.13155890562223,-42.20190631551492,7,TRAILING_STOP,MACD Divergence
2024-08-10 14:00:00,2024-08-10 14:15:00,2024-08-10 15:45:00,LONG,60537.15,15.160228058307759,7.160228058307759,35.16022805830776,-5.457805661482391,6,TRAILING_STOP,MACD Divergence
2024-08-10 18:45:00,2024-08-10 19:00:00,2024-08-10 19:30:00,SHORT,60954.0,-15.743347442333324,-23.743347442333324,14.256652557666676,-30.514814450241165,2,TRAILING_STOP,MACD Divergence
2024-08-10 23:30:00,2024-08-10 23:45:00,2024-08-11 00:15:00,LONG,60852.0,44.41694603299776,36.41694603299776,64.41694603299776,0.0,2,TRAILING_STOP,MACD Divergence
2024-08-11 05:00:00,2024-08-11 05:15:00,2024-08-11 07:45:00,LONG,60966.29,47.683728171748534,39.683728171748534,50.05060993542487,-0.3182086362811856,10,TIME_EXIT,MACD Divergence
2024-08-11 08:45:00,2024-08-11 09:00:00,2024-08-11 10:00:00,SHORT,61260.43,21.3088138623904,13.308813862390402,51.3088138623904,-97.5458383168384,4,TRAILING_STOP,MACD Divergence
2024-08-11 11:45:00,2024-08-11 12:00:00,2024-08-11 14:30:00,LONG,60669.14,-4.844024490870137,-12.844024490870137,15.155975509129863,-82.73069306734828,10,TRAILING_STOP,MACD Divergence
2024-08-11 14:45:00,2024-08-11 15:00:00,2024-08-11 15:30:00,LONG,60350.0,-6.482187241093332,-14.482187241093332,13.517812758906668,-29.053852526925684,2,TRAILING_STOP,MACD Divergence
2024-08-11 19:15:00,2024-08-11 19:30:00,2024-08-11 19:45:00,LONG,59660.55,12.009426664687787,4.009426664687787,32.00942666468779,-7.634860892164572,1,TRAILING_STOP,MACD Divergence
2024-08-12 00:30:00,2024-08-12 00:45:00,2024-08-12 01:15:00,LONG,58346.0,57.5871525040281,49.5871525040281,77.5871525040281,-11.575772118054516,2,TRAILING_STOP,MACD Divergence
2024-08-12 07:15:00,2024-08-12 07:30:00,2024-08-12 07:45:00,LONG,58340.99,59.95579094561151,51.95579094561151,79.95579094561151,0.0,1,TRAILING_STOP,MACD Divergence
2024-08-12 10:45:00,2024-08-12 11:00:00,2024-08-12 13:30:00,SHORT,58969.6,26.98678641198167,18.98678641198167,40.003662904276354,-173.03831126546584,10,TIME_EXIT,MACD Divergence
2024-08-12 14:00:00,2024-08-12 14:15:00,2024-08-12 14:30:00,LONG,59340.94,210.89455610241328,202.89455610241328,230.89455610241328,0.0,1,TRAILING_STOP,MACD Divergence
2024-08-13 00:30:00,2024-08-13 00:45:00,2024-08-13 01:30:00,SHORT,59535.37,-18.405211893365895,-26.405211893365895,11.594788106634107,-65.15622561848464,3,TRAILING_STOP,MACD Divergence
2024-08-13 04:15:00,2024-08-13 04:30:00,2024-08-13 05:45:00,LONG,59118.16,20.906212236645132,12.906212236645132,40.90621223664513,-2.2920199140167608,5,TRAILING_STOP,MACD Divergence
2024-08-13 09:00:00,2024-08-13 09:15:00,2024-08-13 09:30:00,LONG,58999.56,-3.1015688930554113,-11.101568893055411,16.89843110694459,-33.82398106019734,1,TRAILING_STOP,MACD Divergence
2024-08-13 15:00:00,2024-08-13 15:15:00,2024-08-13 16:00:00,SHORT,59499.99,-5.1882311240728995,-13.1882311240729,24.8117688759271,-49.749588193208446,3,TRAILING_STOP,MACD Divergence
2024-08-13 17:45:00,2024-08-13 18:00:00,2024-08-13 19:15:00,SHORT,61167.58,121.02935247724446,113.02935247724446,151.02935247724446,0.0,5,TRAILING_STOP,MACD Divergence
2024-08-14 03:45:00,2024-08-14 04:00:00,2024-08-14 04:15:00,SHORT,60952.83,-20.515616748228926,-28.515616748228926,9.484383251771074,-32.3479648114777,1,TRAILING_STOP,MACD Divergence
2024-08-14 08:15:00,2024-08-14 08:30:00,2024-08-14 09:30:00,LONG,60849.54,1.441411060790461,-6.558588939209539,21.44141106079046,-5.020580270615507,4,TRAILING_STOP,MACD Divergence
2024-08-14 11:30:00,2024-08-14 11:45:00,2024-08-14 12:15:00,SHORT,61345.64,2.543470081981283,-5.456529918018717,32.54347008198128,-70.20221812014734,2,TRAILING_STOP,MACD Divergence
2024-08-14 16:30:00,2024-08-14 16:45:00,2024-08-14 17:15:00,LONG,58868.0,66.89101039614086,58.89101039614086,86.89101039614086,0.0,2,TRAILING_STOP,MACD Divergence
2024-08-14 22:00:00,2024-08-14 22:15:00,2024-08-14 22:30:00,LONG,58755.02,23.650738268832377,15.650738268832377,43.65073826883238,0.0,1,TRAILING_STOP,MACD Divergence
2024-08-15 06:15:00,2024-08-15 06:30:00,2024-08-15 07:15:00,LONG,58101.99,-11.310108311263479,-19.310108311263477,8.689891688736521,-60.581401772985394,3,TRAILING_STOP,MACD Divergence
2024-08-15 10:30:00,2024-08-15 10:45:00,2024-08-15 13:15:00,SHORT,58328.1,-143.83976162432825,-151.83976162432825,0.0,-181.56086003144316,10,TIME_EXIT,MACD Divergence
2024-08-15 13:30:00,2024-08-15 13:45:00,2024-08-15 16:15:00,SHORT,59154.85,-113.41250970968558,-121.41250970968558,0.0,-113.51055746063108,10,TIME_EXIT,MACD Divergence
2024-08-15 16:15:00,2024-08-15 16:30:00,2024-08-15 17:30:00,SHORT,59825.75,81.67933540323313,73.67933540323313,111.67933540323313,0.0,4,TRAILING_STOP,MACD Divergence
2024-08-15 19:30:00,2024-08-15 19:45:00,2024-08-15 20:15:00,LONG,56933.73,15.003854481340603,7.003854481340603,35.0038544813406,-29.460567575671433,2,TRAILING_STOP,MACD Divergence
2024-08-16 02:30:00,2024-08-16 02:45:00,2024-08-16 04:15:00,SHORT,58135.3,27.594955216538267,19.594955216538267,57.59495521653827,-17.5469981233424,6,TRAILING_STOP,MACD Divergence
2024-08-16 06:30:00,2024-08-16 06:45:00,2024-08-16 07:30:00,SHORT,58411.42,-15.222067876452975,-23.222067876452975,14.777932123547025,-25.945268921728474,3,TRAILING_STOP,MACD Divergence
2024-08-16 09:45:00,2024-08-16 10:00:00,2024-08-16 11:15:00,SHORT,58672.51,47.34456903241448,39.34456903241448,77.34456903241448,0.0,5,TRAILING_STOP,MACD Divergence
2024-08-16 18:45:00,2024-08-16 19:00:00,2024-08-16 21:30:00,SHORT,59467.01,64.35332800488915,56.35332800488915,79.5348547034736,-58.982282781663315,10,TIME_EXIT,MACD Divergence
2024-08-16 22:45:00,2024-08-16 23:00:00,2024-08-16 23:45:00,LONG,58966.56,-6.322756491136424,-14.322756491136424,13.677243508863576,-38.34037461232171,3,TRAILING_STOP,MACD Divergence
2024-08-17 02:00:00,2024-08-17 02:15:00,2024-08-17 04:15:00,SHORT,59189.79,2.064651690773168,-5.935348309226832,32.06465169077317,-10.511948091047657,8,TRAILING_STOP,MACD Divergence
2024-08-17 07:00:00,2024-08-17 07:15:00,2024-08-17 09:30:00,LONG,59082.23,46.84412555179455,38.84412555179455,66.84412555179455,0.0,9,TRAILING_STOP,MACD Divergence
2024-08-17 11:45:00,2024-08-17 12:00:00,2024-08-17 13:30:00,LONG,59137.12,31.70525720562597,23.70525720562597,51.70525720562597,-0.18769936716576358,6,TRAILING_STOP,MACD Divergence
2024-08-17 14:30:00,2024-08-17 14:45:00,2024-08-17 16:45:00,SHORT,59393.69,-24.940539979919937,-32.94053997991993,5.0594600200800635,-51.5728185940287,8,TRAILING_STOP,MACD Divergence
2024-08-17 18:45:00,2024-08-17 19:00:00,2024-08-17 20:15:00,LONG,59417.68,0.9112843180682937,-7.088715681931706,20.911284318068294,-8.435199758725453,5,TRAILING_STOP,MACD Divergence
2024-08-18 01:00:00,2024-08-18 01:15:00,2024-08-18 02:30:00,SHORT,59624.79,8.857998493579991,0.8579984935799914,38.85799849357999,-17.643668011241143,5,TRAILING_STOP,MACD Divergence
2024-08-18 08:30:00,2024-08-18 08:45:00,2024-08-18 11:15:00,SHORT,59648.81,-39.94715066402814,-47.94715066402814,0.0,-92.40586694017908,10,TIME_EXIT,MACD Divergence
2024-08-18 12:30:00,2024-08-18 12:45:00,2024-08-18 13:00:00,SHORT,60202.39,12.36210555760308,4.36210555760308,42.36210555760308,-4.205813091473563,1,TRAILING_STOP,MACD Divergence
2024-08-18 17:00:00,2024-08-18 17:15:00,2024-08-18 19:45:00,LONG,59718.9,-1.7615863654561745,-9.761586365456175,6.212438608212567,-51.846232934632525,10,TIME_EXIT,MACD Divergence
2024-08-18 21:45:00,2024-08-18 22:00:00,2024-08-18 22:30:00,LONG,59439.33,3.3094821223583146,-4.690517877641685,23.309482122358315,-13.15627211814204,2,TRAILING_STOP,MACD Divergence
2024-08-19 00:45:00,2024-08-19 01:00:00,2024-08-19 02:00:00,LONG,58346.03,28.669978060204123,20.669978060204123,48.66997806020412,-9.049458892060974,4,TRAILING_STOP,MACD Divergence
2024-08-19 06:15:00,2024-08-19 06:30:00,2024-08-19 07:15:00,LONG,58491.78,23.431743742454216,15.431743742454216,43.431743742454216,0.0,3,TRAILING_STOP,MACD Divergence
2024-08-19 13:30:00,2024-08-19 13:45:00,2024-08-19 14:00:00,SHORT,58583.4,56.69862111110034,48.69862111110034,86.69862111110034,0.0,1,TRAILING_STOP,MACD Divergence
2024-08-19 17:30:00,2024-08-19 17:45:00,2024-08-19 18:15:00,SHORT,59017.63,18.397402606644384,10.397402606644384,48.397402606644384,-4.4681563797127435,2,TRAILING_STOP,MACD Divergence
2024-08-19 20:30:00,2024-08-19 20:45:00,2024-08-19 21:30:00,SHORT,59255.34,15.135172627479164,7.1351726274791645,45.135172627479164,0.0,3,TRAILING_STOP,MACD Divergence
2024-08-19 23:15:00,2024-08-19 23:30:00,2024-08-20 02:00:00,SHORT,59346.47,-183.00161745087712,-191.00161745087712,0.0,-263.55063746841245,10,TIME_EXIT,MACD Divergence
2024-08-20 04:00:00,2024-08-20 04:15:00,2024-08-20 05:15:00,SHORT,60945.5,2.2730964550298793,-5.726903544970121,32.27309645502988,-74.574825048609,4,TRAILING_STOP,MACD Divergence
2024-08-20 10:15:00,2024-08-20 10:30:00,2024-08-20 11:00:00,LONG,60770.19,-13.871995463565613,-21.87199546356561,6.128004536434387,-29.876490430588575,2,TRAILING_STOP,MACD Divergence
2024-08-20 13:00:00,2024-08-20 13:15:00,2024-08-20 14:00:00,LONG,60467.6,60.76887457084446,52.76887457084446,80.76887457084446,-57.69205326488873,3,TRAILING_STOP,MACD Divergence
2024-08-20 15:45:00,2024-08-20 16:00:00,2024-08-20 16:30:00,LONG,58825.53,17.60782095800976,9.60782095800976,37.60782095800976,-4.34505222477344,2,TRAILING_STOP,MACD Divergence
2024-08-20 20:00:00,2024-08-20 20:15:00,2024-08-20 21:00:00,SHORT,59531.99,92.5626759663165,84.5626759663165,122.5626759663165,-9.11274761686952,3,TRAILING_STOP,MACD Divergence
2024-08-21 01:15:00,2024-08-21 01:30:00,2024-08-21 02:45:00,LONG,59010.19,66.39185876201985,58.39185876201985,86.39185876201985,0.0,5,TRAILING_STOP,MACD Divergence
2024-08-21 06:00:00,2024-08-21 06:15:00,2024-08-21 08:15:00,SHORT,59512.01,17.163589332640633,9.163589332640633,47.16358933264063,-69.24988754370678,8,TRAILING_STOP,MACD Divergence
2024-08-21 13:00:00,2024-08-21 13:15:00,2024-08-21 13:30:00,SHORT,59460.97,72.7514351010421,64.7514351010421,102.7514351010421,-10.193241045344632,1,TRAILING_STOP,MACD Divergence
2024-08-21 20:00:00,2024-08-21 20:15:00,2024-08-21 20:45:00,SHORT,61515.22,69.6647658904583,61.6647658904583,99.6647658904583,0.0,2,TRAILING_STOP,MACD Divergence
2024-08-22 01:00:00,2024-08-22 01:15:00,2024-08-22 01:30:00,LONG,60946.67,-17.320608328559747,-25.320608328559747,2.679391671440252,-22.42452294768496,1,TRAILING_STOP,MACD Divergence
2024-08-22 08:30:00,2024-08-22 08:45:00,2024-08-22 10:15:00,SHORT,60950.87,-5.637755457796544,-13.637755457796544,24.362244542203456,-22.826581474554402,6,TRAILING_STOP,MACD Divergence
2024-08-22 11:45:00,2024-08-22 12:00:00,2024-08-22 13:45:00,SHORT,61336.09,123.49038388328913,115.49038388328913,153.49038388328913,0.0,7,TRAILING_STOP,MACD Divergence
2024-08-22 14:45:00,2024-08-22 15:00:00,2024-08-22 15:15:00,LONG,60510.48,11.41274040463643,3.4127404046364305,31.41274040463643,-20.798050188993017,1,TRAILING_STOP,MACD Divergence
2024-08-22 17:45:00,2024-08-22 18:00:00,2024-08-22 18:45:00,LONG,60164.7,46.78500848504271,38.78500848504271,66.78500848504271,0.0,3,TRAILING_STOP,MACD Divergence
2024-08-23 00:15:00,2024-08-23 00:30:00,2024-08-23 03:00:00,SHORT,60679.98,-1.282136216920117,-9.282136216920117,12.523075979920435,-28.991440010362272,10,TIME_EXIT,MACD Divergence
2024-08-23 05:00:00,2024-08-23 05:15:00,2024-08-23 06:45:00,SHORT,60894.84,-17.79535343224488,-25.79535343224488,12.20464656775512,-77.65846827087509,6,TRAILING_STOP,MACD Divergence
2024-08-23 08:45:00,2024-08-23 09:00:00,2024-08-23 11:30:00,SHORT,61321.4,85.02904369437154,77.02904369437154,101.33493364469851,0.0,10,TIME_EXIT,MACD Divergence
2024-08-23 12:00:00,2024-08-23 12:15:00,2024-08-23 13:00:00,LONG,60820.95,45.181487628851954,37.181487628851954,65.18148762885195,0.0,3,TRAILING_STOP,MACD Divergence
2024-08-23 17:30:00,2024-08-23 17:45:00,2024-08-23 20:15:00,SHORT,62272.39,-225.24267978152105,-233.24267978152105,0.0,-248.38776864032425,10,TIME_EXIT,MACD Divergence
2024-08-23 20:15:00,2024-08-23 20:30:00,2024-08-23 21:15:00,SHORT,63675.04,-11.218700451542112,-19.218700451542112,18.781299548457888,-173.0599619568357,3,TRAILING_STOP,MACD Divergence
2024-08-24 01:45:00,2024-08-24 02:00:00,2024-08-24 03:30:00,LONG,63836.49,5.613876953448106,-2.3861230465518943,25.613876953448106,-9.801604066890224,6,TRAILING_STOP,MACD Divergence
2024-08-24 08:00:00,2024-08-24 08:15:00,2024-08-24 08:45:00,SHORT,64178.03,-24.775470671194046,-32.77547067119404,5.2245293288059536,-42.47559484141202,2,TRAILING_STOP,MACD Divergence
2024-08-24 12:00:00,2024-08-24 12:15:00,2024-08-24 14:45:00,LONG,64083.0,13.86327107033012,5.86327107033012,25.123667743395284,-18.998798433281838,10,TIME_EXIT,MACD Divergence
2024-08-24 15:30:00,2024-08-24 15:45:00,2024-08-24 16:30:00,LONG,63952.97,51.934110331388965,43.934110331388965,71.93411033138896,-7.722862597311653,3,TRAILING_STOP,MACD Divergence
2024-08-24 18:15:00,2024-08-24 18:30:00,2024-08-24 21:00:00,SHORT,64400.0,50.931677018633536,42.931677018633536,70.8835403726705,0.0,10,TIME_EXIT,MACD Divergence
2024-08-25 06:00:00,2024-08-25 06:15:00,2024-08-25 08:45:00,LONG,64105.01,-27.144524273532134,-35.144524273532134,0.0,-49.801099789236446,10,TIME_EXIT,MACD Divergence
2024-08-25 09:15:00,2024-08-25 09:30:00,2024-08-25 11:45:00,LONG,63807.92,11.643407276087903,3.6434072760879026,31.643407276087903,-3.2002296893549036,9,TRAILING_STOP,MACD Divergence
2024-08-25 12:15:00,2024-08-25 12:30:00,2024-08-25 13:30:00,LONG,63820.0,34.37167032278283,26.371670322782833,54.37167032278283,0.0,4,TRAILING_STOP,MACD Divergence
2024-08-25 15:00:00,2024-08-25 15:15:00,2024-08-25 17:45:00,SHORT,64232.99,14.322858082739105,6.3228580827391045,36.27263809453646,-1.2470227526387978,10,TIME_EXIT,MACD Divergence
2024-08-25 18:30:00,2024-08-25 18:45:00,2024-08-25 21:00:00,SHORT,64246.96,-10.626320685056356,-18.626320685056356,19.373679314943644,-18.35728881179784,9,TRAILING_STOP,MACD Divergence
2024-08-25 21:30:00,2024-08-25 21:45:00,2024-08-25 22:00:00,SHORT,64326.0,-22.712122625377393,-30.712122625377393,7.287877374622607,-42.59552902403383,1,TRAILING_STOP,MACD Divergence
2024-08-26 02:00:00,2024-08-26 02:15:00,2024-08-26 04:30:00,LONG,63979.0,15.372544116037709,7.372544116037709,35.37254411603771,-16.567936354116195,9,TRAILING_STOP,MACD Divergence
2024-08-26 06:15:00,2024-08-26 06:30:00,2024-08-26 06:45:00,LONG,63824.0,-4.801955377287541,-12.801955377287541,15.198044622712459,-63.299072449235396,1,TRAILING_STOP,MACD Divergence
2024-08-26 09:30:00,2024-08-26 09:45:00,2024-08-26 10:45:00,LONG,63643.01,42.251926802329905,34.251926802329905,62.251926802329905,0.0,4,TRAILING_STOP,MACD Divergence
2024-08-26 15:15:00,2024-08-26 15:30:00,2024-08-26 17:00:00,LONG,63377.34,50.79186346413458,42.79186346413458,70.79186346413458,-4.159215265265678,6,TRAILING_STOP,MACD Divergence
2024-08-26 20:15:00,2024-08-26 20:30:00,2024-08-26 20:45:00,LONG,63385.0,7.227261970498027,-0.7727380295019728,27.227261970498027,0.0,1,TRAILING_STOP,MACD Divergence
2024-08-26 23:45:00,2024-08-27 00:00:00,2024-08-27 00:45:00,LONG,62834.0,14.376293089728492,6.376293089728492,34.37629308972849,-28.169462392971955,3,TRAILING_STOP,MACD Divergence
2024-08-27 03:00:00,2024-08-27 03:15:00,2024-08-27 05:45:00,LONG,62747.01,64.22776160967587,56.227761609675866,72.19308139144765,0.0,10,TIME_EXIT,MACD Divergence
2024-08-27 06:00:00,2024-08-27 06:15:00,2024-08-27 07:00:00,SHORT,63072.61,28.908296327043217,20.908296327043217,58.90829632704322,0.0,3,TRAILING_STOP,MACD Divergence
2024-08-27 08:45:00,2024-08-27 09:00:00,2024-08-27 09:30:00,LONG,62813.38,2.133819259528167,-5.866180740471833,22.133819259528167,-39.38332883853685,2,TRAILING_STOP,MACD Divergence
2024-08-27 12:00:00,2024-08-27 12:15:00,2024-08-27 12:30:00,LONG,62396.44,-13.600596444284275,-21.600596444284275,6.3994035557157245,-42.380622997081616,1,TRAILING_STOP,MACD Divergence
2024-08-27 14:45:00,2024-08-27 15:00:00,2024-08-27 15:15:00,LONG,61851.01,-8.37529088045588,-16.37529088045588,11.62470911954412,-22.319764867219288,1,TRAILING_STOP,MACD Divergence
2024-08-27 19:30:00,2024-08-27 19:45:00,2024-08-27 21:15:00,SHORT,62062.0,110.66578582707615,102.66578582707615,140.66578582707615,-6.446779027424517,6,TRAILING_STOP,MACD Divergence
2024-08-28 04:15:00,2024-08-28 04:30:00,2024-08-28 07:00:00,SHORT,59599.82,78.15795416831791,70.15795416831791,87.38113638598253,0.0,10,TIME_EXIT,MACD Divergence
2024-08-28 08:00:00,2024-08-28 08:15:00,2024-08-28 09:00:00,LONG,58817.0,77.47691993811344,69.47691993811344,97.47691993811344,0.0,3,TRAILING_STOP,MACD Divergence
2024-08-28 14:00:00,2024-08-28 14:15:00,2024-08-28 16:45:00,LONG,59790.0,-99.01154039136946,-107.01154039136946,0.0,-322.79645425656463,10,TIME_EXIT,MACD Divergence
2024-08-29 01:45:00,2024-08-29 02:00:00,2024-08-29 04:30:00,LONG,58998.0,33.79606088341968,25.796060883419678,38.68266720905813,-13.222482118038245,10,TIME_EXIT,MACD Divergence
2024-08-29 09:00:00,2024-08-29 09:15:00,2024-08-29 10:00:00,SHORT,59648.97,-15.754992919408137,-23.75499291940814,14.245007080591863,-27.59477657367739,3,TRAILING_STOP,MACD Divergence
2024-08-29 11:45:00,2024-08-29 12:00:00,2024-08-29 12:15:00,SHORT,60067.06,-26.702019376344094,-34.7020193763441,3.297980623655906,-34.45149471274311,1,TRAILING_STOP,MACD Divergence
2024-08-29 14:45:00,2024-08-29 15:00:00,2024-08-29 15:15:00,SHORT,60815.0,-29.43106141576928,-37.43106141576928,0.5689385842307205,-43.16698183014007,1,TRAILING_STOP,MACD Divergence
2024-08-29 22:00:00,2024-08-29 22:15:00,2024-08-30 00:00:00,LONG,59114.0,27.873600162398084,19.873600162398084,47.873600162398084,-0.33832932976959773,7,TRAILING_STOP,MACD Divergence
2024-08-30 03:00:00,2024-08-30 03:15:00,2024-08-30 04:45:00,LONG,58932.0,18.0099097264644,10.0099097264644,38.0099097264644,-5.480893232879066,6,TRAILING_STOP,MACD Divergence
2024-08-30 06:00:00,2024-08-30 06:15:00,2024-08-30 07:30:00,LONG,58930.0,90.78567792295954,82.78567792295954,110.78567792295954,-3.3938571186153066,5,TRAILING_STOP,MACD Divergence
2024-08-30 09:00:00,2024-08-30 09:15:00,2024-08-30 11:45:00,SHORT,59569.99,29.20765976291048,21.20765976291048,42.30150114176584,-17.530639169152167,10,TIME_EXIT,MACD Divergence
2024-08-30 12:15:00,2024-08-30 12:30:00,2024-08-30 13:45:00,SHORT,59558.0,80.31263642163941,72.31263642163941,110.31263642163941,-33.41280768326673,5,TRAILING_STOP,MACD Divergence
2024-08-30 16:15:00,2024-08-30 16:30:00,2024-08-30 17:30:00,LONG,58092.01,75.3711190230806,67.3711190230806,95.3711190230806,0.0,4,TRAILING_STOP,MACD Divergence
2024-08-30 19:00:00,2024-08-30 19:15:00,2024-08-30 20:45:00,SHORT,58951.0,12.57773405031297,4.577734050312969,42.57773405031297,-16.45434343777035,6,TRAILING_STOP,MACD Divergence
2024-08-31 00:15:00,2024-08-31 00:30:00,2024-08-31 03:00:00,SHORT,59374.5,41.29213719694452,33.29213719694452,43.03025709690152,-2.4421258284280287,10,TIME_EXIT,MACD Divergence
2024-08-31 03:15:00,2024-08-31 03:30:00,2024-08-31 05:45:00,LONG,59194.99,6.186337728919636,-1.8136622710803643,26.186337728919636,0.0,9,TRAILING_STOP,MACD Divergence
2024-08-31 06:45:00,2024-08-31 07:00:00,2024-08-31 08:45:00,LONG,59154.02,-15.577646286760647,-23.577646286760647,4.422353713239353,-29.232163765032073,7,TRAILING_STOP,MACD Divergence
2024-08-31 09:30:00,2024-08-31 09:45:00,2024-08-31 12:15:00,LONG,58894.0,40.45743199646769,32.45743199646769,50.07301253098812,-3.7355248412401942,10,TIME_EXIT,MACD Divergence
2024-08-31 12:15:00,2024-08-31 12:30:00,2024-08-31 14:00:00,SHORT,59132.27,10.607269093507718,2.6072690935077176,40.60726909350772,-18.901692764374523,6,TRAILING_STOP,MACD Divergence
2024-08-31 16:15:00,2024-08-31 16:30:00,2024-08-31 18:30:00,LONG,58985.01,6.277862799379026,-1.722137200620974,26.277862799379026,-40.85953363405415,8,TRAILING_STOP,MACD Divergence
2024-08-31 20:00:00,2024-08-31 20:15:00,2024-08-31 22:45:00,LONG,58845.4,30.355677759009147,22.355677759009147,50.35567775900915,-1.0858962637690317,10,TRAILING_STOP,MACD Divergence
2024-09-01 01:00:00,2024-09-01 01:15:00,2024-09-01 02:00:00,LONG,58876.48,-8.992208773350976,-16.992208773350974,11.007791226649024,-56.79857219725151,3,TRAILING_STOP,MACD Divergence
2024-09-01 05:00:00,2024-09-01 05:15:00,2024-09-01 07:45:00,LONG,58322.01,26.856070289758083,18.856070289758083,30.518495504527014,-93.44842538863149,10,TIME_EXIT,MACD Divergence
2024-09-01 10:30:00,2024-09-01 10:45:00,2024-09-01 12:15:00,LONG,58047.99,26.885344350425136,18.885344350425136,46.885344350425136,-35.83069801383269,6,TRAILING_STOP,MACD Divergence
2024-09-01 13:30:00,2024-09-01 13:45:00,2024-09-01 14:00:00,LONG,57831.0,40.17533848627898,32.17533848627898,60.17533848627898,-108.93811277688437,1,TRAILING_STOP,MACD Divergence
2024-09-01 16:15:00,2024-09-01 16:30:00,2024-09-01 17:45:00,SHORT,58100.01,10.569700418295817,2.5697004182958167,40.56970041829582,-20.13596899552994,5,TRAILING_STOP,MACD Divergence
2024-09-01 23:15:00,2024-09-01 23:30:00,2024-09-01 23:45:00,LONG,57374.01,-12.158470359663205,-20.158470359663205,7.841529640336794,-21.544598329452757,1,TRAILING_STOP,MACD Divergence
2024-09-02 03:30:00,2024-09-02 03:45:00,2024-09-02 05:15:00,SHORT,57551.0,-11.739674375771664,-19.739674375771664,18.260325624228336,-37.35816927594655,6,TRAILING_STOP,MACD Divergence
2024-09-02 08:15:00,2024-09-02 08:30:00,2024-09-02 09:45:00,SHORT,58161.09,14.684513306060701,6.684513306060701,44.6845133060607,-51.73733848523188,5,TRAILING_STOP,MACD Divergence
2024-09-02 11:15:00,2024-09-02 11:30:00,2024-09-02 14:00:00,SHORT,58666.6,89.24839687317767,81.24839687317767,95.89783624754095,0.0,10,TIME_EXIT,MACD Divergence
2024-09-02 14:30:00,2024-09-02 14:45:00,2024-09-02 15:30:00,SHORT,58590.01,-11.377371330026982,-19.377371330026982,18.622628669973018,-25.787672676621238,3,TRAILING_STOP,MACD Divergence
2024-09-02 20:30:00,2024-09-02 20:45:00,2024-09-02 23:15:00,SHORT,58612.05,-81.37234578896235,-89.37234578896235,0.0,-138.81787106917423,10,TIME_EXIT,MACD Divergence
2024-09-03 01:00:00,2024-09-03 01:15:00,2024-09-03 01:45:00,SHORT,59270.01,-17.413533421033918,-25.413533421033918,12.58646657896608,-22.60502402479701,2,TRAILING_STOP,MACD Divergence
2024-09-03 04:15:00,2024-09-03 04:30:00,2024-09-03 04:45:00,LONG,59127.98,-1.731153338910481,-9.731153338910481,18.26884666108952,-20.969767612559274,1,TRAILING_STOP,MACD Divergence
2024-09-03 07:00:00,2024-09-03 07:15:00,2024-09-03 08:30:00,LONG,58923.0,16.887123873529617,8.887123873529617,36.88712387352962,-34.96088114997539,5,TRAILING_STOP,MACD Divergence
2024-09-03 13:00:00,2024-09-03 13:15:00,2024-09-03 13:45:00,SHORT,59304.0,156.4494806421154,148.4494806421154,186.4494806421154,0.0,2,TRAILING_STOP,MACD Divergence
2024-09-03 18:00:00,2024-09-03 18:15:00,2024-09-03 18:45:00,LONG,57776.0,28.289947382996395,20.289947382996395,48.289947382996395,0.0,2,TRAILING_STOP,MACD Divergence
2024-09-03 20:45:00,2024-09-03 21:00:00,2024-09-03 21:45:00,SHORT,58228.01,16.45702300319074,8.457023003190741,46.45702300319074,0.0,3,TRAILING_STOP,MACD Divergence
2024-09-04 00:00:00,2024-09-04 00:15:00,2024-09-04 00:30:00,LONG,57786.0,2.842903125324476,-5.157096874675524,22.842903125324476,-21.11238016128474,1,TRAILING_STOP,MACD Divergence
2024-09-04 06:15:00,2024-09-04 06:30:00,2024-09-04 06:45:00,LONG,56496.16,-14.364218736282872,-22.364218736282872,5.635781263717128,-44.266725384522374,1,TRAILING_STOP,MACD Divergence
2024-09-04 09:00:00,2024-09-04 09:15:00,2024-09-04 11:30:00,SHORT,56728.88,18.631314420449932,10.631314420449932,48.63131442044993,-12.536824277158763,9,TRAILING_STOP,MACD Divergence
2024-09-04 12:00:00,2024-09-04 12:15:00,2024-09-04 12:45:00,LONG,56503.0,26.190467762773295,18.190467762773295,46.190467762773295,0.0,2,TRAILING_STOP,MACD Divergence
2024-09-04 16:30:00,2024-09-04 16:45:00,2024-09-04 19:00:00,SHORT,58256.7,74.82914411561195,66.82914411561195,104.82914411561195,-36.957122528396376,9,TRAILING_STOP,MACD Divergence
2024-09-04 22:00:00,2024-09-04 22:15:00,2024-09-05 00:00:00,SHORT,58371.0,52.436483870415515,44.436483870415515,82.43648387041551,0.0,7,TRAILING_STOP,MACD Divergence
2024-09-05 06:15:00,2024-09-05 06:30:00,2024-09-05 08:30:00,LONG,56852.0,49.13213255470323,41.13213255470323,69.13213255470323,-3.676211918666266,8,TRAILING_STOP,MACD Divergence
2024-09-05 11:15:00,2024-09-05 11:30:00,2024-09-05 12:15:00,LONG,56782.28,-8.073744132852509,-16.07374413285251,11.926255867147491,-81.76494497931377,3,TRAILING_STOP,MACD Divergence
2024-09-05 14:00:00,2024-09-05 14:15:00,2024-09-05 15:00:00,SHORT,56766.01,60.90122768889377,52.90122768889377,90.90122768889377,-74.16233763831525,3,TRAILING_STOP,MACD Divergence
2024-09-05 19:30:00,2024-09-05 19:45:00,2024-09-05 20:45:00,LONG,55922.0,40.435964378956605,32.435964378956605,60.435964378956605,0.0,4,TRAILING_STOP,MACD Divergence
2024-09-06 00:30:00,2024-09-06 00:45:00,2024-09-06 01:15:00,SHORT,56083.0,-13.952356329012357,-21.952356329012357,16.047643670987643,-35.66143037997254,2,TRAILING_STOP,MACD Divergence
2024-09-06 03:15:00,2024-09-06 03:30:00,2024-09-06 04:00:00,SHORT,56799.08,17.02188838269946,9.021888382699458,47.02188838269946,0.0,2,TRAILING_STOP,MACD Divergence
2024-09-06 06:45:00,2024-09-06 07:00:00,2024-09-06 09:30:00,LONG,56430.01,-100.83464454463184,-108.83464454463184,0.0,-203.7940450480165,10,TIME_EXIT,MACD Divergence
2024-09-06 12:30:00,2024-09-06 12:45:00,2024-09-06 13:15:00,LONG,56500.01,69.90971860004944,61.909718600049445,89.90971860004944,0.0,2,TRAILING_STOP,MACD Divergence
2024-09-06 16:15:00,2024-09-06 16:30:00,2024-09-06 17:15:00,LONG,54111.51,39.78210550768181,31.782105507681813,59.78210550768181,-88.46177088756167,3,TRAILING_STOP,MACD Divergence
2024-09-06 19:00:00,2024-09-06 19:15:00,2024-09-06 19:45:00,LONG,53769.99,22.21871716918713,14.21871716918713,42.21871716918713,-93.44431717394724,2,TRAILING_STOP,MACD Divergence
2024-09-06 23:45:00,2024-09-07 00:00:00,2024-09-07 02:30:00,SHORT,53962.97,12.597527526747175,4.597527526747175,40.292444985885744,-19.83397133256358,10,TIME_EXIT,MACD Divergence
2024-09-07 04:45:00,2024-09-07 05:00:00,2024-09-07 06:30:00,SHORT,54060.59,-24.012274005889438,-32.01227400588944,5.987725994110561,-44.69429578922514,6,TRAILING_STOP,MACD Divergence
2024-09-07 07:30:00,2024-09-07 07:45:00,2024-09-07 08:15:00,SHORT,54275.36,-14.199091447757871,-22.199091447757873,15.800908552242129,-15.41030773448567,2,TRAILING_STOP,MACD Divergence
2024-09-07 10:15:00,2024-09-07 10:30:00,2024-09-07 12:15:00,SHORT,54346.99,-14.828966608822844,-22.828966608822846,15.171033391177156,-26.862573253827904,7,TRAILING_STOP,MACD Divergence
2024-09-07 13:15:00,2024-09-07 13:30:00,2024-09-07 14:00:00,SHORT,54574.77,0.7413114155124809,-7.258688584487519,30.74131141551248,-21.31571053803832,2,TRAILING_STOP,MACD Divergence
2024-09-07 16:00:00,2024-09-07 16:15:00,2024-09-07 18:15:00,SHORT,54711.9,100.11794509055645,92.11794509055645,130.11794509055645,0.0,8,TRAILING_STOP,MACD Divergence
2024-09-07 21:00:00,2024-09-07 21:15:00,2024-09-07 21:45:00,LONG,53992.01,8.891311881146482,0.891311881146482,28.891311881146482,-23.153425849491807,2,TRAILING_STOP,MACD Divergence
2024-09-08 02:30:00,2024-09-08 02:45:00,2024-09-08 04:00:00,SHORT,54331.64,-18.08061011962789,-26.08061011962789,11.919389880372107,-22.644264005282896,5,TRAILING_STOP,MACD Divergence
2024-09-08 07:00:00,2024-09-08 07:15:00,2024-09-08 08:00:00,LONG,54485.0,-15.789666880792451,-23.789666880792453,4.210333119207549,-23.67624116729375,3,TRAILING_STOP,MACD Divergence
2024-09-08 11:00:00,2024-09-08 11:15:00,2024-09-08 13:15:00,SHORT,54666.87,78.81544891814742,70.81544891814742,108.81544891814742,0.0,8,TRAILING_STOP,MACD Divergence
2024-09-08 14:00:00,2024-09-08 14:15:00,2024-09-08 14:45:00,LONG,54136.0,3.6201418649332453,-4.379858135066755,23.620141864933245,0.0,2,TRAILING_STOP,MACD Divergence
2024-09-08 21:00:00,2024-09-08 21:15:00,2024-09-08 22:00:00,SHORT,54545.61,8.061724857417595,0.06172485741759459,38.061724857417595,-15.495289171758607,3,TRAILING_STOP,MACD Divergence
2024-09-09 01:00:00,2024-09-09 01:15:00,2024-09-09 01:30:00,SHORT,55166.0,18.01870717470932,10.01870717470932,48.01870717470932,-17.581481347206243,1,TRAILING_STOP,MACD Divergence
2024-09-09 06:00:00,2024-09-09 06:15:00,2024-09-09 07:00:00,LONG,54770.01,16.715348417865272,8.715348417865272,36.71534841786527,-7.305092695802327,3,TRAILING_STOP,MACD Divergence
2024-09-09 13:15:00,2024-09-09 13:30:00,2024-09-09 13:45:00,SHORT,55408.0,-28.556165174704013,-36.55616517470401,1.4438348252959863,-70.56742708634133,1,TRAILING_STOP,MACD Divergence
2024-09-09 17:30:00,2024-09-09 17:45:00,2024-09-09 18:00:00,SHORT,56410.83,-3.971310118996346,-11.971310118996346,26.028689881003654,-36.37067563090248,1,TRAILING_STOP,MACD Divergence
2024-09-09 21:00:00,2024-09-09 21:15:00,2024-09-09 21:45:00,SHORT,57504.13,22.78055680522334,14.780556805223341,52.78055680522334,-34.75750350453135,2,TRAILING_STOP,MACD Divergence
2024-09-10 00:30:00,2024-09-10 00:45:00,2024-09-10 01:15:00,LONG,56846.01,16.011322518502027,8.011322518502027,36.01132251850203,0.0,2,TRAILING_STOP,MACD Divergence
2024-09-10 03:15:00,2024-09-10 03:30:00,2024-09-10 04:30:00,LONG,56678.22,-9.205730172895288,-17.205730172895287,10.794269827104712,-51.487149737588744,4,TRAILING_STOP,MACD Divergence
2024-09-10 06:00:00,2024-09-10 06:15:00,2024-09-10 07:15:00,SHORT,56807.83,-23.944496735749023,-31.944496735749023,6.0555032642509765,-78.89053322402849,4,TRAILING_STOP,MACD Divergence
2024-09-10 12:00:00,2024-09-10 12:15:00,2024-09-10 13:30:00,SHORT,57329.99,92.00071899541588,84.00071899541588,122.00071899541588,-24.243855615534777,5,TRAILING_STOP,MACD Divergence
2024-09-10 19:30:00,2024-09-10 19:45:00,2024-09-10 22:00:00,SHORT,57932.01,52.684857646058205,44.684857646058205,82.6848576460582,-7.591657876188989,9,TRAILING_STOP,MACD Divergence
2024-09-11 00:15:00,2024-09-11 00:30:00,2024-09-11 01:15:00,LONG,57513.6,21.103321649140625,13.103321649140625,41.103321649140625,-31.615131029878455,3,TRAILING_STOP,MACD Divergence
2024-09-11 03:15:00,2024-09-11 03:30:00,2024-09-11 04:00:00,LONG,56724.01,3.2688062779761076,-4.731193722023892,23.268806277976108,-22.004791269164453,2,TRAILING_STOP,MACD Divergence
2024-09-11 09:45:00,2024-09-11 10:00:00,2024-09-11 10:15:00,SHORT,56678.0,31.70648223296481,23.70648223296481,61.70648223296481,0.0,1,TRAILING_STOP,MACD Divergence
2024-09-11 13:00:00,2024-09-11 13:15:00,2024-09-11 14:15:00,SHORT,56965.43,203.88570928017285,195.88570928017285,233.88570928017285,0.0,4,TRAILING_STOP,MACD Divergence
2024-09-11 17:45:00,2024-09-11 18:00:00,2024-09-11 19:15:00,SHORT,57694.0,33.89225916039841,25.89225916039841,63.89225916039841,-49.868270530730946,5,TRAILING_STOP,MACD Divergence
2024-09-11 22:15:00,2024-09-11 22:30:00,2024-09-11 23:15:00,LONG,57310.98,14.377356660101917,6.377356660101917,34.37735666010192,-6.9881896976814755,3,TRAILING_STOP,MACD Divergence
2024-09-12 01:30:00,2024-09-12 01:45:00,2024-09-12 04:15:00,SHORT,57724.86,-112.1059453414001,-120.1059453414001,0.0,-129.08649756794586,10,TIME_EXIT,MACD Divergence
2024-09-12 04:15:00,2024-09-12 04:30:00,2024-09-12 07:00:00,SHORT,58371.99,72.08594396045069,64.08594396045069,91.77518189803006,0.0,10,TIME_EXIT,MACD Divergence
2024-09-12 07:00:00,2024-09-12 07:15:00,2024-09-12 08:45:00,LONG,57951.21,48.81478402262884,40.81478402262884,68.81478402262884,0.0,6,TRAILING_STOP,MACD Divergence
2024-09-12 11:00:00,2024-09-12 11:15:00,2024-09-12 12:30:00,LONG,57939.63,18.39858832374373,10.39858832374373,38.39858832374373,-37.41135385227603,5,TRAILING_STOP,MACD Divergence
2024-09-12 13:45:00,2024-09-12 14:00:00,2024-09-12 14:30:00,LONG,57628.0,146.5856875130145,138.5856875130145,166.5856875130145,0.0,2,TRAILING_STOP,MACD Divergence
2024-09-12 19:45:00,2024-09-12 20:00:00,2024-09-12 22:00:00,SHORT,58388.0,73.94259094334477,65.94259094334477,103.94259094334477,0.0,8,TRAILING_STOP,MACD Divergence
2024-09-13 03:30:00,2024-09-13 03:45:00,2024-09-13 04:30:00,LONG,57903.36,-5.729670955191999,-13.729670955191999,14.270329044808001,-17.157898954395485,3,TRAILING_STOP,MACD Divergence
2024-09-13 06:15:00,2024-09-13 06:30:00,2024-09-13 08:30:00,LONG,57854.8,31.02428839093681,23.02428839093681,51.02428839093681,-19.497085807919635,8,TRAILING_STOP,MACD Divergence
2024-09-13 09:15:00,2024-09-13 09:30:00,2024-09-13 10:30:00,SHORT,58112.01,-16.078609223807362,-24.078609223807362,13.92139077619264,-25.65562609174876,4,TRAILING_STOP,MACD Divergence
2024-09-13 13:30:00,2024-09-13 13:45:00,2024-09-13 14:00:00,LONG,58100.0,21.652323580034427,13.652323580034427,41.65232358003443,-40.40619621342548,1,TRAILING_STOP,MACD Divergence
2024-09-13 17:30:00,2024-09-13 17:45:00,2024-09-13 18:30:00,SHORT,59777.67,20.13075952943604,12.130759529436041,50.13075952943604,-20.464163290406226,3,TRAILING_STOP,MACD Divergence
2024-09-13 20:30:00,2024-09-13 20:45:00,2024-09-13 21:00:00,SHORT,59947.51,-9.063350587872282,-17.063350587872282,20.936649412127718,-58.718035161093425,1,TRAILING_STOP,MACD Divergence
2024-09-13 23:45:00,2024-09-14 00:00:00,2024-09-14 02:30:00,SHORT,60497.99,19.456844764594514,11.456844764594514,20.698208320640266,-18.589047338597386,10,TIME_EXIT,MACD Divergence
2024-09-14 04:00:00,2024-09-14 04:15:00,2024-09-14 05:00:00,LONG,60291.7,-14.918040128243288,-22.918040128243288,5.081959871756713,-17.720515427496075,3,TRAILING_STOP,MACD Divergence
2024-09-14 08:45:00,2024-09-14 09:00:00,2024-09-14 10:30:00,LONG,59973.99,-3.9563784233796753,-11.956378423379675,16.043621576620325,-19.243341988751496,6,TRAILING_STOP,MACD Divergence
2024-09-14 11:30:00,2024-09-14 11:45:00,2024-09-14 13:15:00,LONG,59687.4,7.454705683275758,-0.5452943167242417,27.45470568327576,-10.28525283393135,6,TRAILING_STOP,MACD Divergence
2024-09-14 16:15:00,2024-09-14 16:30:00,2024-09-14 18:00:00,SHORT,59861.84,47.150986337873434,39.150986337873434,77.15098633787343,-20.30508918536465,6,TRAILING_STOP,MACD Divergence
2024-09-14 20:15:00,2024-09-14 20:30:00,2024-09-14 23:00:00,SHORT,60004.5,-0.824938129639792,-8.824938129639792,10.749193810464215,-20.081827196293613,10,TIME_EXIT,MACD Divergence
2024-09-15 00:30:00,2024-09-15 00:45:00,2024-09-15 01:45:00,SHORT,60094.98,-18.5131836303122,-26.5131836303122,11.486816369687801,-30.797913569485246,4,TRAILING_STOP,MACD Divergence
2024-09-15 03:15:00,2024-09-15 03:30:00,2024-09-15 06:00:00,SHORT,60184.0,6.284062209224994,-1.7159377907750057,25.10634055562916,-5.317027781470158,10,TIME_EXIT,MACD Divergence
2024-09-15 07:15:00,2024-09-15 07:30:00,2024-09-15 10:00:00,SHORT,60212.01,37.53404013584665,29.534040135846652,37.86786058130297,0.0,10,TIME_EXIT,MACD Divergence
2024-09-15 10:30:00,2024-09-15 10:45:00,2024-09-15 13:15:00,LONG,60002.09,38.14630790360914,30.14630790360914,58.14630790360914,-18.014372499357357,10,TRAILING_STOP,MACD Divergence
2024-09-15 14:15:00,2024-09-15 14:30:00,2024-09-15 15:00:00,LONG,60073.97,33.57228763139871,25.57228763139871,53.57228763139871,0.0,2,TRAILING_STOP,MACD Divergence
2024-09-15 18:15:00,2024-09-15 18:30:00,2024-09-15 18:45:00,LONG,59829.98,38.803295605313544,30.803295605313544,58.803295605313544,-10.132044169161116,1,TRAILING_STOP,MACD Divergence
2024-09-15 21:00:00,2024-09-15 21:15:00,2024-09-15 22:00:00,LONG,59546.01,3.4692467219885934,-4.530753278011407,23.469246721988593,-25.864033543137825,3,TRAILING_STOP,MACD Divergence
2024-09-16 00:30:00,2024-09-16 00:45:00,2024-09-16 01:30:00,LONG,58748.5,-11.574252959650034,-19.574252959650032,8.425747040349966,-55.91632126777705,3,TRAILING_STOP,MACD Divergence
2024-09-16 07:15:00,2024-09-16 07:30:00,2024-09-16 08:15:00,SHORT,58862.19,-25.71711484061345,-33.71711484061345,4.282885159386548,-53.88178727294996,3,TRAILING_STOP,MACD Divergence
2024-09-16 10:30:00,2024-09-16 10:45:00,2024-09-16 11:30:00,LONG,58683.14,6.021102483608935,-1.978897516391065,26.021102483608935,-4.940090117876781,3,TRAILING_STOP,MACD Divergence
2024-09-16 13:15:00,2024-09-16 13:30:00,2024-09-16 14:00:00,LONG,58534.01,-15.48467634457296,-23.48467634457296,4.51532365542704,-87.64306426298182,2,TRAILING_STOP,MACD Divergence
2024-09-16 17:00:00,2024-09-16 17:15:00,2024-09-16 18:00:00,LONG,57581.99,98.4137609693584,90.4137609693584,118.4137609693584,-10.960024132545712,3,TRAILING_STOP,MACD Divergence
2024-09-16 23:00:00,2024-09-16 23:15:00,2024-09-17 01:15:00,SHORT,58088.39,52.35380598429349,44.35380598429349,82.35380598429349,-55.365624697121156,8,TRAILING_STOP,MACD Divergence
2024-09-17 04:45:00,2024-09-17 05:00:00,2024-09-17 07:30:00,SHORT,58246.0,-73.33207430553125,-81.33207430553125,0.0,-91.5221646121625,10,TIME_EXIT,MACD Divergence
2024-09-17 08:00:00,2024-09-17 08:15:00,2024-09-17 09:45:00,SHORT,58762.41,-14.210994749873924,-22.210994749873926,15.789005250126076,-54.044754120873264,6,TRAILING_STOP,MACD Divergence
2024-09-17 10:45:00,2024-09-17 11:00:00,2024-09-17 12:30:00,SHORT,59235.99,4.3254160182001655,-3.6745839817998345,34.325416018200166,-14.663382852215449,6,TRAILING_STOP,MACD Divergence
2024-09-17 14:00:00,2024-09-17 14:15:00,2024-09-17 16:45:00,SHORT,59739.31,-189.91682361245935,-197.91682361245935,0.0,-264.5979674020343,10,TIME_EXIT,MACD Divergence
2024-09-18 03:45:00,2024-09-18 04:00:00,2024-09-18 06:30:00,SHORT,60510.0,28.092877210378113,20.092877210378113,51.28408527516108,-29.684349694265844,10,TIME_EXIT,MACD Divergence
2024-09-18 08:00:00,2024-09-18 08:15:00,2024-09-18 09:00:00,LONG,60192.01,-16.331739046429174,-24.331739046429174,3.668260953570826,-31.899582685476364,3,TRAILING_STOP,MACD Divergence
2024-09-18 13:45:00,2024-09-18 14:00:00,2024-09-18 14:45:00,LONG,59508.5,24.951561541628507,16.951561541628507,44.95156154162851,-26.298764042111628,3,TRAILING_STOP,MACD Divergence
2024-09-18 23:30:00,2024-09-18 23:45:00,2024-09-19 02:15:00,SHORT,61287.76,-130.34902890887142,-138.34902890887142,0.0,-212.4013016628434,10,TIME_EXIT,MACD Divergence
2024-09-19 10:30:00,2024-09-19 10:45:00,2024-09-19 11:15:00,SHORT,62426.02,-0.5219073713177913,-8.521907371317791,29.47809262868221,-14.897634031450348,2,TRAILING_STOP,MACD Divergence
2024-09-19 14:00:00,2024-09-19 14:15:00,2024-09-19 15:00:00,SHORT,63272.95,43.059656614714,35.059656614714,73.059656614714,-36.01697091727182,3,TRAILING_STOP,MACD Divergence
2024-09-19 16:45:00,2024-09-19 17:00:00,2024-09-19 17:30:00,SHORT,63556.92,13.672663810644018,5.672663810644018,43.67266381064402,-44.38226396118656,2,TRAILING_STOP,MACD Divergence
2024-09-19 21:00:00,2024-09-19 21:15:00,2024-09-19 23:45:00,LONG,63105.97,-25.03408156153898,-33.03408156153898,0.0,-72.2546535613035,10,TIME_EXIT,MACD Divergence
2024-09-20 00:30:00,2024-09-20 00:45:00,2024-09-20 01:45:00,LONG,62860.0,31.629016862870003,23.629016862870003,51.62901686287,-40.407254215717465,4,TRAILING_STOP,MACD Divergence
2024-09-20 13:00:00,2024-09-20 13:15:00,2024-09-20 13:30:00,LONG,62901.99,-1.6826144928004396,-9.68261449280044,18.31738550719956,-35.784241484251375,1,TRAILING_STOP,MACD Divergence
2024-09-20 18:00:00,2024-09-20 18:15:00,2024-09-20 19:45:00,LONG,62482.42,67.63905111229748,59.63905111229748,87.63905111229748,0.0,6,TRAILING_STOP,MACD Divergence
2024-09-20 21:30:00,2024-09-20 21:45:00,2024-09-21 00:15:00,SHORT,63080.01,-6.442611534145194,-14.442611534145193,6.342738373060188,-34.87475667806615,10,TIME_EXIT,MACD Divergence
2024-09-21 00:15:00,2024-09-21 00:30:00,2024-09-21 03:00:00,SHORT,63120.66,20.38635210721819,12.38635210721819,48.191828158958145,-23.89708852854145,10,TIME_EXIT,MACD Divergence
2024-09-21 03:00:00,2024-09-21 03:15:00,2024-09-21 05:45:00,LONG,62991.98,-13.201680594895333,-21.201680594895333,0.0,-37.14441108217319,10,TIME_EXIT,MACD Divergence
2024-09-21 06:45:00,2024-09-21 07:00:00,2024-09-21 09:30:00,SHORT,62999.99,-14.604764222978773,-22.604764222978773,4.1253974802214985,-21.588892315697517,10,TIME_EXIT,MACD Divergence
2024-09-21 09:30:00,2024-09-21 09:45:00,2024-09-21 12:15:00,SHORT,63092.0,7.693526913079451,-0.3064730869205494,19.969251252139408,-4.2762949343820456,10,TIME_EXIT,MACD Divergence
2024-09-21 12:30:00,2024-09-21 12:45:00,2024-09-21 14:30:00,SHORT,63089.99,-21.58820598957145,-29.58820598957145,8.411794010428551,-26.48439158097882,7,TRAILING_STOP,MACD Divergence
2024-09-21 17:00:00,2024-09-21 17:15:00,2024-09-21 19:45:00,SHORT,63321.99,18.698085767677462,10.698085767677462,24.002720066125207,-9.161114488032048,10,TIME_EXIT,MACD Divergence
2024-09-21 21:45:00,2024-09-21 22:00:00,2024-09-21 23:45:00,LONG,63087.99,54.80187591964865,46.80187591964865,74.80187591964865,-4.753678156491904,7,TRAILING_STOP,MACD Divergence
2024-09-22 00:30:00,2024-09-22 00:45:00,2024-09-22 01:15:00,LONG,63140.0,4.390243902439025,-3.6097560975609753,24.390243902439025,0.0,2,TRAILING_STOP,MACD Divergence
2024-09-22 06:30:00,2024-09-22 06:45:00,2024-09-22 09:00:00,LONG,62881.0,4.489114358868012,-3.5108856411319884,24.48911435886801,-9.688141091903477,9,TRAILING_STOP,MACD Divergence
2024-09-22 09:15:00,2024-09-22 09:30:00,2024-09-22 12:00:00,LONG,62801.2,14.28794354248059,6.2879435424805905,14.321382393967365,-40.80495277160226,10,TIME_EXIT,MACD Divergence
2024-09-22 13:30:00,2024-09-22 13:45:00,2024-09-22 14:15:00,LONG,62649.99,-10.127691959727601,-18.1276919597276,9.872308040272399,-35.248209935866626,2,TRAILING_STOP,MACD Divergence
2024-09-22 16:15:00,2024-09-22 16:30:00,2024-09-22 18:00:00,LONG,62676.0,53.074222988065614,45.074222988065614,73.07422298806561,0.0,6,TRAILING_STOP,MACD Divergence
2024-09-22 19:45:00,2024-09-22 20:00:00,2024-09-22 22:00:00,SHORT,63160.0,96.9901836605446,88.9901836605446,126.9901836605446,-26.78752374920873,8,TRAILING_STOP,MACD Divergence
2024-09-22 22:30:00,2024-09-22 22:45:00,2024-09-23 00:15:00,SHORT,63500.76,121.49582461690252,113.49582461690252,151.49582461690252,-73.89517857738994,6,TRAILING_STOP,MACD Divergence
2024-09-23 01:30:00,2024-09-23 01:45:00,2024-09-23 02:45:00,SHORT,63842.01,-3.957586861691535,-11.957586861691535,26.042413138308465,-22.39747777364747,4,TRAILING_STOP,MACD Divergence
2024-09-23 07:00:00,2024-09-23 07:15:00,2024-09-23 08:00:00,LONG,63521.68,-8.614910688760167,-16.61491068876017,11.385089311239833,-19.15566464866803,3,TRAILING_STOP,MACD Divergence
2024-09-23 12:00:00,2024-09-23 12:15:00,2024-09-23 12:30:00,LONG,63360.87,6.224387386094321,-1.775612613905679,26.22438738609432,-10.954710691315238,1,TRAILING_STOP,MACD Divergence
2024-09-23 15:00:00,2024-09-23 15:15:00,2024-09-23 15:45:00,LONG,63330.85,49.70536476298744,41.70536476298744,69.70536476298744,0.0,2,TRAILING_STOP,MACD Divergence
2024-09-23 21:15:00,2024-09-23 21:30:00,2024-09-23 22:30:00,LONG,63365.8,-14.60118865381655,-22.60118865381655,5.39881134618345,-27.20868354853935,4,TRAILING_STOP,MACD Divergence
2024-09-24 00:30:00,2024-09-24 00:45:00,2024-09-24 01:15:00,LONG,63249.99,-16.820552857004312,-24.820552857004312,3.179447142995688,-63.23953569004485,2,TRAILING_STOP,MACD Divergence
2024-09-24 06:45:00,2024-09-24 07:00:00,2024-09-24 09:30:00,SHORT,63305.43,-35.75680632767214,-43.75680632767214,0.0,-101.50314119973591,10,TIME_EXIT,MACD Divergence
2024-09-24 12:45:00,2024-09-24 13:00:00,2024-09-24 13:45:00,LONG,63446.01,30.750236303275486,22.750236303275486,50.750236303275486,-6.857799253255174,3,TRAILING_STOP,MACD Divergence
2024-09-24 19:45:00,2024-09-24 20:00:00,2024-09-24 22:00:00,SHORT,64292.35,20.65765989266142,12.657659892661421,50.65765989266142,-26.69524445754505,8,TRAILING_STOP,MACD Divergence
2024-09-24 22:45:00,2024-09-24 23:00:00,2024-09-25 00:30:00,SHORT,64579.91,48.77836931020808,40.77836931020808,78.77836931020808,0.0,6,TRAILING_STOP,MACD Divergence
2024-09-25 01:30:00,2024-09-25 01:45:00,2024-09-25 02:30:00,SHORT,64613.99,20.53085252899566,12.53085252899566,50.53085252899566,0.0,3,TRAILING_STOP,MACD Divergence
2024-09-25 05:45:00,2024-09-25 06:00:00,2024-09-25 08:30:00,LONG,64170.63,-43.91884573986487,-51.91884573986487,0.0,-81.83494536363435,10,TIME_EXIT,MACD Divergence
2024-09-25 09:30:00,2024-09-25 09:45:00,2024-09-25 11:00:00,LONG,63695.5,-11.442095595449908,-19.442095595449906,8.557904404550092,-45.183725694908254,5,TRAILING_STOP,MACD Divergence
2024-09-25 13:15:00,2024-09-25 13:30:00,2024-09-25 14:15:00,LONG,63537.99,33.19652069572865,25.19652069572865,53.19652069572865,-16.2076263350471,3,TRAILING_STOP,MACD Divergence
2024-09-25 21:45:00,2024-09-25 22:00:00,2024-09-25 22:45:00,SHORT,63438.0,30.610359721302686,22.610359721302686,60.610359721302686,0.0,3,TRAILING_STOP,MACD Divergence
2024-09-26 00:45:00,2024-09-26 01:00:00,2024-09-26 03:15:00,LONG,62946.01,62.9250336915709,54.9250336915709,82.9250336915709,-43.848688741351836,9,TRAILING_STOP,MACD Divergence
2024-09-26 04:00:00,2024-09-26 04:15:00,2024-09-26 05:15:00,SHORT,63482.88,-7.493144608436577,-15.493144608436577,22.506855391563423,-10.572929268489807,4,TRAILING_STOP,MACD Divergence
2024-09-26 06:45:00,2024-09-26 07:00:00,2024-09-26 09:15:00,SHORT,63721.49,-10.254699003428872,-18.254699003428872,19.745300996571128,-40.55146858618677,9,TRAILING_STOP,MACD Divergence
2024-09-26 09:30:00,2024-09-26 09:45:00,2024-09-26 10:15:00,SHORT,63815.83,-22.204128662120354,-30.204128662120354,7.795871337879645,-67.85463732117827,2,TRAILING_STOP,MACD Divergence
2024-09-26 12:15:00,2024-09-26 12:30:00,2024-09-26 13:45:00,SHORT,64522.55,27.73950347591701,19.73950347591701,57.73950347591701,-17.00955712382725,5,TRAILING_STOP,MACD Divergence
2024-09-26 15:30:00,2024-09-26 15:45:00,2024-09-26 16:15:00,SHORT,65327.93,4.277834916857195,-3.722165083142805,34.277834916857195,-25.420979969822973,2,TRAILING_STOP,MACD Divergence
2024-09-26 20:45:00,2024-09-26 21:00:00,2024-09-26 21:15:00,LONG,64664.26,62.84947511964073,54.84947511964073,82.84947511964073,0.0,1,TRAILING_STOP,MACD Divergence
2024-09-27 01:00:00,2024-09-27 01:15:00,2024-09-27 03:30:00,SHORT,65211.8,30.09648560536612,22.09648560536612,60.09648560536612,-20.27240468749476,9,TRAILING_STOP,MACD Divergence
2024-09-27 03:45:00,2024-09-27 04:00:00,2024-09-27 05:45:00,SHORT,65366.01,10.696992213537897,2.6969922135378965,40.6969922135379,-8.2596444237606,7,TRAILING_STOP,MACD Divergence
2024-09-27 06:30:00,2024-09-27 06:45:00,2024-09-27 07:15:00,SHORT,65340.0,-18.62105907560475,-26.62105907560475,11.378940924395248,-32.13957759412305,2,TRAILING_STOP,MACD Divergence
2024-09-27 09:15:00,2024-09-27 09:30:00,2024-09-27 12:00:00,SHORT,65752.01,42.584249515717126,34.584249515717126,62.238401533275706,-22.387148316836495,10,TIME_EXIT,MACD Divergence
2024-09-27 12:15:00,2024-09-27 12:30:00,2024-09-27 12:45:00,LONG,65456.01,46.302544258349684,38.302544258349684,66.30254425834968,0.0,1,TRAILING_STOP,MACD Divergence
2024-09-27 22:45:00,2024-09-27 23:00:00,2024-09-28 00:45:00,SHORT,65870.0,-1.6122665856983112,-9.612266585698311,28.38773341430169,-4.554425383330803,7,TRAILING_STOP,MACD Divergence
2024-09-28 01:45:00,2024-09-28 02:00:00,2024-09-28 02:30:00,SHORT,65994.0,-20.302148680183045,-28.302148680183045,9.697851319816953,-31.021001909264655,2,TRAILING_STOP,MACD Divergence
2024-09-28 07:00:00,2024-09-28 07:15:00,2024-09-28 08:00:00,LONG,65806.72,-6.078929325150899,-14.078929325150899,13.921070674849101,-26.348372932125994,3,TRAILING_STOP,MACD Divergence
2024-09-28 12:30:00,2024-09-28 12:45:00,2024-09-28 15:00:00,LONG,65453.98,35.30908892018435,27.30908892018435,55.30908892018435,-4.850736349416796,9,TRAILING_STOP,MACD Divergence
2024-09-28 18:00:00,2024-09-28 18:15:00,2024-09-28 20:45:00,SHORT,65793.86,22.474741564029735,14.474741564029735,23.275728160651983,0.0,10,TIME_EXIT,MACD Divergence
2024-09-28 22:30:00,2024-09-28 22:45:00,2024-09-28 23:45:00,SHORT,65710.06,-15.901702113801232,-23.90170211380123,14.098297886198768,-41.40918452973652,4,TRAILING_STOP,MACD Divergence
2024-09-29 02:00:00,2024-09-29 02:15:00,2024-09-29 04:45:00,SHORT,65880.01,20.950209327531905,12.950209327531905,29.09835623886473,-6.525499920234567,10,TIME_EXIT,MACD Divergence
2024-09-29 06:15:00,2024-09-29 06:30:00,2024-09-29 09:00:00,LONG,65597.19,8.66043194838036,0.66043194838036,10.184887492893775,-25.18248113981747,10,TIME_EXIT,MACD Divergence
2024-09-29 10:15:00,2024-09-29 10:30:00,2024-09-29 13:00:00,LONG,65482.6,42.31353061729291,34.31353061729291,43.27867250231382,0.0,10,TIME_EXIT,MACD Divergence
2024-09-29 13:00:00,2024-09-29 13:15:00,2024-09-29 15:45:00,SHORT,65759.68,1.2682543467359495,-6.731745653264051,26.607489574156478,-13.734860023650814,10,TIME_EXIT,MACD Divergence
2024-09-29 15:45:00,2024-09-29 16:00:00,2024-09-29 17:00:00,SHORT,65751.34,-15.197259858125818,-23.19725985812582,14.802740141874182,-31.736235337560917,4,TRAILING_STOP,MACD Divergence
2024-09-29 19:30:00,2024-09-29 19:45:00,2024-09-29 22:15:00,SHORT,65895.56,22.165378061890312,14.165378061890312,48.09125227860484,-27.400935662432747,10,TIME_EXIT,MACD Divergence
2024-09-29 23:30:00,2024-09-29 23:45:00,2024-09-30 00:15:00,LONG,65615.52,-19.500118264703406,-27.500118264703406,0.4998817352965938,-65.15531691282855,2,TRAILING_STOP,MACD Divergence
2024-09-30 02:45:00,2024-09-30 03:00:00,2024-09-30 04:15:00,LONG,64376.01,11.740084543915419,3.740084543915419,31.74008454391542,-8.698892646499838,5,TRAILING_STOP,MACD Divergence
2024-09-30 08:15:00,2024-09-30 08:30:00,2024-09-30 09:00:00,LONG,64288.0,-12.846254355401015,-20.846254355401015,7.1537456445989855,-44.79840716774515,2,TRAILING_STOP,MACD Divergence
2024-09-30 15:45:00,2024-09-30 16:00:00,2024-09-30 16:30:00,LONG,63561.42,6.837034163176618,-1.162965836823382,26.837034163176618,-15.548740100520371,2,TRAILING_STOP,MACD Divergence
2024-09-30 18:30:00,2024-09-30 18:45:00,2024-09-30 19:00:00,LONG,63350.0,7.445935280189836,-0.5540647198101638,27.445935280189836,-10.734017363851617,1,TRAILING_STOP,MACD Divergence
2024-09-30 21:30:00,2024-09-30 21:45:00,2024-09-30 23:00:00,SHORT,63640.01,24.308602402797014,16.308602402797014,54.308602402797014,-20.60024817720779,5,TRAILING_STOP,MACD Divergence
2024-10-01 03:15:00,2024-10-01 03:30:00,2024-10-01 06:00:00,SHORT,63538.0,-52.56382007617539,-60.56382007617539,0.0,-59.351883911989766,10,TIME_EXIT,MACD Divergence
2024-10-01 06:00:00,2024-10-01 06:15:00,2024-10-01 08:45:00,SHORT,63871.98,-13.154437986734841,-21.15443798673484,5.163453520620966,-40.49506528527754,10,TIME_EXIT,MACD Divergence
2024-10-01 09:00:00,2024-10-01 09:15:00,2024-10-01 10:45:00,SHORT,64086.78,29.121397579968814,21.121397579968814,59.121397579968814,0.0,6,TRAILING_STOP,MACD Divergence
2024-10-01 11:45:00,2024-10-01 12:00:00,2024-10-01 12:30:00,LONG,63734.01,-8.08171649642018,-16.081716496420178,11.91828350357982,-19.143625201050746,2,TRAILING_STOP,MACD Divergence
2024-10-01 14:30:00,2024-10-01 14:45:00,2024-10-01 15:30:00,LONG,62792.01,-15.262136058393416,-23.262136058393416,4.737863941606584,-155.7523003324786,3,TRAILING_STOP,MACD Divergence
2024-10-01 17:15:00,2024-10-01 17:30:00,2024-10-01 18:30:00,LONG,61554.0,123.9386554894889,115.9386554894889,143.9386554894889,0.0,4,TRAILING_STOP,MACD Divergence
2024-10-01 20:15:00,2024-10-01 20:30:00,2024-10-01 22:00:00,LONG,60743.24,57.62015987293488,49.62015987293488,77.62015987293488,-61.49490873387737,6,TRAILING_STOP,MACD Divergence
2024-10-02 02:30:00,2024-10-02 02:45:00,2024-10-02 05:15:00,SHORT,61661.95,35.59893905398626,27.598939053986257,45.73809294062203,-35.84868788612798,10,TIME_EXIT,MACD Divergence
2024-10-02 07:30:00,2024-10-02 07:45:00,2024-10-02 08:30:00,SHORT,61854.69,10.611310152876747,2.6113101528767473,40.61131015287675,-9.643569469023962,3,TRAILING_STOP,MACD Divergence
2024-10-02 10:15:00,2024-10-02 10:30:00,2024-10-02 13:00:00,LONG,61472.01,-89.70261424671253,-97.70261424671253,0.0,-129.16610340218287,10,TIME_EXIT,MACD Divergence
2024-10-02 13:00:00,2024-10-02 13:15:00,2024-10-02 14:00:00,LONG,60920.58,88.24256761836448,80.24256761836448,108.24256761836448,-65.06339893678008,3,TRAILING_STOP,MACD Divergence
2024-10-03 01:30:00,2024-10-03 01:45:00,2024-10-03 02:00:00,SHORT,61038.02,-21.641275388684495,-29.641275388684495,8.358724611315505,-26.20825511705674,1,TRAILING_STOP,MACD Divergence
2024-10-03 04:30:00,2024-10-03 04:45:00,2024-10-03 06:15:00,SHORT,61404.53,19.59406089420419,11.59406089420419,49.59406089420419,0.0,6,TRAILING_STOP,MACD Divergence
2024-10-03 09:00:00,2024-10-03 09:15:00,2024-10-03 11:15:00,LONG,60418.01,87.9909781868021,79.9909781868021,107.9909781868021,0.0,8,TRAILING_STOP,MACD Divergence
2024-10-03 13:15:00,2024-10-03 13:30:00,2024-10-03 14:00:00,LONG,60494.0,47.11409395973155,39.11409395973155,67.11409395973155,-74.3379508711603,2,TRAILING_STOP,MACD Divergence
2024-10-03 19:15:00,2024-10-03 19:30:00,2024-10-03 21:00:00,SHORT,60763.51,-2.498297086524367,-10.498297086524367,27.501702913475633,-55.376985299236,6,TRAILING_STOP,MACD Divergence
2024-10-04 01:00:00,2024-10-04 01:15:00,2024-10-04 01:30:00,LONG,60610.4,76.28710584322138,68.28710584322138,96.28710584322138,0.0,1,TRAILING_STOP,MACD Divergence
2024-10-04 05:45:00,2024-10-04 06:00:00,2024-10-04 07:15:00,SHORT,61224.34,-4.464404189576154,-12.464404189576154,25.535595810423846,-25.424528872014545,5,TRAILING_STOP,MACD Divergence
2024-10-04 08:45:00,2024-10-04 09:00:00,2024-10-04 11:30:00,SHORT,61449.73,9.065947075765248,1.0659470757652478,29.83088778421076,-22.175850081033193,10,TIME_EXIT,MACD Divergence
2024-10-04 12:30:00,2024-10-04 12:45:00,2024-10-04 13:00:00,LONG,61363.63,84.43482564509398,76.43482564509398,104.43482564509398,0.0,1,TRAILING_STOP,MACD Divergence
2024-10-04 17:00:00,2024-10-04 17:15:00,2024-10-04 17:30:00,SHORT,62184.0,24.83725717226296,16.83725717226296,54.83725717226296,0.0,1,TRAILING_STOP,MACD Divergence
2024-10-04 19:45:00,2024-10-04 20:00:00,2024-10-04 20:45:00,SHORT,62368.0,1.5337993842993605,-6.4662006157006395,31.53379938429936,-18.735569522831987,3,TRAILING_STOP,MACD Divergence
2024-10-05 01:15:00,2024-10-05 01:30:00,2024-10-05 02:45:00,LONG,62003.96,-5.976702133217884,-13.976702133217884,14.023297866782116,-33.76235969444476,5,TRAILING_STOP,MACD Divergence
2024-10-05 06:00:00,2024-10-05 06:15:00,2024-10-05 08:45:00,SHORT,62077.93,-11.854454554138083,-19.854454554138083,0.2802928512593707,-30.663071400737515,10,TIME_EXIT,MACD Divergence
2024-10-05 09:00:00,2024-10-05 09:15:00,2024-10-05 11:45:00,SHORT,62217.98,6.10434475693412,-1.89565524306588,7.78713805880621,-17.438688944899848,10,TIME_EXIT,MACD Divergence
2024-10-05 12:30:00,2024-10-05 12:45:00,2024-10-05 15:15:00,SHORT,62248.06,10.641295487762664,2.6412954877626635,23.785480222194504,-19.679328158981985,10,TIME_EXIT,MACD Divergence
2024-10-05 15:15:00,2024-10-05 15:30:00,2024-10-05 16:45:00,LONG,62181.82,-19.4130117130696,-27.4130117130696,0.5869882869304011,-35.93172409556367,5,TRAILING_STOP,MACD Divergence
2024-10-05 18:00:00,2024-10-05 18:15:00,2024-10-05 20:00:00,LONG,61903.0,-15.155323651519641,-23.15532365151964,4.844676348480358,-26.01650970066118,7,TRAILING_STOP,MACD Divergence
2024-10-05 20:45:00,2024-10-05 21:00:00,2024-10-05 23:30:00,LONG,61723.39,50.00049414006629,42.00049414006629,59.39401578558769,0.0,10,TIME_EXIT,MACD Divergence
2024-10-05 23:30:00,2024-10-05 23:45:00,2024-10-06 01:15:00,SHORT,62032.02,-6.857113471397888,-14.857113471397888,23.142886528602112,-19.01920975651014,6,TRAILING_STOP,MACD Divergence
2024-10-06 04:15:00,2024-10-06 04:30:00,2024-10-06 07:00:00,LONG,61925.0,9.863544610416108,1.863544610416108,13.726281792490916,-14.04925312878482,10,TIME_EXIT,MACD Divergence
2024-10-06 07:00:00,2024-10-06 07:15:00,2024-10-06 09:45:00,SHORT,61986.08,-12.954521402223794,-20.954521402223794,10.337804874901227,-30.76013195220576,10,TIME_EXIT,MACD Divergence
2024-10-06 09:45:00,2024-10-06 10:00:00,2024-10-06 12:30:00,SHORT,62066.38,-11.519924313291673,-19.519924313291675,9.639679323974505,-17.461949609435038,10,TIME_EXIT,MACD Divergence
2024-10-06 12:30:00,2024-10-06 12:45:00,2024-10-06 15:15:00,SHORT,62137.88,-55.05820282249775,-63.05820282249775,0.0,-102.85513442042159,10,TIME_EXIT,MACD Divergence
2024-10-06 15:45:00,2024-10-06 16:00:00,2024-10-06 18:30:00,SHORT,62720.01,0.6760203003802516,-7.323979699619748,27.10618190271367,-18.394448597823143,10,TIME_EXIT,MACD Divergence
2024-10-06 19:00:00,2024-10-06 19:15:00,2024-10-06 21:45:00,SHORT,62835.99,84.81763397059538,76.81763397059538,84.98155276936004,-22.12267205466199,10,TIME_EXIT,MACD Divergence
2024-10-06 22:00:00,2024-10-06 22:15:00,2024-10-06 23:00:00,LONG,62490.0,44.94959193470997,36.94959193470997,64.94959193470997,0.0,3,TRAILING_STOP,MACD Divergence
2024-10-07 01:30:00,2024-10-07 01:45:00,2024-10-07 04:00:00,SHORT,63800.0,41.16457680250765,33.16457680250765,71.16457680250765,-23.269592476488892,9,TRAILING_STOP,MACD Divergence
2024-10-07 06:00:00,2024-10-07 06:15:00,2024-10-07 07:00:00,LONG,63494.0,20.93457649541744,12.934576495417438,40.93457649541744,0.0,3,TRAILING_STOP,MACD Divergence
2024-10-07 09:00:00,2024-10-07 09:15:00,2024-10-07 11:45:00,LONG,63383.99,-39.21337233582102,-47.21337233582102,0.0,-115.80842417777752,10,TIME_EXIT,MACD Divergence
2024-10-07 22:45:00,2024-10-07 23:00:00,2024-10-07 23:30:00,LONG,62471.08,11.174425029949859,3.174425029949859,31.17442502994986,-11.376464117476392,2,TRAILING_STOP,MACD Divergence
2024-10-08 04:15:00,2024-10-08 04:30:00,2024-10-08 05:45:00,SHORT,62740.17,39.23634411573947,31.23634411573947,69.23634411573947,-1.568373181010473,5,TRAILING_STOP,MACD Divergence
2024-10-08 10:15:00,2024-10-08 10:30:00,2024-10-08 13:00:00,SHORT,62474.98,12.088039083806681,4.088039083806681,16.82113383629795,-31.24130651982606,10,TIME_EXIT,MACD Divergence
2024-10-08 13:15:00,2024-10-08 13:30:00,2024-10-08 14:00:00,LONG,62610.0,74.23414789969654,66.23414789969654,94.23414789969654,0.0,2,TRAILING_STOP,MACD Divergence
2024-10-08 19:00:00,2024-10-08 19:15:00,2024-10-08 21:45:00,LONG,61912.0,85.88641943403508,77.88641943403508,105.6257268380923,0.0,10,TIME_EXIT,MACD Divergence
2024-10-08 21:45:00,2024-10-08 22:00:00,2024-10-09 00:15:00,SHORT,62443.75,36.8793914523075,28.8793914523075,66.8793914523075,0.0,9,TRAILING_STOP,MACD Divergence
2024-10-09 00:30:00,2024-10-09 00:45:00,2024-10-09 02:00:00,LONG,62061.96,49.61430157861609,41.61430157861609,69.6143015786161,0.0,5,TRAILING_STOP,MACD Divergence
2024-10-09 03:30:00,2024-10-09 03:45:00,2024-10-09 05:30:00,SHORT,62387.99,-15.896323955941204,-23.896323955941206,14.103676044058796,-20.383730907183505,7,TRAILING_STOP,MACD Divergence
2024-10-09 06:15:00,2024-10-09 06:30:00,2024-10-09 09:00:00,SHORT,62508.77,60.45711665739003,52.45711665739003,73.92242720501372,0.0,10,TIME_EXIT,MACD Divergence
2024-10-09 09:15:00,2024-10-09 09:30:00,2024-10-09 10:15:00,LONG,62142.0,1.4621351099099833,-6.537864890090017,21.462135109909983,-11.18406230890541,3,TRAILING_STOP,MACD Divergence
2024-10-09 12:00:00,2024-10-09 12:15:00,2024-10-09 14:45:00,LONG,62123.99,-40.40307134168298,-48.40307134168298,0.0,-78.77472132746101,10,TIME_EXIT,MACD Divergence
2024-10-09 14:45:00,2024-10-09 15:00:00,2024-10-09 16:00:00,LONG,61872.99,67.13010313547132,59.130103135471316,87.13010313547132,0.0,4,TRAILING_STOP,MACD Divergence
2024-10-09 17:45:00,2024-10-09 18:00:00,2024-10-09 20:30:00,LONG,61748.0,-101.3700848610485,-109.3700848610485,0.0,-147.85903996890588,10,TIME_EXIT,MACD Divergence
2024-10-09 20:45:00,2024-10-09 21:00:00,2024-10-09 22:15:00,LONG,60420.01,69.04169330657145,61.041693306571446,89.04169330657145,0.0,5,TRAILING_STOP,MACD Divergence
2024-10-10 00:15:00,2024-10-10 00:30:00,2024-10-10 00:45:00,LONG,60496.0,-9.420788151282729,-17.42078815128273,10.579211848717271,-14.205897910606044,1,TRAILING_STOP,MACD Divergence
2024-10-10 03:00:00,2024-10-10 03:15:00,2024-10-10 05:45:00,SHORT,60909.99,-5.169923685754216,-13.169923685754217,15.611560599500429,-23.31473047360573,10,TIME_EXIT,MACD Divergence
2024-10-10 05:45:00,2024-10-10 06:00:00,2024-10-10 08:15:00,SHORT,60941.48,-16.2064393578881,-24.2064393578881,13.793560642111899,-34.14751331933496,9,TRAILING_STOP,MACD Divergence
2024-10-10 09:30:00,2024-10-10 09:45:00,2024-10-10 10:45:00,LONG,60920.0,27.930072225869658,19.930072225869658,47.93007222586966,0.0,4,TRAILING_STOP,MACD Divergence
2024-10-10 12:15:00,2024-10-10 12:30:00,2024-10-10 13:15:00,SHORT,61272.99,38.70727216021251,30.70727216021251,68.70727216021251,0.0,3,TRAILING_STOP,MACD Divergence
2024-10-10 15:00:00,2024-10-10 15:15:00,2024-10-10 16:00:00,LONG,60748.0,26.47231184565709,18.47231184565709,46.47231184565709,-49.62961743596463,3,TRAILING_STOP,MACD Divergence
2024-10-10 18:30:00,2024-10-10 18:45:00,2024-10-10 19:00:00,LONG,59241.99,33.92796562033167,25.92796562033167,53.92796562033167,0.0,1,TRAILING_STOP,MACD Divergence
2024-10-10 22:45:00,2024-10-10 23:00:00,2024-10-11 01:30:00,SHORT,60148.0,-4.148101350002841,-12.148101350002841,10.03524639223259,-35.246392232493186,10,TIME_EXIT,MACD Divergence
2024-10-11 01:45:00,2024-10-11 02:00:00,2024-10-11 03:00:00,SHORT,60578.55,0.01557481980036357,-7.984425180199636,30.015574819800364,-21.733765499503736,4,TRAILING_STOP,MACD Divergence
2024-10-11 05:00:00,2024-10-11 05:15:00,2024-10-11 06:30:00,SHORT,60672.07,-17.132464740365755,-25.132464740365755,12.867535259634245,-41.71441653465982,5,TRAILING_STOP,MACD Divergence
2024-10-11 09:00:00,2024-10-11 09:15:00,2024-10-11 09:45:00,SHORT,60910.51,-15.124077930064848,-23.12407793006485,14.875922069935152,-34.09592203381654,2,TRAILING_STOP,MACD Divergence
2024-10-11 11:45:00,2024-10-11 12:00:00,2024-10-11 12:45:00,SHORT,61174.88,-27.567629066048454,-35.567629066048454,2.432370933951547,-49.479459542871574,3,TRAILING_STOP,MACD Divergence
2024-10-11 14:30:00,2024-10-11 14:45:00,2024-10-11 15:00:00,SHORT,61764.01,-28.322647768498097,-36.3226477684981,1.6773522315019025,-75.20399015543161,1,TRAILING_STOP,MACD Divergence
2024-10-11 17:30:00,2024-10-11 17:45:00,2024-10-11 18:45:00,SHORT,62736.0,-26.493241520020405,-34.493241520020405,3.506758479979597,-37.85226982912541,4,TRAILING_STOP,MACD Divergence
2024-10-11 23:00:00,2024-10-11 23:15:00,2024-10-12 01:00:00,LONG,62648.0,47.96386157578834,39.96386157578834,67.96386157578834,-46.33827097433325,7,TRAILING_STOP,MACD Divergence
2024-10-12 07:30:00,2024-10-12 07:45:00,2024-10-12 10:00:00,SHORT,62754.83,-16.855195050324376,-24.855195050324376,13.144804949675624,-32.373603752889814,9,TRAILING_STOP,MACD Divergence
2024-10-12 14:00:00,2024-10-12 14:15:00,2024-10-12 15:00:00,SHORT,63184.69,-21.027889825841935,-29.027889825841935,8.972110174158065,-46.737587855538685,3,TRAILING_STOP,MACD Divergence
2024-10-12 19:00:00,2024-10-12 19:15:00,2024-10-12 21:45:00,LONG,63006.5,34.06950076579456,26.069500765794558,34.71705300246767,-5.791465959860961,10,TIME_EXIT,MACD Divergence
2024-10-12 22:30:00,2024-10-12 22:45:00,2024-10-13 00:15:00,SHORT,63233.59,1.405776581718122,-6.594223418281878,31.405776581718122,-24.41898364461096,6,TRAILING_STOP,MACD Divergence
2024-10-13 03:15:00,2024-10-13 03:30:00,2024-10-13 06:00:00,LONG,62782.86,27.896148725941988,19.896148725941988,28.85182357095542,-16.38345242634703,10,TIME_EXIT,MACD Divergence
2024-10-13 06:15:00,2024-10-13 06:30:00,2024-10-13 09:00:00,SHORT,62869.8,11.603345326373612,3.6033453263736117,22.26665266948602,-14.66522877438724,10,TIME_EXIT,MACD Divergence
2024-10-13 09:15:00,2024-10-13 09:30:00,2024-10-13 10:45:00,LONG,62800.04,-9.246822135782265,-17.246822135782267,10.753177864217735,-17.839160611999425,5,TRAILING_STOP,MACD Divergence
2024-10-13 12:00:00,2024-10-13 12:15:00,2024-10-13 13:45:00,LONG,62650.31,6.766028771446198,-1.233971228553802,26.766028771446198,-8.030287479822155,6,TRAILING_STOP,MACD Divergence
2024-10-13 15:45:00,2024-10-13 16:00:00,2024-10-13 17:15:00,LONG,62229.32,85.81185846157392,77.81185846157392,105.81185846157392,0.0,5,TRAILING_STOP,MACD Divergence
2024-10-13 21:15:00,2024-10-13 21:30:00,2024-10-13 22:00:00,SHORT,62870.0,-20.058851598536663,-28.058851598536663,9.941148401463337,-40.55988547797041,2,TRAILING_STOP,MACD Divergence
2024-10-14 01:00:00,2024-10-14 01:15:00,2024-10-14 01:30:00,LONG,62676.62,-2.248564137633018,-10.248564137633018,17.751435862366982,-2.6517064895973363,1,TRAILING_STOP,MACD Divergence
2024-10-14 07:45:00,2024-10-14 08:00:00,2024-10-14 08:15:00,SHORT,64620.87,0.1651772871520123,-7.834822712847988,30.165177287152012,-13.483260129428368,1,TRAILING_STOP,MACD Divergence
2024-10-14 10:30:00,2024-10-14 10:45:00,2024-10-14 13:15:00,SHORT,64950.28,33.610324697598784,25.610324697598784,40.715759808887206,-36.68806354645444,10,TIME_EXIT,MACD Divergence
2024-10-14 13:45:00,2024-10-14 14:00:00,2024-10-14 16:30:00,SHORT,65150.01,-98.23329267332392,-106.23329267332392,0.0,-176.5034264768326,10,TIME_EXIT,MACD Divergence
2024-10-14 19:45:00,2024-10-14 20:00:00,2024-10-14 22:00:00,SHORT,65939.41,1.7579426324869267,-6.242057367513073,31.757942632486927,-16.771457312098562,8,TRAILING_STOP,MACD Divergence
2024-10-14 23:00:00,2024-10-14 23:15:00,2024-10-15 00:15:00,SHORT,66134.01,2.288984139929461,-5.711015860070539,32.28898413992946,-29.63528145352221,4,TRAILING_STOP,MACD Divergence
2024-10-15 02:30:00,2024-10-15 02:45:00,2024-10-15 03:30:00,LONG,65743.5,-17.490246184033403,-25.490246184033403,2.5097538159665973,-57.830812171545034,3,TRAILING_STOP,MACD Divergence
2024-10-15 05:15:00,2024-10-15 05:30:00,2024-10-15 07:45:00,LONG,65379.09,51.41579976105564,43.41579976105564,71.41579976105564,-14.354742471943025,9,TRAILING_STOP,MACD Divergence
2024-10-15 08:30:00,2024-10-15 08:45:00,2024-10-15 11:15:00,SHORT,65734.0,30.408616545470615,22.408616545470615,60.408616545470615,-7.808744333222038,10,TRAILING_STOP,MACD Divergence
2024-10-15 12:30:00,2024-10-15 12:45:00,2024-10-15 13:30:00,SHORT,65882.6,-12.908992662705206,-20.908992662705206,17.091007337294794,-84.60503987395671,3,TRAILING_STOP,MACD Divergence
2024-10-15 23:30:00,2024-10-15 23:45:00,2024-10-16 01:15:00,SHORT,67025.0,10.956359567324846,2.9563595673248457,40.956359567324846,-70.40507273405437,6,TRAILING_STOP,MACD Divergence
2024-10-16 02:15:00,2024-10-16 02:30:00,2024-10-16 05:00:00,SHORT,67318.0,46.64577081909665,38.64577081909665,64.31415074719942,-8.912920764134407,10,TIME_EXIT,MACD Divergence
2024-10-16 07:00:00,2024-10-16 07:15:00,2024-10-16 08:45:00,LONG,66803.98,49.781770487326995,41.781770487326995,69.781770487327,0.0,6,TRAILING_STOP,MACD Divergence
2024-10-16 10:30:00,2024-10-16 10:45:00,2024-10-16 13:15:00,SHORT,67564.0,-42.54336628974044,-50.54336628974044,0.0,-127.28672073885502,10,TIME_EXIT,MACD Divergence
2024-10-16 21:45:00,2024-10-16 22:00:00,2024-10-16 23:15:00,LONG,67566.9,23.3792285867793,15.379228586779298,43.3792285867793,0.0,5,TRAILING_STOP,MACD Divergence
2024-10-17 00:45:00,2024-10-17 01:00:00,2024-10-17 01:45:00,SHORT,67709.99,14.749674309507348,6.749674309507348,44.74967430950735,-28.060851877248837,3,TRAILING_STOP,MACD Divergence
2024-10-17 04:15:00,2024-10-17 04:30:00,2024-10-17 06:00:00,LONG,67458.76,-18.33379682638619,-26.33379682638619,1.6662031736138108,-32.75927396234243,6,TRAILING_STOP,MACD Divergence
2024-10-17 07:00:00,2024-10-17 07:15:00,2024-10-17 08:00:00,LONG,67188.02,11.544314001216634,3.544314001216634,31.544314001216634,-6.0144650787452125,3,TRAILING_STOP,MACD Divergence
2024-10-17 10:15:00,2024-10-17 10:30:00,2024-10-17 11:00:00,LONG,67100.0,7.570789865871834,-0.4292101341281658,27.570789865871834,-19.941877794336463,2,TRAILING_STOP,MACD Divergence
2024-10-17 13:30:00,2024-10-17 13:45:00,2024-10-17 14:45:00,LONG,67211.99,-7.807234988876676,-15.807234988876676,12.192765011123324,-81.2340179185299,4,TRAILING_STOP,MACD Divergence
2024-10-17 19:45:00,2024-10-17 20:00:00,2024-10-17 20:45:00,LONG,66840.0,26.30460801915021,18.30460801915021,46.30460801915021,0.0,3,TRAILING_STOP,MACD Divergence
2024-10-17 23:00:00,2024-10-17 23:15:00,2024-10-18 01:00:00,SHORT,67288.03,-15.782017990421439,-23.782017990421437,14.217982009578561,-46.363372504738386,7,TRAILING_STOP,MACD Divergence
2024-10-18 06:15:00,2024-10-18 06:30:00,2024-10-18 07:15:00,SHORT,68178.1,6.391451213806278,-1.6085487861937224,36.39145121380628,-2.3321271786679563,3,TRAILING_STOP,MACD Divergence
2024-10-18 10:15:00,2024-10-18 10:30:00,2024-10-18 11:15:00,LONG,67922.0,-4.329083360324736,-12.329083360324736,15.670916639675264,-13.409499131356814,3,TRAILING_STOP,MACD Divergence
2024-10-18 13:00:00,2024-10-18 13:15:00,2024-10-18 14:00:00,LONG,67830.01,79.18471189964502,71.18471189964502,99.18471189964502,-12.926431825676131,3,TRAILING_STOP,MACD Divergence
2024-10-18 15:45:00,2024-10-18 16:00:00,2024-10-18 16:15:00,SHORT,68735.34,18.787130463018954,10.787130463018954,48.787130463018954,0.0,1,TRAILING_STOP,MACD Divergence
2024-10-18 18:30:00,2024-10-18 18:45:00,2024-10-18 21:15:00,SHORT,68949.03,77.09898166805198,69.09898166805198,81.94894112360954,-3.6215157776695577,10,TIME_EXIT,MACD Divergence
2024-10-18 21:15:00,2024-10-18 21:30:00,2024-10-18 22:30:00,LONG,68417.43,-14.070224502731687,-22.070224502731687,5.929775497268312,-27.39506584798538,4,TRAILING_STOP,MACD Divergence
2024-10-19 01:45:00,2024-10-19 02:00:00,2024-10-19 04:30:00,SHORT,68340.02,-4.681005361132567,-12.681005361132566,0.0,-51.688600617908904,10,TIME_EXIT,MACD Divergence
2024-10-19 04:30:00,2024-10-19 04:45:00,2024-10-19 07:15:00,LONG,68372.01,3.571636990048743,-4.428363009951257,9.797869040270317,-10.194230065782342,10,TIME_EXIT,MACD Divergence
2024-10-19 07:15:00,2024-10-19 07:30:00,2024-10-19 10:00:00,LONG,68396.42,-8.408750048613825,-16.408750048613825,11.591249951386175,-14.48760037440505,10,TRAILING_STOP,MACD Divergence
2024-10-19 10:00:00,2024-10-19 10:15:00,2024-10-19 12:45:00,LONG,68322.0,-14.636573870788327,-22.636573870788325,0.0,-34.24958285764468,10,TIME_EXIT,MACD Divergence
2024-10-19 13:00:00,2024-10-19 13:15:00,2024-10-19 15:15:00,LONG,68178.0,5.228079439115255,-2.7719205608847446,25.228079439115255,-9.285986681920512,8,TRAILING_STOP,MACD Divergence
2024-10-19 16:00:00,2024-10-19 16:15:00,2024-10-19 18:45:00,LONG,68145.01,5.133171159562598,-2.8668288404374023,6.610902250950277,-19.8121623285395,10,TIME_EXIT,MACD Divergence
2024-10-19 20:45:00,2024-10-19 21:00:00,2024-10-19 23:30:00,SHORT,68245.18,-16.530105129770664,-24.530105129770664,6.154280785837183,-24.540927286001807,10,TIME_EXIT,MACD Divergence
2024-10-19 23:30:00,2024-10-19 23:45:00,2024-10-20 02:15:00,SHORT,68358.0,29.335264343602628,21.335264343602628,29.696597325843356,-12.873401796424705,10,TIME_EXIT,MACD Divergence
2024-10-20 02:15:00,2024-10-20 02:30:00,2024-10-20 05:00:00,LONG,68157.47,17.177867664395663,9.177867664395663,23.25937274373577,-8.431944436904885,10,TIME_EXIT,MACD Divergence
2024-10-20 07:30:00,2024-10-20 07:45:00,2024-10-20 10:15:00,SHORT,68371.76,-7.143300099340878,-15.143300099340877,2.4513044566930504,-18.756281833319086,10,TIME_EXIT,MACD Divergence
2024-10-20 10:15:00,2024-10-20 10:30:00,2024-10-20 13:00:00,SHORT,68420.6,21.69960508969538,13.699605089695378,23.487078452982235,-3.332329736948866,10,TIME_EXIT,MACD Divergence
2024-10-20 13:30:00,2024-10-20 13:45:00,2024-10-20 15:45:00,SHORT,68407.99,-23.861828128555562,-31.861828128555562,6.138171871444437,-53.313947683595416,8,TRAILING_STOP,MACD Divergence
2024-10-20 20:15:00,2024-10-20 20:30:00,2024-10-20 22:15:00,SHORT,68643.97,-23.594484701278034,-31.594484701278034,6.405515298721965,-74.88348940190942,7,TRAILING_STOP,MACD Divergence
2024-10-21 00:15:00,2024-10-21 00:30:00,2024-10-21 01:00:00,SHORT,69393.89,18.129597576963228,10.129597576963228,48.12959757696323,0.0,2,TRAILING_STOP,MACD Divergence
2024-10-21 03:15:00,2024-10-21 03:30:00,2024-10-21 05:00:00,LONG,68842.05,29.843082825103274,21.843082825103274,49.843082825103274,-6.725540567139257,6,TRAILING_STOP,MACD Divergence
2024-10-21 06:45:00,2024-10-21 07:00:00,2024-10-21 07:30:00,LONG,68699.36,-11.286672830722065,-19.286672830722065,8.713327169277935,-19.08314720835912,2,TRAILING_STOP,MACD Divergence
2024-10-21 09:30:00,2024-10-21 09:45:00,2024-10-21 10:30:00,LONG,68280.68,9.611597306881293,1.6115973068812934,29.611597306881293,0.0,3,TRAILING_STOP,MACD Divergence
2024-10-21 12:30:00,2024-10-21 12:45:00,2024-10-21 13:00:00,LONG,68076.86,4.257875583568254,-3.7421244164317464,24.257875583568254,-3.651754795976281,1,TRAILING_STOP,MACD Divergence
2024-10-21 15:30:00,2024-10-21 15:45:00,2024-10-21 16:15:00,LONG,66930.01,41.85416676316129,33.85416676316129,61.85416676316129,0.0,2,TRAILING_STOP,MACD Divergence
2024-10-21 19:15:00,2024-10-21 19:30:00,2024-10-21 21:00:00,SHORT,67611.84,-26.769796532678818,-34.76979653267882,3.2302034673211835,-48.70892435407789,6,TRAILING_STOP,MACD Divergence
2024-10-21 22:00:00,2024-10-21 22:15:00,2024-10-22 00:30:00,SHORT,67820.01,154.1034821433964,146.1034821433964,184.1034821433964,0.0,9,TRAILING_STOP,MACD Divergence
2024-10-22 06:30:00,2024-10-22 06:45:00,2024-10-22 08:30:00,SHORT,67694.0,87.29252223239874,79.29252223239874,117.29252223239874,-0.43873903152438387,7,TRAILING_STOP,MACD Divergence
2024-10-22 09:45:00,2024-10-22 10:00:00,2024-10-22 11:30:00,LONG,66960.02,64.62512406656899,56.625124066568986,84.62512406656899,-5.787035308531867,6,TRAILING_STOP,MACD Divergence
2024-10-22 13:45:00,2024-10-22 14:00:00,2024-10-22 14:15:00,LONG,66998.21,64.21269762281587,56.21269762281587,84.21269762281587,0.0,1,TRAILING_STOP,MACD Divergence
2024-10-22 19:45:00,2024-10-22 20:00:00,2024-10-22 22:00:00,SHORT,67482.99,-19.969324121530136,-27.969324121530136,10.030675878469866,-37.2004856334898,8,TRAILING_STOP,MACD Divergence
2024-10-22 22:30:00,2024-10-22 22:45:00,2024-10-23 01:15:00,SHORT,67740.0,63.93416002361921,55.93416002361921,89.98671390611264,-5.010333628580208,10,TIME_EXIT,MACD Divergence
2024-10-23 01:15:00,2024-10-23 01:30:00,2024-10-23 02:15:00,LONG,67306.91,-8.111176103614099,-16.1111761036141,11.888823896385901,-35.12566540344791,3,TRAILING_STOP,MACD Divergence
2024-10-23 06:45:00,2024-10-23 07:00:00,2024-10-23 07:30:00,LONG,66917.55,-8.678605238835738,-16.678605238835736,11.321394761164262,-13.143039456763896,2,TRAILING_STOP,MACD Divergence
2024-10-23 12:15:00,2024-10-23 12:30:00,2024-10-23 14:00:00,LONG,66239.99,81.17151285801656,73.17151285801656,101.17151285801656,0.0,6,TRAILING_STOP,MACD Divergence
2024-10-23 15:45:00,2024-10-23 16:00:00,2024-10-23 18:30:00,LONG,66223.45,-62.33743485124868,-70.33743485124867,0.0,-145.4847187816396,10,TIME_EXIT,MACD Divergence
2024-10-23 20:15:00,2024-10-23 20:30:00,2024-10-23 23:00:00,SHORT,66425.45,-18.879262391147467,-26.879262391147467,11.120737608852533,-38.82397484699003,10,TRAILING_STOP,MACD Divergence
2024-10-23 23:00:00,2024-10-23 23:15:00,2024-10-24 00:30:00,SHORT,66636.36,-11.037379592762782,-19.037379592762782,18.962620407237218,-25.663166475478967,5,TRAILING_STOP,MACD Divergence
2024-10-24 06:15:00,2024-10-24 06:30:00,2024-10-24 09:00:00,SHORT,67400.0,73.85756676557862,65.85756676557862,103.85756676557862,0.0,10,TRAILING_STOP,MACD Divergence
2024-10-24 09:45:00,2024-10-24 10:00:00,2024-10-24 10:30:00,LONG,66875.99,16.93552798246347,8.93552798246347,36.93552798246347,0.0,2,TRAILING_STOP,MACD Divergence
2024-10-24 13:15:00,2024-10-24 13:30:00,2024-10-24 14:30:00,SHORT,67591.98,-20.70895689103901,-28.70895689103901,9.291043108960992,-60.06925673726441,4,TRAILING_STOP,MACD Divergence
2024-10-24 18:15:00,2024-10-24 18:30:00,2024-10-24 19:15:00,SHORT,67845.99,-9.073192092854644,-17.073192092854644,20.926807907145356,-42.13955754791022,3,TRAILING_STOP,MACD Divergence
2024-10-24 21:00:00,2024-10-24 21:15:00,2024-10-24 23:45:00,SHORT,68525.99,47.822731200236056,39.822731200236056,68.62213884104486,-20.714768221516692,10,TIME_EXIT,MACD Divergence
2024-10-25 01:15:00,2024-10-25 01:30:00,2024-10-25 02:00:00,LONG,68010.01,-10.591090929113928,-18.59109092911393,9.408909070886072,-22.057047190552503,2,TRAILING_STOP,MACD Divergence
2024-10-25 04:15:00,2024-10-25 04:30:00,2024-10-25 06:30:00,LONG,67713.2,3.9067124283012262,-4.093287571698774,23.906712428301226,-20.42142447853577,8,TRAILING_STOP,MACD Divergence
2024-10-25 07:00:00,2024-10-25 07:15:00,2024-10-25 08:00:00,LONG,67488.0,-6.960644855381696,-14.960644855381696,13.039355144618304,-35.26552868658132,3,TRAILING_STOP,MACD Divergence
2024-10-25 13:45:00,2024-10-25 14:00:00,2024-10-25 15:00:00,SHORT,68334.01,-16.242575256450664,-24.242575256450664,13.757424743549334,-64.02082945227573,4,TRAILING_STOP,MACD Divergence
2024-10-25 23:00:00,2024-10-25 23:15:00,2024-10-25 23:30:00,LONG,65800.21,77.84011327623325,69.84011327623325,97.84011327623325,-9.1504267235631,1,TRAILING_STOP,MACD Divergence
2024-10-26 04:15:00,2024-10-26 04:30:00,2024-10-26 05:15:00,SHORT,66956.57,-24.523315635790066,-32.52331563579007,5.476684364209935,-33.64120951834898,3,TRAILING_STOP,MACD Divergence
2024-10-26 07:00:00,2024-10-26 07:15:00,2024-10-26 09:15:00,SHORT,67133.78,-9.418706946041432,-17.418706946041432,20.581293053958568,-19.44773555131227,8,TRAILING_STOP,MACD Divergence
2024-10-26 12:30:00,2024-10-26 12:45:00,2024-10-26 13:45:00,LONG,67058.1,-11.067447482109667,-19.067447482109667,8.932552517890333,-28.354516456624836,4,TRAILING_STOP,MACD Divergence
2024-10-26 15:15:00,2024-10-26 15:30:00,2024-10-26 16:00:00,LONG,66937.37,-12.333131702066128,-20.333131702066126,7.666868297933872,-20.565492788256986,2,TRAILING_STOP,MACD Divergence
2024-10-26 18:15:00,2024-10-26 18:30:00,2024-10-26 20:15:00,SHORT,67106.75,-20.351194179423082,-28.351194179423082,9.648805820576916,-38.280798876416966,7,TRAILING_STOP,MACD Divergence
2024-10-26 23:30:00,2024-10-26 23:45:00,2024-10-27 02:15:00,LONG,67126.0,-14.142061198342372,-22.142061198342372,0.22197062241236462,-31.6226201471865,10,TIME_EXIT,MACD Divergence
2024-10-27 04:15:00,2024-10-27 04:30:00,2024-10-27 07:00:00,SHORT,67241.46,3.0130220254005953,-4.986977974599405,18.06326037537055,0.0,10,TIME_EXIT,MACD Divergence
2024-10-27 08:15:00,2024-10-27 08:30:00,2024-10-27 11:00:00,SHORT,67215.49,22.835510088523527,14.835510088523527,26.577207128892372,-2.0992184985931934,10,TIME_EXIT,MACD Divergence
2024-10-27 11:15:00,2024-10-27 11:30:00,2024-10-27 13:45:00,LONG,67137.99,75.1771120940618,67.1771120940618,95.1771120940618,-2.9774498759949823,9,TRAILING_STOP,MACD Divergence
2024-10-27 14:00:00,2024-10-27 14:15:00,2024-10-27 16:45:00,SHORT,67632.58,-28.894358310742877,-36.894358310742874,0.0,-36.40405260304898,10,TIME_EXIT,MACD Divergence
2024-10-27 16:45:00,2024-10-27 17:00:00,2024-10-27 19:15:00,SHORT,67828.0,12.330600931767904,4.330600931767904,42.330600931767904,-25.358259126024652,9,TRAILING_STOP,MACD Divergence
2024-10-27 21:45:00,2024-10-27 22:00:00,2024-10-28 00:30:00,SHORT,67930.02,6.4801982981904125,-1.5198017018095875,6.587661831985328,-59.18296505727495,10,TIME_EXIT,MACD Divergence
2024-10-28 02:00:00,2024-10-28 02:15:00,2024-10-28 03:30:00,LONG,67739.16,17.21923921111442,9.21923921111442,37.21923921111442,0.0,5,TRAILING_STOP,MACD Divergence
2024-10-28 04:45:00,2024-10-28 05:00:00,2024-10-28 07:30:00,LONG,67744.3,118.12232173038868,110.12232173038868,138.12232173038868,-18.643634962646733,10,TRAILING_STOP,MACD Divergence
2024-10-28 09:45:00,2024-10-28 10:00:00,2024-10-28 11:15:00,SHORT,68573.99,-17.751915850309246,-25.751915850309246,12.248084149690756,-37.85400266194249,5,TRAILING_STOP,MACD Divergence
2024-10-28 12:30:00,2024-10-28 12:45:00,2024-10-28 13:30:00,SHORT,68959.99,-3.4643232981899743,-11.464323298189974,26.535676701810026,-36.979413715111434,3,TRAILING_STOP,MACD Divergence
2024-10-28 16:00:00,2024-10-28 16:15:00,2024-10-28 16:45:00,LONG,68777.91,9.382980669228896,1.3829806692288962,29.382980669228896,-40.40686900779676,2,TRAILING_STOP,MACD Divergence
2024-10-28 18:45:00,2024-10-28 19:00:00,2024-10-28 21:30:00,SHORT,69212.12,-68.47066669826162,-76.47066669826162,0.0,-99.38721715214108,10,TIME_EXIT,MACD Divergence
2024-10-28 22:00:00,2024-10-28 22:15:00,2024-10-28 23:45:00,SHORT,70028.58,12.165641513793204,4.165641513793204,42.165641513793204,-16.6960403880813,6,TRAILING_STOP,MACD Divergence
2024-10-29 01:45:00,2024-10-29 02:00:00,2024-10-29 04:30:00,SHORT,70310.58,-100.77288510491502,-108.77288510491502,0.0,-181.66540512110737,10,TIME_EXIT,MACD Divergence
2024-10-29 07:15:00,2024-10-29 07:30:00,2024-10-29 10:00:00,LONG,71037.46,23.15188071195022,15.15188071195022,43.15188071195022,-28.10207459557319,10,TRAILING_STOP,MACD Divergence
2024-10-29 13:30:00,2024-10-29 13:45:00,2024-10-29 14:00:00,LONG,71516.6,45.215628259731886,37.215628259731886,65.21562825973189,-2.321139427770031,1,TRAILING_STOP,MACD Divergence
2024-10-29 16:45:00,2024-10-29 17:00:00,2024-10-29 18:00:00,SHORT,72739.43,-1.1504475633103972,-9.150447563310397,28.849552436689603,-34.44761665028266,4,TRAILING_STOP,MACD Divergence
2024-10-30 06:15:00,2024-10-30 06:30:00,2024-10-30 08:00:00,SHORT,72424.11,14.751671784437612,6.751671784437612,44.75167178443761,-11.14269819815488,6,TRAILING_STOP,MACD Divergence
2024-10-30 09:30:00,2024-10-30 09:45:00,2024-10-30 12:00:00,SHORT,72414.84,61.80438705657609,53.80438705657609,91.80438705657609,-26.25566803710464,9,TRAILING_STOP,MACD Divergence
2024-10-30 13:00:00,2024-10-30 13:15:00,2024-10-30 14:15:00,LONG,71875.47,49.827717300492,41.827717300492,69.827717300492,-61.14325235021088,4,TRAILING_STOP,MACD Divergence
2024-10-30 20:00:00,2024-10-30 20:15:00,2024-10-30 21:00:00,LONG,71910.49,126.08577969639683,118.08577969639683,146.08577969639683,0.0,3,TRAILING_STOP,MACD Divergence
2024-10-31 01:30:00,2024-10-31 01:45:00,2024-10-31 02:00:00,LONG,72223.98,5.981675338302978,-2.0183246616970223,25.981675338302978,-4.843266737722835,1,TRAILING_STOP,MACD Divergence
2024-10-31 06:30:00,2024-10-31 06:45:00,2024-10-31 08:00:00,LONG,72234.0,13.779106791815487,5.779106791815487,33.77910679181549,-11.628872829969268,5,TRAILING_STOP,MACD Divergence
2024-10-31 10:00:00,2024-10-31 10:15:00,2024-10-31 10:30:00,SHORT,72322.76,-19.109928879927317,-27.109928879927317,10.890071120072681,-27.825265518075533,1,TRAILING_STOP,MACD Divergence
2024-10-31 15:00:00,2024-10-31 15:15:00,2024-10-31 15:30:00,LONG,70774.41,-0.3205706695401851,-8.320570669540185,19.679429330459815,-13.250552000362678,1,TRAILING_STOP,MACD Divergence
2024-10-31 18:00:00,2024-10-31 18:15:00,2024-10-31 19:15:00,LONG,70469.86,19.75316539581594,11.753165395815941,39.75316539581594,-51.605040793326886,4,TRAILING_STOP,MACD Divergence
2024-10-31 20:45:00,2024-10-31 21:00:00,2024-10-31 22:00:00,LONG,70026.74,53.51191844715301,45.51191844715301,73.51191844715301,0.0,4,TRAILING_STOP,MACD Divergence
2024-11-01 07:00:00,2024-11-01 07:15:00,2024-11-01 07:45:00,LONG,69100.87,26.202023216206882,18.202023216206882,46.20202321620688,0.0,2,TRAILING_STOP,MACD Divergence
2024-11-01 11:30:00,2024-11-01 11:45:00,2024-11-01 12:30:00,SHORT,70174.0,9.470459144411883,1.4704591444118833,39.47045914441188,-39.43055832644528,3,TRAILING_STOP,MACD Divergence
2024-11-01 14:30:00,2024-11-01 14:45:00,2024-11-01 15:15:00,SHORT,71220.0,49.47205841055883,41.47205841055883,79.47205841055883,-19.65739960685201,2,TRAILING_STOP,MACD Divergence
2024-11-01 18:45:00,2024-11-01 19:00:00,2024-11-01 19:15:00,LONG,69151.66,-13.588006419513789,-21.58800641951379,6.41199358048621,-43.62295858118279,1,TRAILING_STOP,MACD Divergence
2024-11-01 21:30:00,2024-11-01 21:45:00,2024-11-01 22:15:00,LONG,68972.41,47.50380333237544,39.50380333237544,67.50380333237544,0.0,2,TRAILING_STOP,MACD Divergence
2024-11-02 00:15:00,2024-11-02 00:30:00,2024-11-02 02:00:00,SHORT,69628.01,-12.580286295702894,-20.580286295702894,17.419713704297106,-18.60889030147594,6,TRAILING_STOP,MACD Divergence
2024-11-02 04:45:00,2024-11-02 05:00:00,2024-11-02 07:30:00,LONG,69568.0,23.992352805888263,15.992352805888263,35.75781968721176,-1.7249310027598896,10,TIME_EXIT,MACD Divergence
2024-11-02 07:30:00,2024-11-02 07:45:00,2024-11-02 10:15:00,SHORT,69734.9,43.29969642173389,35.29969642173389,44.29632795056625,-14.8734708159044,10,TIME_EXIT,MACD Divergence
2024-11-02 10:30:00,2024-11-02 10:45:00,2024-11-02 12:15:00,LONG,69567.14,-0.6604094979334221,-8.660409497933422,19.339590502066578,-6.776187723111719,6,TRAILING_STOP,MACD Divergence
2024-11-02 13:15:00,2024-11-02 13:30:00,2024-11-02 14:45:00,SHORT,69679.99,67.56746520773119,59.56746520773119,97.56746520773119,0.0,5,TRAILING_STOP,MACD Divergence
2024-11-02 19:45:00,2024-11-02 20:00:00,2024-11-02 22:30:00,SHORT,69510.0,1.642929074952993,-6.357070925047007,21.136527118399975,-8.918141274637497,10,TIME_EXIT,MACD Divergence
2024-11-03 00:00:00,2024-11-03 00:15:00,2024-11-03 02:45:00,LONG,69368.01,-166.22936134393814,-174.22936134393814,0.0,-216.7930145322017,10,TIME_EXIT,MACD Divergence
2024-11-03 10:00:00,2024-11-03 10:15:00,2024-11-03 11:30:00,LONG,68390.74,9.062414005170105,1.0624140051701048,29.062414005170105,-5.078172863754724,5,TRAILING_STOP,MACD Divergence
2024-11-03 12:45:00,2024-11-03 13:00:00,2024-11-03 15:30:00,SHORT,68486.04,117.0825295198843,109.0825295198843,147.0825295198843,0.0,10,TRAILING_STOP,MACD Divergence
2024-11-03 15:30:00,2024-11-03 15:45:00,2024-11-03 16:30:00,LONG,67692.05,106.44468589738278,98.44468589738278,126.44468589738278,0.0,3,TRAILING_STOP,MACD Divergence
2024-11-03 19:15:00,2024-11-03 19:30:00,2024-11-03 22:00:00,SHORT,68456.25,-108.98785720807034,-116.98785720807034,0.0,-131.72646763443805,10,TIME_EXIT,MACD Divergence
2024-11-03 22:00:00,2024-11-03 22:15:00,2024-11-03 23:00:00,SHORT,69202.33,72.52689468692668,64.52689468692668,102.52689468692668,0.0,3,TRAILING_STOP,MACD Divergence
2024-11-04 02:30:00,2024-11-04 02:45:00,2024-11-04 04:15:00,SHORT,69164.0,-6.866577988548958,-14.866577988548958,23.133422011451042,-48.580186224047196,6,TRAILING_STOP,MACD Divergence
2024-11-04 07:30:00,2024-11-04 07:45:00,2024-11-04 09:15:00,LONG,68756.0,4.43423119436849,-3.56576880563151,24.43423119436849,-41.5963697713654,6,TRAILING_STOP,MACD Divergence
2024-11-04 12:30:00,2024-11-04 12:45:00,2024-11-04 15:15:00,SHORT,68878.66,68.09569466072631,60.09569466072631,98.09569466072631,-56.020253587976384,10,TRAILING_STOP,MACD Divergence
2024-11-04 15:15:00,2024-11-04 15:30:00,2024-11-04 16:00:00,LONG,68470.0,30.287717248430994,22.287717248430994,50.287717248430994,-20.44691105593691,2,TRAILING_STOP,MACD Divergence
2024-11-04 20:45:00,2024-11-04 21:00:00,2024-11-04 21:30:00,LONG,67347.99,20.68569826656961,12.68569826656961,40.68569826656961,-65.73173156318434,2,TRAILING_STOP,MACD Divergence
2024-11-05 00:00:00,2024-11-05 00:15:00,2024-11-05 01:30:00,SHORT,67930.01,36.74222482817096,28.74222482817096,66.74222482817096,-36.80111338125892,5,TRAILING_STOP,MACD Divergence
2024-11-05 03:15:00,2024-11-05 03:30:00,2024-11-05 03:45:00,SHORT,68127.49,-16.57076607401722,-24.57076607401722,13.429233925982777,-18.716380127903545,1,TRAILING_STOP,MACD Divergence
2024-11-05 06:00:00,2024-11-05 06:15:00,2024-11-05 07:30:00,SHORT,68610.0,-24.204926395569924,-32.20492639556993,5.795073604430077,-51.595977262789674,5,TRAILING_STOP,MACD Divergence
2024-11-05 08:45:00,2024-11-05 09:00:00,2024-11-05 11:00:00,SHORT,69038.0,31.254671340421133,23.254671340421133,61.25467134042113,0.0,8,TRAILING_STOP,MACD Divergence
2024-11-05 12:30:00,2024-11-05 12:45:00,2024-11-05 13:00:00,LONG,68873.99,-17.103405799490186,-25.103405799490186,2.8965942005098135,-23.586552775585037,1,TRAILING_STOP,MACD Divergence
2024-11-05 16:30:00,2024-11-05 16:45:00,2024-11-05 17:00:00,SHORT,70144.01,-20.019104981309912,-28.019104981309912,9.980895018690088,-42.283011763942646,1,TRAILING_STOP,MACD Divergence
2024-11-06 02:00:00,2024-11-06 02:15:00,2024-11-06 04:45:00,SHORT,71299.91,-415.31048215909436,-423.31048215909436,0.0,-518.9473591200881,10,TIME_EXIT,MACD Divergence
2024-11-06 06:00:00,2024-11-06 06:15:00,2024-11-06 07:00:00,SHORT,74891.98,62.39574117282001,54.39574117282001,92.39574117282001,-24.571389353039418,3,TRAILING_STOP,MACD Divergence
2024-11-06 14:30:00,2024-11-06 14:45:00,2024-11-06 15:00:00,SHORT,74375.55,85.83779884652992,77.83779884652992,115.83779884652992,-2.4806539245756287,1,TRAILING_STOP,MACD Divergence
2024-11-06 17:15:00,2024-11-06 17:30:00,2024-11-06 18:00:00,SHORT,74522.86,-12.977035502931503,-20.977035502931503,17.022964497068497,-52.31280710375391,2,TRAILING_STOP,MACD Divergence
2024-11-06 20:15:00,2024-11-06 20:30:00,2024-11-06 23:00:00,SHORT,75646.0,1.1778547444681136,-6.822145255531886,16.664463421727213,-99.67480104698198,10,TIME_EXIT,MACD Divergence
2024-11-07 00:45:00,2024-11-07 01:00:00,2024-11-07 01:30:00,LONG,75349.07,69.41318054754844,61.413180547548436,89.41318054754844,-11.519717496181825,2,TRAILING_STOP,MACD Divergence
2024-11-07 03:30:00,2024-11-07 03:45:00,2024-11-07 06:15:00,LONG,75176.5,-61.02837987934974,-69.02837987934974,0.0,-101.16193225276515,10,TIME_EXIT,MACD Divergence
2024-11-07 06:15:00,2024-11-07 06:30:00,2024-11-07 07:45:00,LONG,74717.71,13.079172260497401,5.079172260497401,33.0791722604974,-37.70324331406923,5,TRAILING_STOP,MACD Divergence
2024-11-07 09:00:00,2024-11-07 09:15:00,2024-11-07 10:00:00,SHORT,75092.0,13.41341288020029,5.4134128802002905,43.41341288020029,0.0,3,TRAILING_STOP,MACD Divergence
2024-11-07 12:30:00,2024-11-07 12:45:00,2024-11-07 14:15:00,SHORT,75065.02,34.89174318477508,26.89174318477508,64.89174318477508,0.0,6,TRAILING_STOP,MACD Divergence
2024-11-07 17:00:00,2024-11-07 17:15:00,2024-11-07 18:00:00,SHORT,76094.0,25.577312271664454,17.577312271664454,55.577312271664454,-48.949982915866684,3,TRAILING_STOP,MACD Divergence
2024-11-07 20:15:00,2024-11-07 20:30:00,2024-11-07 22:30:00,SHORT,76426.35,91.99326541173374,83.99326541173374,121.99326541173374,-19.0575632618847,8,TRAILING_STOP,MACD Divergence
2024-11-08 03:00:00,2024-11-08 03:15:00,2024-11-08 04:45:00,LONG,75850.01,3.202370045831934,-4.797629954168066,23.202370045831934,-27.502962755047836,6,TRAILING_STOP,MACD Divergence
2024-11-08 07:30:00,2024-11-08 07:45:00,2024-11-08 09:15:00,SHORT,76100.0,14.678055190538764,6.678055190538764,44.678055190538764,-8.409986859395532,6,TRAILING_STOP,MACD Divergence
2024-11-08 13:45:00,2024-11-08 14:00:00,2024-11-08 15:00:00,SHORT,76268.13,53.56963780284241,45.56963780284241,83.56963780284241,0.0,4,TRAILING_STOP,MACD Divergence
2024-11-08 17:45:00,2024-11-08 18:00:00,2024-11-08 18:30:00,SHORT,76386.0,-24.678344199199568,-32.67834419919957,5.321655800800432,-80.25030764799831,2,TRAILING_STOP,MACD Divergence
2024-11-08 22:45:00,2024-11-08 23:00:00,2024-11-09 00:45:00,LONG,76369.13,15.447568932629174,7.447568932629174,35.447568932629174,-3.2683363029022856,7,TRAILING_STOP,MACD Divergence
2024-11-09 01:30:00,2024-11-09 01:45:00,2024-11-09 04:15:00,LONG,76413.99,-6.71343035483462,-14.713430354834621,3.403826969380183,-36.379464022230124,10,TIME_EXIT,MACD Divergence
2024-11-09 08:45:00,2024-11-09 09:00:00,2024-11-09 11:30:00,SHORT,76539.99,15.676772364355577,7.6767723643555765,23.658221016229785,-10.453359087190208,10,TIME_EXIT,MACD Divergence
2024-11-09 11:30:00,2024-11-09 11:45:00,2024-11-09 12:30:00,LONG,76419.99,-4.095784362181467,-12.095784362181467,15.904215637818533,-12.416908193785346,3,TRAILING_STOP,MACD Divergence
2024-11-09 14:15:00,2024-11-09 14:30:00,2024-11-09 16:00:00,LONG,76341.64,-10.191460387803478,-18.191460387803478,9.808539612196522,-11.87294378271143,6,TRAILING_STOP,MACD Divergence
2024-11-09 17:15:00,2024-11-09 17:30:00,2024-11-09 19:00:00,LONG,75977.08,75.1497477923603,67.1497477923603,95.1497477923603,0.0,6,TRAILING_STOP,MACD Divergence
2024-11-09 23:00:00,2024-11-09 23:15:00,2024-11-10 00:15:00,SHORT,76618.86,-13.442718933693275,-21.442718933693275,16.557281066306725,-36.69331545783889,4,TRAILING_STOP,MACD Divergence
2024-11-10 02:15:00,2024-11-10 02:30:00,2024-11-10 03:15:00,SHORT,77284.0,8.632834739403627,0.6328347394036271,38.63283473940363,-26.24734744578513,3,TRAILING_STOP,MACD Divergence
2024-11-10 10:30:00,2024-11-10 10:45:00,2024-11-10 12:45:00,SHORT,79451.3,-6.948143076323646,-14.948143076323646,23.051856923676354,-79.13023449584803,8,TRAILING_STOP,MACD Divergence
2024-11-10 14:30:00,2024-11-10 14:45:00,2024-11-10 15:15:00,LONG,79382.0,27.213474087323775,19.213474087323775,47.213474087323775,-0.26454359930536153,2,TRAILING_STOP,MACD Divergence
2024-11-10 22:15:00,2024-11-10 22:30:00,2024-11-10 22:45:00,SHORT,80849.72,63.32499852813328,55.32499852813328,93.32499852813328,0.0,1,TRAILING_STOP,MACD Divergence
2024-11-11 01:45:00,2024-11-11 02:00:00,2024-11-11 02:45:00,SHORT,81213.99,-23.352130587352594,-31.352130587352594,6.647869412647406,-37.579732260414374,3,TRAILING_STOP,MACD Divergence
2024-11-11 12:00:00,2024-11-11 12:15:00,2024-11-11 13:15:00,SHORT,82182.0,57.830668516219816,49.830668516219816,87.83066851621982,-20.442432649485287,4,TRAILING_STOP,MACD Divergence
2024-11-11 14:45:00,2024-11-11 15:00:00,2024-11-11 17:30:00,SHORT,82484.91,-286.51786126698767,-294.51786126698767,0.0,-291.09445594351695,10,TIME_EXIT,MACD Divergence
2024-11-11 17:30:00,2024-11-11 17:45:00,2024-11-11 18:00:00,SHORT,84848.25,45.36749432074272,37.36749432074272,75.36749432074272,0.0,1,TRAILING_STOP,MACD Divergence
2024-11-11 20:15:00,2024-11-11 20:30:00,2024-11-11 21:00:00,SHORT,86834.74,-13.331556010877073,-21.331556010877073,16.668443989122927,-63.54138907999203,2,TRAILING_STOP,MACD Divergence
2024-11-11 23:00:00,2024-11-11 23:15:00,2024-11-11 23:45:00,SHORT,89348.01,97.71185390698705,89.71185390698705,127.71185390698705,0.0,2,TRAILING_STOP,MACD Divergence
2024-11-12 07:15:00,2024-11-12 07:30:00,2024-11-12 08:30:00,SHORT,89347.98,40.18289613262577,32.18289613262577,70.18289613262577,-9.402562878311219,4,TRAILING_STOP,MACD Divergence
2024-11-12 10:45:00,2024-11-12 11:00:00,2024-11-12 11:15:00,LONG,86787.52,89.74849840161303,81.74849840161303,109.74849840161303,-13.309517313089406,1,TRAILING_STOP,MACD Divergence
2024-11-12 13:30:00,2024-11-12 13:45:00,2024-11-12 14:00:00,LONG,85692.03,78.02078443001133,70.02078443001133,98.02078443001133,0.0,1,TRAILING_STOP,MACD Divergence
2024-11-12 19:30:00,2024-11-12 19:45:00,2024-11-12 20:00:00,SHORT,89020.0,9.092338800269602,1.0923388002696015,39.0923388002696,-37.74432711750168,1,TRAILING_STOP,MACD Divergence
2024-11-12 23:15:00,2024-11-12 23:30:00,2024-11-12 23:45:00,LONG,87970.33,3.542028317955751,-4.457971682044249,23.54202831795575,-23.227149426403397,1,TRAILING_STOP,MACD Divergence
2024-11-13 02:15:00,2024-11-13 02:30:00,2024-11-13 03:15:00,LONG,87516.0,52.44389597330773,44.44389597330773,72.44389597330773,-26.707116412998303,3,TRAILING_STOP,MACD Divergence
2024-11-13 06:30:00,2024-11-13 06:45:00,2024-11-13 08:00:00,LONG,86613.14,81.5042290349944,73.5042290349944,101.5042290349944,-15.363719638843763,5,TRAILING_STOP,MACD Divergence
2024-11-13 11:00:00,2024-11-13 11:15:00,2024-11-13 12:30:00,SHORT,87858.0,10.464158073253977,2.4641580732539765,40.46415807325398,-15.843747865874148,5,TRAILING_STOP,MACD Divergence
2024-11-13 15:30:00,2024-11-13 15:45:00,2024-11-13 16:30:00,SHORT,92000.0,27.836956521739765,19.836956521739765,57.836956521739765,-137.56956521739124,3,TRAILING_STOP,MACD Divergence
2024-11-13 20:00:00,2024-11-13 20:15:00,2024-11-13 20:30:00,LONG,90741.4,28.778176223863632,20.778176223863632,48.77817622386363,-26.603072026659735,1,TRAILING_STOP,MACD Divergence
2024-11-14 01:45:00,2024-11-14 02:00:00,2024-11-14 02:45:00,SHORT,90372.0,48.34284955517195,40.34284955517195,78.34284955517195,0.0,3,TRAILING_STOP,MACD Divergence
2024-11-14 04:30:00,2024-11-14 04:45:00,2024-11-14 05:00:00,LONG,89831.98,12.506241095878032,4.506241095878032,32.50624109587803,-10.457300395694533,1,TRAILING_STOP,MACD Divergence
2024-11-14 10:00:00,2024-11-14 10:15:00,2024-11-14 11:00:00,SHORT,91268.9,57.31342220624926,49.31342220624926,87.31342220624926,-16.171992869422752,3,TRAILING_STOP,MACD Divergence
2024-11-14 14:30:00,2024-11-14 14:45:00,2024-11-14 15:00:00,SHORT,89730.93,136.80313020270611,128.80313020270611,166.80313020270611,0.0,1,TRAILING_STOP,MACD Divergence
2024-11-14 20:45:00,2024-11-14 21:00:00,2024-11-14 21:30:00,LONG,87612.67,49.32330677743306,41.32330677743306,69.32330677743306,-16.239660313970436,2,TRAILING_STOP,MACD Divergence
2024-11-14 23:30:00,2024-11-14 23:45:00,2024-11-15 00:00:00,LONG,87282.92,96.9014510513633,88.9014510513633,116.9014510513633,-3.5425029318448846,1,TRAILING_STOP,MACD Divergence
2024-11-15 03:00:00,2024-11-15 03:15:00,2024-11-15 04:15:00,SHORT,88212.13,46.421462671857554,38.421462671857554,76.42146267185755,-29.652384541671587,4,TRAILING_STOP,MACD Divergence
2024-11-15 07:15:00,2024-11-15 07:30:00,2024-11-15 08:30:00,SHORT,88246.1,69.50581385466391,61.50581385466391,99.50581385466391,0.0,4,TRAILING_STOP,MACD Divergence
2024-11-15 10:15:00,2024-11-15 10:30:00,2024-11-15 11:30:00,SHORT,89358.93,-2.0968010695745214,-10.096801069574521,27.90319893042548,-24.981274954837808,4,TRAILING_STOP,MACD Divergence
2024-11-15 21:00:00,2024-11-15 21:15:00,2024-11-15 21:30:00,SHORT,91304.69,-4.038573484011813,-12.038573484011813,25.961426515988187,-12.628047912982664,1,TRAILING_STOP,MACD Divergence
2024-11-16 07:00:00,2024-11-16 07:15:00,2024-11-16 09:45:00,LONG,91345.54,-10.753790497050385,-18.753790497050385,9.246209502949615,-35.078888361707975,10,TRAILING_STOP,MACD Divergence
2024-11-16 10:45:00,2024-11-16 11:00:00,2024-11-16 12:15:00,SHORT,91393.94,67.81173675191181,59.81173675191181,97.81173675191181,0.0,5,TRAILING_STOP,MACD Divergence
2024-11-16 15:00:00,2024-11-16 15:15:00,2024-11-16 16:30:00,LONG,90536.83,16.30014437218469,8.30014437218469,36.30014437218469,-53.089996634519174,5,TRAILING_STOP,MACD Divergence
2024-11-16 19:00:00,2024-11-16 19:15:00,2024-11-16 21:15:00,SHORT,91212.0,29.356225058105757,21.356225058105757,59.35622505810576,0.0,8,TRAILING_STOP,MACD Divergence
2024-11-16 22:30:00,2024-11-16 22:45:00,2024-11-17 00:30:00,LONG,90748.69,-4.6488142142880875,-12.648814214288087,15.351185785711913,-46.357693978833446,7,TRAILING_STOP,MACD Divergence
2024-11-17 01:30:00,2024-11-17 01:45:00,2024-11-17 02:00:00,LONG,90168.69,-8.460517725165698,-16.460517725165698,11.539482274834302,-76.82600246271693,1,TRAILING_STOP,MACD Divergence
2024-11-17 05:15:00,2024-11-17 05:30:00,2024-11-17 06:30:00,SHORT,90637.15,-0.49443853872357835,-8.494438538723578,29.50556146127642,-14.656241949356424,4,TRAILING_STOP,MACD Divergence
2024-11-17 08:30:00,2024-11-17 08:45:00,2024-11-17 11:15:00,SHORT,90746.97,2.8783330176198,-5.1216669823802,22.365485040437868,-77.47035520855452,10,TIME_EXIT,MACD Divergence
2024-11-17 13:30:00,2024-11-17 13:45:00,2024-11-17 14:15:00,LONG,90456.01,14.265274358222484,6.265274358222484,34.265274358222484,-39.872419754088014,2,TRAILING_STOP,MACD Divergence
2024-11-17 18:15:00,2024-11-17 18:30:00,2024-11-17 18:45:00,LONG,90045.31,-6.5634312325644455,-14.563431232564445,13.436568767435555,-12.375991598007971,1,TRAILING_STOP,MACD Divergence
2024-11-17 21:15:00,2024-11-17 21:30:00,2024-11-17 22:30:00,LONG,89638.97,-19.010475019961145,-27.010475019961145,0.989524980038854,-102.2959099150739,4,TRAILING_STOP,MACD Divergence
2024-11-18 02:00:00,2024-11-18 02:15:00,2024-11-18 03:45:00,SHORT,90568.02,-0.40677272176160173,-8.406772721761602,29.5932272782384,-20.76229556525511,6,TRAILING_STOP,MACD Divergence
2024-11-18 06:15:00,2024-11-18 06:30:00,2024-11-18 09:00:00,SHORT,90947.39,-85.91010693105122,-93.91010693105122,0.0,-148.72444387903826,10,TIME_EXIT,MACD Divergence
2024-11-18 09:30:00,2024-11-18 09:45:00,2024-11-18 12:15:00,SHORT,91801.2,160.64020949617122,152.64020949617122,190.64020949617122,-23.398386949190524,10,TRAILING_STOP,MACD Divergence
2024-11-18 13:00:00,2024-11-18 13:15:00,2024-11-18 13:45:00,LONG,89784.0,-0.2904749175792567,-8.290474917579257,19.709525082420743,-45.34215450414393,2,TRAILING_STOP,MACD Divergence
2024-11-18 19:30:00,2024-11-18 19:45:00,2024-11-18 20:00:00,LONG,90326.45,30.89539110637041,22.89539110637041,50.89539110637041,0.0,1,TRAILING_STOP,MACD Divergence
2024-11-19 04:00:00,2024-11-19 04:15:00,2024-11-19 05:45:00,SHORT,91294.01,-23.87473504559628,-31.87473504559628,6.125264954403718,-65.47965195087916,6,TRAILING_STOP,MACD Divergence
2024-11-19 06:45:00,2024-11-19 07:00:00,2024-11-19 08:45:00,SHORT,91959.11,30.7965866568306,22.7965866568306,60.7965866568306,-2.1629178446811217,7,TRAILING_STOP,MACD Divergence
2024-11-19 09:45:00,2024-11-19 10:00:00,2024-11-19 10:30:00,LONG,91694.37,4.196687321152858,-3.803312678847142,24.196687321152858,-14.416370383481814,2,TRAILING_STOP,MACD Divergence
2024-11-19 13:15:00,2024-11-19 13:30:00,2024-11-19 14:00:00,SHORT,92176.36,100.24597630021381,92.24597630021381,130.2459763002138,0.0,2,TRAILING_STOP,MACD Divergence
2024-11-19 17:00:00,2024-11-19 17:15:00,2024-11-19 17:45:00,SHORT,92743.18,-3.779204034194965,-11.779204034194965,26.220795965805035,-56.35131337959405,2,TRAILING_STOP,MACD Divergence
2024-11-19 22:15:00,2024-11-19 22:30:00,2024-11-20 00:00:00,LONG,91922.87,33.93761095579345,25.937610955793453,53.93761095579345,-39.21766150251836,6,TRAILING_STOP,MACD Divergence
2024-11-20 05:30:00,2024-11-20 05:45:00,2024-11-20 08:15:00,SHORT,92294.4,-76.45209243464399,-84.45209243464399,0.0,-84.78629255946177,10,TIME_EXIT,MACD Divergence
2024-11-20 08:15:00,2024-11-20 08:30:00,2024-11-20 10:15:00,SHORT,93000.01,-26.773118626546946,-34.773118626546946,3.2268813734530526,-72.03977720002409,7,TRAILING_STOP,MACD Divergence
2024-11-20 11:45:00,2024-11-20 12:00:00,2024-11-20 13:00:00,SHORT,93454.65,-17.30400252956978,-25.30400252956978,12.695997470430223,-48.93924486368529,4,TRAILING_STOP,MACD Divergence
2024-11-20 14:30:00,2024-11-20 14:45:00,2024-11-20 15:15:00,SHORT,94213.71,-12.623548101438061,-20.62354810143806,17.37645189856194,-56.92165184875946,2,TRAILING_STOP,MACD Divergence
2024-11-20 18:30:00,2024-11-20 18:45:00,2024-11-20 19:00:00,LONG,93391.79,27.564138132485354,19.564138132485354,47.564138132485354,0.0,1,TRAILING_STOP,MACD Divergence
2024-11-21 00:15:00,2024-11-21 00:30:00,2024-11-21 01:15:00,SHORT,94819.91,-6.3857611761070565,-14.385761176107057,23.614238823892943,-16.56719564488054,3,TRAILING_STOP,MACD Divergence
2024-11-21 03:00:00,2024-11-21 03:15:00,2024-11-21 05:45:00,SHORT,94884.86,-257.4847030390306,-265.4847030390306,0.0,-312.70953026647237,10,TIME_EXIT,MACD Divergence
2024-11-21 10:30:00,2024-11-21 10:45:00,2024-11-21 13:15:00,SHORT,97614.99,50.49429396038546,42.49429396038546,60.958875271103636,-78.8680099234754,10,TIME_EXIT,MACD Divergence
2024-11-21 14:30:00,2024-11-21 14:45:00,2024-11-21 16:45:00,LONG,97250.0,-4.575835475578405,-12.575835475578405,15.424164524421595,-169.6658097686375,8,TRAILING_STOP,MACD Divergence
2024-11-21 18:30:00,2024-11-21 18:45:00,2024-11-21 20:00:00,SHORT,98074.01,5.896360309932099,-2.103639690067901,35.8963603099321,-93.19390529662296,5,TRAILING_STOP,MACD Divergence
2024-11-22 02:30:00,2024-11-22 02:45:00,2024-11-22 03:00:00,SHORT,98580.6,-28.278565965311515,-36.278565965311515,1.7214340346884844,-39.47531258685727,1,TRAILING_STOP,MACD Divergence
2024-11-22 07:15:00,2024-11-22 07:30:00,2024-11-22 09:45:00,SHORT,99232.77,58.153338861749404,50.153338861749404,88.1533388617494,-14.43373998327326,9,TRAILING_STOP,MACD Divergence
2024-11-22 10:00:00,2024-11-22 10:15:00,2024-11-22 10:30:00,LONG,98496.0,0.38661468486059647,-7.6133853151394035,20.386614684860596,-21.448586744638845,1,TRAILING_STOP,MACD Divergence
2024-11-22 13:00:00,2024-11-22 13:15:00,2024-11-22 15:45:00,LONG,98344.0,32.538843244122674,24.538843244122674,43.31733506873831,-124.24652241112823,10,TIME_EXIT,MACD Divergence
2024-11-22 19:00:00,2024-11-22 19:15:00,2024-11-22 19:30:00,SHORT,99212.13,7.709098675737522,-0.29090132426247806,37.70909867573752,-37.88649633870275,1,TRAILING_STOP,MACD Divergence
2024-11-22 23:00:00,2024-11-22 23:15:00,2024-11-23 00:00:00,LONG,98811.03,-10.591131374705721,-18.59113137470572,9.408868625294279,-20.091886502954054,3,TRAILING_STOP,MACD Divergence
2024-11-23 01:45:00,2024-11-23 02:00:00,2024-11-23 04:00:00,LONG,98590.0,1.3003347195455923,-6.699665280454408,21.300334719545592,-29.414747946039153,8,TRAILING_STOP,MACD Divergence
2024-11-23 04:45:00,2024-11-23 05:00:00,2024-11-23 07:30:00,LONG,98576.14,2.7093493415344305,-5.2906506584655695,22.70934934153443,-16.99904256750086,10,TRAILING_STOP,MACD Divergence
2024-11-23 08:30:00,2024-11-23 08:45:00,2024-11-23 10:15:00,LONG,98487.24,-12.194927992702878,-20.19492799270288,7.805072007297122,-16.75547004870926,6,TRAILING_STOP,MACD Divergence
2024-11-23 11:15:00,2024-11-23 11:30:00,2024-11-23 13:45:00,LONG,98466.87,18.67392149257895,10.673921492578948,38.67392149257895,-5.267761633937927,9,TRAILING_STOP,MACD Divergence
2024-11-23 14:30:00,2024-11-23 14:45:00,2024-11-23 17:15:00,SHORT,98732.01,111.38778294901493,103.38778294901493,141.38778294901493,-4.830247049564,10,TRAILING_STOP,MACD Divergence
2024-11-23 19:30:00,2024-11-23 19:45:00,2024-11-23 20:15:00,LONG,97412.2,-10.525827360432455,-18.525827360432455,9.474172639567545,-28.35373803281284,2,TRAILING_STOP,MACD Divergence
2024-11-24 00:15:00,2024-11-24 00:30:00,2024-11-24 01:00:00,SHORT,97989.99,-8.978465045255618,-16.978465045255618,21.021534954744382,-41.84202896642756,2,TRAILING_STOP,MACD Divergence
2024-11-24 05:45:00,2024-11-24 06:00:00,2024-11-24 07:15:00,LONG,98264.44,-4.969130236737005,-12.969130236737005,15.030869763262995,-24.04430331053676,5,TRAILING_STOP,MACD Divergence
2024-11-24 08:45:00,2024-11-24 09:00:00,2024-11-24 09:15:00,LONG,98067.75,-8.503865949814774,-16.503865949814774,11.496134050185226,-25.647575273217146,1,TRAILING_STOP,MACD Divergence
2024-11-24 11:30:00,2024-11-24 11:45:00,2024-11-24 13:30:00,LONG,97496.97,-8.763753376130262,-16.76375337613026,11.236246623869738,-112.12553579870249,7,TRAILING_STOP,MACD Divergence
2024-11-24 15:15:00,2024-11-24 15:30:00,2024-11-24 16:45:00,LONG,96643.99,-9.239889619624492,-17.239889619624492,10.760110380375508,-94.07931108804604,5,TRAILING_STOP,MACD Divergence
2024-11-24 21:00:00,2024-11-24 21:15:00,2024-11-24 23:45:00,SHORT,96619.68,-132.51544612857347,-140.51544612857347,0.0,-181.09975110660824,10,TIME_EXIT,MACD Divergence
2024-11-25 04:15:00,2024-11-25 04:30:00,2024-11-25 04:45:00,SHORT,97730.44,-5.567489515037604,-13.567489515037604,24.432510484962396,-7.117536767459316,1,TRAILING_STOP,MACD Divergence
2024-11-25 08:45:00,2024-11-25 09:00:00,2024-11-25 11:30:00,SHORT,98217.77,11.176185327767477,3.1761853277674774,14.230622421991873,-66.58978309118592,10,TIME_EXIT,MACD Divergence
2024-11-25 14:15:00,2024-11-25 14:30:00,2024-11-25 17:00:00,LONG,97244.0,-225.41236477314794,-233.41236477314794,0.0,-279.60593969807906,10,TIME_EXIT,MACD Divergence
2024-11-25 19:15:00,2024-11-25 19:30:00,2024-11-25 19:45:00,LONG,95084.51,-15.741682846132852,-23.741682846132854,4.258317153867148,-48.17714262817325,1,TRAILING_STOP,MACD Divergence
2024-11-25 22:00:00,2024-11-25 22:15:00,2024-11-25 23:15:00,LONG,94116.24,11.655535750258721,3.6555357502587214,31.65553575025872,-161.08272068667458,4,TRAILING_STOP,MACD Divergence
2024-11-26 06:15:00,2024-11-26 06:30:00,2024-11-26 07:15:00,SHORT,94896.0,117.09998313943669,109.09998313943669,147.0999831394367,0.0,3,TRAILING_STOP,MACD Divergence
2024-11-26 10:45:00,2024-11-26 11:00:00,2024-11-26 11:15:00,LONG,92327.99,8.91972412699494,0.9197241269949394,28.91972412699494,-64.44307950384334,1,TRAILING_STOP,MACD Divergence
2024-11-26 16:45:00,2024-11-26 17:00:00,2024-11-26 17:15:00,SHORT,94029.42,34.26286581369902,26.262865813699023,64.26286581369902,0.0,1,TRAILING_STOP,MACD Divergence
2024-11-26 20:30:00,2024-11-26 20:45:00,2024-11-26 21:00:00,LONG,91415.98,-13.68053594130872,-21.68053594130872,6.319464058691279,-61.86336349509122,1,TRAILING_STOP,MACD Divergence
2024-11-27 01:15:00,2024-11-27 01:30:00,2024-11-27 02:15:00,SHORT,92382.0,-21.64339373471054,-29.64339373471054,8.35660626528946,-70.94239137494368,3,TRAILING_STOP,MACD Divergence
2024-11-27 04:15:00,2024-11-27 04:30:00,2024-11-27 05:15:00,SHORT,93018.98,40.66514812353269,32.66514812353269,70.66514812353269,0.0,3,TRAILING_STOP,MACD Divergence
2024-11-27 07:00:00,2024-11-27 07:15:00,2024-11-27 09:45:00,SHORT,93280.0,-11.680960548884578,-19.680960548884578,18.319039451115422,-39.451114922813034,10,TRAILING_STOP,MACD Divergence
2024-11-27 10:15:00,2024-11-27 10:30:00,2024-11-27 12:45:00,SHORT,93607.99,51.20567485745701,43.20567485745701,81.20567485745701,-29.65665644567313,9,TRAILING_STOP,MACD Divergence
2024-11-27 13:00:00,2024-11-27 13:15:00,2024-11-27 15:45:00,SHORT,93666.67,-201.70888961890034,-209.70888961890034,0.0,-233.09572124214534,10,TIME_EXIT,MACD Divergence
2024-11-27 16:00:00,2024-11-27 16:15:00,2024-11-27 17:00:00,SHORT,95476.0,-11.660312539276276,-19.660312539276276,18.339687460723724,-89.77125141396851,3,TRAILING_STOP,MACD Divergence
2024-11-27 19:30:00,2024-11-27 19:45:00,2024-11-27 21:00:00,SHORT,96400.94,-10.745001034222764,-18.745001034222764,19.254998965777236,-83.7408846843199,5,TRAILING_STOP,MACD Divergence
2024-11-27 23:30:00,2024-11-27 23:45:00,2024-11-28 01:00:00,LONG,96068.6,31.567317521020833,23.567317521020833,51.56731752102083,-36.055485351093346,5,TRAILING_STOP,MACD Divergence
2024-11-28 02:45:00,2024-11-28 03:00:00,2024-11-28 05:00:00,LONG,95699.79,3.260239129051989,-4.739760870948011,23.26023912905199,-91.66686781653335,8,TRAILING_STOP,MACD Divergence
2024-11-28 09:15:00,2024-11-28 09:30:00,2024-11-28 11:45:00,LONG,95316.0,28.680179613076504,20.680179613076504,48.680179613076504,-70.92198581560284,9,TRAILING_STOP,MACD Divergence
2024-11-28 17:30:00,2024-11-28 17:45:00,2024-11-28 19:00:00,LONG,94850.01,41.7469623883011,33.7469623883011,61.7469623883011,0.0,5,TRAILING_STOP,MACD Divergence
2024-11-28 20:15:00,2024-11-28 20:30:00,2024-11-28 21:00:00,LONG,94868.34,5.590202168605888,-2.409797831394112,25.590202168605888,-17.955410624871956,2,TRAILING_STOP,MACD Divergence
2024-11-28 23:30:00,2024-11-28 23:45:00,2024-11-29 00:30:00,SHORT,95739.99,5.511806508440749,-2.488193491559251,35.51180650844075,-8.357009437748506,3,TRAILING_STOP,MACD Divergence
2024-11-29 02:30:00,2024-11-29 02:45:00,2024-11-29 05:15:00,SHORT,96680.01,22.72341510928555,14.72341510928555,49.16528246118322,-13.677077608909068,10,TIME_EXIT,MACD Divergence
2024-11-29 07:15:00,2024-11-29 07:30:00,2024-11-29 10:00:00,LONG,96083.44,57.04625063382362,49.04625063382362,67.4996648746129,-50.311479272599264,10,TIME_EXIT,MACD Divergence
2024-11-29 11:00:00,2024-11-29 11:15:00,2024-11-29 13:45:00,SHORT,96628.59,-61.552176224449106,-69.55217622444911,0.0,-90.18138420523402,10,TIME_EXIT,MACD Divergence
2024-11-29 14:30:00,2024-11-29 14:45:00,2024-11-29 17:15:00,SHORT,97549.75,52.25641275349191,44.25641275349191,61.276425618722755,-109.71222376274724,10,TIME_EXIT,MACD Divergence
2024-11-29 18:00:00,2024-11-29 18:15:00,2024-11-29 19:00:00,LONG,97128.0,3.8201136644428573,-4.179886335557143,23.820113664442857,-23.474178403755868,3,TRAILING_STOP,MACD Divergence
2024-11-30 00:30:00,2024-11-30 00:45:00,2024-11-30 03:15:00,LONG,96984.01,-55.304993060195734,-63.304993060195734,0.0,-69.51248973928682,10,TIME_EXIT,MACD Divergence
2024-11-30 03:15:00,2024-11-30 03:30:00,2024-11-30 06:00:00,LONG,96447.63,61.53544052870967,53.53544052870967,81.53544052870967,0.0,10,TRAILING_STOP,MACD Divergence
2024-11-30 06:00:00,2024-11-30 06:15:00,2024-11-30 07:30:00,SHORT,96865.97,2.5934897467088973,-5.406510253291103,32.5934897467089,-11.75128892014417,5,TRAILING_STOP,MACD Divergence
2024-11-30 14:30:00,2024-11-30 14:45:00,2024-11-30 16:45:00,SHORT,96628.99,-6.633306422843898,-14.633306422843898,23.366693577156102,-34.25576527292635,8,TRAILING_STOP,MACD Divergence
2024-11-30 17:30:00,2024-11-30 17:45:00,2024-11-30 19:30:00,SHORT,96831.99,-23.030195909429803,-31.030195909429803,6.969804090570197,-23.805149517219952,7,TRAILING_STOP,MACD Divergence
2024-11-30 20:15:00,2024-11-30 20:30:00,2024-11-30 23:00:00,SHORT,96933.9,49.93815373156269,41.93815373156269,60.855902836881036,-4.517511417575085,10,TIME_EXIT,MACD Divergence
2024-11-30 23:30:00,2024-11-30 23:45:00,2024-12-01 00:30:00,LONG,96482.49,-0.30730757466976755,-8.307307574669768,19.692692425330232,-23.060142830062247,3,TRAILING_STOP,MACD Divergence
2024-12-01 02:15:00,2024-12-01 02:30:00,2024-12-01 05:00:00,LONG,96119.76,29.0117245403027,21.0117245403027,41.17363588922916,-44.3072267346475,10,TIME_EXIT,MACD Divergence
2024-12-01 05:30:00,2024-12-01 05:45:00,2024-12-01 08:00:00,SHORT,96439.18,-13.96294949832745,-21.96294949832745,16.03705050167255,-29.530528982101277,9,TRAILING_STOP,MACD Divergence
2024-12-01 09:00:00,2024-12-01 09:15:00,2024-12-01 11:00:00,SHORT,96954.15,13.142041882683607,5.142041882683607,43.14204188268361,-8.442134761637933,7,TRAILING_STOP,MACD Divergence
2024-12-01 11:45:00,2024-12-01 12:00:00,2024-12-01 13:00:00,SHORT,97108.89,16.134808048984468,8.134808048984468,46.13480804898447,0.0,4,TRAILING_STOP,MACD Divergence
2024-12-01 14:45:00,2024-12-01 15:00:00,2024-12-01 16:30:00,SHORT,97289.77,3.8432293549475247,-4.156770645052475,33.843229354947525,-4.443427094132911,6,TRAILING_STOP,MACD Divergence
2024-12-01 17:45:00,2024-12-01 18:00:00,2024-12-01 20:30:00,SHORT,97299.97,36.33094645352922,28.330946453529222,51.383366305252345,-22.9640358573597,10,TIME_EXIT,MACD Divergence
2024-12-01 20:30:00,2024-12-01 20:45:00,2024-12-01 22:00:00,LONG,96946.46,71.75580005706176,63.75580005706176,91.75580005706176,0.0,5,TRAILING_STOP,MACD Divergence
2024-12-02 01:15:00,2024-12-02 01:30:00,2024-12-02 01:45:00,SHORT,98047.97,12.478186952774777,4.478186952774777,42.47818695277478,0.0,1,TRAILING_STOP,MACD Divergence
2024-12-02 06:00:00,2024-12-02 06:15:00,2024-12-02 07:15:00,LONG,96190.0,8.628755587899434,0.628755587899434,28.628755587899434,-45.745919534255,4,TRAILING_STOP,MACD Divergence
2024-12-02 08:45:00,2024-12-02 09:00:00,2024-12-02 09:30:00,LONG,95053.66,16.436261370682253,8.436261370682253,36.43626137068225,0.0,2,TRAILING_STOP,MACD Divergence
2024-12-02 12:45:00,2024-12-02 13:00:00,2024-12-02 13:30:00,LONG,94972.03,69.56110551706662,61.56110551706662,89.56110551706662,0.0,2,TRAILING_STOP,MACD Divergence
2024-12-02 15:45:00,2024-12-02 16:00:00,2024-12-02 16:30:00,SHORT,97048.01,77.98881914219517,69.98881914219517,107.98881914219517,-28.381828746411422,2,TRAILING_STOP,MACD Divergence
2024-12-03 02:30:00,2024-12-03 02:45:00,2024-12-03 05:15:00,SHORT,96144.0,5.214053919121802,-2.7859460808781984,30.749708770178007,-7.904809452487935,10,TIME_EXIT,MACD Divergence
2024-12-03 06:15:00,2024-12-03 06:30:00,2024-12-03 09:00:00,SHORT,96200.0,86.9022869022869,78.9022869022869,95.90956340956281,0.0,10,TIME_EXIT,MACD Divergence
2024-12-03 09:00:00,2024-12-03 09:15:00,2024-12-03 10:45:00,LONG,95364.01,-7.561345207693142,-15.561345207693142,12.438654792306858,-75.71829246693818,6,TRAILING_STOP,MACD Divergence
2024-12-03 11:45:00,2024-12-03 12:00:00,2024-12-03 14:30:00,LONG,94988.0,-29.999578894176782,-37.99957889417678,0.0,-148.42190592495913,10,TIME_EXIT,MACD Divergence
2024-12-03 14:30:00,2024-12-03 14:45:00,2024-12-03 15:15:00,LONG,94703.03,143.3495781497172,135.3495781497172,163.3495781497172,0.0,2,TRAILING_STOP,MACD Divergence
2024-12-03 21:00:00,2024-12-03 21:15:00,2024-12-03 22:00:00,SHORT,95867.98,-6.682516936312457,-14.682516936312457,23.317483063687543,-24.202032837241806,3,TRAILING_STOP,MACD Divergence
2024-12-04 01:15:00,2024-12-04 01:30:00,2024-12-04 01:45:00,LONG,95711.0,74.36323933508201,66.36323933508201,94.36323933508201,0.0,1,TRAILING_STOP,MACD Divergence
2024-12-04 06:00:00,2024-12-04 06:15:00,2024-12-04 08:45:00,SHORT,96334.0,-36.698361949052135,-44.698361949052135,0.0,-49.4238794195191,10,TIME_EXIT,MACD Divergence
2024-12-04 08:45:00,2024-12-04 09:00:00,2024-12-04 11:30:00,SHORT,96687.53,34.28777216669038,26.28777216669038,39.28427998936386,-27.14621006452447,10,TIME_EXIT,MACD Divergence
2024-12-04 13:00:00,2024-12-04 13:15:00,2024-12-04 14:30:00,LONG,95903.21,48.484673245034614,40.484673245034614,68.48467324503461,-57.43290553048254,5,TRAILING_STOP,MACD Divergence
2024-12-04 16:00:00,2024-12-04 16:15:00,2024-12-04 16:30:00,LONG,95203.51,-14.744941651836278,-22.744941651836278,5.255058348163722,-52.555835388841366,1,TRAILING_STOP,MACD Divergence
2024-12-04 23:15:00,2024-12-04 23:30:00,2024-12-05 00:00:00,SHORT,98932.31,28.738141260423475,20.738141260423475,58.738141260423475,0.0,2,TRAILING_STOP,MACD Divergence
2024-12-05 02:15:00,2024-12-05 02:30:00,2024-12-05 05:00:00,SHORT,99211.99,-392.69648759187163,-400.69648759187163,0.0,-491.47386318931757,10,TIME_EXIT,MACD Divergence
2024-12-05 14:15:00,2024-12-05 14:30:00,2024-12-05 15:15:00,LONG,102611.83,71.42902918698539,63.42902918698539,91.42902918698539,-98.05009812221462,3,TRAILING_STOP,MACD Divergence
2024-12-05 17:15:00,2024-12-05 17:30:00,2024-12-05 18:15:00,LONG,100803.99,51.14301725556639,43.14301725556639,71.14301725556639,0.0,3,TRAILING_STOP,MACD Divergence
2024-12-05 20:00:00,2024-12-05 20:15:00,2024-12-05 21:15:00,LONG,98583.95,70.86367507084105,62.863675070841055,90.86367507084105,-70.59465562091975,4,TRAILING_STOP,MACD Divergence
2024-12-06 07:30:00,2024-12-06 07:45:00,2024-12-06 10:15:00,SHORT,97957.5,4.1617538218104215,-3.8382461781895785,34.16175382181042,-76.33208279100589,10,TRAILING_STOP,MACD Divergence
2024-12-06 13:00:00,2024-12-06 13:15:00,2024-12-06 13:45:00,LONG,97937.02,79.70080772316764,71.70080772316764,99.70080772316764,-10.866166848858404,2,TRAILING_STOP,MACD Divergence
2024-12-06 15:45:00,2024-12-06 16:00:00,2024-12-06 17:00:00,SHORT,99310.0,25.120330278923994,17.120330278923994,55.120330278923994,-8.659752290806566,4,TRAILING_STOP,MACD Divergence
2024-12-06 19:30:00,2024-12-06 19:45:00,2024-12-06 20:00:00,SHORT,101668.26,8.959061559625056,0.9590615596250558,38.959061559625056,0.0,1,TRAILING_STOP,MACD Divergence
2024-12-06 23:00:00,2024-12-06 23:15:00,2024-12-07 01:00:00,LONG,100155.85,7.172651422757049,-0.827348577242951,27.17265142275705,-88.68877853864792,7,TRAILING_STOP,MACD Divergence
2024-12-07 04:00:00,2024-12-07 04:15:00,2024-12-07 05:30:00,LONG,99455.72,1.1742471926196387,-6.825752807380361,21.17424719261964,-42.92261923195563,5,TRAILING_STOP,MACD Divergence
2024-12-07 09:30:00,2024-12-07 09:45:00,2024-12-07 11:30:00,SHORT,99524.0,-19.7039909971463,-27.7039909971463,10.2960090028537,-22.708090510831557,7,TRAILING_STOP,MACD Divergence
2024-12-07 14:15:00,2024-12-07 14:30:00,2024-12-07 14:45:00,LONG,99287.9,29.496464322440332,21.496464322440332,49.49646432244033,0.0,1,TRAILING_STOP,MACD Divergence
2024-12-07 17:45:00,2024-12-07 18:00:00,2024-12-07 18:30:00,SHORT,99631.98,-29.19905235246796,-37.19905235246796,0.80094764753204,-35.93424520921938,2,TRAILING_STOP,MACD Divergence
2024-12-07 20:30:00,2024-12-07 20:45:00,2024-12-07 22:00:00,SHORT,100231.06,22.983576148950007,14.983576148950007,52.98357614895001,-20.764022649266142,5,TRAILING_STOP,MACD Divergence
2024-12-08 00:15:00,2024-12-08 00:30:00,2024-12-08 01:30:00,LONG,99860.8,6.75724608655219,-1.2427539134478103,26.75724608655219,-19.20573438226092,4,TRAILING_STOP,MACD Divergence
2024-12-08 03:00:00,2024-12-08 03:15:00,2024-12-08 05:45:00,SHORT,100060.0,52.542474515291346,44.542474515291346,68.95862482510493,-1.9118528882675052,10,TIME_EXIT,MACD Divergence
2024-12-08 06:00:00,2024-12-08 06:15:00,2024-12-08 08:00:00,LONG,99495.99,16.922091031005422,8.922091031005422,36.92209103100542,-8.894830836901065,7,TRAILING_STOP,MACD Divergence
2024-12-08 09:00:00,2024-12-08 09:15:00,2024-12-08 09:30:00,LONG,99169.83,-6.87403215272243,-14.87403215272243,13.12596784727757,-11.786850900117447,1,TRAILING_STOP,MACD Divergence
2024-12-08 12:30:00,2024-12-08 12:45:00,2024-12-08 15:15:00,SHORT,99710.76,5.462571943087319,-2.537428056912681,35.46257194308732,-79.15294196935268,10,TRAILING_STOP,MACD Divergence
2024-12-09 02:00:00,2024-12-09 02:15:00,2024-12-09 04:45:00,LONG,99674.87,-24.768529921332238,-32.76852992133224,0.0,-124.67435372627047,10,TIME_EXIT,MACD Divergence
2024-12-09 07:00:00,2024-12-09 07:15:00,2024-12-09 08:15:00,LONG,98572.29,97.43564038128882,89.43564038128882,117.43564038128882,0.0,4,TRAILING_STOP,MACD Divergence
2024-12-09 10:30:00,2024-12-09 10:45:00,2024-12-09 11:00:00,LONG,98527.18,-0.9859573774453843,-8.985957377445384,19.014042622554616,-23.86549579517037,1,TRAILING_STOP,MACD Divergence
2024-12-09 14:15:00,2024-12-09 14:30:00,2024-12-09 15:45:00,SHORT,99051.98,125.81717801097909,117.81717801097909,155.8171780109791,-138.29304573215066,5,TRAILING_STOP,MACD Divergence
2024-12-09 17:30:00,2024-12-09 17:45:00,2024-12-09 18:30:00,LONG,97622.86,45.26545114535668,37.26545114535668,65.26545114535668,-26.36472645853693,3,TRAILING_STOP,MACD Divergence
2024-12-09 20:15:00,2024-12-09 20:30:00,2024-12-09 20:45:00,LONG,96588.0,10.86201184412106,2.86201184412106,30.86201184412106,-49.38501677226985,1,TRAILING_STOP,MACD Divergence
2024-12-10 01:15:00,2024-12-10 01:30:00,2024-12-10 03:15:00,SHORT,97982.52,216.6878786134507,208.6878786134507,246.6878786134507,-1.1308139451814208,7,TRAILING_STOP,MACD Divergence
2024-12-10 08:15:00,2024-12-10 08:30:00,2024-12-10 09:00:00,SHORT,97302.12,-26.491340579218683,-34.49134057921869,3.508659420781317,-36.374335934305186,2,TRAILING_STOP,MACD Divergence
2024-12-10 11:00:00,2024-12-10 11:15:00,2024-12-10 12:45:00,SHORT,97688.01,54.347096434864554,46.347096434864554,84.34709643486455,-25.53946999227492,6,TRAILING_STOP,MACD Divergence
2024-12-10 13:45:00,2024-12-10 14:00:00,2024-12-10 14:15:00,SHORT,97738.35,-21.897755589284827,-29.897755589284827,8.102244410715173,-30.865059620916274,1,TRAILING_STOP,MACD Divergence
2024-12-10 16:45:00,2024-12-10 17:00:00,2024-12-10 19:30:00,LONG,96319.76,-34.44360741762591,-42.44360741762591,0.0,-214.2052679533256,10,TIME_EXIT,MACD Divergence
2024-12-10 21:30:00,2024-12-10 21:45:00,2024-12-10 23:15:00,SHORT,96675.69,-20.87050736332895,-28.87050736332895,9.12949263667105,-46.8504543386236,6,TRAILING_STOP,MACD Divergence
2024-12-11 01:30:00,2024-12-11 01:45:00,2024-12-11 02:00:00,LONG,96058.62,-4.959184298086889,-12.959184298086889,15.040815701913111,-39.62788555571473,1,TRAILING_STOP,MACD Divergence
2024-12-11 04:45:00,2024-12-11 05:00:00,2024-12-11 06:00:00,SHORT,97546.97,-4.877743511664416,-12.877743511664416,25.122256488335584,-17.60997804442299,4,TRAILING_STOP,MACD Divergence
2024-12-11 08:00:00,2024-12-11 08:15:00,2024-12-11 10:45:00,SHORT,97816.0,-24.013249366157105,-32.013249366157105,5.986750633842896,-67.12296556800595,10,TRAILING_STOP,MACD Divergence
2024-12-11 11:15:00,2024-12-11 11:30:00,2024-12-11 13:15:00,SHORT,98450.0,8.361604875571182,0.3616048755711816,38.36160487557118,-4.371762315895744,7,TRAILING_STOP,MACD Divergence
2024-12-11 14:00:00,2024-12-11 14:15:00,2024-12-11 14:30:00,SHORT,98576.97,-19.424507570074432,-27.424507570074432,10.57549242992557,-40.8848030123059,1,TRAILING_STOP,MACD Divergence
2024-12-11 19:30:00,2024-12-11 19:45:00,2024-12-11 21:30:00,SHORT,101022.16,-14.583580473828194,-22.583580473828192,15.416419526171806,-64.59572830357197,7,TRAILING_STOP,MACD Divergence
2024-12-12 01:15:00,2024-12-12 01:30:00,2024-12-12 03:00:00,LONG,100786.0,83.48659536046674,75.48659536046674,103.48659536046674,-45.08463477070222,6,TRAILING_STOP,MACD Divergence
2024-12-12 06:00:00,2024-12-12 06:15:00,2024-12-12 07:30:00,LONG,100529.27,9.731639352399498,1.7316393523994975,29.731639352399498,-5.834121743847213,5,TRAILING_STOP,MACD Divergence
2024-12-12 09:45:00,2024-12-12 10:00:00,2024-12-12 12:00:00,SHORT,100814.06,33.06064848494255,25.060648484942547,63.06064848494255,0.0,8,TRAILING_STOP,MACD Divergence
2024-12-12 14:30:00,2024-12-12 14:45:00,2024-12-12 15:15:00,SHORT,101268.0,26.081881739541913,18.081881739541913,56.08188173954191,-48.008255322510394,2,TRAILING_STOP,MACD Divergence
2024-12-13 01:15:00,2024-12-13 01:30:00,2024-12-13 01:45:00,LONG,99579.23,-14.56714015563227,-22.56714015563227,5.432859844367729,-37.02579343101941,1,TRAILING_STOP,MACD Divergence
2024-12-13 06:30:00,2024-12-13 06:45:00,2024-12-13 07:30:00,SHORT,99921.56,12.189093124646739,4.189093124646739,42.18909312464674,-16.394860128285327,3,TRAILING_STOP,MACD Divergence
2024-12-13 10:30:00,2024-12-13 10:45:00,2024-12-13 13:15:00,SHORT,100304.06,19.076994490551158,11.076994490551158,27.72370330772271,-48.34699612358686,10,TIME_EXIT,MACD Divergence
2024-12-13 13:30:00,2024-12-13 13:45:00,2024-12-13 15:15:00,LONG,100279.74,88.36685456105062,80.36685456105062,108.36685456105062,-5.865591594075431,6,TRAILING_STOP,MACD Divergence
2024-12-13 17:15:00,2024-12-13 17:30:00,2024-12-13 20:00:00,SHORT,101268.68,-10.958965792781193,-18.958965792781193,6.20132502961314,-61.87302925247982,10,TIME_EXIT,MACD Divergence
2024-12-13 20:30:00,2024-12-13 20:45:00,2024-12-13 23:15:00,SHORT,101819.66,66.57653345139875,58.576533451398745,71.57360376178916,0.0,10,TIME_EXIT,MACD Divergence
2024-12-13 23:15:00,2024-12-13 23:30:00,2024-12-14 00:30:00,LONG,101141.79,18.32540436549567,10.325404365495672,38.32540436549567,0.0,4,TRAILING_STOP,MACD Divergence
2024-12-14 06:00:00,2024-12-14 06:15:00,2024-12-14 06:30:00,LONG,101858.82,-6.533321316701073,-14.533321316701073,13.466678683298927,-9.701663537826866,1,TRAILING_STOP,MACD Divergence
2024-12-14 09:00:00,2024-12-14 09:15:00,2024-12-14 10:00:00,LONG,101592.77,-12.366582779463252,-20.36658277946325,7.633417220536748,-25.66816516569083,3,TRAILING_STOP,MACD Divergence
2024-12-14 12:15:00,2024-12-14 12:30:00,2024-12-14 15:00:00,LONG,101454.73,13.510459295491396,5.510459295491396,14.256604891659505,-61.934027127172016,10,TIME_EXIT,MACD Divergence
2024-12-14 16:45:00,2024-12-14 17:00:00,2024-12-14 19:15:00,SHORT,101650.77,50.58374766861081,42.58374766861081,80.58374766861081,0.0,9,TRAILING_STOP,MACD Divergence
2024-12-14 20:30:00,2024-12-14 20:45:00,2024-12-14 22:00:00,LONG,100888.0,9.639798588533708,1.6397985885337079,29.639798588533708,-12.687336452303544,5,TRAILING_STOP,MACD Divergence
2024-12-15 00:30:00,2024-12-15 00:45:00,2024-12-15 03:15:00,SHORT,101345.54,-45.25606158889762,-53.25606158889762,0.0,-84.01257716915886,10,TIME_EXIT,MACD Divergence
2024-12-15 04:00:00,2024-12-15 04:15:00,2024-12-15 06:45:00,SHORT,102175.7,40.70439448910007,32.70439448910007,40.70439448910007,-49.29743569165634,10,TIME_EXIT,MACD Divergence
2024-12-15 07:15:00,2024-12-15 07:30:00,2024-12-15 10:00:00,LONG,101858.72,46.50264601793526,38.50264601793526,58.07062959361752,-31.246220254878924,10,TIME_EXIT,MACD Divergence
2024-12-15 10:00:00,2024-12-15 10:15:00,2024-12-15 11:15:00,SHORT,102332.4,-11.93924895732022,-19.93924895732022,18.06075104267978,-23.05525913591468,4,TRAILING_STOP,MACD Divergence
2024-12-15 12:45:00,2024-12-15 13:00:00,2024-12-15 13:45:00,SHORT,102946.55,15.998627443076828,7.998627443076828,45.99862744307683,-1.4638664433137811,3,TRAILING_STOP,MACD Divergence
2024-12-15 16:30:00,2024-12-15 16:45:00,2024-12-15 17:30:00,SHORT,103132.27,-15.131714835714268,-23.13171483571427,14.868285164285732,-22.875478257193237,3,TRAILING_STOP,MACD Divergence
2024-12-15 19:15:00,2024-12-15 19:30:00,2024-12-15 21:30:00,SHORT,103376.3,41.781443135419124,33.781443135419124,71.78144313541912,-2.6950084303656237,8,TRAILING_STOP,MACD Divergence
2024-12-15 22:00:00,2024-12-15 22:15:00,2024-12-15 23:00:00,LONG,102963.87,69.75284242909719,61.752842429097186,89.75284242909719,0.0,3,TRAILING_STOP,MACD Divergence
2024-12-16 07:15:00,2024-12-16 07:30:00,2024-12-16 09:30:00,SHORT,105232.01,39.51782067072446,31.51782067072446,69.51782067072446,0.0,8,TRAILING_STOP,MACD Divergence
2024-12-16 10:00:00,2024-12-16 10:15:00,2024-12-16 11:15:00,LONG,104452.65,16.735305423079872,8.735305423079872,36.73530542307987,-3.178473691188983,4,TRAILING_STOP,MACD Divergence
2024-12-16 12:45:00,2024-12-16 13:00:00,2024-12-16 13:45:00,LONG,103656.02,26.59353118130535,18.59353118130535,46.59353118130535,0.0,3,TRAILING_STOP,MACD Divergence
2024-12-16 15:45:00,2024-12-16 16:00:00,2024-12-16 18:30:00,SHORT,106332.0,-110.92897716585777,-118.92897716585777,0.0,-137.40642515893683,10,TIME_EXIT,MACD Divergence
2024-12-16 18:30:00,2024-12-16 18:45:00,2024-12-16 19:30:00,SHORT,107511.53,129.43592282613739,121.43592282613739,159.43592282613739,0.0,3,TRAILING_STOP,MACD Divergence
2024-12-16 21:30:00,2024-12-16 21:45:00,2024-12-16 22:15:00,LONG,105974.66,10.849827685221449,2.849827685221449,30.84982768522145,0.0,2,TRAILING_STOP,MACD Divergence
2024-12-17 02:30:00,2024-12-17 02:45:00,2024-12-17 03:15:00,SHORT,106425.23,-12.642273829241812,-20.642273829241812,17.357726170758188,-31.541392957291006,2,TRAILING_STOP,MACD Divergence
2024-12-17 07:00:00,2024-12-17 07:15:00,2024-12-17 08:00:00,SHORT,106919.04,-10.12234303637604,-18.12234303637604,19.87765696362396,-20.472499566026727,3,TRAILING_STOP,MACD Divergence
2024-12-17 12:15:00,2024-12-17 12:30:00,2024-12-17 13:45:00,LONG,106859.03,51.22093472119275,43.22093472119275,71.22093472119275,0.0,5,TRAILING_STOP,MACD Divergence
2024-12-17 15:00:00,2024-12-17 15:15:00,2024-12-17 15:30:00,SHORT,106954.28,84.84252897593193,76.84252897593193,114.84252897593193,0.0,1,TRAILING_STOP,MACD Divergence
2024-12-17 21:30:00,2024-12-17 21:45:00,2024-12-17 22:00:00,LONG,106311.01,-9.806323916966841,-17.80632391696684,10.193676083033159,-12.32327677067453,1,TRAILING_STOP,MACD Divergence
2024-12-18 01:45:00,2024-12-18 02:00:00,2024-12-18 02:45:00,LONG,105335.23,10.061167569483516,2.0611675694835156,30.061167569483516,-5.243260018513837,3,TRAILING_STOP,MACD Divergence
2024-12-18 04:30:00,2024-12-18 04:45:00,2024-12-18 05:30:00,LONG,104052.84,-13.047763040394042,-21.04776304039404,6.9522369596059574,-47.51335955847043,3,TRAILING_STOP,MACD Divergence
2024-12-18 09:15:00,2024-12-18 09:30:00,2024-12-18 10:30:00,SHORT,104287.99,-0.8509100616470562,-8.850910061647056,29.149089938352944,-20.32928240346705,4,TRAILING_STOP,MACD Divergence
2024-12-18 12:15:00,2024-12-18 12:30:00,2024-12-18 13:00:00,SHORT,104930.1,-6.8741285865539545,-14.874128586553955,23.125871413446045,-15.312098244450185,2,TRAILING_STOP,MACD Divergence
2024-12-18 16:15:00,2024-12-18 16:30:00,2024-12-18 18:15:00,LONG,103773.12,98.22522055807907,90.22522055807907,118.22522055807907,0.0,7,TRAILING_STOP,MACD Divergence
2024-12-18 19:00:00,2024-12-18 19:15:00,2024-12-18 19:30:00,LONG,103880.59,-1.7665648606728652,-9.766564860672865,18.233435139327135,-28.788823783153106,1,TRAILING_STOP,MACD Divergence
2024-12-18 23:15:00,2024-12-18 23:30:00,2024-12-19 00:30:00,LONG,100917.58,-13.211291828441114,-21.211291828441112,6.788708171558886,-90.92370229250461,4,TRAILING_STOP,MACD Divergence
2024-12-19 02:00:00,2024-12-19 02:15:00,2024-12-19 02:30:00,LONG,99144.0,30.284434761558295,22.284434761558295,50.284434761558295,-22.18893730331692,1,TRAILING_STOP,MACD Divergence
2024-12-19 05:00:00,2024-12-19 05:15:00,2024-12-19 07:15:00,SHORT,101185.38,-13.205083580256126,-21.205083580256126,16.794916419743874,-39.49285954156624,8,TRAILING_STOP,MACD Divergence
2024-12-19 07:45:00,2024-12-19 08:00:00,2024-12-19 08:15:00,SHORT,101656.57,-3.187173244188056,-11.187173244188056,26.812826755811944,-9.189765108147782,1,TRAILING_STOP,MACD Divergence
2024-12-19 10:30:00,2024-12-19 10:45:00,2024-12-19 13:15:00,SHORT,102483.39,29.603821653440562,21.603821653440562,58.67292250968698,-7.3982720516960825,10,TIME_EXIT,MACD Divergence
2024-12-19 14:30:00,2024-12-19 14:45:00,2024-12-19 17:15:00,LONG,101720.34,-215.284376752967,-223.284376752967,0.0,-218.2788614351856,10,TIME_EXIT,MACD Divergence
2024-12-19 17:15:00,2024-12-19 17:30:00,2024-12-19 20:00:00,LONG,99530.45,-356.74007301283115,-364.74007301283115,0.0,-384.85207290834086,10,TIME_EXIT,MACD Divergence
2024-12-19 20:00:00,2024-12-19 20:15:00,2024-12-19 20:45:00,LONG,95979.32,118.85074409779034,110.85074409779034,138.85074409779034,-18.683191337468006,2,TRAILING_STOP,MACD Divergence
2024-12-20 02:00:00,2024-12-20 02:15:00,2024-12-20 03:00:00,LONG,96764.01,80.02685915972361,72.02685915972361,100.02685915972361,0.0,3,TRAILING_STOP,MACD Divergence
2024-12-20 04:45:00,2024-12-20 05:00:00,2024-12-20 06:45:00,SHORT,97304.07,65.58079122486943,57.58079122486943,95.58079122486943,-10.686089492453494,7,TRAILING_STOP,MACD Divergence
2024-12-20 10:15:00,2024-12-20 10:30:00,2024-12-20 10:45:00,LONG,94722.01,15.26002034796403,7.26002034796403,35.26002034796403,-44.552475185017165,1,TRAILING_STOP,MACD Divergence
2024-12-20 15:45:00,2024-12-20 16:00:00,2024-12-20 16:45:00,SHORT,96991.63,41.30821494597056,33.30821494597056,71.30821494597056,-73.03413706935282,3,TRAILING_STOP,MACD Divergence
2024-12-20 19:15:00,2024-12-20 19:30:00,2024-12-20 20:00:00,SHORT,97584.34,43.819221403762185,35.819221403762185,73.81922140376219,0.0,2,TRAILING_STOP,MACD Divergence
2024-12-20 23:30:00,2024-12-20 23:45:00,2024-12-21 00:45:00,SHORT,97528.01,1.9590238742683006,-6.040976125731699,31.9590238742683,-29.281844261971692,4,TRAILING_STOP,MACD Divergence
2024-12-21 03:45:00,2024-12-21 04:00:00,2024-12-21 06:15:00,LONG,97487.47,118.48138637714203,110.48138637714203,138.48138637714203,-8.973460897076919,9,TRAILING_STOP,MACD Divergence
2024-12-21 06:45:00,2024-12-21 07:00:00,2024-12-21 07:30:00,SHORT,98726.76,-22.83274362493059,-30.83274362493059,7.16725637506941,-82.43459017595694,2,TRAILING_STOP,MACD Divergence
2024-12-21 11:30:00,2024-12-21 11:45:00,2024-12-21 14:15:00,LONG,98331.06,-85.13078166756173,-93.13078166756173,0.0,-196.54725577045528,10,TIME_EXIT,MACD Divergence
2024-12-21 18:00:00,2024-12-21 18:15:00,2024-12-21 19:45:00,SHORT,97412.6,30.89971933815597,22.89971933815597,60.89971933815597,-17.595259750791392,6,TRAILING_STOP,MACD Divergence
2024-12-21 21:30:00,2024-12-21 21:45:00,2024-12-21 22:00:00,LONG,96964.27,-16.315137524368932,-24.315137524368932,3.6848624756310673,-35.092307712934264,1,TRAILING_STOP,MACD Divergence
2024-12-22 02:45:00,2024-12-22 03:00:00,2024-12-22 03:30:00,LONG,96719.99,42.03577978037371,34.03577978037371,62.03577978037371,-11.546734030887261,2,TRAILING_STOP,MACD Divergence
2024-12-22 09:15:00,2024-12-22 09:30:00,2024-12-22 12:00:00,SHORT,96712.47,-23.111807608677978,-31.111807608677978,0.0,-66.08248140079618,10,TIME_EXIT,MACD Divergence
2024-12-22 12:30:00,2024-12-22 12:45:00,2024-12-22 13:15:00,SHORT,97158.96,1.7994346584202177,-6.200565341579782,31.799434658420218,-9.37021145553571,2,TRAILING_STOP,MACD Divergence
2024-12-22 15:45:00,2024-12-22 16:00:00,2024-12-22 16:30:00,LONG,95377.71,33.51145461554802,25.51145461554802,53.51145461554802,-2.4355795499819064,2,TRAILING_STOP,MACD Divergence
2024-12-22 19:45:00,2024-12-22 20:00:00,2024-12-22 21:00:00,LONG,94836.55,72.58033954208582,64.58033954208582,92.58033954208582,-38.86159924628246,4,TRAILING_STOP,MACD Divergence
2024-12-23 00:45:00,2024-12-23 01:00:00,2024-12-23 01:30:00,LONG,94390.83,58.31057317749966,50.31057317749966,78.31057317749966,-65.62713772090005,2,TRAILING_STOP,MACD Divergence
2024-12-23 04:15:00,2024-12-23 04:30:00,2024-12-23 05:15:00,SHORT,96090.9,46.87408485090553,38.87408485090553,76.87408485090553,0.0,3,TRAILING_STOP,MACD Divergence
2024-12-23 09:30:00,2024-12-23 09:45:00,2024-12-23 10:45:00,SHORT,95976.01,-28.56735032014771,-36.56735032014771,1.4326496798522883,-48.88304900360033,4,TRAILING_STOP,MACD Divergence
2024-12-23 15:45:00,2024-12-23 16:00:00,2024-12-23 16:45:00,LONG,93250.38,88.26980008017075,80.26980008017075,108.26980008017075,-34.48350559000378,3,TRAILING_STOP,MACD Divergence
2024-12-23 18:45:00,2024-12-23 19:00:00,2024-12-23 19:15:00,LONG,92758.54,82.57707807820232,74.57707807820232,102.57707807820232,0.0,1,TRAILING_STOP,MACD Divergence
2024-12-23 23:00:00,2024-12-23 23:15:00,2024-12-24 00:30:00,SHORT,95164.01,78.53893189242386,70.53893189242386,108.53893189242386,0.0,5,TRAILING_STOP,MACD Divergence
2024-12-24 06:00:00,2024-12-24 06:15:00,2024-12-24 07:15:00,SHORT,94430.92,35.70623266192908,27.70623266192908,65.70623266192908,-2.399637745772623,4,TRAILING_STOP,MACD Divergence
2024-12-24 10:00:00,2024-12-24 10:15:00,2024-12-24 12:00:00,LONG,94027.99,22.29697986737692,14.296979867376919,42.29697986737692,-17.439487965233592,7,TRAILING_STOP,MACD Divergence
2024-12-24 15:00:00,2024-12-24 15:15:00,2024-12-24 15:30:00,SHORT,97568.86,-10.312366056137531,-18.31236605613753,19.68763394386247,-64.37914719921903,1,TRAILING_STOP,MACD Divergence
2024-12-24 17:45:00,2024-12-24 18:00:00,2024-12-24 20:00:00,SHORT,98797.47,126.63052910160565,118.63052910160565,156.63052910160565,-69.89247801588483,8,TRAILING_STOP,MACD Divergence
2024-12-24 21:00:00,2024-12-24 21:15:00,2024-12-24 22:15:00,LONG,97981.5,90.98013400488809,82.98013400488809,110.98013400488809,0.0,4,TRAILING_STOP,MACD Divergence
2024-12-25 02:00:00,2024-12-25 02:15:00,2024-12-25 02:30:00,LONG,97876.58,20.147500045465122,12.147500045465122,40.14750004546512,0.0,1,TRAILING_STOP,MACD Divergence
2024-12-25 06:15:00,2024-12-25 06:30:00,2024-12-25 07:00:00,SHORT,97984.66,-15.663061952757658,-23.66306195275766,14.336938047242342,-22.758664468499457,2,TRAILING_STOP,MACD Divergence
2024-12-25 11:45:00,2024-12-25 12:00:00,2024-12-25 12:45:00,LONG,97907.61,51.75131738993527,43.75131738993527,71.75131738993527,0.0,3,TRAILING_STOP,MACD Divergence
2024-12-25 18:00:00,2024-12-25 18:15:00,2024-12-25 19:00:00,SHORT,98749.46,-16.484989386270428,-24.484989386270428,13.515010613729572,-25.371277979646024,3,TRAILING_STOP,MACD Divergence
2024-12-25 21:00:00,2024-12-25 21:15:00,2024-12-25 22:15:00,SHORT,98941.65,26.29984945672461,18.29984945672461,56.29984945672461,0.0,4,TRAILING_STOP,MACD Divergence
2024-12-25 23:45:00,2024-12-26 00:00:00,2024-12-26 01:45:00,SHORT,99429.61,54.442652445282704,46.442652445282704,84.4426524452827,-47.43053905169756,7,TRAILING_STOP,MACD Divergence
2024-12-26 02:45:00,2024-12-26 03:00:00,2024-12-26 04:00:00,LONG,98750.34,22.20542430537442,14.205424305374422,42.20542430537442,-17.576648343691012,4,TRAILING_STOP,MACD Divergence
2024-12-26 06:15:00,2024-12-26 06:30:00,2024-12-26 07:15:00,LONG,98198.8,-10.509048990415659,-18.509048990415657,9.490951009584341,-24.661197489174842,3,TRAILING_STOP,MACD Divergence
2024-12-26 09:00:00,2024-12-26 09:15:00,2024-12-26 11:30:00,LONG,95909.61,-6.874099477622794,-14.874099477622794,13.125900522377206,-74.07703982948122,9,TRAILING_STOP,MACD Divergence
2024-12-26 13:30:00,2024-12-26 13:45:00,2024-12-26 14:15:00,LONG,95590.45,52.162020369189904,44.162020369189904,72.1620203691899,-0.6747535972471194,2,TRAILING_STOP,MACD Divergence
2024-12-26 16:15:00,2024-12-26 16:30:00,2024-12-26 17:30:00,SHORT,95921.16,-4.858519225580309,-12.85851922558031,25.14148077441969,-73.05895800259229,4,TRAILING_STOP,MACD Divergence
2024-12-26 20:15:00,2024-12-26 20:30:00,2024-12-26 20:45:00,LONG,95542.17,14.678927640015061,6.678927640015061,34.67892764001506,-14.880340272781982,1,TRAILING_STOP,MACD Divergence
2024-12-26 23:00:00,2024-12-26 23:15:00,2024-12-27 00:15:00,LONG,95486.98,26.436697442939703,18.436697442939703,46.4366974429397,-9.001227183014596,4,TRAILING_STOP,MACD Divergence
2024-12-27 01:45:00,2024-12-27 02:00:00,2024-12-27 02:45:00,SHORT,95917.02,-9.32900751086678,-17.32900751086678,20.67099248913322,-54.907877663420834,3,TRAILING_STOP,MACD Divergence
2024-12-27 04:30:00,2024-12-27 04:45:00,2024-12-27 06:15:00,SHORT,96441.03,15.626845752269425,7.626845752269425,45.626845752269425,0.0,6,TRAILING_STOP,MACD Divergence
2024-12-27 14:15:00,2024-12-27 14:30:00,2024-12-27 17:00:00,LONG,96348.0,-230.3939884585049,-238.3939884585049,0.0,-243.69992111927596,10,TIME_EXIT,MACD Divergence
2024-12-27 17:00:00,2024-12-27 17:15:00,2024-12-27 18:45:00,LONG,94128.2,48.199540626506945,40.199540626506945,68.19954062650694,-39.90833777762607,6,TRAILING_STOP,MACD Divergence
2024-12-27 21:30:00,2024-12-27 21:45:00,2024-12-27 22:15:00,SHORT,94646.36,17.160820553479354,9.160820553479354,47.160820553479354,0.0,2,TRAILING_STOP,MACD Divergence
2024-12-28 02:30:00,2024-12-28 02:45:00,2024-12-28 03:30:00,SHORT,94500.27,-12.60428250628285,-20.60428250628285,17.39571749371715,-23.251785418178795,3,TRAILING_STOP,MACD Divergence
2024-12-28 05:15:00,2024-12-28 05:30:00,2024-12-28 08:00:00,SHORT,94685.59,26.501392661754867,18.501392661754867,39.98390885033261,-12.083148027065523,10,TIME_EXIT,MACD Divergence
2024-12-28 08:00:00,2024-12-28 08:15:00,2024-12-28 10:45:00,LONG,94434.67,19.624148631006705,11.624148631006705,29.79731914137037,-5.6525850092984555,10,TIME_EXIT,MACD Divergence
2024-12-28 10:45:00,2024-12-28 11:00:00,2024-12-28 13:30:00,SHORT,94620.0,5.783132530120605,-2.2168674698793946,9.52547030226217,-27.795392094694567,10,TIME_EXIT,MACD Divergence
2024-12-28 13:30:00,2024-12-28 13:45:00,2024-12-28 14:15:00,LONG,94565.28,61.96242849384062,53.96242849384062,81.96242849384062,0.0,2,TRAILING_STOP,MACD Divergence
2024-12-28 16:15:00,2024-12-28 16:30:00,2024-12-28 17:30:00,LONG,94586.55,49.63886514520324,41.63886514520324,69.63886514520324,0.0,4,TRAILING_STOP,MACD Divergence
2024-12-28 20:45:00,2024-12-28 21:00:00,2024-12-28 22:45:00,SHORT,95083.05,-19.723720473837723,-27.723720473837723,10.276279526162275,-68.46015141500007,7,TRAILING_STOP,MACD Divergence
2024-12-29 02:00:00,2024-12-29 02:15:00,2024-12-29 04:30:00,LONG,95005.0,9.365822851429424,1.3658228514294244,29.365822851429424,-2.8072206725959954,9,TRAILING_STOP,MACD Divergence
2024-12-29 05:15:00,2024-12-29 05:30:00,2024-12-29 07:45:00,SHORT,95168.1,-9.335512635010737,-17.335512635010737,20.664487364989263,-10.922777695466976,9,TRAILING_STOP,MACD Divergence
2024-12-29 08:00:00,2024-12-29 08:15:00,2024-12-29 10:45:00,SHORT,95166.82,-0.10612942620072428,-8.106129426200724,12.453920389480711,-11.771960017157117,10,TIME_EXIT,MACD Divergence
2024-12-29 10:45:00,2024-12-29 11:00:00,2024-12-29 13:30:00,SHORT,95167.83,29.02766617669017,21.02766617669017,38.65066588152759,-1.658123338527193,10,TIME_EXIT,MACD Divergence
2024-12-29 13:30:00,2024-12-29 13:45:00,2024-12-29 14:00:00,LONG,94891.58,15.830365560358459,7.830365560358459,35.83036556035846,0.0,1,TRAILING_STOP,MACD Divergence
2024-12-29 18:30:00,2024-12-29 18:45:00,2024-12-29 19:30:00,LONG,93754.02,-6.562709524349364,-14.562709524349364,13.437290475650636,-41.224898942999985,3,TRAILING_STOP,MACD Divergence
2024-12-29 21:45:00,2024-12-29 22:00:00,2024-12-29 22:45:00,LONG,93352.65,24.750738195435197,16.750738195435197,44.7507381954352,-28.3527034315569,3,TRAILING_STOP,MACD Divergence
2024-12-30 01:15:00,2024-12-30 01:30:00,2024-12-30 01:45:00,SHORT,93861.89,15.055559823054296,7.0555598230542955,45.055559823054296,-10.330071128975392,1,TRAILING_STOP,MACD Divergence
2024-12-30 05:30:00,2024-12-30 05:45:00,2024-12-30 06:30:00,LONG,93420.39,48.50324645401356,40.50324645401356,68.50324645401356,0.0,3,TRAILING_STOP,MACD Divergence
2024-12-30 08:30:00,2024-12-30 08:45:00,2024-12-30 09:30:00,SHORT,93851.03,-12.48820497761124,-20.48820497761124,17.51179502238876,-18.41322359488198,3,TRAILING_STOP,MACD Divergence
2024-12-30 12:00:00,2024-12-30 12:15:00,2024-12-30 14:00:00,SHORT,93971.89,117.47814479415118,109.47814479415118,147.47814479415118,-22.004452608114917,7,TRAILING_STOP,MACD Divergence
2024-12-30 18:45:00,2024-12-30 19:00:00,2024-12-30 19:30:00,SHORT,94583.98,38.160591254460044,30.160591254460044,68.16059125446004,0.0,2,TRAILING_STOP,MACD Divergence
2024-12-31 05:45:00,2024-12-31 06:00:00,2024-12-31 08:30:00,SHORT,92596.08,-179.5227184563318,-187.5227184563318,0.0,-231.71607264583892,10,TIME_EXIT,MACD Divergence
2024-12-31 12:15:00,2024-12-31 12:30:00,2024-12-31 13:00:00,SHORT,94802.95,1.5116776429415637,-6.488322357058436,31.511677642941564,-32.493714594324636,2,TRAILING_STOP,MACD Divergence
2024-12-31 22:45:00,2024-12-31 23:00:00,2024-12-31 23:30:00,LONG,93488.83,8.307125033011904,0.3071250330119035,28.307125033011904,-3.5116494665728246,2,TRAILING_STOP,MACD Divergence
2025-01-01 05:00:00,2025-01-01 05:15:00,2025-01-01 06:00:00,LONG,93638.5,11.89820426427189,3.8982042642718895,31.89820426427189,-3.7687489654355417,3,TRAILING_STOP,MACD Divergence
2025-01-01 08:15:00,2025-01-01 08:30:00,2025-01-01 09:00:00,LONG,93416.41,-5.931807912550028,-13.931807912550028,14.068192087449972,-21.246802355176193,2,TRAILING_STOP,MACD Divergence
2025-01-01 13:00:00,2025-01-01 13:15:00,2025-01-01 15:45:00,SHORT,93658.13,-82.72746850700496,-90.72746850700496,0.0,-89.88755167330324,10,TIME_EXIT,MACD Divergence
2025-01-01 15:45:00,2025-01-01 16:00:00,2025-01-01 17:45:00,SHORT,94432.94,41.16266845022609,33.16266845022609,71.16266845022609,0.0,7,TRAILING_STOP,MACD Divergence
2025-01-01 19:30:00,2025-01-01 19:45:00,2025-01-01 22:15:00,SHORT,94447.77,-30.464456704482902,-38.4644567044829,0.0,-74.47290708928226,10,TIME_EXIT,MACD Divergence
2025-01-02 00:15:00,2025-01-02 00:30:00,2025-01-02 01:30:00,SHORT,94928.71,-5.874527316340437,-13.874527316340437,24.125472683659563,-61.866425868422056,4,TRAILING_STOP,MACD Divergence
2025-01-02 08:00:00,2025-01-02 08:15:00,2025-01-02 08:30:00,SHORT,95963.58,3.713831851625251,-4.286168148374749,33.71383185162525,0.0,1,TRAILING_STOP,MACD Divergence
2025-01-02 10:45:00,2025-01-02 11:00:00,2025-01-02 12:00:00,SHORT,96708.0,-5.3339951193289465,-13.333995119328947,24.666004880671053,-16.122761302063765,4,TRAILING_STOP,MACD Divergence
2025-01-02 14:30:00,2025-01-02 14:45:00,2025-01-02 15:15:00,SHORT,96812.99,21.64492905342611,13.644929053426111,51.64492905342611,-52.69644083918885,2,TRAILING_STOP,MACD Divergence
2025-01-02 17:15:00,2025-01-02 17:30:00,2025-01-02 17:45:00,SHORT,97084.41,48.17630039673736,40.17630039673736,78.17630039673736,0.0,1,TRAILING_STOP,MACD Divergence
2025-01-02 20:00:00,2025-01-02 20:15:00,2025-01-02 22:45:00,SHORT,97769.22,87.77609149382675,79.77609149382675,112.77168826753427,0.0,10,TIME_EXIT,MACD Divergence
2025-01-03 01:00:00,2025-01-03 01:15:00,2025-01-03 02:30:00,LONG,96730.0,43.31438023364027,35.31438023364027,63.31438023364027,-4.890933526310108,5,TRAILING_STOP,MACD Divergence
2025-01-03 05:00:00,2025-01-03 05:15:00,2025-01-03 06:15:00,LONG,96769.15,-4.560161993775546,-12.560161993775546,15.439838006224454,-15.415036713663213,4,TRAILING_STOP,MACD Divergence
2025-01-03 08:00:00,2025-01-03 08:15:00,2025-01-03 10:00:00,LONG,96463.92,4.730489907521658,-3.269510092478342,24.730489907521658,-37.724985673400326,7,TRAILING_STOP,MACD Divergence
2025-01-03 12:30:00,2025-01-03 12:45:00,2025-01-03 14:00:00,SHORT,96713.39,-5.085145914127672,-13.085145914127672,24.914854085872328,-20.755140523974593,5,TRAILING_STOP,MACD Divergence
2025-01-03 18:15:00,2025-01-03 18:30:00,2025-01-03 19:00:00,SHORT,98481.73,-18.65474844928131,-26.65474844928131,11.34525155071869,-42.47183716208114,2,TRAILING_STOP,MACD Divergence
2025-01-03 23:00:00,2025-01-03 23:15:00,2025-01-04 00:30:00,LONG,98277.76,-18.958055210049025,-26.958055210049025,1.0419447899509755,-39.74042550420336,5,TRAILING_STOP,MACD Divergence
2025-01-04 02:00:00,2025-01-04 02:15:00,2025-01-04 03:15:00,LONG,97922.75,19.9702826973297,11.9702826973297,39.9702826973297,-4.913056465428165,4,TRAILING_STOP,MACD Divergence
2025-01-04 07:00:00,2025-01-04 07:15:00,2025-01-04 09:45:00,SHORT,98228.84,54.817912946951346,46.817912946951346,70.88142341902794,-9.61428435885045,10,TIME_EXIT,MACD Divergence
2025-01-04 10:15:00,2025-01-04 10:30:00,2025-01-04 13:00:00,LONG,97736.17,16.3532088478607,8.3532088478607,28.730407586055698,-2.5200496397602503,10,TIME_EXIT,MACD Divergence
2025-01-04 14:00:00,2025-01-04 14:15:00,2025-01-04 16:45:00,SHORT,97867.13,16.607210204283994,8.607210204283994,36.00187315189595,-29.109875808149212,10,TIME_EXIT,MACD Divergence
2025-01-04 18:45:00,2025-01-04 19:00:00,2025-01-04 21:30:00,SHORT,97961.56,-43.17611928597365,-51.17611928597365,0.0,-83.38678967545998,10,TIME_EXIT,MACD Divergence
2025-01-05 00:00:00,2025-01-05 00:15:00,2025-01-05 01:45:00,LONG,98286.77,-14.187417085738996,-22.187417085738996,5.812582914261005,-24.089712175911778,6,TRAILING_STOP,MACD Divergence
2025-01-05 03:15:00,2025-01-05 03:30:00,2025-01-05 05:00:00,LONG,98152.01,17.773042039587374,9.773042039587374,37.773042039587374,-8.4572898710882,6,TRAILING_STOP,MACD Divergence
2025-01-05 06:45:00,2025-01-05 07:00:00,2025-01-05 09:30:00,SHORT,98451.48,56.01642555297195,48.01642555297195,68.43066249486466,0.0,10,TIME_EXIT,MACD Divergence
2025-01-05 09:30:00,2025-01-05 09:45:00,2025-01-05 12:15:00,LONG,97900.0,-17.661899897855015,-25.661899897855015,2.3381001021449865,-33.80592441266664,10,TRAILING_STOP,MACD Divergence
2025-01-05 14:00:00,2025-01-05 14:15:00,2025-01-05 15:00:00,LONG,97645.0,18.86322904398545,10.863229043985449,38.86322904398545,-27.857033130216067,3,TRAILING_STOP,MACD Divergence
2025-01-05 20:15:00,2025-01-05 20:30:00,2025-01-05 21:45:00,SHORT,98482.49,2.6057962181907257,-5.394203781809274,32.605796218190726,-4.058589501545012,5,TRAILING_STOP,MACD Divergence
2025-01-05 23:00:00,2025-01-05 23:15:00,2025-01-06 01:30:00,SHORT,98555.84,34.5157100786718,26.515710078671802,64.5157100786718,-22.082912590466425,9,TRAILING_STOP,MACD Divergence
2025-01-06 01:45:00,2025-01-06 02:00:00,2025-01-06 03:00:00,SHORT,98759.42,-18.91751288130316,-26.91751288130316,11.08248711869684,-36.33273666451332,4,TRAILING_STOP,MACD Divergence
2025-01-06 04:45:00,2025-01-06 05:00:00,2025-01-06 05:30:00,SHORT,99466.09,-24.701711910059288,-32.70171191005929,5.298288089940711,-36.22038425356864,2,TRAILING_STOP,MACD Divergence
2025-01-06 09:00:00,2025-01-06 09:15:00,2025-01-06 11:45:00,LONG,99179.98,8.067152261979617,0.06715226197961677,23.215370682672045,-47.45917472457618,10,TIME_EXIT,MACD Divergence
2025-01-06 14:15:00,2025-01-06 14:30:00,2025-01-06 14:45:00,LONG,99055.0,206.16021402251232,198.16021402251232,226.16021402251232,0.0,1,TRAILING_STOP,MACD Divergence
2025-01-07 01:15:00,2025-01-07 01:30:00,2025-01-07 02:30:00,LONG,101685.27,13.567300357269225,5.567300357269225,33.567300357269225,0.0,4,TRAILING_STOP,MACD Divergence
2025-01-07 05:00:00,2025-01-07 05:15:00,2025-01-07 07:15:00,LONG,101704.53,10.527647096938153,2.5276470969381535,30.527647096938153,-7.4205150940672135,8,TRAILING_STOP,MACD Divergence
2025-01-07 09:30:00,2025-01-07 09:45:00,2025-01-07 10:00:00,LONG,101661.16,-13.89835803565503,-21.89835803565503,6.101641964344971,-23.844898090873986,1,TRAILING_STOP,MACD Divergence
2025-01-07 14:15:00,2025-01-07 14:30:00,2025-01-07 14:45:00,LONG,100759.68,-14.115701836289261,-22.11570183628926,5.884298163710738,-101.99317822366974,1,TRAILING_STOP,MACD Divergence
2025-01-07 17:15:00,2025-01-07 17:30:00,2025-01-07 18:15:00,LONG,97320.8,2.687852956408385,-5.312147043591615,22.687852956408385,-76.42764958775543,3,TRAILING_STOP,MACD Divergence
2025-01-07 20:00:00,2025-01-07 20:15:00,2025-01-07 20:30:00,LONG,96460.43,-4.429884876109059,-12.429884876109059,15.570115123890941,-27.876715871989603,1,TRAILING_STOP,MACD Divergence
2025-01-07 23:15:00,2025-01-07 23:30:00,2025-01-08 00:00:00,SHORT,97066.9,6.99819402906553,-1.0018059709344698,36.99819402906553,0.0,2,TRAILING_STOP,MACD Divergence
2025-01-08 02:15:00,2025-01-08 02:30:00,2025-01-08 03:45:00,SHORT,96979.59,48.65160081621244,40.65160081621244,78.65160081621244,-5.9610480926963785,5,TRAILING_STOP,MACD Divergence
2025-01-08 05:00:00,2025-01-08 05:15:00,2025-01-08 06:15:00,LONG,96327.06,14.003944478322381,6.003944478322381,34.00394447832238,-12.681794710645534,4,TRAILING_STOP,MACD Divergence
2025-01-08 11:30:00,2025-01-08 11:45:00,2025-01-08 12:15:00,LONG,94784.0,42.51688048615775,34.51688048615775,62.51688048615775,0.0,2,TRAILING_STOP,MACD Divergence
2025-01-08 15:00:00,2025-01-08 15:15:00,2025-01-08 15:30:00,SHORT,95154.56,25.712516562527817,17.712516562527817,55.71251656252782,-10.905415357919168,1,TRAILING_STOP,MACD Divergence
2025-01-08 23:00:00,2025-01-08 23:15:00,2025-01-09 00:45:00,SHORT,95012.0,-8.64164526586189,-16.64164526586189,21.35835473413811,-23.995916305309358,6,TRAILING_STOP,MACD Divergence
2025-01-09 07:15:00,2025-01-09 07:30:00,2025-01-09 09:45:00,LONG,93741.26,-15.040604318738062,-23.040604318738062,4.959395681261938,-105.74425818470914,9,TRAILING_STOP,MACD Divergence
2025-01-09 13:15:00,2025-01-09 13:30:00,2025-01-09 15:45:00,LONG,92872.02,164.79300870165113,156.79300870165113,184.79300870165113,-115.42981406025238,9,TRAILING_STOP,MACD Divergence
2025-01-09 20:30:00,2025-01-09 20:45:00,2025-01-09 21:15:00,LONG,91810.16,54.88277985791551,46.88277985791551,74.88277985791551,-3.1663162334110937,2,TRAILING_STOP,MACD Divergence
2025-01-10 01:15:00,2025-01-10 01:30:00,2025-01-10 04:00:00,SHORT,92789.78,-98.70914663231213,-106.70914663231213,0.0,-120.60272154972314,10,TIME_EXIT,MACD Divergence
2025-01-10 04:00:00,2025-01-10 04:15:00,2025-01-10 04:45:00,SHORT,93705.71,-8.047228925536515,-16.047228925536515,21.952771074463485,-14.953197622641708,2,TRAILING_STOP,MACD Divergence
2025-01-10 06:45:00,2025-01-10 07:00:00,2025-01-10 07:30:00,SHORT,94252.83,-20.108519818450446,-28.108519818450446,9.891480181549554,-73.97549760574884,2,TRAILING_STOP,MACD Divergence
2025-01-10 09:30:00,2025-01-10 09:45:00,2025-01-10 10:45:00,SHORT,94867.48,-18.41436496468664,-26.41436496468664,11.585635035313361,-44.89631220308564,4,TRAILING_STOP,MACD Divergence
2025-01-11 00:00:00,2025-01-11 00:15:00,2025-01-11 01:30:00,LONG,94661.91,-16.29629277499285,-24.29629277499285,3.7037072250071517,-35.50424875221686,5,TRAILING_STOP,MACD Divergence
2025-01-11 03:00:00,2025-01-11 03:15:00,2025-01-11 04:15:00,LONG,94239.02,-11.821858928499848,-19.82185892849985,8.178141071500152,-17.80684901010194,4,TRAILING_STOP,MACD Divergence
2025-01-11 08:00:00,2025-01-11 08:15:00,2025-01-11 09:30:00,SHORT,94385.58,7.5438705785354685,-0.4561294214645315,37.54387057853547,0.0,5,TRAILING_STOP,MACD Divergence
2025-01-11 10:45:00,2025-01-11 11:00:00,2025-01-11 13:30:00,SHORT,94488.87,8.627471150833905,0.6274711508339053,15.47695511651168,-32.04610236105088,10,TIME_EXIT,MACD Divergence
2025-01-11 15:30:00,2025-01-11 15:45:00,2025-01-11 16:45:00,LONG,94462.01,6.053860170877222,-1.946139829122778,26.053860170877222,-15.821175094622387,4,TRAILING_STOP,MACD Divergence
2025-01-11 22:00:00,2025-01-11 22:15:00,2025-01-12 00:45:00,SHORT,94806.94,37.43080411623826,29.430804116238257,40.58880077766434,0.0,10,TIME_EXIT,MACD Divergence
2025-01-12 01:30:00,2025-01-12 01:45:00,2025-01-12 03:15:00,LONG,94428.2,8.677873770759469,0.6778737707594686,28.67787377075947,0.0,6,TRAILING_STOP,MACD Divergence
2025-01-12 04:45:00,2025-01-12 05:00:00,2025-01-12 07:30:00,SHORT,94587.99,28.9783089798193,20.9783089798193,33.194489067799246,-3.2890010666259615,10,TIME_EXIT,MACD Divergence
2025-01-12 07:30:00,2025-01-12 07:45:00,2025-01-12 08:45:00,LONG,94313.89,-11.551615567971211,-19.55161556797121,8.448384432028789,-21.724265641041782,4,TRAILING_STOP,MACD Divergence
2025-01-12 13:00:00,2025-01-12 13:15:00,2025-01-12 14:00:00,SHORT,94535.99,-29.718625678960628,-37.71862567896063,0.28137432103937265,-40.87332242461248,3,TRAILING_STOP,MACD Divergence
2025-01-12 20:00:00,2025-01-12 20:15:00,2025-01-12 22:45:00,LONG,94787.87,-87.0322331327829,-95.0322331327829,0.0,-104.21903140138029,10,TIME_EXIT,MACD Divergence
2025-01-12 22:45:00,2025-01-12 23:00:00,2025-01-13 00:15:00,LONG,93962.91,153.38756324170856,145.38756324170856,173.38756324170856,0.0,5,TRAILING_STOP,MACD Divergence
2025-01-13 03:45:00,2025-01-13 04:00:00,2025-01-13 04:30:00,LONG,94269.23,48.293758207211724,40.293758207211724,68.29375820721172,0.0,2,TRAILING_STOP,MACD Divergence
2025-01-13 06:30:00,2025-01-13 06:45:00,2025-01-13 07:45:00,LONG,93861.82,-10.892995682376933,-18.892995682376934,9.107004317623067,-41.82957458101813,4,TRAILING_STOP,MACD Divergence
2025-01-13 09:30:00,2025-01-13 09:45:00,2025-01-13 12:15:00,LONG,92935.88,-224.53437789581486,-232.53437789581486,0.0,-256.1852322267788,10,TIME_EXIT,MACD Divergence
2025-01-13 12:30:00,2025-01-13 12:45:00,2025-01-13 13:15:00,LONG,90828.21,84.79013073140972,76.79013073140972,104.79013073140972,-26.97069555813124,2,TRAILING_STOP,MACD Divergence
2025-01-13 20:30:00,2025-01-13 20:45:00,2025-01-13 23:15:00,SHORT,92965.1,-139.88582812259622,-147.88582812259622,0.0,-189.53886996302788,10,TIME_EXIT,MACD Divergence
2025-01-14 00:15:00,2025-01-14 00:30:00,2025-01-14 01:00:00,SHORT,94584.48,-4.911317374689492,-12.911317374689492,25.088682625310508,-46.521374331180354,2,TRAILING_STOP,MACD Divergence
2025-01-14 06:45:00,2025-01-14 07:00:00,2025-01-14 07:30:00,LONG,95031.93,-12.837144315599295,-20.837144315599296,7.162855684400705,-19.91120247689241,2,TRAILING_STOP,MACD Divergence
2025-01-14 16:00:00,2025-01-14 16:15:00,2025-01-14 18:00:00,LONG,96045.56,45.6605052852,37.6605052852,65.6605052852,-72.23655107013826,7,TRAILING_STOP,MACD Divergence
2025-01-14 19:30:00,2025-01-14 19:45:00,2025-01-14 20:00:00,SHORT,96896.0,46.751362285337095,38.751362285337095,76.7513622853371,0.0,1,TRAILING_STOP,MACD Divergence
2025-01-15 00:15:00,2025-01-15 00:30:00,2025-01-15 01:15:00,SHORT,97208.21,15.48895612829434,7.48895612829434,45.48895612829434,-0.5904851040864435,3,TRAILING_STOP,MACD Divergence
2025-01-15 04:00:00,2025-01-15 04:15:00,2025-01-15 06:45:00,SHORT,97296.57,26.17566991313332,18.17566991313332,56.17566991313332,-7.997198667948692,10,TRAILING_STOP,MACD Divergence
2025-01-15 11:00:00,2025-01-15 11:15:00,2025-01-15 12:45:00,LONG,96798.37,20.907713631955836,12.907713631955836,40.907713631955836,-26.715325888234613,6,TRAILING_STOP,MACD Divergence
2025-01-15 15:00:00,2025-01-15 15:15:00,2025-01-15 16:00:00,SHORT,99263.2,0.07055988523347168,-7.929440114766528,30.07055988523347,-45.258464365444596,3,TRAILING_STOP,MACD Divergence
2025-01-15 19:30:00,2025-01-15 19:45:00,2025-01-15 22:15:00,SHORT,99434.32,-14.653894148417956,-22.653894148417955,0.0,-125.4717687011884,10,TIME_EXIT,MACD Divergence
2025-01-16 00:00:00,2025-01-16 00:15:00,2025-01-16 01:00:00,SHORT,100299.12,33.84303272052602,25.84303272052602,63.84303272052602,-12.83859718809139,3,TRAILING_STOP,MACD Divergence
2025-01-16 07:15:00,2025-01-16 07:30:00,2025-01-16 08:45:00,SHORT,99715.52,80.11024161534745,72.11024161534745,110.11024161534745,-10.477807266110224,5,TRAILING_STOP,MACD Divergence
2025-01-16 11:15:00,2025-01-16 11:30:00,2025-01-16 12:15:00,LONG,99064.8,21.346674096146288,13.346674096146288,41.34667409614629,-17.95289547851566,3,TRAILING_STOP,MACD Divergence
2025-01-16 14:15:00,2025-01-16 14:30:00,2025-01-16 15:00:00,SHORT,99345.27,172.33877264614605,164.33877264614605,202.33877264614605,0.0,2,TRAILING_STOP,MACD Divergence
2025-01-16 19:45:00,2025-01-16 20:00:00,2025-01-16 20:15:00,SHORT,100417.2,-14.259668662340946,-22.259668662340946,15.740331337659054,-19.762550638734908,1,TRAILING_STOP,MACD Divergence
2025-01-17 07:30:00,2025-01-17 07:45:00,2025-01-17 08:15:00,SHORT,101668.51,-7.501391532147888,-15.501391532147888,22.49860846785211,-22.769095366894355,2,TRAILING_STOP,MACD Divergence
2025-01-17 10:15:00,2025-01-17 10:30:00,2025-01-17 12:00:00,SHORT,102232.64,-15.327582267268067,-23.327582267268067,14.672417732731933,-32.90045136269648,6,TRAILING_STOP,MACD Divergence
2025-01-17 13:00:00,2025-01-17 13:15:00,2025-01-17 13:30:00,SHORT,102772.0,4.012182306465078,-3.9878176935349217,34.01218230646508,-6.521231463823227,1,TRAILING_STOP,MACD Divergence
2025-01-17 17:00:00,2025-01-17 17:15:00,2025-01-17 18:00:00,SHORT,104753.34,39.48227140060558,31.482271400605583,69.48227140060558,-38.10666084728254,3,TRAILING_STOP,MACD Divergence
2025-01-17 19:45:00,2025-01-17 20:00:00,2025-01-17 21:15:00,SHORT,105834.93,92.43122379350562,84.43122379350562,122.43122379350562,0.0,5,TRAILING_STOP,MACD Divergence
2025-01-17 23:00:00,2025-01-17 23:15:00,2025-01-18 00:15:00,LONG,104448.21,-17.286693568037546,-25.286693568037546,2.7133064319624536,-36.665061086255704,4,TRAILING_STOP,MACD Divergence
2025-01-18 01:45:00,2025-01-18 02:00:00,2025-01-18 03:15:00,LONG,104268.14,2.236898059177097,-5.763101940822903,22.236898059177097,-18.620261184288335,5,TRAILING_STOP,MACD Divergence
2025-01-18 07:30:00,2025-01-18 07:45:00,2025-01-18 09:30:00,LONG,102823.44,41.50834868002832,33.50834868002832,61.50834868002832,-53.09003472359993,7,TRAILING_STOP,MACD Divergence
2025-01-18 12:15:00,2025-01-18 12:30:00,2025-01-18 13:15:00,SHORT,103609.44,18.43091517529755,10.43091517529755,48.43091517529755,-0.6321817780313175,3,TRAILING_STOP,MACD Divergence
2025-01-18 15:30:00,2025-01-18 15:45:00,2025-01-18 17:00:00,SHORT,104668.54,114.50569387898119,106.50569387898119,144.5056938789812,-4.848639333270532,5,TRAILING_STOP,MACD Divergence
2025-01-18 22:00:00,2025-01-18 22:15:00,2025-01-18 23:15:00,LONG,104072.19,45.12883028597723,37.12883028597723,65.12883028597723,0.0,4,TRAILING_STOP,MACD Divergence
2025-01-19 01:30:00,2025-01-19 01:45:00,2025-01-19 02:00:00,SHORT,104541.71,-24.750420669414662,-32.750420669414666,5.249579330585338,-29.298353738425895,1,TRAILING_STOP,MACD Divergence
2025-01-19 06:30:00,2025-01-19 06:45:00,2025-01-19 09:15:00,SHORT,105467.8,161.25363381050906,153.25363381050906,191.25363381050906,-12.025471281282224,10,TRAILING_STOP,MACD Divergence
2025-01-19 14:30:00,2025-01-19 14:45:00,2025-01-19 15:15:00,SHORT,104995.66,17.20671311557151,9.20671311557151,47.20671311557151,-23.9762291127072,2,TRAILING_STOP,MACD Divergence
2025-01-19 21:00:00,2025-01-19 21:15:00,2025-01-19 22:00:00,SHORT,106001.27,280.05571914374275,272.05571914374275,310.05571914374275,0.0,3,TRAILING_STOP,MACD Divergence
2025-01-20 00:30:00,2025-01-20 00:45:00,2025-01-20 01:30:00,LONG,100762.71,3.5483940437885018,-4.451605956211498,23.5483940437885,-112.42750418284758,3,TRAILING_STOP,MACD Divergence
2025-01-20 04:30:00,2025-01-20 04:45:00,2025-01-20 05:00:00,SHORT,102317.13,-11.514336846625838,-19.514336846625838,18.485663153374162,-45.62970052033275,1,TRAILING_STOP,MACD Divergence
2025-01-20 15:45:00,2025-01-20 16:00:00,2025-01-20 16:30:00,LONG,104957.99,179.31879411943717,171.31879411943717,199.31879411943717,-59.64195770136273,2,TRAILING_STOP,MACD Divergence
2025-01-20 23:45:00,2025-01-21 00:00:00,2025-01-21 00:15:00,LONG,102260.0,6.048308233913097,-1.9516917660869026,26.048308233913097,-50.97007627615892,1,TRAILING_STOP,MACD Divergence
2025-01-21 09:00:00,2025-01-21 09:15:00,2025-01-21 09:45:00,SHORT,102543.37,-6.493848407752388,-14.493848407752388,23.506151592247612,-25.733501834395014,2,TRAILING_STOP,MACD Divergence
2025-01-21 11:45:00,2025-01-21 12:00:00,2025-01-21 14:30:00,SHORT,103758.25,17.388039023403188,9.388039023403188,47.38803902340319,-150.51815156867045,10,TRAILING_STOP,MACD Divergence
2025-01-21 14:30:00,2025-01-21 14:45:00,2025-01-21 15:15:00,SHORT,103758.6,62.05694756868469,54.05694756868469,92.05694756868469,-6.566202705124212,2,TRAILING_STOP,MACD Divergence
2025-01-21 17:45:00,2025-01-21 18:00:00,2025-01-21 18:15:00,SHORT,106173.27,-14.62607396381307,-22.62607396381307,15.37392603618693,-30.773282201819338,1,TRAILING_STOP,MACD Divergence
2025-01-22 01:30:00,2025-01-22 01:45:00,2025-01-22 02:30:00,LONG,105462.64,50.184095524254616,42.184095524254616,70.18409552425462,0.0,3,TRAILING_STOP,MACD Divergence
2025-01-22 04:30:00,2025-01-22 04:45:00,2025-01-22 05:15:00,LONG,105416.61,24.232118638609116,16.232118638609116,44.232118638609116,0.0,2,TRAILING_STOP,MACD Divergence
2025-01-22 07:30:00,2025-01-22 07:45:00,2025-01-22 08:15:00,LONG,105087.91,-12.841231688783617,-20.841231688783616,7.158768311216383,-33.98963781847049,2,TRAILING_STOP,MACD Divergence
2025-01-22 13:30:00,2025-01-22 13:45:00,2025-01-22 14:30:00,LONG,104620.0,11.447142037851272,3.447142037851272,31.447142037851272,-87.93729688396101,3,TRAILING_STOP,MACD Divergence
2025-01-22 16:15:00,2025-01-22 16:30:00,2025-01-22 17:45:00,LONG,103987.21,39.38711116492003,31.38711116492003,59.38711116492003,-59.42076915036076,5,TRAILING_STOP,MACD Divergence
2025-01-22 23:00:00,2025-01-22 23:15:00,2025-01-22 23:45:00,LONG,103940.01,-15.915913419672401,-23.9159134196724,4.0840865803275985,-27.516833989143812,2,TRAILING_STOP,MACD Divergence
2025-01-23 01:45:00,2025-01-23 02:00:00,2025-01-23 03:45:00,LONG,102931.94,-12.634939164656018,-20.634939164656018,7.365060835343983,-80.82428058773615,7,TRAILING_STOP,MACD Divergence
2025-01-23 04:30:00,2025-01-23 04:45:00,2025-01-23 05:15:00,LONG,101829.98,22.615151255062315,14.615151255062315,42.615151255062315,0.0,2,TRAILING_STOP,MACD Divergence
2025-01-23 09:30:00,2025-01-23 09:45:00,2025-01-23 10:30:00,LONG,101905.08,-3.549397144872522,-11.549397144872522,16.450602855127478,-63.078307774254526,3,TRAILING_STOP,MACD Divergence
2025-01-23 13:15:00,2025-01-23 13:30:00,2025-01-23 14:00:00,LONG,101523.19,96.89349004892289,88.89349004892289,116.89349004892289,0.0,2,TRAILING_STOP,MACD Divergence
2025-01-23 16:15:00,2025-01-23 16:30:00,2025-01-23 17:00:00,SHORT,105965.27,135.55141132561678,127.55141132561678,165.55141132561678,-44.6391539416631,2,TRAILING_STOP,MACD Divergence
2025-01-23 20:45:00,2025-01-23 21:00:00,2025-01-23 21:15:00,LONG,103284.01,-19.45102828598558,-27.45102828598558,0.5489717140144205,-105.37061835612286,1,TRAILING_STOP,MACD Divergence
2025-01-24 02:45:00,2025-01-24 03:00:00,2025-01-24 03:15:00,LONG,103016.0,57.353032538634835,49.353032538634835,77.35303253863484,-25.821231653335403,1,TRAILING_STOP,MACD Divergence
2025-01-24 05:30:00,2025-01-24 05:45:00,2025-01-24 06:45:00,SHORT,104916.01,-2.5485176189987797,-10.54851761899878,27.45148238100122,-41.84204107647682,4,TRAILING_STOP,MACD Divergence
2025-01-24 08:15:00,2025-01-24 08:30:00,2025-01-24 09:15:00,SHORT,105546.61,-2.845172384030093,-10.845172384030093,27.154827615969907,-20.1228632544427,3,TRAILING_STOP,MACD Divergence
2025-01-24 13:00:00,2025-01-24 13:15:00,2025-01-24 14:15:00,SHORT,105259.35,6.039553730856767,-1.9604462691432332,36.03955373085677,-5.973816102796579,4,TRAILING_STOP,MACD Divergence
2025-01-24 22:45:00,2025-01-24 23:00:00,2025-01-25 00:00:00,LONG,104777.25,-10.941735920726734,-18.941735920726735,9.058264079273266,-30.57533958946246,4,TRAILING_STOP,MACD Divergence
2025-01-25 03:15:00,2025-01-25 03:30:00,2025-01-25 04:00:00,LONG,104696.7,35.79163431130207,27.79163431130207,55.79163431130207,0.0,2,TRAILING_STOP,MACD Divergence
2025-01-25 07:00:00,2025-01-25 07:15:00,2025-01-25 09:00:00,LONG,104452.8,-15.529081077769376,-23.529081077769376,4.470918922230624,-30.357252270881823,7,TRAILING_STOP,MACD Divergence
2025-01-25 10:00:00,2025-01-25 10:15:00,2025-01-25 11:15:00,LONG,104315.81,13.094695808813249,5.094695808813249,33.09469580881325,-4.142229255564603,4,TRAILING_STOP,MACD Divergence
2025-01-25 12:45:00,2025-01-25 13:00:00,2025-01-25 15:00:00,SHORT,104753.08,-3.278112681746613,-11.278112681746613,26.721887318253387,-20.588416111487913,8,TRAILING_STOP,MACD Divergence
2025-01-25 15:30:00,2025-01-25 15:45:00,2025-01-25 17:15:00,SHORT,104819.37,5.262566451219406,-2.7374335487805936,35.262566451219406,-16.229824697478136,6,TRAILING_STOP,MACD Divergence
2025-01-25 18:15:00,2025-01-25 18:30:00,2025-01-25 21:00:00,SHORT,105038.08,11.163570392756109,3.1635703927561085,16.31979563982874,-15.415361743093385,10,TIME_EXIT,MACD Divergence
2025-01-25 22:00:00,2025-01-25 22:15:00,2025-01-26 00:45:00,SHORT,105081.17,45.794122771947805,37.794122771947805,53.8374287229573,-8.719925748828706,10,TIME_EXIT,MACD Divergence
2025-01-26 01:00:00,2025-01-26 01:15:00,2025-01-26 03:45:00,LONG,104602.75,44.09869721398388,36.09869721398388,64.09869721398388,-7.908013890648302,10,TRAILING_STOP,MACD Divergence
2025-01-26 08:30:00,2025-01-26 08:45:00,2025-01-26 09:30:00,LONG,104988.8,-16.03672010728758,-24.03672010728758,3.963279892712421,-51.890296869762125,3,TRAILING_STOP,MACD Divergence
2025-01-26 15:00:00,2025-01-26 15:15:00,2025-01-26 17:45:00,SHORT,104992.61,4.52412793624237,-3.47587206375763,9.201599998323747,-7.918652560403958,10,TIME_EXIT,MACD Divergence
2025-01-26 17:45:00,2025-01-26 18:00:00,2025-01-26 20:30:00,SHORT,104945.12,-9.994747731004493,-17.994747731004495,0.0,-30.038557295470742,10,TIME_EXIT,MACD Divergence
2025-01-26 20:30:00,2025-01-26 20:45:00,2025-01-26 22:30:00,SHORT,105050.0,39.079485959066446,31.079485959066446,69.07948595906645,0.0,7,TRAILING_STOP,MACD Divergence
2025-01-27 00:00:00,2025-01-27 00:15:00,2025-01-27 02:45:00,LONG,102987.28,-192.96363589755927,-200.96363589755927,0.0,-208.96075709543925,10,TIME_EXIT,MACD Divergence
2025-01-27 02:45:00,2025-01-27 03:00:00,2025-01-27 03:30:00,LONG,100999.99,64.9703054426042,56.9703054426042,84.9703054426042,0.0,2,TRAILING_STOP,MACD Divergence
2025-01-27 05:30:00,2025-01-27 05:45:00,2025-01-27 06:00:00,LONG,100301.7,-1.0282378065368647,-9.028237806536865,18.971762193463135,-13.479332852782864,1,TRAILING_STOP,MACD Divergence
2025-01-27 14:45:00,2025-01-27 15:00:00,2025-01-27 15:15:00,SHORT,101920.88,74.8735058017557,66.8735058017557,104.8735058017557,-1.8759649641952996,1,TRAILING_STOP,MACD Divergence
2025-01-27 18:00:00,2025-01-27 18:15:00,2025-01-27 18:30:00,LONG,99488.68,-14.296838595103962,-22.296838595103964,5.703161404896038,-41.85400791326151,1,TRAILING_STOP,MACD Divergence
2025-01-28 00:00:00,2025-01-28 00:15:00,2025-01-28 02:15:00,SHORT,102458.94,79.7405458225509,71.7405458225509,109.7405458225509,0.0,8,TRAILING_STOP,MACD Divergence
2025-01-28 03:45:00,2025-01-28 04:00:00,2025-01-28 06:30:00,SHORT,102636.32,-3.960586271993596,-11.960586271993595,3.616653441979398,-71.60428199296294,10,TIME_EXIT,MACD Divergence
2025-01-28 07:15:00,2025-01-28 07:30:00,2025-01-28 09:45:00,SHORT,103272.66,55.08737937030004,47.08737937030004,85.08737937030004,0.0,9,TRAILING_STOP,MACD Divergence
2025-01-28 12:30:00,2025-01-28 12:45:00,2025-01-28 13:30:00,LONG,102655.5,7.588390295698371,-0.4116097043016289,27.58839029569837,-16.867094310581916,3,TRAILING_STOP,MACD Divergence
2025-01-28 16:15:00,2025-01-28 16:30:00,2025-01-28 16:45:00,LONG,102042.0,32.42253189862929,24.422531898629288,52.42253189862929,-6.777601379824336,1,TRAILING_STOP,MACD Divergence
2025-01-28 19:00:00,2025-01-28 19:15:00,2025-01-28 19:45:00,LONG,102071.98,37.60836617453724,29.608366174537238,57.60836617453724,-2.787248763078476,2,TRAILING_STOP,MACD Divergence
2025-01-28 22:00:00,2025-01-28 22:15:00,2025-01-28 23:15:00,LONG,100877.47,34.184546856697125,26.184546856697125,54.184546856697125,-30.67682010661116,4,TRAILING_STOP,MACD Divergence
2025-01-29 02:00:00,2025-01-29 02:15:00,2025-01-29 03:15:00,SHORT,102034.43,3.1672358046198994,-4.832764195380101,33.1672358046199,-5.426599629165361,4,TRAILING_STOP,MACD Divergence
2025-01-29 05:00:00,2025-01-29 05:15:00,2025-01-29 06:15:00,SHORT,102203.8,-23.160723965252885,-31.160723965252885,6.839276034747116,-38.765681902238185,4,TRAILING_STOP,MACD Divergence
2025-01-29 07:45:00,2025-01-29 08:00:00,2025-01-29 10:15:00,SHORT,102755.81,25.973477314811056,17.973477314811056,55.973477314811056,-21.428472025085718,9,TRAILING_STOP,MACD Divergence
2025-01-29 12:30:00,2025-01-29 12:45:00,2025-01-29 14:30:00,LONG,102355.26,-17.58292832239347,-25.58292832239347,2.4170716776065286,-64.05826139272162,7,TRAILING_STOP,MACD Divergence
2025-01-29 16:15:00,2025-01-29 16:30:00,2025-01-29 17:45:00,LONG,101877.99,68.32035261001847,60.320352610018475,88.32035261001847,0.0,5,TRAILING_STOP,MACD Divergence
2025-01-29 19:00:00,2025-01-29 19:15:00,2025-01-29 19:30:00,LONG,102048.01,171.18354194266067,163.18354194266067,191.18354194266067,-56.23823531688606,1,TRAILING_STOP,MACD Divergence
2025-01-30 01:30:00,2025-01-30 01:45:00,2025-01-30 02:15:00,SHORT,104335.99,2.733671286389175,-5.266328713610825,32.733671286389175,-2.3136791053594656,2,TRAILING_STOP,MACD Divergence
2025-01-30 04:45:00,2025-01-30 05:00:00,2025-01-30 05:45:00,SHORT,105478.0,15.60477066307655,7.60477066307655,45.60477066307655,-0.20478203985698368,3,TRAILING_STOP,MACD Divergence
2025-01-30 09:30:00,2025-01-30 09:45:00,2025-01-30 12:15:00,SHORT,105436.07,37.9367326570504,29.9367326570504,41.358711492187346,0.0,10,TIME_EXIT,MACD Divergence
2025-01-30 12:30:00,2025-01-30 12:45:00,2025-01-30 13:30:00,LONG,104894.91,25.060337055439916,17.060337055439916,45.060337055439916,0.0,3,TRAILING_STOP,MACD Divergence
2025-01-30 20:45:00,2025-01-30 21:00:00,2025-01-30 22:45:00,LONG,104907.1,22.34127146780225,14.341271467802251,42.34127146780225,0.0,7,TRAILING_STOP,MACD Divergence
2025-01-30 23:45:00,2025-01-31 00:00:00,2025-01-31 01:00:00,LONG,104722.94,9.29444112245119,1.2944411224511896,29.29444112245119,-30.837560519214065,4,TRAILING_STOP,MACD Divergence
2025-01-31 02:30:00,2025-01-31 02:45:00,2025-01-31 04:30:00,LONG,104417.0,-7.526935269160651,-15.526935269160651,12.473064730839349,-46.631295670245606,7,TRAILING_STOP,MACD Divergence
2025-01-31 07:45:00,2025-01-31 08:00:00,2025-01-31 08:15:00,LONG,104188.57,-7.504387477437518,-15.504387477437518,12.495612522562482,-16.79070938395664,1,TRAILING_STOP,MACD Divergence
2025-01-31 11:00:00,2025-01-31 11:15:00,2025-01-31 13:00:00,SHORT,104725.02,-13.41657036685233,-21.41657036685233,16.58342963314767,-29.697774228163887,7,TRAILING_STOP,MACD Divergence
2025-01-31 15:00:00,2025-01-31 15:15:00,2025-01-31 16:45:00,SHORT,104869.49,-13.478512196444427,-21.478512196444427,16.521487803555573,-108.94589074477187,6,TRAILING_STOP,MACD Divergence
2025-01-31 19:45:00,2025-01-31 20:00:00,2025-01-31 20:30:00,LONG,102312.31,-19.109589061179385,-27.109589061179385,0.8904109388206153,-60.34855434307,2,TRAILING_STOP,MACD Divergence
2025-02-01 00:15:00,2025-02-01 00:30:00,2025-02-01 03:00:00,SHORT,102282.29,-14.012200939185757,-22.012200939185757,0.0,-49.0231495599104,10,TIME_EXIT,MACD Divergence
2025-02-01 06:45:00,2025-02-01 07:00:00,2025-02-01 07:30:00,LONG,102402.91,-16.048940406088864,-24.048940406088864,3.9510595939111353,-20.198644745544488,2,TRAILING_STOP,MACD Divergence
2025-02-01 13:00:00,2025-02-01 13:15:00,2025-02-01 14:15:00,SHORT,102257.96,14.794556824721738,6.794556824721738,44.79455682472174,-2.591485298552797,4,TRAILING_STOP,MACD Divergence
2025-02-01 17:15:00,2025-02-01 17:30:00,2025-02-01 20:00:00,SHORT,102212.45,89.97142715980249,81.97142715980249,95.82394316934995,-7.322982669919939,10,TIME_EXIT,MACD Divergence
2025-02-01 20:30:00,2025-02-01 20:45:00,2025-02-01 21:30:00,LONG,101298.64,7.581811562326418,-0.4181884376735816,27.58181156232642,-12.03767395100293,3,TRAILING_STOP,MACD Divergence
2025-02-01 23:15:00,2025-02-01 23:30:00,2025-02-01 23:45:00,LONG,100517.69,12.010285950661498,4.010285950661498,32.0102859506615,0.0,1,TRAILING_STOP,MACD Divergence
2025-02-02 03:00:00,2025-02-02 03:15:00,2025-02-02 05:45:00,LONG,99976.63,28.29661291843846,20.29661291843846,36.61455682192905,-94.56610009759304,10,TIME_EXIT,MACD Divergence
2025-02-02 09:15:00,2025-02-02 09:30:00,2025-02-02 10:00:00,LONG,99562.0,10.33486671621744,2.334866716217441,30.33486671621744,-28.32405938008477,2,TRAILING_STOP,MACD Divergence
2025-02-02 12:15:00,2025-02-02 12:30:00,2025-02-02 14:45:00,LONG,98831.92,41.430558062618296,33.430558062618296,61.430558062618296,-68.2896780716188,9,TRAILING_STOP,MACD Divergence
2025-02-02 16:00:00,2025-02-02 16:15:00,2025-02-02 18:00:00,SHORT,98993.02,169.41001900942146,161.41001900942146,199.41001900942146,0.0,7,TRAILING_STOP,MACD Divergence
2025-02-02 18:45:00,2025-02-02 19:00:00,2025-02-02 19:45:00,LONG,97087.92,146.0433141424805,138.0433141424805,166.0433141424805,-5.69792822835142,3,TRAILING_STOP,MACD Divergence
2025-02-02 21:30:00,2025-02-02 21:45:00,2025-02-02 22:00:00,LONG,96781.72,75.83008030855329,67.83008030855329,95.83008030855329,0.0,1,TRAILING_STOP,MACD Divergence
2025-02-03 00:15:00,2025-02-03 00:30:00,2025-02-03 03:00:00,LONG,97073.99,-280.80745419035554,-288.80745419035554,0.0,-601.9109753292314,10,TIME_EXIT,MACD Divergence
2025-02-03 08:30:00,2025-02-03 08:45:00,2025-02-03 10:30:00,SHORT,95022.38,-6.522372939931515,-14.522372939931515,23.477627060068485,-97.69277511255648,7,TRAILING_STOP,MACD Divergence
2025-02-03 13:30:00,2025-02-03 13:45:00,2025-02-03 14:30:00,LONG,95352.7,101.54244190253682,93.54244190253682,121.54244190253682,-128.10963926558952,3,TRAILING_STOP,MACD Divergence
2025-02-03 18:00:00,2025-02-03 18:15:00,2025-02-03 20:45:00,SHORT,99070.0,-203.18966387402847,-211.18966387402847,0.0,-290.88725143837763,10,TIME_EXIT,MACD Divergence
2025-02-03 21:30:00,2025-02-03 21:45:00,2025-02-04 00:00:00,SHORT,101554.01,-2.08185082991902,-10.08185082991902,27.91814917008098,-93.15240235220648,9,TRAILING_STOP,MACD Divergence
2025-02-04 01:15:00,2025-02-04 01:30:00,2025-02-04 01:45:00,LONG,101249.08,27.726853419309677,19.726853419309677,47.72685341930968,0.0,1,TRAILING_STOP,MACD Divergence
2025-02-04 04:00:00,2025-02-04 04:15:00,2025-02-04 04:45:00,LONG,100269.77,-13.275141650370493,-21.275141650370493,6.724858349629506,-25.910102316979774,2,TRAILING_STOP,MACD Divergence
2025-02-04 07:45:00,2025-02-04 08:00:00,2025-02-04 08:30:00,LONG,98448.01,8.724806118478998,0.7248061184789982,28.724806118479,-59.72797215504862,2,TRAILING_STOP,MACD Divergence
2025-02-04 12:15:00,2025-02-04 12:30:00,2025-02-04 13:00:00,SHORT,99280.0,-20.2628928283644,-28.2628928283644,9.737107171635602,-26.72038678485081,2,TRAILING_STOP,MACD Divergence
2025-02-04 19:15:00,2025-02-04 19:30:00,2025-02-04 20:00:00,SHORT,100418.01,195.4227105277225,187.4227105277225,225.4227105277225,-11.226073888539565,2,TRAILING_STOP,MACD Divergence
2025-02-05 09:30:00,2025-02-05 09:45:00,2025-02-05 10:45:00,LONG,97363.51,49.55377841246805,41.55377841246805,69.55377841246805,-1.5621869014368785,4,TRAILING_STOP,MACD Divergence
2025-02-05 12:30:00,2025-02-05 12:45:00,2025-02-05 13:00:00,SHORT,98380.0,14.561902825777004,6.561902825777004,44.561902825777004,0.0,1,TRAILING_STOP,MACD Divergence
2025-02-05 17:15:00,2025-02-05 17:30:00,2025-02-05 18:00:00,LONG,97608.01,-8.676134263981117,-16.67613426398112,11.323865736018883,-77.14633256020636,2,TRAILING_STOP,MACD Divergence
2025-02-05 22:15:00,2025-02-05 22:30:00,2025-02-05 23:15:00,LONG,96530.87,13.429720461445307,5.4297204614453065,33.42972046144531,-30.04116714166056,3,TRAILING_STOP,MACD Divergence
2025-02-06 02:15:00,2025-02-06 02:30:00,2025-02-06 03:30:00,SHORT,97227.82,-14.113600407783863,-22.113600407783863,15.886399592216137,-27.281286364334818,4,TRAILING_STOP,MACD Divergence
2025-02-06 05:00:00,2025-02-06 05:15:00,2025-02-06 06:15:00,SHORT,97700.15,-29.62436086331513,-37.62436086331513,0.3756391366848724,-57.72253164401607,4,TRAILING_STOP,MACD Divergence
2025-02-06 09:00:00,2025-02-06 09:15:00,2025-02-06 10:00:00,SHORT,98656.79,-10.05205723802808,-18.05205723802808,19.94794276197192,-21.634598084936915,3,TRAILING_STOP,MACD Divergence
2025-02-06 11:45:00,2025-02-06 12:00:00,2025-02-06 13:30:00,SHORT,98877.99,41.93613057870695,33.93613057870695,71.93613057870695,0.0,6,TRAILING_STOP,MACD Divergence
2025-02-06 14:30:00,2025-02-06 14:45:00,2025-02-06 17:15:00,LONG,98107.84,-131.83350076813426,-139.83350076813426,0.0,-180.11098807190118,10,TIME_EXIT,MACD Divergence
2025-02-06 18:00:00,2025-02-06 18:15:00,2025-02-06 18:45:00,LONG,96298.79,10.91523787578291,2.9152378757829105,30.91523787578291,-42.65785686403678,2,TRAILING_STOP,MACD Divergence
2025-02-07 01:45:00,2025-02-07 02:00:00,2025-02-07 02:15:00,SHORT,97404.01,6.591922652876228,-1.408077347123772,36.59192265287623,-10.825016341729908,1,TRAILING_STOP,MACD Divergence
2025-02-07 04:30:00,2025-02-07 04:45:00,2025-02-07 07:00:00,SHORT,97550.95,70.96775069848086,62.967750698480856,100.96775069848086,0.0,9,TRAILING_STOP,MACD Divergence
2025-02-07 07:45:00,2025-02-07 08:00:00,2025-02-07 08:45:00,LONG,96757.04,31.853591221889502,23.853591221889502,51.8535912218895,-0.7286291519447432,3,TRAILING_STOP,MACD Divergence
2025-02-07 10:30:00,2025-02-07 10:45:00,2025-02-07 11:00:00,SHORT,97336.95,-22.24960305413285,-30.24960305413285,7.750396945867148,-34.578852121419644,1,TRAILING_STOP,MACD Divergence
2025-02-07 13:30:00,2025-02-07 13:45:00,2025-02-07 15:15:00,SHORT,98337.99,43.39177870119178,35.39177870119178,73.39177870119178,-183.04217932459264,6,TRAILING_STOP,MACD Divergence
2025-02-07 19:00:00,2025-02-07 19:15:00,2025-02-07 19:30:00,LONG,97411.77,-7.654469269987112,-15.654469269987112,12.345530730012888,-56.97360801471991,1,TRAILING_STOP,MACD Divergence
2025-02-07 21:45:00,2025-02-07 22:00:00,2025-02-08 00:30:00,LONG,96011.43,76.91584220753826,68.91584220753826,87.49479098478203,-39.49529759113025,10,TIME_EXIT,MACD Divergence
2025-02-08 01:30:00,2025-02-08 01:45:00,2025-02-08 02:15:00,SHORT,96650.01,-4.041389131775627,-12.041389131775627,25.958610868224373,-9.697877941244961,2,TRAILING_STOP,MACD Divergence
2025-02-08 05:30:00,2025-02-08 05:45:00,2025-02-08 08:15:00,LONG,96281.6,-8.925900691305745,-16.925900691305745,3.8636665780374537,-51.56852399627855,10,TIME_EXIT,MACD Divergence
2025-02-08 08:45:00,2025-02-08 09:00:00,2025-02-08 10:45:00,LONG,95893.84,21.20806925658661,13.208069256586612,41.20806925658661,0.0,7,TRAILING_STOP,MACD Divergence
2025-02-08 11:30:00,2025-02-08 11:45:00,2025-02-08 12:15:00,LONG,95922.8,16.224964242077576,8.224964242077576,36.224964242077576,0.0,2,TRAILING_STOP,MACD Divergence
2025-02-08 14:15:00,2025-02-08 14:30:00,2025-02-08 15:15:00,LONG,96018.17,-1.0587933513005545,-9.058793351300555,18.941206648699445,-9.973112380708232,3,TRAILING_STOP,MACD Divergence
2025-02-08 18:00:00,2025-02-08 18:15:00,2025-02-08 20:45:00,SHORT,96280.54,-18.21551894079579,-26.21551894079579,0.0,-48.759593579347026,10,TIME_EXIT,MACD Divergence
2025-02-08 22:00:00,2025-02-08 22:15:00,2025-02-09 00:45:00,SHORT,96627.38,6.14525613754659,-1.85474386245341,27.656757329030885,-6.172163624844161,10,TIME_EXIT,MACD Divergence
2025-02-09 01:00:00,2025-02-09 01:15:00,2025-02-09 01:45:00,SHORT,96708.01,-20.181785355732465,-28.181785355732465,9.818214644267533,-29.40397594780418,2,TRAILING_STOP,MACD Divergence
2025-02-09 04:00:00,2025-02-09 04:15:00,2025-02-09 06:45:00,SHORT,97077.92,7.419812867848718,-0.5801871321512824,30.918462200260798,-24.1805757684142,10,TIME_EXIT,MACD Divergence
2025-02-09 08:00:00,2025-02-09 08:15:00,2025-02-09 10:45:00,SHORT,97213.01,46.39296736105589,38.39296736105589,57.216621520103246,-1.3794449940397375,10,TIME_EXIT,MACD Divergence
2025-02-09 12:00:00,2025-02-09 12:15:00,2025-02-09 14:45:00,LONG,96649.99,-54.03621873111516,-62.03621873111516,0.0,-98.29178461373924,10,TIME_EXIT,MACD Divergence
2025-02-09 19:30:00,2025-02-09 19:45:00,2025-02-09 20:30:00,LONG,95985.05,60.73653136608223,52.73653136608223,80.73653136608223,0.0,3,TRAILING_STOP,MACD Divergence
2025-02-10 03:30:00,2025-02-10 03:45:00,2025-02-10 04:15:00,SHORT,96996.98,7.544467879309053,-0.45553212069094684,37.54446787930905,-6.917741150292084,2,TRAILING_STOP,MACD Divergence
2025-02-10 08:00:00,2025-02-10 08:15:00,2025-02-10 10:00:00,SHORT,97761.98,1.735241041558286,-6.264758958441714,31.735241041558286,-12.105933206345231,7,TRAILING_STOP,MACD Divergence
2025-02-10 10:45:00,2025-02-10 11:00:00,2025-02-10 13:00:00,SHORT,97728.29,26.047230540920218,18.047230540920218,56.04723054092022,-17.467818172200335,8,TRAILING_STOP,MACD Divergence
2025-02-10 13:45:00,2025-02-10 14:00:00,2025-02-10 15:00:00,SHORT,98215.71,86.65241741876186,78.65241741876186,116.65241741876186,0.0,4,TRAILING_STOP,MACD Divergence
2025-02-10 16:30:00,2025-02-10 16:45:00,2025-02-10 17:00:00,LONG,97137.69,3.96392172801297,-4.03607827198703,23.96392172801297,-26.115506761588374,1,TRAILING_STOP,MACD Divergence
2025-02-10 19:30:00,2025-02-10 19:45:00,2025-02-10 22:15:00,SHORT,97400.01,-2.1540069657075804,-10.15400696570758,27.84599303429242,-9.312114033665052,10,TRAILING_STOP,MACD Divergence
2025-02-11 00:00:00,2025-02-11 00:15:00,2025-02-11 02:45:00,SHORT,97735.31,-2.308882020223866,-10.308882020223866,27.691117979776134,-42.421720461110795,10,TRAILING_STOP,MACD Divergence
2025-02-11 04:45:00,2025-02-11 05:00:00,2025-02-11 05:45:00,SHORT,98064.93,-27.173301403469456,-35.17330140346945,2.826698596530545,-42.164920731601526,3,TRAILING_STOP,MACD Divergence
2025-02-11 07:30:00,2025-02-11 07:45:00,2025-02-11 10:15:00,SHORT,98427.97,52.37129242836116,44.37129242836116,55.101207512458686,0.0,10,TIME_EXIT,MACD Divergence
2025-02-11 10:30:00,2025-02-11 10:45:00,2025-02-11 12:00:00,LONG,97971.37,6.695554017465323,-1.304445982534677,26.695554017465323,-17.491844811396977,5,TRAILING_STOP,MACD Divergence
2025-02-11 13:15:00,2025-02-11 13:30:00,2025-02-11 16:00:00,LONG,97543.3,-54.34304560128699,-62.34304560128699,0.0,-97.18453240765908,10,TIME_EXIT,MACD Divergence
2025-02-11 16:15:00,2025-02-11 16:30:00,2025-02-11 19:00:00,LONG,96643.09,-127.09444617302685,-135.09444617302685,0.0,-129.39466236023648,10,TIME_EXIT,MACD Divergence
2025-02-11 19:00:00,2025-02-11 19:15:00,2025-02-11 20:30:00,LONG,95414.8,-17.435408343359608,-25.435408343359608,2.5645916566403915,-56.37699811769225,5,TRAILING_STOP,MACD Divergence
2025-02-12 09:00:00,2025-02-12 09:15:00,2025-02-12 11:15:00,SHORT,96239.51,3.875899825340916,-4.124100174659084,33.875899825340916,-0.05091463994416001,8,TRAILING_STOP,MACD Divergence
2025-02-12 11:45:00,2025-02-12 12:00:00,2025-02-12 13:15:00,SHORT,96094.65,0.6624770473688351,-7.337522952631165,30.662477047368835,-55.88344408351655,5,TRAILING_STOP,MACD Divergence
2025-02-12 17:30:00,2025-02-12 17:45:00,2025-02-12 18:45:00,SHORT,97177.39,26.843469453130957,18.843469453130957,56.84346945313096,-28.05282175205576,4,TRAILING_STOP,MACD Divergence
2025-02-12 20:15:00,2025-02-12 20:30:00,2025-02-12 21:00:00,SHORT,97414.57,27.445205578591143,19.445205578591143,57.44520557859114,0.0,2,TRAILING_STOP,MACD Divergence
2025-02-13 01:45:00,2025-02-13 02:00:00,2025-02-13 04:30:00,SHORT,97986.18,83.9251004580433,75.9251004580433,87.318436130482,0.0,10,TIME_EXIT,MACD Divergence
2025-02-13 06:00:00,2025-02-13 06:15:00,2025-02-13 08:45:00,LONG,96572.66,-65.13644752044814,-73.13644752044814,0.0,-95.55603003997173,10,TIME_EXIT,MACD Divergence
2025-02-13 08:45:00,2025-02-13 09:00:00,2025-02-13 11:15:00,LONG,95943.62,20.896935095841144,12.896935095841144,40.896935095841144,0.0,9,TRAILING_STOP,MACD Divergence
2025-02-13 11:45:00,2025-02-13 12:00:00,2025-02-13 12:45:00,LONG,95925.12,-4.916359760613034,-12.916359760613034,15.083640239386966,-22.736484457876234,3,TRAILING_STOP,MACD Divergence
2025-02-13 15:15:00,2025-02-13 15:30:00,2025-02-13 17:00:00,SHORT,95973.99,48.836984895595634,40.836984895595634,78.83698489559563,-46.79184433199054,6,TRAILING_STOP,MACD Divergence
2025-02-14 00:00:00,2025-02-14 00:15:00,2025-02-14 02:00:00,SHORT,96594.62,-5.339206262212965,-13.339206262212965,24.660793737787035,-38.39654837919539,7,TRAILING_STOP,MACD Divergence
2025-02-14 03:45:00,2025-02-14 04:00:00,2025-02-14 06:30:00,SHORT,97129.98,47.46217388287324,39.46217388287324,58.542172046158704,0.0,10,TIME_EXIT,MACD Divergence
2025-02-14 09:00:00,2025-02-14 09:15:00,2025-02-14 11:45:00,SHORT,97028.37,14.512250386149708,6.512250386149708,23.53641517424186,-17.276390400045333,10,TIME_EXIT,MACD Divergence
2025-02-14 12:45:00,2025-02-14 13:00:00,2025-02-14 13:30:00,LONG,96652.58,13.87597102943328,5.8759710294332805,33.87597102943328,-20.924428504650912,2,TRAILING_STOP,MACD Divergence
2025-02-15 02:15:00,2025-02-15 02:30:00,2025-02-15 05:00:00,SHORT,97682.99,17.48206110398587,9.48206110398587,23.85062128012364,-29.613139401239614,10,TIME_EXIT,MACD Divergence
2025-02-15 06:00:00,2025-02-15 06:15:00,2025-02-15 07:45:00,LONG,97545.61,-10.734590721201636,-18.734590721201634,9.265409278798364,-20.51450598340618,6,TRAILING_STOP,MACD Divergence
2025-02-15 09:15:00,2025-02-15 09:30:00,2025-02-15 12:00:00,SHORT,97462.49,-10.578428685742715,-18.578428685742715,0.46069005624679177,-27.559320513973248,10,TIME_EXIT,MACD Divergence
2025-02-15 12:00:00,2025-02-15 12:15:00,2025-02-15 14:45:00,SHORT,97565.6,-2.8708889198646617,-10.870888919864662,14.249899554760985,-40.68134670416509,10,TIME_EXIT,MACD Divergence
2025-02-15 17:00:00,2025-02-15 17:15:00,2025-02-15 19:45:00,LONG,97571.28,-4.036023715175681,-12.03602371517568,8.067947863346792,-27.354360832408286,10,TIME_EXIT,MACD Divergence
2025-02-15 21:00:00,2025-02-15 21:15:00,2025-02-15 23:45:00,SHORT,97644.71,7.686028254884766,-0.31397174511523396,22.3412000506744,-9.897105537002405,10,TIME_EXIT,MACD Divergence
2025-02-16 00:15:00,2025-02-16 00:30:00,2025-02-16 03:00:00,SHORT,97674.97,15.489126845906187,7.489126845906187,23.909912641898753,-1.7025856265944752,10,TIME_EXIT,MACD Divergence
2025-02-16 03:00:00,2025-02-16 03:15:00,2025-02-16 05:45:00,LONG,97523.68,8.164170999290624,0.16417099929062395,16.23810750373659,-9.726868387245645,10,TIME_EXIT,MACD Divergence
2025-02-16 05:45:00,2025-02-16 06:00:00,2025-02-16 08:30:00,SHORT,97603.3,43.37148436579573,35.37148436579573,44.73619232136612,-2.287832481074077,10,TIME_EXIT,MACD Divergence
2025-02-16 09:15:00,2025-02-16 09:30:00,2025-02-16 10:45:00,LONG,97187.3,0.7424221065917536,-7.257577893408246,20.742422106591754,-2.1237342739225618,5,TRAILING_STOP,MACD Divergence
2025-02-16 12:30:00,2025-02-16 12:45:00,2025-02-16 13:30:00,LONG,97165.26,-15.145384265940496,-23.145384265940496,4.854615734059504,-27.30090981076874,3,TRAILING_STOP,MACD Divergence
2025-02-16 17:15:00,2025-02-16 17:30:00,2025-02-16 19:15:00,SHORT,97090.01,19.53753738412344,11.53753738412344,49.53753738412344,0.0,7,TRAILING_STOP,MACD Divergence
2025-02-16 20:00:00,2025-02-16 20:15:00,2025-02-16 21:30:00,SHORT,97077.18,-6.8050534636463205,-14.80505346364632,23.19494653635368,-21.137820443487506,5,TRAILING_STOP,MACD Divergence
2025-02-17 00:00:00,2025-02-17 00:15:00,2025-02-17 01:15:00,LONG,96202.42,5.059660661343212,-2.9403393386567878,25.059660661343212,-14.752227646664009,4,TRAILING_STOP,MACD Divergence
2025-02-17 03:15:00,2025-02-17 03:30:00,2025-02-17 04:00:00,LONG,96192.3,-10.882846132175123,-18.882846132175125,9.117153867824877,-12.402240096141053,2,TRAILING_STOP,MACD Divergence
2025-02-17 07:00:00,2025-02-17 07:15:00,2025-02-17 08:00:00,SHORT,96284.89,9.876454135222787,1.8764541352227866,39.87645413522279,0.0,3,TRAILING_STOP,MACD Divergence
2025-02-17 10:00:00,2025-02-17 10:15:00,2025-02-17 12:30:00,SHORT,96389.82,11.479484036800464,3.4794840368004643,41.479484036800464,0.0,9,TRAILING_STOP,MACD Divergence
2025-02-17 12:45:00,2025-02-17 13:00:00,2025-02-17 14:00:00,SHORT,96457.75,-8.866394872365795,-16.866394872365795,21.133605127634205,-52.538028307731004,4,TRAILING_STOP,MACD Divergence
2025-02-17 17:00:00,2025-02-17 17:15:00,2025-02-17 17:45:00,LONG,95623.8,-12.445395393198066,-20.445395393198066,7.554604606801934,-35.11678055044904,2,TRAILING_STOP,MACD Divergence
2025-02-17 22:00:00,2025-02-17 22:15:00,2025-02-18 00:45:00,SHORT,96126.46,50.8215948033469,42.8215948033469,61.216235363292434,-3.1729036937384354,10,TIME_EXIT,MACD Divergence
2025-02-18 01:00:00,2025-02-18 01:15:00,2025-02-18 02:30:00,LONG,95976.18,16.132923815055797,8.132923815055797,36.1329238150558,0.0,5,TRAILING_STOP,MACD Divergence
2025-02-18 03:45:00,2025-02-18 04:00:00,2025-02-18 06:30:00,SHORT,96200.0,71.78482328482401,63.784823284824014,98.3243243243248,-6.242203742204044,10,TIME_EXIT,MACD Divergence
2025-02-18 06:30:00,2025-02-18 06:45:00,2025-02-18 07:30:00,LONG,95509.43,1.3340190596896413,-6.665980940310359,21.33401905968964,-22.130799021624917,3,TRAILING_STOP,MACD Divergence
2025-02-18 10:45:00,2025-02-18 11:00:00,2025-02-18 12:15:00,SHORT,95742.5,-11.652870982060893,-19.652870982060893,18.347129017939107,-24.677650990939664,5,TRAILING_STOP,MACD Divergence
2025-02-18 14:15:00,2025-02-18 14:30:00,2025-02-18 15:45:00,SHORT,96508.45,105.57880164897449,97.57880164897449,135.5788016489745,0.0,5,TRAILING_STOP,MACD Divergence
2025-02-18 17:00:00,2025-02-18 17:15:00,2025-02-18 19:45:00,LONG,94774.18,-70.69858056276442,-78.69858056276442,0.0,-146.25185889236883,10,TIME_EXIT,MACD Divergence
2025-02-18 22:30:00,2025-02-18 22:45:00,2025-02-18 23:15:00,SHORT,95272.21,-28.419266226739968,-36.419266226739964,1.5807337732600326,-34.93043774254776,2,TRAILING_STOP,MACD Divergence
2025-02-19 02:45:00,2025-02-19 03:00:00,2025-02-19 05:30:00,SHORT,95831.76,53.95288576563695,45.95288576563695,83.66433007178304,0.0,10,TIME_EXIT,MACD Divergence
2025-02-19 05:30:00,2025-02-19 05:45:00,2025-02-19 08:15:00,LONG,95314.71,53.00336118108076,45.00336118108076,57.8389211906529,-6.825808943867344,10,TIME_EXIT,MACD Divergence
2025-02-19 08:30:00,2025-02-19 08:45:00,2025-02-19 09:45:00,SHORT,95758.63,-16.535939371729988,-24.535939371729988,13.464060628270012,-27.73849208160093,4,TRAILING_STOP,MACD Divergence
2025-02-19 11:15:00,2025-02-19 11:30:00,2025-02-19 14:00:00,SHORT,96246.81,7.771686147312614,-0.22831385268738558,19.201675359422058,-25.786828675153217,10,TIME_EXIT,MACD Divergence
2025-02-19 14:30:00,2025-02-19 14:45:00,2025-02-19 15:15:00,SHORT,96005.47,18.862840836048257,10.862840836048257,48.86284083604826,-17.663576877442686,2,TRAILING_STOP,MACD Divergence
2025-02-19 19:00:00,2025-02-19 19:15:00,2025-02-19 20:15:00,LONG,96016.88,28.232144181314844,20.232144181314844,48.232144181314844,-13.705923375140477,4,TRAILING_STOP,MACD Divergence
2025-02-19 21:45:00,2025-02-19 22:00:00,2025-02-20 00:30:00,SHORT,96315.65,-24.39271291840966,-32.39271291840966,0.0,-60.66926818227475,10,TIME_EXIT,MACD Divergence
2025-02-20 00:45:00,2025-02-20 01:00:00,2025-02-20 02:00:00,SHORT,96853.98,-6.574013788591916,-14.574013788591916,23.425986211408084,-10.145169047261591,4,TRAILING_STOP,MACD Divergence
2025-02-20 04:15:00,2025-02-20 04:30:00,2025-02-20 07:00:00,SHORT,97250.0,43.002570694087105,35.002570694087105,48.167609254498,0.0,10,TIME_EXIT,MACD Divergence
2025-02-20 07:15:00,2025-02-20 07:30:00,2025-02-20 10:00:00,LONG,96966.82,16.11169676390294,8.111696763902941,32.71015796949853,-17.037786739835997,10,TIME_EXIT,MACD Divergence
2025-02-20 10:00:00,2025-02-20 10:15:00,2025-02-20 12:45:00,SHORT,97123.05,-31.435380169794673,-39.43538016979467,0.0,-43.94734308693989,10,TIME_EXIT,MACD Divergence
2025-02-20 12:45:00,2025-02-20 13:00:00,2025-02-20 13:45:00,SHORT,97428.37,-13.592048188838572,-21.59204818883857,16.40795181116143,-14.152961811841811,3,TRAILING_STOP,MACD Divergence
2025-02-20 16:00:00,2025-02-20 16:15:00,2025-02-20 16:45:00,LONG,97413.51,36.92126276940491,28.921262769404912,56.92126276940491,0.0,2,TRAILING_STOP,MACD Divergence
2025-02-20 18:45:00,2025-02-20 19:00:00,2025-02-20 20:15:00,SHORT,98295.09,-24.597899040532823,-32.59789904053282,5.4021009594671785,-42.3490125498643,5,TRAILING_STOP,MACD Divergence
2025-02-21 00:45:00,2025-02-21 01:00:00,2025-02-21 02:30:00,LONG,98236.32,-6.013319717188697,-14.013319717188697,13.986680282811303,-12.533042768704068,6,TRAILING_STOP,MACD Divergence
2025-02-21 03:30:00,2025-02-21 03:45:00,2025-02-21 06:15:00,LONG,98143.99,24.155325252212837,16.155325252212837,28.260518040890798,-2.6756605269471225,10,TIME_EXIT,MACD Divergence
2025-02-21 07:15:00,2025-02-21 07:30:00,2025-02-21 10:00:00,SHORT,98435.92,2.997101058231351,-5.002898941768649,32.99710105823135,-46.82132294796446,10,TRAILING_STOP,MACD Divergence
2025-02-21 12:15:00,2025-02-21 12:30:00,2025-02-21 13:00:00,SHORT,98862.79,-22.432946713318763,-30.432946713318763,7.567053286681235,-54.33894794998264,2,TRAILING_STOP,MACD Divergence
2025-02-21 17:30:00,2025-02-21 17:45:00,2025-02-21 18:00:00,LONG,97132.08,-15.318745361985334,-23.318745361985336,4.681254638014666,-46.700328048158816,1,TRAILING_STOP,MACD Divergence
2025-02-21 20:15:00,2025-02-21 20:30:00,2025-02-21 20:45:00,LONG,95250.88,-8.191185215297129,-16.19118521529713,11.808814784702871,-39.78230962275704,1,TRAILING_STOP,MACD Divergence
2025-02-22 00:30:00,2025-02-22 00:45:00,2025-02-22 01:30:00,SHORT,96142.04,-28.094486033373908,-36.09448603337391,1.9055139666260914,-32.15138767598447,3,TRAILING_STOP,MACD Divergence
2025-02-22 04:00:00,2025-02-22 04:15:00,2025-02-22 06:45:00,SHORT,96435.03,4.132315819262546,-3.867684180737454,12.757812176757641,-14.928185328506292,10,TIME_EXIT,MACD Divergence
2025-02-22 07:00:00,2025-02-22 07:15:00,2025-02-22 09:45:00,SHORT,96416.19,-2.4952832091786306,-10.49528320917863,27.50471679082137,-11.782253582099777,10,TRAILING_STOP,MACD Divergence
2025-02-22 09:45:00,2025-02-22 10:00:00,2025-02-22 12:30:00,SHORT,96493.96,-22.888479237456995,-30.888479237456995,4.455201133833168,-30.58637038007347,10,TIME_EXIT,MACD Divergence
2025-02-22 13:15:00,2025-02-22 13:30:00,2025-02-22 16:00:00,SHORT,96768.45,3.4691058914338746,-4.530894108566125,29.253336185502793,-3.2603601690430004,10,TIME_EXIT,MACD Divergence
2025-02-22 16:45:00,2025-02-22 17:00:00,2025-02-22 18:45:00,LONG,96504.01,13.109504983264848,5.1095049832648485,33.10950498326485,-9.214124884551248,7,TRAILING_STOP,MACD Divergence
2025-02-22 23:30:00,2025-02-22 23:45:00,2025-02-23 02:15:00,SHORT,96600.19,17.523775056757014,9.523775056757014,25.364339345502742,-5.156304557992865,10,TIME_EXIT,MACD Divergence
2025-02-23 02:15:00,2025-02-23 02:30:00,2025-02-23 05:00:00,LONG,96430.92,-5.987896828113291,-13.987896828113291,14.012103171886709,-8.679788598926267,10,TRAILING_STOP,MACD Divergence
2025-02-23 05:00:00,2025-02-23 05:15:00,2025-02-23 07:45:00,LONG,96354.3,16.039761588222103,8.039761588222103,21.141765338961715,-21.82673736408211,10,TIME_EXIT,MACD Divergence
2025-02-23 08:00:00,2025-02-23 08:15:00,2025-02-23 10:45:00,SHORT,96432.14,24.707530082812095,16.707530082812095,36.171550273591116,-3.9872598492574247,10,TIME_EXIT,MACD Divergence
2025-02-23 10:45:00,2025-02-23 11:00:00,2025-02-23 12:00:00,LONG,96193.89,-14.58385558583754,-22.58385558583754,5.416144414162461,-19.948252430585708,4,TRAILING_STOP,MACD Divergence
2025-02-23 13:30:00,2025-02-23 13:45:00,2025-02-23 14:30:00,LONG,95886.25,-2.980875777287949,-10.980875777287949,17.01912422271205,-13.374180343897612,3,TRAILING_STOP,MACD Divergence
2025-02-23 16:15:00,2025-02-23 16:30:00,2025-02-23 17:00:00,LONG,95566.99,-16.406709052990315,-24.406709052990315,3.5932909470096845,-26.13140792652468,2,TRAILING_STOP,MACD Divergence
2025-02-23 19:30:00,2025-02-23 19:45:00,2025-02-23 22:15:00,SHORT,95791.49,18.393074374352285,10.393074374352285,28.051552387378713,-2.082648469086042,10,TIME_EXIT,MACD Divergence
2025-02-23 22:30:00,2025-02-23 22:45:00,2025-02-23 23:00:00,SHORT,95840.51,-23.122949783970377,-31.122949783970377,6.877050216029625,-35.631070827983415,1,TRAILING_STOP,MACD Divergence
2025-02-24 03:30:00,2025-02-24 03:45:00,2025-02-24 06:15:00,LONG,95747.13,-7.152172602981465,-15.152172602981466,1.8653300626348364,-69.88407903192606,10,TIME_EXIT,MACD Divergence
2025-02-24 07:45:00,2025-02-24 08:00:00,2025-02-24 09:00:00,SHORT,95872.02,21.7491964808924,13.749196480892401,51.7491964808924,0.0,4,TRAILING_STOP,MACD Divergence
2025-02-24 10:30:00,2025-02-24 10:45:00,2025-02-24 11:00:00,LONG,95553.46,-6.548891060564545,-14.548891060564545,13.451108939435455,-12.647370383030172,1,TRAILING_STOP,MACD Divergence
2025-02-24 13:30:00,2025-02-24 13:45:00,2025-02-24 15:00:00,SHORT,95874.41,145.89782299572985,137.89782299572985,175.89782299572985,0.0,5,TRAILING_STOP,MACD Divergence
2025-02-24 19:30:00,2025-02-24 19:45:00,2025-02-24 20:15:00,LONG,93770.05,55.56357280389609,47.56357280389609,75.5635728038961,0.0,2,TRAILING_STOP,MACD Divergence
2025-02-24 22:15:00,2025-02-24 22:30:00,2025-02-25 01:00:00,LONG,93507.73,-190.42596799216386,-198.42596799216386,0.0,-277.59416253608134,10,TIME_EXIT,MACD Divergence
2025-02-25 10:00:00,2025-02-25 10:15:00,2025-02-25 10:30:00,LONG,87746.65,61.752408781418524,53.752408781418524,81.75240878141852,-1.1635771849970171,1,TRAILING_STOP,MACD Divergence
2025-02-25 15:00:00,2025-02-25 15:15:00,2025-02-25 15:30:00,LONG,86828.15,22.297342509314014,14.297342509314014,42.297342509314014,-89.50553478336103,1,TRAILING_STOP,MACD Divergence
2025-02-25 22:00:00,2025-02-25 22:15:00,2025-02-25 22:45:00,SHORT,88987.38,23.382850467112092,15.382850467112092,53.38285046711209,-7.0729130355340635,2,TRAILING_STOP,MACD Divergence
2025-02-26 03:00:00,2025-02-26 03:15:00,2025-02-26 04:15:00,SHORT,89271.31,13.361075355564573,5.361075355564573,43.36107535556457,0.0,4,TRAILING_STOP,MACD Divergence
2025-02-26 07:30:00,2025-02-26 07:45:00,2025-02-26 08:00:00,LONG,88582.83,5.396569515785526,-2.603430484214474,25.396569515785526,-50.216277804626664,1,TRAILING_STOP,MACD Divergence
2025-02-26 11:00:00,2025-02-26 11:15:00,2025-02-26 12:45:00,SHORT,89190.23,146.47560724980647,138.47560724980647,176.47560724980647,0.0,6,TRAILING_STOP,MACD Divergence
2025-02-26 18:15:00,2025-02-26 18:30:00,2025-02-26 21:00:00,LONG,85152.72,-81.29158998091913,-89.29158998091913,0.0,-340.17821157092885,10,TIME_EXIT,MACD Divergence
2025-02-27 05:00:00,2025-02-27 05:15:00,2025-02-27 05:30:00,SHORT,85543.39,-3.2217766913384622,-11.221776691338462,26.778223308661538,-29.997642132255994,1,TRAILING_STOP,MACD Divergence
2025-02-27 10:45:00,2025-02-27 11:00:00,2025-02-27 11:45:00,SHORT,87013.47,41.668214128226424,33.668214128226424,71.66821412822642,0.0,3,TRAILING_STOP,MACD Divergence
2025-02-27 14:15:00,2025-02-27 14:30:00,2025-02-27 17:00:00,LONG,86318.0,-196.58472161078856,-204.58472161078856,0.0,-227.41027363933435,10,TIME_EXIT,MACD Divergence
2025-02-27 17:00:00,2025-02-27 17:15:00,2025-02-27 17:30:00,LONG,84621.13,29.460459816595872,21.460459816595872,49.46045981659587,-31.44368315573211,1,TRAILING_STOP,MACD Divergence
2025-02-27 20:00:00,2025-02-27 20:15:00,2025-02-27 20:45:00,LONG,83219.97,57.26991490143455,49.26991490143455,77.26991490143455,-60.499901646202936,2,TRAILING_STOP,MACD Divergence
2025-02-27 23:45:00,2025-02-28 00:00:00,2025-02-28 01:30:00,SHORT,84708.57,394.69964963403424,386.69964963403424,424.69964963403424,-9.378035776071744,6,TRAILING_STOP,MACD Divergence
2025-02-28 04:00:00,2025-02-28 04:15:00,2025-02-28 04:45:00,LONG,80017.26,99.02806969396448,91.02806969396448,119.02806969396448,-59.392186135840035,2,TRAILING_STOP,MACD Divergence
2025-02-28 06:45:00,2025-02-28 07:00:00,2025-02-28 07:15:00,LONG,79344.56,97.35650181940683,89.35650181940683,117.35650181940683,0.0,1,TRAILING_STOP,MACD Divergence
2025-02-28 11:15:00,2025-02-28 11:30:00,2025-02-28 12:45:00,SHORT,80616.68,37.1337494920396,29.1337494920396,67.1337494920396,-26.45110168267972,5,TRAILING_STOP,MACD Divergence
2025-02-28 14:00:00,2025-02-28 14:15:00,2025-02-28 14:30:00,SHORT,81959.16,78.21609201460917,70.21609201460917,108.21609201460917,-58.019140264491426,1,TRAILING_STOP,MACD Divergence
2025-02-28 18:30:00,2025-02-28 18:45:00,2025-02-28 19:15:00,SHORT,84411.4,-6.121708679159724,-14.121708679159724,23.878291320840276,-41.07383599845594,2,TRAILING_STOP,MACD Divergence
2025-03-01 04:00:00,2025-03-01 04:15:00,2025-03-01 06:45:00,SHORT,85886.8,94.44757518035455,86.44757518035455,123.17841624091272,-78.14937801850775,10,TIME_EXIT,MACD Divergence
2025-03-01 08:00:00,2025-03-01 08:15:00,2025-03-01 08:30:00,LONG,85022.38,16.79148948782634,8.79148948782634,36.79148948782634,0.0,1,TRAILING_STOP,MACD Divergence
2025-03-01 10:45:00,2025-03-01 11:00:00,2025-03-01 12:45:00,LONG,84900.01,-14.926973506833864,-22.926973506833864,5.073026493166136,-60.9411000069375,7,TRAILING_STOP,MACD Divergence
2025-03-01 13:30:00,2025-03-01 13:45:00,2025-03-01 14:00:00,LONG,84500.0,22.433136094674282,14.433136094674282,42.43313609467428,-1.9798816568042514,1,TRAILING_STOP,MACD Divergence
2025-03-01 17:00:00,2025-03-01 17:15:00,2025-03-01 18:30:00,SHORT,85052.08,-22.74679702130714,-30.74679702130714,7.253202978692857,-37.7792053997965,5,TRAILING_STOP,MACD Divergence
2025-03-01 19:45:00,2025-03-01 20:00:00,2025-03-01 21:15:00,SHORT,85485.41,-6.659174939910933,-14.659174939910933,23.340825060089067,-12.93086153531855,5,TRAILING_STOP,MACD Divergence
2025-03-01 22:45:00,2025-03-01 23:00:00,2025-03-01 23:45:00,SHORT,86116.36,20.759228560054716,12.759228560054716,50.759228560054716,0.0,3,TRAILING_STOP,MACD Divergence
2025-03-02 01:30:00,2025-03-02 01:45:00,2025-03-02 03:00:00,SHORT,86200.01,38.23897120197563,30.23897120197563,68.23897120197563,-34.569601558051474,5,TRAILING_STOP,MACD Divergence
2025-03-02 04:30:00,2025-03-02 04:45:00,2025-03-02 06:45:00,LONG,85787.64,73.52512786224237,65.52512786224237,93.52512786224237,-13.381881119471629,8,TRAILING_STOP,MACD Divergence
2025-03-02 13:15:00,2025-03-02 13:30:00,2025-03-02 14:00:00,LONG,85715.38,2.9200407208125156,-5.079959279187484,22.920040720812516,-27.71614615720154,2,TRAILING_STOP,MACD Divergence
2025-03-02 17:45:00,2025-03-02 18:00:00,2025-03-02 18:15:00,SHORT,94093.74,68.70263420287156,60.702634202871565,98.70263420287156,-1.7280639498435029,1,TRAILING_STOP,MACD Divergence
2025-03-02 22:45:00,2025-03-02 23:00:00,2025-03-02 23:30:00,SHORT,94247.4,17.47080556068328,9.470805560683281,47.47080556068328,-62.65743139863793,2,TRAILING_STOP,MACD Divergence
2025-03-03 01:30:00,2025-03-03 01:45:00,2025-03-03 02:00:00,LONG,92962.27,4.1700208052150955,-3.8299791947849045,24.170020805215096,-16.91438903116342,1,TRAILING_STOP,MACD Divergence
2025-03-03 06:30:00,2025-03-03 06:45:00,2025-03-03 07:00:00,LONG,91994.0,-5.093593060416477,-13.093593060416477,14.906406939583523,-88.37532882579298,1,TRAILING_STOP,MACD Divergence
2025-03-03 12:15:00,2025-03-03 12:30:00,2025-03-03 14:15:00,SHORT,92856.75,-15.381784307548429,-23.38178430754843,14.618215692451571,-93.11331701787918,7,TRAILING_STOP,MACD Divergence
2025-03-03 18:15:00,2025-03-03 18:30:00,2025-03-03 18:45:00,LONG,87766.09,-2.44082651967285,-10.44082651967285,17.55917348032715,-112.12872762133993,1,TRAILING_STOP,MACD Divergence
2025-03-03 21:45:00,2025-03-03 22:00:00,2025-03-03 22:15:00,LONG,85374.33,123.56423060655331,115.56423060655331,143.5642306065533,0.0,1,TRAILING_STOP,MACD Divergence
2025-03-04 01:30:00,2025-03-04 01:45:00,2025-03-04 02:15:00,LONG,83571.05,12.884593408841035,4.8845934088410345,32.884593408841035,-132.36760816096083,2,TRAILING_STOP,MACD Divergence
2025-03-04 07:45:00,2025-03-04 08:00:00,2025-03-04 08:15:00,LONG,83186.4,65.54282911629856,57.54282911629856,85.54282911629856,0.0,1,TRAILING_STOP,MACD Divergence
2025-03-04 11:00:00,2025-03-04 11:15:00,2025-03-04 12:30:00,SHORT,84044.54,64.69740687497251,56.697406874972515,94.69740687497251,-8.9785725521261,5,TRAILING_STOP,MACD Divergence
2025-03-04 14:30:00,2025-03-04 14:45:00,2025-03-04 17:15:00,LONG,84089.49,77.18087004689822,69.18087004689822,88.27262479532207,-307.9445481236722,10,TIME_EXIT,MACD Divergence
2025-03-04 18:15:00,2025-03-04 18:30:00,2025-03-04 21:00:00,SHORT,85382.0,-206.63957274366985,-214.63957274366985,0.0,-405.00691012157114,10,TIME_EXIT,MACD Divergence
2025-03-04 21:15:00,2025-03-04 21:30:00,2025-03-04 22:00:00,SHORT,88779.74,135.05680237405628,127.05680237405628,165.05680237405628,0.0,2,TRAILING_STOP,MACD Divergence
2025-03-05 08:45:00,2025-03-05 09:00:00,2025-03-05 11:30:00,SHORT,87760.0,-237.94097538742002,-245.94097538742002,0.0,-330.4466727438469,10,TIME_EXIT,MACD Divergence
2025-03-05 12:15:00,2025-03-05 12:30:00,2025-03-05 13:15:00,SHORT,90380.0,78.12347864571821,70.12347864571821,108.12347864571821,-33.11020137198495,3,TRAILING_STOP,MACD Divergence
2025-03-05 15:30:00,2025-03-05 15:45:00,2025-03-05 16:15:00,LONG,88592.0,80.2347841791584,72.2347841791584,100.2347841791584,-111.97399313707784,2,TRAILING_STOP,MACD Divergence
2025-03-05 20:45:00,2025-03-05 21:00:00,2025-03-05 21:15:00,SHORT,90499.64,32.70853674114005,24.70853674114005,62.70853674114005,0.0,1,TRAILING_STOP,MACD Divergence
2025-03-05 23:30:00,2025-03-05 23:45:00,2025-03-06 01:00:00,SHORT,90861.53,66.27836995480958,58.27836995480958,96.27836995480958,0.0,5,TRAILING_STOP,MACD Divergence
2025-03-06 03:00:00,2025-03-06 03:15:00,2025-03-06 04:00:00,SHORT,91674.26,-0.7115170605140406,-8.71151706051404,29.28848293948596,-23.184261318281507,3,TRAILING_STOP,MACD Divergence
2025-03-06 05:45:00,2025-03-06 06:00:00,2025-03-06 08:15:00,SHORT,92737.99,140.33472474441257,132.33472474441257,170.33472474441257,0.0,9,TRAILING_STOP,MACD Divergence
2025-03-06 08:45:00,2025-03-06 09:00:00,2025-03-06 10:30:00,LONG,91156.08,36.10377278180437,28.103772781804373,56.10377278180437,-59.55828728045386,6,TRAILING_STOP,MACD Divergence
2025-03-06 12:15:00,2025-03-06 12:30:00,2025-03-06 15:00:00,LONG,90857.02,8.077081991021856,0.07708199102185631,28.077081991021856,-191.43705131425298,10,TRAILING_STOP,MACD Divergence
2025-03-06 17:00:00,2025-03-06 17:15:00,2025-03-06 17:30:00,LONG,88708.3,12.607997222356282,4.607997222356282,32.60799722235628,-51.38301601992121,1,TRAILING_STOP,MACD Divergence
2025-03-06 22:45:00,2025-03-06 23:00:00,2025-03-07 00:00:00,SHORT,90313.66,20.22828218898499,12.228282188984991,50.22828218898499,-107.3326006276349,4,TRAILING_STOP,MACD Divergence
2025-03-07 07:00:00,2025-03-07 07:15:00,2025-03-07 08:45:00,SHORT,88541.0,32.761884324775764,24.761884324775764,62.761884324775764,0.0,6,TRAILING_STOP,MACD Divergence
2025-03-07 13:00:00,2025-03-07 13:15:00,2025-03-07 13:30:00,SHORT,89448.65,8.868110362761009,0.8681103627610085,38.86811036276101,-100.33466128331848,1,TRAILING_STOP,MACD Divergence
2025-03-07 17:15:00,2025-03-07 17:30:00,2025-03-07 17:45:00,LONG,87357.99,126.33692922650752,118.33692922650752,146.33692922650752,-6.3199714187570475,1,TRAILING_STOP,MACD Divergence
2025-03-07 20:45:00,2025-03-07 21:00:00,2025-03-07 21:30:00,LONG,86986.73,7.9444922231243496,-0.05550777687565045,27.94449222312435,-90.44253071704108,2,TRAILING_STOP,MACD Divergence
2025-03-08 01:30:00,2025-03-08 01:45:00,2025-03-08 02:15:00,LONG,85638.12,62.090779199731315,54.090779199731315,82.09077919973132,0.0,2,TRAILING_STOP,MACD Divergence
2025-03-08 06:00:00,2025-03-08 06:15:00,2025-03-08 08:45:00,SHORT,86521.99,52.058442021502074,44.058442021502074,55.70606963617116,-14.936087346118128,10,TIME_EXIT,MACD Divergence
2025-03-08 09:30:00,2025-03-08 09:45:00,2025-03-08 11:00:00,LONG,86085.08,0.784089414797343,-7.215910585202657,20.784089414797343,-31.147093085120517,5,TRAILING_STOP,MACD Divergence
2025-03-08 12:30:00,2025-03-08 12:45:00,2025-03-08 14:15:00,SHORT,86325.16,-7.2441777113413615,-15.244177711341361,22.75582228865864,-24.63708147195939,6,TRAILING_STOP,MACD Divergence
2025-03-08 15:15:00,2025-03-08 15:30:00,2025-03-08 16:30:00,SHORT,86550.0,54.494511842865734,46.494511842865734,84.49451184286573,0.0,4,TRAILING_STOP,MACD Divergence
2025-03-08 21:30:00,2025-03-08 21:45:00,2025-03-08 22:30:00,SHORT,86314.81,23.60493755359044,15.604937553590439,53.60493755359044,0.0,3,TRAILING_STOP,MACD Divergence
2025-03-09 00:30:00,2025-03-09 00:45:00,2025-03-09 03:15:00,SHORT,86320.84,27.955010632426387,19.955010632426387,44.136502842186275,-20.755127035372166,10,TIME_EXIT,MACD Divergence
2025-03-09 03:15:00,2025-03-09 03:30:00,2025-03-09 04:00:00,LONG,86079.53,-3.9776076844287758,-11.977607684428776,16.022392315571224,-9.239130371645714,2,TRAILING_STOP,MACD Divergence
2025-03-09 06:00:00,2025-03-09 06:15:00,2025-03-09 08:00:00,LONG,85873.84,12.877300001956563,4.877300001956563,32.87730000195656,-3.135995781718043,7,TRAILING_STOP,MACD Divergence
2025-03-09 08:45:00,2025-03-09 09:00:00,2025-03-09 09:45:00,LONG,85792.0,-8.385863483774779,-16.385863483774777,11.614136516225221,-47.74454494591577,3,TRAILING_STOP,MACD Divergence
2025-03-09 12:00:00,2025-03-09 12:15:00,2025-03-09 12:45:00,LONG,84418.51,25.74115321391001,17.74115321391001,45.74115321391001,-1.025841370570144,2,TRAILING_STOP,MACD Divergence
2025-03-09 15:45:00,2025-03-09 16:00:00,2025-03-09 16:15:00,LONG,83080.4,61.58602991800798,53.58602991800798,81.58602991800798,0.0,1,TRAILING_STOP,MACD Divergence
2025-03-09 21:15:00,2025-03-09 21:30:00,2025-03-09 21:45:00,LONG,82041.61,16.823996993720698,8.823996993720698,36.8239969937207,-59.312585406356675,1,TRAILING_STOP,MACD Divergence
2025-03-10 00:30:00,2025-03-10 00:45:00,2025-03-10 01:00:00,LONG,80792.01,114.44646320842881,106.44646320842881,134.4464632084288,0.0,1,TRAILING_STOP,MACD Divergence
2025-03-10 05:00:00,2025-03-10 05:15:00,2025-03-10 06:45:00,SHORT,82450.01,27.33656066263555,19.33656066263555,57.33656066263555,-15.064885983641046,6,TRAILING_STOP,MACD Divergence
2025-03-10 09:15:00,2025-03-10 09:30:00,2025-03-10 09:45:00,SHORT,83238.9,105.00298538303608,97.00298538303608,135.00298538303608,0.0,1,TRAILING_STOP,MACD Divergence
2025-03-10 16:30:00,2025-03-10 16:45:00,2025-03-10 19:15:00,LONG,79345.99,-95.6040752658076,-103.6040752658076,0.0,-237.70325381282677,10,TIME_EXIT,MACD Divergence
2025-03-10 22:00:00,2025-03-10 22:15:00,2025-03-10 22:45:00,SHORT,79440.38,-0.8133319603958888,-8.813331960395889,29.18666803960411,-35.19872387317323,2,TRAILING_STOP,MACD Divergence
2025-03-11 00:45:00,2025-03-11 01:00:00,2025-03-11 02:00:00,LONG,77673.6,214.47992625550938,206.47992625550938,234.47992625550938,-88.00931075680873,4,TRAILING_STOP,MACD Divergence
2025-03-11 04:00:00,2025-03-11 04:15:00,2025-03-11 05:00:00,SHORT,79801.53,-19.767113487673296,-27.767113487673296,10.232886512326704,-63.71682347443729,3,TRAILING_STOP,MACD Divergence
2025-03-11 07:00:00,2025-03-11 07:15:00,2025-03-11 08:00:00,SHORT,80454.94,-6.25130290321427,-14.25130290321427,23.74869709678573,-47.83547163169851,3,TRAILING_STOP,MACD Divergence
2025-03-11 10:15:00,2025-03-11 10:30:00,2025-03-11 11:15:00,SHORT,81725.75,9.858918394753182,1.8589183947531822,39.85891839475318,-25.72628577896196,3,TRAILING_STOP,MACD Divergence
2025-03-11 13:15:00,2025-03-11 13:30:00,2025-03-11 14:00:00,SHORT,81448.97,141.1857129685014,133.1857129685014,171.1857129685014,-13.800051737915677,2,TRAILING_STOP,MACD Divergence
2025-03-11 19:00:00,2025-03-11 19:15:00,2025-03-11 20:30:00,SHORT,83084.57,29.906430279414153,21.906430279414153,59.90643027941415,-48.083537051464546,5,TRAILING_STOP,MACD Divergence
2025-03-12 00:45:00,2025-03-12 01:00:00,2025-03-12 01:30:00,LONG,82765.52,71.57557398298142,63.575573982981425,91.57557398298142,0.0,2,TRAILING_STOP,MACD Divergence
2025-03-12 04:45:00,2025-03-12 05:00:00,2025-03-12 06:00:00,LONG,81811.05,9.076756746184056,1.0767567461840564,29.076756746184056,-37.89830346878605,4,TRAILING_STOP,MACD Divergence
2025-03-12 09:00:00,2025-03-12 09:15:00,2025-03-12 09:30:00,SHORT,82558.95,10.075606581721381,2.075606581721381,40.07560658172138,0.0,1,TRAILING_STOP,MACD Divergence
2025-03-12 11:45:00,2025-03-12 12:00:00,2025-03-12 12:15:00,SHORT,83004.45,-23.21723112435503,-31.21723112435503,6.78276887564497,-61.02684856052934,1,TRAILING_STOP,MACD Divergence
2025-03-12 19:15:00,2025-03-12 19:30:00,2025-03-12 19:45:00,SHORT,82771.45,-17.101832817959,-25.101832817959,12.898167182041002,-47.602162339793416,1,TRAILING_STOP,MACD Divergence
2025-03-12 22:00:00,2025-03-12 22:15:00,2025-03-13 00:45:00,SHORT,83405.7,-4.697520673048433,-12.697520673048434,0.0,-71.25412291965692,10,TIME_EXIT,MACD Divergence
2025-03-13 01:45:00,2025-03-13 02:00:00,2025-03-13 04:30:00,SHORT,83919.69,72.18210648776228,64.18210648776228,78.08656109192049,-33.347358647296154,10,TIME_EXIT,MACD Divergence
2025-03-13 05:00:00,2025-03-13 05:15:00,2025-03-13 05:30:00,LONG,83370.0,-8.987645436008435,-16.987645436008435,11.012354563991565,-34.523209787694256,1,TRAILING_STOP,MACD Divergence
2025-03-13 08:15:00,2025-03-13 08:30:00,2025-03-13 09:15:00,LONG,82641.48,82.31302730783607,74.31302730783607,102.31302730783607,-0.6219636918408792,3,TRAILING_STOP,MACD Divergence
2025-03-13 12:30:00,2025-03-13 12:45:00,2025-03-13 13:15:00,SHORT,83007.22,34.14261313654494,26.142613136544938,64.14261313654494,0.0,2,TRAILING_STOP,MACD Divergence
2025-03-13 15:15:00,2025-03-13 15:30:00,2025-03-13 18:00:00,LONG,81586.41,-104.9329171365673,-112.9329171365673,0.0,-201.81179684214678,10,TIME_EXIT,MACD Divergence
2025-03-13 18:00:00,2025-03-13 18:15:00,2025-03-13 18:30:00,LONG,80730.29,8.186446499820939,0.18644649982093853,28.18644649982094,-10.646561532232461,1,TRAILING_STOP,MACD Divergence
2025-03-14 00:30:00,2025-03-14 00:45:00,2025-03-14 01:30:00,SHORT,81537.35,10.632912401496029,2.6329124014960286,40.63291240149603,-37.117958825004024,3,TRAILING_STOP,MACD Divergence
2025-03-14 03:15:00,2025-03-14 03:30:00,2025-03-14 04:00:00,SHORT,82018.86,7.7839926085285995,-0.21600739147140047,37.7839926085286,-0.007315390630602729,2,TRAILING_STOP,MACD Divergence
2025-03-14 06:00:00,2025-03-14 06:15:00,2025-03-14 06:45:00,SHORT,82056.65,3.7047637211600133,-4.295236278839987,33.70476372116001,0.0,2,TRAILING_STOP,MACD Divergence
2025-03-14 09:45:00,2025-03-14 10:00:00,2025-03-14 10:15:00,SHORT,82776.51,-17.409471600095102,-25.409471600095102,12.590528399904898,-26.999205450919018,1,TRAILING_STOP,MACD Divergence
2025-03-14 12:30:00,2025-03-14 12:45:00,2025-03-14 13:45:00,SHORT,83271.4,-2.311021551217774,-10.311021551217774,27.688978448782226,-74.04703175400027,4,TRAILING_STOP,MACD Divergence
2025-03-15 03:30:00,2025-03-15 03:45:00,2025-03-15 06:15:00,SHORT,84436.93,20.641442079904326,12.641442079904326,31.500434703156067,-14.456944372563875,10,TIME_EXIT,MACD Divergence
2025-03-15 08:15:00,2025-03-15 08:30:00,2025-03-15 09:00:00,LONG,83822.6,1.7459253232420409,-6.254074676757959,21.74592532324204,-8.06465082209402,2,TRAILING_STOP,MACD Divergence
2025-03-15 12:45:00,2025-03-15 13:00:00,2025-03-15 15:30:00,SHORT,84136.53,-25.861537194366885,-33.86153719436689,3.529976812687318,-43.169120475970004,10,TIME_EXIT,MACD Divergence
2025-03-15 16:30:00,2025-03-15 16:45:00,2025-03-15 19:15:00,SHORT,84400.01,20.70023451418926,12.700234514189258,38.28080115156344,-11.305685864255024,10,TIME_EXIT,MACD Divergence
2025-03-15 20:00:00,2025-03-15 20:15:00,2025-03-15 22:45:00,SHORT,84405.33,2.6870341008094587,-5.312965899190541,19.874337319692962,-7.3893437772229955,10,TIME_EXIT,MACD Divergence
2025-03-15 22:45:00,2025-03-15 23:00:00,2025-03-16 01:30:00,SHORT,84382.65,44.472412279063235,36.472412279063235,64.30824345999969,-3.4414657515506035,10,TIME_EXIT,MACD Divergence
2025-03-16 02:15:00,2025-03-16 02:30:00,2025-03-16 05:00:00,LONG,83951.99,45.26277459295374,37.26277459295374,55.509107050350416,-7.62221360089323,10,TIME_EXIT,MACD Divergence
2025-03-16 05:00:00,2025-03-16 05:15:00,2025-03-16 07:30:00,SHORT,84331.97,12.617289741956014,4.617289741956014,42.617289741956014,-9.252718749484785,9,TRAILING_STOP,MACD Divergence
2025-03-16 07:45:00,2025-03-16 08:00:00,2025-03-16 10:30:00,SHORT,84273.95,54.32639623513574,46.32639623513574,74.15221429635177,-3.091109411627545,10,TIME_EXIT,MACD Divergence
2025-03-16 12:00:00,2025-03-16 12:15:00,2025-03-16 12:30:00,LONG,82633.62,10.641281357395652,2.641281357395652,30.641281357395652,-3.8204788801449623,1,TRAILING_STOP,MACD Divergence
2025-03-16 22:00:00,2025-03-16 22:15:00,2025-03-17 00:45:00,LONG,82574.3,58.203339295640475,50.203339295640475,70.50619865987323,-71.83591020450764,10,TIME_EXIT,MACD Divergence
2025-03-17 02:30:00,2025-03-17 02:45:00,2025-03-17 03:00:00,SHORT,83325.89,-16.391984532058473,-24.391984532058473,13.608015467941527,-34.74550346837029,1,TRAILING_STOP,MACD Divergence
2025-03-17 09:15:00,2025-03-17 09:30:00,2025-03-17 11:15:00,SHORT,83756.37,34.02617496436328,26.02617496436328,64.02617496436328,0.0,7,TRAILING_STOP,MACD Divergence
2025-03-17 12:00:00,2025-03-17 12:15:00,2025-03-17 12:30:00,LONG,83358.5,44.34976637055651,36.34976637055651,64.34976637055651,-25.777815099840407,1,TRAILING_STOP,MACD Divergence
2025-03-17 18:00:00,2025-03-17 18:15:00,2025-03-17 18:30:00,SHORT,84116.5,-27.332271314188972,-35.33227131418897,2.6677286858110274,-44.829492430141116,1,TRAILING_STOP,MACD Divergence
2025-03-17 23:15:00,2025-03-17 23:30:00,2025-03-18 00:00:00,LONG,83849.02,14.819727171527092,6.8197271715270915,34.81972717152709,0.0,2,TRAILING_STOP,MACD Divergence
2025-03-18 02:00:00,2025-03-18 02:15:00,2025-03-18 03:00:00,LONG,83373.58,-0.9256121663482801,-8.92561216634828,19.07438783365172,-25.997444274313274,3,TRAILING_STOP,MACD Divergence
2025-03-18 04:45:00,2025-03-18 05:00:00,2025-03-18 06:00:00,LONG,82989.11,-7.09228234885332,-15.09228234885332,12.90771765114668,-29.26890046175868,4,TRAILING_STOP,MACD Divergence
2025-03-18 12:15:00,2025-03-18 12:30:00,2025-03-18 15:00:00,LONG,82610.04,-101.35814000332073,-109.35814000332073,0.0,-178.59572516851344,10,TIME_EXIT,MACD Divergence
2025-03-18 22:45:00,2025-03-18 23:00:00,2025-03-19 01:30:00,SHORT,82395.74,-61.19005667040468,-69.19005667040469,0.0,-107.31865506638994,10,TIME_EXIT,MACD Divergence
2025-03-19 05:30:00,2025-03-19 05:45:00,2025-03-19 07:15:00,SHORT,83153.54,-16.344538067773378,-24.344538067773378,13.65546193222662,-20.35631916572693,6,TRAILING_STOP,MACD Divergence
2025-03-19 08:15:00,2025-03-19 08:30:00,2025-03-19 11:00:00,SHORT,83406.02,-24.50159592796772,-32.50159592796772,5.49840407203228,-47.23639852375115,10,TRAILING_STOP,MACD Divergence
2025-03-19 11:00:00,2025-03-19 11:15:00,2025-03-19 13:00:00,SHORT,83687.77,-8.783040819465295,-16.783040819465295,21.216959180534705,-51.539191449359016,7,TRAILING_STOP,MACD Divergence
2025-03-19 13:45:00,2025-03-19 14:00:00,2025-03-19 14:30:00,SHORT,84092.17,-3.942877202479689,-11.94287720247969,26.05712279752031,-28.97297096745148,2,TRAILING_STOP,MACD Divergence
2025-03-19 18:00:00,2025-03-19 18:15:00,2025-03-19 18:45:00,LONG,84516.12,140.19310872292758,132.19310872292758,160.19310872292758,-31.062713243343268,2,TRAILING_STOP,MACD Divergence
2025-03-19 21:15:00,2025-03-19 21:30:00,2025-03-19 22:00:00,SHORT,85644.8,-12.32700642654305,-20.32700642654305,17.67299357345695,-26.052953594379357,2,TRAILING_STOP,MACD Divergence
2025-03-20 04:30:00,2025-03-20 04:45:00,2025-03-20 05:15:00,LONG,85525.87,2.394393649547073,-5.605606350452927,22.394393649547073,-6.678680965185779,2,TRAILING_STOP,MACD Divergence
2025-03-20 10:00:00,2025-03-20 10:15:00,2025-03-20 12:15:00,LONG,85545.89,-17.883007588090955,-25.883007588090955,2.116992411909045,-50.55765975431432,8,TRAILING_STOP,MACD Divergence
2025-03-20 15:30:00,2025-03-20 15:45:00,2025-03-20 18:15:00,LONG,85041.83,-125.0643359861855,-133.06433598618548,0.0,-163.0491723896353,10,TIME_EXIT,MACD Divergence
2025-03-20 21:00:00,2025-03-20 21:15:00,2025-03-20 23:30:00,SHORT,84336.96,19.201441455799646,11.201441455799646,49.201441455799646,-28.450159929879824,9,TRAILING_STOP,MACD Divergence
2025-03-21 00:45:00,2025-03-21 01:00:00,2025-03-21 01:45:00,SHORT,84507.08,-13.940990506356815,-21.940990506356815,16.059009493643185,-33.43388506619725,3,TRAILING_STOP,MACD Divergence
2025-03-21 04:30:00,2025-03-21 04:45:00,2025-03-21 07:15:00,SHORT,84728.27,76.97430857493046,68.97430857493046,91.76866233666853,0.0,10,TIME_EXIT,MACD Divergence
2025-03-21 07:45:00,2025-03-21 08:00:00,2025-03-21 08:15:00,LONG,83937.99,1.6350188990695713,-6.364981100930429,21.63501889906957,-15.485240949897712,1,TRAILING_STOP,MACD Divergence
2025-03-21 12:00:00,2025-03-21 12:15:00,2025-03-21 13:15:00,SHORT,84191.75,66.66030222676247,58.66030222676247,96.66030222676247,-10.859733881288014,4,TRAILING_STOP,MACD Divergence
2025-03-21 21:15:00,2025-03-21 21:30:00,2025-03-22 00:00:00,SHORT,84360.09,33.368859611221374,25.368859611221374,37.531965648684746,-6.492406539633146,10,TIME_EXIT,MACD Divergence
2025-03-22 01:30:00,2025-03-22 01:45:00,2025-03-22 04:15:00,LONG,84036.24,25.17128324637071,17.17128324637071,37.33627301744994,-1.9753382588280746,10,TIME_EXIT,MACD Divergence
2025-03-22 04:15:00,2025-03-22 04:30:00,2025-03-22 07:00:00,SHORT,84247.78,-14.280494987523431,-22.280494987523433,11.225221602277525,-21.521041860093842,10,TIME_EXIT,MACD Divergence
2025-03-22 07:00:00,2025-03-22 07:15:00,2025-03-22 09:30:00,SHORT,84368.09,0.7094779554682944,-7.290522044531706,30.709477955468294,-20.277808825588174,9,TRAILING_STOP,MACD Divergence
2025-03-22 09:45:00,2025-03-22 10:00:00,2025-03-22 12:30:00,SHORT,84360.01,15.42911149488827,7.42911149488827,21.754383386155308,-9.48198085799246,10,TIME_EXIT,MACD Divergence
2025-03-22 12:30:00,2025-03-22 12:45:00,2025-03-22 14:45:00,LONG,84229.86,-18.523089080285505,-26.523089080285505,1.4769109197144965,-27.086593756655205,8,TRAILING_STOP,MACD Divergence
2025-03-22 15:15:00,2025-03-22 15:30:00,2025-03-22 18:00:00,LONG,84014.18,28.23570973376175,20.23570973376175,29.07128296675695,0.0,10,TIME_EXIT,MACD Divergence
2025-03-22 18:15:00,2025-03-22 18:30:00,2025-03-22 21:00:00,SHORT,84196.19,14.552915042830184,6.552915042830184,42.137298611730394,-14.704940924286202,10,TIME_EXIT,MACD Divergence
2025-03-22 23:00:00,2025-03-22 23:15:00,2025-03-23 01:45:00,LONG,83870.78,23.462283288649374,15.462283288649374,31.21587756784874,-29.29268095515423,10,TIME_EXIT,MACD Divergence
2025-03-23 01:45:00,2025-03-23 02:00:00,2025-03-23 04:30:00,SHORT,84067.57,-1.417907047866169,-9.41790704786617,5.346889412886758,-24.92043007785285,10,TIME_EXIT,MACD Divergence
2025-03-23 05:45:00,2025-03-23 06:00:00,2025-03-23 08:30:00,SHORT,84230.11,-12.547769437793958,-20.54776943779396,3.3883370210478883,-14.732261420529607,10,TIME_EXIT,MACD Divergence
2025-03-23 08:30:00,2025-03-23 08:45:00,2025-03-23 11:00:00,SHORT,84335.79,-27.4530386209703,-35.453038620970304,2.546961379029701,-60.259114191022775,9,TRAILING_STOP,MACD Divergence
2025-03-23 13:15:00,2025-03-23 13:30:00,2025-03-23 15:30:00,SHORT,84964.2,-16.609654419154882,-24.609654419154882,13.390345580845118,-34.12849176476695,8,TRAILING_STOP,MACD Divergence
2025-03-23 16:00:00,2025-03-23 16:15:00,2025-03-23 16:45:00,SHORT,85307.52,12.75707464007862,4.757074640078621,42.75707464007862,-10.180814071255533,2,TRAILING_STOP,MACD Divergence
2025-03-24 00:30:00,2025-03-24 00:45:00,2025-03-24 02:45:00,SHORT,86244.86,54.152261363750156,46.152261363750156,84.15226136375016,0.0,8,TRAILING_STOP,MACD Divergence
2025-03-24 03:45:00,2025-03-24 04:00:00,2025-03-24 06:30:00,SHORT,86532.07,-53.45763715117264,-61.45763715117264,0.0,-88.74513229603694,10,TIME_EXIT,MACD Divergence
2025-03-24 08:15:00,2025-03-24 08:30:00,2025-03-24 10:15:00,SHORT,87403.59,1.791600322137267,-6.208399677862733,31.791600322137267,-13.247739595136556,7,TRAILING_STOP,MACD Divergence
2025-03-24 11:00:00,2025-03-24 11:15:00,2025-03-24 12:00:00,SHORT,87653.72,2.59530799149271,-5.40469200850729,32.59530799149271,-16.396337770946992,3,TRAILING_STOP,MACD Divergence
2025-03-24 19:15:00,2025-03-24 19:30:00,2025-03-24 20:00:00,SHORT,88356.54,13.860929819116237,5.860929819116237,43.86092981911624,-14.101955554167901,2,TRAILING_STOP,MACD Divergence
2025-03-24 22:00:00,2025-03-24 22:15:00,2025-03-25 00:45:00,LONG,87746.0,-16.64007476124208,-24.64007476124208,0.0,-79.25147585075038,10,TIME_EXIT,MACD Divergence
2025-03-25 01:15:00,2025-03-25 01:30:00,2025-03-25 01:45:00,LONG,87067.99,3.619472552426462,-4.380527447573538,23.619472552426462,-7.29544807454543,1,TRAILING_STOP,MACD Divergence
2025-03-25 04:00:00,2025-03-25 04:15:00,2025-03-25 06:30:00,LONG,86617.31,10.3011026317957,2.3011026317957004,30.3011026317957,-28.552029611632786,9,TRAILING_STOP,MACD Divergence
2025-03-25 07:30:00,2025-03-25 07:45:00,2025-03-25 09:30:00,LONG,86358.2,91.4636479222589,83.4636479222589,111.4636479222589,0.0,7,TRAILING_STOP,MACD Divergence
2025-03-25 11:00:00,2025-03-25 11:15:00,2025-03-25 13:00:00,SHORT,87152.39,-4.420667063749711,-12.420667063749711,25.57933293625029,-39.88530893989259,7,TRAILING_STOP,MACD Divergence
2025-03-25 14:30:00,2025-03-25 14:45:00,2025-03-25 15:30:00,SHORT,88152.47,18.23460987536675,10.23460987536675,48.23460987536675,-12.06205566332988,3,TRAILING_STOP,MACD Divergence
2025-03-25 17:15:00,2025-03-25 17:30:00,2025-03-25 19:00:00,SHORT,87935.98,9.504876161043455,1.5048761610434553,39.504876161043455,-20.64797594795748,6,TRAILING_STOP,MACD Divergence
2025-03-25 20:00:00,2025-03-25 20:15:00,2025-03-25 21:00:00,SHORT,88380.0,34.79746548992905,26.797465489929053,64.79746548992905,0.0,3,TRAILING_STOP,MACD Divergence
2025-03-26 00:00:00,2025-03-26 00:15:00,2025-03-26 02:00:00,LONG,87304.35,47.32654214824274,39.32654214824274,67.32654214824274,0.0,7,TRAILING_STOP,MACD Divergence
2025-03-26 03:00:00,2025-03-26 03:15:00,2025-03-26 05:00:00,LONG,87184.05,11.151340182062718,3.151340182062718,31.151340182062718,-17.60528445283343,7,TRAILING_STOP,MACD Divergence
2025-03-26 07:45:00,2025-03-26 08:00:00,2025-03-26 10:15:00,SHORT,88140.45,4.372413574016456,-3.6275864259835444,34.372413574016456,-10.027178213862609,9,TRAILING_STOP,MACD Divergence
2025-03-26 10:30:00,2025-03-26 10:45:00,2025-03-26 13:15:00,SHORT,88104.86,69.38436767279327,61.384367672793275,71.92906271004755,-15.56554314937898,10,TIME_EXIT,MACD Divergence
2025-03-26 13:30:00,2025-03-26 13:45:00,2025-03-26 16:15:00,LONG,87800.0,-96.15489749430583,-104.15489749430583,0.0,-155.53986332574024,10,TIME_EXIT,MACD Divergence
2025-03-26 16:45:00,2025-03-26 17:00:00,2025-03-26 17:45:00,LONG,86513.99,16.513169719718093,8.513169719718093,36.51316971971809,-4.289479655255824,3,TRAILING_STOP,MACD Divergence
2025-03-27 01:00:00,2025-03-27 01:15:00,2025-03-27 02:00:00,SHORT,87287.67,-18.52988056617901,-26.52988056617901,11.47011943382099,-34.29235767205171,3,TRAILING_STOP,MACD Divergence
2025-03-27 03:45:00,2025-03-27 04:00:00,2025-03-27 06:30:00,SHORT,87670.17,28.763489337365066,20.763489337365066,46.49471992583057,0.0,10,TIME_EXIT,MACD Divergence
2025-03-27 06:45:00,2025-03-27 07:00:00,2025-03-27 09:30:00,LONG,87352.68,12.606367658097026,4.606367658097026,28.03806362895939,-11.110134228278785,10,TIME_EXIT,MACD Divergence
2025-03-27 10:30:00,2025-03-27 10:45:00,2025-03-27 13:15:00,SHORT,87425.11,123.97696725803324,115.97696725803324,141.96264665838004,0.0,10,TIME_EXIT,MACD Divergence
2025-03-27 20:45:00,2025-03-27 21:00:00,2025-03-27 21:30:00,SHORT,87307.57,-27.32898304236311,-35.328983042363106,2.67101695763689,-48.18597058651352,2,TRAILING_STOP,MACD Divergence
2025-03-28 00:30:00,2025-03-28 00:45:00,2025-03-28 01:00:00,LONG,87209.57,-1.1477111972930345,-9.147711197293035,18.852288802706965,-6.831819030870321,1,TRAILING_STOP,MACD Divergence
2025-03-28 03:15:00,2025-03-28 03:30:00,2025-03-28 04:30:00,LONG,86800.0,-13.153225806452419,-21.15322580645242,6.846774193547582,-82.21428571428518,4,TRAILING_STOP,MACD Divergence
2025-03-28 06:30:00,2025-03-28 06:45:00,2025-03-28 07:00:00,LONG,85852.63,-15.81026230646619,-23.81026230646619,4.18973769353381,-27.29444630875044,1,TRAILING_STOP,MACD Divergence
2025-03-28 09:15:00,2025-03-28 09:30:00,2025-03-28 12:00:00,LONG,85320.0,-17.025316455695588,-25.025316455695588,0.0,-60.947022972339425,10,TIME_EXIT,MACD Divergence
2025-03-28 12:30:00,2025-03-28 12:45:00,2025-03-28 13:00:00,SHORT,85116.95,-13.16316550346345,-21.16316550346345,16.83683449653655,-27.379975433800542,1,TRAILING_STOP,MACD Divergence
2025-03-28 16:00:00,2025-03-28 16:15:00,2025-03-28 16:45:00,LONG,83891.33,-1.7049032361275067,-9.704903236127507,18.295096763872493,-16.369987220372085,2,TRAILING_STOP,MACD Divergence
2025-03-28 19:15:00,2025-03-28 19:30:00,2025-03-28 20:45:00,LONG,83793.31,23.806599834760917,15.806599834760917,43.80659983476092,-15.983376238507946,5,TRAILING_STOP,MACD Divergence
2025-03-28 23:00:00,2025-03-28 23:15:00,2025-03-29 00:00:00,SHORT,84318.38,-15.961542430012306,-23.961542430012308,14.038457569987694,-18.028097788405656,3,TRAILING_STOP,MACD Divergence
2025-03-29 06:00:00,2025-03-29 06:15:00,2025-03-29 08:45:00,LONG,83786.68,17.696130220221647,9.696130220221647,18.8192204297876,-14.778005286758281,10,TIME_EXIT,MACD Divergence
2025-03-29 09:15:00,2025-03-29 09:30:00,2025-03-29 12:00:00,LONG,83731.2,-164.87880264465372,-172.87880264465372,0.0,-205.92085148666172,10,TIME_EXIT,MACD Divergence
2025-03-29 16:45:00,2025-03-29 17:00:00,2025-03-29 17:30:00,LONG,82198.44,31.90001172771656,23.90001172771656,51.90001172771656,-67.35285973797126,2,TRAILING_STOP,MACD Divergence
2025-03-29 20:30:00,2025-03-29 20:45:00,2025-03-29 23:15:00,SHORT,82571.42,14.219205628291665,6.219205628291665,37.853291126638936,-13.809863025245157,10,TIME_EXIT,MACD Divergence
2025-03-30 00:00:00,2025-03-30 00:15:00,2025-03-30 00:45:00,SHORT,82741.47,-0.8163270485765892,-8.81632704857659,29.18367295142341,-17.82177667377578,2,TRAILING_STOP,MACD Divergence
2025-03-30 03:15:00,2025-03-30 03:30:00,2025-03-30 06:00:00,SHORT,83344.62,41.56956981746294,33.56956981746294,51.425034993259466,0.0,10,TIME_EXIT,MACD Divergence
2025-03-30 06:30:00,2025-03-30 06:45:00,2025-03-30 07:30:00,LONG,83163.86,-1.0855340288434299,-9.08553402884343,18.91446597115657,-7.678816255041623,3,TRAILING_STOP,MACD Divergence
2025-03-30 10:00:00,2025-03-30 10:15:00,2025-03-30 12:15:00,SHORT,83477.59,30.16345225107672,22.16345225107672,60.16345225107672,0.0,8,TRAILING_STOP,MACD Divergence
2025-03-30 12:45:00,2025-03-30 13:00:00,2025-03-30 13:15:00,LONG,83072.76,-10.079780664563993,-18.07978066456399,9.920219335436007,-22.653635198829047,1,TRAILING_STOP,MACD Divergence
2025-03-30 16:30:00,2025-03-30 16:45:00,2025-03-30 17:30:00,LONG,82509.43,-11.69064675395137,-19.69064675395137,8.30935324604863,-55.63364090625748,3,TRAILING_STOP,MACD Divergence
2025-03-30 21:45:00,2025-03-30 22:00:00,2025-03-30 22:30:00,LONG,82237.67,43.235011400493086,35.235011400493086,63.235011400493086,-51.732983193711874,2,TRAILING_STOP,MACD Divergence
2025-03-31 06:00:00,2025-03-31 06:15:00,2025-03-31 08:00:00,SHORT,82086.89,13.386952532858075,5.386952532858075,43.386952532858075,-26.39763791757762,7,TRAILING_STOP,MACD Divergence
2025-03-31 10:00:00,2025-03-31 10:15:00,2025-03-31 11:15:00,LONG,81475.99,73.40174939881062,65.40174939881062,93.40174939881062,0.0,4,TRAILING_STOP,MACD Divergence
2025-03-31 14:00:00,2025-03-31 14:15:00,2025-03-31 14:30:00,SHORT,83338.49,31.86097204305095,23.86097204305095,61.86097204305095,-16.960950456384708,1,TRAILING_STOP,MACD Divergence
2025-03-31 20:45:00,2025-03-31 21:00:00,2025-03-31 21:15:00,LONG,82431.32,18.924525289657623,10.924525289657623,38.92452528965762,0.0,1,TRAILING_STOP,MACD Divergence
2025-03-31 23:30:00,2025-03-31 23:45:00,2025-04-01 00:00:00,LONG,82472.54,9.10059517992292,1.1005951799229194,29.10059517992292,0.0,1,TRAILING_STOP,MACD Divergence
2025-04-01 03:15:00,2025-04-01 03:30:00,2025-04-01 04:30:00,SHORT,83085.46,-6.098104289244951,-14.09810428924495,23.90189571075505,-18.11387937191417,4,TRAILING_STOP,MACD Divergence
2025-04-01 06:30:00,2025-04-01 06:45:00,2025-04-01 09:15:00,SHORT,83356.51,-104.33618202105707,-112.33618202105707,0.0,-116.6663527539727,10,TIME_EXIT,MACD Divergence
2025-04-01 09:45:00,2025-04-01 10:00:00,2025-04-01 12:00:00,SHORT,84362.01,33.81308363800205,25.81308363800205,63.81308363800205,-16.918752884148976,8,TRAILING_STOP,MACD Divergence
2025-04-01 13:00:00,2025-04-01 13:15:00,2025-04-01 13:45:00,LONG,83777.67,-3.8918890916879043,-11.891889091687904,16.108110908312096,-43.09143474627484,2,TRAILING_STOP,MACD Divergence
2025-04-01 16:00:00,2025-04-01 16:15:00,2025-04-01 16:45:00,SHORT,85179.74,12.820041479347694,4.820041479347694,42.820041479347694,-12.440751756227614,2,TRAILING_STOP,MACD Divergence
2025-04-01 21:00:00,2025-04-01 21:15:00,2025-04-01 23:15:00,SHORT,85292.45,7.856809131406052,-0.14319086859394758,37.85680913140605,-22.3853342236045,8,TRAILING_STOP,MACD Divergence
2025-04-02 01:15:00,2025-04-02 01:30:00,2025-04-02 02:00:00,LONG,84932.08,9.317544089347628,1.3175440893476278,29.317544089347628,-33.34193628603086,2,TRAILING_STOP,MACD Divergence
2025-04-02 04:00:00,2025-04-02 04:15:00,2025-04-02 06:45:00,LONG,84696.52,-67.3616814480688,-75.3616814480688,0.0,-93.48672176849803,10,TIME_EXIT,MACD Divergence
2025-04-02 13:30:00,2025-04-02 13:45:00,2025-04-02 14:00:00,LONG,85472.49,19.16347821386632,11.16347821386632,39.16347821386632,-34.042532281439456,1,TRAILING_STOP,MACD Divergence
2025-04-02 17:00:00,2025-04-02 17:15:00,2025-04-02 17:45:00,SHORT,87224.0,70.2017793267908,62.2017793267908,100.2017793267908,0.0,2,TRAILING_STOP,MACD Divergence
2025-04-02 20:00:00,2025-04-02 20:15:00,2025-04-02 22:45:00,LONG,87776.2,-564.459386485175,-572.459386485175,0.0,-580.3623305634098,10,TIME_EXIT,MACD Divergence
2025-04-02 22:45:00,2025-04-02 23:00:00,2025-04-02 23:30:00,LONG,82821.6,-17.123938682663407,-25.123938682663407,2.876061317336592,-44.99671583258628,2,TRAILING_STOP,MACD Divergence
2025-04-03 07:15:00,2025-04-03 07:30:00,2025-04-03 09:00:00,LONG,83402.01,26.308236456171883,18.308236456171883,46.30823645617188,-17.175845042583507,6,TRAILING_STOP,MACD Divergence
2025-04-03 10:00:00,2025-04-03 10:15:00,2025-04-03 11:00:00,SHORT,83630.0,37.83331340427999,29.83331340427999,67.83331340427999,0.0,3,TRAILING_STOP,MACD Divergence
2025-04-03 13:15:00,2025-04-03 13:30:00,2025-04-03 13:45:00,LONG,82000.01,51.60121078034072,43.60121078034072,71.60121078034072,0.0,1,TRAILING_STOP,MACD Divergence
2025-04-03 20:45:00,2025-04-03 21:00:00,2025-04-03 23:30:00,SHORT,82363.99,-63.350500625333815,-71.35050062533381,0.0,-72.36293433574488,10,TIME_EXIT,MACD Divergence
2025-04-03 23:30:00,2025-04-03 23:45:00,2025-04-04 02:00:00,SHORT,82885.78,7.17766787016955,-0.8223321298304498,37.17766787016955,-63.663513813830015,9,TRAILING_STOP,MACD Divergence
2025-04-04 04:15:00,2025-04-04 04:30:00,2025-04-04 06:30:00,LONG,82804.32,35.53333449269271,27.53333449269271,55.53333449269271,-19.56781964999089,8,TRAILING_STOP,MACD Divergence
2025-04-04 08:45:00,2025-04-04 09:00:00,2025-04-04 09:30:00,SHORT,84416.0,-10.793925322213248,-18.793925322213248,19.206074677786752,-18.04989575435881,2,TRAILING_STOP,MACD Divergence
2025-04-04 18:00:00,2025-04-04 18:15:00,2025-04-04 19:00:00,SHORT,84017.8,-2.648653023525622,-10.648653023525622,27.351346976474378,-34.589098976645495,3,TRAILING_STOP,MACD Divergence
2025-04-05 05:45:00,2025-04-05 06:00:00,2025-04-05 06:30:00,LONG,83688.68,-15.732995191224619,-23.732995191224617,4.267004808775381,-37.591702963888466,2,TRAILING_STOP,MACD Divergence
2025-04-05 12:00:00,2025-04-05 12:15:00,2025-04-05 14:45:00,LONG,83511.58,-71.47631502122262,-79.47631502122262,0.0,-118.81106787825189,10,TIME_EXIT,MACD Divergence
2025-04-05 15:15:00,2025-04-05 15:30:00,2025-04-05 18:00:00,LONG,82654.99,49.912292046734066,41.912292046734066,51.27337139596633,-33.17162097533465,10,TIME_EXIT,MACD Divergence
2025-04-05 18:45:00,2025-04-05 19:00:00,2025-04-05 20:15:00,SHORT,83036.14,0.8925728002294022,-7.107427199770598,30.892572800229402,-7.690627237730532,5,TRAILING_STOP,MACD Divergence
2025-04-05 21:30:00,2025-04-05 21:45:00,2025-04-05 22:45:00,SHORT,83035.47,-15.356860146634142,-23.35686014663414,14.643139853365858,-21.28126690918855,4,TRAILING_STOP,MACD Divergence
2025-04-06 01:15:00,2025-04-06 01:30:00,2025-04-06 04:00:00,SHORT,83650.0,37.74656306037059,29.74656306037059,58.164973102211945,0.0,10,TIME_EXIT,MACD Divergence
2025-04-06 06:30:00,2025-04-06 06:45:00,2025-04-06 09:15:00,LONG,83213.08,-11.430895239065222,-19.430895239065222,0.0,-58.381446762936505,10,TIME_EXIT,MACD Divergence
2025-04-06 10:15:00,2025-04-06 10:30:00,2025-04-06 11:00:00,LONG,82827.99,-8.712752778379546,-16.712752778379546,11.287247221620454,-9.415899142307477,2,TRAILING_STOP,MACD Divergence
2025-04-06 13:00:00,2025-04-06 13:15:00,2025-04-06 15:00:00,LONG,82805.7,-18.304464547729424,-26.304464547729424,1.6955354522705743,-70.99390500895413,7,TRAILING_STOP,MACD Divergence
2025-04-06 16:15:00,2025-04-06 16:30:00,2025-04-06 19:00:00,LONG,82339.43,-356.7962518079123,-364.7962518079123,0.0,-442.6117596393354,10,TIME_EXIT,MACD Divergence
2025-04-06 20:30:00,2025-04-06 20:45:00,2025-04-06 21:15:00,LONG,79233.11,36.63036576501882,28.630365765018823,56.63036576501882,-64.75954307485856,2,TRAILING_STOP,MACD Divergence
2025-04-06 23:15:00,2025-04-06 23:30:00,2025-04-06 23:45:00,LONG,77428.17,145.44237065140572,137.44237065140572,165.44237065140572,0.0,1,TRAILING_STOP,MACD Divergence
2025-04-07 04:00:00,2025-04-07 04:15:00,2025-04-07 04:30:00,LONG,77416.0,-4.091143949570698,-12.091143949570698,15.908856050429302,-96.62085357032137,1,TRAILING_STOP,MACD Divergence
2025-04-07 07:00:00,2025-04-07 07:15:00,2025-04-07 07:30:00,LONG,75087.88,33.694417794189015,25.694417794189015,53.694417794189015,-28.882157812953288,1,TRAILING_STOP,MACD Divergence
2025-04-07 12:30:00,2025-04-07 12:45:00,2025-04-07 13:30:00,SHORT,76942.0,117.64108029424708,109.64108029424708,147.64108029424708,-57.749993501598155,3,TRAILING_STOP,MACD Divergence
2025-04-08 01:30:00,2025-04-08 01:45:00,2025-04-08 02:00:00,SHORT,80419.5,-28.223067788285977,-36.223067788285974,1.7769322117140243,-55.76881229055208,1,TRAILING_STOP,MACD Divergence
2025-04-08 06:30:00,2025-04-08 06:45:00,2025-04-08 07:30:00,LONG,79534.0,2.6582342142990925,-5.3417657857009075,22.658234214299092,-39.49254406920384,3,TRAILING_STOP,MACD Divergence
2025-04-08 09:15:00,2025-04-08 09:30:00,2025-04-08 09:45:00,LONG,78880.76,19.09952186059037,11.099521860590372,39.09952186059037,-0.7530353409358349,1,TRAILING_STOP,MACD Divergence
2025-04-08 13:00:00,2025-04-08 13:15:00,2025-04-08 13:30:00,SHORT,80053.43,53.995151738031595,45.995151738031595,83.9951517380316,-40.169421847384555,1,TRAILING_STOP,MACD Divergence
2025-04-08 16:00:00,2025-04-08 16:15:00,2025-04-08 16:30:00,LONG,78190.01,-14.74613189076178,-22.74613189076178,5.25386810923822,-101.03720411341486,1,TRAILING_STOP,MACD Divergence
2025-04-08 19:15:00,2025-04-08 19:30:00,2025-04-08 19:45:00,LONG,76858.6,14.529642746550081,6.529642746550081,34.52964274655008,-57.99090797906888,1,TRAILING_STOP,MACD Divergence
2025-04-08 22:30:00,2025-04-08 22:45:00,2025-04-08 23:00:00,LONG,76519.91,16.34217552007007,8.342175520070072,36.34217552007007,-3.491901650171983,1,TRAILING_STOP,MACD Divergence
2025-04-09 01:30:00,2025-04-09 01:45:00,2025-04-09 02:00:00,LONG,75494.61,109.67945658637018,101.67945658637018,129.67945658637018,0.0,1,TRAILING_STOP,MACD Divergence
2025-04-09 06:15:00,2025-04-09 06:30:00,2025-04-09 07:00:00,SHORT,76914.0,-11.334997529708808,-19.334997529708808,18.665002470291192,-105.45674389577977,2,TRAILING_STOP,MACD Divergence
2025-04-09 13:30:00,2025-04-09 13:45:00,2025-04-09 14:15:00,SHORT,77239.99,-28.55903658195649,-36.55903658195649,1.4409634180435105,-139.62585960976963,2,TRAILING_STOP,MACD Divergence
2025-04-09 16:45:00,2025-04-09 17:00:00,2025-04-09 17:15:00,SHORT,78267.69,48.92145532850107,40.92145532850107,78.92145532850107,-381.0397368313793,1,TRAILING_STOP,MACD Divergence
2025-04-09 20:45:00,2025-04-09 21:00:00,2025-04-09 21:45:00,SHORT,83204.0,12.727513100331088,4.7275131003310875,42.72751310033109,-46.15162732560935,3,TRAILING_STOP,MACD Divergence
2025-04-10 03:00:00,2025-04-10 03:15:00,2025-04-10 04:00:00,LONG,81743.55,5.255815290625019,-2.7441847093749807,25.25581529062502,-33.11698598849773,3,TRAILING_STOP,MACD Divergence
2025-04-10 07:30:00,2025-04-10 07:45:00,2025-04-10 08:30:00,LONG,81573.2,14.324998896696464,6.324998896696464,34.324998896696464,-18.745127076049915,3,TRAILING_STOP,MACD Divergence
2025-04-10 12:15:00,2025-04-10 12:30:00,2025-04-10 12:45:00,SHORT,82007.94,36.878890019674486,28.878890019674486,66.87889001967449,0.0,1,TRAILING_STOP,MACD Divergence
2025-04-10 15:00:00,2025-04-10 15:15:00,2025-04-10 17:45:00,LONG,80718.05,-172.20931377802214,-180.20931377802214,0.0,-279.20520874822944,10,TIME_EXIT,MACD Divergence
2025-04-10 21:00:00,2025-04-10 21:15:00,2025-04-10 22:30:00,SHORT,79809.99,3.1462264310530728,-4.853773568946927,33.14622643105307,-16.138330552351697,5,TRAILING_STOP,MACD Divergence
2025-04-11 01:00:00,2025-04-11 01:15:00,2025-04-11 02:00:00,LONG,79408.69,116.10726987184873,108.10726987184873,136.10726987184873,0.0,3,TRAILING_STOP,MACD Divergence
2025-04-11 03:45:00,2025-04-11 04:00:00,2025-04-11 05:15:00,SHORT,80843.0,10.916344024838125,2.916344024838125,40.916344024838125,-31.790012740744405,5,TRAILING_STOP,MACD Divergence
2025-04-11 06:30:00,2025-04-11 06:45:00,2025-04-11 07:30:00,SHORT,81170.95,9.54000784763479,1.54000784763479,39.54000784763479,-29.65346592592511,3,TRAILING_STOP,MACD Divergence
2025-04-11 09:15:00,2025-04-11 09:30:00,2025-04-11 12:00:00,SHORT,82062.74,6.913003392283816,-1.0869966077161841,29.684604730478878,-112.47126284108977,10,TIME_EXIT,MACD Divergence
2025-04-11 13:30:00,2025-04-11 13:45:00,2025-04-11 14:30:00,SHORT,82924.95,160.98353390626053,152.98353390626053,190.98353390626053,-0.6897803375222009,3,TRAILING_STOP,MACD Divergence
2025-04-11 21:15:00,2025-04-11 21:30:00,2025-04-11 23:30:00,SHORT,83910.02,59.14549180181389,51.14549180181389,89.14549180181389,0.0,8,TRAILING_STOP,MACD Divergence
2025-04-12 01:15:00,2025-04-12 01:30:00,2025-04-12 02:45:00,LONG,83176.53,-0.39110311526511055,-8.39110311526511,19.60889688473489,-45.26757728412138,5,TRAILING_STOP,MACD Divergence
2025-04-12 04:00:00,2025-04-12 04:15:00,2025-04-12 04:30:00,LONG,82940.0,43.178201109235594,35.178201109235594,63.178201109235594,-1.0067518688215362,1,TRAILING_STOP,MACD Divergence
2025-04-12 06:45:00,2025-04-12 07:00:00,2025-04-12 09:30:00,SHORT,83567.43,-0.7467023935048905,-8.74670239350489,17.642040684988523,-55.576676224218254,10,TIME_EXIT,MACD Divergence
2025-04-12 10:45:00,2025-04-12 11:00:00,2025-04-12 13:15:00,LONG,83420.44,60.78355856190571,52.78355856190571,80.7835585619057,0.0,9,TRAILING_STOP,MACD Divergence
2025-04-12 15:15:00,2025-04-12 15:30:00,2025-04-12 17:30:00,SHORT,85151.22,55.64410468810712,47.64410468810712,85.64410468810712,-24.202824105162144,8,TRAILING_STOP,MACD Divergence
2025-04-12 20:30:00,2025-04-12 20:45:00,2025-04-12 23:15:00,SHORT,85786.2,66.17031643784131,58.17031643784131,69.15564508044356,0.0,10,TIME_EXIT,MACD Divergence
2025-04-13 01:15:00,2025-04-13 01:30:00,2025-04-13 02:30:00,SHORT,85835.0,99.32836255606645,91.32836255606645,129.32836255606645,0.0,4,TRAILING_STOP,MACD Divergence
2025-04-13 04:30:00,2025-04-13 04:45:00,2025-04-13 05:00:00,LONG,84778.35,-19.312324431887717,-27.312324431887717,0.6876755681122827,-37.953085899880016,1,TRAILING_STOP,MACD Divergence
2025-04-13 07:30:00,2025-04-13 07:45:00,2025-04-13 10:15:00,LONG,84461.29,37.84543428119639,29.84543428119639,57.84543428119639,-21.815911170667032,10,TRAILING_STOP,MACD Divergence
2025-04-13 11:15:00,2025-04-13 11:30:00,2025-04-13 12:15:00,LONG,84489.99,4.856198941436109,-3.1438010585638914,24.85619894143611,-32.410940041537586,3,TRAILING_STOP,MACD Divergence
2025-04-13 17:45:00,2025-04-13 18:00:00,2025-04-13 18:30:00,SHORT,84754.84,-2.7803155548406338,-10.780315554840634,27.219684445159366,-22.247697004678162,2,TRAILING_STOP,MACD Divergence
2025-04-13 21:30:00,2025-04-13 21:45:00,2025-04-13 22:00:00,LONG,83275.93,52.87099645720092,44.87099645720092,72.87099645720092,0.0,1,TRAILING_STOP,MACD Divergence
2025-04-14 02:30:00,2025-04-14 02:45:00,2025-04-14 04:15:00,SHORT,85322.35,76.3144650844715,68.3144650844715,106.3144650844715,0.0,6,TRAILING_STOP,MACD Divergence
2025-04-14 07:00:00,2025-04-14 07:15:00,2025-04-14 08:00:00,LONG,84296.57,39.72129115099143,31.721291150991433,59.72129115099143,0.0,3,TRAILING_STOP,MACD Divergence
2025-04-14 09:45:00,2025-04-14 10:00:00,2025-04-14 12:00:00,LONG,84442.72,50.03682496253123,42.03682496253123,70.03682496253123,-6.089334876943596,8,TRAILING_STOP,MACD Divergence
2025-04-14 13:00:00,2025-04-14 13:15:00,2025-04-14 13:45:00,SHORT,85092.49,92.2011484209724,84.2011484209724,122.2011484209724,0.0,2,TRAILING_STOP,MACD Divergence
2025-04-14 22:30:00,2025-04-14 22:45:00,2025-04-14 23:30:00,LONG,84632.0,-2.217128272993669,-10.21712827299367,17.78287172700633,-19.636780414028063,3,TRAILING_STOP,MACD Divergence
2025-04-15 02:15:00,2025-04-15 02:30:00,2025-04-15 02:45:00,SHORT,84864.3,-25.49633945015735,-33.49633945015735,4.5036605498426505,-51.34196593856213,1,TRAILING_STOP,MACD Divergence
2025-04-15 05:00:00,2025-04-15 05:15:00,2025-04-15 05:30:00,SHORT,85659.99,-14.752508142949752,-22.75250814294975,15.247491857050248,-25.579036373924463,1,TRAILING_STOP,MACD Divergence
2025-04-15 08:00:00,2025-04-15 08:15:00,2025-04-15 09:45:00,SHORT,85863.86,1.964554120907959,-6.035445879092041,31.96455412090796,-14.574234142280513,6,TRAILING_STOP,MACD Divergence
2025-04-15 11:15:00,2025-04-15 11:30:00,2025-04-15 12:15:00,LONG,85569.63,2.4811069067372777,-5.518893093262722,22.481106906737278,-20.75853313845165,3,TRAILING_STOP,MACD Divergence
2025-04-15 14:00:00,2025-04-15 14:15:00,2025-04-15 16:45:00,LONG,85774.5,-106.52233472652156,-114.52233472652156,0.0,-134.16225101865987,10,TIME_EXIT,MACD Divergence
2025-04-15 17:30:00,2025-04-15 17:45:00,2025-04-15 20:15:00,LONG,84790.45,-90.92297540583903,-98.92297540583903,0.0,-103.98222913075686,10,TIME_EXIT,MACD Divergence
2025-04-15 20:15:00,2025-04-15 20:30:00,2025-04-15 22:00:00,LONG,84019.52,5.74758817950897,-2.25241182049103,25.74758817950897,-26.126071655730634,6,TRAILING_STOP,MACD Divergence
2025-04-15 23:00:00,2025-04-15 23:15:00,2025-04-16 00:00:00,LONG,83737.37,-13.139263867492897,-21.139263867492897,6.860736132507104,-52.11173935842448,3,TRAILING_STOP,MACD Divergence
2025-04-16 06:00:00,2025-04-16 06:15:00,2025-04-16 07:00:00,LONG,83495.85,12.507004839162455,4.507004839162455,32.507004839162455,-4.177453130904668,3,TRAILING_STOP,MACD Divergence
2025-04-16 11:00:00,2025-04-16 11:15:00,2025-04-16 11:45:00,SHORT,83983.15,-6.1202098278061285,-14.120209827806129,23.87979017219387,-17.134389457886343,2,TRAILING_STOP,MACD Divergence
2025-04-16 13:45:00,2025-04-16 14:00:00,2025-04-16 14:45:00,LONG,83736.36,112.88134330176248,104.88134330176248,132.88134330176248,0.0,3,TRAILING_STOP,MACD Divergence
2025-04-16 16:45:00,2025-04-16 17:00:00,2025-04-16 18:00:00,SHORT,85048.54,178.53268027881418,170.53268027881418,208.53268027881418,-53.08262787344808,4,TRAILING_STOP,MACD Divergence
2025-04-17 00:30:00,2025-04-17 00:45:00,2025-04-17 01:30:00,LONG,84055.97,32.34964274399532,24.349642743995318,52.34964274399532,0.0,3,TRAILING_STOP,MACD Divergence
2025-04-17 03:15:00,2025-04-17 03:30:00,2025-04-17 06:00:00,LONG,83825.26,71.62160904720247,63.62160904720247,79.42355323443127,0.0,10,TIME_EXIT,MACD Divergence
2025-04-17 07:00:00,2025-04-17 07:15:00,2025-04-17 09:45:00,SHORT,84672.13,23.008751521900653,15.008751521900653,36.745266712908325,-45.02662210103844,10,TIME_EXIT,MACD Divergence
2025-04-17 12:30:00,2025-04-17 12:45:00,2025-04-17 14:30:00,SHORT,84800.16,95.45966894402189,87.45966894402189,125.45966894402189,0.0,7,TRAILING_STOP,MACD Divergence
2025-04-17 16:00:00,2025-04-17 16:15:00,2025-04-17 18:45:00,SHORT,84603.97,-34.95580644738128,-42.95580644738128,0.0,-102.36399072052926,10,TIME_EXIT,MACD Divergence
2025-04-17 18:45:00,2025-04-17 19:00:00,2025-04-17 19:45:00,SHORT,84899.71,17.624426514531287,9.624426514531287,47.62442651453129,-7.57128616811516,3,TRAILING_STOP,MACD Divergence
2025-04-18 00:45:00,2025-04-18 01:00:00,2025-04-18 01:45:00,LONG,84817.09,17.13756272468264,9.137562724682638,37.13756272468264,0.0,3,TRAILING_STOP,MACD Divergence
2025-04-18 03:30:00,2025-04-18 03:45:00,2025-04-18 04:00:00,LONG,84833.98,-19.464837085327346,-27.464837085327346,0.5351629146726523,-21.43127081860331,1,TRAILING_STOP,MACD Divergence
2025-04-18 06:30:00,2025-04-18 06:45:00,2025-04-18 07:15:00,LONG,84634.28,-8.614542476169161,-16.614542476169163,11.385457523830839,-26.11825846453741,2,TRAILING_STOP,MACD Divergence
2025-04-18 10:00:00,2025-04-18 10:15:00,2025-04-18 12:45:00,LONG,84543.03,12.132283406450773,4.132283406450773,26.84076972400898,-8.372068046295341,10,TIME_EXIT,MACD Divergence
2025-04-18 12:45:00,2025-04-18 13:00:00,2025-04-18 15:30:00,SHORT,84645.6,29.90822913417868,21.90822913417868,36.33975067812217,0.0,10,TIME_EXIT,MACD Divergence
2025-04-18 16:00:00,2025-04-18 16:15:00,2025-04-18 18:45:00,LONG,84433.25,21.758015947509588,13.758015947509588,25.669981908786554,-4.968421800652834,10,TIME_EXIT,MACD Divergence
2025-04-18 18:45:00,2025-04-18 19:00:00,2025-04-18 21:30:00,SHORT,84616.96,-5.060451238143326,-13.060451238143326,17.747033218873945,-7.98066959626047,10,TIME_EXIT,MACD Divergence
2025-04-18 21:30:00,2025-04-18 21:45:00,2025-04-19 00:15:00,SHORT,84659.79,34.884329384704024,26.884329384704024,37.519582791310896,0.0,10,TIME_EXIT,MACD Divergence
2025-04-19 00:30:00,2025-04-19 00:45:00,2025-04-19 03:15:00,LONG,84443.93,51.14518000287457,43.14518000287457,60.70181717028223,-2.277250715355849,10,TIME_EXIT,MACD Divergence
2025-04-19 03:30:00,2025-04-19 03:45:00,2025-04-19 06:15:00,SHORT,84779.01,-27.30628725199787,-35.30628725199787,0.0,-61.45271099532836,10,TIME_EXIT,MACD Divergence
2025-04-19 07:15:00,2025-04-19 07:30:00,2025-04-19 09:00:00,SHORT,85166.48,-24.00820604538325,-32.00820604538325,5.9917939546167505,-31.73079361739563,6,TRAILING_STOP,MACD Divergence
2025-04-19 12:15:00,2025-04-19 12:30:00,2025-04-19 15:00:00,LONG,85310.75,13.337123398868119,5.337123398868119,22.183605231462625,-12.79088508775217,10,TIME_EXIT,MACD Divergence
2025-04-19 15:00:00,2025-04-19 15:15:00,2025-04-19 17:00:00,SHORT,85424.52,55.45906959734732,47.45906959734732,85.45906959734732,-29.671808515868882,7,TRAILING_STOP,MACD Divergence
2025-04-19 22:00:00,2025-04-19 22:15:00,2025-04-20 00:45:00,SHORT,85288.34,14.110955846952967,6.110955846952967,27.91354597826531,-7.839289637950579,10,TIME_EXIT,MACD Divergence
2025-04-20 00:45:00,2025-04-20 01:00:00,2025-04-20 03:30:00,LONG,85167.98,-2.0613333790470527,-10.061333379047053,17.938666620952947,-4.161188277566561,10,TRAILING_STOP,MACD Divergence
2025-04-20 03:30:00,2025-04-20 03:45:00,2025-04-20 06:15:00,LONG,85132.55,-6.438794562127283,-14.438794562127283,13.561205437872717,-7.347365960493714,10,TRAILING_STOP,MACD Divergence
2025-04-20 07:45:00,2025-04-20 08:00:00,2025-04-20 09:15:00,LONG,84784.01,-19.883232699184052,-27.883232699184052,0.11676730081594851,-24.298213778753183,5,TRAILING_STOP,MACD Divergence
2025-04-20 10:30:00,2025-04-20 10:45:00,2025-04-20 11:15:00,LONG,84244.33,-18.14705630634126,-26.14705630634126,1.8529436936587402,-28.526548908396208,2,TRAILING_STOP,MACD Divergence
2025-04-20 15:00:00,2025-04-20 15:15:00,2025-04-20 16:15:00,SHORT,84524.69,-0.19214149143911996,-8.19214149143912,29.80785850856088,-9.939107732899672,4,TRAILING_STOP,MACD Divergence
2025-04-20 17:45:00,2025-04-20 18:00:00,2025-04-20 20:00:00,SHORT,84581.98,-16.517222699209263,-24.517222699209263,13.482777300790735,-45.52979251608981,8,TRAILING_STOP,MACD Divergence
2025-04-20 21:00:00,2025-04-20 21:15:00,2025-04-20 23:00:00,SHORT,84969.56,5.286754456537345,-2.713245543462655,35.286754456537345,-27.12030049349465,7,TRAILING_STOP,MACD Divergence
2025-04-21 00:00:00,2025-04-21 00:15:00,2025-04-21 02:45:00,SHORT,85330.98,-236.61160342937572,-244.61160342937572,0.0,-270.59574377324674,10,TIME_EXIT,MACD Divergence
2025-04-21 03:00:00,2025-04-21 03:15:00,2025-04-21 04:45:00,SHORT,87412.24,12.813226156886635,4.8132261568866355,42.813226156886635,-2.938947680552263,6,TRAILING_STOP,MACD Divergence
2025-04-21 05:45:00,2025-04-21 06:00:00,2025-04-21 08:15:00,SHORT,87550.0,-5.25185608223892,-13.25185608223892,24.74814391776108,-17.018846373500857,9,TRAILING_STOP,MACD Divergence
2025-04-21 09:30:00,2025-04-21 09:45:00,2025-04-21 10:15:00,LONG,87384.99,1.972881154989519,-6.027118845010481,21.97288115498952,-12.58682984343252,2,TRAILING_STOP,MACD Divergence
2025-04-22 00:45:00,2025-04-22 01:00:00,2025-04-22 03:30:00,SHORT,87709.86,-59.99781552495982,-67.99781552495982,0.0,-133.0682776143981,10,TIME_EXIT,MACD Divergence
2025-04-22 07:30:00,2025-04-22 07:45:00,2025-04-22 10:00:00,SHORT,88461.68,-13.158809554600825,-21.158809554600825,16.841190445399175,-25.58395906566629,9,TRAILING_STOP,MACD Divergence
2025-04-22 11:15:00,2025-04-22 11:30:00,2025-04-22 12:15:00,SHORT,88632.81,-14.81600662328073,-22.816006623280728,15.18399337671927,-18.762803526143752,3,TRAILING_STOP,MACD Divergence
2025-04-22 14:15:00,2025-04-22 14:30:00,2025-04-22 17:00:00,SHORT,90246.6,-64.59523128849143,-72.59523128849143,0.0,-132.17783273829713,10,TIME_EXIT,MACD Divergence
2025-04-22 17:30:00,2025-04-22 17:45:00,2025-04-22 18:30:00,SHORT,91292.84,-13.274701499043918,-21.274701499043918,16.725298500956082,-40.87505657617876,3,TRAILING_STOP,MACD Divergence
2025-04-22 21:15:00,2025-04-22 21:30:00,2025-04-23 00:00:00,SHORT,91415.4,-226.3152597921149,-234.3152597921149,0.0,-270.4795909660742,10,TIME_EXIT,MACD Divergence
2025-04-23 00:15:00,2025-04-23 00:30:00,2025-04-23 01:00:00,SHORT,93300.0,25.28188638799559,17.28188638799559,55.28188638799559,-21.093247588424752,2,TRAILING_STOP,MACD Divergence
2025-04-23 06:30:00,2025-04-23 06:45:00,2025-04-23 07:45:00,SHORT,93631.52,-14.981553220538354,-22.981553220538352,15.018446779461646,-67.54990199881364,4,TRAILING_STOP,MACD Divergence
2025-04-23 11:45:00,2025-04-23 12:00:00,2025-04-23 12:30:00,LONG,93466.01,21.847298285227396,13.847298285227396,41.847298285227396,0.0,2,TRAILING_STOP,MACD Divergence
2025-04-23 15:30:00,2025-04-23 15:45:00,2025-04-23 16:00:00,LONG,92587.45,64.63998090453981,56.63998090453981,84.63998090453981,0.0,1,TRAILING_STOP,MACD Divergence
2025-04-24 00:30:00,2025-04-24 00:45:00,2025-04-24 02:30:00,LONG,93625.67,-19.430711684092433,-27.430711684092433,0.5692883159075653,-60.33815298731623,7,TRAILING_STOP,MACD Divergence
2025-04-24 03:15:00,2025-04-24 03:30:00,2025-04-24 06:00:00,LONG,93283.15,-83.24011356820505,-91.24011356820505,0.0,-96.2692619192211,10,TIME_EXIT,MACD Divergence
2025-04-24 06:00:00,2025-04-24 06:15:00,2025-04-24 06:30:00,LONG,92506.66,-2.7028670151970964,-10.702867015197096,17.297132984802904,-11.52998065220423,1,TRAILING_STOP,MACD Divergence
2025-04-24 08:45:00,2025-04-24 09:00:00,2025-04-24 09:30:00,LONG,92017.75,42.141271656826824,34.141271656826824,62.141271656826824,0.0,2,TRAILING_STOP,MACD Divergence
2025-04-24 11:30:00,2025-04-24 11:45:00,2025-04-24 12:45:00,SHORT,92468.93,-26.306867614884894,-34.306867614884894,3.6931323851151063,-36.41655635033359,4,TRAILING_STOP,MACD Divergence
2025-04-24 14:30:00,2025-04-24 14:45:00,2025-04-24 15:00:00,SHORT,93138.58,-16.401982937681815,-24.401982937681815,13.598017062318187,-33.43619797510315,1,TRAILING_STOP,MACD Divergence
2025-04-24 19:15:00,2025-04-24 19:30:00,2025-04-24 21:45:00,SHORT,93490.41,19.888539369974254,11.888539369974254,49.888539369974254,-18.78160551440479,9,TRAILING_STOP,MACD Divergence
2025-04-24 22:30:00,2025-04-24 22:45:00,2025-04-24 23:15:00,SHORT,93446.65,-22.15381182739109,-30.15381182739109,7.84618817260891,-26.897700452611822,2,TRAILING_STOP,MACD Divergence
2025-04-25 03:15:00,2025-04-25 03:30:00,2025-04-25 04:15:00,LONG,93134.71,19.006939518037214,11.006939518037214,39.006939518037214,0.0,3,TRAILING_STOP,MACD Divergence
2025-04-25 08:00:00,2025-04-25 08:15:00,2025-04-25 10:45:00,SHORT,93640.26,0.6663800378160727,-7.333619962183928,10.726155608708025,-35.89908870394033,10,TIME_EXIT,MACD Divergence
2025-04-25 11:00:00,2025-04-25 11:15:00,2025-04-25 13:30:00,SHORT,94015.88,-20.80261760034569,-28.80261760034569,9.197382399654309,-103.61228337170225,9,TRAILING_STOP,MACD Divergence
2025-04-25 14:00:00,2025-04-25 14:15:00,2025-04-25 14:30:00,SHORT,95299.5,48.22286580727143,40.22286580727143,78.22286580727143,0.0,1,TRAILING_STOP,MACD Divergence
2025-04-25 21:45:00,2025-04-25 22:00:00,2025-04-25 23:15:00,LONG,94608.69,18.549312964801842,10.549312964801842,38.54931296480184,0.0,5,TRAILING_STOP,MACD Divergence
2025-04-26 00:45:00,2025-04-26 01:00:00,2025-04-26 02:00:00,LONG,94880.68,13.54950660134466,5.54950660134466,33.54950660134466,-11.587185083410848,4,TRAILING_STOP,MACD Divergence
2025-04-26 04:15:00,2025-04-26 04:30:00,2025-04-26 05:00:00,LONG,94625.54,-12.13108849893946,-20.131088498939462,7.8689115010605395,-12.731235140109808,2,TRAILING_STOP,MACD Divergence
2025-04-26 08:00:00,2025-04-26 08:15:00,2025-04-26 08:30:00,LONG,94596.0,-10.34737198190223,-18.347371981902228,9.65262801809777,-26.00532792084232,1,TRAILING_STOP,MACD Divergence
2025-04-26 10:45:00,2025-04-26 11:00:00,2025-04-26 11:30:00,LONG,94209.03,-15.580041531050748,-23.580041531050746,4.419958468949252,-19.85266168221866,2,TRAILING_STOP,MACD Divergence
2025-04-26 13:30:00,2025-04-26 13:45:00,2025-04-26 16:15:00,LONG,93989.68,35.99437725503611,27.994377255036113,43.017488728550525,-7.413579873874772,10,TIME_EXIT,MACD Divergence
2025-04-26 16:15:00,2025-04-26 16:30:00,2025-04-26 19:00:00,SHORT,94328.0,18.661479094224283,10.661479094224283,24.676660164532702,-5.392884403358,10,TIME_EXIT,MACD Divergence
2025-04-26 19:15:00,2025-04-26 19:30:00,2025-04-26 20:45:00,LONG,94215.34,-2.421121655984056,-10.421121655984056,17.578878344015944,-13.621985549274301,5,TRAILING_STOP,MACD Divergence
2025-04-26 23:00:00,2025-04-26 23:15:00,2025-04-27 00:15:00,SHORT,94690.56,-15.683894994390394,-23.683894994390393,14.316105005609606,-32.84593522311032,4,TRAILING_STOP,MACD Divergence
2025-04-27 03:45:00,2025-04-27 04:00:00,2025-04-27 04:30:00,LONG,94156.22,-5.935076832949218,-13.935076832949218,14.064923167050782,-7.35161203370326,2,TRAILING_STOP,MACD Divergence
2025-04-27 08:45:00,2025-04-27 09:00:00,2025-04-27 11:30:00,SHORT,94202.5,29.935511265624584,21.935511265624584,33.83031235901407,-2.8353812266135616,10,TIME_EXIT,MACD Divergence
2025-04-27 12:30:00,2025-04-27 12:45:00,2025-04-27 14:45:00,LONG,93845.28,15.018276891496797,7.018276891496797,35.0182768914968,-25.8617162205704,8,TRAILING_STOP,MACD Divergence
2025-04-27 17:00:00,2025-04-27 17:15:00,2025-04-27 18:30:00,SHORT,94098.21,-17.90837785330737,-25.90837785330737,12.091622146692627,-33.72327698900831,5,TRAILING_STOP,MACD Divergence
2025-04-27 19:45:00,2025-04-27 20:00:00,2025-04-27 21:30:00,SHORT,94433.49,-1.0907645158513155,-9.090764515851316,28.909235484148684,-8.026813368857633,6,TRAILING_STOP,MACD Divergence
2025-04-27 23:15:00,2025-04-27 23:30:00,2025-04-28 02:00:00,LONG,93826.79,-81.14739937282201,-89.14739937282201,0.0,-109.43356369753232,10,TIME_EXIT,MACD Divergence
2025-04-28 02:00:00,2025-04-28 02:15:00,2025-04-28 04:45:00,LONG,93065.41,104.34274130420663,96.34274130420663,121.02133327516567,0.0,10,TIME_EXIT,MACD Divergence
2025-04-28 04:45:00,2025-04-28 05:00:00,2025-04-28 06:00:00,SHORT,94036.47,-29.700116348475547,-37.70011634847555,0.2998836515244548,-41.521124729585985,4,TRAILING_STOP,MACD Divergence
2025-04-28 07:30:00,2025-04-28 07:45:00,2025-04-28 10:15:00,SHORT,94765.09,19.485023440593384,11.485023440593384,44.91210845681681,-12.968910808823031,10,TIME_EXIT,MACD Divergence
2025-04-28 10:30:00,2025-04-28 10:45:00,2025-04-28 11:15:00,SHORT,95187.68,-10.581520633763052,-18.581520633763052,19.418479366236948,-32.60085758997456,2,TRAILING_STOP,MACD Divergence
2025-04-28 15:45:00,2025-04-28 16:00:00,2025-04-28 16:45:00,LONG,93833.5,1.173674647113561,-6.826325352886439,21.17367464711356,-41.50969536466187,3,TRAILING_STOP,MACD Divergence
2025-04-28 22:45:00,2025-04-28 23:00:00,2025-04-29 01:30:00,SHORT,94809.52,-22.222300039067253,-30.222300039067253,7.777699960932746,-64.83948025472449,10,TRAILING_STOP,MACD Divergence
2025-04-29 01:30:00,2025-04-29 01:45:00,2025-04-29 03:30:00,SHORT,95255.73,55.24736517162788,47.24736517162788,85.24736517162788,0.0,7,TRAILING_STOP,MACD Divergence
2025-04-29 04:30:00,2025-04-29 04:45:00,2025-04-29 07:15:00,LONG,94536.15,36.35223139508046,28.35223139508046,36.58388880867328,-35.557826291846474,10,TIME_EXIT,MACD Divergence
2025-04-29 08:15:00,2025-04-29 08:30:00,2025-04-29 11:00:00,SHORT,94943.01,-8.93473147733572,-16.93473147733572,21.06526852266428,-27.067816788198023,10,TRAILING_STOP,MACD Divergence
2025-04-29 11:00:00,2025-04-29 11:15:00,2025-04-29 13:45:00,SHORT,95199.99,42.014710295663946,34.014710295663946,64.02416638909408,-3.147059154101996,10,TIME_EXIT,MACD Divergence
2025-04-29 14:00:00,2025-04-29 14:15:00,2025-04-29 14:45:00,LONG,94890.84,23.11901970727665,15.11901970727665,43.11901970727665,-20.111530259400855,2,TRAILING_STOP,MACD Divergence
2025-04-29 16:45:00,2025-04-29 17:00:00,2025-04-29 19:30:00,SHORT,94954.74,-30.19965090736858,-38.19965090736858,0.0,-52.03531703630501,10,TIME_EXIT,MACD Divergence
2025-04-29 19:30:00,2025-04-29 19:45:00,2025-04-29 21:30:00,SHORT,95241.5,63.60415365150696,55.60415365150696,93.60415365150696,-17.48187502296793,7,TRAILING_STOP,MACD Divergence
2025-04-29 22:45:00,2025-04-29 23:00:00,2025-04-30 01:00:00,LONG,94163.67,29.653969519242153,21.653969519242153,49.65396951924215,-43.930955537310545,8,TRAILING_STOP,MACD Divergence
2025-04-30 02:15:00,2025-04-30 02:30:00,2025-04-30 03:45:00,SHORT,94513.06,-28.287009223910186,-36.28700922391019,1.7129907760898153,-63.26638879325218,5,TRAILING_STOP,MACD Divergence
2025-04-30 05:00:00,2025-04-30 05:15:00,2025-04-30 07:45:00,SHORT,95045.12,44.6240690737189,36.6240690737189,57.3538125892203,-1.3951268618535402,10,TIME_EXIT,MACD Divergence
2025-04-30 08:00:00,2025-04-30 08:15:00,2025-04-30 10:45:00,LONG,94725.1,23.37500831353023,15.37500831353023,33.58455150746635,-20.85191781270266,10,TIME_EXIT,MACD Divergence
2025-04-30 10:45:00,2025-04-30 11:00:00,2025-04-30 13:15:00,SHORT,94946.52,45.85849381314871,37.85849381314871,75.85849381314871,-29.693558015606364,9,TRAILING_STOP,MACD Divergence
2025-04-30 20:00:00,2025-04-30 20:15:00,2025-04-30 22:45:00,SHORT,94638.6,55.42664409659514,47.42664409659514,61.17060057946794,-15.374276458020299,10,TIME_EXIT,MACD Divergence
2025-05-01 01:15:00,2025-05-01 01:30:00,2025-05-01 02:15:00,SHORT,94633.37,-23.942940000975085,-31.942940000975085,6.057059999024914,-33.45859922350907,3,TRAILING_STOP,MACD Divergence
2025-05-01 05:00:00,2025-05-01 05:15:00,2025-05-01 05:45:00,SHORT,94967.0,-18.803479103267268,-26.803479103267268,11.196520896732732,-22.22982720313378,2,TRAILING_STOP,MACD Divergence
2025-05-01 07:45:00,2025-05-01 08:00:00,2025-05-01 09:15:00,SHORT,95025.84,-29.102349424114657,-37.10234942411466,0.8976505758853419,-34.101250775578826,5,TRAILING_STOP,MACD Divergence
2025-05-01 12:00:00,2025-05-01 12:15:00,2025-05-01 12:30:00,SHORT,96265.63,-14.471093161702132,-22.471093161702132,15.528906838297868,-20.52134287180049,1,TRAILING_STOP,MACD Divergence
2025-05-01 14:45:00,2025-05-01 15:00:00,2025-05-01 17:30:00,SHORT,96828.0,25.820010740694297,17.820010740694297,32.40385012599607,-61.55450902631513,10,TIME_EXIT,MACD Divergence
2025-05-01 19:45:00,2025-05-01 20:00:00,2025-05-01 20:30:00,LONG,96523.26,17.556750569760005,9.556750569760005,37.556750569760005,-0.29837367697590245,2,TRAILING_STOP,MACD Divergence
2025-05-01 22:30:00,2025-05-01 22:45:00,2025-05-02 00:30:00,LONG,96456.0,41.839595255867536,33.839595255867536,61.839595255867536,-28.1796881479636,7,TRAILING_STOP,MACD Divergence
2025-05-02 03:00:00,2025-05-02 03:15:00,2025-05-02 05:45:00,SHORT,97188.67,49.50474165352861,41.50474165352861,57.30400467461825,-12.461329082906534,10,TIME_EXIT,MACD Divergence
2025-05-02 06:15:00,2025-05-02 06:30:00,2025-05-02 09:00:00,LONG,96820.75,-3.897924773357492,-11.897924773357492,0.0,-48.62077602166891,10,TIME_EXIT,MACD Divergence
2025-05-02 11:15:00,2025-05-02 11:30:00,2025-05-02 12:30:00,SHORT,96943.99,0.22879499801926073,-7.771205001980739,30.22879499801926,-20.12811727678942,4,TRAILING_STOP,MACD Divergence
2025-05-02 14:00:00,2025-05-02 14:15:00,2025-05-02 16:45:00,SHORT,96836.76,-52.86525488874345,-60.86525488874345,0.0,-109.35103570173128,10,TIME_EXIT,MACD Divergence
2025-05-02 20:00:00,2025-05-02 20:15:00,2025-05-02 21:15:00,LONG,97029.99,-9.074511911214795,-17.074511911214795,10.925488088785205,-10.094817076659664,4,TRAILING_STOP,MACD Divergence
2025-05-02 22:45:00,2025-05-02 23:00:00,2025-05-03 00:30:00,LONG,96649.01,9.659900292822815,1.6599002928228153,29.659900292822815,0.0,6,TRAILING_STOP,MACD Divergence
2025-05-03 01:30:00,2025-05-03 01:45:00,2025-05-03 03:00:00,LONG,96475.99,3.217175589490264,-4.782824410509736,23.217175589490264,0.0,5,TRAILING_STOP,MACD Divergence
2025-05-03 06:00:00,2025-05-03 06:15:00,2025-05-03 08:00:00,LONG,96337.81,-14.40614230279893,-22.40614230279893,5.59385769720107,-21.293820152233003,7,TRAILING_STOP,MACD Divergence
2025-05-03 09:45:00,2025-05-03 10:00:00,2025-05-03 12:30:00,LONG,96254.02,-11.843661179034392,-19.84366117903439,0.0,-41.736438644329915,10,TIME_EXIT,MACD Divergence
2025-05-03 14:45:00,2025-05-03 15:00:00,2025-05-03 17:30:00,SHORT,96380.96,32.116301808988844,24.116301808988844,53.0478218934542,-10.704396387004056,10,TIME_EXIT,MACD Divergence
2025-05-03 20:00:00,2025-05-03 20:15:00,2025-05-03 22:45:00,SHORT,96347.83,18.43840177822466,10.438401778224659,18.80270681757996,-9.721028486059675,10,TIME_EXIT,MACD Divergence
2025-05-03 22:45:00,2025-05-03 23:00:00,2025-05-04 01:30:00,LONG,96170.19,-49.88032154246519,-57.88032154246519,0.0,-60.537470082985415,10,TIME_EXIT,MACD Divergence
2025-05-04 01:30:00,2025-05-04 01:45:00,2025-05-04 02:30:00,LONG,95690.49,44.16416093176977,36.16416093176977,64.16416093176977,0.0,3,TRAILING_STOP,MACD Divergence
2025-05-04 08:15:00,2025-05-04 08:30:00,2025-05-04 09:15:00,LONG,95672.66,-17.555205426503306,-25.555205426503306,2.4447945734966936,-22.757807716437537,3,TRAILING_STOP,MACD Divergence
2025-05-04 11:00:00,2025-05-04 11:15:00,2025-05-04 13:30:00,LONG,95467.42,-6.611139171875916,-14.611139171875916,13.388860828124084,-23.224677067841696,9,TRAILING_STOP,MACD Divergence
2025-05-04 13:45:00,2025-05-04 14:00:00,2025-05-04 15:30:00,LONG,95369.38,13.669087499571795,5.669087499571795,33.669087499571795,0.0,6,TRAILING_STOP,MACD Divergence
2025-05-04 17:30:00,2025-05-04 17:45:00,2025-05-04 20:15:00,LONG,95397.61,33.52180416259837,25.52180416259837,34.028106154860204,-5.168892595946342,10,TIME_EXIT,MACD Divergence
2025-05-04 20:45:00,2025-05-04 21:00:00,2025-05-04 22:45:00,SHORT,95719.99,73.99290681079242,65.99290681079242,103.99290681079242,-2.961763786225977,7,TRAILING_STOP,MACD Divergence
2025-05-05 00:00:00,2025-05-05 00:15:00,2025-05-05 01:00:00,LONG,94443.77,18.608158060610037,10.608158060610037,38.60815806061004,-9.42677320060379,3,TRAILING_STOP,MACD Divergence
2025-05-05 06:15:00,2025-05-05 06:30:00,2025-05-05 09:00:00,SHORT,94586.47,7.843616534162056,-0.15638346583794416,10.20653376746253,-25.26682727455684,10,TIME_EXIT,MACD Divergence
2025-05-05 11:00:00,2025-05-05 11:15:00,2025-05-05 13:00:00,LONG,94222.07,0.3614715745463073,-7.638528425453693,20.361471574546307,-35.4555997336937,7,TRAILING_STOP,MACD Divergence
2025-05-05 13:45:00,2025-05-05 14:00:00,2025-05-05 14:45:00,LONG,94226.38,-19.766519736829846,-27.766519736829846,0.23348026317015358,-52.63388023608799,3,TRAILING_STOP,MACD Divergence
2025-05-05 18:15:00,2025-05-05 18:30:00,2025-05-05 20:45:00,SHORT,94585.09,44.96847547536261,36.96847547536261,74.96847547536261,-33.29383098329806,9,TRAILING_STOP,MACD Divergence
2025-05-05 21:45:00,2025-05-05 22:00:00,2025-05-06 00:30:00,SHORT,94719.83,27.27306415140333,19.27306415140333,30.748577145883814,-50.588139780233796,10,TIME_EXIT,MACD Divergence
2025-05-06 07:00:00,2025-05-06 07:15:00,2025-05-06 08:45:00,SHORT,94494.98,22.064141396717154,14.064141396717154,52.064141396717154,-4.325097481369899,6,TRAILING_STOP,MACD Divergence
2025-05-06 10:30:00,2025-05-06 10:45:00,2025-05-06 13:15:00,LONG,94069.11,-34.879675166481384,-42.879675166481384,0.0,-37.04510439186636,10,TIME_EXIT,MACD Divergence
2025-05-06 13:15:00,2025-05-06 13:30:00,2025-05-06 13:45:00,LONG,93741.0,9.747922467223582,1.7479224672235816,29.74792246722358,-38.83039438452758,1,TRAILING_STOP,MACD Divergence
2025-05-06 16:15:00,2025-05-06 16:30:00,2025-05-06 17:15:00,SHORT,94509.16,1.0192154919167038,-6.980784508083296,31.019215491916704,-20.695348472041918,3,TRAILING_STOP,MACD Divergence
2025-05-06 19:00:00,2025-05-06 19:15:00,2025-05-06 21:45:00,SHORT,95052.21,38.21268332424897,30.21268332424897,63.066392669881786,-11.024467500544551,10,TIME_EXIT,MACD Divergence
2025-05-06 22:00:00,2025-05-06 22:15:00,2025-05-07 00:45:00,SHORT,95163.85,-236.62346573830172,-244.62346573830172,0.0,-245.3841453451072,10,TIME_EXIT,MACD Divergence
2025-05-07 00:45:00,2025-05-07 01:00:00,2025-05-07 03:30:00,SHORT,97415.65,93.95852206498529,85.95852206498529,123.95852206498529,-13.79244505374656,10,TRAILING_STOP,MACD Divergence
2025-05-07 09:00:00,2025-05-07 09:15:00,2025-05-07 11:45:00,SHORT,96945.26,-10.53893712802444,-18.53893712802444,11.545690836250584,-17.096245860809002,10,TIME_EXIT,MACD Divergence
2025-05-07 11:45:00,2025-05-07 12:00:00,2025-05-07 13:30:00,SHORT,97047.43,4.446043547984075,-3.5539564520159246,34.446043547984075,-27.67718836037243,6,TRAILING_STOP,MACD Divergence
2025-05-07 14:45:00,2025-05-07 15:00:00,2025-05-07 15:45:00,LONG,96937.99,2.0955685175634216,-5.9044314824365784,22.09556851756342,-10.688276082472989,3,TRAILING_STOP,MACD Divergence
2025-05-07 17:30:00,2025-05-07 17:45:00,2025-05-07 18:00:00,LONG,96572.95,-9.473242766219371,-17.47324276621937,10.526757233780629,-70.39341761849438,1,TRAILING_STOP,MACD Divergence
2025-05-07 22:00:00,2025-05-07 22:15:00,2025-05-07 23:00:00,SHORT,97169.63,-14.656728650709995,-22.656728650709994,15.343271349290005,-22.678896688193145,3,TRAILING_STOP,MACD Divergence
2025-05-08 00:45:00,2025-05-08 01:00:00,2025-05-08 01:15:00,SHORT,97770.0,-12.612253247417406,-20.612253247417406,17.387746752582594,-31.476935665337013,1,TRAILING_STOP,MACD Divergence
2025-05-08 03:30:00,2025-05-08 03:45:00,2025-05-08 06:15:00,SHORT,99108.82,27.600974363331428,19.600974363331428,38.90370201158756,-31.296911818745595,10,TIME_EXIT,MACD Divergence
2025-05-08 07:30:00,2025-05-08 07:45:00,2025-05-08 08:15:00,SHORT,99345.91,-16.222885270263276,-24.222885270263276,13.777114729736724,-36.81278877006624,2,TRAILING_STOP,MACD Divergence
2025-05-08 10:15:00,2025-05-08 10:30:00,2025-05-08 13:00:00,SHORT,99818.0,55.81858983349679,47.81858983349679,56.866497024585215,-7.012763229076921,10,TIME_EXIT,MACD Divergence
2025-05-08 13:00:00,2025-05-08 13:15:00,2025-05-08 13:30:00,LONG,99260.82,17.58179712801018,9.58179712801018,37.58179712801018,-4.11139057686731,1,TRAILING_STOP,MACD Divergence
2025-05-08 17:15:00,2025-05-08 17:30:00,2025-05-08 18:00:00,SHORT,101524.89,43.44307391025045,35.44307391025045,73.44307391025045,0.0,2,TRAILING_STOP,MACD Divergence
2025-05-08 20:00:00,2025-05-08 20:15:00,2025-05-08 22:45:00,SHORT,101434.38,-156.11767923262235,-164.11767923262235,0.0,-267.3038470782776,10,TIME_EXIT,MACD Divergence
2025-05-09 03:00:00,2025-05-09 03:15:00,2025-05-09 05:45:00,LONG,102738.42,23.45081810680051,15.450818106800511,23.451791452506505,-36.44400994292089,10,TIME_EXIT,MACD Divergence
2025-05-09 07:45:00,2025-05-09 08:00:00,2025-05-09 08:45:00,SHORT,103628.76,64.22384287913829,56.22384287913829,94.22384287913829,-29.069150301519123,3,TRAILING_STOP,MACD Divergence
2025-05-09 14:15:00,2025-05-09 14:30:00,2025-05-09 14:45:00,SHORT,102658.94,-26.230235769042903,-34.230235769042906,3.7697642309570982,-51.776299268237025,1,TRAILING_STOP,MACD Divergence
2025-05-09 17:00:00,2025-05-09 17:15:00,2025-05-09 19:00:00,LONG,102780.35,37.422454778562994,29.422454778562994,57.422454778562994,0.0,7,TRAILING_STOP,MACD Divergence
2025-05-09 20:00:00,2025-05-09 20:15:00,2025-05-09 22:45:00,SHORT,103311.67,51.011662090061535,43.011662090061535,56.56863353384939,-0.6204526555425435,10,TIME_EXIT,MACD Divergence
2025-05-09 22:45:00,2025-05-09 23:00:00,2025-05-10 00:30:00,LONG,102784.65,10.6806512451038,2.6806512451037996,30.6806512451038,0.0,6,TRAILING_STOP,MACD Divergence
2025-05-10 02:15:00,2025-05-10 02:30:00,2025-05-10 05:00:00,SHORT,103009.36,-13.507510385463945,-21.507510385463945,3.6103515253373413,-24.89676666275826,10,TIME_EXIT,MACD Divergence
2025-05-10 05:00:00,2025-05-10 05:15:00,2025-05-10 06:15:00,SHORT,103148.5,-25.689709496501994,-33.68970949650199,4.310290503498005,-55.01000984018171,4,TRAILING_STOP,MACD Divergence
2025-05-10 08:00:00,2025-05-10 08:15:00,2025-05-10 09:30:00,SHORT,103802.84,12.083626999029754,4.083626999029754,42.083626999029754,-18.993699979692607,5,TRAILING_STOP,MACD Divergence
2025-05-10 12:00:00,2025-05-10 12:15:00,2025-05-10 13:15:00,LONG,103605.55,1.2199056903796404,-6.78009430962036,21.21990569037964,-6.357767513420844,4,TRAILING_STOP,MACD Divergence
2025-05-10 14:45:00,2025-05-10 15:00:00,2025-05-10 17:30:00,LONG,103520.41,-8.642740112795261,-16.64274011279526,9.589413334045867,-40.61131519861673,10,TIME_EXIT,MACD Divergence
2025-05-10 17:45:00,2025-05-10 18:00:00,2025-05-10 19:00:00,LONG,103176.88,-6.628787379498988,-14.628787379498988,13.371212620501012,-16.626786931336063,4,TRAILING_STOP,MACD Divergence
2025-05-10 22:45:00,2025-05-10 23:00:00,2025-05-11 01:30:00,SHORT,103597.53,-78.44685100117756,-86.44685100117756,0.0,-133.88736198633387,10,TIME_EXIT,MACD Divergence
2025-05-11 07:30:00,2025-05-11 07:45:00,2025-05-11 10:15:00,LONG,103410.79,104.5616226314501,96.5616226314501,104.5616226314501,-2.885578961344025,10,TIME_EXIT,MACD Divergence
2025-05-11 10:30:00,2025-05-11 10:45:00,2025-05-11 12:00:00,SHORT,104366.3,-28.559879961251973,-36.55987996125197,1.4401200387480282,-49.98740014736529,5,TRAILING_STOP,MACD Divergence
2025-05-11 16:00:00,2025-05-11 16:15:00,2025-05-11 17:15:00,LONG,104038.28,-9.364491608281664,-17.364491608281664,10.635508391718336,-23.513460622379057,4,TRAILING_STOP,MACD Divergence
2025-05-11 22:00:00,2025-05-11 22:15:00,2025-05-12 00:30:00,LONG,104102.31,30.85381870969134,22.85381870969134,50.85381870969134,-51.15544506168918,9,TRAILING_STOP,MACD Divergence
2025-05-12 05:15:00,2025-05-12 05:30:00,2025-05-12 07:00:00,LONG,103806.21,173.9421543277604,165.9421543277604,193.9421543277604,-0.5982301058873455,6,TRAILING_STOP,MACD Divergence
2025-05-12 13:30:00,2025-05-12 13:45:00,2025-05-12 14:00:00,LONG,103801.9,37.6193692022984,29.6193692022984,57.6193692022984,0.0,1,TRAILING_STOP,MACD Divergence
2025-05-12 18:00:00,2025-05-12 18:15:00,2025-05-12 19:15:00,LONG,101965.64,-4.663461142400061,-12.663461142400061,15.336538857599939,-122.32257846859041,4,TRAILING_STOP,MACD Divergence
2025-05-12 22:30:00,2025-05-12 22:45:00,2025-05-13 01:00:00,SHORT,102810.82,32.778411844201564,24.778411844201564,62.778411844201564,-30.84305718016754,9,TRAILING_STOP,MACD Divergence
2025-05-13 02:15:00,2025-05-13 02:30:00,2025-05-13 05:00:00,LONG,102285.72,37.127372227520596,29.127372227520596,47.07597502368895,-83.689101469883,10,TIME_EXIT,MACD Divergence
2025-05-13 05:15:00,2025-05-13 05:30:00,2025-05-13 06:00:00,SHORT,102560.0,-1.851599063962329,-9.851599063962329,28.14840093603767,-12.55557722308932,2,TRAILING_STOP,MACD Divergence
2025-05-13 08:00:00,2025-05-13 08:15:00,2025-05-13 09:00:00,SHORT,102901.34,2.8615740086566603,-5.13842599134334,32.86157400865666,-8.045570640771846,3,TRAILING_STOP,MACD Divergence
2025-05-13 10:45:00,2025-05-13 11:00:00,2025-05-13 11:30:00,SHORT,103557.72,-19.9833638670303,-27.9833638670303,10.016636132969703,-25.009241223156053,2,TRAILING_STOP,MACD Divergence
2025-05-13 13:30:00,2025-05-13 13:45:00,2025-05-13 14:15:00,SHORT,103590.8,45.24606432231394,37.24606432231394,75.24606432231394,-14.98588677758939,2,TRAILING_STOP,MACD Divergence
2025-05-13 16:15:00,2025-05-13 16:30:00,2025-05-13 17:30:00,SHORT,104151.02,12.104244394342373,4.104244394342373,42.10424439434237,0.0,4,TRAILING_STOP,MACD Divergence
2025-05-13 19:00:00,2025-05-13 19:15:00,2025-05-13 21:15:00,SHORT,104271.47,-21.131802400023595,-29.131802400023595,8.868197599976405,-67.59087600855716,8,TRAILING_STOP,MACD Divergence
2025-05-14 00:00:00,2025-05-14 00:15:00,2025-05-14 01:45:00,LONG,103951.37,-7.365245883723219,-15.365245883723219,12.634754116276781,-24.18149948384474,6,TRAILING_STOP,MACD Divergence
2025-05-14 03:00:00,2025-05-14 03:15:00,2025-05-14 05:45:00,LONG,103650.1,23.792548198216938,15.792548198216938,30.959931538898097,-18.990816217255077,10,TIME_EXIT,MACD Divergence
2025-05-14 07:15:00,2025-05-14 07:30:00,2025-05-14 08:00:00,LONG,103489.64,18.492741882182656,10.492741882182656,38.492741882182656,-2.4495205510431597,2,TRAILING_STOP,MACD Divergence
2025-05-14 10:15:00,2025-05-14 10:30:00,2025-05-14 11:30:00,SHORT,103829.03,-12.777456362638421,-20.77745636263842,17.22254363736158,-30.43175882506089,4,TRAILING_STOP,MACD Divergence
2025-05-14 13:15:00,2025-05-14 13:30:00,2025-05-14 13:45:00,SHORT,104095.23,27.944057571129647,19.944057571129647,57.94405757112965,0.0,1,TRAILING_STOP,MACD Divergence
2025-05-14 17:15:00,2025-05-14 17:30:00,2025-05-14 18:15:00,LONG,102880.67,36.34100166727136,28.341001667271357,56.34100166727136,0.0,3,TRAILING_STOP,MACD Divergence
2025-05-14 20:45:00,2025-05-14 21:00:00,2025-05-14 23:30:00,SHORT,103555.52,1.8965671747869566,-6.103432825213043,19.096036599497545,-10.815454357237547,10,TIME_EXIT,MACD Divergence
2025-05-15 00:00:00,2025-05-15 00:15:00,2025-05-15 02:45:00,SHORT,103704.99,63.388463756663,55.388463756663,76.07541353603162,-15.574949672141091,10,TIME_EXIT,MACD Divergence
2025-05-15 02:45:00,2025-05-15 03:00:00,2025-05-15 05:30:00,LONG,103047.62,-54.00512889089479,-62.00512889089479,0.0,-64.01118240285369,10,TIME_EXIT,MACD Divergence
2025-05-15 05:30:00,2025-05-15 05:45:00,2025-05-15 06:30:00,LONG,102491.12,-0.9759128400577062,-8.975912840057706,19.024087159942294,-34.25857771873264,3,TRAILING_STOP,MACD Divergence
2025-05-15 09:30:00,2025-05-15 09:45:00,2025-05-15 10:30:00,LONG,101699.62,2.710016025625901,-5.289983974374099,22.7100160256259,-7.231098798598619,3,TRAILING_STOP,MACD Divergence
2025-05-15 12:45:00,2025-05-15 13:00:00,2025-05-15 13:45:00,SHORT,102560.01,66.54542740391682,58.54542740391682,96.54542740391682,-21.406004153081515,3,TRAILING_STOP,MACD Divergence
2025-05-15 15:30:00,2025-05-15 15:45:00,2025-05-15 18:15:00,SHORT,103000.0,-47.75242718446659,-55.75242718446659,0.0,-115.79611650485408,10,TIME_EXIT,MACD Divergence
2025-05-15 23:30:00,2025-05-15 23:45:00,2025-05-16 01:30:00,SHORT,103784.33,0.48822495650338027,-7.51177504349662,30.48822495650338,-31.273507281878917,7,TRAILING_STOP,MACD Divergence
2025-05-16 02:30:00,2025-05-16 02:45:00,2025-05-16 05:15:00,SHORT,104145.27,10.992337914147274,2.9923379141472743,31.558802430489475,-17.57641033529443,10,TIME_EXIT,MACD Divergence
2025-05-16 07:00:00,2025-05-16 07:15:00,2025-05-16 07:30:00,LONG,103993.45,-11.565814962384035,-19.565814962384035,8.434185037615965,-17.68669084447078,1,TRAILING_STOP,MACD Divergence
2025-05-16 13:30:00,2025-05-16 13:45:00,2025-05-16 14:15:00,SHORT,103740.0,-6.86524002313476,-14.86524002313476,23.13475997686524,-25.832851359167655,2,TRAILING_STOP,MACD Divergence
2025-05-16 20:30:00,2025-05-16 20:45:00,2025-05-16 21:15:00,LONG,103601.32,-1.60062053263459,-9.60062053263459,18.39937946736541,-3.356134844614342,2,TRAILING_STOP,MACD Divergence
2025-05-16 23:45:00,2025-05-17 00:00:00,2025-05-17 00:15:00,LONG,103463.9,-12.674739691814425,-20.674739691814423,7.325260308185575,-17.00109893402377,1,TRAILING_STOP,MACD Divergence
2025-05-17 04:30:00,2025-05-17 04:45:00,2025-05-17 07:15:00,SHORT,103579.29,-1.656496197262289,-9.656496197262289,28.34350380273771,-12.605801796865666,10,TRAILING_STOP,MACD Divergence
2025-05-17 07:15:00,2025-05-17 07:30:00,2025-05-17 08:15:00,SHORT,103609.99,17.29177176834061,9.29177176834061,47.29177176834061,0.0,3,TRAILING_STOP,MACD Divergence
2025-05-17 10:00:00,2025-05-17 10:15:00,2025-05-17 11:00:00,LONG,103019.73,-19.240922102979013,-27.240922102979013,0.7590778970209867,-24.508897470415686,3,TRAILING_STOP,MACD Divergence
2025-05-17 13:00:00,2025-05-17 13:15:00,2025-05-17 15:45:00,LONG,103070.08,-9.335411401640684,-17.335411401640684,10.664588598359316,-41.72500884834839,10,TRAILING_STOP,MACD Divergence
2025-05-17 16:15:00,2025-05-17 16:30:00,2025-05-17 17:00:00,SHORT,103000.0,-6.883495145630501,-14.883495145630501,23.1165048543695,-16.664077669902856,2,TRAILING_STOP,MACD Divergence
2025-05-17 20:45:00,2025-05-17 21:00:00,2025-05-17 23:30:00,SHORT,103372.03,21.240755357130205,13.240755357130205,45.59357110429172,-3.86468177126802,10,TIME_EXIT,MACD Divergence
2025-05-18 00:45:00,2025-05-18 01:00:00,2025-05-18 03:30:00,SHORT,103382.81,7.898798649408301,-0.10120135059169932,24.019467066139182,-0.7390010002629468,10,TIME_EXIT,MACD Divergence
2025-05-18 03:30:00,2025-05-18 03:45:00,2025-05-18 05:45:00,SHORT,103301.15,-29.471448284942436,-37.47144828494244,0.5285517150575624,-37.16125135102607,8,TRAILING_STOP,MACD Divergence
2025-05-18 06:15:00,2025-05-18 06:30:00,2025-05-18 07:45:00,SHORT,103509.99,-17.461113656758336,-25.461113656758336,12.538886343241666,-46.180083680811364,5,TRAILING_STOP,MACD Divergence
2025-05-18 09:00:00,2025-05-18 09:15:00,2025-05-18 11:45:00,SHORT,103999.99,19.17788645941328,11.17788645941328,19.229809541328343,0.0,10,TIME_EXIT,MACD Divergence
2025-05-18 13:00:00,2025-05-18 13:15:00,2025-05-18 13:30:00,SHORT,103913.05,-28.937573288436038,-36.93757328843604,1.0624267115639612,-59.37175359591477,1,TRAILING_STOP,MACD Divergence
2025-05-18 15:45:00,2025-05-18 16:00:00,2025-05-18 16:30:00,SHORT,105518.0,3.8150836824046763,-4.184916317595324,33.815083682404676,-1.3703823044415553,2,TRAILING_STOP,MACD Divergence
2025-05-18 23:30:00,2025-05-18 23:45:00,2025-05-19 01:15:00,SHORT,105779.99,68.07715050833399,60.077150508333986,98.07715050833399,-125.60315046352245,6,TRAILING_STOP,MACD Divergence
2025-05-19 04:00:00,2025-05-19 04:15:00,2025-05-19 06:45:00,LONG,103670.11,-141.03486530495633,-149.03486530495633,0.0,-161.09850756404143,10,TIME_EXIT,MACD Divergence
2025-05-19 12:00:00,2025-05-19 12:15:00,2025-05-19 13:45:00,LONG,102662.6,64.28483206152907,56.28483206152907,84.28483206152907,-52.252719101211376,6,TRAILING_STOP,MACD Divergence
2025-05-19 15:45:00,2025-05-19 16:00:00,2025-05-19 16:15:00,SHORT,104786.42,-10.065164932631593,-18.065164932631593,19.934835067368407,-30.690045523074126,1,TRAILING_STOP,MACD Divergence
2025-05-19 19:30:00,2025-05-19 19:45:00,2025-05-19 20:15:00,SHORT,105459.33,-22.02536181483366,-30.02536181483366,7.974638185166341,-31.248065012360083,2,TRAILING_STOP,MACD Divergence
2025-05-19 23:00:00,2025-05-19 23:15:00,2025-05-20 00:00:00,SHORT,105677.65,-8.985149650849806,-16.985149650849806,21.014850349150194,-30.503138553895347,3,TRAILING_STOP,MACD Divergence
2025-05-20 02:15:00,2025-05-20 02:30:00,2025-05-20 04:45:00,SHORT,106461.75,57.23696538897822,49.23696538897822,87.23696538897822,0.0,9,TRAILING_STOP,MACD Divergence
2025-05-20 06:15:00,2025-05-20 06:30:00,2025-05-20 07:30:00,LONG,105486.74,4.9813388867633535,-3.0186611132366465,24.981338886763353,-38.43231860231945,4,TRAILING_STOP,MACD Divergence
2025-05-20 11:15:00,2025-05-20 11:30:00,2025-05-20 12:00:00,LONG,105136.54,-1.641016529552516,-9.641016529552516,18.358983470447484,-12.406723675706637,2,TRAILING_STOP,MACD Divergence
2025-05-20 17:45:00,2025-05-20 18:00:00,2025-05-20 19:00:00,SHORT,106200.32,62.30857308151302,54.30857308151302,92.30857308151302,-12.026329110871474,4,TRAILING_STOP,MACD Divergence
2025-05-20 20:45:00,2025-05-20 21:00:00,2025-05-20 21:30:00,SHORT,106909.09,42.678572046586496,34.678572046586496,72.6785720465865,0.0,2,TRAILING_STOP,MACD Divergence
2025-05-21 05:30:00,2025-05-21 05:45:00,2025-05-21 06:15:00,SHORT,107438.01,-16.654629958243817,-24.654629958243817,13.345370041756182,-45.70542585440692,2,TRAILING_STOP,MACD Divergence
2025-05-21 08:45:00,2025-05-21 09:00:00,2025-05-21 09:30:00,LONG,106372.46,-17.253988485366246,-25.253988485366246,2.746011514633755,-22.509585657791717,2,TRAILING_STOP,MACD Divergence
2025-05-21 12:30:00,2025-05-21 12:45:00,2025-05-21 13:30:00,SHORT,106633.57,-1.4817763299113231,-9.481776329911323,28.518223670088677,-53.20275781819856,3,TRAILING_STOP,MACD Divergence
2025-05-21 16:30:00,2025-05-21 16:45:00,2025-05-21 17:45:00,SHORT,109514.76,280.19471713219264,272.19471713219264,310.19471713219264,0.0,4,TRAILING_STOP,MACD Divergence
2025-05-21 22:45:00,2025-05-21 23:00:00,2025-05-22 01:30:00,SHORT,108739.36,-99.71826209019454,-107.71826209019454,0.0,-189.2617355849808,10,TIME_EXIT,MACD Divergence
2025-05-22 02:30:00,2025-05-22 02:45:00,2025-05-22 03:15:00,SHORT,110462.52,-18.896686405487696,-26.896686405487696,11.103313594512304,-38.1876133189793,2,TRAILING_STOP,MACD Divergence
2025-05-22 08:30:00,2025-05-22 08:45:00,2025-05-22 11:00:00,LONG,110549.53,16.441584147847628,8.441584147847628,36.44158414784763,-25.039455165480817,9,TRAILING_STOP,MACD Divergence
2025-05-22 13:00:00,2025-05-22 13:15:00,2025-05-22 13:30:00,SHORT,111268.0,1.4546859833919221,-6.545314016608078,31.454685983391922,-29.83786892907215,1,TRAILING_STOP,MACD Divergence
2025-05-22 15:45:00,2025-05-22 16:00:00,2025-05-22 16:30:00,SHORT,111290.85,-11.705593945952806,-19.705593945952806,18.294406054047194,-44.18692102719988,2,TRAILING_STOP,MACD Divergence
2025-05-22 18:30:00,2025-05-22 18:45:00,2025-05-22 19:15:00,SHORT,111745.64,-5.385169390054266,-13.385169390054266,24.614830609945734,-15.603293336545441,2,TRAILING_STOP,MACD Divergence
2025-05-22 21:30:00,2025-05-22 21:45:00,2025-05-22 22:45:00,LONG,110967.44,5.646261642153458,-2.3537383578465416,25.64626164215346,-12.26305662273562,4,TRAILING_STOP,MACD Divergence
2025-05-23 00:45:00,2025-05-23 01:00:00,2025-05-23 02:15:00,SHORT,111613.58,6.887984419100363,-1.1120155808996373,36.88798441910036,-0.4793323536429231,5,TRAILING_STOP,MACD Divergence
2025-05-23 04:45:00,2025-05-23 05:00:00,2025-05-23 06:00:00,LONG,110844.19,-15.337599562052553,-23.337599562052553,4.662400437947448,-32.85602971161613,4,TRAILING_STOP,MACD Divergence
2025-05-23 10:00:00,2025-05-23 10:15:00,2025-05-23 12:15:00,SHORT,110941.02,296.75199849433545,288.75199849433545,326.75199849433545,-21.940486936210696,8,TRAILING_STOP,MACD Divergence
2025-05-23 21:30:00,2025-05-23 21:45:00,2025-05-23 22:15:00,LONG,108513.11,-12.831280939234569,-20.831280939234567,7.168719060765431,-26.34151762860695,2,TRAILING_STOP,MACD Divergence
2025-05-24 04:00:00,2025-05-24 04:15:00,2025-05-24 06:45:00,SHORT,108341.13,35.17962199582,27.17962199582,60.65748068162093,-22.26301313268535,10,TIME_EXIT,MACD Divergence
2025-05-24 08:00:00,2025-05-24 08:15:00,2025-05-24 09:00:00,LONG,107858.55,33.352284079472334,25.352284079472334,53.352284079472334,-0.4607886903728229,3,TRAILING_STOP,MACD Divergence
2025-05-24 11:30:00,2025-05-24 11:45:00,2025-05-24 14:15:00,SHORT,109175.02,43.5090371405482,35.5090371405482,58.165320235343586,-9.873137646321803,10,TIME_EXIT,MACD Divergence
2025-05-24 17:00:00,2025-05-24 17:15:00,2025-05-24 19:45:00,SHORT,109120.1,14.671907375451985,6.671907375451985,31.026364528626,0.0,10,TIME_EXIT,MACD Divergence
2025-05-24 21:00:00,2025-05-24 21:15:00,2025-05-24 22:15:00,LONG,108826.32,-16.571601428772226,-24.571601428772226,3.4283985712277754,-43.75963461780212,4,TRAILING_STOP,MACD Divergence
2025-05-25 00:30:00,2025-05-25 00:45:00,2025-05-25 01:00:00,LONG,107502.45,-9.495123134402279,-17.495123134402277,10.504876865597721,-23.480395097972025,1,TRAILING_STOP,MACD Divergence
2025-05-25 04:30:00,2025-05-25 04:45:00,2025-05-25 07:15:00,SHORT,108178.54,58.522697755025774,50.522697755025774,66.28116815035492,-10.182241320691585,10,TIME_EXIT,MACD Divergence
2025-05-25 09:00:00,2025-05-25 09:15:00,2025-05-25 09:30:00,LONG,107181.81,-16.726123583843517,-24.726123583843517,3.273876416156483,-44.11476163725932,1,TRAILING_STOP,MACD Divergence
2025-05-25 13:00:00,2025-05-25 13:15:00,2025-05-25 15:30:00,SHORT,107371.5,41.79372552306715,33.79372552306715,71.79372552306715,-34.63116376319568,9,TRAILING_STOP,MACD Divergence
2025-05-25 16:30:00,2025-05-25 16:45:00,2025-05-25 19:15:00,LONG,107112.0,47.70427216371659,39.70427216371659,47.70520576592687,-0.041078497274098916,10,TIME_EXIT,MACD Divergence
2025-05-25 19:15:00,2025-05-25 19:30:00,2025-05-25 21:00:00,SHORT,107622.97,-10.12691900251362,-18.12691900251362,19.87308099748638,-29.5457373086801,6,TRAILING_STOP,MACD Divergence
2025-05-25 22:00:00,2025-05-25 22:15:00,2025-05-25 22:30:00,SHORT,108363.64,-23.24958076343742,-31.24958076343742,6.750419236562577,-26.425838039401462,1,TRAILING_STOP,MACD Divergence
2025-05-26 00:45:00,2025-05-26 01:00:00,2025-05-26 01:30:00,SHORT,109540.45,-1.11112835486826,-9.11112835486826,28.88887164513174,-19.12991958678305,2,TRAILING_STOP,MACD Divergence
2025-05-26 03:30:00,2025-05-26 03:45:00,2025-05-26 06:15:00,SHORT,109663.01,-2.8513744060097217,-10.851374406009722,27.14862559399028,-10.314325678275708,10,TRAILING_STOP,MACD Divergence
2025-05-26 06:15:00,2025-05-26 06:30:00,2025-05-26 06:45:00,SHORT,109739.12,-13.722304315909394,-21.722304315909394,16.277695684090606,-19.325833850317167,1,TRAILING_STOP,MACD Divergence
2025-05-26 10:45:00,2025-05-26 11:00:00,2025-05-26 12:45:00,LONG,109643.55,20.441047375792145,12.441047375792145,40.441047375792145,-5.83344847918609,7,TRAILING_STOP,MACD Divergence
2025-05-26 13:45:00,2025-05-26 14:00:00,2025-05-26 15:30:00,LONG,109595.64,55.28584166304479,47.28584166304479,75.28584166304479,-8.733924086761222,6,TRAILING_STOP,MACD Divergence
2025-05-26 16:30:00,2025-05-26 16:45:00,2025-05-26 17:00:00,LONG,109585.04,-10.12638951448011,-18.12638951448011,9.87361048551989,-22.46292012121262,1,TRAILING_STOP,MACD Divergence
2025-05-26 19:15:00,2025-05-26 19:30:00,2025-05-26 21:00:00,LONG,109119.66,28.27636009862875,20.27636009862875,48.27636009862875,-16.464494115909407,6,TRAILING_STOP,MACD Divergence
2025-05-27 06:30:00,2025-05-27 06:45:00,2025-05-27 07:15:00,SHORT,109224.07,6.2456736871290275,-1.7543263128709725,36.24567368712903,-4.967769466931123,2,TRAILING_STOP,MACD Divergence
2025-05-27 09:15:00,2025-05-27 09:30:00,2025-05-27 12:00:00,SHORT,109521.65,-16.148405360949237,-24.148405360949237,7.4816257790115275,-34.45437500256852,10,TIME_EXIT,MACD Divergence
2025-05-27 12:00:00,2025-05-27 12:15:00,2025-05-27 13:00:00,SHORT,109698.51,-7.938624690527266,-15.938624690527266,22.061375309472734,-79.26269919254145,3,TRAILING_STOP,MACD Divergence
2025-05-27 20:30:00,2025-05-27 20:45:00,2025-05-27 23:15:00,LONG,109703.4,-71.47909727501556,-79.47909727501556,0.0,-100.58029195084148,10,TIME_EXIT,MACD Divergence
2025-05-28 00:00:00,2025-05-28 00:15:00,2025-05-28 01:00:00,LONG,108707.6,33.087364636878306,25.087364636878306,53.087364636878306,0.0,3,TRAILING_STOP,MACD Divergence
2025-05-28 06:00:00,2025-05-28 06:15:00,2025-05-28 08:30:00,SHORT,108653.9,-25.306197016397938,-33.30619701639794,4.693802983602062,-41.45272281989038,9,TRAILING_STOP,MACD Divergence
2025-05-28 08:45:00,2025-05-28 09:00:00,2025-05-28 10:15:00,SHORT,109040.45,41.75685720299232,33.75685720299232,71.75685720299232,0.0,5,TRAILING_STOP,MACD Divergence
2025-05-28 12:15:00,2025-05-28 12:30:00,2025-05-28 14:15:00,SHORT,109013.34,97.2633239198062,89.2633239198062,127.2633239198062,-1.2915850482153604,7,TRAILING_STOP,MACD Divergence
2025-05-28 15:15:00,2025-05-28 15:30:00,2025-05-28 15:45:00,LONG,107292.83,-5.538642237323456,-13.538642237323456,14.461357762676544,-23.056526703602156,1,TRAILING_STOP,MACD Divergence
2025-05-28 19:30:00,2025-05-28 19:45:00,2025-05-28 22:00:00,LONG,107127.61,21.81461716545315,13.81461716545315,41.81461716545315,-33.434891341271175,9,TRAILING_STOP,MACD Divergence
2025-05-28 23:00:00,2025-05-28 23:15:00,2025-05-29 00:15:00,SHORT,107863.63,11.02494974441425,3.0249497444142506,41.02494974441425,-16.717405116070395,4,TRAILING_STOP,MACD Divergence
2025-05-29 01:45:00,2025-05-29 02:00:00,2025-05-29 02:45:00,SHORT,108156.23,-9.189363386648946,-17.189363386648946,20.810636613351054,-30.361635201227397,3,TRAILING_STOP,MACD Divergence
2025-05-29 09:15:00,2025-05-29 09:30:00,2025-05-29 10:45:00,SHORT,108459.99,-19.88382720669611,-27.88382720669611,10.116172793303887,-36.61811143445513,5,TRAILING_STOP,MACD Divergence
2025-05-29 12:00:00,2025-05-29 12:15:00,2025-05-29 14:30:00,SHORT,108638.33,169.22342326138497,161.22342326138497,199.22342326138497,-14.628354467525252,9,TRAILING_STOP,MACD Divergence
2025-05-29 16:45:00,2025-05-29 17:00:00,2025-05-29 17:15:00,LONG,106724.42,-4.542431807078344,-12.542431807078344,15.457568192921656,-15.615919955339509,1,TRAILING_STOP,MACD Divergence
2025-05-29 19:30:00,2025-05-29 19:45:00,2025-05-29 20:00:00,LONG,105766.82,18.38538399849694,10.385383998496941,38.38538399849694,-3.573899640738268,1,TRAILING_STOP,MACD Divergence
2025-05-29 23:15:00,2025-05-29 23:30:00,2025-05-29 23:45:00,LONG,105748.61,-14.239167777240926,-22.239167777240926,5.760832222759074,-40.260576474716785,1,TRAILING_STOP,MACD Divergence
2025-05-30 03:15:00,2025-05-30 03:30:00,2025-05-30 05:30:00,SHORT,106152.66,-6.646840503101032,-14.646840503101032,23.353159496898968,-15.115966005938226,8,TRAILING_STOP,MACD Divergence
2025-05-30 09:30:00,2025-05-30 09:45:00,2025-05-30 10:00:00,LONG,105045.67,46.754774375754465,38.754774375754465,66.75477437575447,0.0,1,TRAILING_STOP,MACD Divergence
2025-05-30 12:30:00,2025-05-30 12:45:00,2025-05-30 13:30:00,SHORT,105920.31,22.319522101096403,14.319522101096403,52.3195221010964,0.0,3,TRAILING_STOP,MACD Divergence
2025-05-30 22:30:00,2025-05-30 22:45:00,2025-05-30 23:00:00,LONG,103994.2,5.5591177200269755,-2.4408822799730245,25.559117720026975,-23.11763540659032,1,TRAILING_STOP,MACD Divergence
2025-05-31 01:30:00,2025-05-31 01:45:00,2025-05-31 02:30:00,LONG,103814.67,-16.386830493224632,-24.386830493224632,3.6131695067753684,-51.48020024530274,3,TRAILING_STOP,MACD Divergence
2025-05-31 06:30:00,2025-05-31 06:45:00,2025-05-31 09:15:00,SHORT,103900.01,38.80750348339638,30.80750348339638,40.119341663200665,0.0,10,TIME_EXIT,MACD Divergence
2025-05-31 10:45:00,2025-05-31 11:00:00,2025-05-31 13:30:00,LONG,103410.01,65.2770461969783,57.277046196978304,76.39395837985174,-5.803113257603859,10,TIME_EXIT,MACD Divergence
2025-05-31 13:30:00,2025-05-31 13:45:00,2025-05-31 16:15:00,SHORT,104085.04,-57.15230546099708,-65.15230546099707,0.0,-73.12386102748297,10,TIME_EXIT,MACD Divergence
2025-05-31 16:15:00,2025-05-31 16:30:00,2025-05-31 19:00:00,SHORT,104679.91,9.980928527737944,1.9809285277379445,39.980928527737944,-4.443068397746497,10,TRAILING_STOP,MACD Divergence
2025-05-31 19:45:00,2025-05-31 20:00:00,2025-05-31 21:45:00,SHORT,104698.03,-15.678813631927714,-23.678813631927714,14.321186368072286,-17.777793908825664,7,TRAILING_STOP,MACD Divergence
2025-05-31 23:00:00,2025-05-31 23:15:00,2025-06-01 01:45:00,LONG,104761.91,-60.69381514712709,-68.69381514712708,0.0,-73.55154177696915,10,TIME_EXIT,MACD Divergence
2025-06-01 02:15:00,2025-06-01 02:30:00,2025-06-01 03:00:00,LONG,104164.58,-4.675213013866648,-12.675213013866648,15.324786986133352,-10.859737542262,2,TRAILING_STOP,MACD Divergence
2025-06-01 05:15:00,2025-06-01 05:30:00,2025-06-01 08:00:00,SHORT,104572.97,29.732348617429366,21.732348617429366,36.13266411004735,0.0,10,TIME_EXIT,MACD Divergence
2025-06-01 08:15:00,2025-06-01 08:30:00,2025-06-01 09:00:00,LONG,104291.42,-3.9248521115151433,-11.924852111515143,16.075147888484857,-13.9110197176337,2,TRAILING_STOP,MACD Divergence
2025-06-01 11:00:00,2025-06-01 11:15:00,2025-06-01 12:30:00,LONG,103863.21,11.509713593484111,3.5097135934841113,31.50971359348411,-7.721694717505038,5,TRAILING_STOP,MACD Divergence
2025-06-01 14:45:00,2025-06-01 15:00:00,2025-06-01 16:00:00,SHORT,104599.7,-24.075508820770885,-32.075508820770885,5.924491179229115,-66.87495279623262,4,TRAILING_STOP,MACD Divergence
2025-06-01 20:30:00,2025-06-01 20:45:00,2025-06-01 21:30:00,SHORT,105262.64,1.903056963039539,-6.096943036960461,31.90305696303954,-20.818402426539883,3,TRAILING_STOP,MACD Divergence
2025-06-01 23:15:00,2025-06-01 23:30:00,2025-06-02 02:00:00,SHORT,105697.06,43.321923996750165,35.321923996750165,46.709908487520075,-3.6812755245986497,10,TIME_EXIT,MACD Divergence
2025-06-02 02:30:00,2025-06-02 02:45:00,2025-06-02 05:15:00,LONG,105308.04,-48.10268997504822,-56.10268997504822,0.0,-69.94907511335273,10,TIME_EXIT,MACD Divergence
2025-06-02 05:45:00,2025-06-02 06:00:00,2025-06-02 08:30:00,LONG,104833.79,85.10351671918102,77.10351671918102,105.10351671918102,-9.673407781974586,10,TRAILING_STOP,MACD Divergence
2025-06-02 08:30:00,2025-06-02 08:45:00,2025-06-02 11:15:00,SHORT,105488.2,115.29346410309323,107.29346410309323,122.11697611676021,0.0,10,TIME_EXIT,MACD Divergence
2025-06-02 11:15:00,2025-06-02 11:30:00,2025-06-02 13:15:00,LONG,104271.99,-19.041928709714785,-27.041928709714785,0.9580712902852133,-39.78537285037006,7,TRAILING_STOP,MACD Divergence
2025-06-02 14:00:00,2025-06-02 14:15:00,2025-06-02 14:30:00,LONG,104113.21,34.36774065461948,26.36774065461948,54.36774065461948,0.0,1,TRAILING_STOP,MACD Divergence
2025-06-02 18:15:00,2025-06-02 18:30:00,2025-06-02 19:45:00,SHORT,104606.1,23.069562864880666,15.069562864880666,53.069562864880666,0.0,5,TRAILING_STOP,MACD Divergence
2025-06-02 21:15:00,2025-06-02 21:30:00,2025-06-02 22:00:00,SHORT,104792.61,-21.16349902917717,-29.16349902917717,8.83650097082283,-42.327412209696625,2,TRAILING_STOP,MACD Divergence
2025-06-03 00:00:00,2025-06-03 00:15:00,2025-06-03 01:45:00,SHORT,106150.01,-14.802639208419063,-22.802639208419063,15.197360791580937,-31.840788333416572,6,TRAILING_STOP,MACD Divergence
2025-06-03 04:15:00,2025-06-03 04:30:00,2025-06-03 06:15:00,LONG,105303.01,-3.9425292781268944,-11.942529278126894,16.057470721873106,-17.740233636246266,7,TRAILING_STOP,MACD Divergence
2025-06-03 07:15:00,2025-06-03 07:30:00,2025-06-03 08:00:00,LONG,105212.09,-14.868460459249004,-22.868460459249004,5.131539540750995,-19.314320245894923,2,TRAILING_STOP,MACD Divergence
2025-06-03 12:00:00,2025-06-03 12:15:00,2025-06-03 13:30:00,SHORT,105360.0,1.1693242217154705,-6.8306757782845295,31.16932422171547,-29.106871678056024,5,TRAILING_STOP,MACD Divergence
2025-06-03 15:30:00,2025-06-03 15:45:00,2025-06-03 18:15:00,SHORT,106678.45,87.72343430186626,79.72343430186626,101.82750124322195,0.0,10,TIME_EXIT,MACD Divergence
2025-06-03 20:15:00,2025-06-03 20:30:00,2025-06-03 21:00:00,LONG,105631.46,5.438444190773453,-2.5615558092265474,25.438444190773453,-0.9476343506005988,2,TRAILING_STOP,MACD Divergence
2025-06-03 23:30:00,2025-06-03 23:45:00,2025-06-04 00:15:00,LONG,105308.0,0.60242336764599,-7.39757663235401,20.60242336764599,-1.899190944657576,2,TRAILING_STOP,MACD Divergence
2025-06-04 02:15:00,2025-06-04 02:30:00,2025-06-04 05:00:00,SHORT,105646.13,14.07907700925772,6.07907700925772,26.66638143773001,-9.38605133950377,10,TIME_EXIT,MACD Divergence
2025-06-04 06:30:00,2025-06-04 06:45:00,2025-06-04 09:15:00,LONG,105388.01,3.428283729809934,-4.571716270190066,18.734579009509936,-11.745169113640047,10,TIME_EXIT,MACD Divergence
2025-06-04 09:15:00,2025-06-04 09:30:00,2025-06-04 10:15:00,LONG,105424.14,34.62316315788781,26.62316315788781,54.62316315788781,0.0,3,TRAILING_STOP,MACD Divergence
2025-06-04 13:15:00,2025-06-04 13:30:00,2025-06-04 13:45:00,LONG,104971.02,-0.1268959756701804,-8.12689597567018,19.87310402432982,-23.913266728284057,1,TRAILING_STOP,MACD Divergence
2025-06-04 16:45:00,2025-06-04 17:00:00,2025-06-04 19:30:00,SHORT,105445.9,35.972949161607275,27.972949161607275,55.06615240611482,0.0,10,TIME_EXIT,MACD Divergence
2025-06-04 19:45:00,2025-06-04 20:00:00,2025-06-04 22:15:00,LONG,104913.52,-7.392473343760697,-15.392473343760697,12.607526656239303,-48.264513477386,9,TRAILING_STOP,MACD Divergence
2025-06-05 01:15:00,2025-06-05 01:30:00,2025-06-05 02:30:00,SHORT,104976.74,-3.4322098400075376,-11.432209840007538,26.567790159992462,-25.157954038198486,4,TRAILING_STOP,MACD Divergence
2025-06-05 04:15:00,2025-06-05 04:30:00,2025-06-05 07:00:00,SHORT,105127.14,53.94705877093247,45.94705877093247,71.07013469595002,-9.417168582727543,10,TIME_EXIT,MACD Divergence
2025-06-05 07:00:00,2025-06-05 07:15:00,2025-06-05 09:45:00,LONG,104560.01,32.51625549768073,24.51625549768073,34.42903266746104,-12.95810893667576,10,TIME_EXIT,MACD Divergence
2025-06-05 10:15:00,2025-06-05 10:30:00,2025-06-05 12:00:00,SHORT,104699.91,-12.571140701075056,-20.571140701075056,17.428859298924944,-44.05256890860708,6,TRAILING_STOP,MACD Divergence
2025-06-05 13:15:00,2025-06-05 13:30:00,2025-06-05 14:15:00,SHORT,105683.15,138.72604573198228,130.72604573198228,168.72604573198228,0.0,3,TRAILING_STOP,MACD Divergence
2025-06-05 16:15:00,2025-06-05 16:30:00,2025-06-05 19:00:00,LONG,104036.0,-134.7475873736015,-142.7475873736015,0.0,-139.80160713599162,10,TIME_EXIT,MACD Divergence
2025-06-05 19:00:00,2025-06-05 19:15:00,2025-06-05 21:45:00,LONG,102634.14,-106.33109022007612,-114.33109022007612,0.0,-220.38280829361503,10,TIME_EXIT,MACD Divergence
2025-06-06 01:15:00,2025-06-06 01:30:00,2025-06-06 02:30:00,SHORT,101830.6,-1.0313010038234864,-9.031301003823486,28.968698996176514,-8.692868351948189,4,TRAILING_STOP,MACD Divergence
2025-06-06 04:00:00,2025-06-06 04:15:00,2025-06-06 05:00:00,SHORT,102520.0,-26.284627389777945,-34.284627389777945,3.715372610222055,-37.065938353492,3,TRAILING_STOP,MACD Divergence
2025-06-06 06:45:00,2025-06-06 07:00:00,2025-06-06 08:00:00,SHORT,103160.0,-19.424195424582607,-27.424195424582607,10.575804575417393,-29.920511826289594,4,TRAILING_STOP,MACD Divergence
2025-06-06 09:30:00,2025-06-06 09:45:00,2025-06-06 11:45:00,SHORT,103703.32,-15.534696478376073,-23.534696478376073,14.465303521623927,-27.784067086761553,8,TRAILING_STOP,MACD Divergence
2025-06-06 12:15:00,2025-06-06 12:30:00,2025-06-06 13:30:00,SHORT,103849.52,-14.592129072911526,-22.592129072911526,15.407870927088474,-63.61897483974822,4,TRAILING_STOP,MACD Divergence
2025-06-06 15:15:00,2025-06-06 15:30:00,2025-06-06 15:45:00,SHORT,104827.1,-17.547113294176015,-25.547113294176015,12.452886705823984,-27.08269140327207,1,TRAILING_STOP,MACD Divergence
2025-06-07 00:00:00,2025-06-07 00:15:00,2025-06-07 02:45:00,LONG,104087.58,42.655425363910396,34.655425363910396,50.351828719621615,0.0,10,TIME_EXIT,MACD Divergence
2025-06-07 02:45:00,2025-06-07 03:00:00,2025-06-07 05:30:00,SHORT,104531.58,-35.24485136453484,-43.24485136453484,0.0,-36.275162013240625,10,TIME_EXIT,MACD Divergence
2025-06-07 05:30:00,2025-06-07 05:45:00,2025-06-07 06:45:00,SHORT,104900.0,-19.352716873212362,-27.352716873212362,10.647283126787638,-39.942802669208774,4,TRAILING_STOP,MACD Divergence
2025-06-07 09:00:00,2025-06-07 09:15:00,2025-06-07 11:45:00,LONG,104884.07,25.355614060360907,17.355614060360907,36.223804053369875,-9.648748375231017,10,TIME_EXIT,MACD Divergence
2025-06-07 12:00:00,2025-06-07 12:15:00,2025-06-07 12:30:00,SHORT,105278.69,-27.56930866066091,-35.56930866066091,2.4306913393390923,-40.30255315676923,1,TRAILING_STOP,MACD Divergence
2025-06-07 18:00:00,2025-06-07 18:15:00,2025-06-07 20:00:00,SHORT,105694.23,-15.647277055710884,-23.647277055710884,14.352722944289116,-17.998144269560456,7,TRAILING_STOP,MACD Divergence
2025-06-07 20:45:00,2025-06-07 21:00:00,2025-06-07 23:30:00,SHORT,105846.98,23.712532941420786,15.712532941420786,29.460453193846604,-5.009117879414611,10,TIME_EXIT,MACD Divergence
2025-06-08 00:15:00,2025-06-08 00:30:00,2025-06-08 02:00:00,LONG,105507.88,6.3913937044320335,-1.6086062955679665,26.391393704432033,-10.1708043039058,6,TRAILING_STOP,MACD Divergence
2025-06-08 03:00:00,2025-06-08 03:15:00,2025-06-08 05:45:00,LONG,105414.9,2.5992720194213987,-5.400727980578601,22.5992720194214,-1.2161468634882198,10,TRAILING_STOP,MACD Divergence
2025-06-08 05:45:00,2025-06-08 06:00:00,2025-06-08 08:30:00,LONG,105438.34,-0.3594517895476728,-8.359451789547673,15.267691050523982,-3.4238020059867473,10,TIME_EXIT,MACD Divergence
2025-06-08 08:30:00,2025-06-08 08:45:00,2025-06-08 11:15:00,LONG,105434.56,14.278999219990382,6.278999219990382,27.1618717809421,-44.61724884136646,10,TIME_EXIT,MACD Divergence
2025-06-08 12:15:00,2025-06-08 12:30:00,2025-06-08 15:00:00,SHORT,105649.6,-21.72074480168395,-29.72074480168395,8.279255198316052,-48.32862594841784,10,TRAILING_STOP,MACD Divergence
2025-06-08 15:00:00,2025-06-08 15:15:00,2025-06-08 17:15:00,SHORT,106024.68,-21.399172343647933,-29.399172343647933,8.600827656352067,-29.826074457382045,8,TRAILING_STOP,MACD Divergence
2025-06-08 17:45:00,2025-06-08 18:00:00,2025-06-08 20:30:00,SHORT,106082.95,-19.01436564499822,-27.01436564499822,0.0,-23.844548063566965,10,TIME_EXIT,MACD Divergence
2025-06-08 20:30:00,2025-06-08 20:45:00,2025-06-08 23:15:00,SHORT,106284.66,57.31306850866425,49.31306850866425,69.52555524005035,-19.14481356011262,10,TIME_EXIT,MACD Divergence
2025-06-08 23:45:00,2025-06-09 00:00:00,2025-06-09 00:45:00,LONG,105734.01,1.9721166349414894,-6.027883365058511,21.97211663494149,-14.42960500599499,3,TRAILING_STOP,MACD Divergence
2025-06-09 02:30:00,2025-06-09 02:45:00,2025-06-09 04:45:00,LONG,105546.03,-3.772956690080708,-11.772956690080708,16.227043309919292,-21.569735972068635,8,TRAILING_STOP,MACD Divergence
2025-06-09 05:15:00,2025-06-09 05:30:00,2025-06-09 08:00:00,LONG,105431.0,15.460348474357637,7.460348474357637,24.83520027316411,-10.623061528392977,10,TIME_EXIT,MACD Divergence
2025-06-09 08:00:00,2025-06-09 08:15:00,2025-06-09 08:45:00,SHORT,105594.0,-21.663352084398845,-29.663352084398845,8.336647915601155,-33.62785764342638,2,TRAILING_STOP,MACD Divergence
2025-06-09 11:00:00,2025-06-09 11:15:00,2025-06-09 11:30:00,SHORT,107438.2,-24.839824196607694,-32.839824196607694,5.160175803392307,-34.23363384717939,1,TRAILING_STOP,MACD Divergence
2025-06-09 14:30:00,2025-06-09 14:45:00,2025-06-09 15:00:00,SHORT,107842.72,-0.33364885455340954,-8.33364885455341,29.66635114544659,-16.43875451212644,1,TRAILING_STOP,MACD Divergence
2025-06-09 17:15:00,2025-06-09 17:30:00,2025-06-09 19:15:00,SHORT,108325.59,-19.38847228988117,-27.38847228988117,10.611527710118827,-40.77060646519522,7,TRAILING_STOP,MACD Divergence
2025-06-09 20:00:00,2025-06-09 20:15:00,2025-06-09 22:45:00,SHORT,108465.12,-157.8535108798113,-165.8535108798113,0.0,-190.38839398324578,10,TIME_EXIT,MACD Divergence
2025-06-10 03:15:00,2025-06-10 03:30:00,2025-06-10 04:00:00,LONG,109469.84,-3.5443259988322424,-11.544325998832242,16.455674001167758,-5.00137754837314,2,TRAILING_STOP,MACD Divergence
2025-06-10 06:00:00,2025-06-10 06:15:00,2025-06-10 07:00:00,LONG,109200.0,21.20879120879121,13.208791208791212,41.20879120879121,0.0,3,TRAILING_STOP,MACD Divergence
2025-06-10 08:45:00,2025-06-10 09:00:00,2025-06-10 10:30:00,LONG,109082.65,24.9796553347401,16.9796553347401,44.9796553347401,0.0,6,TRAILING_STOP,MACD Divergence
2025-06-10 11:45:00,2025-06-10 12:00:00,2025-06-10 13:00:00,SHORT,109541.93,-19.69070565033928,-27.69070565033928,10.309294349660721,-22.43889622905155,4,TRAILING_STOP,MACD Divergence
2025-06-10 15:00:00,2025-06-10 15:15:00,2025-06-10 16:15:00,LONG,109100.0,-6.121906507790698,-14.121906507790698,13.878093492209302,-70.48304307974347,4,TRAILING_STOP,MACD Divergence
2025-06-10 23:45:00,2025-06-11 00:00:00,2025-06-11 02:30:00,SHORT,110274.39,60.158120121997456,52.158120121997456,67.1434228745222,0.0,10,TIME_EXIT,MACD Divergence
2025-06-11 02:30:00,2025-06-11 02:45:00,2025-06-11 04:00:00,LONG,109611.0,2.555217998193239,-5.444782001806761,22.55521799819324,-2.934012097326317,5,TRAILING_STOP,MACD Divergence
2025-06-11 05:15:00,2025-06-11 05:30:00,2025-06-11 07:30:00,LONG,109626.45,-9.159550455205244,-17.159550455205242,10.840449544794756,-23.058303903847918,8,TRAILING_STOP,MACD Divergence
2025-06-11 08:00:00,2025-06-11 08:15:00,2025-06-11 09:30:00,LONG,109564.51,-9.852553532160409,-17.852553532160407,10.147446467839591,-26.497631395421056,5,TRAILING_STOP,MACD Divergence
2025-06-11 10:45:00,2025-06-11 11:00:00,2025-06-11 13:00:00,LONG,109373.13,30.644065868828015,22.644065868828015,50.644065868828015,-33.30891234437541,8,TRAILING_STOP,MACD Divergence
2025-06-11 13:30:00,2025-06-11 13:45:00,2025-06-11 14:00:00,SHORT,109703.88,-25.174281894131518,-33.17428189413152,4.825718105868482,-26.0820310092943,1,TRAILING_STOP,MACD Divergence
2025-06-11 17:30:00,2025-06-11 17:45:00,2025-06-11 20:15:00,LONG,109288.63,-40.91550969208814,-48.91550969208814,0.0,-80.2114547506003,10,TIME_EXIT,MACD Divergence
2025-06-11 21:30:00,2025-06-11 21:45:00,2025-06-12 00:15:00,LONG,108692.63,-8.87505068190932,-16.875050681909322,11.12494931809068,-57.83556806013477,10,TRAILING_STOP,MACD Divergence
2025-06-12 03:15:00,2025-06-12 03:30:00,2025-06-12 04:00:00,LONG,107882.26,-3.459745837730658,-11.459745837730658,16.540254162269342,-14.169150701885611,2,TRAILING_STOP,MACD Divergence
2025-06-12 09:15:00,2025-06-12 09:30:00,2025-06-12 10:00:00,LONG,107582.36,-15.491825983367534,-23.491825983367534,4.508174016632466,-23.245446558339278,2,TRAILING_STOP,MACD Divergence
2025-06-12 12:15:00,2025-06-12 12:30:00,2025-06-12 12:45:00,LONG,106978.94,20.046199747352468,12.046199747352468,40.04619974735247,-1.7704419206249686,1,TRAILING_STOP,MACD Divergence
2025-06-12 15:15:00,2025-06-12 15:30:00,2025-06-12 16:00:00,SHORT,107211.31,-0.11229505543836638,-8.112295055438366,29.887704944561634,-25.99445898012088,2,TRAILING_STOP,MACD Divergence
2025-06-12 18:00:00,2025-06-12 18:15:00,2025-06-12 18:45:00,SHORT,108066.9,47.49181294179745,39.49181294179745,77.49181294179745,0.0,2,TRAILING_STOP,MACD Divergence
2025-06-12 21:00:00,2025-06-12 21:15:00,2025-06-12 21:30:00,LONG,106208.71,-0.04871728505183981,-8.04871728505184,19.95128271494816,-32.55006110139238,1,TRAILING_STOP,MACD Divergence
2025-06-12 23:45:00,2025-06-13 00:00:00,2025-06-13 02:30:00,LONG,105671.74,-236.91670071866025,-244.91670071866025,0.0,-284.6011620514631,10,TIME_EXIT,MACD Divergence
2025-06-13 06:45:00,2025-06-13 07:00:00,2025-06-13 07:15:00,SHORT,104704.27,-0.9878116718636143,-8.987811671863614,29.012188328136386,-10.541117377542992,1,TRAILING_STOP,MACD Divergence
2025-06-13 13:30:00,2025-06-13 13:45:00,2025-06-13 14:30:00,SHORT,105227.3,75.41941112239913,67.41941112239913,105.41941112239913,0.0,3,TRAILING_STOP,MACD Divergence
2025-06-13 21:45:00,2025-06-13 22:00:00,2025-06-13 23:15:00,SHORT,105612.58,-23.317084006469518,-31.317084006469518,6.682915993530481,-28.10081905015471,5,TRAILING_STOP,MACD Divergence
2025-06-14 00:45:00,2025-06-14 01:00:00,2025-06-14 03:30:00,SHORT,105826.32,47.70552354083613,39.70552354083613,54.8332399728171,0.0,10,TIME_EXIT,MACD Divergence
2025-06-14 03:30:00,2025-06-14 03:45:00,2025-06-14 06:15:00,LONG,105321.46,-12.821975692324123,-20.821975692324123,7.178024307675877,-20.053842778101103,10,TRAILING_STOP,MACD Divergence
2025-06-14 06:15:00,2025-06-14 06:30:00,2025-06-14 07:00:00,LONG,105161.42,-17.73110709231574,-25.73110709231574,2.268892907684261,-22.094604656345577,2,TRAILING_STOP,MACD Divergence
2025-06-14 09:45:00,2025-06-14 10:00:00,2025-06-14 12:30:00,LONG,104862.26,4.299495357053363,-3.700504642946637,24.299495357053363,-11.172751760260455,10,TRAILING_STOP,MACD Divergence
2025-06-14 12:30:00,2025-06-14 12:45:00,2025-06-14 14:30:00,LONG,104818.21,9.86503967201821,1.8650396720182094,29.86503967201821,0.0,7,TRAILING_STOP,MACD Divergence
2025-06-14 15:45:00,2025-06-14 16:00:00,2025-06-14 16:30:00,LONG,104841.29,-17.688887651038016,-25.688887651038016,2.311112348961986,-27.76100904519473,2,TRAILING_STOP,MACD Divergence
2025-06-14 18:30:00,2025-06-14 18:45:00,2025-06-14 19:45:00,LONG,104420.87,39.845316362524414,31.845316362524414,59.845316362524414,0.0,4,TRAILING_STOP,MACD Divergence
2025-06-14 22:30:00,2025-06-14 22:45:00,2025-06-15 00:45:00,SHORT,105314.45,-25.28079954840033,-33.28079954840033,4.71920045159967,-33.18917774341497,8,TRAILING_STOP,MACD Divergence
2025-06-15 02:00:00,2025-06-15 02:15:00,2025-06-15 04:45:00,SHORT,105600.0,3.8181818181824796,-4.181818181817521,12.92234848484909,-1.671401515150964,10,TIME_EXIT,MACD Divergence
2025-06-15 05:15:00,2025-06-15 05:30:00,2025-06-15 08:00:00,SHORT,105661.76,35.95435094020715,27.95435094020715,43.70171384614404,-44.179654020528545,10,TIME_EXIT,MACD Divergence
2025-06-15 08:00:00,2025-06-15 08:15:00,2025-06-15 09:00:00,LONG,105281.86,-19.523184715771162,-27.523184715771162,0.4768152842288381,-33.80354412431537,3,TRAILING_STOP,MACD Divergence
2025-06-15 11:30:00,2025-06-15 11:45:00,2025-06-15 14:00:00,LONG,104955.9,47.11485490572741,39.11485490572741,67.11485490572741,-0.04001680705879839,9,TRAILING_STOP,MACD Divergence
2025-06-15 14:30:00,2025-06-15 14:45:00,2025-06-15 17:15:00,SHORT,105528.0,-0.80642104465116,-8.80642104465116,18.573269653551662,-25.217951633689193,10,TIME_EXIT,MACD Divergence
2025-06-15 17:45:00,2025-06-15 18:00:00,2025-06-15 20:30:00,SHORT,105689.65,93.07060814374813,85.07060814374813,93.63736184195844,0.0,10,TIME_EXIT,MACD Divergence
2025-06-15 21:15:00,2025-06-15 21:30:00,2025-06-16 00:00:00,LONG,104811.99,66.53532673122564,58.53532673122564,76.88337946832245,-14.42964683716102,10,TIME_EXIT,MACD Divergence
2025-06-16 00:00:00,2025-06-16 00:15:00,2025-06-16 01:30:00,SHORT,105509.36,20.136784072996484,12.136784072996484,50.136784072996484,-12.378048734255028,5,TRAILING_STOP,MACD Divergence
2025-06-16 03:00:00,2025-06-16 03:15:00,2025-06-16 04:15:00,SHORT,105873.96,-27.1201606136197,-35.1201606136197,2.8798393863802993,-49.3360218131065,4,TRAILING_STOP,MACD Divergence
2025-06-16 06:15:00,2025-06-16 06:30:00,2025-06-16 07:30:00,SHORT,106712.05,-14.626853293512504,-22.626853293512504,15.373146706487496,-51.5649357312501,4,TRAILING_STOP,MACD Divergence
2025-06-16 09:00:00,2025-06-16 09:15:00,2025-06-16 11:30:00,SHORT,107009.69,9.94404618871453,1.9440461887145304,39.94404618871453,-17.78437074249983,9,TRAILING_STOP,MACD Divergence
2025-06-16 12:15:00,2025-06-16 12:30:00,2025-06-16 14:00:00,LONG,106668.09,32.32586427674938,24.32586427674938,52.32586427674938,-16.218533583942488,6,TRAILING_STOP,MACD Divergence
2025-06-16 15:15:00,2025-06-16 15:30:00,2025-06-16 16:00:00,SHORT,107486.29,-13.395091597263622,-21.395091597263622,16.604908402736378,-21.315276580855155,2,TRAILING_STOP,MACD Divergence
2025-06-16 18:00:00,2025-06-16 18:15:00,2025-06-16 20:45:00,SHORT,107955.11,-76.65871490474072,-84.65871490474072,0.0,-86.41462178121994,10,TIME_EXIT,MACD Divergence
2025-06-16 20:45:00,2025-06-16 21:00:00,2025-06-16 22:00:00,SHORT,108782.68,12.39921281586333,4.399212815863329,42.39921281586333,-15.599909838589348,4,TRAILING_STOP,MACD Divergence
2025-06-17 00:15:00,2025-06-17 00:30:00,2025-06-17 01:15:00,LONG,106801.29,27.70073470086473,19.70073470086473,47.70073470086473,-5.738694729248457,3,TRAILING_STOP,MACD Divergence
2025-06-17 04:15:00,2025-06-17 04:30:00,2025-06-17 07:00:00,SHORT,107489.88,71.77885025083319,63.77885025083319,73.48412706386914,0.0,10,TIME_EXIT,MACD Divergence
2025-06-17 07:30:00,2025-06-17 07:45:00,2025-06-17 08:30:00,LONG,106655.99,-4.3618722211482375,-12.361872221148237,15.638127778851763,-16.04223072703238,3,TRAILING_STOP,MACD Divergence
2025-06-17 10:15:00,2025-06-17 10:30:00,2025-06-17 13:00:00,LONG,106099.17,-51.545172313789024,-59.545172313789024,0.0,-65.01747374649602,10,TIME_EXIT,MACD Divergence
2025-06-17 13:00:00,2025-06-17 13:15:00,2025-06-17 13:30:00,LONG,105552.28,-0.8843541797482644,-8.884354179748264,19.115645820251736,-23.90000481278131,1,TRAILING_STOP,MACD Divergence
2025-06-17 16:00:00,2025-06-17 16:15:00,2025-06-17 16:30:00,LONG,104389.33,-10.838144090013854,-18.838144090013856,9.161855909986146,-27.17710708556105,1,TRAILING_STOP,MACD Divergence
2025-06-18 00:45:00,2025-06-18 01:00:00,2025-06-18 02:15:00,SHORT,104842.78,-14.473895102743475,-22.473895102743477,15.526104897256525,-31.84100993888199,5,TRAILING_STOP,MACD Divergence
2025-06-18 03:30:00,2025-06-18 03:45:00,2025-06-18 04:45:00,SHORT,105210.84,-17.017497436576257,-25.017497436576257,12.982502563423742,-27.927730640683198,4,TRAILING_STOP,MACD Divergence
2025-06-18 06:15:00,2025-06-18 06:30:00,2025-06-18 08:00:00,SHORT,105320.0,27.611090011393344,19.611090011393344,57.611090011393344,0.0,6,TRAILING_STOP,MACD Divergence
2025-06-18 09:30:00,2025-06-18 09:45:00,2025-06-18 10:15:00,LONG,104682.99,-9.103291757333984,-17.103291757333984,10.896708242666016,-18.70599989549467,2,TRAILING_STOP,MACD Divergence
2025-06-18 13:00:00,2025-06-18 13:15:00,2025-06-18 14:45:00,LONG,104054.84,102.14616830894221,94.14616830894221,122.14616830894221,-23.141643387275682,6,TRAILING_STOP,MACD Divergence
2025-06-18 17:30:00,2025-06-18 17:45:00,2025-06-18 18:00:00,LONG,104191.07,29.429380080269333,21.429380080269333,49.42938008026933,-22.634377399138117,1,TRAILING_STOP,MACD Divergence
2025-06-18 22:00:00,2025-06-18 22:15:00,2025-06-19 00:15:00,SHORT,104909.98,-3.320936673517675,-11.320936673517675,26.679063326482325,-17.87437191390219,8,TRAILING_STOP,MACD Divergence
2025-06-19 00:45:00,2025-06-19 01:00:00,2025-06-19 02:30:00,SHORT,104944.06,16.399958225363335,8.399958225363335,46.399958225363335,-5.391443784431606,6,TRAILING_STOP,MACD Divergence
2025-06-19 05:00:00,2025-06-19 05:15:00,2025-06-19 07:45:00,SHORT,105049.99,38.75678617389677,30.75678617389677,41.15183637809036,-1.9609711528760039,10,TIME_EXIT,MACD Divergence
2025-06-19 07:45:00,2025-06-19 08:00:00,2025-06-19 08:45:00,LONG,104642.85,12.804916915011283,4.804916915011283,32.80491691501128,0.0,3,TRAILING_STOP,MACD Divergence
2025-06-19 10:30:00,2025-06-19 10:45:00,2025-06-19 13:15:00,SHORT,104960.0,16.658727134146897,8.658727134146897,36.24333079268326,0.0,10,TIME_EXIT,MACD Divergence
2025-06-19 13:15:00,2025-06-19 13:30:00,2025-06-19 16:00:00,LONG,104785.15,-46.91981640528206,-54.91981640528206,0.0,-67.48570765991118,10,TIME_EXIT,MACD Divergence
2025-06-19 16:00:00,2025-06-19 16:15:00,2025-06-19 16:45:00,LONG,104293.49,-13.325566149910165,-21.325566149910166,6.6744338500898355,-34.533315550184724,2,TRAILING_STOP,MACD Divergence
2025-06-19 22:30:00,2025-06-19 22:45:00,2025-06-20 01:15:00,SHORT,104685.53,26.661755449869776,18.661755449869776,28.09843920167326,-20.325636217345306,10,TIME_EXIT,MACD Divergence
2025-06-20 01:45:00,2025-06-20 02:00:00,2025-06-20 04:30:00,SHORT,104778.5,41.30236642059151,33.30236642059151,45.66681141646475,0.0,10,TIME_EXIT,MACD Divergence
2025-06-20 05:00:00,2025-06-20 05:15:00,2025-06-20 07:45:00,LONG,104360.0,139.10885396703767,131.10885396703767,140.4426983518593,-5.204101188194487,10,TIME_EXIT,MACD Divergence
2025-06-20 08:30:00,2025-06-20 08:45:00,2025-06-20 10:30:00,SHORT,105920.07,-14.649745794162424,-22.649745794162424,15.350254205837576,-23.44031683513793,7,TRAILING_STOP,MACD Divergence
2025-06-20 13:30:00,2025-06-20 13:45:00,2025-06-20 15:00:00,SHORT,105874.05,157.58609876546734,149.58609876546734,187.58609876546734,0.0,5,TRAILING_STOP,MACD Divergence
2025-06-20 16:15:00,2025-06-20 16:30:00,2025-06-20 19:00:00,LONG,104093.46,-97.74485351913621,-105.74485351913621,0.0,-167.9702067737979,10,TIME_EXIT,MACD Divergence
2025-06-20 22:45:00,2025-06-20 23:00:00,2025-06-21 01:30:00,LONG,103107.12,33.642681514138374,25.642681514138374,34.3729899545253,-6.372983747387364,10,TIME_EXIT,MACD Divergence
2025-06-21 02:45:00,2025-06-21 03:00:00,2025-06-21 05:30:00,SHORT,103499.99,11.476329611239462,3.4763296112394624,16.134301075778385,-18.519808552637834,10,TIME_EXIT,MACD Divergence
2025-06-21 06:15:00,2025-06-21 06:30:00,2025-06-21 07:00:00,LONG,103496.88,-10.129171043611272,-18.129171043611272,9.870828956388728,-13.223587029869941,2,TRAILING_STOP,MACD Divergence
2025-06-21 10:30:00,2025-06-21 10:45:00,2025-06-21 13:15:00,SHORT,103898.99,3.0818393903544274,-4.918160609645573,16.82980748898527,-4.56982305602739,10,TIME_EXIT,MACD Divergence
2025-06-21 14:30:00,2025-06-21 14:45:00,2025-06-21 17:15:00,LONG,103687.99,-30.137530875080635,-38.137530875080635,0.0,-39.172328444210194,10,TIME_EXIT,MACD Divergence
2025-06-21 17:15:00,2025-06-21 17:30:00,2025-06-21 18:30:00,LONG,103375.5,-15.384786530657031,-23.38478653065703,4.615213469342969,-23.845108367069567,4,TRAILING_STOP,MACD Divergence
2025-06-21 20:00:00,2025-06-21 20:15:00,2025-06-21 21:00:00,LONG,102464.5,21.41727134763793,13.417271347637929,41.41727134763793,-3.834498777624797,3,TRAILING_STOP,MACD Divergence
2025-06-21 23:30:00,2025-06-21 23:45:00,2025-06-22 00:00:00,LONG,101196.0,117.62500494090739,109.62500494090739,137.6250049409074,0.0,1,TRAILING_STOP,MACD Divergence
2025-06-22 06:00:00,2025-06-22 06:15:00,2025-06-22 08:15:00,SHORT,102910.31,32.29988035212455,24.299880352124553,62.29988035212455,0.0,8,TRAILING_STOP,MACD Divergence
2025-06-22 09:15:00,2025-06-22 09:30:00,2025-06-22 09:45:00,LONG,102366.99,-9.769162891280097,-17.769162891280097,10.230837108719903,-28.035404772574168,1,TRAILING_STOP,MACD Divergence
2025-06-22 12:15:00,2025-06-22 12:30:00,2025-06-22 13:45:00,SHORT,102646.58,201.65214077273708,193.65214077273708,231.65214077273708,-15.947925396052854,5,TRAILING_STOP,MACD Divergence
2025-06-22 15:45:00,2025-06-22 16:00:00,2025-06-22 16:15:00,LONG,98906.21,-7.219204941733292,-15.219204941733292,12.780795058266708,-23.51217380587153,1,TRAILING_STOP,MACD Divergence
2025-06-22 20:00:00,2025-06-22 20:15:00,2025-06-22 20:45:00,LONG,98471.14,110.8870802145685,102.8870802145685,130.8870802145685,-4.8471054564815566,2,TRAILING_STOP,MACD Divergence
2025-06-22 23:00:00,2025-06-22 23:15:00,2025-06-23 00:30:00,SHORT,100740.0,-5.605519158229104,-13.605519158229104,24.394480841770896,-50.82390311693468,5,TRAILING_STOP,MACD Divergence
2025-06-23 05:15:00,2025-06-23 05:30:00,2025-06-23 05:45:00,SHORT,101514.79,-24.467801194290118,-32.46780119429012,5.532198805709882,-36.96111670033563,1,TRAILING_STOP,MACD Divergence
2025-06-23 08:00:00,2025-06-23 08:15:00,2025-06-23 10:45:00,SHORT,102018.07,54.38840393667519,46.38840393667519,80.31812403430234,0.0,10,TIME_EXIT,MACD Divergence
2025-06-23 10:45:00,2025-06-23 11:00:00,2025-06-23 13:00:00,LONG,101463.22,1.8285995654381857,-6.171400434561814,21.828599565438186,-35.52617391799772,8,TRAILING_STOP,MACD Divergence
2025-06-23 13:30:00,2025-06-23 13:45:00,2025-06-23 14:00:00,LONG,102000.0,40.10686274509769,32.10686274509769,60.10686274509769,0.0,1,TRAILING_STOP,MACD Divergence
2025-06-23 17:30:00,2025-06-23 17:45:00,2025-06-23 20:15:00,SHORT,102374.17,-133.37739392661277,-141.37739392661277,0.0,-141.62166101078003,10,TIME_EXIT,MACD Divergence
2025-06-23 20:15:00,2025-06-23 20:30:00,2025-06-23 22:00:00,SHORT,103739.62,-18.873103641598746,-26.873103641598746,11.126896358401256,-174.17357032925415,6,TRAILING_STOP,MACD Divergence
2025-06-24 03:00:00,2025-06-24 03:15:00,2025-06-24 04:00:00,LONG,104877.05,-0.4456742442696715,-8.445674244269672,19.55432575573033,-10.757358259028736,3,TRAILING_STOP,MACD Divergence
2025-06-24 07:00:00,2025-06-24 07:15:00,2025-06-24 08:15:00,SHORT,105486.26,51.929153616782955,43.929153616782955,81.92915361678295,-13.047196857676504,4,TRAILING_STOP,MACD Divergence
2025-06-24 13:30:00,2025-06-24 13:45:00,2025-06-24 15:30:00,LONG,105059.99,43.95679268577819,35.95679268577819,63.95679268577819,-10.393109689045499,7,TRAILING_STOP,MACD Divergence
2025-06-24 16:30:00,2025-06-24 16:45:00,2025-06-24 17:30:00,SHORT,105824.0,-9.758844874508892,-17.758844874508892,20.241155125491108,-44.03537949803447,3,TRAILING_STOP,MACD Divergence
2025-06-24 22:45:00,2025-06-24 23:00:00,2025-06-25 00:00:00,SHORT,106025.39,-6.374526893982164,-14.374526893982164,23.625473106017836,-40.04795455126367,4,TRAILING_STOP,MACD Divergence
2025-06-25 02:15:00,2025-06-25 02:30:00,2025-06-25 05:00:00,SHORT,106540.63,35.12650525907395,27.12650525907395,50.65016041298091,-14.582230272150687,10,TIME_EXIT,MACD Divergence
2025-06-25 07:15:00,2025-06-25 07:30:00,2025-06-25 09:00:00,SHORT,106617.83,-4.235078691810074,-12.235078691810074,25.764921308189926,-25.75272822566286,6,TRAILING_STOP,MACD Divergence
2025-06-25 10:15:00,2025-06-25 10:30:00,2025-06-25 11:45:00,SHORT,107108.64,-7.430392170042936,-15.430392170042936,22.569607829957064,-12.02517369280414,5,TRAILING_STOP,MACD Divergence
2025-06-25 13:00:00,2025-06-25 13:15:00,2025-06-25 14:30:00,SHORT,107409.3,-13.021954337287315,-21.021954337287315,16.978045662712685,-67.5919124321637,5,TRAILING_STOP,MACD Divergence
2025-06-25 19:15:00,2025-06-25 19:30:00,2025-06-25 22:00:00,SHORT,107874.76,40.141920130343635,32.141920130343635,50.00891774869313,-11.609759317193868,10,TIME_EXIT,MACD Divergence
2025-06-25 23:00:00,2025-06-25 23:15:00,2025-06-26 00:30:00,LONG,107298.0,10.337937333408274,2.3379373334082736,30.337937333408274,-15.294786482506717,5,TRAILING_STOP,MACD Divergence
2025-06-26 08:00:00,2025-06-26 08:15:00,2025-06-26 10:45:00,SHORT,108078.89,63.8311514857346,55.8311514857346,77.61830270462616,0.0,10,TIME_EXIT,MACD Divergence
2025-06-26 10:45:00,2025-06-26 11:00:00,2025-06-26 12:15:00,LONG,107389.0,-16.967100913500733,-24.967100913500733,3.0328990864992678,-27.359412975257957,5,TRAILING_STOP,MACD Divergence
2025-06-26 13:30:00,2025-06-26 13:45:00,2025-06-26 14:45:00,LONG,107226.69,30.2542790419065,22.2542790419065,50.2542790419065,-31.93048297956457,4,TRAILING_STOP,MACD Divergence
2025-06-26 19:45:00,2025-06-26 20:00:00,2025-06-26 20:30:00,SHORT,107532.97,-28.818966871277052,-36.818966871277055,1.1810331287229479,-39.1163751917207,2,TRAILING_STOP,MACD Divergence
2025-06-26 23:00:00,2025-06-26 23:15:00,2025-06-27 00:30:00,LONG,106884.01,7.673924284840002,-0.3260757151599982,27.67392428484,-1.7261702662537728,5,TRAILING_STOP,MACD Divergence
2025-06-27 03:00:00,2025-06-27 03:15:00,2025-06-27 05:45:00,SHORT,107168.79,-9.233098554160371,-17.23309855416037,0.0,-37.31403517759223,10,TIME_EXIT,MACD Divergence
2025-06-27 07:00:00,2025-06-27 07:15:00,2025-06-27 09:30:00,SHORT,107491.99,45.54144266935697,37.54144266935697,75.54144266935697,0.0,9,TRAILING_STOP,MACD Divergence
2025-06-27 12:30:00,2025-06-27 12:45:00,2025-06-27 14:00:00,LONG,106756.03,12.72883039955628,4.72883039955628,32.72883039955628,-37.40022928915623,5,TRAILING_STOP,MACD Divergence
2025-06-27 22:15:00,2025-06-27 22:30:00,2025-06-28 01:00:00,SHORT,107178.18,24.788627685224085,16.788627685224085,30.844897720785752,0.0,10,TIME_EXIT,MACD Divergence
2025-06-28 01:00:00,2025-06-28 01:15:00,2025-06-28 03:45:00,LONG,106912.51,36.25581328134658,28.255813281346583,40.64912515850681,-7.699753751922243,10,TIME_EXIT,MACD Divergence
2025-06-28 04:00:00,2025-06-28 04:15:00,2025-06-28 06:45:00,SHORT,107245.0,-15.578348640962933,-23.578348640962933,5.754114410928845,-19.028392932072077,10,TIME_EXIT,MACD Divergence
2025-06-28 06:45:00,2025-06-28 07:00:00,2025-06-28 09:30:00,SHORT,107412.07,11.939067927841371,3.9390679278413714,12.761135689872376,-7.825005141413657,10,TIME_EXIT,MACD Divergence
2025-06-28 10:15:00,2025-06-28 10:30:00,2025-06-28 13:00:00,LONG,107329.22,-0.07360530524755039,-8.07360530524755,4.116306817471795,-7.138782896213663,10,TIME_EXIT,MACD Divergence
2025-06-28 13:00:00,2025-06-28 13:15:00,2025-06-28 15:45:00,LONG,107328.44,11.258898387044153,3.2588983870441535,23.228698749371336,-22.760975562489136,10,TIME_EXIT,MACD Divergence
2025-06-28 17:45:00,2025-06-28 18:00:00,2025-06-28 20:30:00,SHORT,107465.13,25.834426478617264,17.834426478617264,28.894023577695325,0.0,10,TIME_EXIT,MACD Divergence
2025-06-28 20:30:00,2025-06-28 20:45:00,2025-06-28 23:15:00,LONG,107187.49,11.710321792215632,3.710321792215632,17.80804830862166,-1.6765016141343698,10,TIME_EXIT,MACD Divergence
2025-06-28 23:15:00,2025-06-28 23:30:00,2025-06-29 02:00:00,SHORT,107313.0,7.665427301444817,-0.3345726985551831,13.09067866894001,-17.425661383057037,10,TIME_EXIT,MACD Divergence
2025-06-29 02:00:00,2025-06-29 02:15:00,2025-06-29 04:45:00,LONG,107230.73,3.1166438948982496,-4.88335610510175,11.594624041074955,-3.811407420241879,10,TIME_EXIT,MACD Divergence
2025-06-29 04:45:00,2025-06-29 05:00:00,2025-06-29 07:30:00,LONG,107264.16,6.139049613588664,-1.8609503864113357,11.54346428480794,-5.438908951507801,10,TIME_EXIT,MACD Divergence
2025-06-29 07:30:00,2025-06-29 07:45:00,2025-06-29 10:15:00,SHORT,107330.01,-75.33214615371863,-83.33214615371863,0.0,-90.17794743520518,10,TIME_EXIT,MACD Divergence
2025-06-29 10:45:00,2025-06-29 11:00:00,2025-06-29 11:45:00,SHORT,108153.25,-24.758363710752814,-32.75836371075282,5.241636289247186,-30.581605268450094,3,TRAILING_STOP,MACD Divergence
2025-06-29 15:00:00,2025-06-29 15:15:00,2025-06-29 17:45:00,LONG,108001.23,-42.294888678582055,-50.294888678582055,0.0,-63.40390752957069,10,TIME_EXIT,MACD Divergence
2025-06-29 17:45:00,2025-06-29 18:00:00,2025-06-29 19:30:00,LONG,107544.44,-3.8596955825887633,-11.859695582588763,16.140304417411237,-14.779006706437109,6,TRAILING_STOP,MACD Divergence
2025-06-29 20:45:00,2025-06-29 21:00:00,2025-06-29 23:00:00,LONG,107359.79,65.45471260702004,57.45471260702004,85.45471260702004,0.0,8,TRAILING_STOP,MACD Divergence
2025-06-29 23:30:00,2025-06-29 23:45:00,2025-06-30 00:15:00,SHORT,108300.0,-25.919667590027487,-33.91966759002749,4.080332409972514,-35.8264081255771,2,TRAILING_STOP,MACD Divergence
2025-06-30 05:00:00,2025-06-30 05:15:00,2025-06-30 07:45:00,LONG,108370.12,-69.76461777471444,-77.76461777471444,0.0,-82.01614983908827,10,TIME_EXIT,MACD Divergence
2025-06-30 08:00:00,2025-06-30 08:15:00,2025-06-30 09:45:00,LONG,107615.2,-11.65731234992837,-19.657312349928368,8.34268765007163,-14.514678223893753,6,TRAILING_STOP,MACD Divergence
2025-06-30 11:45:00,2025-06-30 12:00:00,2025-06-30 14:00:00,SHORT,107654.21,18.545245002494617,10.545245002494617,48.54524500249462,-19.003437023037666,8,TRAILING_STOP,MACD Divergence
2025-06-30 15:15:00,2025-06-30 15:30:00,2025-06-30 15:45:00,LONG,107192.94,36.277960096998434,28.277960096998434,56.277960096998434,0.0,1,TRAILING_STOP,MACD Divergence
2025-06-30 19:45:00,2025-06-30 20:00:00,2025-06-30 22:15:00,SHORT,107745.97,48.513377344878606,40.513377344878606,78.5133773448786,0.0,9,TRAILING_STOP,MACD Divergence
2025-07-01 01:30:00,2025-07-01 01:45:00,2025-07-01 04:15:00,SHORT,107336.46,24.246188107936483,16.246188107936483,25.127528893724126,-6.920295303198822,10,TIME_EXIT,MACD Divergence
2025-07-01 04:15:00,2025-07-01 04:30:00,2025-07-01 07:00:00,LONG,107076.2,-13.851817677503725,-21.851817677503725,0.0,-31.398200533825175,10,TIME_EXIT,MACD Divergence
2025-07-01 07:15:00,2025-07-01 07:30:00,2025-07-01 08:00:00,LONG,106903.31,5.787788984270701,-2.2122110157292987,25.7877889842707,-0.920457935305886,2,TRAILING_STOP,MACD Divergence
2025-07-01 10:00:00,2025-07-01 10:15:00,2025-07-01 11:00:00,LONG,106510.0,-12.649516477326674,-20.649516477326674,7.350483522673326,-19.541827058492107,3,TRAILING_STOP,MACD Divergence
2025-07-01 12:45:00,2025-07-01 13:00:00,2025-07-01 13:30:00,LONG,106421.07,23.62951810200721,15.62951810200721,43.62951810200721,-11.278781542039878,2,TRAILING_STOP,MACD Divergence
2025-07-01 18:45:00,2025-07-01 19:00:00,2025-07-01 19:30:00,LONG,105749.68,-14.863341430441492,-22.863341430441494,5.136658569558508,-33.06676672685847,2,TRAILING_STOP,MACD Divergence
2025-07-02 01:00:00,2025-07-02 01:15:00,2025-07-02 03:45:00,LONG,105415.53,73.91415667122276,65.91415667122276,75.94232083261385,0.0,10,TIME_EXIT,MACD Divergence
2025-07-02 04:00:00,2025-07-02 04:15:00,2025-07-02 05:30:00,SHORT,106219.61,-23.269604360248994,-31.269604360248994,6.7303956397510065,-37.786807916164946,5,TRAILING_STOP,MACD Divergence
2025-07-02 06:45:00,2025-07-02 07:00:00,2025-07-02 08:00:00,SHORT,107014.39,-14.902964919017185,-22.902964919017187,15.097035080982815,-38.0733843364432,4,TRAILING_STOP,MACD Divergence
2025-07-02 09:45:00,2025-07-02 10:00:00,2025-07-02 12:30:00,SHORT,107636.15,38.17490685053248,30.17490685053248,41.81216069136516,-20.818284563318343,10,TIME_EXIT,MACD Divergence
2025-07-02 13:00:00,2025-07-02 13:15:00,2025-07-02 13:45:00,LONG,107657.91,11.589875746240708,3.5898757462407076,31.589875746240708,-24.672594888755494,2,TRAILING_STOP,MACD Divergence
2025-07-02 16:45:00,2025-07-02 17:00:00,2025-07-02 18:15:00,SHORT,109413.01,22.892247457591374,14.892247457591374,52.892247457591374,-28.971874551299273,5,TRAILING_STOP,MACD Divergence
2025-07-02 19:45:00,2025-07-02 20:00:00,2025-07-02 22:30:00,SHORT,109676.14,45.59879660243336,37.59879660243336,51.03844828966483,0.0,10,TIME_EXIT,MACD Divergence
2025-07-02 23:00:00,2025-07-02 23:15:00,2025-07-03 01:45:00,LONG,109111.99,-12.46609103179257,-20.466091031792573,0.2786128270590241,-36.33239573396173,10,TIME_EXIT,MACD Divergence
2025-07-03 02:00:00,2025-07-03 02:15:00,2025-07-03 04:45:00,LONG,108831.38,-3.802212192844073,-11.802212192844074,15.494611940048,-27.65562652977574,10,TIME_EXIT,MACD Divergence
2025-07-03 06:00:00,2025-07-03 06:15:00,2025-07-03 08:15:00,SHORT,109266.0,-19.03593066461636,-27.03593066461636,10.964069335383643,-25.808577233540166,8,TRAILING_STOP,MACD Divergence
2025-07-03 08:45:00,2025-07-03 09:00:00,2025-07-03 11:30:00,SHORT,109377.57,-25.66796830465332,-33.66796830465332,0.0,-81.88516164694455,10,TIME_EXIT,MACD Divergence
2025-07-03 13:45:00,2025-07-03 14:00:00,2025-07-03 16:30:00,SHORT,110255.64,81.99789870159898,73.99789870159898,111.99789870159898,-10.764075198330676,10,TRAILING_STOP,MACD Divergence
2025-07-03 19:45:00,2025-07-03 20:00:00,2025-07-03 22:30:00,SHORT,109803.41,7.48519558727751,-0.5148044127224898,13.31925848204532,-17.903815555454653,10,TIME_EXIT,MACD Divergence
2025-07-04 00:00:00,2025-07-04 00:15:00,2025-07-04 00:45:00,LONG,109617.65,-11.754065152828998,-19.754065152829,8.245934847171002,-21.280332136292788,2,TRAILING_STOP,MACD Divergence
2025-07-04 03:00:00,2025-07-04 03:15:00,2025-07-04 04:30:00,LONG,109200.01,-5.364470204718206,-13.364470204718206,14.635529795281794,-12.821427397304705,5,TRAILING_STOP,MACD Divergence
2025-07-04 05:45:00,2025-07-04 06:00:00,2025-07-04 07:00:00,LONG,109012.0,-7.860969434557504,-15.860969434557504,12.139030565442496,-19.08046820533519,4,TRAILING_STOP,MACD Divergence
2025-07-04 10:30:00,2025-07-04 10:45:00,2025-07-04 13:15:00,SHORT,108928.19,31.228830663577376,23.228830663577376,33.766282171768175,-16.782616143717956,10,TIME_EXIT,MACD Divergence
2025-07-04 14:15:00,2025-07-04 14:30:00,2025-07-04 17:00:00,LONG,108046.0,-29.153323584399722,-37.15332358439972,0.0,-65.95986894470857,10,TIME_EXIT,MACD Divergence
2025-07-04 19:00:00,2025-07-04 19:15:00,2025-07-04 21:45:00,LONG,107551.17,33.47522858189259,25.475228581892587,36.33805192449389,-28.182864026490886,10,TIME_EXIT,MACD Divergence
2025-07-04 23:00:00,2025-07-04 23:15:00,2025-07-05 01:45:00,SHORT,108115.55,12.432994143765468,4.432994143765468,20.435543268290484,-10.082730930009122,10,TIME_EXIT,MACD Divergence
2025-07-05 02:30:00,2025-07-05 02:45:00,2025-07-05 04:45:00,LONG,107953.69,23.24724796345501,15.24724796345501,43.24724796345501,0.0,8,TRAILING_STOP,MACD Divergence
2025-07-05 07:30:00,2025-07-05 07:45:00,2025-07-05 10:15:00,LONG,108042.69,8.001466827602783,0.0014668276027833826,8.773383928148549,-15.944623370632856,10,TIME_EXIT,MACD Divergence
2025-07-05 10:45:00,2025-07-05 11:00:00,2025-07-05 13:30:00,SHORT,108085.24,-8.337863708309788,-16.33786370830979,10.569435752745262,-13.605002866255221,10,TIME_EXIT,MACD Divergence
2025-07-05 13:30:00,2025-07-05 13:45:00,2025-07-05 16:15:00,SHORT,108175.36,19.7660539331699,11.7660539331699,19.766978358103152,-4.424297732866393,10,TIME_EXIT,MACD Divergence
2025-07-05 16:45:00,2025-07-05 17:00:00,2025-07-05 19:30:00,LONG,108101.99,1.8510297544008913,-6.148970245599108,2.96479278503461,-14.892417799154781,10,TIME_EXIT,MACD Divergence
2025-07-05 19:30:00,2025-07-05 19:45:00,2025-07-05 22:15:00,SHORT,108122.01,-1.4400398216798767,-9.440039821679877,11.895820286729348,-3.457205429311262,10,TIME_EXIT,MACD Divergence
2025-07-05 22:15:00,2025-07-05 22:30:00,2025-07-06 01:00:00,SHORT,108137.58,-3.350361641160818,-11.350361641160818,2.276729329433426,-10.396015890127952,10,TIME_EXIT,MACD Divergence
2025-07-06 01:00:00,2025-07-06 01:15:00,2025-07-06 03:45:00,SHORT,108173.82,11.401095015411467,3.4010950154114674,13.667817222319208,-8.738713304198633,10,TIME_EXIT,MACD Divergence
2025-07-06 03:45:00,2025-07-06 04:00:00,2025-07-06 06:30:00,LONG,108050.49,8.762570165113829,0.7625701651138286,15.502937561874523,-11.109621066966762,10,TIME_EXIT,MACD Divergence
2025-07-06 07:15:00,2025-07-06 07:30:00,2025-07-06 10:00:00,SHORT,108133.89,20.410807379629677,12.410807379629677,30.876536486387817,0.0,10,TIME_EXIT,MACD Divergence
2025-07-06 10:00:00,2025-07-06 10:15:00,2025-07-06 12:45:00,LONG,107913.18,29.635860976389743,21.635860976389743,29.636787647255602,0.0,10,TIME_EXIT,MACD Divergence
2025-07-06 14:30:00,2025-07-06 14:45:00,2025-07-06 17:15:00,SHORT,108744.73,-10.180723240565902,-18.180723240565904,7.252765260440239,-23.485276022111545,10,TIME_EXIT,MACD Divergence
2025-07-06 19:45:00,2025-07-06 20:00:00,2025-07-06 21:30:00,LONG,108538.45,87.01737494869357,79.01737494869357,107.01737494869357,0.0,6,TRAILING_STOP,MACD Divergence
2025-07-07 01:15:00,2025-07-07 01:30:00,2025-07-07 03:45:00,LONG,108901.9,53.28614101315091,45.28614101315091,73.28614101315091,0.0,9,TRAILING_STOP,MACD Divergence
2025-07-07 07:00:00,2025-07-07 07:15:00,2025-07-07 09:15:00,LONG,108870.17,-0.004623856102885071,-8.004623856102885,19.995376143897115,-10.015599314301943,8,TRAILING_STOP,MACD Divergence
2025-07-07 10:00:00,2025-07-07 10:15:00,2025-07-07 12:45:00,LONG,108840.0,-45.30962881293589,-53.30962881293589,0.0,-49.26221977214243,10,TIME_EXIT,MACD Divergence
2025-07-07 13:15:00,2025-07-07 13:30:00,2025-07-07 14:00:00,LONG,108422.82,1.8754686513404657,-6.124531348659534,21.875468651340466,-37.22371360567923,2,TRAILING_STOP,MACD Divergence
2025-07-07 16:15:00,2025-07-07 16:30:00,2025-07-07 16:45:00,LONG,108172.1,-6.753515925086637,-14.753515925086637,13.246484074913363,-24.126368999031218,1,TRAILING_STOP,MACD Divergence
2025-07-07 23:00:00,2025-07-07 23:15:00,2025-07-08 00:30:00,SHORT,108189.77,-29.074773890358642,-37.07477389035864,0.9252261096413564,-30.740429524898865,5,TRAILING_STOP,MACD Divergence
2025-07-08 02:15:00,2025-07-08 02:30:00,2025-07-08 05:00:00,LONG,107920.8,8.26439388885204,0.2643938888520392,10.580907480300583,-33.52921772262676,10,TIME_EXIT,MACD Divergence
2025-07-08 06:15:00,2025-07-08 06:30:00,2025-07-08 09:00:00,SHORT,108186.47,-14.105275826081193,-22.105275826081193,0.0,-31.291343547857586,10,TIME_EXIT,MACD Divergence
2025-07-08 09:30:00,2025-07-08 09:45:00,2025-07-08 10:30:00,SHORT,108484.61,-23.959511860714727,-31.959511860714727,6.040488139285271,-38.29022383912331,3,TRAILING_STOP,MACD Divergence
2025-07-08 12:45:00,2025-07-08 13:00:00,2025-07-08 13:30:00,SHORT,108949.19,-0.8194250916415022,-8.819425091641502,29.180574908358498,-7.692576695613586,2,TRAILING_STOP,MACD Divergence
2025-07-08 16:15:00,2025-07-08 16:30:00,2025-07-08 17:30:00,LONG,108461.84,38.83728323251786,30.837283232517862,58.83728323251786,-14.684427260314736,4,TRAILING_STOP,MACD Divergence
2025-07-08 19:00:00,2025-07-08 19:15:00,2025-07-08 21:45:00,SHORT,108970.4,7.38732720078113,-0.6126727992188696,31.78844897329864,0.0,10,TIME_EXIT,MACD Divergence
2025-07-09 00:00:00,2025-07-09 00:15:00,2025-07-09 02:45:00,SHORT,108833.53,20.398125467399616,12.398125467399616,21.45754162343157,-27.791986532091826,10,TIME_EXIT,MACD Divergence
2025-07-09 04:00:00,2025-07-09 04:15:00,2025-07-09 06:00:00,LONG,108352.01,34.46968634915054,26.469686349150543,54.46968634915054,0.0,7,TRAILING_STOP,MACD Divergence
2025-07-09 07:00:00,2025-07-09 07:15:00,2025-07-09 09:45:00,SHORT,108767.0,0.3337409324523667,-7.666259067547633,19.658536136880393,-6.5001333124934115,10,TIME_EXIT,MACD Divergence
2025-07-09 10:15:00,2025-07-09 10:30:00,2025-07-09 13:00:00,SHORT,108803.69,-83.10471823152245,-91.10471823152245,0.0,-88.75618097143554,10,TIME_EXIT,MACD Divergence
2025-07-09 13:15:00,2025-07-09 13:30:00,2025-07-09 14:45:00,SHORT,109576.59,67.97621919061329,59.97621919061329,97.97621919061329,0.0,5,TRAILING_STOP,MACD Divergence
2025-07-09 18:30:00,2025-07-09 18:45:00,2025-07-09 21:15:00,SHORT,109393.05,-167.08739723410147,-175.08739723410147,0.0,-238.2911894311376,10,TIME_EXIT,MACD Divergence
2025-07-10 02:00:00,2025-07-10 02:15:00,2025-07-10 04:45:00,SHORT,111373.23,20.04341617819614,12.04341617819614,37.858289644647954,0.0,10,TIME_EXIT,MACD Divergence
2025-07-10 05:00:00,2025-07-10 05:15:00,2025-07-10 07:45:00,LONG,110986.91,21.902582926220443,13.902582926220443,40.144373782458025,-3.8662217012802222,10,TIME_EXIT,MACD Divergence
2025-07-10 08:30:00,2025-07-10 08:45:00,2025-07-10 11:15:00,SHORT,111386.89,19.898212437747336,11.898212437747336,46.37529605144714,0.0,10,TIME_EXIT,MACD Divergence
2025-07-10 11:45:00,2025-07-10 12:00:00,2025-07-10 13:30:00,LONG,111019.99,-18.1985226264207,-26.1985226264207,1.8014773735792986,-46.83751097437545,6,TRAILING_STOP,MACD Divergence
2025-07-10 15:00:00,2025-07-10 15:15:00,2025-07-10 17:45:00,SHORT,110994.83,-245.77631228409513,-253.77631228409513,0.0,-251.66937955578598,10,TIME_EXIT,MACD Divergence
2025-07-10 17:45:00,2025-07-10 18:00:00,2025-07-10 18:45:00,SHORT,113722.83,34.82339561898013,26.82339561898013,64.82339561898013,0.0,3,TRAILING_STOP,MACD Divergence
2025-07-10 21:00:00,2025-07-10 21:15:00,2025-07-10 23:45:00,SHORT,113667.4,-206.0925120131195,-214.0925120131195,0.0,-275.5935298951156,10,TIME_EXIT,MACD Divergence
2025-07-11 02:45:00,2025-07-11 03:00:00,2025-07-11 03:45:00,SHORT,116672.57,-5.8023672573590375,-13.802367257359037,24.197632742640963,-23.77851109305238,3,TRAILING_STOP,MACD Divergence
2025-07-11 09:30:00,2025-07-11 09:45:00,2025-07-11 12:00:00,SHORT,118583.88,54.38921040532669,46.38921040532669,84.3892104053267,0.0,9,TRAILING_STOP,MACD Divergence
2025-07-11 13:00:00,2025-07-11 13:15:00,2025-07-11 13:30:00,LONG,117791.99,-18.211253583542273,-26.211253583542273,1.7887464164577263,-44.021669045578406,1,TRAILING_STOP,MACD Divergence
2025-07-11 15:45:00,2025-07-11 16:00:00,2025-07-11 17:00:00,LONG,116902.58,52.12159047302423,44.12159047302423,72.12159047302423,-23.231309351769802,4,TRAILING_STOP,MACD Divergence
2025-07-11 20:00:00,2025-07-11 20:15:00,2025-07-11 22:45:00,SHORT,117956.0,38.60185153786132,30.60185153786132,68.60185153786132,0.0,10,TRAILING_STOP,MACD Divergence
2025-07-12 00:30:00,2025-07-12 00:45:00,2025-07-12 03:15:00,LONG,117243.07,50.68956314432813,42.68956314432813,50.95567695387013,0.0,10,TIME_EXIT,MACD Divergence
2025-07-12 03:30:00,2025-07-12 03:45:00,2025-07-12 06:15:00,SHORT,117715.02,-12.27498920698406,-20.27498920698406,17.72501079301594,-21.38299768372735,10,TRAILING_STOP,MACD Divergence
2025-07-12 06:15:00,2025-07-12 06:30:00,2025-07-12 09:00:00,SHORT,117910.0,1.8056144516999064,-6.194385548300094,24.117547281824727,-12.279704859638164,10,TIME_EXIT,MACD Divergence
2025-07-12 09:00:00,2025-07-12 09:15:00,2025-07-12 11:45:00,SHORT,117888.71,6.676635956064529,-1.323364043935471,22.36940246440956,-26.405412358824993,10,TIME_EXIT,MACD Divergence
2025-07-12 13:30:00,2025-07-12 13:45:00,2025-07-12 14:30:00,LONG,117365.64,10.811402723999578,2.811402723999578,30.811402723999578,0.0,3,TRAILING_STOP,MACD Divergence
2025-07-12 19:15:00,2025-07-12 19:30:00,2025-07-12 21:30:00,SHORT,117440.43,7.501565687387071,-0.4984343126129289,37.50156568738707,-15.290305050825086,8,TRAILING_STOP,MACD Divergence
2025-07-12 22:00:00,2025-07-12 22:15:00,2025-07-13 00:45:00,SHORT,117460.05,12.255230608193772,4.255230608193772,20.476749328814698,-4.88421382418919,10,TIME_EXIT,MACD Divergence
2025-07-13 02:00:00,2025-07-13 02:15:00,2025-07-13 03:15:00,SHORT,117483.99,-23.526777563478827,-31.526777563478827,6.473222436521172,-28.3587576485952,4,TRAILING_STOP,MACD Divergence
2025-07-13 04:45:00,2025-07-13 05:00:00,2025-07-13 07:30:00,SHORT,117879.22,-7.466964915445154,-15.466964915445153,15.148556293467752,-14.894058511754016,10,TIME_EXIT,MACD Divergence
2025-07-13 07:30:00,2025-07-13 07:45:00,2025-07-13 10:15:00,SHORT,117967.24,14.175969531881096,6.175969531881096,23.532804531156323,-3.3670364755504294,10,TIME_EXIT,MACD Divergence
2025-07-13 10:15:00,2025-07-13 10:30:00,2025-07-13 13:00:00,LONG,117800.01,51.044985480052475,43.044985480052475,71.04498548005247,-4.5161286488852665,10,TRAILING_STOP,MACD Divergence
2025-07-13 13:00:00,2025-07-13 13:15:00,2025-07-13 15:45:00,SHORT,118175.0,-42.07658134123167,-50.07658134123167,0.0,-101.6289401311614,10,TIME_EXIT,MACD Divergence
2025-07-13 19:15:00,2025-07-13 19:30:00,2025-07-13 20:15:00,SHORT,119253.19,5.822102536628357,-2.177897463371643,35.82210253662836,-2.2481578899480734,3,TRAILING_STOP,MACD Divergence
2025-07-14 00:45:00,2025-07-14 01:00:00,2025-07-14 02:15:00,SHORT,119061.4,-16.879038882458868,-24.879038882458868,13.120961117541132,-70.434246531622,5,TRAILING_STOP,MACD Divergence
2025-07-14 04:45:00,2025-07-14 05:00:00,2025-07-14 05:15:00,SHORT,121400.0,-27.03459637561779,-35.034596375617795,2.9654036243822075,-104.2833607907743,1,TRAILING_STOP,MACD Divergence
2025-07-14 07:30:00,2025-07-14 07:45:00,2025-07-14 10:15:00,SHORT,122846.01,74.74968051465322,66.74968051465322,99.11107410000486,0.0,10,TIME_EXIT,MACD Divergence
2025-07-14 11:00:00,2025-07-14 11:15:00,2025-07-14 13:15:00,LONG,121693.43,2.3496042473295766,-5.650395752670423,22.349604247329577,-27.76485139748219,8,TRAILING_STOP,MACD Divergence
2025-07-14 14:15:00,2025-07-14 14:30:00,2025-07-14 17:00:00,LONG,121476.01,-80.31709306224242,-88.31709306224242,0.0,-187.1982789029698,10,TIME_EXIT,MACD Divergence
2025-07-15 00:15:00,2025-07-15 00:30:00,2025-07-15 03:00:00,LONG,119880.75,-192.13760341005548,-200.13760341005548,0.0,-221.3691522617262,10,TIME_EXIT,MACD Divergence
2025-07-15 03:00:00,2025-07-15 03:15:00,2025-07-15 05:15:00,LONG,117577.39,-4.009680772808892,-12.009680772808892,15.990319227191108,-112.89500472837503,8,TRAILING_STOP,MACD Divergence
2025-07-15 08:15:00,2025-07-15 08:30:00,2025-07-15 09:15:00,LONG,116830.01,13.730203395515161,5.7302033955151614,33.73020339551516,-7.629032985616462,3,TRAILING_STOP,MACD Divergence
2025-07-15 11:45:00,2025-07-15 12:00:00,2025-07-15 12:45:00,SHORT,117113.98,29.51296335416113,21.51296335416113,59.51296335416113,-30.102298632495298,3,TRAILING_STOP,MACD Divergence
2025-07-15 23:00:00,2025-07-15 23:15:00,2025-07-16 00:30:00,SHORT,117833.01,4.603206690552227,-3.396793309447773,34.60320669055223,-7.382481360698946,5,TRAILING_STOP,MACD Divergence
2025-07-16 06:00:00,2025-07-16 06:15:00,2025-07-16 08:45:00,SHORT,117760.01,-79.82166441731879,-87.82166441731879,0.0,-87.8591977021745,10,TIME_EXIT,MACD Divergence
2025-07-16 08:45:00,2025-07-16 09:00:00,2025-07-16 11:30:00,SHORT,118700.0,-16.650379106992368,-24.650379106992368,4.212299915754001,-51.453243470935135,10,TIME_EXIT,MACD Divergence
2025-07-16 13:45:00,2025-07-16 14:00:00,2025-07-16 15:00:00,LONG,118700.02,72.23081849522845,64.23081849522845,92.23081849522845,-42.124676979835726,4,TRAILING_STOP,MACD Divergence
2025-07-16 17:30:00,2025-07-16 17:45:00,2025-07-16 18:00:00,SHORT,119305.15,5.6128800810350725,-2.3871199189649275,35.61288008103507,-16.33206948736126,1,TRAILING_STOP,MACD Divergence
2025-07-16 20:30:00,2025-07-16 20:45:00,2025-07-16 23:15:00,SHORT,119920.71,105.92582382142368,97.92582382142368,125.14185414679469,-11.935386306501197,10,TIME_EXIT,MACD Divergence
2025-07-17 01:30:00,2025-07-17 01:45:00,2025-07-17 03:00:00,LONG,118277.02,0.8180760725960035,-7.1819239274039965,20.818076072596003,-23.421286738540086,5,TRAILING_STOP,MACD Divergence
2025-07-17 06:30:00,2025-07-17 06:45:00,2025-07-17 07:30:00,SHORT,118421.0,17.624154499624318,9.624154499624318,47.62415449962432,-11.43800508355757,3,TRAILING_STOP,MACD Divergence
2025-07-17 12:30:00,2025-07-17 12:45:00,2025-07-17 13:30:00,LONG,117978.0,-15.61782705250156,-23.61782705250156,4.382172947498439,-32.70525013138092,3,TRAILING_STOP,MACD Divergence
2025-07-17 15:45:00,2025-07-17 16:00:00,2025-07-17 17:00:00,SHORT,118881.99,16.128938454007994,8.128938454007994,46.128938454007994,-5.514712531309214,4,TRAILING_STOP,MACD Divergence
2025-07-17 18:45:00,2025-07-17 19:00:00,2025-07-17 20:00:00,SHORT,119580.0,70.01923398561622,62.019233985616225,100.01923398561622,-23.235490884763824,4,TRAILING_STOP,MACD Divergence
2025-07-18 06:00:00,2025-07-18 06:15:00,2025-07-18 08:45:00,SHORT,120409.41,146.78254797527939,138.78254797527939,167.29672539712664,-3.853519421778927,10,TIME_EXIT,MACD Divergence
2025-07-18 09:00:00,2025-07-18 09:15:00,2025-07-18 10:00:00,LONG,118839.98,-8.63934510927978,-16.63934510927978,11.36065489072022,-16.206667150229347,3,TRAILING_STOP,MACD Divergence
2025-07-18 13:00:00,2025-07-18 13:15:00,2025-07-18 14:00:00,SHORT,118865.13,0.718007880023741,-7.281992119976259,30.71800788002374,-31.758683139453932,3,TRAILING_STOP,MACD Divergence
2025-07-18 17:00:00,2025-07-18 17:15:00,2025-07-18 17:30:00,LONG,117587.27,12.847943489120887,4.847943489120887,32.84794348912089,0.0,1,TRAILING_STOP,MACD Divergence
2025-07-18 20:00:00,2025-07-18 20:15:00,2025-07-18 22:00:00,LONG,117162.92,41.195128970837864,33.195128970837864,61.195128970837864,-29.886588692054065,7,TRAILING_STOP,MACD Divergence
2025-07-18 23:15:00,2025-07-18 23:30:00,2025-07-19 01:15:00,SHORT,117820.01,-12.459685752870929,-20.45968575287093,17.54031424712907,-17.726190992515264,7,TRAILING_STOP,MACD Divergence
2025-07-19 02:00:00,2025-07-19 02:15:00,2025-07-19 04:45:00,SHORT,118033.63,-8.573827645561446,-16.573827645561444,4.0039436218312785,-28.61811502365839,10,TIME_EXIT,MACD Divergence
2025-07-19 05:30:00,2025-07-19 05:45:00,2025-07-19 08:15:00,SHORT,118269.45,14.344363654349808,6.344363654349808,18.33525056555106,-4.8490967024879055,10,TIME_EXIT,MACD Divergence
2025-07-19 08:15:00,2025-07-19 08:30:00,2025-07-19 11:00:00,LONG,118099.8,16.77648903723716,8.776489037237159,33.87812680461705,-8.629989212513335,10,TIME_EXIT,MACD Divergence
2025-07-19 11:00:00,2025-07-19 11:15:00,2025-07-19 13:45:00,SHORT,118297.93,9.280804828959695,1.2808048289596954,17.914937311243996,-13.70015519291056,10,TIME_EXIT,MACD Divergence
2025-07-19 13:45:00,2025-07-19 14:00:00,2025-07-19 16:00:00,LONG,118188.15,-15.612081245031707,-23.612081245031707,4.387918754968293,-47.41930557335806,8,TRAILING_STOP,MACD Divergence
2025-07-19 17:45:00,2025-07-19 18:00:00,2025-07-19 19:00:00,LONG,117808.17,-1.340003838443316,-9.340003838443316,18.659996161556684,-17.223763003873458,4,TRAILING_STOP,MACD Divergence
2025-07-19 20:45:00,2025-07-19 21:00:00,2025-07-19 23:30:00,LONG,117720.0,7.973156642881463,-0.026843357118536915,18.328236493373662,-37.60278627251134,10,TIME_EXIT,MACD Divergence
2025-07-20 01:45:00,2025-07-20 02:00:00,2025-07-20 04:15:00,SHORT,117941.25,-10.129937574851393,-18.129937574851393,19.870062425148607,-19.003529299545722,9,TRAILING_STOP,MACD Divergence
2025-07-20 04:30:00,2025-07-20 04:45:00,2025-07-20 07:15:00,SHORT,117936.0,-10.117351784019043,-18.117351784019043,14.866537783204599,-10.117351784019043,10,TIME_EXIT,MACD Divergence
2025-07-20 07:15:00,2025-07-20 07:30:00,2025-07-20 10:00:00,SHORT,118055.32,9.66665458193751,1.6666545819375091,14.982806365694035,-18.792037495641132,10,TIME_EXIT,MACD Divergence
2025-07-20 11:30:00,2025-07-20 11:45:00,2025-07-20 14:15:00,LONG,117910.0,61.6860317191075,53.6860317191075,75.46433720634407,-15.840047493851587,10,TIME_EXIT,MACD Divergence
2025-07-20 15:15:00,2025-07-20 15:30:00,2025-07-20 18:00:00,SHORT,118699.37,40.92102594984252,32.92102594984252,62.28929437451904,-13.26291790765255,10,TIME_EXIT,MACD Divergence
2025-07-20 18:00:00,2025-07-20 18:15:00,2025-07-20 19:45:00,LONG,118213.65,9.631095901361547,1.6310959013615474,29.631095901361547,-9.877031967120105,6,TRAILING_STOP,MACD Divergence
2025-07-20 21:00:00,2025-07-20 21:15:00,2025-07-20 22:00:00,LONG,118019.99,-8.655311697620087,-16.655311697620085,11.344688302379913,-94.64752538955467,3,TRAILING_STOP,MACD Divergence
2025-07-21 00:15:00,2025-07-21 00:30:00,2025-07-21 01:00:00,LONG,116914.5,25.085938869857486,17.085938869857486,45.085938869857486,-2.52321140662621,2,TRAILING_STOP,MACD Divergence
2025-07-21 03:30:00,2025-07-21 03:45:00,2025-07-21 06:15:00,SHORT,118428.08,-9.807998238255266,-17.807998238255266,20.192001761744734,-36.200873981913844,10,TRAILING_STOP,MACD Divergence
2025-07-21 06:15:00,2025-07-21 06:30:00,2025-07-21 09:00:00,SHORT,118850.8,-6.413924012290698,-14.413924012290698,0.0,-69.49301140589655,10,TIME_EXIT,MACD Divergence
2025-07-21 11:30:00,2025-07-21 11:45:00,2025-07-21 12:30:00,LONG,118362.52,-0.7810783345947776,-8.781078334594778,19.218921665405222,-49.32473556663097,3,TRAILING_STOP,MACD Divergence
2025-07-21 14:45:00,2025-07-21 15:00:00,2025-07-21 16:15:00,SHORT,118828.99,81.84055338684654,73.84055338684654,111.84055338684654,-24.455311788814434,5,TRAILING_STOP,MACD Divergence
2025-07-21 17:45:00,2025-07-21 18:00:00,2025-07-21 18:15:00,LONG,117847.83,11.006934960109447,3.0069349601094473,31.006934960109447,0.0,1,TRAILING_STOP,MACD Divergence
2025-07-22 00:30:00,2025-07-22 00:45:00,2025-07-22 01:15:00,SHORT,117055.9,49.26981894974915,41.26981894974915,79.26981894974915,-15.746322910678316,2,TRAILING_STOP,MACD Divergence
2025-07-22 07:30:00,2025-07-22 07:45:00,2025-07-22 08:30:00,SHORT,118189.33,29.323460078841244,21.323460078841244,59.323460078841244,-1.5864376251223353,3,TRAILING_STOP,MACD Divergence
2025-07-22 10:30:00,2025-07-22 10:45:00,2025-07-22 13:15:00,SHORT,118727.99,-39.41867456865014,-47.41867456865014,0.0,-61.21302988452761,10,TIME_EXIT,MACD Divergence
2025-07-22 13:15:00,2025-07-22 13:30:00,2025-07-22 14:00:00,SHORT,119196.0,108.09188227792879,100.09188227792879,138.0918822779288,-22.483975972348063,2,TRAILING_STOP,MACD Divergence
2025-07-22 18:30:00,2025-07-22 18:45:00,2025-07-22 20:00:00,SHORT,119179.86,-23.097827099310678,-31.097827099310678,6.902172900689324,-61.680723571918996,5,TRAILING_STOP,MACD Divergence
2025-07-22 23:00:00,2025-07-22 23:15:00,2025-07-23 01:45:00,SHORT,120199.99,59.21547913606349,51.21547913606349,68.24958970462481,0.0,10,TIME_EXIT,MACD Divergence
2025-07-23 01:45:00,2025-07-23 02:00:00,2025-07-23 04:30:00,LONG,119488.21,-56.69931786575472,-64.69931786575472,0.0,-79.94512596682134,10,TIME_EXIT,MACD Divergence
2025-07-23 05:45:00,2025-07-23 06:00:00,2025-07-23 06:30:00,LONG,118645.04,-17.29866499265347,-25.29866499265347,2.7013350073465285,-18.967501717728243,2,TRAILING_STOP,MACD Divergence
2025-07-23 08:30:00,2025-07-23 08:45:00,2025-07-23 09:15:00,LONG,118307.83,-7.3186753573285195,-15.31867535732852,12.68132464267148,-26.019410549580844,2,TRAILING_STOP,MACD Divergence
2025-07-23 12:15:00,2025-07-23 12:30:00,2025-07-23 14:00:00,SHORT,118553.64,75.66018892376475,67.66018892376475,105.66018892376475,0.0,6,TRAILING_STOP,MACD Divergence
2025-07-23 15:45:00,2025-07-23 16:00:00,2025-07-23 17:30:00,SHORT,118567.39,74.22427279541152,66.22427279541152,104.22427279541152,0.0,6,TRAILING_STOP,MACD Divergence
2025-07-23 21:30:00,2025-07-23 21:45:00,2025-07-24 00:15:00,LONG,117846.22,99.19622368880438,91.19622368880438,103.55784003933256,0.0,10,TIME_EXIT,MACD Divergence
2025-07-24 00:15:00,2025-07-24 00:30:00,2025-07-24 03:00:00,SHORT,119015.2,1.6930610543858413,-6.306938945614158,19.147134147570235,-7.1251403182117,10,TIME_EXIT,MACD Divergence
2025-07-24 03:15:00,2025-07-24 03:30:00,2025-07-24 04:00:00,SHORT,119249.99,59.31740790921664,51.31740790921664,89.31740790921664,0.0,2,TRAILING_STOP,MACD Divergence
2025-07-24 06:00:00,2025-07-24 06:15:00,2025-07-24 06:30:00,LONG,117740.01,-10.233566312759338,-18.233566312759336,9.766433687240662,-24.631389108935423,1,TRAILING_STOP,MACD Divergence
2025-07-24 09:00:00,2025-07-24 09:15:00,2025-07-24 10:45:00,SHORT,118653.44,28.81413973332807,20.81413973332807,58.81413973332807,-1.3897616453421566,6,TRAILING_STOP,MACD Divergence
2025-07-24 11:45:00,2025-07-24 12:00:00,2025-07-24 13:15:00,SHORT,118600.0,-3.112984822933843,-11.112984822933843,26.887015177066157,-10.752951096121318,5,TRAILING_STOP,MACD Divergence
2025-07-24 14:30:00,2025-07-24 14:45:00,2025-07-24 15:45:00,SHORT,118616.77,-29.837291135139864,-37.837291135139864,0.1627088648601346,-70.24554791029935,4,TRAILING_STOP,MACD Divergence
2025-07-24 18:00:00,2025-07-24 18:15:00,2025-07-24 19:00:00,SHORT,119304.49,-1.147774907717121,-9.147774907717121,28.85222509228288,-3.30917972994947,3,TRAILING_STOP,MACD Divergence
2025-07-24 21:45:00,2025-07-24 22:00:00,2025-07-24 22:45:00,LONG,118527.51,-15.57149222150999,-23.571492221509992,4.42850777849001,-28.764630253346905,3,TRAILING_STOP,MACD Divergence
2025-07-25 00:30:00,2025-07-25 00:45:00,2025-07-25 01:00:00,LONG,117794.22,-19.336130414548997,-27.336130414548997,0.6638695854510037,-20.73276600498744,1,TRAILING_STOP,MACD Divergence
2025-07-25 04:15:00,2025-07-25 04:30:00,2025-07-25 05:00:00,LONG,115335.2,50.1806560356255,42.1806560356255,70.1806560356255,-6.213194237319005,2,TRAILING_STOP,MACD Divergence
2025-07-25 07:00:00,2025-07-25 07:15:00,2025-07-25 07:30:00,LONG,115509.5,-11.186872075456746,-19.186872075456748,8.813127924543254,-30.309195347569318,1,TRAILING_STOP,MACD Divergence
2025-07-25 10:45:00,2025-07-25 11:00:00,2025-07-25 12:30:00,SHORT,116308.48,-0.37963182048335753,-8.379631820483358,29.620368179516642,-40.723599861335025,6,TRAILING_STOP,MACD Divergence
2025-07-25 15:00:00,2025-07-25 15:15:00,2025-07-25 15:30:00,LONG,115341.47,3.4547036724951425,-4.5452963275048575,23.454703672495143,-9.675617971576555,1,TRAILING_STOP,MACD Divergence
2025-07-25 18:45:00,2025-07-25 19:00:00,2025-07-25 21:30:00,SHORT,116491.53,-47.86699942905725,-55.86699942905725,0.0,-76.0621823749759,10,TIME_EXIT,MACD Divergence
2025-07-25 21:30:00,2025-07-25 21:45:00,2025-07-26 00:15:00,SHORT,117049.14,-42.54025275196448,-50.54025275196448,0.0,-49.6253112154434,10,TIME_EXIT,MACD Divergence
2025-07-26 00:15:00,2025-07-26 00:30:00,2025-07-26 02:15:00,SHORT,117547.07,4.7681996667379565,-3.2318003332620435,34.76819966673796,-2.6797775563440247,7,TRAILING_STOP,MACD Divergence
2025-07-26 07:00:00,2025-07-26 07:15:00,2025-07-26 09:45:00,LONG,117329.56,20.543842489480756,12.543842489480756,24.55391463157251,-2.1392733425397035,10,TIME_EXIT,MACD Divergence
2025-07-26 13:00:00,2025-07-26 13:15:00,2025-07-26 15:45:00,SHORT,118117.25,-1.0879020634162937,-9.087902063416294,25.31806319568081,-8.69898342536759,10,TIME_EXIT,MACD Divergence
2025-07-26 15:45:00,2025-07-26 16:00:00,2025-07-26 18:30:00,SHORT,118130.1,8.745442524810546,0.7454425248105458,15.926508146526535,-4.224156248068374,10,TIME_EXIT,MACD Divergence
2025-07-26 18:45:00,2025-07-26 19:00:00,2025-07-26 21:30:00,SHORT,118095.16,12.095330579169927,4.095330579169927,17.892350541715928,-17.120938741266137,10,TIME_EXIT,MACD Divergence
2025-07-26 21:30:00,2025-07-26 21:45:00,2025-07-26 22:45:00,LONG,117952.33,7.496701421667698,-0.5032985783323021,27.496701421667698,0.0,4,TRAILING_STOP,MACD Divergence
2025-07-27 00:15:00,2025-07-27 00:30:00,2025-07-27 03:00:00,LONG,117844.55,23.585384305000957,15.585384305000957,43.58538430500096,-0.3861018604596403,10,TRAILING_STOP,MACD Divergence
2025-07-27 03:00:00,2025-07-27 03:15:00,2025-07-27 05:45:00,SHORT,118106.18,-14.271056772812644,-22.271056772812642,0.0,-16.41065691905428,10,TIME_EXIT,MACD Divergence
2025-07-27 05:45:00,2025-07-27 06:00:00,2025-07-27 08:30:00,SHORT,118274.73,19.061552708680637,11.061552708680637,26.358969494159467,-13.874476821887974,10,TIME_EXIT,MACD Divergence
2025-07-27 08:30:00,2025-07-27 08:45:00,2025-07-27 11:15:00,LONG,118049.29,12.787031586552672,4.787031586552672,20.6329068137561,-16.036521693607618,10,TIME_EXIT,MACD Divergence
2025-07-27 12:15:00,2025-07-27 12:30:00,2025-07-27 15:00:00,LONG,117979.77,32.12669426292311,24.12669426292311,48.16164669586929,-6.351088834976332,10,TIME_EXIT,MACD Divergence
2025-07-27 15:00:00,2025-07-27 15:15:00,2025-07-27 16:00:00,SHORT,118358.79,-22.582722415462882,-30.582722415462882,7.417277584537118,-68.20025787691868,3,TRAILING_STOP,MACD Divergence
2025-07-27 21:15:00,2025-07-27 21:30:00,2025-07-27 22:45:00,LONG,119043.73,40.72726383825493,32.72726383825493,60.72726383825493,0.0,5,TRAILING_STOP,MACD Divergence
2025-07-28 00:15:00,2025-07-28 00:30:00,2025-07-28 02:15:00,SHORT,119645.43,27.246649537721005,19.246649537721005,57.246649537721005,0.0,7,TRAILING_STOP,MACD Divergence
2025-07-28 07:00:00,2025-07-28 07:15:00,2025-07-28 09:15:00,LONG,118890.01,-2.1111967271255523,-10.111196727125552,17.888803272874448,-9.731683932064358,8,TRAILING_STOP,MACD Divergence
2025-07-28 09:45:00,2025-07-28 10:00:00,2025-07-28 10:30:00,LONG,118930.88,-18.09637328841766,-26.09637328841766,1.9036267115823424,-26.121054515026167,2,TRAILING_STOP,MACD Divergence
2025-07-28 12:45:00,2025-07-28 13:00:00,2025-07-28 14:30:00,SHORT,118845.23,49.89382493516989,41.89382493516989,79.89382493516989,-20.241451844554273,6,TRAILING_STOP,MACD Divergence
2025-07-28 16:00:00,2025-07-28 16:15:00,2025-07-28 16:45:00,LONG,118074.01,5.627993832004677,-2.3720061679953233,25.627993832004677,-5.167098161567882,2,TRAILING_STOP,MACD Divergence
2025-07-28 19:45:00,2025-07-28 20:00:00,2025-07-28 21:45:00,LONG,118068.73,3.8234120075653237,-4.176587992434676,23.823412007565324,-48.161778313360315,7,TRAILING_STOP,MACD Divergence
2025-07-29 00:00:00,2025-07-29 00:15:00,2025-07-29 00:45:00,SHORT,118285.0,33.01052542587876,25.01052542587876,63.01052542587876,0.0,2,TRAILING_STOP,MACD Divergence
2025-07-29 03:00:00,2025-07-29 03:15:00,2025-07-29 03:45:00,SHORT,118406.88,-17.276921746438322,-25.276921746438322,12.723078253561678,-33.20077346856832,2,TRAILING_STOP,MACD Divergence
2025-07-29 05:45:00,2025-07-29 06:00:00,2025-07-29 08:30:00,SHORT,118799.99,-14.451179667607128,-22.45117966760713,4.1346804827180454,-39.84596294999649,10,TIME_EXIT,MACD Divergence
2025-07-29 13:30:00,2025-07-29 13:45:00,2025-07-29 16:15:00,SHORT,118840.0,126.87394816560116,118.87394816560116,131.94210703466848,0.0,10,TIME_EXIT,MACD Divergence
2025-07-29 16:15:00,2025-07-29 16:30:00,2025-07-29 17:30:00,LONG,117332.22,41.77587025967818,33.77587025967818,61.77587025967818,0.0,4,TRAILING_STOP,MACD Divergence
2025-07-29 23:30:00,2025-07-29 23:45:00,2025-07-30 01:30:00,SHORT,117772.58,0.57163220844809,-7.42836779155191,30.57163220844809,-18.96876165912254,7,TRAILING_STOP,MACD Divergence
2025-07-30 02:15:00,2025-07-30 02:30:00,2025-07-30 05:00:00,SHORT,117945.93,19.87775245826601,11.87775245826601,19.87860030439303,-27.915333746573538,10,TIME_EXIT,MACD Divergence
2025-07-30 06:15:00,2025-07-30 06:30:00,2025-07-30 08:30:00,SHORT,118201.99,-7.834552531645194,-15.834552531645194,22.165447468354806,-17.776350465842015,8,TRAILING_STOP,MACD Divergence
2025-07-30 09:00:00,2025-07-30 09:15:00,2025-07-30 10:30:00,SHORT,118260.97,-6.747188865438424,-14.747188865438424,23.252811134561576,-15.984140836997941,5,TRAILING_STOP,MACD Divergence
2025-07-30 12:15:00,2025-07-30 12:30:00,2025-07-30 13:00:00,LONG,117739.18,-7.360197344672606,-15.360197344672606,12.639802655327394,-27.481081488761657,2,TRAILING_STOP,MACD Divergence
2025-07-30 18:00:00,2025-07-30 18:15:00,2025-07-30 18:30:00,LONG,117661.25,-5.706424162585982,-13.706424162585982,14.293575837414018,-33.59219794112335,1,TRAILING_STOP,MACD Divergence
2025-07-31 01:00:00,2025-07-31 01:15:00,2025-07-31 02:30:00,SHORT,118435.72,8.392133724521372,0.3921337245213721,38.39213372452137,-0.02364151625867904,5,TRAILING_STOP,MACD Divergence
2025-07-31 03:45:00,2025-07-31 04:00:00,2025-07-31 06:30:00,SHORT,118466.15,-9.455021539909023,-17.455021539909023,15.069283504189977,-11.224303313647079,10,TIME_EXIT,MACD Divergence
2025-07-31 06:30:00,2025-07-31 06:45:00,2025-07-31 09:15:00,SHORT,118578.17,3.7705085177138296,-4.2294914822861704,9.32043393822017,-29.034011909611934,10,TIME_EXIT,MACD Divergence
2025-07-31 11:15:00,2025-07-31 11:30:00,2025-07-31 13:00:00,LONG,118420.0,-0.9913865901025325,-8.991386590102532,19.008613409897468,-12.160108089849686,6,TRAILING_STOP,MACD Divergence
2025-07-31 14:15:00,2025-07-31 14:30:00,2025-07-31 14:45:00,LONG,117979.14,-2.3918024830486786,-10.391802483048679,17.60819751695132,-5.945118772691463,1,TRAILING_STOP,MACD Divergence
2025-07-31 17:15:00,2025-07-31 17:30:00,2025-07-31 17:45:00,LONG,117866.53,10.311403924422319,2.3114039244223186,30.31140392442232,-13.923375872692661,1,TRAILING_STOP,MACD Divergence
2025-07-31 20:15:00,2025-07-31 20:30:00,2025-07-31 21:45:00,LONG,116765.09,-7.617874486286805,-15.617874486286805,12.382125513713195,-45.93153655771536,5,TRAILING_STOP,MACD Divergence
2025-07-31 23:00:00,2025-07-31 23:15:00,2025-08-01 01:45:00,LONG,116362.98,-88.61237482917637,-96.61237482917637,0.0,-176.1599780273753,10,TIME_EXIT,MACD Divergence
2025-08-01 07:45:00,2025-08-01 08:00:00,2025-08-01 09:45:00,LONG,115081.76,2.4396985239020736,-5.560301476097926,22.439698523902074,-83.91946734217436,7,TRAILING_STOP,MACD Divergence
2025-08-01 11:30:00,2025-08-01 11:45:00,2025-08-01 12:30:00,SHORT,115175.1,-27.1799460126355,-35.1799460126355,2.820053987364498,-62.24435663611268,3,TRAILING_STOP,MACD Divergence
2025-08-01 19:45:00,2025-08-01 20:00:00,2025-08-01 22:00:00,LONG,113328.67,47.53895549996338,39.53895549996338,67.53895549996338,-12.56081095807365,8,TRAILING_STOP,MACD Divergence
2025-08-01 22:30:00,2025-08-01 22:45:00,2025-08-01 23:45:00,LONG,113066.0,23.731979551766784,15.731979551766784,43.731979551766784,-13.926379282897283,4,TRAILING_STOP,MACD Divergence
2025-08-02 03:00:00,2025-08-02 03:15:00,2025-08-02 05:45:00,SHORT,113879.99,-8.87513249693756,-16.87513249693756,10.594486353573505,-16.113454172238686,10,TIME_EXIT,MACD Divergence
2025-08-02 05:45:00,2025-08-02 06:00:00,2025-08-02 07:15:00,SHORT,113981.07,14.888155550743114,6.8881555507431145,44.888155550743114,0.0,5,TRAILING_STOP,MACD Divergence
2025-08-02 09:30:00,2025-08-02 09:45:00,2025-08-02 10:30:00,LONG,113572.2,-8.395047379552134,-16.395047379552132,11.604952620447866,-12.909849417374616,3,TRAILING_STOP,MACD Divergence
2025-08-02 13:00:00,2025-08-02 13:15:00,2025-08-02 14:15:00,LONG,113450.0,-12.948435434111943,-20.948435434111943,7.051564565888057,-28.748347289554356,4,TRAILING_STOP,MACD Divergence
2025-08-02 15:45:00,2025-08-02 16:00:00,2025-08-02 17:30:00,LONG,112840.7,31.337859478007758,23.337859478007758,51.33785947800776,-10.696495147583901,6,TRAILING_STOP,MACD Divergence
2025-08-02 19:15:00,2025-08-02 19:30:00,2025-08-02 19:45:00,LONG,112708.01,-15.208858713768436,-23.208858713768436,4.791141286231564,-43.096315869652564,1,TRAILING_STOP,MACD Divergence
2025-08-02 22:45:00,2025-08-02 23:00:00,2025-08-02 23:30:00,SHORT,112862.14,21.50354228619082,13.503542286190822,51.50354228619082,0.0,2,TRAILING_STOP,MACD Divergence
2025-08-03 01:45:00,2025-08-03 02:00:00,2025-08-03 04:30:00,SHORT,113107.99,-24.755987618557693,-32.7559876185577,0.0,-55.93769281904816,10,TIME_EXIT,MACD Divergence
2025-08-03 05:30:00,2025-08-03 05:45:00,2025-08-03 08:15:00,SHORT,113546.16,-11.841879989599986,-19.841879989599988,6.483706714521204,-21.47496665673207,10,TIME_EXIT,MACD Divergence
2025-08-03 08:15:00,2025-08-03 08:30:00,2025-08-03 10:45:00,SHORT,113680.63,-18.597001969464397,-26.597001969464397,11.402998030535603,-19.297042952699623,9,TRAILING_STOP,MACD Divergence
2025-08-03 11:15:00,2025-08-03 11:30:00,2025-08-03 12:30:00,SHORT,114004.24,0.5111459012411323,-7.488854098758868,30.511145901241132,-4.166511701670043,4,TRAILING_STOP,MACD Divergence
2025-08-03 14:30:00,2025-08-03 14:45:00,2025-08-03 17:15:00,LONG,113818.86,17.6798467319033,9.6798467319033,30.419387437195905,-12.722847514023394,10,TIME_EXIT,MACD Divergence
2025-08-03 17:15:00,2025-08-03 17:30:00,2025-08-03 18:15:00,SHORT,114020.1,-24.35099600859818,-32.35099600859818,5.6490039914018215,-38.59407244862865,3,TRAILING_STOP,MACD Divergence
2025-08-03 23:45:00,2025-08-04 00:00:00,2025-08-04 01:00:00,LONG,114208.81,49.275741512410676,41.275741512410676,69.27574151241068,-8.468698693209497,4,TRAILING_STOP,MACD Divergence
2025-08-04 05:45:00,2025-08-04 06:00:00,2025-08-04 08:15:00,LONG,114391.26,13.85223661318227,5.852236613182271,33.85223661318227,-21.214907502548098,9,TRAILING_STOP,MACD Divergence
2025-08-04 09:15:00,2025-08-04 09:30:00,2025-08-04 12:00:00,SHORT,114630.42,11.416690264241844,3.4166902642418435,35.98085045836848,0.0,10,TIME_EXIT,MACD Divergence
2025-08-04 12:45:00,2025-08-04 13:00:00,2025-08-04 13:15:00,LONG,114444.36,-18.819513692068814,-26.819513692068814,1.180486307931187,-22.363705821763723,1,TRAILING_STOP,MACD Divergence
2025-08-04 16:45:00,2025-08-04 17:00:00,2025-08-04 19:30:00,SHORT,115301.0,43.24940807104867,35.24940807104867,45.59630879177075,-36.33966747903314,10,TIME_EXIT,MACD Divergence
2025-08-04 20:15:00,2025-08-04 20:30:00,2025-08-04 23:00:00,LONG,114728.79,53.21767971230345,45.21767971230345,53.27433506445997,0.0,10,TIME_EXIT,MACD Divergence
2025-08-04 23:15:00,2025-08-04 23:30:00,2025-08-05 02:00:00,SHORT,115305.36,55.459694154720644,47.459694154720644,56.70161387120277,0.0,10,TIME_EXIT,MACD Divergence
2025-08-05 02:30:00,2025-08-05 02:45:00,2025-08-05 03:00:00,LONG,114630.92,-10.67441838554478,-18.67441838554478,9.32558161445522,-19.125729776922775,1,TRAILING_STOP,MACD Divergence
2025-08-05 05:30:00,2025-08-05 05:45:00,2025-08-05 06:45:00,LONG,114244.9,2.386994955574327,-5.613005044425673,22.386994955574327,-12.183476023873956,4,TRAILING_STOP,MACD Divergence
2025-08-05 08:30:00,2025-08-05 08:45:00,2025-08-05 09:30:00,SHORT,114308.21,-27.626592175662218,-35.62659217566222,2.373407824337784,-41.876257182226276,3,TRAILING_STOP,MACD Divergence
2025-08-05 15:00:00,2025-08-05 15:15:00,2025-08-05 16:30:00,LONG,113187.79,-4.139632022146198,-12.139632022146198,15.860367977853802,-42.21215026815115,5,TRAILING_STOP,MACD Divergence
2025-08-05 19:15:00,2025-08-05 19:30:00,2025-08-05 20:00:00,SHORT,113611.62,-12.020325033655052,-20.020325033655052,17.979674966344948,-17.82916219309237,2,TRAILING_STOP,MACD Divergence
2025-08-05 22:30:00,2025-08-05 22:45:00,2025-08-06 01:15:00,SHORT,113940.52,30.40358250076428,22.40358250076428,30.871370430817763,-25.307941371515643,10,TIME_EXIT,MACD Divergence
2025-08-06 03:00:00,2025-08-06 03:15:00,2025-08-06 05:45:00,LONG,113618.39,50.29055771693338,42.29055771693338,70.29055771693338,-23.17054483873559,10,TRAILING_STOP,MACD Divergence
2025-08-06 09:15:00,2025-08-06 09:30:00,2025-08-06 11:30:00,SHORT,114100.69,-12.341035799169557,-20.341035799169557,17.658964200830443,-26.602818966300166,8,TRAILING_STOP,MACD Divergence
2025-08-06 12:00:00,2025-08-06 12:15:00,2025-08-06 13:30:00,SHORT,113955.95,2.9995932638886273,-5.000406736111373,32.99959326388863,-26.24259637166843,5,TRAILING_STOP,MACD Divergence
2025-08-06 16:00:00,2025-08-06 16:15:00,2025-08-06 17:15:00,SHORT,115204.76,-7.20753899404836,-15.20753899404836,22.79246100595164,-13.508122407443052,4,TRAILING_STOP,MACD Divergence
2025-08-06 21:00:00,2025-08-06 21:15:00,2025-08-06 23:45:00,LONG,115219.69,-19.737945832001305,-27.737945832001305,0.0,-37.03186495294403,10,TIME_EXIT,MACD Divergence
2025-08-07 00:00:00,2025-08-07 00:15:00,2025-08-07 01:45:00,LONG,114941.68,1.2194566844689199,-6.78054331553108,21.21945668446892,-31.420282007361838,6,TRAILING_STOP,MACD Divergence
2025-08-07 02:45:00,2025-08-07 03:00:00,2025-08-07 04:45:00,LONG,114564.76,-12.73424044182476,-20.73424044182476,7.26575955817524,-26.688835205519986,7,TRAILING_STOP,MACD Divergence
2025-08-07 07:30:00,2025-08-07 07:45:00,2025-08-07 10:15:00,SHORT,114736.25,-98.63839893669221,-106.63839893669221,0.0,-99.05500659120409,10,TIME_EXIT,MACD Divergence
2025-08-07 11:30:00,2025-08-07 11:45:00,2025-08-07 12:45:00,SHORT,116650.74,22.712910351019524,14.712910351019524,52.712910351019524,0.0,4,TRAILING_STOP,MACD Divergence
2025-08-07 15:30:00,2025-08-07 15:45:00,2025-08-07 16:45:00,SHORT,116749.99,65.73277051244351,57.73277051244351,95.73277051244351,0.0,4,TRAILING_STOP,MACD Divergence
2025-08-07 20:30:00,2025-08-07 20:45:00,2025-08-07 22:00:00,SHORT,117338.29,-2.1923678962771973,-10.192367896277197,27.807632103722803,-10.928231526129322,5,TRAILING_STOP,MACD Divergence
2025-08-08 00:30:00,2025-08-08 00:45:00,2025-08-08 03:15:00,SHORT,117573.89,55.445983797932875,47.445983797932875,74.81337905890506,0.0,10,TIME_EXIT,MACD Divergence
2025-08-08 03:15:00,2025-08-08 03:30:00,2025-08-08 06:00:00,LONG,116921.99,-30.58363957028195,-38.583639570281946,0.0,-44.55876948382466,10,TIME_EXIT,MACD Divergence
2025-08-08 06:00:00,2025-08-08 06:15:00,2025-08-08 08:15:00,LONG,116564.39,15.080181863432173,7.080181863432173,35.08018186343217,-0.587658031754451,8,TRAILING_STOP,MACD Divergence
2025-08-08 08:45:00,2025-08-08 09:00:00,2025-08-08 10:30:00,LONG,116620.63,-10.889262045660361,-18.88926204566036,9.110737954339639,-16.01517673159578,6,TRAILING_STOP,MACD Divergence
2025-08-08 11:45:00,2025-08-08 12:00:00,2025-08-08 13:45:00,SHORT,116891.51,4.139348529247137,-3.860651470752863,34.13934852924714,-4.629934201381255,7,TRAILING_STOP,MACD Divergence
2025-08-08 14:30:00,2025-08-08 14:45:00,2025-08-08 17:15:00,LONG,116540.9,-16.057023757323833,-24.057023757323833,0.0,-56.820395243213994,10,TIME_EXIT,MACD Divergence
2025-08-08 20:45:00,2025-08-08 21:00:00,2025-08-08 23:30:00,SHORT,116888.52,14.738829784139522,6.738829784139522,19.784663198747772,-7.8262604402892535,10,TIME_EXIT,MACD Divergence
2025-08-09 01:30:00,2025-08-09 01:45:00,2025-08-09 04:15:00,LONG,116639.99,-14.36814252127517,-22.368142521275168,0.0,-29.223253534229606,10,TIME_EXIT,MACD Divergence
2025-08-09 04:30:00,2025-08-09 04:45:00,2025-08-09 05:45:00,LONG,116416.0,28.446948873007145,20.446948873007145,48.446948873007145,0.0,4,TRAILING_STOP,MACD Divergence
2025-08-09 07:15:00,2025-08-09 07:30:00,2025-08-09 08:30:00,SHORT,116880.0,-19.05287474332674,-27.05287474332674,10.947125256673262,-23.584873374401393,4,TRAILING_STOP,MACD Divergence
2025-08-09 13:15:00,2025-08-09 13:30:00,2025-08-09 15:15:00,LONG,117010.04,-9.5128657335724,-17.5128657335724,10.4871342664276,-26.49601692299215,7,TRAILING_STOP,MACD Divergence
2025-08-09 16:15:00,2025-08-09 16:30:00,2025-08-09 19:00:00,LONG,116730.19,-7.114697577379332,-15.114697577379332,4.477847590242428,-15.006400657790264,10,TIME_EXIT,MACD Divergence
2025-08-09 19:00:00,2025-08-09 19:15:00,2025-08-09 20:45:00,LONG,116647.14,12.064223777797217,4.064223777797217,32.06422377779722,-12.225760528719398,6,TRAILING_STOP,MACD Divergence
2025-08-09 21:45:00,2025-08-09 22:00:00,2025-08-09 23:00:00,LONG,116524.09,-1.275116587479694,-9.275116587479694,18.724883412520306,-2.067383662897218,4,TRAILING_STOP,MACD Divergence
2025-08-10 02:15:00,2025-08-10 02:30:00,2025-08-10 05:00:00,SHORT,116794.25,-126.15860797941735,-134.15860797941735,0.0,-166.74793493686582,10,TIME_EXIT,MACD Divergence
2025-08-10 09:45:00,2025-08-10 10:00:00,2025-08-10 11:30:00,SHORT,118293.09,-0.15125735577652932,-8.15125735577653,29.84874264422347,-13.78863296241569,6,TRAILING_STOP,MACD Divergence
2025-08-10 12:45:00,2025-08-10 13:00:00,2025-08-10 14:15:00,SHORT,118514.0,-12.619774878917603,-20.619774878917603,17.380225121082397,-25.650977943534095,5,TRAILING_STOP,MACD Divergence
2025-08-10 19:00:00,2025-08-10 19:15:00,2025-08-10 20:00:00,LONG,118648.1,-14.42216099541476,-22.42216099541476,5.577839004585241,-33.116417372044964,3,TRAILING_STOP,MACD Divergence
2025-08-10 23:00:00,2025-08-10 23:15:00,2025-08-11 01:45:00,SHORT,118952.24,-87.07360197672568,-95.07360197672568,0.0,-87.99834286432898,10,TIME_EXIT,MACD Divergence
2025-08-11 01:45:00,2025-08-11 02:00:00,2025-08-11 04:30:00,SHORT,119988.0,-141.2249558289161,-149.2249558289161,0.0,-181.35730239690693,10,TIME_EXIT,MACD Divergence
2025-08-11 04:45:00,2025-08-11 05:00:00,2025-08-11 06:30:00,SHORT,122080.0,-8.967889908257309,-16.96788990825731,21.03211009174269,-18.350262123198235,6,TRAILING_STOP,MACD Divergence
2025-08-11 09:30:00,2025-08-11 09:45:00,2025-08-11 10:30:00,LONG,121447.42,-19.37421478364828,-27.37421478364828,0.62578521635172,-27.139316751232037,3,TRAILING_STOP,MACD Divergence
2025-08-11 13:00:00,2025-08-11 13:15:00,2025-08-11 13:45:00,LONG,119523.48,47.38843279998183,39.38843279998183,67.38843279998183,-2.2991298446126174,2,TRAILING_STOP,MACD Divergence
2025-08-11 17:45:00,2025-08-11 18:00:00,2025-08-11 18:30:00,LONG,119500.01,10.978240085503117,2.978240085503117,30.978240085503117,-5.618409571681159,2,TRAILING_STOP,MACD Divergence
2025-08-11 21:30:00,2025-08-11 21:45:00,2025-08-12 00:15:00,LONG,118710.37,14.864750232014812,6.864750232014812,23.645785957874754,-36.193973618310594,10,TIME_EXIT,MACD Divergence
2025-08-12 01:45:00,2025-08-12 02:00:00,2025-08-12 04:30:00,SHORT,118977.09,-8.650404880468857,-16.650404880468855,19.165874707475098,-25.077937273470873,10,TIME_EXIT,MACD Divergence
2025-08-12 04:45:00,2025-08-12 05:00:00,2025-08-12 05:45:00,SHORT,119067.97,24.012006755469216,16.012006755469216,54.012006755469216,0.0,3,TRAILING_STOP,MACD Divergence
2025-08-12 07:30:00,2025-08-12 07:45:00,2025-08-12 10:15:00,SHORT,119009.99,40.28233260081853,32.28233260081853,67.43299449063092,-4.070246539806261,10,TIME_EXIT,MACD Divergence
2025-08-12 10:15:00,2025-08-12 10:30:00,2025-08-12 11:00:00,LONG,118530.58,-12.585879525772619,-20.58587952577262,7.414120474227381,-23.671528478136338,2,TRAILING_STOP,MACD Divergence
2025-08-12 13:30:00,2025-08-12 13:45:00,2025-08-12 16:15:00,SHORT,118742.52,-82.23339036429341,-90.23339036429341,0.0,-122.07758433962844,10,TIME_EXIT,MACD Divergence
2025-08-12 18:15:00,2025-08-12 18:30:00,2025-08-12 19:15:00,SHORT,119776.0,12.495992519369494,4.495992519369494,42.495992519369494,-8.151048624098706,3,TRAILING_STOP,MACD Divergence
2025-08-12 23:15:00,2025-08-12 23:30:00,2025-08-13 02:00:00,SHORT,120196.04,80.3712002491928,72.3712002491928,80.37203222335724,-8.648371443852197,10,TIME_EXIT,MACD Divergence
2025-08-13 02:15:00,2025-08-13 02:30:00,2025-08-13 03:00:00,LONG,119279.99,17.726361311733847,9.726361311733847,37.72636131173385,0.0,2,TRAILING_STOP,MACD Divergence
2025-08-13 05:30:00,2025-08-13 05:45:00,2025-08-13 08:15:00,LONG,119179.99,53.733852469696814,45.733852469696814,57.93086574348582,-18.795101426002805,10,TIME_EXIT,MACD Divergence
2025-08-13 09:15:00,2025-08-13 09:30:00,2025-08-13 12:00:00,SHORT,119854.11,-51.13049523291211,-59.13049523291211,0.0,-73.3249781755504,10,TIME_EXIT,MACD Divergence
2025-08-13 12:00:00,2025-08-13 12:15:00,2025-08-13 13:15:00,SHORT,120466.93,-8.63148002526517,-16.63148002526517,21.36851997473483,-25.029275669264926,4,TRAILING_STOP,MACD Divergence
2025-08-13 19:15:00,2025-08-13 19:30:00,2025-08-13 22:00:00,SHORT,122358.0,-25.112702070971828,-33.11270207097183,4.887297929028172,-52.468984455450396,10,TRAILING_STOP,MACD Divergence
2025-08-13 22:00:00,2025-08-13 22:15:00,2025-08-13 22:30:00,SHORT,122970.86,-25.101278465483183,-33.10127846548318,4.898721534516815,-49.89393422148978,1,TRAILING_STOP,MACD Divergence
2025-08-14 04:15:00,2025-08-14 04:30:00,2025-08-14 07:00:00,LONG,123314.19,-132.71789726713573,-140.71789726713573,0.0,-162.21409717729986,10,TIME_EXIT,MACD Divergence
2025-08-14 10:30:00,2025-08-14 10:45:00,2025-08-14 12:30:00,LONG,121149.99,-17.270325816783604,-25.270325816783604,2.729674183216394,-290.38302025448,7,TRAILING_STOP,MACD Divergence
2025-08-14 16:00:00,2025-08-14 16:15:00,2025-08-14 17:00:00,LONG,117646.41,9.974565309727634,1.9745653097276339,29.974565309727634,-20.342312187852308,3,TRAILING_STOP,MACD Divergence
2025-08-14 23:15:00,2025-08-14 23:30:00,2025-08-15 01:15:00,SHORT,118511.72,10.45169541037749,2.4516954103774893,40.45169541037749,-0.36114571622104846,7,TRAILING_STOP,MACD Divergence
2025-08-15 02:00:00,2025-08-15 02:15:00,2025-08-15 03:15:00,SHORT,118700.54,-21.901469024488843,-29.901469024488843,8.098530975511157,-25.22819188522701,4,TRAILING_STOP,MACD Divergence
2025-08-15 06:00:00,2025-08-15 06:15:00,2025-08-15 08:30:00,SHORT,118913.82,-16.963668310377713,-24.963668310377713,13.036331689622287,-25.48063799481002,9,TRAILING_STOP,MACD Divergence
2025-08-15 08:45:00,2025-08-15 09:00:00,2025-08-15 10:15:00,SHORT,118878.72,-6.554256304240056,-14.554256304240056,23.445743695759944,-12.433680308805283,5,TRAILING_STOP,MACD Divergence
2025-08-15 11:45:00,2025-08-15 12:00:00,2025-08-15 14:00:00,SHORT,119006.01,84.4143896598156,76.4143896598156,114.4143896598156,-10.483504152438126,8,TRAILING_STOP,MACD Divergence
2025-08-15 14:30:00,2025-08-15 14:45:00,2025-08-15 17:15:00,LONG,117747.9,-17.02450744344416,-25.02450744344416,0.0,-80.16363773791201,10,TIME_EXIT,MACD Divergence
2025-08-15 19:45:00,2025-08-15 20:00:00,2025-08-15 21:00:00,LONG,116936.28,15.379952226973629,7.379952226973629,35.37995222697363,0.0,4,TRAILING_STOP,MACD Divergence
2025-08-15 23:00:00,2025-08-15 23:15:00,2025-08-16 00:00:00,SHORT,117326.03,-9.711237139789556,-17.711237139789556,20.288762860210444,-14.098320722179341,3,TRAILING_STOP,MACD Divergence
2025-08-16 01:45:00,2025-08-16 02:00:00,2025-08-16 04:15:00,SHORT,117821.61,6.6698435032421415,-1.3301564967578585,36.66984350324214,-0.2529247393577397,9,TRAILING_STOP,MACD Divergence
2025-08-16 04:30:00,2025-08-16 04:45:00,2025-08-16 07:15:00,SHORT,117726.94,17.710474764739487,9.710474764739487,38.13400739032224,-10.644122747095752,10,TIME_EXIT,MACD Divergence
2025-08-16 07:15:00,2025-08-16 07:30:00,2025-08-16 09:45:00,LONG,117518.45,-4.217797290553001,-12.217797290553001,15.782202709446999,-18.078012431239273,9,TRAILING_STOP,MACD Divergence
2025-08-16 10:00:00,2025-08-16 10:15:00,2025-08-16 12:45:00,LONG,117309.86,37.29439281574456,29.29439281574456,37.29439281574456,-6.520338529089135,10,TIME_EXIT,MACD Divergence
2025-08-16 13:30:00,2025-08-16 13:45:00,2025-08-16 16:15:00,SHORT,117662.89,-11.640883544505932,-19.640883544505932,9.59435893508985,-13.777496031246605,10,TIME_EXIT,MACD Divergence
2025-08-16 16:15:00,2025-08-16 16:30:00,2025-08-16 19:00:00,SHORT,117799.86,10.854851610179786,2.854851610179786,14.424465360145442,0.0,10,TIME_EXIT,MACD Divergence
2025-08-16 19:15:00,2025-08-16 19:30:00,2025-08-16 21:30:00,LONG,117698.19,-15.135864026456142,-23.13586402645614,4.864135973543858,-22.50331971970007,8,TRAILING_STOP,MACD Divergence
2025-08-16 23:15:00,2025-08-16 23:30:00,2025-08-17 02:00:00,LONG,117287.32,10.282441443797271,2.2824414437972713,18.047986772994133,-9.814360154192334,10,TIME_EXIT,MACD Divergence
2025-08-17 03:00:00,2025-08-17 03:15:00,2025-08-17 04:45:00,SHORT,117562.0,-29.123015940525196,-37.12301594052519,0.8769840594748023,-53.187254384920195,6,TRAILING_STOP,MACD Divergence
2025-08-17 06:15:00,2025-08-17 06:30:00,2025-08-17 08:45:00,SHORT,118087.94,-9.320496233569909,-17.32049623356991,20.67950376643009,-26.42522174576023,9,TRAILING_STOP,MACD Divergence
2025-08-17 09:00:00,2025-08-17 09:15:00,2025-08-17 11:45:00,SHORT,118294.56,-1.1369922674379185,-9.136992267437918,8.838952526641773,-8.35118707064874,10,TIME_EXIT,MACD Divergence
2025-08-17 13:15:00,2025-08-17 13:30:00,2025-08-17 14:15:00,LONG,118176.02,13.761502545101443,5.761502545101443,33.76150254510144,-1.3488354067096124,3,TRAILING_STOP,MACD Divergence
2025-08-17 16:00:00,2025-08-17 16:15:00,2025-08-17 16:45:00,LONG,118107.34,-19.26676868685693,-27.26676868685693,0.7332313131430691,-34.42969759542459,2,TRAILING_STOP,MACD Divergence
2025-08-17 18:45:00,2025-08-17 19:00:00,2025-08-17 19:30:00,LONG,117542.01,-2.3799167633767198,-10.37991676337672,17.62008323662328,-3.5740413151004278,2,TRAILING_STOP,MACD Divergence
2025-08-17 23:00:00,2025-08-17 23:15:00,2025-08-18 01:45:00,SHORT,117779.55,128.2064670819348,120.20646708193479,136.9949197462551,0.0,10,TIME_EXIT,MACD Divergence
2025-08-18 02:30:00,2025-08-18 02:45:00,2025-08-18 05:15:00,LONG,115896.15,-27.70928973913279,-35.709289739132785,0.0,-77.32353490603391,10,TIME_EXIT,MACD Divergence
2025-08-18 05:45:00,2025-08-18 06:00:00,2025-08-18 08:30:00,LONG,115687.99,-35.6735388003553,-43.6735388003553,0.0,-69.95367453440922,10,TIME_EXIT,MACD Divergence
2025-08-18 09:00:00,2025-08-18 09:15:00,2025-08-18 10:15:00,LONG,114919.99,9.733730397992296,1.7337303979922964,29.733730397992296,-24.3517250567117,4,TRAILING_STOP,MACD Divergence
2025-08-18 12:30:00,2025-08-18 12:45:00,2025-08-18 14:00:00,SHORT,115331.13,13.884942426212646,5.884942426212646,43.884942426212646,-35.15182761150341,5,TRAILING_STOP,MACD Divergence
2025-08-18 15:15:00,2025-08-18 15:30:00,2025-08-18 18:00:00,SHORT,115634.27,-62.84469128399367,-70.84469128399367,0.0,-100.81180950941237,10,TIME_EXIT,MACD Divergence
2025-08-18 22:00:00,2025-08-18 22:15:00,2025-08-19 00:30:00,SHORT,116889.66,87.44751417704495,79.44751417704495,117.44751417704495,-4.410142009139466,9,TRAILING_STOP,MACD Divergence
2025-08-19 03:00:00,2025-08-19 03:15:00,2025-08-19 05:45:00,LONG,115616.21,-55.64185160541175,-63.64185160541175,0.0,-108.13449082961691,10,TIME_EXIT,MACD Divergence
2025-08-19 09:45:00,2025-08-19 10:00:00,2025-08-19 12:30:00,SHORT,115322.69,-16.0748938478633,-24.0748938478633,0.0,-28.382098960750714,10,TIME_EXIT,MACD Divergence
2025-08-19 12:30:00,2025-08-19 12:45:00,2025-08-19 15:15:00,SHORT,115508.08,136.25676749193724,128.25676749193724,166.25676749193724,-31.83846532640788,10,TRAILING_STOP,MACD Divergence
2025-08-19 15:15:00,2025-08-19 15:30:00,2025-08-19 15:45:00,LONG,114076.83,-17.463989839129205,-25.463989839129205,2.5360101608707932,-30.102519503742236,1,TRAILING_STOP,MACD Divergence
2025-08-19 18:30:00,2025-08-19 18:45:00,2025-08-19 19:00:00,LONG,113014.62,-15.134257850886438,-23.13425785088644,4.865742149113561,-18.81349510355345,1,TRAILING_STOP,MACD Divergence
2025-08-19 21:30:00,2025-08-19 21:45:00,2025-08-20 00:15:00,SHORT,113501.92,44.758714213821584,36.758714213821584,67.7821132893608,0.0,10,TIME_EXIT,MACD Divergence
2025-08-20 01:30:00,2025-08-20 01:45:00,2025-08-20 04:15:00,LONG,112698.0,81.62877779552453,73.62877779552453,85.95183587996269,0.0,10,TIME_EXIT,MACD Divergence
2025-08-20 04:15:00,2025-08-20 04:30:00,2025-08-20 07:00:00,SHORT,113617.95,-9.231815923452185,-17.231815923452185,13.548035323643228,-13.15725200111472,10,TIME_EXIT,MACD Divergence
2025-08-20 07:00:00,2025-08-20 07:15:00,2025-08-20 08:15:00,SHORT,113722.84,-1.6996163655430578,-9.699616365543058,28.300383634456942,-12.59377623703393,4,TRAILING_STOP,MACD Divergence
2025-08-20 09:45:00,2025-08-20 10:00:00,2025-08-20 11:45:00,SHORT,113699.98,26.279693276990386,18.279693276990386,56.279693276990386,-14.909413352579666,7,TRAILING_STOP,MACD Divergence
2025-08-20 13:30:00,2025-08-20 13:45:00,2025-08-20 14:30:00,LONG,113138.0,42.40078488217975,34.40078488217975,62.40078488217975,-66.99782566423306,3,TRAILING_STOP,MACD Divergence
2025-08-20 16:15:00,2025-08-20 16:30:00,2025-08-20 17:30:00,SHORT,114267.28,13.364994773657351,5.364994773657351,43.36499477365735,0.0,4,TRAILING_STOP,MACD Divergence
2025-08-20 19:45:00,2025-08-20 20:00:00,2025-08-20 20:45:00,SHORT,114276.66,-5.790331989051527,-13.790331989051527,24.209668010948473,-8.62905863717058,3,TRAILING_STOP,MACD Divergence
2025-08-20 22:30:00,2025-08-20 22:45:00,2025-08-21 00:30:00,SHORT,114519.61,14.42383273921429,6.423832739214291,44.42383273921429,-7.785566157621694,7,TRAILING_STOP,MACD Divergence
2025-08-21 01:15:00,2025-08-21 01:30:00,2025-08-21 02:00:00,LONG,114121.84,41.330942438362214,33.330942438362214,61.330942438362214,0.0,2,TRAILING_STOP,MACD Divergence
2025-08-21 04:00:00,2025-08-21 04:15:00,2025-08-21 04:45:00,LONG,113903.43,-8.550827661642542,-16.550827661642543,11.449172338357458,-9.080499156170541,2,TRAILING_STOP,MACD Divergence
2025-08-21 07:00:00,2025-08-21 07:15:00,2025-08-21 08:15:00,LONG,113656.01,9.38603950640228,1.3860395064022804,29.38603950640228,0.0,4,TRAILING_STOP,MACD Divergence
2025-08-21 09:45:00,2025-08-21 10:00:00,2025-08-21 11:45:00,LONG,113376.85,-5.392079600024578,-13.392079600024578,14.607920399975422,-33.23870790201049,7,TRAILING_STOP,MACD Divergence
2025-08-21 12:45:00,2025-08-21 13:00:00,2025-08-21 13:45:00,LONG,113095.3,34.66717007691697,26.667170076916968,54.66717007691697,0.0,3,TRAILING_STOP,MACD Divergence
2025-08-21 17:30:00,2025-08-21 17:45:00,2025-08-21 18:30:00,LONG,112441.83,-4.5689099866131,-12.5689099866131,15.4310900133869,-17.832331615377903,3,TRAILING_STOP,MACD Divergence
2025-08-21 20:30:00,2025-08-21 20:45:00,2025-08-21 21:30:00,LONG,112359.99,13.332149637961834,5.332149637961834,33.332149637961834,-23.139019503295188,3,TRAILING_STOP,MACD Divergence
2025-08-22 00:15:00,2025-08-22 00:30:00,2025-08-22 01:15:00,SHORT,112654.93,-1.6541477590028926,-9.654147759002893,28.345852240997107,-11.166843741326094,3,TRAILING_STOP,MACD Divergence
2025-08-22 03:00:00,2025-08-22 03:15:00,2025-08-22 05:30:00,SHORT,113360.01,27.445301919080386,19.445301919080386,57.445301919080386,0.0,9,TRAILING_STOP,MACD Divergence
2025-08-22 08:15:00,2025-08-22 08:30:00,2025-08-22 11:00:00,SHORT,113245.68,82.27068794147318,74.27068794147318,83.50693818960626,0.0,10,TIME_EXIT,MACD Divergence
2025-08-22 11:45:00,2025-08-22 12:00:00,2025-08-22 12:45:00,LONG,112320.01,15.071221948787063,7.071221948787063,35.07122194878706,-56.554482144366006,3,TRAILING_STOP,MACD Divergence
2025-08-22 15:30:00,2025-08-22 15:45:00,2025-08-22 17:00:00,SHORT,116949.62,41.28026581018351,33.28026581018351,71.28026581018351,0.0,5,TRAILING_STOP,MACD Divergence
2025-08-22 18:15:00,2025-08-22 18:30:00,2025-08-22 20:15:00,SHORT,116885.28,1.2511549786250988,-6.748845021374901,31.2511549786251,-20.717749916841836,7,TRAILING_STOP,MACD Divergence
2025-08-22 22:15:00,2025-08-22 22:30:00,2025-08-23 00:00:00,LONG,116625.6,10.386981931925703,2.3869819319257033,30.386981931925703,0.0,6,TRAILING_STOP,MACD Divergence
2025-08-23 01:15:00,2025-08-23 01:30:00,2025-08-23 04:00:00,LONG,116573.94,-68.99912621980572,-76.99912621980572,0.0,-95.71092818858187,10,TIME_EXIT,MACD Divergence
2025-08-23 04:00:00,2025-08-23 04:15:00,2025-08-23 06:15:00,LONG,115769.58,2.885977473529497,-5.114022526470503,22.885977473529497,-4.2835086730034355,8,TRAILING_STOP,MACD Divergence
2025-08-23 09:00:00,2025-08-23 09:15:00,2025-08-23 11:15:00,LONG,115656.0,-9.227536833368221,-17.22753683336822,10.772463166631779,-12.132530953863784,8,TRAILING_STOP,MACD Divergence
2025-08-23 12:00:00,2025-08-23 12:15:00,2025-08-23 12:45:00,LONG,115415.64,-14.394173961172239,-22.39417396117224,5.605826038827762,-20.808271738561906,2,TRAILING_STOP,MACD Divergence
2025-08-23 14:45:00,2025-08-23 15:00:00,2025-08-23 16:00:00,LONG,114621.48,10.133095472157525,2.1330954721575246,30.133095472157525,0.0,4,TRAILING_STOP,MACD Divergence
2025-08-23 18:15:00,2025-08-23 18:30:00,2025-08-23 21:00:00,SHORT,115073.38,-2.6609108031757946,-10.660910803175796,1.9170376328563279,-21.93730643872652,10,TIME_EXIT,MACD Divergence
2025-08-23 21:00:00,2025-08-23 21:15:00,2025-08-23 23:45:00,SHORT,115104.0,-21.1280233527944,-29.1280233527944,8.8719766472056,-30.417709202112466,10,TRAILING_STOP,MACD Divergence
2025-08-23 23:45:00,2025-08-24 00:00:00,2025-08-24 02:00:00,SHORT,115438.06,-9.03117914490267,-17.03117914490267,20.96882085509733,-19.804560125143766,8,TRAILING_STOP,MACD Divergence
2025-08-24 03:45:00,2025-08-24 04:00:00,2025-08-24 05:30:00,LONG,115036.01,1.4889233380062166,-6.511076661993783,21.488923338006217,-9.158871209111007,6,TRAILING_STOP,MACD Divergence
2025-08-24 06:30:00,2025-08-24 06:45:00,2025-08-24 07:45:00,LONG,115013.89,-10.351600141513241,-18.35160014151324,9.648399858486759,-13.759207692218741,4,TRAILING_STOP,MACD Divergence
2025-08-24 09:15:00,2025-08-24 09:30:00,2025-08-24 10:15:00,LONG,114831.64,-3.875524202214347,-11.875524202214347,16.124475797785653,-12.592348241304036,3,TRAILING_STOP,MACD Divergence
2025-08-24 12:00:00,2025-08-24 12:15:00,2025-08-24 13:45:00,LONG,114800.0,-13.953832752612936,-21.953832752612936,6.046167247387064,-21.34146341463415,6,TRAILING_STOP,MACD Divergence
2025-08-24 14:45:00,2025-08-24 15:00:00,2025-08-24 15:45:00,LONG,114514.05,2.637396895839064,-5.362603104160936,22.637396895839064,-9.959476588244229,3,TRAILING_STOP,MACD Divergence
2025-08-24 17:30:00,2025-08-24 17:45:00,2025-08-24 18:45:00,LONG,114536.33,13.244473609378268,5.244473609378268,33.24447360937827,-20.527111354100533,4,TRAILING_STOP,MACD Divergence
2025-08-25 02:15:00,2025-08-25 02:30:00,2025-08-25 05:00:00,SHORT,113429.81,76.52397548757199,68.52397548757199,79.21286300312015,-20.935413715318855,10,TIME_EXIT,MACD Divergence
2025-08-25 06:15:00,2025-08-25 06:30:00,2025-08-25 09:00:00,LONG,112249.74,-76.41443089311387,-84.41443089311387,0.0,-112.11250912474331,10,TIME_EXIT,MACD Divergence
2025-08-25 10:15:00,2025-08-25 10:30:00,2025-08-25 10:45:00,LONG,111224.94,-18.651381605600328,-26.651381605600328,1.3486183943996732,-25.672299755792913,1,TRAILING_STOP,MACD Divergence
2025-08-25 13:30:00,2025-08-25 13:45:00,2025-08-25 14:15:00,LONG,110832.0,103.43005630142919,95.43005630142919,123.43005630142919,0.0,2,TRAILING_STOP,MACD Divergence
2025-08-25 16:15:00,2025-08-25 16:30:00,2025-08-25 17:00:00,SHORT,112635.41,12.296645433261482,4.296645433261482,42.29664543326148,-14.358717209800712,2,TRAILING_STOP,MACD Divergence
2025-08-25 21:15:00,2025-08-25 21:30:00,2025-08-25 21:45:00,LONG,109513.41,50.04530312771709,42.04530312771709,70.04530312771709,0.0,1,TRAILING_STOP,MACD Divergence
2025-08-26 00:30:00,2025-08-26 00:45:00,2025-08-26 01:00:00,LONG,109218.28,21.359376836917882,13.359376836917882,41.35937683691788,-50.50619731422207,1,TRAILING_STOP,MACD Divergence
2025-08-26 04:30:00,2025-08-26 04:45:00,2025-08-26 07:15:00,SHORT,110033.94,5.280189003502539,-2.7198109964974613,24.357030203590757,-31.048601913191458,10,TIME_EXIT,MACD Divergence
2025-08-26 07:30:00,2025-08-26 07:45:00,2025-08-26 09:15:00,SHORT,110309.61,-1.9326357875800149,-9.932635787580015,28.067364212419985,-13.19196033781681,6,TRAILING_STOP,MACD Divergence
2025-08-26 11:45:00,2025-08-26 12:00:00,2025-08-26 12:30:00,LONG,109876.53,65.73896536412344,57.738965364123445,85.73896536412344,-24.07520514162568,2,TRAILING_STOP,MACD Divergence
2025-08-26 16:00:00,2025-08-26 16:15:00,2025-08-26 17:00:00,LONG,109509.45,43.577161605687536,35.577161605687536,63.577161605687536,0.0,3,TRAILING_STOP,MACD Divergence
2025-08-26 19:30:00,2025-08-26 19:45:00,2025-08-26 22:15:00,SHORT,110834.18,-72.91162347210947,-80.91162347210947,0.0,-100.28585044794028,10,TIME_EXIT,MACD Divergence
2025-08-26 22:15:00,2025-08-26 22:30:00,2025-08-26 23:00:00,SHORT,111642.28,-24.044371003529733,-32.04437100352973,5.955628996470266,-65.27276225458681,2,TRAILING_STOP,MACD Divergence
2025-08-27 01:45:00,2025-08-27 02:00:00,2025-08-27 02:45:00,LONG,111299.48,-3.78069690891601,-11.78069690891601,16.21930309108399,-17.43314524021126,3,TRAILING_STOP,MACD Divergence
2025-08-27 06:45:00,2025-08-27 07:00:00,2025-08-27 09:30:00,LONG,111040.1,-12.044297510539458,-20.044297510539458,7.674704903904189,-62.56118285196136,10,TIME_EXIT,MACD Divergence
2025-08-27 12:00:00,2025-08-27 12:15:00,2025-08-27 13:30:00,SHORT,111324.0,-2.6042901800154574,-10.604290180015457,27.395709819984543,-45.752039093097785,5,TRAILING_STOP,MACD Divergence
2025-08-27 18:00:00,2025-08-27 18:15:00,2025-08-27 19:15:00,SHORT,112477.14,50.09627556319391,42.09627556319391,80.09627556319391,-0.2676099338936571,4,TRAILING_STOP,MACD Divergence
2025-08-28 00:15:00,2025-08-28 00:30:00,2025-08-28 02:30:00,LONG,111138.5,36.06338037673729,28.063380376737292,56.06338037673729,0.0,8,TRAILING_STOP,MACD Divergence
2025-08-28 06:30:00,2025-08-28 06:45:00,2025-08-28 09:15:00,SHORT,113051.02,5.885838093279314,-2.1141619067206863,12.547432124009658,-27.331022754150816,10,TIME_EXIT,MACD Divergence
2025-08-28 11:15:00,2025-08-28 11:30:00,2025-08-28 13:15:00,LONG,112945.27,27.866546336999335,19.866546336999335,47.866546336999335,-14.484006280210853,7,TRAILING_STOP,MACD Divergence
2025-08-28 14:15:00,2025-08-28 14:30:00,2025-08-28 15:00:00,LONG,112634.66,39.0706271053685,31.0706271053685,59.0706271053685,0.0,2,TRAILING_STOP,MACD Divergence
2025-08-28 17:15:00,2025-08-28 17:30:00,2025-08-28 17:45:00,LONG,112523.23,-11.855903887579531,-19.85590388757953,8.144096112420469,-14.950690626281872,1,TRAILING_STOP,MACD Divergence
2025-08-28 20:00:00,2025-08-28 20:15:00,2025-08-28 21:30:00,LONG,111994.41,-7.567236614756872,-15.567236614756872,12.432763385243128,-8.429885027297656,5,TRAILING_STOP,MACD Divergence
2025-08-29 00:00:00,2025-08-29 00:15:00,2025-08-29 02:45:00,SHORT,112428.76,89.72615192055831,81.72615192055831,94.94100975586575,-15.932755995886165,10,TIME_EXIT,MACD Divergence
2025-08-29 02:45:00,2025-08-29 03:00:00,2025-08-29 04:30:00,LONG,111419.98,18.64477448299683,10.64477448299683,38.64477448299683,0.0,6,TRAILING_STOP,MACD Divergence
2025-08-29 05:30:00,2025-08-29 05:45:00,2025-08-29 06:00:00,LONG,111180.0,-0.11692750494714232,-8.116927504947142,19.883072495052858,-5.126821370750135,1,TRAILING_STOP,MACD Divergence
2025-08-29 08:15:00,2025-08-29 08:30:00,2025-08-29 11:00:00,LONG,110030.01,8.724892417986693,0.7248924179866929,11.989456331049889,-55.969276018424594,10,TIME_EXIT,MACD Divergence
2025-08-29 13:45:00,2025-08-29 14:00:00,2025-08-29 16:30:00,LONG,109106.14,-32.42164006535336,-40.42164006535336,0.0,-91.94166341142666,10,TIME_EXIT,MACD Divergence
2025-08-29 17:15:00,2025-08-29 17:30:00,2025-08-29 18:00:00,LONG,108398.21,-2.615949101005654,-10.615949101005654,17.384050898994346,-9.516762315540403,2,TRAILING_STOP,MACD Divergence
2025-08-29 20:00:00,2025-08-29 20:15:00,2025-08-29 20:30:00,LONG,107874.0,-11.28613011476352,-19.28613011476352,8.71386988523648,-23.2678866084506,1,TRAILING_STOP,MACD Divergence
2025-08-30 04:00:00,2025-08-30 04:15:00,2025-08-30 06:45:00,SHORT,108469.81,13.81121622689278,5.81121622689278,31.392144966419206,-16.052392827091275,10,TIME_EXIT,MACD Divergence
2025-08-30 08:00:00,2025-08-30 08:15:00,2025-08-30 10:45:00,SHORT,108642.0,19.882734117559945,11.882734117559945,22.27499493750115,-7.847793670955501,10,TIME_EXIT,MACD Divergence
2025-08-30 11:45:00,2025-08-30 12:00:00,2025-08-30 13:45:00,SHORT,108680.01,15.039561553223152,7.039561553223152,45.03956155322315,0.0,7,TRAILING_STOP,MACD Divergence
2025-08-30 14:30:00,2025-08-30 14:45:00,2025-08-30 15:30:00,SHORT,108622.9,-23.38813454621517,-31.38813454621517,6.611865453784832,-27.9176858655035,3,TRAILING_STOP,MACD Divergence
2025-08-30 17:15:00,2025-08-30 17:30:00,2025-08-30 20:00:00,SHORT,108838.34,9.885303285588195,1.8853032855881953,19.559283980258254,-5.665283024346337,10,TIME_EXIT,MACD Divergence
2025-08-30 20:00:00,2025-08-30 20:15:00,2025-08-30 22:00:00,LONG,108730.75,-16.085743913290614,-24.085743913290614,3.914256086709387,-24.094379924721935,7,TRAILING_STOP,MACD Divergence
2025-08-30 22:45:00,2025-08-30 23:00:00,2025-08-31 01:00:00,LONG,108531.13,61.00440859686931,53.00440859686931,81.00440859686931,0.0,8,TRAILING_STOP,MACD Divergence
2025-08-31 01:30:00,2025-08-31 01:45:00,2025-08-31 04:15:00,SHORT,109334.92,45.815188779577305,37.815188779577305,46.37127827047389,-9.568763575259885,10,TIME_EXIT,MACD Divergence
2025-08-31 05:30:00,2025-08-31 05:45:00,2025-08-31 08:15:00,LONG,108735.64,14.899438675304136,6.899438675304136,17.193074874070458,-19.510622276191523,10,TIME_EXIT,MACD Divergence
2025-08-31 09:15:00,2025-08-31 09:30:00,2025-08-31 12:00:00,SHORT,108900.0,52.31588613406806,44.31588613406806,54.80165289256139,0.0,10,TIME_EXIT,MACD Divergence
2025-08-31 12:00:00,2025-08-31 12:15:00,2025-08-31 13:00:00,LONG,108330.27,-5.6125162431515605,-13.61251624315156,14.38748375684844,-12.829285849653147,3,TRAILING_STOP,MACD Divergence
2025-08-31 16:15:00,2025-08-31 16:30:00,2025-08-31 19:00:00,SHORT,108698.5,-27.737273283439976,-35.737273283439976,0.0,-49.58762080433445,10,TIME_EXIT,MACD Divergence
2025-08-31 19:00:00,2025-08-31 19:15:00,2025-08-31 21:45:00,SHORT,109000.0,-3.4211009174306053,-11.421100917430605,11.009174311926607,-10.825688073394495,10,TIME_EXIT,MACD Divergence
2025-08-31 22:00:00,2025-08-31 22:15:00,2025-08-31 22:30:00,LONG,109070.8,-9.845128118617012,-17.845128118617012,10.154871881382988,-20.417013536162045,1,TRAILING_STOP,MACD Divergence
2025-09-01 02:15:00,2025-09-01 02:30:00,2025-09-01 03:00:00,LONG,107688.19,-12.408638310291964,-20.408638310291963,7.591361689708036,-24.40100441840503,2,TRAILING_STOP,MACD Divergence
2025-09-01 05:00:00,2025-09-01 05:15:00,2025-09-01 07:45:00,LONG,107356.0,193.46752859644596,185.46752859644596,193.46752859644596,0.0,10,TIME_EXIT,MACD Divergence
2025-09-01 09:00:00,2025-09-01 09:15:00,2025-09-01 10:45:00,SHORT,109799.99,116.95629753700356,108.95629753700356,146.95629753700356,-10.237705850427576,6,TRAILING_STOP,MACD Divergence
2025-09-01 15:45:00,2025-09-01 16:00:00,2025-09-01 16:45:00,LONG,108784.33,8.650266081520957,0.6502660815209573,28.650266081520957,-7.2004855846427285,3,TRAILING_STOP,MACD Divergence
2025-09-01 19:15:00,2025-09-01 19:30:00,2025-09-01 20:45:00,SHORT,109174.53,51.56939168870237,43.56939168870237,81.56939168870237,-8.56060474911194,5,TRAILING_STOP,MACD Divergence
2025-09-02 00:15:00,2025-09-02 00:30:00,2025-09-02 01:30:00,SHORT,109030.16,-16.57619139511484,-24.57619139511484,13.42380860488516,-46.8512565697411,4,TRAILING_STOP,MACD Divergence
2025-09-02 03:15:00,2025-09-02 03:30:00,2025-09-02 06:00:00,SHORT,110160.04,-18.150864868968064,-26.150864868968064,10.442080449498642,-30.860555243081468,10,TIME_EXIT,MACD Divergence
2025-09-02 06:30:00,2025-09-02 06:45:00,2025-09-02 08:30:00,SHORT,110424.03,8.400156197885444,0.400156197885444,38.400156197885444,-11.910451013244497,7,TRAILING_STOP,MACD Divergence
2025-09-02 09:15:00,2025-09-02 09:30:00,2025-09-02 12:00:00,SHORT,110322.28,82.74937755093563,74.74937755093563,86.09684281361811,-14.101412697417693,10,TIME_EXIT,MACD Divergence
2025-09-02 18:45:00,2025-09-02 19:00:00,2025-09-02 21:15:00,LONG,110646.47,60.59000888143987,52.59000888143987,80.59000888143987,-18.53199654720145,9,TRAILING_STOP,MACD Divergence
2025-09-02 21:30:00,2025-09-02 21:45:00,2025-09-02 22:45:00,SHORT,111360.86,14.054077886970028,6.054077886970028,44.05407788697003,0.0,4,TRAILING_STOP,MACD Divergence
2025-09-03 00:15:00,2025-09-03 00:30:00,2025-09-03 02:15:00,SHORT,111647.99,36.90044308007762,28.900443080077622,66.90044308007762,0.0,7,TRAILING_STOP,MACD Divergence
2025-09-03 03:15:00,2025-09-03 03:30:00,2025-09-03 04:00:00,LONG,111059.27,-11.651304749256756,-19.651304749256756,8.348695250743244,-12.76975798598415,2,TRAILING_STOP,MACD Divergence
2025-09-03 06:00:00,2025-09-03 06:15:00,2025-09-03 08:45:00,LONG,110700.01,32.34597539783431,24.34597539783431,52.34597539783431,-15.47425334469151,10,TRAILING_STOP,MACD Divergence
2025-09-03 09:15:00,2025-09-03 09:30:00,2025-09-03 12:00:00,SHORT,111134.54,-29.86380291851655,-37.863802918516555,0.0,-51.60051951445577,10,TIME_EXIT,MACD Divergence
2025-09-03 12:00:00,2025-09-03 12:15:00,2025-09-03 13:30:00,SHORT,111466.43,9.009054116113028,1.0090541161130275,39.00905411611303,-35.18009861803361,5,TRAILING_STOP,MACD Divergence
2025-09-03 17:00:00,2025-09-03 17:15:00,2025-09-03 19:45:00,SHORT,112380.32,23.27356248852133,15.273562488521328,53.27356248852133,-17.347343378270953,10,TRAILING_STOP,MACD Divergence
2025-09-03 21:45:00,2025-09-03 22:00:00,2025-09-03 22:30:00,LONG,111989.68,-5.684395204986121,-13.68439520498612,14.31560479501388,-10.288448006993734,2,TRAILING_STOP,MACD Divergence
2025-09-04 01:00:00,2025-09-04 01:15:00,2025-09-04 02:15:00,LONG,111704.81,7.678306780165293,-0.32169321983470667,27.678306780165293,-24.561162585568212,4,TRAILING_STOP,MACD Divergence
2025-09-04 04:00:00,2025-09-04 04:15:00,2025-09-04 06:45:00,LONG,111242.87,-76.31230657749106,-84.31230657749106,0.0,-86.5844255906021,10,TIME_EXIT,MACD Divergence
2025-09-04 06:45:00,2025-09-04 07:00:00,2025-09-04 07:30:00,LONG,110393.95,2.4867395359985984,-5.513260464001402,22.4867395359986,-4.550068187613173,2,TRAILING_STOP,MACD Divergence
2025-09-04 11:15:00,2025-09-04 11:30:00,2025-09-04 12:45:00,SHORT,110912.26,4.21894026864107,-3.78105973135893,34.21894026864107,-19.089864366663384,5,TRAILING_STOP,MACD Divergence
2025-09-04 15:30:00,2025-09-04 15:45:00,2025-09-04 16:15:00,LONG,109456.02,1.1939005273529872,-6.806099472647013,21.193900527352987,-5.116210145408174,2,TRAILING_STOP,MACD Divergence
2025-09-04 20:00:00,2025-09-04 20:15:00,2025-09-04 22:45:00,SHORT,110170.52,-119.8333274636438,-127.8333274636438,0.0,-128.72227525112885,10,TIME_EXIT,MACD Divergence
2025-09-05 04:30:00,2025-09-05 04:45:00,2025-09-05 07:15:00,SHORT,111390.1,-118.36330158604733,-126.36330158604733,0.0,-134.47335086331677,10,TIME_EXIT,MACD Divergence
2025-09-05 08:00:00,2025-09-05 08:15:00,2025-09-05 10:45:00,SHORT,112778.92,46.334900174606894,38.334900174606894,57.44867923899202,-1.7707209822545884,10,TIME_EXIT,MACD Divergence
2025-09-05 12:30:00,2025-09-05 12:45:00,2025-09-05 13:00:00,LONG,112670.01,34.033899526591235,26.033899526591235,54.033899526591235,0.0,1,TRAILING_STOP,MACD Divergence
2025-09-05 17:30:00,2025-09-05 17:45:00,2025-09-05 20:00:00,LONG,110359.68,99.61886805036048,91.61886805036048,119.61886805036048,0.0,9,TRAILING_STOP,MACD Divergence
2025-09-05 20:30:00,2025-09-05 20:45:00,2025-09-05 21:15:00,SHORT,111547.78,75.08322084043205,67.08322084043205,105.08322084043205,-13.646170277884613,2,TRAILING_STOP,MACD Divergence
2025-09-06 02:30:00,2025-09-06 02:45:00,2025-09-06 05:15:00,SHORT,110899.76,14.405802140599292,6.405802140599292,17.596070541541245,-36.784570137933784,10,TIME_EXIT,MACD Divergence
2025-09-06 06:15:00,2025-09-06 06:30:00,2025-09-06 09:00:00,LONG,110787.11,-3.672288229199278,-11.672288229199278,16.327711770800722,-6.0070165202434564,10,TRAILING_STOP,MACD Divergence
2025-09-06 09:00:00,2025-09-06 09:15:00,2025-09-06 11:45:00,LONG,110722.01,5.3295636522502905,-2.6704363477497095,13.257526665204882,-4.193384856361713,10,TIME_EXIT,MACD Divergence
2025-09-06 11:45:00,2025-09-06 12:00:00,2025-09-06 14:30:00,LONG,110781.03,8.902246169763483,0.9022461697634832,19.750673919533234,-2.0942213662390654,10,TIME_EXIT,MACD Divergence
2025-09-06 14:30:00,2025-09-06 14:45:00,2025-09-06 17:15:00,SHORT,110879.64,66.25562637108123,58.255626371081235,81.40719071598713,0.0,10,TIME_EXIT,MACD Divergence
2025-09-06 17:30:00,2025-09-06 17:45:00,2025-09-06 19:30:00,LONG,110000.01,5.967270366611732,-2.032729633388268,25.967270366611732,0.0,7,TRAILING_STOP,MACD Divergence
2025-09-06 20:15:00,2025-09-06 20:30:00,2025-09-06 23:00:00,LONG,110072.67,9.168488417696986,1.1684884176969863,15.03097907954782,0.0,10,TIME_EXIT,MACD Divergence
2025-09-06 23:15:00,2025-09-06 23:30:00,2025-09-07 01:45:00,SHORT,110263.99,-22.38282597972328,-30.38282597972328,7.617174020276723,-29.372236575149813,9,TRAILING_STOP,MACD Divergence
2025-09-07 02:00:00,2025-09-07 02:15:00,2025-09-07 04:45:00,SHORT,110529.57,-2.5504487170254775,-10.550448717025478,3.583656391678768,-18.415886355116402,10,TIME_EXIT,MACD Divergence
2025-09-07 05:00:00,2025-09-07 05:15:00,2025-09-07 07:30:00,SHORT,110649.52,-13.15220888441285,-21.15220888441285,16.84779111558715,-18.115758658509957,9,TRAILING_STOP,MACD Divergence
2025-09-07 07:45:00,2025-09-07 08:00:00,2025-09-07 10:30:00,SHORT,110753.41,-37.65482254677247,-45.65482254677247,0.0,-56.32151642102927,10,TIME_EXIT,MACD Divergence
2025-09-07 11:00:00,2025-09-07 11:15:00,2025-09-07 13:45:00,SHORT,111254.48,3.582777071089684,-4.417222928910316,19.044626337742994,-3.384133385011438,10,TIME_EXIT,MACD Divergence
2025-09-07 13:45:00,2025-09-07 14:00:00,2025-09-07 16:30:00,SHORT,111214.63,-2.7415457840385464,-10.741545784038546,13.942410274619236,-14.278696966396268,10,TIME_EXIT,MACD Divergence
2025-09-07 16:30:00,2025-09-07 16:45:00,2025-09-07 19:15:00,LONG,111245.12,-10.088532422815124,-18.088532422815124,0.0,-34.51117675993323,10,TIME_EXIT,MACD Divergence
2025-09-07 20:00:00,2025-09-07 20:15:00,2025-09-07 22:45:00,SHORT,111162.99,-7.8281449608353935,-15.828144960835393,14.531814950282296,-18.735552183329137,10,TIME_EXIT,MACD Divergence
2025-09-07 22:45:00,2025-09-07 23:00:00,2025-09-08 01:30:00,SHORT,111250.01,34.19954748768123,26.19954748768123,46.58875985718908,-31.459772453054633,10,TIME_EXIT,MACD Divergence
2025-09-08 01:30:00,2025-09-08 01:45:00,2025-09-08 03:15:00,LONG,110869.54,25.319931876690973,17.319931876690973,45.31993187669097,-22.346985475000146,6,TRAILING_STOP,MACD Divergence
2025-09-08 08:15:00,2025-09-08 08:30:00,2025-09-08 09:00:00,SHORT,111594.94,-29.652313984845133,-37.65231398484514,0.34768601515486786,-36.29734466455179,2,TRAILING_STOP,MACD Divergence
2025-09-08 11:45:00,2025-09-08 12:00:00,2025-09-08 13:00:00,SHORT,112052.43,-19.452259089786114,-27.452259089786114,10.547740910213886,-28.367970243930447,4,TRAILING_STOP,MACD Divergence
2025-09-08 14:30:00,2025-09-08 14:45:00,2025-09-08 16:15:00,SHORT,112596.36,-3.0737299145365284,-11.073729914536528,26.92627008546347,-29.13149235019629,6,TRAILING_STOP,MACD Divergence
2025-09-08 19:15:00,2025-09-08 19:30:00,2025-09-08 22:00:00,LONG,112201.18,21.639701115443074,13.639701115443074,27.765305142068325,-27.19935743991222,10,TIME_EXIT,MACD Divergence
2025-09-08 23:45:00,2025-09-09 00:00:00,2025-09-09 00:15:00,LONG,112065.23,-17.418467797727487,-25.418467797727487,2.5815322022725127,-39.640305918258136,1,TRAILING_STOP,MACD Divergence
2025-09-09 02:45:00,2025-09-09 03:00:00,2025-09-09 05:00:00,LONG,111330.72,50.08577686374471,42.08577686374471,70.08577686374471,0.0,8,TRAILING_STOP,MACD Divergence
2025-09-09 05:30:00,2025-09-09 05:45:00,2025-09-09 08:15:00,SHORT,111981.91,-98.04708635528695,-106.04708635528695,0.0,-117.1064147771716,10,TIME_EXIT,MACD Divergence
2025-09-09 12:00:00,2025-09-09 12:15:00,2025-09-09 14:00:00,LONG,112723.31,0.1103037162413294,-7.889696283758671,20.11030371624133,-63.279724486443634,7,TRAILING_STOP,MACD Divergence
2025-09-09 16:00:00,2025-09-09 16:15:00,2025-09-09 17:15:00,LONG,111115.26,-12.968562553873818,-20.968562553873817,7.031437446126182,-19.527470844238312,4,TRAILING_STOP,MACD Divergence
2025-09-09 20:45:00,2025-09-09 21:00:00,2025-09-09 23:30:00,SHORT,111530.15,-0.8831692596132813,-8.88316925961328,23.67431586884745,-12.329401511610028,10,TIME_EXIT,MACD Divergence
2025-09-10 01:45:00,2025-09-10 02:00:00,2025-09-10 04:30:00,LONG,111005.63,42.135700684730665,34.135700684730665,57.81238302958147,0.0,10,TIME_EXIT,MACD Divergence
2025-09-10 04:30:00,2025-09-10 04:45:00,2025-09-10 06:15:00,SHORT,111473.37,-20.944025465454477,-28.944025465454477,9.055974534545523,-29.301168521235578,6,TRAILING_STOP,MACD Divergence
2025-09-10 08:15:00,2025-09-10 08:30:00,2025-09-10 11:00:00,SHORT,112679.61,27.88348308979791,19.88348308979791,51.68725734851261,0.0,10,TIME_EXIT,MACD Divergence
2025-09-10 12:30:00,2025-09-10 12:45:00,2025-09-10 15:15:00,SHORT,113260.29,-53.194283715855796,-61.194283715855796,0.0,-92.9575582050877,10,TIME_EXIT,MACD Divergence
2025-09-10 18:45:00,2025-09-10 19:00:00,2025-09-10 20:45:00,LONG,113584.84,7.7466605578705305,-0.25333944212946946,27.74666055787053,-37.84043715693025,7,TRAILING_STOP,MACD Divergence
2025-09-10 22:30:00,2025-09-10 22:45:00,2025-09-11 01:00:00,SHORT,113761.12,-21.974410941102867,-29.974410941102867,8.02558905889713,-26.084482993838776,9,TRAILING_STOP,MACD Divergence
2025-09-11 01:15:00,2025-09-11 01:30:00,2025-09-11 03:15:00,SHORT,113980.01,-6.8371664469941,-14.8371664469941,23.1628335530059,-16.310754842011637,7,TRAILING_STOP,MACD Divergence
2025-09-11 04:00:00,2025-09-11 04:15:00,2025-09-11 06:30:00,SHORT,114211.88,-8.511867592058003,-16.511867592058003,21.488132407941997,-17.494677436357556,9,TRAILING_STOP,MACD Divergence
2025-09-11 06:45:00,2025-09-11 07:00:00,2025-09-11 09:30:00,SHORT,114324.65,41.343664730221256,33.343664730221256,41.343664730221256,0.0,10,TIME_EXIT,MACD Divergence
2025-09-11 09:45:00,2025-09-11 10:00:00,2025-09-11 12:30:00,LONG,113895.3,33.09262103001591,25.092621030015913,53.09262103001591,-34.707314524831396,10,TRAILING_STOP,MACD Divergence
2025-09-11 12:30:00,2025-09-11 12:45:00,2025-09-11 13:00:00,LONG,113863.86,-7.039785933834279,-15.03978593383428,12.96021406616572,-35.20520031553476,1,TRAILING_STOP,MACD Divergence
2025-09-11 15:15:00,2025-09-11 15:30:00,2025-09-11 16:15:00,SHORT,114395.23,4.882573338066074,-3.1174266619339264,34.882573338066074,-5.6313536849393335,3,TRAILING_STOP,MACD Divergence
2025-09-11 18:00:00,2025-09-11 18:15:00,2025-09-11 20:45:00,SHORT,114357.17,-3.3946275515568445,-11.394627551556844,20.629226833787815,-14.675949046308311,10,TIME_EXIT,MACD Divergence
2025-09-11 21:30:00,2025-09-11 21:45:00,2025-09-11 22:15:00,SHORT,114514.83,-23.08386520767685,-31.08386520767685,6.916134792323151,-55.466178485354106,2,TRAILING_STOP,MACD Divergence
2025-09-12 00:15:00,2025-09-12 00:30:00,2025-09-12 03:00:00,SHORT,115783.19,46.657031992295806,38.657031992295806,46.97227637276194,-47.38338959221933,10,TIME_EXIT,MACD Divergence
2025-09-12 04:00:00,2025-09-12 04:15:00,2025-09-12 06:00:00,LONG,115287.86,12.007706622362036,4.007706622362036,32.007706622362036,0.0,7,TRAILING_STOP,MACD Divergence
2025-09-12 07:45:00,2025-09-12 08:00:00,2025-09-12 09:15:00,LONG,115086.7,-3.8017772687896816,-11.801777268789682,16.19822273121032,-15.266751066804165,5,TRAILING_STOP,MACD Divergence
2025-09-12 10:30:00,2025-09-12 10:45:00,2025-09-12 11:45:00,LONG,114981.22,-5.495022578469873,-13.495022578469873,14.504977421530127,-6.97418239256831,4,TRAILING_STOP,MACD Divergence
2025-09-12 13:30:00,2025-09-12 13:45:00,2025-09-12 14:00:00,LONG,114950.02,27.927786354451527,19.927786354451527,47.92778635445153,0.0,1,TRAILING_STOP,MACD Divergence
2025-09-12 17:45:00,2025-09-12 18:00:00,2025-09-12 20:30:00,SHORT,115815.16,-32.91537998997643,-40.91537998997643,0.0,-73.43339162161509,10,TIME_EXIT,MACD Divergence
2025-09-13 01:00:00,2025-09-13 01:15:00,2025-09-13 02:00:00,SHORT,116152.0,19.567807700255287,11.567807700255287,49.56780770025529,0.0,3,TRAILING_STOP,MACD Divergence
2025-09-13 04:45:00,2025-09-13 05:00:00,2025-09-13 07:30:00,LONG,115698.4,9.2818915386902,1.2818915386902,13.612115638591826,-3.5082594054884515,10,TIME_EXIT,MACD Divergence
2025-09-13 08:00:00,2025-09-13 08:15:00,2025-09-13 10:45:00,LONG,115792.01,12.607087483843703,4.607087483843703,32.35974571993454,0.0,10,TIME_EXIT,MACD Divergence
2025-09-13 10:45:00,2025-09-13 11:00:00,2025-09-13 13:30:00,SHORT,115937.99,8.251824962637203,0.2518249626372029,8.251824962637203,-10.52372910725766,10,TIME_EXIT,MACD Divergence
2025-09-13 14:15:00,2025-09-13 14:30:00,2025-09-13 16:00:00,LONG,115905.88,-18.384896434934866,-26.384896434934866,1.6151035650651342,-24.701939194111436,6,TRAILING_STOP,MACD Divergence
2025-09-13 17:15:00,2025-09-13 17:30:00,2025-09-13 20:00:00,LONG,115391.35,47.59975509429387,39.59975509429387,51.991765413957616,0.0,10,TIME_EXIT,MACD Divergence
2025-09-13 20:30:00,2025-09-13 20:45:00,2025-09-13 23:15:00,SHORT,115862.0,-1.7244653121813818,-9.724465312181382,4.496728867101019,-10.183666775992581,10,TIME_EXIT,MACD Divergence
2025-09-13 23:15:00,2025-09-13 23:30:00,2025-09-14 02:00:00,SHORT,115881.99,-18.150013647504068,-26.150013647504068,11.84998635249593,-19.58975678619212,10,TRAILING_STOP,MACD Divergence
2025-09-14 02:00:00,2025-09-14 02:15:00,2025-09-14 04:45:00,SHORT,116109.0,30.833957746599726,22.833957746599726,56.792324453746346,0.0,10,TIME_EXIT,MACD Divergence
2025-09-14 07:30:00,2025-09-14 07:45:00,2025-09-14 10:15:00,SHORT,115810.01,-12.648302163173156,-20.648302163173156,4.366634628560384,-30.669196902755434,10,TIME_EXIT,MACD Divergence
2025-09-14 10:15:00,2025-09-14 10:30:00,2025-09-14 13:00:00,SHORT,115956.48,18.551787705180026,10.551787705180026,25.342266339923444,-12.377057323575542,10,TIME_EXIT,MACD Divergence
2025-09-14 13:00:00,2025-09-14 13:15:00,2025-09-14 15:45:00,LONG,115741.37,-44.69966097688325,-52.69966097688325,0.0,-51.80256635980656,10,TIME_EXIT,MACD Divergence
2025-09-14 15:45:00,2025-09-14 16:00:00,2025-09-14 18:30:00,LONG,115224.01,21.998887211095195,13.998887211095195,37.62149919968983,0.0,10,TIME_EXIT,MACD Divergence
2025-09-14 19:30:00,2025-09-14 19:45:00,2025-09-14 22:15:00,SHORT,115603.11,-25.30035740387918,-33.300357403879175,0.0,-41.888146434815226,10,TIME_EXIT,MACD Divergence
2025-09-14 22:30:00,2025-09-14 22:45:00,2025-09-15 01:15:00,SHORT,116049.19,76.23319042554347,68.23319042554347,105.48888794484496,0.0,10,TIME_EXIT,MACD Divergence
2025-09-15 01:15:00,2025-09-15 01:30:00,2025-09-15 04:00:00,LONG,115164.51,28.956837484048734,20.956837484048734,37.37175628151411,-4.727150751562941,10,TIME_EXIT,MACD Divergence
2025-09-15 06:00:00,2025-09-15 06:15:00,2025-09-15 08:45:00,SHORT,116595.39,159.36479135238497,151.36479135238497,161.77397751317667,0.0,10,TIME_EXIT,MACD Divergence
2025-09-15 10:15:00,2025-09-15 10:30:00,2025-09-15 12:00:00,LONG,114781.12,16.1331201507709,8.1331201507709,36.1331201507709,-3.4979620341737543,6,TRAILING_STOP,MACD Divergence
2025-09-15 13:00:00,2025-09-15 13:15:00,2025-09-15 13:30:00,LONG,114771.42,8.54194885799982,0.5419488579998202,28.54194885799982,-33.755790422388976,1,TRAILING_STOP,MACD Divergence
2025-09-15 18:00:00,2025-09-15 18:15:00,2025-09-15 18:45:00,SHORT,114962.6,-24.916607661969863,-32.91660766196986,5.083392338030135,-34.61473557487285,2,TRAILING_STOP,MACD Divergence
2025-09-15 21:15:00,2025-09-15 21:30:00,2025-09-16 00:00:00,SHORT,115434.19,19.487294015750194,11.487294015750194,19.488160310217136,-14.80323983734842,10,TIME_EXIT,MACD Divergence
2025-09-16 01:15:00,2025-09-16 01:30:00,2025-09-16 03:30:00,SHORT,115424.16,5.995063771744249,-2.004936228255751,35.99506377174425,-0.2018641504518418,8,TRAILING_STOP,MACD Divergence
2025-09-16 04:00:00,2025-09-16 04:15:00,2025-09-16 06:45:00,SHORT,115110.21,-57.348518432900036,-65.34851843290004,0.0,-78.13468501186723,10,TIME_EXIT,MACD Divergence
2025-09-16 08:00:00,2025-09-16 08:15:00,2025-09-16 10:45:00,SHORT,115947.55,49.59915065044466,41.59915065044466,49.60863769868333,0.0,10,TIME_EXIT,MACD Divergence
2025-09-16 10:45:00,2025-09-16 11:00:00,2025-09-16 13:30:00,LONG,115372.47,-3.9138401041429987,-11.913840104142999,16.086159895857,-27.552500176168948,10,TRAILING_STOP,MACD Divergence
2025-09-16 13:30:00,2025-09-16 13:45:00,2025-09-16 14:00:00,LONG,115085.35,-2.8492505779414934,-10.849250577941493,17.150749422058507,-23.838829181994566,1,TRAILING_STOP,MACD Divergence
2025-09-16 17:30:00,2025-09-16 17:45:00,2025-09-16 19:00:00,SHORT,116495.06,-6.914042535365677,-14.914042535365677,23.085957464634323,-24.17269882516957,5,TRAILING_STOP,MACD Divergence
2025-09-16 20:15:00,2025-09-16 20:30:00,2025-09-16 23:00:00,SHORT,116737.16,-12.492166162000322,-20.492166162000323,13.081524340664652,-19.4548162727276,10,TIME_EXIT,MACD Divergence
2025-09-16 23:00:00,2025-09-16 23:15:00,2025-09-17 01:45:00,SHORT,116883.0,18.886407775296664,10.886407775296664,31.320209097987025,0.0,10,TIME_EXIT,MACD Divergence
2025-09-17 01:45:00,2025-09-17 02:00:00,2025-09-17 02:45:00,LONG,116662.25,15.565060677297367,7.565060677297367,35.56506067729737,-0.714027031023467,3,TRAILING_STOP,MACD Divergence
2025-09-17 04:45:00,2025-09-17 05:00:00,2025-09-17 07:30:00,LONG,116313.5,75.71090200191684,67.71090200191684,83.67300442338988,0.0,10,TIME_EXIT,MACD Divergence
2025-09-17 07:30:00,2025-09-17 07:45:00,2025-09-17 10:15:00,SHORT,117194.12,68.58193909387184,60.58193909387184,68.58193909387184,0.0,10,TIME_EXIT,MACD Divergence
2025-09-17 10:30:00,2025-09-17 10:45:00,2025-09-17 12:30:00,LONG,116407.4,-10.590804364671074,-18.590804364671072,9.409195635328926,-26.715655533925737,7,TRAILING_STOP,MACD Divergence
2025-09-17 13:15:00,2025-09-17 13:30:00,2025-09-17 16:00:00,LONG,116251.11,-58.521591750823454,-66.52159175082346,0.0,-70.46040248561933,10,TIME_EXIT,MACD Divergence
2025-09-17 16:15:00,2025-09-17 16:30:00,2025-09-17 17:30:00,LONG,115680.0,32.58212309820228,24.58212309820228,52.58212309820228,-25.39678423236459,4,TRAILING_STOP,MACD Divergence
2025-09-17 23:15:00,2025-09-17 23:30:00,2025-09-18 01:00:00,SHORT,116558.65,9.970435484625078,1.970435484625078,39.97043548462508,-5.43932174918024,6,TRAILING_STOP,MACD Divergence
2025-09-18 02:45:00,2025-09-18 03:00:00,2025-09-18 05:30:00,SHORT,116950.46,-23.354333108222924,-31.354333108222924,0.0,-80.84961786383684,10,TIME_EXIT,MACD Divergence
2025-09-18 11:45:00,2025-09-18 12:00:00,2025-09-18 13:30:00,LONG,117063.41,30.582842239090716,22.582842239090716,50.582842239090716,-0.09140345390647554,6,TRAILING_STOP,MACD Divergence
2025-09-18 14:45:00,2025-09-18 15:00:00,2025-09-18 16:00:00,SHORT,117640.54,-2.9574515723924684,-10.957451572392468,27.04254842760753,-5.52275601591094,4,TRAILING_STOP,MACD Divergence
2025-09-18 18:00:00,2025-09-18 18:15:00,2025-09-18 20:30:00,SHORT,117821.99,23.102141629079888,15.102141629079888,53.10214162907989,-5.3360157980692176,9,TRAILING_STOP,MACD Divergence
2025-09-18 21:15:00,2025-09-18 21:30:00,2025-09-19 00:00:00,LONG,117437.98,-31.40806747527429,-39.408067475274294,0.0,-70.33073968063799,10,TIME_EXIT,MACD Divergence
2025-09-19 04:00:00,2025-09-19 04:15:00,2025-09-19 05:15:00,LONG,116775.73,7.768612536184026,-0.23138746381597386,27.768612536184026,0.0,4,TRAILING_STOP,MACD Divergence
2025-09-19 06:45:00,2025-09-19 07:00:00,2025-09-19 09:15:00,LONG,116669.76,16.050472718895264,8.050472718895264,36.050472718895264,0.0,9,TRAILING_STOP,MACD Divergence
2025-09-19 09:30:00,2025-09-19 09:45:00,2025-09-19 12:15:00,LONG,116712.3,-41.197885741263065,-49.197885741263065,0.0,-43.89425964529899,10,TIME_EXIT,MACD Divergence
2025-09-19 12:15:00,2025-09-19 12:30:00,2025-09-19 14:30:00,LONG,116231.47,1.3057616839913813,-6.694238316008619,21.30576168399138,-13.461930749047669,8,TRAILING_STOP,MACD Divergence
2025-09-19 15:15:00,2025-09-19 15:30:00,2025-09-19 17:00:00,LONG,115800.0,9.015544041450777,1.0155440414507773,29.015544041450777,0.0,6,TRAILING_STOP,MACD Divergence
2025-09-19 18:00:00,2025-09-19 18:15:00,2025-09-19 18:45:00,LONG,115487.3,-6.368198061605648,-14.368198061605648,13.631801938394352,-9.033027874061215,2,TRAILING_STOP,MACD Divergence
2025-09-19 23:00:00,2025-09-19 23:15:00,2025-09-20 01:45:00,SHORT,115500.01,-10.692639766871016,-18.692639766871018,4.2060602418996975,-19.94805022094879,10,TIME_EXIT,MACD Divergence
2025-09-20 01:45:00,2025-09-20 02:00:00,2025-09-20 04:30:00,SHORT,115623.5,6.5306793169204145,-1.4693206830795855,18.597430453151723,0.0,10,TIME_EXIT,MACD Divergence
2025-09-20 04:30:00,2025-09-20 04:45:00,2025-09-20 07:15:00,LONG,115548.0,16.396649011666703,8.396649011666703,17.072558590369724,-3.0610655312074067,10,TIME_EXIT,MACD Divergence
2025-09-20 07:15:00,2025-09-20 07:30:00,2025-09-20 10:00:00,SHORT,115737.45,-0.8752568853041653,-8.875256885304164,6.336756166651028,-21.406208621323522,10,TIME_EXIT,MACD Divergence
2025-09-20 10:00:00,2025-09-20 10:15:00,2025-09-20 12:45:00,LONG,115747.58,10.964376101859191,2.964376101859191,17.56494606625881,-2.337845853882878,10,TIME_EXIT,MACD Divergence
2025-09-20 12:45:00,2025-09-20 13:00:00,2025-09-20 15:30:00,SHORT,115874.5,-11.434785047616172,-19.434785047616174,0.0,-21.342918416044743,10,TIME_EXIT,MACD Divergence
2025-09-20 15:30:00,2025-09-20 15:45:00,2025-09-20 18:15:00,SHORT,116007.0,18.365271061229315,10.365271061229315,26.463920280672717,-6.246174799797116,10,TIME_EXIT,MACD Divergence
2025-09-20 18:15:00,2025-09-20 18:30:00,2025-09-20 21:00:00,LONG,115793.94,2.4388150191616838,-5.561184980838316,2.439678622214599,-8.984062551114405,10,TIME_EXIT,MACD Divergence
2025-09-20 21:00:00,2025-09-20 21:15:00,2025-09-20 23:30:00,LONG,115822.19,-9.4225795592369,-17.4225795592369,10.5774204407631,-18.888435799737863,9,TRAILING_STOP,MACD Divergence
2025-09-20 23:45:00,2025-09-21 00:00:00,2025-09-21 01:45:00,LONG,115685.63,-15.910468741882836,-23.910468741882838,4.089531258117164,-16.046072446509097,7,TRAILING_STOP,MACD Divergence
2025-09-21 02:30:00,2025-09-21 02:45:00,2025-09-21 05:15:00,LONG,115621.26,-7.3619678595437685,-15.361967859543768,8.836610152838523,-11.56361727938245,10,TIME_EXIT,MACD Divergence
2025-09-21 05:15:00,2025-09-21 05:30:00,2025-09-21 08:00:00,LONG,115536.15,9.995140049240906,1.9951400492409057,24.486708272692443,-1.398696425317006,10,TIME_EXIT,MACD Divergence
2025-09-21 08:00:00,2025-09-21 08:15:00,2025-09-21 09:45:00,SHORT,115651.63,-2.105883851355504,-10.105883851355504,27.894116148644496,-4.574081662315885,6,TRAILING_STOP,MACD Divergence
2025-09-21 12:15:00,2025-09-21 12:30:00,2025-09-21 15:00:00,SHORT,115717.55,14.61576053070642,6.615760530706419,18.800086935819408,-2.550174973458629,10,TIME_EXIT,MACD Divergence
2025-09-21 15:30:00,2025-09-21 15:45:00,2025-09-21 18:15:00,LONG,115574.19,-4.411884695017567,-12.411884695017566,7.902283373130432,-31.59615481622655,10,TIME_EXIT,MACD Divergence
2025-09-21 19:00:00,2025-09-21 19:15:00,2025-09-21 21:15:00,LONG,115346.72,-5.112710617172196,-13.112710617172196,14.887289382827804,-8.38428695675147,8,TRAILING_STOP,MACD Divergence
2025-09-21 21:45:00,2025-09-21 22:00:00,2025-09-21 23:00:00,LONG,115405.48,-7.873192850114474,-15.873192850114474,12.126807149885526,-18.844859013627076,4,TRAILING_STOP,MACD Divergence
2025-09-22 02:00:00,2025-09-22 02:15:00,2025-09-22 02:30:00,LONG,114367.17,-6.940308132132623,-14.940308132132623,13.059691867867377,-18.988840940979678,1,TRAILING_STOP,MACD Divergence
2025-09-22 05:45:00,2025-09-22 06:00:00,2025-09-22 08:30:00,LONG,113691.18,-86.3699365245393,-94.3699365245393,0.0,-108.9952624293277,10,TIME_EXIT,MACD Divergence
2025-09-22 13:00:00,2025-09-22 13:15:00,2025-09-22 13:45:00,SHORT,112949.99,20.46392655723168,12.46392655723168,50.46392655723168,-17.55644245740866,2,TRAILING_STOP,MACD Divergence
2025-09-22 17:30:00,2025-09-22 17:45:00,2025-09-22 18:45:00,LONG,112474.32,10.42739000333551,2.4273900033355105,30.42739000333551,-11.449724701604186,4,TRAILING_STOP,MACD Divergence
2025-09-22 20:15:00,2025-09-22 20:30:00,2025-09-22 21:00:00,LONG,112280.01,42.11257017166357,34.11257017166357,62.11257017166357,0.0,2,TRAILING_STOP,MACD Divergence
2025-09-23 01:15:00,2025-09-23 01:30:00,2025-09-23 04:00:00,LONG,112494.12,-32.18657117367572,-40.18657117367572,0.0,-90.32649884278355,10,TIME_EXIT,MACD Divergence
2025-09-23 05:45:00,2025-09-23 06:00:00,2025-09-23 08:30:00,SHORT,112665.44,-35.46162869465551,-43.46162869465551,0.0,-45.469134101814966,10,TIME_EXIT,MACD Divergence
2025-09-23 08:30:00,2025-09-23 08:45:00,2025-09-23 11:15:00,SHORT,113064.97,19.253531841029307,11.253531841029307,33.754044245534175,-19.15093596186324,10,TIME_EXIT,MACD Divergence
2025-09-23 11:15:00,2025-09-23 11:30:00,2025-09-23 12:15:00,LONG,112847.27,0.7430804484682447,-7.256919551531755,20.743080448468245,-1.1342764428419854,3,TRAILING_STOP,MACD Divergence
2025-09-23 14:00:00,2025-09-23 14:15:00,2025-09-23 15:00:00,SHORT,113053.67,19.27394219046561,11.273942190465611,49.27394219046561,0.0,3,TRAILING_STOP,MACD Divergence
2025-09-23 16:45:00,2025-09-23 17:00:00,2025-09-23 19:30:00,LONG,112823.62,-107.03521124388675,-115.03521124388675,0.0,-107.03521124388675,10,TIME_EXIT,MACD Divergence
2025-09-23 19:30:00,2025-09-23 19:45:00,2025-09-23 20:15:00,LONG,111616.02,9.87653564425619,1.8765356442561902,29.87653564425619,0.0,2,TRAILING_STOP,MACD Divergence
2025-09-23 22:30:00,2025-09-23 22:45:00,2025-09-24 00:15:00,SHORT,112185.04,2.8189926214754664,-5.181007378524534,32.818992621475466,-17.378431206157828,6,TRAILING_STOP,MACD Divergence
2025-09-24 01:15:00,2025-09-24 01:30:00,2025-09-24 04:00:00,SHORT,112399.45,90.71144476240707,82.71144476240707,120.71144476240707,-8.945773311168596,10,TRAILING_STOP,MACD Divergence
2025-09-24 05:15:00,2025-09-24 05:30:00,2025-09-24 08:00:00,SHORT,112343.61,-15.112564034572046,-23.112564034572046,0.0,-38.78814291262269,10,TIME_EXIT,MACD Divergence
2025-09-24 09:30:00,2025-09-24 09:45:00,2025-09-24 11:00:00,SHORT,112740.0,-23.65886109632737,-31.65886109632737,6.341138903672631,-37.446336703920366,5,TRAILING_STOP,MACD Divergence
2025-09-24 12:15:00,2025-09-24 12:30:00,2025-09-24 14:00:00,SHORT,113019.86,-11.254621975288185,-19.254621975288185,18.745378024711815,-17.946403402021712,6,TRAILING_STOP,MACD Divergence
2025-09-24 17:00:00,2025-09-24 17:15:00,2025-09-24 19:45:00,SHORT,113860.03,38.64569506963981,30.645695069639807,49.86648958374583,-7.023535827278559,10,TIME_EXIT,MACD Divergence
2025-09-24 21:30:00,2025-09-24 21:45:00,2025-09-24 22:30:00,LONG,113345.62,6.640641252834154,-1.359358747165846,26.640641252834154,-0.5284721191688472,3,TRAILING_STOP,MACD Divergence
2025-09-25 00:15:00,2025-09-25 00:30:00,2025-09-25 01:15:00,LONG,113131.0,1.1241834687217427,-6.875816531278257,21.124183468721743,-18.414934898480677,3,TRAILING_STOP,MACD Divergence
2025-09-25 03:15:00,2025-09-25 03:30:00,2025-09-25 04:00:00,LONG,112364.75,2.2204917467437966,-5.779508253256203,22.220491746743797,-13.369851310130262,2,TRAILING_STOP,MACD Divergence
2025-09-25 06:00:00,2025-09-25 06:15:00,2025-09-25 06:45:00,LONG,111594.06,-1.5456127324337565,-9.545612732433757,18.454387267566243,-7.0066453357824185,2,TRAILING_STOP,MACD Divergence
2025-09-25 09:30:00,2025-09-25 09:45:00,2025-09-25 12:15:00,SHORT,111832.35,63.18296986516076,55.18296986516076,63.18296986516076,-1.9466639125431524,10,TIME_EXIT,MACD Divergence
2025-09-25 12:30:00,2025-09-25 12:45:00,2025-09-25 13:30:00,LONG,111380.61,10.385899305094693,2.385899305094693,30.385899305094693,-67.39234055191432,3,TRAILING_STOP,MACD Divergence
2025-09-25 18:00:00,2025-09-25 18:15:00,2025-09-25 19:30:00,LONG,109222.12,48.78460150746011,40.78460150746011,68.78460150746011,0.0,5,TRAILING_STOP,MACD Divergence
2025-09-25 23:30:00,2025-09-25 23:45:00,2025-09-26 00:30:00,LONG,109083.17,8.471853174050747,0.47185317405074656,28.471853174050747,-25.112031489366604,3,TRAILING_STOP,MACD Divergence
2025-09-26 02:15:00,2025-09-26 02:30:00,2025-09-26 05:00:00,SHORT,109568.35,17.23216604065063,9.232166040650629,28.975520759417336,-16.578692660790654,10,TIME_EXIT,MACD Divergence
2025-09-26 07:45:00,2025-09-26 08:00:00,2025-09-26 09:30:00,LONG,109320.02,13.933400304902236,5.933400304902236,33.933400304902236,0.0,6,TRAILING_STOP,MACD Divergence
2025-09-26 14:00:00,2025-09-26 14:15:00,2025-09-26 15:15:00,SHORT,109309.0,19.789129897813105,11.789129897813105,49.789129897813105,-1.097805304229295,4,TRAILING_STOP,MACD Divergence
2025-09-26 18:30:00,2025-09-26 18:45:00,2025-09-26 21:00:00,SHORT,109871.49,46.55125092050737,38.55125092050737,76.55125092050737,0.0,9,TRAILING_STOP,MACD Divergence
2025-09-27 00:00:00,2025-09-27 00:15:00,2025-09-27 02:45:00,SHORT,109594.43,16.99447681784558,8.99447681784558,24.637200996437027,-5.750292236567505,10,TIME_EXIT,MACD Divergence
2025-09-27 02:45:00,2025-09-27 03:00:00,2025-09-27 05:30:00,LONG,109408.18,22.5778365018049,14.5778365018049,30.686005379123433,0.0,10,TIME_EXIT,MACD Divergence
2025-09-27 05:30:00,2025-09-27 05:45:00,2025-09-27 08:15:00,SHORT,109655.2,27.111345380793033,19.111345380793033,35.97093434693497,0.0,10,TIME_EXIT,MACD Divergence
2025-09-27 08:15:00,2025-09-27 08:30:00,2025-09-27 11:00:00,LONG,109357.92,-2.0949557197140813,-10.094955719714081,10.952110281541938,-26.840305667847748,10,TIME_EXIT,MACD Divergence
2025-09-27 12:30:00,2025-09-27 12:45:00,2025-09-27 15:15:00,SHORT,109401.01,12.605002458386277,4.605002458386277,19.01353561543854,-1.017358066438752,10,TIME_EXIT,MACD Divergence
2025-09-27 15:30:00,2025-09-27 15:45:00,2025-09-27 18:15:00,LONG,109332.99,7.636304467662567,-0.3636955323374327,8.668015024558418,-8.149415835056356,10,TIME_EXIT,MACD Divergence
2025-09-27 18:15:00,2025-09-27 18:30:00,2025-09-27 21:00:00,SHORT,109416.49,2.4694632408701898,-5.53053675912981,4.9142501281117745,-2.148670643702312,10,TIME_EXIT,MACD Divergence
2025-09-27 21:00:00,2025-09-27 21:15:00,2025-09-27 23:45:00,SHORT,109389.48,-22.522275450985774,-30.522275450985774,0.0,-28.384813603648176,10,TIME_EXIT,MACD Divergence
2025-09-27 23:45:00,2025-09-28 00:00:00,2025-09-28 02:30:00,SHORT,109635.85,17.347427871449195,9.347427871449195,28.348391516096505,-13.854957114848307,10,TIME_EXIT,MACD Divergence
2025-09-28 02:45:00,2025-09-28 03:00:00,2025-09-28 05:30:00,LONG,109447.54,-8.324536120227151,-16.32453612022715,3.801821402290137,-8.32544979996767,10,TIME_EXIT,MACD Divergence
2025-09-28 05:30:00,2025-09-28 05:45:00,2025-09-28 08:15:00,LONG,109356.44,15.364435784486407,7.364435784486407,20.93612410938003,-8.818867914866498,10,TIME_EXIT,MACD Divergence
2025-09-28 08:30:00,2025-09-28 08:45:00,2025-09-28 11:15:00,SHORT,109521.46,22.755357717108698,14.755357717108698,24.786009974666737,-3.5089013605181134,10,TIME_EXIT,MACD Divergence
2025-09-28 11:45:00,2025-09-28 12:00:00,2025-09-28 14:30:00,LONG,109369.02,29.165480316089134,21.165480316089134,34.687153638205345,-16.369352125492103,10,TIME_EXIT,MACD Divergence
2025-09-28 15:00:00,2025-09-28 15:15:00,2025-09-28 17:45:00,SHORT,109767.23,-39.746835189337304,-47.746835189337304,0.0,-57.06621183754102,10,TIME_EXIT,MACD Divergence
2025-09-28 17:45:00,2025-09-28 18:00:00,2025-09-28 20:15:00,SHORT,110203.53,-21.14275196084911,-29.14275196084911,8.857248039150887,-40.51322130969862,9,TRAILING_STOP,MACD Divergence
2025-09-28 20:30:00,2025-09-28 20:45:00,2025-09-28 22:00:00,SHORT,110943.65,-2.703259717884123,-10.703259717884123,27.296740282115877,-52.929572805654146,5,TRAILING_STOP,MACD Divergence
2025-09-28 23:15:00,2025-09-28 23:30:00,2025-09-29 02:00:00,SHORT,112107.86,25.071391069279798,17.071391069279798,34.642530862688425,-18.030849933269568,10,TIME_EXIT,MACD Divergence
2025-09-29 03:15:00,2025-09-29 03:30:00,2025-09-29 05:15:00,LONG,111756.69,-6.788262966629185,-14.788262966629185,13.211737033370815,-16.223637260552156,7,TRAILING_STOP,MACD Divergence
2025-09-29 06:00:00,2025-09-29 06:15:00,2025-09-29 07:15:00,LONG,111711.02,-7.558971353050405,-15.558971353050405,12.441028646949595,-13.460623669894867,4,TRAILING_STOP,MACD Divergence
2025-09-29 08:45:00,2025-09-29 09:00:00,2025-09-29 11:30:00,SHORT,112099.74,0.8688690981803561,-7.131130901819644,15.754719859296781,-11.17397774517539,10,TIME_EXIT,MACD Divergence
2025-09-29 12:15:00,2025-09-29 12:30:00,2025-09-29 13:30:00,SHORT,112374.88,12.146429878279726,4.146429878279726,42.146429878279726,-82.32444831086764,4,TRAILING_STOP,MACD Divergence
2025-09-29 15:00:00,2025-09-29 15:15:00,2025-09-29 17:15:00,SHORT,113943.66,13.34773869823018,5.347738698230181,43.34773869823018,-9.595970499806352,8,TRAILING_STOP,MACD Divergence
2025-09-29 17:45:00,2025-09-29 18:00:00,2025-09-29 19:45:00,SHORT,114043.92,-12.875895532177989,-20.87589553217799,17.12410446782201,-30.427750992774957,7,TRAILING_STOP,MACD Divergence
2025-09-29 20:30:00,2025-09-29 20:45:00,2025-09-29 23:15:00,SHORT,114393.51,8.086997243112373,0.08699724311237311,32.65132785942094,0.0,10,TIME_EXIT,MACD Divergence
2025-09-30 05:00:00,2025-09-30 05:15:00,2025-09-30 07:45:00,LONG,114126.23,-37.41471176258079,-45.41471176258079,0.0,-47.42380432613922,10,TIME_EXIT,MACD Divergence
2025-09-30 07:45:00,2025-09-30 08:00:00,2025-09-30 08:30:00,LONG,113699.24,-18.34387635308717,-26.34387635308717,1.6561236469128329,-30.685341432361326,2,TRAILING_STOP,MACD Divergence
2025-09-30 14:45:00,2025-09-30 15:00:00,2025-09-30 17:15:00,SHORT,113595.04,39.988971349452726,31.988971349452726,69.98897134945273,0.0,9,TRAILING_STOP,MACD Divergence
2025-09-30 18:45:00,2025-09-30 19:00:00,2025-09-30 21:30:00,SHORT,113714.55,-57.89760413245183,-65.89760413245183,0.0,-91.4852145130058,10,TIME_EXIT,MACD Divergence
2025-10-01 02:00:00,2025-10-01 02:15:00,2025-10-01 04:15:00,SHORT,114481.09,3.587206411119496,-4.412793588880504,33.587206411119496,-9.295858381501981,8,TRAILING_STOP,MACD Divergence
2025-10-01 04:45:00,2025-10-01 05:00:00,2025-10-01 07:15:00,SHORT,114289.02,-24.387912329635917,-32.38791232963592,5.612087670364083,-37.03067888761328,9,TRAILING_STOP,MACD Divergence
2025-10-01 10:00:00,2025-10-01 10:15:00,2025-10-01 11:30:00,SHORT,116266.91,-24.54616967114689,-32.54616967114689,5.45383032885311,-28.648735912909057,5,TRAILING_STOP,MACD Divergence
2025-10-01 13:45:00,2025-10-01 14:00:00,2025-10-01 16:30:00,SHORT,116806.96,-90.56908937618006,-98.56908937618006,0.0,-119.17440536077589,10,TIME_EXIT,MACD Divergence
2025-10-01 16:30:00,2025-10-01 16:45:00,2025-10-01 18:45:00,SHORT,117864.88,66.74807287802838,58.74807287802838,96.74807287802838,0.0,8,TRAILING_STOP,MACD Divergence
2025-10-02 05:15:00,2025-10-02 05:30:00,2025-10-02 08:00:00,LONG,118643.93,-17.045782283172606,-25.045782283172606,2.9542177168273938,-30.732292836219717,10,TRAILING_STOP,MACD Divergence
2025-10-02 08:00:00,2025-10-02 08:15:00,2025-10-02 10:15:00,LONG,118357.4,28.08233367748963,20.08233367748963,48.08233367748963,0.0,8,TRAILING_STOP,MACD Divergence
2025-10-02 11:45:00,2025-10-02 12:00:00,2025-10-02 14:30:00,SHORT,118765.72,-19.725388773798038,-27.725388773798038,0.0,-86.0753422788999,10,TIME_EXIT,MACD Divergence
2025-10-02 14:30:00,2025-10-02 14:45:00,2025-10-02 15:00:00,SHORT,118999.99,10.638658877198715,2.638658877198715,40.638658877198715,-21.00924546296136,1,TRAILING_STOP,MACD Divergence
2025-10-02 18:00:00,2025-10-02 18:15:00,2025-10-02 18:45:00,SHORT,120128.39,-16.702560485493457,-24.702560485493457,13.297439514506541,-44.58313309618209,2,TRAILING_STOP,MACD Divergence
2025-10-03 00:00:00,2025-10-03 00:15:00,2025-10-03 01:45:00,LONG,120156.53,-8.585722307394015,-16.585722307394015,11.414277692605985,-28.007633043330966,6,TRAILING_STOP,MACD Divergence
2025-10-03 05:30:00,2025-10-03 05:45:00,2025-10-03 07:15:00,LONG,119849.71,-1.1505593129938383,-9.150559312993838,18.84944068700616,-6.985415317233655,6,TRAILING_STOP,MACD Divergence
2025-10-03 08:15:00,2025-10-03 08:30:00,2025-10-03 11:00:00,LONG,119648.6,53.523401026003995,45.523401026003995,72.4864310990679,0.0,10,TIME_EXIT,MACD Divergence
2025-10-03 11:00:00,2025-10-03 11:15:00,2025-10-03 13:15:00,SHORT,120289.0,-14.46907032230653,-22.46907032230653,15.53092967769347,-21.282078993091638,8,TRAILING_STOP,MACD Divergence
2025-10-03 14:15:00,2025-10-03 14:30:00,2025-10-03 16:45:00,LONG,120448.88,266.10560762374877,258.10560762374877,286.10560762374877,0.0,9,TRAILING_STOP,MACD Divergence
2025-10-04 00:00:00,2025-10-04 00:15:00,2025-10-04 01:30:00,LONG,122180.22,-19.875593610814903,-27.875593610814903,0.12440638918509678,-26.217828057602265,5,TRAILING_STOP,MACD Divergence
2025-10-04 02:45:00,2025-10-04 03:00:00,2025-10-04 05:30:00,LONG,121854.53,57.59005758751859,49.59005758751859,77.59005758751859,0.0,10,TRAILING_STOP,MACD Divergence
2025-10-04 05:30:00,2025-10-04 05:45:00,2025-10-04 08:15:00,SHORT,122472.63,3.251338686856564,-4.748661313143436,17.36306307784921,-10.959999797505445,10,TIME_EXIT,MACD Divergence
2025-10-04 09:00:00,2025-10-04 09:15:00,2025-10-04 11:45:00,LONG,122414.15,-36.01626119202718,-44.01626119202718,0.0,-36.86992067501972,10,TIME_EXIT,MACD Divergence
2025-10-04 12:00:00,2025-10-04 12:15:00,2025-10-04 14:30:00,LONG,122100.0,13.539721539721874,5.539721539721874,33.539721539721874,-12.694512694512694,9,TRAILING_STOP,MACD Divergence
2025-10-04 14:45:00,2025-10-04 15:00:00,2025-10-04 16:00:00,LONG,122000.01,-19.0098361467346,-27.0098361467346,0.9901638532654011,-31.131144989249457,4,TRAILING_STOP,MACD Divergence
2025-10-04 17:30:00,2025-10-04 17:45:00,2025-10-04 18:45:00,LONG,121718.9,-10.897880279890128,-18.897880279890128,9.102119720109872,-17.162494896026352,4,TRAILING_STOP,MACD Divergence
2025-10-04 20:45:00,2025-10-04 21:00:00,2025-10-04 23:30:00,SHORT,121892.89,-36.680564387307626,-44.680564387307626,0.0,-38.74303086915077,10,TIME_EXIT,MACD Divergence
2025-10-04 23:30:00,2025-10-04 23:45:00,2025-10-05 02:15:00,SHORT,122340.0,-13.325159391858755,-21.325159391858755,16.674840608141245,-42.006702632009436,10,TRAILING_STOP,MACD Divergence
2025-10-05 02:15:00,2025-10-05 02:30:00,2025-10-05 05:00:00,SHORT,122853.91,-190.82420738582852,-198.82420738582852,0.0,-232.34995125511225,10,TIME_EXIT,MACD Divergence
2025-10-05 15:30:00,2025-10-05 15:45:00,2025-10-05 17:00:00,LONG,122772.65,36.311401602881894,28.311401602881894,56.311401602881894,-38.36522222172361,5,TRAILING_STOP,MACD Divergence
2025-10-05 22:15:00,2025-10-05 22:30:00,2025-10-05 23:00:00,SHORT,123130.59,-25.057280242058404,-33.057280242058404,4.942719757941596,-28.053954748369804,2,TRAILING_STOP,MACD Divergence
2025-10-06 01:30:00,2025-10-06 01:45:00,2025-10-06 02:45:00,SHORT,123857.52,0.7999062148192913,-7.200093785180709,30.79990621481929,-31.27868215026338,4,TRAILING_STOP,MACD Divergence
2025-10-06 06:30:00,2025-10-06 06:45:00,2025-10-06 08:15:00,SHORT,123989.27,27.164624003351157,19.164624003351157,57.16462400335116,-3.7600027808854217,6,TRAILING_STOP,MACD Divergence
2025-10-06 10:45:00,2025-10-06 11:00:00,2025-10-06 11:15:00,SHORT,123978.0,-10.458629756892023,-18.458629756892023,19.541370243107977,-34.03829711723048,1,TRAILING_STOP,MACD Divergence
2025-10-06 13:30:00,2025-10-06 13:45:00,2025-10-06 15:00:00,SHORT,124565.8,-11.82326128038368,-19.82326128038368,18.17673871961632,-61.349102241546,5,TRAILING_STOP,MACD Divergence
2025-10-06 16:45:00,2025-10-06 17:00:00,2025-10-06 18:30:00,SHORT,125455.25,2.74394654667649,-5.25605345332351,32.74394654667649,-29.010344325964603,6,TRAILING_STOP,MACD Divergence
2025-10-06 21:30:00,2025-10-06 21:45:00,2025-10-06 22:30:00,LONG,125002.35,3.6859547040505376,-4.314045295949462,23.685954704050538,-17.43487222440237,3,TRAILING_STOP,MACD Divergence
2025-10-07 00:30:00,2025-10-07 00:45:00,2025-10-07 01:15:00,LONG,124882.5,-4.003363161371363,-12.003363161371363,15.996636838628637,-35.20349128180527,2,TRAILING_STOP,MACD Divergence
2025-10-07 03:15:00,2025-10-07 03:30:00,2025-10-07 06:00:00,LONG,124152.08,20.465693365749438,12.465693365749438,40.46569336574944,-3.461883200023385,10,TRAILING_STOP,MACD Divergence
2025-10-07 06:15:00,2025-10-07 06:30:00,2025-10-07 07:30:00,LONG,123891.55,-8.179177675959572,-16.179177675959572,11.820822324040428,-26.147868841740785,4,TRAILING_STOP,MACD Divergence
2025-10-07 10:45:00,2025-10-07 11:00:00,2025-10-07 12:30:00,SHORT,124282.18,-21.7775822728578,-29.7775822728578,8.2224177271422,-24.798406336291468,6,TRAILING_STOP,MACD Divergence
2025-10-07 13:30:00,2025-10-07 13:45:00,2025-10-07 14:00:00,LONG,123792.2,-3.2138050701091885,-11.213805070109188,16.78619492989081,-84.18947235770891,1,TRAILING_STOP,MACD Divergence
2025-10-07 16:15:00,2025-10-07 16:30:00,2025-10-07 16:45:00,LONG,121143.21,57.67088225580228,49.67088225580228,77.67088225580228,0.0,1,TRAILING_STOP,MACD Divergence
2025-10-07 20:45:00,2025-10-07 21:00:00,2025-10-07 23:30:00,SHORT,121943.61,39.18204488123674,31.18204488123674,47.24560803145033,-28.620605868564557,10,TIME_EXIT,MACD Divergence
2025-10-08 00:30:00,2025-10-08 00:45:00,2025-10-08 01:00:00,LONG,121889.92,-8.46664268874721,-16.46664268874721,11.53335731125279,-17.50431865079578,1,TRAILING_STOP,MACD Divergence
2025-10-08 05:45:00,2025-10-08 06:00:00,2025-10-08 07:15:00,LONG,121374.02,21.05903388550459,13.05903388550459,41.05903388550459,-17.447720690144735,5,TRAILING_STOP,MACD Divergence
2025-10-08 10:00:00,2025-10-08 10:15:00,2025-10-08 12:45:00,SHORT,122560.5,-5.79468915352043,-13.79468915352043,1.4874286576830158,-52.17831193573787,10,TIME_EXIT,MACD Divergence
2025-10-08 13:45:00,2025-10-08 14:00:00,2025-10-08 14:15:00,LONG,122599.04,20.218911991480667,12.218911991480667,40.21891199148067,-14.64203961140273,1,TRAILING_STOP,MACD Divergence
2025-10-08 18:00:00,2025-10-08 18:15:00,2025-10-08 19:15:00,SHORT,123870.77,27.31376336806472,19.31376336806472,57.31376336806472,0.0,4,TRAILING_STOP,MACD Divergence
2025-10-09 00:30:00,2025-10-09 00:45:00,2025-10-09 03:15:00,LONG,122963.93,-80.90909260951561,-88.90909260951561,0.0,-121.00703027302373,10,TIME_EXIT,MACD Divergence
2025-10-09 07:45:00,2025-10-09 08:00:00,2025-10-09 10:30:00,LONG,121906.09,26.605725768088906,18.605725768088906,33.49135387739849,-62.39228901525685,10,TIME_EXIT,MACD Divergence
2025-10-09 12:15:00,2025-10-09 12:30:00,2025-10-09 14:00:00,SHORT,123012.31,70.6362696546384,62.6362696546384,100.6362696546384,-52.52075991419127,6,TRAILING_STOP,MACD Divergence
2025-10-09 15:45:00,2025-10-09 16:00:00,2025-10-09 16:30:00,LONG,121147.15,7.631685929054047,-0.3683140709459529,27.631685929054047,-45.989525960783574,2,TRAILING_STOP,MACD Divergence
2025-10-09 21:45:00,2025-10-09 22:00:00,2025-10-10 00:15:00,SHORT,121461.03,-20.135930841357293,-28.135930841357293,9.864069158642707,-36.140809937146194,9,TRAILING_STOP,MACD Divergence
2025-10-10 00:30:00,2025-10-10 00:45:00,2025-10-10 03:15:00,SHORT,121702.07,35.90438437078407,27.904384370784072,65.90438437078407,-14.137803900952354,10,TRAILING_STOP,MACD Divergence
2025-10-10 04:00:00,2025-10-10 04:15:00,2025-10-10 06:45:00,LONG,121370.48,11.62713041919259,3.6271304191925893,31.62713041919259,-31.67162229233947,10,TRAILING_STOP,MACD Divergence
2025-10-10 06:45:00,2025-10-10 07:00:00,2025-10-10 08:15:00,SHORT,121378.19,13.070340725957344,5.070340725957344,43.070340725957344,-0.8584738329017967,5,TRAILING_STOP,MACD Divergence
2025-10-10 09:45:00,2025-10-10 10:00:00,2025-10-10 12:30:00,SHORT,121314.73,-13.272089877297613,-21.272089877297613,7.08075598074481,-30.308767945986638,10,TIME_EXIT,MACD Divergence
2025-10-10 13:00:00,2025-10-10 13:15:00,2025-10-10 13:30:00,SHORT,121813.29,-28.231720036459603,-36.231720036459606,1.7682799635403983,-60.47862265275049,1,TRAILING_STOP,MACD Divergence
2025-10-10 16:15:00,2025-10-10 16:30:00,2025-10-10 19:00:00,LONG,119068.87,-188.24987589115452,-196.24987589115452,0.0,-197.20267774440057,10,TIME_EXIT,MACD Divergence
2025-10-10 19:00:00,2025-10-10 19:15:00,2025-10-10 19:45:00,LONG,116827.4,3.711903200790573,-4.288096799209427,23.711903200790573,-70.82242693066817,2,TRAILING_STOP,MACD Divergence
2025-10-11 11:30:00,2025-10-11 11:45:00,2025-10-11 12:15:00,SHORT,112337.2,-3.364121591066791,-11.364121591066791,26.63587840893321,-11.52423240030964,2,TRAILING_STOP,MACD Divergence
2025-10-11 16:00:00,2025-10-11 16:15:00,2025-10-11 18:00:00,LONG,112059.62,-8.764016868877166,-16.764016868877164,11.235983131122834,-55.03409702799205,7,TRAILING_STOP,MACD Divergence
2025-10-11 19:00:00,2025-10-11 19:15:00,2025-10-11 21:45:00,LONG,111570.5,-60.675536992305894,-68.6755369923059,0.0,-180.0574524627929,10,TIME_EXIT,MACD Divergence
2025-10-12 00:45:00,2025-10-12 01:00:00,2025-10-12 01:30:00,LONG,109641.54,34.51309786418564,26.51309786418564,54.51309786418564,0.0,2,TRAILING_STOP,MACD Divergence
2025-10-12 06:15:00,2025-10-12 06:30:00,2025-10-12 09:00:00,SHORT,111933.62,65.49417413642044,57.49417413642044,70.91256407145592,-0.020547892582271292,10,TIME_EXIT,MACD Divergence
2025-10-12 09:15:00,2025-10-12 09:30:00,2025-10-12 10:15:00,LONG,111388.98,37.245339709548354,29.245339709548354,57.245339709548354,0.0,3,TRAILING_STOP,MACD Divergence
2025-10-12 12:00:00,2025-10-12 12:15:00,2025-10-12 13:00:00,SHORT,112133.57,21.59650227848867,13.596502278488671,51.59650227848867,0.0,3,TRAILING_STOP,MACD Divergence
2025-10-12 14:45:00,2025-10-12 15:00:00,2025-10-12 17:30:00,SHORT,112338.11,-177.67167348640572,-185.67167348640572,0.0,-210.24832979654005,10,TIME_EXIT,MACD Divergence
2025-10-12 20:00:00,2025-10-12 20:15:00,2025-10-12 21:30:00,SHORT,114602.15,3.542128136338995,-4.457871863661005,33.542128136338995,-87.07079230189014,5,TRAILING_STOP,MACD Divergence
2025-10-13 00:15:00,2025-10-13 00:30:00,2025-10-13 01:15:00,SHORT,115218.64,-9.353167161146896,-17.353167161146896,20.646832838853104,-37.839363491879084,3,TRAILING_STOP,MACD Divergence
2025-10-13 04:45:00,2025-10-13 05:00:00,2025-10-13 05:30:00,LONG,114708.15,-8.967653998429673,-16.967653998429675,11.032346001570327,-15.351132417356267,2,TRAILING_STOP,MACD Divergence
2025-10-13 19:00:00,2025-10-13 19:15:00,2025-10-13 21:45:00,SHORT,115268.94,-37.3960235949075,-45.3960235949075,0.0,-53.99199472121463,10,TIME_EXIT,MACD Divergence
2025-10-13 22:00:00,2025-10-13 22:15:00,2025-10-14 00:45:00,SHORT,115741.09,67.56978010143136,59.56978010143136,75.09519739273266,0.0,10,TIME_EXIT,MACD Divergence
2025-10-14 03:30:00,2025-10-14 03:45:00,2025-10-14 04:30:00,LONG,113497.22,-10.945152665412945,-18.945152665412945,9.054847334587055,-34.6123015171646,3,TRAILING_STOP,MACD Divergence
2025-10-14 06:15:00,2025-10-14 06:30:00,2025-10-14 09:00:00,LONG,112282.33,-45.24220329236178,-53.24220329236178,0.0,-82.5882398414788,10,TIME_EXIT,MACD Divergence
2025-10-14 09:30:00,2025-10-14 09:45:00,2025-10-14 11:30:00,LONG,111513.93,-9.566325928966378,-17.56632592896638,10.433674071033622,-134.66389356020255,7,TRAILING_STOP,MACD Divergence
2025-10-14 13:30:00,2025-10-14 13:45:00,2025-10-14 14:15:00,LONG,110680.0,117.33285146367908,109.33285146367908,137.33285146367908,0.0,2,TRAILING_STOP,MACD Divergence
2025-10-14 18:00:00,2025-10-14 18:15:00,2025-10-14 19:00:00,SHORT,113260.71,22.797655956774882,14.797655956774882,52.79765595677488,-7.968341360388788,3,TRAILING_STOP,MACD Divergence
2025-10-14 22:00:00,2025-10-14 22:15:00,2025-10-14 22:45:00,SHORT,113440.01,24.464910572556484,16.464910572556484,54.464910572556484,0.0,2,TRAILING_STOP,MACD Divergence
2025-10-15 01:45:00,2025-10-15 02:00:00,2025-10-15 02:30:00,LONG,112738.17,57.54072999411004,49.54072999411004,77.54072999411004,0.0,2,TRAILING_STOP,MACD Divergence
2025-10-15 12:00:00,2025-10-15 12:15:00,2025-10-15 13:30:00,LONG,111992.59,-18.289172524717618,-26.289172524717618,1.710827475282382,-71.35650671173865,5,TRAILING_STOP,MACD Divergence
2025-10-15 14:45:00,2025-10-15 15:00:00,2025-10-15 15:15:00,LONG,111059.77,27.624805994105536,19.624805994105536,47.624805994105536,-45.90050924830874,1,TRAILING_STOP,MACD Divergence
2025-10-15 17:30:00,2025-10-15 17:45:00,2025-10-15 19:00:00,LONG,110716.88,51.85263891106747,43.85263891106747,71.85263891106747,0.0,5,TRAILING_STOP,MACD Divergence
2025-10-15 20:15:00,2025-10-15 20:30:00,2025-10-15 21:15:00,SHORT,111060.53,20.47067576572872,12.470675765728721,50.47067576572872,-33.68253329963415,3,TRAILING_STOP,MACD Divergence
2025-10-16 00:15:00,2025-10-16 00:30:00,2025-10-16 03:00:00,LONG,110784.75,63.93027921261726,55.93027921261726,74.491299569661,-38.249849370062215,10,TIME_EXIT,MACD Divergence
2025-10-16 03:00:00,2025-10-16 03:15:00,2025-10-16 05:30:00,SHORT,111493.01,32.0783311886539,24.078331188653898,62.0783311886539,-21.25962874264484,9,TRAILING_STOP,MACD Divergence
2025-10-16 07:00:00,2025-10-16 07:15:00,2025-10-16 08:45:00,SHORT,111402.58,59.54729773762885,51.54729773762885,89.54729773762885,0.0,6,TRAILING_STOP,MACD Divergence
2025-10-16 12:00:00,2025-10-16 12:15:00,2025-10-16 13:30:00,SHORT,111535.17,31.745546270292415,23.745546270292415,61.745546270292415,-12.925967656659173,5,TRAILING_STOP,MACD Divergence
2025-10-16 18:15:00,2025-10-16 18:30:00,2025-10-16 19:00:00,LONG,107865.78,62.068659773285404,54.068659773285404,82.0686597732854,-15.369100376412133,2,TRAILING_STOP,MACD Divergence
2025-10-17 00:15:00,2025-10-17 00:30:00,2025-10-17 02:30:00,SHORT,108499.99,-19.882026717237594,-27.882026717237594,10.117973282762406,-56.690327805559846,8,TRAILING_STOP,MACD Divergence
2025-10-17 03:00:00,2025-10-17 03:15:00,2025-10-17 05:45:00,SHORT,109047.49,61.049548228942314,53.049548228942314,68.6278978085612,-17.653776350101662,10,TIME_EXIT,MACD Divergence
2025-10-17 08:15:00,2025-10-17 08:30:00,2025-10-17 08:45:00,LONG,105173.59,-13.410893362107073,-21.410893362107075,6.589106637892927,-41.10917959537186,1,TRAILING_STOP,MACD Divergence
2025-10-17 15:45:00,2025-10-17 16:00:00,2025-10-17 17:00:00,SHORT,106803.52,22.785713429670118,14.785713429670118,52.78571342967012,-41.67091122090336,4,TRAILING_STOP,MACD Divergence
2025-10-17 21:00:00,2025-10-17 21:15:00,2025-10-17 23:45:00,SHORT,107393.0,89.51421414803637,81.51421414803637,93.20160531878224,-4.378311435568805,10,TIME_EXIT,MACD Divergence
2025-10-18 00:15:00,2025-10-18 00:30:00,2025-10-18 02:00:00,LONG,106744.04,32.65118314802439,24.651183148024387,52.65118314802439,0.0,6,TRAILING_STOP,MACD Divergence
2025-10-18 05:30:00,2025-10-18 05:45:00,2025-10-18 07:15:00,LONG,106684.01,56.39289149329926,48.39289149329926,76.39289149329926,0.0,6,TRAILING_STOP,MACD Divergence
2025-10-18 12:15:00,2025-10-18 12:30:00,2025-10-18 15:00:00,SHORT,107116.0,5.164681280107381,-2.8353187198926193,35.16468128010738,-2.8175062549005765,10,TRAILING_STOP,MACD Divergence
2025-10-18 15:30:00,2025-10-18 15:45:00,2025-10-18 16:15:00,LONG,106897.86,-4.468351377660991,-12.46835137766099,15.53164862233901,-16.638312497556132,2,TRAILING_STOP,MACD Divergence
2025-10-18 20:45:00,2025-10-18 21:00:00,2025-10-18 22:15:00,SHORT,107018.5,-15.189476585823947,-23.189476585823947,14.810523414176053,-24.78169662254717,5,TRAILING_STOP,MACD Divergence
2025-10-19 00:00:00,2025-10-19 00:15:00,2025-10-19 02:45:00,SHORT,107084.09,22.138676249664393,14.138676249664393,32.67712318421889,-0.8227179219618593,10,TIME_EXIT,MACD Divergence
2025-10-19 02:45:00,2025-10-19 03:00:00,2025-10-19 04:00:00,LONG,106847.03,28.6798743961348,20.6798743961348,48.6798743961348,0.0,4,TRAILING_STOP,MACD Divergence
2025-10-19 05:45:00,2025-10-19 06:00:00,2025-10-19 08:15:00,LONG,106888.6,9.440931960937629,1.440931960937629,29.44093196093763,-56.8694884206557,9,TRAILING_STOP,MACD Divergence
2025-10-19 09:00:00,2025-10-19 09:15:00,2025-10-19 10:00:00,LONG,108249.91,14.34367751437295,6.343677514372949,34.34367751437295,0.0,3,TRAILING_STOP,MACD Divergence
2025-10-19 11:45:00,2025-10-19 12:00:00,2025-10-19 13:15:00,SHORT,109056.56,-26.469721766393512,-34.46972176639351,3.5302782336064884,-36.08311136900058,5,TRAILING_STOP,MACD Divergence
2025-10-19 16:00:00,2025-10-19 16:15:00,2025-10-19 17:15:00,LONG,108741.7,37.87016388377303,29.87016388377303,57.87016388377303,0.0,4,TRAILING_STOP,MACD Divergence
2025-10-19 23:15:00,2025-10-19 23:30:00,2025-10-20 02:00:00,SHORT,110422.1,-74.02231980735698,-82.02231980735698,0.0,-92.69611789668846,10,TIME_EXIT,MACD Divergence
2025-10-20 02:00:00,2025-10-20 02:15:00,2025-10-20 03:00:00,SHORT,111239.46,-3.385343654130267,-11.385343654130267,26.614656345869733,-39.53543104218535,3,TRAILING_STOP,MACD Divergence
2025-10-20 05:15:00,2025-10-20 05:30:00,2025-10-20 07:00:00,LONG,110731.78,22.56050069817345,14.560500698173449,42.56050069817345,-3.879645030540632,6,TRAILING_STOP,MACD Divergence
2025-10-20 08:00:00,2025-10-20 08:15:00,2025-10-20 08:30:00,LONG,110910.26,12.59932850216132,4.59932850216132,32.59932850216132,0.0,1,TRAILING_STOP,MACD Divergence
2025-10-20 11:00:00,2025-10-20 11:15:00,2025-10-20 11:30:00,LONG,110469.94,34.445580399517894,26.445580399517894,54.445580399517894,-0.24078948535714714,1,TRAILING_STOP,MACD Divergence
2025-10-20 15:30:00,2025-10-20 15:45:00,2025-10-20 17:00:00,SHORT,111022.6,24.434862811716336,16.434862811716336,54.434862811716336,0.0,5,TRAILING_STOP,MACD Divergence
2025-10-20 19:00:00,2025-10-20 19:15:00,2025-10-20 21:45:00,LONG,110499.06,-94.67229856977927,-102.67229856977927,0.0,-110.84890676898024,10,TIME_EXIT,MACD Divergence
2025-10-20 21:45:00,2025-10-20 22:00:00,2025-10-20 22:15:00,LONG,109452.95,-16.37743889040828,-24.37743889040828,3.622561109591722,-36.62395577277731,1,TRAILING_STOP,MACD Divergence
2025-10-21 00:30:00,2025-10-21 00:45:00,2025-10-21 01:30:00,LONG,107645.78,23.34958602185793,15.349586021857931,43.34958602185793,0.0,3,TRAILING_STOP,MACD Divergence
2025-10-21 03:15:00,2025-10-21 03:30:00,2025-10-21 04:45:00,LONG,107695.79,-0.6157696600759124,-8.615769660075912,19.384230339924088,-10.751580911379508,5,TRAILING_STOP,MACD Divergence
2025-10-21 07:15:00,2025-10-21 07:30:00,2025-10-21 08:30:00,SHORT,108793.39,27.559563131547456,19.559563131547456,57.559563131547456,-93.48913569105676,4,TRAILING_STOP,MACD Divergence
2025-10-21 10:15:00,2025-10-21 10:30:00,2025-10-21 11:30:00,SHORT,113422.6,62.383704834839875,54.383704834839875,92.38370483483988,-50.9069621045536,4,TRAILING_STOP,MACD Divergence
2025-10-21 14:30:00,2025-10-21 14:45:00,2025-10-21 17:15:00,LONG,111311.04,-201.6026442660133,-209.6026442660133,0.0,-273.0510828036465,10,TIME_EXIT,MACD Divergence
2025-10-21 18:00:00,2025-10-21 18:15:00,2025-10-21 18:45:00,LONG,108506.67,-7.37957767941802,-15.37957767941802,12.62042232058198,-60.21933951157088,2,TRAILING_STOP,MACD Divergence
2025-10-21 21:45:00,2025-10-21 22:00:00,2025-10-21 23:30:00,LONG,108154.07,24.83603807050426,16.83603807050426,44.83603807050426,-14.478419536131284,6,TRAILING_STOP,MACD Divergence
2025-10-22 01:00:00,2025-10-22 01:15:00,2025-10-22 02:30:00,LONG,108026.05,7.362844425024939,-0.6371555749750613,27.36284442502494,-38.51385846284326,5,TRAILING_STOP,MACD Divergence
2025-10-22 05:30:00,2025-10-22 05:45:00,2025-10-22 06:00:00,LONG,107966.46,-17.97159228893916,-25.97159228893916,2.0284077110608405,-24.865129411486343,1,TRAILING_STOP,MACD Divergence
2025-10-22 09:15:00,2025-10-22 09:30:00,2025-10-22 10:00:00,SHORT,108947.49,81.10398229459088,73.10398229459088,111.10398229459088,0.0,2,TRAILING_STOP,MACD Divergence
2025-10-22 12:45:00,2025-10-22 13:00:00,2025-10-22 13:45:00,LONG,108014.03,16.80818130755808,8.80818130755808,36.80818130755808,-14.311103844565539,3,TRAILING_STOP,MACD Divergence
2025-10-22 15:30:00,2025-10-22 15:45:00,2025-10-22 16:30:00,LONG,107139.29,30.77129034549384,22.77129034549384,50.77129034549384,-36.659753858737496,3,TRAILING_STOP,MACD Divergence
2025-10-22 20:45:00,2025-10-22 21:00:00,2025-10-22 23:30:00,SHORT,108206.32,-56.87652994760267,-64.87652994760268,0.0,-67.83430025159295,10,TIME_EXIT,MACD Divergence
2025-10-22 23:45:00,2025-10-23 00:00:00,2025-10-23 00:30:00,SHORT,108766.79,-19.366239455996727,-27.366239455996727,10.633760544003271,-30.635270195985964,2,TRAILING_STOP,MACD Divergence
2025-10-23 11:15:00,2025-10-23 11:30:00,2025-10-23 12:00:00,SHORT,110263.74,2.0994009454061953,-5.900599054593805,32.099400945406195,-66.77263078506087,2,TRAILING_STOP,MACD Divergence
2025-10-23 15:30:00,2025-10-23 15:45:00,2025-10-23 18:15:00,LONG,109716.5,32.96495969156808,24.964959691568083,40.27379655749093,-30.659016647450898,10,TIME_EXIT,MACD Divergence
2025-10-23 20:15:00,2025-10-23 20:30:00,2025-10-23 22:30:00,SHORT,110585.09,-1.9455850693804493,-9.94558506938045,28.05441493061955,-22.116905633481124,8,TRAILING_STOP,MACD Divergence
2025-10-23 23:15:00,2025-10-23 23:45:00,2025-10-24 04:15:00,SHORT,110972.51,-29.252968144994323,-37.25296814499433,0.7470318550056765,-46.00058158547649,4,TRAILING_STOP,MACD Divergence
2025-10-24 07:00:00,2025-10-24 07:15:00,2025-10-24 08:15:00,SHORT,111566.97,76.43472705228137,68.43472705228137,106.43472705228137,0.0,4,TRAILING_STOP,MACD Divergence
2025-10-24 10:30:00,2025-10-24 10:45:00,2025-10-24 11:00:00,LONG,110029.4,9.415774329406823,1.4157743294068226,29.415774329406823,-10.171826802654405,1,TRAILING_STOP,MACD Divergence
2025-10-24 14:00:00,2025-10-24 14:15:00,2025-10-24 15:15:00,SHORT,110746.0,-5.800480378523826,-13.800480378523826,24.199519621476174,-25.278565365791728,4,TRAILING_STOP,MACD Divergence
2025-10-24 16:45:00,2025-10-24 17:00:00,2025-10-24 19:30:00,SHORT,111073.12,16.66649860920404,8.66649860920404,36.035721333838,-4.569062253765808,10,TIME_EXIT,MACD Divergence
2025-10-24 19:30:00,2025-10-24 19:45:00,2025-10-24 20:00:00,LONG,110888.0,10.541627588196942,2.541627588196942,30.541627588196942,0.0,1,TRAILING_STOP,MACD Divergence
2025-10-24 22:30:00,2025-10-24 22:45:00,2025-10-25 01:15:00,SHORT,111200.0,-14.96582733812934,-22.96582733812934,9.533273381294492,-26.7176258992811,10,TIME_EXIT,MACD Divergence
2025-10-25 01:15:00,2025-10-25 01:30:00,2025-10-25 04:00:00,SHORT,111366.43,-32.54302036978404,-40.54302036978404,0.0,-43.43319616153734,10,TIME_EXIT,MACD Divergence
2025-10-25 04:00:00,2025-10-25 04:15:00,2025-10-25 06:45:00,SHORT,111728.86,2.583038974889799,-5.416961025110201,31.598818783258228,0.0,10,TIME_EXIT,MACD Divergence
2025-10-25 07:15:00,2025-10-25 07:30:00,2025-10-25 10:00:00,SHORT,111899.03,36.259474277838265,28.259474277838265,45.28368119008728,0.0,10,TIME_EXIT,MACD Divergence
2025-10-25 10:00:00,2025-10-25 10:15:00,2025-10-25 12:45:00,LONG,111493.3,9.569184874786407,1.5691848747864068,9.569184874786407,-29.500427379941527,10,TIME_EXIT,MACD Divergence
2025-10-25 13:30:00,2025-10-25 13:45:00,2025-10-25 16:45:00,SHORT,111605.48,13.306694259098636,5.306694259098636,21.099322363023386,-10.261144882850203,10,TIME_EXIT,MACD Divergence
2025-10-25 19:15:00,2025-10-25 20:30:00,2025-10-25 23:00:00,SHORT,111558.97,12.10301601027726,4.10301601027726,26.758941929994876,-11.509607878236432,10,TIME_EXIT,MACD Divergence
2025-10-25 23:30:00,2025-10-25 23:45:00,2025-10-26 02:15:00,LONG,111486.52,21.29943602150214,13.299436021502139,21.38733902538193,0.0,10,TIME_EXIT,MACD Divergence
2025-10-26 02:15:00,2025-10-26 02:30:00,2025-10-26 03:45:00,SHORT,111723.98,-28.62607830476579,-36.62607830476579,1.3739216952342077,-90.94019027965207,5,TRAILING_STOP,MACD Divergence
2025-10-26 05:45:00,2025-10-26 06:00:00,2025-10-26 08:30:00,SHORT,112707.09,-97.2716090886569,-105.2716090886569,0.0,-114.71416749381103,10,TIME_EXIT,MACD Divergence
2025-10-26 14:45:00,2025-10-26 15:00:00,2025-10-26 15:45:00,LONG,113372.23,-10.485324316191901,-18.4853243161919,9.514675683808099,-41.56485234523445,3,TRAILING_STOP,MACD Divergence
2025-10-26 20:15:00,2025-10-26 20:45:00,2025-10-26 23:30:00,SHORT,115157.79,-6.765792396676101,-14.765792396676101,23.2342076033239,-23.237681098257084,5,TRAILING_STOP,MACD Divergence
2025-10-27 08:00:00,2025-10-27 08:15:00,2025-10-27 08:30:00,LONG,114882.66,21.37613108888639,13.376131088886389,41.37613108888639,-20.368609153026224,1,TRAILING_STOP,MACD Divergence
2025-10-27 11:45:00,2025-10-27 12:00:00,2025-10-27 13:30:00,SHORT,115328.98,4.3920495958604135,-3.6079504041395865,34.39204959586041,-39.97434122802474,6,TRAILING_STOP,MACD Divergence
2025-10-27 16:00:00,2025-10-27 16:15:00,2025-10-27 17:00:00,LONG,114300.24,4.914208404110923,-3.085791595889077,24.914208404110923,-14.418167450917243,3,TRAILING_STOP,MACD Divergence
2025-10-27 19:00:00,2025-10-27 19:15:00,2025-10-27 20:30:00,LONG,113989.7,28.907927646094343,20.907927646094343,48.90792764609434,-2.4589941020985964,5,TRAILING_STOP,MACD Divergence
2025-10-28 00:15:00,2025-10-28 00:30:00,2025-10-28 02:30:00,LONG,113605.32,46.869227603073355,38.869227603073355,66.86922760307336,0.0,8,TRAILING_STOP,MACD Divergence
2025-10-28 03:00:00,2025-10-28 03:15:00,2025-10-28 05:15:00,SHORT,114421.63,-11.09186173977719,-19.09186173977719,18.90813826022281,-18.600504117971553,8,TRAILING_STOP,MACD Divergence
2025-10-28 05:45:00,2025-10-28 06:00:00,2025-10-28 07:30:00,SHORT,114553.68,6.281680344096792,-1.7183196559032083,36.28168034409679,-26.49063740248296,6,TRAILING_STOP,MACD Divergence
2025-10-28 09:15:00,2025-10-28 09:30:00,2025-10-28 09:45:00,LONG,115068.18,3.2027655256218743,-4.797234474378126,23.202765525621874,-3.716057732032849,1,TRAILING_STOP,MACD Divergence
2025-10-28 15:00:00,2025-10-28 15:15:00,2025-10-28 16:15:00,LONG,112745.0,22.620958800833634,14.620958800833634,42.620958800833634,-47.36351944653865,4,TRAILING_STOP,MACD Divergence
2025-10-28 19:30:00,2025-10-28 19:45:00,2025-10-28 20:00:00,LONG,112317.72,38.586481278287955,30.586481278287955,58.586481278287955,-9.00392208816246,1,TRAILING_STOP,MACD Divergence
2025-10-29 01:15:00,2025-10-29 01:30:00,2025-10-29 04:00:00,SHORT,113284.21,30.579725100260028,22.579725100260028,45.51207975056733,-30.00506425387871,10,TIME_EXIT,MACD Divergence
2025-10-29 04:45:00,2025-10-29 05:00:00,2025-10-29 05:15:00,LONG,113038.65,-14.573537458204688,-22.57353745820469,5.426462541795312,-27.04738600469757,1,TRAILING_STOP,MACD Divergence
2025-10-29 07:30:00,2025-10-29 07:45:00,2025-10-29 10:15:00,SHORT,113357.04,162.96297080445893,154.96297080445893,172.5115616992111,-21.64047332216969,10,TIME_EXIT,MACD Divergence
2025-10-29 11:30:00,2025-10-29 11:45:00,2025-10-29 12:30:00,LONG,111114.18,62.4422229458025,54.4422229458025,82.4422229458025,-0.16379547596827276,3,TRAILING_STOP,MACD Divergence
2025-10-29 18:30:00,2025-10-29 18:45:00,2025-10-29 19:45:00,LONG,110150.92,21.83532920106404,13.835329201064042,41.83532920106404,0.0,4,TRAILING_STOP,MACD Divergence
2025-10-30 05:15:00,2025-10-30 05:30:00,2025-10-30 08:00:00,LONG,110105.75,-239.11103643542683,-247.11103643542683,0.0,-245.74102624068226,10,TIME_EXIT,MACD Divergence
2025-10-30 10:00:00,2025-10-30 10:15:00,2025-10-30 11:30:00,LONG,107676.34,30.011915338133647,22.011915338133647,50.01191533813365,-19.103546795888224,5,TRAILING_STOP,MACD Divergence
2025-10-30 13:15:00,2025-10-30 13:30:00,2025-10-30 14:00:00,LONG,106837.09,9.647943424891114,1.647943424891114,29.647943424891114,-49.865641230026014,2,TRAILING_STOP,MACD Divergence
2025-10-30 16:30:00,2025-10-30 16:45:00,2025-10-30 17:15:00,SHORT,107659.73,-12.562653649605483,-20.562653649605483,17.437346350394517,-23.507396869748955,2,TRAILING_STOP,MACD Divergence
2025-10-30 23:00:00,2025-10-30 23:15:00,2025-10-31 01:45:00,SHORT,110068.25,35.6151751299757,27.615175129975697,57.01099090791348,-1.4336559362031136,10,TIME_EXIT,MACD Divergence
2025-10-31 03:30:00,2025-10-31 03:45:00,2025-10-31 05:00:00,SHORT,110144.59,9.449055101117068,1.449055101117068,39.44905510111707,0.0,5,TRAILING_STOP,MACD Divergence
2025-10-31 08:00:00,2025-10-31 08:15:00,2025-10-31 08:30:00,LONG,109614.9,67.65596647901071,59.655966479010715,87.65596647901071,0.0,1,TRAILING_STOP,MACD Divergence
2025-10-31 18:30:00,2025-10-31 18:45:00,2025-10-31 20:00:00,LONG,109471.44,32.66761814771028,24.66761814771028,52.66761814771028,-3.505023776063907,5,TRAILING_STOP,MACD Divergence
2025-10-31 21:30:00,2025-10-31 21:45:00,2025-11-01 00:15:00,SHORT,109900.48,-21.86614653548353,-29.86614653548353,0.0,-60.41920836014632,10,TIME_EXIT,MACD Divergence
2025-11-01 04:00:00,2025-11-01 04:15:00,2025-11-01 06:45:00,LONG,110005.54,6.6678460012110135,-1.3321539987889865,21.20256852518566,-13.710218594444646,10,TIME_EXIT,MACD Divergence
2025-11-01 07:30:00,2025-11-01 07:45:00,2025-11-01 08:00:00,LONG,109961.22,-11.47517643038107,-19.47517643038107,8.52482356961893,-23.513744209094593,1,TRAILING_STOP,MACD Divergence
2025-11-01 11:30:00,2025-11-01 11:45:00,2025-11-01 14:15:00,SHORT,110349.88,4.521074241313123,-3.478925758686877,14.307219908168875,-1.0104224852799277,10,TIME_EXIT,MACD Divergence
2025-11-01 14:45:00,2025-11-01 15:00:00,2025-11-01 17:30:00,SHORT,110445.73,37.086087438599144,29.086087438599144,53.174531962439254,-0.9823829314185185,10,TIME_EXIT,MACD Divergence
2025-11-01 18:45:00,2025-11-01 19:00:00,2025-11-01 21:00:00,LONG,110030.65,1.1995475806067972,-6.800452419393203,21.199547580606797,-13.74707865490159,8,TRAILING_STOP,MACD Divergence
2025-11-01 21:30:00,2025-11-01 21:45:00,2025-11-01 23:30:00,LONG,110026.7,48.84056324510392,40.84056324510392,68.84056324510392,-5.874937628775507,7,TRAILING_STOP,MACD Divergence
2025-11-02 01:15:00,2025-11-02 01:30:00,2025-11-02 02:15:00,SHORT,110663.9,-8.836820318098574,-16.836820318098574,21.163179681901426,-34.44574066158904,3,TRAILING_STOP,MACD Divergence
2025-11-02 04:00:00,2025-11-02 04:15:00,2025-11-02 05:45:00,SHORT,110625.22,-4.773383501519184,-12.773383501519184,25.226616498480816,-22.717242957799108,6,TRAILING_STOP,MACD Divergence
2025-11-02 06:45:00,2025-11-02 07:00:00,2025-11-02 08:15:00,SHORT,110935.84,38.68835175359018,30.688351753590183,68.68835175359018,0.0,5,TRAILING_STOP,MACD Divergence
2025-11-02 09:30:00,2025-11-02 09:45:00,2025-11-02 10:00:00,LONG,110392.04,-4.234370521641944,-12.234370521641944,15.765629478358056,-14.066231586987508,1,TRAILING_STOP,MACD Divergence
2025-11-02 15:45:00,2025-11-02 16:00:00,2025-11-02 17:00:00,LONG,110020.29,-12.644084104849426,-20.644084104849426,7.355915895150574,-49.895342031910396,4,TRAILING_STOP,MACD Divergence
2025-11-02 18:45:00,2025-11-02 19:00:00,2025-11-02 20:00:00,SHORT,110332.57,57.53716151087633,49.53716151087633,87.53716151087633,0.0,4,TRAILING_STOP,MACD Divergence
2025-11-02 22:00:00,2025-11-02 22:15:00,2025-11-03 00:45:00,LONG,108252.56,-73.6767795606859,-81.6767795606859,0.0,-88.40252830972274,10,TIME_EXIT,MACD Divergence
2025-11-03 00:45:00,2025-11-03 01:00:00,2025-11-03 02:00:00,LONG,107455.0,15.126331952910249,7.126331952910249,35.12633195291025,-41.780280117258116,4,TRAILING_STOP,MACD Divergence
2025-11-03 05:15:00,2025-11-03 05:30:00,2025-11-03 07:00:00,LONG,106974.99,100.630999825286,92.630999825286,120.630999825286,0.0,6,TRAILING_STOP,MACD Divergence
2025-11-03 08:30:00,2025-11-03 08:45:00,2025-11-03 09:15:00,SHORT,107875.26,16.92920322973034,8.92920322973034,46.92920322973034,-17.824290759530854,2,TRAILING_STOP,MACD Divergence
2025-11-03 15:45:00,2025-11-03 16:00:00,2025-11-03 16:30:00,LONG,106625.06,18.80701216018062,10.80701216018062,38.80701216018062,-24.57396038042127,2,TRAILING_STOP,MACD Divergence
2025-11-03 18:45:00,2025-11-03 19:00:00,2025-11-03 19:15:00,LONG,105852.37,63.251796818531815,55.251796818531815,83.25179681853182,0.0,1,TRAILING_STOP,MACD Divergence
2025-11-03 22:00:00,2025-11-03 22:15:00,2025-11-04 00:30:00,SHORT,107165.91,246.75871926063087,238.75871926063087,276.75871926063087,-12.419061248114863,9,TRAILING_STOP,MACD Divergence
2025-11-04 02:30:00,2025-11-04 02:45:00,2025-11-04 03:15:00,LONG,103880.07,52.32571175587313,44.32571175587313,72.32571175587313,0.0,2,TRAILING_STOP,MACD Divergence
2025-11-04 05:15:00,2025-11-04 05:30:00,2025-11-04 06:30:00,LONG,103816.39,65.0231837188721,57.023183718872104,85.0231837188721,0.0,4,TRAILING_STOP,MACD Divergence
2025-11-04 08:00:00,2025-11-04 08:15:00,2025-11-04 09:30:00,LONG,104193.56,40.52389418309494,32.52389418309494,60.52389418309494,-122.70528044151622,5,TRAILING_STOP,MACD Divergence
2025-11-04 12:30:00,2025-11-04 12:45:00,2025-11-04 13:45:00,LONG,100810.99,69.3602969279432,61.360296927943196,89.3602969279432,-79.38221814903407,4,TRAILING_STOP,MACD Divergence
2025-11-04 16:00:00,2025-11-04 16:15:00,2025-11-04 17:00:00,LONG,99304.26,240.69677171956187,232.69677171956187,260.69677171956187,0.0,3,TRAILING_STOP,MACD Divergence
2025-11-04 21:15:00,2025-11-04 21:30:00,2025-11-04 21:45:00,SHORT,101677.94,-12.737651844637682,-20.737651844637682,17.262348155362318,-48.867040382603676,1,TRAILING_STOP,MACD Divergence
2025-11-05 03:15:00,2025-11-05 03:30:00,2025-11-05 04:30:00,LONG,101699.74,15.123000314454792,7.123000314454792,35.12300031445479,-9.020672029250541,4,TRAILING_STOP,MACD Divergence
2025-11-05 07:30:00,2025-11-05 07:45:00,2025-11-05 08:00:00,SHORT,102500.0,-16.301463414633808,-24.301463414633808,13.698536585366194,-47.52682926829212,1,TRAILING_STOP,MACD Divergence
2025-11-05 10:15:00,2025-11-05 10:30:00,2025-11-05 10:45:00,SHORT,103728.3,34.66316328330892,26.66316328330892,64.66316328330892,0.0,1,TRAILING_STOP,MACD Divergence
2025-11-05 13:00:00,2025-11-05 13:15:00,2025-11-05 14:30:00,SHORT,104185.8,-6.407533464253007,-14.407533464253007,23.592466535746993,-33.49208817324456,5,TRAILING_STOP,MACD Divergence
2025-11-05 17:00:00,2025-11-05 17:15:00,2025-11-05 18:15:00,LONG,103571.83,30.995526486304065,22.995526486304065,50.995526486304065,0.0,4,TRAILING_STOP,MACD Divergence
2025-11-05 19:45:00,2025-11-05 20:00:00,2025-11-05 20:30:00,LONG,102833.83,47.65769591582847,39.65769591582847,67.65769591582847,0.0,2,TRAILING_STOP,MACD Divergence
2025-11-06 01:45:00,2025-11-06 02:00:00,2025-11-06 04:30:00,LONG,103442.38,-55.601968941550204,-63.601968941550204,0.0,-76.44352343787914,10,TIME_EXIT,MACD Divergence
2025-11-06 04:30:00,2025-11-06 04:45:00,2025-11-06 05:30:00,LONG,102867.22,20.96251458919521,12.962514589195209,40.96251458919521,-11.996046942844783,3,TRAILING_STOP,MACD Divergence
2025-11-06 07:15:00,2025-11-06 07:30:00,2025-11-06 08:00:00,LONG,102552.39,84.73378533645165,76.73378533645165,104.73378533645165,0.0,2,TRAILING_STOP,MACD Divergence
2025-11-06 10:45:00,2025-11-06 11:00:00,2025-11-06 12:30:00,LONG,101805.83,-6.201183173891325,-14.201183173891325,13.798816826108675,-144.95142370530274,6,TRAILING_STOP,MACD Divergence
2025-11-06 19:15:00,2025-11-06 19:30:00,2025-11-06 19:45:00,SHORT,101479.79,-1.7125942022546852,-9.712594202254685,28.287405797745315,-40.89878388593514,1,TRAILING_STOP,MACD Divergence
2025-11-06 23:30:00,2025-11-06 23:45:00,2025-11-07 02:15:00,SHORT,102433.44,47.612350029444414,39.612350029444414,77.61235002944441,-6.107380558536125,10,TRAILING_STOP,MACD Divergence
2025-11-07 04:15:00,2025-11-07 04:30:00,2025-11-07 07:00:00,LONG,101013.67,-120.1510647024311,-128.15106470243109,0.0,-136.33996270009803,10,TIME_EXIT,MACD Divergence
2025-11-07 07:00:00,2025-11-07 07:15:00,2025-11-07 07:30:00,LONG,99799.98,33.50902875932481,25.509028759324814,53.50902875932481,-34.557121153730705,1,TRAILING_STOP,MACD Divergence
2025-11-07 10:45:00,2025-11-07 11:00:00,2025-11-07 11:30:00,SHORT,101532.88,28.124028393561638,20.124028393561638,58.12402839356164,-10.478379023622635,2,TRAILING_STOP,MACD Divergence
2025-11-07 13:45:00,2025-11-07 14:00:00,2025-11-07 14:30:00,SHORT,103167.06,-9.735780005750122,-17.735780005750122,20.264219994249878,-25.415088885929006,2,TRAILING_STOP,MACD Divergence
2025-11-07 16:30:00,2025-11-07 16:45:00,2025-11-07 19:00:00,SHORT,103685.32,80.51034032590164,72.51034032590164,110.51034032590164,-23.72177662180064,9,TRAILING_STOP,MACD Divergence
2025-11-07 22:30:00,2025-11-07 23:15:00,2025-11-07 23:45:00,LONG,102709.73,-17.65358160322242,-25.65358160322242,2.346418396777581,-23.191571042003233,2,TRAILING_STOP,MACD Divergence
2025-11-08 01:45:00,2025-11-08 02:00:00,2025-11-08 03:15:00,LONG,102083.2,39.2183630607195,31.218363060719497,59.2183630607195,0.0,5,TRAILING_STOP,MACD Divergence
2025-11-08 05:45:00,2025-11-08 06:00:00,2025-11-08 07:15:00,SHORT,102509.99,47.478302358629676,39.478302358629676,77.47830235862968,0.0,5,TRAILING_STOP,MACD Divergence
2025-11-08 08:30:00,2025-11-08 08:45:00,2025-11-08 09:15:00,LONG,101628.6,24.777749570494173,16.777749570494173,44.77774957049417,0.0,2,TRAILING_STOP,MACD Divergence
2025-11-08 11:30:00,2025-11-08 11:45:00,2025-11-08 13:45:00,LONG,101648.56,36.15721462261755,28.157214622617552,56.15721462261755,-12.44287179277266,8,TRAILING_STOP,MACD Divergence
2025-11-08 15:00:00,2025-11-08 15:15:00,2025-11-08 16:30:00,SHORT,102128.82,-20.188861479060307,-28.188861479060307,9.811138520939695,-23.39202587477209,5,TRAILING_STOP,MACD Divergence
2025-11-08 17:45:00,2025-11-08 18:00:00,2025-11-08 19:00:00,SHORT,102450.97,51.08659195710936,43.08659195710936,81.08659195710936,0.0,4,TRAILING_STOP,MACD Divergence
2025-11-08 21:15:00,2025-11-08 21:30:00,2025-11-08 21:45:00,LONG,101633.25,-3.1993958670021883,-11.199395867002188,16.80060413299781,-22.95016640715514,1,TRAILING_STOP,MACD Divergence
2025-11-09 02:45:00,2025-11-09 03:00:00,2025-11-09 05:15:00,SHORT,101942.39,13.396078902996038,5.396078902996038,43.39607890299604,-18.13475238318381,9,TRAILING_STOP,MACD Divergence
2025-11-09 05:30:00,2025-11-09 05:45:00,2025-11-09 07:30:00,SHORT,102187.08,-16.638232543682808,-24.638232543682808,13.361767456317192,-25.89857739354077,7,TRAILING_STOP,MACD Divergence
2025-11-09 09:00:00,2025-11-09 09:15:00,2025-11-09 09:30:00,SHORT,103347.99,6.327750544543953,-1.672249455456047,36.32775054454395,-12.773349534905783,1,TRAILING_STOP,MACD Divergence
2025-11-09 13:15:00,2025-11-09 13:30:00,2025-11-09 13:45:00,SHORT,104512.66,4.3326827582425835,-3.6673172417574165,34.33268275824258,-21.689238413795326,1,TRAILING_STOP,MACD Divergence
2025-11-09 17:30:00,2025-11-09 17:45:00,2025-11-09 18:30:00,SHORT,104935.21,33.86702804521021,25.867028045210212,63.86702804521021,-13.035662672233046,3,TRAILING_STOP,MACD Divergence
2025-11-10 01:30:00,2025-11-10 01:45:00,2025-11-10 03:45:00,SHORT,106529.2,35.071360716122626,27.071360716122626,65.07136071612263,-2.32800021027126,8,TRAILING_STOP,MACD Divergence
2025-11-10 06:30:00,2025-11-10 06:45:00,2025-11-10 07:30:00,LONG,105990.0,33.985281630342705,25.985281630342705,53.985281630342705,-10.774601377488167,3,TRAILING_STOP,MACD Divergence
2025-11-10 10:15:00,2025-11-10 10:30:00,2025-11-10 11:00:00,LONG,105079.99,5.695662894523949,-2.3043371054760513,25.69566289452395,-15.225543892800639,2,TRAILING_STOP,MACD Divergence
2025-11-10 14:15:00,2025-11-10 14:30:00,2025-11-10 16:15:00,SHORT,105818.0,20.842011756033948,12.842011756033948,50.84201175603395,-43.46046986335023,7,TRAILING_STOP,MACD Divergence
2025-11-10 17:45:00,2025-11-10 18:00:00,2025-11-10 19:15:00,SHORT,106184.26,34.44081260254531,26.440812602545307,64.44081260254531,-7.611297568962385,5,TRAILING_STOP,MACD Divergence
2025-11-11 01:00:00,2025-11-11 01:15:00,2025-11-11 02:00:00,LONG,105005.28,10.709884302960877,2.7098843029608766,30.709884302960877,-18.4676427699634,3,TRAILING_STOP,MACD Divergence
2025-11-11 06:15:00,2025-11-11 06:30:00,2025-11-11 08:00:00,SHORT,105311.9,92.39642433571098,84.39642433571098,122.39642433571098,0.0,6,TRAILING_STOP,MACD Divergence
2025-11-11 09:00:00,2025-11-11 09:15:00,2025-11-11 09:30:00,LONG,104089.15,25.249672996657196,17.249672996657196,45.249672996657196,-15.427160275589454,1,TRAILING_STOP,MACD Divergence
2025-11-11 12:00:00,2025-11-11 12:15:00,2025-11-11 12:30:00,LONG,102990.0,36.54626662782749,28.546266627827492,56.54626662782749,0.0,1,TRAILING_STOP,MACD Divergence
2025-11-11 15:00:00,2025-11-11 15:15:00,2025-11-11 15:45:00,LONG,102829.77,5.373974871284673,-2.6260251287153267,25.373974871284673,-16.590526264913926,2,TRAILING_STOP,MACD Divergence
2025-11-11 19:45:00,2025-11-11 20:00:00,2025-11-11 21:45:00,SHORT,103146.56,-9.959583722424494,-17.959583722424494,20.040416277575506,-25.83993106507855,7,TRAILING_STOP,MACD Divergence
2025-11-11 22:30:00,2025-11-11 22:45:00,2025-11-11 23:45:00,SHORT,103436.73,11.158493699481411,3.1584936994814115,41.15849369948141,-0.4882211570302842,4,TRAILING_STOP,MACD Divergence
2025-11-12 02:45:00,2025-11-12 03:00:00,2025-11-12 05:30:00,SHORT,103863.0,-117.18802653495415,-125.18802653495415,0.0,-128.72726572504166,10,TIME_EXIT,MACD Divergence
2025-11-12 05:30:00,2025-11-12 05:45:00,2025-11-12 06:30:00,SHORT,105080.14,1.717696607560061,-6.282303392439939,31.71769660756006,-9.49560973177223,3,TRAILING_STOP,MACD Divergence
2025-11-12 11:45:00,2025-11-12 12:00:00,2025-11-12 12:30:00,LONG,101601.43,14.098929513099542,6.098929513099542,34.09892951309954,-4.3532851850604795,2,TRAILING_STOP,MACD Divergence
2025-11-12 17:15:00,2025-11-12 17:30:00,2025-11-12 19:00:00,SHORT,101978.95,20.322149816211386,12.322149816211386,50.322149816211386,-6.258154256344764,6,TRAILING_STOP,MACD Divergence
2025-11-12 21:45:00,2025-11-12 22:00:00,2025-11-12 22:15:00,LONG,102124.06,21.062801459323673,13.062801459323673,41.06280145932367,-0.4210565071544268,1,TRAILING_STOP,MACD Divergence
2025-11-13 01:45:00,2025-11-13 02:00:00,2025-11-13 02:45:00,SHORT,103922.02,32.258220153919254,24.258220153919254,62.258220153919254,0.0,3,TRAILING_STOP,MACD Divergence
2025-11-13 07:45:00,2025-11-13 08:00:00,2025-11-13 08:15:00,LONG,102554.62,-9.000983085890923,-17.000983085890923,10.999016914109077,-29.633964808215268,1,TRAILING_STOP,MACD Divergence
2025-11-13 13:15:00,2025-11-13 13:30:00,2025-11-13 14:00:00,LONG,98591.78,51.328461662828815,43.328461662828815,71.32846166282881,-19.45192591106468,2,TRAILING_STOP,MACD Divergence
2025-11-13 18:15:00,2025-11-13 18:30:00,2025-11-13 18:45:00,SHORT,99692.03,58.67609577214938,50.67609577214938,88.67609577214938,0.0,1,TRAILING_STOP,MACD Divergence
2025-11-14 01:00:00,2025-11-14 01:15:00,2025-11-14 01:30:00,LONG,96769.21,80.61464798565571,72.61464798565571,100.61464798565571,0.0,1,TRAILING_STOP,MACD Divergence
2025-11-14 06:00:00,2025-11-14 06:15:00,2025-11-14 08:45:00,LONG,96202.1,-82.06473663256939,-90.06473663256939,0.0,-170.64284459486956,10,TIME_EXIT,MACD Divergence
2025-11-14 11:00:00,2025-11-14 11:15:00,2025-11-14 12:30:00,SHORT,97111.96,125.69246053730214,117.69246053730214,155.69246053730214,-1.6980400766281194,5,TRAILING_STOP,MACD Divergence
2025-11-14 15:30:00,2025-11-14 15:45:00,2025-11-14 16:30:00,LONG,94890.64,31.334884030711073,23.334884030711073,51.33488403071107,-23.488091133119624,3,TRAILING_STOP,MACD Divergence
2025-11-15 02:30:00,2025-11-15 02:45:00,2025-11-15 03:00:00,LONG,96148.55,-5.39863575685755,-13.39863575685755,14.60136424314245,-32.32186028806509,1,TRAILING_STOP,MACD Divergence
2025-11-15 05:45:00,2025-11-15 06:00:00,2025-11-15 08:30:00,LONG,95839.45,63.73367125959164,55.73367125959164,65.91961869564194,-28.61869511980702,10,TIME_EXIT,MACD Divergence
2025-11-15 08:45:00,2025-11-15 09:00:00,2025-11-15 09:45:00,SHORT,96140.8,-24.554861203567494,-32.5548612035675,5.445138796432506,-29.649222806550696,3,TRAILING_STOP,MACD Divergence
2025-11-15 11:45:00,2025-11-15 12:00:00,2025-11-15 14:30:00,SHORT,96013.71,14.681236669222175,6.681236669222175,15.1436706278727,-35.01062504511014,10,TIME_EXIT,MACD Divergence
2025-11-15 15:30:00,2025-11-15 15:45:00,2025-11-15 18:15:00,LONG,95561.77,3.607090994652063,-4.392909005347937,13.838169803676793,-45.675169055576355,10,TIME_EXIT,MACD Divergence
2025-11-15 19:00:00,2025-11-15 19:15:00,2025-11-15 20:00:00,LONG,95453.99,-15.811594675089442,-23.81159467508944,4.188405324910558,-60.76121071523623,3,TRAILING_STOP,MACD Divergence
2025-11-15 22:30:00,2025-11-15 22:45:00,2025-11-15 23:30:00,SHORT,95870.97,-7.026413730871816,-15.026413730871816,22.973586269128184,-17.63411802342228,3,TRAILING_STOP,MACD Divergence
2025-11-16 02:15:00,2025-11-16 02:30:00,2025-11-16 04:00:00,SHORT,96099.98,-4.960452645256524,-12.960452645256524,25.039547354743476,-12.383977603326175,6,TRAILING_STOP,MACD Divergence
2025-11-16 07:00:00,2025-11-16 07:15:00,2025-11-16 07:45:00,LONG,95818.26,-17.090324954762835,-25.090324954762835,2.9096750452371665,-46.947210270776836,2,TRAILING_STOP,MACD Divergence
2025-11-16 10:15:00,2025-11-16 10:30:00,2025-11-16 12:30:00,LONG,94573.46,85.13837603065248,77.13837603065248,105.13837603065248,-84.90542695593567,8,TRAILING_STOP,MACD Divergence
2025-11-16 18:45:00,2025-11-16 19:00:00,2025-11-16 19:30:00,LONG,94723.65,60.671511285725245,52.671511285725245,80.67151128572524,-18.953028098051423,2,TRAILING_STOP,MACD Divergence
2025-11-16 21:45:00,2025-11-16 22:00:00,2025-11-16 22:45:00,SHORT,95433.01,31.157035704941038,23.157035704941038,61.15703570494104,-14.976998001006944,3,TRAILING_STOP,MACD Divergence
2025-11-17 01:45:00,2025-11-17 02:00:00,2025-11-17 03:45:00,SHORT,95449.4,-20.77521702598567,-28.77521702598567,9.224782974014332,-60.48335557897821,7,TRAILING_STOP,MACD Divergence
2025-11-17 06:00:00,2025-11-17 06:15:00,2025-11-17 08:15:00,SHORT,95620.03,184.25741029363783,176.25741029363783,214.25741029363783,0.0,8,TRAILING_STOP,MACD Divergence
2025-11-17 09:00:00,2025-11-17 09:15:00,2025-11-17 09:45:00,SHORT,95145.38,110.73305503640947,102.73305503640947,140.73305503640947,0.0,2,TRAILING_STOP,MACD Divergence
2025-11-17 12:00:00,2025-11-17 12:15:00,2025-11-17 12:30:00,LONG,92852.38,20.06036248074644,12.060362480746441,40.06036248074644,-26.911534200847047,1,TRAILING_STOP,MACD Divergence
2025-11-17 16:45:00,2025-11-17 17:00:00,2025-11-17 17:30:00,LONG,92172.75,3.429918278450671,-4.570081721549329,23.42991827845067,-29.808159135970232,2,TRAILING_STOP,MACD Divergence
2025-11-17 20:45:00,2025-11-17 21:00:00,2025-11-17 21:15:00,LONG,91670.9,-18.442253757735678,-26.442253757735678,1.5577462422643211,-107.28377271304153,1,TRAILING_STOP,MACD Divergence
2025-11-18 01:30:00,2025-11-18 01:45:00,2025-11-18 02:45:00,LONG,89874.7,126.66530180351185,118.66530180351185,146.66530180351185,0.0,4,TRAILING_STOP,MACD Divergence
2025-11-18 04:45:00,2025-11-18 05:00:00,2025-11-18 07:00:00,SHORT,91340.8,-4.731992713004168,-12.731992713004168,25.268007286995832,-58.824753012892124,5,TRAILING_STOP,MACD Divergence
2025-11-18 08:45:00,2025-11-18 09:00:00,2025-11-18 09:30:00,SHORT,91785.82,54.525038834975476,46.525038834975476,84.52503883497548,-50.572081831375804,2,TRAILING_STOP,MACD Divergence
2025-11-18 12:30:00,2025-11-18 12:45:00,2025-11-18 13:30:00,SHORT,93638.65,22.073582863486457,14.073582863486457,52.07358286348646,-2.0664543967694775,3,TRAILING_STOP,MACD Divergence
2025-11-18 15:30:00,2025-11-18 15:45:00,2025-11-18 17:15:00,LONG,93003.41,25.195117039257134,17.195117039257134,45.195117039257134,-58.136578002892826,6,TRAILING_STOP,MACD Divergence
2025-11-18 18:30:00,2025-11-18 18:45:00,2025-11-18 19:15:00,LONG,92512.33,-3.847558482205237,-11.847558482205237,16.152441517794763,-49.45394846286919,2,TRAILING_STOP,MACD Divergence
2025-11-18 22:00:00,2025-11-18 22:15:00,2025-11-18 22:30:00,LONG,91892.53,-10.903504343606983,-18.903504343606983,9.096495656393017,-20.028831505673303,1,TRAILING_STOP,MACD Divergence
2025-11-19 07:15:00,2025-11-19 07:30:00,2025-11-19 08:30:00,SHORT,91780.0,38.86031815210285,30.86031815210285,68.86031815210285,-13.074743952930922,4,TRAILING_STOP,MACD Divergence
2025-11-19 11:15:00,2025-11-19 11:30:00,2025-11-19 14:00:00,LONG,89905.77,-131.51992358221304,-139.51992358221304,0.0,-136.33941403315984,10,TIME_EXIT,MACD Divergence
2025-11-19 14:00:00,2025-11-19 14:15:00,2025-11-19 14:30:00,LONG,88723.33,3.139347903195574,-4.860652096804426,23.139347903195574,-12.998835819169743,1,TRAILING_STOP,MACD Divergence
2025-11-19 17:30:00,2025-11-19 17:45:00,2025-11-19 18:15:00,SHORT,91327.03,-22.878340618325858,-30.878340618325858,7.121659381674144,-29.232309426902546,2,TRAILING_STOP,MACD Divergence
2025-11-19 20:15:00,2025-11-19 20:30:00,2025-11-19 23:00:00,SHORT,92590.13,29.921115781996217,21.921115781996217,50.34337893250659,-15.025359614463804,10,TIME_EXIT,MACD Divergence
2025-11-19 23:15:00,2025-11-19 23:30:00,2025-11-20 01:15:00,SHORT,92962.84,107.23440462877312,99.23440462877312,137.23440462877312,0.0,7,TRAILING_STOP,MACD Divergence
2025-11-20 03:45:00,2025-11-20 04:00:00,2025-11-20 04:30:00,LONG,91819.27,5.129801184434452,-2.870198815565548,25.129801184434452,-41.2462438440211,2,TRAILING_STOP,MACD Divergence
2025-11-20 08:00:00,2025-11-20 08:15:00,2025-11-20 08:45:00,SHORT,91627.72,100.54782984887188,92.54782984887188,130.54782984887188,0.0,2,TRAILING_STOP,MACD Divergence
2025-11-20 11:45:00,2025-11-20 12:00:00,2025-11-20 12:45:00,LONG,87131.99,53.13502193625908,45.13502193625908,73.13502193625908,-57.552914836445396,3,TRAILING_STOP,MACD Divergence
2025-11-20 17:15:00,2025-11-20 17:30:00,2025-11-20 18:00:00,SHORT,88065.98,117.2952438614773,109.2952438614773,147.2952438614773,0.0,2,TRAILING_STOP,MACD Divergence
2025-11-20 21:45:00,2025-11-20 22:00:00,2025-11-20 22:15:00,LONG,85690.06,31.585913231944076,23.585913231944076,51.585913231944076,0.0,1,TRAILING_STOP,MACD Divergence
2025-11-21 01:45:00,2025-11-21 02:00:00,2025-11-21 04:30:00,LONG,85212.45,-364.03600647557886,-372.03600647557886,0.0,-410.22761345319776,10,TIME_EXIT,MACD Divergence
2025-11-21 04:45:00,2025-11-21 05:00:00,2025-11-21 05:30:00,LONG,82057.69,136.35707025142906,128.35707025142906,156.35707025142906,0.0,2,TRAILING_STOP,MACD Divergence
2025-11-21 11:30:00,2025-11-21 11:45:00,2025-11-21 12:45:00,SHORT,85128.68,184.24154585740058,176.24154585740058,214.24154585740058,-42.90680884515175,4,TRAILING_STOP,MACD Divergence
2025-11-21 18:15:00,2025-11-21 18:30:00,2025-11-21 19:45:00,SHORT,85129.42,35.58132311955063,27.581323119550632,65.58132311955063,-45.377966865039475,5,TRAILING_STOP,MACD Divergence
2025-11-21 23:15:00,2025-11-21 23:30:00,2025-11-22 01:30:00,LONG,84246.89,45.598860681978195,37.598860681978195,65.5988606819782,-44.91085665002003,8,TRAILING_STOP,MACD Divergence
2025-11-22 04:00:00,2025-11-22 04:15:00,2025-11-22 04:45:00,LONG,83940.0,12.344531808434596,4.344531808434596,32.344531808434596,-38.12246842983083,2,TRAILING_STOP,MACD Divergence
2025-11-22 11:00:00,2025-11-22 11:15:00,2025-11-22 11:45:00,SHORT,84828.0,17.62814165134202,9.62814165134202,47.62814165134202,0.0,2,TRAILING_STOP,MACD Divergence
2025-11-22 16:00:00,2025-11-22 16:15:00,2025-11-22 17:15:00,LONG,84403.26,81.50555796067655,73.50555796067655,101.50555796067655,-15.902229368865749,4,TRAILING_STOP,MACD Divergence
2025-11-22 18:45:00,2025-11-22 19:00:00,2025-11-22 19:30:00,SHORT,85067.88,-9.466985658982185,-17.466985658982185,20.533014341017815,-32.492875101623426,2,TRAILING_STOP,MACD Divergence
2025-11-22 22:15:00,2025-11-22 22:30:00,2025-11-23 00:15:00,SHORT,86308.54,5.186552802305286,-2.813447197694714,35.186552802305286,-63.89402485547855,7,TRAILING_STOP,MACD Divergence
2025-11-23 02:00:00,2025-11-23 02:15:00,2025-11-23 03:00:00,LONG,85703.52,28.062203279397266,20.062203279397266,48.062203279397266,0.0,3,TRAILING_STOP,MACD Divergence
2025-11-23 06:15:00,2025-11-23 06:30:00,2025-11-23 08:00:00,SHORT,86331.28,-28.57525568947861,-36.57525568947861,1.4247443105213904,-64.94980730043632,6,TRAILING_STOP,MACD Divergence
2025-11-23 10:15:00,2025-11-23 10:30:00,2025-11-23 11:00:00,SHORT,87087.44,-12.904538243401728,-20.904538243401728,17.095461756598272,-38.18690731981531,2,TRAILING_STOP,MACD Divergence
2025-11-23 13:45:00,2025-11-23 14:00:00,2025-11-23 14:45:00,SHORT,87332.64,-18.66288709467677,-26.66288709467677,11.33711290532323,-41.45529094276706,3,TRAILING_STOP,MACD Divergence
2025-11-23 16:30:00,2025-11-23 16:45:00,2025-11-23 17:15:00,SHORT,87748.32,-19.89040473937206,-27.89040473937206,10.109595260627941,-34.38014539765468,2,TRAILING_STOP,MACD Divergence
2025-11-24 04:45:00,2025-11-24 05:00:00,2025-11-24 06:30:00,LONG,85825.32,50.91263976644491,42.91263976644491,70.91263976644491,0.0,6,TRAILING_STOP,MACD Divergence
2025-11-24 09:00:00,2025-11-24 09:15:00,2025-11-24 09:30:00,LONG,85573.93,116.43991809187764,108.43991809187764,136.43991809187764,0.0,1,TRAILING_STOP,MACD Divergence
2025-11-24 11:45:00,2025-11-24 12:00:00,2025-11-24 14:30:00,SHORT,87717.41,-106.22634662833678,-114.22634662833678,0.0,-127.36468165213631,10,TIME_EXIT,MACD Divergence
2025-11-24 14:30:00,2025-11-24 14:45:00,2025-11-24 17:15:00,SHORT,88649.2,1.4281008740071532,-6.5718991259928465,5.775573834845333,-65.29105733610714,10,TIME_EXIT,MACD Divergence
2025-11-24 19:00:00,2025-11-24 19:15:00,2025-11-24 20:00:00,LONG,88187.03,-15.82478285072,-23.82478285072,4.17521714928,-32.49911012991432,3,TRAILING_STOP,MACD Divergence
2025-11-25 02:00:00,2025-11-25 02:15:00,2025-11-25 04:45:00,LONG,87702.77,-55.604857178399065,-63.604857178399065,0.0,-118.21405412850747,10,TIME_EXIT,MACD Divergence
2025-11-25 07:45:00,2025-11-25 08:00:00,2025-11-25 08:45:00,SHORT,87625.77,61.41831221568697,53.41831221568697,91.41831221568697,0.0,3,TRAILING_STOP,MACD Divergence
2025-11-25 17:30:00,2025-11-25 17:45:00,2025-11-25 18:45:00,SHORT,87828.4,26.87340313611483,18.87340313611483,56.87340313611483,0.0,4,TRAILING_STOP,MACD Divergence
2025-11-25 22:45:00,2025-11-25 23:00:00,2025-11-26 00:15:00,LONG,87242.11,37.24185258701325,29.24185258701325,57.24185258701325,-6.3455595010254315,5,TRAILING_STOP,MACD Divergence
2025-11-26 02:30:00,2025-11-26 02:45:00,2025-11-26 05:15:00,SHORT,87618.0,78.15585838526324,70.15585838526324,108.15585838526324,-0.19858933095998982,10,TRAILING_STOP,MACD Divergence
2025-11-26 06:30:00,2025-11-26 06:45:00,2025-11-26 09:00:00,LONG,86559.82,98.26272281989415,90.26272281989415,118.26272281989415,-15.265743389948588,9,TRAILING_STOP,MACD Divergence
2025-11-26 09:15:00,2025-11-26 09:30:00,2025-11-26 09:45:00,SHORT,86899.72,-27.215180900468138,-35.21518090046814,2.7848190995318616,-48.94952480859493,1,TRAILING_STOP,MACD Divergence
2025-11-26 13:00:00,2025-11-26 13:15:00,2025-11-26 14:30:00,SHORT,89729.69,-5.388302355664383,-13.388302355664383,24.611697644335617,-52.17225201602718,5,TRAILING_STOP,MACD Divergence
2025-11-26 16:00:00,2025-11-26 16:15:00,2025-11-26 17:30:00,SHORT,90231.64,-18.500707734006077,-26.500707734006077,11.49929226599392,-47.03893224150667,5,TRAILING_STOP,MACD Divergence
2025-11-26 19:15:00,2025-11-26 19:30:00,2025-11-26 22:00:00,SHORT,90485.85,-74.72218031880013,-82.72218031880013,0.0,-161.809829934735,10,TIME_EXIT,MACD Divergence
2025-11-27 02:30:00,2025-11-27 02:45:00,2025-11-27 05:15:00,SHORT,91248.83,-39.965443940485926,-47.965443940485926,0.0,-75.76535501879764,10,TIME_EXIT,MACD Divergence
2025-11-27 08:00:00,2025-11-27 08:15:00,2025-11-27 09:00:00,LONG,90822.96,-2.8754755405462653,-10.875475540546265,17.124524459453735,-26.776268908214654,3,TRAILING_STOP,MACD Divergence
2025-11-27 11:45:00,2025-11-27 12:00:00,2025-11-27 13:00:00,SHORT,91370.75,-27.423683180887362,-35.423683180887366,2.576316819112637,-46.97892925252337,4,TRAILING_STOP,MACD Divergence
2025-11-27 19:15:00,2025-11-27 19:30:00,2025-11-27 22:00:00,LONG,91207.34,-7.828317326214555,-15.828317326214556,10.886185256582218,-60.827341308275585,10,TIME_EXIT,MACD Divergence
2025-11-27 23:15:00,2025-11-27 23:30:00,2025-11-28 01:45:00,SHORT,91424.02,-0.7101044123854052,-8.710104412385405,29.289895587614595,-31.038888904687138,9,TRAILING_STOP,MACD Divergence
2025-11-28 02:30:00,2025-11-28 02:45:00,2025-11-28 03:45:00,LONG,91125.77,59.47587164421172,51.47587164421172,79.47587164421172,-12.14365596032862,4,TRAILING_STOP,MACD Divergence
2025-11-28 05:15:00,2025-11-28 05:30:00,2025-11-28 06:15:00,SHORT,91850.49,55.50417096305098,47.50417096305098,85.50417096305098,0.0,3,TRAILING_STOP,MACD Divergence
2025-11-28 09:00:00,2025-11-28 09:15:00,2025-11-28 09:30:00,SHORT,92010.49,-26.315637488724523,-34.31563748872452,3.684362511275478,-44.428629822533665,1,TRAILING_STOP,MACD Divergence
2025-11-28 12:15:00,2025-11-28 12:30:00,2025-11-28 15:00:00,LONG,90661.57,51.02603010294064,43.02603010294064,62.19614330526044,-6.7911905783240885,10,TIME_EXIT,MACD Divergence
2025-11-28 16:15:00,2025-11-28 16:30:00,2025-11-28 17:00:00,SHORT,90888.01,-9.926945259337533,-17.926945259337533,20.073054740662467,-15.628023982482194,2,TRAILING_STOP,MACD Divergence
2025-11-28 21:15:00,2025-11-28 21:30:00,2025-11-28 22:30:00,LONG,90798.9,-13.312694316781243,-21.312694316781243,6.687305683218757,-19.91764217407824,4,TRAILING_STOP,MACD Divergence
2025-11-29 00:45:00,2025-11-29 01:00:00,2025-11-29 02:00:00,LONG,90549.78,-7.165070969802338,-15.165070969802338,12.834929030197662,-19.300985601511574,4,TRAILING_STOP,MACD Divergence
2025-11-29 04:45:00,2025-11-29 05:00:00,2025-11-29 06:45:00,LONG,90572.59,6.261808346211652,-1.7381916537883484,26.26180834621165,-12.632961031587842,7,TRAILING_STOP,MACD Divergence
2025-11-29 08:30:00,2025-11-29 08:45:00,2025-11-29 10:15:00,SHORT,90734.0,-16.37886569532959,-24.37886569532959,13.62113430467041,-41.479489496770846,6,TRAILING_STOP,MACD Divergence
2025-11-29 13:00:00,2025-11-29 13:15:00,2025-11-29 14:00:00,LONG,90582.66,9.60500387160172,1.6050038716017205,29.60500387160172,0.0,3,TRAILING_STOP,MACD Divergence
2025-11-29 16:30:00,2025-11-29 16:45:00,2025-11-29 19:15:00,SHORT,90744.64,-16.452762389051617,-24.452762389051617,5.995946427249422,-22.144558620762297,10,TIME_EXIT,MACD Divergence
2025-11-29 19:30:00,2025-11-29 19:45:00,2025-11-29 22:00:00,SHORT,91007.6,28.962108659057677,20.962108659057677,58.96210865905768,-2.700873333654244,9,TRAILING_STOP,MACD Divergence
2025-11-29 22:30:00,2025-11-29 22:45:00,2025-11-30 01:15:00,SHORT,90937.3,4.246882192456769,-3.753117807543231,29.349892728287372,-0.021993175517316832,10,TIME_EXIT,MACD Divergence
2025-11-30 02:00:00,2025-11-30 02:15:00,2025-11-30 04:45:00,SHORT,90915.71,-52.92374662200723,-60.92374662200723,0.0,-78.78616357942907,10,TIME_EXIT,MACD Divergence
2025-11-30 07:45:00,2025-11-30 08:00:00,2025-11-30 09:45:00,SHORT,91851.19,34.70357106968322,26.70357106968322,64.70357106968322,0.0,7,TRAILING_STOP,MACD Divergence
2025-11-30 12:00:00,2025-11-30 12:15:00,2025-11-30 12:30:00,LONG,91482.69,-19.39770026438939,-27.39770026438939,0.6022997356106123,-35.336739660804035,1,TRAILING_STOP,MACD Divergence
2025-11-30 15:00:00,2025-11-30 15:15:00,2025-11-30 15:45:00,LONG,91278.04,-14.068671939055722,-22.068671939055722,5.931328060944278,-42.67839230553128,2,TRAILING_STOP,MACD Divergence
2025-11-30 19:30:00,2025-11-30 19:45:00,2025-11-30 20:15:00,LONG,87411.81,1.872330523759011,-6.127669476240989,21.87233052375901,-29.696216106267762,2,TRAILING_STOP,MACD Divergence
2025-11-30 22:15:00,2025-11-30 22:30:00,2025-12-01 01:00:00,LONG,86346.13,-6.517952802285271,-14.517952802285272,0.0,-85.94826427079066,10,TIME_EXIT,MACD Divergence
2025-12-01 02:30:00,2025-12-01 02:45:00,2025-12-01 05:15:00,SHORT,86477.46,-19.68952372097764,-27.68952372097764,0.0,-53.25665208020545,10,TIME_EXIT,MACD Divergence
2025-12-01 14:30:00,2025-12-01 14:45:00,2025-12-01 15:00:00,SHORT,85543.02,12.618322336528102,4.618322336528102,42.6183223365281,0.0,1,TRAILING_STOP,MACD Divergence
2025-12-01 17:15:00,2025-12-01 17:30:00,2025-12-01 17:45:00,SHORT,86572.65,-15.825777540598347,-23.825777540598345,14.174222459401653,-19.644772338608902,1,TRAILING_STOP,MACD Divergence
2025-12-01 22:00:00,2025-12-01 22:15:00,2025-12-01 22:45:00,LONG,86974.0,16.157932255616153,8.157932255616153,36.15793225561615,-1.0853818382507794,2,TRAILING_STOP,MACD Divergence
2025-12-02 07:00:00,2025-12-02 07:15:00,2025-12-02 07:45:00,SHORT,87338.42,4.998343226268382,-3.001656773731618,34.99834322626838,-11.170341757956884,2,TRAILING_STOP,MACD Divergence
2025-12-02 10:30:00,2025-12-02 10:45:00,2025-12-02 11:00:00,SHORT,90897.98,40.58682712201035,32.58682712201035,70.58682712201035,0.0,1,TRAILING_STOP,MACD Divergence
2025-12-02 13:30:00,2025-12-02 13:45:00,2025-12-02 15:15:00,SHORT,92036.91,112.9904589365297,104.9904589365297,142.9904589365297,-29.41645911406529,6,TRAILING_STOP,MACD Divergence
2025-12-02 21:30:00,2025-12-02 21:45:00,2025-12-02 23:00:00,SHORT,92763.96,-15.020044422423709,-23.02004442242371,14.979955577576291,-57.56977170875344,5,TRAILING_STOP,MACD Divergence
2025-12-03 00:15:00,2025-12-03 00:30:00,2025-12-03 01:15:00,SHORT,93642.92,23.037645558255072,15.037645558255072,53.03764555825507,-33.70890185825084,3,TRAILING_STOP,MACD Divergence
2025-12-03 03:30:00,2025-12-03 03:45:00,2025-12-03 05:00:00,LONG,92976.66,24.415447919939453,16.415447919939453,44.41544791993945,-20.761124350992908,5,TRAILING_STOP,MACD Divergence
2025-12-03 06:45:00,2025-12-03 07:00:00,2025-12-03 08:30:00,LONG,92730.69,36.921823832001735,28.921823832001735,56.921823832001735,-111.4722644682146,6,TRAILING_STOP,MACD Divergence
2025-12-03 16:00:00,2025-12-03 16:15:00,2025-12-03 17:15:00,SHORT,93489.64,-9.915421644579649,-17.91542164457965,20.08457835542035,-70.63456442874318,4,TRAILING_STOP,MACD Divergence
2025-12-03 20:45:00,2025-12-03 21:00:00,2025-12-03 23:30:00,SHORT,93800.01,63.574620087993786,55.574620087993786,82.23986330065306,-29.849676988307916,10,TIME_EXIT,MACD Divergence
2025-12-04 00:00:00,2025-12-04 00:15:00,2025-12-04 01:00:00,LONG,92976.48,22.445143115764274,14.445143115764274,42.445143115764274,-16.365429192413927,3,TRAILING_STOP,MACD Divergence
2025-12-04 04:30:00,2025-12-04 04:45:00,2025-12-04 07:00:00,SHORT,93409.07,41.959821460594014,33.959821460594014,71.95982146059401,0.0,9,TRAILING_STOP,MACD Divergence
2025-12-04 07:45:00,2025-12-04 08:00:00,2025-12-04 09:00:00,LONG,92786.79,-16.285031522267214,-24.285031522267214,3.7149684777327856,-43.34453212574689,4,TRAILING_STOP,MACD Divergence
2025-12-04 12:00:00,2025-12-04 12:15:00,2025-12-04 13:00:00,LONG,91979.99,42.0645860039771,34.0645860039771,62.0645860039771,-9.748859507377446,3,TRAILING_STOP,MACD Divergence
2025-12-04 20:45:00,2025-12-04 21:00:00,2025-12-04 22:30:00,SHORT,92567.81,35.669696625641194,27.669696625641194,65.6696966256412,-10.559826358644544,6,TRAILING_STOP,MACD Divergence
2025-12-05 00:00:00,2025-12-05 00:15:00,2025-12-05 02:00:00,LONG,92023.03,31.561005978611654,23.561005978611654,51.561005978611654,-12.735942296183584,7,TRAILING_STOP,MACD Divergence
2025-12-05 03:00:00,2025-12-05 03:15:00,2025-12-05 03:30:00,LONG,92016.56,-9.62360688119661,-17.623606881196608,10.37639311880339,-19.425851172875838,1,TRAILING_STOP,MACD Divergence
2025-12-05 07:45:00,2025-12-05 08:00:00,2025-12-05 09:30:00,LONG,90818.73,52.66562745372043,44.66562745372043,72.66562745372043,-103.94661982170405,6,TRAILING_STOP,MACD Divergence
2025-12-05 10:30:00,2025-12-05 10:45:00,2025-12-05 12:15:00,LONG,89362.55,-0.06323678095539265,-8.063236780955393,19.936763219044607,-146.20777943333118,6,TRAILING_STOP,MACD Divergence
2025-12-05 21:30:00,2025-12-05 21:45:00,2025-12-06 00:15:00,SHORT,89764.19,17.736471526118198,9.736471526118198,27.078727051400676,0.0,10,TIME_EXIT,MACD Divergence
2025-12-06 00:45:00,2025-12-06 01:00:00,2025-12-06 03:30:00,SHORT,89744.2,28.679000982793383,20.679000982793383,58.67900098279338,0.0,10,TRAILING_STOP,MACD Divergence
2025-12-06 03:30:00,2025-12-06 03:45:00,2025-12-06 05:15:00,LONG,89509.68,-0.09377309805960721,-8.093773098059607,19.906226901940393,-5.326798174230208,6,TRAILING_STOP,MACD Divergence
2025-12-06 07:45:00,2025-12-06 08:00:00,2025-12-06 08:45:00,SHORT,89688.25,-26.218010720468037,-34.21801072046804,3.7819892795319627,-67.09017067453108,3,TRAILING_STOP,MACD Divergence
2025-12-06 17:30:00,2025-12-06 17:45:00,2025-12-06 18:30:00,LONG,89171.92,3.722714504746353,-4.277285495253647,23.722714504746353,-19.11924740434043,3,TRAILING_STOP,MACD Divergence
2025-12-06 20:45:00,2025-12-06 21:00:00,2025-12-06 23:30:00,SHORT,89441.26,-3.2043376848675313,-11.204337684867532,1.5943424768384034,-40.10453341109144,10,TIME_EXIT,MACD Divergence
2025-12-07 01:30:00,2025-12-07 01:45:00,2025-12-07 03:15:00,LONG,89476.06,-12.999244714172772,-20.99924471417277,7.000755285827228,-31.862153966099594,6,TRAILING_STOP,MACD Divergence
2025-12-07 04:15:00,2025-12-07 04:30:00,2025-12-07 05:45:00,LONG,89104.23,11.846972921488025,3.8469729214880246,31.846972921488025,0.0,5,TRAILING_STOP,MACD Divergence
2025-12-07 07:30:00,2025-12-07 07:45:00,2025-12-07 09:00:00,SHORT,89323.23,149.56695027710006,141.56695027710006,179.56695027710006,0.0,5,TRAILING_STOP,MACD Divergence
2025-12-07 13:00:00,2025-12-07 13:15:00,2025-12-07 15:00:00,SHORT,91382.13,-11.532494372804695,-19.532494372804695,18.467505627195305,-17.926918534290284,7,TRAILING_STOP,MACD Divergence
2025-12-08 01:00:00,2025-12-08 01:15:00,2025-12-08 01:45:00,SHORT,91575.48,-6.469683806189611,-14.469683806189611,23.53031619381039,-17.51997368727986,2,TRAILING_STOP,MACD Divergence
2025-12-08 05:00:00,2025-12-08 05:15:00,2025-12-08 07:45:00,SHORT,92206.28,59.29531047126131,51.29531047126131,73.26399026183397,0.0,10,TIME_EXIT,MACD Divergence
2025-12-08 09:00:00,2025-12-08 09:15:00,2025-12-08 11:45:00,LONG,91516.67,-169.55927264398935,-177.55927264398935,0.0,-208.1227387316429,10,TIME_EXIT,MACD Divergence
2025-12-08 12:00:00,2025-12-08 12:15:00,2025-12-08 12:45:00,LONG,89853.26,54.30225681294198,46.30225681294198,74.30225681294198,0.0,2,TRAILING_STOP,MACD Divergence
2025-12-08 16:30:00,2025-12-08 16:45:00,2025-12-08 19:15:00,SHORT,90987.99,64.98220259618982,56.98220259618982,69.56852217528986,-6.981141137417094,10,TIME_EXIT,MACD Divergence
2025-12-08 20:30:00,2025-12-08 20:45:00,2025-12-08 21:15:00,LONG,90118.01,4.622159321982302,-3.377840678017698,24.622159321982302,-6.413812289018407,2,TRAILING_STOP,MACD Divergence
2025-12-08 23:30:00,2025-12-08 23:45:00,2025-12-09 00:15:00,LONG,89779.42,27.955310916467063,19.955310916467063,47.95531091646706,0.0,2,TRAILING_STOP,MACD Divergence
2025-12-09 03:00:00,2025-12-09 03:15:00,2025-12-09 05:15:00,SHORT,90524.23,37.578591941627124,29.578591941627124,67.57859194162712,0.0,8,TRAILING_STOP,MACD Divergence
2025-12-09 06:45:00,2025-12-09 07:00:00,2025-12-09 09:15:00,SHORT,90556.0,30.876142939176212,22.876142939176212,60.87614293917621,-32.46609832589778,9,TRAILING_STOP,MACD Divergence
2025-12-09 09:30:00,2025-12-09 09:45:00,2025-12-09 12:15:00,SHORT,90599.99,-366.22520598512205,-374.22520598512205,0.0,-440.2870243142411,10,TIME_EXIT,MACD Divergence
2025-12-09 18:45:00,2025-12-09 19:00:00,2025-12-09 19:15:00,LONG,92530.55,-18.979796402377126,-26.979796402377126,1.0202035976228745,-50.745402464375594,1,TRAILING_STOP,MACD Divergence
2025-12-09 23:45:00,2025-12-10 00:00:00,2025-12-10 01:00:00,SHORT,92582.5,-9.881727108255365,-17.881727108255365,20.118272891744635,-11.376880079928902,4,TRAILING_STOP,MACD Divergence
2025-12-10 02:30:00,2025-12-10 02:45:00,2025-12-10 04:15:00,SHORT,92687.01,-3.2853611309717934,-11.285361130971793,26.714638869028207,-30.75511875936145,6,TRAILING_STOP,MACD Divergence
2025-12-10 07:00:00,2025-12-10 07:15:00,2025-12-10 08:00:00,LONG,91926.34,12.597838660823818,4.597838660823818,32.59783866082382,0.0,3,TRAILING_STOP,MACD Divergence
2025-12-10 10:00:00,2025-12-10 10:15:00,2025-12-10 11:00:00,LONG,91872.02,58.70622633528647,50.70622633528647,78.70622633528647,0.0,3,TRAILING_STOP,MACD Divergence
2025-12-10 13:00:00,2025-12-10 13:15:00,2025-12-10 13:30:00,SHORT,92582.12,66.96580722065946,58.96580722065946,96.96580722065946,-71.44684092349594,1,TRAILING_STOP,MACD Divergence
2025-12-10 18:30:00,2025-12-10 18:45:00,2025-12-10 21:15:00,LONG,92020.65,-211.54490866995553,-219.54490866995553,0.0,-232.9737944689585,10,TIME_EXIT,MACD Divergence
2025-12-10 21:15:00,2025-12-10 21:30:00,2025-12-10 23:30:00,LONG,90073.99,25.09070820555347,17.09070820555347,45.09070820555347,-60.774481068286,8,TRAILING_STOP,MACD Divergence
2025-12-11 03:45:00,2025-12-11 04:00:00,2025-12-11 06:30:00,SHORT,90421.02,26.719450853353102,18.719450853353102,32.256880092703916,0.0,10,TIME_EXIT,MACD Divergence
2025-12-11 09:00:00,2025-12-11 09:15:00,2025-12-11 09:45:00,LONG,90281.92,21.13891242011728,13.138912420117279,41.13891242011728,-96.93302933743597,2,TRAILING_STOP,MACD Divergence
2025-12-11 14:15:00,2025-12-11 14:30:00,2025-12-11 17:00:00,SHORT,90839.81,-170.92726195706453,-178.92726195706453,0.0,-298.8986877009103,10,TIME_EXIT,MACD Divergence
2025-12-12 03:15:00,2025-12-12 03:30:00,2025-12-12 03:45:00,LONG,92342.38,-15.427884791360029,-23.42788479136003,4.572115208639972,-25.05350197818226,1,TRAILING_STOP,MACD Divergence
2025-12-12 07:00:00,2025-12-12 07:15:00,2025-12-12 07:45:00,LONG,92100.0,26.83821932681918,18.83821932681918,46.83821932681918,0.0,2,TRAILING_STOP,MACD Divergence
2025-12-12 11:00:00,2025-12-12 11:15:00,2025-12-12 11:45:00,LONG,89652.01,88.38686159964584,80.38686159964584,108.38686159964584,0.0,2,TRAILING_STOP,MACD Divergence
2025-12-12 18:15:00,2025-12-12 18:30:00,2025-12-12 21:00:00,SHORT,90268.43,-0.9837326294480426,-8.983732629448042,16.443179525775847,-15.584629089041162,10,TIME_EXIT,MACD Divergence
2025-12-12 21:45:00,2025-12-12 22:00:00,2025-12-13 00:30:00,SHORT,90338.28,3.006477431273154,-4.993522568726846,7.678915294822454,-9.400223249767237,10,TIME_EXIT,MACD Divergence
2025-12-13 01:15:00,2025-12-13 01:30:00,2025-12-13 04:00:00,SHORT,90351.45,-12.866423283743648,-20.86642328374365,3.640229348837171,-24.77326041806764,10,TIME_EXIT,MACD Divergence
2025-12-13 04:00:00,2025-12-13 04:15:00,2025-12-13 06:45:00,SHORT,90467.69,15.726056451756873,7.7260564517568735,19.64126640129778,-18.44415392943056,10,TIME_EXIT,MACD Divergence
2025-12-13 07:15:00,2025-12-13 08:00:00,2025-12-13 08:45:00,LONG,90230.0,-8.72437105175604,-16.72437105175604,11.27562894824396,-29.799401529425317,3,TRAILING_STOP,MACD Divergence
2025-12-13 11:30:00,2025-12-13 11:45:00,2025-12-13 14:15:00,LONG,90071.34,11.859488267856012,3.859488267856012,17.037605968780568,-8.538787143613439,10,TIME_EXIT,MACD Divergence
2025-12-13 14:15:00,2025-12-13 14:30:00,2025-12-13 16:00:00,SHORT,90178.17,15.662935941148376,7.662935941148376,45.662935941148376,-1.1699061979193979,6,TRAILING_STOP,MACD Divergence
2025-12-13 17:00:00,2025-12-13 17:15:00,2025-12-13 19:00:00,SHORT,90165.74,-17.276763879495565,-25.276763879495565,12.723236120504435,-33.85543112051149,7,TRAILING_STOP,MACD Divergence
2025-12-13 19:45:00,2025-12-13 20:00:00,2025-12-13 22:30:00,SHORT,90426.75,15.347228557921062,7.347228557921062,23.578200034835533,0.0,10,TIME_EXIT,MACD Divergence
2025-12-14 00:00:00,2025-12-14 00:15:00,2025-12-14 02:45:00,LONG,90158.06,2.4335040039684004,-5.5664959960316,13.526244908108836,-9.437869448388364,10,TIME_EXIT,MACD Divergence
2025-12-14 03:15:00,2025-12-14 03:30:00,2025-12-14 04:30:00,LONG,90108.28,-17.061313344345724,-25.061313344345724,2.9386866556542777,-35.87683617976049,4,TRAILING_STOP,MACD Divergence
2025-12-14 06:15:00,2025-12-14 06:30:00,2025-12-14 07:15:00,LONG,89360.01,14.2423864992859,6.2423864992858995,34.2423864992859,-4.1685313150703545,3,TRAILING_STOP,MACD Divergence
2025-12-14 11:00:00,2025-12-14 11:15:00,2025-12-14 11:30:00,LONG,88815.67,4.401099490664336,-3.598900509335664,24.401099490664336,-23.525127941950146,1,TRAILING_STOP,MACD Divergence
2025-12-14 13:45:00,2025-12-14 14:00:00,2025-12-14 15:15:00,LONG,88711.11,-6.856212260222442,-14.856212260222442,13.143787739777558,-39.92848246403482,5,TRAILING_STOP,MACD Divergence
2025-12-14 16:45:00,2025-12-14 17:00:00,2025-12-14 17:30:00,LONG,88382.68,5.6317187937736435,-2.3682812062263565,25.631718793773643,-49.74390910074171,2,TRAILING_STOP,MACD Divergence
2025-12-15 02:45:00,2025-12-15 03:00:00,2025-12-15 05:30:00,SHORT,89863.77,7.096296983757089,-0.9037030162429112,16.294664690787794,-13.677369645185033,10,TIME_EXIT,MACD Divergence
2025-12-15 06:45:00,2025-12-15 07:00:00,2025-12-15 07:30:00,LONG,89573.14,-0.143601083985601,-8.143601083985601,19.8563989160144,-11.961174968299584,2,TRAILING_STOP,MACD Divergence
2025-12-15 11:00:00,2025-12-15 11:15:00,2025-12-15 11:30:00,LONG,86330.03,-0.671847328212376,-8.671847328212376,19.328152671787624,-15.061966270601184,1,TRAILING_STOP,MACD Divergence
2025-12-15 18:30:00,2025-12-15 18:45:00,2025-12-15 19:30:00,SHORT,86323.21,40.09818101064599,32.09818101064599,70.09818101064599,-3.8599120676805727,3,TRAILING_STOP,MACD Divergence
2025-12-16 00:15:00,2025-12-16 00:30:00,2025-12-16 02:30:00,SHORT,86028.12,-9.295142100048757,-17.295142100048757,20.704857899951243,-68.26372586080102,8,TRAILING_STOP,MACD Divergence
2025-12-16 05:00:00,2025-12-16 05:15:00,2025-12-16 05:45:00,SHORT,87143.63,7.137539485101165,-0.8624605148988351,37.137539485101165,0.0,2,TRAILING_STOP,MACD Divergence
2025-12-16 07:45:00,2025-12-16 08:00:00,2025-12-16 08:30:00,SHORT,87367.6,114.237680787845,106.237680787845,144.237680787845,0.0,2,TRAILING_STOP,MACD Divergence
2025-12-16 19:45:00,2025-12-16 20:00:00,2025-12-16 21:15:00,SHORT,87760.47,35.188803113748804,27.188803113748804,65.1888031137488,0.0,5,TRAILING_STOP,MACD Divergence
2025-12-16 22:30:00,2025-12-16 22:45:00,2025-12-17 01:15:00,LONG,87324.66,-62.603163871466265,-70.60316387146626,0.0,-127.747419801005,10,TIME_EXIT,MACD Divergence
2025-12-17 03:45:00,2025-12-17 04:00:00,2025-12-17 04:45:00,LONG,86336.09,27.65214639671585,19.65214639671585,47.65214639671585,-11.256011246281018,3,TRAILING_STOP,MACD Divergence
2025-12-17 07:30:00,2025-12-17 07:45:00,2025-12-17 10:15:00,SHORT,86900.02,-38.36823052514812,-46.36823052514812,0.0,-398.82959750757266,10,TIME_EXIT,MACD Divergence
2025-12-17 13:00:00,2025-12-17 13:15:00,2025-12-17 13:45:00,LONG,85938.46,-19.83011098872474,-27.83011098872474,0.16988901127526032,-72.66362464489198,2,TRAILING_STOP,MACD Divergence
2025-12-17 20:30:00,2025-12-17 20:45:00,2025-12-17 21:00:00,SHORT,86492.98,-19.24999462384162,-27.24999462384162,10.75000537615838,-24.711832104756393,1,TRAILING_STOP,MACD Divergence
2025-12-17 23:15:00,2025-12-17 23:30:00,2025-12-18 01:15:00,SHORT,86765.44,13.891899816332597,5.891899816332597,43.8918998163326,0.0,7,TRAILING_STOP,MACD Divergence
2025-12-18 02:00:00,2025-12-18 02:15:00,2025-12-18 03:00:00,SHORT,86747.76,-22.78136980136486,-30.78136980136486,7.21863019863514,-43.627639491787036,3,TRAILING_STOP,MACD Divergence
2025-12-18 06:15:00,2025-12-18 06:30:00,2025-12-18 07:30:00,SHORT,87300.5,-8.151327884719418,-16.151327884719418,21.848672115280582,-77.5402202736517,4,TRAILING_STOP,MACD Divergence
2025-12-18 13:30:00,2025-12-18 13:45:00,2025-12-18 14:00:00,LONG,85649.99,-0.1295948779459586,-8.129594877945959,19.87040512205404,-114.65150200251107,1,TRAILING_STOP,MACD Divergence
2025-12-18 20:30:00,2025-12-18 20:45:00,2025-12-18 21:15:00,LONG,85234.01,61.54608706078747,53.54608706078747,81.54608706078747,0.0,2,TRAILING_STOP,MACD Divergence
2025-12-19 01:15:00,2025-12-19 01:30:00,2025-12-19 04:00:00,SHORT,87483.41,-62.46898697707371,-70.46898697707371,0.0,-85.79112313980431,10,TIME_EXIT,MACD Divergence
2025-12-19 05:30:00,2025-12-19 05:45:00,2025-12-19 06:30:00,SHORT,88337.96,21.060721800685933,13.060721800685933,51.06072180068593,-2.76325149459971,3,TRAILING_STOP,MACD Divergence
2025-12-19 08:15:00,2025-12-19 08:30:00,2025-12-19 08:45:00,LONG,87997.13,20.933153160790248,12.933153160790248,40.93315316079025,-16.71986347736621,1,TRAILING_STOP,MACD Divergence
2025-12-19 11:45:00,2025-12-19 12:00:00,2025-12-19 14:15:00,LONG,87609.86,38.875793204097995,30.875793204097995,58.875793204097995,-87.17055363403126,9,TRAILING_STOP,MACD Divergence
2025-12-19 17:00:00,2025-12-19 17:15:00,2025-12-19 19:45:00,SHORT,88389.49,28.497732026737502,20.497732026737502,48.40960163928985,0.0,10,TIME_EXIT,MACD Divergence
2025-12-19 22:00:00,2025-12-19 22:15:00,2025-12-19 23:45:00,SHORT,88299.44,-10.025920889193028,-18.025920889193028,19.974079110806972,-22.146233316995318,6,TRAILING_STOP,MACD Divergence
2025-12-20 02:15:00,2025-12-20 02:30:00,2025-12-20 04:15:00,LONG,88275.41,-2.7143255409409583,-10.714325540940958,17.28567445905904,-6.207844290952929,7,TRAILING_STOP,MACD Divergence
2025-12-20 05:00:00,2025-12-20 05:15:00,2025-12-20 07:30:00,LONG,88192.6,-2.8636416207266713,-10.863641620726671,17.13635837927333,-9.666343888262734,9,TRAILING_STOP,MACD Divergence
2025-12-20 07:45:00,2025-12-20 08:00:00,2025-12-20 08:30:00,LONG,88021.08,8.640866483345953,0.6408664833459525,28.640866483345953,-1.0315710736566452,2,TRAILING_STOP,MACD Divergence
2025-12-20 12:30:00,2025-12-20 12:45:00,2025-12-20 15:15:00,SHORT,88157.87,-12.90072003781517,-20.90072003781517,0.0,-29.590097855132004,10,TIME_EXIT,MACD Divergence
2025-12-20 15:45:00,2025-12-20 16:00:00,2025-12-20 18:30:00,SHORT,88296.28,-3.4214351952320534,-11.421435195232053,16.10713384527651,-14.386789568031501,10,TIME_EXIT,MACD Divergence
2025-12-20 18:30:00,2025-12-20 18:45:00,2025-12-20 21:15:00,SHORT,88326.49,43.33128147626046,35.33128147626046,51.755707715771265,-12.13112849836942,10,TIME_EXIT,MACD Divergence
2025-12-20 21:15:00,2025-12-20 21:30:00,2025-12-21 00:00:00,LONG,87943.76,18.831353128408495,10.831353128408495,23.452488272050232,0.0,10,TIME_EXIT,MACD Divergence
2025-12-21 01:00:00,2025-12-21 01:15:00,2025-12-21 03:00:00,SHORT,88112.15,-23.469686076211556,-31.469686076211556,6.530313923788444,-74.34275522728737,7,TRAILING_STOP,MACD Divergence
2025-12-21 08:30:00,2025-12-21 08:45:00,2025-12-21 09:45:00,LONG,87887.27,2.1215199880481244,-5.878480011951876,22.121519988048124,-8.45059813554387,4,TRAILING_STOP,MACD Divergence
2025-12-21 13:15:00,2025-12-21 13:30:00,2025-12-21 14:15:00,SHORT,88445.08,-2.4687908021565512,-10.468790802156551,27.53120919784345,-17.515954533592854,3,TRAILING_STOP,MACD Divergence
2025-12-21 17:30:00,2025-12-21 17:45:00,2025-12-21 18:15:00,SHORT,88521.7,-13.398420952151636,-21.398420952151636,16.601579047848364,-15.49563553343398,2,TRAILING_STOP,MACD Divergence
2025-12-22 01:15:00,2025-12-22 01:30:00,2025-12-22 04:00:00,SHORT,88909.26,-77.7343102394514,-85.7343102394514,0.0,-112.41236289673445,10,TIME_EXIT,MACD Divergence
2025-12-22 04:15:00,2025-12-22 04:30:00,2025-12-22 06:15:00,SHORT,89829.6,-10.71682385316186,-18.71682385316186,19.28317614683814,-32.10523034723456,7,TRAILING_STOP,MACD Divergence
2025-12-22 07:00:00,2025-12-22 07:15:00,2025-12-22 09:00:00,SHORT,90163.33,50.168955605344394,42.168955605344394,80.1689556053444,-17.374025560057973,7,TRAILING_STOP,MACD Divergence
2025-12-22 10:15:00,2025-12-22 10:30:00,2025-12-22 11:00:00,LONG,89726.93,24.58750566858879,16.58750566858879,44.58750566858879,-22.70332886681756,2,TRAILING_STOP,MACD Divergence
2025-12-22 13:15:00,2025-12-22 13:30:00,2025-12-22 16:00:00,LONG,89150.04,-66.80759761857611,-74.80759761857611,0.0,-138.89505826357455,10,TIME_EXIT,MACD Divergence
2025-12-22 19:00:00,2025-12-22 19:15:00,2025-12-22 20:30:00,SHORT,88737.8,20.73373466549735,12.733734665497352,50.73373466549735,-17.12460755168506,5,TRAILING_STOP,MACD Divergence
2025-12-22 23:45:00,2025-12-23 00:00:00,2025-12-23 02:30:00,LONG,88008.8,-46.748734217488206,-54.748734217488206,0.0,-108.77094108770926,10,TIME_EXIT,MACD Divergence
2025-12-23 06:30:00,2025-12-23 06:45:00,2025-12-23 07:00:00,SHORT,87819.76,-4.9760190645027045,-12.976019064502704,25.023980935497296,-8.974062329481683,1,TRAILING_STOP,MACD Divergence
2025-12-23 10:30:00,2025-12-23 10:45:00,2025-12-23 11:15:00,SHORT,87779.11,-17.661073346494668,-25.661073346494668,12.338926653505334,-42.25264986168114,2,TRAILING_STOP,MACD Divergence
2025-12-23 15:00:00,2025-12-23 15:15:00,2025-12-23 15:45:00,SHORT,88198.44,44.55574044166846,36.55574044166846,74.55574044166846,0.0,2,TRAILING_STOP,MACD Divergence
2025-12-23 17:45:00,2025-12-23 18:00:00,2025-12-23 18:30:00,LONG,87411.39,7.736659947862297,-0.2633400521377034,27.736659947862297,-2.4424734579790828,2,TRAILING_STOP,MACD Divergence
2025-12-23 21:00:00,2025-12-23 21:15:00,2025-12-23 23:15:00,LONG,87096.43,21.575756893824533,13.575756893824533,41.57575689382453,-26.7002907007771,8,TRAILING_STOP,MACD Divergence
2025-12-24 00:00:00,2025-12-24 00:15:00,2025-12-24 02:15:00,LONG,86846.68,18.90649590750205,10.906495907502048,38.90649590750205,-5.141244316995674,8,TRAILING_STOP,MACD Divergence
2025-12-24 02:45:00,2025-12-24 03:00:00,2025-12-24 03:15:00,LONG,86940.77,-15.782185964076664,-23.782185964076664,4.217814035923336,-19.720322237771427,1,TRAILING_STOP,MACD Divergence
2025-12-24 06:15:00,2025-12-24 06:30:00,2025-12-24 08:30:00,SHORT,87203.94,-11.021499716641245,-19.021499716641245,18.978500283358755,-31.495136572956927,8,TRAILING_STOP,MACD Divergence
2025-12-24 11:00:00,2025-12-24 11:15:00,2025-12-24 13:45:00,SHORT,87510.98,2.2797139284689862,-5.720286071531014,31.65888440513441,-7.507629328342237,10,TIME_EXIT,MACD Divergence
2025-12-24 14:30:00,2025-12-24 14:45:00,2025-12-24 16:30:00,SHORT,87613.14,-19.00050837123343,-27.00050837123343,10.999491628766568,-32.74166409285189,7,TRAILING_STOP,MACD Divergence
2025-12-24 17:30:00,2025-12-24 17:45:00,2025-12-24 20:15:00,SHORT,87826.19,14.369290071674188,6.369290071674188,36.17030409721727,0.0,10,TIME_EXIT,MACD Divergence
2025-12-24 20:30:00,2025-12-24 20:45:00,2025-12-24 22:30:00,LONG,87746.26,5.213610243901595,-2.786389756098405,25.213610243901595,-1.487242875079617,7,TRAILING_STOP,MACD Divergence
2025-12-25 02:15:00,2025-12-25 02:30:00,2025-12-25 05:00:00,SHORT,87837.59,57.847670911735555,49.847670911735555,66.71289592530837,0.0,10,TIME_EXIT,MACD Divergence
2025-12-25 05:00:00,2025-12-25 05:15:00,2025-12-25 07:45:00,LONG,87329.46,21.158953690999443,13.158953690999443,29.985299348009317,0.0,10,TIME_EXIT,MACD Divergence
2025-12-25 08:45:00,2025-12-25 09:00:00,2025-12-25 11:30:00,SHORT,87575.21,-53.285627291101456,-61.285627291101456,0.0,-116.18927319728937,10,TIME_EXIT,MACD Divergence
2025-12-25 17:00:00,2025-12-25 17:15:00,2025-12-25 17:45:00,LONG,87709.82,-13.023586184535805,-21.023586184535805,6.976413815464195,-28.0538712769006,2,TRAILING_STOP,MACD Divergence
2025-12-26 01:30:00,2025-12-26 01:45:00,2025-12-26 02:30:00,SHORT,89361.77,83.50715188385448,75.50715188385448,113.50715188385448,-6.7601615321617885,3,TRAILING_STOP,MACD Divergence
2025-12-26 07:30:00,2025-12-26 07:45:00,2025-12-26 09:00:00,LONG,88833.7,4.348867603173449,-3.6511323968265508,24.34886760317345,-62.90405555549334,5,TRAILING_STOP,MACD Divergence
2025-12-26 15:15:00,2025-12-26 15:30:00,2025-12-26 18:00:00,SHORT,87585.76,25.775879549369073,17.775879549369073,30.182988650209875,-8.476263721409193,10,TIME_EXIT,MACD Divergence
2025-12-26 19:00:00,2025-12-26 19:15:00,2025-12-26 21:45:00,LONG,87384.57,4.820072925917623,-3.179927074082377,12.369460649631451,-5.901499543913414,10,TIME_EXIT,MACD Divergence
2025-12-26 22:00:00,2025-12-26 22:15:00,2025-12-27 00:45:00,SHORT,87504.39,3.3381182361257995,-4.6618817638742005,7.440769543105275,-7.040789610669886,10,TIME_EXIT,MACD Divergence
2025-12-27 00:45:00,2025-12-27 01:00:00,2025-12-27 03:30:00,SHORT,87475.18,-20.57383591551354,-28.57383591551354,4.021712215967206,-25.929640842123103,10,TIME_EXIT,MACD Divergence
2025-12-27 03:30:00,2025-12-27 03:45:00,2025-12-27 06:15:00,SHORT,87655.15,20.440327807322017,12.440327807322017,32.447608611701455,0.0,10,TIME_EXIT,MACD Divergence
2025-12-27 06:45:00,2025-12-27 07:00:00,2025-12-27 09:30:00,LONG,87489.77,7.110545610074395,-0.8894543899256053,7.111688600850266,-20.770428359795797,10,TIME_EXIT,MACD Divergence
2025-12-27 10:15:00,2025-12-27 10:30:00,2025-12-27 13:00:00,SHORT,87551.26,3.2974968035863044,-4.702503196413696,12.470408763962165,-2.4157276548628466,10,TIME_EXIT,MACD Divergence
2025-12-27 13:00:00,2025-12-27 13:15:00,2025-12-27 15:45:00,SHORT,87522.39,-12.796725500754722,-20.79672550075472,2.5582025353740248,-12.95439943996098,10,TIME_EXIT,MACD Divergence
2025-12-27 16:45:00,2025-12-27 17:00:00,2025-12-27 18:15:00,SHORT,87692.68,-8.026672237638557,-16.026672237638557,21.973327762361443,-33.22056071270795,5,TRAILING_STOP,MACD Divergence
2025-12-27 19:30:00,2025-12-27 19:45:00,2025-12-27 22:15:00,SHORT,87856.62,13.27276191594903,5.2727619159490295,14.927731114626784,-1.8268401402197023,10,TIME_EXIT,MACD Divergence
2025-12-27 22:30:00,2025-12-27 22:45:00,2025-12-28 01:15:00,LONG,87813.93,-9.329954826072926,-17.329954826072928,0.0,-22.677495472529177,10,TIME_EXIT,MACD Divergence
2025-12-28 01:30:00,2025-12-28 01:45:00,2025-12-28 04:00:00,LONG,87709.77,10.005779287756994,2.0057792877569938,30.005779287756994,-3.236811588948348,9,TRAILING_STOP,MACD Divergence
2025-12-28 04:30:00,2025-12-28 04:45:00,2025-12-28 07:15:00,SHORT,87905.37,6.230563616305753,-1.7694363836942468,12.571473164835636,-11.90257204992194,10,TIME_EXIT,MACD Divergence
2025-12-28 07:30:00,2025-12-28 07:45:00,2025-12-28 10:15:00,SHORT,87860.45,2.752091526960426,-5.247908473039574,4.128137290442296,-25.9843877421528,10,TIME_EXIT,MACD Divergence
2025-12-28 10:15:00,2025-12-28 10:30:00,2025-12-28 12:30:00,LONG,87836.27,-9.147990915371016,-17.147990915371018,10.852009084628984,-24.751734107106717,8,TRAILING_STOP,MACD Divergence
2025-12-28 13:30:00,2025-12-28 13:45:00,2025-12-28 16:15:00,LONG,87670.15,-9.328146467183966,-17.328146467183966,0.0,-26.822128170191817,10,TIME_EXIT,MACD Divergence
2025-12-28 16:30:00,2025-12-28 16:45:00,2025-12-28 17:30:00,LONG,87521.66,40.313069930345854,32.313069930345854,60.313069930345854,0.0,3,TRAILING_STOP,MACD Divergence
2025-12-28 20:00:00,2025-12-28 20:15:00,2025-12-28 22:45:00,SHORT,88304.04,-202.304447225745,-210.304447225745,0.0,-217.08633036495345,10,TIME_EXIT,MACD Divergence
2025-12-28 22:45:00,2025-12-28 23:00:00,2025-12-29 01:30:00,SHORT,90090.48,48.998517934413606,40.998517934413606,61.527033710998424,-23.264389311724287,10,TIME_EXIT,MACD Divergence
2025-12-29 03:15:00,2025-12-29 03:30:00,2025-12-29 06:00:00,LONG,89555.1,-213.8448843226138,-221.8448843226138,0.0,-218.9054559706821,10,TIME_EXIT,MACD Divergence
2025-12-29 06:00:00,2025-12-29 06:15:00,2025-12-29 08:45:00,LONG,87640.02,-2.3710629002593606,-10.37106290025936,0.0,-95.10723525622244,10,TIME_EXIT,MACD Divergence
2025-12-29 14:30:00,2025-12-29 14:45:00,2025-12-29 17:15:00,LONG,87536.72,-21.210527422091925,-29.210527422091925,0.0,-53.146839406365224,10,TIME_EXIT,MACD Divergence
2025-12-29 19:00:00,2025-12-29 19:15:00,2025-12-29 21:00:00,LONG,87134.8,5.457107837510662,-2.5428921624893377,25.457107837510662,-15.47028282615016,7,TRAILING_STOP,MACD Divergence
2025-12-29 21:45:00,2025-12-29 22:00:00,2025-12-29 23:15:00,LONG,87281.98,4.137857550895109,-3.8621424491048906,24.13785755089511,-1.921358795938122,5,TRAILING_STOP,MACD Divergence
2025-12-30 00:45:00,2025-12-30 01:00:00,2025-12-30 02:30:00,SHORT,87384.88,-28.294899529528596,-36.29489952952859,1.7051004704714054,-73.59625601133689,6,TRAILING_STOP,MACD Divergence
2025-12-30 05:00:00,2025-12-30 05:15:00,2025-12-30 06:30:00,SHORT,88149.99,17.067503921442153,9.067503921442153,47.06750392144215,0.0,5,TRAILING_STOP,MACD Divergence
2025-12-30 07:45:00,2025-12-30 08:00:00,2025-12-30 08:45:00,SHORT,88095.99,-0.26198354771761245,-8.261983547717612,29.738016452282388,-33.21036519369297,3,TRAILING_STOP,MACD Divergence
2025-12-30 14:45:00,2025-12-30 15:00:00,2025-12-30 17:30:00,LONG,88068.31,44.33717417763565,36.33717417763565,49.46501187544131,-20.648744139633344,10,TIME_EXIT,MACD Divergence
