signal_time,entry_time,exit_time,direction,entry_price,gross_profit_bps,net_profit_bps,mfe_bps,mae_bps,exit_bar,exit_reason,strategy
2024-01-01 09:30:00,2024-01-01 09:45:00,2024-01-01 11:30:00,LONG,42639.02,8.933591813320902,0.933591813320902,28.933591813320902,-7.929356725365094,7,TRAILING_STOP,Volume Spike + Direction
2024-01-01 18:00:00,2024-01-01 18:15:00,2024-01-01 20:00:00,LONG,43104.15,131.48889376080862,123.48889376080862,151.48889376080862,-19.78695786832611,7,TRAILING_STOP,Volume Spike + Direction
2024-01-01 23:15:00,2024-01-01 23:30:00,2024-01-02 00:15:00,LONG,43989.99,174.13734806486707,166.13734806486707,194.13734806486707,0.0,3,TRAILING_STOP,Volume Spike + Direction
2024-01-02 08:15:00,2024-01-02 08:30:00,2024-01-02 09:00:00,LONG,45748.53,8.65665847623925,0.6566584762392509,28.65665847623925,-37.68427094815974,2,TRAILING_STOP,Volume Spike + Direction
2024-01-02 14:45:00,2024-01-02 15:00:00,2024-01-02 15:15:00,SHORT,45258.73,63.99291584187215,55.99291584187215,93.99291584187215,0.0,1,TRAILING_STOP,Volume Spike + Direction
2024-01-03 07:45:00,2024-01-03 08:00:00,2024-01-03 10:30:00,SHORT,45011.77,-12.996600666892238,-20.99660066689224,0.0,-108.46718536062974,10,TIME_EXIT,Volume Spike + Direction
2024-01-03 11:00:00,2024-01-03 11:15:00,2024-01-03 11:30:00,SHORT,44736.81,72.39219112851357,64.39219112851357,102.39219112851357,0.0,1,TRAILING_STOP,Volume Spike + Direction
2024-01-04 07:00:00,2024-01-04 07:15:00,2024-01-04 07:30:00,SHORT,43099.93,35.763447875669954,27.763447875669954,65.76344787566995,-17.36893772217277,1,TRAILING_STOP,Volume Spike + Direction
2024-01-04 14:45:00,2024-01-04 15:00:00,2024-01-04 15:30:00,LONG,43676.07,129.7204304324996,121.7204304324996,149.7204304324996,0.0,2,TRAILING_STOP,Volume Spike + Direction
2024-01-04 20:30:00,2024-01-04 20:45:00,2024-01-04 21:00:00,LONG,44328.9,38.68406389511118,30.68406389511118,58.68406389511118,-48.55297559831243,1,TRAILING_STOP,Volume Spike + Direction
2024-01-05 01:45:00,2024-01-05 02:00:00,2024-01-05 02:30:00,SHORT,43376.0,-12.939874585023976,-20.939874585023976,17.060125414976024,-67.91313168572522,2,TRAILING_STOP,Volume Spike + Direction
2024-01-05 09:00:00,2024-01-05 09:15:00,2024-01-05 09:30:00,LONG,44049.71,10.713028530721513,2.7130285307215125,30.713028530721513,-19.45075234320505,1,TRAILING_STOP,Volume Spike + Direction
2024-01-05 14:30:00,2024-01-05 14:45:00,2024-01-05 15:00:00,SHORT,43617.83,-0.04665293986393948,-8.04665293986394,29.95334706013606,-42.017220939234434,1,TRAILING_STOP,Volume Spike + Direction
2024-01-05 20:45:00,2024-01-05 21:00:00,2024-01-05 22:15:00,LONG,43955.07,-11.664215299850639,-19.66421529985064,8.335784700149361,-54.7536382037381,5,TRAILING_STOP,Volume Spike + Direction
2024-01-06 05:15:00,2024-01-06 05:30:00,2024-01-06 07:15:00,SHORT,43673.99,33.41073943553018,25.410739435530182,63.41073943553018,-16.03013601459405,7,TRAILING_STOP,Volume Spike + Direction
2024-01-06 18:45:00,2024-01-06 19:00:00,2024-01-06 20:00:00,SHORT,43995.89,57.439985871406876,49.439985871406876,87.43998587140688,0.0,4,TRAILING_STOP,Volume Spike + Direction
2024-01-07 00:30:00,2024-01-07 00:45:00,2024-01-07 03:15:00,LONG,44160.19,-45.389297464526834,-53.389297464526834,0.0,-74.00104030349526,10,TIME_EXIT,Volume Spike + Direction
2024-01-07 06:00:00,2024-01-07 06:15:00,2024-01-07 08:45:00,LONG,44017.7,14.102190709646479,6.102190709646479,34.10219070964648,-13.876236150456402,10,TRAILING_STOP,Volume Spike + Direction
2024-01-07 13:15:00,2024-01-07 13:30:00,2024-01-07 14:00:00,LONG,44386.49,1.200144458369774,-6.799855541630226,21.200144458369774,-18.38397224020159,2,TRAILING_STOP,Volume Spike + Direction
2024-01-07 22:15:00,2024-01-07 22:30:00,2024-01-07 23:00:00,SHORT,43977.01,4.836383828733325,-3.163616171266675,34.836383828733325,-10.91024605810989,2,TRAILING_STOP,Volume Spike + Direction
2024-01-08 02:45:00,2024-01-08 03:00:00,2024-01-08 03:30:00,SHORT,43371.09,3.6837280317364645,-4.3162719682635355,33.683728031736464,-28.339154030946307,2,TRAILING_STOP,Volume Spike + Direction
2024-01-08 06:15:00,2024-01-08 06:30:00,2024-01-08 09:00:00,LONG,44146.8,-62.45073255592803,-70.45073255592803,0.0,-81.98555727708516,10,TIME_EXIT,Volume Spike + Direction
2024-01-08 11:45:00,2024-01-08 12:00:00,2024-01-08 12:15:00,LONG,44636.0,106.35540819069809,98.35540819069809,126.35540819069809,-64.07384174209159,1,TRAILING_STOP,Volume Spike + Direction
2024-01-08 18:00:00,2024-01-08 18:15:00,2024-01-08 19:00:00,LONG,45891.1,275.8939750844934,267.8939750844934,295.8939750844934,0.0,3,TRAILING_STOP,Volume Spike + Direction
2024-01-09 00:30:00,2024-01-09 00:45:00,2024-01-09 01:00:00,SHORT,46670.0,-15.001071352046283,-23.00107135204628,14.998928647953717,-20.469252196271444,1,TRAILING_STOP,Volume Spike + Direction
2024-01-09 10:45:00,2024-01-09 11:00:00,2024-01-09 12:45:00,SHORT,46441.88,183.5744720067313,175.5744720067313,213.5744720067313,-120.17601354639447,7,TRAILING_STOP,Volume Spike + Direction
2024-01-09 21:00:00,2024-01-09 21:15:00,2024-01-09 23:45:00,LONG,47914.25,-376.5581220618083,-384.5581220618083,0.0,-555.4214038621083,10,TIME_EXIT,Volume Spike + Direction
2024-01-10 08:45:00,2024-01-10 09:00:00,2024-01-10 11:30:00,SHORT,45329.94,-34.385662103235816,-42.385662103235816,0.0,-88.49780079126427,10,TIME_EXIT,Volume Spike + Direction
2024-01-10 11:45:00,2024-01-10 12:00:00,2024-01-10 14:30:00,LONG,45515.88,-96.92441407262613,-104.92441407262613,0.0,-267.0540479498577,10,TIME_EXIT,Volume Spike + Direction
2024-01-10 17:30:00,2024-01-10 17:45:00,2024-01-10 18:00:00,LONG,46280.0,56.4606741573035,48.4606741573035,76.4606741573035,-95.0734658599827,1,TRAILING_STOP,Volume Spike + Direction
2024-01-10 20:45:00,2024-01-10 21:00:00,2024-01-10 22:15:00,LONG,46127.0,101.83753549981573,93.83753549981573,121.83753549981573,-226.98202787954995,5,TRAILING_STOP,Volume Spike + Direction
2024-01-11 11:15:00,2024-01-11 11:30:00,2024-01-11 12:00:00,LONG,47073.2,2.0167738755808884,-5.983226124419112,22.01677387558089,-31.463762820458474,2,TRAILING_STOP,Volume Spike + Direction
2024-01-11 14:00:00,2024-01-11 14:15:00,2024-01-11 14:45:00,LONG,47794.6,225.8185652772499,217.8185652772499,245.8185652772499,-61.63667025145027,2,TRAILING_STOP,Volume Spike + Direction
2024-01-12 07:45:00,2024-01-12 08:00:00,2024-01-12 09:45:00,LONG,46008.19,-5.187419891981369,-13.187419891981369,14.812580108018631,-102.33395401992551,7,TRAILING_STOP,Volume Spike + Direction
2024-01-12 14:30:00,2024-01-12 14:45:00,2024-01-12 15:15:00,SHORT,45289.99,111.06649173470768,103.06649173470768,141.06649173470768,-37.37912064012398,2,TRAILING_STOP,Volume Spike + Direction
2024-01-12 22:00:00,2024-01-12 22:15:00,2024-01-12 22:30:00,SHORT,42565.56,126.3517547989494,118.3517547989494,156.3517547989494,0.0,1,TRAILING_STOP,Volume Spike + Direction
2024-01-14 21:15:00,2024-01-14 21:30:00,2024-01-14 22:30:00,SHORT,42254.01,12.63264007368754,4.63264007368754,42.63264007368754,-93.47988510439552,4,TRAILING_STOP,Volume Spike + Direction
2024-01-15 13:45:00,2024-01-15 14:00:00,2024-01-15 16:30:00,LONG,42852.55,-86.5176051366838,-94.5176051366838,0.0,-160.83756975955998,10,TIME_EXIT,Volume Spike + Direction
2024-01-15 18:15:00,2024-01-15 18:30:00,2024-01-15 18:45:00,LONG,43154.7,36.844329818074264,28.844329818074264,56.844329818074264,-46.034383276907555,1,TRAILING_STOP,Volume Spike + Direction
2024-01-16 09:00:00,2024-01-16 09:15:00,2024-01-16 11:45:00,SHORT,42901.43,4.469713480412516,-3.5302865195874844,34.469713480412516,-58.74862446310085,10,TRAILING_STOP,Volume Spike + Direction
2024-01-16 13:45:00,2024-01-16 14:00:00,2024-01-16 14:45:00,SHORT,42805.83,146.57174268084552,138.57174268084552,176.57174268084552,-34.61444387364951,3,TRAILING_STOP,Volume Spike + Direction
2024-01-17 07:45:00,2024-01-17 08:00:00,2024-01-17 09:00:00,SHORT,42655.95,-26.41081724823907,-34.41081724823907,3.589182751760932,-39.39661407142566,4,TRAILING_STOP,Volume Spike + Direction
2024-01-17 12:30:00,2024-01-17 12:45:00,2024-01-17 13:00:00,LONG,42668.0,6.818693165838635,-1.181306834161365,26.818693165838635,-0.6749789069085452,1,TRAILING_STOP,Volume Spike + Direction
2024-01-17 20:30:00,2024-01-17 20:45:00,2024-01-17 21:15:00,LONG,42758.0,-4.807521399504392,-12.807521399504392,15.192478600495608,-36.20375134477827,2,TRAILING_STOP,Volume Spike + Direction
2024-01-18 07:15:00,2024-01-18 07:30:00,2024-01-18 10:00:00,SHORT,42880.26,37.24324432734418,29.24324432734418,40.19331972334089,-11.599743098572155,10,TIME_EXIT,Volume Spike + Direction
2024-01-18 10:45:00,2024-01-18 11:00:00,2024-01-18 11:45:00,SHORT,42447.67,-15.867304377366775,-23.867304377366775,14.132695622633225,-24.366472882963965,3,TRAILING_STOP,Volume Spike + Direction
2024-01-18 16:30:00,2024-01-18 16:45:00,2024-01-18 17:15:00,SHORT,42132.63,84.83023965036071,76.83023965036071,114.83023965036071,-10.860940795768515,2,TRAILING_STOP,Volume Spike + Direction
2024-01-18 19:45:00,2024-01-18 20:00:00,2024-01-18 20:30:00,SHORT,41022.33,52.650107880269815,44.650107880269815,82.65010788026981,-40.085485149184606,2,TRAILING_STOP,Volume Spike + Direction
2024-01-19 03:30:00,2024-01-19 03:45:00,2024-01-19 04:30:00,LONG,41016.84,30.749887119535174,22.749887119535174,50.749887119535174,0.0,3,TRAILING_STOP,Volume Spike + Direction
2024-01-19 06:45:00,2024-01-19 07:00:00,2024-01-19 07:30:00,LONG,41474.01,-16.84862881597422,-24.84862881597422,3.151371184025781,-34.9495985558195,2,TRAILING_STOP,Volume Spike + Direction
2024-01-19 14:15:00,2024-01-19 14:30:00,2024-01-19 14:45:00,SHORT,41057.59,22.72837494845605,14.72837494845605,52.72837494845605,-17.122290908941054,1,TRAILING_STOP,Volume Spike + Direction
2024-01-20 08:30:00,2024-01-20 08:45:00,2024-01-20 10:15:00,SHORT,41549.99,-8.105891240888102,-16.105891240888102,21.894108759111898,-22.39952404320668,6,TRAILING_STOP,Volume Spike + Direction
2024-01-21 10:30:00,2024-01-21 10:45:00,2024-01-21 13:15:00,SHORT,41757.35,-10.613700342574353,-18.613700342574354,17.086812261793085,-15.266773394384462,10,TIME_EXIT,Volume Spike + Direction
2024-01-21 15:30:00,2024-01-21 15:45:00,2024-01-21 17:00:00,SHORT,41626.35,-5.6524413022043625,-13.652441302204362,24.347558697795638,-11.221257688939609,5,TRAILING_STOP,Volume Spike + Direction
2024-01-21 20:45:00,2024-01-21 21:00:00,2024-01-21 23:30:00,SHORT,41643.9,24.683086838648848,16.683086838648848,34.319552203323475,-40.14993792608212,10,TIME_EXIT,Volume Spike + Direction
2024-01-22 00:45:00,2024-01-22 01:00:00,2024-01-22 03:30:00,LONG,41657.43,-124.65483348348634,-132.65483348348636,0.0,-142.2507341427452,10,TIME_EXIT,Volume Spike + Direction
2024-01-22 04:45:00,2024-01-22 05:00:00,2024-01-22 07:30:00,SHORT,40786.41,-62.44481924248666,-70.44481924248666,0.0,-131.11229941541674,10,TIME_EXIT,Volume Spike + Direction
2024-01-22 09:45:00,2024-01-22 10:00:00,2024-01-22 10:30:00,SHORT,40744.86,63.31974634346594,55.31974634346594,93.31974634346594,-19.990251531112655,2,TRAILING_STOP,Volume Spike + Direction
2024-01-22 15:15:00,2024-01-22 15:30:00,2024-01-22 16:30:00,SHORT,40455.16,-16.365150947369017,-24.365150947369017,13.634849052630983,-103.77662577530144,4,TRAILING_STOP,Volume Spike + Direction
2024-01-22 18:45:00,2024-01-22 19:00:00,2024-01-22 19:30:00,SHORT,40316.0,189.37196150411702,181.37196150411702,219.37196150411702,0.0,2,TRAILING_STOP,Volume Spike + Direction
2024-01-23 07:15:00,2024-01-23 07:30:00,2024-01-23 08:45:00,SHORT,39803.07,89.35511507026963,81.35511507026963,119.35511507026963,-14.30291683530951,5,TRAILING_STOP,Volume Spike + Direction
2024-01-23 15:30:00,2024-01-23 15:45:00,2024-01-23 17:00:00,LONG,39290.7,26.14323491309723,18.14323491309723,46.14323491309723,-93.0245579742789,5,TRAILING_STOP,Volume Spike + Direction
2024-01-23 23:15:00,2024-01-23 23:30:00,2024-01-24 00:00:00,LONG,39795.99,19.28536518377952,11.285365183779518,39.28536518377952,-26.63333667537809,2,TRAILING_STOP,Volume Spike + Direction
2024-01-24 07:00:00,2024-01-24 07:15:00,2024-01-24 07:30:00,LONG,39925.98,30.097705804590596,22.097705804590596,50.097705804590596,0.0,1,TRAILING_STOP,Volume Spike + Direction
2024-01-24 10:45:00,2024-01-24 11:00:00,2024-01-24 13:30:00,LONG,40352.42,-99.23072767382929,-107.23072767382929,0.0,-106.85108848490333,10,TIME_EXIT,Volume Spike + Direction
2024-01-24 14:30:00,2024-01-24 14:45:00,2024-01-24 16:00:00,LONG,40072.46,-8.57070416939641,-16.57070416939641,11.42929583060359,-58.009915038906804,5,TRAILING_STOP,Volume Spike + Direction
2024-01-24 18:15:00,2024-01-24 18:30:00,2024-01-24 19:45:00,SHORT,39766.0,1.539506110747439,-6.460493889252561,31.53950611074744,-23.135341749233014,5,TRAILING_STOP,Volume Spike + Direction
2024-01-25 01:30:00,2024-01-25 01:45:00,2024-01-25 03:15:00,SHORT,40046.87,3.1786229485606725,-4.8213770514393275,33.17862294856067,-13.234492483432538,6,TRAILING_STOP,Volume Spike + Direction
2024-01-25 10:00:00,2024-01-25 10:15:00,2024-01-25 11:00:00,SHORT,40010.39,-29.837542198413598,-37.8375421984136,0.16245780158640172,-63.36354132014311,3,TRAILING_STOP,Volume Spike + Direction
2024-01-25 15:45:00,2024-01-25 16:00:00,2024-01-25 16:45:00,LONG,39804.23,-7.948517029473027,-15.948517029473027,12.051482970526973,-28.56982788010248,3,TRAILING_STOP,Volume Spike + Direction
2024-01-26 02:00:00,2024-01-26 02:15:00,2024-01-26 02:30:00,LONG,40062.23,25.62152431354839,17.62152431354839,45.62152431354839,0.0,1,TRAILING_STOP,Volume Spike + Direction
2024-01-26 07:45:00,2024-01-26 08:00:00,2024-01-26 09:45:00,LONG,39970.0,90.4303227420564,82.4303227420564,110.4303227420564,0.0,7,TRAILING_STOP,Volume Spike + Direction
2024-01-26 10:30:00,2024-01-26 10:45:00,2024-01-26 11:30:00,LONG,40642.0,153.74391024063712,145.74391024063712,173.74391024063712,0.0,3,TRAILING_STOP,Volume Spike + Direction
2024-01-27 08:45:00,2024-01-27 09:00:00,2024-01-27 11:30:00,SHORT,41470.01,-71.49021666500711,-79.49021666500711,0.0,-79.57316624712604,10,TIME_EXIT,Volume Spike + Direction
2024-01-27 19:30:00,2024-01-27 19:45:00,2024-01-27 22:15:00,LONG,41930.38,62.10055811561914,54.10055811561914,62.10055811561914,-4.748347141141153,10,TIME_EXIT,Volume Spike + Direction
2024-01-28 00:15:00,2024-01-28 00:30:00,2024-01-28 01:00:00,SHORT,41971.92,-18.821097533780144,-26.821097533780144,11.178902466219856,-29.32913242949061,2,TRAILING_STOP,Volume Spike + Direction
2024-01-28 04:00:00,2024-01-28 04:15:00,2024-01-28 05:15:00,LONG,42298.91,108.55414004757966,100.55414004757966,128.55414004757966,0.0,4,TRAILING_STOP,Volume Spike + Direction
2024-01-28 18:15:00,2024-01-28 18:30:00,2024-01-28 19:00:00,SHORT,41974.09,-6.39257932691417,-14.39257932691417,23.60742067308583,-27.876721091511943,2,TRAILING_STOP,Volume Spike + Direction
2024-01-29 07:45:00,2024-01-29 08:00:00,2024-01-29 08:45:00,SHORT,42053.45,-9.507032122215826,-17.507032122215826,20.492967877784174,-23.258496033025814,3,TRAILING_STOP,Volume Spike + Direction
2024-01-29 12:45:00,2024-01-29 13:00:00,2024-01-29 13:15:00,LONG,42102.67,-15.560851603947604,-23.560851603947604,4.439148396052395,-31.511065687757633,1,TRAILING_STOP,Volume Spike + Direction
2024-01-29 15:45:00,2024-01-29 16:00:00,2024-01-29 16:45:00,LONG,42641.75,137.60375688146075,129.60375688146075,157.60375688146075,-18.702328117396682,3,TRAILING_STOP,Volume Spike + Direction
2024-01-30 01:15:00,2024-01-30 01:30:00,2024-01-30 02:45:00,LONG,43450.0,57.640966628308064,49.640966628308064,77.64096662830806,-13.80897583429229,5,TRAILING_STOP,Volume Spike + Direction
2024-01-30 12:15:00,2024-01-30 12:30:00,2024-01-30 12:45:00,SHORT,43416.93,6.7460343234772395,-1.2539656765227605,36.74603432347724,-3.2637038132355864,1,TRAILING_STOP,Volume Spike + Direction
2024-01-30 23:30:00,2024-01-30 23:45:00,2024-01-31 02:15:00,SHORT,42788.0,1.0671216228849865,-6.9328783771150135,31.067121622884986,-74.73357015985715,10,TRAILING_STOP,Volume Spike + Direction
2024-01-31 09:00:00,2024-01-31 09:15:00,2024-01-31 10:15:00,SHORT,42837.32,28.862225741479968,20.862225741479968,58.86222574147997,-14.172221791652495,4,TRAILING_STOP,Volume Spike + Direction
2024-01-31 14:30:00,2024-01-31 14:45:00,2024-01-31 15:45:00,LONG,42852.29,122.98652417408636,114.98652417408636,142.98652417408636,-37.615259301195415,4,TRAILING_STOP,Volume Spike + Direction
2024-01-31 20:00:00,2024-01-31 20:15:00,2024-01-31 21:30:00,SHORT,42908.51,117.21322180611853,109.21322180611853,147.21322180611853,-31.753607850750353,5,TRAILING_STOP,Volume Spike + Direction
2024-02-01 01:15:00,2024-02-01 01:30:00,2024-02-01 02:00:00,SHORT,42025.01,-9.771569358341132,-17.771569358341132,20.228430641658868,-26.86495493992778,2,TRAILING_STOP,Volume Spike + Direction
2024-02-01 10:15:00,2024-02-01 10:30:00,2024-02-01 11:45:00,LONG,42258.0,-10.527237446164316,-18.527237446164314,9.472762553835684,-54.777793553884045,5,TRAILING_STOP,Volume Spike + Direction
2024-02-01 14:30:00,2024-02-01 14:45:00,2024-02-01 15:30:00,LONG,42539.6,75.67555877347225,67.67555877347225,95.67555877347225,0.0,3,TRAILING_STOP,Volume Spike + Direction
2024-02-02 00:15:00,2024-02-02 00:30:00,2024-02-02 01:30:00,LONG,43284.01,-17.149062667715743,-25.149062667715743,2.850937332284256,-41.239247472681015,4,TRAILING_STOP,Volume Spike + Direction
2024-02-02 06:45:00,2024-02-02 07:00:00,2024-02-02 09:30:00,SHORT,43165.0,29.48221939071054,21.48221939071054,48.08757094868521,-12.892389667555069,10,TIME_EXIT,Volume Spike + Direction
2024-02-02 13:30:00,2024-02-02 13:45:00,2024-02-02 14:00:00,SHORT,42846.0,25.08098772347477,17.08098772347477,55.08098772347477,0.0,1,TRAILING_STOP,Volume Spike + Direction
2024-02-03 00:15:00,2024-02-03 00:30:00,2024-02-03 03:00:00,LONG,43355.99,-33.730056677289106,-41.730056677289106,0.0,-46.52413657259335,10,TIME_EXIT,Volume Spike + Direction
2024-02-03 11:15:00,2024-02-03 11:30:00,2024-02-03 14:00:00,SHORT,42995.37,-15.541208274286209,-23.54120827428621,4.740045265340118,-22.828039391216812,10,TIME_EXIT,Volume Spike + Direction
2024-02-03 15:00:00,2024-02-03 15:15:00,2024-02-03 17:45:00,SHORT,42970.31,-60.43707853166626,-68.43707853166626,0.0,-69.74350429401193,10,TIME_EXIT,Volume Spike + Direction
2024-02-03 17:45:00,2024-02-03 18:00:00,2024-02-03 20:30:00,LONG,43230.0,-31.707147814017976,-39.70714781401797,0.0,-51.48276659726988,10,TIME_EXIT,Volume Spike + Direction
2024-02-04 00:15:00,2024-02-04 00:30:00,2024-02-04 03:00:00,SHORT,42912.54,-29.618381946162714,-37.618381946162714,0.0,-36.41126812815089,10,TIME_EXIT,Volume Spike + Direction
2024-02-04 05:15:00,2024-02-04 05:30:00,2024-02-04 08:00:00,SHORT,42922.49,25.83261129538323,17.83261129538323,47.159426212225405,-2.388025485007976,10,TIME_EXIT,Volume Spike + Direction
2024-02-04 09:15:00,2024-02-04 09:30:00,2024-02-04 12:00:00,LONG,42902.01,40.06339096932693,32.06339096932693,50.58737341210792,-6.925083463455238,10,TIME_EXIT,Volume Spike + Direction
2024-02-04 19:00:00,2024-02-04 19:15:00,2024-02-04 20:30:00,SHORT,42653.98,-3.6062144728342496,-11.60621447283425,26.39378552716575,-9.851366742329038,5,TRAILING_STOP,Volume Spike + Direction
2024-02-04 22:30:00,2024-02-04 22:45:00,2024-02-05 00:15:00,SHORT,42505.65,-15.891287393557993,-23.891287393557995,14.108712606442007,-34.548348278404994,6,TRAILING_STOP,Volume Spike + Direction
2024-02-05 07:30:00,2024-02-05 07:45:00,2024-02-05 08:00:00,LONG,43065.98,10.04227466784626,2.042274667846261,30.04227466784626,-1.792598241117737,1,TRAILING_STOP,Volume Spike + Direction
2024-02-05 13:15:00,2024-02-05 13:30:00,2024-02-05 14:00:00,LONG,43384.92,12.88469818545206,4.884698185452059,32.88469818545206,-3.853873650107264,2,TRAILING_STOP,Volume Spike + Direction
2024-02-05 20:15:00,2024-02-05 20:30:00,2024-02-05 21:30:00,SHORT,42432.98,-14.182114949267618,-22.182114949267618,15.817885050732382,-29.20134291770133,4,TRAILING_STOP,Volume Spike + Direction
2024-02-06 08:00:00,2024-02-06 08:15:00,2024-02-06 09:00:00,LONG,42963.59,16.38196901143619,8.38196901143619,36.38196901143619,-8.323326798341284,3,TRAILING_STOP,Volume Spike + Direction
2024-02-06 10:45:00,2024-02-06 11:00:00,2024-02-06 12:15:00,SHORT,42799.49,-8.156281768778562,-16.156281768778562,21.843718231221438,-22.486249252036703,5,TRAILING_STOP,Volume Spike + Direction
2024-02-06 15:15:00,2024-02-06 15:30:00,2024-02-06 16:30:00,LONG,43194.01,27.68485259877496,19.68485259877496,47.68485259877496,-10.41579607913348,4,TRAILING_STOP,Volume Spike + Direction
2024-02-07 03:30:00,2024-02-07 03:45:00,2024-02-07 04:30:00,SHORT,42864.1,-13.802296093934014,-21.802296093934014,16.197703906065986,-18.64030739010068,3,TRAILING_STOP,Volume Spike + Direction
2024-02-07 09:30:00,2024-02-07 09:45:00,2024-02-07 12:15:00,LONG,43174.01,-50.69716711512427,-58.69716711512427,0.0,-77.82459864163648,10,TIME_EXIT,Volume Spike + Direction
2024-02-07 14:45:00,2024-02-07 15:00:00,2024-02-07 15:15:00,SHORT,43028.59,-18.507641082360102,-26.507641082360102,11.4923589176399,-37.61220156179968,1,TRAILING_STOP,Volume Spike + Direction
2024-02-07 17:30:00,2024-02-07 17:45:00,2024-02-07 18:15:00,SHORT,43460.28,-29.98619429051132,-37.98619429051132,0.013805709488680628,-43.19346308859519,2,TRAILING_STOP,Volume Spike + Direction
2024-02-07 20:15:00,2024-02-07 20:30:00,2024-02-07 20:45:00,LONG,44051.07,27.678751049633718,19.678751049633718,47.67875104963372,0.0,1,TRAILING_STOP,Volume Spike + Direction
2024-02-08 13:45:00,2024-02-08 14:00:00,2024-02-08 14:15:00,LONG,44984.0,25.785168059754383,17.785168059754383,45.78516805975438,0.0,1,TRAILING_STOP,Volume Spike + Direction
2024-02-09 02:15:00,2024-02-09 02:30:00,2024-02-09 02:45:00,LONG,45789.95,109.79267284633414,101.79267284633414,129.79267284633414,0.0,1,TRAILING_STOP,Volume Spike + Direction
2024-02-09 08:45:00,2024-02-09 09:00:00,2024-02-09 09:45:00,LONG,46640.0,-14.283876500856884,-22.283876500856884,5.716123499143116,-33.801457975986594,3,TRAILING_STOP,Volume Spike + Direction
2024-02-09 11:30:00,2024-02-09 11:45:00,2024-02-09 12:00:00,LONG,47014.18,125.662436311768,117.662436311768,145.662436311768,0.0,1,TRAILING_STOP,Volume Spike + Direction
2024-02-09 14:15:00,2024-02-09 14:30:00,2024-02-09 15:15:00,SHORT,46930.81,5.2369797154567195,-2.7630202845432805,35.23697971545672,-57.03289587373487,3,TRAILING_STOP,Volume Spike + Direction
2024-02-09 18:15:00,2024-02-09 18:30:00,2024-02-09 21:00:00,LONG,48072.65,-142.9461450533724,-150.9461450533724,0.0,-171.53412595311485,10,TIME_EXIT,Volume Spike + Direction
2024-02-10 08:45:00,2024-02-10 09:00:00,2024-02-10 11:00:00,SHORT,47087.69,31.096647552683585,23.096647552683585,61.096647552683585,-29.812462662746327,8,TRAILING_STOP,Volume Spike + Direction
2024-02-10 13:45:00,2024-02-10 14:00:00,2024-02-10 14:30:00,LONG,47303.58,-5.1131774804363115,-13.113177480436311,14.886822519563689,-14.098298691135495,2,TRAILING_STOP,Volume Spike + Direction
2024-02-10 19:15:00,2024-02-10 19:30:00,2024-02-10 19:45:00,LONG,47484.37,16.986907481345412,8.986907481345412,36.98690748134541,0.0,1,TRAILING_STOP,Volume Spike + Direction
2024-02-11 03:15:00,2024-02-11 03:30:00,2024-02-11 04:00:00,LONG,48077.43,87.16671003421007,79.16671003421007,107.16671003421007,0.0,2,TRAILING_STOP,Volume Spike + Direction
2024-02-11 10:45:00,2024-02-11 11:00:00,2024-02-11 11:30:00,LONG,48142.79,31.621436979451495,23.621436979451495,51.621436979451495,0.0,2,TRAILING_STOP,Volume Spike + Direction
2024-02-12 00:15:00,2024-02-12 00:30:00,2024-02-12 03:00:00,LONG,48710.38,-118.24789706013338,-126.24789706013338,0.0,-143.88309021608958,10,TIME_EXIT,Volume Spike + Direction
2024-02-12 06:45:00,2024-02-12 07:00:00,2024-02-12 07:30:00,LONG,48149.43,28.357789489926773,20.357789489926773,48.35778948992677,0.0,2,TRAILING_STOP,Volume Spike + Direction
2024-02-12 10:00:00,2024-02-12 10:15:00,2024-02-12 10:45:00,LONG,47969.53,0.9466300795532483,-7.053369920446752,20.94663007955325,-20.31914842609489,2,TRAILING_STOP,Volume Spike + Direction
2024-02-12 14:30:00,2024-02-12 14:45:00,2024-02-12 15:15:00,LONG,48556.3,100.21097159379875,92.21097159379875,120.21097159379875,0.0,2,TRAILING_STOP,Volume Spike + Direction
2024-02-12 17:15:00,2024-02-12 17:30:00,2024-02-12 20:00:00,LONG,50046.77,-36.91147300814737,-44.91147300814737,0.0,-109.25180586079718,10,TIME_EXIT,Volume Spike + Direction
2024-02-13 07:45:00,2024-02-13 08:00:00,2024-02-13 09:00:00,LONG,49983.09,13.613368041071901,5.613368041071901,33.6133680410719,0.0,4,TRAILING_STOP,Volume Spike + Direction
2024-02-13 10:30:00,2024-02-13 10:45:00,2024-02-13 11:15:00,SHORT,49945.47,29.15851828003644,21.15851828003644,59.15851828003644,0.0,2,TRAILING_STOP,Volume Spike + Direction
2024-02-13 13:30:00,2024-02-13 13:45:00,2024-02-13 14:15:00,SHORT,49540.18,200.15257514203628,192.15257514203628,230.15257514203628,-22.430277806823195,2,TRAILING_STOP,Volume Spike + Direction
2024-02-14 08:00:00,2024-02-14 08:15:00,2024-02-14 10:45:00,SHORT,49761.11,-309.2555612203987,-317.2555612203987,0.0,-386.82617811379197,10,TIME_EXIT,Volume Spike + Direction
2024-02-14 14:30:00,2024-02-14 14:45:00,2024-02-14 15:00:00,LONG,51757.98,21.506643033594905,13.506643033594905,41.506643033594905,-55.42720175710193,1,TRAILING_STOP,Volume Spike + Direction
2024-02-15 00:15:00,2024-02-15 00:30:00,2024-02-15 01:00:00,LONG,52269.2,8.46800792818771,0.46800792818770987,28.46800792818771,-51.50260574104771,2,TRAILING_STOP,Volume Spike + Direction
2024-02-15 07:30:00,2024-02-15 07:45:00,2024-02-15 08:15:00,SHORT,51728.0,-14.921125889266934,-22.921125889266932,15.078874110733066,-48.92901330033995,2,TRAILING_STOP,Volume Spike + Direction
2024-02-15 11:30:00,2024-02-15 11:45:00,2024-02-15 12:15:00,SHORT,52241.09,0.8358803386369829,-7.164119661363017,30.835880338636983,-48.4120832853992,2,TRAILING_STOP,Volume Spike + Direction
2024-02-15 14:30:00,2024-02-15 14:45:00,2024-02-15 15:00:00,LONG,52595.01,-7.643314451314307,-15.643314451314307,12.356685548685693,-72.28632526165549,1,TRAILING_STOP,Volume Spike + Direction
2024-02-16 07:30:00,2024-02-16 07:45:00,2024-02-16 08:30:00,SHORT,51829.9,-2.706873831514411,-10.706873831514411,27.29312616848559,-18.661043143050858,3,TRAILING_STOP,Volume Spike + Direction
2024-02-16 10:45:00,2024-02-16 11:00:00,2024-02-16 11:45:00,LONG,52299.99,5.978972462519138,-2.0210275374808617,25.97897246251914,-23.6998133269236,3,TRAILING_STOP,Volume Spike + Direction
2024-02-16 14:45:00,2024-02-16 15:00:00,2024-02-16 15:15:00,SHORT,51920.32,27.089401606152705,19.089401606152705,57.089401606152705,0.0,1,TRAILING_STOP,Volume Spike + Direction
2024-02-17 10:15:00,2024-02-17 10:30:00,2024-02-17 13:00:00,SHORT,51580.01,2.977897832900882,-5.022102167099118,4.20511744763181,-42.65024376691628,10,TIME_EXIT,Volume Spike + Direction
2024-02-17 13:15:00,2024-02-17 13:30:00,2024-02-17 14:45:00,SHORT,51381.74,117.27800187381703,109.27800187381703,147.27800187381703,0.0,5,TRAILING_STOP,Volume Spike + Direction
2024-02-17 21:15:00,2024-02-17 21:30:00,2024-02-17 22:00:00,LONG,51840.77,-18.989212544488588,-26.989212544488588,1.010787455511413,-28.462154400869363,2,TRAILING_STOP,Volume Spike + Direction
2024-02-18 02:45:00,2024-02-18 03:00:00,2024-02-18 03:30:00,SHORT,51277.99,-25.892974744135316,-33.892974744135316,4.107025255864684,-37.522921627779,2,TRAILING_STOP,Volume Spike + Direction
2024-02-18 09:00:00,2024-02-18 09:15:00,2024-02-18 10:00:00,LONG,51902.01,12.174091138281149,4.174091138281149,32.17409113828115,-16.1862710133966,3,TRAILING_STOP,Volume Spike + Direction
2024-02-18 12:30:00,2024-02-18 12:45:00,2024-02-18 14:30:00,SHORT,51733.08,7.109717805319768,-0.890282194680232,37.10971780531977,-37.43832766191386,7,TRAILING_STOP,Volume Spike + Direction
2024-02-18 22:00:00,2024-02-18 22:15:00,2024-02-18 22:30:00,LONG,52200.0,13.90804597701149,5.90804597701149,33.90804597701149,-25.73754789272003,1,TRAILING_STOP,Volume Spike + Direction
2024-02-19 06:15:00,2024-02-19 06:30:00,2024-02-19 07:30:00,LONG,52414.86,-5.89903702881278,-13.89903702881278,14.10096297118722,-22.409675424106663,4,TRAILING_STOP,Volume Spike + Direction
2024-02-19 16:45:00,2024-02-19 17:00:00,2024-02-19 19:30:00,SHORT,51775.76,-15.95534280906752,-23.95534280906752,0.0,-83.86936280606946,10,TIME_EXIT,Volume Spike + Direction
2024-02-20 00:30:00,2024-02-20 00:45:00,2024-02-20 01:30:00,SHORT,51569.34,20.095657613612374,12.095657613612374,50.095657613612374,-27.273957743108884,3,TRAILING_STOP,Volume Spike + Direction
2024-02-20 09:15:00,2024-02-20 09:30:00,2024-02-20 09:45:00,SHORT,51615.08,-20.103667377828003,-28.103667377828003,9.896332622171997,-33.957130358026525,1,TRAILING_STOP,Volume Spike + Direction
2024-02-20 13:30:00,2024-02-20 13:45:00,2024-02-20 16:15:00,LONG,52874.68,-213.74313754712153,-221.74313754712153,0.0,-290.248565097699,10,TIME_EXIT,Volume Spike + Direction
2024-02-20 23:00:00,2024-02-20 23:15:00,2024-02-21 01:45:00,LONG,52397.15,-56.22252355328558,-64.22252355328558,0.0,-66.25169498722725,10,TIME_EXIT,Volume Spike + Direction
2024-02-21 07:00:00,2024-02-21 07:15:00,2024-02-21 08:15:00,SHORT,51621.15,-12.398687359735188,-20.398687359735188,17.601312640264812,-32.13605276131962,4,TRAILING_STOP,Volume Spike + Direction
2024-02-21 09:45:00,2024-02-21 10:00:00,2024-02-21 10:15:00,SHORT,51095.1,-15.693344371574076,-23.693344371574078,14.306655628425924,-34.095245923777256,1,TRAILING_STOP,Volume Spike + Direction
2024-02-22 08:00:00,2024-02-22 08:15:00,2024-02-22 08:45:00,SHORT,51782.12,-8.815081344679523,-16.815081344679523,21.184918655320477,-28.449974624445602,2,TRAILING_STOP,Volume Spike + Direction
2024-02-22 13:15:00,2024-02-22 13:30:00,2024-02-22 13:45:00,SHORT,51265.76,33.391238128529295,25.391238128529295,63.391238128529295,0.0,1,TRAILING_STOP,Volume Spike + Direction
2024-02-23 02:45:00,2024-02-23 03:00:00,2024-02-23 04:15:00,SHORT,51096.38,-7.223435397968039,-15.22343539796804,22.77656460203196,-27.450085505079233,5,TRAILING_STOP,Volume Spike + Direction
2024-02-23 07:45:00,2024-02-23 08:00:00,2024-02-23 09:30:00,SHORT,50915.95,-13.11923866686233,-21.11923866686233,16.88076133313767,-49.55028826919676,6,TRAILING_STOP,Volume Spike + Direction
2024-02-23 14:15:00,2024-02-23 14:30:00,2024-02-23 14:45:00,LONG,51187.85,-4.254075918406702,-12.254075918406702,15.745924081593298,-75.7074188503715,1,TRAILING_STOP,Volume Spike + Direction
2024-02-23 23:15:00,2024-02-23 23:30:00,2024-02-23 23:45:00,LONG,50790.66,4.807710709016185,-3.1922892909838154,24.807710709016185,-14.211274277593615,1,TRAILING_STOP,Volume Spike + Direction
2024-02-24 17:30:00,2024-02-24 17:45:00,2024-02-24 18:30:00,LONG,51558.93,6.2282401904002285,-1.7717598095997715,26.22824019040023,-9.579329904635223,3,TRAILING_STOP,Volume Spike + Direction
2024-02-25 02:00:00,2024-02-25 02:15:00,2024-02-25 02:30:00,LONG,51783.13,-12.667496151738767,-20.667496151738767,7.332503848261232,-19.633807380897654,1,TRAILING_STOP,Volume Spike + Direction
2024-02-25 14:30:00,2024-02-25 14:45:00,2024-02-25 15:30:00,LONG,51754.0,-18.8928392008341,-26.8928392008341,1.1071607991659005,-44.44100939057851,3,TRAILING_STOP,Volume Spike + Direction
2024-02-25 20:00:00,2024-02-25 20:15:00,2024-02-25 20:45:00,LONG,51900.0,-18.709055876686495,-26.709055876686495,1.2909441233135046,-37.24277456647416,2,TRAILING_STOP,Volume Spike + Direction
2024-02-26 07:45:00,2024-02-26 08:00:00,2024-02-26 10:00:00,SHORT,51293.26,46.38820383028876,38.38820383028876,76.38820383028876,-15.869531396522946,8,TRAILING_STOP,Volume Spike + Direction
2024-02-26 14:45:00,2024-02-26 15:00:00,2024-02-26 15:30:00,LONG,51687.03,175.98146769121794,167.98146769121794,195.98146769121794,0.0,2,TRAILING_STOP,Volume Spike + Direction
2024-02-26 19:15:00,2024-02-26 19:30:00,2024-02-26 20:00:00,LONG,54234.09,104.62825503295133,96.62825503295133,124.62825503295133,0.0,2,TRAILING_STOP,Volume Spike + Direction
2024-02-27 01:30:00,2024-02-27 01:45:00,2024-02-27 02:00:00,LONG,55100.01,338.226795240145,330.226795240145,358.226795240145,0.0,1,TRAILING_STOP,Volume Spike + Direction
2024-02-27 12:30:00,2024-02-27 12:45:00,2024-02-27 15:15:00,LONG,57383.87,-25.97419797584285,-33.97419797584285,0.0,-135.5677126690832,10,TIME_EXIT,Volume Spike + Direction
2024-02-28 07:15:00,2024-02-28 07:30:00,2024-02-28 07:45:00,LONG,57430.0,145.34389691798705,137.34389691798705,165.34389691798705,0.0,1,TRAILING_STOP,Volume Spike + Direction
2024-02-28 13:15:00,2024-02-28 13:30:00,2024-02-28 14:00:00,LONG,60264.01,48.9549201920011,40.9549201920011,68.9549201920011,-16.648410884042026,2,TRAILING_STOP,Volume Spike + Direction
2024-02-28 17:00:00,2024-02-28 17:15:00,2024-02-28 19:45:00,LONG,63690.12,-430.05257330336354,-438.05257330336354,0.0,-783.4998583767784,10,TIME_EXIT,Volume Spike + Direction
2024-02-29 04:45:00,2024-02-29 05:00:00,2024-02-29 05:45:00,LONG,62443.89,15.675227792503655,7.675227792503655,35.675227792503655,-101.3373766432554,3,TRAILING_STOP,Volume Spike + Direction
2024-02-29 13:30:00,2024-02-29 13:45:00,2024-02-29 14:00:00,LONG,62762.55,56.07084160856992,48.07084160856992,76.07084160856992,0.0,1,TRAILING_STOP,Volume Spike + Direction
2024-02-29 16:30:00,2024-02-29 16:45:00,2024-02-29 17:30:00,SHORT,61855.88,174.97162112963156,166.97162112963156,204.97162112963156,-89.04893116062688,3,TRAILING_STOP,Volume Spike + Direction
2024-03-01 07:30:00,2024-03-01 07:45:00,2024-03-01 08:00:00,SHORT,61422.4,-12.786410169579309,-20.78641016957931,17.21358983042069,-17.98529526687351,1,TRAILING_STOP,Volume Spike + Direction
2024-03-01 14:30:00,2024-03-01 14:45:00,2024-03-01 16:00:00,SHORT,61889.56,92.56509821688758,84.56509821688758,122.56509821688758,-47.2212114611899,5,TRAILING_STOP,Volume Spike + Direction
2024-03-01 20:45:00,2024-03-01 21:00:00,2024-03-01 21:30:00,LONG,62861.1,-18.68281019581286,-26.68281019581286,1.3171898041871422,-54.7922323980968,2,TRAILING_STOP,Volume Spike + Direction
2024-03-02 15:45:00,2024-03-02 16:00:00,2024-03-02 16:45:00,SHORT,61771.21,-6.330397283783313,-14.330397283783313,23.669602716216687,-16.59025296736185,3,TRAILING_STOP,Volume Spike + Direction
2024-03-03 07:15:00,2024-03-03 07:30:00,2024-03-03 08:30:00,SHORT,61592.01,2.1762514326128155,-5.8237485673871845,32.176251432612816,-20.686124710006414,4,TRAILING_STOP,Volume Spike + Direction
2024-03-03 12:00:00,2024-03-03 12:15:00,2024-03-03 12:30:00,LONG,62242.01,43.97126313883472,35.97126313883472,63.97126313883472,0.0,1,TRAILING_STOP,Volume Spike + Direction
2024-03-03 22:15:00,2024-03-03 22:30:00,2024-03-04 00:45:00,LONG,63145.17,157.8552500531711,149.8552500531711,177.8552500531711,-133.84554986549222,9,TRAILING_STOP,Volume Spike + Direction
2024-03-04 07:30:00,2024-03-04 07:45:00,2024-03-04 08:45:00,LONG,64123.14,194.72123791816816,186.72123791816816,214.72123791816816,-19.186521433603975,4,TRAILING_STOP,Volume Spike + Direction
2024-03-04 14:00:00,2024-03-04 14:15:00,2024-03-04 14:30:00,LONG,65224.9,141.7633756433507,133.7633756433507,161.7633756433507,0.0,1,TRAILING_STOP,Volume Spike + Direction
2024-03-04 23:00:00,2024-03-04 23:15:00,2024-03-05 00:15:00,LONG,68368.02,-8.927571692145381,-16.92757169214538,11.072428307854619,-134.43419891346946,4,TRAILING_STOP,Volume Spike + Direction
2024-03-05 04:45:00,2024-03-05 05:00:00,2024-03-05 05:15:00,SHORT,67326.18,95.46085341541628,87.46085341541628,125.46085341541628,0.0,1,TRAILING_STOP,Volume Spike + Direction
2024-03-05 14:45:00,2024-03-05 15:00:00,2024-03-05 17:30:00,LONG,68710.41,-544.1431654970479,-552.1431654970479,0.0,-777.1529816224362,10,TIME_EXIT,Volume Spike + Direction
2024-03-05 19:45:00,2024-03-05 20:00:00,2024-03-05 22:30:00,SHORT,61410.98,-253.45793211572175,-261.45793211572175,0.0,-418.3307284788477,10,TIME_EXIT,Volume Spike + Direction
2024-03-06 04:45:00,2024-03-06 05:00:00,2024-03-06 05:30:00,LONG,64607.97,229.65650522683129,221.65650522683129,249.65650522683129,0.0,2,TRAILING_STOP,Volume Spike + Direction
2024-03-06 12:45:00,2024-03-06 13:00:00,2024-03-06 13:45:00,SHORT,65929.5,-11.851826572324349,-19.85182657232435,18.14817342767565,-107.62405296566752,3,TRAILING_STOP,Volume Spike + Direction
2024-03-07 08:00:00,2024-03-07 08:15:00,2024-03-07 08:45:00,LONG,66766.05,-5.359325585383591,-13.35932558538359,14.64067441461641,-30.861493228969348,2,TRAILING_STOP,Volume Spike + Direction
2024-03-07 14:30:00,2024-03-07 14:45:00,2024-03-07 15:30:00,SHORT,67196.01,36.37447669883893,28.374476698838933,66.37447669883893,-22.916539240946783,3,TRAILING_STOP,Volume Spike + Direction
2024-03-08 06:45:00,2024-03-08 07:00:00,2024-03-08 07:30:00,LONG,67563.6,-16.28498185413577,-24.28498185413577,3.715018145864233,-37.99235091084583,2,TRAILING_STOP,Volume Spike + Direction
2024-03-08 14:30:00,2024-03-08 14:45:00,2024-03-08 15:30:00,LONG,68347.59,220.3025476099455,212.3025476099455,240.3025476099455,-175.22051618791482,3,TRAILING_STOP,Volume Spike + Direction
2024-03-09 06:45:00,2024-03-09 07:00:00,2024-03-09 07:45:00,LONG,68426.01,-3.6421851865967945,-11.642185186596794,16.357814813403206,-21.338377029435847,3,TRAILING_STOP,Volume Spike + Direction
2024-03-10 00:30:00,2024-03-10 00:45:00,2024-03-10 03:15:00,SHORT,68231.18,-107.55053627974803,-115.55053627974803,0.0,-144.3357714171156,10,TIME_EXIT,Volume Spike + Direction
2024-03-10 04:00:00,2024-03-10 04:15:00,2024-03-10 04:45:00,LONG,69479.08,-2.5962001799680934,-10.596200179968093,17.403799820031907,-26.49430591193806,2,TRAILING_STOP,Volume Spike + Direction
2024-03-10 09:15:00,2024-03-10 09:30:00,2024-03-10 11:30:00,SHORT,69364.09,-29.325299301123533,-37.325299301123536,0.674700698876467,-75.47421151203801,8,TRAILING_STOP,Volume Spike + Direction
2024-03-10 14:30:00,2024-03-10 14:45:00,2024-03-10 17:15:00,SHORT,68888.69,-74.22118202567111,-82.22118202567111,0.0,-127.7263365002295,10,TIME_EXIT,Volume Spike + Direction
2024-03-10 22:00:00,2024-03-10 22:15:00,2024-03-10 22:45:00,SHORT,68913.1,88.75100670264518,80.75100670264518,118.75100670264518,0.0,2,TRAILING_STOP,Volume Spike + Direction
2024-03-11 00:45:00,2024-03-11 01:00:00,2024-03-11 01:30:00,SHORT,68095.99,45.15714214596309,37.15714214596309,75.15714214596309,-39.272503417601094,2,TRAILING_STOP,Volume Spike + Direction
2024-03-11 06:45:00,2024-03-11 07:00:00,2024-03-11 07:15:00,LONG,69319.79,195.26464520449449,187.26464520449449,215.26464520449449,0.0,1,TRAILING_STOP,Volume Spike + Direction
2024-03-12 03:15:00,2024-03-12 03:30:00,2024-03-12 04:00:00,SHORT,71669.18,21.37215187895174,13.37215187895174,51.37215187895174,-15.461318240282955,2,TRAILING_STOP,Volume Spike + Direction
2024-03-12 12:30:00,2024-03-12 12:45:00,2024-03-12 13:30:00,LONG,72069.99,16.49646683730618,8.49646683730618,36.49646683730618,-37.462194735978905,3,TRAILING_STOP,Volume Spike + Direction
2024-03-12 16:15:00,2024-03-12 16:30:00,2024-03-12 17:00:00,SHORT,70606.96,118.5632577864854,110.5632577864854,148.5632577864854,-29.04246266940223,2,TRAILING_STOP,Volume Spike + Direction
2024-03-13 01:30:00,2024-03-13 01:45:00,2024-03-13 02:15:00,LONG,71854.52,11.352237827209592,3.352237827209592,31.352237827209592,0.0,2,TRAILING_STOP,Volume Spike + Direction
2024-03-13 06:30:00,2024-03-13 06:45:00,2024-03-13 07:15:00,LONG,72561.1,65.59958435029172,57.59958435029172,85.59958435029172,0.0,2,TRAILING_STOP,Volume Spike + Direction
2024-03-13 12:30:00,2024-03-13 12:45:00,2024-03-13 13:00:00,SHORT,72735.86,-5.973336948240558,-13.973336948240558,24.026663051759442,-40.54121309626429,1,TRAILING_STOP,Volume Spike + Direction
2024-03-14 04:00:00,2024-03-14 04:15:00,2024-03-14 06:45:00,LONG,73553.74,3.209897960321335,-4.790102039678665,6.289279103957836,-118.78933688484163,10,TIME_EXIT,Volume Spike + Direction
2024-03-14 12:15:00,2024-03-14 12:30:00,2024-03-14 12:45:00,SHORT,72761.33,-8.102379382014906,-16.102379382014906,21.897620617985094,-12.190541321880328,1,TRAILING_STOP,Volume Spike + Direction
2024-03-14 18:45:00,2024-03-14 19:00:00,2024-03-14 19:30:00,SHORT,70098.49,190.18876583504226,182.18876583504226,220.18876583504226,-15.90761798149928,2,TRAILING_STOP,Volume Spike + Direction
2024-03-15 02:30:00,2024-03-15 02:45:00,2024-03-15 03:00:00,SHORT,69680.0,112.52726750861146,104.52726750861146,142.52726750861146,0.0,1,TRAILING_STOP,Volume Spike + Direction
2024-03-15 09:00:00,2024-03-15 09:15:00,2024-03-15 11:45:00,SHORT,66136.0,-245.21591871295433,-253.21591871295433,0.0,-297.48397242046724,10,TIME_EXIT,Volume Spike + Direction
2024-03-15 18:45:00,2024-03-15 19:00:00,2024-03-15 19:15:00,LONG,70234.0,8.70262266138857,0.7026226613885704,28.70262266138857,-87.22556026995406,1,TRAILING_STOP,Volume Spike + Direction
2024-03-16 08:15:00,2024-03-16 08:30:00,2024-03-16 10:15:00,SHORT,69176.2,95.16443516700781,87.16443516700781,125.16443516700781,-14.730499796173934,7,TRAILING_STOP,Volume Spike + Direction
2024-03-16 11:15:00,2024-03-16 11:30:00,2024-03-16 13:15:00,SHORT,67919.7,-12.376247244908754,-20.376247244908754,17.623752755091246,-79.29216412911171,7,TRAILING_STOP,Volume Spike + Direction
2024-03-16 17:45:00,2024-03-16 18:00:00,2024-03-16 18:15:00,SHORT,67275.85,45.40595919635395,37.40595919635395,75.40595919635395,-7.1571002075773364,1,TRAILING_STOP,Volume Spike + Direction
2024-03-17 06:30:00,2024-03-17 06:45:00,2024-03-17 07:00:00,SHORT,65667.37,89.90277667584303,81.90277667584303,119.90277667584303,0.0,1,TRAILING_STOP,Volume Spike + Direction
2024-03-17 22:45:00,2024-03-17 23:00:00,2024-03-17 23:45:00,SHORT,68228.01,-7.6294222856580305,-15.62942228565803,22.37057771434197,-62.60771785664033,3,TRAILING_STOP,Volume Spike + Direction
2024-03-18 08:15:00,2024-03-18 08:30:00,2024-03-18 11:00:00,SHORT,67521.55,-92.26091521891779,-100.26091521891779,0.0,-104.43776838653629,10,TIME_EXIT,Volume Spike + Direction
2024-03-18 13:30:00,2024-03-18 13:45:00,2024-03-18 14:00:00,SHORT,67633.08,28.44329431692362,20.44329431692362,58.44329431692362,-15.341605025232438,1,TRAILING_STOP,Volume Spike + Direction
2024-03-19 00:45:00,2024-03-19 01:00:00,2024-03-19 01:15:00,SHORT,67086.96,113.39001200829586,105.39001200829586,143.39001200829586,0.0,1,TRAILING_STOP,Volume Spike + Direction
2024-03-19 03:30:00,2024-03-19 03:45:00,2024-03-19 04:15:00,SHORT,65236.0,1.3017352382115845,-6.6982647617884155,31.301735238211585,-113.44962903918172,2,TRAILING_STOP,Volume Spike + Direction
2024-03-19 07:00:00,2024-03-19 07:15:00,2024-03-19 08:45:00,SHORT,63956.07,99.31845249403219,91.31845249403219,129.3184524940322,-121.63192641449099,6,TRAILING_STOP,Volume Spike + Direction
2024-03-19 23:00:00,2024-03-19 23:15:00,2024-03-19 23:30:00,SHORT,61940.0,18.98127219890207,10.981272198902069,48.98127219890207,-41.97610590894414,1,TRAILING_STOP,Volume Spike + Direction
2024-03-20 04:30:00,2024-03-20 04:45:00,2024-03-20 05:00:00,SHORT,61320.31,16.527814357102514,8.527814357102514,46.527814357102514,-74.02767533301811,1,TRAILING_STOP,Volume Spike + Direction
2024-03-20 17:15:00,2024-03-20 17:30:00,2024-03-20 17:45:00,LONG,64086.21,9.012481780401789,1.0124817804017887,29.01248178040179,-35.68474403463746,1,TRAILING_STOP,Volume Spike + Direction
2024-03-21 03:45:00,2024-03-21 04:00:00,2024-03-21 04:15:00,SHORT,66654.46,-20.57227378332807,-28.57227378332807,9.42772621667193,-44.0390635525355,1,TRAILING_STOP,Volume Spike + Direction
2024-03-21 13:30:00,2024-03-21 13:45:00,2024-03-21 14:00:00,SHORT,67035.99,45.25211457308326,37.25211457308326,75.25211457308326,-23.996065397109906,1,TRAILING_STOP,Volume Spike + Direction
2024-03-22 09:30:00,2024-03-22 09:45:00,2024-03-22 10:30:00,SHORT,65440.85,95.44152467457275,87.44152467457275,125.44152467457275,-24.319671886902672,3,TRAILING_STOP,Volume Spike + Direction
2024-03-22 13:30:00,2024-03-22 13:45:00,2024-03-22 14:15:00,SHORT,63630.01,116.15587833476769,108.15587833476769,146.1558783347677,0.0,2,TRAILING_STOP,Volume Spike + Direction
2024-03-22 21:30:00,2024-03-22 21:45:00,2024-03-22 22:00:00,SHORT,62684.5,-28.42385278657445,-36.42385278657445,1.5761472134255488,-56.91040049773038,1,TRAILING_STOP,Volume Spike + Direction
2024-03-23 07:00:00,2024-03-23 07:15:00,2024-03-23 07:45:00,LONG,64503.7,13.387232050254575,5.387232050254575,33.387232050254575,-7.371670152254155,2,TRAILING_STOP,Volume Spike + Direction
2024-03-23 14:30:00,2024-03-23 14:45:00,2024-03-23 15:00:00,LONG,65078.17,21.769767035551517,13.769767035551517,41.76976703555152,-2.1066972227398417,1,TRAILING_STOP,Volume Spike + Direction
2024-03-23 23:15:00,2024-03-23 23:30:00,2024-03-24 00:00:00,SHORT,64413.99,55.74690063447311,47.74690063447311,85.7469006344731,-5.590400470457123,2,TRAILING_STOP,Volume Spike + Direction
2024-03-24 07:45:00,2024-03-24 08:00:00,2024-03-24 08:15:00,LONG,64583.44,38.52583882183977,30.52583882183977,58.52583882183977,0.0,1,TRAILING_STOP,Volume Spike + Direction
2024-03-24 12:00:00,2024-03-24 12:15:00,2024-03-24 14:45:00,SHORT,65213.99,-66.85682013936079,-74.85682013936079,0.0,-109.05635431906626,10,TIME_EXIT,Volume Spike + Direction
2024-03-24 17:00:00,2024-03-24 17:15:00,2024-03-24 19:45:00,SHORT,64869.86,-150.0172807525719,-158.0172807525719,0.0,-181.30607958765515,10,TIME_EXIT,Volume Spike + Direction
2024-03-24 22:00:00,2024-03-24 22:15:00,2024-03-24 23:15:00,LONG,66841.26,97.80597792441489,89.80597792441489,117.80597792441489,-13.354027138326652,4,TRAILING_STOP,Volume Spike + Direction
2024-03-25 13:30:00,2024-03-25 13:45:00,2024-03-25 14:00:00,LONG,67185.01,220.37951322772824,212.37951322772824,240.37951322772824,0.0,1,TRAILING_STOP,Volume Spike + Direction
2024-03-26 07:00:00,2024-03-26 07:15:00,2024-03-26 07:30:00,LONG,70824.01,83.07239028120549,75.07239028120549,103.07239028120549,0.0,1,TRAILING_STOP,Volume Spike + Direction
2024-03-26 13:30:00,2024-03-26 13:45:00,2024-03-26 14:00:00,SHORT,70554.0,33.206905349093894,25.206905349093894,63.206905349093894,-17.320066899112323,1,TRAILING_STOP,Volume Spike + Direction
2024-03-27 00:30:00,2024-03-27 00:45:00,2024-03-27 01:15:00,LONG,70453.86,20.564136585276316,12.564136585276316,40.564136585276316,-4.805982241427309,2,TRAILING_STOP,Volume Spike + Direction
2024-03-27 07:15:00,2024-03-27 07:30:00,2024-03-27 08:00:00,SHORT,69815.99,-4.792307607468544,-12.792307607468544,25.207692392531456,-18.39263469586107,2,TRAILING_STOP,Volume Spike + Direction
2024-03-27 13:00:00,2024-03-27 13:15:00,2024-03-27 13:30:00,LONG,71238.79,54.50294986762128,46.50294986762128,74.50294986762128,-122.28590631592623,1,TRAILING_STOP,Volume Spike + Direction
2024-03-28 06:15:00,2024-03-28 06:30:00,2024-03-28 07:00:00,LONG,70077.18,36.02965187811696,28.029651878116958,56.02965187811696,0.0,2,TRAILING_STOP,Volume Spike + Direction
2024-03-28 13:15:00,2024-03-28 13:30:00,2024-03-28 14:00:00,LONG,71020.0,9.687411996620177,1.6874119966201775,29.687411996620177,-47.46550267530355,2,TRAILING_STOP,Volume Spike + Direction
2024-03-29 03:15:00,2024-03-29 03:30:00,2024-03-29 04:15:00,SHORT,70304.96,-27.303177471403668,-35.30317747140367,2.696822528596332,-27.457522200424208,3,TRAILING_STOP,Volume Spike + Direction
2024-03-29 07:30:00,2024-03-29 07:45:00,2024-03-29 08:30:00,SHORT,69991.57,9.943381752974965,1.9433817529749646,39.943381752974965,-13.20730482256474,3,TRAILING_STOP,Volume Spike + Direction
2024-03-29 15:30:00,2024-03-29 15:45:00,2024-03-29 16:00:00,SHORT,69386.0,2.356671374628128,-5.643328625371872,32.35667137462813,-6.527253336406998,1,TRAILING_STOP,Volume Spike + Direction
2024-03-30 14:30:00,2024-03-30 14:45:00,2024-03-30 16:45:00,SHORT,70034.1,-10.852184864229596,-18.852184864229596,19.147815135770404,-35.120034383249276,8,TRAILING_STOP,Volume Spike + Direction
2024-03-30 19:00:00,2024-03-30 19:15:00,2024-03-30 21:45:00,SHORT,69765.99,6.293897642677111,-1.706102357322889,20.643296253662285,-24.40300782659287,10,TIME_EXIT,Volume Spike + Direction
2024-03-31 00:30:00,2024-03-31 00:45:00,2024-03-31 02:30:00,LONG,69909.99,16.599919410658664,8.599919410658664,36.599919410658664,-10.261766594445978,7,TRAILING_STOP,Volume Spike + Direction
2024-03-31 05:00:00,2024-03-31 05:15:00,2024-03-31 06:00:00,LONG,70229.07,12.882394712046306,4.882394712046306,32.882394712046306,-3.9000943626355817,3,TRAILING_STOP,Volume Spike + Direction
2024-03-31 12:00:00,2024-03-31 12:15:00,2024-03-31 13:45:00,LONG,70544.83,10.373593642511306,2.373593642511306,30.373593642511306,-23.722503831961294,6,TRAILING_STOP,Volume Spike + Direction
2024-03-31 18:30:00,2024-03-31 18:45:00,2024-03-31 20:15:00,LONG,70947.99,7.904948399524201,-0.09505160047579864,27.9049483995242,-42.41557794660674,6,TRAILING_STOP,Volume Spike + Direction
2024-03-31 23:30:00,2024-03-31 23:45:00,2024-04-01 00:00:00,LONG,71281.31,-19.029198537456978,-27.029198537456978,0.970801462543022,-24.354210100795186,1,TRAILING_STOP,Volume Spike + Direction
2024-04-01 05:30:00,2024-04-01 05:45:00,2024-04-01 06:00:00,SHORT,70158.0,151.01998346589127,143.01998346589127,181.01998346589127,0.0,1,TRAILING_STOP,Volume Spike + Direction
2024-04-01 13:30:00,2024-04-01 13:45:00,2024-04-01 14:45:00,SHORT,69965.32,163.5058683359141,155.5058683359141,193.5058683359141,0.0,4,TRAILING_STOP,Volume Spike + Direction
2024-04-02 02:15:00,2024-04-02 02:30:00,2024-04-02 02:45:00,SHORT,68447.76,243.95929391991615,235.95929391991615,273.95929391991615,0.0,1,TRAILING_STOP,Volume Spike + Direction
2024-04-02 09:00:00,2024-04-02 09:15:00,2024-04-02 11:45:00,LONG,66324.97,-105.88470677031574,-113.88470677031574,0.0,-188.46144973755756,10,TIME_EXIT,Volume Spike + Direction
2024-04-02 13:30:00,2024-04-02 13:45:00,2024-04-02 14:45:00,LONG,65062.7,162.4593814889337,154.4593814889337,182.4593814889337,0.0,4,TRAILING_STOP,Volume Spike + Direction
2024-04-03 00:30:00,2024-04-03 00:45:00,2024-04-03 01:15:00,LONG,65179.09,39.815195333351525,31.815195333351525,59.815195333351525,-13.668493990940425,2,TRAILING_STOP,Volume Spike + Direction
2024-04-03 08:30:00,2024-04-03 08:45:00,2024-04-03 09:00:00,LONG,66548.39,-6.6202623384286845,-14.620262338428685,13.379737661571315,-22.296557437378222,1,TRAILING_STOP,Volume Spike + Direction
2024-04-03 14:00:00,2024-04-03 14:15:00,2024-04-03 14:30:00,LONG,66628.84,5.088235064576168,-2.9117649354238324,25.088235064576168,-30.056053804928133,1,TRAILING_STOP,Volume Spike + Direction
2024-04-04 02:15:00,2024-04-04 02:30:00,2024-04-04 04:15:00,SHORT,65600.06,51.637120453853385,43.637120453853385,81.63712045385338,-37.208807430968285,7,TRAILING_STOP,Volume Spike + Direction
2024-04-04 07:15:00,2024-04-04 07:30:00,2024-04-04 08:30:00,LONG,66160.41,21.506695620538103,13.506695620538103,41.5066956205381,-25.738957784573607,4,TRAILING_STOP,Volume Spike + Direction
2024-04-04 12:00:00,2024-04-04 12:15:00,2024-04-04 13:15:00,LONG,66573.57,116.15463313744371,108.15463313744371,136.1546331374437,-12.025793419222104,4,TRAILING_STOP,Volume Spike + Direction
2024-04-04 18:00:00,2024-04-04 18:15:00,2024-04-04 18:45:00,LONG,68899.67,0.3672963890831049,-7.632703610916895,20.367296389083105,-56.464711659721104,2,TRAILING_STOP,Volume Spike + Direction
2024-04-05 05:15:00,2024-04-05 05:30:00,2024-04-05 08:00:00,SHORT,66674.0,-95.38950715421304,-103.38950715421304,0.0,-103.16615172331132,10,TIME_EXIT,Volume Spike + Direction
2024-04-05 12:00:00,2024-04-05 12:15:00,2024-04-05 12:30:00,LONG,66595.74,1.565944007829227,-6.434055992170773,21.565944007829227,-96.57975119729994,1,TRAILING_STOP,Volume Spike + Direction
2024-04-05 19:30:00,2024-04-05 19:45:00,2024-04-05 20:15:00,SHORT,67600.01,8.16715411728412,0.16715411728412022,38.16715411728412,-2.9571001542759,2,TRAILING_STOP,Volume Spike + Direction
2024-04-06 02:30:00,2024-04-06 02:45:00,2024-04-06 05:15:00,SHORT,67492.51,-75.19056559016852,-83.19056559016852,0.0,-80.1318546309808,10,TIME_EXIT,Volume Spike + Direction
2024-04-06 05:30:00,2024-04-06 05:45:00,2024-04-06 07:15:00,LONG,68093.6,-9.822832101697024,-17.822832101697024,10.177167898302976,-36.4791992198986,6,TRAILING_STOP,Volume Spike + Direction
2024-04-06 09:45:00,2024-04-06 10:00:00,2024-04-06 12:30:00,SHORT,67792.0,18.994866650932863,10.994866650932863,26.07682322397906,-16.572751947133263,10,TIME_EXIT,Volume Spike + Direction
2024-04-06 15:00:00,2024-04-06 15:15:00,2024-04-06 17:45:00,LONG,68242.12,15.457573709609427,7.457573709609427,35.45757370960943,-42.977855904827344,10,TRAILING_STOP,Volume Spike + Direction
2024-04-06 22:45:00,2024-04-06 23:00:00,2024-04-06 23:15:00,LONG,69056.0,60.65772706209529,52.65772706209529,80.65772706209529,0.0,1,TRAILING_STOP,Volume Spike + Direction
2024-04-07 15:00:00,2024-04-07 15:15:00,2024-04-07 16:15:00,LONG,69799.99,34.11318826836391,26.113188268363913,54.11318826836391,-62.972788391517376,4,TRAILING_STOP,Volume Spike + Direction
2024-04-08 01:15:00,2024-04-08 01:30:00,2024-04-08 04:00:00,LONG,69720.01,-54.505155693465156,-62.505155693465156,0.0,-85.1477215794998,10,TIME_EXIT,Volume Spike + Direction
2024-04-08 07:15:00,2024-04-08 07:30:00,2024-04-08 07:45:00,LONG,70088.43,88.6584476210991,80.6584476210991,108.6584476210991,0.0,1,TRAILING_STOP,Volume Spike + Direction
2024-04-09 01:00:00,2024-04-09 01:15:00,2024-04-09 03:45:00,SHORT,71073.41,-29.770627299294702,-37.7706272992947,0.0,-79.99616171504894,10,TIME_EXIT,Volume Spike + Direction
2024-04-09 06:30:00,2024-04-09 06:45:00,2024-04-09 07:45:00,SHORT,70776.02,64.10249403682265,56.10249403682265,94.10249403682265,-23.296025970376704,4,TRAILING_STOP,Volume Spike + Direction
2024-04-09 13:45:00,2024-04-09 14:00:00,2024-04-09 14:30:00,SHORT,69928.0,118.4383937764558,110.4383937764558,148.4383937764558,-71.65084086488868,2,TRAILING_STOP,Volume Spike + Direction
2024-04-10 02:45:00,2024-04-10 03:00:00,2024-04-10 05:30:00,SHORT,68651.98,-106.2023265752868,-114.2023265752868,0.0,-111.02665939132436,10,TIME_EXIT,Volume Spike + Direction
2024-04-10 08:00:00,2024-04-10 08:15:00,2024-04-10 09:15:00,SHORT,69030.04,-6.381297185979665,-14.381297185979665,23.618702814020335,-20.528743717953287,4,TRAILING_STOP,Volume Spike + Direction
2024-04-10 12:30:00,2024-04-10 12:45:00,2024-04-10 13:30:00,SHORT,67959.99,24.442327022120693,16.442327022120693,54.44232702212069,-2.355797874601624,3,TRAILING_STOP,Volume Spike + Direction
2024-04-10 19:45:00,2024-04-10 20:00:00,2024-04-10 20:15:00,LONG,70084.0,-12.580332172821185,-20.580332172821187,7.419667827178815,-36.59180412076895,1,TRAILING_STOP,Volume Spike + Direction
2024-04-11 07:15:00,2024-04-11 07:30:00,2024-04-11 07:45:00,LONG,70931.26,-2.0953413205968694,-10.09534132059687,17.90465867940313,-28.492374166198555,1,TRAILING_STOP,Volume Spike + Direction
2024-04-11 12:30:00,2024-04-11 12:45:00,2024-04-11 13:15:00,LONG,70824.01,3.1545770989252446,-4.845422901074755,23.154577098925245,-29.29938590034577,2,TRAILING_STOP,Volume Spike + Direction
2024-04-12 03:15:00,2024-04-12 03:30:00,2024-04-12 04:15:00,LONG,70914.01,-8.156078044380054,-16.156078044380052,11.843921955619946,-14.385027725832282,3,TRAILING_STOP,Volume Spike + Direction
2024-04-12 12:30:00,2024-04-12 12:45:00,2024-04-12 13:00:00,SHORT,70396.69,22.515253202956323,14.515253202956323,52.51525320295632,-19.539270951518162,1,TRAILING_STOP,Volume Spike + Direction
2024-04-12 16:15:00,2024-04-12 16:30:00,2024-04-12 17:15:00,SHORT,68970.67,191.35061178903993,183.35061178903993,221.35061178903993,-11.67742752100395,3,TRAILING_STOP,Volume Spike + Direction
2024-04-13 01:45:00,2024-04-13 02:00:00,2024-04-13 04:30:00,SHORT,65886.64,-276.2350607042648,-284.2350607042648,0.0,-282.0450397834831,10,TIME_EXIT,Volume Spike + Direction
2024-04-13 17:00:00,2024-04-13 17:15:00,2024-04-13 17:30:00,SHORT,67047.25,51.62154301630568,43.62154301630568,81.62154301630568,0.0,1,TRAILING_STOP,Volume Spike + Direction
2024-04-13 19:45:00,2024-04-13 20:00:00,2024-04-13 20:15:00,SHORT,64788.01,515.6457143844988,507.6457143844988,545.6457143844988,0.0,1,TRAILING_STOP,Volume Spike + Direction
2024-04-14 14:00:00,2024-04-14 14:15:00,2024-04-14 14:30:00,SHORT,64036.56,63.54187670293264,55.54187670293264,93.54187670293264,-22.399704168993825,1,TRAILING_STOP,Volume Spike + Direction
2024-04-14 17:15:00,2024-04-14 17:30:00,2024-04-14 20:00:00,SHORT,63113.42,-146.29376763293845,-154.29376763293845,0.0,-250.65667491953425,10,TIME_EXIT,Volume Spike + Direction
2024-04-14 22:00:00,2024-04-14 22:15:00,2024-04-14 22:30:00,LONG,64933.47,61.63586514011902,53.63586514011902,81.63586514011902,0.0,1,TRAILING_STOP,Volume Spike + Direction
2024-04-15 06:15:00,2024-04-15 06:30:00,2024-04-15 07:00:00,LONG,66339.51,16.679499140105463,8.679499140105463,36.67949914010546,-39.10490143807186,2,TRAILING_STOP,Volume Spike + Direction
2024-04-15 14:00:00,2024-04-15 14:15:00,2024-04-15 15:00:00,SHORT,65205.43,184.00518331065376,176.00518331065376,214.00518331065376,-38.58114270544642,3,TRAILING_STOP,Volume Spike + Direction
2024-04-16 03:45:00,2024-04-16 04:00:00,2024-04-16 06:15:00,LONG,62956.0,-0.9962513501494037,-8.996251350149404,19.003748649850596,-202.6812376898151,9,TRAILING_STOP,Volume Spike + Direction
2024-04-16 10:15:00,2024-04-16 10:30:00,2024-04-16 13:00:00,SHORT,61899.99,-174.46044821655116,-182.46044821655116,0.0,-246.03881196103637,10,TIME_EXIT,Volume Spike + Direction
2024-04-16 13:30:00,2024-04-16 13:45:00,2024-04-16 14:00:00,SHORT,62551.31,-15.351226057456287,-23.351226057456287,14.648773942543713,-57.154678295307015,1,TRAILING_STOP,Volume Spike + Direction
2024-04-17 02:45:00,2024-04-17 03:00:00,2024-04-17 04:30:00,SHORT,63840.09,-3.7108766607323886,-11.710876660732389,26.28912333926761,-57.16000713658197,6,TRAILING_STOP,Volume Spike + Direction
2024-04-17 07:00:00,2024-04-17 07:15:00,2024-04-17 08:00:00,SHORT,63524.92,24.011874395119364,16.011874395119364,54.011874395119364,-17.396322577029935,3,TRAILING_STOP,Volume Spike + Direction
2024-04-17 10:00:00,2024-04-17 10:15:00,2024-04-17 11:00:00,SHORT,62898.6,-18.134871046414805,-26.134871046414805,11.865128953585195,-30.848063390917897,3,TRAILING_STOP,Volume Spike + Direction
2024-04-17 14:00:00,2024-04-17 14:15:00,2024-04-17 14:30:00,SHORT,62115.22,191.2372426596897,183.2372426596897,221.2372426596897,0.0,1,TRAILING_STOP,Volume Spike + Direction
2024-04-18 05:30:00,2024-04-18 05:45:00,2024-04-18 06:00:00,SHORT,61363.26,27.195461909944342,19.195461909944342,57.19546190994434,0.0,1,TRAILING_STOP,Volume Spike + Direction
2024-04-18 11:00:00,2024-04-18 11:15:00,2024-04-18 11:30:00,LONG,62405.48,86.80472291856368,78.80472291856368,106.80472291856368,0.0,1,TRAILING_STOP,Volume Spike + Direction
2024-04-18 14:00:00,2024-04-18 14:15:00,2024-04-18 14:30:00,LONG,63462.04,60.16918460232239,52.16918460232239,80.16918460232239,0.0,1,TRAILING_STOP,Volume Spike + Direction
2024-04-19 01:00:00,2024-04-19 01:15:00,2024-04-19 01:45:00,SHORT,62134.0,213.8326841986672,205.8326841986672,243.8326841986672,-6.629220716516292,2,TRAILING_STOP,Volume Spike + Direction
2024-04-19 06:45:00,2024-04-19 07:00:00,2024-04-19 07:15:00,LONG,64624.37,1.4965345116707915,-6.5034654883292085,21.49653451167079,-68.04863242767428,1,TRAILING_STOP,Volume Spike + Direction
2024-04-19 23:00:00,2024-04-19 23:15:00,2024-04-19 23:30:00,SHORT,63501.36,-19.07739928719628,-27.07739928719628,10.922600712803723,-51.606768736921396,1,TRAILING_STOP,Volume Spike + Direction
2024-04-20 09:45:00,2024-04-20 10:00:00,2024-04-20 10:45:00,LONG,63615.0,1.8266132201522502,-6.17338677984775,21.82661322015225,-37.37797689224221,3,TRAILING_STOP,Volume Spike + Direction
2024-04-20 15:30:00,2024-04-20 15:45:00,2024-04-20 16:00:00,LONG,64568.96,42.01586644728369,34.01586644728369,62.01586644728369,-17.410842609203904,1,TRAILING_STOP,Volume Spike + Direction
2024-04-21 01:15:00,2024-04-21 01:30:00,2024-04-21 02:30:00,LONG,65031.23,33.169838552953216,25.169838552953216,53.169838552953216,-19.853538061636012,4,TRAILING_STOP,Volume Spike + Direction
2024-04-21 11:00:00,2024-04-21 11:15:00,2024-04-21 11:45:00,LONG,65183.99,9.366106616057948,1.366106616057948,29.366106616057948,-21.106409718090973,2,TRAILING_STOP,Volume Spike + Direction
2024-04-21 16:00:00,2024-04-21 16:15:00,2024-04-21 16:30:00,SHORT,64510.0,12.241512943729653,4.241512943729653,42.24151294372965,-26.417609672918655,1,TRAILING_STOP,Volume Spike + Direction
2024-04-21 21:00:00,2024-04-21 21:15:00,2024-04-21 23:00:00,LONG,64974.01,0.9299072044341976,-7.070092795565802,20.929907204434198,-62.32338130277049,7,TRAILING_STOP,Volume Spike + Direction
2024-04-22 01:30:00,2024-04-22 01:45:00,2024-04-22 02:00:00,SHORT,64793.0,15.220934360193226,7.220934360193226,45.220934360193226,-9.212414921365323,1,TRAILING_STOP,Volume Spike + Direction
2024-04-22 13:30:00,2024-04-22 13:45:00,2024-04-22 15:30:00,SHORT,65924.27,9.198007046570787,1.1980070465707868,39.19800704657079,-83.92356866446829,7,TRAILING_STOP,Volume Spike + Direction
2024-04-22 22:45:00,2024-04-22 23:00:00,2024-04-22 23:15:00,LONG,67027.98,8.64773785514707,0.6477378551470707,28.64773785514707,-0.7429733075643822,1,TRAILING_STOP,Volume Spike + Direction
2024-04-23 07:30:00,2024-04-23 07:45:00,2024-04-23 08:45:00,SHORT,66170.0,1.2226084328254245,-6.7773915671745755,31.222608432825425,-13.672359075109743,4,TRAILING_STOP,Volume Spike + Direction
2024-04-23 13:30:00,2024-04-23 13:45:00,2024-04-23 14:00:00,LONG,66409.36,61.393646919650905,53.393646919650905,81.3936469196509,0.0,1,TRAILING_STOP,Volume Spike + Direction
2024-04-23 20:15:00,2024-04-23 20:30:00,2024-04-23 23:00:00,SHORT,66174.0,-11.48638438057164,-19.48638438057164,8.160304651373652,-43.82385831293257,10,TIME_EXIT,Volume Spike + Direction
2024-04-24 04:45:00,2024-04-24 05:00:00,2024-04-24 07:30:00,LONG,67008.0,-51.38938634193019,-59.38938634193019,0.0,-67.99635864374473,10,TIME_EXIT,Volume Spike + Direction
2024-04-24 13:00:00,2024-04-24 13:15:00,2024-04-24 13:30:00,SHORT,66145.98,17.123045119294794,9.123045119294794,47.123045119294794,-21.6218733171697,1,TRAILING_STOP,Volume Spike + Direction
2024-04-25 07:30:00,2024-04-25 07:45:00,2024-04-25 08:45:00,SHORT,63921.98,3.4438951984913686,-4.556104801508631,33.44389519849137,-39.87360842076503,4,TRAILING_STOP,Volume Spike + Direction
2024-04-25 10:15:00,2024-04-25 10:30:00,2024-04-25 11:00:00,SHORT,63447.45,-29.987391140227942,-37.98739114022794,0.012608859772058653,-46.10744797466264,2,TRAILING_STOP,Volume Spike + Direction
2024-04-25 13:00:00,2024-04-25 13:15:00,2024-04-25 13:30:00,SHORT,63096.0,-4.114048434131842,-12.114048434131842,25.885951565868158,-75.43267402053966,1,TRAILING_STOP,Volume Spike + Direction
2024-04-26 01:00:00,2024-04-26 01:15:00,2024-04-26 03:45:00,SHORT,64100.0,-43.875195007799995,-51.875195007799995,0.0,-87.75819032761292,10,TIME_EXIT,Volume Spike + Direction
2024-04-26 05:45:00,2024-04-26 06:00:00,2024-04-26 07:30:00,LONG,64553.99,-11.196516280403156,-19.196516280403156,8.803483719596844,-46.12263316334094,6,TRAILING_STOP,Volume Spike + Direction
2024-04-26 10:45:00,2024-04-26 11:00:00,2024-04-26 12:00:00,SHORT,64100.01,-25.318253460490563,-33.31825346049057,4.6817465395094375,-57.99375070300269,4,TRAILING_STOP,Volume Spike + Direction
2024-04-26 13:30:00,2024-04-26 13:45:00,2024-04-26 14:15:00,LONG,64110.0,90.748713149275,82.748713149275,110.748713149275,0.0,2,TRAILING_STOP,Volume Spike + Direction
2024-04-27 00:30:00,2024-04-27 00:45:00,2024-04-27 01:15:00,SHORT,63008.0,67.88598273235176,59.88598273235176,97.88598273235176,-42.01371254443899,2,TRAILING_STOP,Volume Spike + Direction
2024-04-27 10:30:00,2024-04-27 10:45:00,2024-04-27 11:15:00,SHORT,62824.01,-6.02190627436876,-14.02190627436876,23.97809372563124,-12.5668514314825,2,TRAILING_STOP,Volume Spike + Direction
2024-04-27 17:30:00,2024-04-27 17:45:00,2024-04-27 18:00:00,LONG,63278.0,34.04089889060955,26.040898890609547,54.04089889060955,-25.01027213249503,1,TRAILING_STOP,Volume Spike + Direction
2024-04-28 00:15:00,2024-04-28 00:30:00,2024-04-28 03:00:00,LONG,63734.01,89.834297261383,81.834297261383,99.46808619134384,-33.0373061415726,10,TIME_EXIT,Volume Spike + Direction
2024-04-28 03:00:00,2024-04-28 03:15:00,2024-04-28 05:45:00,LONG,64306.56,-54.82644383403493,-62.82644383403493,0.0,-77.21762756396822,10,TIME_EXIT,Volume Spike + Direction
2024-04-28 22:00:00,2024-04-28 22:15:00,2024-04-28 22:30:00,SHORT,63450.6,61.50425685493889,53.50425685493889,91.50425685493889,-4.699719151591902,1,TRAILING_STOP,Volume Spike + Direction
2024-04-29 02:30:00,2024-04-29 02:45:00,2024-04-29 03:15:00,SHORT,62744.68,18.16025836772142,10.160258367721418,48.16025836772142,-3.2130214067545197,2,TRAILING_STOP,Volume Spike + Direction
2024-04-29 12:30:00,2024-04-29 12:45:00,2024-04-29 13:00:00,LONG,62454.01,19.155211971177003,11.155211971177003,39.155211971177,0.0,1,TRAILING_STOP,Volume Spike + Direction
2024-04-29 22:15:00,2024-04-29 22:30:00,2024-04-29 23:00:00,LONG,63497.54,95.09264768367368,87.09264768367368,115.09264768367368,0.0,2,TRAILING_STOP,Volume Spike + Direction
2024-04-30 02:00:00,2024-04-30 02:15:00,2024-04-30 04:45:00,SHORT,63512.0,17.007809547801486,9.007809547801486,26.535142965108772,-60.47990930847755,10,TIME_EXIT,Volume Spike + Direction
2024-04-30 07:30:00,2024-04-30 07:45:00,2024-04-30 09:00:00,SHORT,63287.99,205.11411880832333,197.11411880832333,235.11411880832333,0.0,5,TRAILING_STOP,Volume Spike + Direction
2024-04-30 11:30:00,2024-04-30 11:45:00,2024-04-30 12:00:00,SHORT,61206.79,46.68103489825292,38.68103489825292,76.68103489825292,-13.38250217010175,1,TRAILING_STOP,Volume Spike + Direction
2024-04-30 19:15:00,2024-04-30 19:30:00,2024-04-30 19:45:00,LONG,60046.04,3.911651792524829,-4.088348207475171,23.91165179252483,-142.29747706926258,1,TRAILING_STOP,Volume Spike + Direction
2024-05-01 02:00:00,2024-05-01 02:15:00,2024-05-01 04:45:00,SHORT,59590.01,-116.4591178957674,-124.4591178957674,0.0,-129.39752820984498,10,TIME_EXIT,Volume Spike + Direction
2024-05-01 07:00:00,2024-05-01 07:15:00,2024-05-01 07:30:00,SHORT,58516.01,211.9867656731896,203.9867656731896,241.9867656731896,0.0,1,TRAILING_STOP,Volume Spike + Direction
2024-05-01 18:00:00,2024-05-01 18:15:00,2024-05-01 18:45:00,LONG,57861.36,257.6706250941906,249.6706250941906,277.6706250941906,-30.41235117874885,2,TRAILING_STOP,Volume Spike + Direction
2024-05-02 00:00:00,2024-05-02 00:15:00,2024-05-02 01:00:00,SHORT,58267.69,77.42831919370737,69.42831919370737,107.42831919370737,0.0,3,TRAILING_STOP,Volume Spike + Direction
2024-05-02 11:00:00,2024-05-02 11:15:00,2024-05-02 11:45:00,LONG,58135.45,75.31189661385709,67.31189661385709,95.31189661385709,-10.315564771579801,2,TRAILING_STOP,Volume Spike + Direction
2024-05-02 20:30:00,2024-05-02 20:45:00,2024-05-02 21:15:00,SHORT,58920.37,7.2146339203239975,-0.7853660796760025,37.214633920324,-13.514850636545116,2,TRAILING_STOP,Volume Spike + Direction
2024-05-03 12:30:00,2024-05-03 12:45:00,2024-05-03 13:00:00,LONG,60461.94,116.32873837657158,108.32873837657158,136.32873837657158,0.0,1,TRAILING_STOP,Volume Spike + Direction
2024-05-03 20:15:00,2024-05-03 20:30:00,2024-05-03 20:45:00,LONG,62764.38,49.878807055849805,41.878807055849805,69.8788070558498,-2.2895151676787604,1,TRAILING_STOP,Volume Spike + Direction
2024-05-04 04:45:00,2024-05-04 05:00:00,2024-05-04 06:00:00,LONG,63057.99,42.16658666094528,34.16658666094528,62.16658666094528,-10.704432539001004,4,TRAILING_STOP,Volume Spike + Direction
2024-05-04 10:30:00,2024-05-04 10:45:00,2024-05-04 11:00:00,LONG,63823.26,92.30075054141672,84.30075054141672,112.30075054141672,0.0,1,TRAILING_STOP,Volume Spike + Direction
2024-05-04 17:45:00,2024-05-04 18:00:00,2024-05-04 18:30:00,SHORT,63463.3,-27.217289362512904,-35.2172893625129,2.782710637487097,-44.33901168076658,2,TRAILING_STOP,Volume Spike + Direction
2024-05-05 00:15:00,2024-05-05 00:30:00,2024-05-05 01:30:00,SHORT,63914.33,140.87873720963725,132.87873720963725,170.87873720963725,0.0,4,TRAILING_STOP,Volume Spike + Direction
2024-05-05 07:15:00,2024-05-05 07:30:00,2024-05-05 07:45:00,LONG,63653.23,28.03683960735328,20.03683960735328,48.03683960735328,0.0,1,TRAILING_STOP,Volume Spike + Direction
2024-05-05 13:15:00,2024-05-05 13:30:00,2024-05-05 14:00:00,LONG,63999.67,10.36421906550483,2.3642190655048303,30.36421906550483,-29.453276868458854,2,TRAILING_STOP,Volume Spike + Direction
2024-05-05 23:15:00,2024-05-05 23:30:00,2024-05-06 00:15:00,LONG,64188.0,4.652583037327531,-3.347416962672469,24.65258303732753,-33.9798716270955,3,TRAILING_STOP,Volume Spike + Direction
2024-05-06 02:00:00,2024-05-06 02:15:00,2024-05-06 04:45:00,LONG,64202.01,-5.608858663459608,-13.608858663459607,0.0,-76.85584921718187,10,TIME_EXIT,Volume Spike + Direction
2024-05-06 07:30:00,2024-05-06 07:45:00,2024-05-06 08:45:00,LONG,64419.2,147.77606676270474,139.77606676270474,167.77606676270474,0.0,4,TRAILING_STOP,Volume Spike + Direction
2024-05-06 10:30:00,2024-05-06 10:45:00,2024-05-06 11:00:00,SHORT,64132.92,-9.818477000579374,-17.818477000579374,20.181522999420626,-34.25229975494617,1,TRAILING_STOP,Volume Spike + Direction
2024-05-06 15:00:00,2024-05-06 15:15:00,2024-05-06 17:00:00,SHORT,63174.38,-14.99708267813648,-22.99708267813648,15.00291732186352,-92.69897069033406,7,TRAILING_STOP,Volume Spike + Direction
2024-05-07 01:15:00,2024-05-07 01:30:00,2024-05-07 03:30:00,SHORT,63578.3,87.28844590056738,79.28844590056738,117.28844590056738,-61.16709632059985,8,TRAILING_STOP,Volume Spike + Direction
2024-05-07 08:15:00,2024-05-07 08:30:00,2024-05-07 09:30:00,LONG,64252.13,-2.7912319793912346,-10.791231979391235,17.208768020608765,-18.281106011582672,4,TRAILING_STOP,Volume Spike + Direction
2024-05-07 13:45:00,2024-05-07 14:00:00,2024-05-07 14:30:00,SHORT,63213.17,-4.309151083547707,-12.309151083547707,25.690848916452293,-46.9538230719967,2,TRAILING_STOP,Volume Spike + Direction
2024-05-07 22:15:00,2024-05-07 22:30:00,2024-05-07 22:45:00,LONG,63010.0,-16.032375813362957,-24.032375813362957,3.9676241866370416,-26.979844469131883,1,TRAILING_STOP,Volume Spike + Direction
2024-05-08 06:15:00,2024-05-08 06:30:00,2024-05-08 07:45:00,SHORT,62186.0,-3.320361496156128,-11.320361496156128,26.679638503843872,-67.15981088991082,5,TRAILING_STOP,Volume Spike + Direction
2024-05-08 13:00:00,2024-05-08 13:15:00,2024-05-08 13:45:00,SHORT,61909.69,-5.9827581110481525,-13.982758111048152,24.017241888951848,-89.09590728042679,2,TRAILING_STOP,Volume Spike + Direction
2024-05-08 20:15:00,2024-05-08 20:30:00,2024-05-08 21:15:00,SHORT,61747.6,29.20877896468827,21.20877896468827,59.20877896468827,-2.5539454165026774,3,TRAILING_STOP,Volume Spike + Direction
2024-05-08 23:00:00,2024-05-08 23:15:00,2024-05-08 23:45:00,SHORT,61191.8,8.523135452789944,0.5231354527899441,38.523135452789944,-14.488869423680331,2,TRAILING_STOP,Volume Spike + Direction
2024-05-09 09:15:00,2024-05-09 09:30:00,2024-05-09 09:45:00,SHORT,61075.77,-15.288765086383922,-23.288765086383922,14.711234913616078,-36.713413518978676,1,TRAILING_STOP,Volume Spike + Direction
2024-05-09 12:30:00,2024-05-09 12:45:00,2024-05-09 13:15:00,LONG,61480.0,-10.44729993493767,-18.447299934937668,9.55270006506233,-23.293754066362904,2,TRAILING_STOP,Volume Spike + Direction
2024-05-09 15:15:00,2024-05-09 15:30:00,2024-05-09 16:15:00,LONG,62196.61,55.898027239747904,47.898027239747904,75.8980272397479,-41.154976131335964,3,TRAILING_STOP,Volume Spike + Direction
2024-05-09 22:45:00,2024-05-09 23:00:00,2024-05-10 01:30:00,LONG,63280.46,-82.89762748248064,-90.89762748248064,0.0,-97.72210884686987,10,TIME_EXIT,Volume Spike + Direction
2024-05-10 06:45:00,2024-05-10 07:00:00,2024-05-10 07:30:00,LONG,63166.0,13.878985530190292,5.878985530190292,33.87898553019029,-14.743691226292212,2,TRAILING_STOP,Volume Spike + Direction
2024-05-10 14:00:00,2024-05-10 14:15:00,2024-05-10 14:45:00,SHORT,62562.87,269.3580697304971,261.3580697304971,299.3580697304971,-52.28820225159066,2,TRAILING_STOP,Volume Spike + Direction
2024-05-11 01:00:00,2024-05-11 01:15:00,2024-05-11 03:45:00,LONG,61052.0,-52.430714800497704,-60.430714800497704,0.0,-57.6688724366117,10,TIME_EXIT,Volume Spike + Direction
2024-05-11 09:15:00,2024-05-11 09:30:00,2024-05-11 11:30:00,SHORT,60718.67,8.139834090569138,0.13983409056913843,38.13983409056914,-30.593555491252037,8,TRAILING_STOP,Volume Spike + Direction
2024-05-11 15:00:00,2024-05-11 15:15:00,2024-05-11 16:30:00,LONG,61150.0,22.533115290269258,14.533115290269258,42.53311529026926,-43.674570727718674,5,TRAILING_STOP,Volume Spike + Direction
2024-05-12 07:15:00,2024-05-12 07:30:00,2024-05-12 08:15:00,SHORT,60820.0,-8.625452153896745,-16.625452153896745,21.374547846103255,-21.374547846103255,3,TRAILING_STOP,Volume Spike + Direction
2024-05-12 10:15:00,2024-05-12 10:30:00,2024-05-12 13:00:00,LONG,61280.0,-29.208550913837787,-37.20855091383778,0.0,-31.005221932114882,10,TIME_EXIT,Volume Spike + Direction
2024-05-12 15:30:00,2024-05-12 15:45:00,2024-05-12 16:15:00,LONG,61432.01,54.22677525934736,46.22677525934736,74.22677525934736,-10.354536665819754,2,TRAILING_STOP,Volume Spike + Direction
2024-05-12 21:15:00,2024-05-12 21:30:00,2024-05-13 00:00:00,SHORT,61070.0,-83.64336007859795,-91.64336007859795,0.0,-94.7961355821186,10,TIME_EXIT,Volume Spike + Direction
2024-05-13 01:30:00,2024-05-13 01:45:00,2024-05-13 03:30:00,SHORT,61242.0,50.46602005159872,42.46602005159872,80.46602005159872,-42.12795140589792,7,TRAILING_STOP,Volume Spike + Direction
2024-05-13 07:45:00,2024-05-13 08:00:00,2024-05-13 08:15:00,LONG,62334.36,79.70103166215164,71.70103166215164,99.70103166215164,0.0,1,TRAILING_STOP,Volume Spike + Direction
2024-05-13 16:15:00,2024-05-13 16:30:00,2024-05-13 17:00:00,LONG,63210.98,-19.34188648870873,-27.34188648870873,0.6581135112912687,-85.25575778132271,2,TRAILING_STOP,Volume Spike + Direction
2024-05-14 00:45:00,2024-05-14 01:00:00,2024-05-14 03:30:00,SHORT,62815.02,54.61432631876861,46.61432631876861,64.44636967400469,-32.60048313285678,10,TIME_EXIT,Volume Spike + Direction
2024-05-14 06:00:00,2024-05-14 06:15:00,2024-05-14 06:30:00,SHORT,61783.35,-5.600222390012842,-13.600222390012842,24.399777609987158,-53.171283201704355,1,TRAILING_STOP,Volume Spike + Direction
2024-05-14 12:30:00,2024-05-14 12:45:00,2024-05-14 13:00:00,SHORT,61800.74,26.40385535836537,18.40385535836537,56.40385535836537,0.0,1,TRAILING_STOP,Volume Spike + Direction
2024-05-15 00:30:00,2024-05-15 00:45:00,2024-05-15 01:00:00,SHORT,61569.5,-7.66913812845679,-15.66913812845679,22.33086187154321,-12.692972981752566,1,TRAILING_STOP,Volume Spike + Direction
2024-05-15 07:30:00,2024-05-15 07:45:00,2024-05-15 08:00:00,LONG,62139.65,0.3300147329445444,-7.669985267055456,20.330014732944544,-4.296773477160616,1,TRAILING_STOP,Volume Spike + Direction
2024-05-15 10:15:00,2024-05-15 10:30:00,2024-05-15 12:30:00,LONG,62845.79,195.62940015552343,187.62940015552343,215.62940015552343,-96.00802217618755,8,TRAILING_STOP,Volume Spike + Direction
2024-05-15 13:15:00,2024-05-15 13:30:00,2024-05-15 13:45:00,LONG,64310.02,17.31611341436424,9.316113414364239,37.31611341436424,-59.92689786132852,1,TRAILING_STOP,Volume Spike + Direction
2024-05-16 07:30:00,2024-05-16 07:45:00,2024-05-16 08:00:00,LONG,66160.6,25.36083409158934,17.36083409158934,45.36083409158934,-10.01502404754632,1,TRAILING_STOP,Volume Spike + Direction
2024-05-16 12:30:00,2024-05-16 12:45:00,2024-05-16 13:30:00,SHORT,66095.56,20.770429965339943,12.770429965339943,50.77042996533994,-21.48858410459021,3,TRAILING_STOP,Volume Spike + Direction
2024-05-16 16:30:00,2024-05-16 16:45:00,2024-05-16 17:45:00,SHORT,65380.13,88.89850937891995,80.89850937891995,118.89850937891995,-1.5019853891388268,4,TRAILING_STOP,Volume Spike + Direction
2024-05-17 03:30:00,2024-05-17 03:45:00,2024-05-17 06:15:00,LONG,65814.71,-17.644991522412642,-25.644991522412642,0.0,-67.94833556206574,10,TIME_EXIT,Volume Spike + Direction
2024-05-17 06:45:00,2024-05-17 07:00:00,2024-05-17 07:15:00,LONG,65955.56,62.54649039444172,54.54649039444172,82.54649039444172,0.0,1,TRAILING_STOP,Volume Spike + Direction
2024-05-17 12:45:00,2024-05-17 13:00:00,2024-05-17 13:30:00,LONG,66379.97,-17.948176234488304,-25.948176234488304,2.0518237655116964,-83.14857629492786,2,TRAILING_STOP,Volume Spike + Direction
2024-05-17 15:30:00,2024-05-17 15:45:00,2024-05-17 18:15:00,SHORT,67198.01,116.334690565985,108.334690565985,146.334690565985,-15.177532787058016,10,TRAILING_STOP,Volume Spike + Direction
2024-05-17 23:45:00,2024-05-18 00:00:00,2024-05-18 02:30:00,LONG,67024.0,-15.33003103365915,-23.33003103365915,4.66996896634085,-44.53180950107442,10,TRAILING_STOP,Volume Spike + Direction
2024-05-18 06:45:00,2024-05-18 07:00:00,2024-05-18 07:30:00,LONG,66920.03,27.916894239288816,19.916894239288816,47.916894239288816,-3.771665972057281,2,TRAILING_STOP,Volume Spike + Direction
2024-05-18 10:45:00,2024-05-18 11:00:00,2024-05-18 12:00:00,LONG,67222.21,-6.010575968866005,-14.010575968866005,13.989424031133995,-19.10975554061766,4,TRAILING_STOP,Volume Spike + Direction
2024-05-18 22:45:00,2024-05-18 23:00:00,2024-05-19 00:30:00,LONG,66932.0,-3.8761728321283897,-11.87617283212839,16.12382716787161,-14.135241737883312,6,TRAILING_STOP,Volume Spike + Direction
2024-05-19 02:45:00,2024-05-19 03:00:00,2024-05-19 04:00:00,LONG,67211.6,-7.68813716679859,-15.68813716679859,12.31186283320141,-22.555630278107618,4,TRAILING_STOP,Volume Spike + Direction
2024-05-19 07:30:00,2024-05-19 07:45:00,2024-05-19 08:30:00,LONG,67250.01,-6.631972248032566,-14.631972248032566,13.368027751967434,-22.306316385677086,3,TRAILING_STOP,Volume Spike + Direction
2024-05-19 10:30:00,2024-05-19 10:45:00,2024-05-19 13:15:00,LONG,67576.72,-121.25181571405132,-129.2518157140513,0.0,-122.33798858541833,10,TIME_EXIT,Volume Spike + Direction
2024-05-19 19:00:00,2024-05-19 19:15:00,2024-05-19 20:00:00,SHORT,66252.54,29.664127594201467,21.664127594201467,59.66412759420147,-21.11013404165344,3,TRAILING_STOP,Volume Spike + Direction
2024-05-20 01:00:00,2024-05-20 01:15:00,2024-05-20 01:30:00,SHORT,66341.61,12.401744546145764,4.401744546145764,42.401744546145764,-8.377849135708606,1,TRAILING_STOP,Volume Spike + Direction
2024-05-20 04:30:00,2024-05-20 04:45:00,2024-05-20 05:00:00,LONG,67055.0,15.93915442547241,7.93915442547241,35.93915442547241,0.0,1,TRAILING_STOP,Volume Spike + Direction
2024-05-20 10:15:00,2024-05-20 10:30:00,2024-05-20 11:30:00,LONG,67139.98,3.8337872605866252,-4.166212739413375,23.833787260586625,-11.912425353715614,4,TRAILING_STOP,Volume Spike + Direction
2024-05-20 15:15:00,2024-05-20 15:30:00,2024-05-20 16:00:00,LONG,67250.0,84.08921933085502,76.08921933085502,104.08921933085502,0.0,2,TRAILING_STOP,Volume Spike + Direction
2024-05-20 19:15:00,2024-05-20 19:30:00,2024-05-20 20:00:00,LONG,69192.01,157.6549055302788,149.6549055302788,177.6549055302788,0.0,2,TRAILING_STOP,Volume Spike + Direction
2024-05-20 23:15:00,2024-05-20 23:30:00,2024-05-21 00:00:00,LONG,71432.01,-7.9115819364447635,-15.911581936444763,12.088418063555237,-42.92753346853875,2,TRAILING_STOP,Volume Spike + Direction
2024-05-21 11:45:00,2024-05-21 12:00:00,2024-05-21 13:30:00,SHORT,71130.0,14.429917053282558,6.4299170532825585,44.42991705328256,-45.70364122030037,6,TRAILING_STOP,Volume Spike + Direction
2024-05-22 04:30:00,2024-05-22 04:45:00,2024-05-22 07:15:00,SHORT,69315.37,-47.65898241616626,-55.65898241616626,0.0,-107.41052092775443,10,TIME_EXIT,Volume Spike + Direction
2024-05-22 08:30:00,2024-05-22 08:45:00,2024-05-22 09:30:00,LONG,70020.0,-10.417023707511309,-18.41702370751131,9.582976292488691,-26.071122536418585,3,TRAILING_STOP,Volume Spike + Direction
2024-05-22 12:30:00,2024-05-22 12:45:00,2024-05-22 14:15:00,SHORT,69733.99,12.832770647427793,4.832770647427793,42.83277064742779,-52.409162303777705,6,TRAILING_STOP,Volume Spike + Direction
2024-05-22 18:30:00,2024-05-22 18:45:00,2024-05-22 19:00:00,LONG,69491.26,12.09324453175897,4.09324453175897,32.09324453175897,-0.900832709033447,1,TRAILING_STOP,Volume Spike + Direction
2024-05-23 07:30:00,2024-05-23 07:45:00,2024-05-23 08:15:00,LONG,69776.0,-9.403233203393384,-17.403233203393384,10.596766796606616,-21.537491401054638,2,TRAILING_STOP,Volume Spike + Direction
2024-05-23 11:15:00,2024-05-23 11:30:00,2024-05-23 12:30:00,LONG,69928.7,3.941529014553147,-4.058470985446853,23.941529014553147,-14.257379302060112,4,TRAILING_STOP,Volume Spike + Direction
2024-05-23 18:00:00,2024-05-23 18:15:00,2024-05-23 18:45:00,SHORT,67152.02,-8.900113503658964,-16.900113503658964,21.099886496341036,-40.027090771058496,2,TRAILING_STOP,Volume Spike + Direction
2024-05-23 21:00:00,2024-05-23 21:15:00,2024-05-23 22:00:00,LONG,67839.99,21.808673615663864,13.808673615663864,41.808673615663864,-62.49116487192913,3,TRAILING_STOP,Volume Spike + Direction
2024-05-24 05:30:00,2024-05-24 05:45:00,2024-05-24 06:00:00,SHORT,67223.25,-29.55372583146456,-37.55372583146456,0.4462741685354398,-55.662289460862574,1,TRAILING_STOP,Volume Spike + Direction
2024-05-24 13:15:00,2024-05-24 13:30:00,2024-05-24 14:15:00,LONG,67410.01,67.52260977264434,59.522609772644344,87.52260977264434,-72.39874315402024,3,TRAILING_STOP,Volume Spike + Direction
2024-05-25 08:30:00,2024-05-25 08:45:00,2024-05-25 09:15:00,SHORT,68884.77,-24.95244014025102,-32.95244014025102,5.047559859748979,-29.92388593298491,2,TRAILING_STOP,Volume Spike + Direction
2024-05-25 12:00:00,2024-05-25 12:15:00,2024-05-25 13:30:00,LONG,69158.97,-8.17217781005083,-16.17217781005083,11.82782218994917,-39.98613628861276,5,TRAILING_STOP,Volume Spike + Direction
2024-05-25 23:00:00,2024-05-25 23:15:00,2024-05-26 00:15:00,LONG,69294.99,-11.11046844800883,-19.11046844800883,8.88953155199117,-16.571183573300427,4,TRAILING_STOP,Volume Spike + Direction
2024-05-26 02:15:00,2024-05-26 02:30:00,2024-05-26 03:30:00,SHORT,68973.99,-5.988049988117279,-13.988049988117279,24.01195001188272,-7.188216891614033,4,TRAILING_STOP,Volume Spike + Direction
2024-05-26 07:30:00,2024-05-26 07:45:00,2024-05-26 08:15:00,LONG,69348.5,10.819700498207737,2.8197004982077374,30.819700498207737,-12.761631470039006,2,TRAILING_STOP,Volume Spike + Direction
2024-05-26 14:45:00,2024-05-26 15:00:00,2024-05-26 17:30:00,LONG,69287.11,-58.24892970712684,-66.24892970712685,0.0,-89.26768629835978,10,TIME_EXIT,Volume Spike + Direction
2024-05-26 21:30:00,2024-05-26 21:45:00,2024-05-27 00:00:00,SHORT,68386.44,-23.79409134325426,-31.79409134325426,6.205908656745742,-45.94624314410749,9,TRAILING_STOP,Volume Spike + Direction
2024-05-27 01:30:00,2024-05-27 01:45:00,2024-05-27 02:45:00,LONG,69138.0,1.7593797911426918,-6.240620208857308,21.759379791142692,-16.996441898810318,4,TRAILING_STOP,Volume Spike + Direction
2024-05-27 13:15:00,2024-05-27 13:30:00,2024-05-27 16:00:00,SHORT,68818.55,-254.21343518571547,-262.21343518571547,0.0,-263.9811504310964,10,TIME_EXIT,Volume Spike + Direction
2024-05-27 19:45:00,2024-05-27 20:00:00,2024-05-27 22:30:00,SHORT,69260.02,-54.26507240396357,-62.26507240396357,0.0,-90.65547483237661,10,TIME_EXIT,Volume Spike + Direction
2024-05-28 01:45:00,2024-05-28 02:00:00,2024-05-28 03:45:00,SHORT,68614.11,95.50042549557236,87.50042549557236,125.50042549557236,-33.265752481523116,7,TRAILING_STOP,Volume Spike + Direction
2024-05-28 10:00:00,2024-05-28 10:15:00,2024-05-28 12:45:00,LONG,68720.75,-74.5218874939513,-82.5218874939513,0.0,-82.4408930344901,10,TIME_EXIT,Volume Spike + Direction
2024-05-28 13:30:00,2024-05-28 13:45:00,2024-05-28 14:00:00,SHORT,68034.0,44.13646118117481,36.13646118117481,74.13646118117481,-12.135108916129827,1,TRAILING_STOP,Volume Spike + Direction
2024-05-28 18:30:00,2024-05-28 18:45:00,2024-05-28 21:15:00,SHORT,67479.9,-136.9430008046857,-144.9430008046857,0.0,-165.7426878225972,10,TIME_EXIT,Volume Spike + Direction
2024-05-29 02:15:00,2024-05-29 02:30:00,2024-05-29 05:00:00,LONG,68913.89,-16.83808300474787,-24.83808300474787,3.1619169952521324,-49.51541699358372,10,TRAILING_STOP,Volume Spike + Direction
2024-05-29 07:15:00,2024-05-29 07:30:00,2024-05-29 08:15:00,SHORT,68150.0,50.36096845194474,42.36096845194474,80.36096845194474,-7.5172413793097475,3,TRAILING_STOP,Volume Spike + Direction
2024-05-29 13:15:00,2024-05-29 13:30:00,2024-05-29 13:45:00,SHORT,67830.01,8.398932861721804,0.39893286172180353,38.3989328617218,-14.06457112419838,1,TRAILING_STOP,Volume Spike + Direction
2024-05-30 02:15:00,2024-05-30 02:30:00,2024-05-30 04:00:00,LONG,68098.52,-7.679614769896,-15.679614769896,12.320385230104,-25.627576047174603,6,TRAILING_STOP,Volume Spike + Direction
2024-05-30 06:30:00,2024-05-30 06:45:00,2024-05-30 07:45:00,LONG,67963.0,-9.079352000352962,-17.079352000352962,10.920647999647038,-66.88639406736044,4,TRAILING_STOP,Volume Spike + Direction
2024-05-30 13:45:00,2024-05-30 14:00:00,2024-05-30 14:30:00,LONG,68623.99,3.316918762665175,-4.683081237334825,23.316918762665175,-24.352999585131947,2,TRAILING_STOP,Volume Spike + Direction
2024-05-30 17:30:00,2024-05-30 17:45:00,2024-05-30 18:00:00,LONG,69413.28,-19.03188554121039,-27.03188554121039,0.9681144587896097,-39.60193207985553,1,TRAILING_STOP,Volume Spike + Direction
2024-05-31 02:00:00,2024-05-31 02:15:00,2024-05-31 04:45:00,LONG,68618.3,-14.749214130924427,-22.74921413092443,5.250785869075573,-19.280570926415095,10,TRAILING_STOP,Volume Spike + Direction
2024-05-31 09:15:00,2024-05-31 09:30:00,2024-05-31 10:00:00,SHORT,67926.93,-24.41605854997524,-32.41605854997524,5.583941450024758,-51.115220428776404,2,TRAILING_STOP,Volume Spike + Direction
2024-05-31 12:30:00,2024-05-31 12:45:00,2024-05-31 15:15:00,LONG,68855.45,-203.09212996211545,-211.09212996211545,0.0,-233.10427860104073,10,TIME_EXIT,Volume Spike + Direction
2024-05-31 16:00:00,2024-05-31 16:15:00,2024-05-31 18:45:00,SHORT,66825.01,-88.2708435060481,-96.2708435060481,0.0,-94.9719274265741,10,TIME_EXIT,Volume Spike + Direction
2024-06-01 17:45:00,2024-06-01 18:00:00,2024-06-01 20:30:00,LONG,67791.02,-2.805681342455693,-10.805681342455692,0.0,-15.533030776053067,10,TIME_EXIT,Volume Spike + Direction
2024-06-02 01:00:00,2024-06-02 01:15:00,2024-06-02 03:45:00,SHORT,67805.87,2.41866965205139,-5.58133034794861,23.97137592954616,-9.457883218665975,10,TIME_EXIT,Volume Spike + Direction
2024-06-02 08:00:00,2024-06-02 08:15:00,2024-06-02 09:15:00,LONG,67756.55,-11.732164639432781,-19.73216463943278,8.267835360567219,-25.25512293645557,4,TRAILING_STOP,Volume Spike + Direction
2024-06-02 11:45:00,2024-06-02 12:00:00,2024-06-02 14:30:00,LONG,68251.53,10.544370214118448,2.544370214118448,30.544370214118448,-66.15675868365132,10,TRAILING_STOP,Volume Spike + Direction
2024-06-02 17:30:00,2024-06-02 17:45:00,2024-06-02 20:15:00,LONG,68016.02,-47.553502836537966,-55.553502836537966,0.0,-111.52519656398638,10,TIME_EXIT,Volume Spike + Direction
2024-06-03 01:00:00,2024-06-03 01:15:00,2024-06-03 01:30:00,LONG,68140.01,9.67272825466306,1.6727282546630597,29.67272825466306,0.0,1,TRAILING_STOP,Volume Spike + Direction
2024-06-03 06:15:00,2024-06-03 06:30:00,2024-06-03 06:45:00,LONG,69099.28,-4.397811380958286,-12.397811380958286,15.602188619041714,-15.814926002123153,1,TRAILING_STOP,Volume Spike + Direction
2024-06-03 12:30:00,2024-06-03 12:45:00,2024-06-03 13:00:00,LONG,69650.0,-4.206748025843503,-12.206748025843503,15.793251974156497,-13.526202440776224,1,TRAILING_STOP,Volume Spike + Direction
2024-06-04 00:15:00,2024-06-04 00:30:00,2024-06-04 03:00:00,SHORT,68784.01,-79.69875556833802,-87.69875556833802,0.0,-85.19421883080095,10,TIME_EXIT,Volume Spike + Direction
2024-06-04 06:00:00,2024-06-04 06:15:00,2024-06-04 08:00:00,SHORT,68882.62,-29.763365563041866,-37.763365563041866,0.23663443695813322,-44.912635436922976,7,TRAILING_STOP,Volume Spike + Direction
2024-06-04 09:00:00,2024-06-04 09:15:00,2024-06-04 10:00:00,SHORT,68780.14,0.9420713595512389,-7.057928640448761,30.94207135955124,-10.16572516426955,3,TRAILING_STOP,Volume Spike + Direction
2024-06-04 13:15:00,2024-06-04 13:30:00,2024-06-04 13:45:00,LONG,69429.78,37.751875348013655,29.751875348013655,57.751875348013655,0.0,1,TRAILING_STOP,Volume Spike + Direction
2024-06-04 16:00:00,2024-06-04 16:15:00,2024-06-04 16:45:00,LONG,70517.77,48.24237351805026,40.24237351805026,68.24237351805026,0.0,2,TRAILING_STOP,Volume Spike + Direction
2024-06-05 01:15:00,2024-06-05 01:30:00,2024-06-05 01:45:00,LONG,71002.13,-1.2202817014086058,-9.220281701408606,18.779718298591394,-11.81936372894704,1,TRAILING_STOP,Volume Spike + Direction
2024-06-05 04:30:00,2024-06-05 04:45:00,2024-06-05 07:15:00,LONG,71208.24,-19.154592221351134,-27.154592221351134,0.8454077786488645,-50.30878448898684,10,TRAILING_STOP,Volume Spike + Direction
2024-06-05 12:45:00,2024-06-05 13:00:00,2024-06-05 14:15:00,SHORT,70940.01,48.42541888561776,40.42541888561776,78.42541888561776,-32.418941017912246,5,TRAILING_STOP,Volume Spike + Direction
2024-06-05 23:15:00,2024-06-05 23:30:00,2024-06-06 02:00:00,SHORT,70850.0,-50.049400141144076,-58.049400141144076,0.0,-52.214537755822484,10,TIME_EXIT,Volume Spike + Direction
2024-06-06 11:45:00,2024-06-06 12:00:00,2024-06-06 12:30:00,LONG,71170.01,18.441753766791813,10.441753766791813,38.44175376679181,-8.288603584570339,2,TRAILING_STOP,Volume Spike + Direction
2024-06-06 20:00:00,2024-06-06 20:15:00,2024-06-06 22:45:00,SHORT,70411.98,-69.45266984396673,-77.45266984396673,0.0,-72.25759025665788,10,TIME_EXIT,Volume Spike + Direction
2024-06-07 04:00:00,2024-06-07 04:15:00,2024-06-07 05:45:00,LONG,71181.2,17.759970329244076,9.759970329244076,37.75997032924408,-9.253847926137148,6,TRAILING_STOP,Volume Spike + Direction
2024-06-07 11:30:00,2024-06-07 11:45:00,2024-06-07 12:30:00,LONG,71526.22,45.82201603831474,37.82201603831474,65.82201603831474,-124.8507190789608,3,TRAILING_STOP,Volume Spike + Direction
2024-06-07 17:45:00,2024-06-07 18:00:00,2024-06-07 18:15:00,SHORT,69803.59,152.7370196862357,144.7370196862357,182.7370196862357,0.0,1,TRAILING_STOP,Volume Spike + Direction
2024-06-08 13:30:00,2024-06-08 13:45:00,2024-06-08 16:15:00,LONG,69341.75,1.5757462135006115,-6.4242537864993885,21.57574621350061,-7.142882895225292,10,TRAILING_STOP,Volume Spike + Direction
2024-06-09 07:45:00,2024-06-09 08:00:00,2024-06-09 10:30:00,SHORT,69295.64,-6.834484824730759,-14.834484824730758,0.0,-14.6546016459337,10,TIME_EXIT,Volume Spike + Direction
2024-06-09 12:30:00,2024-06-09 12:45:00,2024-06-09 13:15:00,LONG,69527.44,15.893742096645248,7.893742096645248,35.89374209664525,-19.87129110463487,2,TRAILING_STOP,Volume Spike + Direction
2024-06-09 18:00:00,2024-06-09 18:15:00,2024-06-09 19:30:00,LONG,69770.68,-7.6079751551788775,-15.607975155178877,12.392024844821123,-13.869722926591734,5,TRAILING_STOP,Volume Spike + Direction
2024-06-10 01:30:00,2024-06-10 01:45:00,2024-06-10 03:45:00,LONG,69675.36,-1.9190026431157428,-9.919002643115743,18.080997356884257,-14.432648787174932,8,TRAILING_STOP,Volume Spike + Direction
2024-06-10 07:45:00,2024-06-10 08:00:00,2024-06-10 09:45:00,SHORT,69304.0,-10.995324945168186,-18.995324945168186,19.004675054831814,-27.55829389357111,7,TRAILING_STOP,Volume Spike + Direction
2024-06-10 13:30:00,2024-06-10 13:45:00,2024-06-10 16:00:00,LONG,69471.99,84.20746548357072,76.20746548357072,104.20746548357072,-24.755300661462336,9,TRAILING_STOP,Volume Spike + Direction
2024-06-10 18:00:00,2024-06-10 18:15:00,2024-06-10 20:45:00,LONG,70090.0,-65.27179340847557,-73.27179340847557,0.0,-107.79569125410094,10,TIME_EXIT,Volume Spike + Direction
2024-06-11 01:45:00,2024-06-11 02:00:00,2024-06-11 02:15:00,SHORT,68724.0,89.89988941272337,81.89988941272337,119.89988941272337,0.0,1,TRAILING_STOP,Volume Spike + Direction
2024-06-11 09:45:00,2024-06-11 10:00:00,2024-06-11 11:00:00,SHORT,67084.33,17.96202034066674,9.96202034066674,47.96202034066674,-32.66485630847094,4,TRAILING_STOP,Volume Spike + Direction
2024-06-11 13:45:00,2024-06-11 14:00:00,2024-06-11 15:00:00,SHORT,66812.01,-3.2308607389612582,-11.230860738961258,26.76913926103874,-43.616409684427026,4,TRAILING_STOP,Volume Spike + Direction
2024-06-12 01:15:00,2024-06-12 01:30:00,2024-06-12 01:45:00,SHORT,66980.0,-20.146312332039415,-28.146312332039415,9.853687667960584,-31.010749477456915,1,TRAILING_STOP,Volume Spike + Direction
2024-06-12 09:45:00,2024-06-12 10:00:00,2024-06-12 11:00:00,LONG,67753.33,25.116601648951132,17.116601648951132,45.11660164895113,0.0,4,TRAILING_STOP,Volume Spike + Direction
2024-06-12 12:30:00,2024-06-12 12:45:00,2024-06-12 13:00:00,LONG,69417.98,13.394806359967113,5.394806359967113,33.39480635996711,-11.335679891578858,1,TRAILING_STOP,Volume Spike + Direction
2024-06-12 18:00:00,2024-06-12 18:15:00,2024-06-12 18:30:00,SHORT,69180.01,16.834338416545478,8.834338416545478,46.83433841654548,-30.354144210156267,1,TRAILING_STOP,Volume Spike + Direction
2024-06-13 02:00:00,2024-06-13 02:15:00,2024-06-13 03:00:00,SHORT,67908.0,11.428108617541639,3.428108617541639,41.42810861754164,-39.61241679919892,3,TRAILING_STOP,Volume Spike + Direction
2024-06-13 09:30:00,2024-06-13 09:45:00,2024-06-13 12:15:00,SHORT,67192.72,-98.4943011683405,-106.4943011683405,0.0,-115.85778935575104,10,TIME_EXIT,Volume Spike + Direction
2024-06-13 12:30:00,2024-06-13 12:45:00,2024-06-13 13:15:00,SHORT,67729.88,-13.4386241345772,-21.4386241345772,16.5613758654228,-54.53132354582593,2,TRAILING_STOP,Volume Spike + Direction
2024-06-13 15:30:00,2024-06-13 15:45:00,2024-06-13 16:00:00,SHORT,66608.02,23.48304903823972,15.48304903823972,53.48304903823972,-32.42552473410798,1,TRAILING_STOP,Volume Spike + Direction
2024-06-14 05:30:00,2024-06-14 05:45:00,2024-06-14 06:15:00,LONG,67100.01,-16.38152065849188,-24.38152065849188,3.6184793415081216,-29.807745185134067,2,TRAILING_STOP,Volume Spike + Direction
2024-06-14 14:15:00,2024-06-14 14:30:00,2024-06-14 16:00:00,SHORT,66697.72,134.58133801275383,126.58133801275383,164.58133801275383,-54.23573699370911,6,TRAILING_STOP,Volume Spike + Direction
2024-06-15 06:45:00,2024-06-15 07:00:00,2024-06-15 09:00:00,SHORT,66168.57,-14.468456851945861,-22.46845685194586,15.531543148054139,-15.85798212051326,8,TRAILING_STOP,Volume Spike + Direction
2024-06-15 15:15:00,2024-06-15 15:30:00,2024-06-15 18:00:00,SHORT,66323.99,22.574033920456404,14.574033920456404,28.657805418523065,-5.42940797138332,10,TIME_EXIT,Volume Spike + Direction
2024-06-15 20:15:00,2024-06-15 20:30:00,2024-06-15 23:00:00,SHORT,65984.04,-41.594906889606406,-49.594906889606406,0.0,-41.594906889606406,10,TIME_EXIT,Volume Spike + Direction
2024-06-16 06:45:00,2024-06-16 07:00:00,2024-06-16 09:00:00,LONG,66312.01,-14.271022700110397,-22.271022700110397,5.728977299889604,-16.485701458905023,8,TRAILING_STOP,Volume Spike + Direction
2024-06-16 10:30:00,2024-06-16 10:45:00,2024-06-16 11:15:00,LONG,66600.0,1.379879879879791,-6.620120120120209,21.37987987987979,-6.779279279278406,2,TRAILING_STOP,Volume Spike + Direction
2024-06-16 22:00:00,2024-06-16 22:15:00,2024-06-16 23:15:00,LONG,66733.0,-6.044385836092388,-14.044385836092388,13.955614163907612,-15.224851272984253,4,TRAILING_STOP,Volume Spike + Direction
2024-06-17 01:15:00,2024-06-17 01:30:00,2024-06-17 04:00:00,SHORT,66414.01,24.693584983048005,16.693584983048005,38.999301502799604,-17.25388965370576,10,TIME_EXIT,Volume Spike + Direction
2024-06-17 07:00:00,2024-06-17 07:15:00,2024-06-17 08:30:00,SHORT,65988.24,-29.35897669039052,-37.35897669039052,0.6410233096094814,-58.76198546892518,5,TRAILING_STOP,Volume Spike + Direction
2024-06-17 09:45:00,2024-06-17 10:00:00,2024-06-17 10:30:00,SHORT,65722.07,-4.731471482866109,-12.731471482866109,25.26852851713389,-19.465302903574553,2,TRAILING_STOP,Volume Spike + Direction
2024-06-17 13:30:00,2024-06-17 13:45:00,2024-06-17 14:00:00,SHORT,65410.02,12.809954805089014,4.8099548050890135,42.80995480508901,-6.15349146812675,1,TRAILING_STOP,Volume Spike + Direction
2024-06-17 16:15:00,2024-06-17 16:30:00,2024-06-17 16:45:00,LONG,65828.02,14.731410727527596,6.731410727527596,34.731410727527596,-6.383299998998006,1,TRAILING_STOP,Volume Spike + Direction
2024-06-18 00:45:00,2024-06-18 01:00:00,2024-06-18 01:45:00,SHORT,65749.98,144.90195434279917,136.90195434279917,174.90195434279917,-10.340687556103477,3,TRAILING_STOP,Volume Spike + Direction
2024-06-18 11:15:00,2024-06-18 11:30:00,2024-06-18 12:45:00,SHORT,65190.93,-0.8655790000234269,-8.865579000023427,29.134420999976573,-41.49810410742703,5,TRAILING_STOP,Volume Spike + Direction
2024-06-19 01:00:00,2024-06-19 01:15:00,2024-06-19 02:30:00,LONG,65345.47,2.030601356145901,-5.969398643854099,22.0306013561459,-81.8495911040197,5,TRAILING_STOP,Volume Spike + Direction
2024-06-19 07:15:00,2024-06-19 07:30:00,2024-06-19 09:45:00,SHORT,65238.0,-4.554707379134857,-12.554707379134857,25.445292620865143,-19.125356387381096,9,TRAILING_STOP,Volume Spike + Direction
2024-06-19 11:30:00,2024-06-19 11:45:00,2024-06-19 14:15:00,SHORT,65195.18,45.276353251881545,37.276353251881545,52.33208958085556,-17.61479913085546,10,TIME_EXIT,Volume Spike + Direction
2024-06-20 07:15:00,2024-06-20 07:30:00,2024-06-20 08:00:00,LONG,65854.02,-8.845024191386974,-16.845024191386976,11.154975808613026,-14.64754923086038,2,TRAILING_STOP,Volume Spike + Direction
2024-06-20 10:45:00,2024-06-20 11:00:00,2024-06-20 11:30:00,LONG,66209.49,21.300725923126286,13.300725923126286,41.300725923126286,-9.453327612100782,2,TRAILING_STOP,Volume Spike + Direction
2024-06-20 19:30:00,2024-06-20 19:45:00,2024-06-20 22:15:00,SHORT,65050.01,1.4588775620488357,-6.541122437951165,7.385087258249595,-23.074554485079794,10,TIME_EXIT,Volume Spike + Direction
2024-06-21 01:00:00,2024-06-21 01:15:00,2024-06-21 03:45:00,SHORT,64671.75,25.607780831661522,17.607780831661522,50.52437888258784,-61.06375658614519,10,TIME_EXIT,Volume Spike + Direction
2024-06-21 03:45:00,2024-06-21 04:00:00,2024-06-21 06:30:00,SHORT,64506.15,-19.50976767331464,-27.50976767331464,0.0,-35.64776381786808,10,TIME_EXIT,Volume Spike + Direction
2024-06-21 07:45:00,2024-06-21 08:00:00,2024-06-21 09:15:00,SHORT,64201.63,75.74186356327674,67.74186356327674,105.74186356327674,-26.560073319011384,5,TRAILING_STOP,Volume Spike + Direction
2024-06-21 13:30:00,2024-06-21 13:45:00,2024-06-21 14:30:00,LONG,63804.01,48.72608790576015,40.72608790576015,68.72608790576015,-55.09685049576051,3,TRAILING_STOP,Volume Spike + Direction
2024-06-22 02:00:00,2024-06-22 02:15:00,2024-06-22 04:45:00,LONG,64302.81,9.533020407662264,1.5330204076622636,10.008893857049262,-12.878130831296124,10,TIME_EXIT,Volume Spike + Direction
2024-06-22 08:00:00,2024-06-22 08:15:00,2024-06-22 10:45:00,SHORT,64399.29,13.599528814681303,5.599528814681303,28.705285415413833,0.0,10,TIME_EXIT,Volume Spike + Direction
2024-06-23 00:00:00,2024-06-23 00:15:00,2024-06-23 01:00:00,LONG,64354.51,5.870758708286019,-2.1292412917139814,25.87075870828602,-3.9080400114928158,3,TRAILING_STOP,Volume Spike + Direction
2024-06-23 09:00:00,2024-06-23 09:15:00,2024-06-23 11:45:00,LONG,64437.28,-14.871825750559577,-22.871825750559577,0.0,-28.62163021157943,10,TIME_EXIT,Volume Spike + Direction
2024-06-23 14:45:00,2024-06-23 15:00:00,2024-06-23 17:30:00,SHORT,64192.0,12.594092721834222,4.5940927218342225,42.59409272183422,-1.246261216350947,10,TRAILING_STOP,Volume Spike + Direction
2024-06-23 20:30:00,2024-06-23 20:45:00,2024-06-23 21:15:00,SHORT,63792.01,10.131985181216585,2.131985181216585,40.131985181216585,-3.7104960323398264,2,TRAILING_STOP,Volume Spike + Direction
2024-06-23 23:30:00,2024-06-23 23:45:00,2024-06-24 00:30:00,SHORT,63378.08,44.85080015046202,36.85080015046202,74.85080015046202,0.0,3,TRAILING_STOP,Volume Spike + Direction
2024-06-24 02:45:00,2024-06-24 03:00:00,2024-06-24 04:30:00,SHORT,62880.95,9.272625493094026,1.2726254930940257,39.272625493094026,-31.247937570918577,6,TRAILING_STOP,Volume Spike + Direction
2024-06-24 05:30:00,2024-06-24 05:45:00,2024-06-24 06:30:00,SHORT,62283.25,-10.32697394564368,-18.32697394564368,19.67302605435632,-22.919484773193435,3,TRAILING_STOP,Volume Spike + Direction
2024-06-24 09:15:00,2024-06-24 09:30:00,2024-06-24 09:45:00,SHORT,62149.5,146.91051416342816,138.91051416342816,176.91051416342816,0.0,1,TRAILING_STOP,Volume Spike + Direction
2024-06-24 16:00:00,2024-06-24 16:15:00,2024-06-24 16:30:00,LONG,60911.06,-13.278724750480073,-21.278724750480073,6.721275249519928,-90.46961257938996,1,TRAILING_STOP,Volume Spike + Direction
2024-06-24 19:45:00,2024-06-24 20:00:00,2024-06-24 20:30:00,SHORT,59306.72,122.54932324701167,114.54932324701167,152.54932324701167,-13.527977942465192,2,TRAILING_STOP,Volume Spike + Direction
2024-06-25 03:00:00,2024-06-25 03:15:00,2024-06-25 03:45:00,LONG,61183.69,47.85795364745087,39.85795364745087,67.85795364745087,0.0,2,TRAILING_STOP,Volume Spike + Direction
2024-06-25 09:45:00,2024-06-25 10:00:00,2024-06-25 11:15:00,LONG,61468.01,-16.632394639098113,-24.632394639098113,3.3676053609018886,-50.69791587526661,5,TRAILING_STOP,Volume Spike + Direction
2024-06-25 14:15:00,2024-06-25 14:30:00,2024-06-25 17:00:00,LONG,62084.02,-61.19126950864236,-69.19126950864236,0.0,-123.92238775775044,10,TIME_EXIT,Volume Spike + Direction
2024-06-26 01:15:00,2024-06-26 01:30:00,2024-06-26 02:15:00,LONG,62007.99,57.38035049999198,49.38035049999198,77.38035049999198,-8.384403364791854,3,TRAILING_STOP,Volume Spike + Direction
2024-06-26 12:45:00,2024-06-26 13:00:00,2024-06-26 14:15:00,LONG,61431.47,69.29136808870093,61.291368088700935,89.29136808870093,-2.1373410077936694,5,TRAILING_STOP,Volume Spike + Direction
2024-06-26 17:00:00,2024-06-26 17:15:00,2024-06-26 19:30:00,SHORT,60921.99,3.9269941773069235,-4.0730058226930765,33.92699417730692,-71.69332452863146,9,TRAILING_STOP,Volume Spike + Direction
2024-06-27 03:15:00,2024-06-27 03:30:00,2024-06-27 05:00:00,LONG,61134.02,-10.515918959688369,-18.51591895968837,9.484081040311631,-23.405953019283945,6,TRAILING_STOP,Volume Spike + Direction
2024-06-27 12:00:00,2024-06-27 12:15:00,2024-06-27 12:30:00,LONG,61391.66,23.709520153062563,15.709520153062563,43.70952015306256,-35.80127984810981,1,TRAILING_STOP,Volume Spike + Direction
2024-06-28 01:15:00,2024-06-28 01:30:00,2024-06-28 02:00:00,LONG,61940.01,13.865025207453911,5.865025207453911,33.86502520745391,-18.035192438619095,2,TRAILING_STOP,Volume Spike + Direction
2024-06-28 07:45:00,2024-06-28 08:00:00,2024-06-28 09:45:00,SHORT,61350.01,-25.760391889096343,-33.76039188909634,4.239608110903656,-39.4441663497688,7,TRAILING_STOP,Volume Spike + Direction
2024-06-28 12:30:00,2024-06-28 12:45:00,2024-06-28 13:15:00,SHORT,61510.01,8.499424727780884,0.49942472778088387,38.499424727780884,-1.9492762234956493,2,TRAILING_STOP,Volume Spike + Direction
2024-06-28 19:15:00,2024-06-28 19:30:00,2024-06-28 20:15:00,SHORT,60446.01,33.363983826228065,25.363983826228065,63.363983826228065,-4.625615487275194,3,TRAILING_STOP,Volume Spike + Direction
2024-06-29 00:15:00,2024-06-29 00:30:00,2024-06-29 01:15:00,LONG,60657.95,32.430060692787364,24.430060692787364,52.430060692787364,-16.147924550697326,3,TRAILING_STOP,Volume Spike + Direction
2024-06-29 07:15:00,2024-06-29 07:30:00,2024-06-29 08:00:00,LONG,61115.99,-19.108253012017908,-27.108253012017908,0.8917469879820921,-26.934031503048644,2,TRAILING_STOP,Volume Spike + Direction
2024-06-29 11:30:00,2024-06-29 11:45:00,2024-06-29 14:15:00,LONG,61170.0,-17.9238188654574,-25.9238188654574,2.0761811345426007,-36.01929050188029,10,TRAILING_STOP,Volume Spike + Direction
2024-06-30 02:15:00,2024-06-30 02:30:00,2024-06-30 05:00:00,SHORT,60900.0,26.30049261083715,18.30049261083715,27.126436781608717,-8.10509031198696,10,TIME_EXIT,Volume Spike + Direction
2024-06-30 07:00:00,2024-06-30 07:15:00,2024-06-30 09:45:00,LONG,61727.58,-32.05698328040799,-40.05698328040799,0.0,-54.75996305055278,10,TIME_EXIT,Volume Spike + Direction
2024-06-30 18:45:00,2024-06-30 19:00:00,2024-06-30 20:30:00,LONG,62055.3,37.54867029891006,29.54867029891006,57.54867029891006,-20.836254115281513,6,TRAILING_STOP,Volume Spike + Direction
2024-06-30 22:15:00,2024-06-30 22:30:00,2024-06-30 23:00:00,LONG,62942.56,-1.5387235600197435,-9.538723560019744,18.461276439980256,-33.03488132672079,2,TRAILING_STOP,Volume Spike + Direction
2024-07-01 01:00:00,2024-07-01 01:15:00,2024-07-01 02:00:00,LONG,63644.0,7.391427314436829,-0.6085726855631712,27.39142731443683,-42.21921940795631,3,TRAILING_STOP,Volume Spike + Direction
2024-07-01 08:30:00,2024-07-01 08:45:00,2024-07-01 11:15:00,SHORT,62890.0,21.284782954364857,13.284782954364857,29.89346477977421,-17.169661313404866,10,TIME_EXIT,Volume Spike + Direction
2024-07-02 06:45:00,2024-07-02 07:00:00,2024-07-02 08:15:00,SHORT,62866.01,43.93184329656023,35.93184329656023,73.93184329656023,0.0,5,TRAILING_STOP,Volume Spike + Direction
2024-07-02 13:45:00,2024-07-02 14:00:00,2024-07-02 16:30:00,SHORT,62626.92,107.45538819408637,99.45538819408637,131.0363019608819,0.0,10,TIME_EXIT,Volume Spike + Direction
2024-07-03 01:00:00,2024-07-03 01:15:00,2024-07-03 01:45:00,SHORT,62042.02,101.07568064353705,93.07568064353705,131.07568064353705,-19.833332312520273,2,TRAILING_STOP,Volume Spike + Direction
2024-07-03 08:15:00,2024-07-03 08:30:00,2024-07-03 11:00:00,LONG,60940.75,-105.13654656367031,-113.13654656367031,0.0,-220.00877901896516,10,TIME_EXIT,Volume Spike + Direction
2024-07-03 19:15:00,2024-07-03 19:30:00,2024-07-03 21:00:00,SHORT,60005.96,70.98330232530222,62.98330232530222,100.98330232530222,0.0,6,TRAILING_STOP,Volume Spike + Direction
2024-07-04 01:30:00,2024-07-04 01:45:00,2024-07-04 02:00:00,SHORT,59609.67,273.5849720355768,265.5849720355768,303.5849720355768,0.0,1,TRAILING_STOP,Volume Spike + Direction
2024-07-04 07:45:00,2024-07-04 08:00:00,2024-07-04 08:30:00,SHORT,58219.99,138.55207292203207,130.55207292203207,168.55207292203207,-19.922710395519694,2,TRAILING_STOP,Volume Spike + Direction
2024-07-04 13:15:00,2024-07-04 13:30:00,2024-07-04 13:45:00,SHORT,56934.01,-1.3686072700654606,-9.36860727006546,28.63139272993454,-100.18089363457717,1,TRAILING_STOP,Volume Spike + Direction
2024-07-04 23:30:00,2024-07-04 23:45:00,2024-07-05 00:15:00,SHORT,57121.99,39.011951439366726,31.011951439366726,69.01195143936673,-30.11624770075392,2,TRAILING_STOP,Volume Spike + Direction
2024-07-05 02:45:00,2024-07-05 03:00:00,2024-07-05 03:15:00,SHORT,55766.32,60.59590089502072,52.59590089502072,90.59590089502072,0.0,1,TRAILING_STOP,Volume Spike + Direction
2024-07-05 11:30:00,2024-07-05 11:45:00,2024-07-05 12:30:00,LONG,55506.41,59.916896084613725,51.916896084613725,79.91689608461373,-93.3982219350892,3,TRAILING_STOP,Volume Spike + Direction
2024-07-06 00:15:00,2024-07-06 00:30:00,2024-07-06 02:30:00,SHORT,56391.1,9.119648313297404,1.1196483132974038,39.119648313297404,-84.57008286768682,8,TRAILING_STOP,Volume Spike + Direction
2024-07-06 05:00:00,2024-07-06 05:15:00,2024-07-06 05:45:00,LONG,56311.11,11.684688865127725,3.6846888651277254,31.684688865127725,0.0,2,TRAILING_STOP,Volume Spike + Direction
2024-07-06 12:45:00,2024-07-06 13:00:00,2024-07-06 13:45:00,LONG,56755.48,75.76520188006458,67.76520188006458,95.76520188006458,-14.003934069450773,3,TRAILING_STOP,Volume Spike + Direction
2024-07-06 16:15:00,2024-07-06 16:30:00,2024-07-06 16:45:00,LONG,57760.0,41.11495844875346,33.11495844875346,61.11495844875346,0.0,1,TRAILING_STOP,Volume Spike + Direction
2024-07-06 23:15:00,2024-07-06 23:30:00,2024-07-07 02:00:00,LONG,58378.0,-16.884785364349533,-24.884785364349533,0.0,-92.50059954092295,10,TIME_EXIT,Volume Spike + Direction
2024-07-07 03:00:00,2024-07-07 03:15:00,2024-07-07 05:00:00,SHORT,57964.0,64.5414395141812,56.54143951418121,94.5414395141812,-10.37885584155743,7,TRAILING_STOP,Volume Spike + Direction
2024-07-07 13:15:00,2024-07-07 13:30:00,2024-07-07 14:15:00,SHORT,56928.8,34.17489917230009,26.174899172300087,64.17489917230009,-1.8022512331183442,3,TRAILING_STOP,Volume Spike + Direction
2024-07-07 21:15:00,2024-07-07 21:30:00,2024-07-07 23:00:00,SHORT,56235.98,-19.641862736276668,-27.641862736276668,10.358137263723332,-99.07002598692107,6,TRAILING_STOP,Volume Spike + Direction
2024-07-08 00:00:00,2024-07-08 00:15:00,2024-07-08 01:00:00,SHORT,55635.98,217.28961366367585,209.28961366367585,247.28961366367585,-62.914322709872074,3,TRAILING_STOP,Volume Spike + Direction
2024-07-08 08:00:00,2024-07-08 08:15:00,2024-07-08 09:00:00,LONG,56258.01,331.7223591804974,323.7223591804974,351.7223591804974,0.0,3,TRAILING_STOP,Volume Spike + Direction
2024-07-08 14:15:00,2024-07-08 14:30:00,2024-07-08 16:30:00,SHORT,55625.86,5.976072999141515,-2.0239270008584853,35.976072999141515,-208.48756315857335,8,TRAILING_STOP,Volume Spike + Direction
2024-07-09 01:00:00,2024-07-09 01:15:00,2024-07-09 03:00:00,LONG,57079.54,29.600960344109744,21.600960344109744,49.600960344109744,-130.43377714676782,7,TRAILING_STOP,Volume Spike + Direction
2024-07-09 08:30:00,2024-07-09 08:45:00,2024-07-09 11:15:00,LONG,57840.01,-51.80497029651264,-59.80497029651264,0.0,-107.1939648696468,10,TIME_EXIT,Volume Spike + Direction
2024-07-09 13:00:00,2024-07-09 13:15:00,2024-07-09 13:45:00,SHORT,57296.01,35.62586120743872,27.625861207438717,65.62586120743872,-20.034553889529285,2,TRAILING_STOP,Volume Spike + Direction
2024-07-10 01:30:00,2024-07-10 01:45:00,2024-07-10 02:45:00,SHORT,57747.99,-11.795037368400635,-19.795037368400635,18.204962631599365,-28.901438820641456,4,TRAILING_STOP,Volume Spike + Direction
2024-07-10 04:15:00,2024-07-10 04:30:00,2024-07-10 05:00:00,LONG,59260.01,15.435363578237322,7.435363578237322,35.43536357823732,-43.754633183491,2,TRAILING_STOP,Volume Spike + Direction
2024-07-10 12:30:00,2024-07-10 12:45:00,2024-07-10 13:30:00,SHORT,57977.88,51.21028226627061,43.21028226627061,81.21028226627061,-53.54110912644711,3,TRAILING_STOP,Volume Spike + Direction
2024-07-10 22:15:00,2024-07-10 22:30:00,2024-07-10 23:45:00,LONG,57806.0,-7.271217520672293,-15.271217520672293,12.728782479327707,-34.9012213265059,5,TRAILING_STOP,Volume Spike + Direction
2024-07-11 01:30:00,2024-07-11 01:45:00,2024-07-11 02:00:00,LONG,58040.01,39.19537229576627,31.19537229576627,59.19537229576627,-7.417297136923806,1,TRAILING_STOP,Volume Spike + Direction
2024-07-11 11:30:00,2024-07-11 11:45:00,2024-07-11 12:00:00,LONG,58703.52,-3.905564777034968,-11.905564777034968,16.094435222965032,-32.32855542563697,1,TRAILING_STOP,Volume Spike + Direction
2024-07-11 14:15:00,2024-07-11 14:30:00,2024-07-11 15:00:00,SHORT,57781.7,-4.784404058724977,-12.784404058724977,25.215595941275023,-30.16525993523952,2,TRAILING_STOP,Volume Spike + Direction
2024-07-12 01:15:00,2024-07-12 01:30:00,2024-07-12 04:00:00,SHORT,56610.0,-60.909733262674024,-68.90973326267402,0.0,-142.94647588765255,10,TIME_EXIT,Volume Spike + Direction
2024-07-12 07:30:00,2024-07-12 07:45:00,2024-07-12 10:15:00,SHORT,56924.78,-2.291504683901117,-10.291504683901117,27.708495316098883,-71.944063727607,10,TRAILING_STOP,Volume Spike + Direction
2024-07-12 12:30:00,2024-07-12 12:45:00,2024-07-12 15:15:00,SHORT,57203.99,-169.4741922722522,-177.4741922722522,0.0,-176.21323267835027,10,TIME_EXIT,Volume Spike + Direction
2024-07-13 05:45:00,2024-07-13 06:00:00,2024-07-13 06:30:00,LONG,58076.02,4.116666396906151,-3.883333603093849,24.11666639690615,-12.745363749099335,2,TRAILING_STOP,Volume Spike + Direction
2024-07-13 09:15:00,2024-07-13 09:30:00,2024-07-13 09:45:00,LONG,58206.0,91.49709651925974,83.49709651925974,111.49709651925974,0.0,1,TRAILING_STOP,Volume Spike + Direction
2024-07-13 22:15:00,2024-07-13 22:30:00,2024-07-14 01:00:00,SHORT,58406.39,-206.44830129032127,-214.44830129032127,0.0,-247.16644873959862,10,TIME_EXIT,Volume Spike + Direction
2024-07-14 04:15:00,2024-07-14 04:30:00,2024-07-14 05:00:00,LONG,59740.0,73.0699698694342,65.0699698694342,93.0699698694342,-3.2256444593232003,2,TRAILING_STOP,Volume Spike + Direction
2024-07-14 14:45:00,2024-07-14 15:00:00,2024-07-14 15:30:00,LONG,60012.0,-11.531693661267795,-19.531693661267795,8.468306338732205,-22.66046790641838,2,TRAILING_STOP,Volume Spike + Direction
2024-07-14 20:30:00,2024-07-14 20:45:00,2024-07-14 21:15:00,LONG,60148.0,120.48679922856951,112.48679922856951,140.4867992285695,-20.283301190397022,2,TRAILING_STOP,Volume Spike + Direction
2024-07-15 01:15:00,2024-07-15 01:30:00,2024-07-15 01:45:00,SHORT,61410.82,5.752657267888239,-2.247342732111761,35.75265726788824,0.0,1,TRAILING_STOP,Volume Spike + Direction
2024-07-15 13:15:00,2024-07-15 13:30:00,2024-07-15 14:15:00,LONG,62784.28,23.381878393763948,15.381878393763948,43.38187839376395,-8.409748427471914,3,TRAILING_STOP,Volume Spike + Direction
2024-07-15 16:45:00,2024-07-15 17:00:00,2024-07-15 18:00:00,SHORT,63411.77,35.98774959285872,27.98774959285872,65.98774959285872,-50.18468968773514,4,TRAILING_STOP,Volume Spike + Direction
2024-07-15 22:00:00,2024-07-15 22:15:00,2024-07-15 22:30:00,LONG,64135.63,80.80044430841409,72.80044430841409,100.80044430841409,-0.7094340540500865,1,TRAILING_STOP,Volume Spike + Direction
2024-07-16 05:15:00,2024-07-16 05:30:00,2024-07-16 06:15:00,SHORT,63947.0,45.390557805682604,37.390557805682604,75.3905578056826,0.0,3,TRAILING_STOP,Volume Spike + Direction
2024-07-16 14:00:00,2024-07-16 14:15:00,2024-07-16 14:30:00,LONG,63513.9,19.636992847235014,11.636992847235014,39.636992847235014,-6.911872834135749,1,TRAILING_STOP,Volume Spike + Direction
2024-07-16 23:15:00,2024-07-16 23:30:00,2024-07-17 00:15:00,LONG,65227.9,0.1217577141069981,-7.878242285893002,20.121757714106998,-45.316498001622584,3,TRAILING_STOP,Volume Spike + Direction
2024-07-17 06:15:00,2024-07-17 06:30:00,2024-07-17 08:15:00,SHORT,65560.64,84.87837824646029,76.87837824646029,114.87837824646029,-19.53153599476804,7,TRAILING_STOP,Volume Spike + Direction
2024-07-17 13:45:00,2024-07-17 14:00:00,2024-07-17 14:45:00,LONG,65141.95,-6.056604077710023,-14.056604077710023,13.943395922289977,-56.772939710892054,3,TRAILING_STOP,Volume Spike + Direction
2024-07-17 16:30:00,2024-07-17 16:45:00,2024-07-17 17:15:00,SHORT,64030.85,-11.607303354555373,-19.607303354555373,18.392696645444627,-48.90611322510969,2,TRAILING_STOP,Volume Spike + Direction
2024-07-18 02:00:00,2024-07-18 02:15:00,2024-07-18 04:45:00,SHORT,64523.13,-7.883994468340674,-15.883994468340674,0.0,-67.7059528885224,10,TIME_EXIT,Volume Spike + Direction
2024-07-18 06:00:00,2024-07-18 06:15:00,2024-07-18 07:00:00,LONG,64919.68,1.8454558001517718,-6.154544199848228,21.845455800151772,-12.575539497421955,3,TRAILING_STOP,Volume Spike + Direction
2024-07-18 12:30:00,2024-07-18 12:45:00,2024-07-18 13:15:00,LONG,64832.02,23.07593685959563,15.075936859595629,43.07593685959563,-0.23445205008216596,2,TRAILING_STOP,Volume Spike + Direction
2024-07-18 22:15:00,2024-07-18 22:30:00,2024-07-18 23:00:00,LONG,64018.0,-3.6874004186322153,-11.687400418632215,16.312599581367785,-7.49789121809491,2,TRAILING_STOP,Volume Spike + Direction
2024-07-19 06:00:00,2024-07-19 06:15:00,2024-07-19 08:45:00,LONG,64408.01,-93.0024076197979,-101.0024076197979,0.0,-155.1049318244734,10,TIME_EXIT,Volume Spike + Direction
2024-07-19 12:45:00,2024-07-19 13:00:00,2024-07-19 13:30:00,LONG,64414.0,55.13894494985563,47.13894494985563,75.13894494985563,-63.4070233179123,2,TRAILING_STOP,Volume Spike + Direction
2024-07-19 16:00:00,2024-07-19 16:15:00,2024-07-19 17:15:00,LONG,66158.0,72.62825357477519,64.62825357477519,92.62825357477519,0.0,4,TRAILING_STOP,Volume Spike + Direction
2024-07-20 07:15:00,2024-07-20 07:30:00,2024-07-20 09:45:00,LONG,66679.67,-11.988562630859112,-19.988562630859114,8.011437369140888,-33.1195400337159,9,TRAILING_STOP,Volume Spike + Direction
2024-07-20 13:15:00,2024-07-20 13:30:00,2024-07-20 15:30:00,LONG,66557.76,21.203309726770442,13.203309726770442,41.20330972677044,-22.198763900708197,8,TRAILING_STOP,Volume Spike + Direction
2024-07-20 16:30:00,2024-07-20 16:45:00,2024-07-20 17:00:00,SHORT,66786.5,-26.331593959857155,-34.33159395985716,3.6684060401428433,-63.56074955267906,1,TRAILING_STOP,Volume Spike + Direction
2024-07-20 21:00:00,2024-07-20 21:15:00,2024-07-20 22:00:00,SHORT,67081.41,-5.222643650453026,-13.222643650453026,24.777356349546974,-32.58577898109126,3,TRAILING_STOP,Volume Spike + Direction
2024-07-21 06:15:00,2024-07-21 06:30:00,2024-07-21 08:00:00,SHORT,66800.0,1.1227544910170906,-6.877245508982909,31.12275449101709,-12.875748502993227,6,TRAILING_STOP,Volume Spike + Direction
2024-07-21 13:30:00,2024-07-21 13:45:00,2024-07-21 14:00:00,SHORT,66723.3,-23.810258185670836,-31.810258185670836,6.189741814329163,-45.36646119121762,1,TRAILING_STOP,Volume Spike + Direction
2024-07-21 16:45:00,2024-07-21 17:00:00,2024-07-21 19:30:00,LONG,67553.99,3.536729658751465,-4.463270341248535,23.536729658751465,-263.04737884468483,10,TRAILING_STOP,Volume Spike + Direction
2024-07-21 20:15:00,2024-07-21 20:30:00,2024-07-21 21:30:00,LONG,68124.5,5.471012631285966,-2.5289873687140343,25.471012631285966,-82.24647520348816,4,TRAILING_STOP,Volume Spike + Direction
2024-07-22 06:30:00,2024-07-22 06:45:00,2024-07-22 08:00:00,SHORT,67259.87,-14.854267485203978,-22.854267485203977,15.145732514796022,-22.618241753961858,5,TRAILING_STOP,Volume Spike + Direction
2024-07-22 13:30:00,2024-07-22 13:45:00,2024-07-22 14:00:00,SHORT,67424.01,30.51405130012214,22.51405130012214,60.51405130012214,0.0,1,TRAILING_STOP,Volume Spike + Direction
2024-07-22 19:45:00,2024-07-22 20:00:00,2024-07-22 22:30:00,LONG,68232.08,-89.96208235187932,-97.96208235187932,0.0,-106.9130532148522,10,TIME_EXIT,Volume Spike + Direction
2024-07-23 04:30:00,2024-07-23 04:45:00,2024-07-23 06:00:00,SHORT,67050.0,77.97912005965696,69.97912005965696,107.97912005965696,0.0,5,TRAILING_STOP,Volume Spike + Direction
2024-07-23 13:30:00,2024-07-23 13:45:00,2024-07-23 14:00:00,SHORT,66376.0,28.454863203567555,20.454863203567555,58.454863203567555,-12.992647945041163,1,TRAILING_STOP,Volume Spike + Direction
2024-07-24 08:00:00,2024-07-24 08:15:00,2024-07-24 09:00:00,LONG,66236.01,15.328214969470537,7.328214969470537,35.32821496947054,-9.315174630838587,3,TRAILING_STOP,Volume Spike + Direction
2024-07-24 13:30:00,2024-07-24 13:45:00,2024-07-24 14:30:00,LONG,66752.03,32.42986617785196,24.429866177851963,52.42986617785196,-70.30347990914937,3,TRAILING_STOP,Volume Spike + Direction
2024-07-24 21:30:00,2024-07-24 21:45:00,2024-07-24 23:00:00,SHORT,65410.63,15.80753923330159,7.80753923330159,45.80753923330159,-39.654105150798486,5,TRAILING_STOP,Volume Spike + Direction
2024-07-25 01:00:00,2024-07-25 01:15:00,2024-07-25 01:45:00,SHORT,64550.0,21.036405886909733,13.036405886909733,51.03640588690973,0.0,2,TRAILING_STOP,Volume Spike + Direction
2024-07-25 12:30:00,2024-07-25 12:45:00,2024-07-25 13:15:00,SHORT,63958.01,-21.485038386904293,-29.485038386904293,8.514961613095705,-52.22019884608635,2,TRAILING_STOP,Volume Spike + Direction
2024-07-26 01:00:00,2024-07-26 01:15:00,2024-07-26 02:45:00,LONG,66420.01,97.2809218185921,89.2809218185921,117.2809218185921,-34.07406894398126,6,TRAILING_STOP,Volume Spike + Direction
2024-07-26 07:45:00,2024-07-26 08:00:00,2024-07-26 10:30:00,SHORT,66890.56,-55.323202556533786,-63.323202556533786,0.0,-90.81102026952716,10,TIME_EXIT,Volume Spike + Direction
2024-07-26 13:30:00,2024-07-26 13:45:00,2024-07-26 14:00:00,LONG,67593.91,40.07789755023737,32.07789755023737,60.07789755023737,0.0,1,TRAILING_STOP,Volume Spike + Direction
2024-07-26 19:45:00,2024-07-26 20:00:00,2024-07-26 21:45:00,LONG,67990.0,10.886895131637008,2.886895131637008,30.886895131637008,-84.79188115899396,7,TRAILING_STOP,Volume Spike + Direction
2024-07-27 03:00:00,2024-07-27 03:15:00,2024-07-27 05:15:00,SHORT,67879.14,-14.36485789301328,-22.36485789301328,15.63514210698672,-17.51790019732181,8,TRAILING_STOP,Volume Spike + Direction
2024-07-27 06:45:00,2024-07-27 07:00:00,2024-07-27 07:45:00,LONG,68092.89,9.738787706029218,1.7387877060292176,29.738787706029218,-8.256368616459246,3,TRAILING_STOP,Volume Spike + Direction
2024-07-27 12:00:00,2024-07-27 12:15:00,2024-07-27 13:45:00,LONG,68363.57,129.42022483612112,121.42022483612112,149.42022483612112,-11.267697108271756,6,TRAILING_STOP,Volume Spike + Direction
2024-07-27 19:00:00,2024-07-27 19:15:00,2024-07-27 19:30:00,SHORT,68321.14,66.96266777749996,58.96266777749996,96.96266777749996,-46.89470930959281,1,TRAILING_STOP,Volume Spike + Direction
2024-07-28 05:00:00,2024-07-28 05:15:00,2024-07-28 07:45:00,SHORT,67278.0,-42.043461458426314,-50.043461458426314,0.0,-46.49662594013005,10,TIME_EXIT,Volume Spike + Direction
2024-07-28 10:15:00,2024-07-28 10:30:00,2024-07-28 11:45:00,LONG,67625.57,35.36811002110488,27.368110021104883,55.36811002110488,-9.696036573149325,5,TRAILING_STOP,Volume Spike + Direction
2024-07-28 18:30:00,2024-07-28 18:45:00,2024-07-28 21:15:00,SHORT,68181.64,29.865811382654428,21.865811382654428,55.736412324491475,-16.62617678307541,10,TIME_EXIT,Volume Spike + Direction
2024-07-29 00:00:00,2024-07-29 00:15:00,2024-07-29 00:30:00,LONG,68600.02,20.303195246881252,12.303195246881252,40.30319524688125,0.0,1,TRAILING_STOP,Volume Spike + Direction
2024-07-29 12:00:00,2024-07-29 12:15:00,2024-07-29 14:30:00,SHORT,69416.0,81.73072490492056,73.73072490492056,111.73072490492056,-95.6537397718113,9,TRAILING_STOP,Volume Spike + Direction
2024-07-29 14:45:00,2024-07-29 15:00:00,2024-07-29 15:15:00,SHORT,68228.01,52.02936008246441,44.02936008246441,82.02936008246441,0.0,1,TRAILING_STOP,Volume Spike + Direction
2024-07-29 23:00:00,2024-07-29 23:15:00,2024-07-30 00:15:00,SHORT,66728.0,99.78060184630141,91.78060184630141,129.7806018463014,-49.983515166047056,4,TRAILING_STOP,Volume Spike + Direction
2024-07-30 12:15:00,2024-07-30 12:30:00,2024-07-30 14:00:00,SHORT,66265.86,10.120206694669108,2.1202066946691076,40.12020669466911,-102.93988488189838,6,TRAILING_STOP,Volume Spike + Direction
2024-07-30 15:00:00,2024-07-30 15:15:00,2024-07-30 15:30:00,LONG,65884.0,38.285774998481386,30.285774998481386,58.285774998481386,0.0,1,TRAILING_STOP,Volume Spike + Direction
2024-07-30 20:00:00,2024-07-30 20:15:00,2024-07-30 22:45:00,SHORT,65706.0,-78.53164094603233,-86.53164094603233,0.0,-99.06096855690492,10,TIME_EXIT,Volume Spike + Direction
2024-07-31 04:30:00,2024-07-31 04:45:00,2024-07-31 05:30:00,SHORT,65684.7,-13.83337367758362,-21.83337367758362,16.16662632241638,-31.561383396741967,3,TRAILING_STOP,Volume Spike + Direction
2024-07-31 13:30:00,2024-07-31 13:45:00,2024-07-31 14:00:00,LONG,66702.62,-15.442457882462678,-23.442457882462676,4.557542117537322,-36.80964855653329,1,TRAILING_STOP,Volume Spike + Direction
2024-07-31 19:15:00,2024-07-31 19:30:00,2024-07-31 19:45:00,SHORT,65760.01,92.09091817352147,84.09091817352147,122.09091817352147,0.0,1,TRAILING_STOP,Volume Spike + Direction
2024-08-01 01:30:00,2024-08-01 01:45:00,2024-08-01 02:00:00,SHORT,64425.99,49.77836273839114,41.77836273839114,79.77836273839114,0.0,1,TRAILING_STOP,Volume Spike + Direction
2024-08-01 14:15:00,2024-08-01 14:30:00,2024-08-01 15:30:00,SHORT,64188.01,207.1065873517503,199.1065873517503,237.1065873517503,-15.267648895798452,4,TRAILING_STOP,Volume Spike + Direction
2024-08-02 02:15:00,2024-08-02 02:30:00,2024-08-02 05:00:00,SHORT,63970.02,-53.45785416355993,-61.45785416355993,0.0,-107.10485943259069,10,TIME_EXIT,Volume Spike + Direction
2024-08-02 12:30:00,2024-08-02 12:45:00,2024-08-02 15:15:00,SHORT,64356.01,268.82368406618133,260.82368406618133,298.82368406618133,-181.49043111902057,10,TRAILING_STOP,Volume Spike + Direction
2024-08-02 20:15:00,2024-08-02 20:30:00,2024-08-02 20:45:00,SHORT,62542.0,13.808960378625237,5.808960378625237,43.80896037862524,-21.32486968757037,1,TRAILING_STOP,Volume Spike + Direction
2024-08-03 00:45:00,2024-08-03 01:00:00,2024-08-03 01:15:00,SHORT,61132.01,47.86591672676917,39.86591672676917,77.86591672676917,-10.01602924556152,1,TRAILING_STOP,Volume Spike + Direction
2024-08-03 12:15:00,2024-08-03 12:30:00,2024-08-03 14:45:00,LONG,62126.0,-12.433119788815949,-20.43311978881595,7.566880211184051,-45.31275150500628,9,TRAILING_STOP,Volume Spike + Direction
2024-08-03 15:15:00,2024-08-03 15:30:00,2024-08-03 16:15:00,SHORT,61567.6,155.17531948622354,147.17531948622354,185.17531948622354,0.0,3,TRAILING_STOP,Volume Spike + Direction
2024-08-04 02:30:00,2024-08-04 02:45:00,2024-08-04 05:15:00,SHORT,60784.0,18.511450381678863,10.511450381678863,39.73085022374309,-19.47222953408801,10,TIME_EXIT,Volume Spike + Direction
2024-08-04 07:30:00,2024-08-04 07:45:00,2024-08-04 08:15:00,SHORT,60418.01,25.68538255397725,17.68538255397725,55.68538255397725,-13.015986458342374,2,TRAILING_STOP,Volume Spike + Direction
2024-08-04 14:00:00,2024-08-04 14:15:00,2024-08-04 14:45:00,SHORT,60495.5,164.80787827193757,156.80787827193757,194.80787827193757,0.0,2,TRAILING_STOP,Volume Spike + Direction
2024-08-04 17:00:00,2024-08-04 17:15:00,2024-08-04 17:30:00,SHORT,58332.01,177.30298853065497,169.30298853065497,207.30298853065497,0.0,1,TRAILING_STOP,Volume Spike + Direction
2024-08-05 00:15:00,2024-08-05 00:30:00,2024-08-05 00:45:00,SHORT,57409.99,267.6816404252985,259.6816404252985,297.6816404252985,0.0,1,TRAILING_STOP,Volume Spike + Direction
2024-08-05 06:00:00,2024-08-05 06:15:00,2024-08-05 06:30:00,SHORT,51606.13,281.22853040908075,273.22853040908075,311.22853040908075,0.0,1,TRAILING_STOP,Volume Spike + Direction
2024-08-05 12:30:00,2024-08-05 12:45:00,2024-08-05 13:30:00,LONG,50920.01,277.8770035591118,269.8770035591118,297.8770035591118,-259.25171656486333,3,TRAILING_STOP,Volume Spike + Direction
2024-08-06 00:15:00,2024-08-06 00:30:00,2024-08-06 01:00:00,LONG,55625.55,96.9336752625362,88.9336752625362,116.9336752625362,-13.989974031717386,2,TRAILING_STOP,Volume Spike + Direction
2024-08-06 08:30:00,2024-08-06 08:45:00,2024-08-06 09:00:00,SHORT,54936.01,30.76160245347321,22.76160245347321,60.76160245347321,-10.919977624876282,1,TRAILING_STOP,Volume Spike + Direction
2024-08-06 13:30:00,2024-08-06 13:45:00,2024-08-06 16:15:00,SHORT,54728.33,-297.77447987175896,-305.77447987175896,0.0,-372.87269682813235,10,TIME_EXIT,Volume Spike + Direction
2024-08-07 01:45:00,2024-08-07 02:00:00,2024-08-07 02:30:00,LONG,56965.99,36.52495462643588,28.52495462643588,56.52495462643588,-64.5981927111243,2,TRAILING_STOP,Volume Spike + Direction
2024-08-07 14:15:00,2024-08-07 14:30:00,2024-08-07 14:45:00,SHORT,56215.89,30.593188153740414,22.593188153740414,60.593188153740414,-39.19354474331043,1,TRAILING_STOP,Volume Spike + Direction
2024-08-08 01:15:00,2024-08-08 01:30:00,2024-08-08 04:00:00,SHORT,55629.02,-280.8623987983257,-288.8623987983257,0.0,-360.84403428282644,10,TIME_EXIT,Volume Spike + Direction
2024-08-08 12:30:00,2024-08-08 12:45:00,2024-08-08 13:15:00,LONG,58049.33,15.430210822415738,7.430210822415738,35.43021082241574,-64.42796152858267,2,TRAILING_STOP,Volume Spike + Direction
2024-08-08 21:30:00,2024-08-08 21:45:00,2024-08-08 22:00:00,LONG,60511.93,103.76071958042016,95.76071958042016,123.76071958042016,0.0,1,TRAILING_STOP,Volume Spike + Direction
2024-08-09 10:15:00,2024-08-09 10:30:00,2024-08-09 10:45:00,SHORT,60654.99,17.663019975767625,9.663019975767625,47.663019975767625,0.0,1,TRAILING_STOP,Volume Spike + Direction
2024-08-09 13:30:00,2024-08-09 13:45:00,2024-08-09 14:30:00,SHORT,59930.02,35.91354382995314,27.91354382995314,65.91354382995314,-197.74563732833792,3,TRAILING_STOP,Volume Spike + Direction
2024-08-09 21:00:00,2024-08-09 21:15:00,2024-08-09 21:45:00,SHORT,60165.02,-19.193056031561728,-27.193056031561728,10.806943968438272,-116.61759607160516,2,TRAILING_STOP,Volume Spike + Direction
2024-08-10 00:15:00,2024-08-10 00:30:00,2024-08-10 03:00:00,LONG,60976.0,-92.82176594069765,-100.82176594069765,0.0,-112.91163736552052,10,TIME_EXIT,Volume Spike + Direction
2024-08-10 09:30:00,2024-08-10 09:45:00,2024-08-10 10:15:00,LONG,60962.01,-12.042585210035766,-20.042585210035767,7.9574147899642345,-51.837201562087934,2,TRAILING_STOP,Volume Spike + Direction
2024-08-10 16:00:00,2024-08-10 16:15:00,2024-08-10 18:15:00,LONG,60600.0,78.45379537953752,70.45379537953752,98.45379537953752,-8.36468646864725,8,TRAILING_STOP,Volume Spike + Direction
2024-08-11 00:00:00,2024-08-11 00:15:00,2024-08-11 02:45:00,LONG,61198.84,-28.114911981991433,-36.11491198199143,0.0,-40.78018472245547,10,TIME_EXIT,Volume Spike + Direction
2024-08-11 03:15:00,2024-08-11 03:30:00,2024-08-11 06:00:00,LONG,61323.73,-33.87269495837927,-41.87269495837927,0.0,-72.13683838214058,10,TIME_EXIT,Volume Spike + Direction
2024-08-11 09:15:00,2024-08-11 09:30:00,2024-08-11 12:00:00,LONG,61420.67,-182.41741745897568,-190.41741745897568,0.0,-182.62093200871928,10,TIME_EXIT,Volume Spike + Direction
2024-08-11 15:00:00,2024-08-11 15:15:00,2024-08-11 16:15:00,SHORT,60200.0,5.548172757475079,-2.451827242524921,35.54817275747508,-35.2541528239208,4,TRAILING_STOP,Volume Spike + Direction
2024-08-11 19:15:00,2024-08-11 19:30:00,2024-08-11 20:00:00,SHORT,59660.55,121.67644280852312,113.67644280852312,151.67644280852312,-32.00942666468779,2,TRAILING_STOP,Volume Spike + Direction
2024-08-12 07:15:00,2024-08-12 07:30:00,2024-08-12 07:45:00,LONG,58340.99,59.95579094561151,51.95579094561151,79.95579094561151,0.0,1,TRAILING_STOP,Volume Spike + Direction
2024-08-12 11:00:00,2024-08-12 11:15:00,2024-08-12 11:30:00,LONG,59317.82,71.68408414199959,63.68408414199959,91.68408414199959,0.0,1,TRAILING_STOP,Volume Spike + Direction
2024-08-12 13:45:00,2024-08-12 14:00:00,2024-08-12 16:30:00,SHORT,58157.55,-284.19353978976,-292.19353978976,0.0,-439.072828893238,10,TIME_EXIT,Volume Spike + Direction
2024-08-13 02:15:00,2024-08-13 02:30:00,2024-08-13 05:00:00,LONG,59584.21,-67.16376704499436,-75.16376704499436,0.0,-126.54023607932302,10,TIME_EXIT,Volume Spike + Direction
2024-08-13 10:15:00,2024-08-13 10:30:00,2024-08-13 11:30:00,SHORT,58714.01,-4.4490284346097155,-12.449028434609716,25.550971565390284,-32.35854611190719,4,TRAILING_STOP,Volume Spike + Direction
2024-08-13 16:15:00,2024-08-13 16:30:00,2024-08-13 17:15:00,LONG,59896.45,243.1691861537705,235.1691861537705,263.1691861537705,0.0,3,TRAILING_STOP,Volume Spike + Direction
2024-08-14 03:30:00,2024-08-14 03:45:00,2024-08-14 04:45:00,LONG,61112.69,-11.898572947779789,-19.89857294777979,8.101427052220211,-35.61780703811361,4,TRAILING_STOP,Volume Spike + Direction
2024-08-14 10:00:00,2024-08-14 10:15:00,2024-08-14 10:45:00,LONG,61022.01,29.705016271997216,21.705016271997216,49.705016271997216,0.0,2,TRAILING_STOP,Volume Spike + Direction
2024-08-14 13:30:00,2024-08-14 13:45:00,2024-08-14 14:00:00,SHORT,60148.87,190.3449541113583,182.3449541113583,220.3449541113583,0.0,1,TRAILING_STOP,Volume Spike + Direction
2024-08-14 22:00:00,2024-08-14 22:15:00,2024-08-15 00:15:00,SHORT,58755.02,-16.178202305096804,-24.178202305096804,13.821797694903198,-45.52462070475054,8,TRAILING_STOP,Volume Spike + Direction
2024-08-15 01:45:00,2024-08-15 02:00:00,2024-08-15 04:30:00,SHORT,58204.93,-1.1218980935118101,-9.12189809351181,7.719277387671507,-61.45183921705606,10,TIME_EXIT,Volume Spike + Direction
2024-08-15 12:30:00,2024-08-15 12:45:00,2024-08-15 13:30:00,LONG,59181.09,30.000768826664654,22.000768826664654,50.000768826664654,-109.6076466317194,3,TRAILING_STOP,Volume Spike + Direction
2024-08-15 18:00:00,2024-08-15 18:15:00,2024-08-15 18:30:00,SHORT,57907.2,32.73313163129919,24.733131631299187,62.73313163129919,-16.206965627764045,1,TRAILING_STOP,Volume Spike + Direction
2024-08-16 02:30:00,2024-08-16 02:45:00,2024-08-16 03:00:00,LONG,58135.3,-2.4530018766575985,-10.453001876657599,17.5469981233424,-9.403924981896632,1,TRAILING_STOP,Volume Spike + Direction
2024-08-16 12:15:00,2024-08-16 12:30:00,2024-08-16 13:00:00,SHORT,58122.56,41.085994835739896,33.085994835739896,71.0859948357399,-0.6314243557072383,2,TRAILING_STOP,Volume Spike + Direction
2024-08-17 13:15:00,2024-08-17 13:30:00,2024-08-17 14:15:00,LONG,59405.64,-15.89937925085891,-23.89937925085891,4.100620749141089,-25.507679068855893,3,TRAILING_STOP,Volume Spike + Direction
2024-08-18 00:30:00,2024-08-18 00:45:00,2024-08-18 02:45:00,LONG,59694.03,74.64598051094946,66.64598051094946,94.64598051094946,-50.4120763835178,8,TRAILING_STOP,Volume Spike + Direction
2024-08-18 09:45:00,2024-08-18 10:00:00,2024-08-18 10:45:00,LONG,59880.01,33.438534829903666,25.438534829903666,53.438534829903666,-8.967934374093185,3,TRAILING_STOP,Volume Spike + Direction
2024-08-18 17:15:00,2024-08-18 17:30:00,2024-08-18 18:30:00,SHORT,59433.99,-25.84244638463628,-33.842446384636276,4.157553615363722,-31.964873971948244,4,TRAILING_STOP,Volume Spike + Direction
2024-08-18 21:45:00,2024-08-18 22:00:00,2024-08-19 00:00:00,SHORT,59439.33,170.0729146846038,162.0729146846038,200.0729146846038,-23.309482122358315,8,TRAILING_STOP,Volume Spike + Direction
2024-08-19 01:00:00,2024-08-19 01:15:00,2024-08-19 02:00:00,LONG,58474.63,6.570497325079717,-1.4295026749202826,26.570497325079717,-9.599034658277851,3,TRAILING_STOP,Volume Spike + Direction
2024-08-19 08:00:00,2024-08-19 08:15:00,2024-08-19 09:45:00,LONG,58544.83,1.615913821937074,-6.384086178062926,21.615913821937074,-98.93785668179466,6,TRAILING_STOP,Volume Spike + Direction
2024-08-19 11:45:00,2024-08-19 12:00:00,2024-08-19 13:15:00,LONG,58396.94,69.59544798066459,61.59544798066459,89.59544798066459,-22.764891448079698,5,TRAILING_STOP,Volume Spike + Direction
2024-08-19 17:30:00,2024-08-19 17:45:00,2024-08-19 18:00:00,LONG,59017.63,-15.531843620287257,-23.531843620287255,4.4681563797127435,-47.57561426983748,1,TRAILING_STOP,Volume Spike + Direction
2024-08-19 23:15:00,2024-08-19 23:30:00,2024-08-19 23:45:00,LONG,59346.47,25.69100740111353,17.69100740111353,45.69100740111353,0.0,1,TRAILING_STOP,Volume Spike + Direction
2024-08-20 05:15:00,2024-08-20 05:30:00,2024-08-20 06:00:00,LONG,61132.01,-17.634627096344595,-25.634627096344595,2.365372903655405,-30.461946204615415,2,TRAILING_STOP,Volume Spike + Direction
2024-08-20 11:15:00,2024-08-20 11:30:00,2024-08-20 13:00:00,LONG,60638.13,-1.1801584250697346,-9.180158425069735,18.819841574930265,-35.865222097052786,6,TRAILING_STOP,Volume Spike + Direction
2024-08-20 14:00:00,2024-08-20 14:15:00,2024-08-20 15:00:00,SHORT,60388.01,252.8376030274884,244.8376030274884,282.8376030274884,0.0,3,TRAILING_STOP,Volume Spike + Direction
2024-08-20 21:00:00,2024-08-20 21:15:00,2024-08-20 23:45:00,SHORT,59053.29,6.687180341687645,-1.312819658312355,10.241597038878478,-83.35183357269361,10,TIME_EXIT,Volume Spike + Direction
2024-08-21 06:15:00,2024-08-21 06:30:00,2024-08-21 07:00:00,LONG,59671.99,-10.307010039383002,-18.307010039383,9.692989960616998,-18.097268081724433,2,TRAILING_STOP,Volume Spike + Direction
2024-08-21 09:15:00,2024-08-21 09:30:00,2024-08-21 10:00:00,SHORT,59172.53,-28.79335901304213,-36.793359013042135,1.20664098695787,-33.19952687505577,2,TRAILING_STOP,Volume Spike + Direction
2024-08-21 13:30:00,2024-08-21 13:45:00,2024-08-21 16:15:00,SHORT,59035.64,-95.01717945295458,-103.01717945295458,0.0,-197.56540286511736,10,TIME_EXIT,Volume Spike + Direction
2024-08-21 19:30:00,2024-08-21 19:45:00,2024-08-21 20:00:00,LONG,61186.14,83.74735193297059,75.74735193297059,103.74735193297059,0.0,1,TRAILING_STOP,Volume Spike + Direction
2024-08-22 02:45:00,2024-08-22 03:00:00,2024-08-22 05:30:00,SHORT,60186.49,-79.15729925436847,-87.15729925436847,0.0,-110.24234840742534,10,TIME_EXIT,Volume Spike + Direction
2024-08-22 07:45:00,2024-08-22 08:00:00,2024-08-22 08:30:00,LONG,60984.31,0.9381724578014143,-7.061827542198586,20.938172457801414,-20.031381842312594,2,TRAILING_STOP,Volume Spike + Direction
2024-08-22 12:30:00,2024-08-22 12:45:00,2024-08-22 13:45:00,SHORT,60875.89,49.05428569504281,41.05428569504281,79.05428569504281,-9.550579055189077,4,TRAILING_STOP,Volume Spike + Direction
2024-08-23 00:30:00,2024-08-23 00:45:00,2024-08-23 01:15:00,LONG,60809.21,-12.343265107374743,-20.34326510737474,7.656734892625257,-20.26173337887454,2,TRAILING_STOP,Volume Spike + Direction
2024-08-23 06:45:00,2024-08-23 07:00:00,2024-08-23 09:30:00,LONG,61189.59,4.183852187929876,-3.816147812070124,24.183852187929876,-41.121373750011294,10,TRAILING_STOP,Volume Spike + Direction
2024-08-23 11:00:00,2024-08-23 11:15:00,2024-08-23 12:30:00,SHORT,60903.75,4.914106274244098,-3.085893725755902,34.9141062742441,-11.854770847443234,5,TRAILING_STOP,Volume Spike + Direction
2024-08-23 13:45:00,2024-08-23 14:00:00,2024-08-23 14:15:00,LONG,61119.99,176.3956473160422,168.3956473160422,196.3956473160422,0.0,1,TRAILING_STOP,Volume Spike + Direction
2024-08-23 17:45:00,2024-08-23 18:00:00,2024-08-23 18:15:00,LONG,62999.88,36.906457599602106,28.906457599602106,56.906457599602106,-15.527013702248276,1,TRAILING_STOP,Volume Spike + Direction
2024-08-23 21:15:00,2024-08-23 21:30:00,2024-08-23 22:30:00,LONG,64264.01,87.52363570216019,79.52363570216019,107.52363570216019,-9.386280127866236,4,TRAILING_STOP,Volume Spike + Direction
2024-08-24 06:30:00,2024-08-24 06:45:00,2024-08-24 08:00:00,LONG,64197.39,0.9681421627889506,-7.031857837211049,20.96814216278895,-23.270416445279068,5,TRAILING_STOP,Volume Spike + Direction
2024-08-24 18:15:00,2024-08-24 18:30:00,2024-08-24 21:00:00,LONG,64400.0,-50.931677018633536,-58.931677018633536,0.0,-70.8835403726705,10,TIME_EXIT,Volume Spike + Direction
2024-08-24 21:45:00,2024-08-24 22:00:00,2024-08-25 00:30:00,SHORT,63612.36,-97.40874257770022,-105.40874257770022,0.0,-140.64562295755104,10,TIME_EXIT,Volume Spike + Direction
2024-08-25 03:45:00,2024-08-25 04:00:00,2024-08-25 06:15:00,LONG,64101.01,-5.18120073303089,-13.18120073303089,14.81879926696911,-15.757942035547028,9,TRAILING_STOP,Volume Spike + Direction
2024-08-25 13:15:00,2024-08-25 13:30:00,2024-08-25 15:45:00,LONG,64069.2,14.150574691115686,6.150574691115686,34.150574691115686,-13.688324499134856,9,TRAILING_STOP,Volume Spike + Direction
2024-08-25 21:15:00,2024-08-25 21:30:00,2024-08-25 22:15:00,LONG,64466.0,3.2680792976142463,-4.731920702385754,23.268079297614246,-28.988924394253928,3,TRAILING_STOP,Volume Spike + Direction
2024-08-26 06:30:00,2024-08-26 06:45:00,2024-08-26 09:15:00,LONG,63871.2,-41.20793096105867,-49.20793096105867,0.0,-55.82328185473197,10,TIME_EXIT,Volume Spike + Direction
2024-08-26 09:30:00,2024-08-26 09:45:00,2024-08-26 10:45:00,LONG,63643.01,42.251926802329905,34.251926802329905,62.251926802329905,0.0,4,TRAILING_STOP,Volume Spike + Direction
2024-08-26 14:30:00,2024-08-26 14:45:00,2024-08-26 15:15:00,SHORT,63272.13,3.368562114156326,-4.631437885843674,33.368562114156326,-36.11068570000776,2,TRAILING_STOP,Volume Spike + Direction
2024-08-26 21:15:00,2024-08-26 21:30:00,2024-08-26 23:15:00,SHORT,62987.0,-14.320574086715983,-22.320574086715983,15.679425913284017,-46.51753536444028,7,TRAILING_STOP,Volume Spike + Direction
2024-08-27 01:00:00,2024-08-27 01:15:00,2024-08-27 01:30:00,LONG,62971.66,18.16637515987295,10.166375159872949,38.16637515987295,0.0,1,TRAILING_STOP,Volume Spike + Direction
2024-08-27 06:30:00,2024-08-27 06:45:00,2024-08-27 09:15:00,SHORT,62753.0,-21.5541886443676,-29.5541886443676,8.445811355632399,-39.36066801587175,10,TRAILING_STOP,Volume Spike + Direction
2024-08-27 09:30:00,2024-08-27 09:45:00,2024-08-27 11:15:00,SHORT,62630.99,34.02421548821087,26.02421548821087,64.02421548821087,-7.823602979930542,6,TRAILING_STOP,Volume Spike + Direction
2024-08-27 12:30:00,2024-08-27 12:45:00,2024-08-27 13:15:00,SHORT,62268.62,-19.888968151213383,-27.888968151213383,10.111031848786617,-32.13817810640341,2,TRAILING_STOP,Volume Spike + Direction
2024-08-27 15:30:00,2024-08-27 15:45:00,2024-08-27 16:00:00,SHORT,61677.0,-13.624365646837557,-21.624365646837557,16.375634353162443,-30.805648783176874,1,TRAILING_STOP,Volume Spike + Direction
2024-08-27 21:15:00,2024-08-27 21:30:00,2024-08-27 21:45:00,SHORT,61422.44,201.58311522629225,193.58311522629225,231.58311522629225,0.0,1,TRAILING_STOP,Volume Spike + Direction
2024-08-28 04:45:00,2024-08-28 05:00:00,2024-08-28 07:30:00,SHORT,59325.33,81.80654030917312,73.80654030917312,92.42763588504299,-27.17389014102393,10,TIME_EXIT,Volume Spike + Direction
2024-08-28 07:30:00,2024-08-28 07:45:00,2024-08-28 08:00:00,SHORT,58840.01,21.947645828068943,13.947645828068943,51.94764582806894,-12.612166449325743,1,TRAILING_STOP,Volume Spike + Direction
2024-08-28 13:45:00,2024-08-28 14:00:00,2024-08-28 14:45:00,SHORT,59334.0,38.763272322782896,30.763272322782896,68.7632723227829,-100.20898641588326,3,TRAILING_STOP,Volume Spike + Direction
2024-08-29 06:30:00,2024-08-29 06:45:00,2024-08-29 07:15:00,LONG,59663.34,-16.535561032954988,-24.535561032954988,3.464438967045011,-27.438960004585585,2,TRAILING_STOP,Volume Spike + Direction
2024-08-29 11:15:00,2024-08-29 11:30:00,2024-08-29 11:45:00,LONG,59961.1,66.03911535979184,58.039115359791836,86.03911535979184,0.0,1,TRAILING_STOP,Volume Spike + Direction
2024-08-29 22:00:00,2024-08-29 22:15:00,2024-08-29 23:00:00,SHORT,59114.0,-29.661670670230404,-37.66167067023041,0.33832932976959773,-40.09202557769733,3,TRAILING_STOP,Volume Spike + Direction
2024-08-30 01:15:00,2024-08-30 01:30:00,2024-08-30 04:00:00,SHORT,59066.01,-1.843366430201577,-9.843366430201577,28.156633569798423,-46.556386659603035,10,TRAILING_STOP,Volume Spike + Direction
2024-08-30 05:00:00,2024-08-30 05:15:00,2024-08-30 06:00:00,SHORT,58869.99,-1.975534563536371,-9.975534563536371,28.02446543646363,-14.608461798617599,3,TRAILING_STOP,Volume Spike + Direction
2024-08-30 12:30:00,2024-08-30 12:45:00,2024-08-30 14:00:00,LONG,59688.0,3.790376625117279,-4.209623374882721,23.79037662511728,-131.852298619488,5,TRAILING_STOP,Volume Spike + Direction
2024-08-30 15:30:00,2024-08-30 15:45:00,2024-08-30 16:15:00,LONG,58212.54,20.785026731353454,12.785026731353454,40.785026731353454,-87.85735856913344,2,TRAILING_STOP,Volume Spike + Direction
2024-08-31 00:15:00,2024-08-31 00:30:00,2024-08-31 00:45:00,LONG,59374.5,-17.55787417157197,-25.55787417157197,2.4421258284280287,-25.85116506244229,1,TRAILING_STOP,Volume Spike + Direction
2024-08-31 08:45:00,2024-08-31 09:00:00,2024-08-31 10:15:00,SHORT,58985.01,-4.039166900199788,-12.039166900199788,25.96083309980021,-12.67610194522249,5,TRAILING_STOP,Volume Spike + Direction
2024-08-31 13:45:00,2024-08-31 14:00:00,2024-08-31 16:30:00,SHORT,58955.0,-1.8658298702400136,-9.865829870240013,0.8684589941485232,-36.48715121703004,10,TIME_EXIT,Volume Spike + Direction
2024-08-31 17:45:00,2024-08-31 18:00:00,2024-08-31 18:30:00,LONG,59013.17,-1.7108621685633416,-9.710862168563342,18.28913783143666,-3.9262422269466724,2,TRAILING_STOP,Volume Spike + Direction
2024-09-01 02:00:00,2024-09-01 02:15:00,2024-09-01 02:30:00,SHORT,58620.01,28.683033319168658,20.683033319168658,58.68303331916866,0.0,1,TRAILING_STOP,Volume Spike + Direction
2024-09-01 05:15:00,2024-09-01 05:30:00,2024-09-01 06:00:00,SHORT,58036.03,-6.5611121229348655,-14.561112122934865,23.438887877065135,-30.624079558853904,2,TRAILING_STOP,Volume Spike + Direction
2024-09-01 13:45:00,2024-09-01 14:00:00,2024-09-01 15:45:00,LONG,58175.0,11.865921787709045,3.865921787709045,31.865921787709045,-120.99355393210098,7,TRAILING_STOP,Volume Spike + Direction
2024-09-01 22:15:00,2024-09-01 22:30:00,2024-09-02 00:00:00,SHORT,57518.01,24.419476612630035,16.419476612630035,54.419476612630035,-44.001870022971325,6,TRAILING_STOP,Volume Spike + Direction
2024-09-02 08:15:00,2024-09-02 08:30:00,2024-09-02 08:45:00,LONG,58161.09,-4.6288988050255835,-12.628898805025583,15.371101194974417,-18.412653545522705,1,TRAILING_STOP,Volume Spike + Direction
2024-09-02 14:30:00,2024-09-02 14:45:00,2024-09-02 15:15:00,LONG,58590.01,2.8690863852042305,-5.1309136147957695,22.86908638520423,-18.622628669973018,2,TRAILING_STOP,Volume Spike + Direction
2024-09-02 20:45:00,2024-09-02 21:00:00,2024-09-02 21:30:00,LONG,58992.01,27.855633330682863,19.855633330682863,47.85563333068286,0.0,2,TRAILING_STOP,Volume Spike + Direction
2024-09-03 02:00:00,2024-09-03 02:15:00,2024-09-03 04:45:00,LONG,59763.99,-111.26767138539377,-119.26767138539377,0.0,-127.16687757962613,10,TIME_EXIT,Volume Spike + Direction
2024-09-03 05:00:00,2024-09-03 05:15:00,2024-09-03 07:45:00,LONG,59247.99,-22.952677381966538,-30.952677381966538,0.0,-63.46038068126834,10,TIME_EXIT,Volume Spike + Direction
2024-09-03 08:30:00,2024-09-03 08:45:00,2024-09-03 10:15:00,SHORT,58788.01,-29.14778540726212,-37.14778540726212,0.8522145927378793,-69.33726792248883,6,TRAILING_STOP,Volume Spike + Direction
2024-09-03 13:30:00,2024-09-03 13:45:00,2024-09-03 14:15:00,SHORT,58628.25,117.90651264535467,109.90651264535467,147.90651264535467,0.0,2,TRAILING_STOP,Volume Spike + Direction
2024-09-03 23:45:00,2024-09-04 00:00:00,2024-09-04 01:00:00,SHORT,57487.74,297.3289226537689,289.3289226537689,327.3289226537689,-79.28473097046448,4,TRAILING_STOP,Volume Spike + Direction
2024-09-04 06:15:00,2024-09-04 06:30:00,2024-09-04 06:45:00,LONG,56496.16,-14.364218736282872,-22.364218736282872,5.635781263717128,-44.266725384522374,1,TRAILING_STOP,Volume Spike + Direction
2024-09-04 13:30:00,2024-09-04 13:45:00,2024-09-04 14:00:00,SHORT,56415.0,10.30665603119727,2.306656031197271,40.30665603119727,-57.96330763094921,1,TRAILING_STOP,Volume Spike + Direction
2024-09-05 00:30:00,2024-09-05 00:45:00,2024-09-05 01:30:00,SHORT,58079.99,-8.574376476305343,-16.574376476305343,21.425623523694657,-29.099522916584878,3,TRAILING_STOP,Volume Spike + Direction
2024-09-05 03:15:00,2024-09-05 03:30:00,2024-09-05 04:00:00,SHORT,57085.7,-27.950449937550545,-35.950449937550545,2.049550062449456,-32.63514330208842,2,TRAILING_STOP,Volume Spike + Direction
2024-09-05 06:15:00,2024-09-05 06:30:00,2024-09-05 07:00:00,SHORT,56852.0,-26.323788081333735,-34.32378808133373,3.676211918666266,-62.266938718075004,2,TRAILING_STOP,Volume Spike + Direction
2024-09-05 12:00:00,2024-09-05 12:15:00,2024-09-05 13:30:00,LONG,56843.0,35.55829213799372,27.558292137993718,55.55829213799372,-69.66381084742149,5,TRAILING_STOP,Volume Spike + Direction
2024-09-05 14:45:00,2024-09-05 15:00:00,2024-09-05 16:00:00,SHORT,56558.0,100.92577531030057,92.92577531030057,130.92577531030057,-11.156688708935702,4,TRAILING_STOP,Volume Spike + Direction
2024-09-05 21:30:00,2024-09-05 21:45:00,2024-09-05 22:15:00,SHORT,56127.0,31.289575427156265,23.289575427156265,61.289575427156265,-17.905820727991873,2,TRAILING_STOP,Volume Spike + Direction
2024-09-06 01:30:00,2024-09-06 01:45:00,2024-09-06 02:45:00,LONG,56501.01,43.33869075968648,35.33869075968648,63.33869075968648,-0.2017663047084323,4,TRAILING_STOP,Volume Spike + Direction
2024-09-06 07:15:00,2024-09-06 07:30:00,2024-09-06 10:00:00,SHORT,55567.99,-70.12670424105683,-78.12670424105683,0.0,-76.84280104427027,10,TIME_EXIT,Volume Spike + Direction
2024-09-06 12:30:00,2024-09-06 12:45:00,2024-09-06 13:15:00,LONG,56500.01,69.90971860004944,61.909718600049445,89.90971860004944,0.0,2,TRAILING_STOP,Volume Spike + Direction
2024-09-06 15:15:00,2024-09-06 15:30:00,2024-09-06 16:15:00,SHORT,54205.59,35.39731418844403,27.397314188444028,65.39731418844403,-40.66185793753071,3,TRAILING_STOP,Volume Spike + Direction
2024-09-06 20:30:00,2024-09-06 20:45:00,2024-09-06 21:00:00,SHORT,53404.42,129.99050265876838,121.99050265876838,159.99050265876838,0.0,1,TRAILING_STOP,Volume Spike + Direction
2024-09-07 05:00:00,2024-09-07 05:15:00,2024-09-07 07:15:00,LONG,54290.0,1.2506907349424594,-6.749309265057541,21.25069073494246,-48.2188248296185,8,TRAILING_STOP,Volume Spike + Direction
2024-09-07 16:30:00,2024-09-07 16:45:00,2024-09-07 18:15:00,SHORT,54505.0,62.652050270617366,54.652050270617366,92.65205027061737,-5.636180166957374,6,TRAILING_STOP,Volume Spike + Direction
2024-09-08 02:15:00,2024-09-08 02:30:00,2024-09-08 05:00:00,LONG,54477.0,3.4877104098977547,-4.512289590102245,17.989243166841053,-38.57040585935397,10,TIME_EXIT,Volume Spike + Direction
2024-09-08 06:30:00,2024-09-08 06:45:00,2024-09-08 07:00:00,SHORT,54321.31,-24.604327472957173,-32.60432747295717,5.395672527042826,-37.311324045756685,1,TRAILING_STOP,Volume Spike + Direction
2024-09-08 12:45:00,2024-09-08 13:00:00,2024-09-08 13:45:00,SHORT,54194.71,-22.325819254315316,-30.325819254315316,7.674180745684683,-37.69556106121813,3,TRAILING_STOP,Volume Spike + Direction
2024-09-08 15:45:00,2024-09-08 16:00:00,2024-09-08 18:30:00,SHORT,53686.99,-135.41455760511067,-143.41455760511067,0.0,-157.2280360660936,10,TIME_EXIT,Volume Spike + Direction
2024-09-08 21:15:00,2024-09-08 21:30:00,2024-09-09 00:00:00,SHORT,54360.92,-107.25719873762345,-115.25719873762345,0.0,-176.0603021435255,10,TIME_EXIT,Volume Spike + Direction
2024-09-09 01:00:00,2024-09-09 01:15:00,2024-09-09 01:45:00,LONG,55166.0,4.288511039407961,-3.711488960592039,24.28851103940796,-48.01870717470932,2,TRAILING_STOP,Volume Spike + Direction
2024-09-09 09:00:00,2024-09-09 09:15:00,2024-09-09 09:30:00,LONG,55342.5,-15.979581695803407,-23.979581695803407,4.0204183041965935,-20.960383069069884,1,TRAILING_STOP,Volume Spike + Direction
2024-09-09 13:15:00,2024-09-09 13:30:00,2024-09-09 13:45:00,LONG,55408.0,50.567427086341326,42.567427086341326,70.56742708634133,-1.4438348252959863,1,TRAILING_STOP,Volume Spike + Direction
2024-09-09 16:00:00,2024-09-09 16:15:00,2024-09-09 17:00:00,LONG,55921.09,122.8638104157132,114.8638104157132,142.8638104157132,0.0,3,TRAILING_STOP,Volume Spike + Direction
2024-09-09 21:15:00,2024-09-09 21:30:00,2024-09-10 00:00:00,LONG,57671.99,-161.9486339902608,-169.9486339902608,0.0,-161.9486339902608,10,TIME_EXIT,Volume Spike + Direction
2024-09-10 07:15:00,2024-09-10 07:30:00,2024-09-10 08:30:00,LONG,57100.0,28.686514886164623,20.686514886164623,48.68651488616462,0.0,4,TRAILING_STOP,Volume Spike + Direction
2024-09-10 13:00:00,2024-09-10 13:15:00,2024-09-10 13:30:00,SHORT,56928.0,22.248454187746333,14.248454187746333,52.24845418774633,-12.515809443507589,1,TRAILING_STOP,Volume Spike + Direction
2024-09-11 01:30:00,2024-09-11 01:45:00,2024-09-11 02:00:00,SHORT,57108.01,41.98289697014512,33.98289697014512,71.98289697014512,0.0,1,TRAILING_STOP,Volume Spike + Direction
2024-09-11 04:15:00,2024-09-11 04:30:00,2024-09-11 04:45:00,SHORT,56500.0,13.89380530973451,5.8938053097345104,43.89380530973451,-12.576991150442066,1,TRAILING_STOP,Volume Spike + Direction
2024-09-11 10:15:00,2024-09-11 10:30:00,2024-09-11 11:00:00,SHORT,56523.99,-9.64581056645229,-17.64581056645229,20.35418943354771,-37.154135792608066,2,TRAILING_STOP,Volume Spike + Direction
2024-09-11 13:30:00,2024-09-11 13:45:00,2024-09-11 14:15:00,SHORT,56413.63,108.36017997778214,100.36017997778214,138.36017997778214,0.0,2,TRAILING_STOP,Volume Spike + Direction
2024-09-12 00:15:00,2024-09-12 00:30:00,2024-09-12 00:45:00,LONG,57621.1,27.706482521159685,19.706482521159685,47.706482521159685,-3.9655612267031604,1,TRAILING_STOP,Volume Spike + Direction
2024-09-12 05:45:00,2024-09-12 06:00:00,2024-09-12 07:15:00,SHORT,57968.01,-7.275397240649937,-15.275397240649937,22.724602759350063,-21.044365676861766,5,TRAILING_STOP,Volume Spike + Direction
2024-09-12 12:30:00,2024-09-12 12:45:00,2024-09-12 13:45:00,SHORT,57799.97,48.6747813190903,40.6747813190903,78.6747813190903,-13.152255961377973,4,TRAILING_STOP,Volume Spike + Direction
2024-09-12 19:15:00,2024-09-12 19:30:00,2024-09-12 22:00:00,SHORT,58258.49,51.94342146526617,43.94342146526617,81.94342146526617,-24.290021935000727,10,TRAILING_STOP,Volume Spike + Direction
2024-09-13 03:30:00,2024-09-13 03:45:00,2024-09-13 05:30:00,SHORT,57903.36,-12.842101045604515,-20.842101045604515,17.157898954395485,-20.988419324888717,7,TRAILING_STOP,Volume Spike + Direction
2024-09-13 09:15:00,2024-09-13 09:30:00,2024-09-13 11:15:00,LONG,58112.01,20.953668613423964,12.953668613423964,40.953668613423964,-13.92139077619264,7,TRAILING_STOP,Volume Spike + Direction
2024-09-13 12:15:00,2024-09-13 12:30:00,2024-09-13 13:30:00,SHORT,57701.12,-27.495715854388205,-35.49571585438821,2.504284145611795,-69.12864083054149,4,TRAILING_STOP,Volume Spike + Direction
2024-09-13 15:15:00,2024-09-13 15:30:00,2024-09-13 16:00:00,LONG,59034.36,109.13496478999627,101.13496478999627,129.13496478999627,0.0,2,TRAILING_STOP,Volume Spike + Direction
2024-09-13 21:00:00,2024-09-13 21:15:00,2024-09-13 22:15:00,LONG,60084.01,65.8780896947454,57.8780896947454,85.8780896947454,0.0,4,TRAILING_STOP,Volume Spike + Direction
2024-09-14 05:15:00,2024-09-14 05:30:00,2024-09-14 07:15:00,SHORT,60102.0,3.6095304648763786,-4.390469535123621,33.60953046487638,-6.9182389937109825,7,TRAILING_STOP,Volume Spike + Direction
2024-09-14 18:00:00,2024-09-14 18:15:00,2024-09-14 20:45:00,SHORT,59629.99,-66.077488860891,-74.077488860891,0.0,-84.54470644720875,10,TIME_EXIT,Volume Spike + Direction
2024-09-15 01:15:00,2024-09-15 01:30:00,2024-09-15 04:00:00,LONG,60189.0,0.8323780092711355,-7.167621990728865,13.102061838542022,-12.128462011330974,10,TIME_EXIT,Volume Spike + Direction
2024-09-15 04:15:00,2024-09-15 04:30:00,2024-09-15 07:00:00,SHORT,60135.78,-0.7034081872727354,-8.703408187272736,7.612772296293294,-13.155229715154702,10,TIME_EXIT,Volume Spike + Direction
2024-09-15 10:30:00,2024-09-15 10:45:00,2024-09-15 13:15:00,LONG,60002.09,38.14630790360914,30.14630790360914,58.14630790360914,-18.014372499357357,10,TRAILING_STOP,Volume Spike + Direction
2024-09-15 16:00:00,2024-09-15 16:15:00,2024-09-15 17:15:00,SHORT,60171.54,47.18931574628124,39.18931574628124,77.18931574628124,0.0,4,TRAILING_STOP,Volume Spike + Direction
2024-09-15 18:45:00,2024-09-15 19:00:00,2024-09-15 19:15:00,LONG,59971.09,-4.84102923591959,-12.84102923591959,15.15897076408041,-26.527781969611777,1,TRAILING_STOP,Volume Spike + Direction
2024-09-15 22:00:00,2024-09-15 22:15:00,2024-09-15 23:15:00,SHORT,59427.99,94.00554015035594,86.00554015035594,124.00554015035594,-9.424851824872764,4,TRAILING_STOP,Volume Spike + Direction
2024-09-16 13:30:00,2024-09-16 13:45:00,2024-09-16 14:30:00,SHORT,58094.0,57.5012910111202,49.5012910111202,87.5012910111202,-80.29056356938794,3,TRAILING_STOP,Volume Spike + Direction
2024-09-17 00:45:00,2024-09-17 01:00:00,2024-09-17 03:30:00,SHORT,57630.01,-86.94949037836302,-94.94949037836302,0.0,-100.83114682784134,10,TIME_EXIT,Volume Spike + Direction
2024-09-17 05:45:00,2024-09-17 06:00:00,2024-09-17 08:15:00,LONG,58642.62,15.02230971262835,7.022309712628349,35.02230971262835,-32.84641784422364,9,TRAILING_STOP,Volume Spike + Direction
2024-09-17 09:45:00,2024-09-17 10:00:00,2024-09-17 11:00:00,LONG,58966.47,36.56265331806344,28.56265331806344,56.56265331806344,0.0,4,TRAILING_STOP,Volume Spike + Direction
2024-09-17 13:00:00,2024-09-17 13:15:00,2024-09-17 14:00:00,SHORT,59205.99,26.40814383814901,18.40814383814901,56.40814383814901,-96.9513388763539,3,TRAILING_STOP,Volume Spike + Direction
2024-09-18 03:00:00,2024-09-18 03:15:00,2024-09-18 03:45:00,LONG,60586.0,10.204997854289768,2.2049978542897684,30.20499785428977,-13.308355065526257,2,TRAILING_STOP,Volume Spike + Direction
2024-09-18 09:00:00,2024-09-18 09:15:00,2024-09-18 10:15:00,SHORT,60007.2,79.70683517977838,71.70683517977838,109.70683517977838,0.0,4,TRAILING_STOP,Volume Spike + Direction
2024-09-18 13:30:00,2024-09-18 13:45:00,2024-09-18 14:15:00,SHORT,59640.0,20.301810865191143,12.301810865191143,50.30181086519114,-9.89268947015426,2,TRAILING_STOP,Volume Spike + Direction
2024-09-18 18:00:00,2024-09-18 18:15:00,2024-09-18 18:30:00,LONG,60182.01,168.85876360726343,160.85876360726343,188.85876360726343,0.0,1,TRAILING_STOP,Volume Spike + Direction
2024-09-19 00:00:00,2024-09-19 00:15:00,2024-09-19 00:45:00,LONG,62043.99,67.9263245319972,59.926324531997196,87.9263245319972,0.0,2,TRAILING_STOP,Volume Spike + Direction
2024-09-19 07:00:00,2024-09-19 07:15:00,2024-09-19 09:00:00,SHORT,61966.0,-17.44150017751675,-25.44150017751675,12.55849982248325,-37.34144530871759,7,TRAILING_STOP,Volume Spike + Direction
2024-09-19 12:00:00,2024-09-19 12:15:00,2024-09-19 12:30:00,LONG,62970.0,-7.295537557567096,-15.295537557567096,12.704462442432904,-21.696045736065205,1,TRAILING_STOP,Volume Spike + Direction
2024-09-20 03:45:00,2024-09-20 04:00:00,2024-09-20 04:15:00,LONG,63742.15,33.6301332791565,25.630133279156503,53.6301332791565,-2.1979177043764664,1,TRAILING_STOP,Volume Spike + Direction
2024-09-20 13:00:00,2024-09-20 13:15:00,2024-09-20 14:15:00,SHORT,62901.99,25.33847180351472,17.33847180351472,55.33847180351472,-59.754866260988344,4,TRAILING_STOP,Volume Spike + Direction
2024-09-21 00:30:00,2024-09-21 00:45:00,2024-09-21 03:15:00,LONG,63252.9,-55.79348931037209,-63.79348931037209,0.0,-68.9976269862726,10,TIME_EXIT,Volume Spike + Direction
2024-09-21 13:00:00,2024-09-21 13:15:00,2024-09-21 15:45:00,SHORT,63053.91,-18.0908685916543,-26.0908685916543,0.0,-39.98007419365373,10,TIME_EXIT,Volume Spike + Direction
2024-09-21 16:15:00,2024-09-21 16:30:00,2024-09-21 19:00:00,SHORT,63114.0,-31.1388915296129,-39.1388915296129,0.0,-45.314827138194374,10,TIME_EXIT,Volume Spike + Direction
2024-09-21 23:30:00,2024-09-21 23:45:00,2024-09-22 00:00:00,LONG,63358.0,-5.479339625619495,-13.479339625619495,14.520660374380505,-18.625903595442097,1,TRAILING_STOP,Volume Spike + Direction
2024-09-22 09:00:00,2024-09-22 09:15:00,2024-09-22 11:30:00,SHORT,62870.01,21.70509754969018,13.70509754969018,51.70509754969018,0.0,9,TRAILING_STOP,Volume Spike + Direction
2024-09-22 13:15:00,2024-09-22 13:30:00,2024-09-22 14:00:00,SHORT,62730.81,18.086418778905326,10.086418778905326,48.086418778905326,0.0,2,TRAILING_STOP,Volume Spike + Direction
2024-09-22 22:00:00,2024-09-22 22:15:00,2024-09-23 00:15:00,SHORT,62646.12,-12.860869915007886,-20.860869915007886,17.139130084992114,-216.1155391586897,8,TRAILING_STOP,Volume Spike + Direction
2024-09-23 03:00:00,2024-09-23 03:15:00,2024-09-23 03:30:00,LONG,64312.46,45.31238270157927,37.31238270157927,65.31238270157927,0.0,1,TRAILING_STOP,Volume Spike + Direction
2024-09-23 13:45:00,2024-09-23 14:00:00,2024-09-23 14:45:00,SHORT,63185.21,-10.172575195999375,-18.172575195999375,19.827424804000625,-98.24925801465263,3,TRAILING_STOP,Volume Spike + Direction
2024-09-24 00:30:00,2024-09-24 00:45:00,2024-09-24 01:30:00,SHORT,63249.99,41.144675279790235,33.144675279790235,71.14467527979023,-3.179447142995688,3,TRAILING_STOP,Volume Spike + Direction
2024-09-24 13:45:00,2024-09-24 14:00:00,2024-09-24 14:30:00,SHORT,63519.86,94.17533665848792,86.17533665848792,124.17533665848792,0.0,2,TRAILING_STOP,Volume Spike + Direction
2024-09-24 19:45:00,2024-09-24 20:00:00,2024-09-24 20:30:00,LONG,64292.35,-12.338124209178535,-20.338124209178535,7.6618757908214645,-30.98346848419712,2,TRAILING_STOP,Volume Spike + Direction
2024-09-25 01:30:00,2024-09-25 01:45:00,2024-09-25 04:15:00,LONG,64613.99,-36.21661500860646,-44.21661500860646,0.0,-60.29963480045039,10,TIME_EXIT,Volume Spike + Direction
2024-09-25 06:15:00,2024-09-25 06:30:00,2024-09-25 07:45:00,SHORT,63943.14,16.549168526913355,8.549168526913355,46.549168526913355,-3.733004040777888,5,TRAILING_STOP,Volume Spike + Direction
2024-09-25 10:00:00,2024-09-25 10:15:00,2024-09-25 11:00:00,LONG,63650.86,-5.995475944865564,-13.995475944865564,14.004524055134436,-14.27317714167547,3,TRAILING_STOP,Volume Spike + Direction
2024-09-25 13:30:00,2024-09-25 13:45:00,2024-09-25 16:15:00,SHORT,63435.01,-29.467954683068587,-37.467954683068584,0.0,-88.90831734715546,10,TIME_EXIT,Volume Spike + Direction
2024-09-26 00:45:00,2024-09-26 01:00:00,2024-09-26 01:30:00,SHORT,62946.01,13.848688741351836,5.848688741351836,43.848688741351836,-8.574014460964431,2,TRAILING_STOP,Volume Spike + Direction
2024-09-26 10:15:00,2024-09-26 10:30:00,2024-09-26 11:15:00,LONG,64207.37,25.57576490050868,17.57576490050868,45.57576490050868,0.0,3,TRAILING_STOP,Volume Spike + Direction
2024-09-26 14:00:00,2024-09-26 14:15:00,2024-09-26 14:30:00,LONG,64797.96,11.179993938080901,3.1799939380809015,31.1799939380809,-38.751219945812885,1,TRAILING_STOP,Volume Spike + Direction
2024-09-27 07:30:00,2024-09-27 07:45:00,2024-09-27 10:15:00,SHORT,65400.01,-24.957182728258587,-32.95718272825859,0.0,-89.60090373074836,10,TIME_EXIT,Volume Spike + Direction
2024-09-27 14:00:00,2024-09-27 14:15:00,2024-09-27 14:30:00,LONG,66072.0,44.47511805303306,36.47511805303306,64.47511805303306,0.0,1,TRAILING_STOP,Volume Spike + Direction
2024-09-28 01:30:00,2024-09-28 01:45:00,2024-09-28 03:15:00,LONG,65877.6,38.04704482251845,30.04704482251845,58.04704482251845,0.0,6,TRAILING_STOP,Volume Spike + Direction
2024-09-28 09:00:00,2024-09-28 09:15:00,2024-09-28 11:45:00,SHORT,65515.71,-43.08890188322704,-51.08890188322704,0.0,-43.392645824948076,10,TIME_EXIT,Volume Spike + Direction
2024-09-28 18:00:00,2024-09-28 18:15:00,2024-09-28 20:45:00,LONG,65793.86,-22.474741564029735,-30.474741564029735,0.0,-23.275728160651983,10,TIME_EXIT,Volume Spike + Direction
2024-09-28 23:45:00,2024-09-29 00:00:00,2024-09-29 00:30:00,LONG,65858.0,-0.8679279662303756,-8.867927966230376,19.132072033769624,-15.791551519936833,2,TRAILING_STOP,Volume Spike + Direction
2024-09-29 05:30:00,2024-09-29 05:45:00,2024-09-29 08:15:00,SHORT,65570.01,19.826136979389318,11.826136979389318,21.04773203481207,-7.6239122123063945,10,TIME_EXIT,Volume Spike + Direction
2024-09-29 13:00:00,2024-09-29 13:15:00,2024-09-29 14:30:00,LONG,65759.68,-6.265139976349186,-14.265139976349186,13.734860023650814,-12.116847283927328,5,TRAILING_STOP,Volume Spike + Direction
2024-09-29 20:00:00,2024-09-29 20:15:00,2024-09-29 22:45:00,SHORT,65911.99,36.043518030635546,28.043518030635546,50.57198242686979,-9.280557300727567,10,TIME_EXIT,Volume Spike + Direction
2024-09-30 00:00:00,2024-09-30 00:15:00,2024-09-30 00:30:00,SHORT,65500.0,31.984732824427482,23.984732824427482,61.98473282442748,0.0,1,TRAILING_STOP,Volume Spike + Direction
2024-09-30 03:00:00,2024-09-30 03:15:00,2024-09-30 04:15:00,LONG,64430.0,3.333850690671504,-4.666149309328496,23.333850690671504,-13.496818252366776,4,TRAILING_STOP,Volume Spike + Direction
2024-09-30 08:30:00,2024-09-30 08:45:00,2024-09-30 09:15:00,SHORT,64204.0,45.92361846613905,37.92361846613905,75.92361846613905,-16.757522895769192,2,TRAILING_STOP,Volume Spike + Direction
2024-09-30 17:30:00,2024-09-30 17:45:00,2024-09-30 18:00:00,LONG,63663.01,-8.181520163750038,-16.181520163750037,11.818479836249962,-57.76981012993241,1,TRAILING_STOP,Volume Spike + Direction
2024-09-30 23:30:00,2024-09-30 23:45:00,2024-10-01 02:15:00,SHORT,62978.51,-56.72728681577173,-64.72728681577172,0.0,-105.01201124002434,10,TIME_EXIT,Volume Spike + Direction
2024-10-01 05:00:00,2024-10-01 05:15:00,2024-10-01 06:00:00,SHORT,63756.69,-17.532288768440576,-25.532288768440576,12.467711231559424,-24.84758854325691,3,TRAILING_STOP,Volume Spike + Direction
2024-10-01 08:30:00,2024-10-01 08:45:00,2024-10-01 10:45:00,SHORT,63876.01,-3.6802596154639886,-11.680259615463989,26.31974038453601,-37.88433247474254,8,TRAILING_STOP,Volume Spike + Direction
2024-10-01 13:30:00,2024-10-01 13:45:00,2024-10-01 14:15:00,SHORT,62790.02,7.270254094519608,-0.7297459054803923,37.27025409451961,-46.81954234128341,2,TRAILING_STOP,Volume Spike + Direction
2024-10-01 17:15:00,2024-10-01 17:30:00,2024-10-01 20:00:00,SHORT,61554.0,38.01540111121942,30.01540111121942,61.3315137927668,-143.9386554894889,10,TIME_EXIT,Volume Spike + Direction
2024-10-01 20:30:00,2024-10-01 20:45:00,2024-10-01 23:15:00,SHORT,60612.0,-11.21890054774632,-19.218900547746323,0.0,-99.44070481092906,10,TIME_EXIT,Volume Spike + Direction
2024-10-02 09:45:00,2024-10-02 10:00:00,2024-10-02 10:15:00,SHORT,61271.24,-15.763304284359851,-23.76330428435985,14.236695715640149,-34.0714501616096,1,TRAILING_STOP,Volume Spike + Direction
2024-10-02 13:30:00,2024-10-02 13:45:00,2024-10-02 16:15:00,SHORT,60704.0,-220.45499472851873,-228.45499472851873,0.0,-277.79223774380563,10,TIME_EXIT,Volume Spike + Direction
2024-10-02 19:00:00,2024-10-02 19:15:00,2024-10-02 21:00:00,LONG,60849.7,4.57530604095022,-3.4246939590497796,24.57530604095022,-139.63914366052703,7,TRAILING_STOP,Volume Spike + Direction
2024-10-03 00:30:00,2024-10-03 00:45:00,2024-10-03 01:30:00,LONG,60893.21,27.714679518455824,19.714679518455824,47.714679518455824,0.0,3,TRAILING_STOP,Volume Spike + Direction
2024-10-03 07:30:00,2024-10-03 07:45:00,2024-10-03 08:30:00,SHORT,61095.82,118.66156146197923,110.66156146197923,148.66156146197923,0.0,3,TRAILING_STOP,Volume Spike + Direction
2024-10-03 13:15:00,2024-10-03 13:30:00,2024-10-03 14:00:00,LONG,60494.0,47.11409395973155,39.11409395973155,67.11409395973155,-74.3379508711603,2,TRAILING_STOP,Volume Spike + Direction
2024-10-04 01:15:00,2024-10-04 01:30:00,2024-10-04 02:00:00,LONG,61076.0,12.210688322745959,4.210688322745959,32.21068832274596,-11.461130394917808,2,TRAILING_STOP,Volume Spike + Direction
2024-10-04 07:30:00,2024-10-04 07:45:00,2024-10-04 08:45:00,LONG,61409.12,18.618042401518565,10.618042401518565,38.618042401518565,-11.219831842566943,4,TRAILING_STOP,Volume Spike + Direction
2024-10-04 12:30:00,2024-10-04 12:45:00,2024-10-04 14:30:00,SHORT,61363.63,69.35201030317083,61.35201030317083,99.35201030317083,-104.43482564509398,7,TRAILING_STOP,Volume Spike + Direction
2024-10-05 02:45:00,2024-10-05 03:00:00,2024-10-05 05:30:00,SHORT,61812.01,-44.74696745826523,-52.74696745826523,0.0,-55.83542745171972,10,TIME_EXIT,Volume Spike + Direction
2024-10-05 16:15:00,2024-10-05 16:30:00,2024-10-05 19:00:00,LONG,62157.5,-48.82757511161164,-56.82757511161164,0.0,-52.687125447451706,10,TIME_EXIT,Volume Spike + Direction
2024-10-06 03:45:00,2024-10-06 04:00:00,2024-10-06 06:15:00,SHORT,61878.66,-17.121569859463293,-25.121569859463293,12.87843014053671,-21.22541115143678,9,TRAILING_STOP,Volume Spike + Direction
2024-10-06 06:45:00,2024-10-06 07:00:00,2024-10-06 09:30:00,SHORT,61962.0,-20.885381362771295,-28.885381362771295,6.455569542622897,-20.885381362771295,10,TIME_EXIT,Volume Spike + Direction
2024-10-06 13:00:00,2024-10-06 13:15:00,2024-10-06 15:00:00,LONG,62299.67,56.61838337185442,48.61838337185442,76.61838337185442,-16.64053758230152,7,TRAILING_STOP,Volume Spike + Direction
2024-10-06 16:00:00,2024-10-06 16:15:00,2024-10-06 18:45:00,LONG,62820.0,-16.1795606494746,-24.1795606494746,0.0,-42.97994269340974,10,TIME_EXIT,Volume Spike + Direction
2024-10-06 23:00:00,2024-10-06 23:15:00,2024-10-07 00:15:00,LONG,62668.0,28.828748324503728,20.828748324503728,48.82874832450373,-1.6850705304138751,4,TRAILING_STOP,Volume Spike + Direction
2024-10-07 07:30:00,2024-10-07 07:45:00,2024-10-07 10:15:00,SHORT,63458.22,74.87446070816348,66.87446070816348,77.8811633859256,-39.04616297147932,10,TIME_EXIT,Volume Spike + Direction
2024-10-07 10:15:00,2024-10-07 10:30:00,2024-10-07 11:00:00,SHORT,62983.08,22.8919830532271,14.8919830532271,52.8919830532271,-6.816116328385384,2,TRAILING_STOP,Volume Spike + Direction
2024-10-07 14:00:00,2024-10-07 14:15:00,2024-10-07 14:30:00,LONG,63909.82,53.09987729585224,45.09987729585224,73.09987729585224,0.0,1,TRAILING_STOP,Volume Spike + Direction
2024-10-07 22:45:00,2024-10-07 23:00:00,2024-10-08 00:00:00,SHORT,62471.08,20.432936328298624,12.432936328298624,50.432936328298624,-31.17442502994986,4,TRAILING_STOP,Volume Spike + Direction
2024-10-08 07:15:00,2024-10-08 07:30:00,2024-10-08 10:00:00,SHORT,62182.0,-56.50027339101376,-64.50027339101376,0.0,-65.6138432343765,10,TIME_EXIT,Volume Spike + Direction
2024-10-08 13:15:00,2024-10-08 13:30:00,2024-10-08 14:00:00,LONG,62610.0,74.23414789969654,66.23414789969654,94.23414789969654,0.0,2,TRAILING_STOP,Volume Spike + Direction
2024-10-09 01:30:00,2024-10-09 01:45:00,2024-10-09 04:15:00,LONG,62429.11,-7.406801090068073,-15.406801090068072,4.948012233395513,-44.693893601879644,10,TIME_EXIT,Volume Spike + Direction
2024-10-09 12:30:00,2024-10-09 12:45:00,2024-10-09 14:00:00,SHORT,61878.01,0.06075987253016635,-7.939240127469834,30.060759872530166,-35.03021509579813,5,TRAILING_STOP,Volume Spike + Direction
2024-10-09 15:15:00,2024-10-09 15:30:00,2024-10-09 16:00:00,LONG,62311.51,-3.8585198785915367,-11.858519878591537,16.141480121408463,-40.042361355069396,2,TRAILING_STOP,Volume Spike + Direction
2024-10-09 18:00:00,2024-10-09 18:15:00,2024-10-09 19:30:00,SHORT,61456.0,71.04790419161677,63.047904191616766,101.04790419161677,-1.902173913043857,5,TRAILING_STOP,Volume Spike + Direction
2024-10-09 20:45:00,2024-10-09 21:00:00,2024-10-09 23:30:00,SHORT,60420.01,-48.32504992965011,-56.32504992965011,0.0,-89.04169330657145,10,TIME_EXIT,Volume Spike + Direction
2024-10-10 09:30:00,2024-10-10 09:45:00,2024-10-10 10:45:00,LONG,60920.0,27.930072225869658,19.930072225869658,47.93007222586966,0.0,4,TRAILING_STOP,Volume Spike + Direction
2024-10-10 12:30:00,2024-10-10 12:45:00,2024-10-10 13:15:00,SHORT,60959.99,-21.249998564632882,-29.249998564632882,8.750001435367118,-48.22999478838531,2,TRAILING_STOP,Volume Spike + Direction
2024-10-10 17:45:00,2024-10-10 18:00:00,2024-10-10 18:30:00,SHORT,59611.0,80.12229286541026,72.12229286541026,110.12229286541026,0.0,2,TRAILING_STOP,Volume Spike + Direction
2024-10-11 01:45:00,2024-10-11 02:00:00,2024-10-11 04:30:00,LONG,60578.55,6.375193859872073,-1.6248061401279266,23.354801328192227,-30.015574819800364,10,TIME_EXIT,Volume Spike + Direction
2024-10-11 06:30:00,2024-10-11 06:45:00,2024-10-11 07:30:00,LONG,60872.36,-12.201715195533545,-20.201715195533545,7.798284804466454,-22.400971475395494,3,TRAILING_STOP,Volume Spike + Direction
2024-10-11 09:15:00,2024-10-11 09:30:00,2024-10-11 12:00:00,SHORT,60834.39,-62.01426528646084,-70.01426528646084,0.0,-77.01400474304124,10,TIME_EXIT,Volume Spike + Direction
2024-10-11 12:30:00,2024-10-11 12:45:00,2024-10-11 15:15:00,SHORT,61200.07,-157.59622497163775,-165.59622497163775,0.0,-180.38051263666858,10,TIME_EXIT,Volume Spike + Direction
2024-10-11 17:30:00,2024-10-11 17:45:00,2024-10-11 18:00:00,LONG,62736.0,17.85226982912541,9.852269829125412,37.85226982912541,0.0,1,TRAILING_STOP,Volume Spike + Direction
2024-10-12 10:00:00,2024-10-12 10:15:00,2024-10-12 11:30:00,LONG,62957.99,28.054266027235123,20.054266027235123,48.05426602723512,-6.3518546256000175,5,TRAILING_STOP,Volume Spike + Direction
2024-10-12 15:00:00,2024-10-12 15:15:00,2024-10-12 17:45:00,LONG,63433.43,-52.01673628558303,-60.01673628558303,0.0,-60.761336727337664,10,TIME_EXIT,Volume Spike + Direction
2024-10-12 23:00:00,2024-10-12 23:15:00,2024-10-13 01:45:00,LONG,63331.69,-71.43816942197505,-79.43816942197505,0.0,-81.11105198677033,10,TIME_EXIT,Volume Spike + Direction
2024-10-13 07:45:00,2024-10-13 08:00:00,2024-10-13 08:45:00,LONG,62843.48,-1.1404460733242665,-9.140446073324267,18.859553926675733,-7.248166396896369,3,TRAILING_STOP,Volume Spike + Direction
2024-10-13 11:15:00,2024-10-13 11:30:00,2024-10-13 12:15:00,SHORT,62614.98,-14.859853025585426,-22.859853025585426,15.140146974414574,-16.603055690507148,3,TRAILING_STOP,Volume Spike + Direction
2024-10-13 14:45:00,2024-10-13 15:00:00,2024-10-13 16:00:00,SHORT,62249.6,2.064463064822675,-5.935536935177325,32.064463064822675,-8.73740554156162,4,TRAILING_STOP,Volume Spike + Direction
2024-10-13 22:00:00,2024-10-13 22:15:00,2024-10-14 00:45:00,LONG,63000.0,-76.16190476190472,-84.16190476190472,0.0,-86.06190476190514,10,TIME_EXIT,Volume Spike + Direction
2024-10-14 03:15:00,2024-10-14 03:30:00,2024-10-14 04:00:00,LONG,63330.0,164.74656560871625,156.74656560871625,184.74656560871625,0.0,2,TRAILING_STOP,Volume Spike + Direction
2024-10-14 11:30:00,2024-10-14 11:45:00,2024-10-14 13:30:00,SHORT,64919.69,9.915470945718418,1.9154709457184182,39.91547094571842,-12.370669052793946,7,TRAILING_STOP,Volume Spike + Direction
2024-10-14 14:15:00,2024-10-14 14:30:00,2024-10-14 14:45:00,LONG,66051.5,17.61156067613802,9.61156067613802,37.61156067613802,-22.93664791866952,1,TRAILING_STOP,Volume Spike + Direction
2024-10-14 22:15:00,2024-10-14 22:30:00,2024-10-14 23:00:00,LONG,66104.81,39.782336565221556,31.782336565221556,59.782336565221556,-0.11799443943622799,2,TRAILING_STOP,Volume Spike + Direction
2024-10-15 13:30:00,2024-10-15 13:45:00,2024-10-15 14:00:00,LONG,66440.0,207.27272727272728,199.27272727272728,227.27272727272728,0.0,1,TRAILING_STOP,Volume Spike + Direction
2024-10-16 01:15:00,2024-10-16 01:30:00,2024-10-16 02:15:00,LONG,67482.63,-8.380713674024125,-16.380713674024125,11.619286325975875,-51.880017124407544,3,TRAILING_STOP,Volume Spike + Direction
2024-10-16 08:30:00,2024-10-16 08:45:00,2024-10-16 10:15:00,LONG,67214.4,66.62727034683184,58.627270346831835,86.62727034683184,-18.915589516532087,6,TRAILING_STOP,Volume Spike + Direction
2024-10-16 11:15:00,2024-10-16 11:30:00,2024-10-16 11:45:00,LONG,68118.11,24.90582607180373,16.90582607180373,44.90582607180373,-32.794509419007575,1,TRAILING_STOP,Volume Spike + Direction
2024-10-17 01:30:00,2024-10-17 01:45:00,2024-10-17 03:30:00,SHORT,67594.63,-2.38981854031827,-10.38981854031827,27.61018145968173,-46.43120318877273,7,TRAILING_STOP,Volume Spike + Direction
2024-10-17 06:00:00,2024-10-17 06:15:00,2024-10-17 07:45:00,SHORT,67299.99,1.5958442192932552,-6.404155780706745,31.595844219293255,-30.386334381327543,6,TRAILING_STOP,Volume Spike + Direction
2024-10-17 10:30:00,2024-10-17 10:45:00,2024-10-17 12:15:00,SHORT,67000.0,8.64328358209007,0.6432835820900706,38.64328358209007,-42.53731343283582,6,TRAILING_STOP,Volume Spike + Direction
2024-10-17 13:30:00,2024-10-17 13:45:00,2024-10-17 14:45:00,LONG,67211.99,-7.807234988876676,-15.807234988876676,12.192765011123324,-81.2340179185299,4,TRAILING_STOP,Volume Spike + Direction
2024-10-18 01:30:00,2024-10-18 01:45:00,2024-10-18 02:00:00,LONG,67789.99,31.92654549735068,23.92654549735068,51.92654549735068,0.0,1,TRAILING_STOP,Volume Spike + Direction
2024-10-18 06:15:00,2024-10-18 06:30:00,2024-10-18 07:30:00,LONG,68178.1,-17.667872821332043,-25.667872821332043,2.3321271786679563,-36.39145121380628,4,TRAILING_STOP,Volume Spike + Direction
2024-10-18 13:30:00,2024-10-18 13:45:00,2024-10-18 14:00:00,LONG,68181.08,27.183177503201335,19.183177503201335,47.183177503201335,-23.585722021416743,1,TRAILING_STOP,Volume Spike + Direction
2024-10-19 03:00:00,2024-10-19 03:15:00,2024-10-19 05:45:00,LONG,68605.99,-31.481216144539342,-39.481216144539346,0.0,-40.81130525191827,10,TIME_EXIT,Volume Spike + Direction
2024-10-19 11:00:00,2024-10-19 11:15:00,2024-10-19 13:45:00,LONG,68297.28,-26.733129049941923,-34.73312904994192,0.0,-30.64250874998226,10,TIME_EXIT,Volume Spike + Direction
2024-10-19 15:15:00,2024-10-19 15:30:00,2024-10-19 18:00:00,SHORT,68212.12,14.972412527273763,6.972412527273763,29.631097816633666,-2.5713905388086675,10,TIME_EXIT,Volume Spike + Direction
2024-10-19 21:15:00,2024-10-19 21:30:00,2024-10-20 00:00:00,LONG,68344.73,13.938163191223277,5.938163191223277,14.52343143355886,-20.711179925650878,10,TIME_EXIT,Volume Spike + Direction
2024-10-20 06:45:00,2024-10-20 07:00:00,2024-10-20 09:30:00,LONG,68400.01,4.676899901038793,-3.3231000989612074,14.618418915436598,-6.58040839467637,10,TIME_EXIT,Volume Spike + Direction
2024-10-20 13:30:00,2024-10-20 13:45:00,2024-10-20 15:00:00,LONG,68407.99,33.313947683595416,25.313947683595416,53.313947683595416,0.0,5,TRAILING_STOP,Volume Spike + Direction
2024-10-20 20:45:00,2024-10-20 21:00:00,2024-10-20 22:00:00,LONG,68781.98,25.016151032582172,17.016151032582172,45.01615103258217,-26.457511109740654,4,TRAILING_STOP,Volume Spike + Direction
2024-10-21 00:15:00,2024-10-21 00:30:00,2024-10-21 01:30:00,LONG,69393.89,-7.591126538662037,-15.591126538662037,12.408873461337963,-48.12959757696323,4,TRAILING_STOP,Volume Spike + Direction
2024-10-21 08:45:00,2024-10-21 09:00:00,2024-10-21 09:45:00,SHORT,68301.47,-3.286080079973914,-11.286080079973914,26.713919920026086,-18.232404075636854,3,TRAILING_STOP,Volume Spike + Direction
2024-10-21 13:15:00,2024-10-21 13:30:00,2024-10-21 14:15:00,SHORT,67916.0,82.49190176099887,74.49190176099887,112.49190176099887,0.0,3,TRAILING_STOP,Volume Spike + Direction
2024-10-22 00:15:00,2024-10-22 00:30:00,2024-10-22 03:00:00,SHORT,66948.01,-81.73954685135683,-89.73954685135683,0.0,-111.56567611195666,10,TIME_EXIT,Volume Spike + Direction
2024-10-22 06:00:00,2024-10-22 06:15:00,2024-10-22 06:45:00,LONG,67712.3,-8.87055970628666,-16.87055970628666,11.12944029371334,-20.720016895010644,2,TRAILING_STOP,Volume Spike + Direction
2024-10-22 08:45:00,2024-10-22 09:00:00,2024-10-22 09:45:00,SHORT,66934.08,-1.0043075216688209,-9.00430752166882,28.99569247833118,-28.92846215261413,3,TRAILING_STOP,Volume Spike + Direction
2024-10-22 13:45:00,2024-10-22 14:00:00,2024-10-22 14:15:00,LONG,66998.21,64.21269762281587,56.21269762281587,84.21269762281587,0.0,1,TRAILING_STOP,Volume Spike + Direction
2024-10-23 03:15:00,2024-10-23 03:30:00,2024-10-23 06:00:00,SHORT,66954.62,-35.1760640266503,-43.1760640266503,0.0,-44.09255104427464,10,TIME_EXIT,Volume Spike + Direction
2024-10-23 06:45:00,2024-10-23 07:00:00,2024-10-23 08:00:00,SHORT,66917.55,2.510156154850698,-5.489843845149302,32.5101561548507,-19.49413868260226,4,TRAILING_STOP,Volume Spike + Direction
2024-10-23 15:30:00,2024-10-23 15:45:00,2024-10-23 17:15:00,SHORT,65988.01,23.192996727738084,15.192996727738084,53.192996727738084,-45.46128910388497,6,TRAILING_STOP,Volume Spike + Direction
2024-10-24 00:45:00,2024-10-24 01:00:00,2024-10-24 01:15:00,LONG,67432.0,3.9025981729732173,-4.097401827026783,23.902598172973217,-32.45788349744859,1,TRAILING_STOP,Volume Spike + Direction
2024-10-24 09:00:00,2024-10-24 09:15:00,2024-10-24 09:30:00,LONG,66926.0,-8.10477243522688,-16.10477243522688,11.89522756477312,-10.752174042973794,1,TRAILING_STOP,Volume Spike + Direction
2024-10-24 13:30:00,2024-10-24 13:45:00,2024-10-24 14:00:00,LONG,67843.19,-1.352586751891419,-9.352586751891419,18.64741324810858,-33.802950598284326,1,TRAILING_STOP,Volume Spike + Direction
2024-10-24 19:45:00,2024-10-24 20:00:00,2024-10-24 21:15:00,LONG,68309.79,59.08236872050206,51.08236872050206,79.08236872050206,-48.56551308384934,5,TRAILING_STOP,Volume Spike + Direction
2024-10-25 07:15:00,2024-10-25 07:30:00,2024-10-25 08:15:00,SHORT,67303.03,-27.511256179699487,-35.51125617969949,2.4887438203005128,-48.75857743700447,3,TRAILING_STOP,Volume Spike + Direction
2024-10-25 13:45:00,2024-10-25 14:00:00,2024-10-25 14:30:00,LONG,68334.01,44.020829452275734,36.020829452275734,64.02082945227573,-10.142826390548084,2,TRAILING_STOP,Volume Spike + Direction
2024-10-25 17:45:00,2024-10-25 18:00:00,2024-10-25 18:15:00,SHORT,66836.0,-24.2725477287691,-32.2725477287691,5.7274522712308995,-102.63929618768329,1,TRAILING_STOP,Volume Spike + Direction
2024-10-25 23:00:00,2024-10-25 23:15:00,2024-10-25 23:30:00,SHORT,65800.21,-20.8495732764369,-28.8495732764369,9.1504267235631,-97.84011327623325,1,TRAILING_STOP,Volume Spike + Direction
2024-10-26 11:30:00,2024-10-26 11:45:00,2024-10-26 12:15:00,LONG,67139.99,-14.040809359668543,-22.040809359668543,5.959190640331457,-16.382188916025342,2,TRAILING_STOP,Volume Spike + Direction
2024-10-26 20:30:00,2024-10-26 20:45:00,2024-10-26 23:15:00,SHORT,67265.99,21.887732567380702,13.887732567380702,26.460622968606458,-0.8934678579761869,10,TIME_EXIT,Volume Spike + Direction
2024-10-27 03:15:00,2024-10-27 03:30:00,2024-10-27 04:30:00,LONG,67189.99,0.16222952258232937,-7.837770477417671,20.16222952258233,-5.951779424287046,4,TRAILING_STOP,Volume Spike + Direction
2024-10-27 12:15:00,2024-10-27 12:30:00,2024-10-27 13:45:00,LONG,67369.66,40.461934942227956,32.461934942227956,60.461934942227956,-2.9182275819713936,5,TRAILING_STOP,Volume Spike + Direction
2024-10-27 17:30:00,2024-10-27 17:45:00,2024-10-27 20:15:00,LONG,67850.0,5.597641857036982,-2.402358142963018,5.599115696389865,-45.55932203389762,10,TIME_EXIT,Volume Spike + Direction
2024-10-27 21:45:00,2024-10-27 22:00:00,2024-10-28 00:30:00,SHORT,67930.02,6.4801982981904125,-1.5198017018095875,6.587661831985328,-59.18296505727495,10,TIME_EXIT,Volume Spike + Direction
2024-10-28 07:00:00,2024-10-28 07:15:00,2024-10-28 07:30:00,LONG,68450.0,11.485756026297164,3.485756026297164,31.485756026297164,-3.5909422936452517,1,TRAILING_STOP,Volume Spike + Direction
2024-10-28 12:30:00,2024-10-28 12:45:00,2024-10-28 13:30:00,LONG,68959.99,16.979413715111434,8.979413715111434,36.979413715111434,-26.535676701810026,3,TRAILING_STOP,Volume Spike + Direction
2024-10-28 19:00:00,2024-10-28 19:15:00,2024-10-28 19:45:00,LONG,69593.92,23.26239993378757,15.26239993378757,43.26239993378757,-19.12379702134849,2,TRAILING_STOP,Volume Spike + Direction
2024-10-28 22:00:00,2024-10-28 22:15:00,2024-10-28 23:00:00,LONG,70028.58,-3.3039596119186996,-11.3039596119187,16.6960403880813,-31.78416583629166,3,TRAILING_STOP,Volume Spike + Direction
2024-10-29 02:00:00,2024-10-29 02:15:00,2024-10-29 02:45:00,LONG,71004.0,50.98191651174581,42.98191651174581,70.98191651174581,-4.670159427638372,2,TRAILING_STOP,Volume Spike + Direction
2024-10-29 11:30:00,2024-10-29 11:45:00,2024-10-29 14:00:00,LONG,71539.9,41.937464268192414,33.937464268192414,61.937464268192414,-85.39290661574789,9,TRAILING_STOP,Volume Spike + Direction
2024-10-29 15:15:00,2024-10-29 15:30:00,2024-10-29 16:00:00,LONG,71921.57,83.08868396504593,75.08868396504593,103.08868396504593,0.0,2,TRAILING_STOP,Volume Spike + Direction
2024-10-30 12:00:00,2024-10-30 12:15:00,2024-10-30 12:45:00,LONG,72062.0,-19.836252116234213,-27.836252116234213,0.1637478837657871,-39.13296883239433,2,TRAILING_STOP,Volume Spike + Direction
2024-10-30 20:00:00,2024-10-30 20:15:00,2024-10-30 21:00:00,LONG,71910.49,126.08577969639683,118.08577969639683,146.08577969639683,0.0,3,TRAILING_STOP,Volume Spike + Direction
2024-10-31 06:30:00,2024-10-31 06:45:00,2024-10-31 07:15:00,SHORT,72234.0,-18.371127170030732,-26.371127170030732,11.628872829969268,-22.980867735415455,2,TRAILING_STOP,Volume Spike + Direction
2024-10-31 10:45:00,2024-10-31 11:00:00,2024-10-31 13:30:00,LONG,72639.28,-116.56227870099994,-124.56227870099994,0.0,-123.63008003383206,10,TIME_EXIT,Volume Spike + Direction
2024-10-31 13:30:00,2024-10-31 13:45:00,2024-10-31 14:00:00,SHORT,71792.57,113.92993592512599,105.92993592512599,143.929935925126,0.0,1,TRAILING_STOP,Volume Spike + Direction
2024-10-31 20:45:00,2024-10-31 21:00:00,2024-10-31 23:30:00,SHORT,70026.74,-64.15549260182534,-72.15549260182534,0.0,-89.68288399545509,10,TIME_EXIT,Volume Spike + Direction
2024-11-01 01:30:00,2024-11-01 01:45:00,2024-11-01 02:00:00,SHORT,69929.78,127.26919203807,119.26919203807,157.26919203807,0.0,1,TRAILING_STOP,Volume Spike + Direction
2024-11-01 07:30:00,2024-11-01 07:45:00,2024-11-01 08:45:00,LONG,69294.61,15.123943983521869,7.123943983521869,35.12394398352187,-8.276256984490686,4,TRAILING_STOP,Volume Spike + Direction
2024-11-01 10:15:00,2024-11-01 10:30:00,2024-11-01 11:45:00,LONG,69994.01,13.430003510301134,5.430003510301134,33.430003510301134,-35.05014214787834,5,TRAILING_STOP,Volume Spike + Direction
2024-11-01 13:30:00,2024-11-01 13:45:00,2024-11-01 14:30:00,LONG,70636.0,121.13907922305864,113.13907922305864,141.13907922305864,0.0,3,TRAILING_STOP,Volume Spike + Direction
2024-11-02 12:45:00,2024-11-02 13:00:00,2024-11-02 14:45:00,SHORT,69459.05,36.06914433756343,28.06914433756343,66.06914433756343,-36.35811316163892,7,TRAILING_STOP,Volume Spike + Direction
2024-11-02 23:00:00,2024-11-02 23:15:00,2024-11-02 23:45:00,SHORT,69277.99,-13.834692663571037,-21.834692663571037,16.165307336428963,-14.166115385275958,2,TRAILING_STOP,Volume Spike + Direction
2024-11-03 02:00:00,2024-11-03 02:15:00,2024-11-03 02:30:00,SHORT,68686.0,89.65174853681923,81.65174853681923,119.65174853681923,0.0,1,TRAILING_STOP,Volume Spike + Direction
2024-11-03 10:15:00,2024-11-03 10:30:00,2024-11-03 11:30:00,LONG,68563.99,-16.27938805778445,-24.27938805778445,3.7206119422155504,-30.33370724195171,4,TRAILING_STOP,Volume Spike + Direction
2024-11-03 13:45:00,2024-11-03 14:00:00,2024-11-03 15:30:00,SHORT,68048.13,53.676068688442825,45.676068688442825,83.67606868844283,-12.619009515764112,6,TRAILING_STOP,Volume Spike + Direction
2024-11-03 16:30:00,2024-11-03 16:45:00,2024-11-03 17:00:00,SHORT,68232.1,-15.352935055494068,-23.35293505549407,14.647064944505932,-32.81446709100177,1,TRAILING_STOP,Volume Spike + Direction
2024-11-04 14:00:00,2024-11-04 14:15:00,2024-11-04 15:15:00,SHORT,68587.99,26.132276219203973,18.132276219203973,56.13227621920397,-13.414885025788735,4,TRAILING_STOP,Volume Spike + Direction
2024-11-04 16:45:00,2024-11-04 17:00:00,2024-11-04 17:15:00,SHORT,67756.0,44.45835055198063,36.45835055198063,74.45835055198063,-18.300962276403567,1,TRAILING_STOP,Volume Spike + Direction
2024-11-04 21:30:00,2024-11-04 21:45:00,2024-11-05 00:15:00,SHORT,67011.99,-147.43779434098207,-155.43779434098207,0.0,-163.26630502989119,10,TIME_EXIT,Volume Spike + Direction
2024-11-05 09:00:00,2024-11-05 09:15:00,2024-11-05 11:00:00,SHORT,68997.49,25.419407285685992,17.419407285685992,55.41940728568599,0.0,7,TRAILING_STOP,Volume Spike + Direction
2024-11-05 14:15:00,2024-11-05 14:30:00,2024-11-05 14:45:00,LONG,69333.34,123.03652470802663,115.03652470802663,143.03652470802663,0.0,1,TRAILING_STOP,Volume Spike + Direction
2024-11-05 19:45:00,2024-11-05 20:00:00,2024-11-05 22:15:00,SHORT,68995.99,-14.47590939705328,-22.47590939705328,15.52409060294672,-96.67518358675474,9,TRAILING_STOP,Volume Spike + Direction
2024-11-06 00:15:00,2024-11-06 00:30:00,2024-11-06 00:45:00,LONG,70319.98,141.40789573603465,133.40789573603465,161.40789573603465,0.0,1,TRAILING_STOP,Volume Spike + Direction
2024-11-06 03:00:00,2024-11-06 03:15:00,2024-11-06 04:00:00,LONG,74057.39,65.01379808281071,57.01379808281071,85.01379808281071,-35.19702760251253,3,TRAILING_STOP,Volume Spike + Direction
2024-11-06 14:30:00,2024-11-06 14:45:00,2024-11-06 15:15:00,LONG,74375.55,-3.9866730397299577,-11.986673039729958,16.013326960270042,-115.83779884652992,2,TRAILING_STOP,Volume Spike + Direction
2024-11-06 20:00:00,2024-11-06 20:15:00,2024-11-06 20:45:00,LONG,75944.0,40.044243126514274,32.044243126514274,60.044243126514274,-57.529232065731875,2,TRAILING_STOP,Volume Spike + Direction
2024-11-07 01:30:00,2024-11-07 01:45:00,2024-11-07 03:15:00,SHORT,75396.0,20.931083877128764,12.931083877128764,50.93108387712876,-8.223247917661414,6,TRAILING_STOP,Volume Spike + Direction
2024-11-07 14:30:00,2024-11-07 14:45:00,2024-11-07 17:15:00,SHORT,74668.22,-209.96750692597112,-217.96750692597112,0.0,-216.29416102325712,10,TIME_EXIT,Volume Spike + Direction
2024-11-07 17:15:00,2024-11-07 17:30:00,2024-11-07 17:45:00,LONG,76236.01,10.231120437704071,2.231120437704071,30.23112043770407,-5.868617730648638,1,TRAILING_STOP,Volume Spike + Direction
2024-11-08 07:30:00,2024-11-08 07:45:00,2024-11-08 08:00:00,LONG,76100.0,-11.590013140604468,-19.59001314060447,8.409986859395532,-38.44021024967133,1,TRAILING_STOP,Volume Spike + Direction
2024-11-08 14:00:00,2024-11-08 14:15:00,2024-11-08 15:00:00,SHORT,76035.31,23.205543582317603,15.205543582317603,53.2055435823176,-25.965567839469262,3,TRAILING_STOP,Volume Spike + Direction
2024-11-09 06:00:00,2024-11-09 06:15:00,2024-11-09 08:45:00,LONG,76700.8,-15.46419333305603,-23.46419333305603,4.5358066669439685,-45.214652259168474,10,TRAILING_STOP,Volume Spike + Direction
2024-11-09 16:15:00,2024-11-09 16:30:00,2024-11-09 17:15:00,SHORT,76104.99,21.288358358630852,13.288358358630852,51.28835835863085,-5.914198267419096,3,TRAILING_STOP,Volume Spike + Direction
2024-11-09 19:00:00,2024-11-09 19:15:00,2024-11-09 21:45:00,LONG,76497.99,-6.064211621769332,-14.064211621769331,0.0,-49.9346453416626,10,TIME_EXIT,Volume Spike + Direction
2024-11-09 23:00:00,2024-11-09 23:15:00,2024-11-09 23:45:00,LONG,76618.86,16.693315457838892,8.693315457838892,36.69331545783889,-4.9256801784841535,2,TRAILING_STOP,Volume Spike + Direction
2024-11-10 02:15:00,2024-11-10 02:30:00,2024-11-10 02:45:00,LONG,77284.0,6.247347445785131,-1.752652554214869,26.24734744578513,-34.229594741472184,1,TRAILING_STOP,Volume Spike + Direction
2024-11-10 05:00:00,2024-11-10 05:15:00,2024-11-10 06:00:00,SHORT,79042.03,-12.805350520475816,-20.805350520475816,17.194649479524184,-90.73274054322722,3,TRAILING_STOP,Volume Spike + Direction
2024-11-10 11:00:00,2024-11-10 11:15:00,2024-11-10 11:45:00,LONG,79756.02,15.606089671976598,7.606089671976598,35.6060896719766,-8.070864117844634,2,TRAILING_STOP,Volume Spike + Direction
2024-11-10 17:30:00,2024-11-10 17:45:00,2024-11-10 18:00:00,LONG,80200.01,64.163331151705,56.163331151704995,84.163331151705,0.0,1,TRAILING_STOP,Volume Spike + Direction
2024-11-11 10:00:00,2024-11-11 10:15:00,2024-11-11 10:45:00,LONG,82129.99,-14.397905077062013,-22.397905077062013,5.602094922937986,-35.88701277085328,2,TRAILING_STOP,Volume Spike + Direction
2024-11-11 14:30:00,2024-11-11 14:45:00,2024-11-11 15:30:00,LONG,81941.98,263.31387647699006,255.31387647699006,283.31387647699006,0.0,3,TRAILING_STOP,Volume Spike + Direction
2024-11-11 19:00:00,2024-11-11 19:15:00,2024-11-11 21:45:00,SHORT,85742.88,-251.58123916527998,-259.58123916527995,0.0,-307.3281419984954,10,TIME_EXIT,Volume Spike + Direction
2024-11-11 23:00:00,2024-11-11 23:15:00,2024-11-12 01:00:00,LONG,89348.01,-13.28804301293323,-21.28804301293323,6.71195698706677,-311.8883117822086,7,TRAILING_STOP,Volume Spike + Direction
2024-11-12 10:00:00,2024-11-12 10:15:00,2024-11-12 11:30:00,LONG,87817.37,-15.060202782205314,-23.060202782205316,4.939797217794686,-294.74465017569935,5,TRAILING_STOP,Volume Spike + Direction
2024-11-13 13:15:00,2024-11-13 13:30:00,2024-11-13 13:45:00,LONG,88259.18,142.9054337463829,134.9054337463829,162.9054337463829,0.0,1,TRAILING_STOP,Volume Spike + Direction
2024-11-14 08:00:00,2024-11-14 08:15:00,2024-11-14 10:15:00,LONG,91387.51,-16.007113007017562,-24.007113007017562,3.9928869929824375,-115.73901072476883,8,TRAILING_STOP,Volume Spike + Direction
2024-11-14 14:30:00,2024-11-14 14:45:00,2024-11-14 15:00:00,SHORT,89730.93,136.80313020270611,128.80313020270611,166.80313020270611,0.0,1,TRAILING_STOP,Volume Spike + Direction
2024-11-14 21:00:00,2024-11-14 21:15:00,2024-11-14 22:00:00,SHORT,87470.4,-28.110217856555035,-36.11021785655504,1.8897821434449638,-101.70297609248453,3,TRAILING_STOP,Volume Spike + Direction
2024-11-15 04:30:00,2024-11-15 04:45:00,2024-11-15 05:00:00,SHORT,87381.65,-17.910505237655798,-25.910505237655798,12.089494762344202,-42.023697195006775,1,TRAILING_STOP,Volume Spike + Direction
2024-11-15 07:45:00,2024-11-15 08:00:00,2024-11-15 08:30:00,SHORT,87612.01,-11.152127430932115,-19.152127430932115,18.847872569067885,-62.502846356339255,2,TRAILING_STOP,Volume Spike + Direction
2024-11-15 12:00:00,2024-11-15 12:15:00,2024-11-15 14:45:00,LONG,90660.54,-171.24980724800423,-179.24980724800423,0.0,-228.8989233904841,10,TIME_EXIT,Volume Spike + Direction
2024-11-15 15:15:00,2024-11-15 15:30:00,2024-11-15 15:45:00,SHORT,88235.38,-14.770281490258823,-22.770281490258824,15.229718509741177,-68.18240030246378,1,TRAILING_STOP,Volume Spike + Direction
2024-11-15 19:45:00,2024-11-15 20:00:00,2024-11-15 22:30:00,SHORT,90377.89,-118.63742337866054,-126.63742337866054,0.0,-162.883864626625,10,TIME_EXIT,Volume Spike + Direction
2024-11-16 10:30:00,2024-11-16 10:45:00,2024-11-16 13:15:00,LONG,91597.66,-73.10230414183133,-81.10230414183133,0.0,-119.834939014818,10,TIME_EXIT,Volume Spike + Direction
2024-11-16 22:45:00,2024-11-16 23:00:00,2024-11-17 01:30:00,SHORT,90328.39,17.67882722143086,9.678827221430861,17.685469651346605,-61.9528367548675,10,TIME_EXIT,Volume Spike + Direction
2024-11-17 01:30:00,2024-11-17 01:45:00,2024-11-17 02:15:00,SHORT,90168.69,59.24272937757024,51.24272937757024,89.24272937757024,-11.539482274834302,2,TRAILING_STOP,Volume Spike + Direction
2024-11-17 11:00:00,2024-11-17 11:15:00,2024-11-17 12:00:00,SHORT,90707.25,-8.033729387672977,-16.033729387672977,21.966270612327023,-25.593323576670464,3,TRAILING_STOP,Volume Spike + Direction
2024-11-17 14:30:00,2024-11-17 14:45:00,2024-11-17 15:45:00,LONG,90279.98,14.117198519539919,6.117198519539919,34.11719851953992,-18.329645177147352,4,TRAILING_STOP,Volume Spike + Direction
2024-11-17 21:15:00,2024-11-17 21:30:00,2024-11-17 22:30:00,LONG,89638.97,-19.010475019961145,-27.010475019961145,0.989524980038854,-102.2959099150739,4,TRAILING_STOP,Volume Spike + Direction
2024-11-18 06:15:00,2024-11-18 06:30:00,2024-11-18 07:00:00,LONG,90947.39,128.72444387903826,120.72444387903826,148.72444387903826,0.0,2,TRAILING_STOP,Volume Spike + Direction
2024-11-18 13:00:00,2024-11-18 13:15:00,2024-11-18 13:30:00,SHORT,89784.0,-11.957809854761958,-19.95780985476196,18.04219014523804,-19.709525082420743,1,TRAILING_STOP,Volume Spike + Direction
2024-11-18 15:45:00,2024-11-18 16:00:00,2024-11-18 18:30:00,LONG,92309.51,-201.4332001112343,-209.4332001112343,0.0,-202.04527139186337,10,TIME_EXIT,Volume Spike + Direction
2024-11-19 09:45:00,2024-11-19 10:00:00,2024-11-19 10:30:00,LONG,91694.37,4.196687321152858,-3.803312678847142,24.196687321152858,-14.416370383481814,2,TRAILING_STOP,Volume Spike + Direction
2024-11-19 12:30:00,2024-11-19 12:45:00,2024-11-19 14:00:00,SHORT,92264.02,109.62322474134567,101.62322474134567,139.62322474134567,-56.79136894316939,5,TRAILING_STOP,Volume Spike + Direction
2024-11-20 09:15:00,2024-11-20 09:30:00,2024-11-20 10:15:00,SHORT,93296.24,4.968183069328973,-3.0318169306710274,34.96818306932897,-16.968529492721,3,TRAILING_STOP,Volume Spike + Direction
2024-11-20 13:15:00,2024-11-20 13:30:00,2024-11-20 13:45:00,LONG,94268.01,13.650864169085693,5.650864169085693,33.65086416908569,-6.7202012644577165,1,TRAILING_STOP,Volume Spike + Direction
2024-11-21 00:15:00,2024-11-21 00:30:00,2024-11-21 00:45:00,LONG,94819.91,-8.847279015556964,-16.847279015556964,11.152720984443036,-23.19238649351212,1,TRAILING_STOP,Volume Spike + Direction
2024-11-21 03:00:00,2024-11-21 03:15:00,2024-11-21 03:30:00,LONG,94884.86,86.55756882604796,78.55756882604796,106.55756882604796,0.0,1,TRAILING_STOP,Volume Spike + Direction
2024-11-21 10:45:00,2024-11-21 11:00:00,2024-11-21 11:15:00,LONG,97756.0,39.67817832153519,31.678178321535192,59.67817832153519,0.0,1,TRAILING_STOP,Volume Spike + Direction
2024-11-22 03:15:00,2024-11-22 03:30:00,2024-11-22 04:30:00,SHORT,98656.01,-29.136393211119167,-37.13639321111917,0.8636067888808318,-45.00384720606532,4,TRAILING_STOP,Volume Spike + Direction
2024-11-22 07:15:00,2024-11-22 07:30:00,2024-11-22 07:45:00,LONG,99232.77,-5.566260016726741,-13.56626001672674,14.43373998327326,-13.379652709483375,1,TRAILING_STOP,Volume Spike + Direction
2024-11-22 13:15:00,2024-11-22 13:30:00,2024-11-22 13:45:00,SHORT,97596.29,-12.771886103457476,-20.771886103457476,17.228113896542524,-63.51368479273238,1,TRAILING_STOP,Volume Spike + Direction
2024-11-22 19:30:00,2024-11-22 19:45:00,2024-11-22 20:00:00,SHORT,99197.93,-2.386520565499879,-10.386520565499879,27.61347943450012,-13.395440812122256,1,TRAILING_STOP,Volume Spike + Direction
2024-11-23 16:15:00,2024-11-23 16:30:00,2024-11-23 17:15:00,SHORT,97705.81,7.843194790565676,-0.1568052094343244,37.843194790565676,-25.99333652727521,3,TRAILING_STOP,Volume Spike + Direction
2024-11-24 01:00:00,2024-11-24 01:15:00,2024-11-24 03:15:00,LONG,98327.13,4.089994287435761,-3.9100057125642387,24.08999428743576,-28.059397238586005,8,TRAILING_STOP,Volume Spike + Direction
2024-11-24 12:30:00,2024-11-24 12:45:00,2024-11-24 14:30:00,SHORT,96622.75,-25.31890781415392,-33.31890781415392,4.6810921858460794,-101.81556620982161,7,TRAILING_STOP,Volume Spike + Direction
2024-11-24 22:15:00,2024-11-24 22:30:00,2024-11-24 23:15:00,LONG,97560.0,62.9704797047977,54.9704797047977,82.9704797047977,-5.196801968019382,3,TRAILING_STOP,Volume Spike + Direction
2024-11-25 09:00:00,2024-11-25 09:15:00,2024-11-25 09:45:00,LONG,98536.01,1.9199052204372045,-6.0800947795627955,21.919905220437204,-11.752048819511606,2,TRAILING_STOP,Volume Spike + Direction
2024-11-25 13:00:00,2024-11-25 13:15:00,2024-11-25 15:00:00,SHORT,97499.99,275.12721078227855,267.12721078227855,305.12721078227855,-33.70154191810651,7,TRAILING_STOP,Volume Spike + Direction
2024-11-25 21:45:00,2024-11-25 22:00:00,2024-11-25 22:30:00,SHORT,93747.81,92.41565962980846,84.41565962980846,122.41565962980846,-40.5481472047192,2,TRAILING_STOP,Volume Spike + Direction
2024-11-26 08:00:00,2024-11-26 08:15:00,2024-11-26 08:30:00,SHORT,93230.03,66.9344319636067,58.9344319636067,96.9344319636067,0.0,1,TRAILING_STOP,Volume Spike + Direction
2024-11-27 14:00:00,2024-11-27 14:15:00,2024-11-27 15:15:00,LONG,94371.99,34.890227492288204,26.890227492288204,54.890227492288204,-14.396220743040448,4,TRAILING_STOP,Volume Spike + Direction
2024-11-28 10:00:00,2024-11-28 10:15:00,2024-11-28 11:30:00,SHORT,94820.02,-21.139002079940074,-29.139002079940074,8.860997920059926,-47.192565451894644,5,TRAILING_STOP,Volume Spike + Direction
2024-11-29 02:00:00,2024-11-29 02:15:00,2024-11-29 03:15:00,LONG,96451.98,22.199237382167176,14.199237382167176,42.199237382167176,-12.16978645746724,4,TRAILING_STOP,Volume Spike + Direction
2024-11-29 07:30:00,2024-11-29 07:45:00,2024-11-29 08:30:00,SHORT,95804.93,-10.279720469500575,-18.279720469500575,19.720279530499425,-16.453224275619707,3,TRAILING_STOP,Volume Spike + Direction
2024-11-29 11:30:00,2024-11-29 11:45:00,2024-11-29 12:15:00,LONG,97112.02,19.951799993450443,11.951799993450443,39.95179999345044,0.0,2,TRAILING_STOP,Volume Spike + Direction
2024-11-29 14:30:00,2024-11-29 14:45:00,2024-11-29 15:15:00,LONG,97549.75,89.71222376274724,81.71222376274724,109.71222376274724,0.0,2,TRAILING_STOP,Volume Spike + Direction
2024-11-30 06:00:00,2024-11-30 06:15:00,2024-11-30 07:30:00,SHORT,96865.97,2.5934897467088973,-5.406510253291103,32.5934897467089,-11.75128892014417,5,TRAILING_STOP,Volume Spike + Direction
2024-11-30 22:45:00,2024-11-30 23:00:00,2024-12-01 01:30:00,SHORT,96466.11,2.9823945424983007,-5.017605457501699,32.59590336958776,-21.39404190756781,10,TIME_EXIT,Volume Spike + Direction
2024-12-01 01:45:00,2024-12-01 02:00:00,2024-12-01 03:00:00,SHORT,96106.62,12.946053039841658,4.946053039841658,42.94605303984166,-14.918847421749371,4,TRAILING_STOP,Volume Spike + Direction
2024-12-01 08:15:00,2024-12-01 08:30:00,2024-12-01 09:00:00,LONG,96949.99,2.486851210608144,-5.513148789391856,22.486851210608144,-8.990202061908773,2,TRAILING_STOP,Volume Spike + Direction
2024-12-01 13:00:00,2024-12-01 13:15:00,2024-12-01 13:30:00,LONG,97027.99,14.217961229537451,6.217961229537451,34.21796122953745,0.0,1,TRAILING_STOP,Volume Spike + Direction
2024-12-01 16:00:00,2024-12-01 16:15:00,2024-12-01 17:00:00,LONG,97239.06,-10.339273127485772,-18.33927312748577,9.660726872514228,-19.187762613090023,3,TRAILING_STOP,Volume Spike + Direction
2024-12-01 21:45:00,2024-12-01 22:00:00,2024-12-01 23:30:00,LONG,97767.61,-19.64916806292053,-27.64916806292053,0.3508319370794699,-45.711458017640346,6,TRAILING_STOP,Volume Spike + Direction
2024-12-02 01:15:00,2024-12-02 01:30:00,2024-12-02 02:00:00,LONG,98047.97,-19.79295848756493,-27.79295848756493,0.20704151243506988,-42.47818695277478,2,TRAILING_STOP,Volume Spike + Direction
2024-12-02 04:00:00,2024-12-02 04:15:00,2024-12-02 06:45:00,SHORT,96160.29,-12.447965787126021,-20.447965787126023,1.9613085609455403,-79.42051755459624,10,TIME_EXIT,Volume Spike + Direction
2024-12-02 07:15:00,2024-12-02 07:30:00,2024-12-02 09:00:00,SHORT,95848.03,71.83099224887552,63.83099224887552,101.83099224887552,-27.540472141159416,6,TRAILING_STOP,Volume Spike + Direction
2024-12-02 14:30:00,2024-12-02 14:45:00,2024-12-02 15:15:00,LONG,96718.03,10.80811302711616,2.8081130271161605,30.80811302711616,-105.09932842924945,2,TRAILING_STOP,Volume Spike + Direction
2024-12-03 06:45:00,2024-12-03 07:00:00,2024-12-03 09:30:00,SHORT,95632.22,41.01232827179024,33.01232827179024,48.49829900424803,-8.580790030807364,10,TIME_EXIT,Volume Spike + Direction
2024-12-03 10:45:00,2024-12-03 11:00:00,2024-12-03 11:45:00,SHORT,94697.9,-19.64285374860613,-27.64285374860613,10.357146251393873,-35.490755338820726,3,TRAILING_STOP,Volume Spike + Direction
2024-12-03 13:45:00,2024-12-03 14:00:00,2024-12-03 14:30:00,SHORT,93715.98,-15.294930491043504,-23.2949304910435,14.705069508956496,-105.32462019817727,2,TRAILING_STOP,Volume Spike + Direction
2024-12-04 01:30:00,2024-12-04 01:45:00,2024-12-04 04:15:00,LONG,96513.18,-73.55161232900993,-81.55161232900993,0.0,-133.55792442027035,10,TIME_EXIT,Volume Spike + Direction
2024-12-04 12:15:00,2024-12-04 12:30:00,2024-12-04 13:45:00,SHORT,95904.77,27.594632675726196,19.594632675726196,57.594632675726196,-11.140217530368563,5,TRAILING_STOP,Volume Spike + Direction
2024-12-04 15:00:00,2024-12-04 15:15:00,2024-12-04 15:30:00,LONG,96044.01,-8.493816532649008,-16.493816532649006,11.506183467350992,-31.80625215461078,1,TRAILING_STOP,Volume Spike + Direction
2024-12-04 20:00:00,2024-12-04 20:15:00,2024-12-04 20:45:00,LONG,98031.43,78.80198626093765,70.80198626093765,98.80198626093765,0.0,2,TRAILING_STOP,Volume Spike + Direction
2024-12-05 02:15:00,2024-12-05 02:30:00,2024-12-05 02:45:00,LONG,99211.99,220.69772212007788,212.69772212007788,240.69772212007788,0.0,1,TRAILING_STOP,Volume Spike + Direction
2024-12-05 14:30:00,2024-12-05 14:45:00,2024-12-05 15:15:00,LONG,103236.02,9.445149086529671,1.4451490865296712,29.44514908652967,-157.91968733393662,2,TRAILING_STOP,Volume Spike + Direction
2024-12-05 22:15:00,2024-12-05 22:30:00,2024-12-06 01:00:00,SHORT,94112.33,-352.9728782615416,-360.9728782615416,0.0,-387.32225628671534,10,TIME_EXIT,Volume Spike + Direction
2024-12-06 13:30:00,2024-12-06 13:45:00,2024-12-06 14:00:00,LONG,98747.99,5.419251571601077,-2.5807484283989233,25.419251571601077,-40.68943580522529,1,TRAILING_STOP,Volume Spike + Direction
2024-12-06 17:30:00,2024-12-06 17:45:00,2024-12-06 18:15:00,LONG,100636.01,92.33255372505342,84.33255372505342,112.33255372505342,-4.7478034949913885,2,TRAILING_STOP,Volume Spike + Direction
2024-12-06 23:15:00,2024-12-06 23:30:00,2024-12-07 02:00:00,SHORT,99404.25,-68.49103534305644,-76.49103534305644,0.0,-102.98855431231561,10,TIME_EXIT,Volume Spike + Direction
2024-12-07 18:45:00,2024-12-07 19:00:00,2024-12-07 21:15:00,LONG,100123.32,11.547096121062108,3.5470961210621077,31.547096121062108,-20.275995642175,9,TRAILING_STOP,Volume Spike + Direction
2024-12-08 08:45:00,2024-12-08 09:00:00,2024-12-08 10:00:00,SHORT,98980.02,2.564147794676842,-5.435852205323158,32.56414779467684,-43.196596646474475,4,TRAILING_STOP,Volume Spike + Direction
2024-12-08 12:45:00,2024-12-08 13:00:00,2024-12-08 14:00:00,LONG,99922.49,37.795797522659285,29.795797522659285,57.795797522659285,0.0,4,TRAILING_STOP,Volume Spike + Direction
2024-12-08 23:00:00,2024-12-08 23:15:00,2024-12-08 23:45:00,LONG,100458.01,68.89186636287194,60.89186636287194,88.89186636287194,-11.908458071187168,2,TRAILING_STOP,Volume Spike + Direction
2024-12-09 03:45:00,2024-12-09 04:00:00,2024-12-09 06:00:00,LONG,99090.84,26.830766597599023,18.830766597599023,46.83076659759902,-32.62662825342917,8,TRAILING_STOP,Volume Spike + Direction
2024-12-09 14:45:00,2024-12-09 15:00:00,2024-12-09 17:30:00,LONG,100156.26,-252.94574697577457,-260.94574697577457,0.0,-269.2053397361278,10,TIME_EXIT,Volume Spike + Direction
2024-12-09 20:45:00,2024-12-09 21:00:00,2024-12-09 22:15:00,SHORT,96252.0,116.96629680422245,108.96629680422245,146.96629680422245,-137.19403233179614,5,TRAILING_STOP,Volume Spike + Direction
2024-12-10 03:15:00,2024-12-10 03:30:00,2024-12-10 04:15:00,SHORT,95957.5,-24.007763853789438,-32.00776385378944,5.992236146210562,-103.14566344475364,3,TRAILING_STOP,Volume Spike + Direction
2024-12-10 14:45:00,2024-12-10 15:00:00,2024-12-10 15:30:00,SHORT,97820.01,134.47963969743898,126.47963969743898,164.47963969743898,0.0,2,TRAILING_STOP,Volume Spike + Direction
2024-12-11 02:30:00,2024-12-11 02:45:00,2024-12-11 03:00:00,LONG,97330.65,10.320356434483958,2.3203564344839585,30.32035643448396,-17.204241418299077,1,TRAILING_STOP,Volume Spike + Direction
2024-12-11 08:00:00,2024-12-11 08:15:00,2024-12-11 08:45:00,LONG,97816.0,47.12296556800595,39.12296556800595,67.12296556800595,0.0,2,TRAILING_STOP,Volume Spike + Direction
2024-12-11 13:30:00,2024-12-11 13:45:00,2024-12-11 14:00:00,LONG,98634.24,1.8747566767883797,-6.12524332321162,21.87475667678838,-18.48039788211465,1,TRAILING_STOP,Volume Spike + Direction
2024-12-12 02:45:00,2024-12-12 03:00:00,2024-12-12 05:30:00,LONG,101824.77,-92.78488917775104,-100.78488917775104,0.0,-123.03194988802862,10,TIME_EXIT,Volume Spike + Direction
2024-12-12 13:15:00,2024-12-12 13:30:00,2024-12-12 14:30:00,LONG,101254.06,13.576925211689876,5.5769252116898755,33.576925211689876,-61.691353413383546,4,TRAILING_STOP,Volume Spike + Direction
2024-12-12 16:00:00,2024-12-12 16:15:00,2024-12-12 18:45:00,LONG,102346.98,-145.52359043715794,-153.52359043715794,0.0,-148.12161531292824,10,TIME_EXIT,Volume Spike + Direction
2024-12-13 01:45:00,2024-12-13 02:00:00,2024-12-13 02:30:00,SHORT,99323.94,-18.025042099618446,-26.025042099618446,11.974957900381552,-35.41140232656912,2,TRAILING_STOP,Volume Spike + Direction
2024-12-13 07:45:00,2024-12-13 08:00:00,2024-12-13 09:00:00,LONG,100130.01,3.161887230411569,-4.838112769588431,23.16188723041157,-15.452909672134851,4,TRAILING_STOP,Volume Spike + Direction
2024-12-13 14:30:00,2024-12-13 14:45:00,2024-12-13 15:15:00,LONG,100884.0,27.821260061060457,19.821260061060457,47.82126006106046,-18.04052178739939,2,TRAILING_STOP,Volume Spike + Direction
2024-12-14 01:00:00,2024-12-14 01:15:00,2024-12-14 01:30:00,LONG,101918.85,51.263559194398056,43.263559194398056,71.26355919439806,0.0,1,TRAILING_STOP,Volume Spike + Direction
2024-12-14 13:15:00,2024-12-14 13:30:00,2024-12-14 16:00:00,SHORT,101060.01,-37.879473789881104,-45.879473789881104,0.0,-67.52621536451444,10,TIME_EXIT,Volume Spike + Direction
2024-12-15 01:15:00,2024-12-15 01:30:00,2024-12-15 02:00:00,LONG,101585.08,40.234239122516755,32.234239122516755,60.234239122516755,0.0,2,TRAILING_STOP,Volume Spike + Direction
2024-12-15 04:15:00,2024-12-15 04:30:00,2024-12-15 07:00:00,LONG,102612.58,-81.3136167124932,-89.3136167124932,0.0,-87.37525165043134,10,TIME_EXIT,Volume Spike + Direction
2024-12-15 11:45:00,2024-12-15 12:00:00,2024-12-15 12:45:00,LONG,102671.44,47.06149246567486,39.06149246567486,67.06149246567486,-13.451647313021088,3,TRAILING_STOP,Volume Spike + Direction
2024-12-15 23:00:00,2024-12-15 23:15:00,2024-12-15 23:30:00,LONG,103640.02,106.56307862541874,98.56307862541874,126.56307862541874,0.0,1,TRAILING_STOP,Volume Spike + Direction
2024-12-16 11:30:00,2024-12-16 11:45:00,2024-12-16 12:00:00,SHORT,104103.44,18.309642793744203,10.309642793744203,48.3096427937442,0.0,1,TRAILING_STOP,Volume Spike + Direction
2024-12-16 14:30:00,2024-12-16 14:45:00,2024-12-16 16:30:00,LONG,105388.32,151.48579652849526,143.48579652849526,171.48579652849526,-12.796484468108094,7,TRAILING_STOP,Volume Spike + Direction
2024-12-17 07:30:00,2024-12-17 07:45:00,2024-12-17 08:15:00,SHORT,106866.4,-19.438214443455067,-27.438214443455067,10.561785556544933,-43.35226039241597,2,TRAILING_STOP,Volume Spike + Direction
2024-12-17 14:45:00,2024-12-17 15:00:00,2024-12-17 17:30:00,LONG,108258.38,-81.87172207823558,-89.87172207823558,0.0,-233.92092141042562,10,TIME_EXIT,Volume Spike + Direction
2024-12-18 01:45:00,2024-12-18 02:00:00,2024-12-18 02:15:00,SHORT,105335.23,-24.756739981486163,-32.75673998148616,5.243260018513837,-25.13593979905907,1,TRAILING_STOP,Volume Spike + Direction
2024-12-18 06:45:00,2024-12-18 07:00:00,2024-12-18 08:15:00,LONG,103794.65,36.29095526599917,28.290955265999173,56.29095526599917,0.0,5,TRAILING_STOP,Volume Spike + Direction
2024-12-18 12:00:00,2024-12-18 12:15:00,2024-12-18 14:45:00,LONG,105310.33,-122.53308863432568,-130.53308863432568,0.0,-138.18777322224653,10,TIME_EXIT,Volume Spike + Direction
2024-12-18 14:45:00,2024-12-18 15:00:00,2024-12-18 15:30:00,SHORT,104019.94,-20.776768377293592,-28.776768377293592,9.22323162270641,-48.42052398799675,2,TRAILING_STOP,Volume Spike + Direction
2024-12-18 19:00:00,2024-12-18 19:15:00,2024-12-18 20:00:00,SHORT,103880.59,263.59671522851323,255.59671522851323,293.59671522851323,-18.233435139327135,3,TRAILING_STOP,Volume Spike + Direction
2024-12-19 02:00:00,2024-12-19 02:15:00,2024-12-19 02:30:00,SHORT,99144.0,-7.811062696683081,-15.81106269668308,22.18893730331692,-50.284434761558295,1,TRAILING_STOP,Volume Spike + Direction
2024-12-19 10:30:00,2024-12-19 10:45:00,2024-12-19 11:30:00,LONG,102483.39,-17.008295685768836,-25.008295685768836,2.9917043142311637,-29.957049625309505,3,TRAILING_STOP,Volume Spike + Direction
2024-12-19 14:30:00,2024-12-19 14:45:00,2024-12-19 15:00:00,SHORT,101720.34,103.73333199633393,95.73333199633393,133.73333199633393,0.0,1,TRAILING_STOP,Volume Spike + Direction
2024-12-19 18:15:00,2024-12-19 18:30:00,2024-12-19 19:00:00,LONG,98459.85,41.36613045825195,33.36613045825195,61.36613045825195,-36.547892364248554,2,TRAILING_STOP,Volume Spike + Direction
2024-12-20 07:00:00,2024-12-20 07:15:00,2024-12-20 07:45:00,LONG,98039.83,-0.2967834603550159,-8.296783460355016,19.703216539644984,-38.60777808366199,2,TRAILING_STOP,Volume Spike + Direction
2024-12-20 10:00:00,2024-12-20 10:15:00,2024-12-20 11:15:00,SHORT,94004.02,53.443239980588984,45.443239980588984,83.44323998058898,-118.15345769255424,4,TRAILING_STOP,Volume Spike + Direction
2024-12-21 05:45:00,2024-12-21 06:00:00,2024-12-21 06:15:00,LONG,98691.98,-8.847118073828593,-16.847118073828593,11.152881926171407,-37.83286139359957,1,TRAILING_STOP,Volume Spike + Direction
2024-12-21 12:45:00,2024-12-21 13:00:00,2024-12-21 13:30:00,SHORT,97132.0,45.52711773668828,37.52711773668828,75.52711773668828,-30.678869991352514,2,TRAILING_STOP,Volume Spike + Direction
2024-12-22 03:15:00,2024-12-22 03:30:00,2024-12-22 06:00:00,LONG,97160.38,-85.82510690057045,-93.82510690057045,0.0,-130.72200829185783,10,TIME_EXIT,Volume Spike + Direction
2024-12-22 14:15:00,2024-12-22 14:30:00,2024-12-22 15:00:00,SHORT,95848.01,41.13867048465495,33.13867048465495,71.13867048465495,-38.78849440901265,2,TRAILING_STOP,Volume Spike + Direction
2024-12-22 19:45:00,2024-12-22 20:00:00,2024-12-22 20:15:00,SHORT,94836.55,8.86159924628246,0.8615992462824593,38.86159924628246,-33.6283848368586,1,TRAILING_STOP,Volume Spike + Direction
2024-12-23 05:15:00,2024-12-23 05:30:00,2024-12-23 06:00:00,LONG,95713.52,-14.254730157245216,-22.254730157245216,5.745269842754784,-65.92590054153268,2,TRAILING_STOP,Volume Spike + Direction
2024-12-23 13:30:00,2024-12-23 13:45:00,2024-12-23 14:00:00,SHORT,95120.54,-1.248060618664411,-9.248060618664411,28.75193938133559,-29.799031838971022,1,TRAILING_STOP,Volume Spike + Direction
2024-12-24 13:15:00,2024-12-24 13:30:00,2024-12-24 15:15:00,LONG,94767.41,293.8705595098569,285.8705595098569,313.8705595098569,0.0,7,TRAILING_STOP,Volume Spike + Direction
2024-12-25 10:00:00,2024-12-25 10:15:00,2024-12-25 10:30:00,LONG,98625.34,32.038350387436985,24.038350387436985,52.038350387436985,0.0,1,TRAILING_STOP,Volume Spike + Direction
2024-12-25 19:30:00,2024-12-25 19:45:00,2024-12-25 20:30:00,LONG,99206.66,-0.5113890539207269,-8.511389053920727,19.488610946079273,-25.969022644246326,3,TRAILING_STOP,Volume Spike + Direction
2024-12-26 00:00:00,2024-12-26 00:15:00,2024-12-26 02:45:00,LONG,99718.03,-97.04263110693246,-105.04263110693246,0.0,-125.33039411227881,10,TIME_EXIT,Volume Spike + Direction
2024-12-26 08:00:00,2024-12-26 08:15:00,2024-12-26 08:30:00,SHORT,96702.37,82.32299684071883,74.32299684071883,112.32299684071883,0.0,1,TRAILING_STOP,Volume Spike + Direction
2024-12-26 14:45:00,2024-12-26 15:00:00,2024-12-26 15:15:00,SHORT,95449.36,-27.904648077263168,-35.90464807726317,2.0953519227368314,-80.13778196103185,1,TRAILING_STOP,Volume Spike + Direction
2024-12-27 02:00:00,2024-12-27 02:15:00,2024-12-27 02:30:00,LONG,96271.96,-2.204579609681531,-10.20457960968153,17.79542039031847,-17.466144867104475,1,TRAILING_STOP,Volume Spike + Direction
2024-12-27 07:30:00,2024-12-27 07:45:00,2024-12-27 10:15:00,SHORT,94900.01,-177.59007612327983,-185.59007612327983,0.0,-278.6690960306545,10,TIME_EXIT,Volume Spike + Direction
2024-12-27 14:30:00,2024-12-27 14:45:00,2024-12-27 15:45:00,SHORT,95380.86,113.60847658534428,105.60847658534428,143.60847658534428,-35.360343783858106,4,TRAILING_STOP,Volume Spike + Direction
2024-12-27 17:15:00,2024-12-27 17:30:00,2024-12-27 20:00:00,SHORT,93766.37,-68.50217194075093,-76.50217194075093,0.0,-111.30856404060557,10,TIME_EXIT,Volume Spike + Direction
2024-12-28 22:15:00,2024-12-28 22:30:00,2024-12-28 22:45:00,LONG,95246.51,31.180877913533052,23.180877913533052,51.18087791353305,-10.839242298745717,1,TRAILING_STOP,Volume Spike + Direction
2024-12-29 13:00:00,2024-12-29 13:15:00,2024-12-29 14:00:00,LONG,94989.68,5.465924298303644,-2.5340757016963558,25.465924298303644,-19.968484997527423,3,TRAILING_STOP,Volume Spike + Direction
2024-12-29 16:00:00,2024-12-29 16:15:00,2024-12-29 16:45:00,SHORT,94212.29,34.9904593126856,26.9904593126856,64.9904593126856,0.0,2,TRAILING_STOP,Volume Spike + Direction
2024-12-29 19:30:00,2024-12-29 19:45:00,2024-12-29 20:30:00,SHORT,93459.79,-17.71771261202346,-25.71771261202346,12.282287387976542,-23.534185129242392,3,TRAILING_STOP,Volume Spike + Direction
2024-12-30 07:30:00,2024-12-30 07:45:00,2024-12-30 10:15:00,LONG,93597.07,34.50108000175628,26.50108000175628,50.37444014005894,0.0,10,TIME_EXIT,Volume Spike + Direction
2024-12-30 13:00:00,2024-12-30 13:15:00,2024-12-30 14:00:00,SHORT,93397.77,56.91428071569689,48.91428071569689,86.91428071569689,0.0,3,TRAILING_STOP,Volume Spike + Direction
2024-12-30 21:30:00,2024-12-30 21:45:00,2024-12-30 22:00:00,SHORT,92666.66,47.55324298944231,39.55324298944231,77.55324298944231,0.0,1,TRAILING_STOP,Volume Spike + Direction
2024-12-31 06:00:00,2024-12-31 06:15:00,2024-12-31 08:30:00,LONG,92840.26,184.80554449115053,176.80554449115053,204.80554449115053,-24.605704464850465,9,TRAILING_STOP,Volume Spike + Direction
2024-12-31 13:15:00,2024-12-31 13:30:00,2024-12-31 13:45:00,LONG,95744.0,4.01717078876975,-3.98282921123025,24.01717078876975,-19.315048462566114,1,TRAILING_STOP,Volume Spike + Direction
2024-12-31 17:30:00,2024-12-31 17:45:00,2024-12-31 19:45:00,SHORT,93719.14,-29.286165024561438,-37.28616502456144,0.7138349754385633,-74.43303470347698,8,TRAILING_STOP,Volume Spike + Direction
2025-01-01 00:45:00,2025-01-01 01:00:00,2025-01-01 03:30:00,LONG,94401.13,-57.63596262036387,-65.63596262036387,0.0,-87.113364003164,10,TIME_EXIT,Volume Spike + Direction
2025-01-01 06:30:00,2025-01-01 06:45:00,2025-01-01 08:15:00,LONG,93720.01,-11.465003044706755,-19.465003044706755,8.534996955293245,-44.38859961709296,6,TRAILING_STOP,Volume Spike + Direction
2025-01-01 09:15:00,2025-01-01 09:30:00,2025-01-01 09:45:00,SHORT,93141.91,-19.98624786629305,-27.98624786629305,10.01375213370695,-32.69956564128784,1,TRAILING_STOP,Volume Spike + Direction
2025-01-01 12:15:00,2025-01-01 12:30:00,2025-01-01 13:00:00,LONG,93888.3,-18.75383833768456,-26.75383833768456,1.246161662315442,-25.61128489918407,2,TRAILING_STOP,Volume Spike + Direction
2025-01-01 19:45:00,2025-01-01 20:00:00,2025-01-01 21:15:00,LONG,94627.08,35.382666357240694,27.382666357240694,55.382666357240694,-4.993285220256189,5,TRAILING_STOP,Volume Spike + Direction
2025-01-02 00:15:00,2025-01-02 00:30:00,2025-01-02 00:45:00,LONG,94928.71,27.718967212341838,19.718967212341838,47.71896721234184,0.0,1,TRAILING_STOP,Volume Spike + Direction
2025-01-02 04:30:00,2025-01-02 04:45:00,2025-01-02 07:15:00,LONG,95812.79,-4.121579175388869,-12.12157917538887,2.422432328711689,-45.16620380222724,10,TIME_EXIT,Volume Spike + Direction
2025-01-02 09:45:00,2025-01-02 10:00:00,2025-01-02 11:15:00,LONG,96755.51,-7.507688192640408,-15.507688192640408,12.492311807359592,-29.56420776449717,5,TRAILING_STOP,Volume Spike + Direction
2025-01-02 14:00:00,2025-01-02 14:15:00,2025-01-02 14:30:00,SHORT,96368.06,-19.559818886049943,-27.559818886049943,10.440181113950057,-111.32837996323738,1,TRAILING_STOP,Volume Spike + Direction
2025-01-03 07:30:00,2025-01-03 07:45:00,2025-01-03 09:15:00,SHORT,96384.83,-0.44970666026936357,-8.449706660269364,29.550293339730636,-19.27585492447241,6,TRAILING_STOP,Volume Spike + Direction
2025-01-03 14:30:00,2025-01-03 14:45:00,2025-01-03 15:00:00,LONG,97251.99,0.3605088183794223,-7.639491181620578,20.360508818379422,-38.189449902259966,1,TRAILING_STOP,Volume Spike + Direction
2025-01-04 09:45:00,2025-01-04 10:00:00,2025-01-04 12:15:00,SHORT,97690.37,-20.749344075573127,-28.749344075573127,9.250655924426875,-33.43215917802398,9,TRAILING_STOP,Volume Spike + Direction
2025-01-04 15:30:00,2025-01-04 15:45:00,2025-01-04 17:30:00,SHORT,97637.63,-21.023952547803606,-29.023952547803606,8.976047452196394,-27.803829322772494,7,TRAILING_STOP,Volume Spike + Direction
2025-01-05 08:00:00,2025-01-05 08:15:00,2025-01-05 10:45:00,SHORT,97951.02,21.800691815154977,13.800691815154977,35.836278172499284,0.0,10,TIME_EXIT,Volume Spike + Direction
2025-01-05 14:15:00,2025-01-05 14:30:00,2025-01-05 17:00:00,SHORT,97484.97,-54.300678350724816,-62.300678350724816,0.0,-86.94365910970609,10,TIME_EXIT,Volume Spike + Direction
2025-01-05 20:15:00,2025-01-05 20:30:00,2025-01-05 23:00:00,LONG,98482.49,15.982030917374303,7.982030917374303,35.9820309173743,-32.605796218190726,10,TRAILING_STOP,Volume Spike + Direction
2025-01-05 23:00:00,2025-01-05 23:15:00,2025-01-06 01:30:00,SHORT,98555.84,34.5157100786718,26.515710078671802,64.5157100786718,-22.082912590466425,9,TRAILING_STOP,Volume Spike + Direction
2025-01-06 01:45:00,2025-01-06 02:00:00,2025-01-06 02:15:00,LONG,98759.42,7.291573806326408,-0.708426193673592,27.291573806326408,-11.08248711869684,1,TRAILING_STOP,Volume Spike + Direction
2025-01-06 11:15:00,2025-01-06 11:30:00,2025-01-06 12:45:00,LONG,99248.69,26.795579871130016,18.795579871130016,46.795579871130016,-10.70643854342151,5,TRAILING_STOP,Volume Spike + Direction
2025-01-06 14:15:00,2025-01-06 14:30:00,2025-01-06 17:00:00,SHORT,99055.0,-287.21518348392254,-295.21518348392254,0.0,-345.7675029024279,10,TIME_EXIT,Volume Spike + Direction
2025-01-07 00:30:00,2025-01-07 00:45:00,2025-01-07 03:15:00,SHORT,102056.5,39.29098097622446,31.29098097622446,41.104682210344265,-1.5089680716068237,10,TIME_EXIT,Volume Spike + Direction
2025-01-07 10:00:00,2025-01-07 10:15:00,2025-01-07 11:45:00,SHORT,101436.01,64.99190672030552,56.99190672030552,94.99190672030552,-13.597735163282504,6,TRAILING_STOP,Volume Spike + Direction
2025-01-07 14:45:00,2025-01-07 15:00:00,2025-01-07 15:15:00,SHORT,99979.69,156.62690392418693,148.62690392418693,186.62690392418693,0.0,1,TRAILING_STOP,Volume Spike + Direction
2025-01-08 03:00:00,2025-01-08 03:15:00,2025-01-08 03:45:00,SHORT,96639.19,13.704836516117382,5.704836516117382,43.70483651611738,-16.640247088163473,2,TRAILING_STOP,Volume Spike + Direction
2025-01-08 06:30:00,2025-01-08 06:45:00,2025-01-08 07:00:00,SHORT,95774.0,24.632781339403728,16.632781339403728,54.63278133940373,0.0,1,TRAILING_STOP,Volume Spike + Direction
2025-01-08 11:30:00,2025-01-08 11:45:00,2025-01-08 14:15:00,SHORT,94784.0,-69.11293045239721,-77.11293045239721,0.0,-95.07722822417212,10,TIME_EXIT,Volume Spike + Direction
2025-01-08 14:30:00,2025-01-08 14:45:00,2025-01-08 15:30:00,SHORT,95356.59,46.78126912885659,38.78126912885659,76.7812691288566,-75.79234953766809,3,TRAILING_STOP,Volume Spike + Direction
2025-01-08 17:15:00,2025-01-08 17:30:00,2025-01-08 20:00:00,SHORT,93016.38,-84.24537699704022,-92.24537699704022,0.0,-224.68623268288843,10,TIME_EXIT,Volume Spike + Direction
2025-01-09 02:00:00,2025-01-09 02:15:00,2025-01-09 04:15:00,SHORT,94079.21,-0.001873952810495183,-8.001873952810495,29.998126047189505,-84.96138519870624,8,TRAILING_STOP,Volume Spike + Direction
2025-01-09 07:30:00,2025-01-09 07:45:00,2025-01-09 08:30:00,SHORT,93621.66,63.10452303452038,55.10452303452038,93.10452303452038,0.0,3,TRAILING_STOP,Volume Spike + Direction
2025-01-09 13:15:00,2025-01-09 13:30:00,2025-01-09 14:00:00,SHORT,92872.02,85.42981406025238,77.42981406025238,115.42981406025238,0.0,2,TRAILING_STOP,Volume Spike + Direction
2025-01-09 19:45:00,2025-01-09 20:00:00,2025-01-09 20:30:00,SHORT,91909.59,46.80591328935297,38.80591328935297,76.80591328935297,-11.267594600302067,2,TRAILING_STOP,Volume Spike + Direction
2025-01-10 05:30:00,2025-01-10 05:45:00,2025-01-10 06:15:00,LONG,94102.29,-15.78968800865421,-23.78968800865421,4.210311991345789,-23.553093128764395,2,TRAILING_STOP,Volume Spike + Direction
2025-01-10 13:30:00,2025-01-10 13:45:00,2025-01-10 14:00:00,SHORT,93548.0,-12.033822208918739,-20.03382220891874,17.96617779108126,-89.54226707144932,1,TRAILING_STOP,Volume Spike + Direction
2025-01-11 04:30:00,2025-01-11 04:45:00,2025-01-11 07:15:00,SHORT,93974.02,-22.757353574956205,-30.757353574956205,0.0,-49.78503633238115,10,TIME_EXIT,Volume Spike + Direction
2025-01-11 10:45:00,2025-01-11 11:00:00,2025-01-11 12:00:00,LONG,94488.87,12.046102361050878,4.0461023610508775,32.04610236105088,0.0,4,TRAILING_STOP,Volume Spike + Direction
2025-01-11 17:00:00,2025-01-11 17:15:00,2025-01-11 19:45:00,SHORT,94111.18,-14.672008150360218,-22.67200815036022,6.611329280961796,-22.974953666503932,10,TIME_EXIT,Volume Spike + Direction
2025-01-11 20:45:00,2025-01-11 21:00:00,2025-01-11 22:00:00,LONG,94586.12,29.142516893599932,21.142516893599932,49.14251689359993,0.0,4,TRAILING_STOP,Volume Spike + Direction
2025-01-12 08:30:00,2025-01-12 08:45:00,2025-01-12 10:45:00,SHORT,94267.03,28.96441205371554,20.96441205371554,58.96441205371554,0.0,8,TRAILING_STOP,Volume Spike + Direction
2025-01-12 15:15:00,2025-01-12 15:30:00,2025-01-12 18:00:00,LONG,95267.19,-7.963917063156301,-15.963917063156302,4.92614508730582,-49.93954371909251,10,TIME_EXIT,Volume Spike + Direction
2025-01-12 22:00:00,2025-01-12 22:15:00,2025-01-12 23:00:00,SHORT,94043.21,-4.138483788462093,-12.138483788462093,25.861516211537907,-21.988828326892882,3,TRAILING_STOP,Volume Spike + Direction
2025-01-13 06:45:00,2025-01-13 07:00:00,2025-01-13 07:30:00,SHORT,93637.38,-12.039224079100936,-20.039224079100936,17.960775920899064,-33.09789317044093,2,TRAILING_STOP,Volume Spike + Direction
2025-01-13 09:30:00,2025-01-13 09:45:00,2025-01-13 12:15:00,LONG,92935.88,-224.53437789581486,-232.53437789581486,0.0,-256.1852322267788,10,TIME_EXIT,Volume Spike + Direction
2025-01-13 14:30:00,2025-01-13 14:45:00,2025-01-13 15:15:00,LONG,91245.67,183.2238899665049,175.2238899665049,203.2238899665049,0.0,2,TRAILING_STOP,Volume Spike + Direction
2025-01-13 20:45:00,2025-01-13 21:00:00,2025-01-13 21:45:00,LONG,93575.53,75.80175501009732,67.80175501009732,95.80175501009732,-6.135150931018343,3,TRAILING_STOP,Volume Spike + Direction
2025-01-14 08:00:00,2025-01-14 08:15:00,2025-01-14 08:45:00,LONG,95536.46,9.647319986525634,1.647319986525634,29.647319986525634,-30.213595940231478,2,TRAILING_STOP,Volume Spike + Direction
2025-01-14 13:30:00,2025-01-14 13:45:00,2025-01-14 14:30:00,LONG,96296.01,80.67603008681266,72.67603008681266,100.67603008681266,-27.652236058378623,3,TRAILING_STOP,Volume Spike + Direction
2025-01-15 00:15:00,2025-01-15 00:30:00,2025-01-15 01:00:00,LONG,97208.21,-19.409514895913556,-27.409514895913556,0.5904851040864435,-45.48895612829434,2,TRAILING_STOP,Volume Spike + Direction
2025-01-15 13:30:00,2025-01-15 13:45:00,2025-01-15 14:00:00,LONG,98512.0,75.31833685236316,67.31833685236316,95.31833685236316,0.0,1,TRAILING_STOP,Volume Spike + Direction
2025-01-15 20:00:00,2025-01-15 20:15:00,2025-01-15 22:45:00,LONG,100245.7,-53.09354914973816,-61.09354914973816,0.0,-78.29762274092498,10,TIME_EXIT,Volume Spike + Direction
2025-01-16 00:30:00,2025-01-16 00:45:00,2025-01-16 03:15:00,SHORT,99848.2,30.866855887236536,22.866855887236536,37.72927303646948,-35.23348442936407,10,TIME_EXIT,Volume Spike + Direction
2025-01-16 06:30:00,2025-01-16 06:45:00,2025-01-16 08:15:00,LONG,99810.42,-16.034482171300176,-24.034482171300176,3.9655178286998236,-40.09501212398488,6,TRAILING_STOP,Volume Spike + Direction
2025-01-16 09:15:00,2025-01-16 09:30:00,2025-01-16 11:00:00,LONG,98947.45,26.31650436671265,18.31650436671265,46.31650436671265,0.0,6,TRAILING_STOP,Volume Spike + Direction
2025-01-16 13:30:00,2025-01-16 13:45:00,2025-01-16 14:30:00,LONG,99391.59,-16.642573078868153,-24.642573078868153,3.357426921131848,-117.65985431966651,3,TRAILING_STOP,Volume Spike + Direction
2025-01-17 01:30:00,2025-01-17 01:45:00,2025-01-17 02:15:00,LONG,101635.5,30.438085117897252,22.438085117897252,50.43808511789725,-16.543432166910126,2,TRAILING_STOP,Volume Spike + Direction
2025-01-17 08:30:00,2025-01-17 08:45:00,2025-01-17 09:15:00,LONG,101964.61,11.715906136452581,3.715906136452581,31.71590613645258,0.0,2,TRAILING_STOP,Volume Spike + Direction
2025-01-17 14:30:00,2025-01-17 14:45:00,2025-01-17 17:15:00,SHORT,102546.34,-240.74676872914276,-248.74676872914276,0.0,-265.5287355940747,10,TIME_EXIT,Volume Spike + Direction
2025-01-18 03:30:00,2025-01-18 03:45:00,2025-01-18 04:15:00,SHORT,103291.07,30.462148373523874,22.462148373523874,60.462148373523874,-42.1294890255265,2,TRAILING_STOP,Volume Spike + Direction
2025-01-18 13:45:00,2025-01-18 14:00:00,2025-01-18 14:15:00,LONG,104365.81,-5.993497295713263,-13.993497295713263,14.006502704286737,-18.137165801711653,1,TRAILING_STOP,Volume Spike + Direction
2025-01-19 02:15:00,2025-01-19 02:30:00,2025-01-19 02:45:00,LONG,105190.61,-17.53495107595697,-25.53495107595697,2.4650489240430318,-35.135265400590086,1,TRAILING_STOP,Volume Spike + Direction
2025-01-19 09:00:00,2025-01-19 09:15:00,2025-01-19 11:45:00,SHORT,104121.85,-23.18245401901619,-31.18245401901619,0.0,-131.97806224149812,10,TIME_EXIT,Volume Spike + Direction
2025-01-19 19:45:00,2025-01-19 20:00:00,2025-01-19 21:00:00,LONG,106200.0,0.9444444444437892,-7.055555555556211,20.94444444444379,-67.2316384180791,4,TRAILING_STOP,Volume Spike + Direction
2025-01-19 22:45:00,2025-01-19 23:00:00,2025-01-20 01:30:00,LONG,103414.0,-322.17494729920566,-330.17494729920566,0.0,-373.64380064594735,10,TIME_EXIT,Volume Spike + Direction
2025-01-20 06:30:00,2025-01-20 06:45:00,2025-01-20 07:00:00,LONG,104689.92,439.458752093803,431.458752093803,459.458752093803,0.0,1,TRAILING_STOP,Volume Spike + Direction
2025-01-20 12:15:00,2025-01-20 12:30:00,2025-01-20 12:45:00,SHORT,106655.98,-12.664825732228099,-20.6648257322281,17.3351742677719,-64.8439965579057,1,TRAILING_STOP,Volume Spike + Direction
2025-01-20 15:45:00,2025-01-20 16:00:00,2025-01-20 16:15:00,SHORT,104957.99,29.641957701362728,21.641957701362728,59.64195770136273,-66.85055611297379,1,TRAILING_STOP,Volume Spike + Direction
2025-01-20 23:45:00,2025-01-21 00:00:00,2025-01-21 00:30:00,SHORT,102260.0,29.44259730099752,21.44259730099752,59.44259730099752,-26.048308233913097,2,TRAILING_STOP,Volume Spike + Direction
2025-01-21 14:30:00,2025-01-21 14:45:00,2025-01-21 15:15:00,SHORT,103758.6,62.05694756868469,54.05694756868469,92.05694756868469,-6.566202705124212,2,TRAILING_STOP,Volume Spike + Direction
2025-01-22 13:30:00,2025-01-22 13:45:00,2025-01-22 14:00:00,SHORT,104620.0,57.93729688396101,49.93729688396101,87.93729688396101,0.0,1,TRAILING_STOP,Volume Spike + Direction
2025-01-23 01:45:00,2025-01-23 02:00:00,2025-01-23 02:30:00,SHORT,102931.94,50.824280587736155,42.824280587736155,80.82428058773615,0.0,2,TRAILING_STOP,Volume Spike + Direction
2025-01-23 10:30:00,2025-01-23 10:45:00,2025-01-23 13:15:00,SHORT,101290.18,-23.00420435623763,-31.00420435623763,0.8450967309958055,-89.33245058899153,10,TIME_EXIT,Volume Spike + Direction
2025-01-23 13:30:00,2025-01-23 13:45:00,2025-01-23 14:00:00,LONG,102164.9,16.226727574734625,8.226727574734625,36.226727574734625,0.0,1,TRAILING_STOP,Volume Spike + Direction
2025-01-23 20:00:00,2025-01-23 20:15:00,2025-01-23 20:30:00,LONG,104846.03,74.2868318428459,66.2868318428459,94.2868318428459,-37.39197373519947,1,TRAILING_STOP,Volume Spike + Direction
2025-01-24 03:30:00,2025-01-24 03:45:00,2025-01-24 04:45:00,LONG,104110.82,58.14557603138532,50.14557603138532,78.14557603138532,-29.39656031909103,4,TRAILING_STOP,Volume Spike + Direction
2025-01-24 14:30:00,2025-01-24 14:45:00,2025-01-24 17:15:00,LONG,106221.99,24.123065289964035,16.123065289964035,26.022860238261234,-90.61212278173285,10,TIME_EXIT,Volume Spike + Direction
2025-01-25 13:00:00,2025-01-25 13:15:00,2025-01-25 15:30:00,LONG,104820.0,7.772371684793036,-0.2276283152069638,27.772371684793036,-33.08910513260795,9,TRAILING_STOP,Volume Spike + Direction
2025-01-25 17:15:00,2025-01-25 17:30:00,2025-01-25 18:00:00,LONG,104780.01,9.97422886292977,1.9742288629297704,29.97422886292977,-20.67760825752822,2,TRAILING_STOP,Volume Spike + Direction
2025-01-26 03:30:00,2025-01-26 03:45:00,2025-01-26 04:30:00,LONG,105084.13,19.574957702937198,11.574957702937198,39.5749577029372,-10.021494206594056,3,TRAILING_STOP,Volume Spike + Direction
2025-01-26 09:30:00,2025-01-26 09:45:00,2025-01-26 11:45:00,SHORT,104629.15,-17.656403593071893,-25.656403593071893,12.343596406928107,-20.887104597524512,8,TRAILING_STOP,Volume Spike + Direction
2025-01-26 13:00:00,2025-01-26 13:15:00,2025-01-26 14:00:00,LONG,104992.62,-14.597715534672707,-22.59771553467271,5.402284465327293,-17.965072211741678,3,TRAILING_STOP,Volume Spike + Direction
2025-01-26 18:00:00,2025-01-26 18:15:00,2025-01-26 20:00:00,LONG,105086.18,-3.803769439519865,-11.803769439519865,16.196230560480135,-12.007287732791601,7,TRAILING_STOP,Volume Spike + Direction
2025-01-26 21:00:00,2025-01-26 21:15:00,2025-01-26 22:30:00,SHORT,104744.18,10.084327358330178,2.084327358330178,40.08432735833018,-16.539343761152672,5,TRAILING_STOP,Volume Spike + Direction
2025-01-26 23:45:00,2025-01-27 00:00:00,2025-01-27 01:15:00,SHORT,102620.01,111.41588955214405,103.41588955214405,141.41588955214405,-41.39251204516586,5,TRAILING_STOP,Volume Spike + Direction
2025-01-27 05:45:00,2025-01-27 06:00:00,2025-01-27 08:30:00,LONG,100374.07,-154.85573116642632,-162.85573116642632,0.0,-258.66242147997013,10,TIME_EXIT,Volume Spike + Direction
2025-01-27 12:45:00,2025-01-27 13:00:00,2025-01-27 13:15:00,LONG,100619.68,84.05320311096304,76.05320311096304,104.05320311096304,-0.18386065230889911,1,TRAILING_STOP,Volume Spike + Direction
2025-01-28 14:00:00,2025-01-28 14:15:00,2025-01-28 16:30:00,SHORT,101962.97,-24.436215422128647,-32.43621542212865,5.563784577871351,-180.16638785629712,9,TRAILING_STOP,Volume Spike + Direction
2025-01-29 09:15:00,2025-01-29 09:30:00,2025-01-29 10:15:00,SHORT,102350.0,-13.453834880312083,-21.453834880312083,16.546165119687917,-34.196384953590616,3,TRAILING_STOP,Volume Spike + Direction
2025-01-29 12:00:00,2025-01-29 12:15:00,2025-01-29 14:45:00,LONG,102775.67,-72.55997455428948,-80.55997455428948,0.0,-116.10724600481835,10,TIME_EXIT,Volume Spike + Direction
2025-01-29 19:00:00,2025-01-29 19:15:00,2025-01-29 19:30:00,SHORT,102048.01,26.238235316886062,18.238235316886062,56.23823531688606,-191.18354194266067,1,TRAILING_STOP,Volume Spike + Direction
2025-01-30 03:45:00,2025-01-30 04:00:00,2025-01-30 05:00:00,LONG,105196.0,18.00619795429462,10.00619795429462,38.00619795429462,-33.61629719761252,4,TRAILING_STOP,Volume Spike + Direction
2025-01-30 13:15:00,2025-01-30 13:30:00,2025-01-30 14:45:00,LONG,105259.14,71.48279189816698,63.48279189816698,91.48279189816698,-56.92047265444117,5,TRAILING_STOP,Volume Spike + Direction
2025-01-31 03:00:00,2025-01-31 03:15:00,2025-01-31 03:45:00,SHORT,104218.91,-8.995174676073326,-16.995174676073326,21.004825323926674,-15.241955610550068,2,TRAILING_STOP,Volume Spike + Direction
2025-01-31 07:45:00,2025-01-31 08:00:00,2025-01-31 09:45:00,SHORT,104188.57,-5.810206436270949,-13.81020643627095,24.18979356372905,-13.548511127467144,7,TRAILING_STOP,Volume Spike + Direction
2025-01-31 14:30:00,2025-01-31 14:45:00,2025-01-31 15:00:00,SHORT,104485.12,-26.063554312806446,-34.063554312806446,3.9364456871935554,-47.50915728478933,1,TRAILING_STOP,Volume Spike + Direction
2025-01-31 18:30:00,2025-01-31 18:45:00,2025-01-31 19:15:00,SHORT,103096.27,62.871449180460274,54.871449180460274,92.87144918046027,0.0,2,TRAILING_STOP,Volume Spike + Direction
2025-02-01 08:15:00,2025-02-01 08:30:00,2025-02-01 10:00:00,SHORT,102009.27,28.550561140179134,20.550561140179134,58.550561140179134,-4.300589544459571,6,TRAILING_STOP,Volume Spike + Direction
2025-02-01 19:30:00,2025-02-01 19:45:00,2025-02-01 20:45:00,SHORT,101557.32,24.877383530798852,16.877383530798852,54.87738353079885,-11.055825419575747,4,TRAILING_STOP,Volume Spike + Direction
2025-02-01 22:15:00,2025-02-01 22:30:00,2025-02-01 23:30:00,SHORT,100730.0,14.72252556338779,6.722525563387791,44.72252556338779,-23.645388662761146,4,TRAILING_STOP,Volume Spike + Direction
2025-02-02 03:00:00,2025-02-02 03:15:00,2025-02-02 04:15:00,SHORT,99976.63,64.56610009759304,56.566100097593036,94.56610009759304,0.0,4,TRAILING_STOP,Volume Spike + Direction
2025-02-02 11:30:00,2025-02-02 11:45:00,2025-02-02 12:00:00,SHORT,98828.0,-22.1074998988141,-30.1074998988141,7.892500101185899,-34.220059092565094,1,TRAILING_STOP,Volume Spike + Direction
2025-02-02 17:15:00,2025-02-02 17:30:00,2025-02-02 18:00:00,SHORT,97848.0,54.72324421551795,46.72324421551795,84.72324421551795,0.0,2,TRAILING_STOP,Volume Spike + Direction
2025-02-02 22:30:00,2025-02-02 22:45:00,2025-02-02 23:15:00,SHORT,97159.99,33.492184385774365,25.492184385774365,63.492184385774365,-85.8872052168795,2,TRAILING_STOP,Volume Spike + Direction
2025-02-03 01:15:00,2025-02-03 01:30:00,2025-02-03 01:45:00,SHORT,95161.49,302.2236757747283,294.2236757747283,332.2236757747283,0.0,1,TRAILING_STOP,Volume Spike + Direction
2025-02-03 14:30:00,2025-02-03 14:45:00,2025-02-03 15:00:00,LONG,96150.85,64.5806355326032,56.580635532603196,84.5806355326032,0.0,1,TRAILING_STOP,Volume Spike + Direction
2025-02-04 04:00:00,2025-02-04 04:15:00,2025-02-04 05:15:00,SHORT,100269.77,156.0062110444655,148.0062110444655,186.0062110444655,-6.724858349629506,4,TRAILING_STOP,Volume Spike + Direction
2025-02-04 14:00:00,2025-02-04 14:15:00,2025-02-04 15:15:00,SHORT,98683.4,11.285565758779924,3.2855657587799243,41.285565758779924,-175.47024119558162,4,TRAILING_STOP,Volume Spike + Direction
2025-02-04 19:45:00,2025-02-04 20:00:00,2025-02-04 20:15:00,SHORT,98859.78,60.44628664963591,52.44628664963591,90.44628664963591,0.0,1,TRAILING_STOP,Volume Spike + Direction
2025-02-05 14:30:00,2025-02-05 14:45:00,2025-02-05 17:15:00,LONG,98789.32,-119.57972784912447,-127.57972784912447,0.0,-148.02511040667164,10,TIME_EXIT,Volume Spike + Direction
2025-02-05 22:15:00,2025-02-05 22:30:00,2025-02-05 23:00:00,SHORT,96530.87,0.04116714166055857,-7.958832858339441,30.04116714166056,-30.449326728331318,2,TRAILING_STOP,Volume Spike + Direction
2025-02-06 14:30:00,2025-02-06 14:45:00,2025-02-06 15:00:00,SHORT,98107.84,17.510983831668838,9.510983831668838,47.51098383166884,0.0,1,TRAILING_STOP,Volume Spike + Direction
2025-02-07 01:45:00,2025-02-07 02:00:00,2025-02-07 03:15:00,LONG,97404.01,17.779758759419174,9.779758759419174,37.779758759419174,-36.59192265287623,5,TRAILING_STOP,Volume Spike + Direction
2025-02-07 06:30:00,2025-02-07 06:45:00,2025-02-07 08:30:00,SHORT,96757.93,-15.04618691201974,-23.046186912019742,14.95381308798026,-47.08761338734723,7,TRAILING_STOP,Volume Spike + Direction
2025-02-07 13:30:00,2025-02-07 13:45:00,2025-02-07 14:15:00,LONG,98337.99,147.7896812818723,139.7896812818723,167.7896812818723,0.0,2,TRAILING_STOP,Volume Spike + Direction
2025-02-08 13:00:00,2025-02-08 13:15:00,2025-02-08 13:45:00,LONG,96185.47,14.521846179054165,6.521846179054165,34.521846179054165,-2.579391669032513,2,TRAILING_STOP,Volume Spike + Direction
2025-02-08 23:45:00,2025-02-09 00:00:00,2025-02-09 01:00:00,SHORT,96444.75,-21.227101527040034,-29.227101527040034,8.772898472959968,-28.7708765899643,4,TRAILING_STOP,Volume Spike + Direction
2025-02-09 03:30:00,2025-02-09 03:45:00,2025-02-09 04:00:00,LONG,97175.37,-4.798617180464435,-12.798617180464435,15.201382819535565,-10.029290343838346,1,TRAILING_STOP,Volume Spike + Direction
2025-02-09 09:00:00,2025-02-09 09:15:00,2025-02-09 11:45:00,SHORT,97010.88,47.09471762342635,39.09471762342635,51.63544542632726,-0.9401007392155749,10,TIME_EXIT,Volume Spike + Direction
2025-02-09 12:00:00,2025-02-09 12:15:00,2025-02-09 14:45:00,LONG,96649.99,-54.03621873111516,-62.03621873111516,0.0,-98.29178461373924,10,TIME_EXIT,Volume Spike + Direction
2025-02-09 21:30:00,2025-02-09 21:45:00,2025-02-09 22:00:00,SHORT,95036.26,-2.9503244340641714,-10.950324434064171,27.04967556593583,-51.72025919370132,1,TRAILING_STOP,Volume Spike + Direction
2025-02-10 03:30:00,2025-02-10 03:45:00,2025-02-10 04:30:00,LONG,96996.98,-2.1623312395907526,-10.162331239590753,17.837668760409247,-37.54446787930905,3,TRAILING_STOP,Volume Spike + Direction
2025-02-10 13:45:00,2025-02-10 14:00:00,2025-02-10 16:30:00,LONG,98215.71,-109.76044463762508,-117.76044463762508,0.0,-137.3833167830286,10,TIME_EXIT,Volume Spike + Direction
2025-02-11 00:30:00,2025-02-11 00:45:00,2025-02-11 02:00:00,LONG,98007.46,-10.557861615840917,-18.557861615840917,9.442138384159083,-22.890094284660684,5,TRAILING_STOP,Volume Spike + Direction
2025-02-11 05:00:00,2025-02-11 05:15:00,2025-02-11 06:00:00,LONG,98163.68,12.062775152684296,4.062775152684296,32.062775152684296,-5.216797088290889,3,TRAILING_STOP,Volume Spike + Direction
2025-02-11 13:15:00,2025-02-11 13:30:00,2025-02-11 14:00:00,SHORT,97543.3,67.18453240765908,59.18453240765908,97.18453240765908,0.0,2,TRAILING_STOP,Volume Spike + Direction
2025-02-12 02:45:00,2025-02-12 03:00:00,2025-02-12 03:15:00,SHORT,95579.13,-9.46308990257516,-17.46308990257516,20.53691009742484,-19.202936875444838,1,TRAILING_STOP,Volume Spike + Direction
2025-02-12 07:15:00,2025-02-12 07:30:00,2025-02-12 09:00:00,LONG,96079.68,20.601717241356944,12.601717241356944,40.601717241356944,-13.82290199134694,6,TRAILING_STOP,Volume Spike + Direction
2025-02-12 13:15:00,2025-02-12 13:30:00,2025-02-12 16:00:00,LONG,96505.42,-118.33221387980088,-126.33221387980088,0.0,-212.98492872213794,10,TIME_EXIT,Volume Spike + Direction
2025-02-12 22:30:00,2025-02-12 22:45:00,2025-02-13 01:00:00,SHORT,97833.26,0.581624286054435,-7.418375713945565,30.581624286054435,-17.044305791302467,9,TRAILING_STOP,Volume Spike + Direction
2025-02-13 04:45:00,2025-02-13 05:00:00,2025-02-13 07:00:00,SHORT,96927.46,86.31997784735165,78.31997784735165,116.31997784735165,0.0,8,TRAILING_STOP,Volume Spike + Direction
2025-02-13 11:45:00,2025-02-13 12:00:00,2025-02-13 13:30:00,SHORT,95925.12,0.057820099677933,-7.942179900322067,30.057820099677933,-39.24623706491075,6,TRAILING_STOP,Volume Spike + Direction
2025-02-14 03:45:00,2025-02-14 04:00:00,2025-02-14 06:30:00,LONG,97129.98,-47.46217388287324,-55.46217388287324,0.0,-58.542172046158704,10,TIME_EXIT,Volume Spike + Direction
2025-02-14 13:30:00,2025-02-14 13:45:00,2025-02-14 14:15:00,LONG,96726.86,-0.10790384387506435,-8.107903843875064,19.892096156124936,-13.540189353815595,2,TRAILING_STOP,Volume Spike + Direction
2025-02-14 16:45:00,2025-02-14 17:00:00,2025-02-14 17:45:00,LONG,97658.7,99.52852126845872,91.52852126845872,119.52852126845872,-47.71208299926142,3,TRAILING_STOP,Volume Spike + Direction
2025-02-15 04:00:00,2025-02-15 04:15:00,2025-02-15 06:45:00,LONG,97775.03,-29.293777767186395,-37.2937777671864,0.0,-34.36357933104242,10,TIME_EXIT,Volume Spike + Direction
2025-02-15 12:30:00,2025-02-15 12:45:00,2025-02-15 13:30:00,LONG,97729.48,3.8443916820184505,-4.1556083179815495,23.84439168201845,-5.341274710557867,3,TRAILING_STOP,Volume Spike + Direction
2025-02-15 23:00:00,2025-02-15 23:15:00,2025-02-16 01:45:00,SHORT,97441.5,-20.679074111133346,-28.679074111133346,0.0,-26.987474536003774,10,TIME_EXIT,Volume Spike + Direction
2025-02-16 08:30:00,2025-02-16 08:45:00,2025-02-16 09:45:00,SHORT,97179.99,-17.815392860196475,-25.815392860196475,12.184607139803523,-19.114017196338462,4,TRAILING_STOP,Volume Spike + Direction
2025-02-16 12:30:00,2025-02-16 12:45:00,2025-02-16 14:45:00,SHORT,97165.26,23.50780721422337,15.50780721422337,53.50780721422337,-4.854615734059504,8,TRAILING_STOP,Volume Spike + Direction
2025-02-16 23:00:00,2025-02-16 23:15:00,2025-02-17 00:15:00,SHORT,96337.49,2.626965888358413,-5.373034111641587,32.62696588835841,-11.004023459610039,4,TRAILING_STOP,Volume Spike + Direction
2025-02-17 05:00:00,2025-02-17 05:15:00,2025-02-17 07:15:00,LONG,96237.37,3.4659363613118046,-4.534063638688195,23.465936361311805,-22.260583388760097,8,TRAILING_STOP,Volume Spike + Direction
2025-02-17 11:00:00,2025-02-17 11:15:00,2025-02-17 13:45:00,LONG,96238.67,18.0052363566536,10.005236356653601,28.262028143157554,-25.838885761825082,10,TIME_EXIT,Volume Spike + Direction
2025-02-17 14:00:00,2025-02-17 14:15:00,2025-02-17 16:45:00,LONG,96925.21,-164.09146805046967,-172.09146805046967,0.0,-167.34552341955202,10,TIME_EXIT,Volume Spike + Direction
2025-02-18 05:15:00,2025-02-18 05:30:00,2025-02-18 07:15:00,SHORT,95869.99,34.24012352562151,26.240123525621513,64.24012352562151,0.0,7,TRAILING_STOP,Volume Spike + Direction
2025-02-18 08:45:00,2025-02-18 09:00:00,2025-02-18 11:30:00,SHORT,95238.89,-40.99690788080343,-48.99690788080343,0.0,-66.49384510886244,10,TIME_EXIT,Volume Spike + Direction
2025-02-18 13:00:00,2025-02-18 13:15:00,2025-02-18 14:15:00,LONG,96350.0,21.921120913337155,13.921120913337155,41.921120913337155,-25.14063310845832,4,TRAILING_STOP,Volume Spike + Direction
2025-02-18 16:30:00,2025-02-18 16:45:00,2025-02-18 18:00:00,SHORT,94671.66,67.3617659181222,59.3617659181222,97.3617659181222,-21.873494137527718,5,TRAILING_STOP,Volume Spike + Direction
2025-02-19 05:15:00,2025-02-19 05:30:00,2025-02-19 08:00:00,SHORT,95109.55,-65.97970445659756,-73.97970445659756,0.0,-77.4475328713038,10,TIME_EXIT,Volume Spike + Direction
2025-02-19 10:00:00,2025-02-19 10:15:00,2025-02-19 12:30:00,LONG,96371.29,-7.163189368949363,-15.163189368949363,12.836810631050637,-24.932736710279467,9,TRAILING_STOP,Volume Spike + Direction
2025-02-19 14:30:00,2025-02-19 14:45:00,2025-02-19 15:15:00,SHORT,96005.47,18.862840836048257,10.862840836048257,48.86284083604826,-17.663576877442686,2,TRAILING_STOP,Volume Spike + Direction
2025-02-20 02:45:00,2025-02-20 03:00:00,2025-02-20 05:00:00,LONG,97134.52,1.0625429558921482,-6.937457044107852,21.062542955892148,-15.980930363377558,8,TRAILING_STOP,Volume Spike + Direction
2025-02-20 14:00:00,2025-02-20 14:15:00,2025-02-20 14:30:00,LONG,97732.77,13.702104217448266,5.702104217448266,33.702104217448266,-0.37449056237774625,1,TRAILING_STOP,Volume Spike + Direction
2025-02-21 09:30:00,2025-02-21 09:45:00,2025-02-21 12:15:00,SHORT,98214.71,-65.98604221302361,-73.98604221302361,0.0,-69.77366221414275,10,TIME_EXIT,Volume Spike + Direction
2025-02-21 13:00:00,2025-02-21 13:15:00,2025-02-21 14:00:00,LONG,99316.82,-4.073191227830996,-12.073191227830996,15.926808772169004,-24.536629344354996,3,TRAILING_STOP,Volume Spike + Direction
2025-02-21 15:45:00,2025-02-21 16:00:00,2025-02-21 16:15:00,LONG,98104.04,46.5579113765352,38.5579113765352,66.5579113765352,0.0,1,TRAILING_STOP,Volume Spike + Direction
2025-02-22 09:00:00,2025-02-22 09:15:00,2025-02-22 11:45:00,LONG,96369.68,21.824291623673236,13.824291623673236,25.09606755983893,-1.1570029079679605,10,TIME_EXIT,Volume Spike + Direction
2025-02-23 12:15:00,2025-02-23 12:30:00,2025-02-23 13:45:00,SHORT,95814.65,-13.55157588114226,-21.55157588114226,16.44842411885774,-17.220748601596938,5,TRAILING_STOP,Volume Spike + Direction
2025-02-23 15:45:00,2025-02-23 16:00:00,2025-02-23 17:30:00,SHORT,95436.19,-8.179137285342176,-16.179137285342176,21.820862714657824,-17.303708373102427,6,TRAILING_STOP,Volume Spike + Direction
2025-02-23 22:15:00,2025-02-23 22:30:00,2025-02-24 01:00:00,SHORT,95615.31,-53.98926176153182,-61.98926176153182,0.0,-92.52597727288676,10,TIME_EXIT,Volume Spike + Direction
2025-02-24 04:30:00,2025-02-24 04:45:00,2025-02-24 05:30:00,SHORT,95256.0,-28.321365583269795,-36.321365583269795,1.6786344167302047,-49.47404887881121,3,TRAILING_STOP,Volume Spike + Direction
2025-02-24 14:30:00,2025-02-24 14:45:00,2025-02-24 15:00:00,SHORT,95140.5,70.1150929414918,62.115092941491795,100.1150929414918,0.0,1,TRAILING_STOP,Volume Spike + Direction
2025-02-24 22:00:00,2025-02-24 22:15:00,2025-02-24 23:30:00,SHORT,93166.07,137.34311107037217,129.34311107037217,167.34311107037217,-47.98206042178218,5,TRAILING_STOP,Volume Spike + Direction
2025-02-25 06:15:00,2025-02-25 06:30:00,2025-02-25 07:00:00,SHORT,91560.0,134.91808650065587,126.91808650065587,164.91808650065587,-14.089121887287023,2,TRAILING_STOP,Volume Spike + Direction
2025-02-25 14:45:00,2025-02-25 15:00:00,2025-02-25 15:15:00,SHORT,87157.25,74.58338233480337,66.58338233480337,104.58338233480337,-2.084737643741428,1,TRAILING_STOP,Volume Spike + Direction
2025-02-26 12:45:00,2025-02-26 13:00:00,2025-02-26 13:15:00,SHORT,87938.81,17.799145792397745,9.799145792397745,47.799145792397745,0.0,1,TRAILING_STOP,Volume Spike + Direction
2025-02-26 18:30:00,2025-02-26 18:45:00,2025-02-26 19:00:00,SHORT,84752.01,76.0753603365861,68.0753603365861,106.0753603365861,-10.694731605775418,1,TRAILING_STOP,Volume Spike + Direction
2025-02-27 13:30:00,2025-02-27 13:45:00,2025-02-27 16:15:00,LONG,86609.71,-195.32451961795178,-203.32451961795178,0.0,-227.3370964987651,10,TIME_EXIT,Volume Spike + Direction
2025-02-28 01:15:00,2025-02-28 01:30:00,2025-02-28 02:00:00,SHORT,83177.27,200.98497943007797,192.98497943007797,230.98497943007797,0.0,2,TRAILING_STOP,Volume Spike + Direction
2025-02-28 13:30:00,2025-02-28 13:45:00,2025-02-28 14:00:00,LONG,81502.07,87.78131156668631,79.78131156668631,107.78131156668631,0.0,1,TRAILING_STOP,Volume Spike + Direction
2025-03-01 01:30:00,2025-03-01 01:45:00,2025-03-01 02:45:00,LONG,84518.85,117.15993532803566,109.15993532803566,137.15993532803566,-18.991029811693995,4,TRAILING_STOP,Volume Spike + Direction
2025-03-01 07:00:00,2025-03-01 07:15:00,2025-03-01 08:00:00,SHORT,85000.01,0.5717611092046475,-7.4282388907953525,30.571761109204648,-4.91999942117736,3,TRAILING_STOP,Volume Spike + Direction
2025-03-01 13:15:00,2025-03-01 13:30:00,2025-03-01 14:00:00,SHORT,84450.82,-21.328681000372704,-29.328681000372704,8.671318999627294,-48.28135475771469,2,TRAILING_STOP,Volume Spike + Direction
2025-03-01 21:45:00,2025-03-01 22:00:00,2025-03-01 23:00:00,LONG,86076.86,1.5946538942062531,-6.405346105793747,21.594653894206253,-47.46455667643983,4,TRAILING_STOP,Volume Spike + Direction
2025-03-02 08:00:00,2025-03-02 08:15:00,2025-03-02 09:30:00,SHORT,85766.01,-14.506682775613543,-22.50668277561354,15.493317224386457,-37.7340627131896,5,TRAILING_STOP,Volume Spike + Direction
2025-03-02 14:15:00,2025-03-02 14:30:00,2025-03-02 15:15:00,SHORT,85421.98,13.475929731433304,5.475929731433304,43.475929731433304,-219.85208022572223,3,TRAILING_STOP,Volume Spike + Direction
2025-03-02 17:15:00,2025-03-02 17:30:00,2025-03-02 17:45:00,LONG,92702.91,227.79049546556809,219.79049546556809,247.79049546556809,0.0,1,TRAILING_STOP,Volume Spike + Direction
2025-03-03 06:45:00,2025-03-03 07:00:00,2025-03-03 07:15:00,SHORT,91646.0,-29.508980206446545,-37.508980206446545,0.4910197935534557,-48.79645592824533,1,TRAILING_STOP,Volume Spike + Direction
2025-03-03 14:30:00,2025-03-03 14:45:00,2025-03-03 15:00:00,SHORT,91363.33,215.86778962631965,207.86778962631965,245.86778962631965,0.0,1,TRAILING_STOP,Volume Spike + Direction
2025-03-03 18:15:00,2025-03-03 18:30:00,2025-03-03 18:45:00,SHORT,87766.09,82.12872762133993,74.12872762133993,112.12872762133993,-17.55917348032715,1,TRAILING_STOP,Volume Spike + Direction
2025-03-04 01:30:00,2025-03-04 01:45:00,2025-03-04 02:00:00,SHORT,83571.05,102.36760816096083,94.36760816096083,132.36760816096083,-32.884593408841035,1,TRAILING_STOP,Volume Spike + Direction
2025-03-04 13:15:00,2025-03-04 13:30:00,2025-03-04 14:30:00,SHORT,82568.01,31.276758395896564,23.276758395896564,61.276758395896564,-291.8369959503686,4,TRAILING_STOP,Volume Spike + Direction
2025-03-04 19:00:00,2025-03-04 19:15:00,2025-03-04 19:45:00,LONG,88094.0,13.820691534043448,5.820691534043448,33.82069153404345,-54.40098077054115,2,TRAILING_STOP,Volume Spike + Direction
2025-03-05 04:00:00,2025-03-05 04:15:00,2025-03-05 05:15:00,LONG,87056.88,-3.8151792253531056,-11.815179225353106,16.184820774646894,-27.570480357210606,4,TRAILING_STOP,Volume Spike + Direction
2025-03-05 09:15:00,2025-03-05 09:30:00,2025-03-05 10:00:00,LONG,88621.21,-9.755274160667229,-17.755274160667227,10.244725839332771,-29.52114962095529,2,TRAILING_STOP,Volume Spike + Direction
2025-03-05 14:30:00,2025-03-05 14:45:00,2025-03-05 15:30:00,SHORT,89358.49,130.3015001708296,122.3015001708296,160.3015001708296,-21.512225643024617,3,TRAILING_STOP,Volume Spike + Direction
2025-03-06 01:45:00,2025-03-06 02:00:00,2025-03-06 02:15:00,LONG,91057.2,50.11087536186085,42.11087536186085,70.11087536186085,0.0,1,TRAILING_STOP,Volume Spike + Direction
2025-03-06 12:45:00,2025-03-06 13:00:00,2025-03-06 14:15:00,SHORT,90102.02,46.21915690680409,38.21915690680409,76.21915690680409,-40.95357684544697,5,TRAILING_STOP,Volume Spike + Direction
2025-03-06 22:00:00,2025-03-06 22:15:00,2025-03-06 22:45:00,LONG,90437.41,9.680195397015268,1.680195397015268,29.680195397015268,-89.07818125264819,2,TRAILING_STOP,Volume Spike + Direction
2025-03-07 00:45:00,2025-03-07 01:00:00,2025-03-07 03:30:00,SHORT,85529.23,-191.60350210097815,-199.60350210097815,0.0,-403.9051912428075,10,TIME_EXIT,Volume Spike + Direction
2025-03-07 09:30:00,2025-03-07 09:45:00,2025-03-07 10:15:00,SHORT,88930.21,-8.693404637185672,-16.693404637185672,21.306595362814328,-24.421397408146568,2,TRAILING_STOP,Volume Spike + Direction
2025-03-07 12:30:00,2025-03-07 12:45:00,2025-03-07 15:15:00,SHORT,88455.99,-85.40744385993484,-93.40744385993484,0.0,-298.90683491304486,10,TIME_EXIT,Volume Spike + Direction
2025-03-07 15:30:00,2025-03-07 15:45:00,2025-03-07 16:00:00,SHORT,88520.39,12.175593668305858,4.175593668305858,42.17559366830586,-52.29755539938339,1,TRAILING_STOP,Volume Spike + Direction
2025-03-07 20:45:00,2025-03-07 21:00:00,2025-03-07 21:15:00,SHORT,86986.73,55.41302794115791,47.41302794115791,85.4130279411579,-27.94449222312435,1,TRAILING_STOP,Volume Spike + Direction
2025-03-08 13:15:00,2025-03-08 13:30:00,2025-03-08 14:45:00,LONG,86349.99,12.001161783574233,4.001161783574233,32.00116178357423,-16.75275237437821,5,TRAILING_STOP,Volume Spike + Direction
2025-03-09 06:00:00,2025-03-09 06:15:00,2025-03-09 08:45:00,SHORT,85873.84,9.530259739170452,1.530259739170452,11.277008225088865,-32.87730000195656,10,TIME_EXIT,Volume Spike + Direction
2025-03-09 09:45:00,2025-03-09 10:00:00,2025-03-09 11:30:00,SHORT,85564.0,79.74124631854579,71.74124631854579,109.74124631854579,0.0,6,TRAILING_STOP,Volume Spike + Direction
2025-03-09 13:45:00,2025-03-09 14:00:00,2025-03-09 14:15:00,SHORT,83489.96,28.684900555708296,20.684900555708296,58.684900555708296,-3.5980374167137694,1,TRAILING_STOP,Volume Spike + Direction
2025-03-09 21:15:00,2025-03-09 21:30:00,2025-03-09 21:45:00,SHORT,82041.61,29.312585406356675,21.312585406356675,59.312585406356675,-36.8239969937207,1,TRAILING_STOP,Volume Spike + Direction
2025-03-10 08:30:00,2025-03-10 08:45:00,2025-03-10 09:00:00,SHORT,81466.03,-12.727770090184602,-20.727770090184602,17.272229909815398,-59.53033430007589,1,TRAILING_STOP,Volume Spike + Direction
2025-03-10 11:45:00,2025-03-10 12:00:00,2025-03-10 14:30:00,LONG,83582.0,-462.4057811490518,-470.4057811490518,0.0,-508.4826876600225,10,TIME_EXIT,Volume Spike + Direction
2025-03-10 14:45:00,2025-03-10 15:00:00,2025-03-10 15:15:00,LONG,79847.09,62.297301003707204,54.297301003707204,82.2973010037072,0.0,1,TRAILING_STOP,Volume Spike + Direction
2025-03-11 00:15:00,2025-03-11 00:30:00,2025-03-11 00:45:00,SHORT,77309.01,60.93506694756469,52.93506694756469,90.93506694756469,-53.584957303166775,1,TRAILING_STOP,Volume Spike + Direction
2025-03-11 08:45:00,2025-03-11 09:00:00,2025-03-11 09:30:00,LONG,81131.15,74.77247641627277,66.77247641627277,94.77247641627277,0.0,2,TRAILING_STOP,Volume Spike + Direction
2025-03-11 13:00:00,2025-03-11 13:15:00,2025-03-11 14:00:00,SHORT,80765.35,57.99194208902861,49.99194208902861,87.99194208902861,-129.87128762519927,3,TRAILING_STOP,Volume Spike + Direction
2025-03-12 01:30:00,2025-03-12 01:45:00,2025-03-12 04:15:00,LONG,83346.4,-175.54087519076919,-183.54087519076919,0.0,-188.62602343952352,10,TIME_EXIT,Volume Spike + Direction
2025-03-12 07:45:00,2025-03-12 08:00:00,2025-03-12 08:15:00,LONG,82447.78,23.244342055056926,15.244342055056926,43.244342055056926,-54.275566910352865,1,TRAILING_STOP,Volume Spike + Direction
2025-03-12 12:30:00,2025-03-12 12:45:00,2025-03-12 13:00:00,LONG,83631.2,50.059977616009135,42.059977616009135,70.05997761600914,0.0,1,TRAILING_STOP,Volume Spike + Direction
2025-03-13 00:15:00,2025-03-13 00:30:00,2025-03-13 00:45:00,LONG,83705.6,-4.088280831869341,-12.08828083186934,15.91171916813066,-31.88914481229542,1,TRAILING_STOP,Volume Spike + Direction
2025-03-13 12:30:00,2025-03-13 12:45:00,2025-03-13 13:15:00,SHORT,83007.22,34.14261313654494,26.142613136544938,64.14261313654494,0.0,2,TRAILING_STOP,Volume Spike + Direction
2025-03-13 15:30:00,2025-03-13 15:45:00,2025-03-13 18:00:00,SHORT,81420.0,151.78580201424782,143.78580201424782,181.78580201424782,0.0,9,TRAILING_STOP,Volume Spike + Direction
2025-03-14 02:45:00,2025-03-14 03:00:00,2025-03-14 05:30:00,LONG,82226.98,-16.507963687829797,-24.507963687829797,0.0,-62.99878701613382,10,TIME_EXIT,Volume Spike + Direction
2025-03-14 13:30:00,2025-03-14 13:45:00,2025-03-14 14:30:00,SHORT,83266.56,45.176637536125085,37.176637536125085,75.17663753612509,-40.30309406321055,3,TRAILING_STOP,Volume Spike + Direction
2025-03-14 22:15:00,2025-03-14 22:30:00,2025-03-14 23:00:00,LONG,84332.08,1.340633362772646,-6.659366637227354,21.340633362772646,-10.472882917154063,2,TRAILING_STOP,Volume Spike + Direction
2025-03-15 07:15:00,2025-03-15 07:30:00,2025-03-15 08:30:00,SHORT,83959.13,10.63048295045514,2.6304829504551392,40.63048295045514,-15.425362316164396,4,TRAILING_STOP,Volume Spike + Direction
2025-03-16 01:30:00,2025-03-16 01:45:00,2025-03-16 02:30:00,SHORT,84007.38,2.559044217306152,-5.440955782693848,32.55904421730615,-14.642761147889003,3,TRAILING_STOP,Volume Spike + Direction
2025-03-16 09:15:00,2025-03-16 09:30:00,2025-03-16 12:00:00,SHORT,84016.84,164.64907273351272,156.64907273351272,194.64907273351272,-5.960709781515438,10,TRAILING_STOP,Volume Spike + Direction
2025-03-16 12:00:00,2025-03-16 12:15:00,2025-03-16 12:30:00,LONG,82633.62,10.641281357395652,2.641281357395652,30.641281357395652,-3.8204788801449623,1,TRAILING_STOP,Volume Spike + Direction
2025-03-16 16:00:00,2025-03-16 16:15:00,2025-03-16 16:30:00,LONG,84149.15,6.423320972345632,-1.576679027654368,26.423320972345632,-42.66472091518329,1,TRAILING_STOP,Volume Spike + Direction
2025-03-17 12:00:00,2025-03-17 12:15:00,2025-03-17 13:00:00,SHORT,83358.5,30.616493818865933,22.616493818865933,60.61649381886593,-64.34976637055651,3,TRAILING_STOP,Volume Spike + Direction
2025-03-18 01:15:00,2025-03-18 01:30:00,2025-03-18 02:00:00,SHORT,83351.66,10.343527651399391,2.3435276513993912,40.34352765139939,-2.6298216496226052,2,TRAILING_STOP,Volume Spike + Direction
2025-03-18 06:30:00,2025-03-18 06:45:00,2025-03-18 09:15:00,SHORT,82319.14,-95.75051440041848,-103.75051440041848,0.0,-137.65449930599414,10,TIME_EXIT,Volume Spike + Direction
2025-03-18 13:30:00,2025-03-18 13:45:00,2025-03-18 14:15:00,SHORT,81404.94,1.2831137766336411,-6.716886223366359,31.28311377663364,-27.447965688569063,2,TRAILING_STOP,Volume Spike + Direction
2025-03-19 00:45:00,2025-03-19 01:00:00,2025-03-19 03:30:00,LONG,83118.0,-23.674775620202464,-31.674775620202464,0.0,-68.67826463581854,10,TIME_EXIT,Volume Spike + Direction
2025-03-19 09:15:00,2025-03-19 09:30:00,2025-03-19 10:00:00,LONG,83537.87,-5.015179343211939,-13.015179343211939,14.984820656788061,-19.02011626583242,2,TRAILING_STOP,Volume Spike + Direction
2025-03-19 13:45:00,2025-03-19 14:00:00,2025-03-19 14:15:00,LONG,84092.17,8.97297096745148,0.9729709674514808,28.97297096745148,-16.79347791833665,1,TRAILING_STOP,Volume Spike + Direction
2025-03-19 17:30:00,2025-03-19 17:45:00,2025-03-19 18:00:00,SHORT,83983.5,18.24519101966375,10.24519101966375,48.24519101966375,-116.27283930772116,1,TRAILING_STOP,Volume Spike + Direction
2025-03-20 00:00:00,2025-03-20 00:15:00,2025-03-20 02:45:00,LONG,87271.09,-138.14196660085278,-146.14196660085278,0.0,-189.24136274681555,10,TIME_EXIT,Volume Spike + Direction
2025-03-20 10:00:00,2025-03-20 10:15:00,2025-03-20 11:30:00,SHORT,85545.89,20.557659754314322,12.557659754314322,50.55765975431432,0.0,5,TRAILING_STOP,Volume Spike + Direction
2025-03-20 13:30:00,2025-03-20 13:45:00,2025-03-20 14:15:00,LONG,85622.28,86.25271833452634,78.25271833452634,106.25271833452634,-17.65661928180294,2,TRAILING_STOP,Volume Spike + Direction
2025-03-21 07:30:00,2025-03-21 07:45:00,2025-03-21 08:45:00,SHORT,83794.17,-22.591370020133652,-30.591370020133652,7.408629979866349,-43.180808402303136,4,TRAILING_STOP,Volume Spike + Direction
2025-03-21 12:30:00,2025-03-21 12:45:00,2025-03-21 13:15:00,SHORT,83792.46,17.875429364408618,9.875429364408618,47.87542936440862,0.0,2,TRAILING_STOP,Volume Spike + Direction
2025-03-21 18:30:00,2025-03-21 18:45:00,2025-03-21 21:15:00,LONG,84295.11,7.708632208914126,-0.2913677910858743,16.97132846733312,-58.73531691221479,10,TIME_EXIT,Volume Spike + Direction
2025-03-22 09:30:00,2025-03-22 09:45:00,2025-03-22 12:15:00,LONG,84474.74,-29.89059214624395,-37.89059214624395,0.0,-32.016671492567646,10,TIME_EXIT,Volume Spike + Direction
2025-03-22 14:45:00,2025-03-22 15:00:00,2025-03-22 17:30:00,SHORT,84007.23,-24.968089056144333,-32.968089056144336,2.958078727270411,-24.969279429878753,10,TIME_EXIT,Volume Spike + Direction
2025-03-22 20:45:00,2025-03-22 21:00:00,2025-03-22 23:30:00,SHORT,83944.7,19.88451921324375,11.884519213243749,38.07268356429784,-18.975587499866954,10,TIME_EXIT,Volume Spike + Direction
2025-03-22 23:30:00,2025-03-22 23:45:00,2025-03-23 02:15:00,SHORT,83777.77,-40.150268979467384,-48.150268979467384,0.0,-42.35252382583022,10,TIME_EXIT,Volume Spike + Direction
2025-03-23 11:00:00,2025-03-23 11:15:00,2025-03-23 11:45:00,LONG,84695.64,5.588094027036238,-2.411905972963762,25.588094027036238,-11.549590982486517,2,TRAILING_STOP,Volume Spike + Direction
2025-03-23 22:00:00,2025-03-23 22:15:00,2025-03-23 22:30:00,LONG,85386.31,1.9637082337915963,-6.036291766208404,21.963708233791596,-5.517277886818224,1,TRAILING_STOP,Volume Spike + Direction
2025-03-24 04:00:00,2025-03-24 04:15:00,2025-03-24 06:15:00,LONG,86718.49,47.05721005981478,39.05721005981478,67.05721005981478,-8.487232653613528,8,TRAILING_STOP,Volume Spike + Direction
2025-03-24 13:30:00,2025-03-24 13:45:00,2025-03-24 14:15:00,LONG,87408.01,135.29698021954718,127.29698021954718,155.29698021954718,0.0,2,TRAILING_STOP,Volume Spike + Direction
2025-03-25 09:30:00,2025-03-25 09:45:00,2025-03-25 10:00:00,LONG,87103.81,0.915273396193296,-7.084726603806704,20.915273396193296,-11.934035950895499,1,TRAILING_STOP,Volume Spike + Direction
2025-03-25 13:15:00,2025-03-25 13:30:00,2025-03-25 14:45:00,LONG,87689.12,41.453461957424665,33.453461957424665,61.453461957424665,-73.62943088036397,5,TRAILING_STOP,Volume Spike + Direction
2025-03-25 20:00:00,2025-03-25 20:15:00,2025-03-25 22:45:00,LONG,88380.0,-103.56076035302151,-111.56076035302151,0.0,-137.8909255487659,10,TIME_EXIT,Volume Spike + Direction
2025-03-26 07:30:00,2025-03-26 07:45:00,2025-03-26 10:15:00,LONG,88211.29,-6.215757642812751,-14.21575764281275,1.988407606328867,-42.37552812117229,10,TIME_EXIT,Volume Spike + Direction
2025-03-26 11:30:00,2025-03-26 11:45:00,2025-03-26 13:30:00,SHORT,87987.24,38.47356503056699,30.473565030566988,68.47356503056699,-1.4502102804900756,7,TRAILING_STOP,Volume Spike + Direction
2025-03-26 14:15:00,2025-03-26 14:30:00,2025-03-26 14:45:00,SHORT,86699.51,-2.6918871859835427,-10.691887185983543,27.308112814016457,-32.15243084995628,1,TRAILING_STOP,Volume Spike + Direction
2025-03-27 10:45:00,2025-03-27 11:00:00,2025-03-27 13:30:00,SHORT,87195.59,134.8233322350352,126.8233322350352,160.05281918500654,-6.269812498544738,10,TIME_EXIT,Volume Spike + Direction
2025-03-27 13:30:00,2025-03-27 13:45:00,2025-03-27 16:15:00,SHORT,86020.0,-115.36735642873744,-123.36735642873744,0.0,-180.77191350848642,10,TIME_EXIT,Volume Spike + Direction
2025-03-28 03:00:00,2025-03-28 03:15:00,2025-03-28 04:45:00,SHORT,86867.93,75.37720882723917,67.37720882723917,105.37720882723917,-2.7018026100082237,6,TRAILING_STOP,Volume Spike + Direction
2025-03-28 07:30:00,2025-03-28 07:45:00,2025-03-28 09:15:00,SHORT,85260.43,-0.041201997222739095,-8.041201997222739,29.95879800277726,-21.207962474503944,6,TRAILING_STOP,Volume Spike + Direction
2025-03-28 12:30:00,2025-03-28 12:45:00,2025-03-28 13:00:00,SHORT,85116.95,-13.16316550346345,-21.16316550346345,16.83683449653655,-27.379975433800542,1,TRAILING_STOP,Volume Spike + Direction
2025-03-29 09:30:00,2025-03-29 09:45:00,2025-03-29 11:00:00,SHORT,83495.73,50.828085460177434,42.828085460177434,80.82808546017743,-7.605179330727452,5,TRAILING_STOP,Volume Spike + Direction
2025-03-29 16:45:00,2025-03-29 17:00:00,2025-03-29 17:15:00,SHORT,82198.44,37.35285973797126,29.352859737971258,67.35285973797126,-2.7883740859313453,1,TRAILING_STOP,Volume Spike + Direction
2025-03-30 01:00:00,2025-03-30 01:15:00,2025-03-30 01:30:00,LONG,83042.46,-16.023720877248877,-24.023720877248877,3.976279122751123,-17.36822343654204,1,TRAILING_STOP,Volume Spike + Direction
2025-03-30 13:15:00,2025-03-30 13:30:00,2025-03-30 15:00:00,SHORT,82915.0,6.9981306156912595,-1.0018693843087405,36.99813061569126,-15.508653440269736,6,TRAILING_STOP,Volume Spike + Direction
2025-03-30 16:30:00,2025-03-30 16:45:00,2025-03-30 17:00:00,SHORT,82509.43,25.633640906257483,17.633640906257483,55.63364090625748,0.0,1,TRAILING_STOP,Volume Spike + Direction
2025-03-30 22:00:00,2025-03-30 22:15:00,2025-03-30 23:30:00,SHORT,81906.89,-29.427398598579153,-37.42739859857915,0.5726014014208485,-103.87526617113623,5,TRAILING_STOP,Volume Spike + Direction
2025-03-31 12:45:00,2025-03-31 13:00:00,2025-03-31 13:45:00,LONG,82768.74,-18.638374826052743,-26.638374826052743,1.3616251739472562,-134.4396447257751,3,TRAILING_STOP,Volume Spike + Direction
2025-04-01 08:00:00,2025-04-01 08:15:00,2025-04-01 08:30:00,LONG,83696.53,37.76464089968857,29.764640899688573,57.76464089968857,0.0,1,TRAILING_STOP,Volume Spike + Direction
2025-04-01 13:30:00,2025-04-01 13:45:00,2025-04-01 15:15:00,LONG,83734.26,158.30336113318603,150.30336113318603,178.30336113318603,-142.147312223216,6,TRAILING_STOP,Volume Spike + Direction
2025-04-02 02:00:00,2025-04-02 02:15:00,2025-04-02 04:45:00,SHORT,84750.11,16.88611377613558,8.88611377613558,34.21824467248479,-18.158088526374705,10,TIME_EXIT,Volume Spike + Direction
2025-04-02 09:00:00,2025-04-02 09:15:00,2025-04-02 11:45:00,LONG,85311.84,-87.31847771657405,-95.31847771657405,0.0,-89.6428913032464,10,TIME_EXIT,Volume Spike + Direction
2025-04-02 13:30:00,2025-04-02 13:45:00,2025-04-02 14:00:00,LONG,85472.49,19.16347821386632,11.16347821386632,39.16347821386632,-34.042532281439456,1,TRAILING_STOP,Volume Spike + Direction
2025-04-02 20:00:00,2025-04-02 20:15:00,2025-04-02 22:45:00,LONG,87776.2,-564.459386485175,-572.459386485175,0.0,-580.3623305634098,10,TIME_EXIT,Volume Spike + Direction
2025-04-03 10:00:00,2025-04-03 10:15:00,2025-04-03 12:45:00,LONG,83630.0,-200.99724979074523,-208.99724979074523,0.0,-208.14301088126237,10,TIME_EXIT,Volume Spike + Direction
2025-04-03 12:45:00,2025-04-03 13:00:00,2025-04-03 13:30:00,SHORT,81949.06,-10.963784087334254,-18.963784087334254,19.036215912665746,-102.91759295347728,2,TRAILING_STOP,Volume Spike + Direction
2025-04-03 23:45:00,2025-04-04 00:00:00,2025-04-04 00:45:00,LONG,83213.09,4.0791442788640495,-3.9208557211359505,24.07914427886405,-25.605346466522565,3,TRAILING_STOP,Volume Spike + Direction
2025-04-04 07:00:00,2025-04-04 07:15:00,2025-04-04 08:15:00,LONG,83522.84,108.56842511581223,100.56842511581223,128.56842511581223,-5.108782220527733,4,TRAILING_STOP,Volume Spike + Direction
2025-04-04 10:00:00,2025-04-04 10:15:00,2025-04-04 11:30:00,SHORT,83684.0,211.98174083456814,203.98174083456814,241.98174083456814,0.0,5,TRAILING_STOP,Volume Spike + Direction
2025-04-05 00:30:00,2025-04-05 00:45:00,2025-04-05 03:15:00,SHORT,83511.15,-28.59977380266121,-36.59977380266121,0.0,-90.38912767935848,10,TIME_EXIT,Volume Spike + Direction
2025-04-05 06:30:00,2025-04-05 06:45:00,2025-04-05 08:30:00,SHORT,83391.0,-18.806945593649615,-26.806945593649615,11.193054406350386,-30.8942211989309,7,TRAILING_STOP,Volume Spike + Direction
2025-04-05 12:30:00,2025-04-05 12:45:00,2025-04-05 14:15:00,SHORT,83210.01,52.99962949169209,44.99962949169209,82.99962949169209,-15.08832891619685,6,TRAILING_STOP,Volume Spike + Direction
2025-04-05 15:30:00,2025-04-05 15:45:00,2025-04-05 18:15:00,SHORT,82394.0,-71.10833313105316,-79.10833313105316,0.0,-86.83399276646436,10,TIME_EXIT,Volume Spike + Direction
2025-04-05 23:45:00,2025-04-06 00:00:00,2025-04-06 01:30:00,LONG,83537.99,13.474590422872204,5.474590422872204,33.474590422872204,-13.147311779946076,6,TRAILING_STOP,Volume Spike + Direction
2025-04-06 05:30:00,2025-04-06 05:45:00,2025-04-06 08:15:00,SHORT,83374.51,71.14884393323536,63.148843933235355,77.63044124637022,-11.213259304313182,10,TIME_EXIT,Volume Spike + Direction
2025-04-06 13:00:00,2025-04-06 13:15:00,2025-04-06 15:00:00,LONG,82805.7,-18.304464547729424,-26.304464547729424,1.6955354522705743,-70.99390500895413,7,TRAILING_STOP,Volume Spike + Direction
2025-04-06 16:45:00,2025-04-06 17:00:00,2025-04-06 17:45:00,SHORT,81969.99,141.76896081114626,133.76896081114626,171.76896081114626,0.0,3,TRAILING_STOP,Volume Spike + Direction
2025-04-06 20:30:00,2025-04-06 20:45:00,2025-04-06 21:00:00,SHORT,79233.11,34.759543074858556,26.759543074858556,64.75954307485856,-21.063164124189925,1,TRAILING_STOP,Volume Spike + Direction
2025-04-07 06:15:00,2025-04-07 06:30:00,2025-04-07 06:45:00,SHORT,75817.99,136.5818363161573,128.5818363161573,166.5818363161573,0.0,1,TRAILING_STOP,Volume Spike + Direction
2025-04-07 13:30:00,2025-04-07 13:45:00,2025-04-07 16:15:00,SHORT,76059.99,-298.44863245446123,-306.44863245446123,0.0,-681.5133685923436,10,TIME_EXIT,Volume Spike + Direction
2025-04-07 23:30:00,2025-04-07 23:45:00,2025-04-08 00:00:00,SHORT,79314.53,-0.8502338726590075,-8.850233872659008,29.149766127340992,-24.5692687077633,1,TRAILING_STOP,Volume Spike + Direction
2025-04-08 13:00:00,2025-04-08 13:15:00,2025-04-08 13:30:00,LONG,80053.43,20.169421847384555,12.169421847384555,40.169421847384555,-83.9951517380316,1,TRAILING_STOP,Volume Spike + Direction
2025-04-09 00:00:00,2025-04-09 00:15:00,2025-04-09 00:30:00,LONG,76645.98,9.00347806890889,1.0034780689088905,29.00347806890889,-25.247247148512525,1,TRAILING_STOP,Volume Spike + Direction
2025-04-09 07:00:00,2025-04-09 07:15:00,2025-04-09 07:45:00,LONG,77638.52,23.893160250865016,15.893160250865016,43.893160250865016,-3.0667766464375767,2,TRAILING_STOP,Volume Spike + Direction
2025-04-09 11:00:00,2025-04-09 11:15:00,2025-04-09 11:45:00,SHORT,76563.99,75.41900964147827,67.41900964147827,105.41900964147827,-9.828380156258836,2,TRAILING_STOP,Volume Spike + Direction
2025-04-09 17:15:00,2025-04-09 17:30:00,2025-04-09 18:00:00,LONG,80820.83,185.90855105051486,177.90855105051486,205.90855105051486,0.0,2,TRAILING_STOP,Volume Spike + Direction
2025-04-10 07:30:00,2025-04-10 07:45:00,2025-04-10 08:15:00,SHORT,81573.2,-23.690329667096403,-31.690329667096403,6.309670332903597,-34.324998896696464,2,TRAILING_STOP,Volume Spike + Direction
2025-04-10 12:00:00,2025-04-10 12:15:00,2025-04-10 12:45:00,SHORT,81649.0,-6.7884481132648204,-14.78844811326482,23.21155188673518,-100.1053289078869,2,TRAILING_STOP,Volume Spike + Direction
2025-04-10 15:30:00,2025-04-10 15:45:00,2025-04-10 16:00:00,SHORT,79217.39,65.05867335442368,57.058673354423675,95.05867335442368,-7.720527020645782,1,TRAILING_STOP,Volume Spike + Direction
2025-04-11 00:00:00,2025-04-11 00:15:00,2025-04-11 02:00:00,LONG,79694.01,79.81804153160385,71.81804153160385,99.81804153160385,-90.90143663243863,7,TRAILING_STOP,Volume Spike + Direction
2025-04-11 08:00:00,2025-04-11 08:15:00,2025-04-11 08:30:00,LONG,81449.99,25.20442543946141,17.20442543946141,45.20442543946141,-25.70166061407878,1,TRAILING_STOP,Volume Spike + Direction
2025-04-11 13:30:00,2025-04-11 13:45:00,2025-04-11 14:00:00,LONG,82924.95,-19.3102196624778,-27.3102196624778,0.6897803375222009,-73.54240189472425,1,TRAILING_STOP,Volume Spike + Direction
2025-04-11 17:30:00,2025-04-11 17:45:00,2025-04-11 18:00:00,LONG,83944.0,12.87906223196417,4.87906223196417,32.87906223196417,-14.047460211569408,1,TRAILING_STOP,Volume Spike + Direction
2025-04-12 08:00:00,2025-04-12 08:15:00,2025-04-12 10:45:00,LONG,84019.17,-71.2611181472033,-79.2611181472033,0.0,-84.89253107356271,10,TIME_EXIT,Volume Spike + Direction
2025-04-12 13:00:00,2025-04-12 13:15:00,2025-04-12 13:30:00,LONG,84002.77,39.192095689225,31.192095689225,59.192095689225,-35.090509515341466,1,TRAILING_STOP,Volume Spike + Direction
2025-04-12 20:30:00,2025-04-12 20:45:00,2025-04-12 23:15:00,LONG,85786.2,-66.17031643784131,-74.17031643784131,0.0,-69.15564508044356,10,TIME_EXIT,Volume Spike + Direction
2025-04-13 01:30:00,2025-04-13 01:45:00,2025-04-13 02:30:00,SHORT,85726.99,86.89200798954934,78.89200798954934,116.89200798954934,0.0,3,TRAILING_STOP,Volume Spike + Direction
2025-04-13 04:30:00,2025-04-13 04:45:00,2025-04-13 05:30:00,SHORT,84778.35,7.9908313856075,-0.009168614392500274,37.9908313856075,-3.092770736868689,3,TRAILING_STOP,Volume Spike + Direction
2025-04-13 11:15:00,2025-04-13 11:30:00,2025-04-13 11:45:00,SHORT,84489.99,2.410940041537586,-5.589059958462414,32.410940041537586,-4.576873544427956,1,TRAILING_STOP,Volume Spike + Direction
2025-04-13 17:15:00,2025-04-13 17:30:00,2025-04-13 18:15:00,LONG,84721.98,3.8438714487089776,-4.156128551291022,23.843871448708978,-23.351673320193473,3,TRAILING_STOP,Volume Spike + Direction
2025-04-13 20:30:00,2025-04-13 20:45:00,2025-04-13 21:00:00,SHORT,83414.92,14.006515860711936,6.006515860711936,44.006515860711936,-10.198415343442994,1,TRAILING_STOP,Volume Spike + Direction
2025-04-14 00:15:00,2025-04-14 00:30:00,2025-04-14 00:45:00,LONG,84764.46,-12.739881785362215,-20.739881785362215,7.260118214637784,-66.11969214456228,1,TRAILING_STOP,Volume Spike + Direction
2025-04-14 13:30:00,2025-04-14 13:45:00,2025-04-14 14:15:00,SHORT,84417.8,-12.49184413713661,-20.49184413713661,17.50815586286339,-80.8123405253391,2,TRAILING_STOP,Volume Spike + Direction
2025-04-15 01:30:00,2025-04-15 01:45:00,2025-04-15 02:15:00,LONG,85009.68,0.6011833005376168,-7.398816699462383,20.601183300537617,-20.66470547824651,2,TRAILING_STOP,Volume Spike + Direction
2025-04-15 08:00:00,2025-04-15 08:15:00,2025-04-15 09:30:00,LONG,85863.86,-7.871497973652778,-15.871497973652778,12.128502026347222,-31.96455412090796,5,TRAILING_STOP,Volume Spike + Direction
2025-04-15 13:30:00,2025-04-15 13:45:00,2025-04-15 16:15:00,LONG,86057.36,-121.35626749414583,-129.3562674941458,0.0,-166.59005110080122,10,TIME_EXIT,Volume Spike + Direction
2025-04-15 23:30:00,2025-04-15 23:45:00,2025-04-16 00:15:00,SHORT,83632.77,19.115914730554074,11.115914730554074,49.115914730554074,-8.03871496782851,2,TRAILING_STOP,Volume Spike + Direction
2025-04-16 06:45:00,2025-04-16 07:00:00,2025-04-16 08:30:00,LONG,83644.0,36.03390559992376,28.033905599923763,56.03390559992376,-60.14896465974853,6,TRAILING_STOP,Volume Spike + Direction
2025-04-16 13:30:00,2025-04-16 13:45:00,2025-04-16 14:00:00,LONG,84045.78,-2.9973616759825212,-10.997361675982521,17.00263832401748,-39.439219910863,1,TRAILING_STOP,Volume Spike + Direction
2025-04-16 17:30:00,2025-04-16 17:45:00,2025-04-16 18:00:00,SHORT,84346.0,96.85841652241956,88.85841652241956,126.85841652241956,0.0,1,TRAILING_STOP,Volume Spike + Direction
2025-04-17 07:30:00,2025-04-17 07:45:00,2025-04-17 10:15:00,SHORT,84714.01,42.969279815699295,34.969279815699295,61.71824471536603,-5.817219607476831,10,TIME_EXIT,Volume Spike + Direction
2025-04-17 12:00:00,2025-04-17 12:15:00,2025-04-17 13:00:00,LONG,84718.75,-2.981335300627901,-10.9813353006279,17.0186646993721,-15.907930652896091,3,TRAILING_STOP,Volume Spike + Direction
2025-04-17 15:00:00,2025-04-17 15:15:00,2025-04-17 16:00:00,LONG,84589.21,4.083449886810222,-3.9165501131897784,24.08344988681022,-23.12588094864698,3,TRAILING_STOP,Volume Spike + Direction
2025-04-18 07:15:00,2025-04-18 07:30:00,2025-04-18 10:00:00,SHORT,84518.37,-2.917708895711488,-10.917708895711488,3.8606991592466944,-29.062321007847725,10,TIME_EXIT,Volume Spike + Direction
2025-04-19 02:00:00,2025-04-19 02:15:00,2025-04-19 03:30:00,LONG,84664.15,18.104675946076426,10.104675946076426,38.104675946076426,-6.111205274013935,5,TRAILING_STOP,Volume Spike + Direction
2025-04-19 04:45:00,2025-04-19 05:00:00,2025-04-19 07:15:00,SHORT,85021.89,-14.482819659737862,-22.482819659737864,15.517180340262138,-24.024401245372783,9,TRAILING_STOP,Volume Spike + Direction
2025-04-19 13:00:00,2025-04-19 13:15:00,2025-04-19 15:30:00,LONG,85339.49,19.665106974508518,11.665106974508518,39.66510697450852,-15.173514629628702,9,TRAILING_STOP,Volume Spike + Direction
2025-04-20 00:00:00,2025-04-20 00:15:00,2025-04-20 02:45:00,LONG,85199.99,3.104460458269665,-4.895539541730335,14.174884292825565,-13.455400640305172,10,TIME_EXIT,Volume Spike + Direction
2025-04-20 06:30:00,2025-04-20 06:45:00,2025-04-20 09:15:00,SHORT,84969.98,45.39720969688244,37.39720969688244,46.13158670862297,0.0,10,TIME_EXIT,Volume Spike + Direction
2025-04-20 10:30:00,2025-04-20 10:45:00,2025-04-20 12:00:00,SHORT,84244.33,4.9946399953560885,-3.0053600046439115,34.99463999535609,-10.629795500777666,5,TRAILING_STOP,Volume Spike + Direction
2025-04-20 20:00:00,2025-04-20 20:15:00,2025-04-20 21:00:00,LONG,84943.4,16.09462300779176,8.09462300779176,36.09462300779176,0.0,3,TRAILING_STOP,Volume Spike + Direction
2025-04-21 00:00:00,2025-04-21 00:15:00,2025-04-21 00:45:00,LONG,85330.98,176.76558267583522,168.76558267583522,196.76558267583522,0.0,2,TRAILING_STOP,Volume Spike + Direction
2025-04-21 11:15:00,2025-04-21 11:30:00,2025-04-21 13:15:00,SHORT,86817.69,-25.65526334552311,-33.65526334552311,4.344736654476889,-83.02109858025526,7,TRAILING_STOP,Volume Spike + Direction
2025-04-21 14:15:00,2025-04-21 14:30:00,2025-04-21 17:00:00,LONG,88367.33,-170.5743514033984,-178.5743514033984,0.0,-223.7874562918222,10,TIME_EXIT,Volume Spike + Direction
2025-04-22 00:30:00,2025-04-22 00:45:00,2025-04-22 03:15:00,SHORT,87397.21,-85.0050018759178,-93.0050018759178,0.0,-169.31776197432316,10,TIME_EXIT,Volume Spike + Direction
2025-04-22 07:30:00,2025-04-22 07:45:00,2025-04-22 08:15:00,LONG,88461.68,5.5839590656662885,-2.4160409343337115,25.58395906566629,-8.329030151811837,2,TRAILING_STOP,Volume Spike + Direction
2025-04-22 12:30:00,2025-04-22 12:45:00,2025-04-22 15:15:00,SHORT,88706.75,-250.45557412485593,-258.45557412485596,0.0,-308.0611114712247,10,TIME_EXIT,Volume Spike + Direction
2025-04-22 15:15:00,2025-04-22 15:30:00,2025-04-22 15:45:00,SHORT,90928.46,25.429290235423466,17.429290235423466,55.429290235423466,-0.8061282463144316,1,TRAILING_STOP,Volume Spike + Direction
2025-04-22 21:45:00,2025-04-22 22:00:00,2025-04-22 22:30:00,LONG,93039.99,-14.304599559824684,-22.304599559824684,5.695400440175315,-43.53181895225957,2,TRAILING_STOP,Volume Spike + Direction
2025-04-23 07:45:00,2025-04-23 08:00:00,2025-04-23 08:15:00,LONG,94133.82,21.21473026378687,13.214730263786869,41.21473026378687,-0.03399415852952583,1,TRAILING_STOP,Volume Spike + Direction
2025-04-23 13:30:00,2025-04-23 13:45:00,2025-04-23 14:00:00,SHORT,93447.58,30.90794432557786,22.90794432557786,60.90794432557786,-23.372461865786516,1,TRAILING_STOP,Volume Spike + Direction
2025-04-24 00:00:00,2025-04-24 00:15:00,2025-04-24 00:30:00,SHORT,93434.79,-8.543324172934309,-16.54332417293431,21.45667582706569,-21.962911245372993,1,TRAILING_STOP,Volume Spike + Direction
2025-04-24 03:45:00,2025-04-24 04:00:00,2025-04-24 04:15:00,SHORT,92673.95,-4.835431100110458,-12.835431100110458,25.16456889988954,-17.688897473346888,1,TRAILING_STOP,Volume Spike + Direction
2025-04-24 08:15:00,2025-04-24 08:30:00,2025-04-24 08:45:00,SHORT,91872.2,-6.9037859112982645,-14.903785911298264,23.096214088701736,-22.482317828462026,1,TRAILING_STOP,Volume Spike + Direction
2025-04-24 13:30:00,2025-04-24 13:45:00,2025-04-24 14:00:00,LONG,92833.42,24.873925790949187,16.873925790949187,44.87392579094919,-18.39962375618583,1,TRAILING_STOP,Volume Spike + Direction
2025-04-24 23:15:00,2025-04-24 23:30:00,2025-04-25 00:00:00,LONG,93683.24,14.452267022361177,6.452267022361177,34.45226702236118,-4.346561882360299,2,TRAILING_STOP,Volume Spike + Direction
2025-04-25 07:30:00,2025-04-25 07:45:00,2025-04-25 08:00:00,LONG,93662.18,4.110051677209199,-3.8899483227908007,24.1100516772092,-3.9994798327341785,1,TRAILING_STOP,Volume Spike + Direction
2025-04-25 11:45:00,2025-04-25 12:00:00,2025-04-25 12:15:00,LONG,94635.67,14.120326933809281,6.120326933809281,34.12032693380928,-27.544582291222564,1,TRAILING_STOP,Volume Spike + Direction
2025-04-25 14:45:00,2025-04-25 15:00:00,2025-04-25 15:15:00,LONG,95368.0,-1.8125576713366023,-9.812557671336602,18.187442328663398,-15.173852864693231,1,TRAILING_STOP,Volume Spike + Direction
2025-04-26 00:15:00,2025-04-26 00:30:00,2025-04-26 00:45:00,SHORT,94705.99,-11.18915181605633,-19.18915181605633,18.81084818394367,-24.283574882644267,1,TRAILING_STOP,Volume Spike + Direction
2025-04-26 09:30:00,2025-04-26 09:45:00,2025-04-26 12:15:00,SHORT,94173.91,-10.534948586078919,-18.53494858607892,19.46505141392108,-23.417313776182684,10,TRAILING_STOP,Volume Spike + Direction
2025-04-26 13:45:00,2025-04-26 14:00:00,2025-04-26 16:30:00,LONG,94149.19,6.002347975590407,-1.997652024409593,26.002347975590407,-24.102172307589502,10,TRAILING_STOP,Volume Spike + Direction
2025-04-26 22:00:00,2025-04-26 22:15:00,2025-04-26 23:00:00,LONG,94583.42,12.20226124198107,4.20226124198107,32.20226124198107,0.0,3,TRAILING_STOP,Volume Spike + Direction
2025-04-27 01:00:00,2025-04-27 01:15:00,2025-04-27 03:45:00,LONG,95118.84,-101.20287421503355,-109.20287421503355,0.0,-113.2520119042653,10,TIME_EXIT,Volume Spike + Direction
2025-04-27 17:00:00,2025-04-27 17:15:00,2025-04-27 19:45:00,LONG,94098.21,35.63192115981734,27.631921159817338,35.769011971639756,-12.091622146692627,10,TIME_EXIT,Volume Spike + Direction
2025-04-27 22:00:00,2025-04-27 22:15:00,2025-04-27 22:30:00,SHORT,93921.53,-0.20597939577839597,-8.205979395778396,29.794020604221604,-5.750545162540981,1,TRAILING_STOP,Volume Spike + Direction
2025-04-28 01:15:00,2025-04-28 01:30:00,2025-04-28 02:15:00,SHORT,93043.47,-3.8337359945833462,-11.833735994583346,26.166264005416654,-41.25383543842427,3,TRAILING_STOP,Volume Spike + Direction
2025-04-28 10:30:00,2025-04-28 10:45:00,2025-04-28 11:00:00,LONG,95187.68,10.182477396234777,2.182477396234777,30.182477396234777,-19.418479366236948,1,TRAILING_STOP,Volume Spike + Direction
2025-04-28 13:45:00,2025-04-28 14:00:00,2025-04-28 16:30:00,SHORT,93965.7,25.520258988119828,17.520258988119828,55.52025898811983,-99.42989835652827,10,TRAILING_STOP,Volume Spike + Direction
2025-04-28 23:00:00,2025-04-28 23:15:00,2025-04-29 00:00:00,LONG,94986.57,0.3639314484134957,-7.636068551586504,20.363931448413496,-15.325324411651772,3,TRAILING_STOP,Volume Spike + Direction
2025-04-29 04:45:00,2025-04-29 05:00:00,2025-04-29 06:15:00,SHORT,94353.32,-13.750439306215512,-21.75043930621551,16.24956069378449,-41.55338678066574,5,TRAILING_STOP,Volume Spike + Direction
2025-04-29 10:45:00,2025-04-29 11:00:00,2025-04-29 13:30:00,SHORT,94817.32,-1.971158855785818,-9.971158855785818,23.92389913572869,-49.39920259294393,10,TIME_EXIT,Volume Spike + Direction
2025-04-29 14:00:00,2025-04-29 14:15:00,2025-04-29 14:45:00,LONG,94890.84,23.11901970727665,15.11901970727665,43.11901970727665,-20.111530259400855,2,TRAILING_STOP,Volume Spike + Direction
2025-04-29 22:00:00,2025-04-29 22:15:00,2025-04-29 23:30:00,SHORT,94258.52,24.740940129339016,16.740940129339016,54.740940129339016,-4.400663197342364,5,TRAILING_STOP,Volume Spike + Direction
2025-04-30 03:45:00,2025-04-30 04:00:00,2025-04-30 05:45:00,LONG,95032.84,-11.543975745647444,-19.543975745647444,8.456024254352556,-17.181429072307935,7,TRAILING_STOP,Volume Spike + Direction
2025-04-30 11:45:00,2025-04-30 12:00:00,2025-04-30 12:15:00,LONG,95176.66,-18.703463643292746,-26.703463643292746,1.2965363567072545,-30.353029828951698,1,TRAILING_STOP,Volume Spike + Direction
2025-04-30 20:00:00,2025-04-30 20:15:00,2025-04-30 21:00:00,LONG,94638.6,-4.625723541979701,-12.625723541979701,15.374276458020299,-16.602105272057056,3,TRAILING_STOP,Volume Spike + Direction
2025-05-01 03:00:00,2025-05-01 03:15:00,2025-05-01 05:30:00,SHORT,94718.22,-29.59458697598028,-37.59458697598028,0.4054130240197195,-45.585738414425315,9,TRAILING_STOP,Volume Spike + Direction
2025-05-01 09:30:00,2025-05-01 09:45:00,2025-05-01 10:30:00,LONG,95426.79,81.59830378869542,73.59830378869542,101.59830378869542,0.0,3,TRAILING_STOP,Volume Spike + Direction
2025-05-01 13:30:00,2025-05-01 13:45:00,2025-05-01 14:00:00,SHORT,96163.08,6.7667092193800045,-1.2332907806199955,36.766709219380004,-8.04778715490388,1,TRAILING_STOP,Volume Spike + Direction
2025-05-02 07:30:00,2025-05-02 07:45:00,2025-05-02 08:30:00,SHORT,96509.43,-13.480370778275965,-21.480370778275965,16.519629221724035,-27.597303185814184,3,TRAILING_STOP,Volume Spike + Direction
2025-05-02 12:30:00,2025-05-02 12:45:00,2025-05-02 13:00:00,LONG,96978.02,12.200079976884403,4.200079976884403,32.2000799768844,-21.4667199845911,1,TRAILING_STOP,Volume Spike + Direction
2025-05-03 00:00:00,2025-05-03 00:15:00,2025-05-03 02:45:00,SHORT,96806.19,28.167620273043237,20.167620273043237,38.327094579385765,0.0,10,TIME_EXIT,Volume Spike + Direction
2025-05-03 03:15:00,2025-05-03 03:30:00,2025-05-03 06:00:00,SHORT,96404.58,6.926019489945817,-1.0739805100541826,10.030643772318399,-19.544714576838388,10,TIME_EXIT,Volume Spike + Direction
2025-05-03 08:15:00,2025-05-03 08:30:00,2025-05-03 10:00:00,LONG,96353.38,-15.552828556715783,-23.55282855671578,4.447171443284217,-21.62664143178004,6,TRAILING_STOP,Volume Spike + Direction
2025-05-03 22:00:00,2025-05-03 22:15:00,2025-05-04 00:45:00,SHORT,96209.28,34.12664557930397,26.12664557930397,47.42473906883037,-5.486996680570538,10,TIME_EXIT,Volume Spike + Direction
2025-05-04 01:45:00,2025-05-04 02:00:00,2025-05-04 02:30:00,LONG,96099.94,1.2840923730018545,-6.7159076269981455,21.284092373001855,-29.818957223073983,2,TRAILING_STOP,Volume Spike + Direction
2025-05-04 19:30:00,2025-05-04 19:45:00,2025-05-04 22:00:00,LONG,95599.99,-3.4633873915680837,-11.463387391568084,16.536612608431916,-52.09100963295134,9,TRAILING_STOP,Volume Spike + Direction
2025-05-04 22:30:00,2025-05-04 22:45:00,2025-05-05 00:00:00,SHORT,94881.59,46.96013525911526,38.96013525911526,76.96013525911526,-16.421520760771156,5,TRAILING_STOP,Volume Spike + Direction
2025-05-05 01:30:00,2025-05-05 01:45:00,2025-05-05 02:00:00,SHORT,93969.22,18.432880468731717,10.432880468731717,48.43288046873172,-9.599951984276537,1,TRAILING_STOP,Volume Spike + Direction
2025-05-05 13:00:00,2025-05-05 13:15:00,2025-05-05 13:45:00,SHORT,94199.99,29.894910816870187,21.894910816870187,59.89491081687019,-5.752654538497061,2,TRAILING_STOP,Volume Spike + Direction
2025-05-05 22:30:00,2025-05-05 22:45:00,2025-05-06 01:15:00,LONG,95186.0,-38.31235685920125,-46.31235685920125,0.0,-79.57262622654574,10,TIME_EXIT,Volume Spike + Direction
2025-05-06 08:15:00,2025-05-06 08:30:00,2025-05-06 11:00:00,SHORT,94036.67,3.8984791783889725,-4.101520821611027,18.582112701354188,-36.612313047666206,10,TIME_EXIT,Volume Spike + Direction
2025-05-06 12:30:00,2025-05-06 12:45:00,2025-05-06 13:45:00,LONG,93997.48,-17.61908510738749,-25.61908510738749,2.3809148926125103,-66.01028027559845,4,TRAILING_STOP,Volume Spike + Direction
2025-05-06 22:00:00,2025-05-06 22:15:00,2025-05-06 23:00:00,LONG,95163.85,112.6984984319148,104.6984984319148,132.6984984319148,0.0,3,TRAILING_STOP,Volume Spike + Direction
2025-05-07 13:30:00,2025-05-07 13:45:00,2025-05-07 14:45:00,LONG,97231.83,5.345609560161762,-2.654390439838238,25.345609560161762,-43.7953291632999,4,TRAILING_STOP,Volume Spike + Direction
2025-05-07 18:00:00,2025-05-07 18:15:00,2025-05-07 18:45:00,SHORT,96229.22,-6.179792374914694,-14.179792374914694,23.820207625085306,-67.67279211033737,2,TRAILING_STOP,Volume Spike + Direction
2025-05-08 00:45:00,2025-05-08 01:00:00,2025-05-08 01:30:00,LONG,97770.0,11.476935665337013,3.476935665337013,31.476935665337013,-17.387746752582594,2,TRAILING_STOP,Volume Spike + Direction
2025-05-08 15:15:00,2025-05-08 15:30:00,2025-05-08 15:45:00,LONG,100634.93,59.606554106015665,51.606554106015665,79.60655410601566,0.0,1,TRAILING_STOP,Volume Spike + Direction
2025-05-08 20:30:00,2025-05-08 20:45:00,2025-05-08 21:15:00,LONG,102114.1,178.9597910572574,170.9597910572574,198.9597910572574,0.0,2,TRAILING_STOP,Volume Spike + Direction
2025-05-09 07:30:00,2025-05-09 07:45:00,2025-05-09 08:15:00,LONG,103897.5,-16.87191703361486,-24.87191703361486,3.128082966385139,-52.76450347698514,2,TRAILING_STOP,Volume Spike + Direction
2025-05-10 00:15:00,2025-05-10 00:30:00,2025-05-10 02:30:00,SHORT,102936.51,-18.56091002113827,-26.56091002113827,11.439089978861729,-28.31842657187426,8,TRAILING_STOP,Volume Spike + Direction
2025-05-10 06:15:00,2025-05-10 06:30:00,2025-05-10 07:00:00,LONG,103715.92,17.031923353714816,9.031923353714816,37.03192335371482,-16.10745968410613,2,TRAILING_STOP,Volume Spike + Direction
2025-05-10 17:45:00,2025-05-10 18:00:00,2025-05-10 20:30:00,SHORT,103176.88,-10.79408487637883,-18.794084876378832,16.626786931336063,-13.371212620501012,10,TIME_EXIT,Volume Spike + Direction
2025-05-10 23:00:00,2025-05-10 23:15:00,2025-05-10 23:30:00,LONG,103988.99,61.95867658681931,53.95867658681931,81.95867658681931,0.0,1,TRAILING_STOP,Volume Spike + Direction
2025-05-11 02:45:00,2025-05-11 03:00:00,2025-05-11 05:30:00,SHORT,103781.06,-19.567154160885135,-27.567154160885135,0.0,-59.6390131301417,10,TIME_EXIT,Volume Spike + Direction
2025-05-11 07:00:00,2025-05-11 07:15:00,2025-05-11 08:00:00,SHORT,103708.93,5.0856960919368674,-2.9143039080631326,35.08569609193687,-8.781307453466832,3,TRAILING_STOP,Volume Spike + Direction
2025-05-11 12:00:00,2025-05-11 12:15:00,2025-05-11 14:45:00,LONG,104843.33,-65.17629686123111,-73.17629686123111,0.0,-101.81095926655499,10,TIME_EXIT,Volume Spike + Direction
2025-05-11 22:00:00,2025-05-11 22:15:00,2025-05-11 23:00:00,SHORT,104102.31,21.15544506168918,13.155445061689178,51.15544506168918,0.0,3,TRAILING_STOP,Volume Spike + Direction
2025-05-12 01:00:00,2025-05-12 01:15:00,2025-05-12 03:45:00,LONG,104747.99,-61.84939682374818,-69.84939682374818,0.0,-99.84344329662183,10,TIME_EXIT,Volume Spike + Direction
2025-05-12 07:00:00,2025-05-12 07:15:00,2025-05-12 07:30:00,LONG,105600.0,-10.53030303030303,-18.53030303030303,9.46969696969697,-88.48579545454578,1,TRAILING_STOP,Volume Spike + Direction
2025-05-12 14:15:00,2025-05-12 14:30:00,2025-05-12 15:00:00,SHORT,102953.74,20.540174645428294,12.540174645428294,50.540174645428294,-48.10510040723093,2,TRAILING_STOP,Volume Spike + Direction
2025-05-12 18:00:00,2025-05-12 18:15:00,2025-05-12 18:45:00,SHORT,101965.64,92.32257846859041,84.32257846859041,122.32257846859041,0.0,2,TRAILING_STOP,Volume Spike + Direction
2025-05-13 02:15:00,2025-05-13 02:30:00,2025-05-13 05:00:00,LONG,102285.72,37.127372227520596,29.127372227520596,47.07597502368895,-83.689101469883,10,TIME_EXIT,Volume Spike + Direction
2025-05-13 12:30:00,2025-05-13 12:45:00,2025-05-13 13:00:00,LONG,103734.84,-14.875395768672945,-22.875395768672945,5.124604231327054,-23.528257237394154,1,TRAILING_STOP,Volume Spike + Direction
2025-05-13 19:30:00,2025-05-13 19:45:00,2025-05-13 20:00:00,LONG,104840.0,-11.606257153758108,-19.606257153758108,8.393742846241892,-41.96871423120946,1,TRAILING_STOP,Volume Spike + Direction
2025-05-14 00:00:00,2025-05-14 00:15:00,2025-05-14 02:45:00,SHORT,103951.37,22.90494103156036,14.904941031560359,43.7271774292141,-12.634754116276781,10,TIME_EXIT,Volume Spike + Direction
2025-05-14 07:45:00,2025-05-14 08:00:00,2025-05-14 08:45:00,LONG,103716.55,-18.021530797157823,-26.021530797157823,1.9784692028421764,-51.05742526144602,3,TRAILING_STOP,Volume Spike + Direction
2025-05-14 13:30:00,2025-05-14 13:45:00,2025-05-14 14:30:00,SHORT,103712.8,48.177428436991676,40.177428436991676,78.17742843699168,-24.980523136970724,3,TRAILING_STOP,Volume Spike + Direction
2025-05-15 01:30:00,2025-05-15 01:45:00,2025-05-15 04:15:00,SHORT,103272.39,41.92989045765321,33.92989045765321,54.360124714843856,0.0,10,TIME_EXIT,Volume Spike + Direction
2025-05-15 06:00:00,2025-05-15 06:15:00,2025-05-15 06:30:00,LONG,102556.99,-10.97087385267535,-18.97087385267535,9.02912614732465,-40.65934462390181,1,TRAILING_STOP,Volume Spike + Direction
2025-05-15 12:30:00,2025-05-15 12:45:00,2025-05-15 15:15:00,LONG,102791.72,-29.076271902056376,-37.07627190205638,0.0,-137.039247908294,10,TIME_EXIT,Volume Spike + Direction
2025-05-16 02:00:00,2025-05-16 02:15:00,2025-05-16 02:30:00,LONG,104262.0,-0.4329477662048724,-8.432947766204872,19.567052233795128,-11.196792695325742,1,TRAILING_STOP,Volume Spike + Direction
2025-05-16 08:15:00,2025-05-16 08:30:00,2025-05-16 09:00:00,SHORT,103265.55,-26.50319007645816,-34.50319007645816,3.4968099235418375,-38.775758227211135,2,TRAILING_STOP,Volume Spike + Direction
2025-05-16 13:30:00,2025-05-16 13:45:00,2025-05-16 14:00:00,LONG,103740.0,5.832851359167655,-2.1671486408323446,25.832851359167655,-23.13475997686524,1,TRAILING_STOP,Volume Spike + Direction
2025-05-17 00:15:00,2025-05-17 00:30:00,2025-05-17 02:15:00,SHORT,103295.72,36.14214025518203,28.142140255182028,66.14214025518203,-12.862101159660881,7,TRAILING_STOP,Volume Spike + Direction
2025-05-17 08:15:00,2025-05-17 08:30:00,2025-05-17 09:00:00,LONG,103455.1,-10.834671272852432,-18.834671272852432,9.165328727147568,-30.987355867424778,2,TRAILING_STOP,Volume Spike + Direction
2025-05-17 18:00:00,2025-05-17 18:15:00,2025-05-17 20:45:00,LONG,103219.38,14.789858261112297,6.789858261112297,20.77129314281816,-28.200130634382973,10,TIME_EXIT,Volume Spike + Direction
2025-05-17 21:15:00,2025-05-17 21:30:00,2025-05-18 00:00:00,SHORT,103199.91,-1.0086956471180706,-9.00869564711807,28.99130435288193,-9.698651868979004,10,TRAILING_STOP,Volume Spike + Direction
2025-05-18 05:45:00,2025-05-18 06:00:00,2025-05-18 08:30:00,LONG,103648.2,22.45129196647892,14.45129196647892,42.45129196647892,-26.99902169068025,10,TRAILING_STOP,Volume Spike + Direction
2025-05-18 13:30:00,2025-05-18 13:45:00,2025-05-18 14:00:00,LONG,104460.0,17.90158912502377,9.901589125023769,37.90158912502377,0.0,1,TRAILING_STOP,Volume Spike + Direction
2025-05-18 16:45:00,2025-05-18 17:00:00,2025-05-18 17:15:00,LONG,105822.22,-15.351637869626783,-23.351637869626785,4.648362130373217,-38.84061400337321,1,TRAILING_STOP,Volume Spike + Direction
2025-05-18 20:00:00,2025-05-18 20:15:00,2025-05-18 22:45:00,SHORT,103668.27,-217.98666072077808,-225.98666072077808,0.0,-222.99204954418562,10,TIME_EXIT,Volume Spike + Direction
2025-05-18 23:00:00,2025-05-18 23:15:00,2025-05-18 23:45:00,SHORT,105727.99,-20.248561426354,-28.248561426354,9.751438573645997,-88.15168055308672,2,TRAILING_STOP,Volume Spike + Direction
2025-05-19 04:00:00,2025-05-19 04:15:00,2025-05-19 06:45:00,LONG,103670.11,-141.03486530495633,-149.03486530495633,0.0,-161.09850756404143,10,TIME_EXIT,Volume Spike + Direction
2025-05-19 12:30:00,2025-05-19 12:45:00,2025-05-19 13:30:00,SHORT,102393.55,-22.99565255819325,-30.99565255819325,7.004347441806751,-62.39846162185003,3,TRAILING_STOP,Volume Spike + Direction
2025-05-19 22:30:00,2025-05-19 22:45:00,2025-05-19 23:15:00,LONG,105389.99,21.74969558304351,13.749695583043511,41.74969558304351,0.0,2,TRAILING_STOP,Volume Spike + Direction
2025-05-20 03:15:00,2025-05-20 03:30:00,2025-05-20 05:30:00,LONG,106097.61,8.406860437289719,0.4068604372897191,28.40686043728972,-53.21514782472535,8,TRAILING_STOP,Volume Spike + Direction
2025-05-20 13:30:00,2025-05-20 13:45:00,2025-05-20 16:15:00,SHORT,104243.61,-96.87692128083482,-104.87692128083482,0.0,-122.80848677439289,10,TIME_EXIT,Volume Spike + Direction
2025-05-20 17:00:00,2025-05-20 17:15:00,2025-05-20 18:15:00,LONG,106103.87,9.718048926962513,1.7180489269625134,29.718048926962513,-33.875295971767386,4,TRAILING_STOP,Volume Spike + Direction
2025-05-20 19:45:00,2025-05-20 20:00:00,2025-05-20 20:45:00,LONG,107026.47,7.42592556775897,-0.57407443224103,27.42592556775897,-57.81840697913308,3,TRAILING_STOP,Volume Spike + Direction
2025-05-21 04:30:00,2025-05-21 04:45:00,2025-05-21 05:30:00,LONG,107521.41,-1.6529563739919766,-9.652956373991977,18.347043626008023,-22.30811519305788,3,TRAILING_STOP,Volume Spike + Direction
2025-05-21 13:30:00,2025-05-21 13:45:00,2025-05-21 14:15:00,LONG,107140.17,36.480216523830855,28.480216523830855,56.480216523830855,-1.5484388348456521,2,TRAILING_STOP,Volume Spike + Direction
2025-05-21 16:30:00,2025-05-21 16:45:00,2025-05-21 19:15:00,LONG,109514.76,-209.17454414363777,-217.17454414363777,0.0,-310.19471713219264,10,TIME_EXIT,Volume Spike + Direction
2025-05-21 23:15:00,2025-05-21 23:30:00,2025-05-22 00:15:00,LONG,109752.66,18.799059630992247,10.799059630992247,38.79905963099225,-37.903409357003284,3,TRAILING_STOP,Volume Spike + Direction
2025-05-22 12:15:00,2025-05-22 12:30:00,2025-05-22 13:00:00,LONG,111285.71,10.61668924069286,2.6166892406928604,30.61668924069286,-4.703209423744617,2,TRAILING_STOP,Volume Spike + Direction
2025-05-23 01:00:00,2025-05-23 01:15:00,2025-05-23 02:15:00,SHORT,111353.0,-18.70888076657154,-26.70888076657154,11.291119233428459,-23.881709518377864,4,TRAILING_STOP,Volume Spike + Direction
2025-05-23 07:30:00,2025-05-23 07:45:00,2025-05-23 09:15:00,SHORT,110764.49,-25.56897702503738,-33.568977025037384,4.43102297496262,-43.648465315914976,6,TRAILING_STOP,Volume Spike + Direction
2025-05-23 11:30:00,2025-05-23 11:45:00,2025-05-23 12:15:00,SHORT,110380.0,247.58651929697407,239.58651929697407,277.5865192969741,0.0,2,TRAILING_STOP,Volume Spike + Direction
2025-05-23 22:45:00,2025-05-23 23:00:00,2025-05-23 23:45:00,SHORT,107797.37,62.522665441651824,54.522665441651824,92.52266544165182,0.0,3,TRAILING_STOP,Volume Spike + Direction
2025-05-24 06:30:00,2025-05-24 06:45:00,2025-05-24 08:15:00,SHORT,107945.27,5.101121151488037,-2.8988788485119628,35.10112115148804,-26.12434986729849,6,TRAILING_STOP,Volume Spike + Direction
2025-05-24 10:15:00,2025-05-24 10:30:00,2025-05-24 11:30:00,LONG,108394.0,82.59147185268547,74.59147185268547,102.59147185268547,0.0,4,TRAILING_STOP,Volume Spike + Direction
2025-05-24 22:15:00,2025-05-24 22:30:00,2025-05-24 23:00:00,SHORT,108514.81,47.68893480991153,39.68893480991153,77.68893480991153,0.0,2,TRAILING_STOP,Volume Spike + Direction
2025-05-25 06:00:00,2025-05-25 06:15:00,2025-05-25 08:45:00,SHORT,108019.09,84.2147438938796,76.2147438938796,101.1811893619912,0.0,10,TIME_EXIT,Volume Spike + Direction
2025-05-25 08:45:00,2025-05-25 09:00:00,2025-05-25 09:45:00,SHORT,107109.4,7.384207175093714,-0.6157928249062863,37.384207175093714,-13.900740737974392,3,TRAILING_STOP,Volume Spike + Direction
2025-05-25 15:00:00,2025-05-25 15:15:00,2025-05-25 15:30:00,SHORT,107287.33,34.0047617924691,26.004761792469097,64.0047617924691,0.0,1,TRAILING_STOP,Volume Spike + Direction
2025-05-25 22:00:00,2025-05-25 22:15:00,2025-05-25 23:00:00,LONG,108363.64,66.40813468429131,58.40813468429131,86.40813468429131,-6.750419236562577,3,TRAILING_STOP,Volume Spike + Direction
2025-05-26 07:00:00,2025-05-26 07:15:00,2025-05-26 09:45:00,SHORT,109836.26,11.262218870161556,3.262218870161556,21.510200729703907,-30.74212468632886,10,TIME_EXIT,Volume Spike + Direction
2025-05-26 15:30:00,2025-05-26 15:45:00,2025-05-26 16:00:00,LONG,109963.97,21.672740625861366,13.672740625861366,41.672740625861366,0.0,1,TRAILING_STOP,Volume Spike + Direction
2025-05-27 01:00:00,2025-05-27 01:15:00,2025-05-27 02:15:00,SHORT,108723.26,19.831103298410923,11.831103298410923,49.83110329841092,0.0,4,TRAILING_STOP,Volume Spike + Direction
2025-05-27 06:45:00,2025-05-27 07:00:00,2025-05-27 09:30:00,SHORT,108828.18,-70.00208953232583,-78.00208953232583,0.0,-88.28779457673619,10,TIME_EXIT,Volume Spike + Direction
2025-05-27 13:00:00,2025-05-27 13:15:00,2025-05-27 13:30:00,LONG,110374.06,8.973293181387742,0.9732931813877421,28.973293181387742,-33.890209348102054,1,TRAILING_STOP,Volume Spike + Direction
2025-05-28 08:30:00,2025-05-28 08:45:00,2025-05-28 09:00:00,LONG,109073.97,-19.757962417614447,-27.757962417614447,0.24203758238555156,-29.70186195661542,1,TRAILING_STOP,Volume Spike + Direction
2025-05-28 13:30:00,2025-05-28 13:45:00,2025-05-28 14:15:00,SHORT,108515.83,52.000017877576184,44.000017877576184,82.00001787757618,0.0,2,TRAILING_STOP,Volume Spike + Direction
2025-05-29 01:00:00,2025-05-29 01:15:00,2025-05-29 01:45:00,SHORT,108009.58,-11.785874919613988,-19.78587491961399,18.21412508038601,-31.31203732113365,2,TRAILING_STOP,Volume Spike + Direction
2025-05-29 04:30:00,2025-05-29 04:45:00,2025-05-29 07:15:00,SHORT,107399.99,-54.44972574019733,-62.44972574019733,0.0,-57.05773343181767,10,TIME_EXIT,Volume Spike + Direction
2025-05-29 10:45:00,2025-05-29 11:00:00,2025-05-29 12:00:00,LONG,108746.01,-6.583415796128175,-14.583415796128175,13.416584203871825,-20.239823051897837,4,TRAILING_STOP,Volume Spike + Direction
2025-05-29 13:30:00,2025-05-29 13:45:00,2025-05-29 14:30:00,SHORT,107592.58,73.96441836416616,65.96441836416616,103.96441836416616,-16.98816033596358,3,TRAILING_STOP,Volume Spike + Direction
2025-05-29 23:45:00,2025-05-30 00:00:00,2025-05-30 00:45:00,SHORT,105589.75,63.688071048562946,55.688071048562946,93.68807104856295,-59.2083985424715,3,TRAILING_STOP,Volume Spike + Direction
2025-05-30 06:15:00,2025-05-30 06:30:00,2025-05-30 08:15:00,SHORT,105949.49,85.31627004528329,77.31627004528329,115.31627004528329,0.0,7,TRAILING_STOP,Volume Spike + Direction
2025-05-30 16:30:00,2025-05-30 16:45:00,2025-05-30 17:45:00,SHORT,104400.0,24.02011494252885,16.02011494252885,54.02011494252885,0.0,4,TRAILING_STOP,Volume Spike + Direction
2025-05-31 01:45:00,2025-05-31 02:00:00,2025-05-31 03:15:00,SHORT,103476.6,9.434036294196268,1.434036294196268,39.43403629419627,-36.29612878660365,5,TRAILING_STOP,Volume Spike + Direction
2025-05-31 10:00:00,2025-05-31 10:15:00,2025-05-31 12:00:00,SHORT,103476.0,-11.610228458773669,-19.61022845877367,18.38977154122633,-43.68066024972025,7,TRAILING_STOP,Volume Spike + Direction
2025-05-31 21:00:00,2025-05-31 21:15:00,2025-05-31 23:45:00,SHORT,104676.12,8.04768078908453,0.04768078908453077,19.385510276842346,-21.387877196824327,10,TIME_EXIT,Volume Spike + Direction
2025-06-01 01:30:00,2025-06-01 01:45:00,2025-06-01 02:30:00,SHORT,104213.05,-2.3134482677554473,-10.313448267755447,27.686551732244553,-4.296007073970493,3,TRAILING_STOP,Volume Spike + Direction
2025-06-01 09:15:00,2025-06-01 09:30:00,2025-06-01 11:30:00,SHORT,104032.55,-3.079579420095186,-11.079579420095186,26.920420579904814,-11.505052985820528,8,TRAILING_STOP,Volume Spike + Direction
2025-06-01 14:15:00,2025-06-01 14:30:00,2025-06-01 15:00:00,LONG,104670.18,-10.120395321761796,-18.120395321761798,9.879604678238204,-15.973030714190783,2,TRAILING_STOP,Volume Spike + Direction
2025-06-02 08:15:00,2025-06-02 08:30:00,2025-06-02 11:00:00,LONG,105811.14,-138.00909809685385,-146.00909809685385,0.0,-152.26468593004523,10,TIME_EXIT,Volume Spike + Direction
2025-06-02 22:15:00,2025-06-02 22:30:00,2025-06-03 00:15:00,LONG,105750.52,41.41624646384678,33.41624646384678,61.41624646384678,-23.038184587650694,7,TRAILING_STOP,Volume Spike + Direction
2025-06-03 13:30:00,2025-06-03 13:45:00,2025-06-03 15:00:00,LONG,105579.95,85.36849089244653,77.36849089244653,105.36849089244653,-40.63366197843386,5,TRAILING_STOP,Volume Spike + Direction
2025-06-04 05:00:00,2025-06-04 05:15:00,2025-06-04 07:45:00,LONG,105497.39,-16.74354218620948,-24.74354218620948,0.0,-23.4498692337317,10,TIME_EXIT,Volume Spike + Direction
2025-06-04 09:30:00,2025-06-04 09:45:00,2025-06-04 10:15:00,LONG,105680.54,10.228838724708108,2.2288387247081083,30.22883872470811,0.0,2,TRAILING_STOP,Volume Spike + Direction
2025-06-04 14:00:00,2025-06-04 14:15:00,2025-06-04 16:45:00,SHORT,104491.65,-91.32212956729128,-99.32212956729128,0.0,-100.51999370284668,10,TIME_EXIT,Volume Spike + Direction
2025-06-04 20:15:00,2025-06-04 20:30:00,2025-06-04 21:30:00,SHORT,104681.96,-17.377958914792515,-25.377958914792515,12.622041085207485,-31.824967740381833,4,TRAILING_STOP,Volume Spike + Direction
2025-06-05 02:30:00,2025-06-05 02:45:00,2025-06-05 05:15:00,LONG,105170.39,-14.699078324231753,-22.699078324231753,5.3009216757682465,-27.592367015088783,10,TRAILING_STOP,Volume Spike + Direction
2025-06-05 05:30:00,2025-06-05 05:45:00,2025-06-05 08:15:00,SHORT,104740.01,11.125643390715624,3.1256433907156236,34.3717744537159,0.0,10,TIME_EXIT,Volume Spike + Direction
2025-06-05 12:00:00,2025-06-05 12:15:00,2025-06-05 13:15:00,LONG,105104.09,56.6497288545108,48.6497288545108,76.6497288545108,0.0,4,TRAILING_STOP,Volume Spike + Direction
2025-06-05 19:15:00,2025-06-05 19:30:00,2025-06-05 20:15:00,SHORT,102215.03,93.91426192410222,85.91426192410222,123.91426192410222,0.0,3,TRAILING_STOP,Volume Spike + Direction
2025-06-06 12:30:00,2025-06-06 12:45:00,2025-06-06 15:15:00,SHORT,103689.51,-109.71215892523804,-117.71215892523804,0.0,-158.50108656121583,10,TIME_EXIT,Volume Spike + Direction
2025-06-07 00:15:00,2025-06-07 00:30:00,2025-06-07 03:00:00,LONG,104181.41,54.197769064557626,46.197769064557626,58.36741890899746,0.0,10,TIME_EXIT,Volume Spike + Direction
2025-06-07 03:00:00,2025-06-07 03:15:00,2025-06-07 04:15:00,LONG,104746.04,-4.273391146814669,-12.273391146814669,15.726608853185331,-6.816486809429185,4,TRAILING_STOP,Volume Spike + Direction
2025-06-07 06:45:00,2025-06-07 07:00:00,2025-06-07 09:30:00,LONG,105316.36,-50.655947471029684,-58.655947471029684,0.0,-59.492181461645934,10,TIME_EXIT,Volume Spike + Direction
2025-06-07 12:00:00,2025-06-07 12:15:00,2025-06-07 12:45:00,LONG,105278.69,20.30255315676923,12.302553156769228,40.30255315676923,-2.4306913393390923,2,TRAILING_STOP,Volume Spike + Direction
2025-06-07 18:15:00,2025-06-07 18:30:00,2025-06-07 21:00:00,LONG,105761.3,3.214786505082672,-4.785213494917328,13.114437889851684,-20.685260109322037,10,TIME_EXIT,Volume Spike + Direction
2025-06-08 01:00:00,2025-06-08 01:15:00,2025-06-08 02:00:00,LONG,105536.65,3.6581320328063853,-4.341867967193615,23.658132032806385,-5.97612298665842,3,TRAILING_STOP,Volume Spike + Direction
2025-06-08 09:00:00,2025-06-08 09:15:00,2025-06-08 10:30:00,SHORT,105311.92,3.0238020539364214,-4.976197946063579,33.02380205393642,-14.521623003360643,5,TRAILING_STOP,Volume Spike + Direction
2025-06-08 12:15:00,2025-06-08 12:30:00,2025-06-08 15:00:00,SHORT,105649.6,-21.72074480168395,-29.72074480168395,8.279255198316052,-48.32862594841784,10,TRAILING_STOP,Volume Spike + Direction
2025-06-08 22:00:00,2025-06-08 22:15:00,2025-06-09 00:45:00,SHORT,105960.78,24.012658268465216,16.012658268465216,39.172040824915825,-5.374630122579042,10,TIME_EXIT,Volume Spike + Direction
2025-06-09 09:15:00,2025-06-09 09:30:00,2025-06-09 09:45:00,LONG,106151.87,49.3468706674696,41.3468706674696,69.3468706674696,0.0,1,TRAILING_STOP,Volume Spike + Direction
2025-06-09 21:00:00,2025-06-09 21:15:00,2025-06-09 21:30:00,LONG,109222.69,99.70772739620274,91.70772739620274,119.70772739620274,0.0,1,TRAILING_STOP,Volume Spike + Direction
2025-06-10 07:30:00,2025-06-10 07:45:00,2025-06-10 09:45:00,SHORT,109161.0,-20.46362711957514,-28.46362711957514,9.53637288042486,-33.0557616731247,8,TRAILING_STOP,Volume Spike + Direction
2025-06-10 11:15:00,2025-06-10 11:30:00,2025-06-10 12:00:00,LONG,109745.27,-18.963053259608355,-26.963053259608355,1.0369467403916455,-30.037741034306876,2,TRAILING_STOP,Volume Spike + Direction
2025-06-10 14:15:00,2025-06-10 14:30:00,2025-06-10 15:00:00,SHORT,108832.77,3.4899130105767284,-4.510086989423272,33.48991301057673,-24.55418528812562,2,TRAILING_STOP,Volume Spike + Direction
2025-06-11 09:30:00,2025-06-11 09:45:00,2025-06-11 12:15:00,SHORT,109289.35,1.1986529337035878,-6.801347066296412,25.668557823795165,-16.407820158139142,10,TIME_EXIT,Volume Spike + Direction
2025-06-11 12:30:00,2025-06-11 12:45:00,2025-06-11 14:30:00,LONG,109827.44,31.40518617205249,23.40518617205249,51.40518617205249,-47.89513440357019,7,TRAILING_STOP,Volume Spike + Direction
2025-06-11 22:15:00,2025-06-11 22:30:00,2025-06-12 01:00:00,SHORT,108286.29,-26.01622052062188,-34.01622052062188,0.0,-48.691297854974,10,TIME_EXIT,Volume Spike + Direction
2025-06-12 01:30:00,2025-06-12 01:45:00,2025-06-12 02:30:00,LONG,108489.18,4.87068295658673,-3.1293170434132698,24.87068295658673,-2.440796400156765,3,TRAILING_STOP,Volume Spike + Direction
2025-06-12 12:30:00,2025-06-12 12:45:00,2025-06-12 15:00:00,LONG,107407.35,18.65191721050693,10.65191721050693,38.65191721050693,-75.16710914104164,9,TRAILING_STOP,Volume Spike + Direction
2025-06-12 19:45:00,2025-06-12 20:00:00,2025-06-12 20:15:00,SHORT,106789.8,5.650408559619585,-2.349591440380415,35.650408559619585,-10.506621418899286,1,TRAILING_STOP,Volume Spike + Direction
2025-06-13 00:00:00,2025-06-13 00:15:00,2025-06-13 00:30:00,SHORT,104328.68,76.85556454850169,68.85556454850169,106.85556454850169,0.0,1,TRAILING_STOP,Volume Spike + Direction
2025-06-13 08:00:00,2025-06-13 08:15:00,2025-06-13 10:45:00,LONG,105396.5,-49.573752449085625,-57.573752449085625,0.0,-92.10078133524419,10,TIME_EXIT,Volume Spike + Direction
2025-06-13 14:00:00,2025-06-13 14:15:00,2025-06-13 14:30:00,SHORT,104548.38,11.165630686960874,3.165630686960874,41.165630686960874,-18.585653837964554,1,TRAILING_STOP,Volume Spike + Direction
2025-06-14 00:15:00,2025-06-14 00:30:00,2025-06-14 03:00:00,SHORT,105800.0,49.14933837429111,41.14933837429111,50.17863894139881,-42.72211720226843,10,TIME_EXIT,Volume Spike + Direction
2025-06-14 15:30:00,2025-06-14 15:45:00,2025-06-14 18:00:00,SHORT,104740.26,6.352783542832029,-1.6472164571679713,36.35278354283203,-24.389857348072884,9,TRAILING_STOP,Volume Spike + Direction
2025-06-15 05:45:00,2025-06-15 06:00:00,2025-06-15 08:30:00,LONG,106073.95,-78.6196799496952,-86.6196799496952,0.0,-82.39063408122325,10,TIME_EXIT,Volume Spike + Direction
2025-06-15 13:00:00,2025-06-15 13:15:00,2025-06-15 14:00:00,LONG,105404.3,4.28838292175886,-3.71161707824114,24.28838292175886,-10.454032710240694,3,TRAILING_STOP,Volume Spike + Direction
2025-06-15 19:30:00,2025-06-15 19:45:00,2025-06-15 21:15:00,SHORT,105150.0,32.336661911555034,24.336661911555034,62.336661911555034,-14.265335235378032,6,TRAILING_STOP,Volume Spike + Direction
2025-06-16 04:15:00,2025-06-16 04:30:00,2025-06-16 05:30:00,LONG,106226.1,32.681026602689975,24.681026602689975,52.681026602689975,-6.222576184196334,4,TRAILING_STOP,Volume Spike + Direction
2025-06-16 07:30:00,2025-06-16 07:45:00,2025-06-16 09:00:00,LONG,107181.35,-13.127535714003514,-21.127535714003514,6.872464285996485,-21.167861759532293,5,TRAILING_STOP,Volume Spike + Direction
2025-06-16 14:00:00,2025-06-16 14:15:00,2025-06-16 16:45:00,SHORT,106969.18,-74.48968011159965,-82.48968011159965,0.0,-87.67011208275159,10,TIME_EXIT,Volume Spike + Direction
2025-06-16 19:00:00,2025-06-16 19:15:00,2025-06-16 19:30:00,LONG,108611.59,-1.3813608658154095,-9.38136086581541,18.61863913418459,-17.6399222219283,1,TRAILING_STOP,Volume Spike + Direction
2025-06-16 22:30:00,2025-06-16 22:45:00,2025-06-17 00:15:00,SHORT,107457.42,94.89319025154265,86.89319025154265,124.89319025154265,-48.87610366971461,6,TRAILING_STOP,Volume Spike + Direction
2025-06-17 09:45:00,2025-06-17 10:00:00,2025-06-17 12:30:00,SHORT,106160.58,37.61094749105542,29.61094749105542,61.44936284259241,-0.7253163085579496,10,TIME_EXIT,Volume Spike + Direction
2025-06-17 14:00:00,2025-06-17 14:15:00,2025-06-17 16:45:00,LONG,105672.55,-193.22709634621336,-201.22709634621336,0.0,-205.591707591045,10,TIME_EXIT,Volume Spike + Direction
2025-06-17 16:45:00,2025-06-17 17:00:00,2025-06-17 18:30:00,SHORT,103630.67,-28.198409795092683,-36.19840979509269,1.801590204907317,-59.763195586789294,6,TRAILING_STOP,Volume Spike + Direction
2025-06-18 06:45:00,2025-06-18 07:00:00,2025-06-18 08:00:00,SHORT,104966.19,-16.25271623176921,-24.25271623176921,13.74728376823079,-32.813423065083434,4,TRAILING_STOP,Volume Spike + Direction
2025-06-18 13:00:00,2025-06-18 13:15:00,2025-06-18 13:30:00,SHORT,104054.84,-6.858356612724318,-14.858356612724318,23.141643387275682,-30.647300980906678,1,TRAILING_STOP,Volume Spike + Direction
2025-06-19 13:45:00,2025-06-19 14:00:00,2025-06-19 16:30:00,SHORT,104283.33,6.677960897489505,-1.3220391025104954,19.689628246432267,-39.041714529062254,10,TIME_EXIT,Volume Spike + Direction
2025-06-19 17:30:00,2025-06-19 17:45:00,2025-06-19 20:15:00,LONG,104714.24,-35.21966066888352,-43.21966066888352,0.0,-56.08215272345092,10,TIME_EXIT,Volume Spike + Direction
2025-06-19 22:00:00,2025-06-19 22:15:00,2025-06-19 23:15:00,LONG,104533.73,14.876780920378692,6.8767809203786925,34.87678092037869,-6.712665854360909,4,TRAILING_STOP,Volume Spike + Direction
2025-06-20 02:30:00,2025-06-20 02:45:00,2025-06-20 05:15:00,SHORT,104575.8,22.904916816318767,14.904916816318767,32.30001587365326,-11.876552701485151,10,TIME_EXIT,Volume Spike + Direction
2025-06-20 07:15:00,2025-06-20 07:30:00,2025-06-20 08:30:00,LONG,105178.85,107.95348114188245,99.95348114188245,127.95348114188245,0.0,4,TRAILING_STOP,Volume Spike + Direction
2025-06-20 13:45:00,2025-06-20 14:00:00,2025-06-20 15:00:00,SHORT,105673.99,139.0094222807339,131.0094222807339,169.0094222807339,-2.0828209477085857,4,TRAILING_STOP,Volume Spike + Direction
2025-06-20 16:30:00,2025-06-20 16:45:00,2025-06-20 17:30:00,SHORT,103780.01,108.27422063266278,100.27422063266278,138.27422063266278,0.0,3,TRAILING_STOP,Volume Spike + Direction
2025-06-21 07:00:00,2025-06-21 07:15:00,2025-06-21 09:45:00,SHORT,103380.54,-44.76954753767022,-52.76954753767022,0.0,-53.47137865598382,10,TIME_EXIT,Volume Spike + Direction
2025-06-21 13:45:00,2025-06-21 14:00:00,2025-06-21 16:15:00,SHORT,103572.29,-1.954853947905697,-9.954853947905697,28.045146052094303,-19.668388137406872,9,TRAILING_STOP,Volume Spike + Direction
2025-06-21 18:45:00,2025-06-21 19:00:00,2025-06-21 20:30:00,SHORT,102645.22,12.790107517914734,4.790107517914734,42.790107517914734,-4.526270195532909,6,TRAILING_STOP,Volume Spike + Direction
2025-06-21 23:45:00,2025-06-22 00:00:00,2025-06-22 00:15:00,LONG,102120.02,45.66391193421208,37.66391193421208,65.66391193421208,-13.564431342649959,1,TRAILING_STOP,Volume Spike + Direction
2025-06-22 09:00:00,2025-06-22 09:15:00,2025-06-22 10:15:00,SHORT,102596.78,20.370001865555516,12.370001865555516,50.370001865555516,0.0,4,TRAILING_STOP,Volume Spike + Direction
2025-06-22 13:00:00,2025-06-22 13:15:00,2025-06-22 13:45:00,SHORT,102281.83,166.81697130370094,158.81697130370094,196.81697130370094,0.0,2,TRAILING_STOP,Volume Spike + Direction
2025-06-22 22:00:00,2025-06-22 22:15:00,2025-06-22 23:00:00,LONG,100334.8,49.75147207150373,41.75147207150373,69.75147207150373,-3.468387837520273,3,TRAILING_STOP,Volume Spike + Direction
2025-06-23 00:45:00,2025-06-23 01:00:00,2025-06-23 01:45:00,SHORT,100904.6,3.735825720532411,-4.264174279467589,33.73582572053241,-20.342977426201532,3,TRAILING_STOP,Volume Spike + Direction
2025-06-23 05:45:00,2025-06-23 06:00:00,2025-06-23 06:15:00,LONG,101771.01,8.856940694605232,0.8569406946052318,28.856940694605232,0.0,1,TRAILING_STOP,Volume Spike + Direction
2025-06-23 13:30:00,2025-06-23 13:45:00,2025-06-23 14:00:00,LONG,102000.0,40.10686274509769,32.10686274509769,60.10686274509769,0.0,1,TRAILING_STOP,Volume Spike + Direction
2025-06-23 16:15:00,2025-06-23 16:30:00,2025-06-23 16:45:00,SHORT,100272.17,-25.02853084759298,-33.028530847592975,4.971469152407021,-64.77569997737199,1,TRAILING_STOP,Volume Spike + Direction
2025-06-23 22:00:00,2025-06-23 22:15:00,2025-06-23 22:30:00,LONG,105323.84,51.24312976055569,43.24312976055569,71.24312976055569,-43.02349781398014,1,TRAILING_STOP,Volume Spike + Direction
2025-06-24 13:15:00,2025-06-24 13:30:00,2025-06-24 14:00:00,SHORT,105105.44,-3.4628388406919512,-11.462838840691951,26.53716115930805,-17.654652318661878,2,TRAILING_STOP,Volume Spike + Direction
2025-06-24 16:45:00,2025-06-24 17:00:00,2025-06-24 19:30:00,LONG,106225.25,-72.8630904610726,-80.8630904610726,0.0,-86.22996886333485,10,TIME_EXIT,Volume Spike + Direction
2025-06-25 00:00:00,2025-06-25 00:15:00,2025-06-25 01:15:00,LONG,106438.2,-3.2945314746023833,-11.294531474602383,16.705468525397617,-59.20524774000296,4,TRAILING_STOP,Volume Spike + Direction
2025-06-25 09:00:00,2025-06-25 09:15:00,2025-06-25 09:30:00,LONG,106824.5,-6.20073110569172,-14.20073110569172,13.79926889430828,-35.094009333064925,1,TRAILING_STOP,Volume Spike + Direction
2025-06-25 13:15:00,2025-06-25 13:30:00,2025-06-25 14:00:00,LONG,107870.17,4.578620762348358,-3.4213792376516423,24.578620762348358,-15.776372652420315,2,TRAILING_STOP,Volume Spike + Direction
2025-06-26 01:30:00,2025-06-26 01:45:00,2025-06-26 02:30:00,LONG,107629.87,9.743601845844903,1.7436018458449034,29.743601845844903,0.0,3,TRAILING_STOP,Volume Spike + Direction
2025-06-26 07:15:00,2025-06-26 07:30:00,2025-06-26 07:45:00,LONG,107973.58,-9.595602924345336,-17.595602924345336,10.404397075654664,-16.07615492604781,1,TRAILING_STOP,Volume Spike + Direction
2025-06-26 13:30:00,2025-06-26 13:45:00,2025-06-26 14:45:00,LONG,107226.69,30.2542790419065,22.2542790419065,50.2542790419065,-31.93048297956457,4,TRAILING_STOP,Volume Spike + Direction
2025-06-26 20:30:00,2025-06-26 20:45:00,2025-06-26 23:15:00,LONG,107953.59,-87.07538118926799,-95.07538118926799,0.0,-102.22818898380281,10,TIME_EXIT,Volume Spike + Direction
2025-06-27 07:30:00,2025-06-27 07:45:00,2025-06-27 09:30:00,SHORT,106964.46,-3.4042503463290075,-11.404250346329007,26.595749653670993,-11.535607247491308,7,TRAILING_STOP,Volume Spike + Direction
2025-06-27 14:00:00,2025-06-27 14:15:00,2025-06-27 15:15:00,SHORT,106708.89,1.717132471343021,-6.282867528656979,31.71713247134302,-7.8447072216763205,4,TRAILING_STOP,Volume Spike + Direction
2025-06-28 13:15:00,2025-06-28 13:30:00,2025-06-28 15:45:00,SHORT,107183.84,-22.270289998940953,-30.270289998940953,7.729710001059047,-36.75087587830437,9,TRAILING_STOP,Volume Spike + Direction
2025-06-28 22:00:00,2025-06-28 22:15:00,2025-06-29 00:45:00,SHORT,107258.37,-20.282799375004757,-28.282799375004757,0.3925101602785733,-22.527845612422105,10,TIME_EXIT,Volume Spike + Direction
2025-06-29 00:45:00,2025-06-29 01:00:00,2025-06-29 03:30:00,LONG,107475.91,-26.601310005191742,-34.60131000519174,0.0,-28.22865142523561,10,TIME_EXIT,Volume Spike + Direction
2025-06-29 08:30:00,2025-06-29 08:45:00,2025-06-29 10:30:00,LONG,107685.5,36.86838060834555,28.868380608345547,56.86838060834555,-5.386983391449616,7,TRAILING_STOP,Volume Spike + Direction
2025-06-29 11:45:00,2025-06-29 12:00:00,2025-06-29 14:30:00,LONG,108477.12,-56.888494089813655,-64.88849408981366,0.0,-64.46981630780678,10,TIME_EXIT,Volume Spike + Direction
2025-06-29 22:00:00,2025-06-29 22:15:00,2025-06-29 23:00:00,LONG,107802.09,24.075212270930876,16.075212270930876,44.07521227093088,0.0,3,TRAILING_STOP,Volume Spike + Direction
2025-06-30 06:30:00,2025-06-30 06:45:00,2025-06-30 09:15:00,SHORT,107779.82,12.044926406446677,4.0449264064466774,29.766240099492368,0.0,10,TIME_EXIT,Volume Spike + Direction
2025-06-30 13:45:00,2025-06-30 14:00:00,2025-06-30 15:15:00,SHORT,107525.49,43.67183353454176,35.67183353454176,73.67183353454176,-10.771399414221914,5,TRAILING_STOP,Volume Spike + Direction
2025-06-30 21:45:00,2025-06-30 22:00:00,2025-07-01 00:30:00,SHORT,107130.8,-14.26387182770946,-22.26387182770946,9.695624414268343,-29.725345092167434,10,TIME_EXIT,Volume Spike + Direction
2025-07-01 13:15:00,2025-07-01 13:30:00,2025-07-01 14:15:00,LONG,106615.17,32.97745152026742,24.977451520267422,52.97745152026742,-19.653863516795365,3,TRAILING_STOP,Volume Spike + Direction
2025-07-02 01:15:00,2025-07-02 01:30:00,2025-07-02 04:00:00,LONG,105618.5,56.91332484365907,48.91332484365907,60.16275557785738,-8.794860748827091,10,TIME_EXIT,Volume Spike + Direction
2025-07-02 06:30:00,2025-07-02 06:45:00,2025-07-02 09:15:00,LONG,106930.42,61.32110581815792,53.32110581815792,81.32110581815792,-7.2561203818330196,10,TRAILING_STOP,Volume Spike + Direction
2025-07-02 14:15:00,2025-07-02 14:30:00,2025-07-02 14:45:00,SHORT,107850.6,-24.587883609362407,-32.58788360936241,5.412116390637594,-29.781939089814713,1,TRAILING_STOP,Volume Spike + Direction
2025-07-03 09:15:00,2025-07-03 09:30:00,2025-07-03 09:45:00,LONG,109970.0,6.449031554060248,-1.550968445939752,26.449031554060248,-7.364735837046943,1,TRAILING_STOP,Volume Spike + Direction
2025-07-03 12:30:00,2025-07-03 12:45:00,2025-07-03 15:15:00,SHORT,108941.87,-56.20153206476115,-64.20153206476115,0.0,-145.7024741726939,10,TIME_EXIT,Volume Spike + Direction
2025-07-03 23:15:00,2025-07-03 23:30:00,2025-07-04 02:00:00,SHORT,109600.0,16.87226277372247,8.872262773722468,19.799270072992698,-15.291058394160265,10,TIME_EXIT,Volume Spike + Direction
2025-07-04 04:45:00,2025-07-04 05:00:00,2025-07-04 07:30:00,SHORT,108982.59,11.67158901251999,3.6715890125199895,21.3419409467142,-20.323429641377146,10,TIME_EXIT,Volume Spike + Direction
2025-07-04 07:30:00,2025-07-04 07:45:00,2025-07-04 10:15:00,LONG,108855.39,8.545281956180956,0.5452819561809559,19.71514685676112,-30.91808315601071,10,TIME_EXIT,Volume Spike + Direction
2025-07-04 13:30:00,2025-07-04 13:45:00,2025-07-04 14:15:00,SHORT,108366.39,49.48866802705152,41.48866802705152,79.48866802705152,0.0,2,TRAILING_STOP,Volume Spike + Direction
2025-07-06 06:00:00,2025-07-06 06:15:00,2025-07-06 08:15:00,LONG,108080.0,-9.397668393782707,-17.39766839378271,10.602331606217293,-10.241487786824791,8,TRAILING_STOP,Volume Spike + Direction
2025-07-06 09:45:00,2025-07-06 10:00:00,2025-07-06 12:30:00,SHORT,107850.0,-29.52804821511418,-37.52804821511418,0.0,-30.66481223922125,10,TIME_EXIT,Volume Spike + Direction
2025-07-06 13:15:00,2025-07-06 13:30:00,2025-07-06 13:45:00,LONG,108461.53,41.358160815175665,33.358160815175665,61.358160815175665,0.0,1,TRAILING_STOP,Volume Spike + Direction
2025-07-06 21:15:00,2025-07-06 21:30:00,2025-07-06 21:45:00,LONG,109305.85,-7.216603685896416,-15.216603685896416,12.783396314103584,-24.802881090078944,1,TRAILING_STOP,Volume Spike + Direction
2025-07-07 10:15:00,2025-07-07 10:30:00,2025-07-07 13:00:00,SHORT,108725.2,42.51176360218163,34.51176360218163,47.82056045884423,-6.971704811764238,10,TIME_EXIT,Volume Spike + Direction
2025-07-08 02:00:00,2025-07-08 02:15:00,2025-07-08 03:15:00,SHORT,107638.47,-22.61230673382815,-30.61230673382815,7.38769326617185,-28.477736630778832,4,TRAILING_STOP,Volume Spike + Direction
2025-07-08 07:30:00,2025-07-08 07:45:00,2025-07-08 08:30:00,LONG,108417.16,-10.053235115179506,-18.053235115179504,9.946764884820494,-12.100482986272867,3,TRAILING_STOP,Volume Spike + Direction
2025-07-08 10:30:00,2025-07-08 10:45:00,2025-07-08 11:45:00,LONG,108879.82,-8.502920008501759,-16.50292000850176,11.497079991498241,-11.339107650986785,4,TRAILING_STOP,Volume Spike + Direction
2025-07-08 13:30:00,2025-07-08 13:45:00,2025-07-08 14:00:00,LONG,109033.0,-16.34881182761204,-24.34881182761204,3.651188172387963,-46.132822173103555,1,TRAILING_STOP,Volume Spike + Direction
2025-07-08 17:15:00,2025-07-08 17:30:00,2025-07-08 19:30:00,LONG,108887.7,3.864954443890408,-4.135045556109592,23.864954443890408,-11.433798307797852,8,TRAILING_STOP,Volume Spike + Direction
2025-07-09 01:00:00,2025-07-09 01:15:00,2025-07-09 03:45:00,LONG,109098.82,-66.2161148947352,-74.2161148947352,0.0,-68.82017605690024,10,TIME_EXIT,Volume Spike + Direction
2025-07-09 05:30:00,2025-07-09 05:45:00,2025-07-09 08:15:00,LONG,108865.39,-5.005263840051024,-13.005263840051024,1.002155046705247,-18.22250395649202,10,TIME_EXIT,Volume Spike + Direction
2025-07-09 09:45:00,2025-07-09 10:00:00,2025-07-09 12:30:00,LONG,108763.37,63.13062936538328,55.13062936538328,67.72776533128797,0.0,10,TIME_EXIT,Volume Spike + Direction
2025-07-09 13:00:00,2025-07-09 13:15:00,2025-07-09 15:45:00,LONG,109707.9,-58.024991819184145,-66.02499181918415,0.0,-109.82800691654788,10,TIME_EXIT,Volume Spike + Direction
2025-07-09 19:15:00,2025-07-09 19:30:00,2025-07-09 19:45:00,LONG,110346.02,129.8712867034071,121.8712867034071,149.8712867034071,0.0,1,TRAILING_STOP,Volume Spike + Direction
2025-07-10 05:00:00,2025-07-10 05:15:00,2025-07-10 06:15:00,SHORT,110986.91,-26.13377829871978,-34.133778298719776,3.8662217012802222,-28.794386653345136,4,TRAILING_STOP,Volume Spike + Direction
2025-07-10 13:30:00,2025-07-10 13:45:00,2025-07-10 14:00:00,SHORT,110798.95,-15.861779376068618,-23.86177937606862,14.138220623931382,-29.852268455613462,1,TRAILING_STOP,Volume Spike + Direction
2025-07-10 16:15:00,2025-07-10 16:30:00,2025-07-10 18:00:00,LONG,112376.92,105.5871757296781,97.5871757296781,125.5871757296781,0.0,6,TRAILING_STOP,Volume Spike + Direction
2025-07-10 21:15:00,2025-07-10 21:30:00,2025-07-10 22:00:00,LONG,115727.51,65.76093964175028,57.760939641750284,85.76093964175028,0.0,2,TRAILING_STOP,Volume Spike + Direction
2025-07-11 05:00:00,2025-07-11 05:15:00,2025-07-11 05:45:00,LONG,117206.42,82.1957670919394,74.1957670919394,102.1957670919394,0.0,2,TRAILING_STOP,Volume Spike + Direction
2025-07-11 15:45:00,2025-07-11 16:00:00,2025-07-11 16:15:00,SHORT,116902.58,-6.768690648230198,-14.768690648230198,23.231309351769802,-30.66570472610658,1,TRAILING_STOP,Volume Spike + Direction
2025-07-12 08:45:00,2025-07-12 09:00:00,2025-07-12 11:00:00,LONG,117929.66,2.923834428081662,-5.076165571918338,22.923834428081662,-5.032660994698519,8,TRAILING_STOP,Volume Spike + Direction
2025-07-12 12:30:00,2025-07-12 12:45:00,2025-07-12 14:00:00,SHORT,117509.75,-6.949146772927747,-14.949146772927747,23.050853227072253,-18.50995342939584,5,TRAILING_STOP,Volume Spike + Direction
2025-07-12 15:30:00,2025-07-12 15:45:00,2025-07-12 18:15:00,SHORT,116992.6,-36.24502746327491,-44.24502746327491,0.0,-47.532066130678054,10,TIME_EXIT,Volume Spike + Direction
2025-07-13 12:45:00,2025-07-13 13:00:00,2025-07-13 14:30:00,LONG,118432.11,59.69882492172093,51.69882492172093,79.69882492172093,-21.70948402422287,6,TRAILING_STOP,Volume Spike + Direction
2025-07-13 22:00:00,2025-07-13 22:15:00,2025-07-13 23:45:00,SHORT,118408.96,-28.10740673678719,-36.10740673678719,1.8925932632128084,-66.63684910331055,6,TRAILING_STOP,Volume Spike + Direction
2025-07-14 02:15:00,2025-07-14 02:30:00,2025-07-14 02:45:00,LONG,119834.52,-6.274405738847545,-14.274405738847545,13.725594261152455,-29.58412984839461,1,TRAILING_STOP,Volume Spike + Direction
2025-07-14 05:15:00,2025-07-14 05:30:00,2025-07-14 06:00:00,LONG,122330.46,-6.141636351240825,-14.141636351240825,13.858363648759175,-35.034610349703726,2,TRAILING_STOP,Volume Spike + Direction
2025-07-14 14:30:00,2025-07-14 14:45:00,2025-07-14 16:15:00,SHORT,120901.86,110.59833322663528,102.59833322663528,140.59833322663528,-22.696094170924596,6,TRAILING_STOP,Volume Spike + Direction
2025-07-15 00:30:00,2025-07-15 00:45:00,2025-07-15 01:30:00,SHORT,119401.88,23.75711002205408,15.757110022054079,53.75711002205408,-11.334829903850467,3,TRAILING_STOP,Volume Spike + Direction
2025-07-15 04:00:00,2025-07-15 04:15:00,2025-07-15 04:30:00,SHORT,116984.16,-26.907273600117524,-34.90727360011752,3.092726399882477,-45.06336584371749,1,TRAILING_STOP,Volume Spike + Direction
2025-07-15 12:30:00,2025-07-15 12:45:00,2025-07-15 15:00:00,SHORT,116533.56,38.36142309563009,30.361423095630087,68.36142309563009,-167.9473277912396,9,TRAILING_STOP,Volume Spike + Direction
2025-07-16 08:30:00,2025-07-16 08:45:00,2025-07-16 09:30:00,LONG,118782.75,15.127154405837551,7.127154405837551,35.12715440583755,-7.4960379348006,3,TRAILING_STOP,Volume Spike + Direction
2025-07-16 13:30:00,2025-07-16 13:45:00,2025-07-16 14:30:00,SHORT,118353.62,-17.020253372901028,-25.020253372901028,12.979746627098972,-36.353767632963766,3,TRAILING_STOP,Volume Spike + Direction
2025-07-17 01:45:00,2025-07-17 02:00:00,2025-07-17 03:45:00,SHORT,118149.71,2.8904742973982565,-5.1095257026017435,32.89047429739826,-31.615820301208828,7,TRAILING_STOP,Volume Spike + Direction
2025-07-17 07:00:00,2025-07-17 07:15:00,2025-07-17 07:30:00,SHORT,118066.24,-18.69194106630233,-26.69194106630233,11.30805893369767,-41.51991288957723,1,TRAILING_STOP,Volume Spike + Direction
2025-07-17 12:15:00,2025-07-17 12:30:00,2025-07-17 15:00:00,SHORT,117472.17,-82.45272050392842,-90.45272050392842,0.0,-119.75857771249154,10,TIME_EXIT,Volume Spike + Direction
2025-07-17 21:00:00,2025-07-17 21:15:00,2025-07-17 21:30:00,LONG,120066.0,50.7735745340063,42.7735745340063,70.7735745340063,-0.651308447021387,1,TRAILING_STOP,Volume Spike + Direction
2025-07-18 06:00:00,2025-07-18 06:15:00,2025-07-18 08:45:00,SHORT,120409.41,146.78254797527939,138.78254797527939,167.29672539712664,-3.853519421778927,10,TIME_EXIT,Volume Spike + Direction
2025-07-18 13:30:00,2025-07-18 13:45:00,2025-07-18 14:30:00,SHORT,118660.01,83.29174841633609,75.29174841633609,113.29174841633609,-49.09994529749407,3,TRAILING_STOP,Volume Spike + Direction
2025-07-19 10:30:00,2025-07-19 10:45:00,2025-07-19 12:00:00,LONG,118450.67,-15.843839464986063,-23.84383946498606,4.156160535013937,-23.99986424728529,5,TRAILING_STOP,Volume Spike + Direction
2025-07-19 14:15:00,2025-07-19 14:30:00,2025-07-19 15:15:00,SHORT,117877.58,-8.802584851165477,-16.802584851165477,21.197415148834523,-27.12390261150559,3,TRAILING_STOP,Volume Spike + Direction
2025-07-19 21:15:00,2025-07-19 21:30:00,2025-07-20 00:00:00,LONG,117695.22,0.43753348691591754,-7.5624665130840825,20.437533486915918,-18.226738520052393,10,TRAILING_STOP,Volume Spike + Direction
2025-07-20 02:45:00,2025-07-20 03:00:00,2025-07-20 04:00:00,LONG,117970.5,-3.480615916690642,-11.480615916690642,16.519384083309358,-22.34456919314624,4,TRAILING_STOP,Volume Spike + Direction
2025-07-20 09:00:00,2025-07-20 09:15:00,2025-07-20 11:45:00,SHORT,118006.09,10.815543502881088,2.815543502881088,15.77969408188949,-8.557185480851919,10,TIME_EXIT,Volume Spike + Direction
2025-07-20 14:00:00,2025-07-20 14:15:00,2025-07-20 14:45:00,LONG,118555.21,0.2977161442335081,-7.702283855766492,20.297716144233508,-13.806225808212693,2,TRAILING_STOP,Volume Spike + Direction
2025-07-20 22:00:00,2025-07-20 22:15:00,2025-07-21 00:15:00,SHORT,116918.3,4.494172426386882,-3.505827573613118,34.49417242638688,-63.27238764162703,8,TRAILING_STOP,Volume Spike + Direction
2025-07-21 06:15:00,2025-07-21 06:30:00,2025-07-21 07:30:00,LONG,118850.8,49.49301140589655,41.49301140589655,69.49301140589655,0.0,4,TRAILING_STOP,Volume Spike + Direction
2025-07-21 13:45:00,2025-07-21 14:00:00,2025-07-21 14:45:00,LONG,118834.0,13.635996431998116,5.635996431998116,33.635996431998116,-16.32529410774694,3,TRAILING_STOP,Volume Spike + Direction
2025-07-22 01:00:00,2025-07-22 01:15:00,2025-07-22 03:15:00,SHORT,116869.17,-14.14979758990286,-22.14979758990286,15.85020241009714,-92.48204637715847,8,TRAILING_STOP,Volume Spike + Direction
2025-07-22 07:00:00,2025-07-22 07:15:00,2025-07-22 07:30:00,LONG,118294.95,4.329018271701617,-3.6709817282983828,24.329018271701617,-14.502732365159938,1,TRAILING_STOP,Volume Spike + Direction
2025-07-22 13:30:00,2025-07-22 13:45:00,2025-07-22 16:15:00,LONG,119463.99,-35.97150907147923,-43.97150907147923,0.0,-160.21480615204678,10,TIME_EXIT,Volume Spike + Direction
2025-07-22 18:45:00,2025-07-22 19:00:00,2025-07-22 19:30:00,LONG,119733.7,-11.961327512638464,-19.961327512638462,8.038672487361536,-41.21061990066231,2,TRAILING_STOP,Volume Spike + Direction
2025-07-23 02:00:00,2025-07-23 02:15:00,2025-07-23 04:45:00,SHORT,119123.51,19.57459698761297,11.57459698761297,49.57459698761297,-20.932056149118328,10,TRAILING_STOP,Volume Spike + Direction
2025-07-23 05:00:00,2025-07-23 05:15:00,2025-07-23 07:45:00,SHORT,118893.43,45.6778814439105,37.6778814439105,50.90525187136042,0.0,10,TIME_EXIT,Volume Spike + Direction
2025-07-23 10:00:00,2025-07-23 10:15:00,2025-07-23 12:45:00,SHORT,117844.25,-11.578842412760665,-19.578842412760665,3.7659877338100634,-68.79843522276225,10,TIME_EXIT,Volume Spike + Direction
2025-07-23 12:45:00,2025-07-23 13:00:00,2025-07-23 14:00:00,SHORT,117980.69,27.610275037381314,19.610275037381314,57.610275037381314,-11.715476490263038,4,TRAILING_STOP,Volume Spike + Direction
2025-07-24 04:00:00,2025-07-24 04:15:00,2025-07-24 06:45:00,LONG,118575.0,-93.45899219903035,-101.45899219903035,0.0,-100.7775669407549,10,TIME_EXIT,Volume Spike + Direction
2025-07-24 07:00:00,2025-07-24 07:15:00,2025-07-24 09:30:00,LONG,118008.92,48.261789024084194,40.261789024084194,68.2617890240842,-7.774836003922415,9,TRAILING_STOP,Volume Spike + Direction
2025-07-24 14:00:00,2025-07-24 14:15:00,2025-07-24 16:45:00,SHORT,117993.99,-45.42434746040844,-53.42434746040844,0.0,-123.39696284531057,10,TIME_EXIT,Volume Spike + Direction
2025-07-25 00:15:00,2025-07-25 00:30:00,2025-07-25 03:00:00,SHORT,117964.71,148.27111175876252,140.27111175876252,178.27111175876252,0.0,10,TRAILING_STOP,Volume Spike + Direction
2025-07-25 03:00:00,2025-07-25 03:15:00,2025-07-25 04:30:00,SHORT,116239.99,66.78166696332347,58.781666963323474,96.78166696332347,0.0,5,TRAILING_STOP,Volume Spike + Direction
2025-07-25 08:45:00,2025-07-25 09:00:00,2025-07-25 09:30:00,LONG,115202.55,39.14018396294159,31.14018396294159,59.14018396294159,-3.2994061329379702,2,TRAILING_STOP,Volume Spike + Direction
2025-07-25 13:30:00,2025-07-25 13:45:00,2025-07-25 15:00:00,SHORT,115672.74,36.11237876789339,28.11237876789339,66.11237876789339,-53.09202496629631,5,TRAILING_STOP,Volume Spike + Direction
2025-07-25 20:30:00,2025-07-25 20:45:00,2025-07-25 21:30:00,LONG,117227.34,-7.183024028353795,-15.183024028353795,12.816975971646205,-23.146477604967963,3,TRAILING_STOP,Volume Spike + Direction
2025-07-26 10:30:00,2025-07-26 10:45:00,2025-07-26 13:15:00,LONG,118197.49,-10.093276938453,-18.093276938453002,0.33334041188080865,-35.98722781676672,10,TIME_EXIT,Volume Spike + Direction
2025-07-26 16:30:00,2025-07-26 16:45:00,2025-07-26 19:15:00,SHORT,118062.92,-2.1962865224752672,-10.196286522475267,10.245384410278168,-3.1398511912128706,10,TIME_EXIT,Volume Spike + Direction
2025-07-27 01:00:00,2025-07-27 01:15:00,2025-07-27 03:00:00,LONG,118095.51,2.2421665311406223,-5.757833468859378,22.242166531140622,-6.23732434874018,7,TRAILING_STOP,Volume Spike + Direction
2025-07-27 14:00:00,2025-07-27 14:15:00,2025-07-27 16:45:00,LONG,118295.24,85.22570477053763,77.22570477053763,105.22570477053763,-9.529546581925906,10,TRAILING_STOP,Volume Spike + Direction
2025-07-27 22:00:00,2025-07-27 22:15:00,2025-07-27 22:45:00,LONG,119701.25,-14.53639790729051,-22.53639790729051,5.46360209270949,-17.64476143732888,2,TRAILING_STOP,Volume Spike + Direction
2025-07-28 05:15:00,2025-07-28 05:30:00,2025-07-28 06:45:00,LONG,119383.67,6.586550740148024,-1.4134492598519763,26.586550740148024,0.0,5,TRAILING_STOP,Volume Spike + Direction
2025-07-28 11:30:00,2025-07-28 11:45:00,2025-07-28 12:45:00,LONG,118716.85,11.741913637363794,3.741913637363794,31.741913637363794,0.0,4,TRAILING_STOP,Volume Spike + Direction
2025-07-28 14:15:00,2025-07-28 14:30:00,2025-07-28 15:15:00,SHORT,118094.34,-14.13641161803381,-22.13641161803381,15.86358838196619,-28.59239485990637,3,TRAILING_STOP,Volume Spike + Direction
2025-07-29 00:30:00,2025-07-29 00:45:00,2025-07-29 02:15:00,SHORT,117706.53,-8.205966992655476,-16.205966992655476,21.794033007344524,-45.969412232269235,6,TRAILING_STOP,Volume Spike + Direction
2025-07-29 03:45:00,2025-07-29 04:00:00,2025-07-29 04:30:00,LONG,118764.85,-19.9031700035832,-27.9031700035832,0.09682999641680001,-22.127759181273152,2,TRAILING_STOP,Volume Spike + Direction
2025-07-29 07:45:00,2025-07-29 08:00:00,2025-07-29 10:30:00,SHORT,118882.37,32.24700180522988,24.24700180522988,32.24784297284748,-14.184609543030195,10,TIME_EXIT,Volume Spike + Direction
2025-07-29 14:00:00,2025-07-29 14:15:00,2025-07-29 16:30:00,SHORT,118159.2,72.27303502393356,64.27303502393356,102.27303502393356,-13.367558345012247,9,TRAILING_STOP,Volume Spike + Direction
2025-07-30 10:30:00,2025-07-30 10:45:00,2025-07-30 13:15:00,LONG,118393.06,-74.81519609341922,-82.81519609341922,0.0,-87.35478245093093,10,TIME_EXIT,Volume Spike + Direction
2025-07-30 14:45:00,2025-07-30 15:00:00,2025-07-30 17:30:00,LONG,118714.35,-76.41114995786108,-84.41114995786108,0.0,-90.89465595355598,10,TIME_EXIT,Volume Spike + Direction
2025-07-30 18:45:00,2025-07-30 19:00:00,2025-07-30 19:30:00,SHORT,116523.15,0.7544037386562756,-7.245596261343724,30.754403738656276,-21.11855026233,2,TRAILING_STOP,Volume Spike + Direction
2025-07-31 00:45:00,2025-07-31 01:00:00,2025-07-31 01:45:00,LONG,118415.8,-17.63967308416638,-25.63967308416638,2.360326915833621,-35.729184787840516,3,TRAILING_STOP,Volume Spike + Direction
2025-07-31 06:45:00,2025-07-31 07:00:00,2025-07-31 07:30:00,LONG,118691.79,-0.5664738900640458,-8.566473890064046,19.433526109935954,-5.470471041004018,2,TRAILING_STOP,Volume Spike + Direction
2025-07-31 13:15:00,2025-07-31 13:30:00,2025-07-31 15:30:00,SHORT,118146.82,-8.684995499667131,-16.68499549966713,21.31500450033287,-46.99914902491652,8,TRAILING_STOP,Volume Spike + Direction
2025-07-31 16:30:00,2025-07-31 16:45:00,2025-07-31 19:15:00,LONG,118628.85,-123.86531606771949,-131.8653160677195,0.0,-126.90167695295139,10,TIME_EXIT,Volume Spike + Direction
2025-07-31 23:30:00,2025-07-31 23:45:00,2025-08-01 00:15:00,SHORT,115743.58,7.585669978412525,-0.41433002158747456,37.585669978412525,-16.36548653497656,2,TRAILING_STOP,Volume Spike + Direction
2025-08-01 07:30:00,2025-08-01 07:45:00,2025-08-01 08:30:00,SHORT,114772.91,27.23563164861843,19.23563164861843,57.23563164861843,-26.909660127985884,3,TRAILING_STOP,Volume Spike + Direction
2025-08-01 12:30:00,2025-08-01 12:45:00,2025-08-01 13:00:00,LONG,115882.18,-8.167291985703935,-16.167291985703933,11.832708014296065,-15.72114021327464,1,TRAILING_STOP,Volume Spike + Direction
2025-08-01 22:30:00,2025-08-01 22:45:00,2025-08-01 23:00:00,SHORT,113066.0,-16.073620717102717,-24.073620717102717,13.926379282897283,-25.6646560416034,1,TRAILING_STOP,Volume Spike + Direction
2025-08-02 06:00:00,2025-08-02 06:15:00,2025-08-02 07:15:00,SHORT,113834.74,2.0912579059795107,-5.908742094020489,32.09125790597951,-9.062259904137255,4,TRAILING_STOP,Volume Spike + Direction
2025-08-02 14:30:00,2025-08-02 14:45:00,2025-08-02 16:30:00,SHORT,113000.0,-3.4575221238944245,-11.457522123894424,26.542477876105576,-37.16814159292036,7,TRAILING_STOP,Volume Spike + Direction
2025-08-02 18:15:00,2025-08-02 18:30:00,2025-08-02 19:15:00,SHORT,112386.18,4.09493943116432,-3.9050605688356796,34.09493943116432,-30.59361925105042,3,TRAILING_STOP,Volume Spike + Direction
2025-08-02 23:15:00,2025-08-02 23:30:00,2025-08-03 00:30:00,SHORT,112308.86,4.624160551536235,-3.375839448463765,34.624160551536235,-42.83455463798604,4,TRAILING_STOP,Volume Spike + Direction
2025-08-03 11:00:00,2025-08-03 11:15:00,2025-08-03 13:45:00,LONG,114231.95,-25.64518945881578,-33.64518945881578,0.0,-50.38432767715187,10,TIME_EXIT,Volume Spike + Direction
2025-08-03 18:15:00,2025-08-03 18:30:00,2025-08-03 19:30:00,LONG,114302.3,23.53980628561265,15.539806285612649,43.53980628561265,-0.6963989351051031,4,TRAILING_STOP,Volume Spike + Direction
2025-08-04 00:45:00,2025-08-04 01:00:00,2025-08-04 01:45:00,LONG,114899.86,-16.959961482982397,-24.959961482982397,3.0400385170176025,-24.344677182374387,3,TRAILING_STOP,Volume Spike + Direction
2025-08-04 13:30:00,2025-08-04 13:45:00,2025-08-04 14:30:00,LONG,114788.1,39.0566443734145,31.0566443734145,59.0566443734145,0.0,3,TRAILING_STOP,Volume Spike + Direction
2025-08-05 03:00:00,2025-08-05 03:15:00,2025-08-05 05:45:00,SHORT,114466.9,5.321188920114806,-2.678811079885194,27.689227191441116,-1.777806510004711,10,TIME_EXIT,Volume Spike + Direction
2025-08-05 07:00:00,2025-08-05 07:15:00,2025-08-05 08:30:00,LONG,114283.8,2.417875499414361,-5.582124500585639,22.41787549941436,-48.83281794970081,5,TRAILING_STOP,Volume Spike + Direction
2025-08-05 12:30:00,2025-08-05 12:45:00,2025-08-05 13:30:00,SHORT,113885.49,-28.46424685005919,-36.46424685005919,1.535753149940808,-50.0827629577741,3,TRAILING_STOP,Volume Spike + Direction
2025-08-06 05:00:00,2025-08-06 05:15:00,2025-08-06 05:45:00,LONG,113927.69,22.95092790874648,14.950927908746479,42.95092790874648,-0.04388748687873861,2,TRAILING_STOP,Volume Spike + Direction
2025-08-06 13:30:00,2025-08-06 13:45:00,2025-08-06 14:00:00,LONG,114171.0,8.8164244860779,0.8164244860778993,28.8164244860779,0.0,1,TRAILING_STOP,Volume Spike + Direction
2025-08-07 01:45:00,2025-08-07 02:00:00,2025-08-07 04:30:00,SHORT,114763.47,28.70774123508172,20.70774123508172,31.67122778703024,-8.324077339243823,10,TIME_EXIT,Volume Spike + Direction
2025-08-07 10:00:00,2025-08-07 10:15:00,2025-08-07 11:45:00,LONG,115500.0,95.05887445887386,87.05887445887386,115.05887445887386,0.0,6,TRAILING_STOP,Volume Spike + Direction
2025-08-07 19:30:00,2025-08-07 19:45:00,2025-08-07 20:45:00,LONG,117139.52,10.436354869816679,2.436354869816679,30.43635486981668,0.0,4,TRAILING_STOP,Volume Spike + Direction
2025-08-08 00:15:00,2025-08-08 00:30:00,2025-08-08 03:00:00,SHORT,117132.17,27.928279651952547,19.928279651952547,37.3842642887944,-39.854977501057284,10,TIME_EXIT,Volume Spike + Direction
2025-08-08 13:45:00,2025-08-08 14:00:00,2025-08-08 16:30:00,LONG,116917.98,-67.63544837158484,-75.63544837158484,0.0,-88.88880906084673,10,TIME_EXIT,Volume Spike + Direction
2025-08-09 04:00:00,2025-08-09 04:15:00,2025-08-09 04:30:00,LONG,116548.66,-9.074949467458335,-17.074949467458335,10.925050532541665,-11.911762863683009,1,TRAILING_STOP,Volume Spike + Direction
2025-08-09 09:45:00,2025-08-09 10:00:00,2025-08-09 10:30:00,LONG,117510.88,16.86211863956752,8.86211863956752,36.86211863956752,-5.847118156208719,2,TRAILING_STOP,Volume Spike + Direction
2025-08-09 20:15:00,2025-08-09 20:30:00,2025-08-09 21:15:00,LONG,116737.36,-5.129867593374007,-13.129867593374007,14.870132406625993,-32.33497827944723,3,TRAILING_STOP,Volume Spike + Direction
2025-08-10 02:30:00,2025-08-10 02:45:00,2025-08-10 03:30:00,LONG,117033.41,105.31378860104961,97.31378860104961,125.31378860104961,0.0,3,TRAILING_STOP,Volume Spike + Direction
2025-08-10 12:00:00,2025-08-10 12:15:00,2025-08-10 13:45:00,LONG,118510.6,-0.8742846631449908,-8.87428466314499,19.12571533685501,-11.831009209303335,6,TRAILING_STOP,Volume Spike + Direction
2025-08-10 15:00:00,2025-08-10 15:15:00,2025-08-10 16:45:00,LONG,118883.33,-14.876489411929875,-22.876489411929875,5.123510588070126,-26.518436184450312,6,TRAILING_STOP,Volume Spike + Direction
2025-08-10 20:00:00,2025-08-10 20:15:00,2025-08-10 20:30:00,SHORT,118312.44,-27.60802836962851,-35.608028369628514,2.39197163037149,-33.447032281643516,1,TRAILING_STOP,Volume Spike + Direction
2025-08-10 23:00:00,2025-08-10 23:15:00,2025-08-11 01:45:00,SHORT,118952.24,-87.07360197672568,-95.07360197672568,0.0,-87.99834286432898,10,TIME_EXIT,Volume Spike + Direction
2025-08-11 02:00:00,2025-08-11 02:15:00,2025-08-11 03:15:00,LONG,121286.33,52.36924392056427,44.36924392056427,72.36924392056427,0.0,4,TRAILING_STOP,Volume Spike + Direction
2025-08-11 11:30:00,2025-08-11 11:45:00,2025-08-11 14:15:00,LONG,120681.94,-64.3874302981878,-72.3874302981878,0.0,-107.64079530044005,10,TIME_EXIT,Volume Spike + Direction
2025-08-11 19:45:00,2025-08-11 20:00:00,2025-08-11 20:30:00,SHORT,119089.3,13.96784597776631,5.967845977766309,43.96784597776631,0.0,2,TRAILING_STOP,Volume Spike + Direction
2025-08-12 05:00:00,2025-08-12 05:15:00,2025-08-12 05:45:00,SHORT,118841.53,5.060975738026784,-2.9390242619732163,35.060975738026784,0.0,2,TRAILING_STOP,Volume Spike + Direction
2025-08-12 12:30:00,2025-08-12 12:45:00,2025-08-12 13:00:00,LONG,119112.02,-3.638091269042416,-11.638091269042416,16.361908730957584,-25.633852905861367,1,TRAILING_STOP,Volume Spike + Direction
2025-08-13 08:00:00,2025-08-13 08:15:00,2025-08-13 09:15:00,LONG,119786.75,11.97432103300196,3.97432103300196,31.97432103300196,-1.2413726893830364,4,TRAILING_STOP,Volume Spike + Direction
2025-08-13 13:45:00,2025-08-13 14:00:00,2025-08-13 14:15:00,LONG,121767.97,11.846634217519895,3.8466342175198953,31.846634217519895,-27.807805287383914,1,TRAILING_STOP,Volume Spike + Direction
2025-08-13 19:15:00,2025-08-13 19:30:00,2025-08-13 21:00:00,LONG,122358.0,32.468984455450396,24.468984455450396,52.468984455450396,0.0,6,TRAILING_STOP,Volume Spike + Direction
2025-08-14 06:00:00,2025-08-14 06:15:00,2025-08-14 07:30:00,SHORT,121738.39,-13.562292880659864,-21.562292880659864,16.437707119340136,-25.415154578600404,5,TRAILING_STOP,Volume Spike + Direction
2025-08-14 12:15:00,2025-08-14 12:30:00,2025-08-14 15:00:00,LONG,121143.68,-215.25596712927887,-223.25596712927887,0.0,-281.9750894144868,10,TIME_EXIT,Volume Spike + Direction
2025-08-14 21:30:00,2025-08-14 21:45:00,2025-08-15 00:15:00,SHORT,117567.58,-56.28422393316262,-64.28422393316262,0.0,-80.73909491034823,10,TIME_EXIT,Volume Spike + Direction
2025-08-15 12:15:00,2025-08-15 12:30:00,2025-08-15 14:00:00,SHORT,118674.13,56.76870013708978,48.76870013708978,86.76870013708978,-8.414639315240867,6,TRAILING_STOP,Volume Spike + Direction
2025-08-15 15:15:00,2025-08-15 15:30:00,2025-08-15 15:45:00,SHORT,117066.65,-9.986614462787344,-17.986614462787344,20.013385537212656,-27.888386658370298,1,TRAILING_STOP,Volume Spike + Direction
2025-08-17 04:45:00,2025-08-17 05:00:00,2025-08-17 06:45:00,LONG,118076.12,-9.874328526377926,-17.874328526377926,10.125671473622074,-14.461010405829732,7,TRAILING_STOP,Volume Spike + Direction
2025-08-17 08:45:00,2025-08-17 09:00:00,2025-08-17 10:00:00,LONG,118366.05,-10.035149436853128,-18.03514943685313,9.964850563146872,-12.395446160448977,4,TRAILING_STOP,Volume Spike + Direction
2025-08-17 13:15:00,2025-08-17 13:30:00,2025-08-17 14:15:00,LONG,118176.02,13.761502545101443,5.761502545101443,33.76150254510144,-1.3488354067096124,3,TRAILING_STOP,Volume Spike + Direction
2025-08-17 16:00:00,2025-08-17 16:15:00,2025-08-17 18:45:00,SHORT,118107.34,47.86578039942325,39.86578039942325,66.53354482456363,-0.7332313131430691,10,TIME_EXIT,Volume Spike + Direction
2025-08-17 18:45:00,2025-08-17 19:00:00,2025-08-17 21:30:00,SHORT,117542.01,-16.703815087049392,-24.703815087049392,5.615864489640321,-17.637098429745436,10,TIME_EXIT,Volume Spike + Direction
2025-08-18 00:15:00,2025-08-18 00:30:00,2025-08-18 03:00:00,SHORT,117142.44,141.9152614543463,133.9152614543463,157.90775742762435,-22.829471539093177,10,TIME_EXIT,Volume Spike + Direction
2025-08-18 09:15:00,2025-08-18 09:30:00,2025-08-18 12:00:00,SHORT,114677.79,-40.30597380713399,-48.30597380713399,0.0,-50.916572424356,10,TIME_EXIT,Volume Spike + Direction
2025-08-18 15:30:00,2025-08-18 15:45:00,2025-08-18 16:00:00,LONG,115771.72,29.950022337061142,21.950022337061142,49.95002233706114,0.0,1,TRAILING_STOP,Volume Spike + Direction
2025-08-19 00:15:00,2025-08-19 00:30:00,2025-08-19 03:00:00,SHORT,115913.1,25.6122905866554,17.6122905866554,38.054370041005356,-70.1033791693947,10,TIME_EXIT,Volume Spike + Direction
2025-08-19 03:30:00,2025-08-19 03:45:00,2025-08-19 04:00:00,SHORT,114972.01,22.70935073675713,14.70935073675713,52.70935073675713,-1.2168179020272187,1,TRAILING_STOP,Volume Spike + Direction
2025-08-19 13:30:00,2025-08-19 13:45:00,2025-08-19 15:15:00,SHORT,115124.2,103.46629118812587,95.46629118812587,133.46629118812587,-22.116983223337048,6,TRAILING_STOP,Volume Spike + Direction
2025-08-19 22:00:00,2025-08-19 22:15:00,2025-08-20 00:30:00,SHORT,113164.81,8.19473562496998,0.19473562496997943,38.19473562496998,-14.980805428825342,9,TRAILING_STOP,Volume Spike + Direction
2025-08-20 01:30:00,2025-08-20 01:45:00,2025-08-20 04:15:00,SHORT,112698.0,-81.62877779552453,-89.62877779552453,0.0,-85.95183587996269,10,TIME_EXIT,Volume Spike + Direction
2025-08-20 08:15:00,2025-08-20 08:30:00,2025-08-20 09:45:00,LONG,113846.0,-4.999912162043104,-12.999912162043104,15.000087837956896,-19.0915798534868,5,TRAILING_STOP,Volume Spike + Direction
2025-08-20 13:30:00,2025-08-20 13:45:00,2025-08-20 14:15:00,SHORT,113138.0,36.99782566423306,28.997825664233062,66.99782566423306,-8.233307995544749,2,TRAILING_STOP,Volume Spike + Direction
2025-08-21 11:45:00,2025-08-21 12:00:00,2025-08-21 13:15:00,SHORT,113148.65,-12.443449391575225,-20.443449391575225,17.556550608424775,-23.68919116578131,5,TRAILING_STOP,Volume Spike + Direction
2025-08-21 15:00:00,2025-08-21 15:15:00,2025-08-21 17:45:00,SHORT,112700.04,25.654826741852986,17.654826741852986,44.280374700842486,-39.73113053021135,10,TIME_EXIT,Volume Spike + Direction
2025-08-22 02:00:00,2025-08-22 02:15:00,2025-08-22 02:45:00,LONG,113182.48,8.553005730215336,0.5530057302153359,28.553005730215336,-3.5014253089338654,2,TRAILING_STOP,Volume Spike + Direction
2025-08-22 07:30:00,2025-08-22 07:45:00,2025-08-22 08:30:00,LONG,113225.98,-11.758075310983664,-19.758075310983664,8.241924689016336,-19.958316986966764,3,TRAILING_STOP,Volume Spike + Direction
2025-08-22 12:30:00,2025-08-22 12:45:00,2025-08-22 13:00:00,LONG,112284.0,2.8411884150904108,-5.158811584909589,22.84118841509041,-9.280930497667201,1,TRAILING_STOP,Volume Spike + Direction
2025-08-23 02:15:00,2025-08-23 02:30:00,2025-08-23 04:30:00,SHORT,115866.32,5.223350495641,-2.776649504359,35.223350495641,-24.89852098521733,8,TRAILING_STOP,Volume Spike + Direction
2025-08-23 13:15:00,2025-08-23 13:30:00,2025-08-23 16:00:00,SHORT,115019.06,25.57228341111505,17.57228341111505,39.91164594807136,-7.950856145059531,10,TIME_EXIT,Volume Spike + Direction
2025-08-23 23:45:00,2025-08-24 00:00:00,2025-08-24 01:15:00,LONG,115438.06,-10.351535706680737,-18.351535706680735,9.648464293319263,-20.96882085509733,5,TRAILING_STOP,Volume Spike + Direction
2025-08-24 08:15:00,2025-08-24 08:30:00,2025-08-24 09:30:00,SHORT,114819.28,-16.824512398963062,-24.824512398963062,13.175487601036938,-21.05134259681879,4,TRAILING_STOP,Volume Spike + Direction
2025-08-24 14:00:00,2025-08-24 14:15:00,2025-08-24 16:45:00,SHORT,114400.01,10.927446597250713,2.9274465972507127,12.647726167155735,-40.67394749353713,10,TIME_EXIT,Volume Spike + Direction
2025-08-24 19:30:00,2025-08-24 19:45:00,2025-08-24 20:00:00,SHORT,113079.32,97.91640416656212,89.91640416656212,127.91640416656212,0.0,1,TRAILING_STOP,Volume Spike + Direction
2025-08-25 06:45:00,2025-08-25 07:00:00,2025-08-25 07:30:00,SHORT,111929.87,12.695484234905251,4.695484234905251,42.69548423490525,-21.023878612564012,2,TRAILING_STOP,Volume Spike + Direction
2025-08-25 13:30:00,2025-08-25 13:45:00,2025-08-25 16:15:00,SHORT,110832.0,-162.71654395842342,-170.71654395842342,0.0,-189.9505557961595,10,TIME_EXIT,Volume Spike + Direction
2025-08-25 19:30:00,2025-08-25 19:45:00,2025-08-25 20:15:00,SHORT,111164.12,74.7208397817565,66.7208397817565,104.7208397817565,0.0,2,TRAILING_STOP,Volume Spike + Direction
2025-08-26 07:30:00,2025-08-26 07:45:00,2025-08-26 08:15:00,LONG,110309.61,-6.808039662183189,-14.80803966218319,13.19196033781681,-28.067364212419985,2,TRAILING_STOP,Volume Spike + Direction
2025-08-26 11:30:00,2025-08-26 11:45:00,2025-08-26 12:30:00,SHORT,109658.37,-25.771412615380353,-33.771412615380356,4.2285873846196464,-105.804053078667,3,TRAILING_STOP,Volume Spike + Direction
2025-08-27 08:30:00,2025-08-27 08:45:00,2025-08-27 11:15:00,SHORT,110532.99,-58.137394093835745,-66.13739409383575,0.0,-66.68506841260663,10,TIME_EXIT,Volume Spike + Direction
2025-08-27 13:30:00,2025-08-27 13:45:00,2025-08-27 14:30:00,LONG,111569.87,74.57123146240151,66.57123146240151,94.57123146240151,-25.62519791409582,3,TRAILING_STOP,Volume Spike + Direction
2025-08-27 20:15:00,2025-08-27 20:30:00,2025-08-27 21:00:00,LONG,112083.8,12.854881793800708,4.854881793800708,32.85488179380071,-2.8371629084669605,2,TRAILING_STOP,Volume Spike + Direction
2025-08-28 04:30:00,2025-08-28 04:45:00,2025-08-28 05:00:00,LONG,112783.19,13.410120781297074,5.410120781297074,33.410120781297074,0.0,1,TRAILING_STOP,Volume Spike + Direction
2025-08-28 12:30:00,2025-08-28 12:45:00,2025-08-28 13:15:00,LONG,113140.0,10.572741735901907,2.572741735901907,30.572741735901907,-9.722467739084319,2,TRAILING_STOP,Volume Spike + Direction
2025-08-29 01:15:00,2025-08-29 01:30:00,2025-08-29 03:30:00,SHORT,111551.92,-7.620286589420047,-15.620286589420047,22.379713410579953,-22.079404818850534,8,TRAILING_STOP,Volume Spike + Direction
2025-08-29 06:30:00,2025-08-29 06:45:00,2025-08-29 07:00:00,LONG,111245.69,-16.965275688433884,-24.965275688433884,3.0347243115661167,-62.98581095591229,1,TRAILING_STOP,Volume Spike + Direction
2025-08-29 12:30:00,2025-08-29 12:45:00,2025-08-29 13:15:00,LONG,110550.0,0.8566259611042035,-7.1433740388957965,20.856625961104204,-11.75848032564498,2,TRAILING_STOP,Volume Spike + Direction
2025-08-29 15:15:00,2025-08-29 15:30:00,2025-08-29 16:15:00,LONG,108358.0,17.95105114527731,9.951051145277312,37.95105114527731,-20.118496096273464,3,TRAILING_STOP,Volume Spike + Direction
2025-08-29 20:00:00,2025-08-29 20:15:00,2025-08-29 21:00:00,SHORT,107874.0,8.016574892931182,0.01657489293118175,38.01657489293118,-8.71386988523648,3,TRAILING_STOP,Volume Spike + Direction
2025-08-30 01:45:00,2025-08-30 02:00:00,2025-08-30 04:30:00,SHORT,107447.97,-98.65426028988766,-106.65426028988766,0.0,-116.27115896186756,10,TIME_EXIT,Volume Spike + Direction
2025-08-30 23:30:00,2025-08-30 23:45:00,2025-08-31 01:00:00,LONG,108784.63,37.51272031719868,29.512720317198678,57.51272031719868,0.0,5,TRAILING_STOP,Volume Spike + Direction
2025-08-31 09:45:00,2025-08-31 10:00:00,2025-08-31 12:30:00,SHORT,108507.68,11.673828064520249,3.673828064520249,18.843827459953676,-11.146676438019101,10,TIME_EXIT,Volume Spike + Direction
2025-08-31 23:00:00,2025-08-31 23:15:00,2025-09-01 00:30:00,SHORT,108684.74,66.89124710608058,58.891247106080584,96.89124710608058,0.0,5,TRAILING_STOP,Volume Spike + Direction
2025-09-01 02:15:00,2025-09-01 02:30:00,2025-09-01 04:00:00,SHORT,107688.19,-2.588451899878496,-10.588451899878496,27.411548100121504,-7.591361689708036,6,TRAILING_STOP,Volume Spike + Direction
2025-09-01 07:30:00,2025-09-01 07:45:00,2025-09-01 08:00:00,LONG,108823.54,71.56842352307328,63.56842352307328,91.56842352307328,0.0,1,TRAILING_STOP,Volume Spike + Direction
2025-09-01 20:30:00,2025-09-01 20:45:00,2025-09-01 21:45:00,SHORT,108473.0,63.43431084232894,55.43431084232894,93.43431084232894,-42.99871857512913,4,TRAILING_STOP,Volume Spike + Direction
2025-09-02 02:45:00,2025-09-02 03:00:00,2025-09-02 03:15:00,LONG,110246.0,14.284237069825771,6.284237069825771,34.28423706982577,-10.703336175462148,1,TRAILING_STOP,Volume Spike + Direction
2025-09-02 11:15:00,2025-09-02 11:30:00,2025-09-02 12:45:00,SHORT,109886.54,105.88106423225213,97.88106423225213,135.88106423225213,-4.683012132332714,5,TRAILING_STOP,Volume Spike + Direction
2025-09-02 14:15:00,2025-09-02 14:30:00,2025-09-02 14:45:00,LONG,111483.87,-8.046701285126778,-16.04670128512678,11.953298714873222,-31.780382220314777,1,TRAILING_STOP,Volume Spike + Direction
2025-09-03 00:00:00,2025-09-03 00:15:00,2025-09-03 00:30:00,LONG,111530.11,-6.7399036905819045,-14.739903690581905,13.260096309418095,-10.0779959779466,1,TRAILING_STOP,Volume Spike + Direction
2025-09-03 11:00:00,2025-09-03 11:15:00,2025-09-03 12:30:00,LONG,111643.16,-0.705490600588206,-8.705490600588206,19.294509399411794,-35.17636011019405,5,TRAILING_STOP,Volume Spike + Direction
2025-09-03 13:45:00,2025-09-03 14:00:00,2025-09-03 14:30:00,SHORT,111475.08,1.9936976048825201,-6.00630239511748,31.99369760488252,-91.94162498021964,2,TRAILING_STOP,Volume Spike + Direction
2025-09-04 02:15:00,2025-09-04 02:30:00,2025-09-04 05:00:00,SHORT,111430.45,58.37273384429455,50.37273384429455,66.75733607824344,-26.753907930912053,10,TIME_EXIT,Volume Spike + Direction
2025-09-04 05:00:00,2025-09-04 05:15:00,2025-09-04 07:45:00,SHORT,110780.0,28.582776674489924,20.582776674489924,45.16338689294159,-8.304748149485468,10,TIME_EXIT,Volume Spike + Direction
2025-09-04 12:30:00,2025-09-04 12:45:00,2025-09-04 14:30:00,SHORT,110621.63,52.81834212712367,44.81834212712367,82.81834212712367,-31.492032796840487,7,TRAILING_STOP,Volume Spike + Direction
2025-09-04 22:45:00,2025-09-04 23:00:00,2025-09-05 01:30:00,LONG,111490.74,-42.41966642252104,-50.41966642252104,0.0,-94.62579582842531,10,TIME_EXIT,Volume Spike + Direction
2025-09-05 04:30:00,2025-09-05 04:45:00,2025-09-05 07:15:00,LONG,111390.1,118.36330158604733,110.36330158604733,134.47335086331677,0.0,10,TIME_EXIT,Volume Spike + Direction
2025-09-05 07:15:00,2025-09-05 07:30:00,2025-09-05 08:15:00,LONG,112708.55,5.770005913481903,-2.229994086518097,25.770005913481903,-5.10165377870623,3,TRAILING_STOP,Volume Spike + Direction
2025-09-05 12:30:00,2025-09-05 12:45:00,2025-09-05 13:00:00,LONG,112670.01,34.033899526591235,26.033899526591235,54.033899526591235,0.0,1,TRAILING_STOP,Volume Spike + Direction
2025-09-05 21:15:00,2025-09-05 21:30:00,2025-09-05 22:30:00,SHORT,110965.16,11.919463730778517,3.919463730778517,41.91946373077852,0.0,4,TRAILING_STOP,Volume Spike + Direction
2025-09-06 04:00:00,2025-09-06 04:15:00,2025-09-06 06:45:00,SHORT,110887.74,12.166358517181745,4.166358517181745,18.040768077697578,-7.462502166605614,10,TIME_EXIT,Volume Spike + Direction
2025-09-06 09:00:00,2025-09-06 09:15:00,2025-09-06 11:45:00,SHORT,110722.01,-5.3295636522502905,-13.32956365225029,4.193384856361713,-13.257526665204882,10,TIME_EXIT,Volume Spike + Direction
2025-09-06 15:30:00,2025-09-06 15:45:00,2025-09-06 18:15:00,SHORT,110609.07,36.636236069972426,28.636236069972426,57.14449999444051,0.0,10,TIME_EXIT,Volume Spike + Direction
2025-09-07 00:00:00,2025-09-07 00:15:00,2025-09-07 02:45:00,LONG,110254.62,37.333582937387106,29.333582937387106,39.717156523691145,-4.297325590527644,10,TIME_EXIT,Volume Spike + Direction
2025-09-07 07:30:00,2025-09-07 07:45:00,2025-09-07 08:45:00,LONG,110802.45,31.87069419493931,23.87069419493931,51.87069419493931,-7.440268694419873,4,TRAILING_STOP,Volume Spike + Direction
2025-09-07 14:00:00,2025-09-07 14:15:00,2025-09-07 16:45:00,SHORT,111158.0,-3.9601288256359486,-11.960128825635948,4.670828910199739,-19.380521419960147,10,TIME_EXIT,Volume Spike + Direction
2025-09-07 22:00:00,2025-09-07 22:15:00,2025-09-07 23:45:00,LONG,111190.0,16.873819588092452,8.873819588092452,36.87381958809245,-10.16997931468673,6,TRAILING_STOP,Volume Spike + Direction
2025-09-08 00:45:00,2025-09-08 01:00:00,2025-09-08 02:30:00,SHORT,110837.95,-10.496752240545927,-18.496752240545927,19.503247759454073,-48.18295538667063,6,TRAILING_STOP,Volume Spike + Direction
2025-09-08 07:15:00,2025-09-08 07:30:00,2025-09-08 08:45:00,LONG,111502.34,16.60371611932085,8.60371611932085,36.60371611932085,-23.527757354688386,5,TRAILING_STOP,Volume Spike + Direction
2025-09-08 13:45:00,2025-09-08 14:00:00,2025-09-08 16:30:00,SHORT,111906.56,-51.20343257803654,-59.20343257803654,0.0,-90.95177262172993,10,TIME_EXIT,Volume Spike + Direction
2025-09-09 00:15:00,2025-09-09 00:30:00,2025-09-09 03:00:00,SHORT,111665.21,19.631393699076582,11.631393699076582,49.63139369907658,-13.912121779020632,10,TRAILING_STOP,Volume Spike + Direction
2025-09-09 06:00:00,2025-09-09 06:15:00,2025-09-09 07:30:00,LONG,112686.43,33.85386687642874,25.85386687642874,53.85386687642874,-5.6670532556569615,5,TRAILING_STOP,Volume Spike + Direction
2025-09-09 14:00:00,2025-09-09 14:15:00,2025-09-09 16:00:00,SHORT,112433.69,118.26783680229644,110.26783680229644,148.26783680229644,0.0,7,TRAILING_STOP,Volume Spike + Direction
2025-09-10 07:15:00,2025-09-10 07:30:00,2025-09-10 08:30:00,LONG,112232.16,35.92336456858706,27.92336456858706,55.92336456858706,0.0,4,TRAILING_STOP,Volume Spike + Direction
2025-09-10 12:30:00,2025-09-10 12:45:00,2025-09-10 13:45:00,LONG,113260.29,72.9575582050877,64.9575582050877,92.9575582050877,0.0,4,TRAILING_STOP,Volume Spike + Direction
2025-09-11 03:45:00,2025-09-11 04:00:00,2025-09-11 06:30:00,LONG,114400.01,-1.0489509572595317,-9.048950957259532,1.0209789317332723,-37.89772395998815,10,TIME_EXIT,Volume Spike + Direction
2025-09-11 12:00:00,2025-09-11 12:15:00,2025-09-11 12:30:00,LONG,114261.6,0.8644023889035459,-7.135597611096454,20.864402388903546,-66.6540640075061,1,TRAILING_STOP,Volume Spike + Direction
2025-09-11 22:15:00,2025-09-11 22:30:00,2025-09-12 00:45:00,LONG,115033.65,92.85045723577436,84.85045723577436,112.85045723577436,0.0,9,TRAILING_STOP,Volume Spike + Direction
2025-09-12 08:15:00,2025-09-12 08:30:00,2025-09-12 11:00:00,LONG,115185.18,-23.378875650495456,-31.378875650495456,0.0,-25.79932592022674,10,TIME_EXIT,Volume Spike + Direction
2025-09-12 19:45:00,2025-09-12 20:00:00,2025-09-12 22:30:00,LONG,116632.51,-59.0349980464275,-67.0349980464275,0.0,-75.43608553052675,10,TIME_EXIT,Volume Spike + Direction
2025-09-13 13:45:00,2025-09-13 14:00:00,2025-09-13 16:30:00,SHORT,115761.06,28.129493631105714,20.129493631105714,54.74984420495058,-16.321550614688768,10,TIME_EXIT,Volume Spike + Direction
2025-09-13 16:30:00,2025-09-13 16:45:00,2025-09-13 17:45:00,SHORT,115435.42,-7.87334251480193,-15.87334251480193,22.12665748519807,-13.17359957628317,4,TRAILING_STOP,Volume Spike + Direction
2025-09-14 02:00:00,2025-09-14 02:15:00,2025-09-14 04:45:00,LONG,116109.0,-30.833957746599726,-38.83395774659972,0.0,-56.792324453746346,10,TIME_EXIT,Volume Spike + Direction
2025-09-14 13:15:00,2025-09-14 13:30:00,2025-09-14 14:00:00,SHORT,115531.88,-2.7460507004638117,-10.746050700463812,27.25394929953619,-13.7762840871272,2,TRAILING_STOP,Volume Spike + Direction
2025-09-14 21:30:00,2025-09-14 21:45:00,2025-09-14 23:00:00,LONG,116057.21,-18.304284585163384,-26.304284585163384,1.695715414836615,-45.25440513346877,5,TRAILING_STOP,Volume Spike + Direction
2025-09-15 04:15:00,2025-09-15 04:30:00,2025-09-15 06:15:00,LONG,115962.44,48.60411008943956,40.60411008943956,68.60411008943956,0.0,7,TRAILING_STOP,Volume Spike + Direction
2025-09-15 08:00:00,2025-09-15 08:15:00,2025-09-15 09:15:00,SHORT,115500.01,45.68311033046659,37.68311033046659,75.68311033046659,-14.58181691932306,4,TRAILING_STOP,Volume Spike + Direction
2025-09-16 04:00:00,2025-09-16 04:15:00,2025-09-16 06:45:00,SHORT,115110.21,-57.348518432900036,-65.34851843290004,0.0,-78.13468501186723,10,TIME_EXIT,Volume Spike + Direction
2025-09-16 13:30:00,2025-09-16 13:45:00,2025-09-16 14:45:00,SHORT,115085.35,-6.161170818005434,-14.161170818005434,23.838829181994566,-19.234420367144956,4,TRAILING_STOP,Volume Spike + Direction
2025-09-16 17:00:00,2025-09-16 17:15:00,2025-09-16 17:30:00,LONG,116531.93,9.076151060057253,1.0761510600572528,29.076151060057253,-16.701860168280927,1,TRAILING_STOP,Volume Spike + Direction
2025-09-17 02:30:00,2025-09-17 02:45:00,2025-09-17 05:15:00,LONG,116888.2,-28.04132495837938,-36.04132495837938,0.0,-62.280024844252544,10,TIME_EXIT,Volume Spike + Direction
2025-09-17 05:45:00,2025-09-17 06:00:00,2025-09-17 08:00:00,LONG,117108.31,-4.764531227544975,-12.764531227544975,15.235468772455025,-11.775423964362068,8,TRAILING_STOP,Volume Spike + Direction
2025-09-17 13:30:00,2025-09-17 13:45:00,2025-09-17 15:30:00,SHORT,115982.23,17.440888142950513,9.440888142950513,47.44088814295051,-22.224956357538915,7,TRAILING_STOP,Volume Spike + Direction
2025-09-17 18:15:00,2025-09-17 18:30:00,2025-09-17 19:15:00,LONG,115961.73,-17.631115023896147,-25.631115023896147,2.3688849761038546,-107.01116652881933,3,TRAILING_STOP,Volume Spike + Direction
2025-09-18 03:00:00,2025-09-18 03:15:00,2025-09-18 03:45:00,LONG,117440.32,18.800984193502963,10.800984193502963,38.80098419350296,0.0,2,TRAILING_STOP,Volume Spike + Direction
2025-09-18 13:30:00,2025-09-18 13:45:00,2025-09-18 16:15:00,SHORT,117171.07,-45.74508024890444,-53.74508024890444,0.0,-57.41690333629237,10,TIME_EXIT,Volume Spike + Direction
2025-09-18 22:45:00,2025-09-18 23:00:00,2025-09-18 23:45:00,SHORT,117061.02,6.088870573655214,-1.911129426344786,36.088870573655214,-9.498464988601869,3,TRAILING_STOP,Volume Spike + Direction
2025-09-19 09:45:00,2025-09-19 10:00:00,2025-09-19 12:30:00,SHORT,116488.0,22.71049378476778,14.710493784767781,26.381258155346273,-5.670111942861317,10,TIME_EXIT,Volume Spike + Direction
2025-09-19 14:30:00,2025-09-19 14:45:00,2025-09-19 15:30:00,SHORT,116113.2,25.894592518335102,17.894592518335102,55.8945925183351,0.0,3,TRAILING_STOP,Volume Spike + Direction
2025-09-20 11:15:00,2025-09-20 11:30:00,2025-09-20 14:00:00,SHORT,115787.16,-9.191865488366155,-17.191865488366155,0.0,-14.233011674178977,10,TIME_EXIT,Volume Spike + Direction
2025-09-20 15:00:00,2025-09-20 15:15:00,2025-09-20 17:15:00,LONG,116059.92,-14.883677328055658,-22.883677328055658,5.116322671944341,-19.57006346376981,8,TRAILING_STOP,Volume Spike + Direction
2025-09-21 02:15:00,2025-09-21 02:30:00,2025-09-21 05:00:00,SHORT,115514.55,-0.6761053044830865,-8.676105304483087,2.336502198208385,-18.082570550635406,10,TIME_EXIT,Volume Spike + Direction
2025-09-22 00:15:00,2025-09-22 00:30:00,2025-09-22 01:15:00,SHORT,115169.88,46.51219225026563,38.51219225026563,76.51219225026563,0.0,3,TRAILING_STOP,Volume Spike + Direction
2025-09-22 05:45:00,2025-09-22 06:00:00,2025-09-22 07:30:00,SHORT,113691.18,69.11147021255279,61.11147021255279,99.11147021255279,0.0,6,TRAILING_STOP,Volume Spike + Direction
2025-09-22 14:15:00,2025-09-22 14:30:00,2025-09-22 17:00:00,LONG,113382.52,-94.8329601423575,-102.8329601423575,0.0,-99.80638990913279,10,TIME_EXIT,Volume Spike + Direction
2025-09-22 19:30:00,2025-09-22 19:45:00,2025-09-22 20:30:00,SHORT,111992.37,-28.47400318432439,-36.47400318432439,1.5259968156756132,-58.36647621619254,3,TRAILING_STOP,Volume Spike + Direction
2025-09-23 02:15:00,2025-09-23 02:30:00,2025-09-23 03:15:00,SHORT,112020.12,18.394877634481674,10.394877634481674,48.394877634481674,-34.350971950396314,3,TRAILING_STOP,Volume Spike + Direction
2025-09-23 14:00:00,2025-09-23 14:15:00,2025-09-23 16:00:00,LONG,113053.67,-18.299922505832747,-26.299922505832747,1.7000774941672538,-50.179706682675835,7,TRAILING_STOP,Volume Spike + Direction
2025-09-24 02:45:00,2025-09-24 03:00:00,2025-09-24 04:00:00,SHORT,112111.62,65.3478328116204,57.34783281162041,95.3478328116204,-9.204219865880301,4,TRAILING_STOP,Volume Spike + Direction
2025-09-24 14:30:00,2025-09-24 14:45:00,2025-09-24 15:00:00,LONG,113382.5,24.20258858289357,16.20258858289357,44.20258858289357,0.0,1,TRAILING_STOP,Volume Spike + Direction
2025-09-25 00:45:00,2025-09-25 01:00:00,2025-09-25 02:30:00,SHORT,113062.35,24.500901493734347,16.500901493734347,54.50090149373435,-21.57216792327368,6,TRAILING_STOP,Volume Spike + Direction
2025-09-25 04:15:00,2025-09-25 04:30:00,2025-09-25 05:15:00,SHORT,111942.8,2.0315375352418314,-5.9684624647581686,32.03153753524183,-8.683005963759802,3,TRAILING_STOP,Volume Spike + Direction
2025-09-25 12:15:00,2025-09-25 12:30:00,2025-09-25 13:00:00,SHORT,111125.76,-5.409841966435618,-13.409841966435618,24.590158033564382,-23.416712740592384,2,TRAILING_STOP,Volume Spike + Direction
2025-09-25 17:15:00,2025-09-25 17:30:00,2025-09-25 18:00:00,SHORT,109938.12,88.84958556686259,80.84958556686259,118.84958556686259,0.0,2,TRAILING_STOP,Volume Spike + Direction
2025-09-25 23:30:00,2025-09-25 23:45:00,2025-09-26 00:00:00,SHORT,109083.17,-17.44535935286836,-25.44535935286836,12.554640647131643,-25.377883682698418,1,TRAILING_STOP,Volume Spike + Direction
2025-09-26 07:30:00,2025-09-26 07:45:00,2025-09-26 10:15:00,SHORT,108944.99,-13.493966083249424,-21.493966083249425,0.0,-68.47400692771559,10,TIME_EXIT,Volume Spike + Direction
2025-09-26 12:30:00,2025-09-26 12:45:00,2025-09-26 13:00:00,LONG,109497.7,-17.483052155433615,-25.483052155433615,2.5169478445663853,-31.08375792368247,1,TRAILING_STOP,Volume Spike + Direction
2025-09-27 08:00:00,2025-09-27 08:15:00,2025-09-27 10:30:00,SHORT,109287.64,-9.573170396944683,-17.573170396944683,20.426829603055317,-17.38988965266364,9,TRAILING_STOP,Volume Spike + Direction
2025-09-28 00:15:00,2025-09-28 00:30:00,2025-09-28 03:00:00,LONG,109787.73,-27.66520448141117,-35.665204481411166,0.0,-42.14314295413459,10,TIME_EXIT,Volume Spike + Direction
2025-09-28 06:30:00,2025-09-28 06:45:00,2025-09-28 09:00:00,LONG,109437.42,-6.479030664282732,-14.479030664282732,13.520969335717268,-7.988126913079481,9,TRAILING_STOP,Volume Spike + Direction
2025-09-28 16:00:00,2025-09-28 16:15:00,2025-09-28 18:00:00,LONG,110195.21,-3.498375292356492,-11.498375292356492,16.501624707643508,-16.93993777043601,7,TRAILING_STOP,Volume Spike + Direction
2025-09-28 20:30:00,2025-09-28 20:45:00,2025-09-28 23:00:00,LONG,110943.65,106.76255017750056,98.76255017750056,126.76255017750056,-27.296740282115877,9,TRAILING_STOP,Volume Spike + Direction
2025-09-29 07:30:00,2025-09-29 07:45:00,2025-09-29 08:45:00,LONG,111732.78,41.683778028256924,33.683778028256924,61.683778028256924,0.0,4,TRAILING_STOP,Volume Spike + Direction
2025-09-29 12:30:00,2025-09-29 12:45:00,2025-09-29 13:30:00,SHORT,112113.29,-11.08787994714999,-19.08787994714999,18.91212005285001,-105.84918166258491,3,TRAILING_STOP,Volume Spike + Direction
2025-09-29 19:45:00,2025-09-29 20:00:00,2025-09-29 21:15:00,LONG,114265.56,-8.234425140873388,-16.234425140873388,11.765574859126612,-10.988437811007767,5,TRAILING_STOP,Volume Spike + Direction
2025-09-30 00:45:00,2025-09-30 01:00:00,2025-09-30 01:30:00,LONG,114525.97,3.228792561198027,-4.771207438801973,23.228792561198027,-10.987900822843633,2,TRAILING_STOP,Volume Spike + Direction
2025-09-30 05:45:00,2025-09-30 06:00:00,2025-09-30 08:30:00,SHORT,113904.0,39.34629161399057,31.346291613990573,48.60672144964129,-15.82209579997201,10,TIME_EXIT,Volume Spike + Direction
2025-10-01 08:15:00,2025-10-01 08:30:00,2025-10-01 08:45:00,LONG,115089.82,110.50502642197162,102.50502642197162,130.50502642197162,0.0,1,TRAILING_STOP,Volume Spike + Direction
2025-10-01 13:30:00,2025-10-01 13:45:00,2025-10-01 16:15:00,SHORT,116513.96,-115.6711178643311,-123.6711178643311,0.0,-116.36202219888492,10,TIME_EXIT,Volume Spike + Direction
2025-10-01 22:00:00,2025-10-01 22:15:00,2025-10-02 00:00:00,LONG,117835.01,117.64245447936088,109.64245447936088,137.64245447936088,-16.488308525623548,7,TRAILING_STOP,Volume Spike + Direction
2025-10-02 12:15:00,2025-10-02 12:30:00,2025-10-02 13:00:00,LONG,119080.53,7.499877603836765,-0.5001223961632348,27.499877603836765,0.0,2,TRAILING_STOP,Volume Spike + Direction
2025-10-02 16:00:00,2025-10-02 16:15:00,2025-10-02 18:45:00,LONG,120133.44,31.062957990714178,23.062957990714178,44.160893086887725,-64.4125399222729,10,TIME_EXIT,Volume Spike + Direction
2025-10-02 19:00:00,2025-10-02 19:15:00,2025-10-02 21:45:00,LONG,121008.68,-70.95193501821417,-78.95193501821417,0.0,-71.64444732394337,10,TIME_EXIT,Volume Spike + Direction
2025-10-03 00:00:00,2025-10-03 00:15:00,2025-10-03 02:45:00,SHORT,120156.53,-0.1073599578822848,-8.107359957882284,28.007633043330966,-11.414277692605985,10,TIME_EXIT,Volume Spike + Direction
2025-10-03 07:30:00,2025-10-03 07:45:00,2025-10-03 08:15:00,SHORT,119641.3,2.848188710754563,-5.151811289245437,32.84818871075456,-7.586845010878691,2,TRAILING_STOP,Volume Spike + Direction
2025-10-03 15:15:00,2025-10-03 15:30:00,2025-10-03 16:45:00,LONG,121293.72,194.46040240170754,186.46040240170754,214.46040240170754,0.0,5,TRAILING_STOP,Volume Spike + Direction
2025-10-04 01:30:00,2025-10-04 01:45:00,2025-10-04 03:15:00,SHORT,121883.96,-13.673815652198599,-21.6738156521986,16.3261843478014,-14.979001338649681,6,TRAILING_STOP,Volume Spike + Direction
2025-10-04 15:15:00,2025-10-04 15:30:00,2025-10-04 18:00:00,SHORT,121733.94,2.448782977039737,-5.551217022960262,11.358377129665241,-22.849009898142963,10,TIME_EXIT,Volume Spike + Direction
2025-10-05 02:15:00,2025-10-05 02:30:00,2025-10-05 03:00:00,LONG,122853.91,83.8094758237647,75.8094758237647,103.8094758237647,0.0,2,TRAILING_STOP,Volume Spike + Direction
2025-10-05 09:30:00,2025-10-05 09:45:00,2025-10-05 10:15:00,SHORT,122988.77,8.095348054948332,0.09534805494833165,38.09534805494833,-11.483162243186586,2,TRAILING_STOP,Volume Spike + Direction
2025-10-05 16:45:00,2025-10-05 17:00:00,2025-10-05 17:30:00,LONG,123265.55,-11.010464805454754,-19.010464805454752,8.989535194545246,-30.43591660443638,2,TRAILING_STOP,Volume Spike + Direction
2025-10-06 00:15:00,2025-10-06 00:30:00,2025-10-06 00:45:00,LONG,123660.66,-13.246033136165575,-21.246033136165575,6.7539668638344255,-46.63245368413879,1,TRAILING_STOP,Volume Spike + Direction
2025-10-06 07:30:00,2025-10-06 07:45:00,2025-10-06 08:45:00,SHORT,123439.04,-26.06445416296277,-34.064454162962775,3.935545837037229,-35.72289609510949,4,TRAILING_STOP,Volume Spike + Direction
2025-10-06 11:30:00,2025-10-06 11:45:00,2025-10-06 12:45:00,SHORT,124299.97,-20.1874473501481,-28.1874473501481,9.812552649851899,-31.523740512567823,4,TRAILING_STOP,Volume Spike + Direction
2025-10-06 18:45:00,2025-10-06 19:00:00,2025-10-06 21:30:00,LONG,126011.18,-80.05956296893629,-88.05956296893629,0.0,-119.03943761180548,10,TIME_EXIT,Volume Spike + Direction
2025-10-07 06:15:00,2025-10-07 06:30:00,2025-10-07 08:30:00,SHORT,123891.55,15.899014097410898,7.899014097410898,45.8990140974109,-11.820822324040428,8,TRAILING_STOP,Volume Spike + Direction
2025-10-07 12:45:00,2025-10-07 13:00:00,2025-10-07 15:30:00,LONG,124918.0,-258.94907059030766,-266.94907059030766,0.0,-299.8054723898878,10,TIME_EXIT,Volume Spike + Direction
2025-10-07 15:30:00,2025-10-07 15:45:00,2025-10-07 16:30:00,SHORT,121683.26,42.58516906926974,34.58516906926974,72.58516906926974,-14.545139569732536,3,TRAILING_STOP,Volume Spike + Direction
2025-10-08 08:30:00,2025-10-08 08:45:00,2025-10-08 11:15:00,LONG,122821.24,16.239047904091922,8.239047904091922,30.838314285053197,-35.77557106572191,10,TIME_EXIT,Volume Spike + Direction
2025-10-08 13:30:00,2025-10-08 13:45:00,2025-10-08 16:15:00,SHORT,121898.25,-63.51690856923661,-71.51690856923662,0.0,-119.09522901272167,10,TIME_EXIT,Volume Spike + Direction
2025-10-08 17:00:00,2025-10-08 17:15:00,2025-10-08 17:30:00,LONG,123669.93,9.283593837241497,1.2835938372414972,29.283593837241497,-1.6115477707469403,1,TRAILING_STOP,Volume Spike + Direction
2025-10-09 01:45:00,2025-10-09 02:00:00,2025-10-09 04:30:00,LONG,122548.23,-42.370257000039146,-50.370257000039146,0.0,-87.49616375528231,10,TIME_EXIT,Volume Spike + Direction
2025-10-09 08:15:00,2025-10-09 08:30:00,2025-10-09 09:00:00,SHORT,121180.0,-27.152170325136595,-35.152170325136595,2.847829674863407,-40.538042581284465,2,TRAILING_STOP,Volume Spike + Direction
2025-10-09 11:15:00,2025-10-09 11:30:00,2025-10-09 13:00:00,LONG,122680.96,68.19461471445902,60.19461471445902,88.19461471445902,0.0,6,TRAILING_STOP,Volume Spike + Direction
2025-10-09 14:15:00,2025-10-09 14:30:00,2025-10-09 14:45:00,SHORT,121690.27,48.33904879987509,40.33904879987509,78.33904879987509,0.0,1,TRAILING_STOP,Volume Spike + Direction
2025-10-09 23:45:00,2025-10-10 00:00:00,2025-10-10 01:30:00,LONG,121662.41,-2.597747323926825,-10.597747323926825,17.402252676073175,-14.248443705825473,6,TRAILING_STOP,Volume Spike + Direction
2025-10-10 02:45:00,2025-10-10 03:00:00,2025-10-10 05:15:00,SHORT,121059.73,-23.916226312416676,-31.916226312416676,6.083773687583326,-42.64506454788965,9,TRAILING_STOP,Volume Spike + Direction
2025-10-10 06:30:00,2025-10-10 06:45:00,2025-10-10 09:15:00,LONG,121662.17,7.575074486999821,-0.4249255130001792,9.444184663154433,-66.31149189596033,10,TIME_EXIT,Volume Spike + Direction
2025-10-10 13:00:00,2025-10-10 13:15:00,2025-10-10 13:30:00,LONG,121813.29,40.47862265275049,32.47862265275049,60.47862265275049,-1.7682799635403983,1,TRAILING_STOP,Volume Spike + Direction
2025-10-10 20:45:00,2025-10-10 21:00:00,2025-10-10 21:15:00,SHORT,114266.82,1043.5242303933903,1035.5242303933903,1073.5242303933903,0.0,1,TRAILING_STOP,Volume Spike + Direction
2025-10-11 07:00:00,2025-10-11 07:15:00,2025-10-11 08:15:00,SHORT,111397.9,87.38192551206087,79.38192551206087,117.38192551206087,0.0,4,TRAILING_STOP,Volume Spike + Direction
2025-10-11 19:00:00,2025-10-11 19:15:00,2025-10-11 20:45:00,SHORT,111570.5,141.80616740088158,133.80616740088158,171.80616740088158,0.0,6,TRAILING_STOP,Volume Spike + Direction
2025-10-12 03:00:00,2025-10-12 03:15:00,2025-10-12 03:30:00,LONG,110708.29,27.139197976954563,19.139197976954563,47.13919797695456,0.0,1,TRAILING_STOP,Volume Spike + Direction
2025-10-12 11:30:00,2025-10-12 11:45:00,2025-10-12 12:15:00,LONG,111985.01,3.662988466046059,-4.337011533953941,23.66298846604606,-13.373218433430935,2,TRAILING_STOP,Volume Spike + Direction
2025-10-12 14:45:00,2025-10-12 15:00:00,2025-10-12 15:15:00,LONG,112338.11,105.31188213866122,97.31188213866122,125.31188213866122,0.0,1,TRAILING_STOP,Volume Spike + Direction
2025-10-12 22:00:00,2025-10-12 22:15:00,2025-10-12 22:45:00,LONG,115374.58,-5.937110236934341,-13.937110236934341,14.062889763065659,-23.672458872655948,2,TRAILING_STOP,Volume Spike + Direction
2025-10-13 09:00:00,2025-10-13 09:15:00,2025-10-13 11:00:00,SHORT,114801.34,25.971472109994338,17.971472109994338,55.97147210999434,-34.689490558211716,7,TRAILING_STOP,Volume Spike + Direction
2025-10-13 13:30:00,2025-10-13 13:45:00,2025-10-13 14:00:00,LONG,114952.05,25.595533094015295,17.595533094015295,45.595533094015295,-6.248692389566062,1,TRAILING_STOP,Volume Spike + Direction
2025-10-14 01:00:00,2025-10-14 01:15:00,2025-10-14 03:45:00,SHORT,114675.13,102.4747039746111,94.4747039746111,121.68026319220303,0.0,10,TIME_EXIT,Volume Spike + Direction
2025-10-14 04:45:00,2025-10-14 05:00:00,2025-10-14 06:45:00,SHORT,113062.09,120.98606438285387,112.98606438285387,150.98606438285387,-42.97727027688976,7,TRAILING_STOP,Volume Spike + Direction
2025-10-14 13:30:00,2025-10-14 13:45:00,2025-10-14 16:15:00,SHORT,110680.0,-185.4716299241058,-193.4716299241058,0.0,-226.56487170220413,10,TIME_EXIT,Volume Spike + Direction
2025-10-14 16:15:00,2025-10-14 16:30:00,2025-10-14 16:45:00,LONG,112732.8,-7.369248346532739,-15.36924834653274,12.63075165346726,-48.2007011269129,1,TRAILING_STOP,Volume Spike + Direction
2025-10-15 01:00:00,2025-10-15 01:15:00,2025-10-15 01:45:00,SHORT,112726.97,5.546950299471938,-2.4530497005280623,35.54695029947194,-4.029204368750287,2,TRAILING_STOP,Volume Spike + Direction
2025-10-15 13:30:00,2025-10-15 13:45:00,2025-10-15 15:15:00,SHORT,111337.32,40.71483308561828,32.71483308561828,70.71483308561828,-80.93332945323243,6,TRAILING_STOP,Volume Spike + Direction
2025-10-16 07:15:00,2025-10-16 07:30:00,2025-10-16 08:45:00,SHORT,110771.28,3.0663327172890718,-4.933667282710928,33.06633271728907,-12.551990010407767,5,TRAILING_STOP,Volume Spike + Direction
2025-10-16 14:15:00,2025-10-16 14:30:00,2025-10-16 14:45:00,LONG,110343.42,76.20600847789629,68.20600847789629,96.20600847789629,0.0,1,TRAILING_STOP,Volume Spike + Direction
2025-10-17 05:45:00,2025-10-17 06:00:00,2025-10-17 08:15:00,SHORT,108381.75,327.69398445771543,319.69398445771543,357.69398445771543,0.0,9,TRAILING_STOP,Volume Spike + Direction
2025-10-18 02:30:00,2025-10-18 02:45:00,2025-10-18 03:15:00,SHORT,106625.04,-25.175617284646478,-33.17561728464648,4.824382715353521,-33.82507523561103,2,TRAILING_STOP,Volume Spike + Direction
2025-10-18 07:00:00,2025-10-18 07:15:00,2025-10-18 07:45:00,LONG,107295.57,-14.00161628294756,-22.00161628294756,5.998383717052439,-64.15642323350441,2,TRAILING_STOP,Volume Spike + Direction
2025-10-19 00:00:00,2025-10-19 00:15:00,2025-10-19 02:45:00,SHORT,107084.09,22.138676249664393,14.138676249664393,32.67712318421889,-0.8227179219618593,10,TIME_EXIT,Volume Spike + Direction
2025-10-19 03:15:00,2025-10-19 03:30:00,2025-10-19 04:00:00,LONG,107137.82,1.4060730375134085,-6.5939269624865915,21.40607303751341,-17.540024615025096,2,TRAILING_STOP,Volume Spike + Direction
2025-10-19 06:30:00,2025-10-19 06:45:00,2025-10-19 08:15:00,SHORT,106701.06,9.393235643582337,1.3932356435823365,39.39323564358234,-47.06888572615829,6,TRAILING_STOP,Volume Spike + Direction
2025-10-19 09:15:00,2025-10-19 09:30:00,2025-10-19 10:00:00,LONG,108405.47,-0.055434472080438724,-8.055434472080439,19.94456552791956,-7.123256787688035,2,TRAILING_STOP,Volume Spike + Direction
2025-10-19 14:45:00,2025-10-19 15:00:00,2025-10-19 15:45:00,LONG,108921.18,-14.191212397808757,-22.191212397808755,5.808787602191243,-27.65118776715355,3,TRAILING_STOP,Volume Spike + Direction
2025-10-19 18:30:00,2025-10-19 18:45:00,2025-10-19 19:00:00,SHORT,108066.78,31.467548121633193,23.467548121633193,61.46754812163319,-4.98488064509698,1,TRAILING_STOP,Volume Spike + Direction
2025-10-19 22:15:00,2025-10-19 22:30:00,2025-10-19 22:45:00,LONG,110145.45,9.891384528367286,1.8913845283672863,29.891384528367286,-17.566771936561217,1,TRAILING_STOP,Volume Spike + Direction
2025-10-20 03:45:00,2025-10-20 04:00:00,2025-10-20 06:15:00,SHORT,110800.48,-12.652602226994698,-20.6526022269947,17.3473977730053,-26.85277175694535,9,TRAILING_STOP,Volume Spike + Direction
2025-10-20 09:30:00,2025-10-20 09:45:00,2025-10-20 10:30:00,SHORT,111038.52,12.195267011844066,4.1952670118440665,42.19526701184407,-60.07284679226574,3,TRAILING_STOP,Volume Spike + Direction
2025-10-20 20:15:00,2025-10-20 20:30:00,2025-10-20 23:00:00,SHORT,109863.18,179.869179100768,171.869179100768,187.0999910980179,0.0,10,TIME_EXIT,Volume Spike + Direction
2025-10-20 23:00:00,2025-10-20 23:15:00,2025-10-20 23:45:00,SHORT,107887.09,3.747318608741466,-4.252681391258534,33.747318608741466,-7.649664107169713,2,TRAILING_STOP,Volume Spike + Direction
2025-10-21 05:15:00,2025-10-21 05:30:00,2025-10-21 06:45:00,LONG,108499.56,70.89622114596605,62.89622114596605,90.89622114596605,-23.093181207370584,5,TRAILING_STOP,Volume Spike + Direction
2025-10-21 08:45:00,2025-10-21 09:00:00,2025-10-21 11:30:00,SHORT,109679.81,-278.0256457409987,-286.0256457409987,0.0,-393.8910908033121,10,TIME_EXIT,Volume Spike + Direction
2025-10-21 12:00:00,2025-10-21 12:15:00,2025-10-21 14:45:00,LONG,112474.81,-145.80331364862926,-153.80331364862926,0.0,-170.75734557808957,10,TIME_EXIT,Volume Spike + Direction
2025-10-21 17:00:00,2025-10-21 17:15:00,2025-10-21 18:00:00,SHORT,109167.44,72.74400498903378,64.74400498903378,102.74400498903378,-23.427314957646715,3,TRAILING_STOP,Volume Spike + Direction
2025-10-22 00:00:00,2025-10-22 00:15:00,2025-10-22 01:45:00,SHORT,107945.35,1.0666462242241863,-6.933353775775814,31.066646224224186,-35.795891161591875,6,TRAILING_STOP,Volume Spike + Direction
2025-10-22 05:30:00,2025-10-22 05:45:00,2025-10-22 06:00:00,LONG,107966.46,-17.97159228893916,-25.97159228893916,2.0284077110608405,-24.865129411486343,1,TRAILING_STOP,Volume Spike + Direction
2025-10-22 08:15:00,2025-10-22 08:30:00,2025-10-22 09:30:00,LONG,108783.35,14.98053700313502,6.980537003135019,34.98053700313502,-117.97301701041619,4,TRAILING_STOP,Volume Spike + Direction
2025-10-22 15:30:00,2025-10-22 15:45:00,2025-10-22 16:15:00,SHORT,107139.29,6.659753858737496,-1.3402461412625044,36.659753858737496,-18.07833522137419,2,TRAILING_STOP,Volume Spike + Direction
2025-10-23 00:45:00,2025-10-23 01:00:00,2025-10-23 06:45:00,LONG,109881.05,17.971970599115195,9.971970599115195,37.971970599115195,-70.79655682212703,2,TRAILING_STOP,Volume Spike + Direction
2025-10-23 12:15:00,2025-10-23 12:30:00,2025-10-23 15:00:00,LONG,111241.71,-121.6890678864971,-129.6890678864971,0.0,-136.29420115890014,10,TIME_EXIT,Volume Spike + Direction
2025-10-24 05:00:00,2025-10-24 05:15:00,2025-10-24 06:00:00,LONG,111179.99,-12.084906645521375,-20.084906645521375,7.915093354478625,-52.166761303001124,3,TRAILING_STOP,Volume Spike + Direction
2025-10-24 08:00:00,2025-10-24 08:15:00,2025-10-24 09:00:00,SHORT,110684.47,58.94292035730092,50.94292035730092,88.94292035730092,-22.901135091489884,3,TRAILING_STOP,Volume Spike + Direction
2025-10-24 15:15:00,2025-10-24 15:30:00,2025-10-24 17:30:00,LONG,110893.69,2.08691946313564,-5.91308053686436,22.08691946313564,-21.61439483166286,8,TRAILING_STOP,Volume Spike + Direction
2025-10-24 22:45:00,2025-10-24 23:00:00,2025-10-25 01:30:00,LONG,111305.83,12.736080401178874,4.736080401178874,17.184185230908756,-19.032246558872657,10,TIME_EXIT,Volume Spike + Direction
2025-10-25 02:00:00,2025-10-25 02:15:00,2025-10-25 04:45:00,SHORT,111537.48,2.0199488100321825,-5.980051189967817,14.494679277315416,-28.030936327412878,10,TIME_EXIT,Volume Spike + Direction
2025-10-25 07:15:00,2025-10-25 07:30:00,2025-10-25 10:00:00,LONG,111899.03,-36.259474277838265,-44.259474277838265,0.0,-45.28368119008728,10,TIME_EXIT,Volume Spike + Direction
2025-10-25 10:30:00,2025-10-25 10:45:00,2025-10-25 12:45:00,SHORT,111244.32,-28.294744396837416,-36.294744396837416,1.7052556031625852,-31.971969445271295,8,TRAILING_STOP,Volume Spike + Direction
2025-10-25 21:15:00,2025-10-25 21:30:00,2025-10-26 00:00:00,SHORT,111448.85,-13.095384115672012,-21.09538411567201,16.90461588432799,-16.69914045770778,10,TRAILING_STOP,Volume Spike + Direction
2025-10-26 00:00:00,2025-10-26 00:15:00,2025-10-26 02:45:00,LONG,111628.22,15.006957917989203,7.006957917989203,18.577739571589035,-7.1191675366678036,10,TIME_EXIT,Volume Spike + Direction
2025-10-26 03:45:00,2025-10-26 04:00:00,2025-10-26 06:30:00,LONG,112667.24,94.14981675241131,86.14981675241131,102.74947713283774,-42.41783148322472,10,TIME_EXIT,Volume Spike + Direction
2025-10-26 06:30:00,2025-10-26 06:45:00,2025-10-26 07:00:00,LONG,113728.0,-19.081140967923723,-27.081140967923723,0.9188590320762775,-21.5074563871699,1,TRAILING_STOP,Volume Spike + Direction
2025-10-26 15:45:00,2025-10-26 16:00:00,2025-10-26 18:30:00,SHORT,113065.85,-159.7538071840427,-167.7538071840427,0.0,-212.3497059456942,10,TIME_EXIT,Volume Spike + Direction
2025-10-27 01:30:00,2025-10-27 01:45:00,2025-10-27 03:45:00,SHORT,115867.19,60.83675887885086,52.83675887885086,90.83675887885086,-0.856152634753484,8,TRAILING_STOP,Volume Spike + Direction
2025-10-27 08:00:00,2025-10-27 08:15:00,2025-10-27 08:45:00,SHORT,114882.66,2.9614582392154034,-5.038541760784597,32.9614582392154,-41.37613108888639,2,TRAILING_STOP,Volume Spike + Direction
2025-10-28 00:15:00,2025-10-28 00:30:00,2025-10-28 03:00:00,SHORT,113605.32,-71.85490961162714,-79.85490961162714,0.0,-77.00959778996224,10,TIME_EXIT,Volume Spike + Direction
2025-10-28 07:45:00,2025-10-28 08:00:00,2025-10-28 09:00:00,LONG,115070.49,68.25112328973265,60.25112328973265,88.25112328973265,-43.783597341073886,4,TRAILING_STOP,Volume Spike + Direction
2025-10-28 13:45:00,2025-10-28 14:00:00,2025-10-28 15:00:00,SHORT,113717.0,92.42496724324357,84.42496724324357,122.42496724324357,-27.775090795571973,4,TRAILING_STOP,Volume Spike + Direction
2025-10-28 20:00:00,2025-10-28 20:15:00,2025-10-28 21:30:00,LONG,112689.65,-11.98240477275368,-19.982404772753682,8.01759522724632,-31.048104240273183,5,TRAILING_STOP,Volume Spike + Direction
2025-10-29 00:00:00,2025-10-29 00:15:00,2025-10-29 02:30:00,LONG,113200.19,17.449583786033664,9.449583786033664,37.449583786033664,-19.722581737716986,9,TRAILING_STOP,Volume Spike + Direction
2025-10-29 07:45:00,2025-10-29 08:00:00,2025-10-29 10:30:00,LONG,113543.17,-219.38880163377462,-227.38880163377462,0.0,-227.50553820190137,10,TIME_EXIT,Volume Spike + Direction
2025-10-29 10:30:00,2025-10-29 10:45:00,2025-10-29 12:00:00,SHORT,111052.15,-25.504814629883505,-33.504814629883505,4.495185370116496,-68.06171695010057,5,TRAILING_STOP,Volume Spike + Direction
2025-10-29 22:30:00,2025-10-29 22:45:00,2025-10-29 23:00:00,SHORT,110011.48,159.6547523949317,151.6547523949317,189.6547523949317,0.0,1,TRAILING_STOP,Volume Spike + Direction
2025-10-30 06:45:00,2025-10-30 07:00:00,2025-10-30 08:30:00,SHORT,108784.3,97.25181850689879,89.25181850689879,127.25181850689879,0.0,6,TRAILING_STOP,Volume Spike + Direction
2025-10-30 19:15:00,2025-10-30 19:30:00,2025-10-30 20:00:00,LONG,109317.21,41.2163446176496,33.2163446176496,61.2163446176496,0.0,2,TRAILING_STOP,Volume Spike + Direction
2025-10-31 06:15:00,2025-10-31 06:30:00,2025-10-31 06:45:00,LONG,110415.62,-12.616986618378444,-20.616986618378444,7.383013381621557,-24.15962524142823,1,TRAILING_STOP,Volume Spike + Direction
2025-10-31 09:00:00,2025-10-31 09:15:00,2025-10-31 09:30:00,LONG,110028.59,85.55529249261518,77.55529249261518,105.55529249261518,0.0,1,TRAILING_STOP,Volume Spike + Direction
2025-10-31 21:45:00,2025-10-31 22:00:00,2025-10-31 22:30:00,LONG,110034.09,28.203243194905205,20.203243194905205,48.203243194905205,0.0,2,TRAILING_STOP,Volume Spike + Direction
2025-11-01 08:45:00,2025-11-01 09:00:00,2025-11-01 09:45:00,LONG,109888.83,21.78495666939017,13.78495666939017,41.78495666939017,0.0,3,TRAILING_STOP,Volume Spike + Direction
2025-11-01 22:30:00,2025-11-01 22:45:00,2025-11-01 23:30:00,LONG,110116.0,40.67510625158965,32.67510625158965,60.67510625158965,-3.31650259726144,3,TRAILING_STOP,Volume Spike + Direction
2025-11-02 02:15:00,2025-11-02 02:30:00,2025-11-02 04:00:00,LONG,110895.53,-7.158183923192983,-15.158183923192983,12.841816076807017,-27.783806975808723,6,TRAILING_STOP,Volume Spike + Direction
2025-11-02 06:15:00,2025-11-02 06:30:00,2025-11-02 09:00:00,LONG,111196.99,-75.5640957547502,-83.5640957547502,0.0,-92.01238270928094,10,TIME_EXIT,Volume Spike + Direction
2025-11-02 10:30:00,2025-11-02 10:45:00,2025-11-02 13:15:00,SHORT,109834.98,-45.16047619802035,-53.16047619802035,0.0,-45.16047619802035,10,TIME_EXIT,Volume Spike + Direction
2025-11-02 17:00:00,2025-11-02 17:15:00,2025-11-02 19:45:00,SHORT,109632.89,-1.0006121338223561,-9.000612133822356,13.580778541913784,-101.89551693839326,10,TIME_EXIT,Volume Spike + Direction
2025-11-02 20:00:00,2025-11-02 20:15:00,2025-11-02 20:45:00,LONG,109735.04,-18.25944383854001,-26.25944383854001,1.7405561614599878,-45.754756183621616,2,TRAILING_STOP,Volume Spike + Direction
2025-11-03 03:15:00,2025-11-03 03:30:00,2025-11-03 03:45:00,LONG,107586.98,-1.2244938932201634,-9.224493893220163,18.775506106779837,-27.464289823916978,1,TRAILING_STOP,Volume Spike + Direction
2025-11-03 09:45:00,2025-11-03 10:00:00,2025-11-03 10:30:00,SHORT,105992.64,34.72902269440611,26.729022694406112,64.72902269440611,-28.975596796154466,2,TRAILING_STOP,Volume Spike + Direction
2025-11-03 23:45:00,2025-11-04 00:00:00,2025-11-04 00:30:00,SHORT,105668.08,108.93315748710506,100.93315748710506,138.93315748710506,0.0,2,TRAILING_STOP,Volume Spike + Direction
2025-11-04 09:00:00,2025-11-04 09:15:00,2025-11-04 09:30:00,LONG,103929.42,66.09304275921052,58.09304275921052,86.09304275921052,0.0,1,TRAILING_STOP,Volume Spike + Direction
2025-11-04 21:00:00,2025-11-04 21:15:00,2025-11-04 22:30:00,LONG,101731.25,33.17736683664025,25.177366836640253,53.17736683664025,-26.468759599435188,5,TRAILING_STOP,Volume Spike + Direction
2025-11-05 06:45:00,2025-11-05 07:00:00,2025-11-05 07:30:00,LONG,102531.0,3.0749724473570446,-4.925027552642955,23.074972447357045,-4.774165862031687,2,TRAILING_STOP,Volume Spike + Direction
2025-11-05 18:30:00,2025-11-05 18:45:00,2025-11-05 19:15:00,SHORT,103765.28,10.964569266328041,2.9645692663280414,40.96456926632804,0.0,2,TRAILING_STOP,Volume Spike + Direction
2025-11-06 04:30:00,2025-11-06 04:45:00,2025-11-06 05:30:00,LONG,102867.22,20.96251458919521,12.962514589195209,40.96251458919521,-11.996046942844783,3,TRAILING_STOP,Volume Spike + Direction
2025-11-06 09:00:00,2025-11-06 09:15:00,2025-11-06 09:30:00,SHORT,102516.9,30.175444243826554,22.175444243826554,60.175444243826554,0.0,1,TRAILING_STOP,Volume Spike + Direction
2025-11-06 17:45:00,2025-11-06 18:00:00,2025-11-06 19:00:00,SHORT,101359.0,30.089385254392575,22.089385254392575,60.089385254392575,-27.723241152734342,4,TRAILING_STOP,Volume Spike + Direction
2025-11-06 21:30:00,2025-11-06 21:45:00,2025-11-07 00:00:00,LONG,102331.16,-0.8621342707346926,-8.862134270734693,19.137865729265307,-73.11946820499301,9,TRAILING_STOP,Volume Spike + Direction
2025-11-07 03:45:00,2025-11-07 04:00:00,2025-11-07 05:00:00,SHORT,101006.26,8.79858535500665,0.7985853550066508,38.79858535500665,-24.1341477251018,4,TRAILING_STOP,Volume Spike + Direction
2025-11-08 01:45:00,2025-11-08 02:00:00,2025-11-08 04:30:00,SHORT,102083.2,-26.88983103977932,-34.889831039779324,0.0,-59.2183630607195,10,TIME_EXIT,Volume Spike + Direction
2025-11-08 06:00:00,2025-11-08 06:15:00,2025-11-08 07:15:00,SHORT,102029.35,-0.7770362155591997,-8.7770362155592,29.2229637844408,-7.708566211584625,4,TRAILING_STOP,Volume Spike + Direction
2025-11-08 18:30:00,2025-11-08 18:45:00,2025-11-08 21:30:00,SHORT,102051.25,33.20194510111359,25.201945101113587,50.771548609155175,-4.777011550568954,10,TIME_EXIT,Volume Spike + Direction
2025-11-08 21:30:00,2025-11-08 21:45:00,2025-11-08 23:00:00,LONG,101712.41,21.115926758592884,13.115926758592884,41.115926758592884,-23.129920921154984,5,TRAILING_STOP,Volume Spike + Direction
2025-11-09 04:15:00,2025-11-09 04:30:00,2025-11-09 05:15:00,SHORT,101657.46,-14.510728479739077,-22.51072847973908,15.489271520260923,-25.629206159586673,3,TRAILING_STOP,Volume Spike + Direction
2025-11-09 08:30:00,2025-11-09 08:45:00,2025-11-09 09:00:00,LONG,103040.01,77.17002162558072,69.17002162558072,97.17002162558072,0.0,1,TRAILING_STOP,Volume Spike + Direction
2025-11-09 13:15:00,2025-11-09 13:30:00,2025-11-09 14:30:00,LONG,104512.66,32.47402563478895,24.47402563478895,52.47402563478895,-34.33268275824258,4,TRAILING_STOP,Volume Spike + Direction
2025-11-09 16:30:00,2025-11-09 16:45:00,2025-11-09 17:15:00,SHORT,104469.52,0.8233444549194147,-7.176655545080585,30.823344454919415,-33.54758402259349,2,TRAILING_STOP,Volume Spike + Direction
2025-11-09 19:15:00,2025-11-09 19:30:00,2025-11-09 19:45:00,LONG,106314.96,-12.00112571175368,-20.00112571175368,7.998874288246319,-27.035705981548364,1,TRAILING_STOP,Volume Spike + Direction
2025-11-10 07:30:00,2025-11-10 07:45:00,2025-11-10 08:30:00,LONG,106251.26,11.870680874749596,3.8706808747495955,31.870680874749596,-6.796154699717618,3,TRAILING_STOP,Volume Spike + Direction
2025-11-10 15:30:00,2025-11-10 15:45:00,2025-11-10 16:15:00,SHORT,105593.99,-0.2644061465993275,-8.264406146599327,29.735593853400673,-6.853609755630537,2,TRAILING_STOP,Volume Spike + Direction
2025-11-10 19:45:00,2025-11-10 20:00:00,2025-11-10 21:00:00,LONG,106792.58,11.595828099667436,3.595828099667436,31.595828099667436,-110.73615788662487,4,TRAILING_STOP,Volume Spike + Direction
2025-11-11 07:00:00,2025-11-11 07:15:00,2025-11-11 08:00:00,SHORT,104726.16,37.15036625041968,29.15036625041968,67.15036625041968,0.0,3,TRAILING_STOP,Volume Spike + Direction
2025-11-11 20:15:00,2025-11-11 20:30:00,2025-11-11 21:00:00,LONG,103254.63,-4.653472682049042,-12.653472682049042,15.346527317950958,-30.485800007224746,2,TRAILING_STOP,Volume Spike + Direction
2025-11-12 02:15:00,2025-11-12 02:30:00,2025-11-12 05:00:00,SHORT,103112.65,-166.6012850993559,-174.6012850993559,0.0,-190.72926551688892,10,TIME_EXIT,Volume Spike + Direction
2025-11-12 09:15:00,2025-11-12 09:30:00,2025-11-12 10:45:00,SHORT,103990.39,228.71525243823004,220.71525243823004,258.71525243823004,0.0,5,TRAILING_STOP,Volume Spike + Direction
2025-11-12 19:30:00,2025-11-12 19:45:00,2025-11-12 20:15:00,LONG,102398.64,-14.564380933183928,-22.564380933183926,5.435619066816072,-43.59335241171166,2,TRAILING_STOP,Volume Spike + Direction
2025-11-13 00:15:00,2025-11-13 00:30:00,2025-11-13 02:00:00,LONG,103136.0,72.01539714551609,64.01539714551609,92.01539714551609,0.0,6,TRAILING_STOP,Volume Spike + Direction
2025-11-13 09:00:00,2025-11-13 09:15:00,2025-11-13 10:45:00,SHORT,101820.49,78.54200367725666,70.54200367725666,108.54200367725666,-115.84014180249876,6,TRAILING_STOP,Volume Spike + Direction
2025-11-13 12:15:00,2025-11-13 12:30:00,2025-11-13 12:45:00,SHORT,99659.99,61.3094612993645,53.3094612993645,91.3094612993645,0.0,1,TRAILING_STOP,Volume Spike + Direction
2025-11-13 23:00:00,2025-11-13 23:15:00,2025-11-14 00:15:00,SHORT,97579.56,27.293761111445107,19.293761111445107,57.29376111144511,-46.918637468748756,4,TRAILING_STOP,Volume Spike + Direction
2025-11-14 07:00:00,2025-11-14 07:15:00,2025-11-14 07:45:00,SHORT,94881.12,-10.910849281712174,-18.910849281712174,19.089150718287826,-85.86639786714221,2,TRAILING_STOP,Volume Spike + Direction
2025-11-14 15:00:00,2025-11-14 15:15:00,2025-11-14 15:30:00,SHORT,94377.76,-14.532372881069023,-22.532372881069023,15.467627118930977,-65.93078708373724,1,TRAILING_STOP,Volume Spike + Direction
2025-11-15 03:30:00,2025-11-15 03:45:00,2025-11-15 04:15:00,LONG,96057.93,-18.18963410933236,-26.18963410933236,1.8103658906676388,-36.99434289287579,2,TRAILING_STOP,Volume Spike + Direction
2025-11-15 08:15:00,2025-11-15 08:30:00,2025-11-15 08:45:00,LONG,96370.17,-9.640985379604317,-17.640985379604317,10.359014620395683,-29.833920600118766,1,TRAILING_STOP,Volume Spike + Direction
2025-11-15 15:15:00,2025-11-15 15:30:00,2025-11-15 16:30:00,SHORT,95277.51,-14.023511949462032,-22.023511949462033,15.976488050537968,-41.40431461737458,4,TRAILING_STOP,Volume Spike + Direction
2025-11-15 20:00:00,2025-11-15 20:15:00,2025-11-15 22:45:00,SHORT,95003.53,-87.59990286676674,-95.59990286676674,0.0,-102.76039216648,10,TIME_EXIT,Volume Spike + Direction
2025-11-16 04:15:00,2025-11-16 04:30:00,2025-11-16 07:00:00,LONG,96629.74,-83.97828660203479,-91.97828660203479,0.0,-123.48993177462744,10,TIME_EXIT,Volume Spike + Direction
2025-11-16 10:15:00,2025-11-16 10:30:00,2025-11-16 11:00:00,SHORT,94573.46,28.216121097822473,20.216121097822473,58.21612109782247,0.0,2,TRAILING_STOP,Volume Spike + Direction
2025-11-16 22:45:00,2025-11-16 23:00:00,2025-11-17 01:30:00,LONG,95411.96,-9.403433280272322,-17.403433280272324,5.379828692334503,-53.65784331440276,10,TIME_EXIT,Volume Spike + Direction
2025-11-17 02:45:00,2025-11-17 03:00:00,2025-11-17 04:15:00,LONG,95846.83,-17.687977787058426,-25.687977787058426,2.312022212941575,-50.6516490947062,5,TRAILING_STOP,Volume Spike + Direction
2025-11-17 06:15:00,2025-11-17 06:30:00,2025-11-17 08:15:00,SHORT,95565.38,178.66133740063626,170.66133740063626,208.66133740063626,0.0,7,TRAILING_STOP,Volume Spike + Direction
2025-11-17 09:00:00,2025-11-17 09:15:00,2025-11-17 11:45:00,LONG,95145.38,-169.5037636089109,-177.5037636089109,0.0,-220.0495704573357,10,TIME_EXIT,Volume Spike + Direction
2025-11-17 14:00:00,2025-11-17 14:15:00,2025-11-17 14:45:00,SHORT,91864.25,32.29300299082614,24.29300299082614,62.29300299082614,-26.75142941895242,2,TRAILING_STOP,Volume Spike + Direction
2025-11-17 20:45:00,2025-11-17 21:00:00,2025-11-17 21:15:00,LONG,91670.9,-18.442253757735678,-26.442253757735678,1.5577462422643211,-107.28377271304153,1,TRAILING_STOP,Volume Spike + Direction
2025-11-18 09:00:00,2025-11-18 09:15:00,2025-11-18 09:30:00,SHORT,91471.23,20.423504745699383,12.423504745699383,50.42350474569938,-85.13824510723254,1,TRAILING_STOP,Volume Spike + Direction
2025-11-18 18:45:00,2025-11-18 19:00:00,2025-11-18 19:45:00,SHORT,92301.53,9.70681742762011,1.7068174276201091,39.70681742762011,-39.02752207899435,3,TRAILING_STOP,Volume Spike + Direction
2025-11-18 23:00:00,2025-11-18 23:15:00,2025-11-19 00:15:00,SHORT,91450.02,125.81844596644225,117.81844596644225,155.81844596644225,0.0,4,TRAILING_STOP,Volume Spike + Direction
2025-11-19 07:15:00,2025-11-19 07:30:00,2025-11-19 08:00:00,LONG,91780.0,-6.9252560470690785,-14.925256047069078,13.074743952930922,-46.81956853345025,2,TRAILING_STOP,Volume Spike + Direction
2025-11-19 10:00:00,2025-11-19 10:15:00,2025-11-19 11:15:00,SHORT,90696.88,107.0499183654388,99.0499183654388,137.0499183654388,0.0,4,TRAILING_STOP,Volume Spike + Direction
2025-11-20 00:45:00,2025-11-20 01:00:00,2025-11-20 01:15:00,SHORT,92447.19,52.22207727460351,44.22207727460351,82.2220772746035,0.0,1,TRAILING_STOP,Volume Spike + Direction
2025-11-20 04:15:00,2025-11-20 04:30:00,2025-11-20 05:00:00,LONG,91950.01,-7.730289534497386,-15.730289534497386,12.269710465502614,-34.58509683685676,2,TRAILING_STOP,Volume Spike + Direction
2025-11-20 08:00:00,2025-11-20 08:15:00,2025-11-20 08:45:00,SHORT,91627.72,100.54782984887188,92.54782984887188,130.54782984887188,0.0,2,TRAILING_STOP,Volume Spike + Direction
2025-11-20 11:15:00,2025-11-20 11:30:00,2025-11-20 11:45:00,SHORT,87878.1,90.85149769965487,82.85149769965487,120.85149769965487,0.0,1,TRAILING_STOP,Volume Spike + Direction
2025-11-20 20:30:00,2025-11-20 20:45:00,2025-11-20 21:30:00,SHORT,86441.43,95.10551942511746,87.10551942511746,125.10551942511746,-26.173791895853647,3,TRAILING_STOP,Volume Spike + Direction
2025-11-21 02:00:00,2025-11-21 02:15:00,2025-11-21 02:30:00,SHORT,84373.38,49.53100847684409,41.53100847684409,79.5310084768441,-37.90650558268517,1,TRAILING_STOP,Volume Spike + Direction
2025-11-21 06:45:00,2025-11-21 07:00:00,2025-11-21 09:30:00,SHORT,80945.66,-398.71069060404216,-406.71069060404216,0.0,-562.1474949984961,10,TIME_EXIT,Volume Spike + Direction
2025-11-22 04:00:00,2025-11-22 04:15:00,2025-11-22 04:30:00,SHORT,83940.0,-26.664284012389803,-34.6642840123898,3.3357159876101976,-32.344531808434596,1,TRAILING_STOP,Volume Spike + Direction
2025-11-22 08:45:00,2025-11-22 09:00:00,2025-11-22 11:15:00,LONG,84581.7,17.514024901367897,9.514024901367897,37.5140249013679,-67.07242819664273,9,TRAILING_STOP,Volume Spike + Direction
2025-11-22 16:30:00,2025-11-22 16:45:00,2025-11-22 17:15:00,LONG,84595.61,58.537172318989064,50.537172318989064,78.53717231898906,-3.4611725123796417,2,TRAILING_STOP,Volume Spike + Direction
2025-11-22 19:45:00,2025-11-22 20:00:00,2025-11-22 20:15:00,LONG,85530.39,56.48860247217468,48.48860247217468,76.48860247217468,0.0,1,TRAILING_STOP,Volume Spike + Direction
2025-11-23 06:45:00,2025-11-23 07:00:00,2025-11-23 08:30:00,LONG,86777.01,28.744477367911763,20.744477367911763,48.74447736791176,-52.782413222119416,6,TRAILING_STOP,Volume Spike + Direction
2025-11-23 17:45:00,2025-11-23 18:00:00,2025-11-23 18:45:00,SHORT,87064.03,98.3400274487644,90.3400274487644,128.3400274487644,0.0,3,TRAILING_STOP,Volume Spike + Direction
2025-11-23 20:30:00,2025-11-23 20:45:00,2025-11-23 23:15:00,LONG,87912.9,-133.60155335565076,-141.60155335565076,0.0,-166.40333784916598,10,TIME_EXIT,Volume Spike + Direction
2025-11-24 03:45:00,2025-11-24 04:00:00,2025-11-24 05:15:00,SHORT,85943.64,-1.250926770148233,-9.250926770148233,28.749073229851767,-28.665297397224574,5,TRAILING_STOP,Volume Spike + Direction
2025-11-24 09:00:00,2025-11-24 09:15:00,2025-11-24 11:45:00,SHORT,85573.93,-250.4828281230055,-258.4828281230055,0.0,-253.00579276889667,10,TIME_EXIT,Volume Spike + Direction
2025-11-25 01:45:00,2025-11-25 02:00:00,2025-11-25 04:00:00,SHORT,87699.77,87.87602179572467,79.87602179572467,117.87602179572467,-6.481202858342331,8,TRAILING_STOP,Volume Spike + Direction
2025-11-25 08:30:00,2025-11-25 08:45:00,2025-11-25 09:15:00,SHORT,86992.87,70.79791596713564,62.79791596713564,100.79791596713564,-27.71836358543001,2,TRAILING_STOP,Volume Spike + Direction
2025-11-25 22:00:00,2025-11-25 22:15:00,2025-11-25 22:45:00,SHORT,87375.52,23.27922511934679,15.27922511934679,53.27922511934679,0.0,2,TRAILING_STOP,Volume Spike + Direction
2025-11-26 04:00:00,2025-11-26 04:15:00,2025-11-26 05:15:00,SHORT,86960.92,3.4127099851286857,-4.587290014871314,33.412709985128686,-13.531365583528585,4,TRAILING_STOP,Volume Spike + Direction
2025-11-26 08:00:00,2025-11-26 08:15:00,2025-11-26 09:00:00,LONG,87001.0,46.953253410880336,38.953253410880336,66.95325341088034,-6.626360616543969,3,TRAILING_STOP,Volume Spike + Direction
2025-11-26 11:45:00,2025-11-26 12:00:00,2025-11-26 13:00:00,LONG,88663.14,177.96840039727897,169.96840039727897,197.96840039727897,0.0,4,TRAILING_STOP,Volume Spike + Direction
2025-11-26 20:45:00,2025-11-26 21:00:00,2025-11-26 21:15:00,LONG,91480.0,31.37735024048972,23.37735024048972,51.37735024048972,-15.987101005684302,1,TRAILING_STOP,Volume Spike + Direction
2025-11-27 03:45:00,2025-11-27 04:00:00,2025-11-27 04:15:00,LONG,91601.53,2.060766888937529,-5.939233111062471,22.06076688893753,-6.717136711581,1,TRAILING_STOP,Volume Spike + Direction
2025-11-27 07:45:00,2025-11-27 08:00:00,2025-11-27 08:45:00,SHORT,90715.05,-19.856148456071615,-27.856148456071615,10.143851543928387,-35.820958043896475,3,TRAILING_STOP,Volume Spike + Direction
2025-11-27 18:30:00,2025-11-27 18:45:00,2025-11-27 21:15:00,SHORT,91157.58,25.401865648473652,17.401865648473652,55.40186564847365,-28.567015491197054,10,TRAILING_STOP,Volume Spike + Direction
2025-11-28 02:00:00,2025-11-28 02:15:00,2025-11-28 03:15:00,SHORT,91066.9,-12.549093029410436,-20.549093029410436,17.450906970589564,-71.3870791692707,4,TRAILING_STOP,Volume Spike + Direction
2025-11-28 05:15:00,2025-11-28 05:30:00,2025-11-28 08:00:00,LONG,91850.49,-1.1420733846934554,-9.142073384693456,9.038601753783732,-85.50417096305098,10,TIME_EXIT,Volume Spike + Direction
2025-11-28 08:15:00,2025-11-28 08:30:00,2025-11-28 09:00:00,LONG,92377.0,57.400218669149254,49.400218669149254,77.40021866914925,-44.3357112701211,2,TRAILING_STOP,Volume Spike + Direction
2025-11-28 11:45:00,2025-11-28 12:00:00,2025-11-28 12:15:00,SHORT,90480.01,-4.787801194982695,-12.787801194982695,25.212198805017305,-37.38394812290582,1,TRAILING_STOP,Volume Spike + Direction
2025-11-28 21:00:00,2025-11-28 21:15:00,2025-11-28 23:15:00,SHORT,90672.06,-16.661822837155974,-24.661822837155974,13.338177162844026,-26.391812428216905,8,TRAILING_STOP,Volume Spike + Direction
2025-11-29 00:45:00,2025-11-29 01:00:00,2025-11-29 03:30:00,SHORT,90549.78,-4.824970309149545,-12.824970309149545,19.300985601511574,-20.805130614342676,10,TIME_EXIT,Volume Spike + Direction
2025-11-29 09:45:00,2025-11-29 10:00:00,2025-11-29 10:45:00,LONG,90882.16,11.193140655986902,3.1931406559869018,31.193140655986902,-1.229064097948184,3,TRAILING_STOP,Volume Spike + Direction
2025-11-29 12:30:00,2025-11-29 12:45:00,2025-11-29 13:00:00,SHORT,90370.12,-12.047163376568417,-20.047163376568417,17.952836623431583,-28.757292786598565,1,TRAILING_STOP,Volume Spike + Direction
2025-11-29 21:30:00,2025-11-29 21:45:00,2025-11-30 00:15:00,SHORT,90615.48,-18.569674850257822,-26.569674850257822,0.0,-39.163286449512235,10,TIME_EXIT,Volume Spike + Direction
2025-11-30 02:45:00,2025-11-30 03:00:00,2025-11-30 03:45:00,LONG,91161.61,31.599571354652404,23.599571354652404,51.599571354652404,-4.564421361141009,3,TRAILING_STOP,Volume Spike + Direction
2025-11-30 07:45:00,2025-11-30 08:00:00,2025-11-30 10:30:00,LONG,91851.19,-38.236848101805364,-46.236848101805364,0.0,-64.70357106968322,10,TIME_EXIT,Volume Spike + Direction
2025-11-30 15:30:00,2025-11-30 15:45:00,2025-11-30 18:15:00,SHORT,91166.74,88.4906052360768,80.4906052360768,91.02442403885573,-20.278228661022137,10,TIME_EXIT,Volume Spike + Direction
2025-11-30 18:15:00,2025-11-30 18:30:00,2025-11-30 19:30:00,SHORT,90360.01,348.3321847795281,340.3321847795281,378.3321847795281,0.0,4,TRAILING_STOP,Volume Spike + Direction
2025-12-01 07:15:00,2025-12-01 07:30:00,2025-12-01 10:00:00,SHORT,85430.64,174.49711251139,166.49711251139,180.57221624466345,-145.54028858966765,10,TIME_EXIT,Volume Spike + Direction
2025-12-01 10:00:00,2025-12-01 10:15:00,2025-12-01 12:45:00,SHORT,83939.9,-162.7473942666129,-170.7473942666129,0.0,-192.41147535319982,10,TIME_EXIT,Volume Spike + Direction
2025-12-01 19:30:00,2025-12-01 19:45:00,2025-12-01 20:00:00,LONG,86771.04,-13.188971804417024,-21.188971804417022,6.811028195582976,-28.769967491457916,1,TRAILING_STOP,Volume Spike + Direction
2025-12-02 05:15:00,2025-12-02 05:30:00,2025-12-02 06:15:00,LONG,87272.44,17.816061977870547,9.816061977870547,37.81606197787055,-31.988334461600736,3,TRAILING_STOP,Volume Spike + Direction
2025-12-02 08:30:00,2025-12-02 08:45:00,2025-12-02 09:30:00,LONG,88343.06,270.4540549082188,262.4540549082188,290.4540549082188,0.0,3,TRAILING_STOP,Volume Spike + Direction
2025-12-03 08:30:00,2025-12-03 08:45:00,2025-12-03 09:45:00,SHORT,92030.58,-18.224566225705047,-26.224566225705047,11.775433774294951,-181.39840040125776,4,TRAILING_STOP,Volume Spike + Direction
2025-12-03 17:15:00,2025-12-03 17:30:00,2025-12-03 18:00:00,LONG,93781.01,-18.698030656738887,-26.698030656738887,1.3019693432611148,-36.493528913795096,2,TRAILING_STOP,Volume Spike + Direction
2025-12-04 06:00:00,2025-12-04 06:15:00,2025-12-04 07:00:00,SHORT,92855.59,-22.126483715196834,-30.126483715196834,7.873516284803165,-35.58213350429508,3,TRAILING_STOP,Volume Spike + Direction
2025-12-04 09:15:00,2025-12-04 09:30:00,2025-12-04 12:00:00,SHORT,91894.0,-9.35752062158631,-17.35752062158631,14.955274555465321,-148.32306788256034,10,TIME_EXIT,Volume Spike + Direction
2025-12-04 13:30:00,2025-12-04 13:45:00,2025-12-04 14:00:00,SHORT,91289.33,-29.728336268872177,-37.72833626887218,0.2716637311278246,-73.72712670801756,1,TRAILING_STOP,Volume Spike + Direction
2025-12-04 20:15:00,2025-12-04 20:30:00,2025-12-04 22:30:00,SHORT,92358.03,13.105077057187188,5.105077057187188,43.10507705718719,-36.199342926652044,8,TRAILING_STOP,Volume Spike + Direction
2025-12-05 03:45:00,2025-12-05 04:00:00,2025-12-05 04:45:00,SHORT,91345.56,7.826688018552716,-0.17331198144728432,37.826688018552716,-12.078310100677225,3,TRAILING_STOP,Volume Spike + Direction
2025-12-05 07:45:00,2025-12-05 08:00:00,2025-12-05 08:30:00,SHORT,90818.73,36.42021970578109,28.420219705781093,66.4202197057811,0.0,2,TRAILING_STOP,Volume Spike + Direction
2025-12-05 10:30:00,2025-12-05 10:45:00,2025-12-05 11:00:00,SHORT,89362.55,116.20777943333118,108.20777943333118,146.20777943333118,0.0,1,TRAILING_STOP,Volume Spike + Direction
2025-12-05 21:30:00,2025-12-05 21:45:00,2025-12-06 00:15:00,LONG,89764.19,-17.736471526118198,-25.736471526118198,0.0,-27.078727051400676,10,TIME_EXIT,Volume Spike + Direction
2025-12-06 02:45:00,2025-12-06 03:00:00,2025-12-06 03:45:00,SHORT,89288.37,-26.049877492445038,-34.049877492445034,3.950122507554962,-41.17109540693828,3,TRAILING_STOP,Volume Spike + Direction
2025-12-06 06:00:00,2025-12-06 06:15:00,2025-12-06 08:45:00,LONG,89684.51,47.50998583813487,39.50998583813487,67.50998583813487,-13.214099067943256,10,TRAILING_STOP,Volume Spike + Direction
2025-12-06 08:45:00,2025-12-06 09:00:00,2025-12-06 09:15:00,LONG,89934.05,9.572781388138512,1.5727813881385124,29.572781388138512,0.0,1,TRAILING_STOP,Volume Spike + Direction
2025-12-06 14:00:00,2025-12-06 14:15:00,2025-12-06 16:45:00,SHORT,89432.7,9.246058768213677,1.2460587682136772,15.323254245929466,-20.422060387307933,10,TIME_EXIT,Volume Spike + Direction
2025-12-06 17:30:00,2025-12-06 17:45:00,2025-12-06 18:45:00,SHORT,89171.92,-10.880752595659569,-18.88075259565957,19.11924740434043,-23.722714504746353,4,TRAILING_STOP,Volume Spike + Direction
2025-12-07 04:15:00,2025-12-07 04:30:00,2025-12-07 07:00:00,SHORT,89104.23,-24.79792485721569,-32.79792485721569,0.0,-31.846972921488025,10,TIME_EXIT,Volume Spike + Direction
2025-12-07 07:45:00,2025-12-07 08:00:00,2025-12-07 09:00:00,SHORT,88926.38,105.74149762983782,97.74149762983782,135.74149762983782,-21.323256383538308,4,TRAILING_STOP,Volume Spike + Direction
2025-12-07 11:45:00,2025-12-07 12:00:00,2025-12-07 12:15:00,LONG,90723.9,24.94185104476444,16.94185104476444,44.94185104476444,-0.16533680761078395,1,TRAILING_STOP,Volume Spike + Direction
2025-12-07 16:30:00,2025-12-07 16:45:00,2025-12-07 17:15:00,SHORT,89374.2,-23.7118318261873,-31.7118318261873,6.288168173812699,-97.07499479715689,2,TRAILING_STOP,Volume Spike + Direction
2025-12-08 03:30:00,2025-12-08 03:45:00,2025-12-08 06:00:00,LONG,92077.85,-4.344769127429217,-12.344769127429217,15.655230872570783,-29.29694818026369,9,TRAILING_STOP,Volume Spike + Direction
2025-12-08 08:45:00,2025-12-08 09:00:00,2025-12-08 10:15:00,SHORT,91369.83,162.38626141692524,154.38626141692524,192.38626141692524,-34.54531982821894,5,TRAILING_STOP,Volume Spike + Direction
2025-12-08 23:00:00,2025-12-08 23:15:00,2025-12-08 23:45:00,SHORT,89921.89,16.917385744449923,8.917385744449923,46.91738574444992,-6.125316093778917,2,TRAILING_STOP,Volume Spike + Direction
2025-12-09 05:00:00,2025-12-09 05:15:00,2025-12-09 07:45:00,SHORT,90098.0,-66.24231392483759,-74.24231392483759,0.0,-71.59981353637215,10,TIME_EXIT,Volume Spike + Direction
2025-12-09 08:15:00,2025-12-09 08:30:00,2025-12-09 09:00:00,LONG,90431.02,-4.435650510189978,-12.435650510189978,15.564349489810022,-47.139797826012376,2,TRAILING_STOP,Volume Spike + Direction
2025-12-09 11:00:00,2025-12-09 11:15:00,2025-12-09 11:30:00,LONG,94228.67,18.238892685210033,10.238892685210033,38.23889268521003,-4.336259866556599,1,TRAILING_STOP,Volume Spike + Direction
2025-12-10 04:15:00,2025-12-10 04:30:00,2025-12-10 04:45:00,LONG,92920.0,-11.458243650452504,-19.458243650452502,8.541756349547496,-52.61300043047834,1,TRAILING_STOP,Volume Spike + Direction
2025-12-10 09:15:00,2025-12-10 09:30:00,2025-12-10 10:00:00,SHORT,91831.24,-0.8062310821446985,-8.806231082144699,29.1937689178553,-33.078067986449355,2,TRAILING_STOP,Volume Spike + Direction
2025-12-10 13:00:00,2025-12-10 13:15:00,2025-12-10 13:30:00,LONG,92582.12,51.44684092349594,43.44684092349594,71.44684092349594,-96.96580722065946,1,TRAILING_STOP,Volume Spike + Direction
2025-12-10 20:30:00,2025-12-10 20:45:00,2025-12-10 21:45:00,SHORT,90239.11,64.13656672810667,56.13656672810667,94.13656672810667,0.0,4,TRAILING_STOP,Volume Spike + Direction
2025-12-11 09:00:00,2025-12-11 09:15:00,2025-12-11 09:45:00,LONG,90281.92,21.13891242011728,13.138912420117279,41.13891242011728,-96.93302933743597,2,TRAILING_STOP,Volume Spike + Direction
2025-12-11 15:30:00,2025-12-11 15:45:00,2025-12-11 16:00:00,LONG,92461.4,98.27638344217219,90.27638344217219,118.27638344217219,0.0,1,TRAILING_STOP,Volume Spike + Direction
2025-12-12 03:15:00,2025-12-12 03:30:00,2025-12-12 03:45:00,LONG,92342.38,-15.427884791360029,-23.42788479136003,4.572115208639972,-25.05350197818226,1,TRAILING_STOP,Volume Spike + Direction
2025-12-12 07:45:00,2025-12-12 08:00:00,2025-12-12 09:00:00,SHORT,92280.32,10.851613865232636,2.851613865232636,40.851613865232636,-34.64227258856417,4,TRAILING_STOP,Volume Spike + Direction
2025-12-13 02:45:00,2025-12-13 03:00:00,2025-12-13 05:30:00,LONG,90510.3,3.692397439849194,-4.307602560150806,13.727719386633344,-13.513379140274386,10,TIME_EXIT,Volume Spike + Direction
2025-12-13 06:00:00,2025-12-13 06:15:00,2025-12-13 09:15:00,SHORT,90358.78,30.88576450456743,22.88576450456743,47.12215016625873,-12.341910769490699,10,TIME_EXIT,Volume Spike + Direction
2025-12-13 16:00:00,2025-12-13 16:15:00,2025-12-13 16:30:00,LONG,90051.03,2.0952497711576576,-5.904750228842342,22.095249771157658,-5.984384631691544,1,TRAILING_STOP,Volume Spike + Direction
2025-12-14 00:45:00,2025-12-14 01:00:00,2025-12-14 03:30:00,SHORT,90101.36,1.668121324694637,-6.331878675305363,3.1508958355344934,-19.82766963783834,10,TIME_EXIT,Volume Spike + Direction
2025-12-14 04:30:00,2025-12-14 04:45:00,2025-12-14 06:15:00,SHORT,89802.55,94.19246446787967,86.19246446787967,124.19246446787967,-22.26440117791781,6,TRAILING_STOP,Volume Spike + Direction
2025-12-14 14:30:00,2025-12-14 14:45:00,2025-12-14 17:15:00,LONG,88803.07,-43.66740924610077,-51.66740924610077,0.0,-88.51833613410064,10,TIME_EXIT,Volume Spike + Direction
2025-12-14 17:30:00,2025-12-14 17:45:00,2025-12-14 18:00:00,SHORT,88059.16,24.713217795854845,16.713217795854845,54.713217795854845,-5.773391433667606,1,TRAILING_STOP,Volume Spike + Direction
2025-12-15 09:15:00,2025-12-15 09:30:00,2025-12-15 10:00:00,SHORT,88050.0,132.1908006814306,124.1908006814306,162.1908006814306,0.0,2,TRAILING_STOP,Volume Spike + Direction
2025-12-15 12:00:00,2025-12-15 12:15:00,2025-12-15 12:30:00,SHORT,85842.29,-2.104658438167032,-10.104658438167032,27.895341561832968,-15.639144761865046,1,TRAILING_STOP,Volume Spike + Direction
2025-12-16 05:00:00,2025-12-16 05:15:00,2025-12-16 06:00:00,LONG,87143.63,-0.4173867900620891,-8.41738679006209,19.58261320993791,-37.137539485101165,3,TRAILING_STOP,Volume Spike + Direction
2025-12-16 07:45:00,2025-12-16 08:00:00,2025-12-16 09:00:00,LONG,87367.6,-16.29153141439227,-24.29153141439227,3.7084685856077284,-144.237680787845,4,TRAILING_STOP,Volume Spike + Direction
2025-12-16 23:30:00,2025-12-16 23:45:00,2025-12-17 00:15:00,SHORT,86621.82,15.233406548143059,7.2334065481430585,45.23340654814306,-11.903467278797192,2,TRAILING_STOP,Volume Spike + Direction
2025-12-17 06:15:00,2025-12-17 06:30:00,2025-12-17 07:00:00,LONG,86983.26,0.3177025096565096,-7.68229749034349,20.31770250965651,-17.12398454599162,2,TRAILING_STOP,Volume Spike + Direction
2025-12-17 09:00:00,2025-12-17 09:15:00,2025-12-17 11:00:00,SHORT,87496.06,121.9382701346774,113.9382701346774,151.9382701346774,-327.9907689557688,7,TRAILING_STOP,Volume Spike + Direction
2025-12-17 21:45:00,2025-12-17 22:00:00,2025-12-18 00:30:00,SHORT,86307.01,-27.690682367516295,-35.690682367516295,0.0,-68.86926102526311,10,TIME_EXIT,Volume Spike + Direction
2025-12-18 02:45:00,2025-12-18 03:00:00,2025-12-18 05:30:00,LONG,86945.13,28.262622644879052,20.262622644879052,48.26262264487905,-9.27711534849663,5,TRAILING_STOP,Volume Spike + Direction
2025-12-18 07:30:00,2025-12-18 07:45:00,2025-12-18 08:15:00,LONG,87899.98,128.26510768261838,120.26510768261838,148.26510768261838,-29.84756082993427,2,TRAILING_STOP,Volume Spike + Direction
2025-12-18 11:30:00,2025-12-18 11:45:00,2025-12-18 12:00:00,SHORT,86381.18,58.933723757881836,50.933723757881836,88.93372375788184,-24.933671894735017,1,TRAILING_STOP,Volume Spike + Direction
2025-12-18 21:30:00,2025-12-18 21:45:00,2025-12-18 22:00:00,LONG,86362.0,119.75938491466215,111.75938491466215,139.75938491466215,0.0,1,TRAILING_STOP,Volume Spike + Direction
2025-12-19 01:30:00,2025-12-19 01:45:00,2025-12-19 03:00:00,LONG,88150.42,-16.947263552459138,-24.947263552459138,3.0527364475408616,-48.342367512259095,5,TRAILING_STOP,Volume Spike + Direction
2025-12-19 07:15:00,2025-12-19 07:30:00,2025-12-19 08:00:00,SHORT,87855.92,-26.502227738324756,-34.502227738324756,3.497772261675243,-41.487244115138196,2,TRAILING_STOP,Volume Spike + Direction
2025-12-19 21:00:00,2025-12-19 21:15:00,2025-12-19 22:30:00,LONG,88311.87,-16.8973593244024,-24.8973593244024,3.1026406755975993,-21.37877954571547,5,TRAILING_STOP,Volume Spike + Direction
2025-12-20 05:45:00,2025-12-20 06:00:00,2025-12-20 07:30:00,LONG,88239.7,-8.210522021267204,-16.210522021267202,11.789477978732796,-14.698599383270466,6,TRAILING_STOP,Volume Spike + Direction
2025-12-20 09:45:00,2025-12-20 10:00:00,2025-12-20 12:30:00,SHORT,88109.31,-5.510200908394687,-13.510200908394687,0.6548683674862593,-16.900597678043727,10,TIME_EXIT,Volume Spike + Direction
2025-12-20 20:00:00,2025-12-20 20:15:00,2025-12-20 22:45:00,SHORT,88092.15,-3.100162727327262,-11.100162727327263,25.29169738733683,-6.566986956273156,10,TIME_EXIT,Volume Spike + Direction
2025-12-21 03:00:00,2025-12-21 03:15:00,2025-12-21 04:15:00,LONG,88605.97,33.69841332361723,25.69841332361723,53.69841332361723,-11.925832988454193,4,TRAILING_STOP,Volume Spike + Direction
2025-12-21 08:00:00,2025-12-21 08:15:00,2025-12-21 08:30:00,SHORT,87934.72,6.350829342493405,-1.6491706575065948,36.350829342493405,-24.293021004672028,1,TRAILING_STOP,Volume Spike + Direction
2025-12-21 18:30:00,2025-12-21 18:45:00,2025-12-21 21:15:00,LONG,89480.01,-114.18639760992325,-122.18639760992325,0.0,-176.57686895654066,10,TIME_EXIT,Volume Spike + Direction
2025-12-22 02:45:00,2025-12-22 03:00:00,2025-12-22 04:30:00,LONG,89815.81,-14.1892190250244,-22.1892190250244,5.810780974975601,-66.93810365903195,6,TRAILING_STOP,Volume Spike + Direction
2025-12-22 06:45:00,2025-12-22 07:00:00,2025-12-22 07:45:00,LONG,90300.01,-17.78848307990208,-25.78848307990208,2.211516920097923,-34.95126966209645,3,TRAILING_STOP,Volume Spike + Direction
2025-12-22 20:30:00,2025-12-22 20:45:00,2025-12-22 21:00:00,LONG,88571.95,-0.010601550490545009,-8.010601550490545,19.989398449509455,-34.090928335663506,1,TRAILING_STOP,Volume Spike + Direction
2025-12-23 00:00:00,2025-12-23 00:15:00,2025-12-23 01:15:00,SHORT,87780.0,52.98929141034358,44.98929141034358,82.98929141034358,0.0,4,TRAILING_STOP,Volume Spike + Direction
2025-12-23 05:45:00,2025-12-23 06:00:00,2025-12-23 06:45:00,LONG,87754.5,1.1385171130825178,-6.861482886917482,21.138517113082518,-15.071591770222012,3,TRAILING_STOP,Volume Spike + Direction
2025-12-23 09:00:00,2025-12-23 09:15:00,2025-12-23 09:45:00,SHORT,87431.82,51.414295161647885,43.414295161647885,81.41429516164789,-8.950974599407258,2,TRAILING_STOP,Volume Spike + Direction
2025-12-24 08:00:00,2025-12-24 08:15:00,2025-12-24 09:00:00,SHORT,87178.86,57.046332103906906,49.046332103906906,87.0463321039069,-30.928369561153318,3,TRAILING_STOP,Volume Spike + Direction
2025-12-24 11:00:00,2025-12-24 11:15:00,2025-12-24 12:15:00,LONG,87510.98,-12.492370671657763,-20.492370671657763,7.507629328342237,-29.24433025432903,4,TRAILING_STOP,Volume Spike + Direction
2025-12-24 17:00:00,2025-12-24 17:15:00,2025-12-24 17:30:00,LONG,87984.13,-15.517373417228502,-23.5173734172285,4.482626582771498,-21.382265188052052,1,TRAILING_STOP,Volume Spike + Direction
2025-12-24 23:30:00,2025-12-24 23:45:00,2025-12-25 02:15:00,SHORT,87670.18,-19.09543244920947,-27.09543244920947,0.0,-21.90254428586825,10,TIME_EXIT,Volume Spike + Direction
2025-12-25 02:45:00,2025-12-25 03:00:00,2025-12-25 05:30:00,SHORT,87446.54,-5.105976748766588,-13.105976748766588,22.29247720950283,-21.122619602788905,10,TIME_EXIT,Volume Spike + Direction
2025-12-25 09:45:00,2025-12-25 10:00:00,2025-12-25 10:15:00,LONG,88077.15,38.53845180049662,30.538451800496617,58.53845180049662,0.0,1,TRAILING_STOP,Volume Spike + Direction
2025-12-25 17:15:00,2025-12-25 17:30:00,2025-12-25 18:15:00,SHORT,87649.99,51.60525745639035,43.60525745639035,81.60525745639035,-5.212778689420019,3,TRAILING_STOP,Volume Spike + Direction
2025-12-25 20:45:00,2025-12-25 21:00:00,2025-12-25 21:30:00,LONG,89020.13,14.598915997988321,6.598915997988321,34.59891599798832,0.0,2,TRAILING_STOP,Volume Spike + Direction
2025-12-26 02:00:00,2025-12-26 02:15:00,2025-12-26 02:45:00,SHORT,88772.78,10.324297605640055,2.324297605640055,40.324297605640055,-12.753909475404642,2,TRAILING_STOP,Volume Spike + Direction
2025-12-26 08:00:00,2025-12-26 08:15:00,2025-12-26 09:00:00,LONG,88918.11,-5.180746644299562,-13.180746644299562,14.819253355700438,-72.33734500204811,3,TRAILING_STOP,Volume Spike + Direction
2025-12-27 01:45:00,2025-12-27 02:00:00,2025-12-27 04:30:00,LONG,87592.67,-5.663715925088319,-13.663715925088319,9.627517919022418,-8.498428007731963,10,TIME_EXIT,Volume Spike + Direction
2025-12-27 16:30:00,2025-12-27 16:45:00,2025-12-27 18:45:00,LONG,87864.31,-6.37785922406921,-14.37785922406921,13.62214077593079,-41.463934560004226,8,TRAILING_STOP,Volume Spike + Direction
2025-12-28 03:00:00,2025-12-28 03:15:00,2025-12-28 05:45:00,LONG,87836.6,6.324242969330365,-1.6757570306696348,19.74120127600501,-13.274648608894903,10,TIME_EXIT,Volume Spike + Direction
2025-12-28 17:15:00,2025-12-28 17:30:00,2025-12-28 19:30:00,LONG,87900.09,41.89982285569967,33.89982285569967,61.89982285569967,-30.167204606957544,8,TRAILING_STOP,Volume Spike + Direction
2025-12-28 20:00:00,2025-12-28 20:15:00,2025-12-28 20:45:00,LONG,88304.04,102.27073642383878,94.27073642383878,122.27073642383878,0.0,2,TRAILING_STOP,Volume Spike + Direction
2025-12-29 03:15:00,2025-12-29 03:30:00,2025-12-29 04:15:00,SHORT,89555.1,169.31863176971495,161.31863176971495,199.31863176971495,0.0,3,TRAILING_STOP,Volume Spike + Direction
2025-12-29 06:30:00,2025-12-29 06:45:00,2025-12-29 09:15:00,SHORT,86962.75,-53.725301925250335,-61.725301925250335,0.0,-141.2052861713787,10,TIME_EXIT,Volume Spike + Direction
2025-12-29 21:00:00,2025-12-29 21:15:00,2025-12-29 21:45:00,SHORT,87155.98,5.605130020911069,-2.3948699790889307,35.60513002091107,-16.2191968927434,2,TRAILING_STOP,Volume Spike + Direction
2025-12-30 02:30:00,2025-12-30 02:45:00,2025-12-30 03:30:00,LONG,87886.52,-8.708165939442058,-16.708165939442058,11.291834060557942,-12.827905803985097,3,TRAILING_STOP,Volume Spike + Direction
2025-12-30 09:15:00,2025-12-30 09:30:00,2025-12-30 10:30:00,LONG,88875.82,11.920943176670221,3.920943176670221,31.92094317667022,-73.4924302245552,4,TRAILING_STOP,Volume Spike + Direction
