timestamp,entry_price,rsi_value,mfe_bps,mae_bps,volume_ratio,volatility_pct,momentum_5_bps,momentum_10_bps,dist_sma20_pct,dist_sma50_pct,hour,dayofweek,success
2024-01-01 09:15:00,42588.01,85.36322224886193,0.002348078720287064,40.94579671602345,1.4858402792127772,0.15627302479869912,17.3424082449481,45.12616433028138,0.4021400870974437,0.3513573813879679,9,0,True
2024-01-01 11:00:00,42695.16,85.011273957159,21.067961801760283,19.87110482780636,1.5813353037109927,0.15451734709842874,10.66127327068524,47.596175456093725,0.35360557495275424,0.5661839628839175,11,0,True
2024-01-01 19:45:00,43517.99,84.47161875027125,35.93686197363422,71.69448772794884,2.0965118240283953,0.2821148547663032,84.78843792342886,184.14686629951746,1.3385703948629555,1.7814665575558881,19,0,True
2024-01-02 00:45:00,45056.0,82.86758110944677,82.1200284090909,91.75914417613643,2.2988359786258425,0.5232742111404214,220.28646109197948,364.5870474867214,2.60540552813265,4.108019353203885,0,1,True
2024-01-02 01:45:00,44855.96,82.2015532716367,0.0022293581504079433,143.57958228962235,0.7654412690584825,0.6138999461514455,27.70946353629025,196.85614841012722,1.6173025677024764,3.2349141195955897,1,1,True
2024-01-04 15:15:00,44154.01,82.81918214714861,85.19045042568081,39.855949663461125,2.8413857784995615,0.45634586756672846,196.46091392174432,178.86667287563392,1.907741618073432,2.3288145510104385,15,3,True
2024-01-07 13:15:00,44386.49,86.15486518360495,99.43115574130698,21.200144458369774,4.047417074003673,0.19089141763631134,77.76087548814775,97.01774340309326,0.7778936256415401,0.8267768030191306,13,6,True
2024-01-08 06:15:00,44146.8,80.3213071180081,81.98555727708516,3.4679750287671296,4.117908389421916,0.3911948317884867,127.2710589098924,144.44531253590586,1.310921809527705,0.6944580189703293,6,0,True
2024-01-08 12:00:00,45141.09,86.67911424018243,175.24831589135232,13.050194401598079,6.127024106852604,0.4166555507251982,238.66351696630736,292.219939930819,2.4652337943563465,3.0098575588800256,12,0,True
2024-01-08 18:15:00,45998.81,89.4084675169651,4.95882393479259,271.7852918368976,1.3417008422120682,0.5856424795088625,192.17172215155125,230.360313715442,1.936990318483309,3.2285445835824733,18,0,True
2024-01-09 21:00:00,47918.36,81.95646077626957,661.477145711999,11.19403919499737,5.72348753029077,0.4962875547970715,222.3632088140604,278.9350555858022,2.391899583357332,2.6177163464185527,21,1,True
2024-01-11 11:00:00,46984.05,85.92932082540483,47.07767848876423,102.33685686951203,1.6393944957815405,0.3373561270868968,165.2808344071803,172.35216340871406,1.5477433932061007,1.2322514147258856,11,3,True
2024-01-11 12:00:00,47016.52,82.72519729202376,53.9512494757154,326.15769946393385,1.285825011171775,0.3942413675630847,33.42089218694473,156.83776221087103,1.132669716681193,1.2869330219858732,12,3,True
2024-01-13 06:15:00,43070.01,83.77891484117984,27.715340674404906,42.941712806659915,1.0356350833865844,0.32486476254425395,45.66613689998346,107.97245900839093,0.6696893511045451,0.14550135816520357,6,5,True
2024-01-13 06:45:00,43149.99,85.88049307198709,60.94787043983045,24.32677272926394,0.7530638747999627,0.320448675488852,19.995875894136937,84.18838623735776,0.7810968905018948,0.3825990011456874,6,5,True
2024-01-15 03:15:00,42617.85,81.01489275256718,27.885029394959275,48.53130789094282,0.8543340443487923,0.3945965632442099,68.00617434735271,79.96736026111756,0.9167453574416099,0.17115276417814212,3,0,True
2024-01-15 18:15:00,43156.0,84.39872325741871,76.5038465103354,56.6387060895357,2.918110924039679,0.3723451796141587,109.82214809123178,207.4339997242134,1.4129083926619177,1.2552279029563655,18,0,True
2024-01-18 07:00:00,42908.74,84.37827225130992,46.407794775609204,4.954701536330836,1.7248176542478704,0.16017216339342016,31.765462546701997,56.20955778095908,0.47376139417559743,0.5276542501348398,7,3,True
2024-01-19 06:45:00,41474.0,86.56420010349218,79.72946906495594,24.5937213676038,2.630661608427591,0.2667454308723525,68.1177081765522,70.41569541569542,0.7366534773157705,0.6674230243129845,6,4,True
2024-01-19 20:00:00,42162.85,86.24005478679456,153.03756743199287,0.0023717561792045054,1.1932013139594129,0.6841550932023943,84.85680279984079,263.5504518237258,2.4330853604711993,2.226311903467281,20,4,True
2024-01-23 03:00:00,40109.62,86.2675579853309,32.43610884371525,16.7341400890847,0.9570229179899755,0.31696528520731837,70.02385847503183,89.92215768904107,0.7108973650693808,-0.053519592212491966,3,1,True
2024-01-24 00:45:00,40179.52,83.50611487154615,150.23325315981808,0.002488830130881919,1.8930103230951423,0.3904263380235226,119.880967822775,200.43665905051964,1.6647523751167415,2.287498594357462,0,2,True
2024-01-26 11:00:00,40814.87,80.95919930698251,8.977120348539493,167.86284018545138,2.612821365140443,0.376312428709017,183.3965322199558,165.00661356389548,1.5387075231963514,1.781213568493691,11,4,True
2024-01-26 13:15:00,41192.01,81.4624128000724,67.36986129106155,96.13272088446229,0.5140531788214769,0.5459900735950637,-33.49347357540841,122.7175233654053,1.1276285133737622,2.1278654945594533,13,4,True
2024-01-26 18:45:00,42105.01,80.49029000714783,63.21813009900728,33.68007750146542,0.9154579545649961,0.44319123611587785,43.59498834151364,70.55967471896724,0.9905441883955255,2.652930449002769,18,4,True
2024-01-27 21:15:00,42106.01,88.04406045504368,6.355387271318758,22.322229059461574,1.1190544456213254,0.15023983512092318,37.76378147975176,73.7817129300662,0.5139444385229652,0.7059869247755534,21,5,True
2024-01-28 04:15:00,42407.02,81.32253548688199,26.731423240773182,102.7329909057518,1.206433644241881,0.203763433506998,64.24625222284513,72.92636579572371,0.6625956099265067,0.9080929323145394,4,6,True
2024-01-29 03:30:00,42458.16,84.69967064371869,77.03112899852582,0.15780241065516115,1.6755955810672256,0.27025597502509274,45.773423211333906,88.74967743591132,0.7920399419653967,0.9174401331730793,3,0,True
2024-01-29 16:45:00,43200.0,83.42992213570605,73.21296296296269,25.15972222222276,1.873854575608361,0.5193435846560855,260.28587721525474,289.88413876289786,2.18836260239459,2.308108827029954,16,0,True
2024-01-29 18:00:00,43088.53,81.94808825426864,47.53237114378181,14.839215911984542,0.642392826026728,0.5738036814636556,-25.80324074074101,233.81101455939375,1.3802167462515111,1.8392825527810321,18,0,True
2024-01-31 17:30:00,43556.66,85.90442288306437,193.09561385101725,43.26548454358004,0.734676584299041,0.4622206044789864,22.015150141575333,151.87493124350954,1.1334020633469515,1.4857781146854534,17,2,True
2024-02-01 15:15:00,42905.24,84.11260178881336,126.1477619050722,61.5286151528357,1.4572019875364215,0.3795906647166771,154.31490293873503,180.91821141452277,1.420048845636277,1.63895179876959,15,3,True
2024-02-03 00:15:00,43356.0,80.09760174310136,46.52643232770578,2.9892056462771306,2.481420924055447,0.17320720150778335,46.11769547306005,83.9233802308496,0.604036090711779,0.6877543059017525,0,5,True
2024-02-07 21:00:00,44154.0,81.3263730209621,8.701363409883193,54.92141142365357,0.9930796134878218,0.39432764544872134,123.4722450543348,138.40947243486482,1.2607692768303627,2.0403819507799814,21,2,True
2024-02-09 02:45:00,46285.23,90.1811750835136,92.95189847819773,13.993664933715742,5.1429831815372395,0.32670557880219664,203.13810243075346,206.16415293668737,1.8650644641884688,2.1001561355873397,2,4,True
2024-02-09 12:00:00,47420.89,85.81235365126508,162.141621551177,62.95748561446293,3.4742290701941783,0.457274360368547,137.10486982337628,175.20900413995844,1.6733212807755131,2.716208763643982,12,4,True
2024-02-10 20:30:00,47903.65,83.85568371587256,62.07668935456956,55.60119114096703,3.011445692225878,0.23004510094741976,88.29640399643084,142.25385630347026,1.1301606018808439,1.370040153528313,20,5,True
2024-02-10 21:15:00,48074.0,84.95594257397292,97.29167533386054,15.769438781877453,1.4422425931078955,0.3289853737392919,118.44137191028638,157.3293707480149,1.2897428554428427,1.62887962550715,21,5,True
2024-02-11 03:45:00,48519.61,81.46549125979517,79.613170839584,15.05576817291048,4.418577666747565,0.3255929480295255,166.18876953974234,191.3583643956612,1.4676741561962958,1.8607086356145548,3,6,True
2024-02-12 14:45:00,48798.0,86.41547726721159,26.3555883437847,271.5275216197385,4.179086198779911,0.30358240677311205,175.3845274851938,178.97371714643305,1.6167735104283716,1.4768037913620455,14,0,True
2024-02-12 16:45:00,49582.33,80.43712651450069,6.298614849282638,151.76576010042245,0.7860207863371124,0.6350346988534021,-18.85819734717025,293.19060004737446,1.8716097319716118,2.6326564622695474,16,0,True
2024-02-14 07:45:00,49838.93,80.5590053635039,19.611175440563827,370.6078762124307,1.2413428900655041,0.22401306425662604,54.65621879918081,70.25487141863256,0.5424861694879869,0.6775087305272933,7,2,True
2024-02-14 08:45:00,50758.0,88.53902366305844,25.90133575002978,182.8283226289452,7.291044206801936,0.3565307087411961,193.47888866619584,235.3951328738106,2.187011007782598,2.3873210164413345,8,2,True
2024-02-14 11:15:00,51396.02,80.68387386641771,24.4882774969722,84.23025751799526,0.7757555497030856,0.6691721599121031,-18.463388520227422,125.6984120729731,1.5926533889150027,2.925858437292088,11,2,True
2024-02-15 00:30:00,52357.99,85.40719269621952,122.31370990368352,11.461478945238737,2.555008901962796,0.31914626865655316,108.59238239284339,132.6859983391502,1.1203477313848034,1.315049782488008,0,3,True
2024-02-15 11:15:00,52373.31,81.79618893341251,56.003716396767295,23.830840556001704,0.6233509247911432,0.2778378092636453,18.997972223284552,84.58811480184096,0.5916593791779879,0.5720588881416001,11,3,True
2024-02-17 19:30:00,51411.1,86.74110172105351,21.02658764352417,120.41757519290616,0.452515012339502,0.2351701703106373,27.296052458350765,52.41771017824168,0.6261933263008834,0.011480161852740062,19,5,True
2024-02-17 20:45:00,51514.0,84.13149794534407,13.507007803704187,100.20188686570647,1.2292889367293687,0.18197410967337682,20.015132918766856,47.36581878892877,0.583261468388697,0.30390404508817165,20,5,True
2024-02-17 21:15:00,51840.77,84.8555467591399,48.373124087469535,36.536880142791766,2.9271810861345093,0.22237875159427145,95.35725622235907,112.51961661167346,1.0556424785567255,0.9479243175677082,21,5,True
2024-02-18 10:00:00,51963.24,83.99110532923869,60.281075621920024,0.7697749409005289,1.6514750032515484,0.20993274696277092,33.448535731118014,50.493035303346524,0.4921866539902767,0.6422141710113962,10,6,True
2024-02-20 20:45:00,51990.63,83.09563032428025,17.22041067784692,101.30094595891713,0.8205881459819009,0.3651138676334547,35.27455668905966,118.26688001893139,0.7329185250194025,0.19053314419348644,20,1,True
2024-02-21 23:45:00,51849.39,82.72394130116868,134.17708482201954,5.552620773359315,1.617062128960557,0.3271604820919117,88.11493231738835,103.94420920262894,1.1203870898853332,1.3197564539079696,23,2,True
2024-02-24 05:15:00,51032.71,88.84969109800628,18.405842056986643,13.94399787900809,1.1229028188491332,0.146992557742448,27.629042621546482,45.81103263996729,0.41167090776705895,0.21435503612386247,5,5,True
2024-02-24 17:30:00,51558.92,85.20318153275707,29.45174181305554,26.97496378900135,4.935651376971758,0.13888410163971981,78.87136170241904,79.9393470541463,0.7540787838751445,0.8946746765253045,17,5,True
2024-02-25 20:00:00,51899.99,87.42770932863893,49.9248651107641,11.283239168255129,2.6956708952145205,0.17658137176079394,62.04151300562636,77.66796116504815,0.6659978357000291,0.5598183604895236,20,6,True
2024-02-26 19:45:00,54487.11,84.31084962217318,42.01177122442418,77.61285192038987,0.5628203837828203,0.48166700082171277,190.5408660679821,239.19340417399368,2.050987145163918,4.584653980565623,19,0,True
2024-02-26 22:00:00,54772.94,83.3219248058846,60.89138176625247,6.291427847400399,0.5325147716162617,0.5158986483888867,59.662331589594025,50.46062291528817,1.2166645207557205,3.9429251776699585,22,0,True
2024-02-27 01:45:00,55768.41,80.00973767299143,45.00217954931854,234.0805484682086,4.460899964778871,0.4035387468589172,239.41112435317967,222.72126443471325,2.018484201926947,3.7571855015811653,1,1,True
2024-02-28 05:00:00,57226.01,87.50000000000091,30.229261134928894,133.5022308911622,0.9748421682706326,0.19327874560137084,54.39732660533705,52.362707086435584,0.46905359777982836,0.4565620572067824,5,2,True
2024-02-28 07:30:00,57842.89,84.90736265506683,7.067420040734026,284.38931733874256,5.54268766138602,0.25844267858282327,124.58888416291667,107.79713630218102,1.2585720621811343,1.4497611121312848,7,2,True
2024-02-28 15:00:00,61201.4,82.73185838185988,408.7161404804467,457.2771211116083,1.64750011193746,0.8640803735115294,123.50224804428248,306.9115860677326,2.400569146745034,4.537105867743963,15,2,True
2024-02-28 16:15:00,61408.89,80.62213293352144,441.12342691750325,421.9437934800646,0.8271922306467315,0.9313949262302026,33.90281921655354,157.82377469966434,1.9625421104318082,4.149525045498097,16,2,True
2024-02-28 16:45:00,62412.01,81.14655924923815,594.7589254055432,254.43660603143496,1.5338027304559412,0.8646241095492462,251.8227157043141,372.42124999854605,3.11346627173549,5.491794224776493,16,2,True
2024-02-28 23:45:00,62432.1,86.3514363905108,226.00553241041067,0.9802649598528033,0.6293156985879573,0.7497207823722558,193.60170955465728,321.8087208166166,2.24757185948315,2.6643723329826248,23,2,True
2024-03-03 12:15:00,62568.01,80.14168984700969,98.10284840448097,11.534648456934821,3.0670386147164863,0.2668524789493644,143.11207773920574,138.2093994900756,1.3182568958420071,1.2001437776777675,12,6,True
2024-03-04 00:30:00,64148.37,84.94423270933736,288.13982335014947,0.0,4.890509221492563,0.4091842084218189,193.35611469922475,182.59612797538966,1.8453116796178584,2.3516736184338876,0,0,True
2024-03-04 08:30:00,65456.7,85.70358126721779,126.97095942814113,15.017561227498929,3.510041988555232,0.49379426181189856,267.71764705882305,308.14173228346414,2.5624497121345495,3.1144363515887505,8,0,True
2024-03-04 17:15:00,67314.43,84.03202985498847,180.4115402893545,31.280068775745743,1.9544541077552295,0.8104619724817635,83.2521328696729,173.04370705436085,2.0298372540971243,3.4208260804092463,17,0,True
2024-03-06 05:45:00,66406.8,82.7444793683118,136.55228079052188,185.86951938656927,1.3933369809906015,0.7933234462219444,430.75879141246935,499.7628308509634,3.999228479915934,4.321037286298752,5,2,True
2024-03-06 07:00:00,66174.41,81.83746050924718,36.17561531715952,221.6400569343954,0.9537945397445898,0.8139410903485402,-34.99491015980282,394.2564447320641,2.5474159730720505,3.7816006264409,7,2,True
2024-03-06 07:45:00,66676.46,82.44474348592382,95.210513575556,144.6747472796245,1.0652843591164314,0.8666616159800401,100.86861780725754,139.41986300411727,2.568666988259399,4.299121760713464,7,2,True
2024-03-08 15:00:00,68791.91,80.43838697430314,393.8326468911824,174.16146753302772,2.194437820557439,0.4297795648188457,150.64712083169502,195.41333257451626,1.6442304105671073,2.121512776318764,15,4,True
2024-03-08 19:30:00,68611.99,83.16350510991134,117.24044150300894,111.78949918228501,0.33801572281708314,0.7541736822216782,26.470517317847055,101.28820446381326,0.6346310111149205,1.295667921795953,19,4,True
2024-03-11 07:00:00,70447.12,85.56218797482096,63.4688827591526,192.0419173984692,9.216920642986215,0.4086469397187542,276.6898515544769,271.34818231987293,2.553422581993131,2.43232734840131,7,0,True
2024-03-13 01:45:00,72005.37,81.19731868235115,19.208289603955606,29.500577526370364,0.9620757837751863,0.35231201704618825,71.22905008398286,76.54947580660888,0.9714049903540465,1.052647834801259,1,2,True
2024-03-13 04:15:00,72068.69,82.05145690654726,11.994112838737921,91.05896055554777,0.689564864818208,0.2856332519116711,8.596411532858045,8.793788574380908,0.3993968125293709,1.114509517078491,4,2,True
2024-03-13 06:30:00,72561.1,82.66064884102005,13.46589288199964,150.10108722166478,2.6911700523969606,0.22738570863530128,62.131611407367025,66.83745994344694,0.6299609100965642,1.3490649429236223,6,2,True
2024-03-13 08:00:00,73190.02,82.62355142129609,14.571658813593537,62.881524011059966,1.7572239740579083,0.3203764275902243,66.29531825933928,144.84573642841443,1.0934079905898493,1.950065893796148,8,2,True
2024-03-14 23:00:00,71700.01,86.68686474866101,62.205012244767445,100.376555038139,0.3377002382241509,0.7049959168166668,83.59822112413583,119.47470759732364,1.5105892023470198,0.5049012294598734,23,3,True
2024-03-16 00:00:00,69772.0,83.49374536354574,120.39070114085955,38.84079573467867,0.9043613515477458,0.5844833375647998,96.62206259234188,241.059438567661,1.47278943421778,1.9007587733330191,0,5,True
2024-03-17 10:15:00,67060.05,82.96115529089559,92.92119525708743,67.8421802548607,1.1107231434262175,0.7221928065112656,59.10809108091125,216.85743655185505,1.5948916563098512,1.5189979931589261,10,6,True
2024-03-17 16:15:00,68149.61,80.88807507438764,43.67009583767252,79.84491767451046,1.0977376954389213,0.5314903070297399,117.10223156494544,152.32295863772475,1.3053322504278713,2.2530280558287545,16,6,True
2024-03-20 08:45:00,62684.71,80.28677664757673,7.132520833230165,203.08461186148884,0.8540582136285317,0.7689742613697733,-41.03554009182925,112.54278915174154,0.9458347202345035,0.21896229879013449,8,2,True
2024-03-20 10:15:00,63256.03,80.09600089526226,57.65932512678964,173.50756915980986,0.6496257479857201,0.7026376999721838,85.26457703961223,47.36184606049925,1.1227843372365895,1.282802056111628,10,2,True
2024-03-20 19:45:00,65784.46,87.09478466590566,19.465083395075812,351.9889043704232,0.9488447553772313,1.037088177272955,208.63907644926832,264.99460648398576,2.372868030758278,3.204639148500305,19,2,True
2024-03-20 21:45:00,67676.15,85.00656855906777,47.42291043447179,62.62915369742603,0.43578905022072356,0.9116579474452968,30.552833770144606,340.1014328761195,2.885343245631167,5.0230063592968355,21,2,True
2024-03-23 01:30:00,64074.49,81.38243396443409,167.69388254202224,46.88605402867905,1.3326480087521735,0.4388887282375779,66.85418475742762,124.5915368327905,1.0939669156848062,0.9594830762733453,1,5,True
2024-03-23 07:00:00,64503.69,87.37795147370107,49.21888964801908,54.79531481067162,2.037276323815526,0.3965243804546029,66.88555557913894,80.44989052788857,0.9230693840674903,1.3183037971560527,7,5,True
2024-03-24 20:30:00,66240.5,81.74776711262625,17.87426121481483,203.72732693744763,0.7093385598664788,0.4997902664209515,78.80243307514259,100.71514170247997,0.863782753720679,1.2238878112334375,20,6,True
2024-03-24 23:00:00,67547.12,83.01830815474044,154.43293511255465,12.076014491810604,3.7929463995882857,0.48828559551148354,152.87988082370657,197.25394584883801,1.8330128346198449,2.6770509274683647,23,6,True
2024-03-25 05:15:00,67559.17,80.3569591294507,125.69278160166833,26.766166606250753,0.961361184406556,0.3606753690347106,49.03501453454049,128.80957589061885,0.9383640530403485,1.5298542886824533,5,0,True
2024-03-25 14:00:00,68582.56,82.55112726747504,1.0673267372918762,246.4824876761676,6.078220588645519,0.4796533862669625,223.99675372640817,271.44015701627205,2.1804612713930345,2.239670938532278,14,0,True
2024-03-26 07:15:00,71485.24,80.90911736460752,170.1861810913696,9.620167743717376,4.2052863157048,0.294446398005677,171.20317737161398,125.26906553364931,1.3598623750802676,1.5370713635481281,7,1,True
2024-03-27 13:15:00,71658.0,81.72249752229882,435.9583019341881,15.565603282256497,3.2933651024650947,0.4001128375657385,202.98323850530608,220.50287818021556,2.1268372049074302,2.021111134646827,13,2,True
2024-03-28 06:45:00,70363.74,80.5604828363288,24.306553346936763,81.93850980632756,1.1350344813418412,0.3401021199677133,87.50546210247143,100.87707587399684,1.0687444449528503,1.4510693905559757,6,3,True
2024-03-28 08:30:00,70643.0,83.39616335806413,43.25552425576589,45.245813456394075,1.7557157820581162,0.3430892960782677,42.218457024073615,93.68698411183433,0.8863252765466133,1.5119452931099586,8,3,True
2024-03-28 09:00:00,70756.01,83.12158510560973,59.15822556981404,29.201759680910484,1.4448192110973683,0.36325939965079446,50.70808504037569,56.71505513738635,0.8670292306211339,1.5771222741916082,9,3,True
2024-03-29 20:15:00,69646.96,84.44844704125157,51.25277542623632,24.97309286722536,0.34633687774448163,0.21813073904650987,27.783860941610577,34.96469742720699,0.30184251582056276,-0.23344845000288528,20,4,True
2024-03-30 01:00:00,69960.61,84.51063082059358,18.943516930455413,31.054617734178528,1.5304254121311145,0.18769643579232706,15.757931148421614,40.26979904279661,0.35710018392257403,0.34712026772605975,1,5,True
2024-04-01 21:30:00,69699.99,83.30307818155354,34.91105235452713,25.25825326517096,0.7730884241305357,0.3954878616194951,40.90553134405415,92.58244316116013,0.8348431798065683,0.6569834596175248,21,0,True
2024-04-03 03:45:00,66225.79,82.92072404012018,46.17385462672376,38.172440072063004,0.7749768250695371,0.45280050911542535,65.43174525588991,122.87781308705375,0.9090774727152281,0.8812155823789263,3,2,True
2024-04-04 07:45:00,66091.6,82.11442745740264,9.62300806759192,57.10105368912228,0.9625749243319859,0.29558543424148204,54.168583438603925,101.55415579707301,0.6340928739441343,0.36763216300633483,7,3,True
2024-04-04 08:45:00,66220.01,80.04744832604457,16.786466809652996,37.598907037315534,0.4419843589911718,0.2931170545838704,12.399830657110098,85.35541734433956,0.6311044876747268,0.5014889986931153,8,3,True
2024-04-04 13:30:00,67351.99,82.90750793337097,41.02180202841937,85.47631628998595,2.3815980723905685,0.33373178728646385,117.16335438873041,182.86586515441653,1.2917634393016468,1.931323116140292,13,3,True
2024-04-04 14:00:00,67588.45,81.8128831273232,26.575546561578992,88.70598452842208,2.4349603263306556,0.3961084644322687,131.83378554617775,177.17483941106764,1.4681185122258813,2.2115363542576096,14,3,True
2024-04-04 18:15:00,68824.0,81.81807961054847,218.52842031849354,38.101534348482495,1.2617015479751092,0.4763060228159631,147.4583878126694,173.84256354105932,1.4003761157766925,2.8404756335538193,18,3,True
2024-04-06 23:00:00,69556.97,83.580606591334,108.82733966128788,14.11648609765525,4.925077619728184,0.274497498751228,184.088791084582,182.21781760798277,1.5997635117212465,2.0801359806560082,23,5,True
2024-04-08 07:30:00,70650.78,86.63648051875462,14.158371641473575,282.97210589890176,8.360008390547852,0.27430796133561963,124.53977918572338,147.1835233964322,1.485690291400694,1.7399133153827688,7,0,True
2024-04-10 06:15:00,69457.42,83.61714915356139,94.65079468831382,8.289971035492211,0.6810181261549662,0.25128859008666465,26.766947684489875,44.43083156110443,0.5089361927745781,0.5302893294513241,6,2,True
2024-04-12 03:15:00,70914.0,84.3474970676146,17.99503624108083,44.20283723947407,7.382750557894261,0.2525100826353036,53.76924902537313,87.10608843635563,0.8296721958595795,0.9536528433734195,3,4,True
2024-04-13 05:15:00,67669.45,90.97381823530398,81.0676014065434,0.0,0.4681769875672926,0.4366034345737192,63.63325544004848,170.35291727078712,1.1724883320089123,0.8935213007486382,5,5,True
2024-04-14 06:30:00,64833.92,86.0039884584661,91.04339210092446,8.339770293081108,1.1129588768079095,0.6618261816389599,88.04056755995583,179.40289471337357,1.636800662576067,1.3414771420260176,6,6,True
2024-04-15 07:30:00,66317.29,84.08453095953064,38.121280287538546,82.90145752337187,1.2061236415795615,0.4780061342761645,-3.3494368589700416,209.61353217029358,1.2329623873417448,1.8516905618827972,7,0,True
2024-04-16 08:00:00,63369.99,85.45427945989273,279.3104433186747,32.878338784651625,0.6480051061741998,0.514589003406817,27.671440452996265,91.20945162859068,0.7632615532125739,0.38946492733090304,8,1,True
2024-04-18 11:15:00,62933.34,80.43880884831734,214.9305916387081,22.03283664906447,4.297709849642696,0.5134423638907903,226.08805863317613,260.42621958168417,2.3666139305157907,2.282448302850754,11,3,True
2024-04-18 21:30:00,63607.45,80.99265863143873,109.23405984676288,13.341204528714888,0.39917976631091096,0.4981783917270252,20.563379571661454,74.27960707308952,0.5093306334042771,1.081285754011992,21,3,True
2024-04-19 08:45:00,64639.02,81.27675944461464,33.883558259391435,88.84571579210218,0.4975255142031365,0.9310795774529297,31.138279878897336,424.41427095566434,2.1189796253985387,2.8509990897675785,8,4,True
2024-04-20 15:45:00,64808.35,87.76758206735383,54.28467165110633,94.22396959651056,3.630407986888612,0.32429793823965825,143.9281777200109,136.30002960732045,1.3888704632449063,1.4138362558647004,15,5,True
2024-04-20 17:15:00,65254.37,83.76265940566917,70.88873894575975,25.22896167720221,2.4173174295532944,0.4447441604294074,100.02925329796172,206.30846826003724,1.5600437903806779,1.9511072734579809,17,5,True
2024-04-22 05:00:00,65825.35,83.23204099764388,2.74210467547881,99.42218309511412,0.5080147218302977,0.4142042975410397,18.545435174687167,167.15752963403727,1.0014239859192773,1.3436409493566281,5,0,True
2024-04-25 18:00:00,64733.86,83.89679167436384,43.508914809035254,39.87712149406808,0.5548450458371232,0.4747239587707933,44.75257756754022,139.37877648975973,1.1717318218128727,1.2271498652289168,18,3,True
2024-04-28 03:00:00,64306.56,82.69578255353485,77.21762756396822,9.865245474179048,4.235106107625835,0.24537598830174875,110.52204592192881,115.07198034950532,1.1350130522809068,1.5526623491658522,3,6,True
2024-04-29 17:15:00,63184.22,80.96770437488759,100.95083867459287,3.4470632066042493,0.5088128622863102,0.4080890088424876,18.646948258840975,55.57890595669757,0.7535497009236295,1.091734128679406,17,0,True
2024-04-29 22:30:00,63746.0,84.19669530078204,9.092335205346082,154.9901170269507,3.607291367718334,0.2918379192419931,127.65458511266837,99.81941181932005,1.1810297203838738,1.550916968012491,22,0,True
2024-04-30 00:30:00,64177.99,85.45986826055147,184.2204780797904,86.63562071669774,2.2795285744701017,0.3573610561146336,34.00850556601551,158.68978239335317,1.1506969253842818,1.8323724200814178,0,1,True
2024-05-02 12:00:00,58866.82,84.97327991591507,109.53878602581212,73.58644479181996,1.790693747851271,0.4326206171829909,184.32249317101366,196.0247038758245,1.5797671853019255,1.9699977147924763,12,3,True
2024-05-02 12:30:00,58816.22,80.38640181245404,101.029953982082,82.25282073550439,2.770655889860184,0.49338430793410426,88.63716942881298,175.66872730569395,1.3090933769186828,1.8505896851055543,12,3,True
2024-05-03 13:30:00,61541.94,81.89017157075513,33.513730636375776,93.22098068406635,2.7472141236792726,0.6784792382467726,401.4435139477877,433.10781532794573,3.1343379017326938,3.3027638969973787,13,4,True
2024-05-04 10:45:00,64420.91,82.55272579754964,118.30320310594846,18.486233739945074,6.709183647761983,0.3466321283393411,216.1359383424789,228.29803969387413,1.921396061021521,2.1982767240665133,10,5,True
2024-05-06 08:30:00,65439.11,83.34492033734955,248.12837460656223,9.304833149472756,2.5618915247735314,0.3747344014043854,169.24786324786334,162.29770439828155,1.725380114006419,2.0742748071641834,8,0,True
2024-05-09 02:45:00,61664.64,83.25946877271926,39.67265518780284,23.082920779234872,0.5061516389659572,0.21053162951826504,33.58377981536755,46.846454647343094,0.4634386827845793,-0.3416569434906245,2,3,True
2024-05-09 22:45:00,63280.47,80.42770863140852,97.72367367056557,7.828639705109787,2.5235955087177024,0.3636260693295817,126.14542368194628,137.1354571072434,1.2489253381601868,2.149894177337525,22,3,True
2024-05-12 16:15:00,61708.31,81.92954881656796,97.01124532498126,14.23795271657911,5.287017274133635,0.2301912706038175,82.72768863762583,84.49241713975907,0.7569082234788049,0.9791548017819441,16,6,True
2024-05-13 07:45:00,62334.37,83.17656752849028,0.00160425139486246,154.18620578021412,3.5057351923201407,0.36966764884284337,139.36955207721402,232.64544834329098,1.8322341951703929,1.6887342340982672,7,0,True
2024-05-15 12:30:00,63666.04,80.36337323847786,27.22487530243781,192.2469184513438,8.373103296606104,0.5672142591919629,193.4163758045408,184.2509087133952,1.9138423421734627,2.5194619387308648,12,2,True
2024-05-15 13:30:00,64356.6,83.86883293074352,67.1213208901653,110.17984169455842,2.734014657876878,0.6086999180015285,270.49567654081153,273.5714375794078,2.394728906730948,3.3058216059995718,13,2,True
2024-05-15 14:45:00,64500.0,85.78187425527449,20.59844961240319,100.7751937984496,0.6819490515686137,0.6517851605758586,22.282096941106502,293.3804945706013,1.8185720437788493,3.1257896917302417,14,2,True
2024-05-16 08:45:00,66297.12,82.46010836605848,44.816426414902395,14.012675060396099,0.9612063140485975,0.23981972584717517,20.634637533515342,51.6126489045083,0.4620584122842713,0.4173304406756004,8,3,True
2024-05-20 04:30:00,67055.01,80.42045115346883,115.631926682286,35.93765775294202,3.1352341188076367,0.25433702013572773,71.34424752177753,68.69626206745568,0.7789344028879034,0.8974650245094739,4,0,True
2024-05-20 10:15:00,67139.98,80.16147158959402,52.25202628895517,23.833787260586625,2.6053789555094564,0.2525874193843147,31.275656220282002,47.11400529800559,0.35336381989916993,0.6764825856564228,10,0,True
2024-05-20 17:00:00,68399.8,83.65101724230134,43.85392939745532,231.02406732183383,1.4295997728901566,0.46605295002951325,145.32930070146816,234.89297697247213,1.6681238768770246,1.9413022113616174,17,0,True
2024-05-20 17:30:00,68280.01,88.47797580178366,13.768304954846194,313.59544323441236,0.877220583336686,0.46597407185081496,66.04699846679955,177.59209951858978,1.2733257423340587,1.691782249557217,17,0,True
2024-05-21 00:30:00,71400.01,86.52363568865235,97.20026649856139,14.004199719300495,0.7854477938178529,0.6194366879540453,-4.47978434318172,244.99010727249188,1.830213132674214,3.9364244097319525,0,1,True
2024-05-21 23:00:00,70181.99,80.19885807047608,24.829731958300027,27.89604569491387,0.7554160820299034,0.27421768543671976,65.14335180135006,66.43544260150274,0.656990545589102,-0.019914818641989622,23,1,True
2024-05-24 19:45:00,69115.98,80.94780067330103,54.06853812967668,14.181959078060396,0.6326211826210375,0.3212023367926532,17.387961999541883,81.68506963214588,0.7241580272376007,1.8745716656187763,19,4,True
2024-05-25 10:00:00,69109.98,81.16311211078369,13.228190776498309,72.35134491429518,1.1198424631176087,0.14160245534932792,33.87067526038106,56.32328433123574,0.40431963886394795,0.5094722053387064,10,5,True
2024-05-25 11:00:00,69498.03,86.23004150618927,88.57805034185945,16.111248045448363,2.179613532059897,0.1805374914943649,58.29053132001579,89.02693585243803,0.8053326981401768,1.0183205711018437,11,5,True
2024-05-26 08:00:00,69467.02,80.3648764295526,70.89263365551035,13.70578441395526,2.248267652397325,0.13472477402123292,52.29530502796942,59.426580847258805,0.5300601356038984,0.49691061964134386,8,6,True
2024-05-27 02:45:00,69111.35,80.34951389545506,107.75219989191389,14.563454483235267,0.9045902506975985,0.2283385538596164,-3.8546096213361944,79.50857412377783,0.4982308599797513,0.4300501928861759,2,0,True
2024-05-27 14:45:00,69500.0,86.54332576186482,0.0014388489201095412,170.87194244604285,2.48216908547595,0.2804552929085275,86.85581093603803,146.57790235926186,1.141666760531966,1.1495996932550312,14,0,True
2024-05-28 22:00:00,68572.53,85.44162963443432,44.69574040800379,12.942500444419943,1.0027843285038545,0.30150453208345246,36.10199710621985,29.56543029811581,0.558637835465512,0.5310096257478015,22,1,True
2024-05-31 19:30:00,67854.26,83.78422735299804,52.208954898335755,21.331011494341734,1.5797982127405659,0.3076835980105393,81.5327127797869,85.87542875285325,0.7808136428069063,-0.034643150869337454,19,4,True
2024-06-03 06:30:00,69166.22,85.58641526505352,52.36949481987033,24.112926801551225,3.027836631152129,0.2671442380812057,83.12582612312384,122.74554634127742,0.8755482910107443,1.537293754551148,6,0,True
2024-06-04 13:45:00,69527.99,80.45935261521831,29.944774759059136,198.4754629035,3.325580066003854,0.2782466251566977,66.04868153101113,86.9902934030947,0.774215618617148,0.6878775270991161,13,1,True
2024-06-04 15:45:00,70445.0,80.69549887937103,12.009369011286225,87.79189438569055,2.0341889448196335,0.4831601147805271,130.57942254906268,146.2225575250276,1.4585452618999721,1.852306033513738,15,1,True
2024-06-07 12:00:00,71880.0,87.08598031133353,173.45436839176318,16.279910962716205,4.517977606309666,0.17039609666905264,70.41726664665967,95.20928388478534,0.8143422960247652,1.0652027723551618,12,4,True
2024-06-09 12:45:00,69712.95,86.36082856319138,66.40660020842645,9.18767603436706,3.870100088583576,0.07363665676791371,46.686074161610215,52.743305100032856,0.48136044419328783,0.5607956461600023,12,6,True
2024-06-12 12:30:00,69417.99,86.57568398530005,55.11107423306364,83.69732399339058,9.385977652142117,0.3681713383766109,235.62223532881234,222.41990917362978,2.4234749480190128,2.8215101540069907,12,2,True
2024-06-12 14:45:00,69960.57,81.3110879022184,95.92117388409027,5.493094181478655,0.732561438709096,0.5108254958063233,68.14507163565068,286.8063520070588,1.8424660116640519,2.9865657592614463,14,2,True
2024-06-17 18:15:00,67013.99,80.69655427936294,126.8362024108713,42.50157317897239,1.4399314860340497,0.5143382321043299,145.2296794110595,251.80363480602207,1.7842610165979211,1.656704478039344,18,0,True
2024-06-17 18:45:00,67101.48,80.31359196563663,139.7092880812765,1.8658306791450912,1.2237237378567638,0.5477694807497981,95.00073792677347,193.2311450270356,1.6622571445836565,1.7479431932564113,18,0,True
2024-06-20 07:30:00,65852.0,87.11742059672828,44.42537812063459,11.462066452043358,1.4730814675153754,0.24002959016322253,47.35463551943937,81.44364950342138,0.7282392273349387,1.0884204288958337,7,3,True
2024-06-24 23:45:00,60293.3,85.39063715070785,6.010618095212111,61.53254175837116,0.47935108683299715,0.4366251545125485,27.154489554469816,81.44303385166322,0.7040067453460677,-0.31294829437432,23,0,True
2024-06-25 03:15:00,61350.01,87.4823532750191,68.15157813340218,40.56397056822005,2.478422141718659,0.36414011994455886,146.53177211836152,155.75465356135877,1.480412894041273,1.7744987294878494,3,1,True
2024-06-29 00:15:00,60657.95,86.52070783775044,16.147924550697326,57.92150905198804,2.5595423298794673,0.1490123836081786,40.511007443570364,48.36165252598193,0.5133021282505273,-0.20714478935220862,0,5,True
2024-06-29 01:30:00,60991.57,83.87895116067816,47.22619863695932,2.905319538421648,1.2793075780104022,0.19869256404731703,55.0002101950367,95.73402903106798,0.8247688555793133,0.4621121731497265,1,5,True
2024-06-29 07:15:00,61116.0,81.49129986122492,36.9739511748153,5.013417108449411,4.601447279619399,0.11527142763643598,55.61222810885518,56.34852662054415,0.5293111015778372,0.8235986055949145,7,5,True
2024-06-30 07:00:00,61727.58,84.08955349267025,54.75996305055278,8.816156408528935,6.813049995938009,0.17860388685714992,154.35621358114898,150.56076934828212,1.3702983596089247,1.2476505745021582,7,6,True
2024-07-01 01:00:00,63644.0,83.95818482339395,55.852869084281494,27.39142731443683,3.314476438404616,0.3997133609273012,138.91382480822233,125.68649160172882,1.746826784428503,2.550122024719555,1,0,True
2024-07-01 17:30:00,63604.0,81.3825593692909,83.7431608074963,40.525753097289794,1.5182409926619203,0.3324072160780555,66.56493111642291,90.94607141021272,0.9552704376369076,0.9067823861408028,17,0,True
2024-07-03 23:15:00,60353.6,82.94809407948091,316.402004188648,23.957145886907128,0.21581734895028565,0.28248995443993025,19.519881957672794,124.86986082363654,0.48225609183333373,0.20411131988479922,23,2,True
2024-07-04 00:15:00,60365.72,83.5244899044514,425.0276481420248,21.9445738409152,0.8346299124749839,0.24847474929243232,4.594119791839498,19.607423301082196,0.4796851109259099,0.22666313699461843,0,3,True
2024-07-06 17:30:00,57952.5,82.64305615087855,38.048401708295586,13.661188041930592,0.2989418532049424,0.4157222355747002,33.3275623268698,172.1020852348522,1.241920987731932,1.9328333151673716,17,5,True
2024-07-08 08:45:00,57792.0,85.2437495564964,187.92566445182683,76.95355758582558,3.937977247826108,0.6343191346305969,379.81740487322674,376.47395952471305,3.5261925458920285,3.558852134416182,8,0,True
2024-07-08 19:45:00,56477.31,81.31303052074169,49.101134597238726,87.58030437356254,0.7286898468032581,0.5096914141271948,31.493783303729604,87.85857320377772,0.5860646223225457,-0.32555457360805196,19,0,True
2024-07-10 04:15:00,59260.02,92.3813255977329,74.17817273770655,35.43367012026037,3.6090235050096333,0.48325160875747175,241.26412342602754,252.79551216294936,2.2731838352783083,2.42986830997629,4,2,True
2024-07-11 07:15:00,58195.98,80.14323291669051,26.503548870558625,31.91285721109841,1.3015210717459829,0.28735416334353453,45.85507352451353,71.99551263335374,0.674434697138581,0.8884808243880958,7,3,True
2024-07-12 23:45:00,57889.1,83.65129396151276,21.888403861866763,13.923173792648106,0.405752925888484,0.20300515493047422,29.364370272078755,52.73207949787241,0.33337838786296325,0.1503059922276416,23,4,True
2024-07-14 05:45:00,60265.38,87.10989440750858,79.43034624522322,22.337866284092563,1.0947745338161796,0.37209588656040915,70.74122627817637,131.8553510031509,0.9771016576057813,1.793399378908956,5,6,True
2024-07-14 21:15:00,60750.0,80.04245427690539,20.541563786008375,110.40164609053537,7.458364633724449,0.2618777189888297,137.3016155104215,121.60757452793729,1.16887436579398,1.2945338041385412,21,6,True
2024-07-15 03:15:00,62420.57,83.9190454689877,1.3729448481485684,87.72428704191611,0.8143787158170894,0.5552908508937271,144.07642212818533,197.44171035772595,1.6295867238520303,2.8986970852527087,3,0,True
2024-07-15 05:00:00,62717.99,86.14414943667518,10.813484296929749,58.35805643643906,0.48742685868272,0.4960629546414257,11.19271892244626,73.31818218321081,1.1397942855152599,2.774136542097143,5,0,True
2024-07-15 14:45:00,63218.06,82.42033064536065,57.904339361251786,80.98002374637917,2.036032648206019,0.35340827786056156,53.37740713181861,80.69427211789187,0.7910225573388219,0.7856876029015512,14,0,True
2024-07-15 23:15:00,64514.0,81.75635398038254,12.059397960133134,68.43320829587346,0.9766132376501309,0.48504311356560476,58.99372018428452,122.80296544746565,1.1293730980536687,1.9186285297018875,23,0,True
2024-07-16 00:45:00,64611.44,80.37219453210247,22.319576842738552,39.085957533217154,0.4927793618493759,0.5167704931864352,-15.848193590258317,66.13338069498633,0.7337363835045067,1.6605907054515632,0,1,True
2024-07-16 11:45:00,63746.11,88.10325911584363,107.03084470566107,81.45124463280993,0.4970841015427253,0.42022396122905115,37.17524213899487,122.28626778455295,0.8803251485041176,-0.2786629783674996,11,1,True
2024-07-17 01:15:00,65918.91,80.93361122496145,82.46192177631603,16.852523805383992,2.2654785150160763,0.44783919255599575,101.35077152794142,201.49366450768704,1.4734708832669883,2.004896371694848,1,2,True
2024-07-18 03:30:00,64891.65,85.79033548965018,75.40261343331584,11.175551862219066,1.026901531001566,0.37321662890591945,38.94032079856496,74.77876106194714,0.664361688760365,0.6725237627656717,3,3,True
2024-07-19 14:00:00,65546.7,81.18746971467661,42.519303031273445,146.96392038043152,3.23506289861912,0.4356109024993943,175.8468655882257,249.67783429588127,2.0876408348881217,2.267281324335319,14,4,True
2024-07-19 16:30:00,66408.0,82.94490328687246,30.97367787013648,89.14588603782676,0.7843363472695009,0.6262261861737819,165.8673746809767,131.40249623550886,1.9168925661005531,3.026459015417424,16,4,True
2024-07-20 19:00:00,67490.01,80.36970091693365,103.58718275489967,0.0,0.4501360296413963,0.32300336005284425,12.907435439455895,105.3371564612601,0.7139700171914201,1.129780866976545,19,5,True
2024-07-22 19:45:00,68232.07,85.89882153033403,106.91160329739526,3.5071484713849386,3.1041573095501227,0.32869126957874295,122.50034640658586,139.39725095889105,1.3486311502404247,1.3388224168826008,19,0,True
2024-07-24 08:45:00,66437.01,89.97125356791109,20.47202304859818,24.533012548277725,1.6469756344906394,0.21583064706167288,64.07883176295857,82.8625812743513,0.7089874052922933,0.7934534345526625,8,2,True
2024-07-26 02:15:00,66856.23,83.99582704679327,23.17809424790956,93.30020553058469,2.784030478052818,0.341396755395872,65.67750677506714,160.52899736245982,1.2078420154896756,2.3567555769779553,2,4,True
2024-07-27 07:15:00,68263.99,82.79356500443369,54.457701637422595,2.3365173937235557,2.1264734008752524,0.12812758234611757,51.01630654838668,58.642021241562674,0.4810088892969991,0.5747767416133153,7,5,True
2024-07-27 13:45:00,69226.01,83.60203405383285,92.78593407304457,25.13217214165752,2.880985267731958,0.25223694306312355,121.05763326412976,167.1381153800956,1.2611513907312224,1.6463081589297572,13,5,True
2024-07-28 12:30:00,68070.0,80.05783011356488,63.94887615689774,4.407227853680036,1.6209541456767012,0.2269501983252497,40.71156739534472,73.1550491930164,0.6863728057393179,0.5308477732276949,12,6,True
2024-07-28 19:15:00,68262.01,83.57439028371846,67.44454199341618,0.0,0.9978304346176708,0.18820445348319048,36.46307576924225,85.99289509561244,0.5453600327067628,0.7503751409308764,19,6,True
2024-07-29 02:30:00,69462.01,81.30758763688193,28.64011565458411,48.65825218705955,4.580983191125261,0.40610687770192605,109.67206808709227,125.65448231647609,1.4146599890856153,1.9193930022115284,2,0,True
2024-07-29 05:15:00,69544.8,82.54889795918359,14.206669657544909,49.34948407357517,1.2668453203509484,0.29732016525421423,34.166330005194624,-2.0414324530250707,0.5761608244408234,1.483932698574962,5,0,True
2024-08-01 21:00:00,64720.0,84.54484847439909,8.799443757725138,145.2070457354757,1.2805210910692006,0.5800845399964681,204.65923423114435,301.04452464149244,2.262211718961896,1.2686264447064044,21,3,True
2024-08-01 21:30:00,65083.24,81.16116151178686,34.30222588795518,88.58501820130664,0.4797636481206081,0.49112600154158637,238.04471260731677,288.1763155145017,2.492213152781334,1.813670178845463,21,3,True
2024-08-03 12:30:00,62108.02,85.03151943797192,42.43091310912807,10.464027029038318,1.7354913350704777,0.2170009605844783,37.49919799262991,54.409835407414654,0.5299014083594092,0.7424502732161945,12,5,True
2024-08-05 09:45:00,52667.8,81.45987822502316,499.8746862409296,0.0,0.5991588692064721,1.411363842260899,44.64494311007247,-17.095040959671714,0.6335218378370915,-3.466710753326517,9,0,True
2024-08-05 16:15:00,55461.76,86.63431728296247,443.86618816279935,0.0018030441144964223,0.7355324941243925,2.109019413942664,183.96100911661412,675.7829493176266,5.758055443760335,5.829896597740547,16,0,True
2024-08-08 17:00:00,59562.36,82.74737374639187,46.06264761839534,49.05279105797659,0.47175784320055686,0.8154059039970877,22.60381170299634,216.62468513853963,1.7622721296045978,3.155027730630549,17,3,True
2024-08-10 07:30:00,60715.0,84.55705087124957,18.618133904307154,66.15333937247821,1.1985131586663182,0.1948294725944383,52.55342141963007,49.175831860397736,0.4483596868893237,0.2721278034536236,7,5,True
2024-08-10 09:15:00,60872.0,81.40900909665788,37.127086345117625,40.19089236430567,0.9612747485524059,0.21959779772074342,15.619377505365147,68.47729001951768,0.4797706013427548,0.49964563110399074,9,5,True
2024-08-13 16:30:00,60632.0,84.59368613077052,8.576329331046312,156.03971500197892,2.3823039482490915,0.559409929692947,191.96332291757858,179.98485896829064,2.120531179356803,2.4417748555852516,16,1,True
2024-08-15 16:15:00,59825.74,80.77818862850575,384.6471435204981,3.9514764046377726,0.8776973081624165,0.550866566798838,80.74607213832466,62.97587236889892,0.9669407946380533,1.9482631906546426,16,3,True
2024-08-16 18:45:00,59467.0,93.32568011319646,79.53318647316983,58.983974305077105,0.8390566345144198,0.5906264939258039,117.98846896069203,155.75100333020237,1.5546232145787626,1.7423351367232227,18,4,True
2024-08-18 00:45:00,59678.93,83.66616608620576,47.89462545658941,97.20013411768637,1.7865140725162483,0.17381583177082502,48.98801104600261,67.20248040883517,0.47124265096206613,0.4409037538347039,0,6,True
2024-08-20 00:45:00,60482.78,80.31665627159786,24.1076881717404,70.72591570691758,1.4799619082370918,0.4707975205032363,188.45072254155141,236.54678655242242,1.9122401884932412,2.5990378376069896,0,1,True
2024-08-20 01:15:00,60560.0,89.42552411887628,36.82793923381751,12.610634081902678,0.8611040082897654,0.4940271749386665,193.91327767304068,222.64985398625953,1.78475432116703,2.5825089023611527,1,1,True
2024-08-20 05:45:00,61119.99,81.28734747167013,67.42638537735372,3.9316105909046835,0.5552526515974914,0.3048920655909795,45.03172682373974,93.69700374698847,0.7039897100013883,2.1826023531714216,5,1,True
2024-08-21 18:45:00,60771.28,80.12643880322841,30.05367008889716,172.72139076221555,1.0964631834685472,0.4111928247309292,141.27058082207103,197.108626031896,1.5670774704072996,1.9589278158544978,18,2,True
2024-08-23 18:15:00,63124.69,92.10249557186259,19.751384125609217,110.01558977953019,1.2559301018110174,0.5931016396731169,230.42349218213513,258.66424628715777,2.1587781131919765,2.9064044595018,18,4,True
2024-08-28 11:15:00,59990.0,80.52415526880193,113.32555425904259,28.338056342723785,0.5894589341882815,0.4740099540399596,0.8335417187630241,129.34116732087824,1.0024165741547832,1.048595713229846,11,2,True
2024-08-29 05:15:00,59340.0,80.62574995074874,13.27098078867543,71.45264577013819,1.7300631184375508,0.19733135923732467,38.7423726112525,34.32707103843617,0.3432978590859542,0.37944886445386616,5,3,True
2024-08-29 06:15:00,59490.22,82.59569598759704,19.535984234047405,46.02100983993652,1.5431475741970575,0.20007130103545773,49.025346119146846,59.03170553134836,0.4854430592702818,0.5587356703782304,6,3,True
2024-08-29 07:30:00,59628.7,81.55883105958122,42.7143305153386,31.0035268251702,0.9711577018662229,0.24500306539827701,23.27777574196161,72.4172419623718,0.5011066107480845,0.7124952121252556,7,3,True
2024-08-30 18:45:00,59370.99,80.64663220393469,113.01647488108215,0.0016843242806019014,0.5857009670616631,0.5518820844032694,146.36706472734193,220.16628795703332,1.2486381991064948,0.36580519891071417,18,4,True
2024-08-31 13:00:00,59200.01,80.88327311628392,52.0033695940255,4.390201961114189,0.6880143372118702,0.1243617067921835,13.365811364120269,29.65014824227057,0.23056666568780476,0.07290681922806672,13,5,True
2024-09-02 21:00:00,59225.63,82.27945809703827,59.19734412280605,33.77929453853086,2.707100136726778,0.3039067955642093,134.43534127914796,130.9647398281313,1.170076500419317,1.3317760634309805,21,0,True
2024-09-04 16:15:00,58281.1,83.84462688790744,108.97186223321087,40.81940800705571,0.7385978791904133,0.6172804856855081,141.48743648639217,317.06496725084065,2.2073647100922646,2.682204476679191,16,2,True
2024-09-04 22:00:00,58371.0,81.53115916908891,82.43648387041551,3.0837230816672663,1.082656840227393,0.3070935420475435,55.641872994439936,68.12990407584067,0.7079985720309553,1.678534208131632,22,2,True
2024-09-06 10:45:00,56178.01,85.46528528738041,93.37995418492108,147.7428623762212,0.4027858815284961,0.3115987910572122,56.749789656469105,62.692544477225674,0.35078916285621903,-0.14802468822143497,10,4,True
2024-09-06 12:45:00,56873.99,80.25515317316298,539.0847380322707,23.562616232833683,3.2599900312940426,0.48298126135640235,167.3263255747431,132.00612830242423,1.5547980896288043,1.0957401499795776,12,4,True
2024-09-07 00:15:00,53940.01,85.93700894992128,36.05301519224805,24.09899441991167,0.2474306228143754,0.3935906892543346,43.57428286863422,32.257962522065725,0.5702006765740639,-0.6577157848642657,0,5,True
2024-09-07 05:00:00,54290.0,81.5629417333461,48.2188248296185,21.25069073494246,3.388685984281107,0.19666999973686353,87.53243051559322,73.29252681928358,0.7153984123253693,0.9329885531356744,5,5,True
2024-09-09 09:00:00,55342.49,81.35420681748525,43.81624317951685,20.783307726125816,2.3522640505929244,0.2910654311774847,67.02803743077791,84.11493551668056,0.7426101980410579,0.7991045916068317,9,0,True
2024-09-09 17:45:00,56514.0,80.26525175618289,44.236826273135854,117.3160632763563,0.47237018586625823,0.5800105157255603,42.528903323644855,228.91343179738,1.463419608629006,2.108821617511125,17,0,True
2024-09-09 21:00:00,57504.13,80.64239468594967,78.27437785772963,101.53531581123002,1.4339543283218716,0.43964295632828015,72.62100903247715,170.88153100569482,1.4640904849292808,2.9715420457458834,21,0,True
2024-09-10 08:00:00,57306.0,84.8021678296906,74.57334310543374,9.423097057899696,2.0688486831789206,0.2620667992880323,84.470151773863,65.85329738109766,0.827127828523936,0.6204548788336517,8,1,True
2024-09-11 17:15:00,57702.9,84.49227179115908,65.42478800892226,48.31819544598238,0.7436925310260766,0.6596647903064046,143.7474323281682,308.87554936220414,1.9475256697417078,2.0112506779208497,17,2,True
2024-09-13 15:45:00,59667.38,86.55872793937185,59.55850583685682,50.91391644814988,2.21837595966737,0.5294577563629776,233.49058990337005,334.6104796200741,2.431837219788247,2.7102187490807816,15,4,True
2024-09-13 16:45:00,59452.31,82.92964554242772,1.391030895182508,88.75853604342747,0.5138092919277644,0.571442412053821,14.538624802074871,236.6070951996738,1.56835087100318,2.112706585301551,16,4,True
2024-09-16 08:15:00,59080.0,80.29243854130269,97.1563981042654,6.0934326337169935,1.6261509337557658,0.2507640971080379,47.96252388899723,69.88239304584967,0.7079798255392696,0.307666431751812,8,0,True
2024-09-17 05:30:00,58420.0,84.14936290703176,0.0017117425542686182,73.26258130777131,0.9077095689852847,0.19889959407247768,33.439072018520655,58.190124930228535,0.6108449156502381,0.7315007090363186,5,1,True
2024-09-17 10:45:00,59236.0,82.84187706238949,34.32709838611596,35.41089877777062,0.9671526619944705,0.2602616169703735,71.70024976918829,96.5354647711265,0.7975086427916497,1.4815049100714928,10,1,True
2024-09-17 12:45:00,59381.1,81.29393158387998,85.7309817433496,326.5180335157149,1.1712343927044129,0.27529682965503277,49.603980503655315,47.94088711961764,0.6252153476130963,1.4451840766497763,12,1,True
2024-09-17 15:00:00,61046.01,81.20563419788549,58.91457934761034,44.88254023481599,3.550460186271786,0.5903065104968716,352.74734592816236,292.6993268084089,2.712408189737521,3.692071742114926,15,1,True
2024-09-18 23:30:00,61287.76,87.80955565152368,22.477571378037315,212.4013016628434,1.1153765449390611,0.3905918571669114,114.82870920727379,152.02589101404354,1.392861936405105,2.052223501665416,23,2,True
2024-09-20 03:45:00,63742.16,82.3658506848018,20.92021983566384,61.36597818461066,2.4852304117863158,0.3156466614874688,126.80156113321118,144.21193968615844,1.1517475447114158,0.9156350764781381,3,4,True
2024-09-23 03:30:00,64500.0,84.6124580309502,139.43875968992208,0.0,1.859644816289913,0.5263754152823911,119.0740466773272,117.80418237083178,1.1641015907474712,1.9290372128913504,3,0,True
2024-09-24 08:00:00,63614.66,86.96538187455519,20.539290786118087,52.3998713504083,1.9504086436281198,0.17935443541742427,48.84731057035758,76.30407776100415,0.5837923045137288,0.6251570798495834,8,1,True
2024-09-24 17:45:00,63775.86,81.62346700644729,36.90738157039315,128.68035021401485,1.4748589520744846,0.35609420689449406,78.51893993267917,103.67314064028326,0.7194580909814777,0.5456930192373338,17,1,True
2024-09-24 19:45:00,64292.34,81.09660826751592,50.65611237668329,47.313567992703696,3.5420890377067393,0.3516526452229217,76.33537537959204,116.81195908733226,1.1966632602508251,1.2267772827504808,19,1,True
2024-09-26 12:15:00,64522.56,81.75866756245797,57.74104437269658,104.99273432424293,1.3729759278002225,0.27585700257398427,21.83218912118258,113.5709583372516,0.7195527092882688,1.359587520674171,12,3,True
2024-10-02 02:45:00,61782.89,82.88498351114265,65.22355946767806,16.203515245078467,1.117042953955109,0.3398005037131995,65.31559674608003,132.99383323492742,1.0648833600502787,0.35432646231594306,2,2,True
2024-10-02 03:15:00,61712.01,86.02927729141342,58.66119090919288,27.707734685679164,0.637938624147107,0.31410417518405354,28.2768370762784,109.0566399972742,0.8040688038621856,0.3013659632408357,3,2,True
2024-10-03 19:45:00,61036.0,84.13451156919098,72.02306835310284,10.485615046857593,1.0832620028082065,0.40906888674599473,62.64671876702704,65.63375018408387,0.8380290150210828,0.7818665662286898,19,3,True
2024-10-06 14:15:00,62398.0,80.5819370657947,4.1668002179557035,84.91778582646923,0.8982348002435696,0.13631503756988606,15.78339018489211,47.67646475342497,0.4050572816338892,0.5886650247921085,14,6,True
2024-10-07 00:45:00,63677.98,81.4291136330833,12.682563108943159,45.888704384152746,3.982172481548028,0.3666506291275485,121.70432145950538,184.6555172499288,1.5195874252109351,1.6675267807913297,0,0,True
2024-10-11 14:00:00,61922.0,83.28816216821588,46.443913310293034,85.26856367688383,2.4839720585939467,0.31363420339874487,88.4667394385702,122.78217774357847,1.139543030468006,1.6959668981122389,14,4,True
2024-10-11 15:00:00,62217.41,81.097850893876,38.79942929157634,99.33071788105526,1.913875108349637,0.3739835154546877,87.78293015111284,166.2318360093385,1.3210662536833677,1.993970708702338,15,4,True
2024-10-12 11:15:00,63142.85,80.43633414436397,50.49186091536884,3.6662900074991,3.400977645634519,0.13634730049177582,29.362436761402417,66.52309950740938,0.5020490613609514,0.6632406977964374,11,5,True
2024-10-13 22:00:00,63000.0,80.99371798778976,71.82539682539682,7.934920634920311,2.149572705361685,0.2155351473922907,37.77549511327574,53.22464361318653,0.5696689078085418,0.6358328463863553,22,6,True
2024-10-14 03:30:00,64017.89,80.26202434196045,37.37548988259326,75.30863638273622,9.699743782150872,0.3655607607721615,236.30952409505488,214.000087113837,1.969459602189703,2.156563908010225,3,0,True
2024-10-14 14:30:00,66159.99,80.46863342526957,83.27540557367249,21.15175652233136,2.56987543140638,0.42369046825516726,220.6034791458568,189.13821685126135,1.7126289261766767,2.705757191649631,14,0,True
2024-10-15 13:45:00,67658.0,81.62402087041812,422.41715687723524,43.15823701557835,7.048925471831566,0.48133258446894733,269.4793465953065,323.28586200535426,2.8224510537709335,2.987851747360184,13,1,True
2024-10-16 10:30:00,67564.0,83.14449939381329,0.001480078147350854,127.28672073885502,1.4747852020830663,0.2816652147804827,44.38236206219263,79.24178036967457,0.5481005481005524,0.6595026949181735,10,2,True
2024-10-19 21:15:00,68344.72,80.10922756644091,20.70971978523113,10.130994757167084,3.225105161315819,0.06705502843316903,19.636192402432922,24.161047838228768,0.24274184830260032,0.19058145920227676,21,5,True
2024-10-20 22:45:00,69137.28,82.98498644243024,30.947124330027425,55.28710414988921,2.4712774409313654,0.24277681406367982,61.893119105832874,71.86501596571377,0.6080595115573157,0.817249131661604,22,6,True
2024-10-24 12:15:00,67332.0,80.08514485928382,7.722925206439732,98.91284975940117,0.5713160451524787,0.21881444611350404,49.771233820917054,68.18589628566302,0.38198511905501653,0.208039581538652,12,3,True
2024-10-24 12:45:00,67517.75,81.57995609297019,10.034398361912238,71.12944373886867,1.5021297545785275,0.2109783829331672,39.493161185182316,75.16935637786864,0.6157937979278886,0.4344488025535805,12,3,True
2024-10-26 05:30:00,67202.02,83.12173188674996,30.71485053574334,5.654591930421139,0.8218000539397282,0.21230866912291588,36.65809046072657,60.78658314668273,0.5047151708331767,0.46189736191819414,5,5,True
2024-10-27 13:00:00,67606.07,80.9846519252866,3.394665597336399,35.193585428052984,3.0543346345821676,0.13263601922135146,71.21167249930333,77.82182371030179,0.5962366071150369,0.6538086837106948,13,6,True
2024-10-27 22:15:00,68300.4,80.95421251546796,67.42273837342096,4.633940650422067,1.5670983163402137,0.22760795377061563,77.14503612037726,66.38172439204041,0.6796811565400611,0.9733487004704002,22,6,True
2024-10-28 07:15:00,68608.35,81.81706524095033,53.86224854554994,8.332804971989306,4.235750390617178,0.21726114345307065,111.17251746396761,127.54728110664564,1.077355685898226,1.0274561208990955,7,0,True
2024-10-29 02:15:00,71372.0,81.86813931733201,68.23123914139943,19.055091632572996,3.8828694462853686,0.4030352038814745,212.8512044874042,201.50735661437702,1.9113387916032583,2.7131781272336037,2,1,True
2024-10-29 15:45:00,72402.01,80.24888999414564,7.086819827239283,82.59301088464329,2.1906952188951165,0.43729646258636945,81.43877631440007,164.7457374886884,1.1647505153338173,1.554697538811675,15,1,True
2024-11-01 11:15:00,70187.99,80.05456756845592,41.45581031740632,147.0351266648318,1.0545912311941374,0.2696981553193293,77.60364693635884,117.02733362065601,0.9105732753085546,0.7114911727358453,11,4,True
2024-11-01 14:00:00,71352.01,82.42028812344243,323.4681125310969,39.37380320470332,2.085328447190444,0.44579382857309324,141.73006076196282,167.87131528362423,1.7127741964969005,2.3474348834905228,14,4,True
2024-11-03 22:00:00,69202.34,84.27550184568616,138.97362430229902,2.8409443958113982,0.6464640801154536,0.35471447105071324,33.67692681767461,81.92599067599016,0.822843201136212,1.1826335134711288,22,6,True
2024-11-05 01:00:00,67978.01,83.55529619363185,73.75620439609663,25.28611826089046,0.7470737375045069,0.39379226143446716,18.86514091891807,31.24267242606924,0.41686405394319415,-0.03877985392177085,1,1,True
2024-11-05 14:45:00,69964.0,82.25039529513441,106.84066091132583,87.74655537133432,4.755873022027416,0.3738157174710268,171.254300111317,182.7729441318508,1.482066206140509,1.8256392267361699,14,1,True
2024-11-06 02:15:00,72396.7,81.30626907284186,2.3067349754888125,359.5882132749149,3.3095524757243306,0.7181828927088033,151.25213831010362,436.0101429957129,3.0644537245276453,3.463872534587557,2,2,True
2024-11-06 19:45:00,75823.55,84.96571313012421,41.73505461034165,76.0251927006843,1.8355155079113934,0.4036260125364368,111.15482064275275,174.535706224909,1.4659347954654682,2.1750464217770675,19,2,True
2024-11-06 20:45:00,76101.99,80.66212306557108,76.48288829240902,8.953773744944042,2.0584291193673714,0.4696498174921025,83.47334110663627,153.89215460891376,1.409122868604386,2.2723568184867813,20,2,True
2024-11-09 23:15:00,76817.24,80.9177573113586,42.33945400798118,36.80944537970835,3.3375798104419157,0.19258604671852864,56.288174718117446,68.58206412037713,0.5453459016041092,0.6399471134190642,23,5,True
2024-11-10 04:45:00,79122.02,81.91286557864908,64.45993163470852,84.29259010323577,6.265441477152732,0.4593980285134284,229.4085401486275,237.82671704363182,2.521721170324488,3.187984421766537,4,6,True
2024-11-10 18:00:00,80712.01,87.0701428722729,195.97331301747917,44.35275493696793,1.9113321961949292,0.3624296876193377,117.33104158281076,127.48442487898704,1.1341503389181544,1.5438354865265274,18,6,True
2024-11-11 10:00:00,82129.98,81.34606012895492,50.01462316196711,41.54633910783871,3.192636105424689,0.3132004032771346,109.6079704055399,139.62888430721316,1.2122901252419989,1.395098875529437,10,0,True
2024-11-11 16:30:00,84213.79,80.34365314696022,45.35480471784931,289.2887257538233,0.959961765305292,0.7088981507660457,55.97826735924456,301.6242462971892,1.8425100348481882,2.8466477965422654,16,0,True
2024-11-11 17:00:00,84655.27,84.3718789960517,52.74332005556181,235.6297487445254,0.743782761068033,0.7254261058660971,70.8700047609124,331.12331432557625,2.096179045650702,3.2265292185090964,17,0,True
2024-11-11 17:30:00,84848.25,81.84976822933778,75.36749432074272,274.156508826051,0.8322154394061425,0.758584548633254,59.10393764246416,229.62824269928808,2.0339384986619877,3.300096727408807,17,0,True
2024-11-11 20:00:00,87146.04,80.24752996127576,88.785445672574,141.3672956338586,1.127616766708622,0.7434679271058756,153.09559990395053,270.8117138538501,2.5753835471107034,4.891522288450075,20,0,True
2024-11-11 21:15:00,88242.62,85.25045968793525,211.95086909250858,145.95214874626322,1.8829742155454203,0.83459104002125,125.83245320154558,280.85449259652376,2.930085473875915,5.441663565008516,21,0,True
2024-11-12 06:45:00,89545.46,83.4382993737319,154.2747114147391,44.06030188465094,1.7870036706373142,0.5290592861196672,124.20559680441171,100.74751577257364,1.3854127446940165,1.9153762116477524,6,1,True
2024-11-12 19:30:00,89020.0,80.25266240928364,158.16670411143562,96.26376095259518,1.2288835194558576,0.7408359277208972,74.69329168251625,181.56747415806834,1.6712262058122433,1.7293751508427775,19,1,True
2024-11-13 14:00:00,89393.59,82.94803305434641,6.791314679273073,433.1462692123678,2.6455534118549786,0.5644092761972243,201.60804391707643,194.73802035239163,1.7584622269521677,2.1813578435111327,14,2,True
2024-11-15 11:30:00,89432.9,83.24990205893893,21.39369292508542,142.77072531473442,0.873310616883718,0.4208678078361409,8.276732020320726,70.69640610649665,0.9089288874689729,1.4110271689078167,11,4,True
2024-11-16 18:45:00,91303.04,85.2438185786476,69.26823028017334,3.1718549568564645,0.4318166037214116,0.29189530350170817,42.30054515887551,68.70976372072398,0.5384275688023256,0.3011714292409241,18,5,True
2024-11-18 01:15:00,90572.65,80.4640950613454,30.102906340931195,40.055138057681674,0.9704464624822908,0.3782598830883282,86.20294133892531,113.52114877841731,0.9781938691484825,0.5797975277420603,1,0,True
2024-11-18 06:45:00,92061.84,82.91000143414735,70.17565584176928,25.869567673207868,5.472533584270743,0.28450907098346706,155.0741263678076,167.18758748813653,1.5137312357931045,2.0879855940430225,6,0,True
2024-11-19 18:45:00,93646.15,83.26743739886223,197.141046375104,27.695746167888437,1.2762862273764348,0.5232340800220535,95.96574928136725,118.43758849945013,1.2190446344132082,1.7097507043980245,18,1,True
2024-11-20 08:30:00,93179.49,81.58803157712133,39.42069225749217,52.63926643084124,1.047059121563666,0.2531749667841513,54.04374816975155,73.3255193823394,0.7497523397401087,1.0169608080277126,8,2,True
2024-11-20 09:00:00,93464.01,87.53249087046608,70.18851427410345,22.0373596210992,1.7958244226532398,0.23692312917331115,66.08804401231207,112.08723416202514,0.9182987615169551,1.312869569610593,9,2,True
2024-11-21 18:45:00,98280.01,86.63311521439978,75.99002075803632,72.03804720817645,0.746581634790245,0.5140109367103264,69.67315573770438,116.52531359629668,0.9844451397998811,0.9039085790311556,18,3,True
2024-11-24 22:30:00,97620.33,87.12995059639127,11.373655467052696,76.73913825122335,1.7433575238056869,0.2577251509569221,93.87937844578437,130.5415805334869,1.0208702907172633,0.8704470174374366,22,6,True
2024-11-27 15:30:00,95571.12,82.83564977885337,40.42329942350804,99.97476225035358,3.3022122609776914,0.4822698680163142,112.29413913875345,203.3220568212788,1.7043526787228382,2.2502078735096775,15,2,True
2024-11-27 20:15:00,97208.2,84.36223301014752,120.68940686073779,0.0010287198003165604,1.2045242158544418,0.39329721449131255,102.16879009089888,99.84286302651294,1.1303505198535448,2.672361040467629,20,2,True
2024-11-29 12:00:00,97400.01,80.18158130445441,64.88808368705453,18.890141797727253,1.4236553911713103,0.25534391628912534,57.41191427327308,95.6390678803127,1.0329492530893547,1.1745134072524877,12,4,True
2024-12-03 22:30:00,95850.58,81.44271804433453,35.07334019262143,30.19595708236643,0.44367988562884203,0.28563431004501244,-8.38623331783231,33.72924713360088,0.2276193629219757,0.6043474930092027,22,1,True
2024-12-04 05:30:00,96347.93,86.13484131424184,7.071246886154182,46.651754739308934,0.704802640799391,0.23037784591146562,56.847722693505624,55.096013358379565,0.48834892870053304,0.6129474534036888,5,2,True
2024-12-04 19:45:00,97209.64,87.53893232668129,8.344851395396109,184.17514970737477,1.5998050306827527,0.4432555689509206,131.49205819819062,232.9179061357622,1.5332141352033104,1.1725499639954107,19,2,True
2024-12-05 03:00:00,102919.99,81.12740102155819,81.18928111050202,60.69957838122615,4.250730419057965,0.7732386515555841,482.87752367763716,471.69219082534494,3.9646559733236426,5.57299264182635,3,3,True
2024-12-05 04:30:00,102628.0,81.80800161494467,117.55174026581473,80.59496433721837,0.4686996174311689,0.9134711217768458,-16.731517509727627,429.6758566743751,2.316962572796462,4.358989408079139,4,3,True
2024-12-05 05:15:00,103387.58,83.72040326402487,199.58103284746565,0.11026469523703118,0.402126340645573,0.9228270662961351,17.01061727215728,211.30155511915814,2.3604892213262985,4.596851605789656,5,3,True
2024-12-07 20:30:00,100231.05,81.2353663600779,63.447404771276204,20.765022415707517,0.48474664195213396,0.19687512003516155,5.233651651420989,52.00753727191812,0.3642217804171155,0.5806185432307148,20,5,True
2024-12-08 13:15:00,100226.62,84.43977016211763,86.74940849047807,27.276186705688037,1.2496209506993692,0.2683718157910534,59.24950228972785,98.47936336426565,0.7536142984282872,0.5498834511004207,13,6,True
2024-12-08 13:45:00,100408.8,85.58494725240116,104.73583988654376,1.722956553609137,1.9889010190604752,0.2562623993116139,70.00749668415922,87.6848401211942,0.808375164724171,0.7188046245676724,13,6,True
2024-12-10 21:15:00,96936.41,87.74920881204821,55.057743524853706,27.264265305471245,0.5261620110113101,0.5425154490454123,104.0808906763417,189.67113389675433,1.3776381104597941,0.29288033417955567,21,1,True
2024-12-10 22:15:00,96810.12,81.04044660330614,102.65042538941123,32.89945307370758,0.44342421056311276,0.4904305754103293,10.77804051025185,99.48412470724419,0.9101366952283915,0.21785664214558764,22,1,True
2024-12-11 05:15:00,97384.95,80.42050277019109,13.97341170273248,41.62963579074626,0.34644438727336585,0.4063344196701557,13.098210565841814,18.276407047249595,0.5662657653786252,1.042331794053411,5,2,True
2024-12-11 15:00:00,99864.0,86.34902717700365,16.143955779860725,122.857085636465,3.0624558686982772,0.35617511243862965,114.15594946000911,156.625035596599,1.3774302009175299,1.9296610502148224,15,2,True
2024-12-15 01:30:00,101889.75,82.1591688338568,16.43344889942338,30.152198822747252,4.743573795228057,0.1860505385197521,35.4091549473334,65.64070444839354,0.5862557295879445,0.5987662341151251,1,6,True
2024-12-15 11:00:00,102384.01,85.99235403546531,4.074855048166326,95.32347873461946,0.820589507481823,0.1616944733013347,11.702026336844128,45.59390702371128,0.3771874608744012,0.4761180271284597,11,6,True
2024-12-16 00:30:00,105897.99,81.31819198780123,137.08569917143907,7.487394236660544,4.588937160942715,0.5809229375229072,105.90598828761516,284.9659788428708,2.1403452632000537,2.5362849879470994,0,0,True
2024-12-16 15:15:00,106306.03,83.92140156557846,47.47519966647258,83.67822596705031,2.1134267585701294,0.48706415941651754,202.2268000078689,255.65423021258144,1.7601516601643479,1.5458658673770962,15,0,True
2024-12-18 12:00:00,105310.33,86.9202873282659,138.18777322224653,3.7669618925321244,2.674757692803939,0.25491326444424045,74.5520253651,111.04253729437404,0.9033257856170209,0.6071518936339961,12,2,True
2024-12-20 15:15:00,97065.35,83.28112758288148,78.84894043033952,65.38378525395458,0.9803684963305949,0.8532609363544386,199.9418889658928,332.50391865171827,2.6675392891252803,1.2882656379679767,15,4,True
2024-12-20 16:00:00,97509.19,80.92986250963412,124.0077986495429,19.568411961990215,0.6227691181473984,0.7983313455597647,196.72064632959422,212.48770034881483,2.68641573858524,1.7567979678308816,16,4,True
2024-12-21 07:30:00,99495.99,80.44690186001063,120.60586562332918,4.248412423454404,2.8469232174367978,0.3270598428855557,110.40190924598527,178.40964890743976,1.5024254931075665,2.03804232033767,7,5,True
2024-12-23 10:15:00,96156.33,80.46576119785483,34.999255899222455,39.78833218780256,1.7073130849583025,0.356953693457903,22.593388734178685,78.85622417757986,0.6695139379701907,0.9291557242540234,10,0,True
2024-12-24 13:45:00,96085.02,86.53842297021772,22.950507789872354,261.7452751740069,3.9605503603592678,0.3098000381031603,209.7023657475165,182.4219969517923,1.8380030784778913,1.9068909772148566,13,1,True
2024-12-30 18:15:00,94347.99,82.9679739681453,43.31835792156374,71.70370031200397,1.1016367823195317,0.6004193321220439,241.85513637535044,240.72234286668822,1.809505856631611,1.0682456641730824,18,0,True
2024-12-30 19:30:00,94268.68,80.68788109756102,251.10248706144884,80.17721262247514,0.30321276342746994,0.535150471730681,-8.40611442808821,233.24571575212303,1.3170966337350316,0.9273000852931548,19,0,True
2024-12-31 08:15:00,94097.36,88.46670522603844,46.04805065731949,68.47375951886349,4.055276340779425,0.285892338379249,134.03471580450855,162.1321334553254,1.438383815473298,1.3391263231914576,8,1,True
2024-12-31 13:30:00,95632.47,82.29772955567145,75.63853574000608,64.57325634274623,1.773781500802902,0.36578356403725537,87.49832283717669,161.87276257025042,1.3232438910657298,2.407731298528385,13,1,True
2024-12-31 14:00:00,95900.62,80.61294162647971,134.95428913806828,36.43146415528958,1.3989755452969694,0.3790657751445489,143.93612852146364,180.87335192206422,1.417809162009782,2.543644196119864,14,1,True
2025-01-01 20:30:00,94724.02,82.32528799507375,6.093491386873272,45.09204740254796,0.7937132848317566,0.22489393020753667,49.015515161519374,77.07593369369792,0.4697812992327503,0.8742815714715588,20,2,True
2025-01-01 21:15:00,94955.98,81.00087796312538,43.597043598517544,4.635832308823949,1.8287035720406621,0.23225498804814704,27.370515938291295,65.28721732846029,0.6273638887476061,1.0310635240425234,21,2,True
2025-01-02 09:45:00,96755.51,84.04166425797348,29.56420776449717,14.416750012480453,2.256051179531063,0.24442387976516233,84.5490472545998,102.55572273274407,0.9283786771499589,1.4769105916536405,9,3,True
2025-01-03 16:30:00,98147.35,81.47135795289307,43.510089676390464,76.68571795366805,1.3404060335789334,0.4446790609076213,90.84265489167777,140.865225657134,1.102273216456515,1.4199297537197149,16,4,True
2025-01-03 17:15:00,98164.02,80.8467839388428,22.368684575061383,82.80936334921893,0.6530212951096284,0.4748488440935055,54.37703926700373,118.33201550960604,0.9405373579167358,1.367564691574115,17,4,True
2025-01-03 18:15:00,98481.73,80.53354331758426,19.392429438434515,50.281407526046465,0.5625607167505288,0.39202267698355503,57.440169086210304,98.4789484559012,0.9302163033461436,1.568062463178619,18,4,True
2025-01-04 20:00:00,98292.5,85.82787243337746,4.121372434315412,49.43713915100267,1.2032363638013948,0.15268204593432888,33.78263882282013,42.450213793821995,0.3793356975883367,0.3849282631945885,20,5,True
2025-01-06 16:15:00,102440.02,86.82379228191114,116.16749001025224,2.8631388396841144,0.7828953127734714,0.5715714006526502,117.15013644422164,296.2544617680275,2.2518882845236265,2.811860891026909,16,0,True
2025-01-10 02:45:00,93364.36,81.012022954897,5.546013489515575,58.318827441221174,0.7086684946268661,0.33944200671739894,26.890701792652532,86.13868873356603,0.7062782001286774,0.5531888162995687,2,4,True
2025-01-10 03:45:00,93696.13,84.42658438572795,20.93256146225086,59.12090499362164,0.9112827069735006,0.3116648010359213,39.26726394023877,97.67778304895279,0.7761612221880589,0.853041213662559,3,4,True
2025-01-12 13:00:00,94536.0,80.47116719857812,2.538715410002539,96.6933231784723,1.338107805871664,0.16974410353123276,29.8021008942746,60.09067447387064,0.36695313598714097,0.1687755286486264,13,6,True
2025-01-13 21:45:00,94193.49,80.46152332218098,4.404763004322829,72.88295613635238,0.9708567553958889,0.5670766479873338,132.13453220617194,219.3171462049218,1.7834602375530897,2.406848597983357,21,0,True
2025-01-13 23:30:00,94417.41,81.64449081630562,8.621291348704515,66.06408712121998,0.4483228519267944,0.48010515978234997,-14.615737765321073,68.70732252483528,1.0400875933077438,2.294555386641996,23,0,True
2025-01-14 09:30:00,96789.99,81.1426221713934,54.93026706583999,60.027901645613845,1.9793847568811596,0.35743291812953615,150.91610480394593,180.92041252138785,1.5476225429261676,1.9574419333400002,9,1,True
2025-01-15 14:30:00,98993.11,80.25708471884474,16.330429461202247,81.50769280811517,1.5740918397478296,0.42908686126885826,175.40954505455582,244.78248140313187,1.6752497077852744,1.8258202101179954,14,2,True
2025-01-17 01:45:00,101659.8,83.67811363384031,86.49043181277253,48.03570339504915,3.455032706866367,0.3693066763572489,146.67088530526408,177.04957682471294,1.4744158822526392,1.9211964772355892,1,4,True
2025-01-17 13:00:00,102772.0,82.46175048000103,47.930370139726435,144.22118865060546,0.6847311431306119,0.2520030469666555,52.270397583667275,39.050629257563706,0.49904230491207,1.0711221944438654,13,4,True
2025-01-17 16:45:00,104972.81,82.74772398306374,90.24432136283599,76.22640567590773,0.8756709155275282,0.5022878917747534,101.27272436840522,216.19366901021957,1.5667438531970765,2.4804299883681087,16,4,True
2025-01-17 17:15:00,105015.11,84.71621448069911,94.23596280573295,80.95120787856153,1.3219336508871626,0.5098368361331221,54.04275685077208,158.268196765396,1.3762246102852524,2.379661556854339,17,4,True
2025-01-19 20:45:00,106275.49,80.94154991164656,562.2641683421083,8.735786586351802,1.4783804180127125,0.34056770756832005,73.91962153517836,113.37298156943314,0.9420487839868291,1.1980944035804657,20,6,True
2025-01-20 05:00:00,102485.74,83.14376806477965,25.85140137545012,692.9998261221507,0.4760772187358423,0.6079110546083218,58.27841321682809,81.49142629374826,1.1314293618718414,-0.6313066583501619,5,0,True
2025-01-21 12:00:00,103978.0,82.04318641900767,68.42216622747142,129.0657639115967,1.0066370205731603,0.38917779310458506,79.21125116747237,144.8533002385027,1.1055380772890377,1.5380890672258587,12,1,True
2025-01-21 14:00:00,104524.61,85.20432603729135,164.6674405195109,189.08274328887757,0.5535340255324223,0.40141947705630815,0.44297750535396746,63.65956368469306,0.7581300378048046,1.6283992045620397,14,1,True
2025-01-21 18:30:00,106832.89,80.94762960877391,85.05339507337058,34.36207707195844,1.5360732974864233,0.7874313933524727,108.53010827936473,74.4440062593198,1.7538787223537033,2.8844653020659106,18,1,True
2025-01-23 14:30:00,104940.95,81.60069669751712,218.9288356928341,181.91659214062796,7.3739683674746175,0.5225060923718123,336.6482081581552,313.0484039635792,2.849834925745181,2.613185484488562,14,3,True
2025-01-24 05:45:00,105222.15,80.16802745237248,56.46624783850113,32.17193338094727,1.0114026756827414,0.44075456410216746,76.63043290893867,168.35816937730354,1.251829348234201,1.0340612391362662,5,4,True
2025-01-24 06:15:00,104901.34,81.4991295398424,26.05686447856591,71.36801112359512,0.6974444438248303,0.4489102399863119,3.778309186612173,97.17710982825841,0.8184954078386585,0.7587867685919952,6,4,True
2025-01-26 04:15:00,105380.0,84.05693328676108,39.93167583981808,1.2089580565577187,2.271924388543489,0.1643514627335101,57.156294679451236,72.51195429767405,0.5691245696770191,0.4769593012307718,4,6,True
2025-01-27 21:00:00,102295.12,81.57722352897292,131.10302817964293,7.326840224637465,1.7284494132078734,0.5746510683989594,260.29082040304417,315.2991856776874,2.3714599332441053,2.330486848881776,21,0,True
2025-01-28 04:45:00,102901.45,80.3251921899452,36.351285623283026,42.5805467269901,0.6533257386573786,0.33794470340311145,29.186568408662623,90.7675778890373,0.6350466058636386,1.6654518623220051,4,1,True
2025-01-29 06:00:00,102426.23,82.49206118594418,5.968197794645972,56.017877451899196,1.7051010838643268,0.19330288456663666,41.682900158096224,41.39249035405581,0.4112586956711025,0.5996148268951457,6,2,True
2025-01-30 03:30:00,104904.81,83.70069311251169,5.952062636594293,65.86923897960446,1.3981874814207333,0.2974526552759045,52.19234587001693,71.29845150085741,0.7180420692069418,1.441192195328274,3,3,True
2025-02-03 08:15:00,95390.39,80.74490745332514,61.96640982388328,58.736524717006986,0.8607372753694545,0.6110319019407646,146.28071034949318,124.6486796297868,1.4516605473222943,-0.017316774809653112,8,0,True
2025-02-03 17:15:00,98524.79,85.77805129421876,48.679119234864714,340.5447502095672,0.4944302435223714,0.9539462823808822,4.745219392014417,200.3623582273429,1.8246062690388865,3.036065665703858,17,0,True
2025-02-03 19:30:00,101237.99,82.95478154963055,31.607699836791035,124.65873729812192,0.7054672502350366,0.6486787081749521,177.74307383996754,276.30971244235815,2.3790247061550334,4.725780536770016,19,0,True
2025-02-03 20:15:00,101702.94,80.31238488457768,77.17967641840072,78.37236563662687,0.8467137474255257,0.6731158130026269,175.77569036439905,251.6531698868558,2.1634083600753238,4.755468468270192,20,0,True
2025-02-05 01:00:00,98484.17,80.63957829397619,137.35608473930432,19.072100622871854,0.9232300627152581,0.5286955543935925,73.75377609125174,128.59313031135986,0.7622709319510708,-0.23894233283138752,1,2,True
2025-02-06 06:30:00,98366.0,85.83133123883451,46.35646463208886,31.950064046520023,1.4308986004182667,0.242890255343746,63.1167323996232,100.83895720436128,0.8117463978371193,1.198726414141252,6,3,True
2025-02-07 14:00:00,99573.91,83.19241943573107,196.6017001843153,56.64937733187355,3.4646338499769413,0.4018680337908965,164.38047690784694,200.31664096285144,1.8580070540319027,2.198318044519989,14,4,True
2025-02-08 01:30:00,96650.01,80.37312597896529,25.958610868224373,23.796169291654007,0.5620619801589567,0.26873103420120936,-5.169596690796818,48.50208195792363,0.42861713616797853,-0.63742835964467,1,5,True
2025-02-08 19:00:00,96499.99,81.92928113204344,14.662177685200303,25.907774705468334,0.4427463702726905,0.17417692404498028,12.68758097697059,57.19469897197827,0.35999758865581555,0.3917588531860308,19,5,True
2025-02-11 07:30:00,98427.98,80.29581383672307,52.23921084228215,0.0,0.8818215801822398,0.20735247959254918,13.480784007644989,26.92543993108628,0.3905116015356175,0.6983400816280901,7,1,True
2025-02-17 21:45:00,96409.33,82.87746718765688,90.37714503357786,0.42527004388385115,1.1631543660468273,0.23463200382903027,40.965047492084835,103.54608531765692,0.7565683646140746,0.4225517857522488,21,0,True
2025-02-19 10:00:00,96371.3,80.80936360916596,24.93377177645296,12.835771645707496,2.837288674469391,0.19208816021248618,77.51856922708009,68.04325825775761,0.7604382947797809,0.8776623443186576,10,2,True
2025-02-20 19:15:00,98466.79,83.23961992905568,47.40583094056317,24.83781587680547,0.9544630951472398,0.3151301788436213,26.029631055129627,93.9060117745913,0.7301877493602829,1.040800969305825,19,3,True
2025-02-20 20:15:00,98585.7,92.04904645437199,59.410239010322705,8.52862027657173,1.2269791217698562,0.23143098557179956,17.334738266789472,64.3918454350699,0.5970120118979361,1.0356989010833337,20,3,True
2025-02-21 13:00:00,99316.83,84.09297606305641,215.42371016070527,15.925800289839923,3.5957620251687725,0.21079580800727835,69.70849433180594,79.71367503151357,0.774542320502159,0.9524513191223957,13,4,True
2025-02-22 11:30:00,96595.0,84.43174927393014,7.352347429991622,39.85713546249806,0.7377539614253587,0.11190907544756015,5.385164601767155,23.380797777891033,0.19199896641313574,0.26563922462640516,11,5,True
2025-02-22 12:00:00,96646.0,87.89033016798135,15.285681766446197,34.55911263787431,0.6989675894313455,0.10823964335232145,15.112928310170314,25.956527769522552,0.22334605605484315,0.29754141653545874,12,5,True
2025-02-27 23:45:00,84708.58,81.34217538291983,424.70078001543664,21.753404436717517,0.29011466835764416,0.5383086004139942,56.72271900539931,91.15547990139572,0.7545969029556245,-0.31012860846841556,23,3,True
2025-02-28 14:00:00,81959.15,80.7224025974023,108.21488509824692,361.2592370711514,1.8650619266959187,0.6431819126618892,146.01952151043977,170.8436514402326,1.7568604728074113,2.1453031807606986,14,4,True
2025-02-28 15:15:00,84311.88,84.23589555009946,105.07178822249067,72.12743921734344,2.104648991183819,0.8859004042067183,287.0612982199072,437.2724750713706,3.8309566763140435,4.895063134048589,15,4,True
2025-02-28 15:45:00,84005.05,81.32447907910459,96.22516741552995,108.91607111715271,0.7872567613039331,0.9332321602774366,203.1086031326519,403.3688541613401,2.9542906384964907,4.36330383334854,15,4,True
2025-03-01 04:15:00,85957.55,84.01389307387483,131.30783741509643,69.85424782348927,0.9769661791331203,0.4753151825689364,108.59760966482824,153.6342033664592,1.3830230928531024,1.8253170303621618,4,5,True
2025-03-01 21:45:00,86076.86,81.3355448664784,47.46455667643983,25.92334339333468,2.010577708201891,0.2509244146950264,66.38819364189992,86.17266287366847,0.8240676953361283,1.2370251457480597,21,5,True
2025-03-02 16:30:00,91584.99,82.68807334153115,103.61850779259846,372.8787872335843,4.748619897229823,1.0716782614393758,596.304083705084,702.1829370597992,5.888509994730081,6.260121180477879,16,6,True
2025-03-02 22:00:00,94270.85,82.62199001176988,97.55931976851929,64.9893365764697,0.374446583105094,0.49909080363351377,-6.270539595038077,103.62255598660884,0.63642007103404,5.356085438131019,22,6,True
2025-03-03 13:30:00,93642.06,82.48055356716787,483.2294377120706,8.46948475930556,1.0969459601341431,0.4531632778811449,84.57220395932418,99.48376638609005,1.2466448730957824,1.1440988604138573,13,0,True
2025-03-04 18:45:00,86764.24,81.15131411218816,26.108682563230982,253.93871945400534,1.004150653580306,0.9818437707911514,181.17881165070892,548.4795418614128,3.3540354913707686,3.584271885216174,18,1,True
2025-03-04 19:30:00,88009.96,80.66706483285436,162.2191397428203,108.8013220321879,0.7093035567472687,0.9931148701806021,307.78852685577834,493.80649321413847,3.9784560699773044,4.75209518092249,19,1,True
2025-03-05 08:15:00,87775.0,80.33618193375243,12.190259185417261,328.68128738251215,0.5949140984698422,0.2731562029539832,32.35269443105247,72.18003630230609,0.5918698413288994,0.4232333307392052,8,2,True
2025-03-05 08:45:00,87760.0,81.13582362793633,9.90884229717484,330.4466727438469,0.6048472917501422,0.26484812475582986,27.31002326527926,73.71743475127255,0.4953040918221753,0.42970409815858335,8,2,True
2025-03-10 02:15:00,82146.03,85.50147340328378,43.119551851744,72.79353609663195,1.1282099687754124,0.7588524276305779,106.79517045321658,174.8524203508374,1.122591955761425,-0.1377499466559074,2,0,True
2025-03-11 04:30:00,79943.04,84.95651614690489,27.916126281912504,75.64761109910256,0.49813234356469793,0.6473198202834737,65.56216620690829,78.29099662363484,1.3744336375427098,1.2534938916421752,4,1,True
2025-03-11 09:15:00,81699.32,81.19309452926325,52.5671449897014,48.105663547749174,1.1043842787758884,0.4029715302404006,109.86182537611441,199.7507344942842,1.4643155073681204,2.601575651823064,9,1,True
2025-03-11 10:15:00,81725.75,84.95482406746717,86.722972869628,44.8561193993321,0.9849630743856161,0.4188276032951694,47.272459489486955,161.74085280749355,1.1089086609925274,2.433556821478837,10,1,True
2025-03-11 11:15:00,81828.99,80.98331715067519,157.9709098205909,48.42049254182425,0.7597106291003772,0.4343430994670392,35.724578937106166,86.01257519305797,0.8802007865005089,2.318741606239774,11,1,True
2025-03-12 12:45:00,84069.0,83.58566361184756,411.7272716459106,17.61886069775962,1.4507429708668977,0.47829079174759564,147.3342381188957,215.40582206075226,1.5651757900631218,1.9611758999801152,12,2,True
2025-03-14 11:15:00,83222.47,85.73924036866867,21.82583621947287,79.96998887439881,0.9718385489751483,0.2712102358207566,64.9278635061168,76.15980155324671,0.780644751862311,1.4159434136401603,11,4,True
2025-03-15 13:45:00,84460.0,90.71883330028902,41.815060383613336,-0.0011839924218282395,1.353263733847911,0.1708171239132676,29.979497087849854,53.7852513374887,0.47751923170172245,0.33731585595888736,13,5,True
2025-03-19 00:45:00,83118.0,83.79622421834328,68.67826463581854,5.811015664477358,3.5517897070509066,0.26280623416622667,55.07803942067633,102.4624858659958,0.8563843757931282,1.2971025860002954,0,2,True
2025-03-19 15:45:00,84733.05,84.8252813808468,136.27858315025787,26.78411788552366,0.9755934010864938,0.39656561737969026,63.53229739571473,95.44155929104001,0.8355266819609639,1.4088321373805164,15,2,True
2025-03-20 00:00:00,87271.08,86.09359530881183,189.24023857617024,1.5033617092850626,2.4037364324143415,0.38836544051673844,129.12942330021426,197.01720782320135,1.5576968121215686,2.7228705176267307,0,3,True
2025-03-23 07:30:00,84311.32,80.34591194968584,5.7252098531969455,7.701219717588694,0.5006976011488757,0.05013561642730394,8.90827562660746,22.92838253676927,0.1469039786063828,0.2529388062836146,7,6,True
2025-03-23 10:30:00,84499.99,82.00663927385922,7.390533418999414,62.405924545080026,1.6133516659605063,0.052024520104334865,19.17753806843339,24.517957057569717,0.23544062259384263,0.40869432926919624,10,6,True
2025-03-23 11:00:00,84695.64,81.22724908996295,14.432856283984068,42.0399444410595,5.275060555726959,0.08204419630438496,43.87513836239122,42.66752672056191,0.4242853978880417,0.6143240033924374,11,6,True
2025-03-24 04:30:00,86829.68,81.2428390520411,8.536251659570247,54.16581058458433,1.4091213436305299,0.28304015072133937,52.133988042279455,130.22928492894354,0.8399846053254074,1.5013891117727032,4,0,True
2025-03-25 11:15:00,87335.0,80.17023620777742,46.434991698630974,75.2275719929009,0.8845102867911789,0.24939518602425692,32.5300493430227,71.52297779882838,0.5899418396984104,0.504291604025108,11,1,True
2025-03-27 02:15:00,87596.95,81.78219133834183,21.17996117444715,18.20154697166994,1.291784900823535,0.23925572098767783,35.43111696862651,79.13779409008266,0.590108417807134,0.8381252296564912,2,3,True
2025-03-29 00:15:00,84537.73,80.40710802761987,85.22821703397997,10.291262847961496,0.7707327329216949,0.21520061431234996,26.01330504531651,57.75452399928691,0.47598418060965375,0.3398924119521118,0,5,True
2025-04-01 09:00:00,84156.62,80.09641999523434,39.563138348474205,41.36572975483212,3.1384082309062475,0.24972655576166233,85.2196942914831,95.98771541511404,0.8661557827201936,1.4204795459396224,9,1,True
2025-04-01 17:30:00,85113.99,83.09975809468882,46.28968751200657,25.770146599871126,0.5717753260777109,0.5457680928834395,22.843853038154172,24.49650201399256,0.863077757414657,1.2782245378030759,17,1,True
2025-04-03 23:45:00,83213.09,87.22475444565694,76.36538914730745,24.07914427886405,2.027270817222036,0.30545245774604657,63.21534940711298,81.3016305272917,0.8935904776719286,1.171424816377635,23,3,True
2025-04-04 07:30:00,83720.01,82.09767773798953,10.796702007082825,119.4445628948211,1.7080814555867803,0.2448373538689967,55.95274615640942,108.26540158013319,0.8014163151154471,1.0596977162845413,7,4,True
2025-04-04 09:30:00,84513.37,80.92156702850768,337.7418271215543,24.449385937397203,0.8027330822801978,0.3185615990193545,14.855190921079972,118.59390796577307,1.0162678771927458,1.5819304618003533,9,4,True
2025-04-06 01:15:00,83650.0,85.48167857246108,58.164973102211945,20.03945008965985,0.9672159622554307,0.18893433524037112,22.426752415026595,55.48729684820235,0.4702168293210094,0.7651227675878524,1,6,True
2025-04-07 22:30:00,79948.93,80.95880230161565,147.19271414889403,33.765304926533936,0.5836468511932001,0.5491049991895736,124.92257401645392,219.72772593634068,1.3671569528000982,2.2403400070965787,22,0,True
2025-04-08 13:15:00,80177.28,81.87526203358024,249.7141334802078,24.66035265850889,2.042867971819924,0.4199657843932139,23.912931773944482,148.56802619224473,0.9752934745972374,0.6486085154076946,13,1,True
2025-04-09 17:45:00,82202.16,82.84716985443661,62.30128259403458,95.84176376873752,1.8998310054455976,1.0417287957257708,560.402178880033,621.5319412859214,5.311452357940887,6.130427686999862,17,2,True
2025-04-11 04:15:00,81029.51,82.51043559396962,63.839704818651086,37.454255863080654,0.7483078651559435,0.4127614389233889,62.06530013150399,71.69303909177883,1.1220522347291217,1.5807547826929267,4,4,True
2025-04-11 10:45:00,82706.86,81.66248416291174,107.71174241169425,23.475682670095747,0.9738827372183572,0.49485876124077705,60.19438283880433,167.9002777684209,1.2522369287501662,2.3736720339623294,10,4,True
2025-04-11 17:45:00,83930.0,83.56375559742608,48.85023233647087,34.55260335994281,1.4265774739805448,0.5576211468740974,117.02503773844433,212.33454843850413,1.6702798904793172,2.2499957451672787,17,4,True
2025-04-12 08:00:00,84019.17,81.86936856978512,82.1479193379317,0.0011902045681671588,2.1820458214915464,0.24063811015645714,54.058148498541655,76.07620620590257,0.7280659847042459,0.6953819479124679,8,5,True
2025-04-12 14:00:00,84496.88,84.8622703012503,19.966417694949968,107.22526086170157,2.206688381498126,0.3419297848630603,79.56830656761255,119.50922999188364,0.9192060687909386,1.1767346196063817,14,5,True
2025-04-12 20:30:00,85786.2,82.36157508232374,62.53336783771715,2.770841930287631,3.23596129837688,0.2645513747299337,86.56203251758076,111.18791978345745,0.9755120888190585,1.6976456309000478,20,5,True
2025-04-16 17:15:00,85304.37,80.85982397304502,237.89754264640786,22.933174466912384,1.1562334224508886,0.43311547646553916,36.227395379453874,82.62601957253011,0.9227361567911149,1.5196742880623286,17,2,True
2025-04-17 06:45:00,84773.59,90.73975427442225,48.66963874008361,33.004382614916764,1.380898104502141,0.19353567880886252,43.31343513807061,95.19952328192304,0.653115716035248,0.6226295973546766,6,3,True
2025-04-20 20:30:00,85163.5,83.44372196179279,57.97906380080716,10.156933428053097,1.8148055955318896,0.14948892424571775,73.04073748281542,66.66587075977216,0.648962947009115,0.7932402621996382,20,6,True
2025-04-21 00:30:00,86680.09,84.15505894380357,15.832932337747998,110.7416939691691,5.859248343669073,0.31297103109672764,187.26184597035817,211.3179878635293,1.796201983889416,2.2769897391884704,0,0,True
2025-04-22 01:30:00,88466.38,82.36549594386555,72.37777786318405,24.647781450986052,1.395341261295867,0.36422633902603385,97.90010557171924,141.7251451362384,1.175436316194243,1.179912650404525,1,1,True
2025-04-22 13:45:00,90236.16,87.93587349865263,23.205774713818574,133.35008936550523,3.6745361460125396,0.38902839583852566,172.41190777477513,180.89802184992283,1.5583928576020831,1.981152497860123,13,1,True
2025-04-22 23:15:00,93591.55,81.2141148668415,108.06210603414623,33.92400275452218,1.2002253701948127,0.5808239556425129,78.25241969890465,272.1746444914004,1.7872679265751015,2.9889511004674185,23,1,True
2025-04-24 14:30:00,93138.59,89.6236063714507,21.946864344843902,49.02693931699038,1.404303922488993,0.2953570894421201,43.07242875014768,57.32133649721503,0.5238663558028078,0.568128909518336,14,3,True
2025-04-25 12:00:00,94802.52,85.51181505971701,92.0977628020859,55.85083603262824,4.3037433295533445,0.24747081768350743,124.79438563035102,117.79662445978542,1.002051150106311,1.2565715450335448,12,4,True
2025-04-27 00:15:00,94949.49,82.22262072881891,95.61820711201285,44.182438473339325,4.041030576181157,0.1770490213872047,27.344858875056563,62.96514305808535,0.4865054629393236,0.6507669387945917,0,6,True
2025-04-27 19:45:00,94433.5,81.8619165258097,67.19331593131662,11.854903185839463,0.5506643923065166,0.15065703832402152,7.325858266208385,40.60323469175807,0.37769974833801057,0.41947732773025687,19,6,True
2025-04-28 05:00:00,94130.44,87.83699983422443,10.282539845772328,68.5049384662386,0.5599812389466762,0.2273289217448846,29.88920716296851,70.6105588034035,0.5777197607428213,0.24679659786391855,5,0,True
2025-04-28 06:30:00,94566.01,82.87307327124645,15.17352799383105,34.048174391624485,0.6654901987855312,0.19941550427504218,48.203020304664996,62.64813424013427,0.7241093008036844,0.6773039730186033,6,0,True
2025-04-28 08:15:00,94821.89,80.69950515560636,50.875383310752774,42.38367322144701,0.4601377489352146,0.20164270989686878,34.2832942778001,63.424204461949785,0.5179161372165225,0.8955511511691305,8,0,True
2025-04-30 11:45:00,95176.66,85.46326751390646,238.1529253075285,4.0177917569276635,2.1843757457580844,0.13659861566900738,21.550564540134225,42.27335588404795,0.3463753072747819,0.4467129091802743,11,2,True
2025-05-01 02:15:00,94928.33,84.30800862882559,25.237987437470114,11.795214347497861,1.9505737781446113,0.1889636107577164,41.8713096690236,80.31368134902112,0.532639618734721,0.732906599459561,2,3,True
2025-05-01 10:00:00,95732.59,89.54885764013548,0.0010445763553207231,76.31570398335577,1.3223163351397131,0.15858086721415604,54.87124483353384,72.60751004997677,0.6270568376547571,0.9860631441753984,10,3,True
2025-05-03 14:15:00,96365.98,81.00597030696973,29.615223131648683,14.886996427578117,0.3218164457468949,0.12265072324130881,18.295041064559303,44.18918842859384,0.2550341867074249,0.08316066355212183,14,5,True
2025-05-03 15:00:00,96461.57,89.19412813000423,61.360187274581364,2.3387552161962186,0.5041133369205874,0.11507247319913834,13.658258071214261,33.44600926856505,0.3250010144402465,0.1955555649362737,15,5,True
2025-05-05 18:30:00,94845.47,80.26933986946102,102.21574103644603,5.749352077647867,0.5790794551226618,0.2450256341032575,50.56251928613269,92.24013847406346,0.7217742113404414,0.5711456311897909,18,0,True
2025-05-05 19:00:00,94804.86,80.36843147797038,97.97598983849569,10.035350508402145,0.4760028721153325,0.22943820752287605,32.26031746031752,61.27618623316528,0.6089805159313263,0.522933573759999,19,0,True
2025-05-06 23:15:00,96628.25,80.22147590088046,16.796330265735218,114.22642964143509,2.047378006608318,0.32895733316676545,153.88196253093943,205.53170325625032,1.5161042357618326,2.13277128675016,23,1,True
2025-05-08 03:00:00,98776.32,84.90870828740383,9.498227915355319,65.06417732509097,0.9017535895258973,0.3401321288341174,98.1544878911175,191.32190744329554,1.1357021535780574,1.7571936012396285,3,3,True
2025-05-08 09:15:00,99650.79,82.72804418490855,24.510593443363568,23.804126389766342,0.7673238371274296,0.18401259036682052,16.930639763671973,61.672057923268,0.4624674642553646,1.3061715419530155,9,3,True
2025-05-08 09:45:00,99790.97,83.35124722567275,40.80028483539083,9.72332466554828,0.8557540738291093,0.1888476052922002,16.04921035175013,47.47306847287848,0.5390463579787244,1.3369144882806445,9,3,True
2025-05-08 21:00:00,102512.49,81.32891687134607,11.2796011490897,159.32400042180123,1.0117673988609672,0.3732827371293265,119.69399009812341,117.94906820601294,1.0741662066955684,2.1125852570069767,21,3,True
2025-05-09 07:00:00,103511.52,81.87740466260962,105.35252501364138,82.09521027224784,1.9794709920527986,0.1915997921225153,51.67735084752412,91.65517873403405,0.6917081221470615,0.8648367696481094,7,4,True
2025-05-10 06:45:00,103930.71,85.5111145898552,54.33523931473252,16.28873698640119,1.9527715576034312,0.1706253549669231,67.40553214345742,77.93498093951943,0.6555895009334738,0.7865615412117241,6,5,True
2025-05-10 23:15:00,104807.37,84.517360992447,89.73510164409151,15.707864819048954,9.586005862722152,0.23638945565428526,117.65483846678008,156.39949171182724,1.313846199160541,1.3000267575642754,23,5,True
2025-05-12 07:00:00,105600.0,81.10294448865591,144.15719696969722,13.97821969696975,10.431529267025951,0.2826352813852821,159.70752357129112,155.84900445270452,1.4580828356727225,1.3777425292999113,7,0,True
2025-05-12 23:00:00,102916.42,82.37734590835511,82.04910353469333,20.550656542464267,0.4064315763622742,0.2704087452711621,39.63706990823269,37.675754434330045,0.675664125321497,-0.028218046142038485,23,0,True
2025-05-13 11:45:00,103729.2,83.61500519964906,88.48810171099267,22.828673121937015,0.6195222849568308,0.1978455164298681,25.854978218993114,45.59046214527304,0.542798631207754,1.0295647531359011,11,1,True
2025-05-15 18:00:00,103922.7,85.27717567410227,131.86243236559397,3.7652986306172433,0.7744359034623725,0.3535210030422349,7.359917693721018,89.58252427184436,0.9431577834122749,1.4124488099760253,18,3,True
2025-05-17 05:30:00,103530.68,82.69050263935122,23.661585145580673,10.57271139337696,0.2448890099220894,0.16515532262651947,-7.357617363553307,28.156724928003943,0.22086731602773266,-0.0042901383827806654,5,5,True
2025-05-18 08:15:00,103979.4,81.12457006131378,17.253417503851164,4.096965360446957,2.07357271819346,0.13282095162256174,43.486286331419365,31.954245225676576,0.4339921957469611,0.6223689101864444,8,6,True
2025-05-18 13:45:00,104740.0,85.35827669553615,17.53675768569725,89.74603780790528,4.254673507582766,0.13843121743637166,84.1682409740726,80.18627460510069,0.7623226721652303,1.0345071156585361,13,6,True
2025-05-18 14:30:00,105200.0,82.14822986661396,21.86026615969593,74.1444866920152,4.003561132982561,0.20425040738728736,124.92346154579052,139.33684881747507,1.0722813087544132,1.38421526716911,14,6,True
2025-05-18 23:45:00,106454.26,81.06139694295608,177.0957780365008,61.468653297669874,2.751087453457266,0.4356217000079267,116.53939058390694,206.3459359324067,1.6539845146354686,1.6201077398467096,23,6,True
2025-05-19 15:30:00,104869.56,82.6859676717051,36.047638609335145,66.00580759564521,1.7948104990163698,0.3888156732175534,140.7007585299203,246.63550941635233,1.567260493489466,1.6550474695779267,15,0,True
2025-05-20 17:00:00,106103.86,80.72305075228346,83.30139921394004,51.505195004216176,2.865303740469331,0.3730468833623453,73.11811378848698,127.43399152896266,1.140717599504676,0.8447084180480473,17,1,True
2025-05-21 14:45:00,108999.99,81.89056039412358,190.8247881490636,77.52386032328945,5.754243096941941,0.39302035060475166,173.5866040172802,202.17053538000798,2.0092716609864723,1.9367787740778175,14,2,True
2025-05-21 15:15:00,108915.0,81.43928131504074,256.836064821191,85.3876876463297,1.9186871706541535,0.47399610443268486,138.54852735755856,219.74492439978522,1.6883857242558784,1.7784615966348252,15,2,True
2025-05-22 03:45:00,111780.84,81.19574002332183,97.80477584530493,1.2703429317579908,1.8233303001851349,0.48284022301394125,119.34454153820283,162.41467631479694,1.4798479495051389,2.624036875188963,3,3,True
2025-05-24 11:15:00,109337.01,89.83013798442525,72.89480478750926,13.94404328415478,1.1120266684158884,0.2533183542203268,108.97073181555946,100.30186262086804,0.9518047022760375,1.1838840022736816,11,5,True
2025-05-25 19:45:00,107717.01,87.28660388265655,50.22512229034159,90.89929250728362,0.46165995677271304,0.155230158834046,28.667964694608088,39.20730559936142,0.41418318114651637,0.3846763328150483,19,6,True
2025-05-27 10:15:00,109786.68,81.26006953277286,31.604016079180703,3.6643789574482515,0.3160908214064285,0.18095546745743735,6.273363905689656,21.864555867992333,0.3475957912073532,0.5864314063441755,10,1,True
2025-05-28 23:15:00,107956.55,81.56990402879083,49.596805381424986,36.23957971980356,1.94715194287387,0.22196099131681257,60.57880929859821,59.48386377778769,0.5145366322415497,0.17670934515212824,23,2,True
2025-05-29 08:45:00,108492.49,81.34857959621189,15.898796312998737,36.81545146581097,1.3407294435861428,0.16804059762240653,60.168608969970926,51.55274813188016,0.5782957037857679,0.6162850388796749,8,3,True
2025-05-29 11:00:00,108886.71,85.95061830514126,121.34997925825944,0.47756057649249295,0.9872611134797947,0.20010247347908755,33.791003152322936,61.60691184623973,0.5774659405466728,0.7811759147121812,11,3,True
2025-05-31 14:00:00,104404.41,87.13922546594945,12.203507495517046,42.3104732836468,1.9861667983565623,0.16515791129622018,35.60856474174366,86.26288733743455,0.6607598393954235,0.7051066000515892,14,5,True
2025-06-01 16:00:00,105097.58,82.59758285656272,74.00646142375572,18.212598234897843,3.8567921112013503,0.21955854196234761,47.59860687937008,73.72294649474289,0.6825321594214361,0.7456094464632546,16,6,True
2025-06-02 08:15:00,105811.13,81.93311956023818,147.09416674786465,7.950959412302856,2.1615521368197896,0.2056123153450025,49.44605169069937,93.22757481151937,0.7093571175818498,0.5403586059272365,8,0,True
2025-06-03 00:45:00,106285.72,80.99191737204532,88.96209199128614,20.160751604260557,0.7660597756354585,0.26004299677188003,35.88665610506536,50.60968021717502,0.7867787379732584,1.474673798153597,0,1,True
2025-06-06 05:30:00,102883.72,81.15514497535261,5.668535313459406,56.8544761017586,0.5240338328974926,0.1848147459231489,33.36793393820062,72.96763099181844,0.6019436740716179,0.8288535746768784,5,4,True
2025-06-06 11:15:00,103852.98,80.83912768647271,32.66925994805338,65.15653185878713,1.1595170455253367,0.1342543496172595,7.054361365417542,33.110730579821414,0.34875578915868316,1.1135894020654447,11,4,True
2025-06-07 03:30:00,104814.64,81.44630422559537,16.316422972974394,17.684552463281904,1.0339883774852658,0.17161792883676685,40.874445673619164,29.967039701256244,0.36346223889683626,0.29338127529391833,3,5,True
2025-06-08 17:15:00,106294.51,86.59595726692902,25.782140582800405,6.161183677313649,0.55652096657308,0.1659526643742669,12.997787324057779,43.924359201379964,0.3523119253692478,0.6273731701964438,17,6,True
2025-06-09 09:15:00,106152.74,80.39636326488917,0.824283951596539,155.74350695045598,2.40402739718862,0.13383948988437344,52.91399132526519,43.51383154372945,0.528005576844855,0.43153241729627567,9,0,True
2025-06-09 19:15:00,108672.94,80.2240654709517,30.666327790525344,170.90087007860427,1.3667412179630556,0.23158281826447094,21.111357013758468,90.57126761797998,0.5208954181684189,1.2434230448086574,19,0,True
2025-06-09 21:15:00,110471.04,86.34796238244503,67.73720967956746,5.352534021586531,5.595425171592665,0.27913197884260127,184.93781087761704,186.71565932520636,1.769359784814411,2.4182460421454666,21,0,True
2025-06-13 23:15:00,105874.27,80.21331604455968,41.01752012080027,35.6772235596048,0.47370723188204095,0.20965298880320143,15.132295252392643,42.71038852633215,0.4185788218958182,0.5941884812143545,23,4,True
2025-06-13 23:45:00,106066.59,80.91384512781246,65.90388170299333,17.48052803432292,2.1073002767680844,0.1959725758803299,45.64964966481766,46.939004585063195,0.5016831612093893,0.7292618961702005,23,4,True
2025-06-14 23:30:00,105449.92,82.97820245214749,17.55999435561433,21.81888805605559,0.4889767497486285,0.1759223714916037,-1.2914415730777995,42.11118953920693,0.3417507502074011,0.48950289382351825,23,5,True
2025-06-16 00:30:00,105552.01,82.39610385405024,54.157187532478005,39.65627940197461,0.7978377339487733,0.22275139187645385,12.22407148942778,38.233004111554315,0.3883719609669412,0.1920109389557277,0,0,True
2025-06-16 04:30:00,106290.94,84.09101680054907,12.319017970863964,46.54865221814804,0.9399334550987516,0.21261925052126043,33.77696854610051,35.02077039274946,0.5261089385159601,0.7947567359357621,4,0,True
2025-06-16 06:15:00,106712.05,83.83953484974637,15.373146706487496,51.5649357312501,1.0924585614435374,0.1733135372916457,32.32261810480249,74.60312245331146,0.5417130730400628,1.0616231008048471,6,0,True
2025-06-16 19:00:00,108611.58,80.77202485078519,26.712621250883622,25.45032491010611,2.1893877814039118,0.2578395152971465,79.49329497471132,82.30123762369313,0.772612501113046,1.2687513507587216,19,0,True
2025-06-20 07:45:00,105811.74,84.75759162303652,5.127975402352264,67.37532149079006,3.2936484177423604,0.17432105629974798,100.21682511334035,141.4148694408954,1.0646596637169543,1.1696572815417212,7,4,True
2025-06-20 08:45:00,105959.68,80.44300925248751,19.082730336671183,20.04347313997217,1.3965759572273522,0.24683378216533441,46.59125505874793,121.3515120844295,0.9150093243807201,1.16823831783117,8,4,True
2025-06-23 19:45:00,103161.29,84.41670141163846,27.267010716906857,277.1078182523704,0.5564135155491785,0.6063673966964024,10.154610125072406,105.85248500353624,1.1061453209876808,1.362777199877211,19,0,True
2025-06-23 22:15:00,105987.88,84.33316695670175,105.40639174969888,8.144327445741196,2.415474179047431,0.483133408407505,199.40284328355557,273.99715532832244,2.4469111111682516,3.6650092087746318,22,0,True
2025-06-27 04:15:00,107413.83,85.38183699474011,19.658548624511713,14.41620692605331,0.978246150369619,0.15180540531885123,22.86486578788546,27.16694978408465,0.24346366231452446,0.16148801904119944,4,4,True
2025-06-27 22:00:00,107166.58,80.00117588264715,29.765809452910155,2.2049784550374434,0.36404883746627137,0.15438048476893146,4.39509146327249,33.36760597164135,0.22214404265198723,0.20909500177363521,22,4,True
2025-06-29 08:30:00,107685.5,88.03752126032886,5.386983391449616,56.86838060834555,6.027080482177017,0.05007239998487559,31.81360858548219,34.34687360518296,0.3313448591961488,0.3464489209248626,8,6,True
2025-06-29 10:45:00,108153.26,83.35394101257793,11.119405924518112,34.69520937233008,1.8546037588347628,0.13903021904814886,21.09044708931032,65.51273981885164,0.47326871277616295,0.664457538568409,10,6,True
2025-06-30 00:15:00,108649.33,83.75759162303584,23.299729505925963,12.946237220239048,2.7375084457806054,0.2189422481613891,55.07140579186856,102.82817703128129,0.7464929989796426,0.7653085664323287,0,0,True
2025-07-02 04:15:00,106225.98,84.4552818647719,7.329657019874101,74.22007309323044,1.1006643202774349,0.1647626261350706,15.134050236522759,47.86038592508475,0.40362167101794505,0.3745278545301114,4,2,True
2025-07-02 05:15:00,106454.45,81.45638635954901,1.7284387829718888,68.7928029312069,1.5904336778865547,0.14421795290983816,22.108911904308112,51.53023311588189,0.4843222102530771,0.5767872114560275,5,2,True
2025-07-02 10:30:00,107798.09,81.69856113025162,56.77187786907827,5.764480613710264,0.34465354336833265,0.16146058670559615,24.362981361607,39.53579642217338,0.46041179461730214,1.2745772293963793,10,2,True
2025-07-02 16:00:00,109420.02,86.3641032948174,53.529509499267235,28.32936787984465,5.44896733219087,0.3435418595505384,118.36786742813632,154.45025522076722,1.4155436633551037,1.8766686339915006,16,2,True
2025-07-02 16:45:00,109413.02,80.36318607938,52.89315659141857,28.970957935353205,1.0982985242145185,0.3737032393402525,87.85252687691766,144.86892052524496,1.159055136339391,1.6910485997988174,16,2,True
2025-07-04 22:45:00,108254.95,92.25282345948031,32.994334208273436,0.0009237452891819936,0.43427186325632844,0.12084237916405484,36.52292890637705,47.191332839829315,0.4613312112044764,0.20441877485579799,22,4,True
2025-07-08 06:00:00,108237.58,83.19610237823174,9.454202505266815,26.554547875146344,0.6119354129610661,0.10045758334846161,20.213065746435216,27.579238778175736,0.2870010556869744,0.20097409892435605,6,1,True
2025-07-08 06:30:00,108315.99,80.11791353007757,9.227631118915282,19.29631996162291,0.6880425811573873,0.0937237956675253,20.520995720676424,45.89172554038198,0.33311373073413797,0.26432160619259254,6,1,True
2025-07-08 07:30:00,108417.16,84.30377123912116,17.34135076034175,9.946764884820494,2.5653682797128434,0.10089072351909523,21.323368809427123,37.69743891282633,0.3189081167617595,0.32412611274720593,7,1,True
2025-07-09 12:15:00,109493.99,89.98010111300435,90.50633737979638,25.152065423864286,2.3284818476344826,0.11164670186138016,43.972079710769144,67.17518958818671,0.5689017430653994,0.6756308792083546,12,2,True
2025-07-09 19:30:00,111390.91,85.90428076621299,74.64792234842226,54.66155182680437,8.018435274219803,0.2638731601041002,168.04290278411716,194.29682302766662,1.8294658160274975,2.0502066240990944,19,2,True
2025-07-10 17:00:00,113433.07,83.85018795881602,39.44440541016897,31.31009325587229,4.481072465007943,0.38503636675669206,181.7340523694814,213.67642961938327,1.8288772129227389,1.9757674304431565,17,3,True
2025-07-10 19:00:00,113649.97,82.532749942082,48.52794945744412,283.1527364239514,0.708428609103399,0.37794051834266923,-6.405926268800388,89.87313834467065,1.1069771261083752,1.8278915042264647,19,3,True
2025-07-10 21:30:00,116300.0,83.1586256176563,56.24419604471155,36.11349957007739,1.7908217344125836,0.4774960078614428,251.43427526061885,233.1747205916551,2.3284036368253616,3.7028209499943143,21,3,True
2025-07-10 22:45:00,116008.38,82.5392566065996,67.76751817411841,7.896843314250279,0.8475891459142078,0.49430357654211693,-25.07480653482333,225.72900214495715,1.4637413937630506,2.9793054332777134,22,3,True
2025-07-11 03:45:00,116881.7,86.095248047232,32.656951430377646,130.26162350479194,0.9546673493847521,0.22840921327168515,33.62434255091938,80.74831045562203,0.6960621748476324,1.9177522064632486,3,4,True
2025-07-11 05:30:00,117968.76,83.00417126367067,42.40359905452901,36.913162433851674,2.5769984118559033,0.2626270354480779,121.42317783082125,127.13782117537501,1.2399175348994165,2.2543127217341414,5,4,True
2025-07-12 19:00:00,117608.52,80.08244441839597,51.74029908717577,2.674976268725416,0.6789892915811511,0.12069946730292744,11.07607866637696,28.051783631807293,0.20080499124372084,-0.020272821611158183,19,5,True
2025-07-13 04:30:00,117827.59,80.16075860280831,10.77336810504249,12.847585187815914,2.0994067069696305,0.1038999924744765,5.236659298377515,29.24568451874268,0.23795495280692874,0.3193199551785506,4,6,True
2025-07-13 14:15:00,119150.0,81.45113891792676,66.87368862778035,1.451951321863442,7.0827196037104985,0.22612673101132966,82.50390670582598,91.29936891901859,0.8463177022951555,1.0274069269264055,14,6,True
2025-07-14 04:30:00,121220.7,80.29091321170147,7.564714607323427,119.22881158086061,0.9840724132996476,0.3684843312357439,108.00122642817567,172.02983185199747,1.2221163936809034,1.7000126962361413,4,0,True
2025-07-14 06:15:00,122438.83,82.22545521724575,31.071025425513096,63.637491472272174,0.5366132112541216,0.4291262362251776,80.29902648112585,139.84154400024352,1.359231256230571,2.316644960829248,6,0,True
2025-07-14 07:30:00,122846.0,80.27374598027382,99.11026814059869,8.544844764990408,1.6768546432071063,0.3643859559355389,33.254973115963146,113.8210337937758,1.084122814929916,2.367734380763311,7,0,True
2025-07-15 23:00:00,117833.0,83.45880020127854,34.60236096848896,30.721444756562256,0.7746211751289693,0.27277466535569017,23.740594954213503,109.2150059381435,0.6982859067919106,0.6509383091963339,23,1,True
2025-07-20 14:15:00,118637.34,87.30466999312776,24.440871651369786,18.498391821664782,1.0190309753658808,0.17871270546018642,43.15334319047209,64.37817392592252,0.4996245347600372,0.5428878337750799,14,6,True
2025-07-20 15:15:00,118699.38,82.20456007657674,62.29013159125218,13.262074325914615,0.37660224880418625,0.20088202169692435,12.16142353941519,51.99201967592545,0.44587836738579373,0.5470031190825865,15,6,True
2025-07-22 11:30:00,119057.78,80.64073512914311,126.64271079134843,43.319302610883554,0.8529922767906318,0.24536345773815632,45.115271239200304,87.04624072601005,0.5749236266579495,1.1549292653278824,11,1,True
2025-07-22 12:30:00,119371.99,89.67224167297418,152.63128310083508,16.883357645289617,1.4167669891865904,0.19705149065060126,26.557292752030126,79.02918031679602,0.6663767767341527,1.2905965022327468,12,1,True
2025-07-22 13:30:00,119464.0,82.40857503152466,160.2156298131655,0.0,2.2658383958791473,0.21170812964575175,19.299043250203493,45.261021311368374,0.496451071856656,1.2182174720883392,13,1,True
2025-07-24 00:45:00,119060.0,89.70107933281525,22.90273811523543,15.95834033260541,0.5489697783796611,0.23209426219673326,41.18268028396978,37.851451264570855,0.5344228711302866,0.7401967608515179,0,3,True
2025-07-25 19:00:00,116656.0,80.30238132125557,7.095220134412638,61.85622685502644,0.5928465636558168,0.2550686266826022,52.86856108753258,64.03554919373619,0.6358426092551033,0.6360127683235097,19,4,True
2025-07-26 10:30:00,118197.48,87.53264949577107,35.986384819709464,0.1539795941509908,5.559749828901101,0.0932271507456343,61.20098571227892,74.06813948364604,0.6008531074646886,0.6281352334482608,10,5,True
2025-07-27 16:00:00,119157.64,85.27662641917513,25.34961249652122,32.089423724739376,6.086757622821748,0.1783441785904067,62.10661923410246,86.05652095598283,0.7394188141929183,0.8094257048734451,16,6,True
2025-07-31 00:00:00,117896.23,82.99341601592332,1.0254780835652257,54.80752013868497,0.5173668883081363,0.1398366536887077,34.875499302089175,72.39541439322045,0.5344283505716234,0.30526377644796543,0,3,True
2025-08-03 03:45:00,113604.2,83.71192226890747,23.162876020428772,4.823765318536015,0.4357666687647881,0.2121073491498183,15.551743047118446,35.61717338034372,0.47539688846186523,0.655630232105082,3,6,True
2025-08-04 14:15:00,115419.0,80.99246411292665,74.39589668945307,3.9993415295578276,2.7043750155604713,0.20047887634246905,88.42261749198306,80.87038265802796,0.7786448917246486,0.7845531578663937,14,0,True
2025-08-07 08:15:00,115146.03,82.60531379211461,26.162430437245643,111.50883795125164,1.1453207718905458,0.11595834313300143,30.978192171595303,50.38896739101524,0.4482865428602861,0.28020815074454974,8,3,True
2025-08-07 10:15:00,115867.99,81.71591654775129,2.4407086029540026,82.93403553474843,5.349412227100791,0.16181530624389256,83.3538058467764,94.0864980735354,0.83503158357312,0.8995173415247674,10,3,True
2025-08-09 10:00:00,117762.76,82.08688235880463,63.921735529975244,15.394510115082914,1.7486909395069903,0.16265692627642717,56.026707279219465,84.15395751379025,0.6798160606798263,0.8593861056419764,10,5,True
2025-08-10 02:45:00,117317.99,85.55966144190329,5.7604123630145505,121.36075635117844,2.1805380591567056,0.1104817769209991,60.80838934177515,62.23822251101649,0.5723161761469058,0.5447198651929089,2,6,True
2025-08-11 00:15:00,119415.3,80.79226344874236,37.07313886914042,207.62331125073558,1.4104075409828698,0.19383134800505852,38.9290726201608,58.82902939682629,0.5488167383674194,0.616378862501553,0,0,True
2025-08-11 02:00:00,121286.34,84.7692408431504,29.11457300137801,72.3684134585981,6.945261497848681,0.2822087914316789,181.3192463296316,170.21985242548038,1.759719778046379,2.0607803288263677,2,0,True
2025-08-13 09:00:00,120169.75,80.24741915175822,33.10899789672487,46.8662038491386,1.1808836051001976,0.1842245181147047,49.28483263143507,83.04665212283939,0.5615163573475225,0.4269279015090334,9,2,True
2025-08-13 11:00:00,120634.74,83.51087825783853,43.82817089007703,11.083871859796925,1.3975826017783828,0.19639746513199252,43.1849140522639,57.689165168730625,0.6320181515910142,0.7698975430185189,11,2,True
2025-08-15 04:15:00,119172.77,85.0606519554419,45.58004315918832,3.69631418318152,1.1744312325705821,0.17608588654222776,26.147133002496524,41.382137961693545,0.4445996746764826,0.7878532845912408,4,4,True
2025-08-22 14:00:00,115200.0,81.93778853567831,51.30208333333333,181.95486111111072,8.08396522639387,0.432593005952381,254.4473769711104,262.3354028746125,2.3039897516978285,2.0247202496340755,14,4,True
2025-08-28 03:45:00,112000.01,81.08505986014582,4.905356704877774,103.57052646691776,1.0346313254912638,0.20238199723630165,44.35298902430309,50.07088439987757,0.42929439581138457,0.19317116434276885,3,3,True
2025-08-29 12:30:00,110550.0,82.04317787036213,221.34780642243328,23.549525101763592,4.8202041114181435,0.24226400465206466,45.26776567620535,64.63122890740561,0.5156585120387602,-0.27938568009922127,12,4,True
2025-08-31 00:30:00,109206.02,80.19621116877792,5.898942201171534,25.09019191432853,3.1938203412495985,0.09221626636124511,46.551053675156915,63.46916025440006,0.4643071833392394,0.47889003460201574,0,6,True
2025-08-31 01:45:00,109429.01,80.34207541428012,54.92967541239719,0.9622676838617874,0.879102035601351,0.13730558547239238,20.419203996262357,67.06531121754267,0.5298549131519484,0.6030811662558063,1,6,True
2025-08-31 17:30:00,108979.22,86.51812481468835,9.104487993215695,23.700848657202137,0.5451076707152217,0.14647156717452198,25.82464101853893,47.43292612880425,0.3519156367507204,0.32349948074439305,17,6,True
2025-09-01 07:45:00,109432.99,85.7801822530791,53.44640587815472,43.80854438867008,2.8823704755857387,0.28979639242504124,123.17503604253302,159.42424013426447,1.4308754517521312,1.070237799017075,7,0,True
2025-09-02 01:00:00,109208.0,84.88157769489715,19.687202402754377,129.65808365687508,0.581090723416028,0.28092329708969654,-2.693216298956736,106.61138668838379,0.559385059949763,0.3209165144321062,1,1,True
2025-09-02 04:00:00,110360.0,82.85655613292607,28.542044218920374,22.69844146429866,0.554880324978192,0.29854955211515505,10.339603220107943,79.92514769611215,0.7525519970491528,1.205397551996231,4,1,True
2025-09-04 22:45:00,111490.73,83.01962017746322,94.62490738019169,24.628056520932436,3.2362601328460023,0.22047316656474053,90.77565779452257,102.63041813325567,1.0594356843253556,1.1306352763583887,22,3,True
2025-09-05 07:00:00,112345.97,83.49490357966943,19.13286253169536,58.126695599316896,4.232928997632967,0.16653022800906936,69.14393521817271,85.81373800847136,0.7850119820498439,1.2632188371103916,7,4,True
2025-09-05 12:45:00,113214.78,81.82310549824493,258.61199394637305,8.411445926052759,1.5751525811937237,0.2819937215163692,78.15694217361963,84.15248953415862,0.6617714118902269,1.2059544934700728,12,4,True
2025-09-07 02:00:00,110529.57,82.72919048616087,7.7029160612869445,18.415886355116402,1.7326906057378764,0.07509496586039718,15.66012047292141,26.994883518398193,0.2225905880456827,0.1918593189363006,2,6,True
2025-09-07 03:15:00,110709.99,83.4139846890445,19.87444854795839,2.0892423529249804,1.0329272942744712,0.08705305507789304,16.323233683076687,32.00891653659656,0.29184967126378036,0.38135051686671434,3,6,True
2025-09-10 07:45:00,112553.65,80.16349389723227,40.553993584392614,27.200361783026025,3.3884546533057365,0.20972982344737012,61.471766351863415,84.38172111652914,0.7477306895599134,0.9558360803567528,7,2,True
2025-09-10 12:30:00,113260.28,80.04588952935208,29.66088376260436,92.95844933457748,6.956797271613935,0.20059863124881055,83.73593390869105,83.05277689667295,0.7304558651968447,1.2380302503921126,12,2,True
2025-09-11 22:30:00,115139.99,85.44002542810547,4.862776173595745,103.51051793560103,2.2430829251291966,0.13933597577299525,60.9766540582598,71.89676383648181,0.6022505233912474,0.7299051935893863,22,3,True
2025-09-12 18:00:00,116023.52,80.9484873262473,4.2681001231477955,55.34308905642585,1.9315745635222057,0.21076083785179214,45.71257977362995,77.82586840871208,0.6083546789727382,0.7232702801119896,18,4,True
2025-09-12 18:30:00,116469.91,93.18928180476914,48.13775506480631,16.80434027982001,1.325133259496001,0.19400719035500166,53.36652520702203,105.8902366022668,0.8738857760726174,1.0815587605945431,18,4,True
2025-09-13 20:30:00,115862.0,83.2075984284873,4.496728867101019,9.538934249365976,0.6449341408453918,0.09831523709240245,18.676822486137244,25.37450651668379,0.21158802115090672,0.057516447808129915,20,5,True
2025-09-14 10:00:00,116052.19,80.31071830544064,30.22433269031884,4.855574030958939,0.8416681371221745,0.06482059001705662,10.246400088327277,20.91183655022632,0.15495072264448234,0.1647858727455442,10,6,True
2025-09-15 04:30:00,116067.49,92.32649977679367,6.5660074151690875,59.491249444611924,1.0323952391272082,0.16281167842211963,54.35637560637606,59.94581535513622,0.6219279636400429,0.4598846056477356,4,0,True
2025-09-17 07:45:00,117162.48,80.56933659719992,65.89993656672267,2.336925609632423,0.7835237924549858,0.16783834844445938,0.749442825962717,51.65131940573683,0.3291906957777582,0.349599435250298,7,2,True
2025-09-20 07:30:00,115925.66,81.79720199529672,22.56187284161271,5.136050120395571,1.5752376199303542,0.059271975308509736,21.4388845694147,30.072308687572793,0.273536085744718,0.3267801825837244,7,5,True
2025-09-23 07:45:00,113090.13,86.22956813780621,23.12403390110254,16.92190114203559,1.0428488922659793,0.1884464061667337,14.693040580049065,27.69872603416939,0.437830817113538,0.5016458034264162,7,1,True
2025-09-28 16:00:00,110195.21,84.48766500365697,16.93993777043601,16.501624707643508,2.8444924626932684,0.14177372786245088,31.42466714386386,54.71205547595573,0.5387569714501376,0.6382600632456383,16,6,True
2025-09-28 22:30:00,111899.99,86.83403610843297,3.6067921006963966,40.21537446071217,2.294736180455799,0.19436041568393803,105.24172209950633,133.5739189495137,1.125571998910423,1.6514449655176038,22,6,True
2025-09-29 00:15:00,112198.87,84.33240964507749,50.459509975456456,9.904734334668847,1.1193826520559291,0.23116479311626226,7.835089910421527,123.14633805026689,0.7816169173833654,1.5646929951470792,0,0,True
2025-09-29 00:45:00,112260.57,84.78596862362494,59.90527217169839,4.403148852708748,0.8988088745305539,0.24872936241103938,1.224088021016294,47.815940269770806,0.6723576331743977,1.5201941568466983,0,0,True
2025-09-29 14:30:00,114079.26,84.4645637322132,55.182686142949166,13.350367104415204,2.3041126972026627,0.31439795204041127,169.336417077429,172.47939475494977,1.4140357944885777,1.7728575666415713,14,0,True
2025-09-29 20:15:00,114290.07,83.43001007049409,23.63022439307343,9.618508414597438,0.5120136320687179,0.18791533807667632,24.59528429433115,21.584668571956495,0.2674029723314147,1.0331497349346843,20,0,True
2025-09-30 19:30:00,114212.51,81.7297123252689,8.967494016198248,47.48691715119479,1.6059832051026837,0.20989444526323303,65.82167679630923,95.36600974423062,0.759636059887596,0.8367546842799275,19,1,True
2025-10-01 09:00:00,116240.31,82.01982808506084,9.503587868958812,30.943654572153353,1.230918131506104,0.2768863670688518,148.53366127979737,150.85027989864486,1.2915681821777183,1.570878930736221,9,2,True
2025-10-01 16:00:00,117773.0,82.0740135895719,89.02210183998051,36.17127864620923,1.348312968963087,0.2684941127665694,40.94541571797152,108.05915445668428,0.7167429580622876,1.653727030114166,16,2,True
2025-10-02 00:00:00,119153.8,83.48918463573807,65.94418306424134,2.836669917367546,5.876644652379992,0.2534982997964459,119.61487409400942,152.32258391587686,1.1773096905309561,1.5147075543065638,0,3,True
2025-10-03 15:45:00,122258.05,81.10882706744012,64.76465148920688,133.89220587110643,3.464490181371615,0.3264021118796337,133.66774583467364,143.39619197592012,1.3665176533256924,1.6525230630979055,15,4,True
2025-10-04 05:00:00,122657.03,86.8589682464005,30.729588022798062,11.656078742490434,1.1768527481492257,0.1366114697450047,33.78816414614686,74.28259038696692,0.45901734082481593,0.29458851279538345,5,5,True
2025-10-05 02:45:00,124031.44,83.29882702997828,55.34564462042901,135.2060413069457,3.0512741873464746,0.2279445091848146,134.03438717461094,132.95561150325122,1.267619012942523,1.5609847758878892,2,6,True
2025-10-05 04:45:00,125172.81,85.28242344698488,32.153148914688515,21.178720842010804,8.059311190261493,0.4006261423706959,93.75767074493616,188.75264124682673,1.5989635271520812,2.1989795573203317,4,6,True
2025-10-06 00:15:00,123660.66,88.92166289131843,46.63245368413879,47.24784745609392,5.109855014902419,0.2027033380820423,14.954321896213584,75.83069142269125,0.5107272622281751,0.4982616429134009,0,0,True
2025-10-07 11:30:00,124366.88,81.8323647568162,130.00888982661658,61.03875887213665,0.6626883301100661,0.17831343613577555,7.051056391151753,19.558649806230562,0.2802207836080338,0.04150109042342071,11,1,True
2025-10-07 12:45:00,124917.99,81.71304463732693,257.93242430493865,10.26033159835491,2.440871122932901,0.15688693037728282,44.31324481244529,51.39554672240179,0.5660720365833559,0.4993519208046546,12,1,True
2025-10-09 11:45:00,122737.57,83.76055037519716,97.88282430554995,83.54165721221264,0.7268549429813604,0.2422008424734413,41.49048645251546,85.26796990563558,0.6755917911742879,0.4948770629133346,11,3,True
2025-10-09 23:45:00,121662.4,80.04581762461392,35.76865161298793,17.403076053078887,2.356914661426314,0.1682800696259253,-0.9336441974013611,27.085619039581353,0.30632275556033933,0.1299954036745135,23,3,True
2025-10-10 13:30:00,122259.02,82.38666779364962,307.4636129097063,4.007066308889985,4.128502622242524,0.1921283891481241,58.7949753341174,59.65573419783798,0.5580386669320514,0.6806844564630997,13,4,True
2025-10-11 11:15:00,112350.0,82.25048981480607,40.91410769915428,13.35113484646195,0.8127678905613301,0.35861656812257664,40.69273362171779,91.76635822779379,0.7373914287857158,0.2569909266700364,11,5,True
2025-10-12 06:15:00,111933.62,80.97559643300983,56.60676390167632,0.020547892582271292,1.0411666886316155,0.3872416271613219,57.22269518202421,113.63077812714548,0.8702860526796239,0.9551737159665828,6,6,True
2025-10-19 11:00:00,108904.55,80.83917559882042,28.58282780655159,50.09157101333269,1.838128062602199,0.38763433536195424,39.81000937378557,226.41309226675162,1.3036391811873136,1.5863695257355457,11,6,True
2025-10-19 12:00:00,109154.38,83.02529351900144,32.41372448819714,27.089155744368874,0.6801730334355185,0.39604850095276456,74.60445958030574,60.40146165362085,1.1210315009666971,1.6751949559233654,12,6,True
2025-10-19 22:15:00,110145.44,93.82220908796651,17.56586564091949,105.15460285963684,4.425378770369249,0.402137781256698,128.58828025543312,187.92528718143112,1.540481738405191,1.2875274767471396,22,6,True
2025-10-20 02:15:00,111169.92,80.76036674422875,42.9936443239315,45.81545079820169,0.8444134739223558,0.23719931229084606,-13.41995382472272,54.15791777036853,0.5747197538422734,1.6489573945709521,2,0,True
2025-10-20 15:30:00,111022.59,84.15525629451318,54.433966997166664,0.000900717593537786,0.4273714720584573,0.2724098118873183,19.798161100371935,21.75089859212144,0.26783812027710563,0.12985462326642264,15,0,True
2025-10-21 07:00:00,109339.48,80.36130854392087,129.63478516634598,328.008693657589,1.7213067677734901,0.31980736901777457,92.00623281724783,145.83948080966607,1.1211399608456531,0.7155834787404933,7,1,True
2025-10-21 09:15:00,112170.52,80.56507532953682,40.43932398637365,163.09811169637047,4.001691635701758,0.6816853483428635,325.3306331910392,278.9893739366652,3.0404749735095935,3.4390990405315063,9,1,True
2025-10-22 21:45:00,108705.76,82.8401957163949,35.156370738772104,26.314152994285028,1.278334451790556,0.23830909630337457,51.76895286830111,79.78650900873676,0.7057860153236701,0.7485425822635969,21,2,True
2025-10-23 19:30:00,110500.29,90.55345823465491,32.48045774359406,29.80806656706554,0.9568428072537261,0.20453210704566857,38.34638254375214,44.96861569150819,0.47703552459473325,0.48693476395313534,19,3,True
2025-10-26 01:30:00,111679.83,84.89158107277632,2.956666391774063,98.49406110306543,0.9821946859596832,0.07197040734341002,5.779672539575638,22.964542183256352,0.1519643365199417,0.16601825275176782,1,6,True
2025-10-26 03:45:00,112667.24,85.03643800210546,42.41783148322472,70.91591131548005,8.15119988516723,0.12812508764748487,76.78831375167046,92.37973968063228,0.8717955756441026,0.9720816028837946,3,6,True
2025-10-26 08:00:00,113846.36,80.06240518974322,36.93486555037906,13.144030252701924,1.1283058780673758,0.28052029318912297,17.734200291750525,119.5667033655279,0.8493183727865151,1.5632708093594943,8,6,True
2025-10-28 08:45:00,115923.99,80.18982853610188,146.6788712155267,3.3314933345544215,2.913705748827355,0.2338847821133232,101.42995842278896,136.96144545716407,1.0383164384916097,1.4121481000169511,8,1,True
2025-10-29 01:15:00,113284.2,82.07809536057599,35.68017428732313,30.005949638166513,1.5398863183482376,0.16350849078184437,7.4213656355165805,50.76923063273545,0.4319784681395783,0.26960246688489947,1,2,True
2025-10-29 01:45:00,113444.2,83.73231335135904,59.55086289118284,15.859779521561988,1.4202019842647926,0.17010502583145434,31.231486148322777,56.16939195846436,0.5060456834982573,0.4657031086000085,1,2,True
2025-10-30 02:15:00,111366.72,85.42206123148421,138.0286678102765,9.00538329583502,0.3067830929629237,0.48465491819664686,42.43520490751088,201.78547954704865,1.03173339000543,0.7068244802678485,2,3,True
2025-11-01 23:15:00,110670.27,81.44096977070053,35.74763122923707,5.02664356018921,2.5865054134866257,0.13517696693584969,58.81031295030294,61.307734078476244,0.535677528554021,0.4551698236114606,23,5,True
2025-11-04 23:15:00,101998.3,82.49526354086649,48.85375540572763,36.44178383365184,0.4105038934988239,0.6013650647678845,-22.022350651151697,71.91665843783973,0.7798843001956034,0.8881040982390428,23,1,True
2025-11-07 14:00:00,103257.05,80.87629741503974,28.961702857093332,81.28355400430262,0.10483914530583517,0.5125592600491401,54.787792246919715,159.91949760586732,1.3973008123672062,2.046166716176195,14,4,True
2025-11-07 14:45:00,103200.0,80.21754010058628,0.8401162790695982,86.85658914728687,0.5420106581455283,0.44858665559247013,59.16190805926078,78.40845523780402,0.9964053842847542,1.9040149020639676,14,4,True
2025-11-09 07:45:00,102510.33,81.36589312640086,1.6730021257378385,161.70760546766343,1.2760873768191152,0.2046281579622273,27.559804943020858,62.229353306301995,0.46454140858007925,0.5794839219811971,7,6,True
2025-11-13 03:00:00,103794.32,81.5539744863984,119.5335158995215,1.476959432846344,0.40214309192486025,0.3708667019819286,-12.288059835634169,58.741224043297784,0.7823727771021435,1.4428150863799354,3,3,True
2025-11-13 18:00:00,100420.4,83.57029764667716,171.3197716798573,0.0,0.6458005758093912,0.46152688383748963,91.7093752028722,182.560351101231,1.353841003334432,-0.21476673712702535,18,3,True
2025-11-14 21:45:00,96656.01,80.62242524867597,76.02217389275519,3.435896019296307,1.568299989144808,0.45840176637009145,123.16820276497641,158.34685155494904,1.3222071799810442,1.070583266526498,21,4,True
2025-11-18 05:00:00,91521.05,89.45265449828577,67.23589818954282,39.013975473401764,0.4976458095631754,0.41749801977640194,33.002631001973576,116.1755149579411,1.0236184593642264,0.4992360871890128,5,1,True
2025-11-19 17:30:00,91327.03,81.9809860711919,15.523334110394709,152.13568206477353,0.96088399880301,0.5661756750125648,80.17047995666323,238.86147063891627,1.8167960277025232,1.0118428640481705,17,2,True
2025-11-19 20:00:00,92568.22,82.0274918048841,26.594440294953017,24.837897930844758,0.6999280351411947,0.45148478448805446,77.62654212859941,135.90609483304146,1.588468919682211,2.303812096132269,20,2,True
2025-11-22 22:30:00,86461.94,82.92721404875225,53.426976077566884,46.038754161657444,1.3600475459264079,0.39330104585406384,53.67420640430094,66.50543853864552,1.0075557996250724,1.714508387460047,22,5,True
2025-11-24 12:30:00,88486.69,80.2286482851381,41.987105631366575,54.69184122493417,1.5836258837016128,0.637608403510822,150.52452265284026,226.91328677018572,1.883353554368104,2.137188124768902,12,0,True
2025-11-24 13:15:00,88715.31,83.7618716106344,67.64897738620247,57.79047607453576,0.6806309737816624,0.5324149478016481,88.51112336483695,170.2774665315757,1.779271904276344,2.3086076036866032,13,0,True
2025-11-24 15:00:00,88939.66,82.66780977356387,49.43014173879287,32.41973265919799,0.7500561230393269,0.44206375423517164,34.29317983611642,51.19074970484275,1.0129827108645757,2.2941333278261156,15,0,True
2025-11-26 02:00:00,87789.33,82.55161837591874,118.7763934409792,20.579949750157365,0.6948619955405848,0.23945311544613193,20.064250343041515,42.74749429879061,0.2929647375573006,0.4032019329823612,2,2,True
2025-11-26 12:15:00,89830.79,80.80562584881145,35.838491457103714,65.41187047336507,2.3391418923994682,0.5937257942722888,251.9330766815698,294.465183572318,2.6118548193581703,2.815628906706311,12,2,True
2025-11-26 13:30:00,89822.0,80.45163751249018,34.86339649529004,74.51181225089609,1.2283538605082376,0.568627794018012,-0.978506367359521,250.92991850224212,1.7106007064516864,2.5238003440403793,13,2,True
2025-11-27 13:00:00,91760.31,84.9145458469864,59.19116881797799,9.075819382039887,0.9394291379309411,0.27040558167250955,42.6339892543307,57.86541380753023,0.6574750518586856,0.5267090960689467,13,3,True
2025-11-28 00:15:00,91612.09,90.51955243427575,81.28403139803966,0.0,1.453357349993109,0.19040609159773308,17.12856009440162,43.82190224616349,0.468921770547293,0.29179703937924,0,4,True
2025-11-30 03:15:00,91184.45,86.70218215346787,5.022786231643982,49.08183358017764,1.6200501114940034,0.16144748364441824,29.559247791167298,30.305046972822808,0.2949432658655727,0.32963818611334555,3,6,True
2025-12-01 17:15:00,86572.65,84.10226664286954,44.84788209671239,89.79163742821848,0.6994289629026175,0.4643259571172722,15.206868946751907,153.18204613017983,1.081531102583488,1.1377568757889378,17,0,True
2025-12-02 09:00:00,88830.73,84.75739823938586,6.053085458150521,277.605508814349,1.961292736732682,0.39276546367617354,173.50009963832355,158.07495140848178,1.5758663488014988,2.004379108580718,9,1,True
2025-12-02 11:00:00,90583.42,80.30907322328089,4.196132139854596,182.5643147498732,0.7967133620739366,0.7137296364894522,45.345403557456606,253.59773591723004,2.0269493482128484,3.3228875761925276,11,1,True
2025-12-02 21:45:00,92836.38,83.07372352616605,22.76909116878584,88.71737566673704,0.6677449979162114,0.44202960705090505,-5.11714030987701,128.32843771097063,0.8959982477059517,1.3437553184621946,21,1,True
2025-12-03 00:45:00,93935.83,80.297798760888,133.46664419742666,0.0,0.9223362289707451,0.3658508153917423,65.77440841662187,141.09201975927365,1.0193866733673187,1.9188307397836015,0,2,True
2025-12-07 14:00:00,91376.16,84.53536128537242,260.5526430526301,14.690921570789437,0.3174956649395437,0.4504074148005358,-21.701363769041485,166.05137108948523,1.2784755851590885,2.002908712066402,14,6,True
2025-12-09 11:00:00,94228.67,83.74296723772997,73.1985286431407,38.23889268521003,2.9154831746632963,0.658688668139509,337.92082530751617,421.76158238705125,3.3765537646494495,4.028617916066979,11,1,True
2025-12-16 05:30:00,86977.1,82.00458414029615,24.79503225561711,93.10266725379424,0.8587956897735862,0.313777173203389,72.62304574406552,80.79508576727004,0.6621453335669538,0.9291046200999125,5,1,True
2025-12-17 09:15:00,89675.85,83.5980585780294,391.3194020463706,76.94379255953525,7.109929448727504,0.5223384317755898,262.9663496917419,296.882694959451,2.856460567538058,3.1069519200220426,9,2,True
2025-12-21 18:30:00,89480.0,82.3586755255421,176.57577112203845,16.455073759499914,5.817819180819761,0.24278849224088087,112.60500953679175,141.06943855897939,1.188419424166526,1.3261844607449862,18,6,True
2025-12-22 06:45:00,90300.01,86.12206123257982,95.18382113135921,31.9180474066394,2.1679448782854216,0.24955463143675935,56.800311838734245,52.366925824003324,0.6933820229827881,1.2688853104677935,6,0,True
2025-12-24 07:15:00,87428.51,80.27740050211983,115.35253202873923,2.285295723329893,0.9841310426404243,0.16409570353129252,20.89144472013803,44.302297407633795,0.39365882267027014,0.2926663986245903,7,2,True
2025-12-24 17:00:00,87984.13,80.46094831503382,54.05633947849465,4.632653638786308,2.862072531360359,0.14145976422923187,30.0614121476618,42.34410500525438,0.44758555540873773,0.7112686208117512,17,2,True
2025-12-25 10:00:00,88505.34,84.3275934141508,57.86430513684148,9.87511036057358,4.697211934925776,0.19738921967872247,106.208125997285,110.88862151549574,0.9798856268135444,0.9606594855214615,10,3,True
2025-12-25 21:30:00,89044.05,84.69131496337613,59.22012756607623,12.254608814400887,1.9864029358367836,0.39821783231365454,184.34728783174634,238.30455685013143,1.4647526837639406,1.2340160873635577,21,3,True
2025-12-25 22:15:00,88844.87,80.14663931753964,36.93404019838168,35.64302587194942,1.5703883791815452,0.3698798655614968,-43.06775946338709,172.0230202108061,1.0521363191617077,0.9419272045680401,22,3,True
2025-12-26 14:45:00,87612.72,84.29231605654269,33.25087955265023,20.542679190875017,0.2904762149300357,0.2086748525621795,33.90877156977201,32.154340836012594,0.3894855906143885,-0.4998192846169284,14,4,True
2025-12-27 16:30:00,87864.31,84.52063645909,41.463934560004226,13.62214077593079,4.757638845139666,0.06614257175150287,35.22206151223121,35.87197066827309,0.32446968370306206,0.37952658612252665,16,5,True
2025-12-28 21:30:00,89495.5,80.75452150816133,14.673363465202941,101.745897838439,1.6303742514341821,0.36254097372813104,118.70916768358131,148.79447805243973,1.3698071554824918,1.7697331933975866,21,6,True
2025-12-28 22:00:00,89993.26,84.47667504283658,16.71014029272749,45.87232421628098,2.5245327289003985,0.38865609014973973,95.11091936442203,218.98193148681332,1.6918979771265903,2.25218185060043,22,6,True
2025-12-30 09:15:00,88875.83,80.59032954603943,75.57622809260991,58.977789574510666,5.298151515014691,0.2811538943072124,91.69246009149082,100.12640523976569,0.9221352487515159,1.3286626016096141,9,1,True
